PERIOD,DATE,GAME_PK,STARTER_ID,TTO,TBF,H,HR,BB,HBP,SO,R_ON_PLAY
2025,2025-03-27,778558,594902,1,1,0,0,0,0,0,0
2025,2025-03-27,778558,594902,1,1,0,0,0,0,1,0
2025,2025-03-27,778558,594902,1,1,0,0,0,0,0,0
2025,2025-03-27,778558,594902,1,1,0,0,0,0,0,0
2025,2025-03-27,778558,594902,1,1,1,0,0,0,0,0
2025,2025-03-27,778558,594902,1,1,0,0,0,0,0,0
2025,2025-03-27,778558,594902,1,1,0,0,0,0,1,0
2025,2025-03-27,778558,594902,1,1,0,0,0,0,0,0
2025,2025-03-27,778558,594902,1,1,1,0,0,0,0,0
2025,2025-03-27,778558,594902,2,1,0,0,0,0,0,0
2025,2025-03-27,778558,594902,2,1,1,0,0,0,0,0
2025,2025-03-27,778558,594902,2,1,1,1,0,0,0,3
2025,2025-03-27,778558,594902,2,1,0,0,0,0,1,0
2025,2025-03-27,778558,594902,2,1,0,0,0,0,0,0
2025,2025-03-27,778558,594902,2,1,0,0,0,0,0,0
2025,2025-03-27,778558,594902,2,1,0,0,0,0,0,0
2025,2025-03-27,778558,594902,2,1,0,0,0,0,0,0
2025,2025-03-27,778558,594902,2,1,0,0,0,0,0,0
2025,2025-03-27,778558,594902,3,1,0,0,0,0,0,0
2025,2025-03-29,778529,668909,1,1,1,0,0,0,0,0
2025,2025-03-29,778529,668909,1,1,0,0,0,0,0,0
2025,2025-03-29,778529,668909,1,1,0,0,0,0,1,0
2025,2025-03-29,778529,668909,1,1,0,0,0,0,0,0
2025,2025-03-29,778529,668909,1,1,0,0,0,0,0,0
2025,2025-03-29,778529,668909,1,1,0,0,0,0,0,0
2025,2025-03-29,778529,668909,1,1,0,0,0,0,0,0
2025,2025-03-29,778529,668909,1,1,0,0,0,0,0,0
2025,2025-03-29,778529,668909,1,1,0,0,0,0,0,0
2025,2025-03-29,778529,668909,2,1,1,0,0,0,0,0
2025,2025-03-29,778529,668909,2,1,0,0,0,0,0,0
2025,2025-03-29,778529,668909,2,1,0,0,0,0,0,0
2025,2025-03-29,778529,668909,2,1,1,0,0,0,0,1
2025,2025-03-29,778529,668909,2,1,0,0,0,0,0,0
2025,2025-03-29,778529,668909,2,1,0,0,0,0,1,0
2025,2025-03-29,778529,668909,2,1,0,0,0,0,0,0
2025,2025-03-29,778529,668909,2,1,0,0,0,0,0,0
2025,2025-03-29,778529,668909,2,1,1,0,0,0,0,0
2025,2025-03-29,778529,668909,3,1,0,0,1,0,0,0
2025,2025-03-30,778510,676440,1,1,0,0,1,0,0,0
2025,2025-03-30,778510,676440,1,1,0,0,0,0,1,0
2025,2025-03-30,778510,676440,1,1,1,0,0,0,0,0
2025,2025-03-30,778510,676440,1,1,0,0,0,0,0,0
2025,2025-03-30,778510,676440,1,1,0,0,0,0,0,0
2025,2025-03-30,778510,676440,1,1,1,0,0,0,0,0
2025,2025-03-30,778510,676440,1,1,0,0,0,0,0,0
2025,2025-03-30,778510,676440,1,1,0,0,0,0,0,0
2025,2025-03-30,778510,676440,1,1,0,0,0,0,0,0
2025,2025-03-30,778510,676440,2,1,0,0,0,0,0,0
2025,2025-03-30,778510,676440,2,1,0,0,0,0,0,0
2025,2025-03-30,778510,676440,2,1,0,0,0,0,0,0
2025,2025-03-30,778510,676440,2,1,0,0,0,0,0,0
2025,2025-03-30,778510,676440,2,1,0,0,0,0,0,0
2025,2025-03-30,778510,676440,2,1,0,0,0,0,0,0
2025,2025-03-30,778510,676440,2,1,0,0,0,0,1,0
2025,2025-03-30,778510,676440,2,1,0,0,0,0,0,0
2025,2025-03-30,778510,676440,2,1,0,0,0,0,0,0
2025,2025-03-30,778510,676440,3,1,0,0,0,0,0,0
2025,2025-03-30,778510,676440,3,1,0,0,1,0,0,0
2025,2025-03-31,778499,682847,1,1,0,0,0,0,0,0
2025,2025-03-31,778499,682847,1,1,0,0,0,0,0,0
2025,2025-03-31,778499,682847,1,1,0,0,0,0,0,0
2025,2025-03-31,778499,682847,1,1,1,0,0,0,0,0
2025,2025-03-31,778499,682847,1,1,0,0,1,0,0,0
2025,2025-03-31,778499,682847,1,1,0,0,1,0,0,0
2025,2025-03-31,778499,682847,1,1,1,0,0,0,0,2
2025,2025-03-31,778499,682847,1,1,0,0,0,0,0,1
2025,2025-03-31,778499,682847,1,1,0,0,0,0,1,0
2025,2025-03-31,778499,682847,2,1,1,0,0,0,0,1
2025,2025-03-31,778499,682847,2,1,0,0,0,0,0,0
2025,2025-03-31,778499,682847,2,1,1,0,0,0,0,0
2025,2025-03-31,778499,682847,2,1,0,0,0,0,1,0
2025,2025-03-31,778499,682847,2,1,0,0,0,0,0,0
2025,2025-03-31,778499,682847,2,1,0,0,0,0,0,0
2025,2025-03-31,778499,682847,2,1,1,0,0,0,0,0
2025,2025-03-31,778499,682847,2,1,0,0,1,0,0,0
2025,2025-03-31,778499,682847,2,1,0,0,0,0,0,0
2025,2025-03-31,778499,682847,3,1,0,0,0,0,0,0
2025,2025-03-31,778499,682847,3,1,0,0,0,0,0,0
2025,2025-03-31,778499,682847,3,1,1,0,0,0,0,0
2025,2025-03-31,778499,682847,3,1,0,0,0,0,0,0
2025,2025-03-31,778499,682847,3,1,0,0,1,0,0,0
2025,2025-03-31,778499,682847,3,1,1,0,0,0,0,0
2025,2025-03-31,778499,682847,3,1,1,0,0,0,0,2
2025,2025-03-31,778499,682847,3,1,1,0,0,0,0,1
2025,2025-04-01,778485,671106,1,1,0,0,1,0,0,0
2025,2025-04-01,778485,671106,1,1,0,0,0,0,0,0
2025,2025-04-01,778485,671106,1,1,0,0,0,0,0,0
2025,2025-04-01,778485,671106,1,1,1,0,0,0,0,0
2025,2025-04-01,778485,671106,1,1,0,0,0,0,0,0
2025,2025-04-01,778485,671106,1,1,0,0,0,0,0,0
2025,2025-04-01,778485,671106,1,1,0,0,1,0,0,0
2025,2025-04-01,778485,671106,1,1,1,0,0,0,0,0
2025,2025-04-01,778485,671106,1,1,0,0,0,0,0,0
2025,2025-04-01,778485,671106,2,1,0,0,0,0,0,0
2025,2025-04-01,778485,671106,2,1,0,0,0,0,0,0
2025,2025-04-01,778485,671106,2,1,1,0,0,0,0,0
2025,2025-04-01,778485,671106,2,1,0,0,0,0,0,0
2025,2025-04-01,778485,671106,2,1,1,1,0,0,0,1
2025,2025-04-01,778485,671106,2,1,0,0,0,0,0,0
2025,2025-04-01,778485,671106,2,1,1,0,0,0,0,0
2025,2025-04-01,778485,671106,2,1,0,0,1,0,0,0
2025,2025-04-01,778485,671106,2,1,0,0,0,0,0,0
2025,2025-04-01,778485,671106,3,1,0,0,0,0,0,1
2025,2025-04-01,778485,671106,3,1,1,0,0,0,0,1
2025,2025-04-01,778485,671106,3,1,1,0,0,0,0,0
2025,2025-04-01,778485,671106,3,1,0,0,0,0,1,0
2025,2025-04-01,778485,671106,3,1,0,0,1,0,0,0
2025,2025-04-01,778485,671106,3,1,0,0,1,0,0,0
2025,2025-04-02,778476,594902,1,1,1,0,0,0,0,0
2025,2025-04-02,778476,594902,1,1,0,0,0,0,0,0
2025,2025-04-02,778476,594902,1,1,0,0,0,0,0,0
2025,2025-04-02,778476,594902,1,1,0,0,0,0,1,0
2025,2025-04-02,778476,594902,1,1,0,0,1,0,0,0
2025,2025-04-02,778476,594902,1,1,0,0,0,0,0,0
2025,2025-04-02,778476,594902,1,1,0,0,0,0,1,0
2025,2025-04-02,778476,594902,1,1,0,0,0,0,1,0
2025,2025-04-02,778476,594902,1,1,0,0,0,0,1,0
2025,2025-04-02,778476,594902,2,1,1,0,0,0,0,0
2025,2025-04-02,778476,594902,2,1,1,0,0,0,0,0
2025,2025-04-02,778476,594902,2,1,1,0,0,0,0,2
2025,2025-04-02,778476,594902,2,1,1,1,0,0,0,2
2025,2025-04-02,778476,594902,2,1,0,0,1,0,0,0
2025,2025-04-02,778476,594902,2,1,0,0,0,0,0,0
2025,2025-04-02,778476,594902,2,1,1,0,0,0,0,0
2025,2025-04-02,778476,594902,2,1,0,0,0,0,0,0
2025,2025-04-02,778476,594902,2,1,0,0,0,0,0,0
2025,2025-04-02,778476,594902,3,1,0,0,0,0,0,0
2025,2025-04-02,778476,594902,3,1,0,0,0,0,0,0
2025,2025-04-02,778476,594902,3,1,1,0,0,0,0,0
2025,2025-04-04,778447,668909,1,1,0,0,0,0,0,0
2025,2025-04-04,778447,668909,1,1,1,1,0,0,0,1
2025,2025-04-04,778447,668909,1,1,1,0,0,0,0,0
2025,2025-04-04,778447,668909,1,1,0,0,0,0,0,0
2025,2025-04-04,778447,668909,1,1,0,0,1,0,0,0
2025,2025-04-04,778447,668909,1,1,0,0,0,0,0,0
2025,2025-04-04,778447,668909,1,1,1,0,0,0,0,0
2025,2025-04-04,778447,668909,1,1,0,0,0,0,1,0
2025,2025-04-04,778447,668909,1,1,0,0,0,0,1,0
2025,2025-04-04,778447,668909,2,1,0,0,0,0,0,0
2025,2025-04-04,778447,668909,2,1,0,0,1,0,0,0
2025,2025-04-04,778447,668909,2,1,0,0,0,0,1,0
2025,2025-04-04,778447,668909,2,1,0,0,1,0,0,0
2025,2025-04-04,778447,668909,2,1,0,0,0,0,1,0
2025,2025-04-04,778447,668909,2,1,1,0,0,0,0,1
2025,2025-04-04,778447,668909,2,1,0,0,0,0,0,0
2025,2025-04-04,778447,668909,2,1,1,0,0,0,0,2
2025,2025-04-04,778447,668909,2,1,0,0,0,0,1,0
2025,2025-04-05,778437,676440,1,1,0,0,0,0,0,0
2025,2025-04-05,778437,676440,1,1,1,1,0,0,0,1
2025,2025-04-05,778437,676440,1,1,0,0,1,0,0,0
2025,2025-04-05,778437,676440,1,1,1,1,0,0,0,2
2025,2025-04-05,778437,676440,1,1,1,0,0,0,0,0
2025,2025-04-05,778437,676440,1,1,0,0,0,0,0,0
2025,2025-04-05,778437,676440,1,1,0,0,0,0,1,0
2025,2025-04-05,778437,676440,1,1,0,0,0,0,0,0
2025,2025-04-05,778437,676440,1,1,0,0,0,0,1,0
2025,2025-04-05,778437,676440,2,1,0,0,0,0,0,0
2025,2025-04-05,778437,676440,2,1,0,0,0,0,0,0
2025,2025-04-05,778437,676440,2,1,0,0,0,0,1,0
2025,2025-04-05,778437,676440,2,1,1,0,0,0,0,0
2025,2025-04-05,778437,676440,2,1,1,0,0,0,0,0
2025,2025-04-05,778437,676440,2,1,0,0,0,0,0,0
2025,2025-04-05,778437,676440,2,1,0,0,0,0,0,0
2025,2025-04-05,778437,676440,2,1,0,0,0,0,0,0
2025,2025-04-05,778437,676440,2,1,1,0,0,0,0,0
2025,2025-04-05,778437,676440,3,1,0,0,0,0,1,0
2025,2025-04-05,778437,676440,3,1,1,0,0,0,0,0
2025,2025-04-05,778437,676440,3,1,1,1,0,0,0,2
2025,2025-04-05,778437,676440,3,1,0,0,0,1,0,0
2025,2025-04-05,778437,676440,3,1,1,1,0,0,0,2
2025,2025-04-06,778425,682847,1,1,0,0,0,0,0,0
2025,2025-04-06,778425,682847,1,1,0,0,0,0,1,0
2025,2025-04-06,778425,682847,1,1,1,0,0,0,0,0
2025,2025-04-06,778425,682847,1,1,0,0,0,0,0,0
2025,2025-04-06,778425,682847,1,1,1,1,0,0,0,1
2025,2025-04-06,778425,682847,1,1,0,0,0,0,0,0
2025,2025-04-06,778425,682847,1,1,1,0,0,0,0,0
2025,2025-04-06,778425,682847,1,1,0,0,0,0,0,0
2025,2025-04-06,778425,682847,1,1,1,0,0,0,0,1
2025,2025-04-06,778425,682847,2,1,0,0,0,0,0,0
2025,2025-04-06,778425,682847,2,1,1,0,0,0,0,0
2025,2025-04-06,778425,682847,2,1,0,0,0,0,0,0
2025,2025-04-06,778425,682847,2,1,0,0,0,0,0,0
2025,2025-04-06,778425,682847,2,1,1,0,0,0,0,0
2025,2025-04-06,778425,682847,2,1,0,0,0,0,0,0
2025,2025-04-06,778425,682847,2,1,0,0,0,0,1,0
2025,2025-04-06,778425,682847,2,1,0,0,0,0,0,0
2025,2025-04-06,778425,682847,2,1,0,0,0,0,0,0
2025,2025-04-06,778425,682847,3,1,0,0,0,0,0,0
2025,2025-04-06,778425,682847,3,1,0,0,0,0,0,0
2025,2025-04-06,778425,682847,3,1,0,0,0,0,0,0
2025,2025-04-06,778425,682847,3,1,1,1,0,0,0,1
2025,2025-04-06,778425,682847,3,1,0,0,0,0,0,0
2025,2025-04-06,778425,682847,3,1,0,0,0,0,1,0
2025,2025-04-06,778425,682847,3,1,0,0,0,0,0,0
2025,2025-04-08,778402,594902,1,1,0,0,0,0,0,0
2025,2025-04-08,778402,594902,1,1,0,0,1,0,0,0
2025,2025-04-08,778402,594902,1,1,0,0,1,0,0,0
2025,2025-04-08,778402,594902,1,1,0,0,0,0,0,0
2025,2025-04-08,778402,594902,1,1,0,0,1,0,0,0
2025,2025-04-08,778402,594902,1,1,0,0,0,0,0,0
2025,2025-04-08,778402,594902,1,1,0,0,0,0,1,0
2025,2025-04-08,778402,594902,1,1,0,0,0,0,0,0
2025,2025-04-08,778402,594902,1,1,0,0,0,0,0,0
2025,2025-04-08,778402,594902,2,1,0,0,0,0,1,0
2025,2025-04-08,778402,594902,2,1,1,0,0,0,0,0
2025,2025-04-08,778402,594902,2,1,1,0,0,0,0,0
2025,2025-04-08,778402,594902,2,1,0,0,0,0,0,0
2025,2025-04-08,778402,594902,2,1,0,0,0,0,0,0
2025,2025-04-08,778402,594902,2,1,0,0,0,0,1,0
2025,2025-04-08,778402,594902,2,1,0,0,0,0,1,0
2025,2025-04-08,778402,594902,2,1,0,0,0,0,0,0
2025,2025-04-09,778391,671106,1,1,0,0,0,0,0,0
2025,2025-04-09,778391,671106,1,1,0,0,1,0,0,0
2025,2025-04-09,778391,671106,1,1,0,0,0,0,0,0
2025,2025-04-09,778391,671106,1,1,0,0,0,0,0,0
2025,2025-04-09,778391,671106,1,1,1,0,0,0,0,1
2025,2025-04-09,778391,671106,1,1,0,0,0,0,0,0
2025,2025-04-09,778391,671106,1,1,0,0,0,0,1,0
2025,2025-04-09,778391,671106,1,1,0,0,0,0,0,0
2025,2025-04-09,778391,671106,1,1,0,0,0,0,0,0
2025,2025-04-09,778391,671106,2,1,0,0,0,0,0,0
2025,2025-04-09,778391,671106,2,1,0,0,1,0,0,0
2025,2025-04-09,778391,671106,2,1,0,0,0,0,0,0
2025,2025-04-09,778391,671106,2,1,1,0,0,0,0,0
2025,2025-04-09,778391,671106,2,1,0,0,0,0,1,0
2025,2025-04-09,778391,671106,2,1,0,0,0,0,1,0
2025,2025-04-09,778391,671106,2,1,0,0,0,0,0,0
2025,2025-04-09,778391,671106,2,1,0,0,0,0,0,0
2025,2025-04-09,778391,671106,2,1,1,0,0,0,0,0
2025,2025-04-09,778391,671106,3,1,0,0,0,0,0,0
2025,2025-04-09,778391,671106,3,1,0,0,0,0,1,0
2025,2025-04-09,778391,671106,3,1,1,0,0,0,0,0
2025,2025-04-10,778378,668909,1,1,1,0,0,0,0,0
2025,2025-04-10,778378,668909,1,1,0,0,0,0,0,0
2025,2025-04-10,778378,668909,1,1,0,0,0,0,1,0
2025,2025-04-10,778378,668909,1,1,0,0,1,0,0,1
2025,2025-04-10,778378,668909,1,1,0,0,0,0,0,0
2025,2025-04-10,778378,668909,1,1,1,0,0,0,0,0
2025,2025-04-10,778378,668909,1,1,1,0,0,0,0,0
2025,2025-04-10,778378,668909,1,1,0,0,0,0,1,0
2025,2025-04-10,778378,668909,1,1,0,0,0,0,0,0
2025,2025-04-10,778378,668909,2,1,0,0,0,0,0,0
2025,2025-04-10,778378,668909,2,1,0,0,0,0,1,0
2025,2025-04-10,778378,668909,2,1,0,0,0,0,1,0
2025,2025-04-10,778378,668909,2,1,0,0,0,0,0,0
2025,2025-04-10,778378,668909,2,1,0,0,0,0,1,0
2025,2025-04-10,778378,668909,2,1,0,0,0,0,0,0
2025,2025-04-10,778378,668909,2,1,0,0,0,0,0,0
2025,2025-04-10,778378,668909,2,1,0,0,0,0,0,0
2025,2025-04-10,778378,668909,2,1,0,0,1,0,0,0
2025,2025-04-10,778378,668909,3,1,0,0,0,0,1,0
2025,2025-04-10,778378,668909,3,1,0,0,0,0,1,0
2025,2025-04-11,778375,676440,1,1,0,0,0,0,0,0
2025,2025-04-11,778375,676440,1,1,0,0,1,0,0,0
2025,2025-04-11,778375,676440,1,1,0,0,1,0,0,0
2025,2025-04-11,778375,676440,1,1,0,0,0,0,0,0
2025,2025-04-11,778375,676440,1,1,0,0,0,0,1,0
2025,2025-04-11,778375,676440,1,1,0,0,1,0,0,0
2025,2025-04-11,778375,676440,1,1,0,0,0,0,1,0
2025,2025-04-11,778375,676440,1,1,0,0,0,0,0,0
2025,2025-04-11,778375,676440,1,1,0,0,0,0,0,0
2025,2025-04-11,778375,676440,2,1,0,0,0,0,1,0
2025,2025-04-11,778375,676440,2,1,1,0,0,0,0,0
2025,2025-04-11,778375,676440,2,1,0,0,0,0,0,0
2025,2025-04-11,778375,676440,2,1,0,0,0,0,0,0
2025,2025-04-11,778375,676440,2,1,0,0,0,0,0,0
2025,2025-04-11,778375,676440,2,1,0,0,0,0,1,0
2025,2025-04-11,778375,676440,2,1,1,0,0,0,0,0
2025,2025-04-11,778375,676440,2,1,0,0,0,0,0,0
2025,2025-04-11,778375,676440,2,1,1,0,0,0,0,0
2025,2025-04-11,778375,676440,3,1,0,0,0,0,0,0
2025,2025-04-11,778375,676440,3,1,0,0,0,0,0,0
2025,2025-04-11,778375,676440,3,1,0,0,1,0,0,0
2025,2025-04-12,778359,682847,1,1,0,0,0,0,0,0
2025,2025-04-12,778359,682847,1,1,0,0,1,0,0,0
2025,2025-04-12,778359,682847,1,1,0,0,0,0,1,0
2025,2025-04-12,778359,682847,1,1,0,0,0,0,1,0
2025,2025-04-12,778359,682847,1,1,0,0,0,0,0,0
2025,2025-04-12,778359,682847,1,1,0,0,0,0,1,0
2025,2025-04-12,778359,682847,1,1,0,0,0,0,0,0
2025,2025-04-12,778359,682847,1,1,0,0,0,0,0,0
2025,2025-04-12,778359,682847,1,1,0,0,0,0,1,0
2025,2025-04-12,778359,682847,2,1,0,0,0,0,0,0
2025,2025-04-12,778359,682847,2,1,0,0,0,0,1,0
2025,2025-04-12,778359,682847,2,1,1,1,0,0,0,1
2025,2025-04-12,778359,682847,2,1,0,0,0,0,1,0
2025,2025-04-12,778359,682847,2,1,0,0,0,0,1,0
2025,2025-04-12,778359,682847,2,1,0,0,0,0,1,0
2025,2025-04-12,778359,682847,2,1,0,0,0,0,0,0
2025,2025-04-12,778359,682847,2,1,0,0,0,0,0,0
2025,2025-04-12,778359,682847,2,1,0,0,0,0,1,0
2025,2025-04-12,778359,682847,3,1,0,0,1,0,0,0
2025,2025-04-12,778359,682847,3,1,0,0,0,0,1,0
2025,2025-04-13,778342,594902,1,1,1,0,0,0,0,0
2025,2025-04-13,778342,594902,1,1,1,0,0,0,0,0
2025,2025-04-13,778342,594902,1,1,0,0,1,0,0,0
2025,2025-04-13,778342,594902,1,1,0,0,0,0,0,0
2025,2025-04-13,778342,594902,1,1,0,0,0,0,1,0
2025,2025-04-13,778342,594902,1,1,0,0,0,0,1,0
2025,2025-04-13,778342,594902,1,1,0,0,0,0,1,0
2025,2025-04-13,778342,594902,1,1,0,0,0,0,1,0
2025,2025-04-13,778342,594902,1,1,1,0,0,0,0,0
2025,2025-04-13,778342,594902,2,1,0,0,0,0,0,0
2025,2025-04-13,778342,594902,2,1,0,0,0,0,0,0
2025,2025-04-13,778342,594902,2,1,1,0,0,0,0,0
2025,2025-04-13,778342,594902,2,1,1,1,0,0,0,2
2025,2025-04-13,778342,594902,2,1,0,0,0,0,1,0
2025,2025-04-13,778342,594902,2,1,0,0,0,0,0,0
2025,2025-04-13,778342,594902,2,1,0,0,0,0,0,0
2025,2025-04-13,778342,594902,2,1,0,0,1,0,0,0
2025,2025-04-13,778342,594902,2,1,1,0,0,0,0,0
2025,2025-04-13,778342,594902,3,1,1,0,0,0,0,2
2025,2025-04-13,778342,594902,3,1,0,0,0,0,0,0
2025,2025-04-13,778342,594902,3,1,0,0,0,0,0,0
2025,2025-04-13,778342,594902,3,1,0,0,0,0,0,0
2025,2025-04-13,778342,594902,3,1,0,0,0,0,0,0
2025,2025-04-13,778342,594902,3,1,0,0,0,0,0,0
2025,2025-04-15,778317,671106,1,1,0,0,0,0,0,0
2025,2025-04-15,778317,671106,1,1,0,0,0,0,1,0
2025,2025-04-15,778317,671106,1,1,0,0,0,0,0,0
2025,2025-04-15,778317,671106,1,1,0,0,0,0,1,0
2025,2025-04-15,778317,671106,1,1,0,0,0,0,1,0
2025,2025-04-15,778317,671106,1,1,0,0,0,0,0,0
2025,2025-04-15,778317,671106,1,1,0,0,1,0,0,0
2025,2025-04-15,778317,671106,1,1,0,0,0,0,1,0
2025,2025-04-15,778317,671106,1,1,0,0,0,0,0,0
2025,2025-04-15,778317,671106,2,1,0,0,1,0,0,0
2025,2025-04-15,778317,671106,2,1,0,0,0,0,0,0
2025,2025-04-15,778317,671106,2,1,0,0,0,0,0,0
2025,2025-04-15,778317,671106,2,1,0,0,0,0,0,0
2025,2025-04-15,778317,671106,2,1,0,0,0,0,0,0
2025,2025-04-15,778317,671106,2,1,0,0,0,0,0,0
2025,2025-04-15,778317,671106,2,1,1,0,0,0,0,0
2025,2025-04-15,778317,671106,2,1,0,0,0,0,0,0
2025,2025-04-15,778317,671106,2,1,0,0,0,0,0,0
2025,2025-04-15,778317,671106,3,1,0,0,0,0,1,0
2025,2025-04-15,778317,671106,3,1,0,0,0,0,0,0
2025,2025-04-15,778317,671106,3,1,0,0,0,0,1,0
2025,2025-04-15,778317,671106,3,1,1,0,0,0,0,0
2025,2025-04-16,778301,668909,1,1,0,0,0,0,0,0
2025,2025-04-16,778301,668909,1,1,0,0,0,0,0,0
2025,2025-04-16,778301,668909,1,1,0,0,0,0,0,0
2025,2025-04-16,778301,668909,1,1,0,0,1,0,0,0
2025,2025-04-16,778301,668909,1,1,1,0,0,0,0,0
2025,2025-04-16,778301,668909,1,1,0,0,0,0,0,0
2025,2025-04-16,778301,668909,1,1,0,0,1,0,0,0
2025,2025-04-16,778301,668909,1,1,1,1,0,0,0,4
2025,2025-04-16,778301,668909,1,1,0,0,0,0,0,0
2025,2025-04-16,778301,668909,2,1,0,0,0,0,1,0
2025,2025-04-16,778301,668909,2,1,0,0,0,0,0,0
2025,2025-04-16,778301,668909,2,1,1,0,0,0,0,0
2025,2025-04-16,778301,668909,2,1,0,0,1,0,0,0
2025,2025-04-16,778301,668909,2,1,0,0,0,0,0,0
2025,2025-04-16,778301,668909,2,1,0,0,0,0,0,0
2025,2025-04-16,778301,668909,2,1,0,0,0,0,1,0
2025,2025-04-16,778301,668909,2,1,0,0,0,0,0,0
2025,2025-04-16,778301,668909,2,1,0,0,0,0,0,0
2025,2025-04-16,778301,668909,3,1,0,0,0,0,0,0
2025,2025-04-16,778301,668909,3,1,0,0,0,0,0,0
2025,2025-04-16,778301,668909,3,1,0,0,1,0,0,0
2025,2025-04-16,778301,668909,3,1,0,0,0,0,0,0
2025,2025-04-16,778301,668909,3,1,0,0,0,0,1,0
2025,2025-04-16,778301,668909,3,1,0,0,0,0,0,0
2025,2025-04-16,778301,668909,3,1,0,0,0,0,0,0
2025,2025-04-16,778301,668909,3,1,0,0,0,0,1,0
2025,2025-04-16,778301,668909,3,1,1,1,0,0,0,1
2025,2025-04-17,778292,676440,1,1,0,0,0,0,1,0
2025,2025-04-17,778292,676440,1,1,1,1,0,0,0,1
2025,2025-04-17,778292,676440,1,1,0,0,0,0,0,0
2025,2025-04-17,778292,676440,1,1,0,0,0,0,1,0
2025,2025-04-17,778292,676440,1,1,0,0,0,0,0,0
2025,2025-04-17,778292,676440,1,1,0,0,1,0,0,0
2025,2025-04-17,778292,676440,1,1,0,0,0,0,0,0
2025,2025-04-17,778292,676440,1,1,0,0,0,0,1,0
2025,2025-04-17,778292,676440,1,1,0,0,1,0,0,0
2025,2025-04-17,778292,676440,2,1,0,0,0,0,0,0
2025,2025-04-17,778292,676440,2,1,1,0,0,0,0,0
2025,2025-04-17,778292,676440,2,1,0,0,1,0,0,0
2025,2025-04-17,778292,676440,2,1,1,1,0,0,0,3
2025,2025-04-17,778292,676440,2,1,0,0,0,0,0,0
2025,2025-04-17,778292,676440,2,1,0,0,0,0,0,0
2025,2025-04-17,778292,676440,2,1,0,0,0,0,0,0
2025,2025-04-17,778292,676440,2,1,0,0,0,0,0,0
2025,2025-04-17,778292,676440,2,1,0,0,0,0,1,0
2025,2025-04-17,778292,676440,3,1,0,0,1,0,0,0
2025,2025-04-17,778292,676440,3,1,0,0,0,0,1,0
2025,2025-04-17,778292,676440,3,1,0,0,0,0,0,0
2025,2025-04-17,778292,676440,3,1,1,0,0,0,0,0
2025,2025-04-17,778292,676440,3,1,0,0,0,0,0,0
2025,2025-04-17,778292,676440,3,1,1,1,0,0,0,2
2025,2025-04-18,778271,682847,1,1,1,1,0,0,0,1
2025,2025-04-18,778271,682847,1,1,1,0,0,0,0,0
2025,2025-04-18,778271,682847,1,1,0,0,0,0,1,0
2025,2025-04-18,778271,682847,1,1,0,0,0,0,1,0
2025,2025-04-18,778271,682847,1,1,0,0,1,0,0,0
2025,2025-04-18,778271,682847,1,1,0,0,0,0,1,0
2025,2025-04-18,778271,682847,1,1,0,0,0,0,0,0
2025,2025-04-18,778271,682847,1,1,1,0,0,0,0,0
2025,2025-04-18,778271,682847,1,1,0,0,0,0,1,0
2025,2025-04-18,778271,682847,2,1,0,0,0,0,0,0
2025,2025-04-18,778271,682847,2,1,0,0,0,0,1,0
2025,2025-04-18,778271,682847,2,1,0,0,1,0,0,0
2025,2025-04-18,778271,682847,2,1,0,0,1,0,0,0
2025,2025-04-18,778271,682847,2,1,1,0,0,0,0,1
2025,2025-04-18,778271,682847,2,1,0,0,0,0,1,0
2025,2025-04-18,778271,682847,2,1,0,0,0,0,0,0
2025,2025-04-18,778271,682847,2,1,0,0,0,0,1,0
2025,2025-04-18,778271,682847,2,1,0,0,0,0,0,0
2025,2025-04-18,778271,682847,3,1,0,0,0,0,0,0
2025,2025-04-18,778271,682847,3,1,0,0,0,0,1,0
2025,2025-04-18,778271,682847,3,1,0,0,0,0,0,0
2025,2025-04-18,778271,682847,3,1,0,0,0,0,0,0
2025,2025-04-19,778254,594902,1,1,0,0,0,0,0,0
2025,2025-04-19,778254,594902,1,1,0,0,0,0,0,0
2025,2025-04-19,778254,594902,1,1,1,0,0,0,0,0
2025,2025-04-19,778254,594902,1,1,0,0,0,0,0,0
2025,2025-04-19,778254,594902,1,1,0,0,0,0,0,0
2025,2025-04-19,778254,594902,1,1,1,0,0,0,0,0
2025,2025-04-19,778254,594902,1,1,0,0,0,0,0,0
2025,2025-04-19,778254,594902,1,1,0,0,0,0,0,0
2025,2025-04-19,778254,594902,1,1,0,0,0,0,0,0
2025,2025-04-19,778254,594902,2,1,1,0,0,0,0,0
2025,2025-04-19,778254,594902,2,1,0,0,0,0,1,0
2025,2025-04-19,778254,594902,2,1,0,0,0,0,0,0
2025,2025-04-19,778254,594902,2,1,0,0,0,0,0,0
2025,2025-04-19,778254,594902,2,1,0,0,0,0,1,0
2025,2025-04-19,778254,594902,2,1,0,0,0,0,0,0
2025,2025-04-19,778254,594902,2,1,0,0,0,0,0,0
2025,2025-04-19,778254,594902,2,1,0,0,0,0,0,0
2025,2025-04-19,778254,594902,2,1,0,0,0,0,0,0
2025,2025-04-19,778254,594902,3,1,0,0,1,0,0,0
2025,2025-04-19,778254,594902,3,1,1,0,0,0,0,0
2025,2025-04-19,778254,594902,3,1,0,0,0,0,1,0
2025,2025-04-20,778242,671106,1,1,0,0,0,0,1,0
2025,2025-04-20,778242,671106,1,1,0,0,0,0,0,0
2025,2025-04-20,778242,671106,1,1,0,0,0,0,1,0
2025,2025-04-20,778242,671106,1,1,0,0,0,0,0,0
2025,2025-04-20,778242,671106,1,1,0,0,0,0,0,0
2025,2025-04-20,778242,671106,1,1,0,0,0,0,0,0
2025,2025-04-20,778242,671106,1,1,1,0,0,0,0,0
2025,2025-04-20,778242,671106,1,1,0,0,0,0,0,0
2025,2025-04-20,778242,671106,1,1,0,0,0,0,1,0
2025,2025-04-20,778242,671106,2,1,0,0,0,0,0,0
2025,2025-04-20,778242,671106,2,1,1,0,0,0,0,0
2025,2025-04-20,778242,671106,2,1,0,0,0,0,0,0
2025,2025-04-20,778242,671106,2,1,1,0,0,0,0,0
2025,2025-04-20,778242,671106,2,1,0,0,0,0,0,0
2025,2025-04-20,778242,671106,2,1,0,0,0,0,0,0
2025,2025-04-20,778242,671106,2,1,0,0,0,0,0,0
2025,2025-04-20,778242,671106,2,1,0,0,0,0,0,0
2025,2025-04-20,778242,671106,2,1,0,0,0,0,1,0
2025,2025-04-20,778242,671106,3,1,0,0,0,0,0,0
2025,2025-04-20,778242,671106,3,1,1,0,0,0,0,0
2025,2025-04-20,778242,671106,3,1,1,0,0,0,0,1
2025,2025-04-20,778242,671106,3,1,0,0,1,0,0,0
2025,2025-04-20,778242,671106,3,1,0,0,0,0,1,0
2025,2025-04-21,778227,668909,1,1,0,0,0,0,0,0
2025,2025-04-21,778227,668909,1,1,0,0,1,0,0,0
2025,2025-04-21,778227,668909,1,1,0,0,0,0,0,0
2025,2025-04-21,778227,668909,1,1,0,0,1,0,0,0
2025,2025-04-21,778227,668909,1,1,0,0,0,0,1,0
2025,2025-04-21,778227,668909,1,1,0,0,0,0,0,0
2025,2025-04-21,778227,668909,1,1,0,0,0,0,1,0
2025,2025-04-21,778227,668909,1,1,0,0,0,0,1,0
2025,2025-04-21,778227,668909,1,1,0,0,0,0,0,0
2025,2025-04-21,778227,668909,2,1,0,0,0,0,0,0
2025,2025-04-21,778227,668909,2,1,1,0,0,0,0,0
2025,2025-04-21,778227,668909,2,1,0,0,0,0,0,0
2025,2025-04-21,778227,668909,2,1,1,0,0,0,0,0
2025,2025-04-21,778227,668909,2,1,0,0,0,0,0,0
2025,2025-04-21,778227,668909,2,1,0,0,0,0,0,0
2025,2025-04-21,778227,668909,2,1,0,0,0,0,1,0
2025,2025-04-21,778227,668909,2,1,1,0,0,0,0,0
2025,2025-04-21,778227,668909,2,1,1,0,0,0,0,0
2025,2025-04-21,778227,668909,3,1,0,0,0,0,0,0
2025,2025-04-21,778227,668909,3,1,0,0,0,0,1,0
2025,2025-04-21,778227,668909,3,1,1,0,0,0,0,0
2025,2025-04-21,778227,668909,3,1,0,0,0,0,1,0
2025,2025-04-21,778227,668909,3,1,0,0,0,0,1,0
2025,2025-04-21,778227,668909,3,1,1,0,0,0,0,0
2025,2025-04-21,778227,668909,3,1,1,1,0,0,0,2
2025,2025-04-21,778227,668909,3,1,0,0,0,0,1,0
2025,2025-04-22,778218,676440,1,1,1,1,0,0,0,1
2025,2025-04-22,778218,676440,1,1,1,0,0,0,0,0
2025,2025-04-22,778218,676440,1,1,0,0,0,0,1,0
2025,2025-04-22,778218,676440,1,1,0,0,0,0,0,0
2025,2025-04-22,778218,676440,1,1,0,0,0,0,0,0
2025,2025-04-22,778218,676440,1,1,0,0,1,0,0,0
2025,2025-04-22,778218,676440,1,1,0,0,0,0,0,0
2025,2025-04-22,778218,676440,1,1,0,0,0,0,0,0
2025,2025-04-22,778218,676440,1,1,0,0,0,0,0,0
2025,2025-04-22,778218,676440,2,1,0,0,0,0,1,0
2025,2025-04-22,778218,676440,2,1,1,0,0,0,0,0
2025,2025-04-22,778218,676440,2,1,0,0,0,0,1,0
2025,2025-04-22,778218,676440,2,1,0,0,1,0,0,0
2025,2025-04-22,778218,676440,2,1,0,0,1,0,0,0
2025,2025-04-22,778218,676440,2,1,0,0,0,0,0,0
2025,2025-04-22,778218,676440,2,1,0,0,0,0,1,0
2025,2025-04-22,778218,676440,2,1,0,0,0,0,0,0
2025,2025-04-22,778218,676440,2,1,0,0,0,0,1,0
2025,2025-04-22,778218,676440,3,1,0,0,0,0,0,0
2025,2025-04-22,778218,676440,3,1,1,0,0,0,0,0
2025,2025-04-22,778218,676440,3,1,0,0,0,0,0,0
2025,2025-04-22,778218,676440,3,1,1,0,0,0,0,0
2025,2025-04-22,778218,676440,3,1,0,0,0,0,0,1
2025,2025-04-22,778218,676440,3,1,0,0,0,0,0,0
2025,2025-04-23,778206,682847,1,1,0,0,1,0,0,0
2025,2025-04-23,778206,682847,1,1,1,0,0,0,0,1
2025,2025-04-23,778206,682847,1,1,0,0,1,0,0,0
2025,2025-04-23,778206,682847,1,1,1,0,0,0,0,1
2025,2025-04-23,778206,682847,1,1,0,0,0,0,1,0
2025,2025-04-23,778206,682847,1,1,0,0,0,0,1,0
2025,2025-04-23,778206,682847,1,1,0,0,0,0,1,0
2025,2025-04-23,778206,682847,1,1,0,0,1,0,0,0
2025,2025-04-23,778206,682847,1,1,0,0,0,0,0,0
2025,2025-04-23,778206,682847,2,1,1,0,0,0,0,1
2025,2025-04-23,778206,682847,2,1,1,0,0,0,0,0
2025,2025-04-23,778206,682847,2,1,0,0,0,0,0,0
2025,2025-04-23,778206,682847,2,1,1,0,0,0,0,1
2025,2025-04-23,778206,682847,2,1,0,0,1,0,0,0
2025,2025-04-23,778206,682847,2,1,0,0,0,0,1,0
2025,2025-04-23,778206,682847,2,1,0,0,0,0,0,0
2025,2025-04-23,778206,682847,2,1,0,0,0,0,0,0
2025,2025-04-23,778206,682847,2,1,0,0,0,0,0,0
2025,2025-04-23,778206,682847,3,1,0,0,0,0,1,0
2025,2025-04-23,778206,682847,3,1,0,0,1,0,0,0
2025,2025-04-23,778206,682847,3,1,0,0,0,0,0,0
2025,2025-04-23,778206,682847,3,1,0,0,0,0,1,0
2025,2025-04-23,778206,682847,3,1,0,0,0,0,1,0
2025,2025-04-23,778206,682847,3,1,0,0,0,0,1,0
2025,2025-04-26,778169,680951,1,1,0,0,0,0,1,0
2025,2025-04-26,778169,680951,1,1,0,0,1,0,0,0
2025,2025-04-26,778169,680951,1,1,0,0,1,0,0,0
2025,2025-04-26,778169,680951,1,1,1,0,0,0,0,1
2025,2025-04-26,778169,680951,1,1,0,0,0,0,0,0
2025,2025-04-26,778169,680951,1,1,0,0,0,0,1,0
2025,2025-04-26,778169,680951,1,1,1,0,0,0,0,0
2025,2025-04-26,778169,680951,1,1,0,0,0,0,0,0
2025,2025-04-26,778169,680951,1,1,0,0,0,0,0,0
2025,2025-04-26,778169,680951,2,1,1,0,0,0,0,1
2025,2025-04-26,778169,680951,2,1,1,0,0,0,0,1
2025,2025-04-26,778169,680951,2,1,0,0,1,0,0,0
2025,2025-04-26,778169,680951,2,1,0,0,1,0,0,0
2025,2025-04-26,778169,680951,2,1,0,0,1,0,0,1
2025,2025-04-26,778169,680951,2,1,0,0,0,0,0,0
2025,2025-04-26,778169,680951,2,1,0,0,0,0,1,0
2025,2025-04-26,778169,680951,2,1,0,0,1,0,0,0
2025,2025-04-26,778169,680951,2,1,0,0,0,0,0,0
2025,2025-04-26,778169,680951,3,1,1,0,0,0,0,1
2025,2025-04-26,778169,680951,3,1,0,0,0,0,0,1
2025,2025-04-26,778179,594902,1,1,0,0,0,0,0,0
2025,2025-04-26,778179,594902,1,1,0,0,1,0,0,0
2025,2025-04-26,778179,594902,1,1,1,0,0,0,0,0
2025,2025-04-26,778179,594902,1,1,0,0,0,0,0,0
2025,2025-04-26,778179,594902,1,1,1,1,0,0,0,3
2025,2025-04-26,778179,594902,1,1,1,0,0,0,0,0
2025,2025-04-26,778179,594902,1,1,0,0,0,0,0,0
2025,2025-04-26,778179,594902,1,1,0,0,0,0,0,0
2025,2025-04-26,778179,594902,1,1,0,0,0,0,0,0
2025,2025-04-26,778179,594902,2,1,0,0,0,0,1,0
2025,2025-04-26,778179,594902,2,1,1,1,0,0,0,1
2025,2025-04-26,778179,594902,2,1,1,0,0,0,0,0
2025,2025-04-26,778179,594902,2,1,0,0,0,0,1,0
2025,2025-04-26,778179,594902,2,1,0,0,0,0,0,0
2025,2025-04-26,778179,594902,2,1,0,0,0,0,0,0
2025,2025-04-26,778179,594902,2,1,1,0,0,0,0,0
2025,2025-04-26,778179,594902,2,1,0,0,1,0,0,0
2025,2025-04-26,778179,594902,2,1,0,0,0,0,0,0
2025,2025-04-26,778179,594902,3,1,0,0,0,0,0,0
2025,2025-04-26,778179,594902,3,1,0,0,0,0,0,0
2025,2025-04-26,778179,594902,3,1,0,0,0,0,1,0
2025,2025-04-26,778179,594902,3,1,0,0,0,0,0,0
2025,2025-04-26,778179,594902,3,1,0,0,1,0,0,0
2025,2025-04-26,778179,594902,3,1,0,0,0,0,1,0
2025,2025-04-27,778157,671106,1,1,1,0,0,0,0,0
2025,2025-04-27,778157,671106,1,1,0,0,0,0,0,0
2025,2025-04-27,778157,671106,1,1,0,0,0,0,0,0
2025,2025-04-27,778157,671106,1,1,0,0,0,0,0,0
2025,2025-04-27,778157,671106,1,1,1,1,0,0,0,1
2025,2025-04-27,778157,671106,1,1,0,0,0,0,0,0
2025,2025-04-27,778157,671106,1,1,0,0,1,0,0,0
2025,2025-04-27,778157,671106,1,1,1,0,0,0,0,0
2025,2025-04-27,778157,671106,1,1,0,0,0,0,0,1
2025,2025-04-27,778157,671106,2,1,1,0,0,0,0,0
2025,2025-04-27,778157,671106,2,1,0,0,0,0,0,0
2025,2025-04-27,778157,671106,2,1,0,0,0,0,1,0
2025,2025-04-27,778157,671106,2,1,0,0,0,0,1,0
2025,2025-04-27,778157,671106,2,1,1,0,0,0,0,0
2025,2025-04-27,778157,671106,2,1,0,0,0,0,0,0
2025,2025-04-27,778157,671106,2,1,1,0,0,0,0,0
2025,2025-04-27,778157,671106,2,1,0,0,0,0,0,0
2025,2025-04-27,778157,671106,2,1,0,0,0,0,0,1
2025,2025-04-27,778157,671106,3,1,1,0,0,0,0,0
2025,2025-04-27,778157,671106,3,1,0,0,0,0,0,0
2025,2025-04-27,778157,671106,3,1,1,0,0,0,0,0
2025,2025-04-27,778157,671106,3,1,1,0,0,0,0,0
2025,2025-04-27,778157,671106,3,1,0,0,1,0,0,0
2025,2025-04-27,778157,671106,3,1,0,0,0,0,0,1
2025,2025-04-27,778157,671106,3,1,0,0,1,0,0,0
2025,2025-04-28,778139,668909,1,1,1,1,0,0,0,1
2025,2025-04-28,778139,668909,1,1,0,0,0,0,1,0
2025,2025-04-28,778139,668909,1,1,1,0,0,0,0,0
2025,2025-04-28,778139,668909,1,1,0,0,0,0,0,0
2025,2025-04-28,778139,668909,1,1,1,0,0,0,0,0
2025,2025-04-28,778139,668909,1,1,1,0,0,0,0,1
2025,2025-04-28,778139,668909,1,1,0,0,0,0,0,0
2025,2025-04-28,778139,668909,1,1,1,0,0,0,0,0
2025,2025-04-28,778139,668909,1,1,0,0,1,0,0,0
2025,2025-04-28,778139,668909,2,1,0,0,1,0,0,0
2025,2025-04-28,778139,668909,2,1,1,0,0,0,0,2
2025,2025-04-28,778139,668909,2,1,1,0,0,0,0,0
2025,2025-04-28,778139,668909,2,1,0,0,0,0,1,0
2025,2025-04-28,778139,668909,2,1,0,0,0,0,0,0
2025,2025-04-29,778129,676440,1,1,0,0,0,0,0,0
2025,2025-04-29,778129,676440,1,1,0,0,0,0,1,0
2025,2025-04-29,778129,676440,1,1,0,0,0,0,1,0
2025,2025-04-29,778129,676440,1,1,0,0,0,0,0,0
2025,2025-04-29,778129,676440,1,1,0,0,0,0,0,0
2025,2025-04-29,778129,676440,1,1,0,0,0,0,0,0
2025,2025-04-29,778129,676440,1,1,0,0,0,0,0,0
2025,2025-04-29,778129,676440,1,1,0,0,0,0,0,0
2025,2025-04-29,778129,676440,1,1,0,0,0,0,0,0
2025,2025-04-29,778129,676440,2,1,0,0,0,0,1,0
2025,2025-04-29,778129,676440,2,1,0,0,0,0,0,0
2025,2025-04-29,778129,676440,2,1,1,0,0,0,0,0
2025,2025-04-29,778129,676440,2,1,0,0,0,0,0,0
2025,2025-04-29,778129,676440,2,1,1,1,0,0,0,1
2025,2025-04-29,778129,676440,2,1,0,0,0,0,0,0
2025,2025-04-29,778129,676440,2,1,1,0,0,0,0,0
2025,2025-04-29,778129,676440,2,1,1,0,0,0,0,0
2025,2025-04-29,778129,676440,2,1,0,0,0,0,1,0
2025,2025-04-29,778129,676440,3,1,0,0,0,0,0,0
2025,2025-04-29,778129,676440,3,1,0,0,0,0,0,0
2025,2025-04-29,778129,676440,3,1,0,0,0,0,1,0
2025,2025-04-29,778129,676440,3,1,0,0,0,0,0,0
2025,2025-04-29,778129,676440,3,1,1,0,0,0,0,0
2025,2025-04-29,778129,676440,3,1,0,0,0,0,0,0
2025,2025-04-29,778129,676440,3,1,0,0,0,0,0,0
2025,2025-04-30,778116,682847,1,1,0,0,0,0,0,0
2025,2025-04-30,778116,682847,1,1,0,0,0,0,1,0
2025,2025-04-30,778116,682847,1,1,0,0,0,0,1,0
2025,2025-04-30,778116,682847,1,1,1,0,0,0,0,0
2025,2025-04-30,778116,682847,1,1,0,0,0,0,0,0
2025,2025-04-30,778116,682847,1,1,0,0,0,0,1,0
2025,2025-04-30,778116,682847,1,1,0,0,0,0,0,0
2025,2025-04-30,778116,682847,1,1,0,0,1,0,0,0
2025,2025-04-30,778116,682847,1,1,0,0,0,0,0,0
2025,2025-04-30,778116,682847,2,1,0,0,0,0,0,0
2025,2025-04-30,778116,682847,2,1,0,0,0,0,0,0
2025,2025-04-30,778116,682847,2,1,0,0,0,0,0,0
2025,2025-04-30,778116,682847,2,1,0,0,1,0,0,0
2025,2025-04-30,778116,682847,2,1,0,0,0,0,0,0
2025,2025-04-30,778116,682847,2,1,0,0,0,0,0,0
2025,2025-04-30,778116,682847,2,1,0,0,0,0,0,0
2025,2025-04-30,778116,682847,2,1,0,0,0,0,0,0
2025,2025-04-30,778116,682847,2,1,0,0,0,0,0,0
2025,2025-04-30,778116,682847,3,1,0,0,0,0,1,0
2025,2025-04-30,778116,682847,3,1,1,0,0,0,0,0
2025,2025-04-30,778116,682847,3,1,0,0,0,0,1,0
2025,2025-04-30,778116,682847,3,1,0,0,0,0,0,0
2025,2025-04-30,778116,682847,3,1,1,0,0,0,0,0
2025,2025-05-01,778108,594902,1,1,0,0,0,0,0,0
2025,2025-05-01,778108,594902,1,1,1,0,0,0,0,0
2025,2025-05-01,778108,594902,1,1,0,0,0,0,0,0
2025,2025-05-01,778108,594902,1,1,0,0,0,0,0,0
2025,2025-05-01,778108,594902,1,1,1,0,0,0,0,0
2025,2025-05-01,778108,594902,1,1,1,0,0,0,0,0
2025,2025-05-01,778108,594902,1,1,0,0,0,0,0,0
2025,2025-05-01,778108,594902,1,1,0,0,0,0,1,0
2025,2025-05-01,778108,594902,1,1,0,0,0,0,0,0
2025,2025-05-01,778108,594902,2,1,0,0,0,0,1,0
2025,2025-05-01,778108,594902,2,1,0,0,0,0,0,0
2025,2025-05-01,778108,594902,2,1,1,0,0,0,0,0
2025,2025-05-01,778108,594902,2,1,0,0,0,0,0,0
2025,2025-05-01,778108,594902,2,1,1,0,0,0,0,0
2025,2025-05-01,778108,594902,2,1,0,0,0,0,0,0
2025,2025-05-01,778108,594902,2,1,0,0,0,0,0,0
2025,2025-05-01,778108,594902,2,1,0,0,0,0,0,0
2025,2025-05-01,778108,594902,2,1,0,0,0,0,0,0
2025,2025-05-01,778108,594902,3,1,0,0,0,0,0,0
2025,2025-05-01,778108,594902,3,1,0,0,0,0,0,0
2025,2025-05-01,778108,594902,3,1,0,0,0,0,0,0
2025,2025-05-01,778108,594902,3,1,0,0,0,0,0,0
2025,2025-05-02,778081,671106,1,1,0,0,0,0,0,0
2025,2025-05-02,778081,671106,1,1,1,0,0,0,0,0
2025,2025-05-02,778081,671106,1,1,0,0,0,0,0,0
2025,2025-05-02,778081,671106,1,1,0,0,1,0,0,0
2025,2025-05-02,778081,671106,1,1,1,0,0,0,0,0
2025,2025-05-02,778081,671106,1,1,0,0,0,0,0,0
2025,2025-05-02,778081,671106,1,1,0,0,0,0,1,0
2025,2025-05-02,778081,671106,1,1,0,0,0,0,0,0
2025,2025-05-02,778081,671106,1,1,0,0,0,0,0,0
2025,2025-05-02,778081,671106,2,1,0,0,0,0,1,0
2025,2025-05-02,778081,671106,2,1,1,0,0,0,0,0
2025,2025-05-02,778081,671106,2,1,0,0,1,0,0,0
2025,2025-05-02,778081,671106,2,1,0,0,0,0,0,0
2025,2025-05-02,778081,671106,2,1,1,0,0,0,0,2
2025,2025-05-02,778081,671106,2,1,0,0,0,0,1,0
2025,2025-05-02,778081,671106,2,1,0,0,0,0,0,0
2025,2025-05-02,778081,671106,2,1,0,0,0,0,0,0
2025,2025-05-02,778081,671106,2,1,1,0,0,0,0,0
2025,2025-05-02,778081,671106,3,1,0,0,0,0,0,0
2025,2025-05-02,778081,671106,3,1,0,0,0,0,0,0
2025,2025-05-02,778081,671106,3,1,0,0,0,0,0,0
2025,2025-05-02,778081,671106,3,1,1,1,0,0,0,1
2025,2025-05-02,778081,671106,3,1,0,0,0,0,0,0
2025,2025-05-02,778081,671106,3,1,0,0,0,0,1,0
2025,2025-05-02,778081,671106,3,1,0,0,0,0,0,0
2025,2025-05-03,778064,668909,1,1,1,1,0,0,0,1
2025,2025-05-03,778064,668909,1,1,0,0,0,0,1,0
2025,2025-05-03,778064,668909,1,1,1,0,0,0,0,0
2025,2025-05-03,778064,668909,1,1,1,0,0,0,0,0
2025,2025-05-03,778064,668909,1,1,0,0,0,0,1,0
2025,2025-05-03,778064,668909,1,1,0,0,0,0,1,0
2025,2025-05-03,778064,668909,1,1,0,0,1,0,0,0
2025,2025-05-03,778064,668909,1,1,0,0,0,0,1,0
2025,2025-05-03,778064,668909,1,1,1,0,0,0,0,0
2025,2025-05-03,778064,668909,2,1,0,0,1,0,0,0
2025,2025-05-03,778064,668909,2,1,0,0,0,0,1,0
2025,2025-05-03,778064,668909,2,1,1,0,0,0,0,0
2025,2025-05-03,778064,668909,2,1,1,0,0,0,0,0
2025,2025-05-03,778064,668909,2,1,0,0,0,0,1,0
2025,2025-05-03,778064,668909,2,1,0,0,1,0,0,0
2025,2025-05-03,778064,668909,2,1,0,0,1,0,0,1
2025,2025-05-03,778064,668909,2,1,0,0,0,0,1,0
2025,2025-05-03,778064,668909,2,1,0,0,0,0,0,0
2025,2025-05-03,778064,668909,3,1,0,0,0,0,1,0
2025,2025-05-03,778064,668909,3,1,1,0,0,0,0,0
2025,2025-05-03,778064,668909,3,1,0,0,1,0,0,0
2025,2025-05-03,778064,668909,3,1,0,0,0,0,1,0
2025,2025-05-03,778064,668909,3,1,0,0,0,0,0,0
2025,2025-05-04,778056,676440,1,1,1,0,0,0,0,0
2025,2025-05-04,778056,676440,1,1,1,0,0,0,0,0
2025,2025-05-04,778056,676440,1,1,0,0,0,0,0,0
2025,2025-05-04,778056,676440,1,1,0,0,0,0,1,0
2025,2025-05-04,778056,676440,1,1,0,0,0,0,0,0
2025,2025-05-04,778056,676440,1,1,0,0,0,0,0,0
2025,2025-05-04,778056,676440,1,1,0,0,0,0,1,0
2025,2025-05-04,778056,676440,1,1,0,0,0,0,0,0
2025,2025-05-04,778056,676440,1,1,1,0,0,0,0,0
2025,2025-05-04,778056,676440,2,1,0,0,0,0,0,0
2025,2025-05-04,778056,676440,2,1,0,0,1,0,0,0
2025,2025-05-04,778056,676440,2,1,0,0,1,0,0,0
2025,2025-05-04,778056,676440,2,1,0,0,0,0,0,0
2025,2025-05-04,778056,676440,2,1,0,0,0,0,0,0
2025,2025-05-04,778056,676440,2,1,0,0,0,0,0,0
2025,2025-05-04,778056,676440,2,1,0,0,0,1,0,0
2025,2025-05-04,778056,676440,2,1,1,0,0,0,0,1
2025,2025-05-04,778056,676440,2,1,1,0,0,0,0,2
2025,2025-05-04,778056,676440,3,1,0,0,0,0,0,0
2025,2025-05-04,778056,676440,3,1,0,0,0,0,1,0
2025,2025-05-04,778056,676440,3,1,0,0,0,0,0,0
2025,2025-05-04,778056,676440,3,1,0,0,0,0,0,0
2025,2025-05-04,778056,676440,3,1,0,0,0,0,0,0
2025,2025-05-06,778026,682847,1,1,0,0,0,0,0,0
2025,2025-05-06,778026,682847,1,1,0,0,0,0,0,0
2025,2025-05-06,778026,682847,1,1,0,0,1,0,0,0
2025,2025-05-06,778026,682847,1,1,1,0,0,0,0,1
2025,2025-05-06,778026,682847,1,1,0,0,0,0,0,0
2025,2025-05-06,778026,682847,1,1,0,0,0,0,1,0
2025,2025-05-06,778026,682847,1,1,0,0,0,0,0,0
2025,2025-05-06,778026,682847,1,1,0,0,0,0,0,0
2025,2025-05-06,778026,682847,1,1,0,0,0,0,0,0
2025,2025-05-06,778026,682847,2,1,0,0,1,0,0,0
2025,2025-05-06,778026,682847,2,1,0,0,0,0,0,0
2025,2025-05-06,778026,682847,2,1,1,1,0,0,0,2
2025,2025-05-06,778026,682847,2,1,0,0,0,0,1,0
2025,2025-05-06,778026,682847,2,1,0,0,0,0,0,0
2025,2025-05-06,778026,682847,2,1,0,0,0,0,0,0
2025,2025-05-06,778026,682847,2,1,0,0,0,0,1,0
2025,2025-05-06,778026,682847,2,1,0,0,0,0,1,0
2025,2025-05-06,778026,682847,2,1,1,0,0,0,0,0
2025,2025-05-06,778026,682847,3,1,0,0,0,0,0,0
2025,2025-05-06,778026,682847,3,1,1,0,0,0,0,1
2025,2025-05-06,778026,682847,3,1,0,0,0,0,0,0
2025,2025-05-06,778026,682847,3,1,0,0,0,0,0,0
2025,2025-05-06,778026,682847,3,1,1,0,0,0,0,0
2025,2025-05-06,778026,682847,3,1,0,0,1,0,0,0
2025,2025-05-06,778026,682847,3,1,0,0,0,0,0,0
2025,2025-05-06,778046,594902,1,1,0,0,1,0,0,0
2025,2025-05-06,778046,594902,1,1,1,0,0,0,0,0
2025,2025-05-06,778046,594902,1,1,0,0,0,0,1,0
2025,2025-05-06,778046,594902,1,1,0,0,0,0,0,0
2025,2025-05-06,778046,594902,1,1,0,0,0,0,0,0
2025,2025-05-06,778046,594902,1,1,0,0,0,0,1,0
2025,2025-05-06,778046,594902,1,1,0,0,0,0,0,0
2025,2025-05-06,778046,594902,1,1,0,0,0,0,0,0
2025,2025-05-06,778046,594902,1,1,0,0,0,0,0,0
2025,2025-05-06,778046,594902,2,1,0,0,1,0,0,0
2025,2025-05-06,778046,594902,2,1,0,0,0,0,0,0
2025,2025-05-06,778046,594902,2,1,0,0,0,0,0,0
2025,2025-05-06,778046,594902,2,1,0,0,0,0,0,0
2025,2025-05-06,778046,594902,2,1,0,0,0,0,1,0
2025,2025-05-06,778046,594902,2,1,0,0,0,0,0,0
2025,2025-05-06,778046,594902,2,1,0,0,0,0,0,0
2025,2025-05-06,778046,594902,2,1,0,0,0,0,0,0
2025,2025-05-06,778046,594902,2,1,1,1,0,0,0,1
2025,2025-05-06,778046,594902,3,1,0,0,0,0,0,0
2025,2025-05-07,778022,671106,1,1,0,0,0,0,0,0
2025,2025-05-07,778022,671106,1,1,1,0,0,0,0,0
2025,2025-05-07,778022,671106,1,1,1,0,0,0,0,0
2025,2025-05-07,778022,671106,1,1,0,0,0,0,0,0
2025,2025-05-07,778022,671106,1,1,0,0,0,0,0,0
2025,2025-05-07,778022,671106,1,1,1,0,0,0,0,0
2025,2025-05-07,778022,671106,1,1,0,0,0,0,0,0
2025,2025-05-07,778022,671106,1,1,0,0,0,1,0,0
2025,2025-05-07,778022,671106,1,1,0,0,0,0,0,0
2025,2025-05-07,778022,671106,2,1,1,0,0,0,0,1
2025,2025-05-07,778022,671106,2,1,0,0,0,0,0,0
2025,2025-05-07,778022,671106,2,1,1,0,0,0,0,0
2025,2025-05-07,778022,671106,2,1,0,0,0,0,1,0
2025,2025-05-07,778022,671106,2,1,0,0,1,0,0,0
2025,2025-05-07,778022,671106,2,1,1,0,0,0,0,1
2025,2025-05-07,778022,671106,2,1,0,0,1,0,0,0
2025,2025-05-07,778022,671106,2,1,0,0,0,0,0,1
2025,2025-05-07,778022,671106,2,1,0,0,0,0,0,0
2025,2025-05-07,778022,671106,3,1,0,0,0,0,1,0
2025,2025-05-07,778022,671106,3,1,1,0,0,0,0,0
2025,2025-05-07,778022,671106,3,1,0,0,0,0,0,0
2025,2025-05-07,778022,671106,3,1,0,0,0,0,1,0
2025,2025-05-07,778022,671106,3,1,0,0,1,0,0,0
2025,2025-05-07,778022,671106,3,1,0,0,1,0,0,0
2025,2025-05-09,777997,668909,1,1,0,0,1,0,0,0
2025,2025-05-09,777997,668909,1,1,1,0,0,0,0,0
2025,2025-05-09,777997,668909,1,1,0,0,0,0,0,0
2025,2025-05-09,777997,668909,1,1,0,0,0,0,1,0
2025,2025-05-09,777997,668909,1,1,0,0,0,0,1,0
2025,2025-05-09,777997,668909,1,1,0,0,0,0,1,0
2025,2025-05-09,777997,668909,1,1,0,0,1,0,0,0
2025,2025-05-09,777997,668909,1,1,0,0,0,0,1,0
2025,2025-05-09,777997,668909,1,1,0,0,0,0,1,0
2025,2025-05-09,777997,668909,2,1,0,0,0,0,0,0
2025,2025-05-09,777997,668909,2,1,0,0,0,0,0,0
2025,2025-05-09,777997,668909,2,1,0,0,0,0,1,0
2025,2025-05-09,777997,668909,2,1,0,0,0,0,1,0
2025,2025-05-09,777997,668909,2,1,1,0,0,0,0,0
2025,2025-05-09,777997,668909,2,1,0,0,1,0,0,0
2025,2025-05-09,777997,668909,2,1,1,0,0,0,0,0
2025,2025-05-09,777997,668909,2,1,0,0,1,0,0,0
2025,2025-05-09,777997,668909,2,1,0,0,0,0,0,0
2025,2025-05-09,777997,668909,3,1,0,0,0,0,0,0
2025,2025-05-09,777997,668909,3,1,1,0,0,0,0,0
2025,2025-05-09,777997,668909,3,1,0,0,0,0,1,0
2025,2025-05-10,777983,676440,1,1,0,0,0,0,0,0
2025,2025-05-10,777983,676440,1,1,0,0,0,0,0,0
2025,2025-05-10,777983,676440,1,1,0,0,0,0,0,0
2025,2025-05-10,777983,676440,1,1,0,0,0,0,0,0
2025,2025-05-10,777983,676440,1,1,0,0,0,0,0,0
2025,2025-05-10,777983,676440,1,1,0,0,0,0,0,0
2025,2025-05-10,777983,676440,1,1,0,0,0,0,1,0
2025,2025-05-10,777983,676440,1,1,0,0,0,0,0,0
2025,2025-05-10,777983,676440,1,1,0,0,0,0,1,0
2025,2025-05-10,777983,676440,2,1,0,0,0,0,0,0
2025,2025-05-10,777983,676440,2,1,1,0,0,0,0,0
2025,2025-05-10,777983,676440,2,1,1,0,0,0,0,0
2025,2025-05-10,777983,676440,2,1,1,0,0,0,0,1
2025,2025-05-10,777983,676440,2,1,0,0,0,0,0,0
2025,2025-05-10,777983,676440,2,1,0,0,0,0,0,0
2025,2025-05-10,777983,676440,2,1,0,0,0,0,0,0
2025,2025-05-10,777983,676440,2,1,1,0,0,0,0,0
2025,2025-05-10,777983,676440,2,1,0,0,0,0,0,0
2025,2025-05-10,777983,676440,3,1,0,0,0,0,1,0
2025,2025-05-10,777983,676440,3,1,0,0,0,0,0,0
2025,2025-05-10,777983,676440,3,1,0,0,0,0,0,0
2025,2025-05-10,777983,676440,3,1,0,0,0,0,0,0
2025,2025-05-10,777983,676440,3,1,0,0,0,0,0,0
2025,2025-05-10,777983,676440,3,1,0,0,0,0,0,0
2025,2025-05-10,777983,676440,3,1,1,0,0,0,0,0
2025,2025-05-10,777983,676440,3,1,0,0,0,0,0,0
2025,2025-05-11,777971,682847,1,1,1,0,0,0,0,0
2025,2025-05-11,777971,682847,1,1,0,0,0,0,0,0
2025,2025-05-11,777971,682847,1,1,0,0,0,0,1,0
2025,2025-05-11,777971,682847,1,1,1,1,0,0,0,1
2025,2025-05-11,777971,682847,1,1,0,0,0,0,1,0
2025,2025-05-11,777971,682847,1,1,0,0,0,0,0,0
2025,2025-05-11,777971,682847,1,1,1,0,0,0,0,0
2025,2025-05-11,777971,682847,1,1,0,0,1,0,0,0
2025,2025-05-11,777971,682847,1,1,0,0,0,0,1,0
2025,2025-05-11,777971,682847,2,1,0,0,0,0,0,0
2025,2025-05-11,777971,682847,2,1,0,0,0,0,1,0
2025,2025-05-11,777971,682847,2,1,0,0,0,0,0,0
2025,2025-05-11,777971,682847,2,1,0,0,0,0,1,0
2025,2025-05-11,777971,682847,2,1,0,0,0,0,0,0
2025,2025-05-11,777971,682847,2,1,0,0,0,0,1,0
2025,2025-05-11,777971,682847,2,1,0,0,0,0,0,0
2025,2025-05-11,777971,682847,2,1,1,0,0,0,0,0
2025,2025-05-11,777971,682847,2,1,0,0,0,0,1,0
2025,2025-05-11,777971,682847,3,1,0,0,0,0,0,0
2025,2025-05-11,777971,682847,3,1,0,0,0,0,1,0
2025,2025-05-11,777971,682847,3,1,0,0,1,0,0,0
2025,2025-05-11,777971,682847,3,1,0,0,0,0,0,0
2025,2025-05-11,777971,682847,3,1,0,0,0,0,1,0
2025,2025-05-12,777960,594902,1,1,0,0,0,0,0,0
2025,2025-05-12,777960,594902,1,1,0,0,0,0,0,0
2025,2025-05-12,777960,594902,1,1,1,0,0,0,0,0
2025,2025-05-12,777960,594902,1,1,0,0,0,0,0,0
2025,2025-05-12,777960,594902,1,1,0,0,0,0,0,0
2025,2025-05-12,777960,594902,1,1,0,0,1,0,0,0
2025,2025-05-12,777960,594902,1,1,0,0,0,0,1,0
2025,2025-05-12,777960,594902,1,1,0,0,0,0,0,0
2025,2025-05-12,777960,594902,1,1,0,0,0,0,0,0
2025,2025-05-12,777960,594902,2,1,0,0,0,0,0,0
2025,2025-05-12,777960,594902,2,1,0,0,1,0,0,0
2025,2025-05-12,777960,594902,2,1,0,0,0,0,0,0
2025,2025-05-13,777944,671106,1,1,1,0,0,0,0,0
2025,2025-05-13,777944,671106,1,1,0,0,0,0,0,0
2025,2025-05-13,777944,671106,1,1,0,0,0,0,0,0
2025,2025-05-13,777944,671106,1,1,0,0,0,0,1,0
2025,2025-05-13,777944,671106,1,1,0,0,0,0,0,0
2025,2025-05-13,777944,671106,1,1,0,0,0,0,0,0
2025,2025-05-13,777944,671106,1,1,0,0,0,0,1,0
2025,2025-05-13,777944,671106,1,1,0,0,0,0,0,0
2025,2025-05-13,777944,671106,1,1,0,0,0,0,0,0
2025,2025-05-13,777944,671106,2,1,0,0,0,0,0,0
2025,2025-05-13,777944,671106,2,1,0,0,0,0,1,0
2025,2025-05-13,777944,671106,2,1,0,0,0,0,0,0
2025,2025-05-13,777944,671106,2,1,0,0,0,0,0,0
2025,2025-05-13,777944,671106,2,1,0,0,0,0,0,0
2025,2025-05-13,777944,671106,2,1,1,0,0,0,0,0
2025,2025-05-13,777944,671106,2,1,0,0,0,0,1,0
2025,2025-05-13,777944,671106,2,1,0,0,1,0,0,0
2025,2025-05-13,777944,671106,2,1,0,0,0,0,0,0
2025,2025-05-13,777944,671106,3,1,1,0,0,0,0,0
2025,2025-05-13,777944,671106,3,1,0,0,0,0,1,0
2025,2025-05-13,777944,671106,3,1,0,0,0,0,0,0
2025,2025-05-13,777944,671106,3,1,0,0,0,0,1,0
2025,2025-05-14,777925,668909,1,1,0,0,0,0,0,0
2025,2025-05-14,777925,668909,1,1,0,0,0,0,1,0
2025,2025-05-14,777925,668909,1,1,0,0,0,0,0,0
2025,2025-05-14,777925,668909,1,1,1,0,0,0,0,0
2025,2025-05-14,777925,668909,1,1,0,0,0,0,1,0
2025,2025-05-14,777925,668909,1,1,0,0,1,0,0,0
2025,2025-05-14,777925,668909,1,1,1,0,0,0,0,1
2025,2025-05-14,777925,668909,1,1,0,0,0,0,1,0
2025,2025-05-14,777925,668909,1,1,0,0,0,0,0,0
2025,2025-05-14,777925,668909,2,1,0,0,0,0,0,0
2025,2025-05-14,777925,668909,2,1,0,0,0,0,1,0
2025,2025-05-14,777925,668909,2,1,0,0,0,0,0,0
2025,2025-05-14,777925,668909,2,1,0,0,0,0,0,0
2025,2025-05-14,777925,668909,2,1,0,0,0,0,0,0
2025,2025-05-14,777925,668909,2,1,1,0,0,0,0,0
2025,2025-05-14,777925,668909,2,1,0,0,0,0,1,0
2025,2025-05-14,777925,668909,2,1,0,0,0,0,1,0
2025,2025-05-14,777925,668909,2,1,0,0,0,0,0,0
2025,2025-05-14,777925,668909,3,1,1,1,0,0,0,1
2025,2025-05-14,777925,668909,3,1,0,0,0,0,0,0
2025,2025-05-16,777902,676440,1,1,0,0,0,0,1,0
2025,2025-05-16,777902,676440,1,1,0,0,0,0,0,0
2025,2025-05-16,777902,676440,1,1,1,0,0,0,0,0
2025,2025-05-16,777902,676440,1,1,0,0,0,0,0,0
2025,2025-05-16,777902,676440,1,1,1,0,0,0,0,0
2025,2025-05-16,777902,676440,1,1,1,0,0,0,0,0
2025,2025-05-16,777902,676440,1,1,0,0,0,0,1,0
2025,2025-05-16,777902,676440,1,1,1,1,0,0,0,3
2025,2025-05-16,777902,676440,1,1,1,0,0,0,0,0
2025,2025-05-16,777902,676440,2,1,0,0,0,0,0,0
2025,2025-05-16,777902,676440,2,1,1,0,0,0,0,1
2025,2025-05-16,777902,676440,2,1,0,0,0,0,0,0
2025,2025-05-16,777902,676440,2,1,1,1,0,0,0,1
2025,2025-05-16,777902,676440,2,1,1,0,0,0,0,0
2025,2025-05-16,777902,676440,2,1,0,0,0,0,0,0
2025,2025-05-16,777902,676440,2,1,0,0,0,0,0,0
2025,2025-05-16,777902,676440,2,1,0,0,0,0,0,0
2025,2025-05-16,777902,676440,2,1,0,0,0,0,0,0
2025,2025-05-16,777902,676440,3,1,0,0,1,0,0,0
2025,2025-05-16,777902,676440,3,1,0,0,0,0,0,0
2025,2025-05-16,777902,676440,3,1,0,0,0,0,1,0
2025,2025-05-16,777902,676440,3,1,0,0,0,0,0,0
2025,2025-05-16,777902,676440,3,1,0,0,0,0,0,0
2025,2025-05-16,777902,676440,3,1,0,0,0,0,0,0
2025,2025-05-16,777902,676440,3,1,1,0,0,0,0,0
2025,2025-05-16,777902,676440,3,1,1,0,0,0,0,0
2025,2025-05-16,777902,676440,3,1,0,0,0,0,1,0
2025,2025-05-16,777902,676440,4+,1,0,0,0,0,0,0
2025,2025-05-17,777892,677944,1,1,0,0,0,0,0,0
2025,2025-05-17,777892,677944,1,1,0,0,0,0,0,0
2025,2025-05-17,777892,677944,1,1,0,0,0,0,1,0
2025,2025-05-17,777892,677944,1,1,0,0,0,0,1,0
2025,2025-05-17,777892,677944,1,1,1,0,0,0,0,0
2025,2025-05-17,777892,677944,1,1,0,0,0,0,1,0
2025,2025-05-17,777892,677944,1,1,0,0,0,0,0,0
2025,2025-05-17,777892,677944,1,1,1,0,0,0,0,0
2025,2025-05-17,777892,677944,1,1,0,0,0,0,1,0
2025,2025-05-17,777892,677944,2,1,0,0,0,0,0,0
2025,2025-05-17,777892,677944,2,1,0,0,0,0,0,0
2025,2025-05-17,777892,677944,2,1,0,0,0,0,1,0
2025,2025-05-17,777892,677944,2,1,0,0,0,0,0,0
2025,2025-05-17,777892,677944,2,1,0,0,0,0,1,0
2025,2025-05-17,777892,677944,2,1,1,1,0,0,0,1
2025,2025-05-17,777892,677944,2,1,0,0,0,0,1,0
2025,2025-05-17,777892,677944,2,1,0,0,0,0,0,0
2025,2025-05-17,777892,677944,2,1,0,0,0,0,1,0
2025,2025-05-17,777892,677944,3,1,1,0,0,0,0,0
2025,2025-05-17,777892,677944,3,1,1,0,0,0,0,1
2025,2025-05-18,777874,682847,1,1,0,0,1,0,0,0
2025,2025-05-18,777874,682847,1,1,1,0,0,0,0,0
2025,2025-05-18,777874,682847,1,1,0,0,0,0,0,0
2025,2025-05-18,777874,682847,1,1,0,0,0,0,0,0
2025,2025-05-18,777874,682847,1,1,0,0,0,0,0,0
2025,2025-05-18,777874,682847,1,1,0,0,0,0,1,0
2025,2025-05-18,777874,682847,1,1,1,0,0,0,0,0
2025,2025-05-18,777874,682847,1,1,0,0,0,0,1,0
2025,2025-05-18,777874,682847,1,1,0,0,0,0,0,0
2025,2025-05-18,777874,682847,2,1,0,0,1,0,0,0
2025,2025-05-18,777874,682847,2,1,0,0,0,0,0,0
2025,2025-05-18,777874,682847,2,1,0,0,0,0,0,0
2025,2025-05-18,777874,682847,2,1,0,0,0,0,1,0
2025,2025-05-18,777874,682847,2,1,0,0,0,0,1,0
2025,2025-05-18,777874,682847,2,1,1,0,0,0,0,0
2025,2025-05-18,777874,682847,2,1,1,1,0,0,0,2
2025,2025-05-18,777874,682847,2,1,0,0,0,0,1,0
2025,2025-05-18,777874,682847,2,1,1,0,0,0,0,0
2025,2025-05-18,777874,682847,3,1,0,0,0,0,1,0
2025,2025-05-18,777874,682847,3,1,0,0,0,0,0,0
2025,2025-05-18,777874,682847,3,1,0,0,0,0,0,0
2025,2025-05-18,777874,682847,3,1,1,0,0,0,0,0
2025,2025-05-18,777874,682847,3,1,0,0,0,0,1,0
2025,2025-05-19,777861,671106,1,1,1,0,0,0,0,0
2025,2025-05-19,777861,671106,1,1,0,0,0,0,1,0
2025,2025-05-19,777861,671106,1,1,0,0,1,0,0,0
2025,2025-05-19,777861,671106,1,1,1,0,0,0,0,1
2025,2025-05-19,777861,671106,1,1,0,0,0,0,0,0
2025,2025-05-19,777861,671106,1,1,1,0,0,0,0,0
2025,2025-05-19,777861,671106,1,1,0,0,0,0,1,0
2025,2025-05-19,777861,671106,1,1,0,0,0,0,0,0
2025,2025-05-19,777861,671106,1,1,1,0,0,0,0,1
2025,2025-05-19,777861,671106,2,1,0,0,0,0,1,0
2025,2025-05-19,777861,671106,2,1,0,0,0,0,0,0
2025,2025-05-19,777861,671106,2,1,0,0,0,0,0,0
2025,2025-05-19,777861,671106,2,1,0,0,0,0,0,0
2025,2025-05-21,777829,668909,1,1,0,0,0,0,0,0
2025,2025-05-21,777829,668909,1,1,0,0,0,0,0,0
2025,2025-05-21,777829,668909,1,1,0,0,0,0,0,0
2025,2025-05-21,777829,668909,1,1,0,0,0,0,1,0
2025,2025-05-21,777829,668909,1,1,0,0,0,0,1,0
2025,2025-05-21,777829,668909,1,1,0,0,0,0,0,0
2025,2025-05-21,777829,668909,1,1,0,0,1,0,0,0
2025,2025-05-21,777829,668909,1,1,0,0,0,0,0,0
2025,2025-05-21,777829,668909,1,1,0,0,0,0,0,0
2025,2025-05-21,777829,668909,2,1,1,0,0,0,0,1
2025,2025-05-21,777829,668909,2,1,0,0,1,0,0,0
2025,2025-05-21,777829,668909,2,1,0,0,0,0,0,0
2025,2025-05-21,777829,668909,2,1,0,0,0,0,1,0
2025,2025-05-21,777829,668909,2,1,0,0,0,0,0,0
2025,2025-05-21,777829,668909,2,1,1,0,0,0,0,0
2025,2025-05-21,777829,668909,2,1,0,0,0,0,1,0
2025,2025-05-21,777829,668909,2,1,0,0,0,0,1,0
2025,2025-05-21,777829,668909,2,1,0,0,0,0,0,0
2025,2025-05-21,777829,668909,3,1,0,0,0,0,0,0
2025,2025-05-21,777829,668909,3,1,0,0,0,0,0,0
2025,2025-05-21,777829,668909,3,1,0,0,0,0,0,0
2025,2025-05-21,777829,668909,3,1,0,0,0,0,1,0
2025,2025-05-22,777821,676440,1,1,0,0,0,0,1,0
2025,2025-05-22,777821,676440,1,1,0,0,0,0,0,0
2025,2025-05-22,777821,676440,1,1,0,0,0,0,0,0
2025,2025-05-22,777821,676440,1,1,0,0,0,0,0,0
2025,2025-05-22,777821,676440,1,1,0,0,0,0,1,0
2025,2025-05-22,777821,676440,1,1,0,0,0,0,1,0
2025,2025-05-22,777821,676440,1,1,1,0,0,0,0,0
2025,2025-05-22,777821,676440,1,1,0,0,0,0,1,0
2025,2025-05-22,777821,676440,1,1,1,0,0,0,0,0
2025,2025-05-22,777821,676440,2,1,0,0,0,0,1,0
2025,2025-05-22,777821,676440,2,1,0,0,0,0,0,0
2025,2025-05-22,777821,676440,2,1,0,0,0,0,0,0
2025,2025-05-22,777821,676440,2,1,0,0,0,0,1,0
2025,2025-05-22,777821,676440,2,1,0,0,1,0,0,0
2025,2025-05-22,777821,676440,2,1,0,0,0,0,0,0
2025,2025-05-22,777821,676440,2,1,0,0,0,0,0,0
2025,2025-05-22,777821,676440,2,1,0,0,0,0,0,0
2025,2025-05-22,777821,676440,2,1,0,0,0,0,0,0
2025,2025-05-22,777821,676440,3,1,1,0,0,0,0,0
2025,2025-05-22,777821,676440,3,1,0,0,0,0,0,0
2025,2025-05-22,777821,676440,3,1,0,0,0,0,0,0
2025,2025-05-22,777821,676440,3,1,0,0,0,0,0,0
2025,2025-05-22,777821,676440,3,1,0,0,0,0,0,0
2025,2025-05-22,777821,676440,3,1,0,0,0,0,1,0
2025,2025-05-22,777821,676440,3,1,0,0,0,0,1,0
2025,2025-05-23,777807,677944,1,1,0,0,0,0,0,0
2025,2025-05-23,777807,677944,1,1,0,0,0,0,0,0
2025,2025-05-23,777807,677944,1,1,1,0,0,0,0,0
2025,2025-05-23,777807,677944,1,1,0,0,0,0,0,0
2025,2025-05-23,777807,677944,1,1,0,0,0,0,1,0
2025,2025-05-23,777807,677944,1,1,0,0,0,0,0,0
2025,2025-05-23,777807,677944,1,1,0,0,0,0,0,0
2025,2025-05-23,777807,677944,1,1,0,0,0,0,0,0
2025,2025-05-23,777807,677944,1,1,0,0,0,0,0,0
2025,2025-05-23,777807,677944,2,1,0,0,1,0,0,0
2025,2025-05-23,777807,677944,2,1,0,0,1,0,0,0
2025,2025-05-23,777807,677944,2,1,0,0,0,0,0,0
2025,2025-05-23,777807,677944,2,1,1,0,0,0,0,0
2025,2025-05-23,777807,677944,2,1,0,0,0,0,1,0
2025,2025-05-23,777807,677944,2,1,1,0,0,0,0,0
2025,2025-05-23,777807,677944,2,1,0,0,0,0,0,0
2025,2025-05-23,777807,677944,2,1,0,0,0,0,1,0
2025,2025-05-23,777807,677944,2,1,0,0,0,0,1,0
2025,2025-05-23,777807,677944,3,1,1,0,0,0,0,0
2025,2025-05-23,777807,677944,3,1,0,0,0,0,0,0
2025,2025-05-23,777807,677944,3,1,0,0,0,0,1,0
2025,2025-05-23,777807,677944,3,1,0,0,0,0,0,0
2025,2025-05-23,777807,677944,3,1,1,1,0,0,0,1
2025,2025-05-23,777807,677944,3,1,0,0,0,0,1,0
2025,2025-05-23,777807,677944,3,1,0,0,0,0,0,0
2025,2025-05-24,777796,682847,1,1,1,0,0,0,0,0
2025,2025-05-24,777796,682847,1,1,0,0,1,0,0,0
2025,2025-05-24,777796,682847,1,1,1,0,0,0,0,1
2025,2025-05-24,777796,682847,1,1,0,0,0,0,0,0
2025,2025-05-24,777796,682847,1,1,0,0,0,0,0,0
2025,2025-05-24,777796,682847,1,1,0,0,1,0,0,0
2025,2025-05-24,777796,682847,1,1,1,0,0,0,0,2
2025,2025-05-24,777796,682847,1,1,0,0,0,0,0,0
2025,2025-05-24,777796,682847,1,1,0,0,0,0,0,0
2025,2025-05-24,777796,682847,2,1,0,0,0,0,1,0
2025,2025-05-24,777796,682847,2,1,1,0,0,0,0,0
2025,2025-05-24,777796,682847,2,1,0,0,0,0,0,0
2025,2025-05-24,777796,682847,2,1,0,0,1,0,0,0
2025,2025-05-24,777796,682847,2,1,0,0,0,0,1,0
2025,2025-05-24,777796,682847,2,1,0,0,1,0,0,0
2025,2025-05-24,777796,682847,2,1,0,0,0,0,0,0
2025,2025-05-24,777796,682847,2,1,0,0,0,0,0,0
2025,2025-05-24,777796,682847,2,1,0,0,0,0,0,0
2025,2025-05-24,777796,682847,3,1,0,0,0,0,0,0
2025,2025-05-24,777796,682847,3,1,0,0,1,0,0,0
2025,2025-05-24,777796,682847,3,1,0,0,0,0,0,0
2025,2025-05-24,777796,682847,3,1,0,0,0,0,1,0
2025,2025-05-25,777780,671106,1,1,0,0,0,0,0,0
2025,2025-05-25,777780,671106,1,1,0,0,1,0,0,0
2025,2025-05-25,777780,671106,1,1,0,0,0,0,1,0
2025,2025-05-25,777780,671106,1,1,0,0,0,0,0,0
2025,2025-05-25,777780,671106,1,1,0,0,0,0,0,0
2025,2025-05-25,777780,671106,1,1,1,0,0,0,0,0
2025,2025-05-25,777780,671106,1,1,0,0,0,0,0,0
2025,2025-05-25,777780,671106,1,1,0,0,0,0,1,0
2025,2025-05-25,777780,671106,1,1,0,0,1,0,0,0
2025,2025-05-25,777780,671106,2,1,0,0,0,0,0,0
2025,2025-05-25,777780,671106,2,1,0,0,0,0,0,0
2025,2025-05-25,777780,671106,2,1,0,0,1,0,0,0
2025,2025-05-25,777780,671106,2,1,0,0,0,0,0,0
2025,2025-05-25,777780,671106,2,1,0,0,1,0,0,0
2025,2025-05-25,777780,671106,2,1,0,0,0,0,0,0
2025,2025-05-25,777780,671106,2,1,1,0,0,0,0,0
2025,2025-05-25,777780,671106,2,1,0,0,0,0,0,0
2025,2025-05-25,777780,671106,2,1,1,1,0,0,0,2
2025,2025-05-25,777780,671106,3,1,1,0,0,0,0,0
2025,2025-05-25,777780,671106,3,1,0,0,0,0,0,0
2025,2025-05-25,777780,671106,3,1,1,0,0,0,0,1
2025,2025-05-25,777780,671106,3,1,1,0,0,0,0,1
2025,2025-05-25,777780,671106,3,1,0,0,0,0,0,1
2025,2025-05-26,777769,668909,1,1,1,1,0,0,0,1
2025,2025-05-26,777769,668909,1,1,0,0,0,0,0,0
2025,2025-05-26,777769,668909,1,1,0,0,0,0,0,0
2025,2025-05-26,777769,668909,1,1,0,0,0,0,0,0
2025,2025-05-26,777769,668909,1,1,0,0,1,0,0,0
2025,2025-05-26,777769,668909,1,1,0,0,0,0,0,0
2025,2025-05-26,777769,668909,1,1,1,0,0,0,0,1
2025,2025-05-26,777769,668909,1,1,0,0,1,0,0,0
2025,2025-05-26,777769,668909,1,1,0,0,0,0,0,0
2025,2025-05-26,777769,668909,2,1,0,0,0,0,1,0
2025,2025-05-26,777769,668909,2,1,0,0,0,0,0,0
2025,2025-05-26,777769,668909,2,1,1,0,0,0,0,0
2025,2025-05-26,777769,668909,2,1,0,0,0,0,0,0
2025,2025-05-26,777769,668909,2,1,0,0,0,0,0,0
2025,2025-05-26,777769,668909,2,1,0,0,0,0,0,0
2025,2025-05-26,777769,668909,2,1,0,0,1,0,0,0
2025,2025-05-26,777769,668909,2,1,0,0,0,0,1,0
2025,2025-05-26,777769,668909,2,1,0,0,0,0,1,0
2025,2025-05-26,777769,668909,3,1,0,0,1,0,0,0
2025,2025-05-26,777769,668909,3,1,0,0,0,0,0,0
2025,2025-05-26,777769,668909,3,1,0,0,1,0,0,0
2025,2025-05-26,777769,668909,3,1,1,0,0,0,0,1
2025,2025-05-26,777769,668909,3,1,0,0,1,0,0,0
2025,2025-05-26,777769,668909,3,1,0,0,0,0,0,1
2025,2025-05-27,777753,676440,1,1,0,0,0,0,1,0
2025,2025-05-27,777753,676440,1,1,0,0,0,0,1,0
2025,2025-05-27,777753,676440,1,1,1,0,0,0,0,0
2025,2025-05-27,777753,676440,1,1,0,0,0,0,1,0
2025,2025-05-27,777753,676440,1,1,0,0,1,0,0,0
2025,2025-05-27,777753,676440,1,1,1,0,0,0,0,1
2025,2025-05-27,777753,676440,1,1,1,0,0,0,0,0
2025,2025-05-27,777753,676440,1,1,1,0,0,0,0,1
2025,2025-05-27,777753,676440,1,1,0,0,0,0,0,0
2025,2025-05-27,777753,676440,2,1,0,0,1,0,0,0
2025,2025-05-27,777753,676440,2,1,0,0,1,0,0,0
2025,2025-05-27,777753,676440,2,1,0,0,0,0,1,0
2025,2025-05-27,777753,676440,2,1,0,0,0,0,1,0
2025,2025-05-27,777753,676440,2,1,0,0,0,0,0,0
2025,2025-05-27,777753,676440,2,1,0,0,0,0,0,0
2025,2025-05-27,777753,676440,2,1,0,0,0,0,1,0
2025,2025-05-27,777753,676440,2,1,0,0,0,0,1,0
2025,2025-05-27,777753,676440,2,1,1,0,0,0,0,0
2025,2025-05-27,777753,676440,3,1,1,1,0,0,0,2
2025,2025-05-27,777753,676440,3,1,0,0,0,0,0,0
2025,2025-05-27,777753,676440,3,1,0,0,0,0,0,0
2025,2025-05-27,777753,676440,3,1,1,0,0,0,0,0
2025,2025-05-27,777753,676440,3,1,0,0,0,0,0,0
2025,2025-05-28,777739,663465,1,1,0,0,0,0,1,0
2025,2025-05-28,777739,663465,1,1,0,0,0,0,0,0
2025,2025-05-28,777739,663465,1,1,0,0,0,0,0,0
2025,2025-05-28,777739,663465,1,1,0,0,0,0,1,0
2025,2025-05-28,777739,663465,1,1,1,0,0,0,0,0
2025,2025-05-28,777739,663465,1,1,0,0,0,0,0,0
2025,2025-05-28,777739,663465,1,1,0,0,0,0,1,0
2025,2025-05-28,777739,663465,1,1,0,0,0,0,0,0
2025,2025-05-28,777739,663465,1,1,0,0,0,0,0,0
2025,2025-05-28,777739,663465,2,1,0,0,0,0,0,0
2025,2025-05-28,777739,663465,2,1,0,0,0,0,0,0
2025,2025-05-28,777739,663465,2,1,1,0,0,0,0,0
2025,2025-05-28,777739,663465,2,1,0,0,0,0,0,0
2025,2025-05-28,777739,663465,2,1,1,0,0,0,0,1
2025,2025-05-28,777739,663465,2,1,1,0,0,0,0,1
2025,2025-05-28,777739,663465,2,1,0,0,0,0,0,0
2025,2025-05-30,777721,682847,1,1,0,0,0,0,0,0
2025,2025-05-30,777721,682847,1,1,0,0,0,0,0,0
2025,2025-05-30,777721,682847,1,1,0,0,0,0,0,0
2025,2025-05-30,777721,682847,1,1,0,0,1,0,0,0
2025,2025-05-30,777721,682847,1,1,0,0,0,0,0,0
2025,2025-05-30,777721,682847,1,1,1,0,0,0,0,0
2025,2025-05-30,777721,682847,1,1,1,0,0,0,0,1
2025,2025-05-30,777721,682847,1,1,0,0,0,0,0,0
2025,2025-05-30,777721,682847,1,1,0,0,0,0,0,0
2025,2025-05-30,777721,682847,2,1,0,0,0,0,1,0
2025,2025-05-30,777721,682847,2,1,1,0,0,0,0,0
2025,2025-05-30,777721,682847,2,1,1,0,0,0,0,0
2025,2025-05-30,777721,682847,2,1,0,0,0,0,0,0
2025,2025-05-30,777721,682847,2,1,1,0,0,0,0,0
2025,2025-05-30,777721,682847,2,1,0,0,0,0,1,0
2025,2025-05-30,777721,682847,2,1,1,0,0,0,0,0
2025,2025-05-30,777721,682847,2,1,0,0,0,0,1,0
2025,2025-05-30,777721,682847,2,1,0,0,0,0,0,0
2025,2025-05-30,777721,682847,3,1,1,0,0,0,0,0
2025,2025-05-30,777721,682847,3,1,0,0,0,0,0,0
2025,2025-05-30,777721,682847,3,1,0,0,1,0,0,0
2025,2025-05-30,777721,682847,3,1,0,0,0,0,0,0
2025,2025-05-30,777721,682847,3,1,0,0,0,0,1,0
2025,2025-05-30,777721,682847,3,1,0,0,0,0,1,0
2025,2025-05-30,777721,682847,3,1,0,0,0,0,0,0
2025,2025-05-31,777703,677944,1,1,0,0,0,0,0,0
2025,2025-05-31,777703,677944,1,1,0,0,1,0,0,0
2025,2025-05-31,777703,677944,1,1,0,0,0,0,1,0
2025,2025-05-31,777703,677944,1,1,0,0,0,0,0,0
2025,2025-05-31,777703,677944,1,1,0,0,0,0,0,0
2025,2025-05-31,777703,677944,1,1,1,0,0,0,0,0
2025,2025-05-31,777703,677944,1,1,0,0,0,0,1,0
2025,2025-05-31,777703,677944,1,1,0,0,1,0,0,0
2025,2025-05-31,777703,677944,1,1,0,0,0,0,0,0
2025,2025-05-31,777703,677944,2,1,0,0,0,0,0,0
2025,2025-05-31,777703,677944,2,1,1,0,0,0,0,0
2025,2025-05-31,777703,677944,2,1,1,1,0,0,0,1
2025,2025-05-31,777703,677944,2,1,1,1,0,0,0,1
2025,2025-05-31,777703,677944,2,1,0,0,0,0,0,0
2025,2025-05-31,777703,677944,2,1,1,0,0,0,0,0
2025,2025-05-31,777703,677944,2,1,0,0,0,0,0,0
2025,2025-05-31,777703,677944,2,1,1,1,0,0,0,2
2025,2025-05-31,777703,677944,2,1,0,0,0,0,0,0
2025,2025-05-31,777703,677944,3,1,0,0,0,0,1,0
2025,2025-05-31,777703,677944,3,1,0,0,0,0,0,0
2025,2025-05-31,777703,677944,3,1,1,0,0,0,0,0
2025,2025-05-31,777703,677944,3,1,0,0,1,0,0,0
2025,2025-06-01,777683,668909,1,1,0,0,0,0,0,0
2025,2025-06-01,777683,668909,1,1,0,0,1,0,0,0
2025,2025-06-01,777683,668909,1,1,0,0,0,0,0,0
2025,2025-06-01,777683,668909,1,1,0,0,0,0,0,0
2025,2025-06-01,777683,668909,1,1,0,0,0,0,1,0
2025,2025-06-01,777683,668909,1,1,0,0,0,0,1,0
2025,2025-06-01,777683,668909,1,1,0,0,0,0,0,0
2025,2025-06-01,777683,668909,1,1,0,0,0,0,0,0
2025,2025-06-01,777683,668909,1,1,0,0,0,0,1,0
2025,2025-06-01,777683,668909,2,1,0,0,0,0,0,0
2025,2025-06-01,777683,668909,2,1,0,0,1,0,0,0
2025,2025-06-01,777683,668909,2,1,0,0,0,0,0,0
2025,2025-06-01,777683,668909,2,1,0,0,0,0,0,0
2025,2025-06-01,777683,668909,2,1,0,0,0,0,0,0
2025,2025-06-01,777683,668909,2,1,0,0,0,0,1,0
2025,2025-06-01,777683,668909,2,1,0,0,0,0,1,0
2025,2025-06-01,777683,668909,2,1,0,0,0,0,1,0
2025,2025-06-01,777683,668909,2,1,0,0,0,0,0,0
2025,2025-06-01,777683,668909,3,1,1,0,0,0,0,0
2025,2025-06-01,777683,668909,3,1,0,0,0,0,0,0
2025,2025-06-01,777683,668909,3,1,0,0,0,0,0,0
2025,2025-06-01,777683,668909,3,1,0,0,0,0,0,0
2025,2025-06-01,777683,668909,3,1,0,0,0,0,0,0
2025,2025-06-01,777683,668909,3,1,0,0,0,1,0,0
2025,2025-06-03,777664,676440,1,1,0,0,0,0,1,0
2025,2025-06-03,777664,676440,1,1,0,0,0,0,1,0
2025,2025-06-03,777664,676440,1,1,0,0,0,0,1,0
2025,2025-06-03,777664,676440,1,1,0,0,0,0,0,0
2025,2025-06-03,777664,676440,1,1,0,0,0,0,1,0
2025,2025-06-03,777664,676440,1,1,0,0,0,0,0,0
2025,2025-06-03,777664,676440,1,1,0,0,0,0,0,0
2025,2025-06-03,777664,676440,1,1,0,0,0,0,0,0
2025,2025-06-03,777664,676440,1,1,0,0,0,0,0,0
2025,2025-06-03,777664,676440,2,1,0,0,0,0,0,0
2025,2025-06-03,777664,676440,2,1,0,0,0,0,0,0
2025,2025-06-03,777664,676440,2,1,0,0,1,0,0,0
2025,2025-06-03,777664,676440,2,1,0,0,0,0,0,0
2025,2025-06-03,777664,676440,2,1,0,0,0,0,0,0
2025,2025-06-03,777664,676440,2,1,1,0,0,0,0,0
2025,2025-06-03,777664,676440,2,1,0,0,0,0,0,0
2025,2025-06-03,777664,676440,2,1,0,0,1,0,0,0
2025,2025-06-03,777664,676440,2,1,1,0,0,0,0,1
2025,2025-06-03,777664,676440,3,1,0,0,0,0,0,0
2025,2025-06-03,777664,676440,3,1,0,0,0,0,0,0
2025,2025-06-03,777664,676440,3,1,0,0,0,0,0,0
2025,2025-06-03,777664,676440,3,1,0,0,0,0,1,0
2025,2025-06-03,777664,676440,3,1,0,0,0,0,1,0
2025,2025-06-03,777664,676440,3,1,1,1,0,0,0,1
2025,2025-06-03,777664,676440,3,1,1,1,0,0,0,1
2025,2025-06-03,777664,676440,3,1,0,0,0,0,0,0
2025,2025-06-04,777653,682847,1,1,0,0,0,0,1,0
2025,2025-06-04,777653,682847,1,1,0,0,0,0,0,0
2025,2025-06-04,777653,682847,1,1,1,0,0,0,0,0
2025,2025-06-04,777653,682847,1,1,0,0,0,0,0,0
2025,2025-06-04,777653,682847,1,1,0,0,1,0,0,0
2025,2025-06-04,777653,682847,1,1,0,0,0,0,1,0
2025,2025-06-04,777653,682847,1,1,0,0,0,0,0,0
2025,2025-06-04,777653,682847,1,1,0,0,0,0,0,0
2025,2025-06-04,777653,682847,1,1,0,0,0,0,1,0
2025,2025-06-04,777653,682847,2,1,0,0,1,0,0,0
2025,2025-06-04,777653,682847,2,1,1,0,0,0,0,0
2025,2025-06-04,777653,682847,2,1,0,0,0,0,1,0
2025,2025-06-04,777653,682847,2,1,0,0,0,0,0,0
2025,2025-06-04,777653,682847,2,1,0,0,0,0,1,0
2025,2025-06-04,777653,682847,2,1,0,0,0,0,1,0
2025,2025-06-04,777653,682847,2,1,0,0,0,0,0,0
2025,2025-06-04,777653,682847,2,1,0,0,0,0,1,0
2025,2025-06-04,777653,682847,2,1,0,0,0,0,0,0
2025,2025-06-04,777653,682847,3,1,0,0,1,0,0,0
2025,2025-06-04,777653,682847,3,1,0,0,0,0,0,0
2025,2025-06-04,777653,682847,3,1,1,0,0,0,0,0
2025,2025-06-05,777644,677944,1,1,0,0,0,0,1,0
2025,2025-06-05,777644,677944,1,1,0,0,0,0,0,0
2025,2025-06-05,777644,677944,1,1,0,0,0,1,0,0
2025,2025-06-05,777644,677944,1,1,0,0,0,0,0,0
2025,2025-06-05,777644,677944,1,1,0,0,0,0,0,0
2025,2025-06-05,777644,677944,1,1,0,0,0,0,0,0
2025,2025-06-05,777644,677944,1,1,0,0,0,0,0,0
2025,2025-06-05,777644,677944,1,1,0,0,0,0,1,0
2025,2025-06-05,777644,677944,1,1,0,0,0,0,0,0
2025,2025-06-05,777644,677944,2,1,0,0,0,0,0,0
2025,2025-06-05,777644,677944,2,1,0,0,0,0,0,0
2025,2025-06-05,777644,677944,2,1,1,0,0,0,0,0
2025,2025-06-05,777644,677944,2,1,1,1,0,0,0,2
2025,2025-06-05,777644,677944,2,1,1,0,0,0,0,0
2025,2025-06-05,777644,677944,2,1,0,0,0,0,0,0
2025,2025-06-05,777644,677944,2,1,0,0,0,0,1,0
2025,2025-06-05,777644,677944,2,1,1,0,0,0,0,0
2025,2025-06-05,777644,677944,2,1,1,0,0,0,0,0
2025,2025-06-05,777644,677944,3,1,0,0,1,0,0,0
2025,2025-06-05,777644,677944,3,1,0,0,0,0,0,0
2025,2025-06-05,777644,677944,3,1,0,0,1,0,0,0
2025,2025-06-05,777644,677944,3,1,0,0,0,0,0,0
2025,2025-06-06,777622,671106,1,1,1,0,0,0,0,0
2025,2025-06-06,777622,671106,1,1,0,0,0,0,1,0
2025,2025-06-06,777622,671106,1,1,0,0,0,0,1,0
2025,2025-06-06,777622,671106,1,1,0,0,0,0,0,0
2025,2025-06-06,777622,671106,1,1,1,0,0,0,0,0
2025,2025-06-06,777622,671106,1,1,0,0,0,0,0,0
2025,2025-06-06,777622,671106,1,1,0,0,0,0,0,0
2025,2025-06-06,777622,671106,1,1,0,0,0,0,0,0
2025,2025-06-06,777622,671106,1,1,0,0,0,0,0,0
2025,2025-06-06,777622,671106,2,1,1,0,0,0,0,0
2025,2025-06-06,777622,671106,2,1,1,0,0,0,0,0
2025,2025-06-06,777622,671106,2,1,0,0,0,0,0,0
2025,2025-06-06,777622,671106,2,1,0,0,0,0,0,0
2025,2025-06-06,777622,671106,2,1,0,0,0,0,0,0
2025,2025-06-06,777622,671106,2,1,0,0,0,1,0,0
2025,2025-06-06,777622,671106,2,1,0,0,0,0,0,0
2025,2025-06-06,777622,671106,2,1,0,0,1,0,0,0
2025,2025-06-06,777622,671106,2,1,0,0,0,0,0,0
2025,2025-06-06,777622,671106,3,1,0,0,0,0,0,0
2025,2025-06-06,777622,671106,3,1,0,0,1,0,0,0
2025,2025-06-06,777622,671106,3,1,1,0,0,0,0,1
2025,2025-06-06,777622,671106,3,1,1,0,0,0,0,2
2025,2025-06-06,777622,671106,3,1,0,0,0,0,0,0
2025,2025-06-06,777622,671106,3,1,0,0,0,0,0,0
2025,2025-06-06,777622,671106,3,1,0,0,0,0,0,0
2025,2025-06-06,777622,671106,3,1,1,1,0,0,0,1
2025,2025-06-06,777622,671106,3,1,0,0,0,0,0,0
2025,2025-06-07,777608,668909,1,1,0,0,0,0,1,0
2025,2025-06-07,777608,668909,1,1,0,0,0,0,0,0
2025,2025-06-07,777608,668909,1,1,0,0,0,0,0,0
2025,2025-06-07,777608,668909,1,1,1,0,0,0,0,0
2025,2025-06-07,777608,668909,1,1,0,0,0,0,0,0
2025,2025-06-07,777608,668909,1,1,0,0,0,0,0,0
2025,2025-06-07,777608,668909,1,1,0,0,1,0,0,0
2025,2025-06-07,777608,668909,1,1,0,0,0,0,0,0
2025,2025-06-07,777608,668909,1,1,0,0,0,0,0,0
2025,2025-06-07,777608,668909,2,1,0,0,0,0,0,0
2025,2025-06-07,777608,668909,2,1,0,0,0,0,1,0
2025,2025-06-07,777608,668909,2,1,0,0,0,0,0,0
2025,2025-06-07,777608,668909,2,1,0,0,0,0,0,0
2025,2025-06-07,777608,668909,2,1,0,0,0,0,0,0
2025,2025-06-07,777608,668909,2,1,1,0,0,0,0,0
2025,2025-06-07,777608,668909,2,1,1,0,0,0,0,0
2025,2025-06-07,777608,668909,2,1,0,0,0,0,1,0
2025,2025-06-07,777608,668909,2,1,0,0,0,0,1,0
2025,2025-06-07,777608,668909,3,1,1,0,0,0,0,1
2025,2025-06-07,777608,668909,3,1,0,0,0,0,0,0
2025,2025-06-07,777608,668909,3,1,0,0,0,0,0,0
2025,2025-06-07,777608,668909,3,1,0,0,0,0,1,0
2025,2025-06-07,777608,668909,3,1,0,0,1,0,0,0
2025,2025-06-07,777608,668909,3,1,1,1,0,0,0,2
2025,2025-06-07,777608,668909,3,1,0,0,0,0,0,0
2025,2025-06-08,777591,676440,1,1,0,0,0,0,1,0
2025,2025-06-08,777591,676440,1,1,0,0,0,0,1,0
2025,2025-06-08,777591,676440,1,1,0,0,0,0,0,0
2025,2025-06-08,777591,676440,1,1,0,0,0,0,0,0
2025,2025-06-08,777591,676440,1,1,1,0,0,0,0,0
2025,2025-06-08,777591,676440,1,1,0,0,0,0,1,0
2025,2025-06-08,777591,676440,1,1,0,0,0,0,1,0
2025,2025-06-08,777591,676440,1,1,0,0,0,0,0,0
2025,2025-06-08,777591,676440,1,1,0,0,0,0,0,0
2025,2025-06-08,777591,676440,2,1,0,0,0,0,0,0
2025,2025-06-08,777591,676440,2,1,0,0,0,0,0,0
2025,2025-06-08,777591,676440,2,1,0,0,0,0,0,0
2025,2025-06-08,777591,676440,2,1,0,0,0,0,0,0
2025,2025-06-08,777591,676440,2,1,1,0,0,0,0,0
2025,2025-06-08,777591,676440,2,1,0,0,0,0,0,0
2025,2025-06-08,777591,676440,2,1,0,0,0,0,0,0
2025,2025-06-08,777591,676440,2,1,0,0,0,0,0,0
2025,2025-06-08,777591,676440,2,1,0,0,0,0,0,0
2025,2025-06-08,777591,676440,3,1,0,0,0,0,1,0
2025,2025-06-08,777591,676440,3,1,0,0,0,0,1,0
2025,2025-06-08,777591,676440,3,1,0,0,0,0,0,0
2025,2025-06-08,777591,676440,3,1,1,0,0,0,0,0
2025,2025-06-08,777591,676440,3,1,1,0,0,0,0,0
2025,2025-06-08,777591,676440,3,1,1,0,0,0,0,2
2025,2025-06-09,777580,682847,1,1,0,0,0,0,0,0
2025,2025-06-09,777580,682847,1,1,0,0,0,0,0,0
2025,2025-06-09,777580,682847,1,1,0,0,0,0,1,0
2025,2025-06-09,777580,682847,1,1,0,0,0,0,1,0
2025,2025-06-09,777580,682847,1,1,0,0,0,0,1,0
2025,2025-06-09,777580,682847,1,1,0,0,1,0,0,0
2025,2025-06-09,777580,682847,1,1,1,0,0,0,0,0
2025,2025-06-09,777580,682847,1,1,1,0,0,0,0,1
2025,2025-06-09,777580,682847,1,1,0,0,0,0,0,0
2025,2025-06-09,777580,682847,2,1,1,1,0,0,0,1
2025,2025-06-09,777580,682847,2,1,0,0,0,0,0,0
2025,2025-06-09,777580,682847,2,1,1,0,0,0,0,0
2025,2025-06-09,777580,682847,2,1,0,0,0,0,1,0
2025,2025-06-09,777580,682847,2,1,0,0,0,0,0,0
2025,2025-06-09,777580,682847,2,1,1,0,0,0,0,0
2025,2025-06-09,777580,682847,2,1,0,0,0,0,0,0
2025,2025-06-09,777580,682847,2,1,1,1,0,0,0,1
2025,2025-06-09,777580,682847,2,1,0,0,0,0,0,0
2025,2025-06-09,777580,682847,3,1,1,0,0,0,0,0
2025,2025-06-09,777580,682847,3,1,1,0,0,0,0,0
2025,2025-06-09,777580,682847,3,1,0,0,0,0,1,0
2025,2025-06-09,777580,682847,3,1,0,0,0,0,0,1
2025,2025-06-09,777580,682847,3,1,1,0,0,0,0,0
2025,2025-06-10,777569,677944,1,1,0,0,0,0,1,0
2025,2025-06-10,777569,677944,1,1,0,0,0,0,0,0
2025,2025-06-10,777569,677944,1,1,0,0,0,0,0,0
2025,2025-06-10,777569,677944,1,1,0,0,0,0,1,0
2025,2025-06-10,777569,677944,1,1,0,0,0,0,0,0
2025,2025-06-10,777569,677944,1,1,0,0,0,0,0,0
2025,2025-06-10,777569,677944,1,1,0,0,0,0,1,0
2025,2025-06-10,777569,677944,1,1,0,0,0,0,1,0
2025,2025-06-10,777569,677944,1,1,0,0,0,0,1,0
2025,2025-06-10,777569,677944,2,1,0,0,0,0,1,0
2025,2025-06-10,777569,677944,2,1,1,0,0,0,0,0
2025,2025-06-10,777569,677944,2,1,1,0,0,0,0,0
2025,2025-06-10,777569,677944,2,1,0,0,0,0,1,0
2025,2025-06-10,777569,677944,2,1,0,0,0,0,1,0
2025,2025-06-10,777569,677944,2,1,1,0,0,0,0,0
2025,2025-06-10,777569,677944,2,1,1,0,0,0,0,1
2025,2025-06-10,777569,677944,2,1,0,0,1,0,0,0
2025,2025-06-10,777569,677944,2,1,0,0,0,0,0,0
2025,2025-06-10,777569,677944,3,1,0,0,0,0,0,0
2025,2025-06-10,777569,677944,3,1,0,0,0,0,0,0
2025,2025-06-11,777549,671106,1,1,0,0,0,0,0,0
2025,2025-06-11,777549,671106,1,1,1,0,0,0,0,0
2025,2025-06-11,777549,671106,1,1,0,0,0,0,0,0
2025,2025-06-11,777549,671106,1,1,0,0,0,0,0,0
2025,2025-06-11,777549,671106,1,1,0,0,0,0,1,0
2025,2025-06-11,777549,671106,1,1,0,0,0,0,1,0
2025,2025-06-11,777549,671106,1,1,0,0,0,0,0,0
2025,2025-06-11,777549,671106,1,1,0,0,1,0,0,0
2025,2025-06-11,777549,671106,1,1,0,0,0,0,0,0
2025,2025-06-11,777549,671106,2,1,0,0,0,0,1,0
2025,2025-06-11,777549,671106,2,1,0,0,0,0,0,0
2025,2025-06-11,777549,671106,2,1,1,1,0,0,0,1
2025,2025-06-11,777549,671106,2,1,0,0,0,0,1,0
2025,2025-06-11,777549,671106,2,1,0,0,0,0,0,0
2025,2025-06-11,777549,671106,2,1,0,0,0,0,0,0
2025,2025-06-11,777549,671106,2,1,0,0,0,0,0,0
2025,2025-06-11,777549,671106,2,1,1,0,0,0,0,0
2025,2025-06-11,777549,671106,2,1,0,0,0,0,1,0
2025,2025-06-11,777549,671106,3,1,1,1,0,0,0,1
2025,2025-06-11,777549,671106,3,1,0,0,0,0,0,0
2025,2025-06-11,777549,671106,3,1,0,0,0,0,0,0
2025,2025-06-11,777549,671106,3,1,0,0,0,0,1,0
2025,2025-06-13,777520,668909,1,1,1,0,0,0,0,0
2025,2025-06-13,777520,668909,1,1,0,0,0,0,0,0
2025,2025-06-13,777520,668909,1,1,0,0,1,0,0,0
2025,2025-06-13,777520,668909,1,1,0,0,0,0,1,0
2025,2025-06-13,777520,668909,1,1,0,0,1,0,0,0
2025,2025-06-13,777520,668909,1,1,0,0,0,0,0,0
2025,2025-06-13,777520,668909,1,1,0,0,0,0,0,0
2025,2025-06-13,777520,668909,1,1,0,0,1,0,0,0
2025,2025-06-13,777520,668909,1,1,0,0,0,0,0,0
2025,2025-06-13,777520,668909,2,1,0,0,0,0,0,0
2025,2025-06-13,777520,668909,2,1,1,0,0,0,0,0
2025,2025-06-13,777520,668909,2,1,0,0,0,0,0,0
2025,2025-06-13,777520,668909,2,1,0,0,0,0,0,0
2025,2025-06-13,777520,668909,2,1,0,0,0,0,0,0
2025,2025-06-13,777520,668909,2,1,1,1,0,0,0,1
2025,2025-06-13,777520,668909,2,1,0,0,0,0,0,0
2025,2025-06-13,777520,668909,2,1,1,0,0,0,0,0
2025,2025-06-13,777520,668909,2,1,0,0,0,0,0,0
2025,2025-06-13,777520,668909,3,1,1,0,0,0,0,1
2025,2025-06-13,777520,668909,3,1,1,0,0,0,0,0
2025,2025-06-13,777520,668909,3,1,0,0,0,0,0,0
2025,2025-06-14,777507,676440,1,1,1,0,0,0,0,0
2025,2025-06-14,777507,676440,1,1,1,0,0,0,0,0
2025,2025-06-14,777507,676440,1,1,1,0,0,0,0,1
2025,2025-06-14,777507,676440,1,1,0,0,0,0,0,1
2025,2025-06-14,777507,676440,1,1,0,0,0,1,0,0
2025,2025-06-14,777507,676440,1,1,0,0,0,0,1,0
2025,2025-06-14,777507,676440,1,1,0,0,0,0,0,0
2025,2025-06-14,777507,676440,1,1,0,0,0,0,1,0
2025,2025-06-14,777507,676440,1,1,0,0,0,0,0,0
2025,2025-06-14,777507,676440,2,1,0,0,1,0,0,0
2025,2025-06-14,777507,676440,2,1,0,0,0,0,0,0
2025,2025-06-14,777507,676440,2,1,0,0,0,0,0,0
2025,2025-06-14,777507,676440,2,1,0,0,0,0,0,0
2025,2025-06-14,777507,676440,2,1,0,0,1,0,0,0
2025,2025-06-14,777507,676440,2,1,0,0,0,0,1,0
2025,2025-06-14,777507,676440,2,1,0,0,0,0,0,0
2025,2025-06-14,777507,676440,2,1,0,0,0,0,0,0
2025,2025-06-14,777507,676440,2,1,0,0,0,0,0,0
2025,2025-06-14,777507,676440,3,1,1,0,0,0,0,0
2025,2025-06-14,777507,676440,3,1,0,0,0,0,0,0
2025,2025-06-14,777507,676440,3,1,0,0,0,1,0,0
2025,2025-06-14,777507,676440,3,1,0,0,1,0,0,0
2025,2025-06-14,777507,676440,3,1,0,0,0,0,0,0
2025,2025-06-15,777495,682847,1,1,0,0,0,0,0,0
2025,2025-06-15,777495,682847,1,1,0,0,0,0,0,0
2025,2025-06-15,777495,682847,1,1,1,0,0,0,0,0
2025,2025-06-15,777495,682847,1,1,0,0,0,0,0,0
2025,2025-06-15,777495,682847,1,1,0,0,1,0,0,0
2025,2025-06-15,777495,682847,1,1,1,0,0,0,0,0
2025,2025-06-15,777495,682847,1,1,0,0,0,0,1,0
2025,2025-06-15,777495,682847,1,1,0,0,1,0,0,0
2025,2025-06-15,777495,682847,1,1,1,0,0,0,0,1
2025,2025-06-15,777495,682847,2,1,1,1,0,0,0,4
2025,2025-06-15,777495,682847,2,1,0,0,0,0,0,0
2025,2025-06-15,777495,682847,2,1,0,0,0,0,0,0
2025,2025-06-15,777495,682847,2,1,0,0,0,0,0,0
2025,2025-06-15,777495,682847,2,1,0,0,1,0,0,0
2025,2025-06-15,777495,682847,2,1,0,0,0,0,0,0
2025,2025-06-15,777495,682847,2,1,0,0,0,0,1,0
2025,2025-06-15,777495,682847,2,1,0,0,0,0,0,0
2025,2025-06-15,777495,682847,2,1,0,0,0,0,0,0
2025,2025-06-15,777495,682847,3,1,0,0,1,0,0,0
2025,2025-06-15,777495,682847,3,1,0,0,0,1,0,0
2025,2025-06-15,777495,682847,3,1,0,0,0,0,1,0
2025,2025-06-15,777495,682847,3,1,0,0,0,0,0,0
2025,2025-06-15,777495,682847,3,1,0,0,1,0,0,0
2025,2025-06-15,777495,682847,3,1,0,0,0,0,1,0
2025,2025-06-15,777495,682847,3,1,1,0,0,0,0,1
2025,2025-06-15,777495,682847,3,1,0,0,0,0,0,0
2025,2025-06-15,777495,682847,3,1,0,0,0,0,0,0
2025,2025-06-15,777495,682847,4+,1,0,0,0,0,0,0
2025,2025-06-15,777495,682847,4+,1,0,0,0,0,1,0
2025,2025-06-17,777472,677944,1,1,0,0,1,0,0,0
2025,2025-06-17,777472,677944,1,1,0,0,0,0,0,0
2025,2025-06-17,777472,677944,1,1,0,0,0,0,1,0
2025,2025-06-17,777472,677944,1,1,0,0,0,1,0,0
2025,2025-06-17,777472,677944,1,1,1,0,0,0,0,1
2025,2025-06-17,777472,677944,1,1,0,0,0,0,1,0
2025,2025-06-17,777472,677944,1,1,0,0,0,0,1,0
2025,2025-06-17,777472,677944,1,1,0,0,0,0,0,0
2025,2025-06-17,777472,677944,1,1,0,0,0,0,1,0
2025,2025-06-17,777472,677944,2,1,0,0,0,0,0,0
2025,2025-06-17,777472,677944,2,1,0,0,1,0,0,0
2025,2025-06-17,777472,677944,2,1,1,0,0,0,0,1
2025,2025-06-17,777472,677944,2,1,0,0,0,0,0,0
2025,2025-06-17,777472,677944,2,1,0,0,0,0,1,0
2025,2025-06-17,777472,677944,2,1,0,0,1,0,0,0
2025,2025-06-17,777472,677944,2,1,1,0,0,0,0,0
2025,2025-06-17,777472,677944,2,1,0,0,0,0,0,0
2025,2025-06-17,777472,677944,2,1,0,0,0,0,0,0
2025,2025-06-17,777472,677944,3,1,0,0,0,0,0,0
2025,2025-06-17,777472,677944,3,1,1,0,0,0,0,0
2025,2025-06-17,777472,677944,3,1,0,0,0,0,1,0
2025,2025-06-17,777472,677944,3,1,0,0,0,0,0,0
2025,2025-06-17,777472,677944,3,1,0,0,0,0,0,0
2025,2025-06-18,777454,671106,1,1,0,0,0,0,0,0
2025,2025-06-18,777454,671106,1,1,0,0,0,0,0,0
2025,2025-06-18,777454,671106,1,1,0,0,0,0,1,0
2025,2025-06-18,777454,671106,1,1,0,0,1,0,0,0
2025,2025-06-18,777454,671106,1,1,0,0,0,0,1,0
2025,2025-06-18,777454,671106,1,1,0,0,0,0,1,0
2025,2025-06-18,777454,671106,1,1,0,0,0,0,0,0
2025,2025-06-18,777454,671106,1,1,1,0,0,0,0,0
2025,2025-06-18,777454,671106,1,1,1,0,0,0,0,0
2025,2025-06-18,777454,671106,2,1,0,0,0,0,0,0
2025,2025-06-18,777454,671106,2,1,0,0,0,0,0,0
2025,2025-06-18,777454,671106,2,1,0,0,1,0,0,0
2025,2025-06-18,777454,671106,2,1,0,0,0,0,0,0
2025,2025-06-18,777454,671106,2,1,0,0,0,0,0,0
2025,2025-06-18,777454,671106,2,1,0,0,0,0,0,0
2025,2025-06-18,777454,671106,2,1,0,0,0,0,1,0
2025,2025-06-18,777454,671106,2,1,0,0,0,0,0,0
2025,2025-06-18,777454,671106,2,1,1,0,0,0,0,0
2025,2025-06-18,777454,671106,3,1,1,1,0,0,0,2
2025,2025-06-18,777454,671106,3,1,0,0,0,0,0,0
2025,2025-06-18,777454,671106,3,1,0,0,0,0,0,0
2025,2025-06-19,777440,668909,1,1,0,0,0,0,1,0
2025,2025-06-19,777440,668909,1,1,0,0,1,0,0,0
2025,2025-06-19,777440,668909,1,1,0,0,0,0,0,0
2025,2025-06-19,777440,668909,1,1,0,0,0,0,1,0
2025,2025-06-19,777440,668909,1,1,0,0,0,0,0,0
2025,2025-06-19,777440,668909,1,1,1,0,0,0,0,0
2025,2025-06-19,777440,668909,1,1,0,0,0,0,0,0
2025,2025-06-19,777440,668909,1,1,0,0,0,0,0,0
2025,2025-06-19,777440,668909,1,1,0,0,0,0,0,0
2025,2025-06-19,777440,668909,2,1,0,0,0,0,0,0
2025,2025-06-19,777440,668909,2,1,0,0,0,0,0,0
2025,2025-06-19,777440,668909,2,1,0,0,1,0,0,0
2025,2025-06-19,777440,668909,2,1,0,0,0,0,0,0
2025,2025-06-19,777440,668909,2,1,0,0,0,0,1,0
2025,2025-06-19,777440,668909,2,1,0,0,0,0,0,0
2025,2025-06-19,777440,668909,2,1,0,0,0,0,0,0
2025,2025-06-19,777440,668909,2,1,0,0,0,0,1,0
2025,2025-06-19,777440,668909,2,1,1,0,0,0,0,0
2025,2025-06-19,777440,668909,3,1,0,0,1,0,0,0
2025,2025-06-19,777440,668909,3,1,0,0,0,0,0,0
2025,2025-06-19,777440,668909,3,1,0,0,0,0,1,0
2025,2025-06-19,777440,668909,3,1,0,0,0,1,0,0
2025,2025-06-19,777440,668909,3,1,0,0,0,0,1,0
2025,2025-06-20,777429,676440,1,1,0,0,0,0,1,0
2025,2025-06-20,777429,676440,1,1,0,0,0,0,0,0
2025,2025-06-20,777429,676440,1,1,1,0,0,0,0,0
2025,2025-06-20,777429,676440,1,1,1,1,0,0,0,2
2025,2025-06-20,777429,676440,1,1,0,0,0,0,1,0
2025,2025-06-20,777429,676440,1,1,1,0,0,0,0,0
2025,2025-06-20,777429,676440,1,1,0,0,0,0,0,0
2025,2025-06-20,777429,676440,1,1,0,0,0,0,0,0
2025,2025-06-20,777429,676440,1,1,0,0,0,0,1,0
2025,2025-06-20,777429,676440,2,1,1,0,0,0,0,1
2025,2025-06-20,777429,676440,2,1,0,0,0,0,0,0
2025,2025-06-20,777429,676440,2,1,0,0,0,0,1,0
2025,2025-06-20,777429,676440,2,1,0,0,0,0,1,0
2025,2025-06-20,777429,676440,2,1,0,0,0,0,1,0
2025,2025-06-20,777429,676440,2,1,0,0,0,0,1,0
2025,2025-06-20,777429,676440,2,1,1,0,0,0,0,0
2025,2025-06-20,777429,676440,2,1,0,0,0,0,0,0
2025,2025-06-20,777429,676440,2,1,0,0,0,0,0,0
2025,2025-06-20,777429,676440,3,1,1,0,0,0,0,0
2025,2025-06-20,777429,676440,3,1,0,0,0,0,0,0
2025,2025-06-20,777429,676440,3,1,0,0,0,0,1,0
2025,2025-06-20,777429,676440,3,1,0,0,0,0,0,0
2025,2025-06-20,777429,676440,3,1,0,0,0,0,0,0
2025,2025-06-20,777429,676440,3,1,0,0,0,0,1,0
2025,2025-06-20,777429,676440,3,1,0,0,0,0,0,0
2025,2025-06-20,777429,676440,3,1,0,0,0,0,0,0
2025,2025-06-20,777429,676440,3,1,1,0,0,0,0,0
2025,2025-06-20,777429,676440,4+,1,1,0,0,0,0,0
2025,2025-06-20,777429,676440,4+,1,1,0,0,0,0,1
2025,2025-06-20,777429,676440,4+,1,0,0,0,0,0,0
2025,2025-06-20,777429,676440,4+,1,0,0,0,0,0,0
2025,2025-06-20,777429,676440,4+,1,0,0,0,0,1,0
2025,2025-06-20,777429,676440,4+,1,1,0,0,0,0,0
2025,2025-06-20,777429,676440,4+,1,1,0,0,0,0,1
2025,2025-06-20,777429,676440,4+,1,0,0,0,0,0,0
2025,2025-06-21,777411,682847,1,1,0,0,0,0,1,0
2025,2025-06-21,777411,682847,1,1,0,0,0,0,1,0
2025,2025-06-21,777411,682847,1,1,0,0,1,0,0,0
2025,2025-06-21,777411,682847,1,1,0,0,0,0,1,0
2025,2025-06-21,777411,682847,1,1,0,0,0,0,0,0
2025,2025-06-21,777411,682847,1,1,1,0,0,0,0,0
2025,2025-06-21,777411,682847,1,1,0,0,0,0,1,0
2025,2025-06-21,777411,682847,1,1,0,0,0,0,0,0
2025,2025-06-21,777411,682847,1,1,0,0,0,0,0,0
2025,2025-06-21,777411,682847,2,1,0,0,0,0,1,0
2025,2025-06-21,777411,682847,2,1,0,0,0,0,0,0
2025,2025-06-21,777411,682847,2,1,0,0,0,0,0,0
2025,2025-06-21,777411,682847,2,1,0,0,0,0,1,0
2025,2025-06-21,777411,682847,2,1,0,0,0,0,1,0
2025,2025-06-21,777411,682847,2,1,0,0,0,0,0,0
2025,2025-06-21,777411,682847,2,1,0,0,0,0,1,0
2025,2025-06-21,777411,682847,2,1,1,0,0,0,0,0
2025,2025-06-21,777411,682847,2,1,0,0,0,0,0,0
2025,2025-06-21,777411,682847,3,1,0,0,0,0,1,0
2025,2025-06-21,777411,682847,3,1,0,0,0,0,0,0
2025,2025-06-21,777411,682847,3,1,0,0,0,0,0,0
2025,2025-06-21,777411,682847,3,1,0,0,1,0,0,0
2025,2025-06-21,777411,682847,3,1,0,0,0,0,1,0
2025,2025-06-22,777400,677944,1,1,0,0,0,0,1,0
2025,2025-06-22,777400,677944,1,1,0,0,0,0,0,0
2025,2025-06-22,777400,677944,1,1,1,0,0,0,0,0
2025,2025-06-22,777400,677944,1,1,0,0,0,0,0,0
2025,2025-06-22,777400,677944,1,1,0,0,0,0,1,0
2025,2025-06-22,777400,677944,1,1,1,0,0,0,0,0
2025,2025-06-22,777400,677944,1,1,0,0,1,0,0,0
2025,2025-06-22,777400,677944,1,1,0,0,0,0,0,0
2025,2025-06-22,777400,677944,1,1,0,0,0,0,0,0
2025,2025-06-22,777400,677944,2,1,1,0,0,0,0,0
2025,2025-06-22,777400,677944,2,1,0,0,0,0,0,0
2025,2025-06-22,777400,677944,2,1,0,0,0,0,1,0
2025,2025-06-22,777400,677944,2,1,0,0,0,0,0,0
2025,2025-06-22,777400,677944,2,1,0,0,0,0,0,0
2025,2025-06-22,777400,677944,2,1,0,0,0,0,0,0
2025,2025-06-22,777400,677944,2,1,0,0,0,0,0,0
2025,2025-06-22,777400,677944,2,1,1,0,0,0,0,0
2025,2025-06-22,777400,677944,2,1,0,0,0,0,0,0
2025,2025-06-22,777400,677944,3,1,0,0,0,0,0,0
2025,2025-06-22,777400,677944,3,1,0,0,0,0,0,0
2025,2025-06-22,777400,677944,3,1,0,0,0,0,0,0
2025,2025-06-22,777400,677944,3,1,1,0,0,0,0,0
2025,2025-06-22,777400,677944,3,1,0,0,0,0,0,0
2025,2025-06-22,777400,677944,3,1,0,0,0,0,0,0
2025,2025-06-22,777400,677944,3,1,1,0,0,0,0,0
2025,2025-06-22,777400,677944,3,1,0,0,0,0,0,0
2025,2025-06-24,777384,671106,1,1,1,0,0,0,0,0
2025,2025-06-24,777384,671106,1,1,1,0,0,0,0,1
2025,2025-06-24,777384,671106,1,1,0,0,0,0,0,0
2025,2025-06-24,777384,671106,1,1,1,0,0,0,0,1
2025,2025-06-24,777384,671106,1,1,0,0,0,0,0,0
2025,2025-06-24,777384,671106,1,1,0,0,0,0,1,0
2025,2025-06-24,777384,671106,1,1,1,0,0,0,0,0
2025,2025-06-24,777384,671106,1,1,0,0,0,0,0,0
2025,2025-06-24,777384,671106,1,1,0,0,0,0,1,0
2025,2025-06-24,777384,671106,2,1,0,0,0,0,0,0
2025,2025-06-24,777384,671106,2,1,0,0,0,0,0,0
2025,2025-06-24,777384,671106,2,1,1,0,0,0,0,0
2025,2025-06-24,777384,671106,2,1,0,0,0,0,0,0
2025,2025-06-24,777384,671106,2,1,1,0,0,0,0,0
2025,2025-06-24,777384,671106,2,1,0,0,0,0,1,0
2025,2025-06-24,777384,671106,2,1,0,0,0,0,0,0
2025,2025-06-24,777384,671106,2,1,0,0,0,0,0,1
2025,2025-06-24,777384,671106,2,1,0,0,0,0,0,0
2025,2025-06-24,777384,671106,3,1,0,0,0,0,0,0
2025,2025-06-24,777384,671106,3,1,0,0,1,0,0,0
2025,2025-06-24,777384,671106,3,1,0,0,0,0,1,0
2025,2025-06-24,777384,671106,3,1,1,0,0,0,0,1
2025,2025-06-24,777384,671106,3,1,0,0,0,0,0,0
2025,2025-06-24,777384,671106,3,1,0,0,0,0,0,0
2025,2025-06-24,777384,671106,3,1,0,0,1,0,0,0
2025,2025-06-24,777384,671106,3,1,1,0,0,0,0,0
2025,2025-06-24,777384,671106,3,1,0,0,0,0,0,0
2025,2025-06-25,777368,668909,1,1,0,0,0,0,0,0
2025,2025-06-25,777368,668909,1,1,0,0,0,0,1,0
2025,2025-06-25,777368,668909,1,1,0,0,0,0,0,0
2025,2025-06-25,777368,668909,1,1,0,0,0,0,0,0
2025,2025-06-25,777368,668909,1,1,0,0,0,0,0,0
2025,2025-06-25,777368,668909,1,1,0,0,0,0,0,0
2025,2025-06-25,777368,668909,1,1,0,0,0,0,0,0
2025,2025-06-25,777368,668909,1,1,0,0,0,0,1,0
2025,2025-06-25,777368,668909,1,1,1,0,0,0,0,0
2025,2025-06-25,777368,668909,2,1,0,0,0,0,0,0
2025,2025-06-25,777368,668909,2,1,0,0,0,0,0,0
2025,2025-06-25,777368,668909,2,1,1,1,0,0,0,1
2025,2025-06-25,777368,668909,2,1,0,0,0,0,0,0
2025,2025-06-25,777368,668909,2,1,1,0,0,0,0,0
2025,2025-06-25,777368,668909,2,1,0,0,0,0,0,0
2025,2025-06-25,777368,668909,2,1,0,0,1,0,0,0
2025,2025-06-25,777368,668909,2,1,0,0,0,0,0,0
2025,2025-06-25,777368,668909,2,1,0,0,0,0,0,0
2025,2025-06-25,777368,668909,3,1,0,0,0,0,0,0
2025,2025-06-25,777368,668909,3,1,1,0,0,0,0,0
2025,2025-06-25,777368,668909,3,1,0,0,1,0,0,0
2025,2025-06-25,777368,668909,3,1,0,0,1,0,0,0
2025,2025-06-25,777368,668909,3,1,1,0,0,0,0,2
2025,2025-06-25,777368,668909,3,1,0,0,0,0,0,0
2025,2025-06-26,777354,676440,1,1,0,0,0,0,1,0
2025,2025-06-26,777354,676440,1,1,0,0,0,0,0,0
2025,2025-06-26,777354,676440,1,1,0,0,0,0,0,0
2025,2025-06-26,777354,676440,1,1,0,0,0,0,1,0
2025,2025-06-26,777354,676440,1,1,0,0,0,0,0,0
2025,2025-06-26,777354,676440,1,1,0,0,0,0,1,0
2025,2025-06-26,777354,676440,1,1,1,0,0,0,0,0
2025,2025-06-26,777354,676440,1,1,0,0,0,1,0,0
2025,2025-06-26,777354,676440,1,1,0,0,0,0,0,0
2025,2025-06-26,777354,676440,2,1,0,0,0,0,1,0
2025,2025-06-26,777354,676440,2,1,1,0,0,0,0,2
2025,2025-06-26,777354,676440,2,1,0,0,0,1,0,1
2025,2025-06-26,777354,676440,2,1,0,0,0,0,1,0
2025,2025-06-26,777354,676440,2,1,0,0,0,0,0,0
2025,2025-06-26,777354,676440,2,1,0,0,0,0,0,0
2025,2025-06-26,777354,676440,2,1,0,0,0,0,0,0
2025,2025-06-26,777354,676440,2,1,0,0,0,0,0,0
2025,2025-06-26,777354,676440,2,1,1,0,0,0,0,0
2025,2025-06-26,777354,676440,3,1,0,0,0,0,0,0
2025,2025-06-26,777354,676440,3,1,0,0,0,0,1,0
2025,2025-06-26,777354,676440,3,1,0,0,0,0,1,0
2025,2025-06-26,777354,676440,3,1,0,0,0,0,0,0
2025,2025-06-26,777354,676440,3,1,0,0,0,0,0,0
2025,2025-06-26,777354,676440,3,1,0,0,0,0,0,0
2025,2025-06-27,777349,682847,1,1,1,0,0,0,0,0
2025,2025-06-27,777349,682847,1,1,0,0,0,0,0,0
2025,2025-06-27,777349,682847,1,1,0,0,0,0,0,0
2025,2025-06-27,777349,682847,1,1,0,0,0,0,0,0
2025,2025-06-27,777349,682847,1,1,0,0,0,0,0,0
2025,2025-06-27,777349,682847,1,1,0,0,0,0,0,0
2025,2025-06-27,777349,682847,1,1,0,0,0,0,0,0
2025,2025-06-27,777349,682847,1,1,1,1,0,0,0,1
2025,2025-06-27,777349,682847,1,1,0,0,0,0,0,0
2025,2025-06-27,777349,682847,2,1,0,0,1,0,0,0
2025,2025-06-27,777349,682847,2,1,0,0,0,0,0,0
2025,2025-06-27,777349,682847,2,1,1,1,0,0,0,2
2025,2025-06-27,777349,682847,2,1,1,0,0,0,0,0
2025,2025-06-27,777349,682847,2,1,0,0,0,0,0,0
2025,2025-06-27,777349,682847,2,1,0,0,0,0,0,0
2025,2025-06-27,777349,682847,2,1,0,0,0,0,1,0
2025,2025-06-27,777349,682847,2,1,0,0,0,0,0,0
2025,2025-06-27,777349,682847,2,1,0,0,0,0,1,0
2025,2025-06-27,777349,682847,3,1,0,0,0,0,0,0
2025,2025-06-27,777349,682847,3,1,0,0,0,0,1,0
2025,2025-06-27,777349,682847,3,1,1,0,0,0,0,0
2025,2025-06-27,777349,682847,3,1,0,0,0,0,0,0
2025,2025-06-27,777349,682847,3,1,0,0,0,0,0,0
2025,2025-06-27,777349,682847,3,1,1,0,0,0,0,1
2025,2025-06-27,777349,682847,3,1,0,0,0,0,1,0
2025,2025-06-27,777349,682847,3,1,0,0,0,0,0,0
2025,2025-06-27,777349,682847,3,1,0,0,0,0,1,0
2025,2025-06-27,777349,682847,4+,1,0,0,0,0,0,0
2025,2025-06-28,777329,677944,1,1,1,1,0,0,0,1
2025,2025-06-28,777329,677944,1,1,1,0,0,0,0,0
2025,2025-06-28,777329,677944,1,1,0,0,0,0,1,0
2025,2025-06-28,777329,677944,1,1,0,0,1,0,0,0
2025,2025-06-28,777329,677944,1,1,0,0,0,0,1,0
2025,2025-06-28,777329,677944,1,1,0,0,0,0,0,0
2025,2025-06-28,777329,677944,1,1,0,0,0,0,0,0
2025,2025-06-28,777329,677944,1,1,0,0,0,0,1,0
2025,2025-06-28,777329,677944,1,1,1,0,0,0,0,0
2025,2025-06-28,777329,677944,2,1,0,0,0,0,0,0
2025,2025-06-28,777329,677944,2,1,0,0,0,0,0,0
2025,2025-06-28,777329,677944,2,1,0,0,0,0,0,0
2025,2025-06-28,777329,677944,2,1,0,0,0,0,0,0
2025,2025-06-28,777329,677944,2,1,0,0,0,0,0,0
2025,2025-06-28,777329,677944,2,1,0,0,0,0,1,0
2025,2025-06-28,777329,677944,2,1,0,0,0,0,1,0
2025,2025-06-28,777329,677944,2,1,0,0,0,0,0,0
2025,2025-06-28,777329,677944,2,1,0,0,0,0,0,0
2025,2025-06-28,777329,677944,3,1,0,0,1,0,0,0
2025,2025-06-28,777329,677944,3,1,1,0,0,0,0,0
2025,2025-06-28,777329,677944,3,1,1,0,0,0,0,2
2025,2025-06-29,777309,671106,1,1,0,0,0,0,1,0
2025,2025-06-29,777309,671106,1,1,0,0,1,0,0,0
2025,2025-06-29,777309,671106,1,1,1,0,0,0,0,0
2025,2025-06-29,777309,671106,1,1,0,0,0,0,0,0
2025,2025-06-29,777309,671106,1,1,1,1,0,0,0,3
2025,2025-06-29,777309,671106,1,1,0,0,0,0,0,0
2025,2025-06-29,777309,671106,1,1,0,0,1,0,0,0
2025,2025-06-29,777309,671106,1,1,0,0,0,0,1,0
2025,2025-06-29,777309,671106,1,1,1,0,0,0,0,0
2025,2025-06-29,777309,671106,2,1,0,0,0,0,0,0
2025,2025-06-29,777309,671106,2,1,0,0,0,0,0,0
2025,2025-06-29,777309,671106,2,1,1,0,0,0,0,0
2025,2025-06-29,777309,671106,2,1,0,0,0,0,1,0
2025,2025-06-29,777309,671106,2,1,1,0,0,0,0,0
2025,2025-06-29,777309,671106,2,1,0,0,0,0,1,0
2025,2025-06-29,777309,671106,2,1,0,0,0,0,0,0
2025,2025-06-29,777309,671106,2,1,0,0,0,0,1,0
2025,2025-06-29,777309,671106,2,1,0,0,0,0,0,0
2025,2025-06-29,777309,671106,3,1,0,0,0,0,1,0
2025,2025-06-29,777309,671106,3,1,0,0,0,0,0,0
2025,2025-06-29,777309,671106,3,1,0,0,0,0,0,0
2025,2025-06-29,777309,671106,3,1,0,0,0,0,0,0
2025,2025-06-29,777309,671106,3,1,1,0,0,0,0,0
2025,2025-06-29,777309,671106,3,1,0,0,0,0,0,0
2025,2025-06-29,777309,671106,3,1,0,0,0,0,0,0
2025,2025-07-01,777287,668909,1,1,0,0,0,0,0,0
2025,2025-07-01,777287,668909,1,1,0,0,0,0,0,0
2025,2025-07-01,777287,668909,1,1,0,0,0,0,1,0
2025,2025-07-01,777287,668909,1,1,1,0,0,0,0,0
2025,2025-07-01,777287,668909,1,1,1,0,0,0,0,0
2025,2025-07-01,777287,668909,1,1,1,0,0,0,0,1
2025,2025-07-01,777287,668909,1,1,1,0,0,0,0,2
2025,2025-07-01,777287,668909,1,1,0,0,1,0,0,0
2025,2025-07-01,777287,668909,1,1,0,0,1,0,0,0
2025,2025-07-01,777287,668909,2,1,0,0,0,0,0,0
2025,2025-07-01,777287,668909,2,1,0,0,0,0,0,0
2025,2025-07-01,777287,668909,2,1,0,0,0,0,0,0
2025,2025-07-01,777287,668909,2,1,0,0,0,0,0,0
2025,2025-07-01,777287,668909,2,1,0,0,0,0,0,0
2025,2025-07-01,777287,668909,2,1,0,0,0,0,0,0
2025,2025-07-01,777287,668909,2,1,0,0,1,0,0,0
2025,2025-07-01,777287,668909,2,1,1,0,0,0,0,0
2025,2025-07-01,777287,668909,2,1,0,0,0,0,1,0
2025,2025-07-01,777287,668909,3,1,0,0,0,0,0,0
2025,2025-07-01,777287,668909,3,1,0,0,0,0,0,0
2025,2025-07-01,777287,668909,3,1,0,0,0,0,0,0
2025,2025-07-01,777287,668909,3,1,1,1,0,0,0,1
2025,2025-07-01,777287,668909,3,1,0,0,0,0,0,0
2025,2025-07-01,777287,668909,3,1,0,0,0,0,0,0
2025,2025-07-01,777287,668909,3,1,1,0,0,0,0,0
2025,2025-07-01,777287,668909,3,1,0,0,1,0,0,0
2025,2025-07-02,777266,676440,1,1,0,0,0,0,0,0
2025,2025-07-02,777266,676440,1,1,0,0,0,0,0,0
2025,2025-07-02,777266,676440,1,1,0,0,1,0,0,0
2025,2025-07-02,777266,676440,1,1,0,0,0,0,1,0
2025,2025-07-02,777266,676440,1,1,0,0,0,0,1,0
2025,2025-07-02,777266,676440,1,1,0,0,0,0,0,0
2025,2025-07-02,777266,676440,1,1,0,0,1,0,0,0
2025,2025-07-02,777266,676440,1,1,0,0,0,1,0,0
2025,2025-07-02,777266,676440,1,1,0,0,0,0,0,0
2025,2025-07-02,777266,676440,2,1,0,0,1,0,0,0
2025,2025-07-02,777266,676440,2,1,1,0,0,0,0,0
2025,2025-07-02,777266,676440,2,1,1,0,0,0,0,1
2025,2025-07-02,777266,676440,2,1,1,0,0,0,0,1
2025,2025-07-02,777266,676440,2,1,0,0,0,0,1,0
2025,2025-07-02,777266,676440,2,1,0,0,0,0,1,0
2025,2025-07-02,777266,676440,2,1,0,0,0,0,1,0
2025,2025-07-02,777266,676440,2,1,0,0,0,0,0,0
2025,2025-07-02,777266,676440,2,1,1,0,0,0,0,0
2025,2025-07-02,777266,676440,3,1,0,0,1,0,0,0
2025,2025-07-02,777266,676440,3,1,0,0,0,0,0,0
2025,2025-07-02,777266,676440,3,1,1,0,0,0,0,2
2025,2025-07-02,777266,676440,3,1,1,0,0,0,0,1
2025,2025-07-03,777259,676282,1,1,0,0,0,0,0,0
2025,2025-07-03,777259,676282,1,1,0,0,0,0,0,0
2025,2025-07-03,777259,676282,1,1,1,0,0,0,0,0
2025,2025-07-03,777259,676282,1,1,0,0,0,0,0,0
2025,2025-07-03,777259,676282,1,1,0,0,0,0,1,0
2025,2025-07-03,777259,676282,1,1,0,0,0,0,0,0
2025,2025-07-03,777259,676282,1,1,0,0,0,0,1,0
2025,2025-07-03,777259,676282,1,1,0,0,0,0,0,0
2025,2025-07-03,777259,676282,1,1,0,0,0,0,1,0
2025,2025-07-03,777259,676282,2,1,0,0,1,0,0,0
2025,2025-07-03,777259,676282,2,1,0,0,1,0,0,0
2025,2025-07-03,777259,676282,2,1,0,0,0,0,1,0
2025,2025-07-03,777259,676282,2,1,0,0,0,0,1,0
2025,2025-07-03,777259,676282,2,1,1,0,0,0,0,0
2025,2025-07-03,777259,676282,2,1,0,0,1,0,0,0
2025,2025-07-04,777249,677944,1,1,1,0,0,0,0,0
2025,2025-07-04,777249,677944,1,1,0,0,0,0,1,0
2025,2025-07-04,777249,677944,1,1,0,0,0,0,1,0
2025,2025-07-04,777249,677944,1,1,0,0,1,0,0,0
2025,2025-07-04,777249,677944,1,1,1,0,0,0,0,0
2025,2025-07-04,777249,677944,1,1,0,0,0,0,0,0
2025,2025-07-04,777249,677944,1,1,0,0,0,0,1,0
2025,2025-07-04,777249,677944,1,1,1,0,0,0,0,0
2025,2025-07-04,777249,677944,1,1,0,0,0,0,0,0
2025,2025-07-04,777249,677944,2,1,0,0,0,0,0,0
2025,2025-07-04,777249,677944,2,1,0,0,0,0,0,0
2025,2025-07-04,777249,677944,2,1,1,1,0,0,0,1
2025,2025-07-04,777249,677944,2,1,0,0,0,0,1,0
2025,2025-07-04,777249,677944,2,1,0,0,0,0,0,0
2025,2025-07-04,777249,677944,2,1,1,1,0,0,0,1
2025,2025-07-04,777249,677944,2,1,0,0,1,0,0,0
2025,2025-07-04,777249,677944,2,1,0,0,0,0,0,0
2025,2025-07-04,777249,677944,2,1,1,0,0,0,0,0
2025,2025-07-04,777249,677944,3,1,0,0,0,0,0,0
2025,2025-07-04,777249,677944,3,1,0,0,0,0,0,0
2025,2025-07-04,777249,677944,3,1,0,0,0,0,0,0
2025,2025-07-04,777249,677944,3,1,0,0,0,0,0,0
2025,2025-07-04,777249,677944,3,1,0,0,0,0,0,0
2025,2025-07-04,777249,677944,3,1,0,0,0,0,0,0
2025,2025-07-04,777249,677944,3,1,0,0,0,0,0,0
2025,2025-07-04,777249,677944,3,1,0,0,0,0,1,0
2025,2025-07-05,777240,671106,1,1,0,0,0,0,0,0
2025,2025-07-05,777240,671106,1,1,0,0,1,0,0,0
2025,2025-07-05,777240,671106,1,1,0,0,0,0,0,0
2025,2025-07-05,777240,671106,1,1,0,0,0,0,0,0
2025,2025-07-05,777240,671106,1,1,1,1,0,0,0,1
2025,2025-07-05,777240,671106,1,1,0,0,1,0,0,0
2025,2025-07-05,777240,671106,1,1,0,0,0,0,0,0
2025,2025-07-05,777240,671106,1,1,0,0,0,0,0,0
2025,2025-07-05,777240,671106,1,1,0,0,0,0,0,0
2025,2025-07-05,777240,671106,2,1,0,0,0,0,0,0
2025,2025-07-05,777240,671106,2,1,0,0,0,0,1,0
2025,2025-07-05,777240,671106,2,1,0,0,0,0,0,0
2025,2025-07-05,777240,671106,2,1,0,0,0,0,0,0
2025,2025-07-05,777240,671106,2,1,0,0,0,0,1,0
2025,2025-07-05,777240,671106,2,1,1,0,0,0,0,0
2025,2025-07-05,777240,671106,2,1,0,0,0,0,0,0
2025,2025-07-05,777240,671106,2,1,0,0,0,0,1,0
2025,2025-07-05,777240,671106,2,1,0,0,0,0,0,0
2025,2025-07-05,777240,671106,3,1,0,0,0,0,1,0
2025,2025-07-05,777240,671106,3,1,0,0,0,0,1,0
2025,2025-07-05,777240,671106,3,1,0,0,0,0,0,0
2025,2025-07-05,777240,671106,3,1,0,0,0,0,0,0
2025,2025-07-06,777226,668909,1,1,0,0,1,0,0,0
2025,2025-07-06,777226,668909,1,1,0,0,0,0,0,0
2025,2025-07-06,777226,668909,1,1,0,0,0,0,1,0
2025,2025-07-06,777226,668909,1,1,0,0,0,0,0,0
2025,2025-07-06,777226,668909,1,1,0,0,0,0,0,0
2025,2025-07-06,777226,668909,1,1,0,0,0,0,0,0
2025,2025-07-06,777226,668909,1,1,0,0,0,0,1,0
2025,2025-07-06,777226,668909,1,1,0,0,0,0,1,0
2025,2025-07-06,777226,668909,1,1,0,0,0,0,1,0
2025,2025-07-06,777226,668909,2,1,0,0,0,0,0,0
2025,2025-07-06,777226,668909,2,1,0,0,0,0,1,0
2025,2025-07-06,777226,668909,2,1,0,0,0,0,0,0
2025,2025-07-06,777226,668909,2,1,0,0,0,0,1,0
2025,2025-07-06,777226,668909,2,1,0,0,0,0,0,0
2025,2025-07-06,777226,668909,2,1,0,0,0,0,0,0
2025,2025-07-06,777226,668909,2,1,0,0,1,0,0,0
2025,2025-07-06,777226,668909,2,1,1,0,0,0,0,0
2025,2025-07-06,777226,668909,2,1,0,0,1,0,0,0
2025,2025-07-06,777226,668909,3,1,0,0,0,0,1,0
2025,2025-07-06,777226,668909,3,1,0,0,0,0,0,0
2025,2025-07-06,777226,668909,3,1,0,0,0,0,0,0
2025,2025-07-06,777226,668909,3,1,0,0,0,0,1,0
2025,2025-07-07,777202,676440,1,1,0,0,0,0,0,0
2025,2025-07-07,777202,676440,1,1,0,0,0,0,1,0
2025,2025-07-07,777202,676440,1,1,0,0,0,0,0,0
2025,2025-07-07,777202,676440,1,1,0,0,0,0,0,0
2025,2025-07-07,777202,676440,1,1,0,0,0,0,0,0
2025,2025-07-07,777202,676440,1,1,0,0,0,0,0,0
2025,2025-07-07,777202,676440,1,1,0,0,0,0,0,0
2025,2025-07-07,777202,676440,1,1,0,0,0,0,0,0
2025,2025-07-07,777202,676440,1,1,0,0,1,0,0,0
2025,2025-07-07,777202,676440,2,1,0,0,0,0,0,0
2025,2025-07-07,777202,676440,2,1,0,0,0,0,1,0
2025,2025-07-07,777202,676440,2,1,0,0,0,0,0,0
2025,2025-07-07,777202,676440,2,1,0,0,0,0,0,0
2025,2025-07-07,777202,676440,2,1,1,0,0,0,0,0
2025,2025-07-07,777202,676440,2,1,1,0,0,0,0,0
2025,2025-07-07,777202,676440,2,1,1,1,0,0,0,3
2025,2025-07-07,777202,676440,2,1,0,0,0,0,1,0
2025,2025-07-07,777202,676440,2,1,0,0,0,0,0,0
2025,2025-07-07,777202,676440,3,1,1,1,0,0,0,1
2025,2025-07-08,777192,676282,1,1,0,0,1,0,0,0
2025,2025-07-08,777192,676282,1,1,1,0,0,0,0,0
2025,2025-07-08,777192,676282,1,1,0,0,0,0,0,1
2025,2025-07-08,777192,676282,1,1,0,0,0,0,0,0
2025,2025-07-08,777192,676282,1,1,0,0,0,0,0,0
2025,2025-07-08,777192,676282,1,1,0,0,0,0,1,0
2025,2025-07-08,777192,676282,1,1,0,0,0,0,1,0
2025,2025-07-08,777192,676282,1,1,0,0,0,0,1,0
2025,2025-07-08,777192,676282,1,1,1,0,0,0,0,0
2025,2025-07-08,777192,676282,2,1,0,0,0,0,1,0
2025,2025-07-08,777192,676282,2,1,1,0,0,0,0,0
2025,2025-07-08,777192,676282,2,1,0,0,0,0,0,0
2025,2025-07-08,777192,676282,2,1,0,0,0,0,1,0
2025,2025-07-08,777192,676282,2,1,1,0,0,0,0,0
2025,2025-07-08,777192,676282,2,1,0,0,1,0,0,0
2025,2025-07-08,777192,676282,2,1,0,0,0,0,0,0
2025,2025-07-08,777192,676282,2,1,0,0,0,0,1,0
2025,2025-07-08,777192,676282,2,1,0,0,0,0,1,0
2025,2025-07-08,777192,676282,3,1,0,0,1,0,0,0
2025,2025-07-08,777192,676282,3,1,1,0,0,0,0,0
2025,2025-07-09,777174,677944,1,1,1,0,0,0,0,0
2025,2025-07-09,777174,677944,1,1,0,0,0,0,1,0
2025,2025-07-09,777174,677944,1,1,0,0,0,0,0,0
2025,2025-07-09,777174,677944,1,1,0,0,0,0,0,0
2025,2025-07-09,777174,677944,1,1,1,0,0,0,0,0
2025,2025-07-09,777174,677944,1,1,1,0,0,0,0,0
2025,2025-07-09,777174,677944,1,1,0,0,0,0,1,0
2025,2025-07-09,777174,677944,1,1,0,0,0,0,1,0
2025,2025-07-09,777174,677944,1,1,0,0,0,0,0,0
2025,2025-07-09,777174,677944,2,1,0,0,0,0,0,0
2025,2025-07-09,777174,677944,2,1,0,0,0,0,0,0
2025,2025-07-09,777174,677944,2,1,0,0,0,0,0,0
2025,2025-07-09,777174,677944,2,1,1,0,0,0,0,0
2025,2025-07-09,777174,677944,2,1,0,0,0,0,0,0
2025,2025-07-09,777174,677944,2,1,0,0,0,0,1,0
2025,2025-07-09,777174,677944,2,1,0,0,0,0,1,0
2025,2025-07-09,777174,677944,2,1,0,0,0,0,1,0
2025,2025-07-09,777174,677944,2,1,0,0,0,0,1,0
2025,2025-07-09,777174,677944,3,1,0,0,0,0,0,0
2025,2025-07-09,777174,677944,3,1,0,0,0,0,1,0
2025,2025-07-09,777174,677944,3,1,0,0,0,0,0,0
2025,2025-07-09,777174,677944,3,1,0,0,0,0,0,0
2025,2025-07-09,777174,677944,3,1,0,0,0,0,0,0
2025,2025-07-09,777174,677944,3,1,0,0,1,0,0,0
2025,2025-07-09,777174,677944,3,1,0,0,0,0,1,0
2025,2025-07-09,777174,677944,3,1,0,0,1,0,0,0
2025,2025-07-09,777174,677944,3,1,1,0,0,0,0,1
2025,2025-07-11,777146,668909,1,1,0,0,0,0,0,0
2025,2025-07-11,777146,668909,1,1,1,1,0,0,0,1
2025,2025-07-11,777146,668909,1,1,0,0,0,0,0,0
2025,2025-07-11,777146,668909,1,1,0,0,1,0,0,0
2025,2025-07-11,777146,668909,1,1,0,0,0,0,1,0
2025,2025-07-11,777146,668909,1,1,0,0,0,0,0,0
2025,2025-07-11,777146,668909,1,1,0,0,1,0,0,0
2025,2025-07-11,777146,668909,1,1,0,0,0,0,1,0
2025,2025-07-11,777146,668909,1,1,0,0,0,0,1,0
2025,2025-07-11,777146,668909,2,1,0,0,1,0,0,0
2025,2025-07-11,777146,668909,2,1,0,0,1,0,0,0
2025,2025-07-11,777146,668909,2,1,0,0,1,0,0,0
2025,2025-07-11,777146,668909,2,1,0,0,0,0,0,1
2025,2025-07-11,777146,668909,2,1,0,0,0,0,0,0
2025,2025-07-11,777146,668909,2,1,0,0,0,0,1,0
2025,2025-07-11,777146,668909,2,1,0,0,0,0,0,0
2025,2025-07-11,777146,668909,2,1,0,0,0,0,0,0
2025,2025-07-11,777146,668909,2,1,0,0,0,0,1,0
2025,2025-07-11,777146,668909,3,1,0,0,0,0,0,0
2025,2025-07-11,777146,668909,3,1,1,1,0,0,0,1
2025,2025-07-11,777146,668909,3,1,0,0,0,0,0,0
2025,2025-07-11,777146,668909,3,1,1,0,0,0,0,0
2025,2025-07-11,777146,668909,3,1,0,0,0,0,0,0
2025,2025-07-11,777146,668909,3,1,1,0,0,0,0,0
2025,2025-07-11,777164,671106,1,1,0,0,1,0,0,0
2025,2025-07-11,777164,671106,1,1,0,0,0,0,0,0
2025,2025-07-11,777164,671106,1,1,0,0,0,0,0,0
2025,2025-07-11,777164,671106,1,1,0,0,0,0,0,0
2025,2025-07-11,777164,671106,1,1,0,0,1,0,0,0
2025,2025-07-11,777164,671106,1,1,1,1,0,0,0,2
2025,2025-07-11,777164,671106,1,1,0,0,0,0,1,0
2025,2025-07-11,777164,671106,1,1,0,0,0,0,1,0
2025,2025-07-11,777164,671106,1,1,0,0,0,0,0,0
2025,2025-07-11,777164,671106,2,1,0,0,0,0,0,0
2025,2025-07-11,777164,671106,2,1,0,0,0,0,0,0
2025,2025-07-11,777164,671106,2,1,0,0,0,0,0,0
2025,2025-07-11,777164,671106,2,1,0,0,0,0,0,0
2025,2025-07-11,777164,671106,2,1,0,0,0,0,1,0
2025,2025-07-11,777164,671106,2,1,0,0,0,0,0,0
2025,2025-07-11,777164,671106,2,1,0,0,0,0,1,0
2025,2025-07-11,777164,671106,2,1,0,0,0,0,0,0
2025,2025-07-11,777164,671106,2,1,0,0,0,0,0,0
2025,2025-07-11,777164,671106,3,1,0,0,0,0,0,0
2025,2025-07-11,777164,671106,3,1,0,0,0,0,1,0
2025,2025-07-12,777138,676440,1,1,0,0,0,0,1,0
2025,2025-07-12,777138,676440,1,1,0,0,0,0,0,0
2025,2025-07-12,777138,676440,1,1,1,0,0,0,0,0
2025,2025-07-12,777138,676440,1,1,0,0,0,0,0,0
2025,2025-07-12,777138,676440,1,1,0,0,0,0,0,0
2025,2025-07-12,777138,676440,1,1,0,0,0,0,0,0
2025,2025-07-12,777138,676440,1,1,0,0,0,0,1,0
2025,2025-07-12,777138,676440,1,1,0,0,0,0,1,0
2025,2025-07-12,777138,676440,1,1,0,0,0,0,1,0
2025,2025-07-12,777138,676440,2,1,1,0,0,0,0,0
2025,2025-07-12,777138,676440,2,1,0,0,0,0,0,0
2025,2025-07-12,777138,676440,2,1,1,0,0,0,0,0
2025,2025-07-12,777138,676440,2,1,1,0,0,0,0,0
2025,2025-07-12,777138,676440,2,1,1,0,0,0,0,2
2025,2025-07-12,777138,676440,2,1,1,0,0,0,0,0
2025,2025-07-12,777138,676440,2,1,0,0,0,0,1,0
2025,2025-07-12,777138,676440,2,1,0,0,0,0,0,0
2025,2025-07-12,777138,676440,2,1,0,0,0,0,0,0
2025,2025-07-12,777138,676440,3,1,0,0,1,0,0,0
2025,2025-07-12,777138,676440,3,1,0,0,0,0,0,0
2025,2025-07-12,777138,676440,3,1,0,0,1,0,0,0
2025,2025-07-12,777138,676440,3,1,0,0,0,0,0,0
2025,2025-07-13,777120,676282,1,1,0,0,0,0,0,0
2025,2025-07-13,777120,676282,1,1,0,0,0,0,0,0
2025,2025-07-13,777120,676282,1,1,0,0,0,0,1,0
2025,2025-07-13,777120,676282,1,1,0,0,0,0,1,0
2025,2025-07-13,777120,676282,1,1,1,0,0,0,0,0
2025,2025-07-13,777120,676282,1,1,0,0,0,0,1,0
2025,2025-07-13,777120,676282,1,1,0,0,0,0,0,0
2025,2025-07-13,777120,676282,1,1,0,0,0,0,1,0
2025,2025-07-13,777120,676282,1,1,0,0,0,0,0,0
2025,2025-07-13,777120,676282,2,1,0,0,0,0,0,0
2025,2025-07-13,777120,676282,2,1,1,1,0,0,0,1
2025,2025-07-13,777120,676282,2,1,0,0,0,0,0,0
2025,2025-07-13,777120,676282,2,1,0,0,0,0,0,0
2025,2025-07-13,777120,676282,2,1,1,0,0,0,0,0
2025,2025-07-13,777120,676282,2,1,0,0,0,0,0,0
2025,2025-07-13,777120,676282,2,1,1,0,0,0,0,0
2025,2025-07-13,777120,676282,2,1,0,0,0,0,0,0
2025,2025-07-13,777120,676282,2,1,0,0,0,0,0,1
2025,2025-07-13,777120,676282,3,1,1,0,0,0,0,0
2025,2025-07-13,777120,676282,3,1,1,0,0,0,0,1
2025,2025-07-13,777120,676282,3,1,0,0,0,0,1,0
2025,2025-07-13,777120,676282,3,1,0,0,0,0,1,0
2025,2025-07-13,777120,676282,3,1,1,1,0,0,0,1
2025,2025-07-18,777105,677944,1,1,0,0,0,0,0,0
2025,2025-07-18,777105,677944,1,1,0,0,0,0,0,0
2025,2025-07-18,777105,677944,1,1,0,0,0,0,0,0
2025,2025-07-18,777105,677944,1,1,0,0,0,0,0,0
2025,2025-07-18,777105,677944,1,1,0,0,0,0,0,0
2025,2025-07-18,777105,677944,1,1,0,0,0,0,0,0
2025,2025-07-18,777105,677944,1,1,0,0,0,0,0,0
2025,2025-07-18,777105,677944,1,1,0,0,0,0,0,0
2025,2025-07-18,777105,677944,1,1,0,0,0,0,0,0
2025,2025-07-18,777105,677944,2,1,0,0,0,0,0,0
2025,2025-07-18,777105,677944,2,1,0,0,0,0,0,0
2025,2025-07-18,777105,677944,2,1,0,0,0,0,0,0
2025,2025-07-18,777105,677944,2,1,1,1,0,0,0,1
2025,2025-07-18,777105,677944,2,1,0,0,0,0,0,0
2025,2025-07-18,777105,677944,2,1,1,0,0,0,0,0
2025,2025-07-18,777105,677944,2,1,0,0,0,0,0,0
2025,2025-07-18,777105,677944,2,1,0,0,0,0,0,0
2025,2025-07-18,777105,677944,2,1,1,0,0,0,0,0
2025,2025-07-18,777105,677944,3,1,0,0,0,0,0,0
2025,2025-07-18,777105,677944,3,1,0,0,0,0,0,0
2025,2025-07-18,777105,677944,3,1,1,0,0,0,0,1
2025,2025-07-18,777105,677944,3,1,0,0,0,0,0,0
2025,2025-07-18,777105,677944,3,1,0,0,0,0,0,0
2025,2025-07-18,777105,677944,3,1,1,1,0,0,0,1
2025,2025-07-18,777105,677944,3,1,0,0,0,0,1,0
2025,2025-07-18,777105,677944,3,1,0,0,0,0,0,0
2025,2025-07-18,777105,677944,3,1,0,0,0,0,0,0
2025,2025-07-18,777105,677944,4+,1,0,0,0,0,0,0
2025,2025-07-18,777105,677944,4+,1,0,0,0,0,0,0
2025,2025-07-18,777105,677944,4+,1,1,0,0,0,0,0
2025,2025-07-18,777105,677944,4+,1,1,0,0,0,0,1
2025,2025-07-18,777105,677944,4+,1,0,0,0,0,1,0
2025,2025-07-18,777105,677944,4+,1,1,0,0,0,0,1
2025,2025-07-19,777104,671106,1,1,0,0,0,0,0,0
2025,2025-07-19,777104,671106,1,1,0,0,0,0,0,0
2025,2025-07-19,777104,671106,1,1,0,0,0,0,1,0
2025,2025-07-19,777104,671106,1,1,0,0,0,0,1,0
2025,2025-07-19,777104,671106,1,1,0,0,0,0,0,0
2025,2025-07-19,777104,671106,1,1,0,0,0,0,0,0
2025,2025-07-19,777104,671106,1,1,0,0,0,0,0,0
2025,2025-07-19,777104,671106,1,1,0,0,0,0,0,0
2025,2025-07-19,777104,671106,1,1,1,0,0,0,0,0
2025,2025-07-19,777104,671106,2,1,0,0,0,0,0,0
2025,2025-07-19,777104,671106,2,1,1,0,0,0,0,0
2025,2025-07-19,777104,671106,2,1,1,0,0,0,0,1
2025,2025-07-19,777104,671106,2,1,1,0,0,0,0,1
2025,2025-07-19,777104,671106,2,1,1,0,0,0,0,1
2025,2025-07-19,777104,671106,2,1,0,0,0,0,0,0
2025,2025-07-19,777104,671106,2,1,0,0,0,0,0,0
2025,2025-07-19,777104,671106,2,1,0,0,0,0,0,0
2025,2025-07-19,777104,671106,2,1,1,0,0,0,0,0
2025,2025-07-19,777104,671106,3,1,0,0,0,0,1,0
2025,2025-07-19,777104,671106,3,1,0,0,1,0,0,0
2025,2025-07-19,777104,671106,3,1,0,0,0,0,1,0
2025,2025-07-19,777104,671106,3,1,0,0,0,0,0,0
2025,2025-07-19,777104,671106,3,1,1,0,0,0,0,0
2025,2025-07-19,777104,671106,3,1,1,0,0,0,0,0
2025,2025-07-20,777084,668909,1,1,0,0,0,0,1,0
2025,2025-07-20,777084,668909,1,1,0,0,0,0,0,0
2025,2025-07-20,777084,668909,1,1,0,0,0,0,1,0
2025,2025-07-20,777084,668909,1,1,0,0,0,0,1,0
2025,2025-07-20,777084,668909,1,1,0,0,0,0,1,0
2025,2025-07-20,777084,668909,1,1,0,0,0,0,1,0
2025,2025-07-20,777084,668909,1,1,0,0,0,0,0,0
2025,2025-07-20,777084,668909,1,1,1,0,0,0,0,0
2025,2025-07-20,777084,668909,1,1,0,0,0,0,1,0
2025,2025-07-20,777084,668909,2,1,0,0,0,0,1,0
2025,2025-07-20,777084,668909,2,1,0,0,0,0,0,0
2025,2025-07-20,777084,668909,2,1,0,0,1,0,0,0
2025,2025-07-20,777084,668909,2,1,0,0,0,0,1,0
2025,2025-07-20,777084,668909,2,1,0,0,0,0,1,0
2025,2025-07-20,777084,668909,2,1,1,0,0,0,0,0
2025,2025-07-20,777084,668909,2,1,0,0,0,0,0,0
2025,2025-07-20,777084,668909,2,1,1,0,0,0,0,0
2025,2025-07-20,777084,668909,2,1,0,0,0,0,0,0
2025,2025-07-20,777084,668909,3,1,0,0,0,0,1,1
2025,2025-07-20,777084,668909,3,1,0,0,0,0,0,0
2025,2025-07-20,777084,668909,3,1,1,0,0,0,0,0
2025,2025-07-20,777084,668909,3,1,0,0,0,0,1,0
2025,2025-07-20,777084,668909,3,1,0,0,0,0,0,0
2025,2025-07-20,777084,668909,3,1,0,0,0,0,0,0
2025,2025-07-20,777084,668909,3,1,0,0,0,0,0,0
2025,2025-07-20,777084,668909,3,1,0,0,0,0,0,0
2025,2025-07-21,777068,676440,1,1,1,0,0,0,0,0
2025,2025-07-21,777068,676440,1,1,1,0,0,0,0,0
2025,2025-07-21,777068,676440,1,1,1,0,0,0,0,1
2025,2025-07-21,777068,676440,1,1,0,0,0,0,0,0
2025,2025-07-21,777068,676440,1,1,1,0,0,0,0,2
2025,2025-07-21,777068,676440,1,1,0,0,0,0,0,0
2025,2025-07-21,777068,676440,1,1,0,0,0,0,0,0
2025,2025-07-21,777068,676440,1,1,0,0,0,0,0,0
2025,2025-07-21,777068,676440,1,1,0,0,0,0,0,0
2025,2025-07-21,777068,676440,2,1,0,0,0,0,0,0
2025,2025-07-21,777068,676440,2,1,0,0,0,0,1,0
2025,2025-07-21,777068,676440,2,1,0,0,0,0,0,0
2025,2025-07-21,777068,676440,2,1,0,0,0,0,0,0
2025,2025-07-21,777068,676440,2,1,1,1,0,0,0,2
2025,2025-07-21,777068,676440,2,1,0,0,0,0,1,0
2025,2025-07-21,777068,676440,2,1,0,0,0,0,0,0
2025,2025-07-21,777068,676440,2,1,0,0,0,0,0,0
2025,2025-07-21,777068,676440,2,1,0,0,0,0,1,0
2025,2025-07-21,777068,676440,3,1,1,0,0,0,0,0
2025,2025-07-21,777068,676440,3,1,0,0,0,0,0,0
2025,2025-07-21,777068,676440,3,1,0,0,0,0,0,0
2025,2025-07-21,777068,676440,3,1,0,0,0,0,0,0
2025,2025-07-21,777068,676440,3,1,0,0,0,0,0,0
2025,2025-07-21,777068,676440,3,1,0,0,0,0,0,0
2025,2025-07-21,777068,676440,3,1,0,0,0,0,0,0
2025,2025-07-21,777068,676440,3,1,0,0,0,0,1,0
2025,2025-07-21,777068,676440,3,1,0,0,0,0,0,0
2025,2025-07-22,777056,676282,1,1,0,0,0,0,0,0
2025,2025-07-22,777056,676282,1,1,0,0,0,0,0,0
2025,2025-07-22,777056,676282,1,1,0,0,1,0,0,0
2025,2025-07-22,777056,676282,1,1,0,0,0,0,1,0
2025,2025-07-22,777056,676282,1,1,0,0,0,0,1,0
2025,2025-07-22,777056,676282,1,1,0,0,0,0,1,0
2025,2025-07-22,777056,676282,1,1,0,0,0,0,0,0
2025,2025-07-22,777056,676282,1,1,0,0,1,0,0,0
2025,2025-07-22,777056,676282,1,1,0,0,0,0,0,0
2025,2025-07-22,777056,676282,2,1,0,0,1,0,0,0
2025,2025-07-22,777056,676282,2,1,0,0,0,0,0,0
2025,2025-07-22,777056,676282,2,1,0,0,0,0,0,0
2025,2025-07-22,777056,676282,2,1,0,0,0,0,1,0
2025,2025-07-22,777056,676282,2,1,0,0,0,0,1,0
2025,2025-07-22,777056,676282,2,1,1,0,0,0,0,0
2025,2025-07-22,777056,676282,2,1,1,0,0,0,0,0
2025,2025-07-22,777056,676282,2,1,0,0,1,0,0,0
2025,2025-07-22,777056,676282,2,1,0,0,0,0,0,1
2025,2025-07-22,777056,676282,3,1,0,0,0,0,0,0
2025,2025-07-23,777036,677944,1,1,0,0,1,0,0,0
2025,2025-07-23,777036,677944,1,1,0,0,0,0,0,0
2025,2025-07-23,777036,677944,1,1,0,0,0,0,0,0
2025,2025-07-23,777036,677944,1,1,1,0,0,0,0,0
2025,2025-07-23,777036,677944,1,1,0,0,0,0,0,0
2025,2025-07-23,777036,677944,1,1,0,0,0,0,0,0
2025,2025-07-23,777036,677944,1,1,0,0,1,0,0,0
2025,2025-07-23,777036,677944,1,1,1,0,0,0,0,0
2025,2025-07-23,777036,677944,1,1,0,0,0,0,0,0
2025,2025-07-23,777036,677944,2,1,0,0,0,0,1,0
2025,2025-07-23,777036,677944,2,1,1,0,0,0,0,0
2025,2025-07-23,777036,677944,2,1,0,0,0,0,0,0
2025,2025-07-23,777036,677944,2,1,0,0,0,0,0,1
2025,2025-07-23,777036,677944,2,1,1,0,0,0,0,0
2025,2025-07-23,777036,677944,2,1,0,0,0,0,0,0
2025,2025-07-23,777036,677944,2,1,0,0,0,0,0,0
2025,2025-07-23,777036,677944,2,1,0,0,0,0,0,0
2025,2025-07-23,777036,677944,2,1,0,0,0,0,1,0
2025,2025-07-23,777036,677944,3,1,1,1,0,0,0,1
2025,2025-07-23,777036,677944,3,1,0,0,0,0,0,0
2025,2025-07-23,777036,677944,3,1,0,0,0,0,0,0
2025,2025-07-23,777036,677944,3,1,0,0,0,0,0,0
2025,2025-07-24,777019,671106,1,1,0,0,0,0,0,0
2025,2025-07-24,777019,671106,1,1,1,0,0,0,0,0
2025,2025-07-24,777019,671106,1,1,0,0,0,0,1,0
2025,2025-07-24,777019,671106,1,1,1,1,0,0,0,2
2025,2025-07-24,777019,671106,1,1,1,0,0,0,0,0
2025,2025-07-24,777019,671106,1,1,1,0,0,0,0,1
2025,2025-07-24,777019,671106,1,1,0,0,0,1,0,0
2025,2025-07-24,777019,671106,1,1,0,0,0,0,0,0
2025,2025-07-24,777019,671106,1,1,0,0,0,0,1,0
2025,2025-07-24,777019,671106,2,1,0,0,0,0,1,0
2025,2025-07-24,777019,671106,2,1,0,0,0,0,0,0
2025,2025-07-24,777019,671106,2,1,0,0,0,0,0,0
2025,2025-07-24,777019,671106,2,1,0,0,0,0,0,0
2025,2025-07-24,777019,671106,2,1,1,0,0,0,0,0
2025,2025-07-24,777019,671106,2,1,0,0,0,0,0,0
2025,2025-07-24,777019,671106,2,1,0,0,0,0,0,0
2025,2025-07-24,777019,671106,2,1,0,0,0,0,1,0
2025,2025-07-24,777019,671106,2,1,0,0,0,0,0,0
2025,2025-07-24,777019,671106,3,1,0,0,0,0,0,0
2025,2025-07-24,777019,671106,3,1,0,0,0,0,0,0
2025,2025-07-24,777019,671106,3,1,1,0,0,0,0,0
2025,2025-07-24,777019,671106,3,1,0,0,0,0,0,0
2025,2025-07-24,777019,671106,3,1,0,0,0,0,0,0
2025,2025-07-24,777019,671106,3,1,0,0,0,0,0,0
2025,2025-07-24,777019,671106,3,1,0,0,0,0,0,0
2025,2025-07-24,777019,671106,3,1,0,0,0,0,0,0
2025,2025-07-24,777019,671106,3,1,1,0,0,0,0,0
2025,2025-07-26,776990,676440,1,1,0,0,0,0,0,0
2025,2025-07-26,776990,676440,1,1,0,0,0,0,0,0
2025,2025-07-26,776990,676440,1,1,0,0,0,0,1,0
2025,2025-07-26,776990,676440,1,1,1,0,0,0,0,0
2025,2025-07-26,776990,676440,1,1,0,0,0,0,1,0
2025,2025-07-26,776990,676440,1,1,0,0,0,0,0,0
2025,2025-07-26,776990,676440,1,1,1,1,0,0,0,2
2025,2025-07-26,776990,676440,1,1,0,0,0,0,1,0
2025,2025-07-26,776990,676440,1,1,0,0,0,0,1,0
2025,2025-07-26,776990,676440,2,1,1,0,0,0,0,0
2025,2025-07-26,776990,676440,2,1,0,0,0,0,0,0
2025,2025-07-26,776990,676440,2,1,1,0,0,0,0,0
2025,2025-07-26,776990,676440,2,1,0,0,0,0,1,0
2025,2025-07-26,776990,676440,2,1,0,0,0,0,1,0
2025,2025-07-26,776990,676440,2,1,0,0,0,0,1,0
2025,2025-07-26,776990,676440,2,1,1,0,0,0,0,0
2025,2025-07-26,776990,676440,2,1,0,0,0,0,0,0
2025,2025-07-26,776990,676440,2,1,1,0,0,0,0,0
2025,2025-07-26,776990,676440,3,1,0,0,0,0,1,0
2025,2025-07-26,776990,676440,3,1,1,1,0,0,0,2
2025,2025-07-26,776990,676440,3,1,0,0,0,0,0,0
2025,2025-07-26,776990,676440,3,1,0,0,0,0,0,0
2025,2025-07-26,777010,668909,1,1,0,0,0,0,1,0
2025,2025-07-26,777010,668909,1,1,0,0,0,0,0,0
2025,2025-07-26,777010,668909,1,1,0,0,0,0,0,0
2025,2025-07-26,777010,668909,1,1,0,0,1,0,0,0
2025,2025-07-26,777010,668909,1,1,1,0,0,0,0,0
2025,2025-07-26,777010,668909,1,1,0,0,0,0,0,0
2025,2025-07-26,777010,668909,1,1,0,0,0,0,0,0
2025,2025-07-26,777010,668909,1,1,0,0,0,0,0,0
2025,2025-07-26,777010,668909,1,1,0,0,0,0,0,0
2025,2025-07-26,777010,668909,2,1,0,0,0,0,1,0
2025,2025-07-26,777010,668909,2,1,1,0,0,0,0,0
2025,2025-07-26,777010,668909,2,1,0,0,0,0,0,0
2025,2025-07-26,777010,668909,2,1,1,1,0,0,0,2
2025,2025-07-26,777010,668909,2,1,1,0,0,0,0,0
2025,2025-07-26,777010,668909,2,1,0,0,0,0,0,0
2025,2025-07-26,777010,668909,2,1,0,0,0,0,0,0
2025,2025-07-26,777010,668909,2,1,0,0,1,0,0,0
2025,2025-07-26,777010,668909,2,1,0,0,0,0,0,0
2025,2025-07-26,777010,668909,3,1,0,0,0,0,0,0
2025,2025-07-26,777010,668909,3,1,0,0,0,0,0,0
2025,2025-07-26,777010,668909,3,1,0,0,0,0,0,0
2025,2025-07-26,777010,668909,3,1,1,0,0,0,0,0
2025,2025-07-26,777010,668909,3,1,0,0,0,0,1,0
2025,2025-07-26,777010,668909,3,1,0,0,0,0,0,0
2025,2025-07-27,776975,676282,1,1,0,0,1,0,0,0
2025,2025-07-27,776975,676282,1,1,1,0,0,0,0,0
2025,2025-07-27,776975,676282,1,1,0,0,0,0,0,1
2025,2025-07-27,776975,676282,1,1,0,0,0,0,0,1
2025,2025-07-27,776975,676282,1,1,0,0,0,0,0,0
2025,2025-07-27,776975,676282,1,1,1,0,0,0,0,0
2025,2025-07-27,776975,676282,1,1,0,0,0,0,1,0
2025,2025-07-27,776975,676282,1,1,0,0,0,0,1,0
2025,2025-07-27,776975,676282,1,1,0,0,0,0,1,0
2025,2025-07-27,776975,676282,2,1,0,0,0,0,0,0
2025,2025-07-27,776975,676282,2,1,0,0,0,0,1,0
2025,2025-07-27,776975,676282,2,1,0,0,1,0,0,0
2025,2025-07-27,776975,676282,2,1,0,0,1,0,0,0
2025,2025-07-27,776975,676282,2,1,0,0,0,0,0,0
2025,2025-07-27,776975,676282,2,1,0,0,0,0,0,0
2025,2025-07-27,776975,676282,2,1,0,0,1,0,0,0
2025,2025-07-27,776975,676282,2,1,1,0,0,0,0,1
2025,2025-07-27,776975,676282,2,1,0,0,0,0,0,0
2025,2025-07-27,776975,676282,3,1,0,0,0,0,0,0
2025,2025-07-28,776968,677944,1,1,0,0,0,0,0,0
2025,2025-07-28,776968,677944,1,1,0,0,0,0,0,0
2025,2025-07-28,776968,677944,1,1,0,0,0,0,0,0
2025,2025-07-28,776968,677944,1,1,1,0,0,0,0,0
2025,2025-07-28,776968,677944,1,1,0,0,0,0,0,0
2025,2025-07-28,776968,677944,1,1,0,0,0,0,0,0
2025,2025-07-28,776968,677944,1,1,1,0,0,0,0,0
2025,2025-07-28,776968,677944,1,1,0,0,0,0,0,0
2025,2025-07-28,776968,677944,1,1,1,0,0,0,0,0
2025,2025-07-28,776968,677944,2,1,0,0,0,0,0,1
2025,2025-07-28,776968,677944,2,1,0,0,0,0,0,0
2025,2025-07-28,776968,677944,2,1,0,0,0,0,0,0
2025,2025-07-28,776968,677944,2,1,1,0,0,0,0,0
2025,2025-07-28,776968,677944,2,1,0,0,0,0,0,0
2025,2025-07-28,776968,677944,2,1,0,0,0,0,0,0
2025,2025-07-28,776968,677944,2,1,0,0,0,0,0,0
2025,2025-07-28,776968,677944,2,1,0,0,1,0,0,0
2025,2025-07-28,776968,677944,2,1,0,0,1,0,0,0
2025,2025-07-28,776968,677944,3,1,1,0,0,0,0,1
2025,2025-07-28,776968,677944,3,1,0,0,0,0,0,0
2025,2025-07-28,776968,677944,3,1,0,0,0,0,1,0
2025,2025-07-28,776968,677944,3,1,0,0,0,0,0,0
2025,2025-07-28,776968,677944,3,1,0,0,0,0,1,0
2025,2025-07-28,776968,677944,3,1,1,1,0,0,0,1
2025,2025-07-28,776968,677944,3,1,0,0,0,0,1,0
2025,2025-07-28,776968,677944,3,1,0,0,0,0,0,0
2025,2025-07-28,776968,677944,3,1,0,0,0,0,0,0
2025,2025-07-28,776968,677944,4+,1,0,0,0,0,0,0
2025,2025-07-29,776951,671106,1,1,0,0,0,0,0,0
2025,2025-07-29,776951,671106,1,1,0,0,0,0,0,0
2025,2025-07-29,776951,671106,1,1,0,0,0,0,0,0
2025,2025-07-29,776951,671106,1,1,0,0,1,0,0,0
2025,2025-07-29,776951,671106,1,1,0,0,0,0,0,0
2025,2025-07-29,776951,671106,1,1,1,0,0,0,0,0
2025,2025-07-29,776951,671106,1,1,0,0,0,0,1,0
2025,2025-07-29,776951,671106,1,1,0,0,0,0,0,0
2025,2025-07-29,776951,671106,1,1,0,0,0,0,0,0
2025,2025-07-29,776951,671106,2,1,0,0,0,0,0,0
2025,2025-07-29,776951,671106,2,1,1,0,0,0,0,0
2025,2025-07-29,776951,671106,2,1,1,0,0,0,0,0
2025,2025-07-29,776951,671106,2,1,0,0,0,0,0,0
2025,2025-07-29,776951,671106,2,1,1,1,0,0,0,1
2025,2025-07-29,776951,671106,2,1,0,0,0,0,0,0
2025,2025-07-29,776951,671106,2,1,0,0,0,0,0,0
2025,2025-07-29,776951,671106,2,1,0,0,0,0,0,0
2025,2025-07-29,776951,671106,2,1,0,0,0,0,0,0
2025,2025-07-29,776951,671106,3,1,0,0,0,0,0,0
2025,2025-07-29,776951,671106,3,1,1,0,0,0,0,0
2025,2025-07-29,776951,671106,3,1,0,0,0,0,1,0
2025,2025-07-29,776951,671106,3,1,0,0,0,0,0,0
2025,2025-07-29,776951,671106,3,1,0,0,0,0,1,0
2025,2025-07-29,776951,671106,3,1,1,0,0,0,0,0
2025,2025-07-29,776951,671106,3,1,0,0,0,0,0,0
2025,2025-07-29,776951,671106,3,1,0,0,0,0,0,0
2025,2025-07-29,776951,671106,3,1,1,1,0,0,0,1
2025,2025-07-29,776951,671106,4+,1,1,0,0,0,0,0
2025,2025-07-29,776951,671106,4+,1,0,0,0,0,0,0
2025,2025-07-30,776942,663465,1,1,0,0,0,0,0,0
2025,2025-07-30,776942,663465,1,1,0,0,0,0,0,0
2025,2025-07-30,776942,663465,1,1,0,0,0,0,1,0
2025,2025-07-30,776942,663465,1,1,0,0,0,0,1,0
2025,2025-07-30,776942,663465,1,1,0,0,0,0,0,0
2025,2025-07-30,776942,663465,1,1,0,0,0,0,1,0
2025,2025-07-30,776942,663465,1,1,0,0,0,0,1,0
2025,2025-07-30,776942,663465,1,1,0,0,0,0,1,0
2025,2025-07-30,776942,663465,1,1,0,0,0,0,0,0
2025,2025-07-30,776942,663465,2,1,1,0,0,0,0,0
2025,2025-07-30,776942,663465,2,1,0,0,0,0,0,0
2025,2025-08-01,776924,668909,1,1,0,0,0,0,0,0
2025,2025-08-01,776924,668909,1,1,0,0,0,0,1,0
2025,2025-08-01,776924,668909,1,1,0,0,0,0,1,0
2025,2025-08-01,776924,668909,1,1,0,0,0,0,0,0
2025,2025-08-01,776924,668909,1,1,0,0,0,0,1,0
2025,2025-08-01,776924,668909,1,1,0,0,0,0,1,0
2025,2025-08-01,776924,668909,1,1,0,0,1,0,0,0
2025,2025-08-01,776924,668909,1,1,0,0,0,0,0,0
2025,2025-08-01,776924,668909,1,1,0,0,0,0,1,0
2025,2025-08-01,776924,668909,2,1,1,0,0,0,0,0
2025,2025-08-01,776924,668909,2,1,0,0,0,0,0,0
2025,2025-08-01,776924,668909,2,1,1,0,0,0,0,0
2025,2025-08-01,776924,668909,2,1,0,0,0,0,1,0
2025,2025-08-01,776924,668909,2,1,1,0,0,0,0,0
2025,2025-08-01,776924,668909,2,1,0,0,1,0,0,0
2025,2025-08-01,776924,668909,2,1,0,0,0,0,0,0
2025,2025-08-01,776924,668909,2,1,0,0,0,0,0,0
2025,2025-08-01,776924,668909,2,1,0,0,0,0,1,0
2025,2025-08-01,776924,668909,3,1,1,0,0,0,0,0
2025,2025-08-01,776924,668909,3,1,0,0,0,0,0,0
2025,2025-08-01,776924,668909,3,1,0,0,0,0,1,0
2025,2025-08-01,776924,668909,3,1,0,0,0,0,0,0
2025,2025-08-01,776924,668909,3,1,0,0,0,0,0,0
2025,2025-08-02,776905,676440,1,1,0,0,0,0,1,0
2025,2025-08-02,776905,676440,1,1,0,0,0,0,0,0
2025,2025-08-02,776905,676440,1,1,0,0,0,0,1,0
2025,2025-08-02,776905,676440,1,1,1,0,0,0,0,0
2025,2025-08-02,776905,676440,1,1,0,0,1,0,0,0
2025,2025-08-02,776905,676440,1,1,0,0,0,0,0,0
2025,2025-08-02,776905,676440,1,1,0,0,0,0,1,0
2025,2025-08-02,776905,676440,1,1,0,0,0,0,0,0
2025,2025-08-02,776905,676440,1,1,0,0,0,0,0,0
2025,2025-08-02,776905,676440,2,1,0,0,0,0,1,0
2025,2025-08-02,776905,676440,2,1,1,0,0,0,0,0
2025,2025-08-02,776905,676440,2,1,0,0,0,0,0,0
2025,2025-08-02,776905,676440,2,1,0,0,1,0,0,0
2025,2025-08-02,776905,676440,2,1,1,1,0,0,0,2
2025,2025-08-02,776905,676440,2,1,1,0,0,0,0,0
2025,2025-08-02,776905,676440,2,1,0,0,0,0,0,0
2025,2025-08-02,776905,676440,2,1,0,0,0,0,1,0
2025,2025-08-02,776905,676440,2,1,0,0,0,0,0,0
2025,2025-08-02,776905,676440,3,1,1,0,0,0,0,0
2025,2025-08-02,776905,676440,3,1,1,0,0,0,0,1
2025,2025-08-02,776905,676440,3,1,1,0,0,0,0,0
2025,2025-08-02,776905,676440,3,1,0,0,0,0,0,0
2025,2025-08-02,776905,676440,3,1,0,0,0,0,0,0
2025,2025-08-02,776905,676440,3,1,1,0,0,0,0,1
2025,2025-08-03,776892,676282,1,1,1,0,0,0,0,0
2025,2025-08-03,776892,676282,1,1,1,0,0,0,0,0
2025,2025-08-03,776892,676282,1,1,1,0,0,0,0,1
2025,2025-08-03,776892,676282,1,1,1,0,0,0,0,1
2025,2025-08-03,776892,676282,1,1,0,0,0,0,1,0
2025,2025-08-03,776892,676282,1,1,0,0,0,0,1,0
2025,2025-08-03,776892,676282,1,1,1,0,0,0,0,2
2025,2025-08-03,776892,676282,1,1,0,0,0,0,1,0
2025,2025-08-03,776892,676282,1,1,0,0,0,0,0,0
2025,2025-08-03,776892,676282,2,1,0,0,0,0,1,0
2025,2025-08-03,776892,676282,2,1,0,0,0,0,0,0
2025,2025-08-03,776892,676282,2,1,0,0,0,0,0,0
2025,2025-08-03,776892,676282,2,1,0,0,0,0,0,0
2025,2025-08-03,776892,676282,2,1,1,0,0,0,0,0
2025,2025-08-03,776892,676282,2,1,0,0,0,0,1,0
2025,2025-08-03,776892,676282,2,1,0,0,1,0,0,0
2025,2025-08-03,776892,676282,2,1,0,0,0,0,1,0
2025,2025-08-03,776892,676282,2,1,0,0,0,0,0,0
2025,2025-08-03,776892,676282,3,1,0,0,0,0,1,0
2025,2025-08-03,776892,676282,3,1,0,0,0,0,1,0
2025,2025-08-03,776892,676282,3,1,0,0,1,0,0,0
2025,2025-08-03,776892,676282,3,1,0,0,0,0,1,0
2025,2025-08-03,776892,676282,3,1,0,0,0,0,0,0
2025,2025-08-03,776892,676282,3,1,0,0,0,0,0,0
2025,2025-08-03,776892,676282,3,1,0,0,0,0,0,0
2025,2025-08-04,776876,677944,1,1,0,0,0,0,0,0
2025,2025-08-04,776876,677944,1,1,0,0,0,0,0,0
2025,2025-08-04,776876,677944,1,1,0,0,0,0,0,0
2025,2025-08-04,776876,677944,1,1,1,0,0,0,0,0
2025,2025-08-04,776876,677944,1,1,0,0,0,0,1,0
2025,2025-08-04,776876,677944,1,1,0,0,0,0,0,0
2025,2025-08-04,776876,677944,1,1,0,0,0,0,1,0
2025,2025-08-04,776876,677944,1,1,0,0,0,0,0,0
2025,2025-08-04,776876,677944,1,1,0,0,0,0,0,0
2025,2025-08-04,776876,677944,2,1,0,0,0,0,1,0
2025,2025-08-04,776876,677944,2,1,0,0,0,0,1,0
2025,2025-08-04,776876,677944,2,1,1,0,0,0,0,0
2025,2025-08-04,776876,677944,2,1,1,0,0,0,0,0
2025,2025-08-04,776876,677944,2,1,0,0,0,0,0,0
2025,2025-08-04,776876,677944,2,1,0,0,0,0,0,0
2025,2025-08-04,776876,677944,2,1,0,0,1,0,0,0
2025,2025-08-04,776876,677944,2,1,0,0,0,0,0,0
2025,2025-08-04,776876,677944,2,1,0,0,0,0,0,0
2025,2025-08-04,776876,677944,3,1,0,0,0,0,1,0
2025,2025-08-04,776876,677944,3,1,0,0,0,0,1,0
2025,2025-08-04,776876,677944,3,1,0,0,0,0,0,0
2025,2025-08-04,776876,677944,3,1,1,1,0,0,0,3
2025,2025-08-04,776876,677944,3,1,0,0,0,0,0,0
2025,2025-08-04,776876,677944,3,1,0,0,0,0,0,0
2025,2025-08-04,776876,677944,3,1,0,0,0,0,0,0
2025,2025-08-05,776863,671106,1,1,0,0,0,0,0,0
2025,2025-08-05,776863,671106,1,1,0,0,1,0,0,0
2025,2025-08-05,776863,671106,1,1,0,0,1,0,0,0
2025,2025-08-05,776863,671106,1,1,0,0,0,0,0,1
2025,2025-08-05,776863,671106,1,1,0,0,0,0,1,0
2025,2025-08-05,776863,671106,1,1,1,0,0,0,0,0
2025,2025-08-05,776863,671106,1,1,0,0,0,0,0,0
2025,2025-08-05,776863,671106,1,1,0,0,1,0,0,0
2025,2025-08-05,776863,671106,1,1,1,0,0,0,0,1
2025,2025-08-05,776863,671106,2,1,0,0,0,0,0,0
2025,2025-08-05,776863,671106,2,1,0,0,0,0,0,0
2025,2025-08-05,776863,671106,2,1,0,0,0,0,1,0
2025,2025-08-05,776863,671106,2,1,1,0,0,0,0,0
2025,2025-08-05,776863,671106,2,1,0,0,0,0,0,0
2025,2025-08-05,776863,671106,2,1,0,0,0,0,1,0
2025,2025-08-05,776863,671106,2,1,1,0,0,0,0,0
2025,2025-08-05,776863,671106,2,1,0,0,0,0,1,0
2025,2025-08-05,776863,671106,2,1,0,0,0,0,1,0
2025,2025-08-05,776863,671106,3,1,0,0,0,0,0,0
2025,2025-08-05,776863,671106,3,1,0,0,0,0,0,0
2025,2025-08-05,776863,671106,3,1,0,0,1,0,0,0
2025,2025-08-05,776863,671106,3,1,0,0,0,0,0,0
2025,2025-08-05,776863,671106,3,1,0,0,0,0,1,0
2025,2025-08-06,776846,668909,1,1,0,0,0,0,0,0
2025,2025-08-06,776846,668909,1,1,0,0,0,0,0,0
2025,2025-08-06,776846,668909,1,1,0,0,0,0,0,0
2025,2025-08-06,776846,668909,1,1,0,0,1,0,0,0
2025,2025-08-06,776846,668909,1,1,0,0,0,0,0,0
2025,2025-08-06,776846,668909,1,1,0,0,0,0,0,0
2025,2025-08-06,776846,668909,1,1,0,0,1,0,0,0
2025,2025-08-06,776846,668909,1,1,0,0,0,0,0,0
2025,2025-08-06,776846,668909,1,1,0,0,0,0,1,0
2025,2025-08-06,776846,668909,2,1,0,0,0,0,0,0
2025,2025-08-06,776846,668909,2,1,0,0,0,0,1,0
2025,2025-08-06,776846,668909,2,1,0,0,0,0,1,0
2025,2025-08-06,776846,668909,2,1,0,0,1,0,0,0
2025,2025-08-06,776846,668909,2,1,0,0,0,0,0,0
2025,2025-08-06,776846,668909,2,1,0,0,0,0,0,0
2025,2025-08-06,776846,668909,2,1,0,0,0,0,0,0
2025,2025-08-06,776846,668909,2,1,0,0,0,0,0,0
2025,2025-08-06,776846,668909,2,1,0,0,0,0,0,0
2025,2025-08-06,776846,668909,3,1,0,0,0,0,0,0
2025,2025-08-06,776846,668909,3,1,0,0,0,0,0,0
2025,2025-08-06,776846,668909,3,1,0,0,0,0,0,0
2025,2025-08-06,776846,668909,3,1,0,0,0,0,1,0
2025,2025-08-06,776846,668909,3,1,0,0,0,0,0,0
2025,2025-08-06,776846,668909,3,1,0,0,0,0,0,0
2025,2025-08-06,776846,668909,3,1,0,0,0,0,1,0
2025,2025-08-06,776846,668909,3,1,0,0,0,0,0,0
2025,2025-08-06,776846,668909,3,1,0,0,0,0,0,0
2025,2025-08-06,776846,668909,4+,1,0,0,0,0,1,0
2025,2025-08-06,776846,668909,4+,1,1,1,0,0,0,1
2025,2025-08-06,776846,668909,4+,1,0,0,0,0,0,0
2025,2025-08-06,776846,668909,4+,1,0,0,1,0,0,0
2025,2025-08-08,776833,676440,1,1,0,0,1,0,0,0
2025,2025-08-08,776833,676440,1,1,0,0,0,0,0,0
2025,2025-08-08,776833,676440,1,1,1,0,0,0,0,0
2025,2025-08-08,776833,676440,1,1,0,0,0,0,0,0
2025,2025-08-08,776833,676440,1,1,0,0,0,0,0,0
2025,2025-08-08,776833,676440,1,1,0,0,0,0,1,0
2025,2025-08-08,776833,676440,1,1,0,0,0,0,1,0
2025,2025-08-08,776833,676440,1,1,0,0,0,0,1,0
2025,2025-08-08,776833,676440,1,1,1,1,0,0,0,1
2025,2025-08-08,776833,676440,2,1,0,0,0,0,0,0
2025,2025-08-08,776833,676440,2,1,0,0,0,0,0,0
2025,2025-08-08,776833,676440,2,1,0,0,0,0,1,0
2025,2025-08-08,776833,676440,2,1,0,0,0,0,1,0
2025,2025-08-08,776833,676440,2,1,0,0,0,0,0,0
2025,2025-08-08,776833,676440,2,1,0,0,0,0,1,0
2025,2025-08-08,776833,676440,2,1,0,0,1,0,0,0
2025,2025-08-08,776833,676440,2,1,1,0,0,0,0,0
2025,2025-08-08,776833,676440,2,1,0,0,0,0,1,0
2025,2025-08-08,776833,676440,3,1,0,0,0,0,0,0
2025,2025-08-08,776833,676440,3,1,1,0,0,0,0,0
2025,2025-08-08,776833,676440,3,1,0,0,0,0,0,0
2025,2025-08-08,776833,676440,3,1,0,0,1,0,0,0
2025,2025-08-08,776833,676440,3,1,0,0,1,0,0,0
2025,2025-08-08,776833,676440,3,1,1,0,0,0,0,2
2025,2025-08-09,776814,676282,1,1,0,0,0,0,0,0
2025,2025-08-09,776814,676282,1,1,0,0,0,0,0,0
2025,2025-08-09,776814,676282,1,1,0,0,0,0,0,0
2025,2025-08-09,776814,676282,1,1,0,0,0,0,0,0
2025,2025-08-09,776814,676282,1,1,0,0,0,0,0,0
2025,2025-08-09,776814,676282,1,1,1,1,0,0,0,1
2025,2025-08-09,776814,676282,1,1,1,0,0,0,0,0
2025,2025-08-09,776814,676282,1,1,0,0,0,0,0,0
2025,2025-08-09,776814,676282,1,1,0,0,0,0,0,0
2025,2025-08-09,776814,676282,2,1,0,0,0,0,0,0
2025,2025-08-09,776814,676282,2,1,0,0,0,0,1,0
2025,2025-08-09,776814,676282,2,1,0,0,0,0,0,0
2025,2025-08-09,776814,676282,2,1,0,0,1,0,0,0
2025,2025-08-09,776814,676282,2,1,0,0,1,0,0,0
2025,2025-08-09,776814,676282,2,1,0,0,0,0,0,0
2025,2025-08-09,776814,676282,2,1,0,0,0,0,0,0
2025,2025-08-09,776814,676282,2,1,0,0,0,0,1,0
2025,2025-08-09,776814,676282,2,1,0,0,0,0,0,0
2025,2025-08-09,776814,676282,3,1,1,0,0,0,0,0
2025,2025-08-09,776814,676282,3,1,0,0,0,0,1,0
2025,2025-08-09,776814,676282,3,1,0,0,0,0,0,0
2025,2025-08-09,776814,676282,3,1,0,0,0,0,0,0
2025,2025-08-09,776814,676282,3,1,0,0,0,0,0,0
2025,2025-08-09,776814,676282,3,1,1,0,0,0,0,0
2025,2025-08-10,776798,677944,1,1,1,0,0,0,0,0
2025,2025-08-10,776798,677944,1,1,1,1,0,0,0,2
2025,2025-08-10,776798,677944,1,1,0,0,0,0,1,0
2025,2025-08-10,776798,677944,1,1,0,0,0,0,0,0
2025,2025-08-10,776798,677944,1,1,1,1,0,0,0,1
2025,2025-08-10,776798,677944,1,1,0,0,0,0,1,0
2025,2025-08-10,776798,677944,1,1,0,0,0,0,1,0
2025,2025-08-10,776798,677944,1,1,0,0,0,0,0,0
2025,2025-08-10,776798,677944,1,1,1,0,0,0,0,0
2025,2025-08-10,776798,677944,2,1,1,0,0,0,0,0
2025,2025-08-10,776798,677944,2,1,0,0,0,0,0,0
2025,2025-08-10,776798,677944,2,1,0,0,0,0,1,0
2025,2025-08-10,776798,677944,2,1,1,0,0,0,0,0
2025,2025-08-10,776798,677944,2,1,0,0,1,0,0,0
2025,2025-08-10,776798,677944,2,1,1,0,0,0,0,1
2025,2025-08-10,776798,677944,2,1,1,0,0,0,0,1
2025,2025-08-10,776798,677944,2,1,0,0,0,0,0,0
2025,2025-08-10,776798,677944,2,1,0,0,0,0,0,0
2025,2025-08-12,776778,671106,1,1,1,0,0,0,0,0
2025,2025-08-12,776778,671106,1,1,0,0,0,0,1,0
2025,2025-08-12,776778,671106,1,1,0,0,0,0,1,0
2025,2025-08-12,776778,671106,1,1,0,0,1,0,0,0
2025,2025-08-12,776778,671106,1,1,0,0,0,0,0,0
2025,2025-08-12,776778,671106,1,1,0,0,0,0,1,0
2025,2025-08-12,776778,671106,1,1,0,0,0,0,1,0
2025,2025-08-12,776778,671106,1,1,0,0,0,0,0,0
2025,2025-08-12,776778,671106,1,1,1,0,0,0,0,0
2025,2025-08-12,776778,671106,2,1,1,0,0,0,0,0
2025,2025-08-12,776778,671106,2,1,0,0,0,0,0,0
2025,2025-08-12,776778,671106,2,1,0,0,0,0,0,0
2025,2025-08-12,776778,671106,2,1,0,0,0,0,0,0
2025,2025-08-12,776778,671106,2,1,0,0,0,0,0,0
2025,2025-08-12,776778,671106,2,1,0,0,1,0,0,0
2025,2025-08-12,776778,671106,2,1,0,0,1,0,0,0
2025,2025-08-12,776778,671106,2,1,0,0,0,0,1,0
2025,2025-08-12,776778,671106,2,1,0,0,0,1,0,0
2025,2025-08-12,776778,671106,3,1,0,0,0,0,0,0
2025,2025-08-12,776778,671106,3,1,0,0,0,0,0,0
2025,2025-08-12,776778,671106,3,1,0,0,1,0,0,0
2025,2025-08-12,776778,671106,3,1,1,0,0,0,0,2
2025,2025-08-12,776778,671106,3,1,1,0,0,0,0,1
2025,2025-08-12,776778,671106,3,1,0,0,0,0,0,0
2025,2025-08-13,776766,668909,1,1,1,1,0,0,0,1
2025,2025-08-13,776766,668909,1,1,0,0,1,0,0,0
2025,2025-08-13,776766,668909,1,1,0,0,0,0,0,0
2025,2025-08-13,776766,668909,1,1,0,0,0,0,1,0
2025,2025-08-13,776766,668909,1,1,1,0,0,0,0,0
2025,2025-08-13,776766,668909,1,1,1,1,0,0,0,3
2025,2025-08-13,776766,668909,1,1,0,0,0,0,1,0
2025,2025-08-13,776766,668909,1,1,0,0,0,0,0,0
2025,2025-08-13,776766,668909,1,1,1,0,0,0,0,0
2025,2025-08-13,776766,668909,2,1,0,0,0,0,0,0
2025,2025-08-13,776766,668909,2,1,0,0,0,0,0,0
2025,2025-08-13,776766,668909,2,1,0,0,0,0,0,0
2025,2025-08-13,776766,668909,2,1,0,0,0,0,1,0
2025,2025-08-13,776766,668909,2,1,0,0,0,0,0,0
2025,2025-08-13,776766,668909,2,1,1,0,0,0,0,0
2025,2025-08-13,776766,668909,2,1,0,0,0,0,1,0
2025,2025-08-14,776745,676440,1,1,1,0,0,0,0,0
2025,2025-08-14,776745,676440,1,1,0,0,1,0,0,0
2025,2025-08-14,776745,676440,1,1,1,0,0,0,0,1
2025,2025-08-14,776745,676440,1,1,0,0,0,0,1,0
2025,2025-08-14,776745,676440,1,1,0,0,0,0,0,2
2025,2025-08-14,776745,676440,1,1,0,0,0,0,1,0
2025,2025-08-14,776745,676440,1,1,0,0,0,0,1,0
2025,2025-08-14,776745,676440,1,1,0,0,0,0,0,0
2025,2025-08-14,776745,676440,1,1,0,0,0,0,0,0
2025,2025-08-14,776745,676440,2,1,0,0,0,0,0,0
2025,2025-08-14,776745,676440,2,1,0,0,0,0,1,0
2025,2025-08-14,776745,676440,2,1,0,0,0,0,0,0
2025,2025-08-14,776745,676440,2,1,1,0,0,0,0,0
2025,2025-08-14,776745,676440,2,1,1,0,0,0,0,0
2025,2025-08-14,776745,676440,2,1,0,0,0,0,0,0
2025,2025-08-14,776745,676440,2,1,1,0,0,0,0,1
2025,2025-08-14,776745,676440,2,1,0,0,0,0,1,0
2025,2025-08-14,776745,676440,2,1,0,0,1,0,0,0
2025,2025-08-14,776745,676440,3,1,0,0,0,0,0,0
2025,2025-08-14,776745,676440,3,1,0,0,0,0,0,0
2025,2025-08-14,776745,676440,3,1,0,0,1,0,0,0
2025,2025-08-14,776745,676440,3,1,0,0,0,0,0,0
2025,2025-08-14,776745,676440,3,1,0,0,0,0,0,0
2025,2025-08-14,776745,676440,3,1,0,0,0,0,0,0
2025,2025-08-14,776745,676440,3,1,0,0,0,0,0,0
2025,2025-08-14,776745,676440,3,1,0,0,1,0,0,0
2025,2025-08-15,776738,676282,1,1,0,0,0,0,0,0
2025,2025-08-15,776738,676282,1,1,0,0,1,0,0,0
2025,2025-08-15,776738,676282,1,1,0,0,0,0,1,0
2025,2025-08-15,776738,676282,1,1,0,0,0,0,1,0
2025,2025-08-15,776738,676282,1,1,1,0,0,0,0,0
2025,2025-08-15,776738,676282,1,1,0,0,0,0,0,0
2025,2025-08-15,776738,676282,1,1,0,0,0,0,1,0
2025,2025-08-15,776738,676282,1,1,0,0,0,0,0,0
2025,2025-08-15,776738,676282,1,1,0,0,0,0,0,0
2025,2025-08-15,776738,676282,2,1,0,0,0,0,0,0
2025,2025-08-15,776738,676282,2,1,1,0,0,0,0,0
2025,2025-08-15,776738,676282,2,1,1,0,0,0,0,0
2025,2025-08-15,776738,676282,2,1,0,0,1,0,0,0
2025,2025-08-15,776738,676282,2,1,0,0,0,0,0,0
2025,2025-08-15,776738,676282,2,1,0,0,0,0,0,0
2025,2025-08-15,776738,676282,2,1,1,0,0,0,0,0
2025,2025-08-15,776738,676282,2,1,0,0,1,0,0,0
2025,2025-08-15,776738,676282,2,1,0,0,1,0,0,1
2025,2025-08-15,776738,676282,3,1,0,0,0,0,0,0
2025,2025-08-15,776738,676282,3,1,0,0,0,0,1,0
2025,2025-08-15,776738,676282,3,1,0,0,0,0,1,0
2025,2025-08-15,776738,676282,3,1,0,0,0,0,0,0
2025,2025-08-16,776720,677944,1,1,0,0,0,0,0,0
2025,2025-08-16,776720,677944,1,1,0,0,0,0,1,0
2025,2025-08-16,776720,677944,1,1,0,0,0,0,0,0
2025,2025-08-16,776720,677944,1,1,1,0,0,0,0,0
2025,2025-08-16,776720,677944,1,1,0,0,0,1,0,0
2025,2025-08-16,776720,677944,1,1,0,0,0,0,0,0
2025,2025-08-16,776720,677944,1,1,0,0,0,0,0,0
2025,2025-08-16,776720,677944,1,1,1,0,0,0,0,1
2025,2025-08-16,776720,677944,1,1,1,0,0,0,0,2
2025,2025-08-16,776720,677944,2,1,0,0,1,0,0,0
2025,2025-08-16,776720,677944,2,1,0,0,0,0,1,0
2025,2025-08-16,776720,677944,2,1,0,0,0,0,0,0
2025,2025-08-16,776720,677944,2,1,0,0,0,0,0,0
2025,2025-08-16,776720,677944,2,1,1,0,0,0,0,0
2025,2025-08-16,776720,677944,2,1,0,0,0,0,0,0
2025,2025-08-16,776720,677944,2,1,0,0,0,0,1,0
2025,2025-08-16,776720,677944,2,1,1,0,0,0,0,0
2025,2025-08-16,776720,677944,2,1,0,0,0,0,0,0
2025,2025-08-16,776720,677944,3,1,0,0,1,0,0,0
2025,2025-08-16,776720,677944,3,1,0,0,0,0,0,2
2025,2025-08-16,776720,677944,3,1,1,0,0,0,0,0
2025,2025-08-16,776720,677944,3,1,0,0,0,0,0,0
2025,2025-08-16,776720,677944,3,1,1,0,0,0,0,0
2025,2025-08-16,776720,677944,3,1,1,1,0,0,0,3
2025,2025-08-16,776720,677944,3,1,0,0,0,0,0,0
2025,2025-08-16,776720,677944,3,1,1,0,0,0,0,0
2025,2025-08-16,776720,677944,3,1,1,0,0,0,0,0
2025,2025-08-17,776706,671106,1,1,0,0,0,0,0,0
2025,2025-08-17,776706,671106,1,1,0,0,0,0,0,0
2025,2025-08-17,776706,671106,1,1,0,0,0,0,1,0
2025,2025-08-17,776706,671106,1,1,0,0,0,0,1,0
2025,2025-08-17,776706,671106,1,1,1,0,0,0,0,0
2025,2025-08-17,776706,671106,1,1,1,0,0,0,0,0
2025,2025-08-17,776706,671106,1,1,0,0,1,0,0,0
2025,2025-08-17,776706,671106,1,1,0,0,0,0,0,1
2025,2025-08-17,776706,671106,1,1,0,0,0,0,0,0
2025,2025-08-17,776706,671106,2,1,1,0,0,0,0,0
2025,2025-08-17,776706,671106,2,1,0,0,0,0,1,0
2025,2025-08-17,776706,671106,2,1,1,0,0,0,0,0
2025,2025-08-17,776706,671106,2,1,0,0,0,0,0,0
2025,2025-08-17,776706,671106,2,1,0,0,0,0,1,0
2025,2025-08-17,776706,671106,2,1,0,0,0,0,0,0
2025,2025-08-17,776706,671106,2,1,0,0,0,0,1,0
2025,2025-08-17,776706,671106,2,1,0,0,0,0,1,0
2025,2025-08-17,776706,671106,2,1,1,0,0,0,0,0
2025,2025-08-17,776706,671106,3,1,0,0,0,0,0,0
2025,2025-08-17,776706,671106,3,1,0,0,0,0,0,0
2025,2025-08-17,776706,671106,3,1,0,0,1,0,0,0
2025,2025-08-17,776706,671106,3,1,0,0,1,0,0,0
2025,2025-08-17,776706,671106,3,1,0,0,0,0,0,1
2025,2025-08-18,776682,668909,1,1,0,0,0,0,1,0
2025,2025-08-18,776682,668909,1,1,0,0,0,0,0,0
2025,2025-08-18,776682,668909,1,1,0,0,1,0,0,0
2025,2025-08-18,776682,668909,1,1,0,0,0,1,0,0
2025,2025-08-18,776682,668909,1,1,0,0,0,0,0,0
2025,2025-08-18,776682,668909,1,1,0,0,0,0,0,0
2025,2025-08-18,776682,668909,1,1,0,0,0,0,0,0
2025,2025-08-18,776682,668909,1,1,0,0,0,0,1,0
2025,2025-08-18,776682,668909,1,1,0,0,0,0,0,0
2025,2025-08-18,776682,668909,2,1,1,0,0,0,0,0
2025,2025-08-18,776682,668909,2,1,0,0,0,0,0,0
2025,2025-08-18,776682,668909,2,1,0,0,0,0,0,0
2025,2025-08-18,776682,668909,2,1,0,0,0,0,0,0
2025,2025-08-18,776682,668909,2,1,0,0,0,0,0,0
2025,2025-08-18,776682,668909,2,1,0,0,0,0,1,0
2025,2025-08-18,776682,668909,2,1,0,0,0,0,1,0
2025,2025-08-18,776682,668909,2,1,0,0,0,0,1,0
2025,2025-08-18,776682,668909,2,1,1,0,0,0,0,0
2025,2025-08-18,776682,668909,3,1,0,0,0,0,0,0
2025,2025-08-18,776682,668909,3,1,0,0,0,0,0,0
2025,2025-08-18,776682,668909,3,1,1,0,0,0,0,0
2025,2025-08-18,776682,668909,3,1,1,0,0,0,0,0
2025,2025-08-19,776672,676440,1,1,0,0,1,0,0,0
2025,2025-08-19,776672,676440,1,1,0,0,0,0,1,0
2025,2025-08-19,776672,676440,1,1,0,0,0,0,0,0
2025,2025-08-19,776672,676440,1,1,0,0,0,0,0,0
2025,2025-08-19,776672,676440,1,1,0,0,0,0,1,0
2025,2025-08-19,776672,676440,1,1,0,0,0,0,1,0
2025,2025-08-19,776672,676440,1,1,1,1,0,0,0,1
2025,2025-08-19,776672,676440,1,1,0,0,0,0,0,0
2025,2025-08-19,776672,676440,1,1,0,0,0,0,0,0
2025,2025-08-19,776672,676440,2,1,0,0,0,0,0,0
2025,2025-08-19,776672,676440,2,1,0,0,0,0,1,0
2025,2025-08-19,776672,676440,2,1,1,0,0,0,0,0
2025,2025-08-19,776672,676440,2,1,0,0,0,0,0,1
2025,2025-08-19,776672,676440,2,1,1,0,0,0,0,0
2025,2025-08-19,776672,676440,2,1,0,0,0,1,0,0
2025,2025-08-19,776672,676440,2,1,0,0,0,0,1,0
2025,2025-08-19,776672,676440,2,1,1,0,0,0,0,0
2025,2025-08-19,776672,676440,2,1,0,0,0,0,0,0
2025,2025-08-19,776672,676440,3,1,1,0,0,0,0,1
2025,2025-08-19,776672,676440,3,1,0,0,0,0,0,0
2025,2025-08-19,776672,676440,3,1,1,0,0,0,0,1
2025,2025-08-19,776672,676440,3,1,0,0,0,0,0,0
2025,2025-08-19,776672,676440,3,1,0,0,0,0,0,0
2025,2025-08-19,776672,676440,3,1,0,0,0,0,0,0
2025,2025-08-19,776672,676440,3,1,1,0,0,0,0,0
2025,2025-08-20,776658,800048,1,1,0,0,1,0,0,0
2025,2025-08-20,776658,800048,1,1,0,0,0,0,0,0
2025,2025-08-20,776658,800048,1,1,0,0,0,0,0,0
2025,2025-08-20,776658,800048,1,1,1,0,0,0,0,1
2025,2025-08-20,776658,800048,1,1,0,0,0,0,1,0
2025,2025-08-20,776658,800048,1,1,0,0,0,0,1,0
2025,2025-08-20,776658,800048,1,1,0,0,0,0,0,0
2025,2025-08-20,776658,800048,1,1,1,0,0,0,0,0
2025,2025-08-20,776658,800048,1,1,0,0,0,0,0,0
2025,2025-08-20,776658,800048,2,1,0,0,0,0,0,0
2025,2025-08-20,776658,800048,2,1,0,0,0,0,0,0
2025,2025-08-20,776658,800048,2,1,1,0,0,0,0,0
2025,2025-08-20,776658,800048,2,1,0,0,0,0,1,0
2025,2025-08-20,776658,800048,2,1,0,0,0,0,0,0
2025,2025-08-20,776658,800048,2,1,0,0,0,0,0,0
2025,2025-08-20,776658,800048,2,1,0,0,0,0,1,0
2025,2025-08-20,776658,800048,2,1,1,0,0,0,0,0
2025,2025-08-20,776658,800048,2,1,1,0,0,0,0,0
2025,2025-08-20,776658,800048,3,1,1,0,0,0,0,0
2025,2025-08-20,776658,800048,3,1,0,0,0,0,0,0
2025,2025-08-20,776658,800048,3,1,0,0,0,0,1,0
2025,2025-08-20,776658,800048,3,1,0,0,0,0,1,0
2025,2025-08-20,776658,800048,3,1,0,0,0,0,0,0
2025,2025-08-20,776658,800048,3,1,0,0,0,0,0,0
2025,2025-08-20,776658,800048,3,1,1,0,0,0,0,0
2025,2025-08-20,776658,800048,3,1,0,0,0,0,0,0
2025,2025-08-22,776641,677944,1,1,0,0,0,0,1,0
2025,2025-08-22,776641,677944,1,1,0,0,0,0,0,0
2025,2025-08-22,776641,677944,1,1,0,0,0,0,0,0
2025,2025-08-22,776641,677944,1,1,0,0,0,0,0,0
2025,2025-08-22,776641,677944,1,1,0,0,0,0,0,0
2025,2025-08-22,776641,677944,1,1,0,0,0,0,0,0
2025,2025-08-22,776641,677944,1,1,0,0,0,0,1,0
2025,2025-08-22,776641,677944,1,1,1,0,0,0,0,0
2025,2025-08-22,776641,677944,1,1,0,0,0,0,1,0
2025,2025-08-22,776641,677944,2,1,0,0,0,0,0,0
2025,2025-08-22,776641,677944,2,1,0,0,0,0,0,0
2025,2025-08-22,776641,677944,2,1,0,0,0,0,0,0
2025,2025-08-22,776641,677944,2,1,0,0,0,0,0,0
2025,2025-08-22,776641,677944,2,1,0,0,0,0,0,0
2025,2025-08-22,776641,677944,2,1,1,1,0,0,0,1
2025,2025-08-22,776641,677944,2,1,0,0,0,0,0,0
2025,2025-08-22,776641,677944,2,1,0,0,0,0,0,0
2025,2025-08-22,776641,677944,2,1,0,0,0,0,0,0
2025,2025-08-22,776641,677944,3,1,0,0,0,0,0,0
2025,2025-08-22,776641,677944,3,1,1,1,0,0,0,1
2025,2025-08-22,776641,677944,3,1,0,0,0,0,0,0
2025,2025-08-22,776641,677944,3,1,1,0,0,0,0,0
2025,2025-08-23,776623,671106,1,1,0,0,1,0,0,0
2025,2025-08-23,776623,671106,1,1,0,0,0,0,0,0
2025,2025-08-23,776623,671106,1,1,0,0,0,0,1,0
2025,2025-08-23,776623,671106,1,1,0,0,0,0,0,0
2025,2025-08-23,776623,671106,1,1,0,0,1,0,0,0
2025,2025-08-23,776623,671106,1,1,0,0,0,0,0,0
2025,2025-08-23,776623,671106,1,1,1,1,0,0,0,2
2025,2025-08-23,776623,671106,1,1,0,0,0,0,0,0
2025,2025-08-23,776623,671106,1,1,0,0,0,0,0,0
2025,2025-08-23,776623,671106,2,1,1,0,0,0,0,0
2025,2025-08-23,776623,671106,2,1,0,0,0,0,0,0
2025,2025-08-23,776623,671106,2,1,0,0,1,0,0,0
2025,2025-08-23,776623,671106,2,1,0,0,0,0,0,1
2025,2025-08-23,776623,671106,2,1,1,1,0,0,0,2
2025,2025-08-23,776623,671106,2,1,0,0,0,0,0,0
2025,2025-08-23,776623,671106,2,1,1,0,0,0,0,0
2025,2025-08-23,776623,671106,2,1,1,0,0,0,0,0
2025,2025-08-23,776623,671106,2,1,0,0,0,0,0,0
2025,2025-08-23,776623,671106,3,1,0,0,0,0,0,0
2025,2025-08-23,776623,671106,3,1,1,0,0,0,0,2
2025,2025-08-23,776623,671106,3,1,0,0,0,0,0,0
2025,2025-08-23,776623,671106,3,1,0,0,0,0,1,0
2025,2025-08-23,776623,671106,3,1,1,0,0,0,0,0
2025,2025-08-23,776623,671106,3,1,1,1,0,0,0,2
2025,2025-08-23,776623,671106,3,1,0,0,0,0,0,0
2025,2025-08-23,776623,671106,3,1,0,0,0,0,0,0
2025,2025-08-24,776611,668909,1,1,0,0,0,0,0,0
2025,2025-08-24,776611,668909,1,1,0,0,1,0,0,0
2025,2025-08-24,776611,668909,1,1,0,0,0,0,1,0
2025,2025-08-24,776611,668909,1,1,0,0,0,0,0,0
2025,2025-08-24,776611,668909,1,1,0,0,0,0,0,0
2025,2025-08-24,776611,668909,1,1,0,0,1,0,0,0
2025,2025-08-24,776611,668909,1,1,0,0,1,0,0,0
2025,2025-08-24,776611,668909,1,1,0,0,0,0,1,0
2025,2025-08-24,776611,668909,1,1,0,0,0,0,0,0
2025,2025-08-24,776611,668909,2,1,0,0,0,0,0,0
2025,2025-08-24,776611,668909,2,1,0,0,0,0,1,0
2025,2025-08-24,776611,668909,2,1,1,0,0,0,0,0
2025,2025-08-24,776611,668909,2,1,0,0,0,0,0,0
2025,2025-08-24,776611,668909,2,1,0,0,1,0,0,0
2025,2025-08-24,776611,668909,2,1,1,1,0,0,0,2
2025,2025-08-24,776611,668909,2,1,0,0,0,0,0,0
2025,2025-08-24,776611,668909,2,1,1,0,0,0,0,0
2025,2025-08-25,776601,676440,1,1,0,0,0,0,0,0
2025,2025-08-25,776601,676440,1,1,0,0,0,0,0,0
2025,2025-08-25,776601,676440,1,1,0,0,1,0,0,0
2025,2025-08-25,776601,676440,1,1,0,0,0,0,0,0
2025,2025-08-25,776601,676440,1,1,0,0,0,0,0,0
2025,2025-08-25,776601,676440,1,1,0,0,0,0,0,0
2025,2025-08-25,776601,676440,1,1,0,0,1,0,0,0
2025,2025-08-25,776601,676440,1,1,0,0,0,0,1,0
2025,2025-08-25,776601,676440,1,1,0,0,0,0,0,0
2025,2025-08-25,776601,676440,2,1,0,0,0,0,0,0
2025,2025-08-25,776601,676440,2,1,1,0,0,0,0,0
2025,2025-08-25,776601,676440,2,1,0,0,0,0,0,0
2025,2025-08-25,776601,676440,2,1,1,0,0,0,0,0
2025,2025-08-25,776601,676440,2,1,0,0,0,0,1,0
2025,2025-08-25,776601,676440,2,1,0,0,0,0,0,0
2025,2025-08-25,776601,676440,2,1,0,0,1,0,0,1
2025,2025-08-25,776601,676440,2,1,1,0,0,0,0,0
2025,2025-08-25,776601,676440,2,1,1,0,0,0,0,1
2025,2025-08-25,776601,676440,3,1,0,0,0,0,0,0
2025,2025-08-25,776601,676440,3,1,0,0,0,0,1,0
2025,2025-08-25,776601,676440,3,1,1,0,0,0,0,0
2025,2025-08-25,776601,676440,3,1,1,1,0,0,0,2
2025,2025-08-25,776601,676440,3,1,0,0,0,0,0,0
2025,2025-08-25,776601,676440,3,1,0,0,0,0,0,0
2025,2025-08-25,776601,676440,3,1,0,0,0,0,0,0
2025,2025-08-25,776601,676440,3,1,0,0,0,0,0,0
2025,2025-08-25,776601,676440,3,1,1,0,0,0,0,0
2025,2025-08-25,776601,676440,4+,1,0,0,0,0,0,0
2025,2025-08-25,776601,676440,4+,1,1,1,0,0,0,1
2025,2025-08-26,776584,800048,1,1,0,0,0,0,0,0
2025,2025-08-26,776584,800048,1,1,0,0,0,0,0,0
2025,2025-08-26,776584,800048,1,1,0,0,0,0,0,0
2025,2025-08-26,776584,800048,1,1,0,0,0,0,0,0
2025,2025-08-26,776584,800048,1,1,0,0,0,0,0,0
2025,2025-08-26,776584,800048,1,1,0,0,0,0,1,0
2025,2025-08-26,776584,800048,1,1,0,0,0,0,0,0
2025,2025-08-26,776584,800048,1,1,0,0,0,0,1,0
2025,2025-08-26,776584,800048,1,1,0,0,0,0,1,0
2025,2025-08-26,776584,800048,2,1,1,0,0,0,0,0
2025,2025-08-26,776584,800048,2,1,0,0,0,0,0,0
2025,2025-08-26,776584,800048,2,1,1,0,0,0,0,0
2025,2025-08-26,776584,800048,2,1,0,0,0,0,0,0
2025,2025-08-26,776584,800048,2,1,0,0,0,0,1,0
2025,2025-08-26,776584,800048,2,1,0,0,0,0,1,0
2025,2025-08-26,776584,800048,2,1,0,0,0,0,1,0
2025,2025-08-26,776584,800048,2,1,1,0,0,0,0,0
2025,2025-08-26,776584,800048,2,1,0,0,0,0,0,0
2025,2025-08-26,776584,800048,3,1,0,0,0,0,0,0
2025,2025-08-26,776584,800048,3,1,0,0,0,0,0,0
2025,2025-08-26,776584,800048,3,1,1,0,0,0,0,0
2025,2025-08-26,776584,800048,3,1,0,0,0,0,0,0
2025,2025-08-26,776584,800048,3,1,0,0,0,0,0,0
2025,2025-08-26,776584,800048,3,1,0,0,0,0,0,0
2025,2025-08-27,776580,677944,1,1,0,0,0,0,1,0
2025,2025-08-27,776580,677944,1,1,1,0,0,0,0,0
2025,2025-08-27,776580,677944,1,1,0,0,0,0,0,0
2025,2025-08-27,776580,677944,1,1,0,0,0,0,1,0
2025,2025-08-27,776580,677944,1,1,1,0,0,0,0,0
2025,2025-08-27,776580,677944,1,1,1,0,0,0,0,1
2025,2025-08-27,776580,677944,1,1,1,0,0,0,0,0
2025,2025-08-27,776580,677944,1,1,0,0,0,0,0,0
2025,2025-08-27,776580,677944,1,1,0,0,0,0,0,0
2025,2025-08-27,776580,677944,2,1,0,0,0,0,0,0
2025,2025-08-27,776580,677944,2,1,1,0,0,0,0,0
2025,2025-08-27,776580,677944,2,1,1,1,0,0,0,2
2025,2025-08-27,776580,677944,2,1,0,0,0,0,0,0
2025,2025-08-27,776580,677944,2,1,0,0,0,0,0,0
2025,2025-08-27,776580,677944,2,1,0,0,0,0,1,0
2025,2025-08-27,776580,677944,2,1,0,0,0,0,0,0
2025,2025-08-27,776580,677944,2,1,0,0,0,0,0,0
2025,2025-08-27,776580,677944,2,1,0,0,0,0,0,0
2025,2025-08-27,776580,677944,3,1,0,0,0,0,0,0
2025,2025-08-27,776580,677944,3,1,0,0,0,0,0,0
2025,2025-08-27,776580,677944,3,1,0,0,0,0,0,0
2025,2025-08-27,776580,677944,3,1,0,0,0,0,1,0
2025,2025-08-27,776580,677944,3,1,0,0,0,0,0,0
2025,2025-08-29,776547,671106,1,1,1,0,0,0,0,0
2025,2025-08-29,776547,671106,1,1,0,0,1,0,0,0
2025,2025-08-29,776547,671106,1,1,1,0,0,0,0,1
2025,2025-08-29,776547,671106,1,1,1,0,0,0,0,1
2025,2025-08-29,776547,671106,1,1,0,0,0,0,0,0
2025,2025-08-29,776547,671106,1,1,1,1,0,0,0,2
2025,2025-08-29,776547,671106,1,1,1,0,0,0,0,0
2025,2025-08-29,776547,671106,1,1,0,0,0,0,1,0
2025,2025-08-29,776547,671106,1,1,0,0,0,0,1,0
2025,2025-08-29,776547,671106,2,1,0,0,0,1,0,0
2025,2025-08-29,776547,671106,2,1,0,0,0,0,0,0
2025,2025-08-29,776547,671106,2,1,0,0,0,0,0,0
2025,2025-08-29,776547,671106,2,1,0,0,0,0,0,0
2025,2025-08-29,776547,671106,2,1,0,0,0,0,1,0
2025,2025-08-29,776547,671106,2,1,1,0,0,0,0,0
2025,2025-08-29,776547,671106,2,1,0,0,0,0,0,0
2025,2025-08-29,776547,671106,2,1,0,0,1,0,0,0
2025,2025-08-29,776547,671106,2,1,0,0,0,0,1,0
2025,2025-08-29,776547,671106,3,1,0,0,0,0,0,0
2025,2025-08-29,776547,671106,3,1,0,0,1,0,0,0
2025,2025-08-29,776547,671106,3,1,0,0,0,0,0,0
2025,2025-08-29,776547,671106,3,1,0,0,0,0,1,0
2025,2025-08-29,776547,671106,3,1,0,0,0,0,0,0
2025,2025-08-29,776547,671106,3,1,0,0,0,0,0,0
2025,2025-08-30,776537,668909,1,1,1,0,0,0,0,0
2025,2025-08-30,776537,668909,1,1,0,0,0,0,1,0
2025,2025-08-30,776537,668909,1,1,0,0,0,0,0,0
2025,2025-08-30,776537,668909,1,1,0,0,0,0,0,0
2025,2025-08-30,776537,668909,1,1,0,0,0,0,1,0
2025,2025-08-30,776537,668909,1,1,0,0,0,0,0,0
2025,2025-08-30,776537,668909,1,1,0,0,0,0,1,0
2025,2025-08-30,776537,668909,1,1,0,0,0,0,0,0
2025,2025-08-30,776537,668909,1,1,0,0,0,0,1,0
2025,2025-08-30,776537,668909,2,1,1,0,0,0,0,0
2025,2025-08-30,776537,668909,2,1,0,0,0,0,1,0
2025,2025-08-30,776537,668909,2,1,0,0,0,0,0,0
2025,2025-08-30,776537,668909,2,1,0,0,0,0,1,0
2025,2025-08-30,776537,668909,2,1,0,0,0,0,0,0
2025,2025-08-30,776537,668909,2,1,0,0,0,0,0,0
2025,2025-08-30,776537,668909,2,1,0,0,0,0,1,0
2025,2025-08-30,776537,668909,2,1,0,0,1,0,0,0
2025,2025-08-30,776537,668909,2,1,0,0,0,0,0,0
2025,2025-08-30,776537,668909,3,1,0,0,0,0,0,0
2025,2025-08-30,776537,668909,3,1,0,0,0,0,0,0
2025,2025-08-30,776537,668909,3,1,1,0,0,0,0,0
2025,2025-08-30,776537,668909,3,1,0,0,0,0,0,0
2025,2025-08-30,776537,668909,3,1,0,0,0,0,1,0
2025,2025-08-30,776537,668909,3,1,1,1,0,0,0,1
2025,2025-08-30,776537,668909,3,1,0,0,0,0,0,0
2025,2025-08-30,776537,668909,3,1,0,0,0,0,0,0
2025,2025-08-31,776521,676440,1,1,0,0,0,0,0,0
2025,2025-08-31,776521,676440,1,1,0,0,0,1,0,0
2025,2025-08-31,776521,676440,1,1,0,0,0,0,1,0
2025,2025-08-31,776521,676440,1,1,0,0,0,0,0,0
2025,2025-08-31,776521,676440,1,1,0,0,1,0,0,0
2025,2025-08-31,776521,676440,1,1,0,0,0,0,0,0
2025,2025-08-31,776521,676440,1,1,0,0,0,0,0,0
2025,2025-08-31,776521,676440,1,1,1,0,0,0,0,0
2025,2025-08-31,776521,676440,1,1,0,0,0,0,0,0
2025,2025-08-31,776521,676440,2,1,0,0,0,0,0,0
2025,2025-08-31,776521,676440,2,1,0,0,0,0,1,0
2025,2025-08-31,776521,676440,2,1,1,0,0,0,0,0
2025,2025-08-31,776521,676440,2,1,0,0,0,0,0,0
2025,2025-08-31,776521,676440,2,1,1,0,0,0,0,0
2025,2025-08-31,776521,676440,2,1,0,0,0,0,0,0
2025,2025-08-31,776521,676440,2,1,0,0,0,0,0,0
2025,2025-08-31,776521,676440,2,1,1,0,0,0,0,0
2025,2025-08-31,776521,676440,2,1,0,0,0,0,0,0
2025,2025-08-31,776521,676440,3,1,1,1,0,0,0,2
2025,2025-08-31,776521,676440,3,1,0,0,0,0,0,0
2025,2025-08-31,776521,676440,3,1,0,0,0,0,1,0
2025,2025-08-31,776521,676440,3,1,0,0,0,0,0,0
2025,2025-08-31,776521,676440,3,1,0,0,0,0,1,0
2025,2025-08-31,776521,676440,3,1,0,0,0,0,0,0
2025,2025-08-31,776521,676440,3,1,1,0,0,0,0,0
2025,2025-08-31,776521,676440,3,1,0,0,0,0,0,0
2025,2025-08-31,776521,676440,3,1,0,0,1,0,0,0
2025,2025-09-01,776505,800048,1,1,1,0,0,0,0,0
2025,2025-09-01,776505,800048,1,1,1,0,0,0,0,0
2025,2025-09-01,776505,800048,1,1,0,0,0,0,0,1
2025,2025-09-01,776505,800048,1,1,1,0,0,0,0,1
2025,2025-09-01,776505,800048,1,1,0,0,0,0,1,0
2025,2025-09-01,776505,800048,1,1,1,0,0,0,0,0
2025,2025-09-01,776505,800048,1,1,0,0,0,0,0,0
2025,2025-09-01,776505,800048,1,1,0,0,0,0,0,0
2025,2025-09-01,776505,800048,1,1,0,0,1,0,0,0
2025,2025-09-01,776505,800048,2,1,1,0,0,0,0,0
2025,2025-09-01,776505,800048,2,1,0,0,0,0,0,0
2025,2025-09-01,776505,800048,2,1,1,0,0,0,0,1
2025,2025-09-01,776505,800048,2,1,1,0,0,0,0,0
2025,2025-09-01,776505,800048,2,1,0,0,0,0,0,0
2025,2025-09-01,776505,800048,2,1,1,0,0,0,0,0
2025,2025-09-01,776505,800048,2,1,0,0,0,0,1,0
2025,2025-09-01,776505,800048,2,1,0,0,0,0,0,0
2025,2025-09-01,776505,800048,2,1,1,0,0,0,0,0
2025,2025-09-01,776505,800048,3,1,0,0,0,0,0,0
2025,2025-09-01,776505,800048,3,1,0,0,0,0,0,0
2025,2025-09-01,776505,800048,3,1,0,0,1,0,0,0
2025,2025-09-02,776493,677944,1,1,0,0,0,0,0,0
2025,2025-09-02,776493,677944,1,1,0,0,0,0,0,0
2025,2025-09-02,776493,677944,1,1,0,0,0,0,1,0
2025,2025-09-02,776493,677944,1,1,0,0,0,0,1,0
2025,2025-09-02,776493,677944,1,1,1,0,0,0,0,0
2025,2025-09-02,776493,677944,1,1,1,0,0,0,0,1
2025,2025-09-02,776493,677944,1,1,1,0,0,0,0,0
2025,2025-09-02,776493,677944,1,1,1,0,0,0,0,2
2025,2025-09-02,776493,677944,1,1,1,0,0,0,0,0
2025,2025-09-02,776493,677944,2,1,1,0,0,0,0,1
2025,2025-09-02,776493,677944,2,1,0,0,0,0,0,0
2025,2025-09-02,776493,677944,2,1,0,0,0,0,1,0
2025,2025-09-02,776493,677944,2,1,0,0,0,0,1,0
2025,2025-09-02,776493,677944,2,1,1,1,0,0,0,1
2025,2025-09-02,776493,677944,2,1,1,0,0,0,0,0
2025,2025-09-02,776493,677944,2,1,0,0,0,0,1,0
2025,2025-09-02,776493,677944,2,1,0,0,0,0,1,0
2025,2025-09-02,776493,677944,2,1,1,0,0,0,0,0
2025,2025-09-02,776493,677944,3,1,0,0,0,0,1,0
2025,2025-09-02,776493,677944,3,1,0,0,0,0,0,0
2025,2025-09-02,776493,677944,3,1,0,0,0,0,0,0
2025,2025-09-02,776493,677944,3,1,0,0,0,0,0,0
2025,2025-09-02,776493,677944,3,1,0,0,0,0,1,0
2025,2025-09-02,776493,677944,3,1,0,0,0,0,0,0
2025,2025-09-02,776493,677944,3,1,1,0,0,0,0,0
2025,2025-09-02,776493,677944,3,1,1,1,0,0,0,2
2025,2025-09-03,776474,676282,1,1,0,0,0,0,0,0
2025,2025-09-03,776474,676282,1,1,0,0,0,0,0,0
2025,2025-09-03,776474,676282,1,1,0,0,0,0,1,0
2025,2025-09-03,776474,676282,1,1,1,0,0,0,0,0
2025,2025-09-03,776474,676282,1,1,0,0,1,0,0,0
2025,2025-09-03,776474,676282,1,1,0,0,0,0,0,0
2025,2025-09-03,776474,676282,1,1,0,0,0,0,0,0
2025,2025-09-03,776474,676282,1,1,0,0,0,0,1,0
2025,2025-09-03,776474,676282,1,1,0,0,0,0,1,0
2025,2025-09-03,776474,676282,2,1,1,0,0,0,0,0
2025,2025-09-03,776474,676282,2,1,0,0,0,0,1,0
2025,2025-09-03,776474,676282,2,1,0,0,0,0,0,0
2025,2025-09-03,776474,676282,2,1,0,0,0,0,0,0
2025,2025-09-03,776474,676282,2,1,1,0,0,0,0,0
2025,2025-09-03,776474,676282,2,1,1,0,0,0,0,0
2025,2025-09-03,776474,676282,2,1,0,0,0,0,0,0
2025,2025-09-03,776474,676282,2,1,1,0,0,0,0,1
2025,2025-09-03,776474,676282,2,1,0,0,0,0,1,0
2025,2025-09-03,776474,676282,3,1,0,0,0,0,1,0
2025,2025-09-03,776474,676282,3,1,0,0,0,0,0,0
2025,2025-09-03,776474,676282,3,1,0,0,0,0,1,0
2025,2025-09-03,776474,676282,3,1,0,0,0,0,0,0
2025,2025-09-03,776474,676282,3,1,0,0,0,0,0,0
2025,2025-09-03,776474,676282,3,1,0,0,1,0,0,0
2025,2025-09-03,776474,676282,3,1,0,0,0,0,0,0
2025,2025-09-04,776458,671106,1,1,0,0,0,0,0,0
2025,2025-09-04,776458,671106,1,1,0,0,0,0,0,0
2025,2025-09-04,776458,671106,1,1,0,0,0,0,0,0
2025,2025-09-04,776458,671106,1,1,1,0,0,0,0,0
2025,2025-09-04,776458,671106,1,1,1,0,0,0,0,1
2025,2025-09-04,776458,671106,1,1,0,0,0,0,0,0
2025,2025-09-04,776458,671106,1,1,0,0,0,0,1,0
2025,2025-09-04,776458,671106,1,1,0,0,0,0,1,0
2025,2025-09-04,776458,671106,1,1,0,0,1,0,0,0
2025,2025-09-04,776458,671106,2,1,0,0,0,0,0,0
2025,2025-09-04,776458,671106,2,1,0,0,0,0,0,0
2025,2025-09-04,776458,671106,2,1,0,0,0,0,0,0
2025,2025-09-04,776458,671106,2,1,0,0,0,0,1,0
2025,2025-09-04,776458,671106,2,1,1,0,0,0,0,0
2025,2025-09-04,776458,671106,2,1,0,0,1,0,0,0
2025,2025-09-04,776458,671106,2,1,0,0,0,0,1,0
2025,2025-09-04,776458,671106,2,1,0,0,0,0,0,0
2025,2025-09-04,776458,671106,2,1,1,0,0,0,0,1
2025,2025-09-04,776458,671106,3,1,0,0,0,0,0,0
2025,2025-09-04,776458,671106,3,1,0,0,0,0,0,0
2025,2025-09-04,776458,671106,3,1,0,0,0,0,0,0
2025,2025-09-04,776458,671106,3,1,0,0,0,0,0,0
2025,2025-09-04,776458,671106,3,1,1,0,0,0,0,0
2025,2025-09-04,776458,671106,3,1,1,0,0,0,0,0
2025,2025-09-05,776451,668909,1,1,0,0,0,0,0,0
2025,2025-09-05,776451,668909,1,1,1,0,0,0,0,0
2025,2025-09-05,776451,668909,1,1,0,0,0,0,0,0
2025,2025-09-05,776451,668909,1,1,0,0,0,0,0,0
2025,2025-09-05,776451,668909,1,1,1,0,0,0,0,0
2025,2025-09-05,776451,668909,1,1,0,0,0,0,0,0
2025,2025-09-05,776451,668909,1,1,0,0,1,0,0,0
2025,2025-09-05,776451,668909,1,1,0,0,0,0,1,0
2025,2025-09-05,776451,668909,1,1,0,0,0,0,0,0
2025,2025-09-05,776451,668909,2,1,1,0,0,0,0,0
2025,2025-09-05,776451,668909,2,1,0,0,0,0,0,0
2025,2025-09-05,776451,668909,2,1,0,0,0,0,0,0
2025,2025-09-05,776451,668909,2,1,0,0,0,0,0,0
2025,2025-09-05,776451,668909,2,1,1,0,0,0,0,0
2025,2025-09-05,776451,668909,2,1,0,0,0,0,0,0
2025,2025-09-05,776451,668909,2,1,0,0,1,0,0,0
2025,2025-09-05,776451,668909,2,1,0,0,0,0,1,0
2025,2025-09-05,776451,668909,2,1,0,0,0,0,0,0
2025,2025-09-05,776451,668909,3,1,0,0,0,0,0,0
2025,2025-09-05,776451,668909,3,1,1,0,0,0,0,0
2025,2025-09-05,776451,668909,3,1,0,0,0,0,1,0
2025,2025-09-05,776451,668909,3,1,1,1,0,0,0,1
2025,2025-09-05,776451,668909,3,1,0,0,0,0,0,0
2025,2025-09-05,776451,668909,3,1,1,0,0,0,0,0
2025,2025-09-05,776451,668909,3,1,0,0,0,0,0,0
2025,2025-09-05,776451,668909,3,1,0,0,0,0,0,0
2025,2025-09-05,776451,668909,3,1,0,0,1,0,0,0
2025,2025-09-05,776451,668909,4+,1,0,0,0,0,0,0
2025,2025-09-05,776451,668909,4+,1,0,0,0,0,0,0
2025,2025-09-06,776438,676440,1,1,0,0,0,0,0,0
2025,2025-09-06,776438,676440,1,1,0,0,0,0,0,0
2025,2025-09-06,776438,676440,1,1,1,0,0,0,0,0
2025,2025-09-06,776438,676440,1,1,0,0,0,0,0,0
2025,2025-09-06,776438,676440,1,1,0,0,1,0,0,0
2025,2025-09-06,776438,676440,1,1,0,0,0,0,0,0
2025,2025-09-06,776438,676440,1,1,0,0,0,0,0,0
2025,2025-09-06,776438,676440,1,1,0,0,0,0,0,0
2025,2025-09-06,776438,676440,1,1,1,0,0,0,0,0
2025,2025-09-06,776438,676440,2,1,0,0,0,0,0,0
2025,2025-09-06,776438,676440,2,1,0,0,0,0,0,0
2025,2025-09-06,776438,676440,2,1,0,0,0,0,1,0
2025,2025-09-06,776438,676440,2,1,0,0,0,0,0,0
2025,2025-09-06,776438,676440,2,1,1,1,0,0,0,1
2025,2025-09-06,776438,676440,2,1,0,0,0,0,0,0
2025,2025-09-06,776438,676440,2,1,0,0,0,0,0,0
2025,2025-09-06,776438,676440,2,1,0,0,0,0,1,0
2025,2025-09-06,776438,676440,2,1,1,0,0,0,0,0
2025,2025-09-06,776438,676440,3,1,0,0,0,0,0,0
2025,2025-09-06,776438,676440,3,1,0,0,0,0,0,1
2025,2025-09-06,776438,676440,3,1,0,0,0,0,0,0
2025,2025-09-06,776438,676440,3,1,0,0,0,0,1,0
2025,2025-09-06,776438,676440,3,1,0,0,0,0,0,0
2025,2025-09-06,776438,676440,3,1,1,0,0,0,0,0
2025,2025-09-07,776421,800048,1,1,0,0,0,0,0,0
2025,2025-09-07,776421,800048,1,1,0,0,0,0,0,0
2025,2025-09-07,776421,800048,1,1,1,0,0,0,0,0
2025,2025-09-07,776421,800048,1,1,1,0,0,0,0,0
2025,2025-09-07,776421,800048,1,1,0,0,0,0,0,0
2025,2025-09-07,776421,800048,1,1,0,0,0,0,1,0
2025,2025-09-07,776421,800048,1,1,0,0,0,0,1,0
2025,2025-09-07,776421,800048,1,1,1,0,0,0,0,0
2025,2025-09-07,776421,800048,1,1,0,0,0,0,0,0
2025,2025-09-07,776421,800048,2,1,0,0,0,0,0,0
2025,2025-09-07,776421,800048,2,1,1,0,0,0,0,0
2025,2025-09-07,776421,800048,2,1,0,0,0,0,0,0
2025,2025-09-07,776421,800048,2,1,0,0,0,0,0,0
2025,2025-09-07,776421,800048,2,1,1,0,0,0,0,0
2025,2025-09-07,776421,800048,2,1,1,0,0,0,0,0
2025,2025-09-07,776421,800048,2,1,0,0,0,0,0,0
2025,2025-09-07,776421,800048,2,1,0,0,0,0,1,0
2025,2025-09-07,776421,800048,2,1,1,1,0,0,0,1
2025,2025-09-07,776421,800048,3,1,0,0,0,0,1,0
2025,2025-09-07,776421,800048,3,1,0,0,0,0,0,0
2025,2025-09-07,776421,800048,3,1,0,0,0,0,0,0
2025,2025-09-07,776421,800048,3,1,1,0,0,0,0,0
2025,2025-09-07,776421,800048,3,1,0,0,0,0,0,0
2025,2025-09-07,776421,800048,3,1,0,0,0,0,0,0
2025,2025-09-07,776421,800048,3,1,0,0,0,0,0,0
2025,2025-09-08,776413,677944,1,1,0,0,0,0,0,0
2025,2025-09-08,776413,677944,1,1,0,0,0,0,1,0
2025,2025-09-08,776413,677944,1,1,0,0,0,0,0,0
2025,2025-09-08,776413,677944,1,1,0,0,0,0,0,0
2025,2025-09-08,776413,677944,1,1,0,0,0,0,0,0
2025,2025-09-08,776413,677944,1,1,0,0,1,0,0,0
2025,2025-09-08,776413,677944,1,1,0,0,0,0,1,0
2025,2025-09-08,776413,677944,1,1,0,0,1,0,0,0
2025,2025-09-08,776413,677944,1,1,0,0,0,0,0,0
2025,2025-09-08,776413,677944,2,1,0,0,0,0,1,0
2025,2025-09-08,776413,677944,2,1,0,0,0,0,0,0
2025,2025-09-08,776413,677944,2,1,0,0,0,0,0,0
2025,2025-09-08,776413,677944,2,1,0,0,0,0,0,0
2025,2025-09-08,776413,677944,2,1,0,0,0,0,0,0
2025,2025-09-08,776413,677944,2,1,0,0,0,0,0,0
2025,2025-09-08,776413,677944,2,1,0,0,0,0,0,0
2025,2025-09-08,776413,677944,2,1,0,0,1,0,0,0
2025,2025-09-08,776413,677944,2,1,0,0,0,0,0,0
2025,2025-09-08,776413,677944,3,1,0,0,0,0,0,0
2025,2025-09-08,776413,677944,3,1,0,0,0,0,0,0
2025,2025-09-08,776413,677944,3,1,0,0,0,0,0,0
2025,2025-09-08,776413,677944,3,1,0,0,0,0,0,0
2025,2025-09-08,776413,677944,3,1,0,0,0,0,0,0
2025,2025-09-08,776413,677944,3,1,0,0,0,0,0,0
2025,2025-09-08,776413,677944,3,1,1,0,0,0,0,0
2025,2025-09-08,776413,677944,3,1,0,0,0,0,0,0
2025,2025-09-08,776413,677944,3,1,0,0,0,0,0,0
2025,2025-09-09,776403,676282,1,1,0,0,0,0,0,0
2025,2025-09-09,776403,676282,1,1,0,0,0,0,0,0
2025,2025-09-09,776403,676282,1,1,1,0,0,0,0,0
2025,2025-09-09,776403,676282,1,1,0,0,0,0,0,0
2025,2025-09-09,776403,676282,1,1,0,0,0,0,0,0
2025,2025-09-09,776403,676282,1,1,0,0,0,0,0,0
2025,2025-09-09,776403,676282,1,1,1,0,0,0,0,0
2025,2025-09-09,776403,676282,1,1,0,0,0,0,0,0
2025,2025-09-09,776403,676282,1,1,0,0,0,0,0,0
2025,2025-09-09,776403,676282,2,1,0,0,0,0,0,0
2025,2025-09-09,776403,676282,2,1,0,0,0,0,0,0
2025,2025-09-09,776403,676282,2,1,0,0,0,0,0,0
2025,2025-09-09,776403,676282,2,1,0,0,0,0,0,0
2025,2025-09-09,776403,676282,2,1,0,0,0,0,0,0
2025,2025-09-09,776403,676282,2,1,0,0,0,0,0,0
2025,2025-09-09,776403,676282,2,1,0,0,0,0,1,0
2025,2025-09-09,776403,676282,2,1,0,0,0,0,0,0
2025,2025-09-09,776403,676282,2,1,0,0,0,0,0,0
2025,2025-09-09,776403,676282,3,1,0,0,0,0,0,0
2025,2025-09-09,776403,676282,3,1,0,0,0,0,1,0
2025,2025-09-09,776403,676282,3,1,0,0,0,0,0,0
2025,2025-09-09,776403,676282,3,1,0,0,0,0,1,0
2025,2025-09-09,776403,676282,3,1,0,0,0,0,1,0
2025,2025-09-09,776403,676282,3,1,0,0,0,0,1,0
2025,2025-09-09,776403,676282,3,1,1,0,0,0,0,0
2025,2025-09-09,776403,676282,3,1,0,0,0,0,0,0
2025,2025-09-09,776403,676282,3,1,1,0,0,0,0,0
2025,2025-09-10,776382,671106,1,1,0,0,0,0,0,0
2025,2025-09-10,776382,671106,1,1,0,0,0,0,1,0
2025,2025-09-10,776382,671106,1,1,1,0,0,0,0,0
2025,2025-09-10,776382,671106,1,1,0,0,0,0,0,0
2025,2025-09-10,776382,671106,1,1,1,0,0,0,0,1
2025,2025-09-10,776382,671106,1,1,0,0,0,0,1,0
2025,2025-09-10,776382,671106,1,1,0,0,0,0,0,0
2025,2025-09-10,776382,671106,1,1,0,0,0,0,0,0
2025,2025-09-10,776382,671106,1,1,0,0,0,0,0,0
2025,2025-09-10,776382,671106,2,1,0,0,0,0,0,0
2025,2025-09-10,776382,671106,2,1,1,0,0,0,0,0
2025,2025-09-10,776382,671106,2,1,1,0,0,0,0,1
2025,2025-09-10,776382,671106,2,1,1,0,0,0,0,0
2025,2025-09-10,776382,671106,2,1,0,0,0,0,0,0
2025,2025-09-10,776382,671106,2,1,0,0,0,0,0,0
2025,2025-09-10,776382,671106,2,1,0,0,0,0,0,0
2025,2025-09-10,776382,671106,2,1,0,0,0,0,0,0
2025,2025-09-10,776382,671106,2,1,0,0,0,0,0,0
2025,2025-09-10,776382,671106,3,1,0,0,0,0,0,0
2025,2025-09-10,776382,671106,3,1,1,0,0,0,0,0
2025,2025-09-10,776382,671106,3,1,0,0,0,0,0,0
2025,2025-09-11,776370,668909,1,1,0,0,1,0,0,0
2025,2025-09-11,776370,668909,1,1,0,0,0,0,0,0
2025,2025-09-11,776370,668909,1,1,1,1,0,0,0,2
2025,2025-09-11,776370,668909,1,1,0,0,1,0,0,0
2025,2025-09-11,776370,668909,1,1,0,0,0,0,0,0
2025,2025-09-11,776370,668909,1,1,0,0,0,0,0,0
2025,2025-09-11,776370,668909,1,1,0,0,0,0,1,0
2025,2025-09-11,776370,668909,1,1,0,0,0,0,0,0
2025,2025-09-11,776370,668909,1,1,0,0,0,0,0,0
2025,2025-09-11,776370,668909,2,1,1,0,0,0,0,0
2025,2025-09-11,776370,668909,2,1,0,0,0,0,1,0
2025,2025-09-11,776370,668909,2,1,0,0,0,0,0,0
2025,2025-09-11,776370,668909,2,1,0,0,0,0,0,0
2025,2025-09-11,776370,668909,2,1,0,0,0,0,0,0
2025,2025-09-11,776370,668909,2,1,0,0,0,0,1,0
2025,2025-09-11,776370,668909,2,1,0,0,0,0,1,0
2025,2025-09-11,776370,668909,2,1,0,0,0,0,1,0
2025,2025-09-11,776370,668909,2,1,1,0,0,0,0,0
2025,2025-09-11,776370,668909,3,1,0,0,0,0,0,0
2025,2025-09-11,776370,668909,3,1,0,0,0,0,0,0
2025,2025-09-11,776370,668909,3,1,0,0,1,0,0,0
2025,2025-09-11,776370,668909,3,1,0,0,0,0,0,0
2025,2025-09-11,776370,668909,3,1,0,0,0,0,0,0
2025,2025-09-11,776370,668909,3,1,1,0,0,0,0,0
2025,2025-09-11,776370,668909,3,1,0,0,0,0,1,0
2025,2025-09-12,776361,676440,1,1,0,0,0,0,0,0
2025,2025-09-12,776361,676440,1,1,0,0,0,0,0,0
2025,2025-09-12,776361,676440,1,1,0,0,0,0,1,0
2025,2025-09-12,776361,676440,1,1,0,0,0,0,1,0
2025,2025-09-12,776361,676440,1,1,0,0,0,0,0,0
2025,2025-09-12,776361,676440,1,1,0,0,0,0,1,0
2025,2025-09-12,776361,676440,1,1,0,0,0,0,1,0
2025,2025-09-12,776361,676440,1,1,1,0,0,0,0,0
2025,2025-09-12,776361,676440,1,1,1,0,0,0,0,0
2025,2025-09-12,776361,676440,2,1,0,0,0,0,0,0
2025,2025-09-12,776361,676440,2,1,0,0,0,0,0,0
2025,2025-09-12,776361,676440,2,1,0,0,0,0,1,0
2025,2025-09-12,776361,676440,2,1,0,0,0,0,1,0
2025,2025-09-12,776361,676440,2,1,0,0,0,0,1,0
2025,2025-09-12,776361,676440,2,1,0,0,0,0,1,0
2025,2025-09-12,776361,676440,2,1,0,0,0,0,0,0
2025,2025-09-12,776361,676440,2,1,0,0,0,0,0,0
2025,2025-09-12,776361,676440,2,1,0,0,0,0,0,0
2025,2025-09-12,776361,676440,3,1,0,0,0,0,0,0
2025,2025-09-12,776361,676440,3,1,0,0,0,0,0,0
2025,2025-09-12,776361,676440,3,1,0,0,0,0,1,0
2025,2025-09-12,776361,676440,3,1,0,0,0,0,0,0
2025,2025-09-12,776361,676440,3,1,0,0,0,0,0,0
2025,2025-09-12,776361,676440,3,1,0,0,0,0,0,0
2025,2025-09-12,776361,676440,3,1,0,0,0,0,0,0
2025,2025-09-12,776361,676440,3,1,0,0,0,0,0,0
2025,2025-09-12,776361,676440,3,1,0,0,0,1,0,0
2025,2025-09-12,776361,676440,4+,1,0,0,0,0,0,0
2025,2025-09-12,776361,676440,4+,1,0,0,0,0,1,0
2025,2025-09-12,776361,676440,4+,1,0,0,0,0,0,0
2025,2025-09-13,776348,800048,1,1,1,0,0,0,0,0
2025,2025-09-13,776348,800048,1,1,0,0,0,0,0,0
2025,2025-09-13,776348,800048,1,1,1,0,0,0,0,0
2025,2025-09-13,776348,800048,1,1,1,0,0,0,0,1
2025,2025-09-13,776348,800048,1,1,0,0,0,0,0,0
2025,2025-09-13,776348,800048,1,1,0,0,0,0,0,0
2025,2025-09-13,776348,800048,1,1,0,0,0,0,1,0
2025,2025-09-13,776348,800048,1,1,0,0,1,0,0,0
2025,2025-09-13,776348,800048,1,1,1,0,0,0,0,0
2025,2025-09-13,776348,800048,2,1,0,0,0,0,0,0
2025,2025-09-13,776348,800048,2,1,0,0,0,0,0,0
2025,2025-09-13,776348,800048,2,1,1,0,0,0,0,0
2025,2025-09-13,776348,800048,2,1,0,0,0,0,1,0
2025,2025-09-13,776348,800048,2,1,0,0,0,0,0,0
2025,2025-09-13,776348,800048,2,1,0,0,0,0,0,0
2025,2025-09-13,776348,800048,2,1,0,0,0,0,0,0
2025,2025-09-13,776348,800048,2,1,1,0,0,0,0,0
2025,2025-09-13,776348,800048,2,1,0,0,0,0,1,0
2025,2025-09-13,776348,800048,3,1,0,0,0,0,1,0
2025,2025-09-13,776348,800048,3,1,1,0,0,0,0,0
2025,2025-09-13,776348,800048,3,1,0,0,0,0,0,0
2025,2025-09-13,776348,800048,3,1,0,0,0,0,0,0
2025,2025-09-13,776348,800048,3,1,0,0,0,0,0,0
2025,2025-09-13,776348,800048,3,1,0,0,0,0,0,0
2025,2025-09-14,776331,677944,1,1,0,0,0,0,0,0
2025,2025-09-14,776331,677944,1,1,0,0,0,0,0,0
2025,2025-09-14,776331,677944,1,1,0,0,0,0,1,0
2025,2025-09-14,776331,677944,1,1,0,0,1,0,0,0
2025,2025-09-14,776331,677944,1,1,0,0,0,0,0,0
2025,2025-09-14,776331,677944,1,1,0,0,0,0,0,0
2025,2025-09-14,776331,677944,1,1,0,0,0,0,0,0
2025,2025-09-14,776331,677944,1,1,0,0,0,0,0,0
2025,2025-09-14,776331,677944,1,1,0,0,0,0,1,0
2025,2025-09-14,776331,677944,2,1,0,0,0,0,0,0
2025,2025-09-14,776331,677944,2,1,1,0,0,0,0,0
2025,2025-09-14,776331,677944,2,1,0,0,0,0,0,0
2025,2025-09-14,776331,677944,2,1,0,0,0,0,1,0
2025,2025-09-14,776331,677944,2,1,1,0,0,0,0,1
2025,2025-09-14,776331,677944,2,1,0,0,0,0,0,0
2025,2025-09-14,776331,677944,2,1,0,0,0,0,0,0
2025,2025-09-14,776331,677944,2,1,1,1,0,0,0,1
2025,2025-09-14,776331,677944,2,1,0,0,0,0,0,0
2025,2025-09-14,776331,677944,3,1,0,0,0,0,0,0
2025,2025-09-14,776331,677944,3,1,0,0,0,0,1,0
2025,2025-09-14,776331,677944,3,1,0,0,0,0,0,0
2025,2025-09-16,776303,676282,1,1,0,0,1,0,0,0
2025,2025-09-16,776303,676282,1,1,0,0,0,0,0,0
2025,2025-09-16,776303,676282,1,1,0,0,0,0,0,0
2025,2025-09-16,776303,676282,1,1,0,0,0,0,1,0
2025,2025-09-16,776303,676282,1,1,0,0,0,0,0,0
2025,2025-09-16,776303,676282,1,1,0,0,0,0,0,0
2025,2025-09-16,776303,676282,1,1,1,0,0,0,0,0
2025,2025-09-16,776303,676282,1,1,0,0,1,0,0,0
2025,2025-09-16,776303,676282,1,1,0,0,0,0,1,0
2025,2025-09-16,776303,676282,2,1,0,0,0,0,0,0
2025,2025-09-16,776303,676282,2,1,1,1,0,0,0,1
2025,2025-09-16,776303,676282,2,1,0,0,0,0,0,0
2025,2025-09-16,776303,676282,2,1,1,0,0,0,0,0
2025,2025-09-16,776303,676282,2,1,1,0,0,0,0,0
2025,2025-09-16,776303,676282,2,1,0,0,0,0,0,0
2025,2025-09-16,776303,676282,2,1,0,0,0,0,0,0
2025,2025-09-16,776303,676282,2,1,0,0,0,0,0,0
2025,2025-09-16,776303,676282,2,1,0,0,0,0,0,0
2025,2025-09-16,776303,676282,3,1,0,0,0,0,1,0
2025,2025-09-16,776303,676282,3,1,0,0,0,0,0,0
2025,2025-09-16,776303,676282,3,1,0,0,0,0,0,0
2025,2025-09-17,776296,668909,1,1,1,0,0,0,0,0
2025,2025-09-17,776296,668909,1,1,0,0,0,0,1,0
2025,2025-09-17,776296,668909,1,1,0,0,1,0,0,0
2025,2025-09-17,776296,668909,1,1,0,0,0,0,1,0
2025,2025-09-17,776296,668909,1,1,0,0,0,0,1,0
2025,2025-09-17,776296,668909,1,1,0,0,0,0,1,0
2025,2025-09-17,776296,668909,1,1,1,0,0,0,0,0
2025,2025-09-17,776296,668909,1,1,0,0,0,0,1,0
2025,2025-09-17,776296,668909,1,1,0,0,0,0,0,0
2025,2025-09-17,776296,668909,2,1,0,0,0,0,1,0
2025,2025-09-17,776296,668909,2,1,0,0,0,0,0,0
2025,2025-09-17,776296,668909,2,1,0,0,0,0,0,0
2025,2025-09-17,776296,668909,2,1,0,0,0,0,0,0
2025,2025-09-17,776296,668909,2,1,0,0,1,0,0,0
2025,2025-09-17,776296,668909,2,1,0,0,0,0,0,0
2025,2025-09-17,776296,668909,2,1,0,0,0,0,1,0
2025,2025-09-17,776296,668909,2,1,0,0,0,0,0,0
2025,2025-09-17,776296,668909,2,1,0,0,0,0,1,0
2025,2025-09-17,776296,668909,3,1,1,0,0,0,0,0
2025,2025-09-17,776296,668909,3,1,0,0,0,0,1,0
2025,2025-09-18,776275,676440,1,1,0,0,0,0,1,0
2025,2025-09-18,776275,676440,1,1,0,0,1,0,0,0
2025,2025-09-18,776275,676440,1,1,0,0,0,0,0,0
2025,2025-09-18,776275,676440,1,1,0,0,0,0,0,0
2025,2025-09-18,776275,676440,1,1,1,0,0,0,0,0
2025,2025-09-18,776275,676440,1,1,1,0,0,0,0,0
2025,2025-09-18,776275,676440,1,1,1,0,0,0,0,1
2025,2025-09-18,776275,676440,1,1,0,0,0,0,0,0
2025,2025-09-18,776275,676440,1,1,0,0,0,0,1,0
2025,2025-09-18,776275,676440,2,1,0,0,0,0,0,0
2025,2025-09-18,776275,676440,2,1,1,0,0,0,0,0
2025,2025-09-18,776275,676440,2,1,0,0,0,0,0,0
2025,2025-09-18,776275,676440,2,1,0,0,0,0,1,0
2025,2025-09-18,776275,676440,2,1,0,0,0,0,0,0
2025,2025-09-18,776275,676440,2,1,0,0,0,0,1,0
2025,2025-09-18,776275,676440,2,1,0,0,0,0,1,0
2025,2025-09-18,776275,676440,2,1,0,0,0,0,0,0
2025,2025-09-18,776275,676440,2,1,0,0,0,0,0,0
2025,2025-09-18,776275,676440,3,1,0,0,1,0,0,0
2025,2025-09-18,776275,676440,3,1,0,0,0,0,1,0
2025,2025-09-18,776275,676440,3,1,0,0,0,0,1,0
2025,2025-09-18,776275,676440,3,1,0,0,0,0,0,0
2025,2025-09-18,776275,676440,3,1,0,0,0,0,0,0
2025,2025-09-18,776275,676440,3,1,0,0,0,0,1,0
2025,2025-09-19,776263,800048,1,1,0,0,0,0,1,0
2025,2025-09-19,776263,800048,1,1,0,0,0,0,1,0
2025,2025-09-19,776263,800048,1,1,0,0,0,0,0,0
2025,2025-09-19,776263,800048,1,1,0,0,0,0,1,0
2025,2025-09-19,776263,800048,1,1,0,0,0,0,1,0
2025,2025-09-19,776263,800048,1,1,1,0,0,0,0,0
2025,2025-09-19,776263,800048,1,1,1,0,0,0,0,0
2025,2025-09-19,776263,800048,1,1,0,0,0,0,1,0
2025,2025-09-19,776263,800048,1,1,0,0,0,0,1,0
2025,2025-09-19,776263,800048,2,1,0,0,0,0,0,0
2025,2025-09-19,776263,800048,2,1,0,0,0,0,0,0
2025,2025-09-19,776263,800048,2,1,0,0,0,0,0,0
2025,2025-09-19,776263,800048,2,1,0,0,0,0,1,0
2025,2025-09-19,776263,800048,2,1,1,0,0,0,0,0
2025,2025-09-19,776263,800048,2,1,0,0,0,0,0,0
2025,2025-09-19,776263,800048,2,1,0,0,0,0,1,0
2025,2025-09-19,776263,800048,2,1,0,0,0,0,1,0
2025,2025-09-19,776263,800048,2,1,0,0,1,0,0,0
2025,2025-09-19,776263,800048,3,1,0,0,0,0,0,0
2025,2025-09-19,776263,800048,3,1,1,0,0,0,0,0
2025,2025-09-19,776263,800048,3,1,1,0,0,0,0,0
2025,2025-09-19,776263,800048,3,1,0,0,0,0,0,1
2025,2025-09-20,776243,671106,1,1,1,0,0,0,0,0
2025,2025-09-20,776243,671106,1,1,0,0,0,0,1,0
2025,2025-09-20,776243,671106,1,1,0,0,0,0,0,0
2025,2025-09-20,776243,671106,1,1,0,0,0,0,0,0
2025,2025-09-20,776243,671106,1,1,0,0,0,0,0,0
2025,2025-09-20,776243,671106,1,1,1,0,0,0,0,0
2025,2025-09-20,776243,671106,1,1,0,0,0,0,0,0
2025,2025-09-20,776243,671106,1,1,1,0,0,0,0,0
2025,2025-09-20,776243,671106,1,1,0,0,0,0,0,0
2025,2025-09-20,776243,671106,2,1,0,0,0,0,0,0
2025,2025-09-20,776243,671106,2,1,0,0,1,0,0,0
2025,2025-09-20,776243,671106,2,1,0,0,0,0,0,0
2025,2025-09-20,776243,671106,2,1,0,0,0,0,0,0
2025,2025-09-20,776243,671106,2,1,0,0,0,0,1,0
2025,2025-09-20,776243,671106,2,1,0,0,0,0,0,0
2025,2025-09-20,776243,671106,2,1,0,0,0,0,1,0
2025,2025-09-20,776243,671106,2,1,0,0,0,0,1,0
2025,2025-09-20,776243,671106,2,1,0,0,0,0,0,0
2025,2025-09-20,776243,671106,3,1,0,0,0,0,0,0
2025,2025-09-20,776243,671106,3,1,0,0,0,0,0,0
2025,2025-09-20,776243,671106,3,1,0,0,0,0,0,0
2025,2025-09-20,776243,671106,3,1,0,0,0,0,1,0
2025,2025-09-20,776243,671106,3,1,1,0,0,0,0,0
2025,2025-09-20,776243,671106,3,1,0,0,0,0,0,0
2025,2025-09-20,776243,671106,3,1,0,0,0,0,1,0
2025,2025-09-20,776243,671106,3,1,0,0,0,0,0,0
2025,2025-09-20,776243,671106,3,1,0,0,0,0,1,0
2025,2025-09-20,777839,677944,1,1,0,0,0,0,1,0
2025,2025-09-20,777839,677944,1,1,1,0,0,0,0,0
2025,2025-09-20,777839,677944,1,1,0,0,0,0,0,0
2025,2025-09-20,777839,677944,1,1,1,0,0,0,0,0
2025,2025-09-20,777839,677944,1,1,0,0,0,0,0,0
2025,2025-09-20,777839,677944,1,1,0,0,0,0,0,0
2025,2025-09-20,777839,677944,1,1,0,0,0,0,1,0
2025,2025-09-20,777839,677944,1,1,0,0,0,0,0,0
2025,2025-09-20,777839,677944,1,1,0,0,0,0,1,0
2025,2025-09-20,777839,677944,2,1,0,0,0,0,0,0
2025,2025-09-20,777839,677944,2,1,0,0,0,0,0,0
2025,2025-09-20,777839,677944,2,1,0,0,0,0,0,0
2025,2025-09-20,777839,677944,2,1,0,0,0,0,0,0
2025,2025-09-20,777839,677944,2,1,0,0,0,0,1,0
2025,2025-09-20,777839,677944,2,1,0,0,0,0,1,0
2025,2025-09-20,777839,677944,2,1,0,0,1,0,0,0
2025,2025-09-20,777839,677944,2,1,0,0,0,0,1,0
2025,2025-09-20,777839,677944,2,1,0,0,0,0,1,0
2025,2025-09-20,777839,677944,3,1,0,0,0,0,1,0
2025,2025-09-20,777839,677944,3,1,0,0,0,0,0,0
2025,2025-09-20,777839,677944,3,1,0,0,0,0,0,0
2025,2025-09-20,777839,677944,3,1,0,0,0,0,0,0
2025,2025-09-20,777839,677944,3,1,0,0,0,0,0,0
2025,2025-09-21,776225,676282,1,1,0,0,0,0,1,0
2025,2025-09-21,776225,676282,1,1,0,0,0,0,0,0
2025,2025-09-21,776225,676282,1,1,0,0,0,0,0,0
2025,2025-09-21,776225,676282,1,1,0,0,0,0,0,0
2025,2025-09-21,776225,676282,1,1,0,0,0,0,0,0
2025,2025-09-21,776225,676282,1,1,0,0,1,0,0,0
2025,2025-09-21,776225,676282,1,1,0,0,0,0,1,0
2025,2025-09-21,776225,676282,1,1,0,0,0,0,0,0
2025,2025-09-21,776225,676282,1,1,0,0,0,0,0,0
2025,2025-09-21,776225,676282,2,1,1,0,0,0,0,0
2025,2025-09-21,776225,676282,2,1,1,0,0,0,0,1
2025,2025-09-21,776225,676282,2,1,0,0,0,0,1,0
2025,2025-09-21,776225,676282,2,1,0,0,0,0,1,0
2025,2025-09-21,776225,676282,2,1,0,0,0,0,1,0
2025,2025-09-21,776225,676282,2,1,0,0,0,0,0,0
2025,2025-09-21,776225,676282,2,1,1,0,0,0,0,0
2025,2025-09-21,776225,676282,2,1,1,0,0,0,0,0
2025,2025-09-21,776225,676282,2,1,0,0,0,0,0,0
2025,2025-09-21,776225,676282,3,1,0,0,1,0,0,0
2025,2025-09-23,776218,668909,1,1,0,0,0,0,0,0
2025,2025-09-23,776218,668909,1,1,0,0,0,0,1,0
2025,2025-09-23,776218,668909,1,1,0,0,0,0,1,0
2025,2025-09-23,776218,668909,1,1,0,0,0,0,1,0
2025,2025-09-23,776218,668909,1,1,0,0,0,0,0,0
2025,2025-09-23,776218,668909,1,1,0,0,0,0,1,0
2025,2025-09-23,776218,668909,1,1,1,0,0,0,0,0
2025,2025-09-23,776218,668909,1,1,1,0,0,0,0,1
2025,2025-09-23,776218,668909,1,1,0,0,0,0,1,0
2025,2025-09-23,776218,668909,2,1,0,0,0,0,0,0
2025,2025-09-23,776218,668909,2,1,0,0,0,0,0,0
2025,2025-09-23,776218,668909,2,1,0,0,0,0,1,0
2025,2025-09-23,776218,668909,2,1,0,0,1,0,0,0
2025,2025-09-23,776218,668909,2,1,1,0,0,0,0,0
2025,2025-09-23,776218,668909,2,1,0,0,1,0,0,0
2025,2025-09-23,776218,668909,2,1,0,0,0,0,1,0
2025,2025-09-23,776218,668909,2,1,0,0,0,0,1,0
2025,2025-09-23,776218,668909,2,1,0,0,0,0,0,0
2025,2025-09-23,776218,668909,3,1,0,0,0,0,0,0
2025,2025-09-23,776218,668909,3,1,0,0,0,0,1,0
2025,2025-09-23,776218,668909,3,1,0,0,0,0,1,0
2025,2025-09-23,776218,668909,3,1,0,0,0,0,1,0
2025,2025-09-23,776218,668909,3,1,1,1,0,0,0,1
2025,2025-09-23,776218,668909,3,1,0,0,0,0,1,0
2025,2025-09-24,776204,676440,1,1,0,0,0,0,0,0
2025,2025-09-24,776204,676440,1,1,0,0,0,0,0,0
2025,2025-09-24,776204,676440,1,1,0,0,0,0,1,0
2025,2025-09-24,776204,676440,1,1,0,0,0,0,1,0
2025,2025-09-24,776204,676440,1,1,0,0,1,0,0,0
2025,2025-09-24,776204,676440,1,1,0,0,0,0,0,0
2025,2025-09-24,776204,676440,1,1,0,0,0,0,0,0
2025,2025-09-24,776204,676440,1,1,1,0,0,0,0,0
2025,2025-09-24,776204,676440,1,1,1,0,0,0,0,0
2025,2025-09-24,776204,676440,2,1,0,0,0,0,0,1
2025,2025-09-24,776204,676440,2,1,1,0,0,0,0,0
2025,2025-09-24,776204,676440,2,1,0,0,0,0,0,0
2025,2025-09-24,776204,676440,2,1,1,0,0,0,0,0
2025,2025-09-24,776204,676440,2,1,0,0,0,0,1,0
2025,2025-09-24,776204,676440,2,1,0,0,1,0,0,0
2025,2025-09-24,776204,676440,2,1,0,0,0,0,0,0
2025,2025-09-24,776204,676440,2,1,0,0,0,0,0,0
2025,2025-09-24,776204,676440,2,1,0,0,0,0,0,0
2025,2025-09-24,776204,676440,3,1,0,0,0,0,1,0
2025,2025-09-24,776204,676440,3,1,0,0,0,0,0,0
2025,2025-09-24,776204,676440,3,1,0,0,0,0,0,0
2025,2025-09-24,776204,676440,3,1,0,0,0,0,0,0
2025,2025-09-24,776204,676440,3,1,1,0,0,0,0,0
2025,2025-09-24,776204,676440,3,1,0,0,0,0,1,0
2025,2025-09-25,776189,800048,1,1,1,1,0,0,0,1
2025,2025-09-25,776189,800048,1,1,0,0,0,0,0,0
2025,2025-09-25,776189,800048,1,1,1,1,0,0,0,1
2025,2025-09-25,776189,800048,1,1,0,0,0,0,1,0
2025,2025-09-25,776189,800048,1,1,0,0,0,0,1,0
2025,2025-09-25,776189,800048,1,1,0,0,0,0,1,0
2025,2025-09-25,776189,800048,1,1,1,0,0,0,0,0
2025,2025-09-25,776189,800048,1,1,0,0,0,0,0,0
2025,2025-09-25,776189,800048,1,1,1,0,0,0,0,1
2025,2025-09-25,776189,800048,2,1,0,0,0,0,0,0
2025,2025-09-25,776189,800048,2,1,0,0,0,0,1,0
2025,2025-09-25,776189,800048,2,1,0,0,0,0,1,0
2025,2025-09-25,776189,800048,2,1,0,0,0,0,1,0
2025,2025-09-25,776189,800048,2,1,1,1,0,0,0,1
2025,2025-09-25,776189,800048,2,1,0,0,0,0,0,0
2025,2025-09-25,776189,800048,2,1,0,0,0,0,0,0
2025,2025-09-25,776189,800048,2,1,0,0,0,0,0,0
2025,2025-09-25,776189,800048,2,1,0,0,0,0,0,0
2025,2025-09-25,776189,800048,3,1,0,0,0,0,0,0
2025,2025-09-25,776189,800048,3,1,1,0,0,0,0,0
2025,2025-09-25,776189,800048,3,1,0,0,1,0,0,0
2025,2025-09-25,776189,800048,3,1,0,0,0,0,0,0
2025,2025-09-25,776189,800048,3,1,0,0,0,0,1,0
2025,2025-09-26,776175,677944,1,1,0,0,1,0,0,0
2025,2025-09-26,776175,677944,1,1,1,0,0,0,0,0
2025,2025-09-26,776175,677944,1,1,0,0,0,0,1,0
2025,2025-09-26,776175,677944,1,1,1,0,0,0,0,1
2025,2025-09-26,776175,677944,1,1,0,0,0,0,0,0
2025,2025-09-26,776175,677944,1,1,1,1,0,0,0,3
2025,2025-09-26,776175,677944,1,1,0,0,0,0,0,0
2025,2025-09-26,776175,677944,1,1,0,0,0,0,0,0
2025,2025-09-26,776175,677944,1,1,0,0,0,0,0,0
2025,2025-09-26,776175,677944,2,1,0,0,0,0,0,0
2025,2025-09-26,776175,677944,2,1,0,0,0,0,0,0
2025,2025-09-26,776175,677944,2,1,1,0,0,0,0,0
2025,2025-09-26,776175,677944,2,1,0,0,0,0,1,0
2025,2025-09-26,776175,677944,2,1,0,0,0,0,0,0
2025,2025-09-26,776175,677944,2,1,0,0,0,0,0,0
2025,2025-09-26,776175,677944,2,1,1,0,0,0,0,0
2025,2025-09-26,776175,677944,2,1,0,0,0,0,0,0
2025,2025-09-26,776175,677944,2,1,0,0,0,0,1,0
2025,2025-09-27,776158,676282,1,1,1,0,0,0,0,0
2025,2025-09-27,776158,676282,1,1,0,0,0,0,0,0
2025,2025-09-27,776158,676282,1,1,1,0,0,0,0,1
2025,2025-09-27,776158,676282,1,1,0,0,0,0,0,0
2025,2025-09-27,776158,676282,1,1,0,0,0,0,1,0
2025,2025-09-27,776158,676282,1,1,0,0,0,0,1,0
2025,2025-09-27,776158,676282,1,1,0,0,0,0,0,0
2025,2025-09-27,776158,676282,1,1,0,0,0,0,0,0
2025,2025-09-27,776158,676282,1,1,0,0,0,0,0,0
2025,2025-09-27,776158,676282,2,1,0,0,0,0,0,0
2025,2025-09-27,776158,676282,2,1,0,0,0,0,0,0
2025,2025-09-27,776158,676282,2,1,0,0,0,0,1,0
2025,2025-09-27,776158,676282,2,1,1,1,0,0,0,1
2025,2025-09-27,776158,676282,2,1,0,0,0,0,1,0
2025,2025-09-27,776158,676282,2,1,0,0,0,0,0,0
2025,2025-09-27,776158,676282,2,1,0,0,0,0,1,0
2025,2025-09-27,776158,676282,2,1,0,0,0,0,0,0
2025,2025-09-27,776158,676282,2,1,0,0,0,0,1,0
2025,2025-09-27,776158,676282,3,1,0,0,0,0,1,0
2025,2025-09-27,776158,676282,3,1,0,0,0,0,1,0
2025,2025-09-28,776147,671106,1,1,0,0,0,0,0,0
2025,2025-09-28,776147,671106,1,1,0,0,0,0,1,0
2025,2025-09-28,776147,671106,1,1,0,0,0,0,0,0
2025,2025-09-28,776147,671106,1,1,0,0,0,0,0,0
2025,2025-09-28,776147,671106,1,1,0,0,0,0,0,0
2025,2025-09-28,776147,671106,1,1,1,0,0,0,0,0
2025,2025-09-28,776147,671106,1,1,0,0,0,0,0,0
2025,2025-09-28,776147,671106,1,1,0,0,0,1,0,0
2025,2025-09-28,776147,671106,1,1,1,0,0,0,0,2
2025,2025-09-28,776147,671106,2,1,0,0,0,0,0,0
2025,2025-09-28,776147,671106,2,1,1,0,0,0,0,0
2025,2025-09-28,776147,671106,2,1,1,0,0,0,0,0
2025,2025-09-28,776147,671106,2,1,0,0,0,0,1,0
2025,2025-09-28,776147,671106,2,1,1,0,0,0,0,2
2025,2025-09-28,776147,671106,2,1,0,0,0,0,0,0
2025,2025-09-28,776147,671106,2,1,0,0,0,0,0,0
2025,2025-09-28,776147,671106,2,1,0,0,0,0,0,0
2025,2025-09-28,776147,671106,2,1,0,0,0,0,1,0
2025,2025-09-28,776147,671106,3,1,0,0,0,0,1,0
2025,2025-09-28,776147,671106,3,1,0,0,0,0,0,0
2025,2025-09-28,776147,671106,3,1,0,0,1,0,0,0
2025,2025-09-28,776147,671106,3,1,0,0,1,0,0,0
2026_CUTOFF,2026-03-26,823163,676440,1,1,1,1,0,0,0,1
2026_CUTOFF,2026-03-26,823163,676440,1,1,0,0,1,0,0,0
2026_CUTOFF,2026-03-26,823163,676440,1,1,0,0,0,0,1,0
2026_CUTOFF,2026-03-26,823163,676440,1,1,0,0,0,0,0,0
2026_CUTOFF,2026-03-26,823163,676440,1,1,0,0,0,0,1,0
2026_CUTOFF,2026-03-26,823163,676440,1,1,0,0,0,0,1,0
2026_CUTOFF,2026-03-26,823163,676440,1,1,1,1,0,0,0,1
2026_CUTOFF,2026-03-26,823163,676440,1,1,0,0,0,0,1,0
2026_CUTOFF,2026-03-26,823163,676440,1,1,0,0,0,0,0,0
2026_CUTOFF,2026-03-26,823163,676440,2,1,0,0,0,0,0,0
2026_CUTOFF,2026-03-26,823163,676440,2,1,0,0,0,0,1,0
2026_CUTOFF,2026-03-26,823163,676440,2,1,0,0,0,0,0,0
2026_CUTOFF,2026-03-26,823163,676440,2,1,0,0,0,0,0,0
2026_CUTOFF,2026-03-26,823163,676440,2,1,0,0,0,0,0,0
2026_CUTOFF,2026-03-26,823163,676440,2,1,1,1,0,0,0,1
2026_CUTOFF,2026-03-26,823163,676440,2,1,0,0,0,0,0,0
2026_CUTOFF,2026-03-26,823163,676440,2,1,0,0,0,0,1,0
2026_CUTOFF,2026-03-26,823163,676440,2,1,0,0,1,0,0,0
2026_CUTOFF,2026-03-26,823163,676440,3,1,1,0,0,0,0,0
2026_CUTOFF,2026-03-26,823163,676440,3,1,0,0,0,0,1,0
2026_CUTOFF,2026-03-27,823162,668909,1,1,0,0,1,0,0,0
2026_CUTOFF,2026-03-27,823162,668909,1,1,0,0,0,0,1,0
2026_CUTOFF,2026-03-27,823162,668909,1,1,0,0,1,0,0,0
2026_CUTOFF,2026-03-27,823162,668909,1,1,0,0,0,0,0,0
2026_CUTOFF,2026-03-27,823162,668909,1,1,0,0,1,0,0,0
2026_CUTOFF,2026-03-27,823162,668909,1,1,0,0,0,0,0,0
2026_CUTOFF,2026-03-27,823162,668909,1,1,0,0,0,0,0,0
2026_CUTOFF,2026-03-27,823162,668909,1,1,0,0,0,0,1,0
2026_CUTOFF,2026-03-27,823162,668909,1,1,1,0,0,0,0,0
2026_CUTOFF,2026-03-27,823162,668909,2,1,0,0,0,0,0,0
2026_CUTOFF,2026-03-27,823162,668909,2,1,0,0,0,0,1,0
2026_CUTOFF,2026-03-27,823162,668909,2,1,0,0,0,0,1,0
2026_CUTOFF,2026-03-27,823162,668909,2,1,0,0,0,0,0,0
2026_CUTOFF,2026-03-27,823162,668909,2,1,0,0,1,0,0,0
2026_CUTOFF,2026-03-27,823162,668909,2,1,0,0,0,0,1,0
2026_CUTOFF,2026-03-27,823162,668909,2,1,0,0,1,0,0,0
2026_CUTOFF,2026-03-27,823162,668909,2,1,1,1,0,0,0,3
2026_CUTOFF,2026-03-27,823162,668909,2,1,0,0,0,0,0,0
2026_CUTOFF,2026-03-27,823162,668909,3,1,0,0,1,0,0,0
2026_CUTOFF,2026-03-27,823162,668909,3,1,0,0,0,0,1,0
2026_CUTOFF,2026-03-27,823162,668909,3,1,0,0,0,0,1,0
2026_CUTOFF,2026-03-27,823162,668909,3,1,0,0,0,0,0,0
2026_CUTOFF,2026-03-28,823161,676282,1,1,0,0,0,0,0,0
2026_CUTOFF,2026-03-28,823161,676282,1,1,0,0,0,0,1,0
2026_CUTOFF,2026-03-28,823161,676282,1,1,0,0,0,0,1,0
2026_CUTOFF,2026-03-28,823161,676282,1,1,0,0,0,0,0,0
2026_CUTOFF,2026-03-28,823161,676282,1,1,0,0,1,0,0,0
2026_CUTOFF,2026-03-28,823161,676282,1,1,0,0,0,0,0,0
2026_CUTOFF,2026-03-28,823161,676282,1,1,1,0,0,0,0,1
2026_CUTOFF,2026-03-28,823161,676282,1,1,0,0,0,0,0,0
2026_CUTOFF,2026-03-28,823161,676282,1,1,0,0,0,0,1,0
2026_CUTOFF,2026-03-28,823161,676282,2,1,0,0,0,0,0,0
2026_CUTOFF,2026-03-28,823161,676282,2,1,1,0,0,0,0,0
2026_CUTOFF,2026-03-28,823161,676282,2,1,0,0,1,0,0,0
2026_CUTOFF,2026-03-28,823161,676282,2,1,0,0,0,0,1,0
2026_CUTOFF,2026-03-28,823161,676282,2,1,1,0,0,0,0,0
2026_CUTOFF,2026-03-28,823161,676282,2,1,1,0,0,0,0,0
2026_CUTOFF,2026-03-28,823161,676282,2,1,0,0,0,0,0,0
2026_CUTOFF,2026-03-28,823161,676282,2,1,0,0,1,0,0,1
2026_CUTOFF,2026-03-28,823161,676282,2,1,0,0,0,0,1,0
2026_CUTOFF,2026-03-29,823160,677944,1,1,0,0,0,1,0,0
2026_CUTOFF,2026-03-29,823160,677944,1,1,0,0,1,0,0,0
2026_CUTOFF,2026-03-29,823160,677944,1,1,0,0,0,0,0,0
2026_CUTOFF,2026-03-29,823160,677944,1,1,0,0,0,0,1,0
2026_CUTOFF,2026-03-29,823160,677944,1,1,0,0,0,0,0,0
2026_CUTOFF,2026-03-29,823160,677944,1,1,0,0,0,0,1,0
2026_CUTOFF,2026-03-29,823160,677944,1,1,0,0,0,0,0,0
2026_CUTOFF,2026-03-29,823160,677944,1,1,1,0,0,0,0,0
2026_CUTOFF,2026-03-29,823160,677944,1,1,0,0,0,0,1,0
2026_CUTOFF,2026-03-29,823160,677944,2,1,0,0,0,1,0,0
2026_CUTOFF,2026-03-29,823160,677944,2,1,0,0,0,0,0,0
2026_CUTOFF,2026-03-29,823160,677944,2,1,0,0,0,0,0,0
2026_CUTOFF,2026-03-29,823160,677944,2,1,0,0,0,0,0,0
2026_CUTOFF,2026-03-29,823160,677944,2,1,0,0,0,0,0,0
2026_CUTOFF,2026-03-29,823160,677944,2,1,0,0,0,0,1,0
2026_CUTOFF,2026-03-29,823160,677944,2,1,1,0,0,0,0,0
2026_CUTOFF,2026-03-29,823160,677944,2,1,0,0,1,0,0,0
2026_CUTOFF,2026-03-29,823160,677944,2,1,1,0,0,0,0,1
2026_CUTOFF,2026-03-29,823160,677944,3,1,1,1,0,0,0,3
2026_CUTOFF,2026-03-29,823160,677944,3,1,0,0,0,0,1,0
2026_CUTOFF,2026-03-29,823160,677944,3,1,0,0,1,0,0,0
2026_CUTOFF,2026-03-29,823160,677944,3,1,0,0,0,0,0,0
2026_CUTOFF,2026-03-29,823160,677944,3,1,1,0,0,0,0,1
2026_CUTOFF,2026-03-29,823160,677944,3,1,1,0,0,0,0,1
2026_CUTOFF,2026-03-30,823972,800048,1,1,1,0,0,0,0,0
2026_CUTOFF,2026-03-30,823972,800048,1,1,0,0,0,0,0,0
2026_CUTOFF,2026-03-30,823972,800048,1,1,0,0,0,0,1,0
2026_CUTOFF,2026-03-30,823972,800048,1,1,0,0,0,0,0,0
2026_CUTOFF,2026-03-30,823972,800048,1,1,0,0,0,0,0,0
2026_CUTOFF,2026-03-30,823972,800048,1,1,1,0,0,0,0,0
2026_CUTOFF,2026-03-30,823972,800048,1,1,0,0,0,0,0,0
2026_CUTOFF,2026-03-30,823972,800048,1,1,1,0,0,0,0,0
2026_CUTOFF,2026-03-30,823972,800048,1,1,1,0,0,0,0,0
2026_CUTOFF,2026-03-30,823972,800048,2,1,0,0,0,0,0,0
2026_CUTOFF,2026-03-30,823972,800048,2,1,0,0,0,0,1,0
2026_CUTOFF,2026-03-30,823972,800048,2,1,0,0,0,0,0,0
2026_CUTOFF,2026-03-30,823972,800048,2,1,0,0,0,0,1,0
2026_CUTOFF,2026-03-30,823972,800048,2,1,0,0,0,0,0,0
2026_CUTOFF,2026-03-30,823972,800048,2,1,0,0,0,0,0,0
2026_CUTOFF,2026-03-30,823972,800048,2,1,1,0,0,0,0,0
2026_CUTOFF,2026-03-30,823972,800048,2,1,0,0,0,0,0,0
2026_CUTOFF,2026-03-30,823972,800048,2,1,0,0,0,0,0,0
2026_CUTOFF,2026-03-30,823972,800048,3,1,0,0,0,0,1,0
2026_CUTOFF,2026-03-30,823972,800048,3,1,0,0,0,0,1,0
2026_CUTOFF,2026-03-31,823969,676440,1,1,0,0,0,0,0,0
2026_CUTOFF,2026-03-31,823969,676440,1,1,1,0,0,0,0,0
2026_CUTOFF,2026-03-31,823969,676440,1,1,0,0,0,0,0,0
2026_CUTOFF,2026-03-31,823969,676440,1,1,0,0,0,0,0,0
2026_CUTOFF,2026-03-31,823969,676440,1,1,0,0,0,0,0,0
2026_CUTOFF,2026-03-31,823969,676440,1,1,0,0,1,0,0,0
2026_CUTOFF,2026-03-31,823969,676440,1,1,0,0,0,0,1,0
2026_CUTOFF,2026-03-31,823969,676440,1,1,0,0,0,0,0,0
2026_CUTOFF,2026-03-31,823969,676440,1,1,0,0,0,0,0,0
2026_CUTOFF,2026-03-31,823969,676440,2,1,0,0,1,0,0,0
2026_CUTOFF,2026-03-31,823969,676440,2,1,0,0,0,0,1,0
2026_CUTOFF,2026-03-31,823969,676440,2,1,0,0,0,0,1,0
2026_CUTOFF,2026-03-31,823969,676440,2,1,0,0,0,0,1,0
2026_CUTOFF,2026-03-31,823969,676440,2,1,1,0,0,0,0,0
2026_CUTOFF,2026-03-31,823969,676440,2,1,0,0,0,0,0,0
2026_CUTOFF,2026-03-31,823969,676440,2,1,1,0,0,0,0,0
2026_CUTOFF,2026-03-31,823969,676440,2,1,1,0,0,0,0,1
2026_CUTOFF,2026-03-31,823969,676440,2,1,0,0,0,0,0,0
2026_CUTOFF,2026-04-01,823970,668909,1,1,0,0,1,0,0,0
2026_CUTOFF,2026-04-01,823970,668909,1,1,0,0,0,0,0,0
2026_CUTOFF,2026-04-01,823970,668909,1,1,0,0,0,0,0,0
2026_CUTOFF,2026-04-01,823970,668909,1,1,0,0,0,0,0,0
2026_CUTOFF,2026-04-01,823970,668909,1,1,0,0,0,0,1,0
2026_CUTOFF,2026-04-01,823970,668909,1,1,0,0,0,0,1,0
2026_CUTOFF,2026-04-01,823970,668909,1,1,0,0,0,0,1,0
2026_CUTOFF,2026-04-01,823970,668909,1,1,1,0,0,0,0,0
2026_CUTOFF,2026-04-01,823970,668909,1,1,0,0,0,0,1,0
2026_CUTOFF,2026-04-01,823970,668909,2,1,0,0,0,0,1,0
2026_CUTOFF,2026-04-01,823970,668909,2,1,0,0,0,0,1,0
2026_CUTOFF,2026-04-01,823970,668909,2,1,0,0,1,0,0,0
2026_CUTOFF,2026-04-01,823970,668909,2,1,0,0,0,0,0,0
2026_CUTOFF,2026-04-01,823970,668909,2,1,0,0,0,0,1,0
2026_CUTOFF,2026-04-01,823970,668909,2,1,0,0,0,0,1,0
2026_CUTOFF,2026-04-01,823970,668909,2,1,0,0,0,0,1,0
2026_CUTOFF,2026-04-01,823970,668909,2,1,1,0,0,0,0,0
2026_CUTOFF,2026-04-01,823970,668909,2,1,0,0,1,0,0,0
2026_CUTOFF,2026-04-01,823970,668909,3,1,0,0,0,0,0,0
2026_CUTOFF,2026-04-01,823970,668909,3,1,0,0,0,0,0,0
2026_CUTOFF,2026-04-01,823970,668909,3,1,0,0,0,0,0,0
2026_CUTOFF,2026-04-01,823970,668909,3,1,0,0,0,0,0,0
2026_CUTOFF,2026-04-01,823970,668909,3,1,0,0,0,0,1,0
2026_CUTOFF,2026-04-03,824458,676282,1,1,0,0,0,0,0,0
2026_CUTOFF,2026-04-03,824458,676282,1,1,0,0,0,0,1,0
2026_CUTOFF,2026-04-03,824458,676282,1,1,0,0,0,0,1,0
2026_CUTOFF,2026-04-03,824458,676282,1,1,1,0,0,0,0,0
2026_CUTOFF,2026-04-03,824458,676282,1,1,0,0,0,0,0,0
2026_CUTOFF,2026-04-03,824458,676282,1,1,0,0,0,0,1,0
2026_CUTOFF,2026-04-03,824458,676282,1,1,0,0,0,0,1,0
2026_CUTOFF,2026-04-03,824458,676282,1,1,1,0,0,0,0,0
2026_CUTOFF,2026-04-03,824458,676282,1,1,1,0,0,0,0,1
2026_CUTOFF,2026-04-03,824458,676282,2,1,0,0,1,0,0,0
2026_CUTOFF,2026-04-03,824458,676282,2,1,0,0,0,0,1,0
2026_CUTOFF,2026-04-03,824458,676282,2,1,0,0,0,0,1,0
2026_CUTOFF,2026-04-03,824458,676282,2,1,0,0,0,0,0,0
2026_CUTOFF,2026-04-03,824458,676282,2,1,0,0,0,0,0,0
2026_CUTOFF,2026-04-03,824458,676282,2,1,0,0,0,0,0,0
2026_CUTOFF,2026-04-03,824458,676282,2,1,0,0,0,0,0,0
2026_CUTOFF,2026-04-03,824458,676282,2,1,0,0,0,0,0,0
2026_CUTOFF,2026-04-03,824458,676282,2,1,0,0,0,0,0,0
2026_CUTOFF,2026-04-03,824458,676282,3,1,0,0,1,0,0,0
2026_CUTOFF,2026-04-03,824458,676282,3,1,1,0,0,0,0,0
2026_CUTOFF,2026-04-03,824458,676282,3,1,0,0,0,0,0,0
2026_CUTOFF,2026-04-05,824459,677944,1,1,0,0,0,0,0,0
2026_CUTOFF,2026-04-05,824459,677944,1,1,0,0,0,0,0,0
2026_CUTOFF,2026-04-05,824459,677944,1,1,0,0,0,0,1,0
2026_CUTOFF,2026-04-05,824459,677944,1,1,0,0,0,0,0,0
2026_CUTOFF,2026-04-05,824459,677944,1,1,0,0,0,0,1,0
2026_CUTOFF,2026-04-05,824459,677944,1,1,0,0,0,0,0,0
2026_CUTOFF,2026-04-05,824459,677944,1,1,1,0,0,0,0,0
2026_CUTOFF,2026-04-05,824459,677944,1,1,0,0,0,0,0,0
2026_CUTOFF,2026-04-05,824459,677944,1,1,0,0,0,0,1,0
2026_CUTOFF,2026-04-05,824459,677944,2,1,0,0,0,0,1,0
2026_CUTOFF,2026-04-05,824459,677944,2,1,0,0,0,0,0,0
2026_CUTOFF,2026-04-05,824459,677944,2,1,0,0,0,0,1,0
2026_CUTOFF,2026-04-05,824459,677944,2,1,0,0,0,0,0,0
2026_CUTOFF,2026-04-05,824459,677944,2,1,0,0,0,1,0,0
2026_CUTOFF,2026-04-05,824459,677944,2,1,0,0,0,0,0,0
2026_CUTOFF,2026-04-05,824459,677944,2,1,0,0,0,0,0,0
2026_CUTOFF,2026-04-05,824459,677944,2,1,0,0,0,0,0,0
2026_CUTOFF,2026-04-05,824459,677944,2,1,0,0,1,0,0,0
2026_CUTOFF,2026-04-05,824459,677944,3,1,0,0,0,0,0,0
2026_CUTOFF,2026-04-05,824459,677944,3,1,0,0,0,0,0,0
2026_CUTOFF,2026-04-05,824459,677944,3,1,0,0,0,0,1,0
2026_CUTOFF,2026-04-05,824460,800048,1,1,0,0,0,0,0,0
2026_CUTOFF,2026-04-05,824460,800048,1,1,0,0,0,0,0,0
2026_CUTOFF,2026-04-05,824460,800048,1,1,0,0,0,0,1,0
2026_CUTOFF,2026-04-05,824460,800048,1,1,0,0,0,0,1,0
2026_CUTOFF,2026-04-05,824460,800048,1,1,0,0,0,0,0,0
2026_CUTOFF,2026-04-05,824460,800048,1,1,0,0,0,0,1,0
2026_CUTOFF,2026-04-05,824460,800048,1,1,1,1,0,0,0,1
2026_CUTOFF,2026-04-05,824460,800048,1,1,0,0,0,0,0,0
2026_CUTOFF,2026-04-05,824460,800048,1,1,0,0,0,0,1,0
2026_CUTOFF,2026-04-05,824460,800048,2,1,0,0,1,0,0,0
2026_CUTOFF,2026-04-05,824460,800048,2,1,0,0,0,0,0,0
2026_CUTOFF,2026-04-05,824460,800048,2,1,0,0,0,0,1,0
2026_CUTOFF,2026-04-05,824460,800048,2,1,0,0,0,0,0,0
2026_CUTOFF,2026-04-05,824460,800048,2,1,0,0,1,0,0,0
2026_CUTOFF,2026-04-05,824460,800048,2,1,0,0,0,0,0,0
2026_CUTOFF,2026-04-05,824460,800048,2,1,0,0,1,0,0,0
2026_CUTOFF,2026-04-05,824460,800048,2,1,1,0,0,0,0,0
2026_CUTOFF,2026-04-05,824460,800048,2,1,0,0,0,0,0,0
2026_CUTOFF,2026-04-05,824460,800048,3,1,0,0,0,0,0,0
2026_CUTOFF,2026-04-05,824460,800048,3,1,0,0,0,0,1,0
2026_CUTOFF,2026-04-06,824456,676440,1,1,0,0,0,0,0,0
2026_CUTOFF,2026-04-06,824456,676440,1,1,1,0,0,0,0,0
2026_CUTOFF,2026-04-06,824456,676440,1,1,1,0,0,0,0,0
2026_CUTOFF,2026-04-06,824456,676440,1,1,0,0,0,0,0,0
2026_CUTOFF,2026-04-06,824456,676440,1,1,0,0,0,0,0,0
2026_CUTOFF,2026-04-06,824456,676440,1,1,0,0,0,0,1,0
2026_CUTOFF,2026-04-06,824456,676440,1,1,0,0,0,0,0,0
2026_CUTOFF,2026-04-06,824456,676440,1,1,0,0,0,0,0,0
2026_CUTOFF,2026-04-06,824456,676440,1,1,0,0,0,0,0,0
2026_CUTOFF,2026-04-06,824456,676440,2,1,0,0,0,0,0,0
2026_CUTOFF,2026-04-06,824456,676440,2,1,0,0,0,0,0,0
2026_CUTOFF,2026-04-06,824456,676440,2,1,0,0,1,0,0,0
2026_CUTOFF,2026-04-06,824456,676440,2,1,0,0,0,0,0,0
2026_CUTOFF,2026-04-06,824456,676440,2,1,0,0,0,0,1,0
2026_CUTOFF,2026-04-06,824456,676440,2,1,1,0,0,0,0,1
2026_CUTOFF,2026-04-06,824456,676440,2,1,0,0,0,0,0,0
2026_CUTOFF,2026-04-06,824456,676440,2,1,0,0,0,0,1,0
2026_CUTOFF,2026-04-06,824456,676440,2,1,0,0,0,0,0,0
2026_CUTOFF,2026-04-06,824456,676440,3,1,1,0,0,0,0,0
2026_CUTOFF,2026-04-06,824456,676440,3,1,1,0,0,0,0,0
2026_CUTOFF,2026-04-07,824457,668909,1,1,0,0,0,0,1,0
2026_CUTOFF,2026-04-07,824457,668909,1,1,0,0,0,0,0,0
2026_CUTOFF,2026-04-07,824457,668909,1,1,0,0,0,0,0,0
2026_CUTOFF,2026-04-07,824457,668909,1,1,0,0,0,0,0,0
2026_CUTOFF,2026-04-07,824457,668909,1,1,1,1,0,0,0,1
2026_CUTOFF,2026-04-07,824457,668909,1,1,0,0,0,0,1,0
2026_CUTOFF,2026-04-07,824457,668909,1,1,0,0,0,0,1,0
2026_CUTOFF,2026-04-07,824457,668909,1,1,0,0,1,0,0,0
2026_CUTOFF,2026-04-07,824457,668909,1,1,0,0,1,0,0,0
2026_CUTOFF,2026-04-07,824457,668909,2,1,0,0,0,0,0,0
2026_CUTOFF,2026-04-07,824457,668909,2,1,0,0,0,0,1,0
2026_CUTOFF,2026-04-07,824457,668909,2,1,0,0,0,0,1,0
2026_CUTOFF,2026-04-07,824457,668909,2,1,0,0,1,0,0,0
2026_CUTOFF,2026-04-07,824457,668909,2,1,0,0,0,0,0,0
2026_CUTOFF,2026-04-07,824457,668909,2,1,0,0,1,0,0,0
2026_CUTOFF,2026-04-07,824457,668909,2,1,0,0,0,0,1,0
2026_CUTOFF,2026-04-07,824457,668909,2,1,0,0,0,0,1,0
2026_CUTOFF,2026-04-07,824457,668909,2,1,0,0,1,0,0,0
2026_CUTOFF,2026-04-07,824457,668909,3,1,0,0,0,0,1,0
2026_CUTOFF,2026-04-07,824457,668909,3,1,0,0,0,0,0,0
2026_CUTOFF,2026-04-07,824457,668909,3,1,0,0,0,0,0,0
2026_CUTOFF,2026-04-07,824457,668909,3,1,0,0,0,0,0,0
2026_CUTOFF,2026-04-08,824455,676282,1,1,0,0,0,0,0,0
2026_CUTOFF,2026-04-08,824455,676282,1,1,0,0,0,0,1,0
2026_CUTOFF,2026-04-08,824455,676282,1,1,0,0,0,0,1,0
2026_CUTOFF,2026-04-08,824455,676282,1,1,0,0,0,0,0,0
2026_CUTOFF,2026-04-08,824455,676282,1,1,0,0,0,0,0,0
2026_CUTOFF,2026-04-08,824455,676282,1,1,0,0,0,0,1,0
2026_CUTOFF,2026-04-08,824455,676282,1,1,0,0,1,0,0,0
2026_CUTOFF,2026-04-08,824455,676282,1,1,0,0,0,0,1,0
2026_CUTOFF,2026-04-08,824455,676282,1,1,0,0,0,0,0,0
2026_CUTOFF,2026-04-08,824455,676282,2,1,1,0,0,0,0,0
2026_CUTOFF,2026-04-08,824455,676282,2,1,1,0,0,0,0,1
2026_CUTOFF,2026-04-08,824455,676282,2,1,0,0,0,0,1,0
2026_CUTOFF,2026-04-08,824455,676282,2,1,0,0,0,0,1,0
2026_CUTOFF,2026-04-08,824455,676282,2,1,0,0,0,0,0,0
2026_CUTOFF,2026-04-08,824455,676282,2,1,0,0,1,0,0,0
2026_CUTOFF,2026-04-08,824455,676282,2,1,0,0,0,0,1,0
2026_CUTOFF,2026-04-08,824455,676282,2,1,1,0,0,0,0,1
2026_CUTOFF,2026-04-08,824455,676282,2,1,0,0,0,0,1,0
2026_CUTOFF,2026-04-08,824455,676282,3,1,0,0,0,0,1,0
2026_CUTOFF,2026-04-08,824455,676282,3,1,0,0,0,0,0,0
2026_CUTOFF,2026-04-08,824455,676282,3,1,0,0,0,0,0,0
2026_CUTOFF,2026-04-10,824941,677944,1,1,0,0,0,0,0,0
2026_CUTOFF,2026-04-10,824941,677944,1,1,0,0,0,0,1,0
2026_CUTOFF,2026-04-10,824941,677944,1,1,0,0,0,0,0,0
2026_CUTOFF,2026-04-10,824941,677944,1,1,0,0,0,0,0,0
2026_CUTOFF,2026-04-10,824941,677944,1,1,0,0,0,0,0,0
2026_CUTOFF,2026-04-10,824941,677944,1,1,0,0,0,0,0,0
2026_CUTOFF,2026-04-10,824941,677944,1,1,1,0,0,0,0,0
2026_CUTOFF,2026-04-10,824941,677944,1,1,1,0,0,0,0,0
2026_CUTOFF,2026-04-10,824941,677944,1,1,0,0,0,0,0,0
2026_CUTOFF,2026-04-10,824941,677944,2,1,1,0,0,0,0,1
2026_CUTOFF,2026-04-10,824941,677944,2,1,0,0,0,0,0,0
2026_CUTOFF,2026-04-10,824941,677944,2,1,0,0,0,0,0,0
2026_CUTOFF,2026-04-10,824941,677944,2,1,0,0,1,0,0,0
2026_CUTOFF,2026-04-10,824941,677944,2,1,0,0,0,0,1,0
2026_CUTOFF,2026-04-10,824941,677944,2,1,0,0,0,0,1,0
2026_CUTOFF,2026-04-10,824941,677944,2,1,0,0,0,0,0,0
2026_CUTOFF,2026-04-10,824941,677944,2,1,0,0,0,0,0,0
2026_CUTOFF,2026-04-10,824941,677944,2,1,0,0,0,0,0,0
2026_CUTOFF,2026-04-10,824941,677944,3,1,1,1,0,0,0,1
2026_CUTOFF,2026-04-10,824941,677944,3,1,1,0,0,0,0,0
2026_CUTOFF,2026-04-10,824941,677944,3,1,1,1,0,0,0,2
2026_CUTOFF,2026-04-10,824941,677944,3,1,1,0,0,0,0,0
2026_CUTOFF,2026-04-10,824941,677944,3,1,0,0,0,0,0,0
2026_CUTOFF,2026-04-11,824939,800048,1,1,0,0,0,0,0,0
2026_CUTOFF,2026-04-11,824939,800048,1,1,1,0,0,0,0,0
2026_CUTOFF,2026-04-11,824939,800048,1,1,0,0,0,0,0,0
2026_CUTOFF,2026-04-11,824939,800048,1,1,0,0,1,0,0,0
2026_CUTOFF,2026-04-11,824939,800048,1,1,0,0,0,0,0,0
2026_CUTOFF,2026-04-11,824939,800048,1,1,0,0,0,0,0,0
2026_CUTOFF,2026-04-11,824939,800048,1,1,0,0,0,0,0,0
2026_CUTOFF,2026-04-11,824939,800048,1,1,0,0,0,0,0,0
2026_CUTOFF,2026-04-11,824939,800048,1,1,0,0,0,0,0,0
2026_CUTOFF,2026-04-11,824939,800048,2,1,0,0,0,0,1,0
2026_CUTOFF,2026-04-11,824939,800048,2,1,0,0,1,0,0,0
2026_CUTOFF,2026-04-11,824939,800048,2,1,1,0,0,0,0,0
2026_CUTOFF,2026-04-11,824939,800048,2,1,0,0,0,0,1,0
2026_CUTOFF,2026-04-11,824939,800048,2,1,0,0,0,0,0,0
2026_CUTOFF,2026-04-11,824939,800048,2,1,0,0,0,0,0,0
2026_CUTOFF,2026-04-11,824939,800048,2,1,0,0,0,0,0,0
2026_CUTOFF,2026-04-11,824939,800048,2,1,0,0,0,0,0,0
2026_CUTOFF,2026-04-11,824939,800048,2,1,0,0,0,0,1,0
2026_CUTOFF,2026-04-11,824939,800048,3,1,1,0,0,0,0,0
2026_CUTOFF,2026-04-11,824939,800048,3,1,0,0,0,0,1,0
2026_CUTOFF,2026-04-11,824939,800048,3,1,0,0,0,0,0,0
2026_CUTOFF,2026-04-11,824939,800048,3,1,0,0,0,0,0,0
2026_CUTOFF,2026-04-11,824939,800048,3,1,0,0,0,0,0,0
2026_CUTOFF,2026-04-11,824939,800048,3,1,0,0,0,0,0,0
2026_CUTOFF,2026-04-11,824939,800048,3,1,0,0,0,0,1,0
2026_CUTOFF,2026-04-11,824939,800048,3,1,1,0,0,0,0,0
2026_CUTOFF,2026-04-12,824938,676440,1,1,1,0,0,0,0,0
2026_CUTOFF,2026-04-12,824938,676440,1,1,0,0,0,0,0,0
2026_CUTOFF,2026-04-12,824938,676440,1,1,0,0,0,0,0,0
2026_CUTOFF,2026-04-12,824938,676440,1,1,0,0,0,0,1,0
2026_CUTOFF,2026-04-12,824938,676440,1,1,0,0,1,0,0,0
2026_CUTOFF,2026-04-12,824938,676440,1,1,1,0,0,0,0,0
2026_CUTOFF,2026-04-12,824938,676440,1,1,0,0,0,0,0,0
2026_CUTOFF,2026-04-12,824938,676440,1,1,1,0,0,0,0,1
2026_CUTOFF,2026-04-12,824938,676440,1,1,1,0,0,0,0,1
2026_CUTOFF,2026-04-12,824938,676440,2,1,1,0,0,0,0,1
2026_CUTOFF,2026-04-12,824938,676440,2,1,0,0,0,0,0,0
2026_CUTOFF,2026-04-12,824938,676440,2,1,0,0,0,0,0,0
2026_CUTOFF,2026-04-12,824938,676440,2,1,0,0,0,0,1,0
2026_CUTOFF,2026-04-12,824938,676440,2,1,0,0,0,0,1,0
2026_CUTOFF,2026-04-12,824938,676440,2,1,1,0,0,0,0,0
2026_CUTOFF,2026-04-12,824938,676440,2,1,1,1,0,0,0,2
2026_CUTOFF,2026-04-12,824938,676440,2,1,0,0,0,0,0,0
2026_CUTOFF,2026-04-12,824938,676440,2,1,1,0,0,0,0,0
2026_CUTOFF,2026-04-12,824938,676440,3,1,0,0,0,0,0,0
2026_CUTOFF,2026-04-12,824938,676440,3,1,0,0,0,0,0,0
2026_CUTOFF,2026-04-12,824938,676440,3,1,1,0,0,0,0,0
2026_CUTOFF,2026-04-12,824938,676440,3,1,1,0,0,0,0,0
2026_CUTOFF,2026-04-12,824938,676440,3,1,0,0,0,0,1,0
2026_CUTOFF,2026-04-12,824938,676440,3,1,1,0,0,0,0,1
2026_CUTOFF,2026-04-13,823073,668909,1,1,1,0,0,0,0,0
2026_CUTOFF,2026-04-13,823073,668909,1,1,1,0,0,0,0,0
2026_CUTOFF,2026-04-13,823073,668909,1,1,1,0,0,0,0,1
2026_CUTOFF,2026-04-13,823073,668909,1,1,0,0,0,0,1,0
2026_CUTOFF,2026-04-13,823073,668909,1,1,0,0,0,0,1,0
2026_CUTOFF,2026-04-13,823073,668909,1,1,0,0,1,0,0,0
2026_CUTOFF,2026-04-13,823073,668909,1,1,0,0,0,0,0,0
2026_CUTOFF,2026-04-13,823073,668909,1,1,0,0,0,0,0,0
2026_CUTOFF,2026-04-13,823073,668909,1,1,0,0,0,0,0,0
2026_CUTOFF,2026-04-13,823073,668909,2,1,0,0,0,0,1,0
2026_CUTOFF,2026-04-13,823073,668909,2,1,0,0,0,0,0,0
2026_CUTOFF,2026-04-13,823073,668909,2,1,0,0,0,0,0,0
2026_CUTOFF,2026-04-13,823073,668909,2,1,0,0,0,0,0,0
2026_CUTOFF,2026-04-13,823073,668909,2,1,0,0,0,0,1,0
2026_CUTOFF,2026-04-13,823073,668909,2,1,0,0,1,0,0,0
2026_CUTOFF,2026-04-13,823073,668909,2,1,0,0,0,0,0,0
2026_CUTOFF,2026-04-13,823073,668909,2,1,1,0,0,0,0,0
2026_CUTOFF,2026-04-13,823073,668909,2,1,0,0,0,0,0,0
2026_CUTOFF,2026-04-13,823073,668909,3,1,0,0,0,0,0,0
2026_CUTOFF,2026-04-13,823073,668909,3,1,0,0,0,0,0,0
2026_CUTOFF,2026-04-13,823073,668909,3,1,0,0,0,0,0,0
2026_CUTOFF,2026-04-13,823073,668909,3,1,1,1,0,0,0,1
2026_CUTOFF,2026-04-14,823072,676282,1,1,0,0,0,0,1,0
2026_CUTOFF,2026-04-14,823072,676282,1,1,1,1,0,0,0,1
2026_CUTOFF,2026-04-14,823072,676282,1,1,0,0,0,0,0,0
2026_CUTOFF,2026-04-14,823072,676282,1,1,0,0,0,0,0,0
2026_CUTOFF,2026-04-14,823072,676282,1,1,0,0,1,0,0,0
2026_CUTOFF,2026-04-14,823072,676282,1,1,0,0,0,0,1,0
2026_CUTOFF,2026-04-14,823072,676282,1,1,0,0,0,0,0,0
2026_CUTOFF,2026-04-14,823072,676282,1,1,0,0,0,0,1,0
2026_CUTOFF,2026-04-14,823072,676282,1,1,0,0,0,0,0,0
2026_CUTOFF,2026-04-14,823072,676282,2,1,1,1,0,0,0,1
2026_CUTOFF,2026-04-14,823072,676282,2,1,0,0,0,0,0,0
2026_CUTOFF,2026-04-14,823072,676282,2,1,1,0,0,0,0,0
2026_CUTOFF,2026-04-14,823072,676282,2,1,0,0,0,0,1,0
2026_CUTOFF,2026-04-14,823072,676282,2,1,0,0,0,0,0,0
2026_CUTOFF,2026-04-14,823072,676282,2,1,1,0,0,0,0,0
2026_CUTOFF,2026-04-14,823072,676282,2,1,0,0,0,0,0,0
2026_CUTOFF,2026-04-14,823072,676282,2,1,0,0,0,0,0,0
2026_CUTOFF,2026-04-14,823072,676282,2,1,1,0,0,0,0,0
2026_CUTOFF,2026-04-14,823072,676282,3,1,0,0,0,0,0,0
2026_CUTOFF,2026-04-14,823072,676282,3,1,0,0,1,0,0,0
2026_CUTOFF,2026-04-14,823072,676282,3,1,0,0,0,0,0,0
2026_CUTOFF,2026-04-15,823071,677944,1,1,0,0,0,0,0,0
2026_CUTOFF,2026-04-15,823071,677944,1,1,0,0,1,0,0,0
2026_CUTOFF,2026-04-15,823071,677944,1,1,1,0,0,0,0,0
2026_CUTOFF,2026-04-15,823071,677944,1,1,0,0,0,0,0,0
2026_CUTOFF,2026-04-15,823071,677944,1,1,0,0,0,0,0,0
2026_CUTOFF,2026-04-15,823071,677944,1,1,0,0,0,0,1,0
2026_CUTOFF,2026-04-15,823071,677944,1,1,1,0,0,0,0,0
2026_CUTOFF,2026-04-15,823071,677944,1,1,1,0,0,0,0,1
2026_CUTOFF,2026-04-15,823071,677944,1,1,0,0,0,0,1,0
2026_CUTOFF,2026-04-15,823071,677944,2,1,0,0,1,0,0,0
2026_CUTOFF,2026-04-15,823071,677944,2,1,0,0,1,0,0,0
2026_CUTOFF,2026-04-15,823071,677944,2,1,0,0,0,0,1,0
2026_CUTOFF,2026-04-15,823071,677944,2,1,0,0,0,0,1,0
2026_CUTOFF,2026-04-15,823071,677944,2,1,0,0,0,0,0,0
2026_CUTOFF,2026-04-15,823071,677944,2,1,0,0,0,0,0,0
2026_CUTOFF,2026-04-15,823071,677944,2,1,0,0,0,0,0,0
2026_CUTOFF,2026-04-15,823071,677944,2,1,0,0,0,0,0,0
2026_CUTOFF,2026-04-15,823071,677944,2,1,0,0,1,0,0,0
2026_CUTOFF,2026-04-15,823071,677944,3,1,0,0,1,0,0,0
2026_CUTOFF,2026-04-15,823071,677944,3,1,0,0,0,0,0,0
2026_CUTOFF,2026-04-16,824453,800048,1,1,0,0,1,0,0,0
2026_CUTOFF,2026-04-16,824453,800048,1,1,0,0,0,0,0,0
2026_CUTOFF,2026-04-16,824453,800048,1,1,0,0,0,0,1,0
2026_CUTOFF,2026-04-16,824453,800048,1,1,0,0,0,0,1,0
2026_CUTOFF,2026-04-16,824453,800048,1,1,0,0,0,0,0,0
2026_CUTOFF,2026-04-16,824453,800048,1,1,0,0,0,0,0,0
2026_CUTOFF,2026-04-16,824453,800048,1,1,0,0,0,0,1,0
2026_CUTOFF,2026-04-16,824453,800048,1,1,0,0,0,0,1,0
2026_CUTOFF,2026-04-16,824453,800048,1,1,0,0,0,0,0,0
2026_CUTOFF,2026-04-16,824453,800048,2,1,0,0,0,0,0,0
2026_CUTOFF,2026-04-16,824453,800048,2,1,0,0,0,0,1,0
2026_CUTOFF,2026-04-16,824453,800048,2,1,0,0,0,0,0,0
2026_CUTOFF,2026-04-16,824453,800048,2,1,0,0,0,0,1,0
2026_CUTOFF,2026-04-16,824453,800048,2,1,0,0,0,0,0,0
2026_CUTOFF,2026-04-16,824453,800048,2,1,0,0,0,0,1,0
2026_CUTOFF,2026-04-16,824453,800048,2,1,0,0,0,0,0,0
2026_CUTOFF,2026-04-16,824453,800048,2,1,0,0,1,0,0,0
2026_CUTOFF,2026-04-16,824453,800048,2,1,0,0,0,0,1,0
2026_CUTOFF,2026-04-16,824453,800048,3,1,0,0,0,0,0,0
2026_CUTOFF,2026-04-16,824453,800048,3,1,0,0,0,0,0,0
2026_CUTOFF,2026-04-16,824453,800048,3,1,0,0,0,0,0,0
2026_CUTOFF,2026-04-16,824453,800048,3,1,0,0,0,0,0,0
2026_CUTOFF,2026-04-16,824453,800048,3,1,0,0,0,0,0,0
2026_CUTOFF,2026-04-16,824453,800048,3,1,0,0,0,0,1,0
2026_CUTOFF,2026-04-16,824453,800048,3,1,0,0,0,0,0,0
2026_CUTOFF,2026-04-16,824453,800048,3,1,1,0,0,0,0,0
2026_CUTOFF,2026-04-16,824453,800048,3,1,1,0,0,0,0,0
2026_CUTOFF,2026-04-17,824454,676440,1,1,0,0,0,0,0,0
2026_CUTOFF,2026-04-17,824454,676440,1,1,0,0,0,0,0,0
2026_CUTOFF,2026-04-17,824454,676440,1,1,1,0,0,0,0,0
2026_CUTOFF,2026-04-17,824454,676440,1,1,0,0,1,0,0,0
2026_CUTOFF,2026-04-17,824454,676440,1,1,0,0,0,0,1,0
2026_CUTOFF,2026-04-17,824454,676440,1,1,1,0,0,0,0,0
2026_CUTOFF,2026-04-17,824454,676440,1,1,0,0,0,0,1,0
2026_CUTOFF,2026-04-17,824454,676440,1,1,0,0,1,0,0,0
2026_CUTOFF,2026-04-17,824454,676440,1,1,0,0,0,0,1,0
2026_CUTOFF,2026-04-17,824454,676440,2,1,0,0,0,0,0,0
2026_CUTOFF,2026-04-17,824454,676440,2,1,0,0,1,0,0,0
2026_CUTOFF,2026-04-17,824454,676440,2,1,0,0,0,0,0,0
2026_CUTOFF,2026-04-17,824454,676440,2,1,0,0,0,0,0,0
2026_CUTOFF,2026-04-17,824454,676440,2,1,0,0,0,0,0,0
2026_CUTOFF,2026-04-17,824454,676440,2,1,0,0,0,0,0,0
2026_CUTOFF,2026-04-17,824454,676440,2,1,0,0,0,0,0,0
2026_CUTOFF,2026-04-17,824454,676440,2,1,1,0,0,0,0,0
2026_CUTOFF,2026-04-17,824454,676440,2,1,0,0,0,0,0,0
2026_CUTOFF,2026-04-17,824454,676440,3,1,0,0,0,0,1,0
2026_CUTOFF,2026-04-17,824454,676440,3,1,0,0,0,0,0,0
2026_CUTOFF,2026-04-17,824454,676440,3,1,1,0,0,0,0,0
2026_CUTOFF,2026-04-17,824454,676440,3,1,0,0,0,0,1,0
2026_CUTOFF,2026-04-17,824454,676440,3,1,0,0,0,0,0,0
2026_CUTOFF,2026-04-17,824454,676440,3,1,0,0,0,0,0,0
2026_CUTOFF,2026-04-17,824454,676440,3,1,0,0,0,0,0,0
2026_CUTOFF,2026-04-18,824451,668909,1,1,0,0,0,0,1,0
2026_CUTOFF,2026-04-18,824451,668909,1,1,1,0,0,0,0,0
2026_CUTOFF,2026-04-18,824451,668909,1,1,0,0,0,0,1,0
2026_CUTOFF,2026-04-18,824451,668909,1,1,0,0,0,0,1,0
2026_CUTOFF,2026-04-18,824451,668909,1,1,0,0,0,0,1,0
2026_CUTOFF,2026-04-18,824451,668909,1,1,0,0,1,0,0,0
2026_CUTOFF,2026-04-18,824451,668909,1,1,0,0,0,0,0,0
2026_CUTOFF,2026-04-18,824451,668909,1,1,0,0,0,0,0,0
2026_CUTOFF,2026-04-18,824451,668909,1,1,0,0,0,0,0,0
2026_CUTOFF,2026-04-18,824451,668909,2,1,1,0,0,0,0,0
2026_CUTOFF,2026-04-18,824451,668909,2,1,0,0,0,0,0,0
2026_CUTOFF,2026-04-18,824451,668909,2,1,0,0,0,0,1,0
2026_CUTOFF,2026-04-18,824451,668909,2,1,0,0,0,0,1,0
2026_CUTOFF,2026-04-18,824451,668909,2,1,0,0,0,0,1,0
2026_CUTOFF,2026-04-18,824451,668909,2,1,1,1,0,0,0,1
2026_CUTOFF,2026-04-18,824451,668909,2,1,0,0,0,0,0,0
2026_CUTOFF,2026-04-18,824451,668909,2,1,0,0,0,0,0,0
2026_CUTOFF,2026-04-18,824451,668909,2,1,0,0,0,0,0,0
2026_CUTOFF,2026-04-18,824451,668909,3,1,0,0,0,0,1,0
2026_CUTOFF,2026-04-18,824451,668909,3,1,0,0,0,0,0,0
2026_CUTOFF,2026-04-18,824451,668909,3,1,0,0,0,0,1,0
2026_CUTOFF,2026-04-18,824451,668909,3,1,0,0,0,0,0,0
2026_CUTOFF,2026-04-18,824451,668909,3,1,0,0,0,0,1,0
2026_CUTOFF,2026-04-18,824451,668909,3,1,0,0,0,0,0,0
2026_CUTOFF,2026-04-18,824451,668909,3,1,0,0,0,0,1,0
2026_CUTOFF,2026-04-18,824451,668909,3,1,0,0,0,0,0,0
2026_CUTOFF,2026-04-19,824452,676282,1,1,1,0,0,0,0,0
2026_CUTOFF,2026-04-19,824452,676282,1,1,0,0,1,0,0,0
2026_CUTOFF,2026-04-19,824452,676282,1,1,0,0,0,0,0,0
2026_CUTOFF,2026-04-19,824452,676282,1,1,0,0,0,0,0,0
2026_CUTOFF,2026-04-19,824452,676282,1,1,0,0,0,0,1,0
2026_CUTOFF,2026-04-19,824452,676282,1,1,0,0,0,1,0,0
2026_CUTOFF,2026-04-19,824452,676282,1,1,0,0,0,0,1,0
2026_CUTOFF,2026-04-19,824452,676282,1,1,0,0,0,0,1,0
2026_CUTOFF,2026-04-19,824452,676282,1,1,0,0,0,0,0,0
2026_CUTOFF,2026-04-19,824452,676282,2,1,0,0,0,0,0,0
2026_CUTOFF,2026-04-19,824452,676282,2,1,0,0,0,0,0,0
2026_CUTOFF,2026-04-19,824452,676282,2,1,0,0,0,0,1,0
2026_CUTOFF,2026-04-19,824452,676282,2,1,0,0,0,0,1,0
2026_CUTOFF,2026-04-19,824452,676282,2,1,1,0,0,0,0,0
2026_CUTOFF,2026-04-19,824452,676282,2,1,0,0,0,0,1,0
2026_CUTOFF,2026-04-19,824452,676282,2,1,0,0,1,0,0,0
2026_CUTOFF,2026-04-19,824452,676282,2,1,1,0,0,0,0,0
2026_CUTOFF,2026-04-19,824452,676282,2,1,0,0,0,0,0,0
2026_CUTOFF,2026-04-19,824452,676282,3,1,1,1,0,0,0,3
2026_CUTOFF,2026-04-19,824452,676282,3,1,0,0,0,0,0,0
2026_CUTOFF,2026-04-19,824452,676282,3,1,1,0,0,0,0,0
2026_CUTOFF,2026-04-19,824452,676282,3,1,0,0,1,0,0,0
2026_CUTOFF,2026-04-20,824450,677944,1,1,1,0,0,0,0,0
2026_CUTOFF,2026-04-20,824450,677944,1,1,0,0,0,0,0,0
2026_CUTOFF,2026-04-20,824450,677944,1,1,0,0,0,0,0,0
2026_CUTOFF,2026-04-20,824450,677944,1,1,1,1,0,0,0,2
2026_CUTOFF,2026-04-20,824450,677944,1,1,1,0,0,0,0,0
2026_CUTOFF,2026-04-20,824450,677944,1,1,0,0,1,0,0,0
2026_CUTOFF,2026-04-20,824450,677944,1,1,0,0,0,0,0,0
2026_CUTOFF,2026-04-20,824450,677944,1,1,0,0,0,0,0,0
2026_CUTOFF,2026-04-20,824450,677944,1,1,0,0,0,0,0,0
2026_CUTOFF,2026-04-20,824450,677944,2,1,0,0,0,0,1,0
2026_CUTOFF,2026-04-20,824450,677944,2,1,1,0,0,0,0,0
2026_CUTOFF,2026-04-20,824450,677944,2,1,0,0,0,0,0,0
2026_CUTOFF,2026-04-20,824450,677944,2,1,0,0,0,0,1,0
2026_CUTOFF,2026-04-20,824450,677944,2,1,1,1,0,0,0,1
2026_CUTOFF,2026-04-20,824450,677944,2,1,1,0,0,0,0,0
2026_CUTOFF,2026-04-20,824450,677944,2,1,1,0,0,0,0,0
2026_CUTOFF,2026-04-20,824450,677944,2,1,0,0,0,0,0,0
2026_CUTOFF,2026-04-20,824450,677944,2,1,1,0,0,0,0,1
2026_CUTOFF,2026-04-20,824450,677944,3,1,1,0,0,0,0,2
2026_CUTOFF,2026-04-20,824450,677944,3,1,0,0,0,0,0,0
2026_CUTOFF,2026-04-20,824450,677944,3,1,0,0,0,0,0,0
2026_CUTOFF,2026-04-20,824450,677944,3,1,1,0,0,0,0,0
2026_CUTOFF,2026-04-20,824450,677944,3,1,0,0,0,0,0,0
2026_CUTOFF,2026-04-20,824450,677944,3,1,0,0,0,0,0,0
2026_CUTOFF,2026-04-20,824450,677944,3,1,0,0,0,0,0,1
2026_CUTOFF,2026-04-20,824450,677944,3,1,0,0,1,0,0,0
2026_CUTOFF,2026-04-20,824450,677944,3,1,0,0,0,0,0,0
2026_CUTOFF,2026-04-21,824448,800048,1,1,0,0,0,0,1,0
2026_CUTOFF,2026-04-21,824448,800048,1,1,0,0,0,0,0,0
2026_CUTOFF,2026-04-21,824448,800048,1,1,0,0,0,0,1,0
2026_CUTOFF,2026-04-21,824448,800048,1,1,0,0,0,0,0,0
2026_CUTOFF,2026-04-21,824448,800048,1,1,0,0,0,0,0,0
2026_CUTOFF,2026-04-21,824448,800048,1,1,1,0,0,0,0,0
2026_CUTOFF,2026-04-21,824448,800048,1,1,0,0,0,0,0,0
2026_CUTOFF,2026-04-21,824448,800048,1,1,0,0,0,0,0,0
2026_CUTOFF,2026-04-21,824448,800048,1,1,0,0,0,0,1,0
2026_CUTOFF,2026-04-21,824448,800048,2,1,0,0,0,0,0,0
2026_CUTOFF,2026-04-21,824448,800048,2,1,1,0,0,0,0,0
2026_CUTOFF,2026-04-21,824448,800048,2,1,0,0,0,0,0,0
2026_CUTOFF,2026-04-21,824448,800048,2,1,0,0,0,0,0,0
2026_CUTOFF,2026-04-21,824448,800048,2,1,0,0,0,0,0,0
2026_CUTOFF,2026-04-21,824448,800048,2,1,1,0,0,0,0,0
2026_CUTOFF,2026-04-21,824448,800048,2,1,0,0,0,0,1,0
2026_CUTOFF,2026-04-21,824448,800048,2,1,1,0,0,0,0,0
2026_CUTOFF,2026-04-21,824448,800048,2,1,1,0,0,0,0,1
2026_CUTOFF,2026-04-21,824448,800048,3,1,0,0,0,1,0,0
2026_CUTOFF,2026-04-21,824448,800048,3,1,0,0,1,0,0,0
2026_CUTOFF,2026-04-21,824448,800048,3,1,1,0,0,0,0,2
2026_CUTOFF,2026-04-22,824449,676440,1,1,1,0,0,0,0,0
2026_CUTOFF,2026-04-22,824449,676440,1,1,1,1,0,0,0,2
2026_CUTOFF,2026-04-22,824449,676440,1,1,0,0,0,0,0,0
2026_CUTOFF,2026-04-22,824449,676440,1,1,0,0,0,0,0,0
2026_CUTOFF,2026-04-22,824449,676440,1,1,0,0,0,0,1,0
2026_CUTOFF,2026-04-22,824449,676440,1,1,0,0,0,0,1,0
2026_CUTOFF,2026-04-22,824449,676440,1,1,0,0,0,0,0,0
2026_CUTOFF,2026-04-22,824449,676440,1,1,0,0,0,0,0,0
2026_CUTOFF,2026-04-22,824449,676440,1,1,0,0,1,0,0,0
2026_CUTOFF,2026-04-22,824449,676440,2,1,0,0,0,0,0,0
2026_CUTOFF,2026-04-22,824449,676440,2,1,1,0,0,0,0,0
2026_CUTOFF,2026-04-22,824449,676440,2,1,0,0,0,0,0,0
2026_CUTOFF,2026-04-22,824449,676440,2,1,0,0,1,0,0,0
2026_CUTOFF,2026-04-22,824449,676440,2,1,0,0,0,0,0,0
2026_CUTOFF,2026-04-22,824449,676440,2,1,0,0,0,0,1,0
2026_CUTOFF,2026-04-22,824449,676440,2,1,0,0,0,0,0,0
2026_CUTOFF,2026-04-22,824449,676440,2,1,0,0,0,0,0,0
2026_CUTOFF,2026-04-22,824449,676440,2,1,0,0,0,0,0,0
2026_CUTOFF,2026-04-22,824449,676440,3,1,0,0,0,0,0,0
2026_CUTOFF,2026-04-22,824449,676440,3,1,1,0,0,0,0,0
2026_CUTOFF,2026-04-22,824449,676440,3,1,0,0,0,0,0,0
2026_CUTOFF,2026-04-22,824449,676440,3,1,1,0,0,0,0,0
2026_CUTOFF,2026-04-22,824449,676440,3,1,0,0,0,0,0,0
2026_CUTOFF,2026-04-22,824449,676440,3,1,0,0,0,0,0,0
2026_CUTOFF,2026-04-24,822827,668909,1,1,1,0,0,0,0,0
2026_CUTOFF,2026-04-24,822827,668909,1,1,0,0,0,0,0,0
2026_CUTOFF,2026-04-24,822827,668909,1,1,0,0,0,0,0,1
2026_CUTOFF,2026-04-24,822827,668909,1,1,1,1,0,0,0,1
2026_CUTOFF,2026-04-24,822827,668909,1,1,0,0,0,0,1,0
2026_CUTOFF,2026-04-24,822827,668909,1,1,0,0,0,0,0,0
2026_CUTOFF,2026-04-24,822827,668909,1,1,1,1,0,0,0,1
2026_CUTOFF,2026-04-24,822827,668909,1,1,1,0,0,0,0,0
2026_CUTOFF,2026-04-24,822827,668909,1,1,0,0,0,0,0,0
2026_CUTOFF,2026-04-24,822827,668909,2,1,0,0,0,0,1,0
2026_CUTOFF,2026-04-24,822827,668909,2,1,0,0,0,0,0,0
2026_CUTOFF,2026-04-24,822827,668909,2,1,0,0,0,0,0,0
2026_CUTOFF,2026-04-24,822827,668909,2,1,0,0,0,0,0,0
2026_CUTOFF,2026-04-24,822827,668909,2,1,0,0,0,0,0,0
2026_CUTOFF,2026-04-24,822827,668909,2,1,0,0,0,0,0,0
2026_CUTOFF,2026-04-24,822827,668909,2,1,0,0,0,0,1,0
2026_CUTOFF,2026-04-24,822827,668909,2,1,0,0,0,0,0,0
2026_CUTOFF,2026-04-24,822827,668909,2,1,0,0,0,0,0,0
2026_CUTOFF,2026-04-24,822827,668909,3,1,0,0,1,0,0,0
2026_CUTOFF,2026-04-24,822827,668909,3,1,1,0,0,0,0,1
2026_CUTOFF,2026-04-24,822827,668909,3,1,0,0,0,0,0,0
2026_CUTOFF,2026-04-24,822827,668909,3,1,0,0,0,0,1,0
2026_CUTOFF,2026-04-24,822827,668909,3,1,1,0,0,0,0,0
2026_CUTOFF,2026-04-24,822827,668909,3,1,0,0,0,0,0,0
2026_CUTOFF,2026-04-24,822827,668909,3,1,0,0,1,0,0,0
2026_CUTOFF,2026-04-24,822827,668909,3,1,1,0,0,0,0,2
2026_CUTOFF,2026-04-24,822827,668909,3,1,0,0,0,0,0,0
2026_CUTOFF,2026-04-25,822826,676282,1,1,0,0,0,0,0,0
2026_CUTOFF,2026-04-25,822826,676282,1,1,1,0,0,0,0,0
2026_CUTOFF,2026-04-25,822826,676282,1,1,0,0,0,0,0,0
2026_CUTOFF,2026-04-25,822826,676282,1,1,0,0,0,0,1,0
2026_CUTOFF,2026-04-25,822826,676282,1,1,0,0,0,0,0,0
2026_CUTOFF,2026-04-25,822826,676282,1,1,0,0,0,0,0,0
2026_CUTOFF,2026-04-25,822826,676282,1,1,0,0,1,0,0,0
2026_CUTOFF,2026-04-25,822826,676282,1,1,0,0,0,0,0,0
2026_CUTOFF,2026-04-25,822826,676282,1,1,1,0,0,0,0,0
2026_CUTOFF,2026-04-25,822826,676282,2,1,0,0,0,0,0,0
2026_CUTOFF,2026-04-25,822826,676282,2,1,0,0,0,0,1,0
2026_CUTOFF,2026-04-25,822826,676282,2,1,0,0,0,0,0,0
2026_CUTOFF,2026-04-25,822826,676282,2,1,1,1,0,0,0,1
2026_CUTOFF,2026-04-25,822826,676282,2,1,0,0,0,0,0,0
2026_CUTOFF,2026-04-25,822826,676282,2,1,0,0,0,0,0,0
2026_CUTOFF,2026-04-25,822826,676282,2,1,0,0,0,0,0,0
2026_CUTOFF,2026-04-25,822826,676282,2,1,0,0,0,0,1,0
2026_CUTOFF,2026-04-25,822826,676282,2,1,0,0,0,0,1,0
2026_CUTOFF,2026-04-25,822826,676282,3,1,1,0,0,0,0,0
2026_CUTOFF,2026-04-25,822826,676282,3,1,0,0,0,0,0,0
2026_CUTOFF,2026-04-25,822826,676282,3,1,1,0,0,0,0,0
2026_CUTOFF,2026-04-25,822826,676282,3,1,1,0,0,0,0,0
2026_CUTOFF,2026-04-26,822824,677944,1,1,1,0,0,0,0,0
2026_CUTOFF,2026-04-26,822824,677944,1,1,0,0,1,0,0,0
2026_CUTOFF,2026-04-26,822824,677944,1,1,1,0,0,0,0,1
2026_CUTOFF,2026-04-26,822824,677944,1,1,0,0,0,0,0,1
2026_CUTOFF,2026-04-26,822824,677944,1,1,0,0,0,0,1,0
2026_CUTOFF,2026-04-26,822824,677944,1,1,0,0,0,0,1,0
2026_CUTOFF,2026-04-26,822824,677944,1,1,0,0,0,0,0,0
2026_CUTOFF,2026-04-26,822824,677944,1,1,0,0,0,0,0,0
2026_CUTOFF,2026-04-26,822824,677944,1,1,0,0,0,0,1,0
2026_CUTOFF,2026-04-26,822824,677944,2,1,0,0,0,0,0,0
2026_CUTOFF,2026-04-26,822824,677944,2,1,0,0,0,0,0,0
2026_CUTOFF,2026-04-26,822824,677944,2,1,1,0,0,0,0,0
2026_CUTOFF,2026-04-26,822824,677944,2,1,0,0,0,0,0,0
2026_CUTOFF,2026-04-26,822824,677944,2,1,0,0,0,0,0,0
2026_CUTOFF,2026-04-26,822824,677944,2,1,0,0,0,0,0,0
2026_CUTOFF,2026-04-26,822824,677944,2,1,1,0,0,0,0,0
2026_CUTOFF,2026-04-26,822824,677944,2,1,0,0,0,0,0,0
2026_CUTOFF,2026-04-26,822824,677944,2,1,0,0,0,0,1,0
2026_CUTOFF,2026-04-26,822824,677944,3,1,0,0,0,0,0,0
2026_CUTOFF,2026-04-26,822824,677944,3,1,0,0,0,0,1,0
2026_CUTOFF,2026-04-26,822824,677944,3,1,1,0,0,0,0,0
2026_CUTOFF,2026-04-26,822824,677944,3,1,1,1,0,0,0,2
2026_CUTOFF,2026-04-26,822824,677944,3,1,0,0,0,0,0,0
2026_CUTOFF,2026-04-26,822824,677944,3,1,0,0,0,0,0,0
2026_CUTOFF,2026-04-27,824446,800048,1,1,0,0,0,0,1,0
2026_CUTOFF,2026-04-27,824446,800048,1,1,0,0,0,0,1,0
2026_CUTOFF,2026-04-27,824446,800048,1,1,0,0,0,0,1,0
2026_CUTOFF,2026-04-27,824446,800048,1,1,0,0,0,0,1,0
2026_CUTOFF,2026-04-27,824446,800048,1,1,1,0,0,0,0,0
2026_CUTOFF,2026-04-27,824446,800048,1,1,0,0,0,0,0,0
2026_CUTOFF,2026-04-27,824446,800048,1,1,0,0,0,0,0,0
2026_CUTOFF,2026-04-27,824446,800048,1,1,0,0,0,0,1,0
2026_CUTOFF,2026-04-27,824446,800048,1,1,0,0,0,0,1,0
2026_CUTOFF,2026-04-27,824446,800048,2,1,0,0,1,0,0,0
2026_CUTOFF,2026-04-27,824446,800048,2,1,0,0,0,0,0,0
2026_CUTOFF,2026-04-27,824446,800048,2,1,0,0,0,0,0,0
2026_CUTOFF,2026-04-27,824446,800048,2,1,1,0,0,0,0,0
2026_CUTOFF,2026-04-27,824446,800048,2,1,0,0,0,0,1,0
2026_CUTOFF,2026-04-27,824446,800048,2,1,0,0,0,0,0,0
2026_CUTOFF,2026-04-27,824446,800048,2,1,0,0,0,0,0,0
2026_CUTOFF,2026-04-27,824446,800048,2,1,0,0,0,0,0,0
2026_CUTOFF,2026-04-27,824446,800048,2,1,0,0,0,0,1,0
2026_CUTOFF,2026-04-27,824446,800048,3,1,0,0,1,0,0,0
2026_CUTOFF,2026-04-27,824446,800048,3,1,0,0,0,0,0,0
2026_CUTOFF,2026-04-27,824446,800048,3,1,0,0,0,0,1,0
2026_CUTOFF,2026-04-27,824446,800048,3,1,1,0,0,0,0,1
2026_CUTOFF,2026-04-28,824447,676440,1,1,1,0,0,0,0,0
2026_CUTOFF,2026-04-28,824447,676440,1,1,0,0,0,0,0,0
2026_CUTOFF,2026-04-28,824447,676440,1,1,0,0,0,0,0,0
2026_CUTOFF,2026-04-28,824447,676440,1,1,0,0,0,0,1,0
2026_CUTOFF,2026-04-28,824447,676440,1,1,0,0,0,0,1,0
2026_CUTOFF,2026-04-28,824447,676440,1,1,0,0,0,0,1,0
2026_CUTOFF,2026-04-28,824447,676440,1,1,0,0,0,0,0,0
2026_CUTOFF,2026-04-28,824447,676440,1,1,0,0,0,0,1,0
2026_CUTOFF,2026-04-28,824447,676440,1,1,0,0,0,0,0,0
2026_CUTOFF,2026-04-28,824447,676440,2,1,0,0,1,0,0,0
2026_CUTOFF,2026-04-28,824447,676440,2,1,0,0,0,0,0,0
2026_CUTOFF,2026-04-28,824447,676440,2,1,0,0,0,0,1,0
2026_CUTOFF,2026-04-28,824447,676440,2,1,1,0,0,0,0,0
2026_CUTOFF,2026-04-28,824447,676440,2,1,0,0,1,0,0,0
2026_CUTOFF,2026-04-28,824447,676440,2,1,0,0,0,0,1,0
2026_CUTOFF,2026-04-28,824447,676440,2,1,0,0,0,0,0,0
2026_CUTOFF,2026-04-28,824447,676440,2,1,0,0,0,0,0,0
2026_CUTOFF,2026-04-28,824447,676440,2,1,0,0,1,0,0,0
2026_CUTOFF,2026-04-28,824447,676440,3,1,0,0,0,0,0,0
2026_CUTOFF,2026-04-28,824447,676440,3,1,1,0,0,0,0,0
2026_CUTOFF,2026-04-28,824447,676440,3,1,1,0,0,0,0,1
2026_CUTOFF,2026-04-28,824447,676440,3,1,0,0,0,0,0,0
2026_CUTOFF,2026-04-29,824445,668909,1,1,0,0,0,0,0,0
2026_CUTOFF,2026-04-29,824445,668909,1,1,0,0,0,0,0,0
2026_CUTOFF,2026-04-29,824445,668909,1,1,0,0,0,0,0,0
2026_CUTOFF,2026-04-29,824445,668909,1,1,0,0,0,0,0,0
2026_CUTOFF,2026-04-29,824445,668909,1,1,0,0,0,0,0,0
2026_CUTOFF,2026-04-29,824445,668909,1,1,0,0,0,0,0,0
2026_CUTOFF,2026-04-29,824445,668909,1,1,0,0,0,0,0,0
2026_CUTOFF,2026-04-29,824445,668909,1,1,0,0,0,1,0,0
2026_CUTOFF,2026-04-29,824445,668909,1,1,0,0,0,0,1,0
2026_CUTOFF,2026-04-29,824445,668909,2,1,1,0,0,0,0,0
2026_CUTOFF,2026-04-29,824445,668909,2,1,0,0,0,0,1,0
2026_CUTOFF,2026-04-29,824445,668909,2,1,0,0,0,0,1,0
2026_CUTOFF,2026-04-29,824445,668909,2,1,0,0,0,0,0,0
2026_CUTOFF,2026-04-29,824445,668909,2,1,1,0,0,0,0,0
2026_CUTOFF,2026-04-29,824445,668909,2,1,0,0,0,0,0,0
2026_CUTOFF,2026-04-29,824445,668909,2,1,0,0,0,0,0,0
2026_CUTOFF,2026-04-29,824445,668909,2,1,0,0,0,0,0,0
2026_CUTOFF,2026-04-29,824445,668909,2,1,0,0,0,0,1,0
2026_CUTOFF,2026-04-29,824445,668909,3,1,0,0,0,0,1,0
2026_CUTOFF,2026-04-29,824445,668909,3,1,0,0,0,0,0,0
2026_CUTOFF,2026-04-29,824445,668909,3,1,0,0,0,0,1,0
2026_CUTOFF,2026-04-29,824445,668909,3,1,0,0,0,0,1,0
2026_CUTOFF,2026-04-29,824445,668909,3,1,1,0,0,0,0,0
2026_CUTOFF,2026-04-29,824445,668909,3,1,0,0,0,0,0,1
2026_CUTOFF,2026-04-29,824445,668909,3,1,0,0,0,0,0,0
2026_CUTOFF,2026-04-29,824445,668909,3,1,0,0,0,0,1,0
2026_CUTOFF,2026-04-29,824445,668909,3,1,0,0,0,0,0,0
2026_CUTOFF,2026-04-29,824445,668909,4+,1,0,0,0,0,1,0
2026_CUTOFF,2026-04-29,824445,668909,4+,1,1,0,0,0,0,0
2026_CUTOFF,2026-04-29,824445,668909,4+,1,1,0,0,0,0,0
2026_CUTOFF,2026-05-01,825012,676282,1,1,0,0,0,0,0,0
2026_CUTOFF,2026-05-01,825012,676282,1,1,1,0,0,0,0,0
2026_CUTOFF,2026-05-01,825012,676282,1,1,0,0,0,0,0,0
2026_CUTOFF,2026-05-01,825012,676282,1,1,1,1,0,0,0,2
2026_CUTOFF,2026-05-01,825012,676282,1,1,0,0,0,0,0,0
2026_CUTOFF,2026-05-01,825012,676282,1,1,1,0,0,0,0,0
2026_CUTOFF,2026-05-01,825012,676282,1,1,0,0,0,0,1,0
2026_CUTOFF,2026-05-01,825012,676282,1,1,0,0,0,0,1,0
2026_CUTOFF,2026-05-01,825012,676282,1,1,0,0,0,0,0,0
2026_CUTOFF,2026-05-01,825012,676282,2,1,0,0,1,0,0,0
2026_CUTOFF,2026-05-01,825012,676282,2,1,0,0,0,0,0,0
2026_CUTOFF,2026-05-01,825012,676282,2,1,0,0,0,0,0,0
2026_CUTOFF,2026-05-01,825012,676282,2,1,0,0,0,0,0,0
2026_CUTOFF,2026-05-01,825012,676282,2,1,0,0,1,0,0,0
2026_CUTOFF,2026-05-01,825012,676282,2,1,0,0,1,0,0,0
2026_CUTOFF,2026-05-01,825012,676282,2,1,0,0,0,0,0,0
2026_CUTOFF,2026-05-01,825012,676282,2,1,1,0,0,0,0,2
2026_CUTOFF,2026-05-01,825012,676282,2,1,1,0,0,0,0,0
2026_CUTOFF,2026-05-01,825012,676282,3,1,0,0,0,0,0,0
2026_CUTOFF,2026-05-01,825012,676282,3,1,0,0,0,0,0,0
2026_CUTOFF,2026-05-02,825014,677944,1,1,1,0,0,0,0,0
2026_CUTOFF,2026-05-02,825014,677944,1,1,1,1,0,0,0,2
2026_CUTOFF,2026-05-02,825014,677944,1,1,0,0,0,0,1,0
2026_CUTOFF,2026-05-02,825014,677944,1,1,1,0,0,0,0,0
2026_CUTOFF,2026-05-02,825014,677944,1,1,0,0,0,0,0,0
2026_CUTOFF,2026-05-02,825014,677944,1,1,0,0,0,0,0,0
2026_CUTOFF,2026-05-02,825014,677944,1,1,0,0,0,0,0,0
2026_CUTOFF,2026-05-02,825014,677944,1,1,1,0,0,0,0,0
2026_CUTOFF,2026-05-02,825014,677944,1,1,0,0,0,0,0,0
2026_CUTOFF,2026-05-02,825014,677944,2,1,0,0,0,0,1,0
2026_CUTOFF,2026-05-02,825014,677944,2,1,0,0,0,0,0,0
2026_CUTOFF,2026-05-02,825014,677944,2,1,0,0,0,0,0,0
2026_CUTOFF,2026-05-02,825014,677944,2,1,1,0,0,0,0,0
2026_CUTOFF,2026-05-02,825014,677944,2,1,0,0,0,0,0,0
2026_CUTOFF,2026-05-02,825014,677944,2,1,1,0,0,0,0,0
2026_CUTOFF,2026-05-02,825014,677944,2,1,1,0,0,0,0,1
2026_CUTOFF,2026-05-02,825014,677944,2,1,0,0,0,0,0,0
2026_CUTOFF,2026-05-02,825014,677944,2,1,0,0,0,0,0,0
2026_CUTOFF,2026-05-02,825014,677944,3,1,0,0,0,0,0,0
2026_CUTOFF,2026-05-02,825014,677944,3,1,1,1,0,0,0,1
2026_CUTOFF,2026-05-02,825014,677944,3,1,0,0,0,0,0,0
2026_CUTOFF,2026-05-02,825014,677944,3,1,0,0,0,0,1,0
2026_CUTOFF,2026-05-02,825014,677944,3,1,1,0,0,0,0,0
2026_CUTOFF,2026-05-02,825014,677944,3,1,1,0,0,0,0,0
2026_CUTOFF,2026-05-02,825014,677944,3,1,0,0,0,0,0,1
2026_CUTOFF,2026-05-03,825013,800048,1,1,0,0,0,0,0,0
2026_CUTOFF,2026-05-03,825013,800048,1,1,0,0,0,0,1,0
2026_CUTOFF,2026-05-03,825013,800048,1,1,0,0,0,0,1,0
2026_CUTOFF,2026-05-03,825013,800048,1,1,1,1,0,0,0,1
2026_CUTOFF,2026-05-03,825013,800048,1,1,0,0,0,0,0,0
2026_CUTOFF,2026-05-03,825013,800048,1,1,0,0,0,0,1,0
2026_CUTOFF,2026-05-03,825013,800048,1,1,0,0,0,0,0,0
2026_CUTOFF,2026-05-03,825013,800048,1,1,0,0,0,0,1,0
2026_CUTOFF,2026-05-03,825013,800048,1,1,0,0,0,0,0,0
2026_CUTOFF,2026-05-03,825013,800048,2,1,0,0,0,0,0,0
2026_CUTOFF,2026-05-03,825013,800048,2,1,0,0,0,0,1,0
2026_CUTOFF,2026-05-03,825013,800048,2,1,0,0,0,0,0,0
2026_CUTOFF,2026-05-03,825013,800048,2,1,0,0,0,0,0,0
2026_CUTOFF,2026-05-03,825013,800048,2,1,1,1,0,0,0,1
2026_CUTOFF,2026-05-03,825013,800048,2,1,1,1,0,0,0,1
2026_CUTOFF,2026-05-03,825013,800048,2,1,0,0,0,0,0,0
2026_CUTOFF,2026-05-03,825013,800048,2,1,1,0,0,0,0,0
2026_CUTOFF,2026-05-03,825013,800048,2,1,1,0,0,0,0,0
2026_CUTOFF,2026-05-03,825013,800048,3,1,0,0,0,0,0,0
2026_CUTOFF,2026-05-03,825013,800048,3,1,1,0,0,0,0,1
2026_CUTOFF,2026-05-03,825013,800048,3,1,0,0,0,0,1,0
2026_CUTOFF,2026-05-04,824120,676440,1,1,0,0,0,0,0,0
2026_CUTOFF,2026-05-04,824120,676440,1,1,0,0,0,0,1,0
2026_CUTOFF,2026-05-04,824120,676440,1,1,0,0,0,0,0,0
2026_CUTOFF,2026-05-04,824120,676440,1,1,0,0,0,0,0,0
2026_CUTOFF,2026-05-04,824120,676440,1,1,0,0,0,0,0,0
2026_CUTOFF,2026-05-04,824120,676440,1,1,0,0,0,0,0,0
2026_CUTOFF,2026-05-04,824120,676440,1,1,0,0,1,0,0,0
2026_CUTOFF,2026-05-04,824120,676440,1,1,0,0,0,0,1,0
2026_CUTOFF,2026-05-04,824120,676440,1,1,0,0,0,0,0,0
2026_CUTOFF,2026-05-04,824120,676440,2,1,0,0,0,0,0,0
2026_CUTOFF,2026-05-04,824120,676440,2,1,1,1,0,0,0,1
2026_CUTOFF,2026-05-04,824120,676440,2,1,1,0,0,0,0,0
2026_CUTOFF,2026-05-04,824120,676440,2,1,1,0,0,0,0,1
2026_CUTOFF,2026-05-04,824120,676440,2,1,1,0,0,0,0,0
2026_CUTOFF,2026-05-04,824120,676440,2,1,0,0,1,0,0,0
2026_CUTOFF,2026-05-04,824120,676440,2,1,0,0,0,0,1,0
2026_CUTOFF,2026-05-04,824120,676440,2,1,0,0,0,0,1,0
2026_CUTOFF,2026-05-04,824120,676440,2,1,1,0,0,0,0,2
2026_CUTOFF,2026-05-04,824120,676440,3,1,0,0,0,0,0,0
2026_CUTOFF,2026-05-05,824119,668909,1,1,0,0,1,0,0,0
2026_CUTOFF,2026-05-05,824119,668909,1,1,1,0,0,0,0,0
2026_CUTOFF,2026-05-05,824119,668909,1,1,0,0,0,0,0,0
2026_CUTOFF,2026-05-05,824119,668909,1,1,1,0,0,0,0,2
2026_CUTOFF,2026-05-05,824119,668909,1,1,0,0,0,0,1,0
2026_CUTOFF,2026-05-05,824119,668909,1,1,0,0,0,0,1,0
2026_CUTOFF,2026-05-05,824119,668909,1,1,1,0,0,0,0,0
2026_CUTOFF,2026-05-05,824119,668909,1,1,0,0,0,0,0,0
2026_CUTOFF,2026-05-05,824119,668909,1,1,0,0,1,0,0,0
2026_CUTOFF,2026-05-05,824119,668909,2,1,0,0,0,0,0,0
2026_CUTOFF,2026-05-05,824119,668909,2,1,0,0,0,0,0,0
2026_CUTOFF,2026-05-05,824119,668909,2,1,0,0,0,0,0,0
2026_CUTOFF,2026-05-05,824119,668909,2,1,0,0,0,0,1,0
2026_CUTOFF,2026-05-05,824119,668909,2,1,0,0,0,0,1,0
2026_CUTOFF,2026-05-05,824119,668909,2,1,0,0,0,0,1,0
2026_CUTOFF,2026-05-05,824119,668909,2,1,1,0,0,0,0,0
2026_CUTOFF,2026-05-05,824119,668909,2,1,1,1,0,0,0,2
2026_CUTOFF,2026-05-05,824119,668909,2,1,0,0,0,0,0,0
2026_CUTOFF,2026-05-05,824119,668909,3,1,0,0,0,0,1,0
2026_CUTOFF,2026-05-05,824119,668909,3,1,1,0,0,0,0,0
2026_CUTOFF,2026-05-05,824119,668909,3,1,0,0,0,0,0,0
2026_CUTOFF,2026-05-05,824119,668909,3,1,0,0,0,0,0,0
2026_CUTOFF,2026-05-05,824119,668909,3,1,0,0,0,0,1,0
2026_CUTOFF,2026-05-05,824119,668909,3,1,0,0,0,0,0,0
2026_CUTOFF,2026-05-05,824119,668909,3,1,1,1,0,0,0,1
2026_CUTOFF,2026-05-05,824119,668909,3,1,1,0,0,0,0,0
2026_CUTOFF,2026-05-05,824119,668909,3,1,0,0,0,0,0,0
2026_CUTOFF,2026-05-06,824118,676282,1,1,1,0,0,0,0,0
2026_CUTOFF,2026-05-06,824118,676282,1,1,0,0,0,0,0,0
2026_CUTOFF,2026-05-06,824118,676282,1,1,0,0,0,0,0,0
2026_CUTOFF,2026-05-06,824118,676282,1,1,0,0,1,0,0,0
2026_CUTOFF,2026-05-06,824118,676282,1,1,0,0,0,0,0,0
2026_CUTOFF,2026-05-06,824118,676282,1,1,1,0,0,0,0,0
2026_CUTOFF,2026-05-06,824118,676282,1,1,0,0,0,0,1,0
2026_CUTOFF,2026-05-06,824118,676282,1,1,0,0,1,0,0,0
2026_CUTOFF,2026-05-06,824118,676282,1,1,0,0,0,0,0,0
2026_CUTOFF,2026-05-06,824118,676282,2,1,1,0,0,0,0,0
2026_CUTOFF,2026-05-06,824118,676282,2,1,0,0,0,0,0,0
2026_CUTOFF,2026-05-06,824118,676282,2,1,0,0,1,0,0,0
2026_CUTOFF,2026-05-06,824118,676282,2,1,0,0,0,0,0,1
2026_CUTOFF,2026-05-06,824118,676282,2,1,0,0,0,0,0,0
2026_CUTOFF,2026-05-06,824118,676282,2,1,0,0,0,0,0,0
2026_CUTOFF,2026-05-06,824118,676282,2,1,0,0,0,0,0,0
2026_CUTOFF,2026-05-06,824118,676282,2,1,0,0,0,0,0,0
2026_CUTOFF,2026-05-06,824118,676282,2,1,0,0,0,0,0,0
2026_CUTOFF,2026-05-06,824118,676282,3,1,0,0,0,0,0,0
2026_CUTOFF,2026-05-06,824118,676282,3,1,0,0,0,0,0,0
2026_CUTOFF,2026-05-07,824117,677944,1,1,1,0,0,0,0,0
2026_CUTOFF,2026-05-07,824117,677944,1,1,0,0,1,0,0,0
2026_CUTOFF,2026-05-07,824117,677944,1,1,0,0,0,0,0,0
2026_CUTOFF,2026-05-07,824117,677944,1,1,0,0,0,0,0,0
2026_CUTOFF,2026-05-07,824117,677944,1,1,0,0,1,0,0,0
2026_CUTOFF,2026-05-07,824117,677944,1,1,0,0,0,0,0,0
2026_CUTOFF,2026-05-07,824117,677944,1,1,0,0,1,0,0,0
2026_CUTOFF,2026-05-07,824117,677944,1,1,0,0,0,0,0,0
2026_CUTOFF,2026-05-07,824117,677944,1,1,0,0,0,0,1,0
2026_CUTOFF,2026-05-07,824117,677944,2,1,0,0,0,0,1,0
2026_CUTOFF,2026-05-07,824117,677944,2,1,1,0,0,0,0,0
2026_CUTOFF,2026-05-07,824117,677944,2,1,0,0,0,0,0,0
2026_CUTOFF,2026-05-07,824117,677944,2,1,0,0,0,0,0,0
2026_CUTOFF,2026-05-07,824117,677944,2,1,0,0,0,0,1,0
2026_CUTOFF,2026-05-07,824117,677944,2,1,0,0,0,0,0,0
2026_CUTOFF,2026-05-07,824117,677944,2,1,0,0,0,0,0,0
2026_CUTOFF,2026-05-07,824117,677944,2,1,1,0,0,0,0,0
2026_CUTOFF,2026-05-07,824117,677944,2,1,0,0,0,0,0,0
2026_CUTOFF,2026-05-07,824117,677944,3,1,1,0,0,0,0,1
2026_CUTOFF,2026-05-07,824117,677944,3,1,1,0,0,0,0,0
2026_CUTOFF,2026-05-07,824117,677944,3,1,0,0,0,0,0,0
2026_CUTOFF,2026-05-07,824117,677944,3,1,0,0,0,0,0,0
2026_CUTOFF,2026-05-07,824117,677944,3,1,1,0,0,0,0,0
2026_CUTOFF,2026-05-08,824443,800048,1,1,1,0,0,0,0,0
2026_CUTOFF,2026-05-08,824443,800048,1,1,0,0,0,0,0,0
2026_CUTOFF,2026-05-08,824443,800048,1,1,0,0,0,0,1,0
2026_CUTOFF,2026-05-08,824443,800048,1,1,0,0,0,0,1,0
2026_CUTOFF,2026-05-08,824443,800048,1,1,0,0,0,0,0,0
2026_CUTOFF,2026-05-08,824443,800048,1,1,0,0,0,0,0,0
2026_CUTOFF,2026-05-08,824443,800048,1,1,0,0,0,0,1,0
2026_CUTOFF,2026-05-08,824443,800048,1,1,0,0,0,0,1,0
2026_CUTOFF,2026-05-08,824443,800048,1,1,0,0,0,0,0,0
2026_CUTOFF,2026-05-08,824443,800048,2,1,0,0,0,0,0,0
2026_CUTOFF,2026-05-08,824443,800048,2,1,0,0,0,0,0,0
2026_CUTOFF,2026-05-08,824443,800048,2,1,0,0,1,0,0,0
2026_CUTOFF,2026-05-08,824443,800048,2,1,0,0,0,0,1,0
2026_CUTOFF,2026-05-08,824443,800048,2,1,0,0,0,0,0,0
2026_CUTOFF,2026-05-08,824443,800048,2,1,1,0,0,0,0,0
2026_CUTOFF,2026-05-08,824443,800048,2,1,0,0,0,0,1,0
2026_CUTOFF,2026-05-08,824443,800048,2,1,0,0,0,0,0,0
2026_CUTOFF,2026-05-08,824443,800048,2,1,0,0,0,0,0,0
2026_CUTOFF,2026-05-08,824443,800048,3,1,0,0,0,0,1,0
2026_CUTOFF,2026-05-08,824443,800048,3,1,1,0,0,0,0,0
2026_CUTOFF,2026-05-08,824443,800048,3,1,1,0,0,0,0,1
2026_CUTOFF,2026-05-08,824443,800048,3,1,1,0,0,0,0,0
2026_CUTOFF,2026-05-08,824443,800048,3,1,1,0,0,0,0,0
2026_CUTOFF,2026-05-08,824443,800048,3,1,1,0,0,0,0,0
2026_CUTOFF,2026-05-09,824444,676440,1,1,1,1,0,0,0,1
2026_CUTOFF,2026-05-09,824444,676440,1,1,0,0,0,0,0,0
2026_CUTOFF,2026-05-09,824444,676440,1,1,0,0,0,1,0,0
2026_CUTOFF,2026-05-09,824444,676440,1,1,0,0,0,0,1,0
2026_CUTOFF,2026-05-09,824444,676440,1,1,0,0,0,0,0,0
2026_CUTOFF,2026-05-09,824444,676440,1,1,0,0,0,0,1,0
2026_CUTOFF,2026-05-09,824444,676440,1,1,0,0,0,0,0,0
2026_CUTOFF,2026-05-09,824444,676440,1,1,0,0,0,0,1,0
2026_CUTOFF,2026-05-09,824444,676440,1,1,0,0,0,0,0,0
2026_CUTOFF,2026-05-09,824444,676440,2,1,0,0,0,0,1,0
2026_CUTOFF,2026-05-09,824444,676440,2,1,0,0,0,0,0,0
2026_CUTOFF,2026-05-09,824444,676440,2,1,0,0,0,0,0,0
2026_CUTOFF,2026-05-09,824444,676440,2,1,0,0,0,0,1,0
2026_CUTOFF,2026-05-09,824444,676440,2,1,0,0,1,0,0,0
2026_CUTOFF,2026-05-09,824444,676440,2,1,0,0,0,0,0,0
2026_CUTOFF,2026-05-09,824444,676440,2,1,0,0,0,0,1,0
2026_CUTOFF,2026-05-09,824444,676440,2,1,0,0,0,0,1,0
2026_CUTOFF,2026-05-09,824444,676440,2,1,0,0,1,0,0,0
2026_CUTOFF,2026-05-09,824444,676440,3,1,0,0,0,0,0,0
2026_CUTOFF,2026-05-09,824444,676440,3,1,0,0,0,0,0,0
2026_CUTOFF,2026-05-09,824444,676440,3,1,0,0,0,0,0,0
2026_CUTOFF,2026-05-09,824444,676440,3,1,0,0,0,0,1,0
2026_CUTOFF,2026-05-09,824444,676440,3,1,0,0,0,0,1,0
2026_CUTOFF,2026-05-10,824440,668909,1,1,0,0,0,0,1,0
2026_CUTOFF,2026-05-10,824440,668909,1,1,0,0,0,0,1,0
2026_CUTOFF,2026-05-10,824440,668909,1,1,0,0,0,0,0,0
2026_CUTOFF,2026-05-10,824440,668909,1,1,0,0,0,0,1,0
2026_CUTOFF,2026-05-10,824440,668909,1,1,0,0,1,0,0,0
2026_CUTOFF,2026-05-10,824440,668909,1,1,0,0,0,0,0,0
2026_CUTOFF,2026-05-10,824440,668909,1,1,1,0,0,0,0,0
2026_CUTOFF,2026-05-10,824440,668909,1,1,1,0,0,0,0,0
2026_CUTOFF,2026-05-10,824440,668909,1,1,0,0,0,0,1,1
2026_CUTOFF,2026-05-10,824440,668909,2,1,0,0,0,0,0,0
2026_CUTOFF,2026-05-10,824440,668909,2,1,0,0,0,0,0,0
2026_CUTOFF,2026-05-10,824440,668909,2,1,1,0,0,0,0,0
2026_CUTOFF,2026-05-10,824440,668909,2,1,0,0,0,0,1,0
2026_CUTOFF,2026-05-10,824440,668909,2,1,1,0,0,0,0,0
2026_CUTOFF,2026-05-10,824440,668909,2,1,0,0,0,0,0,0
2026_CUTOFF,2026-05-10,824440,668909,2,1,1,0,0,0,0,0
2026_CUTOFF,2026-05-10,824440,668909,2,1,1,0,0,0,0,1
2026_CUTOFF,2026-05-10,824440,668909,2,1,1,0,0,0,0,1
2026_CUTOFF,2026-05-10,824440,668909,3,1,1,0,0,0,0,0
2026_CUTOFF,2026-05-10,824440,668909,3,1,0,0,0,0,0,0
2026_CUTOFF,2026-05-10,824440,668909,3,1,0,0,0,0,0,0
2026_CUTOFF,2026-05-10,824440,668909,3,1,1,0,0,0,0,1
2026_CUTOFF,2026-05-10,824440,668909,3,1,1,0,0,0,0,1
2026_CUTOFF,2026-05-10,824440,668909,3,1,0,0,0,0,1,0
2026_CUTOFF,2026-05-10,824440,668909,3,1,0,0,0,0,0,0
2026_CUTOFF,2026-05-10,824440,668909,3,1,0,0,0,0,0,0
2026_CUTOFF,2026-05-10,824440,668909,3,1,0,0,0,0,0,0
2026_CUTOFF,2026-05-11,824441,676282,1,1,0,0,0,0,0,0
2026_CUTOFF,2026-05-11,824441,676282,1,1,0,0,0,0,0,0
2026_CUTOFF,2026-05-11,824441,676282,1,1,0,0,0,0,0,0
2026_CUTOFF,2026-05-11,824441,676282,1,1,0,0,0,0,1,0
2026_CUTOFF,2026-05-11,824441,676282,1,1,0,0,0,0,0,0
2026_CUTOFF,2026-05-11,824441,676282,1,1,1,0,0,0,0,0
2026_CUTOFF,2026-05-11,824441,676282,1,1,0,0,1,0,0,0
2026_CUTOFF,2026-05-11,824441,676282,1,1,0,0,0,0,0,0
2026_CUTOFF,2026-05-11,824441,676282,1,1,0,0,0,0,0,0
2026_CUTOFF,2026-05-11,824441,676282,2,1,0,0,0,0,1,0
2026_CUTOFF,2026-05-11,824441,676282,2,1,0,0,0,0,1,0
2026_CUTOFF,2026-05-11,824441,676282,2,1,0,0,0,0,0,0
2026_CUTOFF,2026-05-11,824441,676282,2,1,0,0,0,0,0,0
2026_CUTOFF,2026-05-11,824441,676282,2,1,0,0,0,0,1,0
2026_CUTOFF,2026-05-11,824441,676282,2,1,1,0,0,0,0,0
2026_CUTOFF,2026-05-11,824441,676282,2,1,0,0,0,0,0,0
2026_CUTOFF,2026-05-11,824441,676282,2,1,0,0,0,0,0,0
2026_CUTOFF,2026-05-11,824441,676282,2,1,0,0,0,0,0,0
2026_CUTOFF,2026-05-11,824441,676282,3,1,0,0,0,0,0,0
2026_CUTOFF,2026-05-11,824441,676282,3,1,1,0,0,0,0,0
2026_CUTOFF,2026-05-11,824441,676282,3,1,0,0,0,0,0,0
2026_CUTOFF,2026-05-11,824441,676282,3,1,1,0,0,0,0,0
2026_CUTOFF,2026-05-11,824441,676282,3,1,1,0,0,0,0,0
2026_CUTOFF,2026-05-11,824441,676282,3,1,0,0,0,0,0,0
2026_CUTOFF,2026-05-12,824442,677944,1,1,0,0,0,0,1,0
2026_CUTOFF,2026-05-12,824442,677944,1,1,1,0,0,0,0,0
2026_CUTOFF,2026-05-12,824442,677944,1,1,1,0,0,0,0,0
2026_CUTOFF,2026-05-12,824442,677944,1,1,0,0,0,0,1,0
2026_CUTOFF,2026-05-12,824442,677944,1,1,0,0,0,0,0,0
2026_CUTOFF,2026-05-12,824442,677944,1,1,1,0,0,0,0,0
2026_CUTOFF,2026-05-12,824442,677944,1,1,0,0,0,0,0,0
2026_CUTOFF,2026-05-12,824442,677944,1,1,0,0,0,0,0,0
2026_CUTOFF,2026-05-12,824442,677944,1,1,0,0,0,0,0,0
2026_CUTOFF,2026-05-12,824442,677944,2,1,0,0,0,0,1,0
2026_CUTOFF,2026-05-12,824442,677944,2,1,0,0,0,0,1,0
2026_CUTOFF,2026-05-12,824442,677944,2,1,1,0,0,0,0,0
2026_CUTOFF,2026-05-12,824442,677944,2,1,1,0,0,0,0,0
2026_CUTOFF,2026-05-12,824442,677944,2,1,0,0,0,0,1,0
2026_CUTOFF,2026-05-12,824442,677944,2,1,0,0,0,0,0,0
2026_CUTOFF,2026-05-12,824442,677944,2,1,0,0,1,0,0,0
2026_CUTOFF,2026-05-12,824442,677944,2,1,0,0,0,0,1,0
2026_CUTOFF,2026-05-12,824442,677944,2,1,0,0,0,0,1,0
2026_CUTOFF,2026-05-13,824438,800048,1,1,0,0,1,0,0,0
2026_CUTOFF,2026-05-13,824438,800048,1,1,0,0,0,0,0,0
2026_CUTOFF,2026-05-13,824438,800048,1,1,0,0,0,0,1,0
2026_CUTOFF,2026-05-13,824438,800048,1,1,0,0,0,0,0,0
2026_CUTOFF,2026-05-13,824438,800048,1,1,0,0,0,0,0,0
2026_CUTOFF,2026-05-13,824438,800048,1,1,0,0,1,0,0,0
2026_CUTOFF,2026-05-13,824438,800048,1,1,0,0,0,0,0,0
2026_CUTOFF,2026-05-13,824438,800048,1,1,1,0,0,0,0,0
2026_CUTOFF,2026-05-13,824438,800048,1,1,0,0,0,0,0,0
2026_CUTOFF,2026-05-13,824438,800048,2,1,0,0,0,0,0,0
2026_CUTOFF,2026-05-13,824438,800048,2,1,0,0,0,0,0,0
2026_CUTOFF,2026-05-13,824438,800048,2,1,0,0,0,0,0,0
2026_CUTOFF,2026-05-13,824438,800048,2,1,0,0,0,0,1,0
2026_CUTOFF,2026-05-13,824438,800048,2,1,1,0,0,0,0,0
2026_CUTOFF,2026-05-13,824438,800048,2,1,1,1,0,0,0,2
2026_CUTOFF,2026-05-13,824438,800048,2,1,0,0,1,0,0,0
2026_CUTOFF,2026-05-13,824438,800048,2,1,0,0,0,0,0,0
2026_CUTOFF,2026-05-13,824438,800048,2,1,0,0,0,0,0,0
2026_CUTOFF,2026-05-13,824438,800048,3,1,0,0,0,0,1,0
2026_CUTOFF,2026-05-13,824438,800048,3,1,0,0,0,0,1,0
2026_CUTOFF,2026-05-13,824438,800048,3,1,0,0,0,0,0,0
2026_CUTOFF,2026-05-13,824438,800048,3,1,0,0,0,0,1,0
2026_CUTOFF,2026-05-13,824438,800048,3,1,0,0,0,0,1,0
2026_CUTOFF,2026-05-13,824438,800048,3,1,1,0,0,0,0,0
2026_CUTOFF,2026-05-13,824438,800048,3,1,0,0,0,0,1,0
2026_CUTOFF,2026-05-15,824439,676440,1,1,0,0,0,0,0,0
2026_CUTOFF,2026-05-15,824439,676440,1,1,0,0,0,0,0,0
2026_CUTOFF,2026-05-15,824439,676440,1,1,0,0,0,0,0,0
2026_CUTOFF,2026-05-15,824439,676440,1,1,1,0,0,0,0,0
2026_CUTOFF,2026-05-15,824439,676440,1,1,1,0,0,0,0,0
2026_CUTOFF,2026-05-15,824439,676440,1,1,1,0,0,0,0,0
2026_CUTOFF,2026-05-15,824439,676440,1,1,0,0,1,0,0,1
2026_CUTOFF,2026-05-15,824439,676440,1,1,0,0,0,0,0,1
2026_CUTOFF,2026-05-15,824439,676440,1,1,0,0,0,0,1,0
2026_CUTOFF,2026-05-15,824439,676440,2,1,0,0,0,0,1,0
2026_CUTOFF,2026-05-15,824439,676440,2,1,0,0,0,0,0,0
2026_CUTOFF,2026-05-15,824439,676440,2,1,0,0,0,0,0,0
2026_CUTOFF,2026-05-15,824439,676440,2,1,0,0,0,0,0,0
2026_CUTOFF,2026-05-15,824439,676440,2,1,0,0,0,0,0,0
2026_CUTOFF,2026-05-15,824439,676440,2,1,0,0,0,0,0,0
2026_CUTOFF,2026-05-15,824439,676440,2,1,0,0,0,0,0,0
2026_CUTOFF,2026-05-15,824439,676440,2,1,0,0,0,0,0,0
2026_CUTOFF,2026-05-15,824439,676440,2,1,1,0,0,0,0,0
2026_CUTOFF,2026-05-15,824439,676440,3,1,0,0,0,0,0,0
2026_CUTOFF,2026-05-15,824439,676440,3,1,1,0,0,0,0,1
2026_CUTOFF,2026-05-15,824439,676440,3,1,0,0,0,0,0,0
2026_CUTOFF,2026-05-15,824439,676440,3,1,1,0,0,0,0,0
2026_CUTOFF,2026-05-15,824439,676440,3,1,0,0,0,0,0,0
2026_CUTOFF,2026-05-15,824439,676440,3,1,0,0,0,0,0,0
2026_CUTOFF,2026-05-15,824439,676440,3,1,1,0,0,0,0,0
2026_CUTOFF,2026-05-15,824439,676440,3,1,0,0,0,0,0,0
2026_CUTOFF,2026-05-15,824439,676440,3,1,0,0,0,0,0,0
2026_CUTOFF,2026-05-15,824439,676440,4+,1,0,0,1,0,0,0
2026_CUTOFF,2026-05-16,824435,676282,1,1,0,0,0,0,0,0
2026_CUTOFF,2026-05-16,824435,676282,1,1,0,0,0,0,0,0
2026_CUTOFF,2026-05-16,824435,676282,1,1,0,0,1,0,0,0
2026_CUTOFF,2026-05-16,824435,676282,1,1,0,0,0,0,0,0
2026_CUTOFF,2026-05-16,824435,676282,1,1,0,0,0,0,0,0
2026_CUTOFF,2026-05-16,824435,676282,1,1,0,0,0,0,1,0
2026_CUTOFF,2026-05-16,824435,676282,1,1,0,0,0,0,0,0
2026_CUTOFF,2026-05-16,824435,676282,1,1,0,0,0,0,0,0
2026_CUTOFF,2026-05-16,824435,676282,1,1,0,0,0,0,0,0
2026_CUTOFF,2026-05-16,824435,676282,2,1,1,1,0,0,0,1
2026_CUTOFF,2026-05-16,824435,676282,2,1,1,0,0,0,0,0
2026_CUTOFF,2026-05-16,824435,676282,2,1,0,0,0,0,1,0
2026_CUTOFF,2026-05-16,824435,676282,2,1,0,0,0,0,0,0
2026_CUTOFF,2026-05-16,824435,676282,2,1,0,0,0,0,1,0
2026_CUTOFF,2026-05-16,824435,676282,2,1,0,0,0,0,0,0
2026_CUTOFF,2026-05-16,824435,676282,2,1,1,0,0,0,0,0
2026_CUTOFF,2026-05-16,824435,676282,2,1,0,0,0,0,0,0
2026_CUTOFF,2026-05-16,824435,676282,2,1,0,0,1,0,0,0
2026_CUTOFF,2026-05-16,824435,676282,3,1,0,0,0,0,1,0
2026_CUTOFF,2026-05-16,824435,676282,3,1,0,0,1,0,0,0
2026_CUTOFF,2026-05-16,824435,676282,3,1,0,0,1,0,0,1
2026_CUTOFF,2026-05-16,824435,676282,3,1,1,0,0,0,0,2
2026_CUTOFF,2026-05-17,824436,668909,1,1,0,0,0,0,1,0
2026_CUTOFF,2026-05-17,824436,668909,1,1,0,0,0,0,1,0
2026_CUTOFF,2026-05-17,824436,668909,1,1,0,0,0,0,0,0
2026_CUTOFF,2026-05-17,824436,668909,1,1,1,0,0,0,0,0
2026_CUTOFF,2026-05-17,824436,668909,1,1,1,0,0,0,0,0
2026_CUTOFF,2026-05-17,824436,668909,1,1,0,0,0,0,0,0
2026_CUTOFF,2026-05-17,824436,668909,1,1,0,0,0,0,1,0
2026_CUTOFF,2026-05-17,824436,668909,1,1,0,0,0,0,1,0
2026_CUTOFF,2026-05-17,824436,668909,1,1,0,0,0,0,0,0
2026_CUTOFF,2026-05-17,824436,668909,2,1,0,0,0,0,1,0
2026_CUTOFF,2026-05-17,824436,668909,2,1,1,1,0,0,0,1
2026_CUTOFF,2026-05-17,824436,668909,2,1,0,0,0,0,0,0
2026_CUTOFF,2026-05-17,824436,668909,2,1,1,0,0,0,0,0
2026_CUTOFF,2026-05-17,824436,668909,2,1,1,0,0,0,0,0
2026_CUTOFF,2026-05-17,824436,668909,2,1,1,0,0,0,0,1
2026_CUTOFF,2026-05-17,824436,668909,2,1,0,0,0,0,0,0
2026_CUTOFF,2026-05-17,824436,668909,2,1,0,0,0,0,1,0
2026_CUTOFF,2026-05-17,824436,668909,2,1,0,0,0,0,0,0
2026_CUTOFF,2026-05-17,824436,668909,3,1,0,0,0,0,0,0
2026_CUTOFF,2026-05-17,824436,668909,3,1,1,0,0,0,0,0
2026_CUTOFF,2026-05-17,824436,668909,3,1,0,0,0,0,0,0
2026_CUTOFF,2026-05-17,824436,668909,3,1,0,0,0,0,0,0
2026_CUTOFF,2026-05-17,824436,668909,3,1,0,0,0,0,0,0
2026_CUTOFF,2026-05-17,824436,668909,3,1,1,0,0,0,0,0
2026_CUTOFF,2026-05-17,824436,668909,3,1,0,0,0,0,1,0
2026_CUTOFF,2026-05-18,824277,677944,1,1,0,0,0,0,0,0
2026_CUTOFF,2026-05-18,824277,677944,1,1,1,0,0,0,0,0
2026_CUTOFF,2026-05-18,824277,677944,1,1,0,0,0,0,0,0
2026_CUTOFF,2026-05-18,824277,677944,1,1,1,0,0,0,0,1
2026_CUTOFF,2026-05-18,824277,677944,1,1,0,0,0,0,0,0
2026_CUTOFF,2026-05-18,824277,677944,1,1,0,0,0,0,0,0
2026_CUTOFF,2026-05-18,824277,677944,1,1,0,0,0,0,0,0
2026_CUTOFF,2026-05-18,824277,677944,1,1,0,0,0,0,0,0
2026_CUTOFF,2026-05-18,824277,677944,1,1,0,0,0,0,0,0
2026_CUTOFF,2026-05-18,824277,677944,2,1,1,0,0,0,0,0
2026_CUTOFF,2026-05-18,824277,677944,2,1,0,0,1,0,0,0
2026_CUTOFF,2026-05-18,824277,677944,2,1,0,0,0,0,0,0
2026_CUTOFF,2026-05-18,824277,677944,2,1,1,0,0,0,0,0
2026_CUTOFF,2026-05-18,824277,677944,2,1,0,0,0,0,1,0
2026_CUTOFF,2026-05-18,824277,677944,2,1,0,0,0,0,0,0
2026_CUTOFF,2026-05-18,824277,677944,2,1,0,0,0,0,0,0
2026_CUTOFF,2026-05-18,824277,677944,2,1,0,0,0,0,0,0
2026_CUTOFF,2026-05-18,824277,677944,2,1,0,0,0,0,0,0
2026_CUTOFF,2026-05-18,824277,677944,3,1,0,0,0,0,1,0
2026_CUTOFF,2026-05-18,824277,677944,3,1,0,0,0,0,0,0
2026_CUTOFF,2026-05-18,824277,677944,3,1,0,0,0,0,0,0
2026_CUTOFF,2026-05-18,824277,677944,3,1,0,0,0,0,1,0
2026_CUTOFF,2026-05-18,824277,677944,3,1,0,0,1,0,0,0
2026_CUTOFF,2026-05-18,824277,677944,3,1,0,0,0,0,0,0
2026_CUTOFF,2026-05-18,824277,677944,3,1,0,0,0,0,0,0
2026_CUTOFF,2026-05-18,824277,677944,3,1,1,1,0,0,0,1
2026_CUTOFF,2026-05-18,824277,677944,3,1,0,0,0,0,1,0
2026_CUTOFF,2026-05-19,824276,800048,1,1,0,0,0,0,0,0
2026_CUTOFF,2026-05-19,824276,800048,1,1,0,0,0,0,1,0
2026_CUTOFF,2026-05-19,824276,800048,1,1,0,0,0,0,1,0
2026_CUTOFF,2026-05-19,824276,800048,1,1,0,0,0,0,0,0
2026_CUTOFF,2026-05-19,824276,800048,1,1,0,0,1,0,0,0
2026_CUTOFF,2026-05-19,824276,800048,1,1,1,1,0,0,0,2
2026_CUTOFF,2026-05-19,824276,800048,1,1,1,0,0,0,0,0
2026_CUTOFF,2026-05-19,824276,800048,1,1,0,0,0,0,0,0
2026_CUTOFF,2026-05-19,824276,800048,1,1,0,0,0,0,0,0
2026_CUTOFF,2026-05-19,824276,800048,2,1,0,0,0,0,1,0
2026_CUTOFF,2026-05-19,824276,800048,2,1,0,0,0,0,0,0
2026_CUTOFF,2026-05-19,824276,800048,2,1,0,0,1,0,0,0
2026_CUTOFF,2026-05-19,824276,800048,2,1,0,0,0,0,0,0
2026_CUTOFF,2026-05-19,824276,800048,2,1,1,0,0,0,0,0
2026_CUTOFF,2026-05-19,824276,800048,2,1,0,0,0,0,1,0
2026_CUTOFF,2026-05-19,824276,800048,2,1,0,0,0,0,1,0
2026_CUTOFF,2026-05-19,824276,800048,2,1,1,0,0,0,0,0
2026_CUTOFF,2026-05-19,824276,800048,2,1,0,0,0,0,1,1
2026_CUTOFF,2026-05-19,824276,800048,3,1,0,0,1,0,0,0
2026_CUTOFF,2026-05-19,824276,800048,3,1,0,0,0,0,0,0
2026_CUTOFF,2026-05-19,824276,800048,3,1,0,0,0,0,0,0
2026_CUTOFF,2026-05-20,824273,676440,1,1,0,0,0,0,0,0
2026_CUTOFF,2026-05-20,824273,676440,1,1,0,0,0,0,0,0
2026_CUTOFF,2026-05-20,824273,676440,1,1,0,0,0,0,0,0
2026_CUTOFF,2026-05-20,824273,676440,1,1,0,0,0,0,1,0
2026_CUTOFF,2026-05-20,824273,676440,1,1,0,0,0,0,0,0
2026_CUTOFF,2026-05-20,824273,676440,1,1,0,0,0,0,1,0
2026_CUTOFF,2026-05-20,824273,676440,1,1,0,0,0,0,0,0
2026_CUTOFF,2026-05-20,824273,676440,1,1,0,0,0,0,0,0
2026_CUTOFF,2026-05-20,824273,676440,1,1,1,0,0,0,0,0
2026_CUTOFF,2026-05-20,824273,676440,2,1,0,0,0,0,0,0
2026_CUTOFF,2026-05-20,824273,676440,2,1,0,0,0,0,0,0
2026_CUTOFF,2026-05-20,824273,676440,2,1,0,0,0,0,1,0
2026_CUTOFF,2026-05-20,824273,676440,2,1,0,0,0,0,0,0
2026_CUTOFF,2026-05-20,824273,676440,2,1,0,0,0,0,0,0
2026_CUTOFF,2026-05-20,824273,676440,2,1,0,0,0,0,0,0
2026_CUTOFF,2026-05-20,824273,676440,2,1,0,0,0,0,1,0
2026_CUTOFF,2026-05-20,824273,676440,2,1,1,0,0,0,0,0
2026_CUTOFF,2026-05-20,824273,676440,2,1,0,0,0,0,0,0
2026_CUTOFF,2026-05-20,824273,676440,3,1,0,0,0,0,0,0
2026_CUTOFF,2026-05-20,824273,676440,3,1,0,0,1,0,0,0
2026_CUTOFF,2026-05-20,824273,676440,3,1,0,0,0,0,0,0
2026_CUTOFF,2026-05-20,824273,676440,3,1,1,0,0,0,0,0
2026_CUTOFF,2026-05-20,824273,676440,3,1,0,0,0,0,0,1
2026_CUTOFF,2026-05-20,824273,676440,3,1,0,0,0,0,0,0
2026_CUTOFF,2026-05-20,824273,676440,3,1,1,0,0,0,0,0
2026_CUTOFF,2026-05-20,824273,676440,3,1,0,0,0,0,0,0
2026_CUTOFF,2026-05-20,824273,676440,3,1,0,0,0,0,1,0
2026_CUTOFF,2026-05-20,824273,676440,4+,1,0,0,0,0,0,0
2026_CUTOFF,2026-05-21,824274,676282,1,1,0,0,0,0,1,0
2026_CUTOFF,2026-05-21,824274,676282,1,1,1,0,0,0,0,0
2026_CUTOFF,2026-05-21,824274,676282,1,1,1,0,0,0,0,0
2026_CUTOFF,2026-05-21,824274,676282,1,1,0,0,0,0,1,0
2026_CUTOFF,2026-05-21,824274,676282,1,1,0,0,1,0,0,0
2026_CUTOFF,2026-05-21,824274,676282,1,1,0,0,0,0,0,0
2026_CUTOFF,2026-05-21,824274,676282,1,1,0,0,0,0,0,0
2026_CUTOFF,2026-05-21,824274,676282,1,1,0,0,0,0,1,0
2026_CUTOFF,2026-05-21,824274,676282,1,1,1,0,0,0,0,0
2026_CUTOFF,2026-05-21,824274,676282,2,1,0,0,0,0,0,0
2026_CUTOFF,2026-05-21,824274,676282,2,1,0,0,1,0,0,0
2026_CUTOFF,2026-05-21,824274,676282,2,1,0,0,0,0,1,0
2026_CUTOFF,2026-05-21,824274,676282,2,1,0,0,0,0,0,0
2026_CUTOFF,2026-05-21,824274,676282,2,1,0,0,0,0,0,0
2026_CUTOFF,2026-05-21,824274,676282,2,1,0,0,0,0,0,0
2026_CUTOFF,2026-05-21,824274,676282,2,1,0,0,0,0,0,0
2026_CUTOFF,2026-05-21,824274,676282,2,1,0,0,0,0,0,0
2026_CUTOFF,2026-05-21,824274,676282,2,1,0,0,0,0,0,0
2026_CUTOFF,2026-05-21,824274,676282,3,1,0,0,1,0,0,0
2026_CUTOFF,2026-05-21,824274,676282,3,1,0,0,0,0,1,0
2026_CUTOFF,2026-05-21,824274,676282,3,1,0,0,0,0,1,0
2026_CUTOFF,2026-05-21,824274,676282,3,1,0,0,0,0,0,0
2026_CUTOFF,2026-05-21,824274,676282,3,1,0,0,0,0,0,0
2026_CUTOFF,2026-05-22,823461,668909,1,1,0,0,0,0,0,0
2026_CUTOFF,2026-05-22,823461,668909,1,1,0,0,0,0,1,0
2026_CUTOFF,2026-05-22,823461,668909,1,1,1,0,0,0,0,0
2026_CUTOFF,2026-05-22,823461,668909,1,1,0,0,0,0,1,0
2026_CUTOFF,2026-05-22,823461,668909,1,1,0,0,0,0,1,0
2026_CUTOFF,2026-05-22,823461,668909,1,1,1,0,0,0,0,0
2026_CUTOFF,2026-05-22,823461,668909,1,1,0,0,0,0,0,0
2026_CUTOFF,2026-05-22,823461,668909,1,1,0,0,0,0,0,0
2026_CUTOFF,2026-05-22,823461,668909,1,1,0,0,0,0,1,0
2026_CUTOFF,2026-05-22,823461,668909,2,1,0,0,0,0,0,0
2026_CUTOFF,2026-05-22,823461,668909,2,1,0,0,0,0,1,0
2026_CUTOFF,2026-05-22,823461,668909,2,1,0,0,0,0,0,0
2026_CUTOFF,2026-05-22,823461,668909,2,1,0,0,0,0,0,0
2026_CUTOFF,2026-05-22,823461,668909,2,1,0,0,0,0,1,0
2026_CUTOFF,2026-05-22,823461,668909,2,1,0,0,0,0,1,0
2026_CUTOFF,2026-05-22,823461,668909,2,1,1,0,0,0,0,0
2026_CUTOFF,2026-05-22,823461,668909,2,1,0,0,0,0,1,0
2026_CUTOFF,2026-05-22,823461,668909,2,1,0,0,0,0,0,0
2026_CUTOFF,2026-05-22,823461,668909,3,1,0,0,0,0,1,0
2026_CUTOFF,2026-05-22,823461,668909,3,1,0,0,0,0,1,0
2026_CUTOFF,2026-05-22,823461,668909,3,1,0,0,0,0,0,0
2026_CUTOFF,2026-05-22,823461,668909,3,1,0,0,0,0,0,0
2026_CUTOFF,2026-05-22,823461,668909,3,1,1,0,0,0,0,0
2026_CUTOFF,2026-05-22,823461,668909,3,1,0,0,0,0,1,0
2026_CUTOFF,2026-05-22,823461,668909,3,1,0,0,0,0,0,0
2026_CUTOFF,2026-05-22,823461,668909,3,1,1,0,0,0,0,0
2026_CUTOFF,2026-05-22,823461,668909,3,1,0,0,0,0,0,0
2026_CUTOFF,2026-05-23,823458,677944,1,1,0,0,0,0,0,0
2026_CUTOFF,2026-05-23,823458,677944,1,1,0,0,0,0,1,0
2026_CUTOFF,2026-05-23,823458,677944,1,1,0,0,0,0,0,0
2026_CUTOFF,2026-05-23,823458,677944,1,1,0,0,0,0,0,0
2026_CUTOFF,2026-05-23,823458,677944,1,1,0,0,0,0,1,0
2026_CUTOFF,2026-05-23,823458,677944,1,1,0,0,0,0,0,0
2026_CUTOFF,2026-05-23,823458,677944,1,1,1,0,0,0,0,0
2026_CUTOFF,2026-05-23,823458,677944,1,1,0,0,0,0,1,0
2026_CUTOFF,2026-05-23,823458,677944,1,1,0,0,0,0,0,0
2026_CUTOFF,2026-05-23,823458,677944,2,1,0,0,0,0,1,0
2026_CUTOFF,2026-05-23,823458,677944,2,1,0,0,0,0,0,0
2026_CUTOFF,2026-05-23,823458,677944,2,1,1,0,0,0,0,0
2026_CUTOFF,2026-05-23,823458,677944,2,1,1,0,0,0,0,0
2026_CUTOFF,2026-05-23,823458,677944,2,1,0,0,0,0,0,0
2026_CUTOFF,2026-05-23,823458,677944,2,1,1,0,0,0,0,2
2026_CUTOFF,2026-05-23,823458,677944,2,1,1,0,0,0,0,0
2026_CUTOFF,2026-05-23,823458,677944,2,1,0,0,0,0,0,0
2026_CUTOFF,2026-05-23,823458,677944,2,1,0,0,0,0,0,0
2026_CUTOFF,2026-05-23,823458,677944,3,1,0,0,0,0,0,0
2026_CUTOFF,2026-05-23,823458,677944,3,1,0,0,0,0,1,0
2026_CUTOFF,2026-05-23,823458,677944,3,1,1,0,0,0,0,0
2026_CUTOFF,2026-05-23,823458,677944,3,1,0,0,1,0,0,0
2026_CUTOFF,2026-05-24,823459,800048,1,1,0,0,0,0,1,0
2026_CUTOFF,2026-05-24,823459,800048,1,1,1,0,0,0,0,0
2026_CUTOFF,2026-05-24,823459,800048,1,1,0,0,0,0,0,0
2026_CUTOFF,2026-05-24,823459,800048,1,1,0,0,0,0,0,0
2026_CUTOFF,2026-05-24,823459,800048,1,1,0,0,0,0,0,0
2026_CUTOFF,2026-05-24,823459,800048,1,1,1,0,0,0,0,0
2026_CUTOFF,2026-05-24,823459,800048,1,1,0,0,0,0,1,0
2026_CUTOFF,2026-05-24,823459,800048,1,1,0,0,0,0,0,0
2026_CUTOFF,2026-05-24,823459,800048,1,1,0,0,1,0,0,0
2026_CUTOFF,2026-05-24,823459,800048,2,1,0,0,0,0,0,0
2026_CUTOFF,2026-05-24,823459,800048,2,1,0,0,0,0,0,0
2026_CUTOFF,2026-05-24,823459,800048,2,1,0,0,1,0,0,0
2026_CUTOFF,2026-05-24,823459,800048,2,1,0,0,0,0,1,0
2026_CUTOFF,2026-05-24,823459,800048,2,1,0,0,0,0,1,0
2026_CUTOFF,2026-05-24,823459,800048,2,1,0,0,0,0,0,0
2026_CUTOFF,2026-05-24,823459,800048,2,1,1,0,0,0,0,0
2026_CUTOFF,2026-05-24,823459,800048,2,1,0,0,0,0,0,0
2026_CUTOFF,2026-05-24,823459,800048,2,1,0,0,0,0,0,0
2026_CUTOFF,2026-05-24,823459,800048,3,1,0,0,0,0,1,0
2026_CUTOFF,2026-05-24,823459,800048,3,1,1,0,0,0,0,0
2026_CUTOFF,2026-05-24,823459,800048,3,1,0,0,0,0,1,0
2026_CUTOFF,2026-05-24,823459,800048,3,1,0,0,0,0,0,0
2026_CUTOFF,2026-05-24,823459,800048,3,1,0,0,0,0,0,0
2026_CUTOFF,2026-05-24,823459,800048,3,1,1,0,0,0,0,0
2026_CUTOFF,2026-05-25,824437,676440,1,1,1,1,0,0,0,1
2026_CUTOFF,2026-05-25,824437,676440,1,1,1,0,0,0,0,0
2026_CUTOFF,2026-05-25,824437,676440,1,1,1,1,0,0,0,2
2026_CUTOFF,2026-05-25,824437,676440,1,1,0,0,0,0,1,0
2026_CUTOFF,2026-05-25,824437,676440,1,1,0,0,0,0,0,0
2026_CUTOFF,2026-05-25,824437,676440,1,1,0,0,0,0,0,0
2026_CUTOFF,2026-05-25,824437,676440,1,1,1,1,0,0,0,1
2026_CUTOFF,2026-05-25,824437,676440,1,1,0,0,0,0,0,0
2026_CUTOFF,2026-05-25,824437,676440,1,1,0,0,0,0,1,0
2026_CUTOFF,2026-05-25,824437,676440,2,1,1,0,0,0,0,0
2026_CUTOFF,2026-05-25,824437,676440,2,1,1,1,0,0,0,2
2026_CUTOFF,2026-05-25,824437,676440,2,1,0,0,0,0,0,0
2026_CUTOFF,2026-05-25,824437,676440,2,1,1,1,0,0,0,1
2026_CUTOFF,2026-05-25,824437,676440,2,1,1,0,0,0,0,0
2026_CUTOFF,2026-05-25,824437,676440,2,1,0,0,0,0,1,0
2026_CUTOFF,2026-05-25,824437,676440,2,1,0,0,0,0,0,0
2026_CUTOFF,2026-05-26,824434,676282,1,1,0,0,0,0,1,0
2026_CUTOFF,2026-05-26,824434,676282,1,1,0,0,1,0,0,0
2026_CUTOFF,2026-05-26,824434,676282,1,1,0,0,0,0,0,0
2026_CUTOFF,2026-05-26,824434,676282,1,1,0,0,1,0,0,0
2026_CUTOFF,2026-05-26,824434,676282,1,1,0,0,0,0,0,0
2026_CUTOFF,2026-05-26,824434,676282,1,1,0,0,1,0,0,0
2026_CUTOFF,2026-05-26,824434,676282,1,1,1,0,0,0,0,0
2026_CUTOFF,2026-05-26,824434,676282,1,1,0,0,0,0,0,0
2026_CUTOFF,2026-05-26,824434,676282,1,1,1,0,0,0,0,2
2026_CUTOFF,2026-05-26,824434,676282,2,1,1,1,0,0,0,2
2026_CUTOFF,2026-05-26,824434,676282,2,1,0,0,1,0,0,0
2026_CUTOFF,2026-05-26,824434,676282,2,1,0,0,0,0,0,0
2026_CUTOFF,2026-05-26,824434,676282,2,1,0,0,0,0,0,0
2026_CUTOFF,2026-05-27,824432,668909,1,1,0,0,1,0,0,0
2026_CUTOFF,2026-05-27,824432,668909,1,1,0,0,0,0,1,0
2026_CUTOFF,2026-05-27,824432,668909,1,1,0,0,0,0,1,0
2026_CUTOFF,2026-05-27,824432,668909,1,1,0,0,0,1,0,0
2026_CUTOFF,2026-05-27,824432,668909,1,1,0,0,0,0,0,0
2026_CUTOFF,2026-05-27,824432,668909,1,1,0,0,0,0,0,0
2026_CUTOFF,2026-05-27,824432,668909,1,1,0,0,1,0,0,0
2026_CUTOFF,2026-05-27,824432,668909,1,1,1,0,0,0,0,0
2026_CUTOFF,2026-05-27,824432,668909,1,1,0,0,0,0,0,0
2026_CUTOFF,2026-05-27,824432,668909,2,1,1,0,0,0,0,0
2026_CUTOFF,2026-05-27,824432,668909,2,1,0,0,0,0,0,0
2026_CUTOFF,2026-05-27,824432,668909,2,1,0,0,0,0,1,0
2026_CUTOFF,2026-05-27,824432,668909,2,1,1,0,0,0,0,1
2026_CUTOFF,2026-05-27,824432,668909,2,1,0,0,0,0,1,0
2026_CUTOFF,2026-05-27,824432,668909,2,1,0,0,0,0,0,0
2026_CUTOFF,2026-05-27,824432,668909,2,1,0,0,0,0,0,0
2026_CUTOFF,2026-05-27,824432,668909,2,1,0,0,0,0,0,0
2026_CUTOFF,2026-05-27,824432,668909,2,1,0,0,0,0,0,0
2026_CUTOFF,2026-05-27,824432,668909,3,1,0,0,0,0,0,0
2026_CUTOFF,2026-05-27,824432,668909,3,1,0,0,0,0,0,0
2026_CUTOFF,2026-05-27,824432,668909,3,1,0,0,0,0,0,0
2026_CUTOFF,2026-05-27,824432,668909,3,1,0,0,0,0,0,0
2026_CUTOFF,2026-05-27,824432,668909,3,1,0,0,0,0,0,0
2026_CUTOFF,2026-05-27,824432,668909,3,1,0,0,0,0,0,0
2026_CUTOFF,2026-05-27,824432,668909,3,1,0,0,0,0,0,0
2026_CUTOFF,2026-05-27,824432,668909,3,1,0,0,0,0,0,0
2026_CUTOFF,2026-05-29,824433,677944,1,1,1,0,0,0,0,0
2026_CUTOFF,2026-05-29,824433,677944,1,1,0,0,0,0,0,0
2026_CUTOFF,2026-05-29,824433,677944,1,1,0,0,0,0,1,0
2026_CUTOFF,2026-05-29,824433,677944,1,1,0,0,0,0,0,0
2026_CUTOFF,2026-05-29,824433,677944,1,1,0,0,0,0,0,0
2026_CUTOFF,2026-05-29,824433,677944,1,1,1,0,0,0,0,0
2026_CUTOFF,2026-05-29,824433,677944,1,1,0,0,0,0,0,0
2026_CUTOFF,2026-05-29,824433,677944,1,1,0,0,0,0,0,0
2026_CUTOFF,2026-05-29,824433,677944,1,1,0,0,0,0,1,0
2026_CUTOFF,2026-05-29,824433,677944,2,1,0,0,0,0,1,0
2026_CUTOFF,2026-05-29,824433,677944,2,1,0,0,0,0,0,0
2026_CUTOFF,2026-05-29,824433,677944,2,1,0,0,0,0,0,0
2026_CUTOFF,2026-05-29,824433,677944,2,1,1,0,0,0,0,0
2026_CUTOFF,2026-05-29,824433,677944,2,1,0,0,0,0,0,0
2026_CUTOFF,2026-05-29,824433,677944,2,1,1,0,0,0,0,0
2026_CUTOFF,2026-05-29,824433,677944,2,1,1,0,0,0,0,0
2026_CUTOFF,2026-05-29,824433,677944,2,1,1,0,0,0,0,1
2026_CUTOFF,2026-05-29,824433,677944,2,1,1,0,0,0,0,1
2026_CUTOFF,2026-05-29,824433,677944,3,1,0,0,0,0,0,1
2026_CUTOFF,2026-05-30,824431,800048,1,1,0,0,0,0,1,0
2026_CUTOFF,2026-05-30,824431,800048,1,1,0,0,1,0,0,0
2026_CUTOFF,2026-05-30,824431,800048,1,1,1,0,0,0,0,0
2026_CUTOFF,2026-05-30,824431,800048,1,1,0,0,0,0,1,0
2026_CUTOFF,2026-05-30,824431,800048,1,1,0,0,0,0,0,0
2026_CUTOFF,2026-05-30,824431,800048,1,1,0,0,0,0,0,0
2026_CUTOFF,2026-05-30,824431,800048,1,1,0,0,0,0,0,0
2026_CUTOFF,2026-05-30,824431,800048,1,1,0,0,0,0,0,0
2026_CUTOFF,2026-05-30,824431,800048,1,1,0,0,0,0,0,0
2026_CUTOFF,2026-05-30,824431,800048,2,1,1,0,0,0,0,0
2026_CUTOFF,2026-05-30,824431,800048,2,1,1,0,0,0,0,0
2026_CUTOFF,2026-05-30,824431,800048,2,1,0,0,0,0,1,0
2026_CUTOFF,2026-05-30,824431,800048,2,1,0,0,1,0,0,0
2026_CUTOFF,2026-05-30,824431,800048,2,1,0,0,0,0,0,0
2026_CUTOFF,2026-05-30,824431,800048,2,1,1,0,0,0,0,0
2026_CUTOFF,2026-05-30,824431,800048,2,1,1,0,0,0,0,0
2026_CUTOFF,2026-05-30,824431,800048,2,1,0,0,0,0,0,0
2026_CUTOFF,2026-05-30,824431,800048,2,1,0,0,0,0,0,1
2026_CUTOFF,2026-05-30,824431,800048,3,1,0,0,0,0,1,0
2026_CUTOFF,2026-05-30,824431,800048,3,1,0,0,0,0,0,0
2026_CUTOFF,2026-05-30,824431,800048,3,1,0,0,0,0,0,0
2026_CUTOFF,2026-05-30,824431,800048,3,1,0,0,0,0,0,0
2026_CUTOFF,2026-05-31,824430,676440,1,1,1,1,0,0,0,1
2026_CUTOFF,2026-05-31,824430,676440,1,1,1,0,0,0,0,0
2026_CUTOFF,2026-05-31,824430,676440,1,1,0,0,0,0,0,0
2026_CUTOFF,2026-05-31,824430,676440,1,1,0,0,0,0,1,0
2026_CUTOFF,2026-05-31,824430,676440,1,1,0,0,0,0,1,0
2026_CUTOFF,2026-05-31,824430,676440,1,1,0,0,0,0,0,0
2026_CUTOFF,2026-05-31,824430,676440,1,1,0,0,0,0,0,0
2026_CUTOFF,2026-05-31,824430,676440,1,1,0,0,0,0,1,0
2026_CUTOFF,2026-05-31,824430,676440,1,1,1,0,0,0,0,0
2026_CUTOFF,2026-05-31,824430,676440,2,1,0,0,0,0,0,0
2026_CUTOFF,2026-05-31,824430,676440,2,1,0,0,0,0,1,0
2026_CUTOFF,2026-05-31,824430,676440,2,1,0,0,0,0,0,0
2026_CUTOFF,2026-05-31,824430,676440,2,1,0,0,0,0,0,0
2026_CUTOFF,2026-05-31,824430,676440,2,1,0,0,0,0,0,0
2026_CUTOFF,2026-05-31,824430,676440,2,1,0,0,0,0,0,0
2026_CUTOFF,2026-05-31,824430,676440,2,1,1,0,0,0,0,0
2026_CUTOFF,2026-05-31,824430,676440,2,1,1,0,0,0,0,0
2026_CUTOFF,2026-05-31,824430,676440,2,1,0,0,0,0,1,0
2026_CUTOFF,2026-05-31,824430,676440,3,1,0,0,1,0,0,0
2026_CUTOFF,2026-05-31,824430,676440,3,1,0,0,0,0,0,1
2026_CUTOFF,2026-05-31,824430,676440,3,1,1,0,0,0,0,1
2026_CUTOFF,2026-05-31,824430,676440,3,1,0,0,0,0,0,0
2026_CUTOFF,2026-05-31,824430,676440,3,1,0,0,0,0,0,0
2026_CUTOFF,2026-05-31,824430,676440,3,1,0,0,0,0,0,0
2026_CUTOFF,2026-06-02,823541,676282,1,1,0,0,0,0,0,0
2026_CUTOFF,2026-06-02,823541,676282,1,1,1,0,0,0,0,0
2026_CUTOFF,2026-06-02,823541,676282,1,1,0,0,0,0,0,0
2026_CUTOFF,2026-06-02,823541,676282,1,1,0,0,0,0,0,0
2026_CUTOFF,2026-06-02,823541,676282,1,1,0,0,1,0,0,0
2026_CUTOFF,2026-06-02,823541,676282,1,1,0,0,0,0,0,0
2026_CUTOFF,2026-06-02,823541,676282,1,1,0,0,0,0,1,0
2026_CUTOFF,2026-06-02,823541,676282,1,1,0,0,0,0,1,0
2026_CUTOFF,2026-06-02,823541,676282,1,1,0,0,0,0,0,0
2026_CUTOFF,2026-06-02,823541,676282,2,1,1,0,0,0,0,0
2026_CUTOFF,2026-06-02,823541,676282,2,1,1,1,0,0,0,2
2026_CUTOFF,2026-06-02,823541,676282,2,1,1,0,0,0,0,0
2026_CUTOFF,2026-06-02,823541,676282,2,1,0,0,0,0,1,0
2026_CUTOFF,2026-06-02,823541,676282,2,1,0,0,0,0,0,0
2026_CUTOFF,2026-06-02,823541,676282,2,1,0,0,0,0,1,0
2026_CUTOFF,2026-06-02,823541,676282,2,1,1,0,0,0,0,0
2026_CUTOFF,2026-06-02,823541,676282,2,1,0,0,1,0,0,0
2026_CUTOFF,2026-06-02,823541,676282,2,1,0,0,0,0,0,0
2026_CUTOFF,2026-06-02,823541,676282,3,1,0,0,1,0,0,0
2026_CUTOFF,2026-06-02,823541,676282,3,1,1,0,0,0,0,2
2026_CUTOFF,2026-06-02,823541,676282,3,1,0,0,0,0,0,0
2026_CUTOFF,2026-06-03,823540,668909,1,1,0,0,1,0,0,0
2026_CUTOFF,2026-06-03,823540,668909,1,1,0,0,0,0,1,0
2026_CUTOFF,2026-06-03,823540,668909,1,1,0,0,0,0,1,0
2026_CUTOFF,2026-06-03,823540,668909,1,1,0,0,0,0,0,0
2026_CUTOFF,2026-06-03,823540,668909,1,1,1,1,0,0,0,1
2026_CUTOFF,2026-06-03,823540,668909,1,1,1,0,0,0,0,0
2026_CUTOFF,2026-06-03,823540,668909,1,1,0,0,0,0,0,0
2026_CUTOFF,2026-06-03,823540,668909,1,1,0,0,0,0,1,0
2026_CUTOFF,2026-06-03,823540,668909,1,1,0,0,0,0,0,0
2026_CUTOFF,2026-06-03,823540,668909,2,1,0,0,0,0,0,0
2026_CUTOFF,2026-06-03,823540,668909,2,1,0,0,0,0,1,0
2026_CUTOFF,2026-06-03,823540,668909,2,1,0,0,0,0,1,0
2026_CUTOFF,2026-06-03,823540,668909,2,1,0,0,0,0,0,0
2026_CUTOFF,2026-06-03,823540,668909,2,1,0,0,0,0,0,0
2026_CUTOFF,2026-06-03,823540,668909,2,1,1,1,0,0,0,1
2026_CUTOFF,2026-06-03,823540,668909,2,1,0,0,0,0,1,0
2026_CUTOFF,2026-06-03,823540,668909,2,1,0,0,0,0,0,0
2026_CUTOFF,2026-06-03,823540,668909,2,1,0,0,0,0,0,0
2026_CUTOFF,2026-06-03,823540,668909,3,1,0,0,0,0,0,0
2026_CUTOFF,2026-06-03,823540,668909,3,1,1,0,0,0,0,0
2026_CUTOFF,2026-06-03,823540,668909,3,1,0,0,0,0,0,0
2026_CUTOFF,2026-06-04,823542,677944,1,1,1,0,0,0,0,0
2026_CUTOFF,2026-06-04,823542,677944,1,1,0,0,0,0,1,0
2026_CUTOFF,2026-06-04,823542,677944,1,1,0,0,0,0,0,0
2026_CUTOFF,2026-06-04,823542,677944,1,1,0,0,0,0,0,0
2026_CUTOFF,2026-06-04,823542,677944,1,1,0,0,0,0,1,0
2026_CUTOFF,2026-06-04,823542,677944,1,1,0,0,0,0,0,0
2026_CUTOFF,2026-06-04,823542,677944,1,1,0,0,0,0,1,0
2026_CUTOFF,2026-06-04,823542,677944,1,1,0,0,0,0,1,0
2026_CUTOFF,2026-06-04,823542,677944,1,1,0,0,0,0,0,0
2026_CUTOFF,2026-06-04,823542,677944,2,1,1,0,0,0,0,0
2026_CUTOFF,2026-06-04,823542,677944,2,1,0,0,0,0,0,0
2026_CUTOFF,2026-06-04,823542,677944,2,1,1,0,0,0,0,0
2026_CUTOFF,2026-06-04,823542,677944,2,1,1,0,0,0,0,0
2026_CUTOFF,2026-06-04,823542,677944,2,1,0,0,0,0,0,1
2026_CUTOFF,2026-06-04,823542,677944,2,1,0,0,0,0,0,0
2026_CUTOFF,2026-06-04,823542,677944,2,1,0,0,0,0,0,0
2026_CUTOFF,2026-06-04,823542,677944,2,1,0,0,0,0,0,0
2026_CUTOFF,2026-06-04,823542,677944,2,1,0,0,0,0,0,0
2026_CUTOFF,2026-06-04,823542,677944,3,1,0,0,0,0,0,0
2026_CUTOFF,2026-06-04,823542,677944,3,1,0,0,1,0,0,0
2026_CUTOFF,2026-06-04,823542,677944,3,1,0,0,0,0,0,0
2026_CUTOFF,2026-06-05,822892,800048,1,1,0,0,0,0,0,0
2026_CUTOFF,2026-06-05,822892,800048,1,1,0,0,0,0,0,0
2026_CUTOFF,2026-06-05,822892,800048,1,1,0,0,0,0,0,0
2026_CUTOFF,2026-06-05,822892,800048,1,1,0,0,0,0,1,0
2026_CUTOFF,2026-06-05,822892,800048,1,1,0,0,0,0,0,0
2026_CUTOFF,2026-06-05,822892,800048,1,1,0,0,0,0,1,0
2026_CUTOFF,2026-06-05,822892,800048,1,1,0,0,0,0,1,0
2026_CUTOFF,2026-06-05,822892,800048,1,1,0,0,0,0,0,0
2026_CUTOFF,2026-06-05,822892,800048,1,1,0,0,0,0,0,0
2026_CUTOFF,2026-06-05,822892,800048,2,1,0,0,0,0,1,0
2026_CUTOFF,2026-06-05,822892,800048,2,1,0,0,0,0,0,0
2026_CUTOFF,2026-06-05,822892,800048,2,1,1,0,0,0,0,0
2026_CUTOFF,2026-06-05,822892,800048,2,1,0,0,0,0,0,0
2026_CUTOFF,2026-06-05,822892,800048,2,1,0,0,0,0,0,0
2026_CUTOFF,2026-06-05,822892,800048,2,1,0,0,0,0,0,0
2026_CUTOFF,2026-06-05,822892,800048,2,1,0,0,0,0,0,0
2026_CUTOFF,2026-06-05,822892,800048,2,1,1,1,0,0,0,1
2026_CUTOFF,2026-06-05,822892,800048,2,1,0,0,0,0,0,0
2026_CUTOFF,2026-06-05,822892,800048,3,1,1,0,0,0,0,0
2026_CUTOFF,2026-06-05,822892,800048,3,1,1,1,0,0,0,2
2026_CUTOFF,2026-06-05,822892,800048,3,1,1,0,0,0,0,0
2026_CUTOFF,2026-06-05,822892,800048,3,1,0,0,0,0,0,0
2026_CUTOFF,2026-06-05,822892,800048,3,1,0,0,1,0,0,0
2026_CUTOFF,2026-06-06,822891,676440,1,1,0,0,0,0,0,0
2026_CUTOFF,2026-06-06,822891,676440,1,1,1,0,0,0,0,0
2026_CUTOFF,2026-06-06,822891,676440,1,1,0,0,0,0,0,0
2026_CUTOFF,2026-06-06,822891,676440,1,1,0,0,0,0,0,0
2026_CUTOFF,2026-06-06,822891,676440,1,1,0,0,0,0,0,0
2026_CUTOFF,2026-06-06,822891,676440,1,1,0,0,0,0,0,0
2026_CUTOFF,2026-06-06,822891,676440,1,1,0,0,0,0,0,0
2026_CUTOFF,2026-06-06,822891,676440,1,1,0,0,0,0,1,0
2026_CUTOFF,2026-06-06,822891,676440,1,1,0,0,0,0,0,0
2026_CUTOFF,2026-06-06,822891,676440,2,1,0,0,0,0,0,0
2026_CUTOFF,2026-06-06,822891,676440,2,1,0,0,0,0,0,0
2026_CUTOFF,2026-06-06,822891,676440,2,1,1,0,0,0,0,0
2026_CUTOFF,2026-06-06,822891,676440,2,1,0,0,1,0,0,0
2026_CUTOFF,2026-06-06,822891,676440,2,1,0,0,0,0,0,0
2026_CUTOFF,2026-06-06,822891,676440,2,1,0,0,0,0,0,0
2026_CUTOFF,2026-06-06,822891,676440,2,1,0,0,0,0,1,0
2026_CUTOFF,2026-06-06,822891,676440,2,1,0,0,0,0,1,0
2026_CUTOFF,2026-06-06,822891,676440,2,1,1,0,0,0,0,0
2026_CUTOFF,2026-06-06,822891,676440,3,1,0,0,0,0,0,0
2026_CUTOFF,2026-06-06,822891,676440,3,1,0,0,0,0,0,0
2026_CUTOFF,2026-06-06,822891,676440,3,1,0,0,0,0,0,0
2026_CUTOFF,2026-06-06,822891,676440,3,1,0,0,0,0,0,0
2026_CUTOFF,2026-06-06,822891,676440,3,1,0,0,1,0,0,0
2026_CUTOFF,2026-06-06,822891,676440,3,1,0,0,0,0,0,0
2026_CUTOFF,2026-06-06,822891,676440,3,1,0,0,0,0,0,0
2026_CUTOFF,2026-06-06,822891,676440,3,1,0,0,0,0,0,0
2026_CUTOFF,2026-06-06,822891,676440,3,1,0,0,0,0,0,0
2026_CUTOFF,2026-06-07,822890,676282,1,1,0,0,0,0,1,0
2026_CUTOFF,2026-06-07,822890,676282,1,1,1,0,0,0,0,0
2026_CUTOFF,2026-06-07,822890,676282,1,1,0,0,0,0,0,0
2026_CUTOFF,2026-06-07,822890,676282,1,1,1,1,0,0,0,2
2026_CUTOFF,2026-06-07,822890,676282,1,1,0,0,0,0,1,0
2026_CUTOFF,2026-06-07,822890,676282,1,1,0,0,0,0,1,0
2026_CUTOFF,2026-06-07,822890,676282,1,1,1,0,0,0,0,0
2026_CUTOFF,2026-06-07,822890,676282,1,1,0,0,0,0,1,0
2026_CUTOFF,2026-06-07,822890,676282,1,1,0,0,0,0,1,0
2026_CUTOFF,2026-06-07,822890,676282,2,1,0,0,0,0,1,0
2026_CUTOFF,2026-06-07,822890,676282,2,1,1,1,0,0,0,1
2026_CUTOFF,2026-06-07,822890,676282,2,1,1,0,0,0,0,0
2026_CUTOFF,2026-06-07,822890,676282,2,1,0,0,1,0,0,0
2026_CUTOFF,2026-06-07,822890,676282,2,1,1,0,0,0,0,2
2026_CUTOFF,2026-06-07,822890,676282,2,1,0,0,0,0,0,0
2026_CUTOFF,2026-06-07,822890,676282,2,1,1,0,0,0,0,1
2026_CUTOFF,2026-06-07,822890,676282,2,1,0,0,0,0,0,0
2026_CUTOFF,2026-06-07,822890,676282,2,1,0,0,0,0,1,0
2026_CUTOFF,2026-06-07,822890,676282,3,1,1,1,0,0,0,1
2026_CUTOFF,2026-06-07,822890,676282,3,1,0,0,0,0,0,0
2026_CUTOFF,2026-06-07,822890,676282,3,1,0,0,1,0,0,0
2026_CUTOFF,2026-06-07,822890,676282,3,1,0,0,0,0,0,0
2026_CUTOFF,2026-06-07,822890,676282,3,1,1,0,0,0,0,0
2026_CUTOFF,2026-06-07,822890,676282,3,1,0,0,0,0,0,0
2026_CUTOFF,2026-06-07,822890,676282,3,1,0,0,0,0,0,0
2026_CUTOFF,2026-06-08,824427,668909,1,1,0,0,0,0,1,0
2026_CUTOFF,2026-06-08,824427,668909,1,1,0,0,1,0,0,0
2026_CUTOFF,2026-06-08,824427,668909,1,1,1,1,0,0,0,2
2026_CUTOFF,2026-06-08,824427,668909,1,1,0,0,0,0,1,0
2026_CUTOFF,2026-06-08,824427,668909,1,1,0,0,0,0,0,0
2026_CUTOFF,2026-06-08,824427,668909,1,1,0,0,0,0,1,0
2026_CUTOFF,2026-06-08,824427,668909,1,1,0,0,1,0,0,0
2026_CUTOFF,2026-06-08,824427,668909,1,1,0,0,0,0,1,0
2026_CUTOFF,2026-06-08,824427,668909,1,1,0,0,0,0,0,0
2026_CUTOFF,2026-06-08,824427,668909,2,1,1,0,0,0,0,0
2026_CUTOFF,2026-06-08,824427,668909,2,1,1,0,0,0,0,0
2026_CUTOFF,2026-06-08,824427,668909,2,1,0,0,0,0,0,0
2026_CUTOFF,2026-06-08,824427,668909,2,1,0,0,0,0,0,1
2026_CUTOFF,2026-06-08,824427,668909,2,1,0,0,0,0,0,0
2026_CUTOFF,2026-06-08,824427,668909,2,1,0,0,0,0,0,0
2026_CUTOFF,2026-06-08,824427,668909,2,1,0,0,0,0,1,0
2026_CUTOFF,2026-06-08,824427,668909,2,1,0,0,0,0,0,0
2026_CUTOFF,2026-06-08,824427,668909,2,1,1,1,0,0,0,1
2026_CUTOFF,2026-06-08,824427,668909,3,1,0,0,0,0,0,0
2026_CUTOFF,2026-06-08,824427,668909,3,1,0,0,1,0,0,0
2026_CUTOFF,2026-06-08,824427,668909,3,1,0,0,0,0,0,0
2026_CUTOFF,2026-06-08,824427,668909,3,1,0,0,0,0,0,0
2026_CUTOFF,2026-06-09,824429,677944,1,1,0,0,0,0,1,0
2026_CUTOFF,2026-06-09,824429,677944,1,1,0,0,0,0,0,0
2026_CUTOFF,2026-06-09,824429,677944,1,1,1,0,0,0,0,0
2026_CUTOFF,2026-06-09,824429,677944,1,1,0,0,0,0,0,0
2026_CUTOFF,2026-06-09,824429,677944,1,1,0,0,1,0,0,0
2026_CUTOFF,2026-06-09,824429,677944,1,1,1,1,0,0,0,2
2026_CUTOFF,2026-06-09,824429,677944,1,1,0,0,0,0,1,0
2026_CUTOFF,2026-06-09,824429,677944,1,1,0,0,0,0,0,0
2026_CUTOFF,2026-06-09,824429,677944,1,1,0,0,0,0,1,0
2026_CUTOFF,2026-06-09,824429,677944,2,1,1,0,0,0,0,0
2026_CUTOFF,2026-06-09,824429,677944,2,1,0,0,0,0,0,0
2026_CUTOFF,2026-06-09,824429,677944,2,1,1,0,0,0,0,0
2026_CUTOFF,2026-06-09,824429,677944,2,1,0,0,0,0,0,0
2026_CUTOFF,2026-06-09,824429,677944,2,1,0,0,0,0,0,0
2026_CUTOFF,2026-06-09,824429,677944,2,1,1,0,0,0,0,0
2026_CUTOFF,2026-06-09,824429,677944,2,1,0,0,0,0,1,0
2026_CUTOFF,2026-06-09,824429,677944,2,1,1,0,0,0,0,0
2026_CUTOFF,2026-06-09,824429,677944,2,1,0,0,0,0,1,0
2026_CUTOFF,2026-06-09,824429,677944,3,1,0,0,0,0,0,0
2026_CUTOFF,2026-06-09,824429,677944,3,1,0,0,0,0,0,0
2026_CUTOFF,2026-06-09,824429,677944,3,1,0,0,0,0,1,0
2026_CUTOFF,2026-06-09,824429,677944,3,1,0,0,1,0,0,0
2026_CUTOFF,2026-06-09,824429,677944,3,1,0,0,0,0,1,0
2026_CUTOFF,2026-06-10,824428,800048,1,1,0,0,0,0,0,0
2026_CUTOFF,2026-06-10,824428,800048,1,1,0,0,0,0,0,0
2026_CUTOFF,2026-06-10,824428,800048,1,1,0,0,1,0,0,0
2026_CUTOFF,2026-06-10,824428,800048,1,1,0,0,0,0,0,0
2026_CUTOFF,2026-06-10,824428,800048,1,1,1,0,0,0,0,0
2026_CUTOFF,2026-06-10,824428,800048,1,1,1,0,0,0,0,0
2026_CUTOFF,2026-06-10,824428,800048,1,1,1,0,0,0,0,2
2026_CUTOFF,2026-06-10,824428,800048,1,1,0,0,0,0,0,1
2026_CUTOFF,2026-06-10,824428,800048,1,1,0,0,0,0,1,0
2026_CUTOFF,2026-06-10,824428,800048,2,1,0,0,1,0,0,0
2026_CUTOFF,2026-06-10,824428,800048,2,1,0,0,0,0,0,0
2026_CUTOFF,2026-06-10,824428,800048,2,1,0,0,0,0,0,0
2026_CUTOFF,2026-06-10,824428,800048,2,1,1,0,0,0,0,0
2026_CUTOFF,2026-06-10,824428,800048,2,1,0,0,0,0,0,0
2026_CUTOFF,2026-06-10,824428,800048,2,1,0,0,0,0,0,0
2026_CUTOFF,2026-06-10,824428,800048,2,1,0,0,0,0,0,0
2026_CUTOFF,2026-06-10,824428,800048,2,1,0,0,0,0,0,0
2026_CUTOFF,2026-06-10,824428,800048,2,1,0,0,0,0,1,0
2026_CUTOFF,2026-06-10,824428,800048,3,1,0,0,0,0,0,0
2026_CUTOFF,2026-06-10,824428,800048,3,1,0,0,0,0,1,0
2026_CUTOFF,2026-06-10,824428,800048,3,1,0,0,0,0,0,0
2026_CUTOFF,2026-06-10,824428,800048,3,1,0,0,0,0,1,0
2026_CUTOFF,2026-06-10,824428,800048,3,1,1,0,0,0,0,0
2026_CUTOFF,2026-06-10,824428,800048,3,1,0,0,0,0,0,1
2026_CUTOFF,2026-06-10,824428,800048,3,1,0,0,1,0,0,0
2026_CUTOFF,2026-06-12,824425,676440,1,1,0,0,0,0,1,0
2026_CUTOFF,2026-06-12,824425,676440,1,1,0,0,1,0,0,0
2026_CUTOFF,2026-06-12,824425,676440,1,1,0,0,1,0,0,0
2026_CUTOFF,2026-06-12,824425,676440,1,1,0,0,0,0,1,0
2026_CUTOFF,2026-06-12,824425,676440,1,1,0,0,0,0,1,0
2026_CUTOFF,2026-06-12,824425,676440,1,1,0,0,0,0,0,0
2026_CUTOFF,2026-06-12,824425,676440,1,1,0,0,0,0,1,0
2026_CUTOFF,2026-06-12,824425,676440,1,1,0,0,0,0,0,0
2026_CUTOFF,2026-06-12,824425,676440,1,1,1,1,0,0,0,1
2026_CUTOFF,2026-06-12,824425,676440,2,1,0,0,0,0,1,0
2026_CUTOFF,2026-06-12,824425,676440,2,1,0,0,0,0,0,0
2026_CUTOFF,2026-06-12,824425,676440,2,1,0,0,0,0,0,0
2026_CUTOFF,2026-06-12,824425,676440,2,1,0,0,0,0,0,0
2026_CUTOFF,2026-06-12,824425,676440,2,1,0,0,0,0,0,0
2026_CUTOFF,2026-06-12,824425,676440,2,1,0,0,0,0,1,0
2026_CUTOFF,2026-06-12,824425,676440,2,1,0,0,0,0,0,0
2026_CUTOFF,2026-06-12,824425,676440,2,1,0,0,0,0,0,0
2026_CUTOFF,2026-06-12,824425,676440,2,1,0,0,0,0,1,0
2026_CUTOFF,2026-06-12,824425,676440,3,1,0,0,0,0,0,0
2026_CUTOFF,2026-06-12,824425,676440,3,1,0,0,0,0,0,0
2026_CUTOFF,2026-06-12,824425,676440,3,1,0,0,0,0,1,0
2026_CUTOFF,2026-06-12,824425,676440,3,1,0,0,0,0,0,0
2026_CUTOFF,2026-06-12,824425,676440,3,1,0,0,0,0,0,0
2026_CUTOFF,2026-06-12,824425,676440,3,1,0,0,0,0,0,0
2026_CUTOFF,2026-06-12,824425,676440,3,1,1,1,0,0,0,1
2026_CUTOFF,2026-06-13,824426,676282,1,1,1,0,0,0,0,0
2026_CUTOFF,2026-06-13,824426,676282,1,1,0,0,0,0,0,0
2026_CUTOFF,2026-06-13,824426,676282,1,1,0,0,0,0,0,0
2026_CUTOFF,2026-06-13,824426,676282,1,1,1,0,0,0,0,1
2026_CUTOFF,2026-06-13,824426,676282,1,1,1,0,0,0,0,0
2026_CUTOFF,2026-06-13,824426,676282,1,1,0,0,0,0,0,0
2026_CUTOFF,2026-06-13,824426,676282,1,1,0,0,0,0,1,0
2026_CUTOFF,2026-06-13,824426,676282,1,1,0,0,0,0,1,0
2026_CUTOFF,2026-06-13,824426,676282,1,1,1,0,0,0,0,0
2026_CUTOFF,2026-06-13,824426,676282,2,1,0,0,0,0,0,0
2026_CUTOFF,2026-06-13,824426,676282,2,1,1,0,0,0,0,0
2026_CUTOFF,2026-06-13,824426,676282,2,1,1,0,0,0,0,0
2026_CUTOFF,2026-06-13,824426,676282,2,1,0,0,0,0,1,0
2026_CUTOFF,2026-06-13,824426,676282,2,1,0,0,0,0,0,0
2026_CUTOFF,2026-06-13,824426,676282,2,1,0,0,0,0,1,0
2026_CUTOFF,2026-06-13,824426,676282,2,1,0,0,0,0,0,0
2026_CUTOFF,2026-06-13,824426,676282,2,1,0,0,0,0,0,0
2026_CUTOFF,2026-06-13,824426,676282,2,1,0,0,0,0,0,0
2026_CUTOFF,2026-06-13,824426,676282,3,1,0,0,0,0,0,0
2026_CUTOFF,2026-06-13,824426,676282,3,1,0,0,0,0,0,0
2026_CUTOFF,2026-06-13,824426,676282,3,1,0,0,0,0,0,0
2026_CUTOFF,2026-06-16,823775,677944,1,1,0,0,0,0,0,0
2026_CUTOFF,2026-06-16,823775,677944,1,1,0,0,0,0,0,0
2026_CUTOFF,2026-06-16,823775,677944,1,1,1,0,0,0,0,0
2026_CUTOFF,2026-06-16,823775,677944,1,1,0,0,0,0,0,0
2026_CUTOFF,2026-06-16,823775,677944,1,1,0,0,0,0,0,0
2026_CUTOFF,2026-06-16,823775,677944,1,1,0,0,0,0,0,0
2026_CUTOFF,2026-06-16,823775,677944,1,1,0,0,0,0,0,0
2026_CUTOFF,2026-06-16,823775,677944,1,1,0,0,0,0,0,0
2026_CUTOFF,2026-06-16,823775,677944,1,1,0,0,0,0,0,0
2026_CUTOFF,2026-06-16,823775,677944,2,1,0,0,0,0,0,0
2026_CUTOFF,2026-06-16,823775,677944,2,1,0,0,0,0,1,0
2026_CUTOFF,2026-06-16,823775,677944,2,1,1,1,0,0,0,1
2026_CUTOFF,2026-06-16,823775,677944,2,1,0,0,0,0,0,0
2026_CUTOFF,2026-06-16,823775,677944,2,1,0,0,0,0,0,0
2026_CUTOFF,2026-06-16,823775,677944,2,1,0,0,0,0,1,0
2026_CUTOFF,2026-06-16,823775,677944,2,1,1,0,0,0,0,0
2026_CUTOFF,2026-06-16,823775,677944,2,1,0,0,0,0,0,0
2026_CUTOFF,2026-06-16,823775,677944,2,1,0,0,0,0,1,0
2026_CUTOFF,2026-06-16,823775,677944,3,1,0,0,0,0,1,0
2026_CUTOFF,2026-06-16,823775,677944,3,1,0,0,1,0,0,0
2026_CUTOFF,2026-06-16,823775,677944,3,1,0,0,1,0,0,0
2026_CUTOFF,2026-06-16,823775,677944,3,1,0,0,0,0,0,0
2026_CUTOFF,2026-06-17,823774,668909,1,1,1,1,0,0,0,1
2026_CUTOFF,2026-06-17,823774,668909,1,1,0,0,0,0,0,0
2026_CUTOFF,2026-06-17,823774,668909,1,1,0,0,0,0,0,0
2026_CUTOFF,2026-06-17,823774,668909,1,1,0,0,1,0,0,0
2026_CUTOFF,2026-06-17,823774,668909,1,1,0,0,1,0,0,0
2026_CUTOFF,2026-06-17,823774,668909,1,1,1,0,0,0,0,2
2026_CUTOFF,2026-06-17,823774,668909,1,1,0,0,0,0,0,0
2026_CUTOFF,2026-06-17,823774,668909,1,1,1,0,0,0,0,0
2026_CUTOFF,2026-06-17,823774,668909,1,1,0,0,0,0,0,0
2026_CUTOFF,2026-06-17,823774,668909,2,1,1,0,0,0,0,1
2026_CUTOFF,2026-06-17,823774,668909,2,1,0,0,0,0,0,0
2026_CUTOFF,2026-06-17,823774,668909,2,1,1,0,0,0,0,1
2026_CUTOFF,2026-06-17,823774,668909,2,1,0,0,0,0,0,0
2026_CUTOFF,2026-06-17,823774,668909,2,1,0,0,0,0,0,0
2026_CUTOFF,2026-06-17,823774,668909,2,1,0,0,0,0,0,0
2026_CUTOFF,2026-06-17,823774,668909,2,1,0,0,0,0,1,0
2026_CUTOFF,2026-06-17,823774,668909,2,1,0,0,0,0,1,0
2026_CUTOFF,2026-06-17,823774,668909,2,1,1,0,0,0,0,0
2026_CUTOFF,2026-06-17,823774,668909,3,1,0,0,0,0,1,0
2026_CUTOFF,2026-06-17,823774,668909,3,1,1,1,0,0,0,2
2026_CUTOFF,2026-06-17,823774,668909,3,1,0,0,0,0,1,0
2026_CUTOFF,2026-06-17,823774,668909,3,1,0,0,0,0,0,0
2026_CUTOFF,2026-06-17,823774,668909,3,1,0,0,0,0,0,0
2026_CUTOFF,2026-06-17,823774,668909,3,1,0,0,0,0,0,0
2026_CUTOFF,2026-06-18,823772,800048,1,1,0,0,0,0,0,0
2026_CUTOFF,2026-06-18,823772,800048,1,1,0,0,0,0,0,0
2026_CUTOFF,2026-06-18,823772,800048,1,1,0,0,0,0,0,0
2026_CUTOFF,2026-06-18,823772,800048,1,1,0,0,1,0,0,0
2026_CUTOFF,2026-06-18,823772,800048,1,1,1,0,0,0,0,0
2026_CUTOFF,2026-06-18,823772,800048,1,1,1,0,0,0,0,1
2026_CUTOFF,2026-06-18,823772,800048,1,1,0,0,0,0,0,0
2026_CUTOFF,2026-06-18,823772,800048,1,1,0,0,0,0,1,0
2026_CUTOFF,2026-06-18,823772,800048,1,1,0,0,0,0,0,0
2026_CUTOFF,2026-06-18,823772,800048,2,1,1,0,0,0,0,0
2026_CUTOFF,2026-06-18,823772,800048,2,1,0,0,0,0,1,0
2026_CUTOFF,2026-06-18,823772,800048,2,1,0,0,0,0,1,0
2026_CUTOFF,2026-06-18,823772,800048,2,1,0,0,1,0,0,0
2026_CUTOFF,2026-06-18,823772,800048,2,1,0,0,0,0,1,0
2026_CUTOFF,2026-06-18,823772,800048,2,1,0,0,1,0,0,0
2026_CUTOFF,2026-06-18,823772,800048,2,1,1,0,0,0,0,0
2026_CUTOFF,2026-06-18,823772,800048,2,1,0,0,0,0,0,1
2026_CUTOFF,2026-06-18,823772,800048,2,1,0,0,0,0,1,0
2026_CUTOFF,2026-06-18,823772,800048,3,1,0,0,0,0,0,0
2026_CUTOFF,2026-06-18,823772,800048,3,1,0,0,0,0,1,0
2026_CUTOFF,2026-06-18,823772,800048,3,1,0,0,0,0,1,0
2026_CUTOFF,2026-06-18,823772,800048,3,1,0,0,0,0,0,0
2026_CUTOFF,2026-06-18,823772,800048,3,1,0,0,0,0,1,0
2026_CUTOFF,2026-06-18,823772,800048,3,1,0,0,0,0,0,0
2026_CUTOFF,2026-06-18,823772,800048,3,1,0,0,0,0,1,0
2026_CUTOFF,2026-06-19,824179,676440,1,1,0,0,0,0,0,0
2026_CUTOFF,2026-06-19,824179,676440,1,1,0,0,0,0,0,0
2026_CUTOFF,2026-06-19,824179,676440,1,1,0,0,1,0,0,0
2026_CUTOFF,2026-06-19,824179,676440,1,1,1,0,0,0,0,1
2026_CUTOFF,2026-06-19,824179,676440,1,1,0,0,0,0,1,0
2026_CUTOFF,2026-06-19,824179,676440,1,1,0,0,0,0,1,0
2026_CUTOFF,2026-06-19,824179,676440,1,1,0,0,0,0,1,0
2026_CUTOFF,2026-06-19,824179,676440,1,1,0,0,0,0,0,0
2026_CUTOFF,2026-06-19,824179,676440,1,1,0,0,0,0,0,0
2026_CUTOFF,2026-06-19,824179,676440,2,1,1,1,0,0,0,1
2026_CUTOFF,2026-06-19,824179,676440,2,1,0,0,0,0,1,0
2026_CUTOFF,2026-06-19,824179,676440,2,1,0,0,0,0,1,0
2026_CUTOFF,2026-06-19,824179,676440,2,1,0,0,0,0,0,0
2026_CUTOFF,2026-06-19,824179,676440,2,1,0,0,0,0,1,0
2026_CUTOFF,2026-06-19,824179,676440,2,1,1,0,0,0,0,0
2026_CUTOFF,2026-06-19,824179,676440,2,1,0,0,0,0,0,0
2026_CUTOFF,2026-06-19,824179,676440,2,1,0,0,0,0,0,0
2026_CUTOFF,2026-06-19,824179,676440,2,1,0,0,0,0,0,0
2026_CUTOFF,2026-06-19,824179,676440,3,1,0,0,0,0,1,0
2026_CUTOFF,2026-06-19,824179,676440,3,1,0,0,1,0,0,0
2026_CUTOFF,2026-06-19,824179,676440,3,1,0,0,0,0,0,0
2026_CUTOFF,2026-06-19,824179,676440,3,1,1,0,0,0,0,0
2026_CUTOFF,2026-06-20,824180,676282,1,1,0,0,0,0,1,0
2026_CUTOFF,2026-06-20,824180,676282,1,1,0,0,0,0,0,0
2026_CUTOFF,2026-06-20,824180,676282,1,1,0,0,0,0,0,0
2026_CUTOFF,2026-06-20,824180,676282,1,1,1,0,0,0,0,0
2026_CUTOFF,2026-06-20,824180,676282,1,1,1,0,0,0,0,0
2026_CUTOFF,2026-06-20,824180,676282,1,1,1,0,0,0,0,1
2026_CUTOFF,2026-06-20,824180,676282,1,1,0,0,0,0,0,0
2026_CUTOFF,2026-06-20,824180,676282,1,1,0,0,0,0,1,0
2026_CUTOFF,2026-06-20,824180,676282,1,1,0,0,0,0,1,0
2026_CUTOFF,2026-06-20,824180,676282,2,1,0,0,0,0,0,0
2026_CUTOFF,2026-06-20,824180,676282,2,1,0,0,0,0,0,0
2026_CUTOFF,2026-06-20,824180,676282,2,1,0,0,1,0,0,0
2026_CUTOFF,2026-06-20,824180,676282,2,1,0,0,0,0,0,0
2026_CUTOFF,2026-06-20,824180,676282,2,1,1,0,0,0,0,0
2026_CUTOFF,2026-06-20,824180,676282,2,1,0,0,0,0,0,0
2026_CUTOFF,2026-06-20,824180,676282,2,1,0,0,0,0,0,0
2026_CUTOFF,2026-06-20,824180,676282,2,1,0,0,0,0,1,0
2026_CUTOFF,2026-06-20,824180,676282,2,1,0,0,0,0,0,0
2026_CUTOFF,2026-06-20,824180,676282,3,1,0,0,0,0,1,0
2026_CUTOFF,2026-06-20,824180,676282,3,1,0,0,0,0,0,0
2026_CUTOFF,2026-06-20,824180,676282,3,1,0,0,0,0,1,0
2026_CUTOFF,2026-06-20,824180,676282,3,1,0,0,0,0,0,0
2026_CUTOFF,2026-06-20,824180,676282,3,1,0,0,0,0,0,0
2026_CUTOFF,2026-06-20,824180,676282,3,1,0,0,0,0,1,0
2026_CUTOFF,2026-06-20,824180,676282,3,1,0,0,0,0,0,0
2026_CUTOFF,2026-06-20,824180,676282,3,1,0,0,0,0,1,0
2026_CUTOFF,2026-06-20,824180,676282,3,1,0,0,0,0,0,0
2026_CUTOFF,2026-06-20,824180,676282,4+,1,0,0,0,0,1,0
2026_CUTOFF,2026-06-21,824177,677944,1,1,0,0,0,0,0,0
2026_CUTOFF,2026-06-21,824177,677944,1,1,1,1,0,0,0,1
2026_CUTOFF,2026-06-21,824177,677944,1,1,0,0,0,0,0,0
2026_CUTOFF,2026-06-21,824177,677944,1,1,0,0,0,0,0,0
2026_CUTOFF,2026-06-21,824177,677944,1,1,0,0,0,0,1,0
2026_CUTOFF,2026-06-21,824177,677944,1,1,0,0,0,0,0,0
2026_CUTOFF,2026-06-21,824177,677944,1,1,0,0,0,0,0,0
2026_CUTOFF,2026-06-21,824177,677944,1,1,1,0,0,0,0,0
2026_CUTOFF,2026-06-21,824177,677944,1,1,0,0,0,0,0,0
2026_CUTOFF,2026-06-21,824177,677944,2,1,0,0,0,0,0,0
2026_CUTOFF,2026-06-21,824177,677944,2,1,0,0,1,0,0,0
2026_CUTOFF,2026-06-21,824177,677944,2,1,1,0,0,0,0,0
2026_CUTOFF,2026-06-21,824177,677944,2,1,1,0,0,0,0,1
2026_CUTOFF,2026-06-21,824177,677944,2,1,0,0,0,0,0,0
2026_CUTOFF,2026-06-21,824177,677944,2,1,0,0,0,0,0,0
2026_CUTOFF,2026-06-21,824177,677944,2,1,0,0,0,0,0,0
2026_CUTOFF,2026-06-21,824177,677944,2,1,0,0,0,0,0,0
2026_CUTOFF,2026-06-21,824177,677944,2,1,0,0,0,0,0,0
2026_CUTOFF,2026-06-21,824177,677944,3,1,1,0,0,0,0,0
2026_CUTOFF,2026-06-21,824177,677944,3,1,0,0,1,0,0,0
2026_CUTOFF,2026-06-21,824177,677944,3,1,0,0,0,0,0,0
2026_CUTOFF,2026-06-21,824177,677944,3,1,1,0,0,0,0,0
2026_CUTOFF,2026-06-21,824177,677944,3,1,0,0,0,0,0,0
2026_CUTOFF,2026-06-21,824177,677944,3,1,0,0,0,0,0,0
2026_CUTOFF,2026-06-21,824177,677944,3,1,0,0,0,0,0,0
2026_CUTOFF,2026-06-22,824585,668909,1,1,0,0,0,0,1,0
2026_CUTOFF,2026-06-22,824585,668909,1,1,0,0,0,0,1,0
2026_CUTOFF,2026-06-22,824585,668909,1,1,0,0,0,0,0,0
2026_CUTOFF,2026-06-22,824585,668909,1,1,0,0,0,0,1,0
2026_CUTOFF,2026-06-22,824585,668909,1,1,0,0,0,0,1,0
2026_CUTOFF,2026-06-22,824585,668909,1,1,1,0,0,0,0,0
2026_CUTOFF,2026-06-22,824585,668909,1,1,1,0,0,0,0,1
2026_CUTOFF,2026-06-22,824585,668909,1,1,0,0,0,0,0,0
2026_CUTOFF,2026-06-22,824585,668909,1,1,1,0,0,0,0,0
2026_CUTOFF,2026-06-22,824585,668909,2,1,0,0,1,0,0,0
2026_CUTOFF,2026-06-22,824585,668909,2,1,1,0,0,0,0,0
2026_CUTOFF,2026-06-22,824585,668909,2,1,1,0,0,0,0,1
2026_CUTOFF,2026-06-22,824585,668909,2,1,0,0,0,0,1,0
2026_CUTOFF,2026-06-22,824585,668909,2,1,0,0,0,0,1,0
2026_CUTOFF,2026-06-22,824585,668909,2,1,0,0,0,0,1,0
2026_CUTOFF,2026-06-22,824585,668909,2,1,0,0,0,0,1,0
2026_CUTOFF,2026-06-22,824585,668909,2,1,0,0,0,0,0,0
2026_CUTOFF,2026-06-22,824585,668909,2,1,0,0,0,0,0,0
2026_CUTOFF,2026-06-22,824585,668909,3,1,0,0,0,0,0,0
2026_CUTOFF,2026-06-22,824585,668909,3,1,0,0,0,0,0,0
2026_CUTOFF,2026-06-23,824584,800048,1,1,0,0,0,0,0,0
2026_CUTOFF,2026-06-23,824584,800048,1,1,0,0,0,0,0,0
2026_CUTOFF,2026-06-23,824584,800048,1,1,0,0,0,0,0,0
2026_CUTOFF,2026-06-23,824584,800048,1,1,0,0,0,0,1,0
2026_CUTOFF,2026-06-23,824584,800048,1,1,0,0,0,0,0,0
2026_CUTOFF,2026-06-23,824584,800048,1,1,0,0,0,0,1,0
2026_CUTOFF,2026-06-23,824584,800048,1,1,0,0,0,0,1,0
2026_CUTOFF,2026-06-23,824584,800048,1,1,0,0,0,0,0,0
2026_CUTOFF,2026-06-23,824584,800048,1,1,0,0,0,0,0,0
2026_CUTOFF,2026-06-23,824584,800048,2,1,0,0,0,0,0,0
2026_CUTOFF,2026-06-23,824584,800048,2,1,1,0,0,0,0,0
2026_CUTOFF,2026-06-23,824584,800048,2,1,0,0,0,0,1,0
2026_CUTOFF,2026-06-23,824584,800048,2,1,1,0,0,0,0,1
2026_CUTOFF,2026-06-23,824584,800048,2,1,0,0,0,0,1,0
2026_CUTOFF,2026-06-23,824584,800048,2,1,0,0,1,0,0,0
2026_CUTOFF,2026-06-23,824584,800048,2,1,0,0,0,0,0,0
2026_CUTOFF,2026-06-23,824584,800048,2,1,0,0,0,0,0,0
2026_CUTOFF,2026-06-23,824584,800048,2,1,0,0,0,0,1,0
2026_CUTOFF,2026-06-23,824584,800048,3,1,1,1,0,0,0,1
2026_CUTOFF,2026-06-23,824584,800048,3,1,0,0,0,0,0,0
2026_CUTOFF,2026-06-23,824584,800048,3,1,0,0,0,0,0,0
2026_CUTOFF,2026-06-23,824584,800048,3,1,0,0,0,0,1,0
2026_CUTOFF,2026-06-23,824584,800048,3,1,0,0,0,0,1,0
2026_CUTOFF,2026-06-23,824584,800048,3,1,0,0,0,0,1,0
2026_CUTOFF,2026-06-23,824584,800048,3,1,0,0,0,0,1,0
2026_CUTOFF,2026-06-23,824584,800048,3,1,0,0,0,0,0,0
2026_CUTOFF,2026-06-23,824584,800048,3,1,0,0,0,0,0,0
2026_CUTOFF,2026-06-24,824583,676440,1,1,0,0,0,0,0,0
2026_CUTOFF,2026-06-24,824583,676440,1,1,0,0,1,0,0,0
2026_CUTOFF,2026-06-24,824583,676440,1,1,0,0,0,0,0,0
2026_CUTOFF,2026-06-24,824583,676440,1,1,0,0,0,1,0,0
2026_CUTOFF,2026-06-24,824583,676440,1,1,0,0,0,0,0,0
2026_CUTOFF,2026-06-24,824583,676440,1,1,1,0,0,0,0,0
2026_CUTOFF,2026-06-24,824583,676440,1,1,0,0,0,0,1,0
2026_CUTOFF,2026-06-24,824583,676440,1,1,0,0,0,0,0,0
2026_CUTOFF,2026-06-24,824583,676440,1,1,0,0,0,0,0,0
2026_CUTOFF,2026-06-24,824583,676440,2,1,1,0,0,0,0,0
2026_CUTOFF,2026-06-24,824583,676440,2,1,1,0,0,0,0,0
2026_CUTOFF,2026-06-24,824583,676440,2,1,0,0,0,0,0,0
2026_CUTOFF,2026-06-24,824583,676440,2,1,0,0,0,0,0,0
2026_CUTOFF,2026-06-24,824583,676440,2,1,0,0,0,0,0,0
2026_CUTOFF,2026-06-24,824583,676440,2,1,0,0,0,0,1,0
2026_CUTOFF,2026-06-24,824583,676440,2,1,0,0,0,0,0,0
2026_CUTOFF,2026-06-24,824583,676440,2,1,0,0,0,0,0,0
2026_CUTOFF,2026-06-24,824583,676440,2,1,0,0,0,0,0,0
2026_CUTOFF,2026-06-24,824583,676440,3,1,0,0,0,0,0,0
2026_CUTOFF,2026-06-24,824583,676440,3,1,0,0,0,0,0,0
2026_CUTOFF,2026-06-24,824583,676440,3,1,0,0,0,0,1,0
2026_CUTOFF,2026-06-26,824423,676282,1,1,0,0,0,0,0,0
2026_CUTOFF,2026-06-26,824423,676282,1,1,0,0,0,0,1,0
2026_CUTOFF,2026-06-26,824423,676282,1,1,0,0,0,0,1,0
2026_CUTOFF,2026-06-26,824423,676282,1,1,0,0,1,0,0,0
2026_CUTOFF,2026-06-26,824423,676282,1,1,0,0,0,0,1,0
2026_CUTOFF,2026-06-26,824423,676282,1,1,0,0,0,0,0,0
2026_CUTOFF,2026-06-26,824423,676282,1,1,0,0,0,0,1,0
2026_CUTOFF,2026-06-26,824423,676282,1,1,0,0,0,0,0,0
2026_CUTOFF,2026-06-26,824423,676282,1,1,1,1,0,0,0,1
2026_CUTOFF,2026-06-26,824423,676282,2,1,0,0,0,0,1,0
2026_CUTOFF,2026-06-26,824423,676282,2,1,0,0,0,0,1,0
2026_CUTOFF,2026-06-26,824423,676282,2,1,0,0,0,0,1,0
2026_CUTOFF,2026-06-26,824423,676282,2,1,0,0,0,0,1,0
2026_CUTOFF,2026-06-26,824423,676282,2,1,0,0,0,0,0,0
2026_CUTOFF,2026-06-26,824423,676282,2,1,0,0,0,0,1,0
2026_CUTOFF,2026-06-26,824423,676282,2,1,0,0,0,0,0,0
2026_CUTOFF,2026-06-26,824423,676282,2,1,0,0,0,0,0,0
2026_CUTOFF,2026-06-26,824423,676282,2,1,0,0,1,0,0,0
2026_CUTOFF,2026-06-26,824423,676282,3,1,1,0,0,0,0,0
2026_CUTOFF,2026-06-26,824423,676282,3,1,0,0,0,0,0,0
2026_CUTOFF,2026-06-27,824421,677944,1,1,0,0,0,0,0,0
2026_CUTOFF,2026-06-27,824421,677944,1,1,0,0,0,0,0,0
2026_CUTOFF,2026-06-27,824421,677944,1,1,1,0,0,0,0,0
2026_CUTOFF,2026-06-27,824421,677944,1,1,0,0,0,0,0,0
2026_CUTOFF,2026-06-27,824421,677944,1,1,0,0,0,0,1,0
2026_CUTOFF,2026-06-27,824421,677944,1,1,0,0,0,0,0,0
2026_CUTOFF,2026-06-27,824421,677944,1,1,0,0,0,0,0,0
2026_CUTOFF,2026-06-27,824421,677944,1,1,0,0,0,0,0,0
2026_CUTOFF,2026-06-27,824421,677944,1,1,0,0,0,0,0,0
2026_CUTOFF,2026-06-27,824421,677944,2,1,0,0,0,0,0,0
2026_CUTOFF,2026-06-27,824421,677944,2,1,1,0,0,0,0,0
2026_CUTOFF,2026-06-27,824421,677944,2,1,0,0,0,0,0,0
2026_CUTOFF,2026-06-27,824421,677944,2,1,0,0,0,0,0,0
2026_CUTOFF,2026-06-27,824421,677944,2,1,0,0,0,0,0,0
2026_CUTOFF,2026-06-27,824421,677944,2,1,0,0,0,0,0,0
2026_CUTOFF,2026-06-27,824421,677944,2,1,0,0,1,0,0,0
2026_CUTOFF,2026-06-27,824421,677944,2,1,0,0,0,0,0,0
2026_CUTOFF,2026-06-27,824421,677944,2,1,0,0,0,0,1,0
2026_CUTOFF,2026-06-27,824421,677944,3,1,0,0,0,0,1,0
2026_CUTOFF,2026-06-27,824421,677944,3,1,0,0,0,0,0,0
2026_CUTOFF,2026-06-27,824421,677944,3,1,0,0,0,0,1,0
2026_CUTOFF,2026-06-27,824421,677944,3,1,1,0,0,0,0,0
2026_CUTOFF,2026-06-27,824421,677944,3,1,0,0,0,0,0,0
2026_CUTOFF,2026-06-27,824421,677944,3,1,0,0,1,0,0,0
2026_CUTOFF,2026-06-28,824422,668909,1,1,1,0,0,0,0,0
2026_CUTOFF,2026-06-28,824422,668909,1,1,0,0,0,0,1,0
2026_CUTOFF,2026-06-28,824422,668909,1,1,0,0,0,0,0,0
2026_CUTOFF,2026-06-28,824422,668909,1,1,0,0,0,0,1,0
2026_CUTOFF,2026-06-28,824422,668909,1,1,1,0,0,0,0,0
2026_CUTOFF,2026-06-28,824422,668909,1,1,0,0,0,0,0,0
2026_CUTOFF,2026-06-28,824422,668909,1,1,0,0,0,0,0,0
2026_CUTOFF,2026-06-28,824422,668909,1,1,1,0,0,0,0,1
2026_CUTOFF,2026-06-28,824422,668909,1,1,0,0,0,0,1,0
2026_CUTOFF,2026-06-28,824422,668909,2,1,0,0,0,0,0,0
2026_CUTOFF,2026-06-28,824422,668909,2,1,0,0,1,0,0,0
2026_CUTOFF,2026-06-28,824422,668909,2,1,1,0,0,0,0,1
2026_CUTOFF,2026-06-28,824422,668909,2,1,0,0,0,0,0,1
2026_CUTOFF,2026-06-28,824422,668909,2,1,0,0,1,0,0,0
2026_CUTOFF,2026-06-28,824422,668909,2,1,0,0,0,0,0,0
2026_CUTOFF,2026-06-28,824422,668909,2,1,0,0,0,0,1,0
2026_CUTOFF,2026-06-28,824422,668909,2,1,0,0,0,0,1,0
2026_CUTOFF,2026-06-28,824422,668909,2,1,1,0,0,0,0,0
2026_CUTOFF,2026-06-28,824422,668909,3,1,1,0,0,0,0,0
2026_CUTOFF,2026-06-28,824422,668909,3,1,0,0,0,0,1,0
2026_CUTOFF,2026-06-28,824422,668909,3,1,0,0,0,0,0,0
2026_CUTOFF,2026-06-28,824422,668909,3,1,0,0,0,0,0,0
2026_CUTOFF,2026-06-28,824422,668909,3,1,0,0,1,0,0,0
2026_CUTOFF,2026-06-28,824422,668909,3,1,0,0,0,0,0,0
2026_CUTOFF,2026-06-28,824422,668909,3,1,0,0,0,0,0,0
2026_CUTOFF,2026-06-29,824420,800048,1,1,0,0,0,0,0,0
2026_CUTOFF,2026-06-29,824420,800048,1,1,0,0,0,0,0,0
2026_CUTOFF,2026-06-29,824420,800048,1,1,0,0,0,0,0,0
2026_CUTOFF,2026-06-29,824420,800048,1,1,0,0,0,0,1,0
2026_CUTOFF,2026-06-29,824420,800048,1,1,0,0,0,0,0,0
2026_CUTOFF,2026-06-29,824420,800048,1,1,0,0,0,0,1,0
2026_CUTOFF,2026-06-29,824420,800048,1,1,0,0,0,0,0,0
2026_CUTOFF,2026-06-29,824420,800048,1,1,1,0,0,0,0,0
2026_CUTOFF,2026-06-29,824420,800048,1,1,0,0,0,0,0,0
2026_CUTOFF,2026-06-29,824420,800048,2,1,0,0,0,0,1,0
2026_CUTOFF,2026-06-29,824420,800048,2,1,1,0,0,0,0,0
2026_CUTOFF,2026-06-29,824420,800048,2,1,0,0,0,0,0,0
2026_CUTOFF,2026-06-29,824420,800048,2,1,0,0,0,0,0,1
2026_CUTOFF,2026-06-29,824420,800048,2,1,0,0,0,0,0,0
2026_CUTOFF,2026-06-29,824420,800048,2,1,0,0,0,0,0,0
2026_CUTOFF,2026-06-29,824420,800048,2,1,0,0,0,0,0,0
2026_CUTOFF,2026-06-29,824420,800048,2,1,0,0,0,0,0,0
2026_CUTOFF,2026-06-29,824420,800048,2,1,1,0,0,0,0,0
2026_CUTOFF,2026-06-29,824420,800048,3,1,0,0,0,0,0,0
2026_CUTOFF,2026-06-29,824420,800048,3,1,1,0,0,0,0,0
2026_CUTOFF,2026-06-29,824420,800048,3,1,0,0,0,0,1,0
2026_CUTOFF,2026-06-29,824420,800048,3,1,1,0,0,0,0,1
2026_CUTOFF,2026-06-29,824420,800048,3,1,0,0,0,0,0,0
2026_CUTOFF,2026-06-29,824420,800048,3,1,0,0,0,0,0,0
2026_CUTOFF,2026-06-29,824420,800048,3,1,1,0,0,0,0,0
2026_CUTOFF,2026-06-29,824420,800048,3,1,1,0,0,0,0,1
2026_CUTOFF,2026-06-29,824420,800048,3,1,0,0,0,0,1,0
2026_CUTOFF,2026-06-29,824420,800048,4+,1,1,0,0,0,0,1
2026_CUTOFF,2026-06-30,824418,676440,1,1,0,0,0,0,0,0
2026_CUTOFF,2026-06-30,824418,676440,1,1,1,0,0,0,0,0
2026_CUTOFF,2026-06-30,824418,676440,1,1,0,0,0,0,0,0
2026_CUTOFF,2026-06-30,824418,676440,1,1,0,0,0,0,0,0
2026_CUTOFF,2026-06-30,824418,676440,1,1,0,0,0,0,0,0
2026_CUTOFF,2026-06-30,824418,676440,1,1,0,0,0,0,1,0
2026_CUTOFF,2026-06-30,824418,676440,1,1,1,0,0,0,0,0
2026_CUTOFF,2026-06-30,824418,676440,1,1,0,0,0,0,0,0
2026_CUTOFF,2026-06-30,824418,676440,1,1,1,0,0,0,0,0
2026_CUTOFF,2026-06-30,824418,676440,2,1,1,1,0,0,0,2
2026_CUTOFF,2026-06-30,824418,676440,2,1,0,0,0,0,0,0
2026_CUTOFF,2026-06-30,824418,676440,2,1,0,0,0,0,1,0
2026_CUTOFF,2026-06-30,824418,676440,2,1,0,0,0,0,0,0
2026_CUTOFF,2026-06-30,824418,676440,2,1,0,0,0,0,0,0
2026_CUTOFF,2026-06-30,824418,676440,2,1,0,0,0,0,0,0
2026_CUTOFF,2026-06-30,824418,676440,2,1,0,0,0,0,0,0
2026_CUTOFF,2026-06-30,824418,676440,2,1,0,0,0,0,0,0
2026_CUTOFF,2026-06-30,824418,676440,2,1,0,0,0,0,0,0
2026_CUTOFF,2026-06-30,824418,676440,3,1,0,0,0,0,0,0
2026_CUTOFF,2026-06-30,824418,676440,3,1,0,0,0,0,0,0
2026_CUTOFF,2026-06-30,824418,676440,3,1,0,0,0,0,0,0
2026_CUTOFF,2026-06-30,824418,676440,3,1,0,0,0,0,0,0
2026_CUTOFF,2026-06-30,824418,676440,3,1,1,0,0,0,0,0
2026_CUTOFF,2026-06-30,824418,676440,3,1,0,0,0,0,0,0
2026_CUTOFF,2026-06-30,824418,676440,3,1,0,0,0,0,0,1
2026_CUTOFF,2026-06-30,824418,676440,3,1,0,0,0,0,0,0
2026_CUTOFF,2026-07-01,824419,676282,1,1,0,0,0,0,0,0
2026_CUTOFF,2026-07-01,824419,676282,1,1,0,0,1,0,0,0
2026_CUTOFF,2026-07-01,824419,676282,1,1,1,0,0,0,0,0
2026_CUTOFF,2026-07-01,824419,676282,1,1,0,0,0,0,1,0
2026_CUTOFF,2026-07-01,824419,676282,1,1,0,0,0,0,0,0
2026_CUTOFF,2026-07-01,824419,676282,1,1,0,0,0,0,1,0
2026_CUTOFF,2026-07-01,824419,676282,1,1,0,0,0,0,0,0
2026_CUTOFF,2026-07-01,824419,676282,1,1,1,0,0,0,0,0
2026_CUTOFF,2026-07-01,824419,676282,1,1,0,0,0,0,0,0
2026_CUTOFF,2026-07-01,824419,676282,2,1,0,0,1,0,0,0
2026_CUTOFF,2026-07-01,824419,676282,2,1,0,0,1,0,0,0
2026_CUTOFF,2026-07-01,824419,676282,2,1,1,0,0,0,0,0
2026_CUTOFF,2026-07-01,824419,676282,2,1,0,0,0,0,1,0
2026_CUTOFF,2026-07-01,824419,676282,2,1,0,0,1,0,0,1
2026_CUTOFF,2026-07-01,824419,676282,2,1,0,0,0,0,0,0
2026_CUTOFF,2026-07-01,824419,676282,2,1,0,0,0,0,0,0
2026_CUTOFF,2026-07-01,824419,676282,2,1,0,0,0,0,0,0
2026_CUTOFF,2026-07-01,824419,676282,2,1,0,0,0,1,0,0
2026_CUTOFF,2026-07-01,824419,676282,3,1,0,0,0,0,0,0
2026_CUTOFF,2026-07-01,824419,676282,3,1,0,0,0,0,1,0
2026_CUTOFF,2026-07-01,824419,676282,3,1,0,0,0,0,0,0
2026_CUTOFF,2026-07-01,824419,676282,3,1,0,0,0,0,0,0
2026_CUTOFF,2026-07-01,824419,676282,3,1,0,0,1,0,0,0
2026_CUTOFF,2026-07-02,824416,677944,1,1,1,0,0,0,0,0
2026_CUTOFF,2026-07-02,824416,677944,1,1,0,0,0,0,0,0
2026_CUTOFF,2026-07-02,824416,677944,1,1,0,0,0,0,1,0
2026_CUTOFF,2026-07-02,824416,677944,1,1,1,0,0,0,0,0
2026_CUTOFF,2026-07-02,824416,677944,1,1,0,0,0,0,0,0
2026_CUTOFF,2026-07-02,824416,677944,1,1,0,0,0,0,0,0
2026_CUTOFF,2026-07-02,824416,677944,1,1,0,0,0,0,0,0
2026_CUTOFF,2026-07-02,824416,677944,1,1,0,0,0,0,0,0
2026_CUTOFF,2026-07-02,824416,677944,1,1,0,0,0,0,0,0
2026_CUTOFF,2026-07-02,824416,677944,2,1,0,0,0,0,0,0
2026_CUTOFF,2026-07-02,824416,677944,2,1,0,0,0,0,1,0
2026_CUTOFF,2026-07-02,824416,677944,2,1,0,0,0,0,0,0
2026_CUTOFF,2026-07-02,824416,677944,2,1,0,0,0,0,0,0
2026_CUTOFF,2026-07-02,824416,677944,2,1,1,0,0,0,0,0
2026_CUTOFF,2026-07-02,824416,677944,2,1,0,0,1,0,0,0
2026_CUTOFF,2026-07-02,824416,677944,2,1,0,0,0,0,0,0
2026_CUTOFF,2026-07-02,824416,677944,2,1,1,0,0,0,0,0
2026_CUTOFF,2026-07-02,824416,677944,2,1,0,0,0,0,0,0
2026_CUTOFF,2026-07-02,824416,677944,3,1,1,0,0,0,0,1
2026_CUTOFF,2026-07-02,824416,677944,3,1,1,0,0,0,0,0
2026_CUTOFF,2026-07-02,824416,677944,3,1,1,0,0,0,0,2
2026_CUTOFF,2026-07-02,824416,677944,3,1,0,0,0,0,0,0
2026_CUTOFF,2026-07-02,824416,677944,3,1,0,0,0,0,1,0
2026_CUTOFF,2026-07-02,824416,677944,3,1,1,0,0,0,0,0
2026_CUTOFF,2026-07-02,824416,677944,3,1,1,1,0,0,0,2
2026_CUTOFF,2026-07-03,824417,668909,1,1,0,0,0,0,0,0
2026_CUTOFF,2026-07-03,824417,668909,1,1,1,0,0,0,0,0
2026_CUTOFF,2026-07-03,824417,668909,1,1,0,0,0,0,0,0
2026_CUTOFF,2026-07-03,824417,668909,1,1,0,0,0,0,1,0
2026_CUTOFF,2026-07-03,824417,668909,1,1,0,0,0,0,1,0
2026_CUTOFF,2026-07-03,824417,668909,1,1,1,0,0,0,0,0
2026_CUTOFF,2026-07-03,824417,668909,1,1,0,0,0,0,0,0
2026_CUTOFF,2026-07-03,824417,668909,1,1,0,0,0,0,1,0
2026_CUTOFF,2026-07-03,824417,668909,1,1,0,0,0,0,0,0
2026_CUTOFF,2026-07-03,824417,668909,2,1,0,0,0,0,1,0
2026_CUTOFF,2026-07-03,824417,668909,2,1,0,0,1,0,0,0
2026_CUTOFF,2026-07-03,824417,668909,2,1,0,0,0,0,1,0
2026_CUTOFF,2026-07-03,824417,668909,2,1,0,0,1,0,0,0
2026_CUTOFF,2026-07-03,824417,668909,2,1,0,0,0,0,1,0
2026_CUTOFF,2026-07-03,824417,668909,2,1,0,0,0,0,0,0
2026_CUTOFF,2026-07-03,824417,668909,2,1,1,0,0,0,0,0
2026_CUTOFF,2026-07-03,824417,668909,2,1,1,0,0,0,0,0
2026_CUTOFF,2026-07-03,824417,668909,2,1,0,0,0,0,0,0
2026_CUTOFF,2026-07-03,824417,668909,3,1,0,0,0,0,0,0
2026_CUTOFF,2026-07-03,824417,668909,3,1,1,1,0,0,0,3
2026_CUTOFF,2026-07-04,824415,800048,1,1,0,0,1,0,0,0
2026_CUTOFF,2026-07-04,824415,800048,1,1,0,0,0,0,0,0
2026_CUTOFF,2026-07-04,824415,800048,1,1,0,0,0,0,1,0
2026_CUTOFF,2026-07-04,824415,800048,1,1,1,0,0,0,0,1
2026_CUTOFF,2026-07-04,824415,800048,1,1,0,0,0,0,0,0
2026_CUTOFF,2026-07-04,824415,800048,1,1,0,0,0,0,1,0
2026_CUTOFF,2026-07-04,824415,800048,1,1,0,0,0,0,0,0
2026_CUTOFF,2026-07-04,824415,800048,1,1,0,0,1,0,0,0
2026_CUTOFF,2026-07-04,824415,800048,1,1,1,0,0,0,0,0
2026_CUTOFF,2026-07-04,824415,800048,2,1,0,0,0,0,1,0
2026_CUTOFF,2026-07-04,824415,800048,2,1,0,0,0,0,0,0
2026_CUTOFF,2026-07-04,824415,800048,2,1,0,0,0,0,0,0
2026_CUTOFF,2026-07-04,824415,800048,2,1,0,0,0,0,0,0
2026_CUTOFF,2026-07-04,824415,800048,2,1,0,0,0,0,0,0
2026_CUTOFF,2026-07-04,824415,800048,2,1,1,0,0,0,0,0
2026_CUTOFF,2026-07-04,824415,800048,2,1,1,0,0,0,0,0
2026_CUTOFF,2026-07-04,824415,800048,2,1,0,0,0,0,0,0
2026_CUTOFF,2026-07-04,824415,800048,2,1,0,0,1,0,0,0
2026_CUTOFF,2026-07-04,824415,800048,3,1,0,0,0,0,0,0
2026_CUTOFF,2026-07-04,824415,800048,3,1,1,0,0,0,0,0
2026_CUTOFF,2026-07-04,824415,800048,3,1,0,0,0,0,0,0
2026_CUTOFF,2026-07-04,824415,800048,3,1,0,0,0,0,0,0
2026_CUTOFF,2026-07-04,824415,800048,3,1,0,0,0,0,0,0
2026_CUTOFF,2026-07-05,824413,676440,1,1,0,0,0,0,0,0
2026_CUTOFF,2026-07-05,824413,676440,1,1,0,0,1,0,0,0
2026_CUTOFF,2026-07-05,824413,676440,1,1,1,1,0,0,0,2
2026_CUTOFF,2026-07-05,824413,676440,1,1,0,0,0,0,0,0
2026_CUTOFF,2026-07-05,824413,676440,1,1,1,0,0,0,0,0
2026_CUTOFF,2026-07-05,824413,676440,1,1,0,0,0,0,0,0
2026_CUTOFF,2026-07-05,824413,676440,1,1,0,0,0,0,0,0
2026_CUTOFF,2026-07-05,824413,676440,1,1,1,1,0,0,0,1
2026_CUTOFF,2026-07-05,824413,676440,1,1,0,0,0,0,0,0
2026_CUTOFF,2026-07-05,824413,676440,2,1,0,0,0,0,0,0
2026_CUTOFF,2026-07-05,824413,676440,2,1,1,0,0,0,0,0
2026_CUTOFF,2026-07-05,824413,676440,2,1,0,0,0,0,0,0
2026_CUTOFF,2026-07-05,824413,676440,2,1,1,0,0,0,0,1
2026_CUTOFF,2026-07-05,824413,676440,2,1,1,1,0,0,0,2
2026_CUTOFF,2026-07-05,824413,676440,2,1,0,0,0,0,0,0
2026_CUTOFF,2026-07-05,824413,676440,2,1,0,0,0,0,0,0
2026_CUTOFF,2026-07-05,824413,676440,2,1,0,0,0,0,0,0
2026_CUTOFF,2026-07-05,824413,676440,2,1,0,0,0,0,0,0
2026_CUTOFF,2026-07-05,824413,676440,3,1,0,0,0,0,1,0
2026_CUTOFF,2026-07-07,823687,676282,1,1,0,0,0,0,1,0
2026_CUTOFF,2026-07-07,823687,676282,1,1,0,0,0,0,1,0
2026_CUTOFF,2026-07-07,823687,676282,1,1,1,0,0,0,0,0
2026_CUTOFF,2026-07-07,823687,676282,1,1,0,0,1,0,0,0
2026_CUTOFF,2026-07-07,823687,676282,1,1,0,0,0,0,1,0
2026_CUTOFF,2026-07-07,823687,676282,1,1,0,0,0,0,0,0
2026_CUTOFF,2026-07-07,823687,676282,1,1,0,0,0,0,0,0
2026_CUTOFF,2026-07-07,823687,676282,1,1,1,0,0,0,0,0
2026_CUTOFF,2026-07-07,823687,676282,1,1,0,0,0,0,1,0
2026_CUTOFF,2026-07-07,823687,676282,2,1,0,0,0,0,0,1
2026_CUTOFF,2026-07-07,823687,676282,2,1,1,0,0,0,0,1
2026_CUTOFF,2026-07-07,823687,676282,2,1,0,0,1,0,0,0
2026_CUTOFF,2026-07-07,823687,676282,2,1,0,0,0,0,0,0
2026_CUTOFF,2026-07-07,823687,676282,2,1,1,0,0,0,0,0
2026_CUTOFF,2026-07-07,823687,676282,2,1,0,0,0,0,1,0
2026_CUTOFF,2026-07-07,823687,676282,2,1,1,0,0,0,0,0
2026_CUTOFF,2026-07-07,823687,676282,2,1,0,0,0,0,0,0
2026_CUTOFF,2026-07-07,823687,676282,2,1,0,0,0,0,0,0
2026_CUTOFF,2026-07-07,823687,676282,3,1,0,0,1,0,0,0
2026_CUTOFF,2026-07-07,823687,676282,3,1,0,0,0,0,1,0
2026_CUTOFF,2026-07-07,823687,676282,3,1,0,0,0,0,0,0
2026_CUTOFF,2026-07-07,823687,676282,3,1,0,0,0,0,1,0
2026_CUTOFF,2026-07-07,823687,676282,3,1,0,0,0,0,0,0
2026_CUTOFF,2026-07-07,823687,676282,3,1,1,0,0,0,0,0
2026_CUTOFF,2026-07-07,823687,676282,3,1,0,0,0,0,0,0
2026_CUTOFF,2026-07-08,823684,677944,1,1,0,0,0,0,1,0
2026_CUTOFF,2026-07-08,823684,677944,1,1,1,0,0,0,0,0
2026_CUTOFF,2026-07-08,823684,677944,1,1,1,0,0,0,0,0
2026_CUTOFF,2026-07-08,823684,677944,1,1,0,0,0,0,0,0
2026_CUTOFF,2026-07-08,823684,677944,1,1,0,0,0,0,0,0
2026_CUTOFF,2026-07-08,823684,677944,1,1,0,0,0,0,0,0
2026_CUTOFF,2026-07-08,823684,677944,1,1,0,0,0,0,1,0
2026_CUTOFF,2026-07-08,823684,677944,1,1,0,0,0,0,0,0
2026_CUTOFF,2026-07-08,823684,677944,1,1,0,0,0,0,1,0
2026_CUTOFF,2026-07-08,823684,677944,2,1,0,0,0,0,0,0
2026_CUTOFF,2026-07-08,823684,677944,2,1,1,0,0,0,0,0
2026_CUTOFF,2026-07-08,823684,677944,2,1,1,0,0,0,0,0
2026_CUTOFF,2026-07-08,823684,677944,2,1,1,0,0,0,0,0
2026_CUTOFF,2026-07-08,823684,677944,2,1,0,0,1,0,0,1
2026_CUTOFF,2026-07-08,823684,677944,2,1,0,0,0,0,1,0
2026_CUTOFF,2026-07-08,823684,677944,2,1,0,0,0,0,0,1
2026_CUTOFF,2026-07-08,823684,677944,2,1,1,0,0,0,0,1
2026_CUTOFF,2026-07-09,823683,668909,1,1,0,0,0,0,0,0
2026_CUTOFF,2026-07-09,823683,668909,1,1,0,0,0,0,0,0
2026_CUTOFF,2026-07-09,823683,668909,1,1,0,0,0,0,1,0
2026_CUTOFF,2026-07-09,823683,668909,1,1,0,0,0,0,1,0
2026_CUTOFF,2026-07-09,823683,668909,1,1,0,0,0,0,1,0
2026_CUTOFF,2026-07-09,823683,668909,1,1,0,0,0,0,1,0
2026_CUTOFF,2026-07-09,823683,668909,1,1,0,0,0,0,0,0
2026_CUTOFF,2026-07-09,823683,668909,1,1,0,0,0,0,1,0
2026_CUTOFF,2026-07-09,823683,668909,1,1,0,0,0,0,1,0
2026_CUTOFF,2026-07-09,823683,668909,2,1,0,0,0,0,1,0
2026_CUTOFF,2026-07-09,823683,668909,2,1,0,0,0,0,0,0
2026_CUTOFF,2026-07-09,823683,668909,2,1,0,0,0,0,0,0
2026_CUTOFF,2026-07-09,823683,668909,2,1,0,0,0,0,1,0
2026_CUTOFF,2026-07-09,823683,668909,2,1,1,0,0,0,0,0
2026_CUTOFF,2026-07-09,823683,668909,2,1,0,0,1,0,0,0
2026_CUTOFF,2026-07-09,823683,668909,2,1,0,0,0,1,0,0
2026_CUTOFF,2026-07-09,823683,668909,2,1,1,0,0,0,0,1
2026_CUTOFF,2026-07-09,823683,668909,2,1,0,0,0,0,0,0
2026_CUTOFF,2026-07-09,823683,668909,3,1,0,0,0,0,1,0
2026_CUTOFF,2026-07-09,823683,668909,3,1,0,0,0,0,0,0
2026_CUTOFF,2026-07-09,823683,668909,3,1,0,0,0,0,1,0
2026_CUTOFF,2026-07-09,823683,668909,3,1,0,0,0,0,0,0
2026_CUTOFF,2026-07-09,823683,668909,3,1,1,1,0,0,0,1
2026_CUTOFF,2026-07-09,823683,668909,3,1,0,0,0,0,0,0
2026_CUTOFF,2026-07-09,823683,668909,3,1,0,0,0,0,1,0
2026_CUTOFF,2026-07-09,823683,668909,3,1,0,0,0,0,0,0
2026_CUTOFF,2026-07-10,823845,800048,1,1,0,0,0,0,0,0
2026_CUTOFF,2026-07-10,823845,800048,1,1,0,0,0,0,0,0
2026_CUTOFF,2026-07-10,823845,800048,1,1,0,0,0,0,0,0
2026_CUTOFF,2026-07-10,823845,800048,1,1,0,0,0,0,0,0
2026_CUTOFF,2026-07-10,823845,800048,1,1,0,0,0,0,0,0
2026_CUTOFF,2026-07-10,823845,800048,1,1,0,0,0,0,0,0
2026_CUTOFF,2026-07-10,823845,800048,1,1,0,0,1,0,0,0
2026_CUTOFF,2026-07-10,823845,800048,1,1,0,0,0,0,0,0
2026_CUTOFF,2026-07-10,823845,800048,1,1,0,0,0,0,0,0
2026_CUTOFF,2026-07-10,823845,800048,2,1,0,0,0,0,0,0
2026_CUTOFF,2026-07-10,823845,800048,2,1,0,0,1,0,0,0
2026_CUTOFF,2026-07-10,823845,800048,2,1,0,0,0,0,0,0
2026_CUTOFF,2026-07-10,823845,800048,2,1,0,0,0,0,0,0
2026_CUTOFF,2026-07-10,823845,800048,2,1,0,0,0,0,0,0
2026_CUTOFF,2026-07-10,823845,800048,2,1,0,0,0,0,0,0
2026_CUTOFF,2026-07-10,823845,800048,2,1,0,0,1,0,0,0
2026_CUTOFF,2026-07-10,823845,800048,2,1,0,0,1,0,0,0
2026_CUTOFF,2026-07-10,823845,800048,2,1,0,0,0,0,0,0
2026_CUTOFF,2026-07-10,823845,800048,3,1,0,0,0,0,1,0
2026_CUTOFF,2026-07-10,823845,800048,3,1,1,1,0,0,0,1
2026_CUTOFF,2026-07-10,823845,800048,3,1,0,0,0,0,0,0
2026_CUTOFF,2026-07-10,823845,800048,3,1,0,0,0,0,0,0
2026_CUTOFF,2026-07-11,823844,676440,1,1,0,0,1,0,0,0
2026_CUTOFF,2026-07-11,823844,676440,1,1,0,0,0,0,0,0
2026_CUTOFF,2026-07-11,823844,676440,1,1,1,0,0,0,0,0
2026_CUTOFF,2026-07-11,823844,676440,1,1,0,0,0,0,0,0
2026_CUTOFF,2026-07-11,823844,676440,1,1,0,0,0,0,1,0
2026_CUTOFF,2026-07-11,823844,676440,1,1,0,0,0,0,0,0
2026_CUTOFF,2026-07-11,823844,676440,1,1,0,0,1,0,0,0
2026_CUTOFF,2026-07-11,823844,676440,1,1,0,0,0,0,0,0
2026_CUTOFF,2026-07-11,823844,676440,1,1,0,0,0,0,0,0
2026_CUTOFF,2026-07-11,823844,676440,2,1,0,0,0,0,0,0
2026_CUTOFF,2026-07-11,823844,676440,2,1,0,0,1,0,0,0
2026_CUTOFF,2026-07-11,823844,676440,2,1,0,0,1,0,0,0
2026_CUTOFF,2026-07-11,823844,676440,2,1,1,0,0,0,0,0
2026_CUTOFF,2026-07-11,823844,676440,2,1,0,0,0,0,0,0
2026_CUTOFF,2026-07-11,823844,676440,2,1,1,0,0,0,0,0
2026_CUTOFF,2026-07-11,823844,676440,2,1,0,0,0,0,1,0
2026_CUTOFF,2026-07-11,823844,676440,2,1,0,0,0,0,0,0
2026_CUTOFF,2026-07-11,823844,676440,2,1,0,0,0,0,0,0
2026_CUTOFF,2026-07-11,823844,676440,3,1,1,0,0,0,0,0
2026_CUTOFF,2026-07-11,823844,676440,3,1,0,0,0,0,1,0
2026_CUTOFF,2026-07-11,823844,676440,3,1,0,0,0,0,0,0
2026_CUTOFF,2026-07-11,823844,676440,3,1,0,0,0,0,0,0
2026_CUTOFF,2026-07-11,823844,676440,3,1,0,0,0,0,0,0
2026_CUTOFF,2026-07-11,823844,676440,3,1,0,0,0,0,0,0
2026_CUTOFF,2026-07-11,823844,676440,3,1,0,0,0,0,0,0
2026_CUTOFF,2026-07-11,823844,676440,3,1,1,0,0,0,0,0
2026_CUTOFF,2026-07-11,823844,676440,3,1,0,0,0,0,0,0
2026_CUTOFF,2026-07-12,823842,676282,1,1,0,0,0,0,1,0
2026_CUTOFF,2026-07-12,823842,676282,1,1,0,0,0,0,1,0
2026_CUTOFF,2026-07-12,823842,676282,1,1,1,0,0,0,0,0
2026_CUTOFF,2026-07-12,823842,676282,1,1,1,0,0,0,0,0
2026_CUTOFF,2026-07-12,823842,676282,1,1,1,0,0,0,0,0
2026_CUTOFF,2026-07-12,823842,676282,1,1,0,0,1,0,0,0
2026_CUTOFF,2026-07-12,823842,676282,1,1,0,0,0,0,0,0
2026_CUTOFF,2026-07-12,823842,676282,1,1,0,0,0,0,1,0
2026_CUTOFF,2026-07-12,823842,676282,1,1,0,0,0,0,1,0
2026_CUTOFF,2026-07-12,823842,676282,2,1,0,0,0,0,1,0
2026_CUTOFF,2026-07-12,823842,676282,2,1,1,0,0,0,0,0
2026_CUTOFF,2026-07-12,823842,676282,2,1,0,0,0,0,0,0
2026_CUTOFF,2026-07-12,823842,676282,2,1,1,0,0,0,0,1
2026_CUTOFF,2026-07-12,823842,676282,2,1,1,0,0,0,0,0
2026_CUTOFF,2026-07-12,823842,676282,2,1,0,0,0,0,0,0
2026_CUTOFF,2026-07-12,823842,676282,2,1,0,0,0,0,1,0
2026_CUTOFF,2026-07-12,823842,676282,2,1,0,0,0,0,0,0
2026_CUTOFF,2026-07-12,823842,676282,2,1,0,0,0,0,1,0
2026_CUTOFF,2026-07-12,823842,676282,3,1,0,0,0,0,1,0
2026_CUTOFF,2026-07-12,823842,676282,3,1,0,0,0,0,1,0
2026_CUTOFF,2026-07-12,823842,676282,3,1,0,0,1,0,0,0
2026_CUTOFF,2026-07-12,823842,676282,3,1,0,0,0,0,0,0
2026_CUTOFF,2026-07-18,824412,671106,1,1,0,0,0,0,1,0
2026_CUTOFF,2026-07-18,824412,671106,1,1,0,0,0,0,0,0
2026_CUTOFF,2026-07-18,824412,671106,1,1,1,0,0,0,0,0
2026_CUTOFF,2026-07-18,824412,671106,1,1,0,0,0,0,0,0
2026_CUTOFF,2026-07-18,824412,671106,1,1,0,0,1,0,0,0
2026_CUTOFF,2026-07-18,824412,671106,1,1,1,0,0,0,0,0
2026_CUTOFF,2026-07-18,824412,671106,1,1,0,0,0,0,0,1
2026_CUTOFF,2026-07-18,824412,671106,1,1,0,0,0,0,0,0
2026_CUTOFF,2026-07-18,824412,671106,1,1,1,0,0,0,0,0
2026_CUTOFF,2026-07-18,824412,671106,2,1,0,0,0,0,0,0
2026_CUTOFF,2026-07-18,824412,671106,2,1,1,0,0,0,0,0
2026_CUTOFF,2026-07-18,824412,671106,2,1,0,0,0,0,0,0
2026_CUTOFF,2026-07-18,824412,671106,2,1,1,0,0,0,0,1
2026_CUTOFF,2026-07-18,824412,671106,2,1,0,0,0,0,0,0
2026_CUTOFF,2026-07-18,824412,671106,2,1,0,0,0,0,1,0
2026_CUTOFF,2026-07-18,824412,671106,2,1,0,0,1,0,0,0
2026_CUTOFF,2026-07-18,824412,671106,2,1,0,0,1,0,0,0
2026_CUTOFF,2026-07-18,824412,671106,2,1,0,0,0,0,1,0
2026_CUTOFF,2026-07-18,824412,671106,3,1,1,0,0,0,0,1
2026_CUTOFF,2026-07-18,824414,668909,1,1,0,0,0,0,0,0
2026_CUTOFF,2026-07-18,824414,668909,1,1,1,0,0,0,0,0
2026_CUTOFF,2026-07-18,824414,668909,1,1,0,0,0,0,1,0
2026_CUTOFF,2026-07-18,824414,668909,1,1,0,0,0,0,0,0
2026_CUTOFF,2026-07-18,824414,668909,1,1,0,0,0,0,0,0
2026_CUTOFF,2026-07-18,824414,668909,1,1,0,0,0,0,0,0
2026_CUTOFF,2026-07-18,824414,668909,1,1,1,0,0,0,0,0
2026_CUTOFF,2026-07-18,824414,668909,1,1,1,1,0,0,0,2
2026_CUTOFF,2026-07-18,824414,668909,1,1,0,0,0,0,0,0
2026_CUTOFF,2026-07-18,824414,668909,2,1,0,0,0,0,0,0
2026_CUTOFF,2026-07-18,824414,668909,2,1,0,0,0,0,1,0
2026_CUTOFF,2026-07-18,824414,668909,2,1,0,0,0,0,1,0
2026_CUTOFF,2026-07-18,824414,668909,2,1,0,0,0,0,1,0
2026_CUTOFF,2026-07-18,824414,668909,2,1,0,0,0,0,1,0
2026_CUTOFF,2026-07-18,824414,668909,2,1,0,0,0,0,1,0
2026_CUTOFF,2026-07-18,824414,668909,2,1,0,0,0,0,1,0
2026_CUTOFF,2026-07-18,824414,668909,2,1,1,0,0,0,0,0
2026_CUTOFF,2026-07-18,824414,668909,2,1,0,0,0,0,1,0
2026_CUTOFF,2026-07-18,824414,668909,3,1,0,0,0,0,0,0
2026_CUTOFF,2026-07-18,824414,668909,3,1,0,0,0,0,1,0
2026_CUTOFF,2026-07-18,824414,668909,3,1,1,0,0,0,0,0
2026_CUTOFF,2026-07-18,824414,668909,3,1,1,1,0,0,0,2
2026_CUTOFF,2026-07-18,824414,668909,3,1,0,0,0,0,1,0
2026_CUTOFF,2026-07-18,824414,668909,3,1,1,1,0,0,0,1
2026_CUTOFF,2026-07-18,824414,668909,3,1,0,0,0,0,1,0
2026_CUTOFF,2026-07-19,824411,676282,1,1,0,0,0,0,1,0
2026_CUTOFF,2026-07-19,824411,676282,1,1,0,0,1,0,0,0
2026_CUTOFF,2026-07-19,824411,676282,1,1,0,0,0,0,1,0
2026_CUTOFF,2026-07-19,824411,676282,1,1,0,0,1,0,0,0
2026_CUTOFF,2026-07-19,824411,676282,1,1,0,0,0,0,0,0
2026_CUTOFF,2026-07-19,824411,676282,1,1,1,0,0,0,0,0
2026_CUTOFF,2026-07-19,824411,676282,1,1,0,0,0,0,0,0
2026_CUTOFF,2026-07-19,824411,676282,1,1,0,0,0,0,0,0
2026_CUTOFF,2026-07-19,824411,676282,1,1,1,0,0,0,0,1
2026_CUTOFF,2026-07-19,824411,676282,2,1,1,0,0,0,0,0
2026_CUTOFF,2026-07-19,824411,676282,2,1,0,0,0,0,1,0
2026_CUTOFF,2026-07-19,824411,676282,2,1,0,0,0,0,1,0
2026_CUTOFF,2026-07-19,824411,676282,2,1,0,0,0,0,1,0
2026_CUTOFF,2026-07-19,824411,676282,2,1,0,0,0,0,0,0
2026_CUTOFF,2026-07-19,824411,676282,2,1,0,0,0,0,1,0
2026_CUTOFF,2026-07-19,824411,676282,2,1,0,0,0,0,0,0
2026_CUTOFF,2026-07-19,824411,676282,2,1,0,0,0,0,0,0
2026_CUTOFF,2026-07-19,824411,676282,2,1,1,0,0,0,0,0
2026_CUTOFF,2026-07-19,824411,676282,3,1,0,0,0,0,1,1
2026_CUTOFF,2026-07-19,824411,676282,3,1,1,0,0,0,0,0
2026_CUTOFF,2026-07-19,824411,676282,3,1,0,0,0,0,0,0
2026_CUTOFF,2026-07-19,824411,676282,3,1,0,0,1,0,0,0
2026_CUTOFF,2026-07-19,824411,676282,3,1,0,0,0,0,0,0
2026_CUTOFF,2026-07-19,824411,676282,3,1,1,0,0,0,0,0
2026_CUTOFF,2026-07-19,824411,676282,3,1,1,0,0,0,0,1
2026_CUTOFF,2026-07-20,824410,676440,1,1,0,0,0,0,1,0
2026_CUTOFF,2026-07-20,824410,676440,1,1,1,0,0,0,0,0
2026_CUTOFF,2026-07-20,824410,676440,1,1,0,0,0,0,0,0
2026_CUTOFF,2026-07-20,824410,676440,1,1,0,0,0,0,1,0
2026_CUTOFF,2026-07-20,824410,676440,1,1,0,0,1,0,0,0
2026_CUTOFF,2026-07-20,824410,676440,1,1,0,0,0,0,0,0
2026_CUTOFF,2026-07-20,824410,676440,1,1,1,0,0,0,0,1
2026_CUTOFF,2026-07-20,824410,676440,1,1,0,0,0,0,0,1
2026_CUTOFF,2026-07-20,824410,676440,1,1,0,0,0,0,1,0
2026_CUTOFF,2026-07-20,824410,676440,2,1,0,0,0,0,0,0
2026_CUTOFF,2026-07-20,824410,676440,2,1,1,0,0,0,0,0
2026_CUTOFF,2026-07-20,824410,676440,2,1,0,0,0,0,0,0
2026_CUTOFF,2026-07-20,824410,676440,2,1,0,0,0,0,0,0
2026_CUTOFF,2026-07-20,824410,676440,2,1,0,0,0,0,0,0
2026_CUTOFF,2026-07-20,824410,676440,2,1,0,0,0,0,1,0
2026_CUTOFF,2026-07-20,824410,676440,2,1,1,0,0,0,0,0
2026_CUTOFF,2026-07-20,824410,676440,2,1,0,0,0,0,0,0
2026_CUTOFF,2026-07-20,824410,676440,2,1,0,0,0,0,0,0
2026_CUTOFF,2026-07-20,824410,676440,3,1,0,0,0,0,1,0
2026_CUTOFF,2026-07-20,824410,676440,3,1,0,0,0,0,0,0
2026_CUTOFF,2026-07-20,824410,676440,3,1,0,0,0,0,0,0
2026_CUTOFF,2026-07-20,824410,676440,3,1,1,0,0,0,0,0
2026_CUTOFF,2026-07-20,824410,676440,3,1,1,0,0,0,0,0
2026_CUTOFF,2026-07-20,824410,676440,3,1,0,0,0,0,0,0
2026_CUTOFF,2026-07-20,824410,676440,3,1,0,0,0,0,0,0
2026_CUTOFF,2026-07-21,824409,800048,1,1,0,0,0,0,0,0
2026_CUTOFF,2026-07-21,824409,800048,1,1,0,0,0,0,0,0
2026_CUTOFF,2026-07-21,824409,800048,1,1,1,1,0,0,0,1
2026_CUTOFF,2026-07-21,824409,800048,1,1,0,0,0,0,1,0
2026_CUTOFF,2026-07-21,824409,800048,1,1,0,0,0,0,0,0
2026_CUTOFF,2026-07-21,824409,800048,1,1,0,0,0,0,1,0
2026_CUTOFF,2026-07-21,824409,800048,1,1,0,0,0,0,0,0
2026_CUTOFF,2026-07-21,824409,800048,1,1,0,0,0,0,1,0
2026_CUTOFF,2026-07-21,824409,800048,1,1,0,0,0,0,0,0
2026_CUTOFF,2026-07-21,824409,800048,2,1,0,0,0,0,0,0
2026_CUTOFF,2026-07-21,824409,800048,2,1,0,0,0,0,0,0
2026_CUTOFF,2026-07-21,824409,800048,2,1,0,0,0,0,0,0
2026_CUTOFF,2026-07-21,824409,800048,2,1,1,0,0,0,0,0
2026_CUTOFF,2026-07-21,824409,800048,2,1,0,0,0,0,0,1
2026_CUTOFF,2026-07-21,824409,800048,2,1,0,0,0,0,0,0
2026_CUTOFF,2026-07-21,824409,800048,2,1,1,0,0,0,0,0
2026_CUTOFF,2026-07-21,824409,800048,2,1,0,0,0,0,1,0
2026_CUTOFF,2026-07-21,824409,800048,2,1,0,0,0,0,1,0
2026_CUTOFF,2026-07-21,824409,800048,3,1,0,0,0,0,1,0
2026_CUTOFF,2026-07-21,824409,800048,3,1,1,0,0,0,0,0
2026_CUTOFF,2026-07-21,824409,800048,3,1,0,0,0,0,0,0
2026_CUTOFF,2026-07-21,824409,800048,3,1,0,0,0,0,0,0
