PERIOD,DATE,GAME_PK,RUNNER_ID,RESPONSIBLE_PITCHER_ID,RESPONSIBILITY_SOURCE,STARTER_ID,CLASS,INNING
2024,2024-03-28,745116,543807,621107,responsiblePitcher,621107,STARTER,4
2024,2024-03-28,745116,624415,621107,responsiblePitcher,621107,STARTER,6
2024,2024-03-28,745116,665489,621107,responsiblePitcher,621107,STARTER,6
2024,2024-03-28,745116,457759,621107,responsiblePitcher,621107,STARTER,6
2024,2024-03-28,745116,666182,621107,responsiblePitcher,621107,STARTER,6
2024,2024-03-28,745116,662139,621107,responsiblePitcher,621107,STARTER,6
2024,2024-03-28,745116,543807,542888,responsiblePitcher,621107,BULLPEN,7
2024,2024-03-28,745116,624415,542888,responsiblePitcher,621107,BULLPEN,7
2024,2024-03-29,745117,543807,650644,responsiblePitcher,650644,STARTER,3
2024,2024-03-29,745117,457759,592094,responsiblePitcher,650644,BULLPEN,9
2024,2024-03-30,745119,662139,621363,responsiblePitcher,641793,BULLPEN,7
2024,2024-03-31,745115,543807,542888,responsiblePitcher,542888,STARTER,1
2024,2024-03-31,745115,665489,542888,responsiblePitcher,542888,STARTER,1
2024,2024-03-31,745115,643396,641302,responsiblePitcher,542888,BULLPEN,2
2024,2024-03-31,745115,543807,641302,responsiblePitcher,542888,BULLPEN,2
2024,2024-03-31,745115,457759,641302,responsiblePitcher,542888,BULLPEN,5
2024,2024-03-31,745115,676914,641302,responsiblePitcher,542888,BULLPEN,5
2024,2024-03-31,745115,676391,641302,responsiblePitcher,542888,BULLPEN,5
2024,2024-03-31,745115,457759,621097,responsiblePitcher,542888,BULLPEN,7
2024,2024-03-31,745115,676391,621097,responsiblePitcher,542888,BULLPEN,7
2024,2024-04-02,746411,676914,623352,responsiblePitcher,664285,BULLPEN,9
2024,2024-04-02,746411,662139,623352,responsiblePitcher,664285,BULLPEN,9
2024,2024-04-05,745764,676391,657571,responsiblePitcher,573186,BULLPEN,7
2024,2024-04-05,745764,661531,642701,responsiblePitcher,573186,BULLPEN,9
2024,2024-04-05,745764,662139,642701,responsiblePitcher,573186,BULLPEN,9
2024,2024-04-06,745766,595281,657376,responsiblePitcher,657376,STARTER,3
2024,2024-04-06,745766,676391,657376,responsiblePitcher,657376,STARTER,4
2024,2024-04-06,745766,665489,596133,responsiblePitcher,657376,BULLPEN,7
2024,2024-04-06,745766,666182,596133,responsiblePitcher,657376,BULLPEN,7
2024,2024-04-06,745766,457759,596133,responsiblePitcher,657376,BULLPEN,7
2024,2024-04-06,745766,457759,641656,responsiblePitcher,657376,BULLPEN,9
2024,2024-04-06,745766,676391,641656,responsiblePitcher,657376,BULLPEN,9
2024,2024-04-06,745766,676914,641656,responsiblePitcher,657376,BULLPEN,9
2024,2024-04-07,745765,543807,661563,responsiblePitcher,661563,STARTER,3
2024,2024-04-07,745765,665489,661563,responsiblePitcher,661563,STARTER,5
2024,2024-04-07,745765,643396,664776,responsiblePitcher,661563,BULLPEN,6
2024,2024-04-08,744956,457759,622491,responsiblePitcher,622491,STARTER,2
2024,2024-04-08,744956,666182,622491,responsiblePitcher,622491,STARTER,3
2024,2024-04-08,744956,665489,622491,responsiblePitcher,622491,STARTER,3
2024,2024-04-08,744956,595281,622491,responsiblePitcher,622491,STARTER,4
2024,2024-04-08,744956,662139,676969,responsiblePitcher,622491,BULLPEN,8
2024,2024-04-09,744957,662139,669923,responsiblePitcher,669923,STARTER,3
2024,2024-04-09,744957,666182,669923,responsiblePitcher,669923,STARTER,3
2024,2024-04-09,744957,665489,669923,responsiblePitcher,669923,STARTER,3
2024,2024-04-09,744957,624415,669923,responsiblePitcher,669923,STARTER,4
2024,2024-04-09,744957,643396,669923,responsiblePitcher,669923,STARTER,4
2024,2024-04-10,744950,665489,669302,responsiblePitcher,669302,STARTER,7
2024,2024-04-12,744954,666182,663372,responsiblePitcher,663372,STARTER,1
2024,2024-04-12,744954,662139,663372,responsiblePitcher,663372,STARTER,2
2024,2024-04-12,744954,643396,641755,responsiblePitcher,663372,BULLPEN,9
2024,2024-04-12,744954,676914,641755,responsiblePitcher,663372,BULLPEN,9
2024,2024-04-13,744953,543807,641712,responsiblePitcher,641712,STARTER,1
2024,2024-04-13,744953,662139,641712,responsiblePitcher,641712,STARTER,1
2024,2024-04-13,744953,666182,641712,responsiblePitcher,641712,STARTER,1
2024,2024-04-13,744953,596129,641712,responsiblePitcher,641712,STARTER,1
2024,2024-04-13,744953,676914,641712,responsiblePitcher,641712,STARTER,1
2024,2024-04-14,744952,543807,607536,responsiblePitcher,607536,STARTER,1
2024,2024-04-14,744952,595281,607536,responsiblePitcher,607536,STARTER,3
2024,2024-04-14,744952,665489,607536,responsiblePitcher,607536,STARTER,3
2024,2024-04-14,744952,543807,607536,responsiblePitcher,607536,STARTER,5
2024,2024-04-14,744952,676391,683627,responsiblePitcher,607536,BULLPEN,8
2024,2024-04-15,744951,624415,661563,responsiblePitcher,661563,STARTER,2
2024,2024-04-15,744951,672386,661563,responsiblePitcher,661563,STARTER,2
2024,2024-04-15,744951,666182,661563,responsiblePitcher,661563,STARTER,3
2024,2024-04-16,744944,662139,607074,responsiblePitcher,607074,STARTER,3
2024,2024-04-16,744944,662139,607074,responsiblePitcher,607074,STARTER,4
2024,2024-04-16,744944,676391,607074,responsiblePitcher,607074,STARTER,4
2024,2024-04-16,744944,676391,596133,responsiblePitcher,607074,BULLPEN,6
2024,2024-04-16,744944,643396,596133,responsiblePitcher,607074,BULLPEN,6
2024,2024-04-17,744948,662139,573186,responsiblePitcher,573186,STARTER,2
2024,2024-04-17,744948,676914,573186,responsiblePitcher,573186,STARTER,2
2024,2024-04-17,744948,662139,657571,responsiblePitcher,573186,BULLPEN,7
2024,2024-04-17,744948,595281,657571,responsiblePitcher,573186,BULLPEN,7
2024,2024-04-19,745430,457759,663362,responsiblePitcher,663362,STARTER,1
2024,2024-04-19,745430,624415,663362,responsiblePitcher,663362,STARTER,2
2024,2024-04-19,745430,643376,663362,responsiblePitcher,663362,STARTER,2
2024,2024-04-19,745430,595281,663362,responsiblePitcher,663362,STARTER,2
2024,2024-04-19,745430,666182,663362,responsiblePitcher,663362,STARTER,2
2024,2024-04-20,745431,662139,681190,responsiblePitcher,681190,STARTER,1
2024,2024-04-20,745431,665489,681190,responsiblePitcher,681190,STARTER,1
2024,2024-04-20,745431,666182,681190,responsiblePitcher,681190,STARTER,1
2024,2024-04-20,745431,643396,681190,responsiblePitcher,681190,STARTER,2
2024,2024-04-20,745431,662139,673513,responsiblePitcher,681190,BULLPEN,9
2024,2024-04-21,745434,676914,605397,responsiblePitcher,605397,STARTER,2
2024,2024-04-21,745434,676391,605397,responsiblePitcher,605397,STARTER,3
2024,2024-04-21,745434,457759,605397,responsiblePitcher,605397,STARTER,7
2024,2024-04-22,746319,643396,663903,responsiblePitcher,663903,STARTER,3
2024,2024-04-22,746319,624415,663903,responsiblePitcher,663903,STARTER,3
2024,2024-04-22,746319,665489,663903,responsiblePitcher,663903,STARTER,3
2024,2024-04-22,746319,662139,663903,responsiblePitcher,663903,STARTER,6
2024,2024-04-22,746319,457759,663903,responsiblePitcher,663903,STARTER,6
2024,2024-04-23,746321,543807,608379,responsiblePitcher,608379,STARTER,3
2024,2024-04-23,746321,457759,608379,responsiblePitcher,608379,STARTER,5
2024,2024-04-24,746317,543807,672582,responsiblePitcher,679525,BULLPEN,5
2024,2024-04-24,746317,662139,672582,responsiblePitcher,679525,BULLPEN,6
2024,2024-04-25,746320,457759,666142,responsiblePitcher,666142,STARTER,4
2024,2024-04-26,744949,643376,694813,responsiblePitcher,694813,STARTER,4
2024,2024-04-26,744949,624415,598286,responsiblePitcher,694813,BULLPEN,8
2024,2024-04-27,744946,643376,607192,responsiblePitcher,607192,STARTER,7
2024,2024-04-27,744946,676914,623465,responsiblePitcher,607192,BULLPEN,9
2024,2024-04-28,744947,457759,675627,responsiblePitcher,675627,STARTER,2
2024,2024-04-28,744947,676914,675627,responsiblePitcher,675627,STARTER,2
2024,2024-04-28,744947,672386,675627,responsiblePitcher,675627,STARTER,2
2024,2024-04-29,744945,457759,680742,responsiblePitcher,680742,STARTER,1
2024,2024-04-29,744945,665489,680742,responsiblePitcher,680742,STARTER,1
2024,2024-04-29,744945,457759,680742,responsiblePitcher,680742,STARTER,3
2024,2024-04-29,744945,643376,680742,responsiblePitcher,680742,STARTER,3
2024,2024-04-29,744945,662139,608648,responsiblePitcher,680742,BULLPEN,5
2024,2024-04-29,744945,680718,669422,responsiblePitcher,680742,BULLPEN,6
2024,2024-04-30,744942,643396,666142,responsiblePitcher,666142,STARTER,6
2024,2024-05-01,744939,643376,607625,responsiblePitcher,607625,STARTER,7
2024,2024-05-03,744868,643376,571578,responsiblePitcher,571578,STARTER,2
2024,2024-05-03,744868,676914,571578,responsiblePitcher,571578,STARTER,2
2024,2024-05-03,744868,662139,571578,responsiblePitcher,571578,STARTER,2
2024,2024-05-04,744862,543807,663623,responsiblePitcher,663623,STARTER,1
2024,2024-05-04,744862,665489,663623,responsiblePitcher,663623,STARTER,1
2024,2024-05-04,744862,457759,663623,responsiblePitcher,663623,STARTER,1
2024,2024-05-04,744862,666182,663623,responsiblePitcher,663623,STARTER,1
2024,2024-05-04,744862,595281,571882,responsiblePitcher,663623,BULLPEN,8
2024,2024-05-04,744862,643376,571882,responsiblePitcher,663623,BULLPEN,8
2024,2024-05-05,744861,662139,669022,responsiblePitcher,669022,STARTER,2
2024,2024-05-05,744861,665489,669022,responsiblePitcher,669022,STARTER,2
2024,2024-05-05,744861,676391,669022,responsiblePitcher,669022,STARTER,2
2024,2024-05-05,744861,643396,669022,responsiblePitcher,669022,STARTER,2
2024,2024-05-05,744861,672386,669022,responsiblePitcher,669022,STARTER,2
2024,2024-05-05,744861,676914,669022,responsiblePitcher,669022,STARTER,3
2024,2024-05-05,744861,676914,607179,responsiblePitcher,669022,BULLPEN,5
2024,2024-05-05,744861,662139,607179,responsiblePitcher,669022,BULLPEN,5
2024,2024-05-07,745586,643376,650911,responsiblePitcher,650911,STARTER,7
2024,2024-05-08,745584,543807,605400,responsiblePitcher,605400,STARTER,3
2024,2024-05-08,745584,457759,605400,responsiblePitcher,605400,STARTER,6
2024,2024-05-08,745584,643376,605400,responsiblePitcher,605400,STARTER,6
2024,2024-05-08,745584,666182,605400,responsiblePitcher,605400,STARTER,6
2024,2024-05-08,745584,676914,689147,responsiblePitcher,605400,BULLPEN,8
2024,2024-05-10,744940,643396,657746,responsiblePitcher,657746,STARTER,3
2024,2024-05-10,744940,666182,643377,responsiblePitcher,657746,BULLPEN,9
2024,2024-05-11,744943,666182,680573,responsiblePitcher,680573,STARTER,2
2024,2024-05-11,744943,676914,680573,responsiblePitcher,680573,STARTER,3
2024,2024-05-11,744943,662139,680573,responsiblePitcher,680573,STARTER,3
2024,2024-05-11,744943,676914,680573,responsiblePitcher,680573,STARTER,5
2024,2024-05-11,744943,643376,663485,responsiblePitcher,680573,BULLPEN,5
2024,2024-05-11,744943,665489,680573,responsiblePitcher,680573,STARTER,5
2024,2024-05-11,744943,676914,663485,responsiblePitcher,680573,BULLPEN,6
2024,2024-05-11,744943,624415,663485,responsiblePitcher,680573,BULLPEN,6
2024,2024-05-11,744943,643376,543351,responsiblePitcher,680573,BULLPEN,7
2024,2024-05-11,744943,643396,543351,responsiblePitcher,680573,BULLPEN,7
2024,2024-05-12,744941,665489,663485,responsiblePitcher,641927,BULLPEN,7
2024,2024-05-13,747040,665489,669203,responsiblePitcher,669203,STARTER,6
2024,2024-05-13,747040,662139,666974,responsiblePitcher,669203,BULLPEN,8
2024,2024-05-13,747040,624415,657097,responsiblePitcher,669203,BULLPEN,10
2024,2024-05-15,747038,665489,680694,responsiblePitcher,680694,STARTER,3
2024,2024-05-15,747038,543807,680694,responsiblePitcher,680694,STARTER,3
2024,2024-05-17,744934,676914,641302,responsiblePitcher,641302,STARTER,8
2024,2024-05-17,744934,643376,641302,responsiblePitcher,641302,STARTER,8
2024,2024-05-17,744934,662139,641302,responsiblePitcher,641302,STARTER,8
2024,2024-05-18,744938,665489,621107,responsiblePitcher,621107,STARTER,4
2024,2024-05-18,744938,595281,621107,responsiblePitcher,621107,STARTER,5
2024,2024-05-18,744938,676914,621107,responsiblePitcher,621107,STARTER,5
2024,2024-05-18,744938,662139,621107,responsiblePitcher,621107,STARTER,5
2024,2024-05-19,744937,596129,650644,responsiblePitcher,650644,STARTER,2
2024,2024-05-19,744937,596129,650644,responsiblePitcher,650644,STARTER,4
2024,2024-05-19,744937,543807,650644,responsiblePitcher,650644,STARTER,4
2024,2024-05-19,744937,596129,650644,responsiblePitcher,650644,STARTER,6
2024,2024-05-19,744937,543807,650644,responsiblePitcher,650644,STARTER,6
2024,2024-05-20,744935,662139,607200,responsiblePitcher,607200,STARTER,2
2024,2024-05-20,744935,666182,607200,responsiblePitcher,607200,STARTER,2
2024,2024-05-20,744935,595281,607200,responsiblePitcher,607200,STARTER,3
2024,2024-05-20,744935,643376,607200,responsiblePitcher,607200,STARTER,3
2024,2024-05-20,744935,665489,607200,responsiblePitcher,607200,STARTER,6
2024,2024-05-20,744935,643376,673929,responsiblePitcher,607200,BULLPEN,7
2024,2024-05-20,744935,676914,608678,responsiblePitcher,607200,BULLPEN,7
2024,2024-05-20,744935,662139,657612,responsiblePitcher,607200,BULLPEN,8
2024,2024-05-20,744935,543807,657612,responsiblePitcher,607200,BULLPEN,8
2024,2024-05-22,744933,672386,680897,responsiblePitcher,680897,STARTER,2
2024,2024-05-22,744933,457759,680897,responsiblePitcher,680897,STARTER,2
2024,2024-05-22,744933,595281,680897,responsiblePitcher,680897,STARTER,2
2024,2024-05-22,744933,676914,680897,responsiblePitcher,680897,STARTER,2
2024,2024-05-22,744933,662139,680897,responsiblePitcher,680897,STARTER,2
2024,2024-05-22,744933,666182,680897,responsiblePitcher,680897,STARTER,2
2024,2024-05-22,744933,665489,680897,responsiblePitcher,680897,STARTER,2
2024,2024-05-22,744933,662139,680897,responsiblePitcher,680897,STARTER,4
2024,2024-05-22,744933,665489,680897,responsiblePitcher,680897,STARTER,4
2024,2024-05-23,746474,643396,656427,responsiblePitcher,656427,STARTER,3
2024,2024-05-23,746474,662139,656427,responsiblePitcher,656427,STARTER,7
2024,2024-05-23,746474,624415,656427,responsiblePitcher,656427,STARTER,7
2024,2024-05-23,746474,643376,656412,responsiblePitcher,656427,BULLPEN,8
2024,2024-05-23,746474,665489,656412,responsiblePitcher,656427,BULLPEN,8
2024,2024-05-23,746474,666182,656412,responsiblePitcher,656427,BULLPEN,8
2024,2024-05-23,746474,595281,669438,responsiblePitcher,656427,BULLPEN,9
2024,2024-05-23,746474,665489,669438,responsiblePitcher,656427,BULLPEN,9
2024,2024-05-23,746474,643376,669438,responsiblePitcher,656427,BULLPEN,9
2024,2024-05-24,746475,676391,605177,responsiblePitcher,628317,BULLPEN,9
2024,2024-05-24,746475,643396,605177,responsiblePitcher,628317,BULLPEN,9
2024,2024-05-25,746470,643396,681857,responsiblePitcher,681857,STARTER,7
2024,2024-05-26,746469,624415,663554,responsiblePitcher,663554,STARTER,4
2024,2024-05-26,746469,676391,663554,responsiblePitcher,663554,STARTER,4
2024,2024-05-26,746469,665489,663554,responsiblePitcher,663554,STARTER,5
2024,2024-05-26,746469,643396,666214,responsiblePitcher,663554,BULLPEN,6
2024,2024-05-26,746469,624415,666214,responsiblePitcher,663554,BULLPEN,6
2024,2024-05-26,746469,643396,663947,responsiblePitcher,663554,BULLPEN,7
2024,2024-05-26,746469,643376,663947,responsiblePitcher,663554,BULLPEN,8
2024,2024-05-26,746469,676914,663947,responsiblePitcher,663554,BULLPEN,8
2024,2024-05-26,746469,662139,671345,responsiblePitcher,663554,BULLPEN,8
2024,2024-05-26,746469,666182,671345,responsiblePitcher,663554,BULLPEN,8
2024,2024-05-26,746469,595281,671345,responsiblePitcher,663554,BULLPEN,8
2024,2024-05-27,746788,543807,680897,responsiblePitcher,680897,STARTER,2
2024,2024-05-27,746788,662139,680897,responsiblePitcher,680897,STARTER,2
2024,2024-05-27,746788,666182,680897,responsiblePitcher,680897,STARTER,4
2024,2024-05-27,746788,676914,605154,responsiblePitcher,680897,BULLPEN,9
2024,2024-05-27,746788,543807,605154,responsiblePitcher,680897,BULLPEN,9
2024,2024-05-28,746791,543807,663765,responsiblePitcher,663765,STARTER,2
2024,2024-05-28,746791,595281,663765,responsiblePitcher,663765,STARTER,2
2024,2024-05-28,746791,643396,663765,responsiblePitcher,663765,STARTER,2
2024,2024-05-28,746791,543807,621383,responsiblePitcher,663765,BULLPEN,6
2024,2024-05-28,746791,676914,657612,responsiblePitcher,663765,BULLPEN,8
2024,2024-05-28,746791,666182,657612,responsiblePitcher,663765,BULLPEN,8
2024,2024-05-28,746791,643376,657612,responsiblePitcher,663765,BULLPEN,8
2024,2024-05-29,746790,676914,623167,responsiblePitcher,623167,STARTER,3
2024,2024-05-29,746790,543807,623167,responsiblePitcher,623167,STARTER,4
2024,2024-05-29,746790,543807,605121,responsiblePitcher,623167,BULLPEN,6
2024,2024-05-31,744928,543807,670059,responsiblePitcher,663559,BULLPEN,7
2024,2024-05-31,744928,643376,676702,responsiblePitcher,663559,BULLPEN,11
2024,2024-05-31,744928,624415,669387,responsiblePitcher,663559,BULLPEN,12
2024,2024-05-31,744928,676914,693312,responsiblePitcher,663559,BULLPEN,14
2024,2024-05-31,744928,624415,693312,responsiblePitcher,663559,BULLPEN,14
2024,2024-06-01,744932,665489,656605,responsiblePitcher,656605,STARTER,6
2024,2024-06-02,744929,662139,682990,responsiblePitcher,682990,STARTER,3
2024,2024-06-02,744929,643396,682990,responsiblePitcher,682990,STARTER,5
2024,2024-06-02,744929,665489,682990,responsiblePitcher,682990,STARTER,5
2024,2024-06-02,744929,676914,682990,responsiblePitcher,682990,STARTER,5
2024,2024-06-02,744929,662139,676702,responsiblePitcher,682990,BULLPEN,6
2024,2024-06-03,744930,543807,680570,responsiblePitcher,680570,STARTER,2
2024,2024-06-03,744930,665489,680570,responsiblePitcher,680570,STARTER,4
2024,2024-06-04,744931,543807,669203,responsiblePitcher,669203,STARTER,7
2024,2024-06-05,744927,543807,544150,responsiblePitcher,544150,STARTER,2
2024,2024-06-05,744927,457759,544150,responsiblePitcher,544150,STARTER,2
2024,2024-06-05,744927,624415,518886,responsiblePitcher,544150,BULLPEN,9
2024,2024-06-06,744923,665489,700249,responsiblePitcher,700249,STARTER,3
2024,2024-06-06,744923,676391,700249,responsiblePitcher,700249,STARTER,3
2024,2024-06-06,744923,643376,700249,responsiblePitcher,700249,STARTER,3
2024,2024-06-06,744923,662139,700249,responsiblePitcher,700249,STARTER,4
2024,2024-06-06,744923,662139,700249,responsiblePitcher,700249,STARTER,6
2024,2024-06-06,744923,457759,700249,responsiblePitcher,700249,STARTER,6
2024,2024-06-07,745655,665489,613534,responsiblePitcher,663687,BULLPEN,7
2024,2024-06-08,745652,687462,665622,responsiblePitcher,665622,STARTER,1
2024,2024-06-08,745652,595281,665622,responsiblePitcher,665622,STARTER,5
2024,2024-06-08,745652,665489,665622,responsiblePitcher,665622,STARTER,5
2024,2024-06-08,745652,666182,665622,responsiblePitcher,665622,STARTER,5
2024,2024-06-08,745652,643376,665622,responsiblePitcher,665622,STARTER,5
2024,2024-06-08,745652,596129,665622,responsiblePitcher,665622,STARTER,5
2024,2024-06-08,745652,666182,657697,responsiblePitcher,665622,BULLPEN,9
2024,2024-06-09,745651,543807,687765,responsiblePitcher,687765,STARTER,2
2024,2024-06-09,745651,457759,687765,responsiblePitcher,687765,STARTER,2
2024,2024-06-09,745651,662139,518397,responsiblePitcher,687765,BULLPEN,8
2024,2024-06-09,745651,666182,613534,responsiblePitcher,687765,BULLPEN,10
2024,2024-06-09,745651,662139,613534,responsiblePitcher,687765,BULLPEN,10
2024,2024-06-09,745651,676391,613534,responsiblePitcher,687765,BULLPEN,10
2024,2024-06-10,745982,672386,607067,responsiblePitcher,607067,STARTER,3
2024,2024-06-11,745981,662139,692230,responsiblePitcher,692230,STARTER,2
2024,2024-06-11,745981,643396,692230,responsiblePitcher,692230,STARTER,4
2024,2024-06-11,745981,676914,660600,responsiblePitcher,692230,BULLPEN,9
2024,2024-06-12,745978,676914,668964,responsiblePitcher,668964,STARTER,1
2024,2024-06-12,745978,676391,571948,responsiblePitcher,668964,BULLPEN,9
2024,2024-06-12,745978,687462,571948,responsiblePitcher,668964,BULLPEN,9
2024,2024-06-12,745978,676914,571948,responsiblePitcher,668964,BULLPEN,9
2024,2024-06-14,744924,676391,671106,responsiblePitcher,671106,STARTER,6
2024,2024-06-15,744925,457759,471911,responsiblePitcher,471911,STARTER,2
2024,2024-06-15,744925,662139,471911,responsiblePitcher,471911,STARTER,2
2024,2024-06-15,744925,543807,471911,responsiblePitcher,471911,STARTER,2
2024,2024-06-15,744925,543807,471911,responsiblePitcher,471911,STARTER,4
2024,2024-06-15,744925,643376,471911,responsiblePitcher,471911,STARTER,5
2024,2024-06-16,744926,676391,594902,responsiblePitcher,594902,STARTER,2
2024,2024-06-16,744926,680718,594902,responsiblePitcher,594902,STARTER,2
2024,2024-06-16,744926,662139,680704,responsiblePitcher,594902,BULLPEN,5
2024,2024-06-16,744926,687462,594902,responsiblePitcher,594902,STARTER,5
2024,2024-06-16,744926,676914,594902,responsiblePitcher,594902,STARTER,5
2024,2024-06-16,744926,665489,680704,responsiblePitcher,594902,BULLPEN,5
2024,2024-06-16,744926,543807,680704,responsiblePitcher,594902,BULLPEN,5
2024,2024-06-17,744918,457759,601713,responsiblePitcher,601713,STARTER,2
2024,2024-06-17,744918,457759,601713,responsiblePitcher,601713,STARTER,6
2024,2024-06-17,744918,676914,601713,responsiblePitcher,601713,STARTER,7
2024,2024-06-18,744917,680718,656557,responsiblePitcher,656557,STARTER,2
2024,2024-06-18,744917,457759,656557,responsiblePitcher,656557,STARTER,2
2024,2024-06-18,744917,457759,656557,responsiblePitcher,656557,STARTER,6
2024,2024-06-19,744920,680718,678394,responsiblePitcher,678394,STARTER,4
2024,2024-06-19,744920,643396,678394,responsiblePitcher,678394,STARTER,4
2024,2024-06-19,744920,457759,686580,responsiblePitcher,678394,BULLPEN,7
2024,2024-06-21,746624,665489,471911,responsiblePitcher,471911,STARTER,4
2024,2024-06-22,746622,676914,594902,responsiblePitcher,594902,STARTER,2
2024,2024-06-22,746622,643396,594902,responsiblePitcher,594902,STARTER,3
2024,2024-06-22,746622,643396,605130,responsiblePitcher,594902,BULLPEN,8
2024,2024-06-23,746621,665489,663474,responsiblePitcher,663474,STARTER,1
2024,2024-06-23,746621,687462,663474,responsiblePitcher,663474,STARTER,1
2024,2024-06-23,746621,687462,663474,responsiblePitcher,663474,STARTER,3
2024,2024-06-23,746621,687462,670766,responsiblePitcher,663474,BULLPEN,5
2024,2024-06-23,746621,665489,670766,responsiblePitcher,663474,BULLPEN,5
2024,2024-06-24,746941,643396,656557,responsiblePitcher,656557,STARTER,4
2024,2024-06-24,746941,680718,656557,responsiblePitcher,656557,STARTER,7
2024,2024-06-24,746941,595281,656557,responsiblePitcher,656557,STARTER,7
2024,2024-06-24,746941,665489,663462,responsiblePitcher,656557,BULLPEN,7
2024,2024-06-24,746941,643396,663462,responsiblePitcher,656557,BULLPEN,7
2024,2024-06-24,746941,687462,663462,responsiblePitcher,656557,BULLPEN,7
2024,2024-06-25,746943,643396,678394,responsiblePitcher,678394,STARTER,3
2024,2024-06-25,746943,643376,678394,responsiblePitcher,678394,STARTER,3
2024,2024-06-25,746943,595281,678394,responsiblePitcher,678394,STARTER,3
2024,2024-06-25,746943,666182,678394,responsiblePitcher,678394,STARTER,3
2024,2024-06-25,746943,687462,678394,responsiblePitcher,678394,STARTER,3
2024,2024-06-25,746943,543807,678394,responsiblePitcher,678394,STARTER,3
2024,2024-06-25,746943,665489,678394,responsiblePitcher,678394,STARTER,3
2024,2024-06-25,746943,687462,670174,responsiblePitcher,678394,BULLPEN,4
2024,2024-06-25,746943,595281,670174,responsiblePitcher,678394,BULLPEN,4
2024,2024-06-26,746942,543807,601713,responsiblePitcher,676710,BULLPEN,7
2024,2024-06-26,746942,661531,601713,responsiblePitcher,676710,BULLPEN,8
2024,2024-06-26,746942,676391,601713,responsiblePitcher,676710,BULLPEN,8
2024,2024-06-26,746942,665489,472610,responsiblePitcher,676710,BULLPEN,8
2024,2024-06-27,744919,666182,607074,responsiblePitcher,607074,STARTER,1
2024,2024-06-27,744919,643396,607074,responsiblePitcher,607074,STARTER,1
2024,2024-06-27,744919,543807,607074,responsiblePitcher,607074,STARTER,1
2024,2024-06-27,744919,665489,607074,responsiblePitcher,607074,STARTER,1
2024,2024-06-27,744919,457759,607074,responsiblePitcher,607074,STARTER,1
2024,2024-06-27,744919,543807,607074,responsiblePitcher,607074,STARTER,2
2024,2024-06-27,744919,643396,607074,responsiblePitcher,607074,STARTER,2
2024,2024-06-27,744919,457759,607074,responsiblePitcher,607074,STARTER,2
2024,2024-06-27,744919,665489,641360,responsiblePitcher,607074,BULLPEN,6
2024,2024-06-28,744922,666182,573186,responsiblePitcher,573186,STARTER,1
2024,2024-06-28,744922,643396,573186,responsiblePitcher,573186,STARTER,5
2024,2024-06-28,744922,666182,573186,responsiblePitcher,573186,STARTER,5
2024,2024-06-28,744922,643396,543859,responsiblePitcher,573186,BULLPEN,6
2024,2024-06-28,744922,665489,596133,responsiblePitcher,573186,BULLPEN,7
2024,2024-06-29,744921,665489,641482,responsiblePitcher,641482,STARTER,1
2024,2024-06-29,744921,643396,641482,responsiblePitcher,641482,STARTER,1
2024,2024-06-29,744921,457759,641482,responsiblePitcher,641482,STARTER,4
2024,2024-06-29,744921,543807,641360,responsiblePitcher,641482,BULLPEN,6
2024,2024-06-29,744921,662139,641360,responsiblePitcher,641482,BULLPEN,6
2024,2024-06-29,744921,643396,641360,responsiblePitcher,641482,BULLPEN,6
2024,2024-06-29,744921,672386,641360,responsiblePitcher,641482,BULLPEN,6
2024,2024-06-29,744921,666182,641360,responsiblePitcher,641482,BULLPEN,6
2024,2024-06-29,744921,643396,605280,responsiblePitcher,641482,BULLPEN,8
2024,2024-06-30,744916,687462,543037,responsiblePitcher,543037,STARTER,3
2024,2024-07-01,744914,676391,623352,responsiblePitcher,686613,BULLPEN,9
2024,2024-07-02,744913,665489,681293,responsiblePitcher,681293,STARTER,1
2024,2024-07-02,744913,687462,681293,responsiblePitcher,681293,STARTER,3
2024,2024-07-02,744913,543807,681293,responsiblePitcher,681293,STARTER,3
2024,2024-07-02,744913,665489,681293,responsiblePitcher,681293,STARTER,3
2024,2024-07-02,744913,457759,681293,responsiblePitcher,681293,STARTER,3
2024,2024-07-02,744913,676391,681293,responsiblePitcher,681293,STARTER,4
2024,2024-07-02,744913,672386,681293,responsiblePitcher,681293,STARTER,4
2024,2024-07-03,744915,543807,669854,responsiblePitcher,669854,STARTER,1
2024,2024-07-03,744915,666182,669854,responsiblePitcher,669854,STARTER,6
2024,2024-07-04,744912,643376,664285,responsiblePitcher,664285,STARTER,1
2024,2024-07-04,744912,543807,664285,responsiblePitcher,664285,STARTER,1
2024,2024-07-04,744912,676914,664285,responsiblePitcher,664285,STARTER,1
2024,2024-07-05,745237,595281,622491,responsiblePitcher,622491,STARTER,6
2024,2024-07-06,745235,662139,676106,responsiblePitcher,676106,STARTER,4
2024,2024-07-06,745235,543807,676106,responsiblePitcher,676106,STARTER,5
2024,2024-07-06,745235,665489,663423,responsiblePitcher,676106,BULLPEN,7
2024,2024-07-06,745235,595281,657508,responsiblePitcher,676106,BULLPEN,8
2024,2024-07-06,745235,543807,657508,responsiblePitcher,676106,BULLPEN,8
2024,2024-07-07,745233,666182,669923,responsiblePitcher,669923,STARTER,4
2024,2024-07-07,745233,543807,592773,responsiblePitcher,669923,BULLPEN,7
2024,2024-07-07,745233,672386,669923,responsiblePitcher,669923,STARTER,7
2024,2024-07-07,745233,677870,669923,responsiblePitcher,669923,STARTER,7
2024,2024-07-07,745233,665489,676092,responsiblePitcher,669923,BULLPEN,10
2024,2024-07-09,745316,676391,676254,responsiblePitcher,605483,BULLPEN,7
2024,2024-07-09,745316,643376,676254,responsiblePitcher,605483,BULLPEN,7
2024,2024-07-09,745316,595281,676254,responsiblePitcher,605483,BULLPEN,7
2024,2024-07-10,745318,676391,657277,responsiblePitcher,657277,STARTER,5
2024,2024-07-10,745318,676914,657277,responsiblePitcher,657277,STARTER,5
2024,2024-07-10,745318,672386,657277,responsiblePitcher,657277,STARTER,5
2024,2024-07-10,745318,665489,657277,responsiblePitcher,657277,STARTER,6
2024,2024-07-10,745318,457759,657277,responsiblePitcher,657277,STARTER,6
2024,2024-07-10,745318,677870,657277,responsiblePitcher,657277,STARTER,6
2024,2024-07-10,745318,676914,657277,responsiblePitcher,657277,STARTER,6
2024,2024-07-10,745318,595281,663546,responsiblePitcher,657277,BULLPEN,6
2024,2024-07-10,745318,672386,663546,responsiblePitcher,657277,BULLPEN,6
2024,2024-07-10,745318,676391,592426,responsiblePitcher,657277,BULLPEN,8
2024,2024-07-11,745313,543807,663855,responsiblePitcher,663855,STARTER,1
2024,2024-07-11,745313,687462,663855,responsiblePitcher,663855,STARTER,1
2024,2024-07-11,745313,643376,663855,responsiblePitcher,663855,STARTER,1
2024,2024-07-11,745313,676914,663855,responsiblePitcher,663855,STARTER,4
2024,2024-07-11,745313,687462,663855,responsiblePitcher,663855,STARTER,5
2024,2024-07-12,747175,672386,669194,responsiblePitcher,669194,STARTER,5
2024,2024-07-12,747175,543807,669194,responsiblePitcher,669194,STARTER,6
2024,2024-07-12,747175,662139,669194,responsiblePitcher,669194,STARTER,7
2024,2024-07-12,747175,677870,686826,responsiblePitcher,669194,BULLPEN,8
2024,2024-07-13,747177,662139,700270,responsiblePitcher,700270,STARTER,2
2024,2024-07-14,747176,662139,668678,responsiblePitcher,668678,STARTER,2
2024,2024-07-14,747176,665489,668678,responsiblePitcher,668678,STARTER,4
2024,2024-07-14,747176,643376,668678,responsiblePitcher,668678,STARTER,4
2024,2024-07-14,747176,595281,668678,responsiblePitcher,668678,STARTER,4
2024,2024-07-14,747176,662139,668678,responsiblePitcher,668678,STARTER,4
2024,2024-07-14,747176,676391,668678,responsiblePitcher,668678,STARTER,4
2024,2024-07-14,747176,677870,668678,responsiblePitcher,668678,STARTER,4
2024,2024-07-14,747176,665489,656464,responsiblePitcher,668678,BULLPEN,7
2024,2024-07-19,744911,665489,656427,responsiblePitcher,656427,STARTER,6
2024,2024-07-19,744911,687462,656427,responsiblePitcher,656427,STARTER,6
2024,2024-07-19,744911,543807,689225,responsiblePitcher,656427,BULLPEN,8
2024,2024-07-19,744911,595281,689225,responsiblePitcher,656427,BULLPEN,8
2024,2024-07-20,744910,595281,628317,responsiblePitcher,681857,BULLPEN,6
2024,2024-07-20,744910,665489,628317,responsiblePitcher,681857,BULLPEN,6
2024,2024-07-20,744910,687462,628317,responsiblePitcher,681857,BULLPEN,6
2024,2024-07-21,744909,543807,672456,responsiblePitcher,672456,STARTER,1
2024,2024-07-21,744909,543807,672456,responsiblePitcher,672456,STARTER,3
2024,2024-07-21,744909,676391,672456,responsiblePitcher,672456,STARTER,3
2024,2024-07-21,744909,543807,672456,responsiblePitcher,672456,STARTER,5
2024,2024-07-21,744909,457759,672456,responsiblePitcher,672456,STARTER,6
2024,2024-07-23,744904,665489,655889,responsiblePitcher,542888,BULLPEN,6
2024,2024-07-23,744904,457759,655889,responsiblePitcher,542888,BULLPEN,6
2024,2024-07-24,744905,687462,621107,responsiblePitcher,621107,STARTER,1
2024,2024-07-24,744905,665489,621107,responsiblePitcher,621107,STARTER,3
2024,2024-07-24,744905,543807,592094,responsiblePitcher,621107,BULLPEN,8
2024,2024-07-24,744905,665489,592094,responsiblePitcher,621107,BULLPEN,8
2024,2024-07-24,744905,457759,592094,responsiblePitcher,621107,BULLPEN,8
2024,2024-07-24,744905,662139,592094,responsiblePitcher,621107,BULLPEN,8
2024,2024-07-26,744906,543807,571760,responsiblePitcher,571760,STARTER,1
2024,2024-07-26,744906,665489,571760,responsiblePitcher,571760,STARTER,1
2024,2024-07-26,744906,687462,571760,responsiblePitcher,571760,STARTER,1
2024,2024-07-26,744906,676914,571760,responsiblePitcher,571760,STARTER,4
2024,2024-07-26,744906,543807,642546,responsiblePitcher,571760,BULLPEN,7
2024,2024-07-26,744906,672642,622250,responsiblePitcher,571760,BULLPEN,9
2024,2024-07-27,744908,662139,547179,responsiblePitcher,547179,STARTER,1
2024,2024-07-27,744908,665489,547179,responsiblePitcher,547179,STARTER,1
2024,2024-07-27,744908,457759,547179,responsiblePitcher,547179,STARTER,1
2024,2024-07-27,744908,672386,547179,responsiblePitcher,547179,STARTER,1
2024,2024-07-27,744908,665489,570632,responsiblePitcher,547179,BULLPEN,5
2024,2024-07-27,744908,672642,641540,responsiblePitcher,547179,BULLPEN,6
2024,2024-07-27,744908,665489,641540,responsiblePitcher,547179,BULLPEN,8
2024,2024-07-28,744902,687462,642546,responsiblePitcher,642546,STARTER,1
2024,2024-07-28,744902,662139,642546,responsiblePitcher,642546,STARTER,1
2024,2024-07-28,744902,676391,642546,responsiblePitcher,642546,STARTER,1
2024,2024-07-28,744902,665489,642546,responsiblePitcher,642546,STARTER,3
2024,2024-07-28,744902,662139,656641,responsiblePitcher,642546,BULLPEN,3
2024,2024-07-28,744902,457759,642546,responsiblePitcher,642546,STARTER,3
2024,2024-07-28,744902,672386,547179,responsiblePitcher,642546,BULLPEN,6
2024,2024-07-29,747007,680718,621107,responsiblePitcher,621107,STARTER,5
2024,2024-07-29,747007,687462,621107,responsiblePitcher,621107,STARTER,5
2024,2024-07-29,747007,665489,621107,responsiblePitcher,621107,STARTER,5
2024,2024-07-29,747007,665489,669211,responsiblePitcher,621107,BULLPEN,7
2024,2024-07-29,747007,687462,572143,responsiblePitcher,621107,BULLPEN,9
2024,2024-07-29,747039,665489,700249,responsiblePitcher,700249,STARTER,1
2024,2024-07-29,747039,595281,700249,responsiblePitcher,700249,STARTER,2
2024,2024-07-29,747039,672642,700249,responsiblePitcher,700249,STARTER,2
2024,2024-07-29,747039,672642,700249,responsiblePitcher,700249,STARTER,4
2024,2024-07-29,747039,543807,700249,responsiblePitcher,700249,STARTER,4
2024,2024-07-29,747039,677870,700249,responsiblePitcher,700249,STARTER,5
2024,2024-07-29,747039,665489,608344,responsiblePitcher,700249,BULLPEN,8
2024,2024-07-29,747039,543807,518886,responsiblePitcher,700249,BULLPEN,9
2024,2024-07-30,747005,665489,669203,responsiblePitcher,669203,STARTER,4
2024,2024-07-30,747005,672642,669203,responsiblePitcher,669203,STARTER,7
2024,2024-07-31,747003,680718,680570,responsiblePitcher,680570,STARTER,3
2024,2024-07-31,747003,676391,680570,responsiblePitcher,680570,STARTER,4
2024,2024-07-31,747003,543807,680570,responsiblePitcher,680570,STARTER,5
2024,2024-07-31,747003,662139,680570,responsiblePitcher,680570,STARTER,6
2024,2024-08-02,745719,694388,573186,responsiblePitcher,573186,STARTER,1
2024,2024-08-02,745719,662139,573186,responsiblePitcher,573186,STARTER,1
2024,2024-08-02,745719,687462,573186,responsiblePitcher,573186,STARTER,1
2024,2024-08-02,745719,694388,573186,responsiblePitcher,573186,STARTER,3
2024,2024-08-02,745719,665489,573186,responsiblePitcher,573186,STARTER,3
2024,2024-08-02,745719,676914,573186,responsiblePitcher,573186,STARTER,3
2024,2024-08-02,745719,687462,573186,responsiblePitcher,573186,STARTER,3
2024,2024-08-02,745719,661531,543859,responsiblePitcher,573186,BULLPEN,6
2024,2024-08-03,745714,665489,607074,responsiblePitcher,607074,STARTER,1
2024,2024-08-03,745714,665489,607074,responsiblePitcher,607074,STARTER,6
2024,2024-08-03,745714,543807,607074,responsiblePitcher,607074,STARTER,6
2024,2024-08-04,745718,672386,543037,responsiblePitcher,543037,STARTER,2
2024,2024-08-04,745718,680718,543037,responsiblePitcher,543037,STARTER,2
2024,2024-08-04,745718,694388,592454,responsiblePitcher,543037,BULLPEN,8
2024,2024-08-06,744901,672386,642397,responsiblePitcher,544150,BULLPEN,6
2024,2024-08-06,744901,665489,572143,responsiblePitcher,544150,BULLPEN,6
2024,2024-08-06,744901,687462,642397,responsiblePitcher,544150,BULLPEN,6
2024,2024-08-06,744901,662139,642397,responsiblePitcher,544150,BULLPEN,6
2024,2024-08-06,744901,676391,642397,responsiblePitcher,544150,BULLPEN,6
2024,2024-08-07,744903,676391,669432,responsiblePitcher,669432,STARTER,1
2024,2024-08-07,744903,677870,669432,responsiblePitcher,669432,STARTER,2
2024,2024-08-07,744903,661531,669432,responsiblePitcher,669432,STARTER,2
2024,2024-08-08,744899,543807,665152,responsiblePitcher,665152,STARTER,1
2024,2024-08-08,744899,662139,665152,responsiblePitcher,665152,STARTER,1
2024,2024-08-08,744899,665489,665152,responsiblePitcher,665152,STARTER,1
2024,2024-08-08,744899,665489,665152,responsiblePitcher,665152,STARTER,5
2024,2024-08-08,744899,662139,665152,responsiblePitcher,665152,STARTER,5
2024,2024-08-08,744899,677870,669211,responsiblePitcher,665152,BULLPEN,6
2024,2024-08-08,744899,662139,669211,responsiblePitcher,665152,BULLPEN,6
2024,2024-08-09,744900,543807,687765,responsiblePitcher,687765,STARTER,1
2024,2024-08-09,744900,665489,687765,responsiblePitcher,687765,STARTER,6
2024,2024-08-09,744900,687462,613534,responsiblePitcher,687765,BULLPEN,8
2024,2024-08-11,744895,662139,676664,responsiblePitcher,676664,STARTER,4
2024,2024-08-11,744895,687462,676664,responsiblePitcher,676664,STARTER,8
2024,2024-08-11,744895,665782,671305,responsiblePitcher,676664,BULLPEN,8
2024,2024-08-11,744895,676914,676664,responsiblePitcher,676664,STARTER,8
2024,2024-08-12,746192,665489,669721,responsiblePitcher,669721,STARTER,3
2024,2024-08-12,746192,687462,669721,responsiblePitcher,669721,STARTER,3
2024,2024-08-12,746192,677870,669721,responsiblePitcher,669721,STARTER,3
2024,2024-08-12,746192,695238,669721,responsiblePitcher,669721,STARTER,3
2024,2024-08-13,746187,543807,608334,responsiblePitcher,608334,STARTER,1
2024,2024-08-13,746187,676391,608334,responsiblePitcher,608334,STARTER,1
2024,2024-08-13,746187,687462,608334,responsiblePitcher,608334,STARTER,1
2024,2024-08-13,746187,665489,608334,responsiblePitcher,608334,STARTER,3
2024,2024-08-13,746187,687462,608334,responsiblePitcher,608334,STARTER,3
2024,2024-08-13,746187,677870,670046,responsiblePitcher,608334,BULLPEN,8
2024,2024-08-14,746188,676391,542881,responsiblePitcher,542881,STARTER,2
2024,2024-08-14,746188,687462,542881,responsiblePitcher,542881,STARTER,2
2024,2024-08-14,746188,662139,542881,responsiblePitcher,542881,STARTER,3
2024,2024-08-14,746188,662139,542881,responsiblePitcher,542881,STARTER,5
2024,2024-08-14,746188,677870,542881,responsiblePitcher,542881,STARTER,5
2024,2024-08-14,746188,543807,542881,responsiblePitcher,542881,STARTER,5
2024,2024-08-14,746188,676391,542881,responsiblePitcher,542881,STARTER,6
2024,2024-08-14,746188,665489,519326,responsiblePitcher,542881,BULLPEN,9
2024,2024-08-14,746188,662139,519326,responsiblePitcher,542881,BULLPEN,9
2024,2024-08-16,746843,687462,543294,responsiblePitcher,543294,STARTER,4
2024,2024-08-16,746843,677870,543294,responsiblePitcher,543294,STARTER,5
2024,2024-08-16,746843,695238,593576,responsiblePitcher,543294,BULLPEN,9
2024,2024-08-16,746843,676391,593576,responsiblePitcher,543294,BULLPEN,9
2024,2024-08-16,746843,694388,593576,responsiblePitcher,543294,BULLPEN,9
2024,2024-08-17,746841,672642,592767,responsiblePitcher,657006,BULLPEN,7
2024,2024-08-17,746841,680718,605347,responsiblePitcher,657006,BULLPEN,9
2024,2024-08-18,746838,694388,684007,responsiblePitcher,684007,STARTER,2
2024,2024-08-19,744898,665489,687924,responsiblePitcher,687924,STARTER,1
2024,2024-08-19,744898,543807,687924,responsiblePitcher,687924,STARTER,3
2024,2024-08-19,744898,676391,664747,responsiblePitcher,687924,BULLPEN,9
2024,2024-08-20,744896,662139,686730,responsiblePitcher,686730,STARTER,1
2024,2024-08-20,744896,694388,686730,responsiblePitcher,686730,STARTER,2
2024,2024-08-20,744896,543807,686730,responsiblePitcher,686730,STARTER,2
2024,2024-08-20,744896,680718,686730,responsiblePitcher,686730,STARTER,2
2024,2024-08-20,744896,672386,686730,responsiblePitcher,686730,STARTER,3
2024,2024-08-20,744896,687462,686730,responsiblePitcher,686730,STARTER,3
2024,2024-08-20,744896,662139,686730,responsiblePitcher,686730,STARTER,4
2024,2024-08-20,744896,677870,686730,responsiblePitcher,686730,STARTER,5
2024,2024-08-20,744896,694388,686730,responsiblePitcher,686730,STARTER,5
2024,2024-08-20,744896,543807,686730,responsiblePitcher,686730,STARTER,5
2024,2024-08-21,744893,543807,607259,responsiblePitcher,607259,STARTER,1
2024,2024-08-21,744893,687462,607259,responsiblePitcher,607259,STARTER,1
2024,2024-08-21,744893,665489,607259,responsiblePitcher,607259,STARTER,1
2024,2024-08-21,744893,676391,607259,responsiblePitcher,607259,STARTER,3
2024,2024-08-21,744893,662139,607259,responsiblePitcher,607259,STARTER,3
2024,2024-08-21,744893,687462,607259,responsiblePitcher,607259,STARTER,3
2024,2024-08-21,744893,665489,518585,responsiblePitcher,607259,BULLPEN,9
2024,2024-08-22,744894,687462,656271,responsiblePitcher,656271,STARTER,2
2024,2024-08-22,744894,672386,656271,responsiblePitcher,656271,STARTER,2
2024,2024-08-22,744894,676391,657508,responsiblePitcher,656271,BULLPEN,2
2024,2024-08-22,744894,695238,656271,responsiblePitcher,656271,STARTER,2
2024,2024-08-22,744894,694388,657508,responsiblePitcher,656271,BULLPEN,2
2024,2024-08-23,744889,662139,686799,responsiblePitcher,686799,STARTER,4
2024,2024-08-23,744889,687462,686799,responsiblePitcher,686799,STARTER,4
2024,2024-08-23,744889,662139,686799,responsiblePitcher,686799,STARTER,6
2024,2024-08-23,744889,694388,672710,responsiblePitcher,686799,BULLPEN,9
2024,2024-08-23,744889,680718,672710,responsiblePitcher,686799,BULLPEN,9
2024,2024-08-24,744890,662139,608334,responsiblePitcher,608334,STARTER,1
2024,2024-08-24,744890,665489,608334,responsiblePitcher,608334,STARTER,1
2024,2024-08-24,744890,665489,682989,responsiblePitcher,608334,BULLPEN,8
2024,2024-08-25,744892,676914,542881,responsiblePitcher,542881,STARTER,3
2024,2024-08-25,744892,543807,542881,responsiblePitcher,542881,STARTER,5
2024,2024-08-25,744892,680718,519326,responsiblePitcher,542881,BULLPEN,6
2024,2024-08-25,744892,695238,519326,responsiblePitcher,542881,BULLPEN,6
2024,2024-08-25,744892,672386,519043,responsiblePitcher,542881,BULLPEN,7
2024,2024-08-25,744892,665489,519043,responsiblePitcher,542881,BULLPEN,7
2024,2024-08-25,744892,677870,666171,responsiblePitcher,542881,BULLPEN,8
2024,2024-08-25,744892,680718,666171,responsiblePitcher,542881,BULLPEN,8
2024,2024-08-26,746915,543807,641745,responsiblePitcher,677161,BULLPEN,5
2024,2024-08-26,746915,677870,641745,responsiblePitcher,677161,BULLPEN,5
2024,2024-08-26,746915,672642,641745,responsiblePitcher,677161,BULLPEN,5
2024,2024-08-26,746915,694388,641745,responsiblePitcher,677161,BULLPEN,5
2024,2024-08-26,746915,665489,641745,responsiblePitcher,677161,BULLPEN,5
2024,2024-08-26,746915,665489,455119,responsiblePitcher,677161,BULLPEN,9
2024,2024-08-26,746915,676391,455119,responsiblePitcher,677161,BULLPEN,9
2024,2024-08-27,746916,543807,681867,responsiblePitcher,681867,STARTER,3
2024,2024-08-27,746916,695238,657514,responsiblePitcher,681867,BULLPEN,6
2024,2024-08-27,746916,662139,445276,responsiblePitcher,681867,BULLPEN,9
2024,2024-08-29,746914,661531,676710,responsiblePitcher,676710,STARTER,3
2024,2024-08-29,746914,680718,676710,responsiblePitcher,676710,STARTER,6
2024,2024-08-31,745859,662139,805673,responsiblePitcher,805673,STARTER,1
2024,2024-08-31,745859,543807,805673,responsiblePitcher,805673,STARTER,1
2024,2024-08-31,745859,687462,805673,responsiblePitcher,805673,STARTER,1
2024,2024-08-31,745859,665489,805673,responsiblePitcher,805673,STARTER,1
2024,2024-08-31,745859,672386,805673,responsiblePitcher,805673,STARTER,1
2024,2024-08-31,745859,664770,805673,responsiblePitcher,805673,STARTER,1
2024,2024-08-31,745859,695238,805673,responsiblePitcher,805673,STARTER,1
2024,2024-08-31,745859,680718,805673,responsiblePitcher,805673,STARTER,2
2024,2024-08-31,745859,687462,805673,responsiblePitcher,805673,STARTER,2
2024,2024-08-31,745859,677870,543859,responsiblePitcher,805673,BULLPEN,3
2024,2024-08-31,745859,662139,543859,responsiblePitcher,805673,BULLPEN,3
2024,2024-08-31,745859,695238,656240,responsiblePitcher,805673,BULLPEN,6
2024,2024-08-31,745859,695238,571657,responsiblePitcher,805673,BULLPEN,8
2024,2024-08-31,745859,664770,571657,responsiblePitcher,805673,BULLPEN,8
2024,2024-08-31,745859,680718,571657,responsiblePitcher,805673,BULLPEN,9
2024,2024-09-01,745861,676391,641927,responsiblePitcher,641927,STARTER,1
2024,2024-09-01,745861,664770,643377,responsiblePitcher,641927,BULLPEN,8
2024,2024-09-01,745861,676391,643377,responsiblePitcher,641927,BULLPEN,8
2024,2024-09-03,744891,662139,663969,responsiblePitcher,663969,STARTER,1
2024,2024-09-03,744891,543807,663969,responsiblePitcher,663969,STARTER,1
2024,2024-09-03,744891,665489,663969,responsiblePitcher,663969,STARTER,1
2024,2024-09-03,744891,687462,663969,responsiblePitcher,663969,STARTER,1
2024,2024-09-03,744891,680718,663969,responsiblePitcher,663969,STARTER,1
2024,2024-09-03,744891,672386,663969,responsiblePitcher,663969,STARTER,1
2024,2024-09-03,744891,665489,592836,responsiblePitcher,663969,BULLPEN,6
2024,2024-09-03,744891,543807,592836,responsiblePitcher,663969,BULLPEN,6
2024,2024-09-03,744891,677870,621381,responsiblePitcher,663969,BULLPEN,9
2024,2024-09-04,744887,662139,650911,responsiblePitcher,650911,STARTER,1
2024,2024-09-04,744887,665489,650911,responsiblePitcher,650911,STARTER,1
2024,2024-09-06,747074,664770,608331,responsiblePitcher,608331,STARTER,3
2024,2024-09-07,747076,687462,680885,responsiblePitcher,680885,STARTER,2
2024,2024-09-07,747076,687462,680885,responsiblePitcher,680885,STARTER,4
2024,2024-09-07,747076,680718,680885,responsiblePitcher,680885,STARTER,4
2024,2024-09-07,747076,676391,680885,responsiblePitcher,680885,STARTER,4
2024,2024-09-07,747076,665489,680885,responsiblePitcher,680885,STARTER,5
2024,2024-09-07,747076,687462,680885,responsiblePitcher,680885,STARTER,5
2024,2024-09-07,747076,676391,656550,responsiblePitcher,680885,BULLPEN,9
2024,2024-09-07,747076,694388,656550,responsiblePitcher,680885,BULLPEN,9
2024,2024-09-07,747076,665489,656550,responsiblePitcher,680885,BULLPEN,9
2024,2024-09-08,747072,687462,641729,responsiblePitcher,519242,BULLPEN,8
2024,2024-09-08,747072,676391,641729,responsiblePitcher,519242,BULLPEN,8
2024,2024-09-08,747072,680718,628452,responsiblePitcher,519242,BULLPEN,11
2024,2024-09-09,744888,676914,664849,responsiblePitcher,656731,BULLPEN,7
2024,2024-09-09,744888,661531,664849,responsiblePitcher,656731,BULLPEN,7
2024,2024-09-10,744886,676391,656849,responsiblePitcher,656849,STARTER,2
2024,2024-09-10,744886,662139,656849,responsiblePitcher,656849,STARTER,3
2024,2024-09-10,744886,672386,656849,responsiblePitcher,656849,STARTER,3
2024,2024-09-10,744886,676391,656849,responsiblePitcher,656849,STARTER,3
2024,2024-09-10,744886,676914,656849,responsiblePitcher,656849,STARTER,3
2024,2024-09-10,744886,676391,623211,responsiblePitcher,656849,BULLPEN,7
2024,2024-09-11,744881,665489,640455,responsiblePitcher,640455,STARTER,4
2024,2024-09-11,744881,662139,592773,responsiblePitcher,640455,BULLPEN,9
2024,2024-09-13,744882,543807,607200,responsiblePitcher,607200,STARTER,4
2024,2024-09-13,744882,664770,607200,responsiblePitcher,607200,STARTER,4
2024,2024-09-13,744882,665489,607200,responsiblePitcher,607200,STARTER,4
2024,2024-09-13,744882,665489,681676,responsiblePitcher,607200,BULLPEN,11
2024,2024-09-14,744884,676914,502043,responsiblePitcher,502043,STARTER,3
2024,2024-09-14,744884,664770,502043,responsiblePitcher,502043,STARTER,6
2024,2024-09-14,744884,665489,502043,responsiblePitcher,502043,STARTER,6
2024,2024-09-14,744884,687462,502043,responsiblePitcher,502043,STARTER,6
2024,2024-09-14,744884,676391,502043,responsiblePitcher,502043,STARTER,6
2024,2024-09-14,744884,664770,676617,responsiblePitcher,502043,BULLPEN,7
2024,2024-09-14,744884,665489,676617,responsiblePitcher,502043,BULLPEN,7
2024,2024-09-15,744883,676914,571945,responsiblePitcher,571945,STARTER,5
2024,2024-09-15,744883,687462,571945,responsiblePitcher,571945,STARTER,5
2024,2024-09-15,744883,543807,552640,responsiblePitcher,571945,BULLPEN,8
2024,2024-09-17,744961,543807,543135,responsiblePitcher,543135,STARTER,1
2024,2024-09-17,744961,665489,543135,responsiblePitcher,543135,STARTER,1
2024,2024-09-17,744961,543807,543135,responsiblePitcher,543135,STARTER,2
2024,2024-09-17,744961,665489,543135,responsiblePitcher,543135,STARTER,5
2024,2024-09-17,744961,687462,543135,responsiblePitcher,543135,STARTER,5
2024,2024-09-17,744961,676914,543135,responsiblePitcher,543135,STARTER,5
2024,2024-09-17,744961,664770,543135,responsiblePitcher,543135,STARTER,5
2024,2024-09-17,744961,676914,502085,responsiblePitcher,543135,BULLPEN,8
2024,2024-09-19,744962,680718,677958,responsiblePitcher,677958,STARTER,2
2024,2024-09-19,744962,665489,677958,responsiblePitcher,677958,STARTER,3
2024,2024-09-19,744962,665489,670036,responsiblePitcher,677958,BULLPEN,7
2024,2024-09-19,744962,665489,642520,responsiblePitcher,677958,BULLPEN,9
2024,2024-09-21,745038,664770,671737,responsiblePitcher,671737,STARTER,5
2024,2024-09-21,745038,687462,664076,responsiblePitcher,671737,BULLPEN,7
2024,2024-09-22,745036,676391,669358,responsiblePitcher,669358,STARTER,4
2024,2024-09-22,745036,623168,621363,responsiblePitcher,669358,BULLPEN,7
2024,2024-09-22,745036,672386,670955,responsiblePitcher,669358,BULLPEN,9
2024,2024-09-23,744885,664770,455119,responsiblePitcher,656557,BULLPEN,9
2024,2024-09-24,744876,664770,678394,responsiblePitcher,678394,STARTER,3
2024,2024-09-24,744876,694388,678394,responsiblePitcher,678394,STARTER,3
2024,2024-09-24,744876,676914,608371,responsiblePitcher,678394,BULLPEN,5
2024,2024-09-24,744876,676914,683068,responsiblePitcher,678394,BULLPEN,10
2024,2024-09-24,744876,677870,683068,responsiblePitcher,678394,BULLPEN,10
2024,2024-09-25,744877,665489,690916,responsiblePitcher,690916,STARTER,4
2024,2024-09-25,744877,672386,690916,responsiblePitcher,690916,STARTER,4
2024,2024-09-25,744877,682729,690916,responsiblePitcher,690916,STARTER,5
2024,2024-09-25,744877,623168,690916,responsiblePitcher,690916,STARTER,5
2024,2024-09-25,744877,682729,670174,responsiblePitcher,690916,BULLPEN,7
2024,2024-09-25,744877,694388,670174,responsiblePitcher,690916,BULLPEN,7
2024,2024-09-27,744879,677870,670124,responsiblePitcher,670124,STARTER,3
2024,2024-09-27,744879,664770,670124,responsiblePitcher,670124,STARTER,3
2024,2024-09-27,744879,543807,670124,responsiblePitcher,670124,STARTER,3
2024,2024-09-27,744879,676391,670124,responsiblePitcher,670124,STARTER,4
2024,2024-09-27,744879,682729,685107,responsiblePitcher,670124,BULLPEN,6
2024,2024-09-28,744878,664770,675540,responsiblePitcher,675540,STARTER,1
2024,2024-09-29,744880,665782,677960,responsiblePitcher,677960,STARTER,7
2025,2025-03-27,778556,665926,621107,responsiblePitcher,621107,STARTER,4
2025,2025-03-27,778556,665489,621107,responsiblePitcher,621107,STARTER,4
2025,2025-03-28,778549,672386,450203,responsiblePitcher,450203,STARTER,4
2025,2025-03-28,778549,543807,450203,responsiblePitcher,450203,STARTER,4
2025,2025-03-28,778549,695238,450203,responsiblePitcher,450203,STARTER,4
2025,2025-03-28,778549,664770,450203,responsiblePitcher,450203,STARTER,4
2025,2025-03-28,778549,666182,544150,responsiblePitcher,450203,BULLPEN,4
2025,2025-03-28,778549,664770,544150,responsiblePitcher,450203,BULLPEN,6
2025,2025-03-28,778549,623993,672335,responsiblePitcher,450203,BULLPEN,7
2025,2025-03-28,778549,665926,672335,responsiblePitcher,450203,BULLPEN,7
2025,2025-03-29,778536,666182,665152,responsiblePitcher,665152,STARTER,1
2025,2025-03-29,778536,665489,665152,responsiblePitcher,665152,STARTER,1
2025,2025-03-29,778536,665926,665152,responsiblePitcher,665152,STARTER,3
2025,2025-03-29,778536,666182,665152,responsiblePitcher,665152,STARTER,3
2025,2025-03-29,778536,664770,665152,responsiblePitcher,665152,STARTER,5
2025,2025-03-30,778525,665926,608372,responsiblePitcher,608372,STARTER,1
2025,2025-03-30,778525,666182,608372,responsiblePitcher,608372,STARTER,1
2025,2025-03-30,778525,623168,672335,responsiblePitcher,608372,BULLPEN,7
2025,2025-03-31,778507,665926,647336,responsiblePitcher,647336,STARTER,2
2025,2025-03-31,778507,702176,647336,responsiblePitcher,647336,STARTER,3
2025,2025-03-31,778507,665926,647336,responsiblePitcher,647336,STARTER,4
2025,2025-03-31,778507,672386,647336,responsiblePitcher,647336,STARTER,4
2025,2025-03-31,778507,665926,674285,responsiblePitcher,647336,BULLPEN,8
2025,2025-04-01,778491,665926,592866,responsiblePitcher,592866,STARTER,2
2025,2025-04-01,778491,672386,592866,responsiblePitcher,592866,STARTER,2
2025,2025-04-01,778491,543807,592866,responsiblePitcher,592866,STARTER,2
2025,2025-04-01,778491,543807,678606,responsiblePitcher,592866,BULLPEN,8
2025,2025-04-01,778491,695238,678606,responsiblePitcher,592866,BULLPEN,8
2025,2025-04-02,778478,623993,669022,responsiblePitcher,669022,STARTER,1
2025,2025-04-02,778478,543807,669022,responsiblePitcher,669022,STARTER,4
2025,2025-04-02,778478,665489,669022,responsiblePitcher,669022,STARTER,5
2025,2025-04-02,778478,664702,695418,responsiblePitcher,669022,BULLPEN,6
2025,2025-04-05,778446,702176,656288,responsiblePitcher,656288,STARTER,5
2025,2025-04-05,778446,702176,676130,responsiblePitcher,656288,BULLPEN,6
2025,2025-04-06,778435,623168,656849,responsiblePitcher,656849,STARTER,5
2025,2025-04-07,778426,666182,690916,responsiblePitcher,690916,STARTER,3
2025,2025-04-07,778426,665489,690916,responsiblePitcher,690916,STARTER,3
2025,2025-04-07,778426,665926,690916,responsiblePitcher,690916,STARTER,5
2025,2025-04-07,778426,665926,669711,responsiblePitcher,690916,BULLPEN,7
2025,2025-04-07,778426,543807,669711,responsiblePitcher,690916,BULLPEN,7
2025,2025-04-07,778426,623993,476594,responsiblePitcher,690916,BULLPEN,9
2025,2025-04-08,778404,543807,676979,responsiblePitcher,676979,STARTER,6
2025,2025-04-08,778404,676914,676979,responsiblePitcher,676979,STARTER,6
2025,2025-04-08,778404,623168,676979,responsiblePitcher,676979,STARTER,6
2025,2025-04-08,778404,664702,676979,responsiblePitcher,676979,STARTER,6
2025,2025-04-08,778404,664702,677161,responsiblePitcher,676979,BULLPEN,8
2025,2025-04-08,778404,623168,677161,responsiblePitcher,676979,BULLPEN,8
2025,2025-04-09,778386,665489,656557,responsiblePitcher,656557,STARTER,1
2025,2025-04-09,778386,676391,670174,responsiblePitcher,656557,BULLPEN,11
2025,2025-04-10,778377,695238,621111,responsiblePitcher,621111,STARTER,7
2025,2025-04-10,778377,664702,458677,responsiblePitcher,621111,BULLPEN,7
2025,2025-04-10,778377,665926,657514,responsiblePitcher,621111,BULLPEN,10
2025,2025-04-12,778362,666182,608372,responsiblePitcher,608372,STARTER,1
2025,2025-04-12,778362,664770,608372,responsiblePitcher,608372,STARTER,2
2025,2025-04-12,778362,623993,608372,responsiblePitcher,608372,STARTER,3
2025,2025-04-12,778362,664770,641329,responsiblePitcher,608372,BULLPEN,7
2025,2025-04-13,778344,672386,700249,responsiblePitcher,700249,STARTER,2
2025,2025-04-13,778344,676914,700249,responsiblePitcher,700249,STARTER,3
2025,2025-04-13,778344,676391,669211,responsiblePitcher,700249,BULLPEN,6
2025,2025-04-13,778344,665926,642397,responsiblePitcher,700249,BULLPEN,8
2025,2025-04-13,778344,623168,642397,responsiblePitcher,700249,BULLPEN,8
2025,2025-04-13,778344,676391,642397,responsiblePitcher,700249,BULLPEN,8
2025,2025-04-13,778344,665926,621199,responsiblePitcher,700249,BULLPEN,10
2025,2025-04-14,778322,664702,656550,responsiblePitcher,656550,STARTER,6
2025,2025-04-14,778322,664770,656550,responsiblePitcher,656550,STARTER,8
2025,2025-04-14,778322,702176,656550,responsiblePitcher,656550,STARTER,8
2025,2025-04-14,778322,623993,607481,responsiblePitcher,656550,BULLPEN,9
2025,2025-04-15,778311,702176,680885,responsiblePitcher,680885,STARTER,3
2025,2025-04-15,778311,702176,680885,responsiblePitcher,680885,STARTER,5
2025,2025-04-15,778311,664702,680885,responsiblePitcher,680885,STARTER,5
2025,2025-04-15,778311,623993,680885,responsiblePitcher,680885,STARTER,5
2025,2025-04-15,778311,666182,680885,responsiblePitcher,680885,STARTER,5
2025,2025-04-15,778311,665489,680885,responsiblePitcher,680885,STARTER,5
2025,2025-04-16,778297,666182,675911,responsiblePitcher,675911,STARTER,3
2025,2025-04-16,778297,665489,675911,responsiblePitcher,675911,STARTER,6
2025,2025-04-16,778297,664702,572955,responsiblePitcher,675911,BULLPEN,7
2025,2025-04-18,778273,666182,693433,responsiblePitcher,693433,STARTER,1
2025,2025-04-18,778273,543807,693433,responsiblePitcher,693433,STARTER,2
2025,2025-04-18,778273,543807,693433,responsiblePitcher,693433,STARTER,4
2025,2025-04-19,778258,665489,669302,responsiblePitcher,669302,STARTER,1
2025,2025-04-19,778258,665926,669302,responsiblePitcher,669302,STARTER,5
2025,2025-04-19,778258,676391,676092,responsiblePitcher,669302,BULLPEN,6
2025,2025-04-19,778258,623993,596271,responsiblePitcher,669302,BULLPEN,12
2025,2025-04-20,778241,680718,622491,responsiblePitcher,622491,STARTER,2
2025,2025-04-20,778241,695238,622491,responsiblePitcher,622491,STARTER,2
2025,2025-04-20,778241,543807,622491,responsiblePitcher,622491,STARTER,3
2025,2025-04-22,778217,664770,669854,responsiblePitcher,669854,STARTER,3
2025,2025-04-23,778200,665489,687473,responsiblePitcher,687473,STARTER,4
2025,2025-04-25,778185,665489,657612,responsiblePitcher,471911,BULLPEN,6
2025,2025-04-25,778185,665926,642207,responsiblePitcher,471911,BULLPEN,9
2025,2025-04-25,778185,543807,642207,responsiblePitcher,471911,BULLPEN,9
2025,2025-04-25,778185,623168,642207,responsiblePitcher,471911,BULLPEN,9
2025,2025-04-27,778156,666182,608331,responsiblePitcher,608331,STARTER,1
2025,2025-04-27,778156,664702,554431,responsiblePitcher,608331,BULLPEN,9
2025,2025-04-27,778170,623993,657376,responsiblePitcher,657376,STARTER,3
2025,2025-04-29,778127,665489,676979,responsiblePitcher,676979,STARTER,3
2025,2025-04-29,778127,666182,676979,responsiblePitcher,676979,STARTER,3
2025,2025-04-30,778114,662139,608337,responsiblePitcher,608337,STARTER,6
2025,2025-04-30,778114,543807,608337,responsiblePitcher,608337,STARTER,6
2025,2025-04-30,778114,672386,608337,responsiblePitcher,608337,STARTER,6
2025,2025-04-30,778114,623993,676477,responsiblePitcher,608337,BULLPEN,7
2025,2025-04-30,778114,676391,676477,responsiblePitcher,608337,BULLPEN,7
2025,2025-04-30,778114,665489,676477,responsiblePitcher,608337,BULLPEN,7
2025,2025-04-30,778114,665489,686580,responsiblePitcher,608337,BULLPEN,10
2025,2025-05-01,778095,662139,656557,responsiblePitcher,656557,STARTER,7
2025,2025-05-01,778095,665489,686580,responsiblePitcher,656557,BULLPEN,8
2025,2025-05-01,778095,664770,686580,responsiblePitcher,656557,BULLPEN,8
2025,2025-05-01,778095,666182,686580,responsiblePitcher,656557,BULLPEN,8
2025,2025-05-02,778081,623993,671106,responsiblePitcher,671106,STARTER,3
2025,2025-05-02,778081,665489,671106,responsiblePitcher,671106,STARTER,3
2025,2025-05-02,778081,543807,671106,responsiblePitcher,671106,STARTER,5
2025,2025-05-02,778081,662139,596001,responsiblePitcher,671106,BULLPEN,8
2025,2025-05-02,778081,543807,596001,responsiblePitcher,671106,BULLPEN,8
2025,2025-05-03,778064,666182,668909,responsiblePitcher,668909,STARTER,1
2025,2025-05-03,778064,623993,668909,responsiblePitcher,668909,STARTER,3
2025,2025-05-03,778064,676391,663465,responsiblePitcher,668909,BULLPEN,5
2025,2025-05-04,778056,680718,676440,responsiblePitcher,676440,STARTER,4
2025,2025-05-04,778056,664770,676440,responsiblePitcher,676440,STARTER,4
2025,2025-05-04,778056,702176,676440,responsiblePitcher,676440,STARTER,4
2025,2025-05-04,778056,665926,661403,responsiblePitcher,676440,BULLPEN,9
2025,2025-05-06,778025,543807,542881,responsiblePitcher,542881,STARTER,1
2025,2025-05-06,778025,665489,542881,responsiblePitcher,542881,STARTER,1
2025,2025-05-06,778025,623993,696270,responsiblePitcher,542881,BULLPEN,8
2025,2025-05-07,778009,665489,579328,responsiblePitcher,579328,STARTER,6
2025,2025-05-07,778009,676391,672282,responsiblePitcher,579328,BULLPEN,7
2025,2025-05-07,778009,664702,672282,responsiblePitcher,579328,BULLPEN,7
2025,2025-05-07,778009,665926,672282,responsiblePitcher,579328,BULLPEN,7
2025,2025-05-08,778000,665489,667755,responsiblePitcher,667755,STARTER,3
2025,2025-05-08,778000,543807,667755,responsiblePitcher,667755,STARTER,3
2025,2025-05-08,778000,543807,667755,responsiblePitcher,667755,STARTER,5
2025,2025-05-08,778000,666182,696270,responsiblePitcher,667755,BULLPEN,6
2025,2025-05-08,778000,664770,696270,responsiblePitcher,667755,BULLPEN,6
2025,2025-05-08,778000,665489,696270,responsiblePitcher,667755,BULLPEN,6
2025,2025-05-08,778000,543807,656271,responsiblePitcher,667755,BULLPEN,6
2025,2025-05-08,778000,662139,641401,responsiblePitcher,667755,BULLPEN,8
2025,2025-05-09,777984,666182,622491,responsiblePitcher,622491,STARTER,1
2025,2025-05-09,777984,665489,622491,responsiblePitcher,622491,STARTER,1
2025,2025-05-09,777984,680718,622491,responsiblePitcher,622491,STARTER,3
2025,2025-05-09,777984,664770,622491,responsiblePitcher,622491,STARTER,3
2025,2025-05-09,777984,676391,622491,responsiblePitcher,622491,STARTER,3
2025,2025-05-09,777984,623168,700187,responsiblePitcher,622491,BULLPEN,9
2025,2025-05-10,777970,666182,688138,responsiblePitcher,688138,STARTER,5
2025,2025-05-10,777970,664702,688138,responsiblePitcher,688138,STARTER,5
2025,2025-05-10,777970,543807,688138,responsiblePitcher,688138,STARTER,6
2025,2025-05-10,777970,543807,672841,responsiblePitcher,688138,BULLPEN,8
2025,2025-05-10,777970,676391,672841,responsiblePitcher,688138,BULLPEN,8
2025,2025-05-10,777970,680718,672841,responsiblePitcher,688138,BULLPEN,8
2025,2025-05-11,777958,664770,682243,responsiblePitcher,682243,STARTER,2
2025,2025-05-11,777958,672386,682243,responsiblePitcher,682243,STARTER,4
2025,2025-05-11,777958,543807,682243,responsiblePitcher,682243,STARTER,5
2025,2025-05-11,777958,665489,682243,responsiblePitcher,682243,STARTER,5
2025,2025-05-11,777958,680718,682243,responsiblePitcher,682243,STARTER,5
2025,2025-05-11,777958,664770,682243,responsiblePitcher,682243,STARTER,6
2025,2025-05-11,777958,676391,682243,responsiblePitcher,682243,STARTER,6
2025,2025-05-11,777958,680718,676092,responsiblePitcher,682243,BULLPEN,7
2025,2025-05-11,777958,543807,676092,responsiblePitcher,682243,BULLPEN,7
2025,2025-05-13,777935,666182,669358,responsiblePitcher,669358,STARTER,3
2025,2025-05-13,777935,623168,669358,responsiblePitcher,669358,STARTER,3
2025,2025-05-13,777935,662139,669358,responsiblePitcher,669358,STARTER,4
2025,2025-05-13,777935,676391,664076,responsiblePitcher,669358,BULLPEN,7
2025,2025-05-13,777935,662139,670955,responsiblePitcher,669358,BULLPEN,8
2025,2025-05-13,777935,665489,670955,responsiblePitcher,669358,BULLPEN,8
2025,2025-05-13,777935,543807,670955,responsiblePitcher,669358,BULLPEN,8
2025,2025-05-13,777935,664702,664126,responsiblePitcher,669358,BULLPEN,9
2025,2025-05-13,777935,666182,664126,responsiblePitcher,669358,BULLPEN,9
2025,2025-05-14,777923,672386,686752,responsiblePitcher,686752,STARTER,6
2025,2025-05-14,777923,665489,686752,responsiblePitcher,686752,STARTER,6
2025,2025-05-14,777923,662139,686752,responsiblePitcher,686752,STARTER,6
2025,2025-05-15,777913,680718,641793,responsiblePitcher,641793,STARTER,2
2025,2025-05-15,777913,665489,641793,responsiblePitcher,641793,STARTER,3
2025,2025-05-15,777913,664770,641793,responsiblePitcher,641793,STARTER,8
2025,2025-05-16,777906,662139,656427,responsiblePitcher,656427,STARTER,6
2025,2025-05-16,777906,665489,656427,responsiblePitcher,656427,STARTER,6
2025,2025-05-16,777906,680718,669724,responsiblePitcher,656427,BULLPEN,7
2025,2025-05-16,777906,666182,592454,responsiblePitcher,656427,BULLPEN,8
2025,2025-05-17,777886,676391,663947,responsiblePitcher,681857,BULLPEN,8
2025,2025-05-17,777886,662139,669724,responsiblePitcher,681857,BULLPEN,9
2025,2025-05-18,777871,665489,695549,responsiblePitcher,695549,STARTER,4
2025,2025-05-18,777871,662139,695549,responsiblePitcher,695549,STARTER,4
2025,2025-05-20,777845,665489,656302,responsiblePitcher,656302,STARTER,1
2025,2025-05-20,777845,623993,656302,responsiblePitcher,656302,STARTER,5
2025,2025-05-20,777845,672386,656302,responsiblePitcher,656302,STARTER,5
2025,2025-05-21,777837,664770,681190,responsiblePitcher,681190,STARTER,5
2025,2025-05-21,777837,676391,681190,responsiblePitcher,681190,STARTER,5
2025,2025-05-21,777837,680718,670970,responsiblePitcher,681190,BULLPEN,7
2025,2025-05-21,777837,676391,670970,responsiblePitcher,681190,BULLPEN,7
2025,2025-05-21,777837,666182,670970,responsiblePitcher,681190,BULLPEN,7
2025,2025-05-21,777837,665489,670970,responsiblePitcher,681190,BULLPEN,7
2025,2025-05-21,777837,543807,689690,responsiblePitcher,681190,BULLPEN,7
2025,2025-05-21,777837,676391,689690,responsiblePitcher,681190,BULLPEN,8
2025,2025-05-21,777837,662139,689690,responsiblePitcher,681190,BULLPEN,8
2025,2025-05-21,777837,664770,689690,responsiblePitcher,681190,BULLPEN,8
2025,2025-05-21,777837,666182,689690,responsiblePitcher,681190,BULLPEN,8
2025,2025-05-21,777837,683021,689690,responsiblePitcher,681190,BULLPEN,8
2025,2025-05-21,777837,543807,689690,responsiblePitcher,681190,BULLPEN,8
2025,2025-05-21,777837,682729,642180,responsiblePitcher,681190,BULLPEN,8
2025,2025-05-22,777816,623168,663568,responsiblePitcher,663568,STARTER,3
2025,2025-05-22,777816,666182,663568,responsiblePitcher,663568,STARTER,3
2025,2025-05-22,777816,682729,663568,responsiblePitcher,663568,STARTER,4
2025,2025-05-22,777816,623168,663568,responsiblePitcher,663568,STARTER,4
2025,2025-05-22,777816,664770,663158,responsiblePitcher,663568,BULLPEN,10
2025,2025-05-22,777816,665489,669093,responsiblePitcher,663568,BULLPEN,11
2025,2025-05-22,777816,662139,669093,responsiblePitcher,663568,BULLPEN,11
2025,2025-05-23,777810,672386,682254,responsiblePitcher,656876,BULLPEN,7
2025,2025-05-24,777795,665489,669358,responsiblePitcher,669358,STARTER,6
2025,2025-05-26,777759,662139,594798,responsiblePitcher,594798,STARTER,1
2025,2025-05-26,777759,665489,594798,responsiblePitcher,594798,STARTER,4
2025,2025-05-28,777724,666182,657097,responsiblePitcher,641816,BULLPEN,9
2025,2025-05-28,777724,676391,657097,responsiblePitcher,641816,BULLPEN,9
2025,2025-05-29,777727,676391,682052,responsiblePitcher,682052,STARTER,2
2025,2025-05-29,777727,672386,682052,responsiblePitcher,682052,STARTER,2
2025,2025-05-29,777727,623993,682052,responsiblePitcher,682052,STARTER,2
2025,2025-05-29,777727,682729,682052,responsiblePitcher,682052,STARTER,2
2025,2025-05-29,777727,665489,682052,responsiblePitcher,682052,STARTER,2
2025,2025-05-29,777727,666182,682052,responsiblePitcher,682052,STARTER,2
2025,2025-05-29,777727,543807,682052,responsiblePitcher,682052,STARTER,2
2025,2025-05-29,777727,672386,687424,responsiblePitcher,682052,BULLPEN,2
2025,2025-05-29,777727,666182,687424,responsiblePitcher,682052,BULLPEN,3
2025,2025-05-29,777727,682729,687424,responsiblePitcher,682052,BULLPEN,3
2025,2025-05-29,777727,543807,687424,responsiblePitcher,682052,BULLPEN,3
2025,2025-05-29,777727,680718,663687,responsiblePitcher,682052,BULLPEN,7
2025,2025-05-30,777716,676391,605488,responsiblePitcher,605488,STARTER,2
2025,2025-05-30,777716,680718,605488,responsiblePitcher,605488,STARTER,2
2025,2025-05-30,777716,664702,605488,responsiblePitcher,605488,STARTER,2
2025,2025-05-30,777716,676391,605488,responsiblePitcher,605488,STARTER,3
2025,2025-05-30,777716,680718,605488,responsiblePitcher,605488,STARTER,3
2025,2025-05-30,777716,664702,605488,responsiblePitcher,605488,STARTER,3
2025,2025-05-30,777716,664702,687765,responsiblePitcher,605488,BULLPEN,5
2025,2025-05-30,777716,543807,686993,responsiblePitcher,605488,BULLPEN,5
2025,2025-05-30,777716,665489,687765,responsiblePitcher,605488,BULLPEN,5
2025,2025-05-30,777716,680718,680880,responsiblePitcher,605488,BULLPEN,6
2025,2025-05-30,777716,664770,680880,responsiblePitcher,605488,BULLPEN,6
2025,2025-05-31,777701,680718,680684,responsiblePitcher,680684,STARTER,1
2025,2025-05-31,777701,665489,680684,responsiblePitcher,680684,STARTER,1
2025,2025-05-31,777701,662139,680684,responsiblePitcher,680684,STARTER,1
2025,2025-05-31,777701,543807,680684,responsiblePitcher,680684,STARTER,1
2025,2025-05-31,777701,666182,680684,responsiblePitcher,680684,STARTER,2
2025,2025-05-31,777701,543807,680684,responsiblePitcher,680684,STARTER,3
2025,2025-05-31,777701,543807,680684,responsiblePitcher,680684,STARTER,5
2025,2025-05-31,777701,676391,680684,responsiblePitcher,680684,STARTER,6
2025,2025-06-01,777685,664702,676664,responsiblePitcher,676664,STARTER,5
2025,2025-06-01,777685,665489,676664,responsiblePitcher,676664,STARTER,5
2025,2025-06-01,777685,680718,686993,responsiblePitcher,676664,BULLPEN,8
2025,2025-06-01,777685,543807,686993,responsiblePitcher,676664,BULLPEN,8
2025,2025-06-01,777685,702176,686993,responsiblePitcher,676664,BULLPEN,8
2025,2025-06-01,777685,676391,686993,responsiblePitcher,676664,BULLPEN,8
2025,2025-06-01,777685,664770,680880,responsiblePitcher,676664,BULLPEN,8
2025,2025-06-01,777685,676914,680880,responsiblePitcher,676664,BULLPEN,8
2025,2025-06-03,777665,676914,650911,responsiblePitcher,650911,STARTER,5
2025,2025-06-03,777665,680718,676661,responsiblePitcher,650911,BULLPEN,8
2025,2025-06-03,777665,672386,676661,responsiblePitcher,650911,BULLPEN,8
2025,2025-06-04,777651,665926,690953,responsiblePitcher,690953,STARTER,6
2025,2025-06-04,777651,665489,605447,responsiblePitcher,690953,BULLPEN,9
2025,2025-06-05,777637,676914,666200,responsiblePitcher,666200,STARTER,2
2025,2025-06-05,777637,664702,666200,responsiblePitcher,666200,STARTER,2
2025,2025-06-05,777637,666182,666200,responsiblePitcher,666200,STARTER,2
2025,2025-06-05,777637,623168,666200,responsiblePitcher,666200,STARTER,2
2025,2025-06-05,777637,676391,666200,responsiblePitcher,666200,STARTER,3
2025,2025-06-05,777637,672386,666200,responsiblePitcher,666200,STARTER,3
2025,2025-06-05,777637,664702,666200,responsiblePitcher,666200,STARTER,3
2025,2025-06-05,777637,676914,666200,responsiblePitcher,666200,STARTER,3
2025,2025-06-05,777637,543807,686751,responsiblePitcher,666200,BULLPEN,6
2025,2025-06-06,777615,680718,641927,responsiblePitcher,641927,STARTER,4
2025,2025-06-06,777615,665489,641927,responsiblePitcher,641927,STARTER,4
2025,2025-06-06,777615,665926,641927,responsiblePitcher,641927,STARTER,5
2025,2025-06-06,777615,676391,641927,responsiblePitcher,641927,STARTER,5
2025,2025-06-06,777615,543807,641927,responsiblePitcher,641927,STARTER,6
2025,2025-06-06,777615,665489,623437,responsiblePitcher,641927,BULLPEN,8
2025,2025-06-07,777600,665489,663978,responsiblePitcher,663978,STARTER,1
2025,2025-06-07,777600,623168,663978,responsiblePitcher,663978,STARTER,2
2025,2025-06-07,777600,543807,643377,responsiblePitcher,663978,BULLPEN,8
2025,2025-06-07,777600,680718,643377,responsiblePitcher,663978,BULLPEN,8
2025,2025-06-07,777600,623168,661395,responsiblePitcher,663978,BULLPEN,9
2025,2025-06-08,777585,676391,657746,responsiblePitcher,657746,STARTER,2
2025,2025-06-08,777585,666182,657746,responsiblePitcher,657746,STARTER,3
2025,2025-06-08,777585,665489,657746,responsiblePitcher,657746,STARTER,3
2025,2025-06-09,777581,680718,669467,responsiblePitcher,669467,STARTER,1
2025,2025-06-09,777581,676391,669467,responsiblePitcher,669467,STARTER,2
2025,2025-06-09,777581,672386,676617,responsiblePitcher,669467,BULLPEN,8
2025,2025-06-09,777581,682729,664854,responsiblePitcher,669467,BULLPEN,9
2025,2025-06-09,777581,680718,664208,responsiblePitcher,669467,BULLPEN,10
2025,2025-06-10,777558,665926,571945,responsiblePitcher,571945,STARTER,1
2025,2025-06-10,777558,666182,571945,responsiblePitcher,571945,STARTER,1
2025,2025-06-10,777558,672386,571945,responsiblePitcher,571945,STARTER,1
2025,2025-06-10,777558,543807,571945,responsiblePitcher,571945,STARTER,4
2025,2025-06-10,777558,682729,571945,responsiblePitcher,571945,STARTER,5
2025,2025-06-10,777558,666182,571945,responsiblePitcher,571945,STARTER,5
2025,2025-06-10,777558,672386,681517,responsiblePitcher,571945,BULLPEN,7
2025,2025-06-10,777558,680718,667463,responsiblePitcher,571945,BULLPEN,7
2025,2025-06-10,777558,666182,688297,responsiblePitcher,571945,BULLPEN,9
2025,2025-06-10,777558,672386,688297,responsiblePitcher,571945,BULLPEN,9
2025,2025-06-11,777545,623168,669461,responsiblePitcher,669461,STARTER,3
2025,2025-06-11,777545,665489,669461,responsiblePitcher,669461,STARTER,3
2025,2025-06-11,777545,664702,669461,responsiblePitcher,669461,STARTER,4
2025,2025-06-11,777545,682729,669461,responsiblePitcher,669461,STARTER,4
2025,2025-06-11,777545,676391,669461,responsiblePitcher,669461,STARTER,5
2025,2025-06-14,777509,676391,650911,responsiblePitcher,650911,STARTER,2
2025,2025-06-14,777509,666182,650911,responsiblePitcher,650911,STARTER,5
2025,2025-06-15,777499,665926,554430,responsiblePitcher,554430,STARTER,5
2025,2025-06-15,777499,676391,554430,responsiblePitcher,554430,STARTER,5
2025,2025-06-15,777499,676391,621383,responsiblePitcher,554430,BULLPEN,7
2025,2025-06-15,777499,702176,621383,responsiblePitcher,554430,BULLPEN,7
2025,2025-06-17,777479,680718,694297,responsiblePitcher,694297,STARTER,1
2025,2025-06-17,777479,665489,694297,responsiblePitcher,694297,STARTER,3
2025,2025-06-17,777479,666182,656222,responsiblePitcher,694297,BULLPEN,7
2025,2025-06-17,777479,666182,571946,responsiblePitcher,694297,BULLPEN,9
2025,2025-06-17,777479,680718,571946,responsiblePitcher,694297,BULLPEN,9
2025,2025-06-18,777462,666182,593958,responsiblePitcher,593958,STARTER,1
2025,2025-06-18,777462,623168,593958,responsiblePitcher,593958,STARTER,3
2025,2025-06-18,777462,702176,605463,responsiblePitcher,593958,BULLPEN,6
2025,2025-06-18,777462,666182,605463,responsiblePitcher,593958,BULLPEN,6
2025,2025-06-18,777462,680718,605463,responsiblePitcher,593958,BULLPEN,6
2025,2025-06-18,777462,676391,656464,responsiblePitcher,593958,BULLPEN,7
2025,2025-06-18,777462,665926,656464,responsiblePitcher,593958,BULLPEN,7
2025,2025-06-18,777462,702176,656464,responsiblePitcher,593958,BULLPEN,7
2025,2025-06-19,777448,672386,669194,responsiblePitcher,669194,STARTER,2
2025,2025-06-19,777448,672386,543101,responsiblePitcher,669194,BULLPEN,7
2025,2025-06-19,777448,682729,543101,responsiblePitcher,669194,BULLPEN,8
2025,2025-06-19,777448,680718,543101,responsiblePitcher,669194,BULLPEN,8
2025,2025-06-19,777448,665489,543101,responsiblePitcher,669194,BULLPEN,8
2025,2025-06-20,777435,623168,682790,responsiblePitcher,691799,BULLPEN,8
2025,2025-06-21,777418,666182,650644,responsiblePitcher,650644,STARTER,1
2025,2025-06-21,777418,543807,650644,responsiblePitcher,650644,STARTER,2
2025,2025-06-21,777418,676391,650644,responsiblePitcher,650644,STARTER,2
2025,2025-06-21,777418,676914,650644,responsiblePitcher,650644,STARTER,2
2025,2025-06-21,777418,665489,650644,responsiblePitcher,650644,STARTER,7
2025,2025-06-21,777418,676391,669449,responsiblePitcher,650644,BULLPEN,8
2025,2025-06-21,777418,543807,669449,responsiblePitcher,650644,BULLPEN,8
2025,2025-06-22,777408,664702,605288,responsiblePitcher,605288,STARTER,5
2025,2025-06-22,777408,702176,605288,responsiblePitcher,605288,STARTER,7
2025,2025-06-24,777384,666182,671106,responsiblePitcher,671106,STARTER,1
2025,2025-06-24,777384,676391,671106,responsiblePitcher,671106,STARTER,1
2025,2025-06-24,777384,543807,671106,responsiblePitcher,671106,STARTER,4
2025,2025-06-24,777384,676391,671106,responsiblePitcher,671106,STARTER,5
2025,2025-06-24,777384,543807,663465,responsiblePitcher,671106,BULLPEN,7
2025,2025-06-24,777384,665489,663465,responsiblePitcher,671106,BULLPEN,7
2025,2025-06-24,777384,543807,683769,responsiblePitcher,671106,BULLPEN,8
2025,2025-06-24,777384,676391,683769,responsiblePitcher,671106,BULLPEN,8
2025,2025-06-24,777384,665489,683769,responsiblePitcher,671106,BULLPEN,8
2025,2025-06-24,777384,672386,683769,responsiblePitcher,671106,BULLPEN,8
2025,2025-06-25,777368,665489,668909,responsiblePitcher,668909,STARTER,4
2025,2025-06-25,777368,665489,668909,responsiblePitcher,668909,STARTER,6
2025,2025-06-25,777368,680718,668909,responsiblePitcher,668909,STARTER,6
2025,2025-06-25,777368,672386,668909,responsiblePitcher,668909,STARTER,6
2025,2025-06-26,777354,623168,676440,responsiblePitcher,676440,STARTER,3
2025,2025-06-26,777354,682729,676440,responsiblePitcher,676440,STARTER,3
2025,2025-06-26,777354,664702,676440,responsiblePitcher,676440,STARTER,3
2025,2025-06-26,777354,676391,687849,responsiblePitcher,676440,BULLPEN,9
2025,2025-06-26,777354,682729,663465,responsiblePitcher,676440,BULLPEN,9
2025,2025-06-26,777354,680718,687849,responsiblePitcher,676440,BULLPEN,9
2025,2025-06-27,777345,665489,678394,responsiblePitcher,678394,STARTER,1
2025,2025-06-27,777345,676391,678394,responsiblePitcher,678394,STARTER,2
2025,2025-06-27,777345,543807,678394,responsiblePitcher,678394,STARTER,3
2025,2025-06-27,777345,680718,692285,responsiblePitcher,678394,BULLPEN,7
2025,2025-06-27,777345,665489,692285,responsiblePitcher,678394,BULLPEN,7
2025,2025-06-27,777345,680718,657514,responsiblePitcher,678394,BULLPEN,8
2025,2025-06-27,777345,665489,657514,responsiblePitcher,678394,BULLPEN,8
2025,2025-06-27,777345,543807,657514,responsiblePitcher,678394,BULLPEN,8
2025,2025-06-27,777345,672386,657514,responsiblePitcher,678394,BULLPEN,8
2025,2025-06-28,777323,664702,608337,responsiblePitcher,608337,STARTER,3
2025,2025-06-29,777310,680718,621111,responsiblePitcher,621111,STARTER,1
2025,2025-06-29,777310,665489,621111,responsiblePitcher,621111,STARTER,1
2025,2025-06-29,777310,664770,621111,responsiblePitcher,621111,STARTER,4
2025,2025-06-29,777310,676391,621111,responsiblePitcher,621111,STARTER,4
2025,2025-06-29,777310,666182,677161,responsiblePitcher,621111,BULLPEN,5
2025,2025-06-30,777295,676391,607074,responsiblePitcher,607074,STARTER,5
2025,2025-06-30,777295,676914,607074,responsiblePitcher,607074,STARTER,6
2025,2025-06-30,777295,664702,643410,responsiblePitcher,607074,BULLPEN,6
2025,2025-06-30,777295,676391,643410,responsiblePitcher,607074,BULLPEN,6
2025,2025-06-30,777295,664770,643410,responsiblePitcher,607074,BULLPEN,6
2025,2025-07-01,777283,543807,608331,responsiblePitcher,608331,STARTER,4
2025,2025-07-01,777283,665926,608331,responsiblePitcher,608331,STARTER,4
2025,2025-07-01,777283,676914,608331,responsiblePitcher,608331,STARTER,4
2025,2025-07-01,777283,664702,608331,responsiblePitcher,608331,STARTER,4
2025,2025-07-01,777283,665926,643410,responsiblePitcher,608331,BULLPEN,7
2025,2025-07-01,777283,543807,596133,responsiblePitcher,608331,BULLPEN,7
2025,2025-07-01,777283,680718,596133,responsiblePitcher,608331,BULLPEN,7
2025,2025-07-01,777283,623168,643410,responsiblePitcher,608331,BULLPEN,7
2025,2025-07-01,777283,676391,596133,responsiblePitcher,608331,BULLPEN,7
2025,2025-07-01,777283,664770,664129,responsiblePitcher,608331,BULLPEN,8
2025,2025-07-01,777283,680718,664129,responsiblePitcher,608331,BULLPEN,8
2025,2025-07-01,777283,665926,664129,responsiblePitcher,608331,BULLPEN,8
2025,2025-07-02,777274,665926,701542,responsiblePitcher,701542,STARTER,1
2025,2025-07-02,777274,543807,701542,responsiblePitcher,701542,STARTER,1
2025,2025-07-02,777274,680718,701542,responsiblePitcher,701542,STARTER,1
2025,2025-07-02,777274,665489,701542,responsiblePitcher,701542,STARTER,1
2025,2025-07-02,777274,672386,701542,responsiblePitcher,701542,STARTER,1
2025,2025-07-02,777274,676914,701542,responsiblePitcher,701542,STARTER,1
2025,2025-07-02,777274,695238,701542,responsiblePitcher,701542,STARTER,1
2025,2025-07-02,777274,695238,701542,responsiblePitcher,701542,STARTER,3
2025,2025-07-02,777274,676914,657612,responsiblePitcher,701542,BULLPEN,7
2025,2025-07-02,777274,543807,642207,responsiblePitcher,701542,BULLPEN,8
2025,2025-07-02,777274,665489,642207,responsiblePitcher,701542,BULLPEN,8
2025,2025-07-03,777260,543807,657376,responsiblePitcher,657376,STARTER,1
2025,2025-07-03,777260,543807,657376,responsiblePitcher,657376,STARTER,3
2025,2025-07-03,777260,664770,657376,responsiblePitcher,657376,STARTER,3
2025,2025-07-03,777260,695238,690925,responsiblePitcher,657376,BULLPEN,4
2025,2025-07-03,777260,676914,690925,responsiblePitcher,657376,BULLPEN,4
2025,2025-07-03,777260,680718,690925,responsiblePitcher,657376,BULLPEN,5
2025,2025-07-03,777260,543807,596133,responsiblePitcher,657376,BULLPEN,8
2025,2025-07-03,777260,664770,596133,responsiblePitcher,657376,BULLPEN,8
2025,2025-07-04,777242,695238,543294,responsiblePitcher,543294,STARTER,6
2025,2025-07-04,777242,677870,543294,responsiblePitcher,543294,STARTER,6
2025,2025-07-04,777242,543807,543294,responsiblePitcher,543294,STARTER,6
2025,2025-07-04,777242,664702,696147,responsiblePitcher,543294,BULLPEN,10
2025,2025-07-05,777231,664770,686799,responsiblePitcher,686799,STARTER,1
2025,2025-07-05,777231,543807,686799,responsiblePitcher,686799,STARTER,3
2025,2025-07-05,777231,664770,686799,responsiblePitcher,686799,STARTER,3
2025,2025-07-05,777231,664702,666171,responsiblePitcher,686799,BULLPEN,11
2025,2025-07-06,777214,666182,542881,responsiblePitcher,542881,STARTER,4
2025,2025-07-06,777214,664702,542881,responsiblePitcher,542881,STARTER,4
2025,2025-07-06,777214,666182,542881,responsiblePitcher,542881,STARTER,6
2025,2025-07-07,777212,665489,680732,responsiblePitcher,680732,STARTER,4
2025,2025-07-07,777212,694388,680732,responsiblePitcher,680732,STARTER,5
2025,2025-07-07,777212,664770,680732,responsiblePitcher,680732,STARTER,5
2025,2025-07-07,777212,680718,680732,responsiblePitcher,680732,STARTER,6
2025,2025-07-07,777212,666182,680732,responsiblePitcher,680732,STARTER,6
2025,2025-07-07,777212,664702,685126,responsiblePitcher,680732,BULLPEN,6
2025,2025-07-07,777212,672386,680732,responsiblePitcher,680732,STARTER,6
2025,2025-07-07,777212,676391,685126,responsiblePitcher,680732,BULLPEN,6
2025,2025-07-08,777188,676914,650644,responsiblePitcher,650644,STARTER,3
2025,2025-07-08,777188,543807,650644,responsiblePitcher,650644,STARTER,3
2025,2025-07-08,777188,665489,650644,responsiblePitcher,650644,STARTER,3
2025,2025-07-08,777188,666182,650644,responsiblePitcher,650644,STARTER,3
2025,2025-07-08,777188,680718,650644,responsiblePitcher,650644,STARTER,3
2025,2025-07-08,777188,664770,656457,responsiblePitcher,650644,BULLPEN,6
2025,2025-07-09,777172,695238,605288,responsiblePitcher,605288,STARTER,2
2025,2025-07-11,777152,666182,622663,responsiblePitcher,622663,STARTER,4
2025,2025-07-11,777152,543807,622663,responsiblePitcher,622663,STARTER,5
2025,2025-07-11,777152,680718,622663,responsiblePitcher,622663,STARTER,5
2025,2025-07-11,777152,665489,622663,responsiblePitcher,622663,STARTER,5
2025,2025-07-11,777152,672386,622663,responsiblePitcher,622663,STARTER,5
2025,2025-07-11,777152,695238,678022,responsiblePitcher,622663,BULLPEN,5
2025,2025-07-11,777152,676391,678022,responsiblePitcher,622663,BULLPEN,5
2025,2025-07-12,777132,677870,682052,responsiblePitcher,682052,STARTER,2
2025,2025-07-12,777132,676391,682052,responsiblePitcher,682052,STARTER,3
2025,2025-07-12,777132,665489,547184,responsiblePitcher,682052,BULLPEN,8
2025,2025-07-13,777116,676914,605488,responsiblePitcher,605488,STARTER,5
2025,2025-07-13,777116,680718,605488,responsiblePitcher,605488,STARTER,7
2025,2025-07-13,777116,665489,605488,responsiblePitcher,605488,STARTER,7
2025,2025-07-18,777108,680718,434378,responsiblePitcher,434378,STARTER,2
2025,2025-07-18,777108,672386,434378,responsiblePitcher,434378,STARTER,2
2025,2025-07-18,777108,694388,434378,responsiblePitcher,434378,STARTER,2
2025,2025-07-18,777108,695238,434378,responsiblePitcher,434378,STARTER,2
2025,2025-07-19,777094,666182,657277,responsiblePitcher,657277,STARTER,6
2025,2025-07-19,777094,676391,657277,responsiblePitcher,657277,STARTER,6
2025,2025-07-19,777094,680718,657277,responsiblePitcher,657277,STARTER,6
2025,2025-07-19,777094,695238,657277,responsiblePitcher,657277,STARTER,6
2025,2025-07-19,777094,623168,676254,responsiblePitcher,657277,BULLPEN,8
2025,2025-07-19,777094,664702,676254,responsiblePitcher,657277,BULLPEN,8
2025,2025-07-20,777079,665489,592662,responsiblePitcher,592662,STARTER,1
2025,2025-07-20,777079,665489,592662,responsiblePitcher,592662,STARTER,3
2025,2025-07-20,777079,676391,592662,responsiblePitcher,592662,STARTER,3
2025,2025-07-20,777079,543807,592662,responsiblePitcher,592662,STARTER,5
2025,2025-07-20,777079,666182,592662,responsiblePitcher,592662,STARTER,5
2025,2025-07-20,777079,680718,702352,responsiblePitcher,592662,BULLPEN,5
2025,2025-07-20,777079,672386,702352,responsiblePitcher,592662,BULLPEN,5
2025,2025-07-20,777079,543807,702352,responsiblePitcher,592662,BULLPEN,6
2025,2025-07-21,777066,665489,607074,responsiblePitcher,607074,STARTER,5
2025,2025-07-21,777066,543807,607074,responsiblePitcher,607074,STARTER,5
2025,2025-07-21,777066,666182,607074,responsiblePitcher,607074,STARTER,5
2025,2025-07-21,777066,664702,607074,responsiblePitcher,607074,STARTER,5
2025,2025-07-22,777046,543807,693645,responsiblePitcher,693645,STARTER,1
2025,2025-07-22,777046,543807,693645,responsiblePitcher,693645,STARTER,5
2025,2025-07-22,777046,664702,657612,responsiblePitcher,693645,BULLPEN,6
2025,2025-07-22,777046,676914,657612,responsiblePitcher,693645,BULLPEN,6
2025,2025-07-23,777027,543807,608331,responsiblePitcher,608331,STARTER,4
2025,2025-07-23,777027,665489,608331,responsiblePitcher,608331,STARTER,4
2025,2025-07-23,777027,676914,608331,responsiblePitcher,608331,STARTER,5
2025,2025-07-23,777027,543807,608331,responsiblePitcher,608331,STARTER,5
2025,2025-07-23,777027,676391,608331,responsiblePitcher,608331,STARTER,6
2025,2025-07-23,777027,664702,608331,responsiblePitcher,608331,STARTER,6
2025,2025-07-23,777027,666182,664123,responsiblePitcher,608331,BULLPEN,7
2025,2025-07-23,777027,665489,664123,responsiblePitcher,608331,BULLPEN,7
2025,2025-07-24,777021,543807,681857,responsiblePitcher,681857,STARTER,6
2025,2025-07-24,777021,676391,681857,responsiblePitcher,681857,STARTER,6
2025,2025-07-24,777021,665489,681857,responsiblePitcher,681857,STARTER,6
2025,2025-07-24,777021,680718,681857,responsiblePitcher,681857,STARTER,6
2025,2025-07-24,777021,694388,681857,responsiblePitcher,681857,STARTER,6
2025,2025-07-24,777021,664770,608650,responsiblePitcher,681857,BULLPEN,7
2025,2025-07-24,777021,665489,608650,responsiblePitcher,681857,BULLPEN,7
2025,2025-07-24,777021,666182,608650,responsiblePitcher,681857,BULLPEN,7
2025,2025-07-24,777021,680718,608650,responsiblePitcher,681857,BULLPEN,7
2025,2025-07-24,777021,664770,664129,responsiblePitcher,681857,BULLPEN,8
2025,2025-07-24,777021,695238,664129,responsiblePitcher,681857,BULLPEN,8
2025,2025-07-25,777016,665489,672456,responsiblePitcher,672456,STARTER,4
2025,2025-07-25,777016,680718,672456,responsiblePitcher,672456,STARTER,4
2025,2025-07-25,777016,664770,672456,responsiblePitcher,672456,STARTER,5
2025,2025-07-25,777016,543807,672456,responsiblePitcher,672456,STARTER,5
2025,2025-07-25,777016,665489,672456,responsiblePitcher,672456,STARTER,5
2025,2025-07-25,777016,666182,672456,responsiblePitcher,672456,STARTER,5
2025,2025-07-26,777003,543807,676684,responsiblePitcher,669373,BULLPEN,8
2025,2025-07-26,777003,694388,676684,responsiblePitcher,669373,BULLPEN,8
2025,2025-07-26,777003,664770,695445,responsiblePitcher,669373,BULLPEN,9
2025,2025-07-26,777003,676391,695445,responsiblePitcher,669373,BULLPEN,9
2025,2025-07-26,777003,543807,695445,responsiblePitcher,669373,BULLPEN,9
2025,2025-07-26,777003,665489,695445,responsiblePitcher,669373,BULLPEN,9
2025,2025-07-27,776987,664702,592426,responsiblePitcher,656427,BULLPEN,9
2025,2025-07-27,776987,543807,592426,responsiblePitcher,656427,BULLPEN,9
2025,2025-07-27,776987,664770,592426,responsiblePitcher,656427,BULLPEN,9
2025,2025-07-27,776987,665489,592426,responsiblePitcher,656427,BULLPEN,9
2025,2025-07-28,776966,664770,621107,responsiblePitcher,621107,STARTER,3
2025,2025-07-28,776966,665489,621107,responsiblePitcher,621107,STARTER,3
2025,2025-07-28,776966,543807,621107,responsiblePitcher,621107,STARTER,3
2025,2025-07-28,776966,676391,621107,responsiblePitcher,621107,STARTER,4
2025,2025-07-29,776962,676391,687064,responsiblePitcher,687064,STARTER,2
2025,2025-07-29,776962,676391,687064,responsiblePitcher,687064,STARTER,4
2025,2025-07-29,778372,645305,450203,responsiblePitcher,450203,STARTER,3
2025,2025-07-29,778372,680718,450203,responsiblePitcher,450203,STARTER,4
2025,2025-07-29,778372,666182,450203,responsiblePitcher,450203,STARTER,4
2025,2025-07-29,778372,694388,682274,responsiblePitcher,450203,BULLPEN,8
2025,2025-07-30,776948,664702,665152,responsiblePitcher,665152,STARTER,2
2025,2025-07-30,776948,680718,665152,responsiblePitcher,665152,STARTER,2
2025,2025-07-30,776948,645305,665152,responsiblePitcher,665152,STARTER,5
2025,2025-07-30,776948,676914,664991,responsiblePitcher,665152,BULLPEN,6
2025,2025-07-30,776948,676391,666974,responsiblePitcher,665152,BULLPEN,7
2025,2025-07-30,776948,694388,666974,responsiblePitcher,665152,BULLPEN,7
2025,2025-07-30,776948,664770,666974,responsiblePitcher,665152,BULLPEN,7
2025,2025-07-30,776948,666182,666974,responsiblePitcher,665152,BULLPEN,7
2025,2025-07-30,776948,680718,666974,responsiblePitcher,665152,BULLPEN,7
2025,2025-08-01,776920,665489,608379,responsiblePitcher,608379,STARTER,1
2025,2025-08-01,776920,680718,641672,responsiblePitcher,608379,BULLPEN,9
2025,2025-08-01,776920,694388,641672,responsiblePitcher,608379,BULLPEN,9
2025,2025-08-02,776900,623168,702070,responsiblePitcher,702070,STARTER,3
2025,2025-08-02,776900,664702,702070,responsiblePitcher,702070,STARTER,3
2025,2025-08-02,776900,676914,702070,responsiblePitcher,702070,STARTER,3
2025,2025-08-02,776900,694388,702070,responsiblePitcher,702070,STARTER,7
2025,2025-08-03,776893,666182,607625,responsiblePitcher,607625,STARTER,2
2025,2025-08-03,776893,676391,607625,responsiblePitcher,607625,STARTER,5
2025,2025-08-03,776893,664702,608032,responsiblePitcher,607625,BULLPEN,10
2025,2025-08-03,776893,664770,608032,responsiblePitcher,607625,BULLPEN,10
2025,2025-08-04,776872,664770,685299,responsiblePitcher,685299,STARTER,1
2025,2025-08-04,776872,676391,685299,responsiblePitcher,685299,STARTER,2
2025,2025-08-04,776872,662139,685299,responsiblePitcher,685299,STARTER,3
2025,2025-08-04,776872,665489,685299,responsiblePitcher,685299,STARTER,3
2025,2025-08-04,776872,680718,685299,responsiblePitcher,685299,STARTER,3
2025,2025-08-04,776872,676391,685299,responsiblePitcher,685299,STARTER,3
2025,2025-08-04,776872,694388,685299,responsiblePitcher,685299,STARTER,3
2025,2025-08-04,776872,666182,669020,responsiblePitcher,685299,BULLPEN,3
2025,2025-08-04,776872,664770,669020,responsiblePitcher,685299,BULLPEN,3
2025,2025-08-04,776872,676391,687223,responsiblePitcher,685299,BULLPEN,7
2025,2025-08-04,776872,666182,687223,responsiblePitcher,685299,BULLPEN,7
2025,2025-08-04,776872,694388,687223,responsiblePitcher,685299,BULLPEN,7
2025,2025-08-04,776872,664770,687223,responsiblePitcher,685299,BULLPEN,7
2025,2025-08-04,776872,680718,687223,responsiblePitcher,685299,BULLPEN,7
2025,2025-08-04,776872,664034,699911,responsiblePitcher,685299,BULLPEN,9
2025,2025-08-05,776854,664770,683627,responsiblePitcher,683627,STARTER,3
2025,2025-08-05,776854,662139,683627,responsiblePitcher,683627,STARTER,4
2025,2025-08-05,776854,672386,683627,responsiblePitcher,683627,STARTER,4
2025,2025-08-05,776854,665489,683627,responsiblePitcher,683627,STARTER,6
2025,2025-08-05,776854,680718,683627,responsiblePitcher,683627,STARTER,6
2025,2025-08-05,776854,662139,683627,responsiblePitcher,683627,STARTER,6
2025,2025-08-05,776854,672386,683627,responsiblePitcher,683627,STARTER,6
2025,2025-08-05,776854,664770,677955,responsiblePitcher,683627,BULLPEN,9
2025,2025-08-05,776854,666182,677955,responsiblePitcher,683627,BULLPEN,9
2025,2025-08-05,776854,665489,677955,responsiblePitcher,683627,BULLPEN,9
2025,2025-08-06,776836,666182,607536,responsiblePitcher,607536,STARTER,3
2025,2025-08-06,776836,676391,607536,responsiblePitcher,607536,STARTER,3
2025,2025-08-06,776836,665489,607536,responsiblePitcher,607536,STARTER,3
2025,2025-08-06,776836,664034,607536,responsiblePitcher,607536,STARTER,5
2025,2025-08-06,776836,671083,607536,responsiblePitcher,607536,STARTER,5
2025,2025-08-06,776836,664770,607536,responsiblePitcher,607536,STARTER,5
2025,2025-08-06,776836,676914,683409,responsiblePitcher,607536,BULLPEN,6
2025,2025-08-06,776836,676391,683409,responsiblePitcher,607536,BULLPEN,6
2025,2025-08-06,776836,664034,683409,responsiblePitcher,607536,BULLPEN,6
2025,2025-08-06,776836,665489,683409,responsiblePitcher,607536,BULLPEN,6
2025,2025-08-06,776836,665489,680767,responsiblePitcher,607536,BULLPEN,8
2025,2025-08-06,776836,664034,680767,responsiblePitcher,607536,BULLPEN,8
2025,2025-08-06,776836,676391,543592,responsiblePitcher,607536,BULLPEN,9
2025,2025-08-06,776836,665489,543592,responsiblePitcher,607536,BULLPEN,9
2025,2025-08-06,776836,666182,543592,responsiblePitcher,607536,BULLPEN,9
2025,2025-08-06,776836,664034,543592,responsiblePitcher,607536,BULLPEN,9
2025,2025-08-06,776836,676914,543592,responsiblePitcher,607536,BULLPEN,9
2025,2025-08-06,776836,623168,543592,responsiblePitcher,607536,BULLPEN,9
2025,2025-08-06,776836,664702,543592,responsiblePitcher,607536,BULLPEN,9
2025,2025-08-06,776836,676391,543592,responsiblePitcher,607536,BULLPEN,9
2025,2025-08-08,776823,666182,477132,responsiblePitcher,477132,STARTER,2
2025,2025-08-09,776808,676391,676263,responsiblePitcher,605483,BULLPEN,8
2025,2025-08-10,776788,666182,607192,responsiblePitcher,607192,STARTER,1
2025,2025-08-10,776788,666182,607192,responsiblePitcher,607192,STARTER,6
2025,2025-08-10,776788,665489,595014,responsiblePitcher,607192,BULLPEN,8
2025,2025-08-10,776788,680718,595014,responsiblePitcher,607192,BULLPEN,8
2025,2025-08-10,776788,676391,681911,responsiblePitcher,607192,BULLPEN,9
2025,2025-08-12,776768,666182,665871,responsiblePitcher,665871,STARTER,1
2025,2025-08-12,776768,676391,665871,responsiblePitcher,665871,STARTER,4
2025,2025-08-12,776768,662139,665871,responsiblePitcher,665871,STARTER,4
2025,2025-08-12,776768,664034,665871,responsiblePitcher,665871,STARTER,4
2025,2025-08-12,776768,662139,676962,responsiblePitcher,665871,BULLPEN,8
2025,2025-08-13,776757,665926,690990,responsiblePitcher,690990,STARTER,6
2025,2025-08-14,776747,665489,571510,responsiblePitcher,571510,STARTER,7
2025,2025-08-14,776747,676914,571510,responsiblePitcher,571510,STARTER,7
2025,2025-08-15,776735,672386,676395,responsiblePitcher,594798,BULLPEN,7
2025,2025-08-15,776735,662139,676395,responsiblePitcher,594798,BULLPEN,7
2025,2025-08-15,776735,665926,543056,responsiblePitcher,594798,BULLPEN,8
2025,2025-08-15,776735,676914,543056,responsiblePitcher,594798,BULLPEN,8
2025,2025-08-15,776735,665489,664208,responsiblePitcher,594798,BULLPEN,8
2025,2025-08-15,776735,666182,543056,responsiblePitcher,594798,BULLPEN,8
2025,2025-08-16,776723,666182,571578,responsiblePitcher,571578,STARTER,2
2025,2025-08-16,776723,664702,571578,responsiblePitcher,571578,STARTER,2
2025,2025-08-16,776723,662139,571578,responsiblePitcher,571578,STARTER,2
2025,2025-08-16,776723,676391,571578,responsiblePitcher,571578,STARTER,2
2025,2025-08-16,776723,665926,571578,responsiblePitcher,571578,STARTER,2
2025,2025-08-16,776723,676914,571578,responsiblePitcher,571578,STARTER,2
2025,2025-08-16,776723,664702,592351,responsiblePitcher,571578,BULLPEN,3
2025,2025-08-16,776723,662139,571578,responsiblePitcher,571578,STARTER,3
2025,2025-08-16,776723,662139,592351,responsiblePitcher,571578,BULLPEN,5
2025,2025-08-16,776723,672386,592351,responsiblePitcher,571578,BULLPEN,5
2025,2025-08-16,776723,664702,592351,responsiblePitcher,571578,BULLPEN,5
2025,2025-08-16,776723,676914,642133,responsiblePitcher,571578,BULLPEN,7
2025,2025-08-16,776723,664770,642133,responsiblePitcher,571578,BULLPEN,7
2025,2025-08-16,776723,543807,642133,responsiblePitcher,571578,BULLPEN,7
2025,2025-08-17,776710,672386,543135,responsiblePitcher,543135,STARTER,2
2025,2025-08-17,776710,665489,543135,responsiblePitcher,543135,STARTER,6
2025,2025-08-17,776710,543807,571948,responsiblePitcher,543135,BULLPEN,8
2025,2025-08-17,776710,664702,571948,responsiblePitcher,543135,BULLPEN,8
2025,2025-08-18,776694,543807,694973,responsiblePitcher,694973,STARTER,3
2025,2025-08-18,776694,680718,694973,responsiblePitcher,694973,STARTER,3
2025,2025-08-19,776679,543807,656605,responsiblePitcher,656605,STARTER,1
2025,2025-08-19,776679,666182,656605,responsiblePitcher,656605,STARTER,1
2025,2025-08-19,776679,680718,656605,responsiblePitcher,656605,STARTER,1
2025,2025-08-19,776679,543807,656605,responsiblePitcher,656605,STARTER,2
2025,2025-08-19,776679,664702,656605,responsiblePitcher,656605,STARTER,2
2025,2025-08-19,776679,672386,670059,responsiblePitcher,656605,BULLPEN,7
2025,2025-08-19,776679,666182,670059,responsiblePitcher,656605,BULLPEN,7
2025,2025-08-20,776661,543807,670912,responsiblePitcher,670912,STARTER,1
2025,2025-08-22,776646,666182,687473,responsiblePitcher,687473,STARTER,1
2025,2025-08-22,776646,662139,687473,responsiblePitcher,687473,STARTER,1
2025,2025-08-22,776646,672386,687473,responsiblePitcher,687473,STARTER,1
2025,2025-08-22,776646,662139,687473,responsiblePitcher,687473,STARTER,6
2025,2025-08-22,776646,672386,687473,responsiblePitcher,687473,STARTER,6
2025,2025-08-23,776630,664770,676083,responsiblePitcher,676083,STARTER,3
2025,2025-08-23,776630,680718,676083,responsiblePitcher,676083,STARTER,6
2025,2025-08-23,776630,666182,676083,responsiblePitcher,676083,STARTER,6
2025,2025-08-23,776630,543807,663969,responsiblePitcher,676083,BULLPEN,7
2025,2025-08-23,776630,666182,678692,responsiblePitcher,676083,BULLPEN,10
2025,2025-08-23,776630,664702,676534,responsiblePitcher,676083,BULLPEN,11
2025,2025-08-23,776630,543807,676534,responsiblePitcher,676083,BULLPEN,12
2025,2025-08-24,776614,662139,669199,responsiblePitcher,691587,BULLPEN,7
2025,2025-08-24,776614,666182,691587,responsiblePitcher,691587,STARTER,7
2025,2025-08-24,776614,664034,691587,responsiblePitcher,691587,STARTER,7
2025,2025-08-25,776596,543807,657746,responsiblePitcher,657746,STARTER,1
2025,2025-08-25,776596,664770,657746,responsiblePitcher,657746,STARTER,1
2025,2025-08-25,776596,672386,657746,responsiblePitcher,657746,STARTER,1
2025,2025-08-25,776596,666182,657746,responsiblePitcher,657746,STARTER,1
2025,2025-08-25,776596,665926,657746,responsiblePitcher,657746,STARTER,2
2025,2025-08-25,776596,665926,657746,responsiblePitcher,657746,STARTER,4
2025,2025-08-25,776596,672386,621139,responsiblePitcher,657746,BULLPEN,6
2025,2025-08-25,776596,676391,621139,responsiblePitcher,657746,BULLPEN,6
2025,2025-08-25,776596,664770,621139,responsiblePitcher,657746,BULLPEN,6
2025,2025-08-25,776596,665926,621139,responsiblePitcher,657746,BULLPEN,6
2025,2025-08-26,776582,543807,641927,responsiblePitcher,641927,STARTER,1
2025,2025-08-26,776582,664770,641927,responsiblePitcher,641927,STARTER,1
2025,2025-08-26,776582,543807,641927,responsiblePitcher,641927,STARTER,2
2025,2025-08-26,776582,543807,641927,responsiblePitcher,641927,STARTER,5
2025,2025-08-26,776582,543807,623437,responsiblePitcher,641927,BULLPEN,9
2025,2025-08-27,776567,676914,680573,responsiblePitcher,680573,STARTER,2
2025,2025-08-27,776567,543807,680573,responsiblePitcher,680573,STARTER,3
2025,2025-08-27,776567,665926,680573,responsiblePitcher,680573,STARTER,3
2025,2025-08-27,776567,676914,680573,responsiblePitcher,680573,STARTER,4
2025,2025-08-27,776567,665926,680573,responsiblePitcher,680573,STARTER,4
2025,2025-08-27,776567,676914,641672,responsiblePitcher,680573,BULLPEN,6
2025,2025-08-27,776567,664034,650893,responsiblePitcher,680573,BULLPEN,8
2025,2025-08-27,776567,543807,543859,responsiblePitcher,680573,BULLPEN,8
2025,2025-08-27,776567,672386,650893,responsiblePitcher,680573,BULLPEN,8
2025,2025-08-29,776546,664702,676879,responsiblePitcher,642547,BULLPEN,7
2025,2025-08-29,776546,666182,676879,responsiblePitcher,642547,BULLPEN,7
2025,2025-08-30,776527,543807,682990,responsiblePitcher,682990,STARTER,6
2025,2025-08-31,776515,543807,605540,responsiblePitcher,605540,STARTER,1
2025,2025-08-31,776515,665489,605540,responsiblePitcher,605540,STARTER,1
2025,2025-08-31,776515,664770,605540,responsiblePitcher,605540,STARTER,1
2025,2025-08-31,776515,664702,605540,responsiblePitcher,605540,STARTER,2
2025,2025-08-31,776515,543807,605540,responsiblePitcher,605540,STARTER,4
2025,2025-08-31,776515,676391,605540,responsiblePitcher,605540,STARTER,5
2025,2025-08-31,776515,623168,605540,responsiblePitcher,605540,STARTER,5
2025,2025-08-31,776515,665926,605540,responsiblePitcher,605540,STARTER,5
2025,2025-09-01,776503,666182,668881,responsiblePitcher,668881,STARTER,7
2025,2025-09-01,776503,666182,641941,responsiblePitcher,668881,BULLPEN,9
2025,2025-09-01,776503,664702,641941,responsiblePitcher,668881,BULLPEN,9
2025,2025-09-01,776503,662139,641941,responsiblePitcher,668881,BULLPEN,9
2025,2025-09-02,776491,543807,605130,responsiblePitcher,605130,STARTER,1
2025,2025-09-02,776491,662139,605130,responsiblePitcher,605130,STARTER,1
2025,2025-09-02,776491,665489,605130,responsiblePitcher,605130,STARTER,1
2025,2025-09-02,776491,666182,605130,responsiblePitcher,605130,STARTER,1
2025,2025-09-02,776491,643396,608718,responsiblePitcher,605130,BULLPEN,2
2025,2025-09-02,776491,666182,608718,responsiblePitcher,605130,BULLPEN,2
2025,2025-09-02,776491,543807,608718,responsiblePitcher,605130,BULLPEN,2
2025,2025-09-02,776491,665489,608718,responsiblePitcher,605130,BULLPEN,2
2025,2025-09-02,776491,543807,608718,responsiblePitcher,605130,BULLPEN,4
2025,2025-09-02,776491,643396,608718,responsiblePitcher,605130,BULLPEN,4
2025,2025-09-02,776491,662139,683175,responsiblePitcher,605130,BULLPEN,7
2025,2025-09-02,776491,665489,665665,responsiblePitcher,605130,BULLPEN,9
2025,2025-09-03,776475,543807,641793,responsiblePitcher,641793,STARTER,3
2025,2025-09-03,776475,662139,641793,responsiblePitcher,641793,STARTER,4
2025,2025-09-03,776475,672386,641793,responsiblePitcher,641793,STARTER,4
2025,2025-09-03,776475,680718,641793,responsiblePitcher,641793,STARTER,5
2025,2025-09-03,776475,543807,641793,responsiblePitcher,641793,STARTER,5
2025,2025-09-03,776475,665489,607259,responsiblePitcher,641793,BULLPEN,5
2025,2025-09-03,776475,664034,607259,responsiblePitcher,641793,BULLPEN,6
2025,2025-09-03,776475,662139,680689,responsiblePitcher,641793,BULLPEN,7
2025,2025-09-03,776475,676391,680689,responsiblePitcher,641793,BULLPEN,8
2025,2025-09-03,776475,543807,680689,responsiblePitcher,641793,BULLPEN,8
2025,2025-09-03,776475,664702,691172,responsiblePitcher,641793,BULLPEN,8
2025,2025-09-03,776475,665489,691172,responsiblePitcher,641793,BULLPEN,8
2025,2025-09-03,776475,676391,687209,responsiblePitcher,641793,BULLPEN,9
2025,2025-09-05,776457,665489,693645,responsiblePitcher,693645,STARTER,1
2025,2025-09-05,776457,662139,693645,responsiblePitcher,693645,STARTER,1
2025,2025-09-05,776457,666182,693645,responsiblePitcher,693645,STARTER,1
2025,2025-09-05,776457,543807,693645,responsiblePitcher,693645,STARTER,2
2025,2025-09-05,776457,665489,642232,responsiblePitcher,693645,BULLPEN,5
2025,2025-09-05,776457,672386,643410,responsiblePitcher,693645,BULLPEN,8
2025,2025-09-05,776457,665489,666808,responsiblePitcher,693645,BULLPEN,9
2025,2025-09-06,776436,666182,661563,responsiblePitcher,661563,STARTER,4
2025,2025-09-07,776423,672386,608331,responsiblePitcher,608331,STARTER,2
2025,2025-09-07,776423,676391,608331,responsiblePitcher,608331,STARTER,2
2025,2025-09-07,776423,543807,608331,responsiblePitcher,608331,STARTER,3
2025,2025-09-09,776393,543807,660853,responsiblePitcher,677651,BULLPEN,6
2025,2025-09-09,776393,676391,650556,responsiblePitcher,677651,BULLPEN,9
2025,2025-09-09,776393,623168,650556,responsiblePitcher,677651,BULLPEN,9
2025,2025-09-09,776393,664702,518886,responsiblePitcher,677651,BULLPEN,10
2025,2025-09-10,776385,643396,595345,responsiblePitcher,669920,BULLPEN,8
2025,2025-09-10,776385,664702,595345,responsiblePitcher,669920,BULLPEN,8
2025,2025-09-11,776369,543807,664299,responsiblePitcher,664299,STARTER,1
2025,2025-09-11,776369,664770,664299,responsiblePitcher,664299,STARTER,1
2025,2025-09-11,776369,676914,664299,responsiblePitcher,664299,STARTER,2
2025,2025-09-11,776369,662139,664299,responsiblePitcher,664299,STARTER,4
2025,2025-09-11,776369,543807,621121,responsiblePitcher,664299,BULLPEN,8
2025,2025-09-11,776369,664770,621121,responsiblePitcher,664299,BULLPEN,8
2025,2025-09-12,776353,676914,669432,responsiblePitcher,669432,STARTER,5
2025,2025-09-12,776353,643396,608650,responsiblePitcher,669432,BULLPEN,6
2025,2025-09-12,776353,543807,608650,responsiblePitcher,669432,BULLPEN,7
2025,2025-09-12,776353,543807,681869,responsiblePitcher,669432,BULLPEN,8
2025,2025-09-12,776353,664702,681869,responsiblePitcher,669432,BULLPEN,8
2025,2025-09-12,776353,662139,681869,responsiblePitcher,669432,BULLPEN,8
2025,2025-09-13,776343,680718,608372,responsiblePitcher,608372,STARTER,5
2025,2025-09-13,776343,676391,669704,responsiblePitcher,608372,BULLPEN,8
2025,2025-09-13,776343,662139,669211,responsiblePitcher,608372,BULLPEN,9
2025,2025-09-13,776343,676391,666974,responsiblePitcher,608372,BULLPEN,9
2025,2025-09-13,776343,694388,666974,responsiblePitcher,608372,BULLPEN,9
2025,2025-09-14,776322,665926,544150,responsiblePitcher,544150,STARTER,3
2025,2025-09-14,776322,662139,664991,responsiblePitcher,544150,BULLPEN,4
2025,2025-09-14,776322,672386,664991,responsiblePitcher,544150,BULLPEN,4
2025,2025-09-14,776322,543807,685068,responsiblePitcher,544150,BULLPEN,5
2025,2025-09-14,776322,676391,685068,responsiblePitcher,544150,BULLPEN,6
2025,2025-09-14,776322,665489,685068,responsiblePitcher,544150,BULLPEN,7
2025,2025-09-14,776322,543807,685068,responsiblePitcher,544150,BULLPEN,7
2025,2025-09-14,776322,664770,685068,responsiblePitcher,544150,BULLPEN,7
2025,2025-09-14,776322,680718,685068,responsiblePitcher,544150,BULLPEN,7
2025,2025-09-14,776322,623168,685068,responsiblePitcher,544150,BULLPEN,7
2025,2025-09-14,776322,662139,685068,responsiblePitcher,544150,BULLPEN,7
2025,2025-09-15,776316,676391,641329,responsiblePitcher,671212,BULLPEN,8
2025,2025-09-15,776316,676391,687330,responsiblePitcher,671212,BULLPEN,11
2025,2025-09-16,776305,543807,686752,responsiblePitcher,686752,STARTER,1
2025,2025-09-16,776305,676391,686752,responsiblePitcher,686752,STARTER,2
2025,2025-09-16,776305,676914,686752,responsiblePitcher,686752,STARTER,2
2025,2025-09-16,776305,665926,686752,responsiblePitcher,686752,STARTER,2
2025,2025-09-16,776305,664770,680702,responsiblePitcher,686752,BULLPEN,4
2025,2025-09-16,776305,694388,687330,responsiblePitcher,686752,BULLPEN,5
2025,2025-09-17,776290,676914,693855,responsiblePitcher,693855,STARTER,4
2025,2025-09-19,776260,543807,547179,responsiblePitcher,547179,STARTER,1
2025,2025-09-20,776245,662139,702070,responsiblePitcher,702070,STARTER,7
2025,2025-09-21,776229,664770,608379,responsiblePitcher,608379,STARTER,2
2025,2025-09-21,776229,676391,608379,responsiblePitcher,608379,STARTER,2
2025,2025-09-21,776229,665926,608379,responsiblePitcher,608379,STARTER,2
2025,2025-09-21,776229,662139,608379,responsiblePitcher,608379,STARTER,5
2025,2025-09-21,776229,623168,608379,responsiblePitcher,608379,STARTER,5
2025,2025-09-21,776229,665489,608379,responsiblePitcher,608379,STARTER,5
2025,2025-09-21,776229,664702,672582,responsiblePitcher,608379,BULLPEN,8
2025,2025-09-21,776229,676391,670167,responsiblePitcher,608379,BULLPEN,8
2025,2025-09-23,776217,664770,608337,responsiblePitcher,608337,STARTER,4
2025,2025-09-24,776206,643396,801139,responsiblePitcher,676979,BULLPEN,9
2025,2025-09-25,776186,662139,458677,responsiblePitcher,678394,BULLPEN,6
2025,2025-09-25,776186,665489,678394,responsiblePitcher,678394,STARTER,6
2025,2025-09-25,776186,680718,678394,responsiblePitcher,678394,STARTER,6
2025,2025-09-25,776186,623993,678394,responsiblePitcher,678394,STARTER,6
2025,2025-09-25,776186,543807,677161,responsiblePitcher,678394,BULLPEN,6
2025,2025-09-25,776186,665926,458677,responsiblePitcher,678394,BULLPEN,6
2025,2025-09-26,776177,543807,605288,responsiblePitcher,605288,STARTER,1
2025,2025-09-26,776177,662139,605288,responsiblePitcher,605288,STARTER,2
2025,2025-09-26,776177,664770,605288,responsiblePitcher,605288,STARTER,5
2025,2025-09-26,776177,543807,605288,responsiblePitcher,605288,STARTER,5
2025,2025-09-27,776159,676914,671212,responsiblePitcher,671212,STARTER,2
2025,2025-09-27,776159,680718,671212,responsiblePitcher,671212,STARTER,2
2025,2025-09-27,776159,676391,671212,responsiblePitcher,671212,STARTER,2
2025,2025-09-27,776159,676391,671212,responsiblePitcher,671212,STARTER,5
2025,2025-09-27,776159,672386,664076,responsiblePitcher,671212,BULLPEN,7
2025,2025-09-28,776145,543807,693855,responsiblePitcher,693855,STARTER,1
2025,2025-09-28,776145,672386,693855,responsiblePitcher,693855,STARTER,1
2025,2025-09-28,776145,676914,693855,responsiblePitcher,693855,STARTER,1
2025,2025-09-28,776145,665489,693855,responsiblePitcher,693855,STARTER,1
2025,2025-09-28,776145,662139,693855,responsiblePitcher,693855,STARTER,1
2025,2025-09-28,776145,676391,693855,responsiblePitcher,693855,STARTER,4
2025,2025-09-28,776145,672386,670955,responsiblePitcher,693855,BULLPEN,5
2025,2025-09-28,776145,623993,670955,responsiblePitcher,693855,BULLPEN,5
2025,2025-09-28,776145,680718,687330,responsiblePitcher,693855,BULLPEN,7
2025,2025-09-28,776145,662139,687330,responsiblePitcher,693855,BULLPEN,7
2025,2025-09-28,776145,676391,687330,responsiblePitcher,693855,BULLPEN,7
2025,2025-09-28,776145,543807,641329,responsiblePitcher,693855,BULLPEN,7
2025,2025-09-28,776145,664702,687330,responsiblePitcher,693855,BULLPEN,7
2026_CUTOFF,2026-03-27,822839,672960,622663,responsiblePitcher,622663,STARTER,5
2026_CUTOFF,2026-03-27,822839,676391,622663,responsiblePitcher,622663,STARTER,5
2026_CUTOFF,2026-03-27,822839,672960,686993,responsiblePitcher,622663,BULLPEN,9
2026_CUTOFF,2026-03-28,822838,664702,605488,responsiblePitcher,605488,STARTER,3
2026_CUTOFF,2026-03-28,822838,665489,605488,responsiblePitcher,605488,STARTER,6
2026_CUTOFF,2026-03-28,822838,660821,643410,responsiblePitcher,605488,BULLPEN,7
2026_CUTOFF,2026-03-28,822838,672386,665660,responsiblePitcher,605488,BULLPEN,8
2026_CUTOFF,2026-03-28,822838,662139,665660,responsiblePitcher,605488,BULLPEN,8
2026_CUTOFF,2026-03-28,822838,672386,547184,responsiblePitcher,605488,BULLPEN,9
2026_CUTOFF,2026-03-28,822838,660821,605130,responsiblePitcher,605488,BULLPEN,10
2026_CUTOFF,2026-03-28,822838,664770,665622,responsiblePitcher,605488,BULLPEN,11
2026_CUTOFF,2026-03-29,822837,543807,806960,responsiblePitcher,806960,STARTER,1
2026_CUTOFF,2026-03-29,822837,660821,806960,responsiblePitcher,806960,STARTER,3
2026_CUTOFF,2026-03-29,822837,623168,806960,responsiblePitcher,806960,STARTER,3
2026_CUTOFF,2026-03-29,822837,672960,806960,responsiblePitcher,806960,STARTER,4
2026_CUTOFF,2026-03-29,822837,623168,806960,responsiblePitcher,806960,STARTER,5
2026_CUTOFF,2026-03-30,822834,543807,608372,responsiblePitcher,608372,STARTER,3
2026_CUTOFF,2026-03-30,822834,665926,801403,responsiblePitcher,608372,BULLPEN,8
2026_CUTOFF,2026-03-30,822834,676914,801403,responsiblePitcher,608372,BULLPEN,8
2026_CUTOFF,2026-03-30,822834,660821,801403,responsiblePitcher,608372,BULLPEN,8
2026_CUTOFF,2026-03-30,822834,672960,801403,responsiblePitcher,608372,BULLPEN,9
2026_CUTOFF,2026-03-31,822836,662139,675848,responsiblePitcher,663372,BULLPEN,5
2026_CUTOFF,2026-03-31,822836,623168,675848,responsiblePitcher,663372,BULLPEN,5
2026_CUTOFF,2026-03-31,822836,664702,688642,responsiblePitcher,663372,BULLPEN,7
2026_CUTOFF,2026-03-31,822836,665489,688642,responsiblePitcher,663372,BULLPEN,7
2026_CUTOFF,2026-03-31,822836,664770,688642,responsiblePitcher,663372,BULLPEN,7
2026_CUTOFF,2026-04-01,822835,664702,607536,responsiblePitcher,607536,STARTER,3
2026_CUTOFF,2026-04-03,824621,680718,680732,responsiblePitcher,691799,BULLPEN,2
2026_CUTOFF,2026-04-03,824621,665926,673929,responsiblePitcher,691799,BULLPEN,8
2026_CUTOFF,2026-04-03,824621,676391,673929,responsiblePitcher,691799,BULLPEN,8
2026_CUTOFF,2026-04-03,824621,676914,622554,responsiblePitcher,691799,BULLPEN,10
2026_CUTOFF,2026-04-04,824622,665489,641743,responsiblePitcher,691799,BULLPEN,6
2026_CUTOFF,2026-04-04,824622,676914,641743,responsiblePitcher,691799,BULLPEN,6
2026_CUTOFF,2026-04-04,824622,664702,669684,responsiblePitcher,691799,BULLPEN,7
2026_CUTOFF,2026-04-06,822832,543807,680736,responsiblePitcher,680736,STARTER,1
2026_CUTOFF,2026-04-06,822832,662139,500743,responsiblePitcher,680736,BULLPEN,9
2026_CUTOFF,2026-04-07,822831,665926,808967,responsiblePitcher,808967,STARTER,6
2026_CUTOFF,2026-04-08,822833,662139,660271,responsiblePitcher,660271,STARTER,3
2026_CUTOFF,2026-04-08,822833,676914,676263,responsiblePitcher,660271,BULLPEN,7
2026_CUTOFF,2026-04-08,822833,664702,676263,responsiblePitcher,660271,BULLPEN,7
2026_CUTOFF,2026-04-08,822833,676914,676508,responsiblePitcher,660271,BULLPEN,8
2026_CUTOFF,2026-04-10,822829,665489,680573,responsiblePitcher,680573,STARTER,4
2026_CUTOFF,2026-04-10,822829,660821,680573,responsiblePitcher,680573,STARTER,4
2026_CUTOFF,2026-04-10,822829,676914,680573,responsiblePitcher,680573,STARTER,4
2026_CUTOFF,2026-04-10,822829,678218,680573,responsiblePitcher,680573,STARTER,4
2026_CUTOFF,2026-04-10,822829,665926,680573,responsiblePitcher,680573,STARTER,4
2026_CUTOFF,2026-04-10,822829,662139,607455,responsiblePitcher,680573,BULLPEN,5
2026_CUTOFF,2026-04-10,822829,676914,607455,responsiblePitcher,680573,BULLPEN,6
2026_CUTOFF,2026-04-10,822829,676391,607455,responsiblePitcher,680573,BULLPEN,6
2026_CUTOFF,2026-04-10,822829,665489,573124,responsiblePitcher,680573,BULLPEN,7
2026_CUTOFF,2026-04-10,822829,678218,623437,responsiblePitcher,680573,BULLPEN,8
2026_CUTOFF,2026-04-11,822830,662139,657746,responsiblePitcher,657746,STARTER,1
2026_CUTOFF,2026-04-11,822830,543807,657746,responsiblePitcher,657746,STARTER,1
2026_CUTOFF,2026-04-11,822830,660821,663485,responsiblePitcher,657746,BULLPEN,9
2026_CUTOFF,2026-04-11,822830,665489,663485,responsiblePitcher,657746,BULLPEN,9
2026_CUTOFF,2026-04-12,822828,676391,671737,responsiblePitcher,671737,STARTER,1
2026_CUTOFF,2026-04-12,822828,676391,702193,responsiblePitcher,671737,BULLPEN,7
2026_CUTOFF,2026-04-14,823802,665926,694819,responsiblePitcher,694819,STARTER,5
2026_CUTOFF,2026-04-14,823802,662139,694819,responsiblePitcher,694819,STARTER,6
2026_CUTOFF,2026-04-14,823802,672820,682842,responsiblePitcher,694819,BULLPEN,8
2026_CUTOFF,2026-04-14,823802,664702,656730,responsiblePitcher,694819,BULLPEN,9
2026_CUTOFF,2026-04-14,823802,676914,656730,responsiblePitcher,694819,BULLPEN,9
2026_CUTOFF,2026-04-14,823802,672960,656730,responsiblePitcher,694819,BULLPEN,9
2026_CUTOFF,2026-04-14,823802,676391,681982,responsiblePitcher,694819,BULLPEN,10
2026_CUTOFF,2026-04-14,823802,660821,681982,responsiblePitcher,694819,BULLPEN,10
2026_CUTOFF,2026-04-14,823802,665489,681982,responsiblePitcher,694819,BULLPEN,10
2026_CUTOFF,2026-04-15,823803,662139,694477,responsiblePitcher,694477,STARTER,1
2026_CUTOFF,2026-04-16,823801,665926,687075,responsiblePitcher,687075,STARTER,3
2026_CUTOFF,2026-04-17,825101,664702,647336,responsiblePitcher,647336,STARTER,4
2026_CUTOFF,2026-04-17,825101,664702,647336,responsiblePitcher,647336,STARTER,6
2026_CUTOFF,2026-04-17,825101,623168,642528,responsiblePitcher,647336,BULLPEN,8
2026_CUTOFF,2026-04-18,825098,664770,668678,responsiblePitcher,668678,STARTER,1
2026_CUTOFF,2026-04-18,825098,650391,668678,responsiblePitcher,668678,STARTER,6
2026_CUTOFF,2026-04-19,825100,676391,669194,responsiblePitcher,669194,STARTER,1
2026_CUTOFF,2026-04-19,825100,664770,669194,responsiblePitcher,669194,STARTER,1
2026_CUTOFF,2026-04-19,825100,665489,669194,responsiblePitcher,669194,STARTER,1
2026_CUTOFF,2026-04-19,825100,660821,669194,responsiblePitcher,669194,STARTER,1
2026_CUTOFF,2026-04-19,825100,650391,669194,responsiblePitcher,669194,STARTER,1
2026_CUTOFF,2026-04-19,825100,664702,669194,responsiblePitcher,669194,STARTER,1
2026_CUTOFF,2026-04-19,825100,665926,669194,responsiblePitcher,669194,STARTER,1
2026_CUTOFF,2026-04-19,825100,672960,669194,responsiblePitcher,669194,STARTER,1
2026_CUTOFF,2026-04-19,825100,672960,694851,responsiblePitcher,669194,BULLPEN,3
2026_CUTOFF,2026-04-19,825100,665489,694297,responsiblePitcher,669194,BULLPEN,4
2026_CUTOFF,2026-04-20,824046,665489,672282,responsiblePitcher,672282,STARTER,3
2026_CUTOFF,2026-04-20,824046,676914,672282,responsiblePitcher,672282,STARTER,3
2026_CUTOFF,2026-04-20,824046,665489,672282,responsiblePitcher,672282,STARTER,6
2026_CUTOFF,2026-04-20,824046,664702,672282,responsiblePitcher,672282,STARTER,7
2026_CUTOFF,2026-04-20,824046,664702,641312,responsiblePitcher,672282,BULLPEN,9
2026_CUTOFF,2026-04-21,824045,665489,686799,responsiblePitcher,686799,STARTER,6
2026_CUTOFF,2026-04-21,824045,665489,519141,responsiblePitcher,686799,BULLPEN,8
2026_CUTOFF,2026-04-21,824045,676391,519141,responsiblePitcher,686799,BULLPEN,8
2026_CUTOFF,2026-04-21,824045,676914,519141,responsiblePitcher,686799,BULLPEN,8
2026_CUTOFF,2026-04-22,824044,672960,666171,responsiblePitcher,667755,BULLPEN,7
2026_CUTOFF,2026-04-22,824044,665926,666171,responsiblePitcher,667755,BULLPEN,7
2026_CUTOFF,2026-04-22,824044,664770,681217,responsiblePitcher,667755,BULLPEN,7
2026_CUTOFF,2026-04-24,822827,676914,668909,responsiblePitcher,668909,STARTER,1
2026_CUTOFF,2026-04-24,822827,660821,668909,responsiblePitcher,668909,STARTER,1
2026_CUTOFF,2026-04-24,822827,672960,668909,responsiblePitcher,668909,STARTER,2
2026_CUTOFF,2026-04-24,822827,676914,668909,responsiblePitcher,668909,STARTER,5
2026_CUTOFF,2026-04-24,822827,672960,668909,responsiblePitcher,668909,STARTER,6
2026_CUTOFF,2026-04-24,822827,672820,668909,responsiblePitcher,668909,STARTER,6
2026_CUTOFF,2026-04-25,822826,672960,676282,responsiblePitcher,676282,STARTER,4
2026_CUTOFF,2026-04-25,822826,665489,676282,responsiblePitcher,676282,STARTER,6
2026_CUTOFF,2026-04-25,822826,672960,676282,responsiblePitcher,676282,STARTER,6
2026_CUTOFF,2026-04-25,822826,662139,670036,responsiblePitcher,676282,BULLPEN,6
2026_CUTOFF,2026-04-25,822826,664702,688883,responsiblePitcher,676282,BULLPEN,7
2026_CUTOFF,2026-04-26,822824,676391,677944,responsiblePitcher,677944,STARTER,1
2026_CUTOFF,2026-04-26,822824,662139,677944,responsiblePitcher,677944,STARTER,1
2026_CUTOFF,2026-04-26,822824,660821,677944,responsiblePitcher,677944,STARTER,6
2026_CUTOFF,2026-04-26,822824,665489,677944,responsiblePitcher,677944,STARTER,6
2026_CUTOFF,2026-04-28,822823,665489,801139,responsiblePitcher,801139,STARTER,3
2026_CUTOFF,2026-04-28,822823,665926,801139,responsiblePitcher,801139,STARTER,3
2026_CUTOFF,2026-04-28,822823,664702,801139,responsiblePitcher,801139,STARTER,5
2026_CUTOFF,2026-04-29,822821,660821,678394,responsiblePitcher,678394,STARTER,3
2026_CUTOFF,2026-04-29,822821,678218,678394,responsiblePitcher,678394,STARTER,3
2026_CUTOFF,2026-04-29,822821,665489,678394,responsiblePitcher,678394,STARTER,3
2026_CUTOFF,2026-04-29,822821,676391,669711,responsiblePitcher,678394,BULLPEN,4
2026_CUTOFF,2026-04-29,822821,678218,678394,responsiblePitcher,678394,STARTER,4
2026_CUTOFF,2026-04-29,822821,665489,669711,responsiblePitcher,678394,BULLPEN,5
2026_CUTOFF,2026-04-29,822821,662139,663558,responsiblePitcher,678394,BULLPEN,5
2026_CUTOFF,2026-04-29,822821,678218,676477,responsiblePitcher,678394,BULLPEN,8
2026_CUTOFF,2026-04-30,823714,662139,641927,responsiblePitcher,641927,STARTER,4
2026_CUTOFF,2026-05-01,823713,662139,680573,responsiblePitcher,680573,STARTER,2
2026_CUTOFF,2026-05-01,823713,672820,680573,responsiblePitcher,680573,STARTER,2
2026_CUTOFF,2026-05-01,823713,672960,680573,responsiblePitcher,680573,STARTER,4
2026_CUTOFF,2026-05-01,823713,672820,680573,responsiblePitcher,680573,STARTER,4
2026_CUTOFF,2026-05-01,823713,672960,680573,responsiblePitcher,680573,STARTER,5
2026_CUTOFF,2026-05-01,823713,665489,680573,responsiblePitcher,680573,STARTER,5
2026_CUTOFF,2026-05-01,823713,672960,679358,responsiblePitcher,680573,BULLPEN,7
2026_CUTOFF,2026-05-02,823715,672820,687570,responsiblePitcher,687570,STARTER,2
2026_CUTOFF,2026-05-02,823715,664702,687570,responsiblePitcher,687570,STARTER,2
2026_CUTOFF,2026-05-02,823715,672960,623437,responsiblePitcher,687570,BULLPEN,6
2026_CUTOFF,2026-05-02,823715,676391,472610,responsiblePitcher,687570,BULLPEN,8
2026_CUTOFF,2026-05-02,823715,665489,472610,responsiblePitcher,687570,BULLPEN,8
2026_CUTOFF,2026-05-02,823715,672960,472610,responsiblePitcher,687570,BULLPEN,8
2026_CUTOFF,2026-05-02,823715,672820,472610,responsiblePitcher,687570,BULLPEN,8
2026_CUTOFF,2026-05-02,823715,662139,607455,responsiblePitcher,687570,BULLPEN,8
2026_CUTOFF,2026-05-02,823715,678218,607455,responsiblePitcher,687570,BULLPEN,8
2026_CUTOFF,2026-05-02,823715,664702,607455,responsiblePitcher,687570,BULLPEN,8
2026_CUTOFF,2026-05-02,823715,676914,607455,responsiblePitcher,687570,BULLPEN,8
2026_CUTOFF,2026-05-03,823711,665489,573124,responsiblePitcher,657746,BULLPEN,6
2026_CUTOFF,2026-05-03,823711,672960,623437,responsiblePitcher,657746,BULLPEN,9
2026_CUTOFF,2026-05-03,823711,664702,623437,responsiblePitcher,657746,BULLPEN,9
2026_CUTOFF,2026-05-04,822984,682818,607259,responsiblePitcher,607259,STARTER,3
2026_CUTOFF,2026-05-05,822986,672960,656876,responsiblePitcher,656876,STARTER,1
2026_CUTOFF,2026-05-05,822986,662139,656876,responsiblePitcher,656876,STARTER,2
2026_CUTOFF,2026-05-05,822986,665926,656876,responsiblePitcher,656876,STARTER,5
2026_CUTOFF,2026-05-08,822822,543807,672282,responsiblePitcher,672282,STARTER,3
2026_CUTOFF,2026-05-08,822822,665489,672282,responsiblePitcher,672282,STARTER,3
2026_CUTOFF,2026-05-09,822820,660821,686799,responsiblePitcher,686799,STARTER,4
2026_CUTOFF,2026-05-09,822820,680718,686799,responsiblePitcher,686799,STARTER,5
2026_CUTOFF,2026-05-09,822820,665489,686799,responsiblePitcher,686799,STARTER,5
2026_CUTOFF,2026-05-09,822820,672960,686799,responsiblePitcher,686799,STARTER,5
2026_CUTOFF,2026-05-09,822820,660821,686799,responsiblePitcher,686799,STARTER,5
2026_CUTOFF,2026-05-09,822820,678218,815083,responsiblePitcher,686799,BULLPEN,5
2026_CUTOFF,2026-05-09,822820,662139,686799,responsiblePitcher,686799,STARTER,5
2026_CUTOFF,2026-05-09,822820,676391,686799,responsiblePitcher,686799,STARTER,5
2026_CUTOFF,2026-05-09,822820,676391,815083,responsiblePitcher,686799,BULLPEN,7
2026_CUTOFF,2026-05-09,822820,678218,815083,responsiblePitcher,686799,BULLPEN,7
2026_CUTOFF,2026-05-09,822820,660821,624428,responsiblePitcher,686799,BULLPEN,8
2026_CUTOFF,2026-05-09,822820,662139,624428,responsiblePitcher,686799,BULLPEN,8
2026_CUTOFF,2026-05-09,822820,676391,624428,responsiblePitcher,686799,BULLPEN,8
2026_CUTOFF,2026-05-09,822820,678218,624428,responsiblePitcher,686799,BULLPEN,8
2026_CUTOFF,2026-05-10,822819,662139,667755,responsiblePitcher,667755,STARTER,1
2026_CUTOFF,2026-05-11,822818,665926,656876,responsiblePitcher,656876,STARTER,2
2026_CUTOFF,2026-05-11,822818,672960,656876,responsiblePitcher,656876,STARTER,2
2026_CUTOFF,2026-05-11,822818,660821,656876,responsiblePitcher,656876,STARTER,2
2026_CUTOFF,2026-05-11,822818,665926,693855,responsiblePitcher,656876,BULLPEN,7
2026_CUTOFF,2026-05-11,822818,664702,693855,responsiblePitcher,656876,BULLPEN,7
2026_CUTOFF,2026-05-12,822817,676391,668984,responsiblePitcher,663556,BULLPEN,7
2026_CUTOFF,2026-05-12,822817,660821,668984,responsiblePitcher,663556,BULLPEN,7
2026_CUTOFF,2026-05-12,822817,543807,642121,responsiblePitcher,663556,BULLPEN,7
2026_CUTOFF,2026-05-12,822817,678218,642121,responsiblePitcher,663556,BULLPEN,7
2026_CUTOFF,2026-05-12,822817,682818,642121,responsiblePitcher,663556,BULLPEN,7
2026_CUTOFF,2026-05-12,822817,543807,664076,responsiblePitcher,663556,BULLPEN,10
2026_CUTOFF,2026-05-13,822815,543807,641329,responsiblePitcher,643377,BULLPEN,8
2026_CUTOFF,2026-05-13,822815,662139,605156,responsiblePitcher,643377,BULLPEN,10
2026_CUTOFF,2026-05-13,822815,543807,605156,responsiblePitcher,643377,BULLPEN,10
2026_CUTOFF,2026-05-13,822815,665489,605156,responsiblePitcher,643377,BULLPEN,10
2026_CUTOFF,2026-05-13,822815,672960,605156,responsiblePitcher,643377,BULLPEN,10
2026_CUTOFF,2026-05-15,824280,676391,676428,responsiblePitcher,669724,BULLPEN,2
2026_CUTOFF,2026-05-15,824280,672960,669724,responsiblePitcher,669724,STARTER,2
2026_CUTOFF,2026-05-16,824278,682818,640448,responsiblePitcher,663554,BULLPEN,7
2026_CUTOFF,2026-05-16,824278,665489,663947,responsiblePitcher,663554,BULLPEN,10
2026_CUTOFF,2026-05-17,824279,665489,656427,responsiblePitcher,656427,STARTER,1
2026_CUTOFF,2026-05-17,824279,662139,656427,responsiblePitcher,656427,STARTER,1
2026_CUTOFF,2026-05-17,824279,665489,656427,responsiblePitcher,656427,STARTER,3
2026_CUTOFF,2026-05-17,824279,662139,656427,responsiblePitcher,656427,STARTER,3
2026_CUTOFF,2026-05-18,823549,676391,677960,responsiblePitcher,677960,STARTER,4
2026_CUTOFF,2026-05-18,823549,665489,677960,responsiblePitcher,677960,STARTER,4
2026_CUTOFF,2026-05-18,823549,672960,677960,responsiblePitcher,677960,STARTER,4
2026_CUTOFF,2026-05-18,823549,543807,677960,responsiblePitcher,677960,STARTER,5
2026_CUTOFF,2026-05-18,823549,672820,677960,responsiblePitcher,677960,STARTER,6
2026_CUTOFF,2026-05-18,823549,676391,670280,responsiblePitcher,677960,BULLPEN,9
2026_CUTOFF,2026-05-19,823548,662139,701542,responsiblePitcher,701542,STARTER,4
2026_CUTOFF,2026-05-19,823548,672960,701542,responsiblePitcher,701542,STARTER,4
2026_CUTOFF,2026-05-19,823548,682818,701542,responsiblePitcher,701542,STARTER,4
2026_CUTOFF,2026-05-19,823548,665926,666808,responsiblePitcher,701542,BULLPEN,9
2026_CUTOFF,2026-05-20,823547,676391,693645,responsiblePitcher,693645,STARTER,7
2026_CUTOFF,2026-05-20,823547,678218,693645,responsiblePitcher,693645,STARTER,7
2026_CUTOFF,2026-05-21,823545,665489,607074,responsiblePitcher,607074,STARTER,1
2026_CUTOFF,2026-05-21,823545,543807,666808,responsiblePitcher,607074,BULLPEN,7
2026_CUTOFF,2026-05-22,822816,543807,696149,responsiblePitcher,696149,STARTER,3
2026_CUTOFF,2026-05-22,822816,665489,696149,responsiblePitcher,696149,STARTER,3
2026_CUTOFF,2026-05-22,822816,662139,696149,responsiblePitcher,696149,STARTER,3
2026_CUTOFF,2026-05-22,822816,676391,642701,responsiblePitcher,696149,BULLPEN,8
2026_CUTOFF,2026-05-22,822816,664702,642701,responsiblePitcher,696149,BULLPEN,8
2026_CUTOFF,2026-05-22,822816,678218,642701,responsiblePitcher,696149,BULLPEN,8
2026_CUTOFF,2026-05-23,822814,543807,694973,responsiblePitcher,694973,STARTER,1
2026_CUTOFF,2026-05-23,822814,665489,694973,responsiblePitcher,694973,STARTER,6
2026_CUTOFF,2026-05-23,822814,682818,694973,responsiblePitcher,694973,STARTER,6
2026_CUTOFF,2026-05-23,822814,660821,694973,responsiblePitcher,694973,STARTER,6
2026_CUTOFF,2026-05-23,822814,623168,670990,responsiblePitcher,694973,BULLPEN,7
2026_CUTOFF,2026-05-24,822813,665489,656605,responsiblePitcher,656605,STARTER,4
2026_CUTOFF,2026-05-25,822812,672820,676083,responsiblePitcher,676083,STARTER,5
2026_CUTOFF,2026-05-25,822812,676391,669199,responsiblePitcher,676083,BULLPEN,6
2026_CUTOFF,2026-05-26,822811,676391,645261,responsiblePitcher,645261,STARTER,2
2026_CUTOFF,2026-05-26,822811,662139,645261,responsiblePitcher,645261,STARTER,3
2026_CUTOFF,2026-05-26,822811,682818,645261,responsiblePitcher,645261,STARTER,6
2026_CUTOFF,2026-05-26,822811,678218,645261,responsiblePitcher,645261,STARTER,6
2026_CUTOFF,2026-05-26,822811,660821,645261,responsiblePitcher,645261,STARTER,6
2026_CUTOFF,2026-05-26,822811,672820,645261,responsiblePitcher,645261,STARTER,6
2026_CUTOFF,2026-05-26,822811,543807,645261,responsiblePitcher,645261,STARTER,6
2026_CUTOFF,2026-05-26,822811,662139,645261,responsiblePitcher,645261,STARTER,6
2026_CUTOFF,2026-05-27,822809,623168,656848,responsiblePitcher,691587,BULLPEN,5
2026_CUTOFF,2026-05-27,822809,672960,677053,responsiblePitcher,691587,BULLPEN,6
2026_CUTOFF,2026-05-28,824834,665926,605135,responsiblePitcher,605135,STARTER,3
2026_CUTOFF,2026-05-28,824834,543807,689296,responsiblePitcher,605135,BULLPEN,8
2026_CUTOFF,2026-05-29,824835,672960,669432,responsiblePitcher,669432,STARTER,7
2026_CUTOFF,2026-05-29,824835,665489,669432,responsiblePitcher,669432,STARTER,7
2026_CUTOFF,2026-05-29,824835,807727,669432,responsiblePitcher,669432,STARTER,7
2026_CUTOFF,2026-05-29,824835,662139,669432,responsiblePitcher,669432,STARTER,7
2026_CUTOFF,2026-05-29,824835,676391,666974,responsiblePitcher,669432,BULLPEN,8
2026_CUTOFF,2026-05-29,824835,543807,666974,responsiblePitcher,669432,BULLPEN,8
2026_CUTOFF,2026-05-30,824833,665489,687064,responsiblePitcher,687064,STARTER,4
2026_CUTOFF,2026-05-30,824833,660821,687064,responsiblePitcher,687064,STARTER,4
2026_CUTOFF,2026-05-30,824833,665489,689296,responsiblePitcher,687064,BULLPEN,8
2026_CUTOFF,2026-05-30,824833,664770,689296,responsiblePitcher,687064,BULLPEN,8
2026_CUTOFF,2026-05-30,824833,664770,544150,responsiblePitcher,687064,BULLPEN,9
2026_CUTOFF,2026-05-31,824832,676391,680694,responsiblePitcher,680694,STARTER,7
2026_CUTOFF,2026-05-31,824832,664770,669330,responsiblePitcher,680694,BULLPEN,8
2026_CUTOFF,2026-05-31,824832,682818,669330,responsiblePitcher,680694,BULLPEN,8
2026_CUTOFF,2026-05-31,824832,672960,669330,responsiblePitcher,680694,BULLPEN,8
2026_CUTOFF,2026-05-31,824832,676391,669330,responsiblePitcher,680694,BULLPEN,8
2026_CUTOFF,2026-06-02,824918,672960,693821,responsiblePitcher,693821,STARTER,2
2026_CUTOFF,2026-06-02,824918,682818,693821,responsiblePitcher,693821,STARTER,2
2026_CUTOFF,2026-06-02,824918,664770,693821,responsiblePitcher,693821,STARTER,6
2026_CUTOFF,2026-06-03,824917,664770,656550,responsiblePitcher,656550,STARTER,1
2026_CUTOFF,2026-06-03,824917,664770,656550,responsiblePitcher,656550,STARTER,3
2026_CUTOFF,2026-06-03,824917,678218,641755,responsiblePitcher,656550,BULLPEN,9
2026_CUTOFF,2026-06-04,824919,665489,519242,responsiblePitcher,519242,STARTER,3
2026_CUTOFF,2026-06-04,824919,807727,519242,responsiblePitcher,519242,STARTER,3
2026_CUTOFF,2026-06-04,824919,672960,519242,responsiblePitcher,519242,STARTER,3
2026_CUTOFF,2026-06-04,824919,676391,625643,responsiblePitcher,519242,BULLPEN,9
2026_CUTOFF,2026-06-04,824919,665489,625643,responsiblePitcher,519242,BULLPEN,9
2026_CUTOFF,2026-06-04,824919,664702,625643,responsiblePitcher,519242,BULLPEN,9
2026_CUTOFF,2026-06-04,824919,664770,625643,responsiblePitcher,519242,BULLPEN,9
2026_CUTOFF,2026-06-05,822810,543807,687064,responsiblePitcher,687064,STARTER,1
2026_CUTOFF,2026-06-05,822810,678218,687064,responsiblePitcher,687064,STARTER,5
2026_CUTOFF,2026-06-05,822810,672960,687064,responsiblePitcher,687064,STARTER,5
2026_CUTOFF,2026-06-06,822808,676391,680694,responsiblePitcher,680694,STARTER,2
2026_CUTOFF,2026-06-06,822808,676391,680694,responsiblePitcher,680694,STARTER,3
2026_CUTOFF,2026-06-06,822808,665489,680694,responsiblePitcher,680694,STARTER,3
2026_CUTOFF,2026-06-06,822808,660821,680694,responsiblePitcher,680694,STARTER,3
2026_CUTOFF,2026-06-06,822808,678218,680694,responsiblePitcher,680694,STARTER,3
2026_CUTOFF,2026-06-06,822808,676391,669211,responsiblePitcher,680694,BULLPEN,5
2026_CUTOFF,2026-06-07,822807,682818,669358,responsiblePitcher,669358,STARTER,6
2026_CUTOFF,2026-06-07,822807,660821,669358,responsiblePitcher,669358,STARTER,6
2026_CUTOFF,2026-06-07,822807,676391,669358,responsiblePitcher,669358,STARTER,6
2026_CUTOFF,2026-06-07,822807,672960,669358,responsiblePitcher,669358,STARTER,6
2026_CUTOFF,2026-06-07,822807,665926,669358,responsiblePitcher,669358,STARTER,6
2026_CUTOFF,2026-06-07,822807,678218,670329,responsiblePitcher,669358,BULLPEN,8
2026_CUTOFF,2026-06-08,822806,664702,650911,responsiblePitcher,650911,STARTER,3
2026_CUTOFF,2026-06-08,822806,676391,650911,responsiblePitcher,650911,STARTER,5
2026_CUTOFF,2026-06-09,822805,660821,554430,responsiblePitcher,554430,STARTER,6
2026_CUTOFF,2026-06-09,822805,664702,661395,responsiblePitcher,554430,BULLPEN,9
2026_CUTOFF,2026-06-09,822805,662139,661395,responsiblePitcher,554430,BULLPEN,9
2026_CUTOFF,2026-06-10,822804,676391,666200,responsiblePitcher,666200,STARTER,6
2026_CUTOFF,2026-06-10,822804,664702,663767,responsiblePitcher,666200,BULLPEN,7
2026_CUTOFF,2026-06-10,822804,664770,663767,responsiblePitcher,666200,BULLPEN,7
2026_CUTOFF,2026-06-10,822804,543807,663767,responsiblePitcher,666200,BULLPEN,7
2026_CUTOFF,2026-06-12,822803,676391,677960,responsiblePitcher,677960,STARTER,1
2026_CUTOFF,2026-06-12,822803,672960,677960,responsiblePitcher,677960,STARTER,1
2026_CUTOFF,2026-06-12,822803,672386,677960,responsiblePitcher,677960,STARTER,1
2026_CUTOFF,2026-06-12,822803,543807,677960,responsiblePitcher,677960,STARTER,2
2026_CUTOFF,2026-06-12,822803,665926,677960,responsiblePitcher,677960,STARTER,2
2026_CUTOFF,2026-06-12,822803,543807,677960,responsiblePitcher,677960,STARTER,5
2026_CUTOFF,2026-06-12,822803,665489,656234,responsiblePitcher,677960,BULLPEN,5
2026_CUTOFF,2026-06-12,822803,543807,518585,responsiblePitcher,677960,BULLPEN,8
2026_CUTOFF,2026-06-13,822802,672960,693645,responsiblePitcher,693645,STARTER,3
2026_CUTOFF,2026-06-14,822801,664770,701542,responsiblePitcher,701542,STARTER,3
2026_CUTOFF,2026-06-14,822801,676391,701542,responsiblePitcher,701542,STARTER,4
2026_CUTOFF,2026-06-14,822801,676914,656234,responsiblePitcher,701542,BULLPEN,6
2026_CUTOFF,2026-06-16,824750,665926,801139,responsiblePitcher,801139,STARTER,3
2026_CUTOFF,2026-06-16,824750,676914,801139,responsiblePitcher,801139,STARTER,5
2026_CUTOFF,2026-06-16,824750,665926,801139,responsiblePitcher,801139,STARTER,5
2026_CUTOFF,2026-06-16,824750,672960,592454,responsiblePitcher,801139,BULLPEN,6
2026_CUTOFF,2026-06-16,824750,543807,670245,responsiblePitcher,801139,BULLPEN,9
2026_CUTOFF,2026-06-16,824750,664702,670245,responsiblePitcher,801139,BULLPEN,9
2026_CUTOFF,2026-06-17,824746,676914,687562,responsiblePitcher,687562,STARTER,3
2026_CUTOFF,2026-06-17,824746,665926,687562,responsiblePitcher,687562,STARTER,3
2026_CUTOFF,2026-06-17,824746,665926,669711,responsiblePitcher,687562,BULLPEN,8
2026_CUTOFF,2026-06-18,824748,665489,543243,responsiblePitcher,543243,STARTER,1
2026_CUTOFF,2026-06-18,824748,672960,543243,responsiblePitcher,543243,STARTER,2
2026_CUTOFF,2026-06-18,824748,664770,543243,responsiblePitcher,543243,STARTER,7
2026_CUTOFF,2026-06-18,824748,676391,547973,responsiblePitcher,543243,BULLPEN,9
2026_CUTOFF,2026-06-19,824663,665926,676962,responsiblePitcher,676962,STARTER,3
2026_CUTOFF,2026-06-19,824663,543807,676962,responsiblePitcher,676962,STARTER,6
2026_CUTOFF,2026-06-20,824665,662139,663423,responsiblePitcher,607067,BULLPEN,7
2026_CUTOFF,2026-06-20,824665,665489,663423,responsiblePitcher,607067,BULLPEN,7
2026_CUTOFF,2026-06-20,824665,672960,663423,responsiblePitcher,607067,BULLPEN,7
2026_CUTOFF,2026-06-20,824665,664702,573204,responsiblePitcher,607067,BULLPEN,8
2026_CUTOFF,2026-06-20,824665,543807,573204,responsiblePitcher,607067,BULLPEN,8
2026_CUTOFF,2026-06-20,824665,672960,657097,responsiblePitcher,607067,BULLPEN,8
2026_CUTOFF,2026-06-20,824665,682818,657097,responsiblePitcher,607067,BULLPEN,8
2026_CUTOFF,2026-06-20,824665,665489,657097,responsiblePitcher,607067,BULLPEN,8
2026_CUTOFF,2026-06-22,822800,672960,686613,responsiblePitcher,686613,STARTER,2
2026_CUTOFF,2026-06-22,822800,665926,805123,responsiblePitcher,686613,BULLPEN,4
2026_CUTOFF,2026-06-22,822800,662139,660853,responsiblePitcher,686613,BULLPEN,7
2026_CUTOFF,2026-06-22,822800,543807,701121,responsiblePitcher,686613,BULLPEN,8
2026_CUTOFF,2026-06-23,822799,649966,663567,responsiblePitcher,663567,STARTER,4
2026_CUTOFF,2026-06-23,822799,662139,663567,responsiblePitcher,663567,STARTER,4
2026_CUTOFF,2026-06-23,822799,662139,660853,responsiblePitcher,663567,BULLPEN,7
2026_CUTOFF,2026-06-23,822799,672960,660853,responsiblePitcher,663567,BULLPEN,7
2026_CUTOFF,2026-06-23,822799,665489,663878,responsiblePitcher,663567,BULLPEN,8
2026_CUTOFF,2026-06-23,822799,543807,663878,responsiblePitcher,663567,BULLPEN,8
2026_CUTOFF,2026-06-23,822799,665489,701121,responsiblePitcher,663567,BULLPEN,11
2026_CUTOFF,2026-06-24,822798,664770,681347,responsiblePitcher,681347,STARTER,1
2026_CUTOFF,2026-06-25,822797,672960,669022,responsiblePitcher,669022,STARTER,5
2026_CUTOFF,2026-06-25,822797,664770,669022,responsiblePitcher,669022,STARTER,5
2026_CUTOFF,2026-06-25,822797,672386,669022,responsiblePitcher,669022,STARTER,5
2026_CUTOFF,2026-06-25,822797,672960,656641,responsiblePitcher,669022,BULLPEN,9
2026_CUTOFF,2026-06-25,822797,676391,656641,responsiblePitcher,669022,BULLPEN,9
2026_CUTOFF,2026-06-26,822796,543807,695239,responsiblePitcher,543135,BULLPEN,8
2026_CUTOFF,2026-06-26,822796,665926,695239,responsiblePitcher,543135,BULLPEN,8
2026_CUTOFF,2026-06-26,822796,672960,596001,responsiblePitcher,543135,BULLPEN,8
2026_CUTOFF,2026-06-26,822796,665489,596001,responsiblePitcher,543135,BULLPEN,8
2026_CUTOFF,2026-06-27,822794,682818,695239,responsiblePitcher,615698,BULLPEN,5
2026_CUTOFF,2026-06-27,822794,676391,695239,responsiblePitcher,615698,BULLPEN,5
2026_CUTOFF,2026-06-27,822794,672386,605452,responsiblePitcher,615698,BULLPEN,6
2026_CUTOFF,2026-06-27,822794,815873,605452,responsiblePitcher,615698,BULLPEN,6
2026_CUTOFF,2026-06-28,822795,664770,668390,responsiblePitcher,677958,BULLPEN,8
2026_CUTOFF,2026-06-28,822795,543807,668390,responsiblePitcher,677958,BULLPEN,8
2026_CUTOFF,2026-06-29,822792,543807,640455,responsiblePitcher,640455,STARTER,1
2026_CUTOFF,2026-06-29,822792,649966,640455,responsiblePitcher,640455,STARTER,5
2026_CUTOFF,2026-07-01,822791,664770,642547,responsiblePitcher,642547,STARTER,1
2026_CUTOFF,2026-07-01,822791,672960,642547,responsiblePitcher,642547,STARTER,3
2026_CUTOFF,2026-07-01,822791,815873,642547,responsiblePitcher,642547,STARTER,3
2026_CUTOFF,2026-07-01,822791,672386,642547,responsiblePitcher,642547,STARTER,3
2026_CUTOFF,2026-07-01,822791,676391,642547,responsiblePitcher,642547,STARTER,3
2026_CUTOFF,2026-07-01,822791,665489,672335,responsiblePitcher,642547,BULLPEN,7
2026_CUTOFF,2026-07-01,822791,664702,672335,responsiblePitcher,642547,BULLPEN,7
2026_CUTOFF,2026-07-01,822791,662139,672335,responsiblePitcher,642547,BULLPEN,7
2026_CUTOFF,2026-07-01,822791,672386,672335,responsiblePitcher,642547,BULLPEN,7
2026_CUTOFF,2026-07-03,823120,815873,622491,responsiblePitcher,622491,STARTER,3
2026_CUTOFF,2026-07-03,823120,665926,622491,responsiblePitcher,622491,STARTER,3
2026_CUTOFF,2026-07-06,823205,672960,694738,responsiblePitcher,694738,STARTER,6
2026_CUTOFF,2026-07-07,823203,682729,686790,responsiblePitcher,686790,STARTER,2
2026_CUTOFF,2026-07-07,823203,678218,686790,responsiblePitcher,686790,STARTER,2
2026_CUTOFF,2026-07-07,823203,815873,686790,responsiblePitcher,686790,STARTER,2
2026_CUTOFF,2026-07-07,823203,665489,686790,responsiblePitcher,686790,STARTER,3
2026_CUTOFF,2026-07-07,823203,678218,686790,responsiblePitcher,686790,STARTER,3
2026_CUTOFF,2026-07-07,823203,672960,686790,responsiblePitcher,686790,STARTER,3
2026_CUTOFF,2026-07-07,823203,815873,686790,responsiblePitcher,686790,STARTER,3
2026_CUTOFF,2026-07-07,823203,682729,686790,responsiblePitcher,686790,STARTER,3
2026_CUTOFF,2026-07-07,823203,676391,676254,responsiblePitcher,686790,BULLPEN,9
2026_CUTOFF,2026-07-08,823202,676391,657277,responsiblePitcher,657277,STARTER,1
2026_CUTOFF,2026-07-08,823202,672960,657277,responsiblePitcher,657277,STARTER,1
2026_CUTOFF,2026-07-08,823202,664770,657277,responsiblePitcher,657277,STARTER,1
2026_CUTOFF,2026-07-08,823202,543807,657277,responsiblePitcher,657277,STARTER,1
2026_CUTOFF,2026-07-08,823202,662139,657277,responsiblePitcher,657277,STARTER,1
2026_CUTOFF,2026-07-08,823202,662139,702352,responsiblePitcher,657277,BULLPEN,8
2026_CUTOFF,2026-07-08,823202,672960,702352,responsiblePitcher,657277,BULLPEN,8
2026_CUTOFF,2026-07-08,823202,665489,676254,responsiblePitcher,657277,BULLPEN,9
2026_CUTOFF,2026-07-08,823202,664770,676254,responsiblePitcher,657277,BULLPEN,9
2026_CUTOFF,2026-07-08,823202,543807,676254,responsiblePitcher,657277,BULLPEN,9
2026_CUTOFF,2026-07-10,823278,665489,676664,responsiblePitcher,676664,STARTER,4
2026_CUTOFF,2026-07-10,823278,664702,676664,responsiblePitcher,676664,STARTER,5
2026_CUTOFF,2026-07-10,823278,672960,666745,responsiblePitcher,676664,BULLPEN,5
2026_CUTOFF,2026-07-10,823278,676391,676664,responsiblePitcher,676664,STARTER,5
2026_CUTOFF,2026-07-10,823278,665489,666745,responsiblePitcher,676664,BULLPEN,5
2026_CUTOFF,2026-07-11,823276,672960,621111,responsiblePitcher,621111,STARTER,2
2026_CUTOFF,2026-07-11,823276,662139,621111,responsiblePitcher,621111,STARTER,2
2026_CUTOFF,2026-07-11,823276,682729,621111,responsiblePitcher,621111,STARTER,2
2026_CUTOFF,2026-07-11,823276,672386,621111,responsiblePitcher,621111,STARTER,2
2026_CUTOFF,2026-07-11,823276,665489,699134,responsiblePitcher,621111,BULLPEN,6
2026_CUTOFF,2026-07-11,823276,682729,673513,responsiblePitcher,621111,BULLPEN,6
2026_CUTOFF,2026-07-11,823276,664770,673513,responsiblePitcher,621111,BULLPEN,6
2026_CUTOFF,2026-07-12,823274,664770,608566,responsiblePitcher,608566,STARTER,1
2026_CUTOFF,2026-07-12,823274,676391,608566,responsiblePitcher,608566,STARTER,4
2026_CUTOFF,2026-07-12,823274,665926,608566,responsiblePitcher,608566,STARTER,4
2026_CUTOFF,2026-07-12,823274,662139,670970,responsiblePitcher,608566,BULLPEN,8
2026_CUTOFF,2026-07-17,822789,676391,641743,responsiblePitcher,641743,STARTER,3
2026_CUTOFF,2026-07-17,822789,649966,641743,responsiblePitcher,641743,STARTER,4
2026_CUTOFF,2026-07-17,822789,543807,670950,responsiblePitcher,641743,BULLPEN,5
2026_CUTOFF,2026-07-17,822789,678218,670950,responsiblePitcher,641743,BULLPEN,6
2026_CUTOFF,2026-07-18,822790,665489,663436,responsiblePitcher,663436,STARTER,4
2026_CUTOFF,2026-07-20,822788,543807,607259,responsiblePitcher,607259,STARTER,4
2026_CUTOFF,2026-07-21,822787,676391,656876,responsiblePitcher,656876,STARTER,6
2026_CUTOFF,2026-07-21,822787,543807,656876,responsiblePitcher,656876,STARTER,6
2026_CUTOFF,2026-07-22,822784,664770,643377,responsiblePitcher,643377,STARTER,1
2026_CUTOFF,2026-07-22,822784,672386,592155,responsiblePitcher,643377,BULLPEN,7
