824522-572955,824522,2026-05-08,CIN,HOU,H,572955,Pierce Johnson,RELIEF_OR_BULK,1.0,5.0,1.0,1.0,5.0,5.0,1.0,1.0,False,False,21,6,5,0,0,0,1,2,0,,,,,,,,https://github.com/geo2343/depuracion-mlb-kernel/blob/main/runtime/hbm26_v30_sheet01_0508.csv,QA_VALIDATED_PBP_V30,RELIEF_OR_BULK,MLB,False
824522-622088,824522,2026-05-08,CIN,HOU,H,622088,Tejay Antone,RELIEF_OR_BULK,1.0,12.0,3.0,3.0,12.0,12.0,3.0,3.0,False,False,16,4,3,1,1,1,0,0,0,,,,,,,,https://github.com/geo2343/depuracion-mlb-kernel/blob/main/runtime/hbm26_v30_sheet01_0508.csv,QA_VALIDATED_PBP_V30,RELIEF_OR_BULK,MLB,False
824522-663574,824522,2026-05-08,CIN,HOU,H,663574,Tony Santillan,RELIEF_OR_BULK,2.0,17.0,5.0,3.0,0.0,17.0,0.0,5.0,False,False,13,4,0,4,4,4,0,0,2,,,,,,,,https://github.com/geo2343/depuracion-mlb-kernel/blob/main/runtime/hbm26_v30_sheet01_0508.csv,QA_VALIDATED_PBP_V30,RELIEF_OR_BULK,MLB,False
824522-701121,824522,2026-05-08,HOU,CIN,A,701121,Logan VanWey,RELIEF_OR_BULK,,,,,,,,,,,20,4,3,0,0,1,0,2,0,,,,,,,,https://github.com/geo2343/depuracion-mlb-kernel/blob/main/runtime/hbm26_v30_sheet01_0508.csv,QA_VALIDATED_PBP_V30,,,
824522-805123,824522,2026-05-08,HOU,CIN,A,805123,AJ Blubaugh,RELIEF_OR_BULK,4.0,59.0,15.0,11.0,0.0,0.0,0.0,0.0,False,False,21,4,3,0,0,1,0,1,0,,,,,,,,https://github.com/geo2343/depuracion-mlb-kernel/blob/main/runtime/hbm26_v30_sheet01_0508.csv,QA_VALIDATED_PBP_V30,RELIEF_OR_BULK,MLB,False
823466-621237,823466,2026-05-08,PHI,COL,H,621237,José Alvarado,RELIEF_OR_BULK,1.0,16.0,4.0,2.0,16.0,16.0,4.0,4.0,False,False,20,4,3,0,0,0,0,2,0,,,,,,,,https://github.com/geo2343/depuracion-mlb-kernel/blob/main/runtime/hbm26_v30_sheet01_0508.csv,QA_VALIDATED_PBP_V30,RELIEF_OR_BULK,MLB,False
823466-623474,823466,2026-05-08,COL,PHI,A,623474,Jimmy Herget,RELIEF_OR_BULK,4.0,28.0,7.0,3.0,0.0,0.0,0.0,0.0,False,False,20,5,3,2,2,2,0,2,1,,,,,,,,https://github.com/geo2343/depuracion-mlb-kernel/blob/main/runtime/hbm26_v30_sheet01_0508.csv,QA_VALIDATED_PBP_V30,RELIEF_OR_BULK,MLB,False
823466-641745,823466,2026-05-08,PHI,COL,H,641745,Brad Keller,RELIEF_OR_BULK,1.0,22.0,6.0,3.0,22.0,22.0,6.0,6.0,False,False,20,6,3,2,1,3,0,2,0,,,,,,,,https://github.com/geo2343/depuracion-mlb-kernel/blob/main/runtime/hbm26_v30_sheet01_0508.csv,QA_VALIDATED_PBP_V30,RELIEF_OR_BULK,MLB,False
823466-641835,823466,2026-05-08,PHI,COL,H,641835,Tim Mayza,RELIEF_OR_BULK,1.0,7.0,2.0,2.0,7.0,7.0,2.0,2.0,False,False,20,7,6,1,1,1,0,2,1,,,,,,,,https://github.com/geo2343/depuracion-mlb-kernel/blob/main/runtime/hbm26_v30_sheet01_0508.csv,QA_VALIDATED_PBP_V30,RELIEF_OR_BULK,MLB,False
823466-657514,823466,2026-05-08,COL,PHI,A,657514,Brennan Bernardino,RELIEF_OR_BULK,0.0,4.0,1.0,1.0,4.0,4.0,1.0,1.0,True,False,14,4,1,3,3,2,1,1,0,,,,,,,,https://github.com/geo2343/depuracion-mlb-kernel/blob/main/runtime/hbm26_v30_sheet01_0508.csv,QA_VALIDATED_PBP_V30,RELIEF_OR_BULK,MLB,False
823466-661395,823466,2026-05-08,PHI,COL,H,661395,Jhoan Duran,RELIEF_OR_BULK,2.0,27.0,7.0,3.0,0.0,27.0,0.0,7.0,False,False,16,4,3,0,0,1,0,2,0,,,,,,,,https://github.com/geo2343/depuracion-mlb-kernel/blob/main/runtime/hbm26_v30_sheet01_0508.csv,QA_VALIDATED_PBP_V30,RELIEF_OR_BULK,MLB,False
823466-675848,823466,2026-05-08,COL,PHI,A,675848,Juan Mejia,RELIEF_OR_BULK,0.0,21.0,5.0,3.0,21.0,21.0,5.0,5.0,True,False,18,4,3,0,0,1,0,1,0,,,,,,,,https://github.com/geo2343/depuracion-mlb-kernel/blob/main/runtime/hbm26_v30_sheet01_0508.csv,QA_VALIDATED_PBP_V30,RELIEF_OR_BULK,MLB,False
823466-677955,823466,2026-05-08,COL,PHI,A,677955,Jaden Hill,RELIEF_OR_BULK,3.0,11.0,3.0,2.0,0.0,0.0,0.0,0.0,False,False,16,4,3,0,0,1,0,0,0,,,,,,,,https://github.com/geo2343/depuracion-mlb-kernel/blob/main/runtime/hbm26_v30_sheet01_0508.csv,QA_VALIDATED_PBP_V30,RELIEF_OR_BULK,MLB,False
823466-680742,823466,2026-05-08,PHI,COL,H,680742,Jonathan Bowlan,RELIEF_OR_BULK,0.0,11.0,3.0,3.0,11.0,11.0,3.0,3.0,True,False,20,5,6,0,0,1,0,1,0,,,,,,,,https://github.com/geo2343/depuracion-mlb-kernel/blob/main/runtime/hbm26_v30_sheet01_0508.csv,QA_VALIDATED_PBP_V30,RELIEF_OR_BULK,MLB,False
823466-680767,823466,2026-05-08,COL,PHI,A,680767,Victor Vodnik,RELIEF_OR_BULK,4.0,17.0,3.0,3.0,0.0,0.0,0.0,0.0,False,False,20,7,6,0,0,0,1,2,0,,,,,,,,https://github.com/geo2343/depuracion-mlb-kernel/blob/main/runtime/hbm26_v30_sheet01_0508.csv,QA_VALIDATED_PBP_V30,RELIEF_OR_BULK,MLB,False
823466-689147,823466,2026-05-08,PHI,COL,H,689147,Orion Kerkering,RELIEF_OR_BULK,1.0,5.0,1.0,1.0,5.0,5.0,1.0,1.0,False,False,16,4,3,0,0,1,0,1,0,,,,,,,,https://github.com/geo2343/depuracion-mlb-kernel/blob/main/runtime/hbm26_v30_sheet01_0508.csv,QA_VALIDATED_PBP_V30,RELIEF_OR_BULK,MLB,False
824846-605130,824846,2026-05-08,ATH,BAL,A,605130,Scott Barlow,RELIEF_OR_BULK,2.0,8.0,3.0,3.0,0.0,8.0,0.0,3.0,False,False,14,3,3,0,0,0,0,1,0,,,,,,,,https://github.com/geo2343/depuracion-mlb-kernel/blob/main/runtime/hbm26_v30_sheet01_0508.csv,QA_VALIDATED_PBP_V30,RELIEF_OR_BULK,MLB,False
824846-663687,824846,2026-05-08,ATH,BAL,A,663687,Hogan Harris,RELIEF_OR_BULK,1.0,9.0,4.0,2.0,9.0,9.0,4.0,4.0,False,False,11,2,1,0,0,0,1,1,0,,,,,,,,https://github.com/geo2343/depuracion-mlb-kernel/blob/main/runtime/hbm26_v30_sheet01_0508.csv,QA_VALIDATED_PBP_V30,RELIEF_OR_BULK,MLB,False
824846-669270,824846,2026-05-08,ATH,BAL,A,669270,Joel Kuhnel,RELIEF_OR_BULK,4.0,12.0,4.0,3.0,0.0,0.0,0.0,0.0,False,False,10,3,3,0,0,0,0,0,0,,,,,,,,https://github.com/geo2343/depuracion-mlb-kernel/blob/main/runtime/hbm26_v30_sheet01_0508.csv,QA_VALIDATED_PBP_V30,RELIEF_OR_BULK,MLB,False
824846-678022,824846,2026-05-08,ATH,BAL,A,678022,Jack Perkins,RELIEF_OR_BULK,1.0,33.0,8.0,4.0,33.0,33.0,8.0,8.0,False,False,25,4,2,1,1,1,1,2,0,,,,,,,,https://github.com/geo2343/depuracion-mlb-kernel/blob/main/runtime/hbm26_v30_sheet01_0508.csv,QA_VALIDATED_PBP_V30,RELIEF_OR_BULK,MLB,False
824846-686993,824846,2026-05-08,ATH,BAL,A,686993,Justin Sterner,RELIEF_OR_BULK,1.0,7.0,2.0,2.0,7.0,7.0,2.0,2.0,False,False,7,2,2,0,0,0,0,0,0,,,,,,,,https://github.com/geo2343/depuracion-mlb-kernel/blob/main/runtime/hbm26_v30_sheet01_0508.csv,QA_VALIDATED_PBP_V30,RELIEF_OR_BULK,MLB,False
824846-694346,824846,2026-05-08,BAL,ATH,H,694346,Trey Gibson,RELIEF_OR_BULK,4.0,87.0,21.0,14.0,0.0,0.0,0.0,0.0,False,False,30,10,6,1,1,3,1,2,0,,,,,,,,https://github.com/geo2343/depuracion-mlb-kernel/blob/main/runtime/hbm26_v30_sheet01_0508.csv,QA_VALIDATED_PBP_V30,STARTER,MLB,False
822822-489446,822822,2026-05-08,LAA,TOR,A,489446,Kirby Yates,RELIEF_OR_BULK,,,,,,,,,,,24,4,3,0,0,1,0,1,0,,,,,,,,https://github.com/geo2343/depuracion-mlb-kernel/blob/main/runtime/hbm26_v30_sheet01_0508.csv,QA_VALIDATED_PBP_V30,,,
822822-608718,822822,2026-05-08,LAA,TOR,A,608718,Brent Suter,RELIEF_OR_BULK,1.0,20.0,5.0,2.0,20.0,20.0,5.0,5.0,False,False,16,3,3,0,0,0,0,2,0,,,,,,,,https://github.com/geo2343/depuracion-mlb-kernel/blob/main/runtime/hbm26_v30_sheet01_0508.csv,QA_VALIDATED_PBP_V30,RELIEF_OR_BULK,MLB,False
822822-656546,822822,2026-05-08,TOR,LAA,H,656546,Jeff Hoffman,RELIEF_OR_BULK,2.0,17.0,4.0,3.0,0.0,17.0,0.0,4.0,False,False,13,4,3,0,0,1,0,1,0,,,,,,,,https://github.com/geo2343/depuracion-mlb-kernel/blob/main/runtime/hbm26_v30_sheet01_0508.csv,QA_VALIDATED_PBP_V30,RELIEF_OR_BULK,MLB,False
822822-666201,822822,2026-05-08,LAA,TOR,A,666201,Alek Manoah,RELIEF_OR_BULK,,,,,,,,,,,11,3,3,0,0,0,0,1,0,,,,,,,,https://github.com/geo2343/depuracion-mlb-kernel/blob/main/runtime/hbm26_v30_sheet01_0508.csv,QA_VALIDATED_PBP_V30,,,
822822-686973,822822,2026-05-08,TOR,LAA,H,686973,Louis Varland,RELIEF_OR_BULK,1.0,22.0,6.0,3.0,22.0,29.0,6.0,8.0,False,False,11,3,3,0,0,0,0,0,0,,,,,,,,https://github.com/geo2343/depuracion-mlb-kernel/blob/main/runtime/hbm26_v30_sheet01_0508.csv,QA_VALIDATED_PBP_V30,RELIEF_OR_BULK,MLB,False
822822-820862,822822,2026-05-08,LAA,TOR,A,820862,José Fermin,RELIEF_OR_BULK,2.0,11.0,4.0,3.0,0.0,11.0,0.0,4.0,False,False,18,4,4,0,0,0,0,2,0,,,,,,,,https://github.com/geo2343/depuracion-mlb-kernel/blob/main/runtime/hbm26_v30_sheet01_0508.csv,QA_VALIDATED_PBP_V30,RELIEF_OR_BULK,MLB,False
823871-663969,823871,2026-05-08,MIA,WSH,H,663969,Tyler Phillips,RELIEF_OR_BULK,4.0,47.0,13.0,9.0,0.0,0.0,0.0,0.0,False,False,29,9,7,0,0,1,1,2,0,,,,,,,,https://github.com/geo2343/depuracion-mlb-kernel/blob/main/runtime/hbm26_v30_sheet01_0508.csv,QA_VALIDATED_PBP_V30,RELIEF_OR_BULK,MLB,False
823871-667463,823871,2026-05-08,MIA,WSH,H,667463,John King,RELIEF_OR_BULK,3.0,10.0,2.0,2.0,0.0,0.0,0.0,0.0,False,False,13,3,2,0,0,0,1,1,0,,,,,,,,https://github.com/geo2343/depuracion-mlb-kernel/blob/main/runtime/hbm26_v30_sheet01_0508.csv,QA_VALIDATED_PBP_V30,RELIEF_OR_BULK,MLB,False
823871-669622,823871,2026-05-08,MIA,WSH,H,669622,Anthony Bender,RELIEF_OR_BULK,2.0,6.0,2.0,2.0,0.0,6.0,0.0,2.0,False,False,12,3,3,0,0,0,0,1,0,,,,,,,,https://github.com/geo2343/depuracion-mlb-kernel/blob/main/runtime/hbm26_v30_sheet01_0508.csv,QA_VALIDATED_PBP_V30,RELIEF_OR_BULK,MLB,False
823871-676571,823871,2026-05-08,WSH,MIA,A,676571,PJ Poulin,RELIEF_OR_BULK,0.0,23.0,5.0,3.0,23.0,23.0,5.0,5.0,True,False,13,2,1,0,0,0,1,0,0,,,,,,,,https://github.com/geo2343/depuracion-mlb-kernel/blob/main/runtime/hbm26_v30_sheet01_0508.csv,QA_VALIDATED_PBP_V30,RELIEF_OR_BULK,MLB,False
823871-695418,823871,2026-05-08,WSH,MIA,A,695418,Brad Lord,RELIEF_OR_BULK,5.0,50.0,12.0,6.0,0.0,0.0,0.0,0.0,False,False,31,6,5,0,0,1,0,2,0,,,,,,,,https://github.com/geo2343/depuracion-mlb-kernel/blob/main/runtime/hbm26_v30_sheet01_0508.csv,QA_VALIDATED_PBP_V30,RELIEF_OR_BULK,MLB,False
824768-547973,824768,2026-05-08,BOS,TB,H,547973,Aroldis Chapman,RELIEF_OR_BULK,3.0,13.0,3.0,3.0,0.0,0.0,0.0,0.0,False,False,18,3,3,0,0,0,0,2,0,,,,,,,,https://github.com/geo2343/depuracion-mlb-kernel/blob/main/runtime/hbm26_v30_sheet01_0508.csv,QA_VALIDATED_PBP_V30,RELIEF_OR_BULK,MLB,False
824768-669438,824768,2026-05-08,TB,BOS,A,669438,Mason Englert,RELIEF_OR_BULK,18.0,38.0,10.0,7.0,0.0,0.0,0.0,0.0,False,False,46,13,10,0,0,3,0,3,0,,,,,,,,https://github.com/geo2343/depuracion-mlb-kernel/blob/main/runtime/hbm26_v30_sheet01_0508.csv,QA_VALIDATED_PBP_V30,RELIEF_OR_BULK,MLB,False
824768-676477,824768,2026-05-08,BOS,TB,H,676477,Garrett Whitlock,RELIEF_OR_BULK,3.0,26.0,6.0,3.0,0.0,0.0,0.0,0.0,False,False,10,3,3,0,0,0,0,2,0,,,,,,,,https://github.com/geo2343/depuracion-mlb-kernel/blob/main/runtime/hbm26_v30_sheet01_0508.csv,QA_VALIDATED_PBP_V30,RELIEF_OR_BULK,MLB,False
824443-607455,824443,2026-05-08,MIN,CLE,A,607455,Anthony Banda,RELIEF_OR_BULK,0.0,20.0,4.0,2.0,20.0,39.0,4.0,7.0,True,False,22,6,2,1,1,2,1,0,0,,,,,,,,https://github.com/geo2343/depuracion-mlb-kernel/blob/main/runtime/hbm26_v30_sheet01_0508.csv,QA_VALIDATED_PBP_V30,RELIEF_OR_BULK,MLB,False
824443-670036,824443,2026-05-08,CLE,MIN,H,670036,Matt Festa,RELIEF_OR_BULK,1.0,13.0,3.0,3.0,13.0,13.0,3.0,3.0,False,False,17,5,2,2,2,3,0,2,1,,,,,,,,https://github.com/geo2343/depuracion-mlb-kernel/blob/main/runtime/hbm26_v30_sheet01_0508.csv,QA_VALIDATED_PBP_V30,RELIEF_OR_BULK,MLB,False
824443-670059,824443,2026-05-08,CLE,MIN,H,670059,Colin Holderman,RELIEF_OR_BULK,2.0,26.0,6.0,6.0,0.0,26.0,0.0,6.0,False,False,14,3,2,0,0,0,1,1,0,,,,,,,,https://github.com/geo2343/depuracion-mlb-kernel/blob/main/runtime/hbm26_v30_sheet01_0508.csv,QA_VALIDATED_PBP_V30,RELIEF_OR_BULK,MLB,False
824443-671922,824443,2026-05-08,CLE,MIN,H,671922,Cade Smith,RELIEF_OR_BULK,0.0,16.0,3.0,3.0,32.0,32.0,7.0,7.0,True,True,15,4,3,1,1,2,0,1,0,,,,,,,,https://github.com/geo2343/depuracion-mlb-kernel/blob/main/runtime/hbm26_v30_sheet01_0508.csv,QA_VALIDATED_PBP_V30,RELIEF_OR_BULK,MLB,False
824443-672782,824443,2026-05-08,MIN,CLE,A,672782,Yoendrys Gómez,RELIEF_OR_BULK,8.0,29.0,8.0,6.0,0.0,0.0,0.0,0.0,False,False,2,1,1,0,0,0,0,0,0,,,,,,,,https://github.com/geo2343/depuracion-mlb-kernel/blob/main/runtime/hbm26_v30_sheet01_0508.csv,QA_VALIDATED_PBP_V30,RELIEF_OR_BULK,MLB,False
824443-679358,824443,2026-05-08,MIN,CLE,A,679358,Eric Orze,RELIEF_OR_BULK,2.0,16.0,5.0,3.0,0.0,16.0,0.0,5.0,False,False,16,3,2,0,0,1,0,0,0,,,,,,,,https://github.com/geo2343/depuracion-mlb-kernel/blob/main/runtime/hbm26_v30_sheet01_0508.csv,QA_VALIDATED_PBP_V30,RELIEF_OR_BULK,MLB,False
824443-681892,824443,2026-05-08,MIN,CLE,A,681892,Kody Funderburk,RELIEF_OR_BULK,1.0,17.0,4.0,3.0,17.0,17.0,4.0,4.0,False,False,22,5,4,1,1,1,0,0,0,,,,,,,,https://github.com/geo2343/depuracion-mlb-kernel/blob/main/runtime/hbm26_v30_sheet01_0508.csv,QA_VALIDATED_PBP_V30,RELIEF_OR_BULK,MLB,False
824443-682120,824443,2026-05-08,CLE,MIN,H,682120,Tim Herrin,RELIEF_OR_BULK,0.0,12.0,3.0,1.0,12.0,12.0,3.0,3.0,True,False,11,4,3,0,0,1,0,0,0,,,,,,,,https://github.com/geo2343/depuracion-mlb-kernel/blob/main/runtime/hbm26_v30_sheet01_0508.csv,QA_VALIDATED_PBP_V30,RELIEF_OR_BULK,MLB,False
823794-665645,823794,2026-05-08,NYY,MIL,A,665645,Kervin Castro,RELIEF_OR_BULK,,,,,,,,,,,29,8,6,1,1,2,0,2,0,,,,,,,,https://github.com/geo2343/depuracion-mlb-kernel/blob/main/runtime/hbm26_v30_sheet01_0508.csv,QA_VALIDATED_PBP_V30,,,
823794-675660,823794,2026-05-08,MIL,NYY,H,675660,Shane Drohan,RELIEF_OR_BULK,3.0,23.0,6.0,4.0,0.0,0.0,0.0,0.0,False,False,40,10,9,0,0,1,0,3,0,,,,,,,,https://github.com/geo2343/depuracion-mlb-kernel/blob/main/runtime/hbm26_v30_sheet01_0508.csv,QA_VALIDATED_PBP_V30,RELIEF_OR_BULK,MLB,False
824116-640448,824116,2026-05-08,DET,KC,A,640448,Kyle Finnegan,RELIEF_OR_BULK,1.0,14.0,4.0,3.0,14.0,14.0,4.0,4.0,False,False,12,4,0,2,2,3,1,0,0,,,,,,,,https://github.com/geo2343/depuracion-mlb-kernel/blob/main/runtime/hbm26_v30_sheet01_0508.csv,QA_VALIDATED_PBP_V30,RELIEF_OR_BULK,MLB,False
824116-663947,824116,2026-05-08,DET,KC,A,663947,Tyler Holton,RELIEF_OR_BULK,3.0,22.0,5.0,3.0,0.0,0.0,0.0,0.0,False,False,14,3,3,0,0,0,0,1,0,,,,,,,,https://github.com/geo2343/depuracion-mlb-kernel/blob/main/runtime/hbm26_v30_sheet01_0508.csv,QA_VALIDATED_PBP_V30,STARTER,MLB,False
824116-668674,824116,2026-05-08,KC,DET,H,668674,Lucas Erceg,RELIEF_OR_BULK,2.0,15.0,4.0,3.0,0.0,15.0,0.0,4.0,False,False,14,5,3,0,0,1,1,0,0,,,,,,,,https://github.com/geo2343/depuracion-mlb-kernel/blob/main/runtime/hbm26_v30_sheet01_0508.csv,QA_VALIDATED_PBP_V30,RELIEF_OR_BULK,MLB,False
824116-670167,824116,2026-05-08,KC,DET,H,670167,John Schreiber,RELIEF_OR_BULK,1.0,30.0,6.0,5.0,30.0,30.0,6.0,6.0,False,False,12,4,3,0,0,1,0,0,0,,,,,,,,https://github.com/geo2343/depuracion-mlb-kernel/blob/main/runtime/hbm26_v30_sheet01_0508.csv,QA_VALIDATED_PBP_V30,RELIEF_OR_BULK,MLB,False
824116-676428,824116,2026-05-08,DET,KC,A,676428,Brant Hurter,RELIEF_OR_BULK,1.0,12.0,2.0,2.0,12.0,12.0,2.0,2.0,False,False,30,7,5,1,1,2,1,1,0,,,,,,,,https://github.com/geo2343/depuracion-mlb-kernel/blob/main/runtime/hbm26_v30_sheet01_0508.csv,QA_VALIDATED_PBP_V30,RELIEF_OR_BULK,MLB,False
824116-679883,824116,2026-05-08,KC,DET,H,679883,Luinder Avila,RELIEF_OR_BULK,1.0,49.0,9.0,6.0,49.0,49.0,9.0,9.0,False,False,18,4,3,0,0,1,0,1,0,,,,,,,,https://github.com/geo2343/depuracion-mlb-kernel/blob/main/runtime/hbm26_v30_sheet01_0508.csv,QA_VALIDATED_PBP_V30,RELIEF_OR_BULK,MLB,False
824116-683232,824116,2026-05-08,KC,DET,H,683232,Nick Mears,RELIEF_OR_BULK,0.0,23.0,4.0,3.0,23.0,31.0,4.0,7.0,True,False,7,2,1,0,0,1,0,0,0,,,,,,,,https://github.com/geo2343/depuracion-mlb-kernel/blob/main/runtime/hbm26_v30_sheet01_0508.csv,QA_VALIDATED_PBP_V30,RELIEF_OR_BULK,MLB,False
824607-622554,824607,2026-05-08,CWS,SEA,H,622554,Seranthony Domínguez,RELIEF_OR_BULK,5.0,6.0,2.0,2.0,0.0,0.0,0.0,0.0,False,False,14,3,3,0,0,0,0,2,0,,,,,,,,https://github.com/geo2343/depuracion-mlb-kernel/blob/main/runtime/hbm26_v30_sheet01_0508.csv,QA_VALIDATED_PBP_V30,RELIEF_OR_BULK,MLB,False
824607-656794,824607,2026-05-08,CWS,SEA,H,656794,Sean Newcomb,RELIEF_OR_BULK,3.0,28.0,6.0,6.0,0.0,0.0,0.0,0.0,False,False,23,6,5,0,0,1,0,0,0,,,,,,,,https://github.com/geo2343/depuracion-mlb-kernel/blob/main/runtime/hbm26_v30_sheet01_0508.csv,QA_VALIDATED_PBP_V30,RELIEF_OR_BULK,MLB,False
824607-660825,824607,2026-05-08,SEA,CWS,A,660825,Eduard Bazardo,RELIEF_OR_BULK,1.0,21.0,5.0,3.0,21.0,21.0,5.0,5.0,False,False,13,3,3,0,0,1,0,0,0,,,,,,,,https://github.com/geo2343/depuracion-mlb-kernel/blob/main/runtime/hbm26_v30_sheet01_0508.csv,QA_VALIDATED_PBP_V30,RELIEF_OR_BULK,MLB,False
824607-670950,824607,2026-05-08,CWS,SEA,H,670950,Trevor Richards,RELIEF_OR_BULK,5.0,24.0,8.0,6.0,0.0,0.0,0.0,0.0,False,False,22,6,3,3,3,3,0,1,1,,,,,,,,https://github.com/geo2343/depuracion-mlb-kernel/blob/main/runtime/hbm26_v30_sheet01_0508.csv,QA_VALIDATED_PBP_V30,RELIEF_OR_BULK,MLB,False
824607-681006,824607,2026-05-08,SEA,CWS,A,681006,Josh Simpson,RELIEF_OR_BULK,,,,,,,,,,,14,4,3,1,1,1,0,2,1,,,,,,,,https://github.com/geo2343/depuracion-mlb-kernel/blob/main/runtime/hbm26_v30_sheet01_0508.csv,QA_VALIDATED_PBP_V30,,,
824607-695380,824607,2026-05-08,SEA,CWS,A,695380,Alex Hoppe,RELIEF_OR_BULK,4.0,18.0,4.0,3.0,0.0,0.0,0.0,0.0,False,False,22,7,3,2,2,3,0,1,0,,,,,,,,https://github.com/geo2343/depuracion-mlb-kernel/blob/main/runtime/hbm26_v30_sheet01_0508.csv,QA_VALIDATED_PBP_V30,RELIEF_OR_BULK,MLB,False
824607-699823,824607,2026-05-08,CWS,SEA,H,699823,Tyler Davis,RELIEF_OR_BULK,2.0,14.0,4.0,4.0,0.0,14.0,0.0,4.0,False,False,23,6,3,3,3,2,1,0,1,,,,,,,,https://github.com/geo2343/depuracion-mlb-kernel/blob/main/runtime/hbm26_v30_sheet01_0508.csv,QA_VALIDATED_PBP_V30,RELIEF_OR_BULK,MLB,False
822904-596001,822904,2026-05-08,TEX,CHC,H,596001,Jakob Junis,RELIEF_OR_BULK,6.0,9.0,3.0,3.0,0.0,0.0,0.0,0.0,False,False,25,5,3,0,0,1,1,1,0,,,,,,,,https://github.com/geo2343/depuracion-mlb-kernel/blob/main/runtime/hbm26_v30_sheet01_0508.csv,QA_VALIDATED_PBP_V30,RELIEF_OR_BULK,MLB,False
822904-615698,822904,2026-05-08,TEX,CHC,H,615698,Cal Quantrill,RELIEF_OR_BULK,5.0,56.0,12.0,9.0,0.0,0.0,0.0,0.0,False,False,70,16,10,4,1,3,2,2,0,,,,,,,,https://github.com/geo2343/depuracion-mlb-kernel/blob/main/runtime/hbm26_v30_sheet01_0508.csv,QA_VALIDATED_PBP_V30,RELIEF_OR_BULK,MLB,False
822904-641302,822904,2026-05-08,TEX,CHC,H,641302,Tyler Alexander,RELIEF_OR_BULK,0.0,18.0,5.0,2.0,18.0,45.0,5.0,10.0,True,False,5,3,3,0,0,1,0,0,0,,,,,,,,https://github.com/geo2343/depuracion-mlb-kernel/blob/main/runtime/hbm26_v30_sheet01_0508.csv,QA_VALIDATED_PBP_V30,RELIEF_OR_BULK,MLB,False
822904-665871,822904,2026-05-08,CHC,TEX,A,665871,Javier Assad,RELIEF_OR_BULK,2.0,17.0,4.0,4.0,0.0,17.0,0.0,4.0,False,False,41,12,11,0,0,1,1,1,0,,,,,,,,https://github.com/geo2343/depuracion-mlb-kernel/blob/main/runtime/hbm26_v30_sheet01_0508.csv,QA_VALIDATED_PBP_V30,RELIEF_OR_BULK,MLB,False
822904-669020,822904,2026-05-08,CHC,TEX,A,669020,Ryan Rolison,RELIEF_OR_BULK,2.0,18.0,4.0,3.0,0.0,18.0,0.0,4.0,False,False,14,4,1,1,1,1,2,0,0,,,,,,,,https://github.com/geo2343/depuracion-mlb-kernel/blob/main/runtime/hbm26_v30_sheet01_0508.csv,QA_VALIDATED_PBP_V30,RELIEF_OR_BULK,MLB,False
822904-681799,822904,2026-05-08,CHC,TEX,A,681799,Ethan Roberts,RELIEF_OR_BULK,25.0,13.0,3.0,2.0,0.0,0.0,0.0,0.0,False,False,15,4,3,0,0,0,1,0,0,,,,,,,,https://github.com/geo2343/depuracion-mlb-kernel/blob/main/runtime/hbm26_v30_sheet01_0508.csv,QA_VALIDATED_PBP_V30,RELIEF_OR_BULK,MLB,False
825088-548384,825088,2026-05-08,NYM,AZ,A,548384,Brooks Raley,RELIEF_OR_BULK,1.0,14.0,4.0,4.0,14.0,14.0,4.0,4.0,False,False,11,4,3,0,0,1,0,0,0,,,,,,,,https://github.com/geo2343/depuracion-mlb-kernel/blob/main/runtime/hbm26_v30_sheet01_0508.csv,QA_VALIDATED_PBP_V30,RELIEF_OR_BULK,MLB,False
825088-596133,825088,2026-05-08,NYM,AZ,A,596133,Luke Weaver,RELIEF_OR_BULK,1.0,20.0,4.0,3.0,20.0,20.0,4.0,4.0,False,False,24,6,3,0,0,1,2,1,0,,,,,,,,https://github.com/geo2343/depuracion-mlb-kernel/blob/main/runtime/hbm26_v30_sheet01_0508.csv,QA_VALIDATED_PBP_V30,RELIEF_OR_BULK,MLB,False
825088-642207,825088,2026-05-08,NYM,AZ,A,642207,Devin Williams,RELIEF_OR_BULK,1.0,9.0,2.0,2.0,9.0,9.0,2.0,2.0,False,False,8,3,3,0,0,0,0,1,0,,,,,,,,https://github.com/geo2343/depuracion-mlb-kernel/blob/main/runtime/hbm26_v30_sheet01_0508.csv,QA_VALIDATED_PBP_V30,RELIEF_OR_BULK,MLB,False
825088-642528,825088,2026-05-08,AZ,NYM,H,642528,Jonathan Loáisiga,RELIEF_OR_BULK,2.0,15.0,3.0,3.0,0.0,15.0,0.0,3.0,False,False,4,2,2,0,0,0,0,0,0,,,,,,,,https://github.com/geo2343/depuracion-mlb-kernel/blob/main/runtime/hbm26_v30_sheet01_0508.csv,QA_VALIDATED_PBP_V30,RELIEF_OR_BULK,MLB,False
825088-656464,825088,2026-05-08,AZ,NYM,H,656464,Kevin Ginkel,RELIEF_OR_BULK,1.0,9.0,2.0,2.0,9.0,9.0,2.0,2.0,False,False,13,4,1,2,1,3,0,1,0,,,,,,,,https://github.com/geo2343/depuracion-mlb-kernel/blob/main/runtime/hbm26_v30_sheet01_0508.csv,QA_VALIDATED_PBP_V30,RELIEF_OR_BULK,MLB,False
825088-666661,825088,2026-05-08,AZ,NYM,H,666661,Juan Morillo,RELIEF_OR_BULK,1.0,12.0,4.0,3.0,12.0,12.0,4.0,4.0,False,False,14,4,4,0,0,0,0,2,0,,,,,,,,https://github.com/geo2343/depuracion-mlb-kernel/blob/main/runtime/hbm26_v30_sheet01_0508.csv,QA_VALIDATED_PBP_V30,RELIEF_OR_BULK,MLB,False
825088-668964,825088,2026-05-08,NYM,AZ,A,668964,Tobias Myers,RELIEF_OR_BULK,1.0,21.0,7.0,2.0,21.0,21.0,7.0,7.0,False,False,10,3,3,0,0,0,0,2,0,,,,,,,,https://github.com/geo2343/depuracion-mlb-kernel/blob/main/runtime/hbm26_v30_sheet01_0508.csv,QA_VALIDATED_PBP_V30,RELIEF_OR_BULK,MLB,False
825088-805299,825088,2026-05-08,AZ,NYM,H,805299,Brandyn Garcia,RELIEF_OR_BULK,0.0,12.0,3.0,3.0,12.0,23.0,3.0,6.0,True,False,6,3,3,0,0,0,0,0,0,,,,,,,,https://github.com/geo2343/depuracion-mlb-kernel/blob/main/runtime/hbm26_v30_sheet01_0508.csv,QA_VALIDATED_PBP_V30,RELIEF_OR_BULK,MLB,False
823303-592773,823303,2026-05-08,STL,SD,A,592773,Ryne Stanek,RELIEF_OR_BULK,3.0,7.0,3.0,3.0,0.0,0.0,0.0,0.0,False,False,15,3,3,0,0,0,0,1,0,,,,,,,,https://github.com/geo2343/depuracion-mlb-kernel/blob/main/runtime/hbm26_v30_sheet01_0508.csv,QA_VALIDATED_PBP_V30,RELIEF_OR_BULK,MLB,False
823303-593974,823303,2026-05-08,SD,STL,H,593974,Wandy Peralta,RELIEF_OR_BULK,0.0,14.0,4.0,3.0,14.0,14.0,4.0,4.0,True,False,7,4,3,0,0,1,0,0,0,,,,,,,,https://github.com/geo2343/depuracion-mlb-kernel/blob/main/runtime/hbm26_v30_sheet01_0508.csv,QA_VALIDATED_PBP_V30,RELIEF_OR_BULK,MLB,False
823303-673513,823303,2026-05-08,SD,STL,H,673513,Yuki Matsui,RELIEF_OR_BULK,,,,,,,,,,,38,11,8,0,0,3,1,2,0,,,,,,,,https://github.com/geo2343/depuracion-mlb-kernel/blob/main/runtime/hbm26_v30_sheet01_0508.csv,QA_VALIDATED_PBP_V30,,,
823303-676760,823303,2026-05-08,SD,STL,H,676760,Ron Marinaccio,RELIEF_OR_BULK,2.0,9.0,3.0,3.0,0.0,9.0,0.0,3.0,False,False,14,3,3,0,0,0,0,2,0,,,,,,,,https://github.com/geo2343/depuracion-mlb-kernel/blob/main/runtime/hbm26_v30_sheet01_0508.csv,QA_VALIDATED_PBP_V30,RELIEF_OR_BULK,MLB,False
823303-700669,823303,2026-05-08,STL,SD,A,700669,Gordon Graceffo,RELIEF_OR_BULK,3.0,11.0,4.0,1.0,0.0,0.0,0.0,0.0,False,False,17,6,6,0,0,0,0,0,0,,,,,,,,https://github.com/geo2343/depuracion-mlb-kernel/blob/main/runtime/hbm26_v30_sheet01_0508.csv,QA_VALIDATED_PBP_V30,RELIEF_OR_BULK,MLB,False
823957-592779,823957,2026-05-08,LAD,ATL,H,592779,Brock Stewart,RELIEF_OR_BULK,1.0,10.0,3.0,3.0,10.0,10.0,3.0,3.0,False,False,18,4,3,0,0,0,1,1,0,,,,,,,,https://github.com/geo2343/depuracion-mlb-kernel/blob/main/runtime/hbm26_v30_sheet01_0508.csv,QA_VALIDATED_PBP_V30,RELIEF_OR_BULK,MLB,False
823957-607481,823957,2026-05-08,ATL,LAD,A,607481,Aaron Bummer,RELIEF_OR_BULK,3.0,14.0,5.0,2.0,0.0,0.0,0.0,0.0,False,False,9,3,3,0,0,0,0,0,0,,,,,,,,https://github.com/geo2343/depuracion-mlb-kernel/blob/main/runtime/hbm26_v30_sheet01_0508.csv,QA_VALIDATED_PBP_V30,RELIEF_OR_BULK,MLB,False
823957-656945,823957,2026-05-08,LAD,ATL,H,656945,Tanner Scott,RELIEF_OR_BULK,1.0,9.0,3.0,3.0,9.0,9.0,3.0,3.0,False,False,11,3,3,0,0,0,0,1,0,,,,,,,,https://github.com/geo2343/depuracion-mlb-kernel/blob/main/runtime/hbm26_v30_sheet01_0508.csv,QA_VALIDATED_PBP_V30,RELIEF_OR_BULK,MLB,False
823957-669165,823957,2026-05-08,LAD,ATL,H,669165,Kyle Hurt,RELIEF_OR_BULK,1.0,11.0,3.0,3.0,11.0,11.0,3.0,3.0,False,False,19,5,3,0,0,2,0,1,0,,,,,,,,https://github.com/geo2343/depuracion-mlb-kernel/blob/main/runtime/hbm26_v30_sheet01_0508.csv,QA_VALIDATED_PBP_V30,RELIEF_OR_BULK,MLB,False
823957-681911,823957,2026-05-08,LAD,ATL,H,681911,Alex Vesia,RELIEF_OR_BULK,2.0,11.0,3.0,3.0,0.0,11.0,0.0,3.0,False,False,5,1,1,0,0,0,0,0,0,,,,,,,,https://github.com/geo2343/depuracion-mlb-kernel/blob/main/runtime/hbm26_v30_sheet01_0508.csv,QA_VALIDATED_PBP_V30,RELIEF_OR_BULK,MLB,False
823957-694361,823957,2026-05-08,LAD,ATL,H,694361,Will Klein,RELIEF_OR_BULK,4.0,25.0,7.0,5.0,0.0,0.0,0.0,0.0,False,False,23,5,3,0,0,1,1,1,0,,,,,,,,https://github.com/geo2343/depuracion-mlb-kernel/blob/main/runtime/hbm26_v30_sheet01_0508.csv,QA_VALIDATED_PBP_V30,RELIEF_OR_BULK,MLB,False
823225-657424,823225,2026-05-08,SF,PIT,H,657424,Matt Gage,RELIEF_OR_BULK,1.0,10.0,2.0,1.0,10.0,10.0,2.0,2.0,False,False,11,4,3,0,0,0,1,0,0,,,,,,,,https://github.com/geo2343/depuracion-mlb-kernel/blob/main/runtime/hbm26_v30_sheet01_0508.csv,QA_VALIDATED_PBP_V30,RELIEF_OR_BULK,MLB,False
823225-664875,823225,2026-05-08,PIT,SF,A,664875,Justin Lawrence,RELIEF_OR_BULK,6.0,13.0,3.0,3.0,0.0,0.0,0.0,0.0,False,False,13,4,0,3,3,3,0,0,0,,,,,,,,https://github.com/geo2343/depuracion-mlb-kernel/blob/main/runtime/hbm26_v30_sheet01_0508.csv,QA_VALIDATED_PBP_V30,RELIEF_OR_BULK,MLB,False
823225-668873,823225,2026-05-08,SF,PIT,H,668873,Caleb Kilian,RELIEF_OR_BULK,3.0,18.0,4.0,3.0,0.0,0.0,0.0,0.0,False,False,35,6,3,1,1,1,2,0,0,,,,,,,,https://github.com/geo2343/depuracion-mlb-kernel/blob/main/runtime/hbm26_v30_sheet01_0508.csv,QA_VALIDATED_PBP_V30,RELIEF_OR_BULK,MLB,False
823225-676742,823225,2026-05-08,PIT,SF,A,676742,Cam Sanders,RELIEF_OR_BULK,10.0,5.0,1.0,1.0,0.0,0.0,0.0,0.0,False,False,17,4,3,0,0,1,0,3,0,,,,,,,,https://github.com/geo2343/depuracion-mlb-kernel/blob/main/runtime/hbm26_v30_sheet01_0508.csv,QA_VALIDATED_PBP_V30,RELIEF_OR_BULK,MLB,False
823225-676775,823225,2026-05-08,SF,PIT,H,676775,Keaton Winn,RELIEF_OR_BULK,1.0,16.0,3.0,2.0,16.0,16.0,3.0,3.0,False,False,13,3,3,0,0,0,0,1,0,,,,,,,,https://github.com/geo2343/depuracion-mlb-kernel/blob/main/runtime/hbm26_v30_sheet01_0508.csv,QA_VALIDATED_PBP_V30,RELIEF_OR_BULK,MLB,False
823225-681895,823225,2026-05-08,PIT,SF,A,681895,Evan Sisk,RELIEF_OR_BULK,2.0,25.0,6.0,5.0,0.0,25.0,0.0,6.0,False,False,11,4,3,0,0,1,0,1,0,,,,,,,,https://github.com/geo2343/depuracion-mlb-kernel/blob/main/runtime/hbm26_v30_sheet01_0508.csv,QA_VALIDATED_PBP_V30,RELIEF_OR_BULK,MLB,False
822820-573009,822820,2026-05-09,TOR,LAA,H,573009,Joe Mantiply,RELIEF_OR_BULK,4.0,17.0,3.0,3.0,0.0,0.0,0.0,0.0,False,False,10,3,3,0,0,0,0,0,0,,,,,,,,https://github.com/geo2343/depuracion-mlb-kernel/blob/main/runtime/hbm26_v31_sheet01_0509.csv,QA_VALIDATED_PBP_V31,RELIEF_OR_BULK,MLB,False
822820-643511,822820,2026-05-09,TOR,LAA,H,643511,Tyler Rogers,RELIEF_OR_BULK,3.0,22.0,5.0,1.0,0.0,0.0,0.0,0.0,False,False,25,6,3,1,1,3,0,0,0,,,,,,,,https://github.com/geo2343/depuracion-mlb-kernel/blob/main/runtime/hbm26_v31_sheet01_0509.csv,QA_VALIDATED_PBP_V31,RELIEF_OR_BULK,MLB,False
822820-667297,822820,2026-05-09,TOR,LAA,H,667297,Tommy Nance,RELIEF_OR_BULK,4.0,13.0,3.0,3.0,0.0,0.0,0.0,0.0,False,False,9,5,3,0,0,3,0,1,0,,,,,,,,https://github.com/geo2343/depuracion-mlb-kernel/blob/main/runtime/hbm26_v31_sheet01_0509.csv,QA_VALIDATED_PBP_V31,RELIEF_OR_BULK,MLB,False
822820-680755,822820,2026-05-09,TOR,LAA,H,680755,Braydon Fisher,RELIEF_OR_BULK,2.0,23.0,5.0,4.0,0.0,23.0,0.0,5.0,False,False,12,3,3,0,0,0,0,0,0,,,,,,,,https://github.com/geo2343/depuracion-mlb-kernel/blob/main/runtime/hbm26_v31_sheet01_0509.csv,QA_VALIDATED_PBP_V31,RELIEF_OR_BULK,MLB,False
822820-689254,822820,2026-05-09,TOR,LAA,H,689254,Mason Fluharty,RELIEF_OR_BULK,2.0,11.0,1.0,1.0,0.0,11.0,0.0,1.0,False,False,12,3,3,0,0,0,0,2,0,,,,,,,,https://github.com/geo2343/depuracion-mlb-kernel/blob/main/runtime/hbm26_v31_sheet01_0509.csv,QA_VALIDATED_PBP_V31,RELIEF_OR_BULK,MLB,False
822820-815083,822820,2026-05-09,LAA,TOR,A,815083,Mitch Farris,RELIEF_OR_BULK,4.0,58.0,18.0,12.0,0.0,0.0,0.0,0.0,False,False,58,15,9,3,3,6,0,2,2,,,,,,,,https://github.com/geo2343/depuracion-mlb-kernel/blob/main/runtime/hbm26_v31_sheet01_0509.csv,QA_VALIDATED_PBP_V31,RELIEF_OR_BULK,MLB,False
824847-552640,824847,2026-05-09,BAL,ATH,H,552640,Andrew Kittredge,RELIEF_OR_BULK,1.0,11.0,4.0,2.0,11.0,11.0,4.0,4.0,False,False,16,6,3,1,1,2,1,1,0,,,,,,,,https://github.com/geo2343/depuracion-mlb-kernel/blob/main/runtime/hbm26_v31_sheet01_0509.csv,QA_VALIDATED_PBP_V31,RELIEF_OR_BULK,MLB,False
824847-605130,824847,2026-05-09,ATH,BAL,A,605130,Scott Barlow,RELIEF_OR_BULK,0.0,14.0,3.0,3.0,14.0,14.0,3.0,3.0,True,False,16,4,3,0,0,0,1,2,0,,,,,,,,https://github.com/geo2343/depuracion-mlb-kernel/blob/main/runtime/hbm26_v31_sheet01_0509.csv,QA_VALIDATED_PBP_V31,RELIEF_OR_BULK,MLB,False
824847-608650,824847,2026-05-09,BAL,ATH,H,608650,Dietrich Enns,RELIEF_OR_BULK,1.0,19.0,7.0,6.0,19.0,19.0,7.0,7.0,False,False,20,5,3,0,0,2,0,1,0,,,,,,,,https://github.com/geo2343/depuracion-mlb-kernel/blob/main/runtime/hbm26_v31_sheet01_0509.csv,QA_VALIDATED_PBP_V31,RELIEF_OR_BULK,MLB,False
824847-642152,824847,2026-05-09,BAL,ATH,H,642152,Lou Trivino III,RELIEF_OR_BULK,4.0,31.0,9.0,2.0,0.0,0.0,0.0,0.0,False,False,31,9,7,0,0,2,0,3,0,,,,,,,,https://github.com/geo2343/depuracion-mlb-kernel/blob/main/runtime/hbm26_v31_sheet01_0509.csv,QA_VALIDATED_PBP_V31,RELIEF_OR_BULK,MLB,False
824847-643410,824847,2026-05-09,ATH,BAL,A,643410,Mark Leiter Jr.,RELIEF_OR_BULK,3.0,22.0,6.0,2.0,0.0,0.0,0.0,0.0,False,False,19,6,3,2,2,3,0,1,0,,,,,,,,https://github.com/geo2343/depuracion-mlb-kernel/blob/main/runtime/hbm26_v31_sheet01_0509.csv,QA_VALIDATED_PBP_V31,RELIEF_OR_BULK,MLB,False
824847-663687,824847,2026-05-09,ATH,BAL,A,663687,Hogan Harris,RELIEF_OR_BULK,0.0,11.0,2.0,1.0,11.0,20.0,2.0,6.0,True,False,14,3,3,0,0,0,0,2,0,,,,,,,,https://github.com/geo2343/depuracion-mlb-kernel/blob/main/runtime/hbm26_v31_sheet01_0509.csv,QA_VALIDATED_PBP_V31,RELIEF_OR_BULK,MLB,False
824847-669270,824847,2026-05-09,ATH,BAL,A,669270,Joel Kuhnel,RELIEF_OR_BULK,0.0,10.0,3.0,3.0,10.0,10.0,3.0,3.0,True,False,13,3,3,0,0,0,0,0,0,,,,,,,,https://github.com/geo2343/depuracion-mlb-kernel/blob/main/runtime/hbm26_v31_sheet01_0509.csv,QA_VALIDATED_PBP_V31,RELIEF_OR_BULK,MLB,False
823869-641793,823869,2026-05-09,WSH,MIA,A,641793,Zack Littell,RELIEF_OR_BULK,5.0,41.0,13.0,11.0,0.0,0.0,0.0,0.0,False,False,69,18,12,3,2,5,1,0,1,,,,,,,,https://github.com/geo2343/depuracion-mlb-kernel/blob/main/runtime/hbm26_v31_sheet01_0509.csv,QA_VALIDATED_PBP_V31,RELIEF_OR_BULK,MLB,False
823869-656848,823869,2026-05-09,MIA,WSH,H,656848,Michael Petersen,RELIEF_OR_BULK,1.0,10.0,3.0,3.0,10.0,10.0,3.0,3.0,False,False,16,6,2,3,3,4,0,0,0,,,,,,,,https://github.com/geo2343/depuracion-mlb-kernel/blob/main/runtime/hbm26_v31_sheet01_0509.csv,QA_VALIDATED_PBP_V31,RELIEF_OR_BULK,MLB,False
823869-667463,823869,2026-05-09,MIA,WSH,H,667463,John King,RELIEF_OR_BULK,0.0,13.0,3.0,2.0,13.0,13.0,3.0,3.0,True,False,3,1,1,0,0,0,0,0,0,,,,,,,,https://github.com/geo2343/depuracion-mlb-kernel/blob/main/runtime/hbm26_v31_sheet01_0509.csv,QA_VALIDATED_PBP_V31,RELIEF_OR_BULK,MLB,False
823869-669199,823869,2026-05-09,MIA,WSH,H,669199,Lake Bachar,RELIEF_OR_BULK,4.0,29.0,7.0,6.0,0.0,0.0,0.0,0.0,False,False,13,4,3,0,0,0,0,2,0,,,,,,,,https://github.com/geo2343/depuracion-mlb-kernel/blob/main/runtime/hbm26_v31_sheet01_0509.csv,QA_VALIDATED_PBP_V31,RELIEF_OR_BULK,MLB,False
823869-677053,823869,2026-05-09,MIA,WSH,H,677053,Andrew Nardi,RELIEF_OR_BULK,1.0,12.0,3.0,3.0,12.0,12.0,3.0,3.0,False,False,9,3,3,0,0,0,0,0,0,,,,,,,,https://github.com/geo2343/depuracion-mlb-kernel/blob/main/runtime/hbm26_v31_sheet01_0509.csv,QA_VALIDATED_PBP_V31,RELIEF_OR_BULK,MLB,False
823869-680730,823869,2026-05-09,WSH,MIA,A,680730,Mitchell Parker,RELIEF_OR_BULK,2.0,27.0,8.0,8.0,0.0,27.0,0.0,8.0,False,False,39,9,3,5,5,5,1,1,2,,,,,,,,https://github.com/geo2343/depuracion-mlb-kernel/blob/main/runtime/hbm26_v31_sheet01_0509.csv,QA_VALIDATED_PBP_V31,RELIEF_OR_BULK,MLB,False
823869-687849,823869,2026-05-09,WSH,MIA,A,687849,Zak Kent,RELIEF_OR_BULK,2.0,10.0,4.0,3.0,0.0,10.0,0.0,4.0,False,False,14,4,3,0,0,1,0,1,0,,,,,,,,https://github.com/geo2343/depuracion-mlb-kernel/blob/main/runtime/hbm26_v31_sheet01_0509.csv,QA_VALIDATED_PBP_V31,RELIEF_OR_BULK,MLB,False
824523-572955,824523,2026-05-09,CIN,HOU,H,572955,Pierce Johnson,RELIEF_OR_BULK,0.0,21.0,6.0,5.0,21.0,26.0,6.0,7.0,True,False,12,3,3,0,0,0,0,0,0,,,,,,,,https://github.com/geo2343/depuracion-mlb-kernel/blob/main/runtime/hbm26_v31_sheet01_0509.csv,QA_VALIDATED_PBP_V31,RELIEF_OR_BULK,MLB,False
824523-595345,824523,2026-05-09,HOU,CIN,A,595345,Steven Okert,RELIEF_OR_BULK,4.0,20.0,6.0,2.0,0.0,0.0,0.0,0.0,False,False,10,3,3,0,0,0,0,0,0,,,,,,,,https://github.com/geo2343/depuracion-mlb-kernel/blob/main/runtime/hbm26_v31_sheet01_0509.csv,QA_VALIDATED_PBP_V31,STARTER,MLB,False
824523-650556,824523,2026-05-09,HOU,CIN,A,650556,Bryan Abreu,RELIEF_OR_BULK,4.0,18.0,4.0,3.0,0.0,0.0,0.0,0.0,False,False,5,1,1,0,0,0,0,0,0,,,,,,,,https://github.com/geo2343/depuracion-mlb-kernel/blob/main/runtime/hbm26_v31_sheet01_0509.csv,QA_VALIDATED_PBP_V31,RELIEF_OR_BULK,MLB,False
824523-656271,824523,2026-05-09,CIN,HOU,H,656271,Brock Burke,RELIEF_OR_BULK,2.0,11.0,5.0,2.0,0.0,11.0,0.0,5.0,False,False,8,3,3,0,0,0,0,1,0,,,,,,,,https://github.com/geo2343/depuracion-mlb-kernel/blob/main/runtime/hbm26_v31_sheet01_0509.csv,QA_VALIDATED_PBP_V31,RELIEF_OR_BULK,MLB,False
824523-660853,824523,2026-05-09,HOU,CIN,A,660853,Enyel De Los Santos,RELIEF_OR_BULK,2.0,13.0,3.0,3.0,0.0,13.0,0.0,3.0,False,False,9,3,3,0,0,0,0,2,0,,,,,,,,https://github.com/geo2343/depuracion-mlb-kernel/blob/main/runtime/hbm26_v31_sheet01_0509.csv,QA_VALIDATED_PBP_V31,RELIEF_OR_BULK,MLB,False
824523-668933,824523,2026-05-09,CIN,HOU,H,668933,Graham Ashcraft,RELIEF_OR_BULK,2.0,27.0,5.0,3.0,0.0,27.0,0.0,5.0,False,False,19,3,3,0,0,0,0,2,0,,,,,,,,https://github.com/geo2343/depuracion-mlb-kernel/blob/main/runtime/hbm26_v31_sheet01_0509.csv,QA_VALIDATED_PBP_V31,RELIEF_OR_BULK,MLB,False
823468-621383,823468,2026-05-09,PHI,COL,H,621383,Tanner Banks,RELIEF_OR_BULK,1.0,35.0,9.0,4.0,35.0,35.0,9.0,9.0,False,False,18,6,6,0,0,0,0,3,0,,,,,,,,https://github.com/geo2343/depuracion-mlb-kernel/blob/main/runtime/hbm26_v31_sheet01_0509.csv,QA_VALIDATED_PBP_V31,RELIEF_OR_BULK,MLB,False
823468-641835,823468,2026-05-09,PHI,COL,H,641835,Tim Mayza,RELIEF_OR_BULK,0.0,20.0,7.0,6.0,20.0,27.0,7.0,9.0,True,False,3,1,1,0,0,0,0,0,0,,,,,,,,https://github.com/geo2343/depuracion-mlb-kernel/blob/main/runtime/hbm26_v31_sheet01_0509.csv,QA_VALIDATED_PBP_V31,RELIEF_OR_BULK,MLB,False
823468-663767,823468,2026-05-09,PHI,COL,H,663767,Chase Shugart,RELIEF_OR_BULK,1.0,44.0,9.0,6.0,44.0,44.0,9.0,9.0,False,False,18,4,3,0,0,0,0,3,0,,,,,,,,https://github.com/geo2343/depuracion-mlb-kernel/blob/main/runtime/hbm26_v31_sheet01_0509.csv,QA_VALIDATED_PBP_V31,RELIEF_OR_BULK,MLB,False
823468-685299,823468,2026-05-09,COL,PHI,A,685299,Tanner Gordon,RELIEF_OR_BULK,6.0,41.0,10.0,9.0,0.0,0.0,0.0,0.0,False,False,52,13,9,2,2,4,0,3,0,,,,,,,,https://github.com/geo2343/depuracion-mlb-kernel/blob/main/runtime/hbm26_v31_sheet01_0509.csv,QA_VALIDATED_PBP_V31,RELIEF_OR_BULK,MLB,False
823468-689147,823468,2026-05-09,PHI,COL,H,689147,Orion Kerkering,RELIEF_OR_BULK,0.0,16.0,4.0,3.0,16.0,21.0,4.0,5.0,True,False,14,3,3,0,0,0,0,1,0,,,,,,,,https://github.com/geo2343/depuracion-mlb-kernel/blob/main/runtime/hbm26_v31_sheet01_0509.csv,QA_VALIDATED_PBP_V31,RELIEF_OR_BULK,MLB,False
824444-472610,824444,2026-05-09,MIN,CLE,A,472610,Luis García,RELIEF_OR_BULK,2.0,14.0,4.0,2.0,0.0,14.0,0.0,4.0,False,False,13,3,3,0,0,0,0,0,0,,,,,,,,https://github.com/geo2343/depuracion-mlb-kernel/blob/main/runtime/hbm26_v31_sheet01_0509.csv,QA_VALIDATED_PBP_V31,RELIEF_OR_BULK,MLB,False
824444-573124,824444,2026-05-09,MIN,CLE,A,573124,Taylor Rogers,RELIEF_OR_BULK,1.0,26.0,7.0,5.0,26.0,26.0,7.0,7.0,False,False,17,3,3,0,0,0,0,1,0,,,,,,,,https://github.com/geo2343/depuracion-mlb-kernel/blob/main/runtime/hbm26_v31_sheet01_0509.csv,QA_VALIDATED_PBP_V31,RELIEF_OR_BULK,MLB,False
824444-670059,824444,2026-05-09,CLE,MIN,H,670059,Colin Holderman,RELIEF_OR_BULK,0.0,14.0,3.0,2.0,14.0,14.0,3.0,3.0,True,False,16,3,3,0,0,0,0,2,0,,,,,,,,https://github.com/geo2343/depuracion-mlb-kernel/blob/main/runtime/hbm26_v31_sheet01_0509.csv,QA_VALIDATED_PBP_V31,RELIEF_OR_BULK,MLB,False
824444-672782,824444,2026-05-09,MIN,CLE,A,672782,Yoendrys Gómez,RELIEF_OR_BULK,0.0,2.0,1.0,1.0,2.0,2.0,1.0,1.0,True,False,5,1,1,0,0,0,0,0,0,,,,,,,,https://github.com/geo2343/depuracion-mlb-kernel/blob/main/runtime/hbm26_v31_sheet01_0509.csv,QA_VALIDATED_PBP_V31,RELIEF_OR_BULK,MLB,False
824444-679358,824444,2026-05-09,MIN,CLE,A,679358,Eric Orze,RELIEF_OR_BULK,0.0,16.0,3.0,2.0,16.0,16.0,3.0,3.0,True,False,15,8,5,0,0,0,3,0,0,,,,,,,,https://github.com/geo2343/depuracion-mlb-kernel/blob/main/runtime/hbm26_v31_sheet01_0509.csv,QA_VALIDATED_PBP_V31,RELIEF_OR_BULK,MLB,False
824444-681870,824444,2026-05-09,CLE,MIN,H,681870,Erik Sabrowski,RELIEF_OR_BULK,1.0,6.0,1.0,1.0,6.0,26.0,1.0,6.0,False,False,14,3,3,0,0,0,0,2,0,,,,,,,,https://github.com/geo2343/depuracion-mlb-kernel/blob/main/runtime/hbm26_v31_sheet01_0509.csv,QA_VALIDATED_PBP_V31,RELIEF_OR_BULK,MLB,False
824444-681892,824444,2026-05-09,MIN,CLE,A,681892,Kody Funderburk,RELIEF_OR_BULK,0.0,22.0,5.0,4.0,22.0,39.0,5.0,9.0,True,False,10,3,1,0,0,0,2,0,0,,,,,,,,https://github.com/geo2343/depuracion-mlb-kernel/blob/main/runtime/hbm26_v31_sheet01_0509.csv,QA_VALIDATED_PBP_V31,RELIEF_OR_BULK,MLB,False
824444-683769,824444,2026-05-09,CLE,MIN,H,683769,Hunter Gaddis,RELIEF_OR_BULK,1.0,10.0,5.0,2.0,10.0,19.0,5.0,8.0,False,False,13,3,3,0,0,0,0,1,0,,,,,,,,https://github.com/geo2343/depuracion-mlb-kernel/blob/main/runtime/hbm26_v31_sheet01_0509.csv,QA_VALIDATED_PBP_V31,RELIEF_OR_BULK,MLB,False
824444-688883,824444,2026-05-09,CLE,MIN,H,688883,Peyton Pallette,RELIEF_OR_BULK,4.0,21.0,4.0,3.0,0.0,0.0,0.0,0.0,False,False,37,8,6,1,0,1,1,3,0,,,,,,,,https://github.com/geo2343/depuracion-mlb-kernel/blob/main/runtime/hbm26_v31_sheet01_0509.csv,QA_VALIDATED_PBP_V31,RELIEF_OR_BULK,MLB,False
824444-702193,824444,2026-05-09,MIN,CLE,A,702193,Andrew Morris,RELIEF_OR_BULK,2.0,14.0,4.0,2.0,0.0,14.0,0.0,4.0,False,False,11,3,2,0,0,0,1,1,0,,,,,,,,https://github.com/geo2343/depuracion-mlb-kernel/blob/main/runtime/hbm26_v31_sheet01_0509.csv,QA_VALIDATED_PBP_V31,RELIEF_OR_BULK,MLB,False
822905-656222,822905,2026-05-09,TEX,CHC,H,656222,Jalen Beeks,RELIEF_OR_BULK,1.0,12.0,3.0,1.0,12.0,12.0,3.0,3.0,False,False,13,4,4,0,0,0,0,1,0,,,,,,,,https://github.com/geo2343/depuracion-mlb-kernel/blob/main/runtime/hbm26_v31_sheet01_0509.csv,QA_VALIDATED_PBP_V31,RELIEF_OR_BULK,MLB,False
822905-657097,822905,2026-05-09,CHC,TEX,A,657097,Jacob Webb,RELIEF_OR_BULK,2.0,14.0,5.0,5.0,0.0,14.0,0.0,5.0,False,False,26,6,3,1,1,2,1,1,0,,,,,,,,https://github.com/geo2343/depuracion-mlb-kernel/blob/main/runtime/hbm26_v31_sheet01_0509.csv,QA_VALIDATED_PBP_V31,RELIEF_OR_BULK,MLB,False
822905-668390,822905,2026-05-09,TEX,CHC,H,668390,Cole Winn,RELIEF_OR_BULK,1.0,7.0,3.0,1.0,7.0,7.0,3.0,3.0,False,False,11,3,3,0,0,0,0,1,0,,,,,,,,https://github.com/geo2343/depuracion-mlb-kernel/blob/main/runtime/hbm26_v31_sheet01_0509.csv,QA_VALIDATED_PBP_V31,RELIEF_OR_BULK,MLB,False
822905-681799,822905,2026-05-09,CHC,TEX,A,681799,Ethan Roberts,RELIEF_OR_BULK,0.0,15.0,4.0,3.0,15.0,15.0,4.0,4.0,True,False,29,7,6,0,0,0,2,0,0,,,,,,,,https://github.com/geo2343/depuracion-mlb-kernel/blob/main/runtime/hbm26_v31_sheet01_0509.csv,QA_VALIDATED_PBP_V31,RELIEF_OR_BULK,MLB,False
822905-686560,822905,2026-05-09,TEX,CHC,H,686560,Gavin Collyer,RELIEF_OR_BULK,1.0,4.0,1.0,1.0,4.0,4.0,1.0,1.0,False,False,35,8,6,0,0,1,1,1,0,,,,,,,,https://github.com/geo2343/depuracion-mlb-kernel/blob/main/runtime/hbm26_v31_sheet01_0509.csv,QA_VALIDATED_PBP_V31,RELIEF_OR_BULK,MLB,False
823792-518585,823792,2026-05-09,NYY,MIL,A,518585,Fernando Cruz,RELIEF_OR_BULK,3.0,26.0,6.0,3.0,0.0,0.0,0.0,0.0,False,False,10,3,1,2,1,1,1,0,0,,,,,,,,https://github.com/geo2343/depuracion-mlb-kernel/blob/main/runtime/hbm26_v31_sheet01_0509.csv,QA_VALIDATED_PBP_V31,RELIEF_OR_BULK,MLB,False
823792-657612,823792,2026-05-09,NYY,MIL,A,657612,Tim Hill,RELIEF_OR_BULK,1.0,17.0,7.0,5.0,17.0,17.0,7.0,7.0,False,False,7,2,1,0,0,0,0,0,0,,,,,,,,https://github.com/geo2343/depuracion-mlb-kernel/blob/main/runtime/hbm26_v31_sheet01_0509.csv,QA_VALIDATED_PBP_V31,RELIEF_OR_BULK,MLB,False
823792-666808,823792,2026-05-09,NYY,MIL,A,666808,Camilo Doval,RELIEF_OR_BULK,1.0,23.0,5.0,3.0,23.0,23.0,5.0,5.0,False,False,17,4,2,1,1,2,0,0,0,,,,,,,,https://github.com/geo2343/depuracion-mlb-kernel/blob/main/runtime/hbm26_v31_sheet01_0509.csv,QA_VALIDATED_PBP_V31,RELIEF_OR_BULK,MLB,False
823792-669084,823792,2026-05-09,MIL,NYY,H,669084,DL Hall,RELIEF_OR_BULK,2.0,11.0,3.0,3.0,0.0,11.0,0.0,3.0,False,False,16,4,3,0,0,0,1,1,0,,,,,,,,https://github.com/geo2343/depuracion-mlb-kernel/blob/main/runtime/hbm26_v31_sheet01_0509.csv,QA_VALIDATED_PBP_V31,RELIEF_OR_BULK,MLB,False
823792-670280,823792,2026-05-09,NYY,MIL,A,670280,David Bednar,RELIEF_OR_BULK,3.0,26.0,6.0,5.0,0.0,0.0,0.0,0.0,False,False,12,3,3,0,0,0,0,1,0,,,,,,,,https://github.com/geo2343/depuracion-mlb-kernel/blob/main/runtime/hbm26_v31_sheet01_0509.csv,QA_VALIDATED_PBP_V31,RELIEF_OR_BULK,MLB,False
823792-676879,823792,2026-05-09,MIL,NYY,H,676879,Aaron Ashby,RELIEF_OR_BULK,2.0,28.0,7.0,6.0,0.0,28.0,0.0,7.0,False,False,27,7,6,1,0,1,1,3,0,,,,,,,,https://github.com/geo2343/depuracion-mlb-kernel/blob/main/runtime/hbm26_v31_sheet01_0509.csv,QA_VALIDATED_PBP_V31,RELIEF_OR_BULK,MLB,False
823792-687396,823792,2026-05-09,NYY,MIL,A,687396,Brent Headrick,RELIEF_OR_BULK,1.0,18.0,5.0,4.0,18.0,18.0,5.0,5.0,False,False,20,6,4,1,1,1,1,1,1,,,,,,,,https://github.com/geo2343/depuracion-mlb-kernel/blob/main/runtime/hbm26_v31_sheet01_0509.csv,QA_VALIDATED_PBP_V31,RELIEF_OR_BULK,MLB,False
823792-694477,823792,2026-05-09,MIL,NYY,H,694477,Chad Patrick,RELIEF_OR_BULK,4.0,64.0,20.0,10.0,0.0,0.0,0.0,0.0,False,False,48,10,9,0,0,2,1,5,0,,,,,,,,https://github.com/geo2343/depuracion-mlb-kernel/blob/main/runtime/hbm26_v31_sheet01_0509.csv,QA_VALIDATED_PBP_V31,STARTER,MLB,False
824115-621381,824115,2026-05-09,KC,DET,H,621381,Matt Strahm,RELIEF_OR_BULK,4.0,7.0,3.0,3.0,0.0,0.0,0.0,0.0,False,False,18,5,3,1,1,2,0,1,0,,,,,,,,https://github.com/geo2343/depuracion-mlb-kernel/blob/main/runtime/hbm26_v31_sheet01_0509.csv,QA_VALIDATED_PBP_V31,RELIEF_OR_BULK,MLB,False
824115-663947,824115,2026-05-09,DET,KC,A,663947,Tyler Holton,RELIEF_OR_BULK,0.0,14.0,3.0,3.0,14.0,14.0,3.0,3.0,True,False,13,5,5,0,0,1,0,0,0,,,,,,,,https://github.com/geo2343/depuracion-mlb-kernel/blob/main/runtime/hbm26_v31_sheet01_0509.csv,QA_VALIDATED_PBP_V31,RELIEF_OR_BULK,MLB,False
824115-674444,824115,2026-05-09,KC,DET,H,674444,Steven Cruz,RELIEF_OR_BULK,30.0,41.0,10.0,4.0,0.0,0.0,0.0,0.0,False,False,15,3,3,0,0,0,0,2,0,,,,,,,,https://github.com/geo2343/depuracion-mlb-kernel/blob/main/runtime/hbm26_v31_sheet01_0509.csv,QA_VALIDATED_PBP_V31,RELIEF_OR_BULK,MLB,False
824115-680744,824115,2026-05-09,DET,KC,A,680744,Ty Madden,RELIEF_OR_BULK,4.0,81.0,20.0,15.0,0.0,0.0,0.0,0.0,False,False,87,21,18,3,3,2,2,5,1,,,,,,,,https://github.com/geo2343/depuracion-mlb-kernel/blob/main/runtime/hbm26_v31_sheet01_0509.csv,QA_VALIDATED_PBP_V31,RELIEF_OR_BULK,MLB,False
824606-660761,824606,2026-05-09,SEA,CWS,A,660761,José Suarez,RELIEF_OR_BULK,8.0,31.0,6.0,3.0,0.0,0.0,0.0,0.0,False,False,42,11,6,1,1,2,2,3,0,,,,,,,,https://github.com/geo2343/depuracion-mlb-kernel/blob/main/runtime/hbm26_v31_sheet01_0509.csv,QA_VALIDATED_PBP_V31,RELIEF_OR_BULK,MLB,False
824606-663542,824606,2026-05-09,CWS,SEA,H,663542,Bryan Hudson,RELIEF_OR_BULK,3.0,7.0,3.0,3.0,0.0,0.0,0.0,0.0,False,False,19,5,3,0,0,1,1,1,0,,,,,,,,https://github.com/geo2343/depuracion-mlb-kernel/blob/main/runtime/hbm26_v31_sheet01_0509.csv,QA_VALIDATED_PBP_V31,RELIEF_OR_BULK,MLB,False
824606-681006,824606,2026-05-09,SEA,CWS,A,681006,Josh Simpson,RELIEF_OR_BULK,0.0,14.0,4.0,3.0,14.0,14.0,4.0,4.0,True,False,19,4,3,1,1,1,0,1,1,,,,,,,,https://github.com/geo2343/depuracion-mlb-kernel/blob/main/runtime/hbm26_v31_sheet01_0509.csv,QA_VALIDATED_PBP_V31,RELIEF_OR_BULK,MLB,False
824606-689546,824606,2026-05-09,SEA,CWS,A,689546,Nick Davila,RELIEF_OR_BULK,5.0,16.0,4.0,3.0,0.0,0.0,0.0,0.0,False,False,13,4,3,0,0,1,0,0,0,,,,,,,,https://github.com/geo2343/depuracion-mlb-kernel/blob/main/runtime/hbm26_v31_sheet01_0509.csv,QA_VALIDATED_PBP_V31,RELIEF_OR_BULK,MLB,False
824606-691799,824606,2026-05-09,CWS,SEA,H,691799,Grant Taylor,RELIEF_OR_BULK,2.0,20.0,5.0,3.0,0.0,20.0,0.0,5.0,False,False,35,7,6,0,0,0,1,3,0,,,,,,,,https://github.com/geo2343/depuracion-mlb-kernel/blob/main/runtime/hbm26_v31_sheet01_0509.csv,QA_VALIDATED_PBP_V31,RELIEF_OR_BULK,MLB,False
824606-805326,824606,2026-05-09,CWS,SEA,H,805326,Tyler Schweitzer,RELIEF_OR_BULK,30.0,26.0,7.0,4.0,0.0,0.0,0.0,0.0,False,False,8,3,3,0,0,0,0,0,0,,,,,,,,https://github.com/geo2343/depuracion-mlb-kernel/blob/main/runtime/hbm26_v31_sheet01_0509.csv,QA_VALIDATED_PBP_V31,RELIEF_OR_BULK,MLB,False
823304-592094,823304,2026-05-09,SD,STL,H,592094,Jason Adam,RELIEF_OR_BULK,1.0,23.0,5.0,3.0,23.0,23.0,5.0,5.0,False,False,11,3,3,0,0,0,0,0,0,,,,,,,,https://github.com/geo2343/depuracion-mlb-kernel/blob/main/runtime/hbm26_v31_sheet01_0509.csv,QA_VALIDATED_PBP_V31,RELIEF_OR_BULK,MLB,False
823304-669093,823304,2026-05-09,SD,STL,H,669093,Jeremiah Estrada,RELIEF_OR_BULK,3.0,21.0,6.0,5.0,0.0,0.0,0.0,0.0,False,False,15,3,3,0,0,0,0,1,0,,,,,,,,https://github.com/geo2343/depuracion-mlb-kernel/blob/main/runtime/hbm26_v31_sheet01_0509.csv,QA_VALIDATED_PBP_V31,RELIEF_OR_BULK,MLB,False
823304-670970,823304,2026-05-09,SD,STL,H,670970,Adrian Morejon,RELIEF_OR_BULK,2.0,26.0,7.0,6.0,0.0,26.0,0.0,7.0,False,False,14,4,2,1,1,1,0,1,0,,,,,,,,https://github.com/geo2343/depuracion-mlb-kernel/blob/main/runtime/hbm26_v31_sheet01_0509.csv,QA_VALIDATED_PBP_V31,RELIEF_OR_BULK,MLB,False
823304-677865,823304,2026-05-09,STL,SD,A,677865,Justin Bruihl,RELIEF_OR_BULK,5.0,16.0,5.0,3.0,0.0,0.0,0.0,0.0,False,False,15,4,3,0,0,1,0,2,0,,,,,,,,https://github.com/geo2343/depuracion-mlb-kernel/blob/main/runtime/hbm26_v31_sheet01_0509.csv,QA_VALIDATED_PBP_V31,RELIEF_OR_BULK,MLB,False
823304-694335,823304,2026-05-09,STL,SD,A,694335,Matt Svanson,RELIEF_OR_BULK,2.0,27.0,6.0,3.0,0.0,27.0,0.0,6.0,False,False,16,4,3,1,1,1,0,1,1,,,,,,,,https://github.com/geo2343/depuracion-mlb-kernel/blob/main/runtime/hbm26_v31_sheet01_0509.csv,QA_VALIDATED_PBP_V31,RELIEF_OR_BULK,MLB,False
823304-695243,823304,2026-05-09,SD,STL,H,695243,Mason Miller,RELIEF_OR_BULK,2.0,13.0,3.0,3.0,0.0,13.0,0.0,3.0,False,False,29,7,4,0,0,0,2,4,0,,,,,,,,https://github.com/geo2343/depuracion-mlb-kernel/blob/main/runtime/hbm26_v31_sheet01_0509.csv,QA_VALIDATED_PBP_V31,RELIEF_OR_BULK,MLB,False
825089-518886,825089,2026-05-09,NYM,AZ,A,518886,Craig Kimbrel,RELIEF_OR_BULK,1.0,29.0,7.0,3.0,29.0,29.0,7.0,7.0,False,False,19,5,3,0,0,0,2,1,0,,,,,,,,https://github.com/geo2343/depuracion-mlb-kernel/blob/main/runtime/hbm26_v31_sheet01_0509.csv,QA_VALIDATED_PBP_V31,RELIEF_OR_BULK,MLB,False
825089-623149,825089,2026-05-09,AZ,NYM,H,623149,Paul Sewald,RELIEF_OR_BULK,1.0,19.0,4.0,3.0,19.0,19.0,4.0,4.0,False,False,17,3,3,0,0,0,0,2,0,,,,,,,,https://github.com/geo2343/depuracion-mlb-kernel/blob/main/runtime/hbm26_v31_sheet01_0509.csv,QA_VALIDATED_PBP_V31,RELIEF_OR_BULK,MLB,False
825089-664199,825089,2026-05-09,AZ,NYM,H,664199,Taylor Clarke,RELIEF_OR_BULK,2.0,15.0,3.0,3.0,0.0,15.0,0.0,3.0,False,False,12,3,3,0,0,0,0,0,0,,,,,,,,https://github.com/geo2343/depuracion-mlb-kernel/blob/main/runtime/hbm26_v31_sheet01_0509.csv,QA_VALIDATED_PBP_V31,RELIEF_OR_BULK,MLB,False
825089-681810,825089,2026-05-09,NYM,AZ,A,681810,Austin Warren,RELIEF_OR_BULK,1.0,21.0,5.0,4.0,21.0,21.0,5.0,5.0,False,False,17,5,4,0,0,1,0,1,0,,,,,,,,https://github.com/geo2343/depuracion-mlb-kernel/blob/main/runtime/hbm26_v31_sheet01_0509.csv,QA_VALIDATED_PBP_V31,RELIEF_OR_BULK,MLB,False
823224-621366,823224,2026-05-09,SF,PIT,H,621366,Ryan Borucki,RELIEF_OR_BULK,3.0,20.0,4.0,3.0,0.0,0.0,0.0,0.0,False,False,16,4,2,1,1,2,0,0,0,,,,,,,,https://github.com/geo2343/depuracion-mlb-kernel/blob/main/runtime/hbm26_v31_sheet01_0509.csv,QA_VALIDATED_PBP_V31,RELIEF_OR_BULK,MLB,False
823224-657424,823224,2026-05-09,SF,PIT,H,657424,Matt Gage,RELIEF_OR_BULK,0.0,11.0,4.0,3.0,11.0,21.0,4.0,6.0,True,False,15,3,2,0,0,1,0,1,0,,,,,,,,https://github.com/geo2343/depuracion-mlb-kernel/blob/main/runtime/hbm26_v31_sheet01_0509.csv,QA_VALIDATED_PBP_V31,RELIEF_OR_BULK,MLB,False
823224-664141,823224,2026-05-09,SF,PIT,H,664141,JT Brubaker,RELIEF_OR_BULK,3.0,38.0,7.0,3.0,0.0,0.0,0.0,0.0,False,False,30,6,2,4,3,4,0,1,0,,,,,,,,https://github.com/geo2343/depuracion-mlb-kernel/blob/main/runtime/hbm26_v31_sheet01_0509.csv,QA_VALIDATED_PBP_V31,RELIEF_OR_BULK,MLB,False
823224-666619,823224,2026-05-09,SF,PIT,H,666619,Gregory Santos,RELIEF_OR_BULK,3.0,28.0,8.0,6.0,0.0,0.0,0.0,0.0,False,False,32,8,4,2,0,2,1,0,0,,,,,,,,https://github.com/geo2343/depuracion-mlb-kernel/blob/main/runtime/hbm26_v31_sheet01_0509.csv,QA_VALIDATED_PBP_V31,RELIEF_OR_BULK,MLB,False
823224-676254,823224,2026-05-09,SF,PIT,H,676254,Ryan Walker,RELIEF_OR_BULK,2.0,29.0,7.0,3.0,0.0,29.0,0.0,7.0,False,False,26,5,2,2,2,3,1,1,0,,,,,,,,https://github.com/geo2343/depuracion-mlb-kernel/blob/main/runtime/hbm26_v31_sheet01_0509.csv,QA_VALIDATED_PBP_V31,RELIEF_OR_BULK,MLB,False
823224-676742,823224,2026-05-09,PIT,SF,A,676742,Cam Sanders,RELIEF_OR_BULK,0.0,17.0,4.0,3.0,17.0,17.0,4.0,4.0,True,False,34,8,3,2,2,1,3,0,0,,,,,,,,https://github.com/geo2343/depuracion-mlb-kernel/blob/main/runtime/hbm26_v31_sheet01_0509.csv,QA_VALIDATED_PBP_V31,RELIEF_OR_BULK,MLB,False
823224-681895,823224,2026-05-09,PIT,SF,A,681895,Evan Sisk,RELIEF_OR_BULK,0.0,11.0,4.0,3.0,11.0,11.0,4.0,4.0,True,False,10,3,3,0,0,0,0,1,0,,,,,,,,https://github.com/geo2343/depuracion-mlb-kernel/blob/main/runtime/hbm26_v31_sheet01_0509.csv,QA_VALIDATED_PBP_V31,RELIEF_OR_BULK,MLB,False
823955-625643,823955,2026-05-09,ATL,LAD,A,625643,Reynaldo López,RELIEF_OR_BULK,5.0,12.0,5.0,3.0,0.0,0.0,0.0,0.0,False,False,42,10,6,2,2,4,1,1,1,,,,,,,,https://github.com/geo2343/depuracion-mlb-kernel/blob/main/runtime/hbm26_v31_sheet01_0509.csv,QA_VALIDATED_PBP_V31,RELIEF_OR_BULK,MLB,False
823955-669276,823955,2026-05-09,ATL,LAD,A,669276,Dylan Lee,RELIEF_OR_BULK,3.0,16.0,3.0,3.0,0.0,0.0,0.0,0.0,False,False,18,4,3,0,0,1,0,0,0,,,,,,,,https://github.com/geo2343/depuracion-mlb-kernel/blob/main/runtime/hbm26_v31_sheet01_0509.csv,QA_VALIDATED_PBP_V31,RELIEF_OR_BULK,MLB,False
823955-676263,823955,2026-05-09,LAD,ATL,H,676263,Jack Dreyer,RELIEF_OR_BULK,2.0,27.0,7.0,6.0,0.0,27.0,0.0,7.0,False,False,11,4,4,0,0,1,0,0,0,,,,,,,,https://github.com/geo2343/depuracion-mlb-kernel/blob/main/runtime/hbm26_v31_sheet01_0509.csv,QA_VALIDATED_PBP_V31,RELIEF_OR_BULK,MLB,False
823955-683618,823955,2026-05-09,LAD,ATL,H,683618,Edgardo Henriquez,RELIEF_OR_BULK,2.0,23.0,6.0,6.0,0.0,23.0,0.0,6.0,False,False,34,7,5,1,1,1,1,1,0,,,,,,,,https://github.com/geo2343/depuracion-mlb-kernel/blob/main/runtime/hbm26_v31_sheet01_0509.csv,QA_VALIDATED_PBP_V31,RELIEF_OR_BULK,MLB,False
823955-801434,823955,2026-05-09,LAD,ATL,H,801434,Paul Gervase,RELIEF_OR_BULK,,,,,,,,,,,50,14,9,1,1,4,1,5,0,,,,,,,,https://github.com/geo2343/depuracion-mlb-kernel/blob/main/runtime/hbm26_v31_sheet01_0509.csv,QA_VALIDATED_PBP_V31,,,
823868-676534,823868,2026-05-10,MIA,WSH,H,676534,Calvin Faucher,RELIEF_OR_BULK,2.0,13.0,4.0,3.0,0.0,13.0,0.0,4.0,False,False,25,6,6,0,0,0,1,0,0,,,,,,,,https://github.com/geo2343/depuracion-mlb-kernel/blob/main/runtime/hbm26_v32_sheet01_0510.csv,QA_VALIDATED_PBP_V32,RELIEF_OR_BULK,MLB,False
823868-676571,823868,2026-05-10,WSH,MIA,A,676571,PJ Poulin,RELIEF_OR_BULK,1.0,13.0,2.0,1.0,13.0,36.0,2.0,7.0,False,False,6,1,1,0,0,0,0,0,0,,,,,,,,https://github.com/geo2343/depuracion-mlb-kernel/blob/main/runtime/hbm26_v32_sheet01_0510.csv,QA_VALIDATED_PBP_V32,RELIEF_OR_BULK,MLB,False
823868-677053,823868,2026-05-10,MIA,WSH,H,677053,Andrew Nardi,RELIEF_OR_BULK,0.0,9.0,3.0,3.0,9.0,21.0,3.0,6.0,True,False,16,3,2,0,0,1,0,2,0,,,,,,,,https://github.com/geo2343/depuracion-mlb-kernel/blob/main/runtime/hbm26_v32_sheet01_0510.csv,QA_VALIDATED_PBP_V32,RELIEF_OR_BULK,MLB,False
823868-681402,823868,2026-05-10,WSH,MIA,A,681402,Gus Varland,RELIEF_OR_BULK,2.0,16.0,5.0,4.0,0.0,16.0,0.0,5.0,False,False,28,5,1,3,3,2,2,1,0,,,,,,,,https://github.com/geo2343/depuracion-mlb-kernel/blob/main/runtime/hbm26_v32_sheet01_0510.csv,QA_VALIDATED_PBP_V32,RELIEF_OR_BULK,MLB,False
823868-687377,823868,2026-05-10,WSH,MIA,A,687377,Orlando Ribalta,RELIEF_OR_BULK,2.0,21.0,4.0,3.0,0.0,21.0,0.0,4.0,False,False,10,3,3,0,0,0,0,1,0,,,,,,,,https://github.com/geo2343/depuracion-mlb-kernel/blob/main/runtime/hbm26_v32_sheet01_0510.csv,QA_VALIDATED_PBP_V32,RELIEF_OR_BULK,MLB,False
823868-687606,823868,2026-05-10,WSH,MIA,A,687606,Paxton Schultz,RELIEF_OR_BULK,4.0,25.0,7.0,6.0,0.0,0.0,0.0,0.0,False,False,7,2,2,0,0,0,0,1,0,,,,,,,,https://github.com/geo2343/depuracion-mlb-kernel/blob/main/runtime/hbm26_v32_sheet01_0510.csv,QA_VALIDATED_PBP_V32,RELIEF_OR_BULK,MLB,False
823868-694795,823868,2026-05-10,MIA,WSH,H,694795,Josh Ekness,RELIEF_OR_BULK,2.0,24.0,5.0,3.0,0.0,24.0,0.0,5.0,False,False,3,1,1,0,0,0,0,0,0,,,,,,,,https://github.com/geo2343/depuracion-mlb-kernel/blob/main/runtime/hbm26_v32_sheet01_0510.csv,QA_VALIDATED_PBP_V32,RELIEF_OR_BULK,MLB,False
823463-661395,823463,2026-05-10,PHI,COL,H,661395,Jhoan Duran,RELIEF_OR_BULK,1.0,16.0,4.0,3.0,16.0,16.0,4.0,4.0,False,False,15,3,3,0,0,0,0,2,0,,,,,,,,https://github.com/geo2343/depuracion-mlb-kernel/blob/main/runtime/hbm26_v32_sheet01_0510.csv,QA_VALIDATED_PBP_V32,RELIEF_OR_BULK,MLB,False
823463-678020,823463,2026-05-10,COL,PHI,A,678020,Seth Halvorsen,RELIEF_OR_BULK,13.0,15.0,4.0,3.0,0.0,0.0,0.0,0.0,False,False,22,6,3,1,1,2,1,0,0,,,,,,,,https://github.com/geo2343/depuracion-mlb-kernel/blob/main/runtime/hbm26_v32_sheet01_0510.csv,QA_VALIDATED_PBP_V32,RELIEF_OR_BULK,MLB,False
823463-680742,823463,2026-05-10,PHI,COL,H,680742,Jonathan Bowlan,RELIEF_OR_BULK,1.0,20.0,5.0,6.0,20.0,31.0,5.0,8.0,False,False,9,3,3,0,0,0,0,1,0,,,,,,,,https://github.com/geo2343/depuracion-mlb-kernel/blob/main/runtime/hbm26_v32_sheet01_0510.csv,QA_VALIDATED_PBP_V32,RELIEF_OR_BULK,MLB,False
823463-688642,823463,2026-05-10,COL,PHI,A,688642,Zach Agnos,RELIEF_OR_BULK,3.0,59.0,18.0,12.0,0.0,0.0,0.0,0.0,False,False,28,7,6,0,0,1,0,1,0,,,,,,,,https://github.com/geo2343/depuracion-mlb-kernel/blob/main/runtime/hbm26_v32_sheet01_0510.csv,QA_VALIDATED_PBP_V32,RELIEF_OR_BULK,MLB,False
824765-641329,824765,2026-05-10,TB,BOS,A,641329,Bryan Baker,RELIEF_OR_BULK,3.0,17.0,3.0,3.0,0.0,0.0,0.0,0.0,False,False,15,5,3,0,0,1,1,1,0,,,,,,,,https://github.com/geo2343/depuracion-mlb-kernel/blob/main/runtime/hbm26_v32_sheet01_0510.csv,QA_VALIDATED_PBP_V32,RELIEF_OR_BULK,MLB,False
824765-663558,824765,2026-05-10,BOS,TB,H,663558,Jovani Morán,RELIEF_OR_BULK,4.0,38.0,8.0,3.0,0.0,0.0,0.0,0.0,False,False,16,4,4,0,0,0,1,0,0,,,,,,,,https://github.com/geo2343/depuracion-mlb-kernel/blob/main/runtime/hbm26_v32_sheet01_0510.csv,QA_VALIDATED_PBP_V32,STARTER,MLB,False
824765-664076,824765,2026-05-10,TB,BOS,A,664076,Garrett Cleavinger,RELIEF_OR_BULK,2.0,14.0,4.0,3.0,0.0,14.0,0.0,4.0,False,False,25,3,3,0,0,0,0,3,0,,,,,,,,https://github.com/geo2343/depuracion-mlb-kernel/blob/main/runtime/hbm26_v32_sheet01_0510.csv,QA_VALIDATED_PBP_V32,RELIEF_OR_BULK,MLB,False
824765-669711,824765,2026-05-10,BOS,TB,H,669711,Greg Weissert,RELIEF_OR_BULK,2.0,11.0,3.0,0.0,0.0,11.0,0.0,3.0,False,False,10,3,2,0,0,0,1,0,0,,,,,,,,https://github.com/geo2343/depuracion-mlb-kernel/blob/main/runtime/hbm26_v32_sheet01_0510.csv,QA_VALIDATED_PBP_V32,RELIEF_OR_BULK,MLB,False
824765-677161,824765,2026-05-10,BOS,TB,H,677161,Zack Kelly,RELIEF_OR_BULK,3.0,25.0,5.0,3.0,0.0,0.0,0.0,0.0,False,False,16,3,1,1,1,1,1,0,0,,,,,,,,https://github.com/geo2343/depuracion-mlb-kernel/blob/main/runtime/hbm26_v32_sheet01_0510.csv,QA_VALIDATED_PBP_V32,RELIEF_OR_BULK,MLB,False
824765-686580,824765,2026-05-10,BOS,TB,H,686580,Justin Slaten,RELIEF_OR_BULK,35.0,19.0,4.0,3.0,0.0,0.0,0.0,0.0,False,False,15,3,3,0,0,0,0,1,0,,,,,,,,https://github.com/geo2343/depuracion-mlb-kernel/blob/main/runtime/hbm26_v32_sheet01_0510.csv,QA_VALIDATED_PBP_V32,RELIEF_OR_BULK,MLB,False
824765-687330,824765,2026-05-10,TB,BOS,A,687330,Kevin Kelly,RELIEF_OR_BULK,2.0,12.0,4.0,3.0,0.0,12.0,0.0,4.0,False,False,20,4,4,0,0,0,0,1,0,,,,,,,,https://github.com/geo2343/depuracion-mlb-kernel/blob/main/runtime/hbm26_v32_sheet01_0510.csv,QA_VALIDATED_PBP_V32,RELIEF_OR_BULK,MLB,False
824765-701719,824765,2026-05-10,BOS,TB,H,701719,Tyler Samaniego,RELIEF_OR_BULK,2.0,6.0,2.0,2.0,0.0,6.0,0.0,2.0,False,False,5,2,2,0,0,0,0,0,0,,,,,,,,https://github.com/geo2343/depuracion-mlb-kernel/blob/main/runtime/hbm26_v32_sheet01_0510.csv,QA_VALIDATED_PBP_V32,RELIEF_OR_BULK,MLB,False
824845-605135,824845,2026-05-10,BAL,ATH,H,605135,Chris Bassitt,RELIEF_OR_BULK,4.0,76.0,21.0,12.0,0.0,0.0,0.0,0.0,False,False,94,23,18,1,1,4,1,6,0,,,,,,,,https://github.com/geo2343/depuracion-mlb-kernel/blob/main/runtime/hbm26_v32_sheet01_0510.csv,QA_VALIDATED_PBP_V32,STARTER,MLB,False
824845-665622,824845,2026-05-10,ATH,BAL,A,665622,Luis Medina,RELIEF_OR_BULK,9.0,52.0,13.0,8.0,0.0,0.0,0.0,0.0,False,False,23,6,6,0,0,0,0,4,0,,,,,,,,https://github.com/geo2343/depuracion-mlb-kernel/blob/main/runtime/hbm26_v32_sheet01_0510.csv,QA_VALIDATED_PBP_V32,RELIEF_OR_BULK,MLB,False
824845-670329,824845,2026-05-10,BAL,ATH,H,670329,Rico Garcia,RELIEF_OR_BULK,3.0,15.0,3.0,3.0,0.0,0.0,0.0,0.0,False,False,17,4,3,0,0,0,1,1,0,,,,,,,,https://github.com/geo2343/depuracion-mlb-kernel/blob/main/runtime/hbm26_v32_sheet01_0510.csv,QA_VALIDATED_PBP_V32,RELIEF_OR_BULK,MLB,False
824845-686993,824845,2026-05-10,ATH,BAL,A,686993,Justin Sterner,RELIEF_OR_BULK,1.0,7.0,2.0,2.0,7.0,7.0,2.0,2.0,False,False,12,3,2,0,0,0,1,2,0,,,,,,,,https://github.com/geo2343/depuracion-mlb-kernel/blob/main/runtime/hbm26_v32_sheet01_0510.csv,QA_VALIDATED_PBP_V32,RELIEF_OR_BULK,MLB,False
824845-689296,824845,2026-05-10,BAL,ATH,H,689296,Anthony Nunez,RELIEF_OR_BULK,3.0,16.0,4.0,4.0,0.0,0.0,0.0,0.0,False,False,23,5,3,0,0,0,2,1,0,,,,,,,,https://github.com/geo2343/depuracion-mlb-kernel/blob/main/runtime/hbm26_v32_sheet01_0510.csv,QA_VALIDATED_PBP_V32,RELIEF_OR_BULK,MLB,False
822819-641778,822819,2026-05-10,TOR,LAA,H,641778,Eric Lauer,RELIEF_OR_BULK,5.0,61.0,19.0,13.0,0.0,0.0,0.0,0.0,False,False,80,21,15,6,6,5,2,4,3,,,,,,,,https://github.com/geo2343/depuracion-mlb-kernel/blob/main/runtime/hbm26_v32_sheet01_0510.csv,QA_VALIDATED_PBP_V32,STARTER,MLB,False
822819-666171,822819,2026-05-10,LAA,TOR,A,666171,Ryan Zeferjahn,RELIEF_OR_BULK,4.0,33.0,7.0,4.0,0.0,0.0,0.0,0.0,False,False,15,3,3,0,0,0,0,2,0,,,,,,,,https://github.com/geo2343/depuracion-mlb-kernel/blob/main/runtime/hbm26_v32_sheet01_0510.csv,QA_VALIDATED_PBP_V32,RELIEF_OR_BULK,MLB,False
822819-667297,822819,2026-05-10,TOR,LAA,H,667297,Tommy Nance,RELIEF_OR_BULK,0.0,9.0,5.0,3.0,9.0,9.0,5.0,5.0,True,False,8,3,3,0,0,0,0,0,0,,,,,,,,https://github.com/geo2343/depuracion-mlb-kernel/blob/main/runtime/hbm26_v32_sheet01_0510.csv,QA_VALIDATED_PBP_V32,RELIEF_OR_BULK,MLB,False
822819-696147,822819,2026-05-10,LAA,TOR,A,696147,Sam Bachman,RELIEF_OR_BULK,4.0,20.0,7.0,5.0,0.0,0.0,0.0,0.0,False,False,5,1,1,0,0,0,0,0,0,,,,,,,,https://github.com/geo2343/depuracion-mlb-kernel/blob/main/runtime/hbm26_v32_sheet01_0510.csv,QA_VALIDATED_PBP_V32,RELIEF_OR_BULK,MLB,False
824440-472610,824440,2026-05-10,MIN,CLE,A,472610,Luis García,RELIEF_OR_BULK,0.0,13.0,3.0,3.0,13.0,13.0,3.0,3.0,True,False,20,6,3,1,1,2,1,0,0,,,,,,,,https://github.com/geo2343/depuracion-mlb-kernel/blob/main/runtime/hbm26_v32_sheet01_0510.csv,QA_VALIDATED_PBP_V32,RELIEF_OR_BULK,MLB,False
824440-607455,824440,2026-05-10,MIN,CLE,A,607455,Anthony Banda,RELIEF_OR_BULK,1.0,22.0,6.0,2.0,22.0,42.0,6.0,10.0,False,False,19,4,4,0,0,0,0,2,0,,,,,,,,https://github.com/geo2343/depuracion-mlb-kernel/blob/main/runtime/hbm26_v32_sheet01_0510.csv,QA_VALIDATED_PBP_V32,RELIEF_OR_BULK,MLB,False
824440-672782,824440,2026-05-10,MIN,CLE,A,672782,Yoendrys Gómez,RELIEF_OR_BULK,0.0,5.0,1.0,1.0,7.0,7.0,2.0,2.0,True,True,10,3,3,0,0,0,0,0,0,,,,,,,,https://github.com/geo2343/depuracion-mlb-kernel/blob/main/runtime/hbm26_v32_sheet01_0510.csv,QA_VALIDATED_PBP_V32,RELIEF_OR_BULK,MLB,False
824440-680916,824440,2026-05-10,CLE,MIN,H,680916,Franco Aleman,RELIEF_OR_BULK,,,,,,,,,,,28,6,6,0,0,2,0,1,0,,,,,,,,https://github.com/geo2343/depuracion-mlb-kernel/blob/main/runtime/hbm26_v32_sheet01_0510.csv,QA_VALIDATED_PBP_V32,,,
824440-682120,824440,2026-05-10,CLE,MIN,H,682120,Tim Herrin,RELIEF_OR_BULK,1.0,11.0,4.0,3.0,11.0,23.0,4.0,7.0,False,False,14,5,3,0,0,1,1,1,0,,,,,,,,https://github.com/geo2343/depuracion-mlb-kernel/blob/main/runtime/hbm26_v32_sheet01_0510.csv,QA_VALIDATED_PBP_V32,RELIEF_OR_BULK,MLB,False
824440-696070,824440,2026-05-10,MIN,CLE,A,696070,Kendry Rojas,RELIEF_OR_BULK,17.0,35.0,8.0,6.0,0.0,0.0,0.0,0.0,False,False,60,17,10,1,1,5,3,5,0,,,,,,,,https://github.com/geo2343/depuracion-mlb-kernel/blob/main/runtime/hbm26_v32_sheet01_0510.csv,QA_VALIDATED_PBP_V32,RELIEF_OR_BULK,MLB,False
824440-701519,824440,2026-05-10,MIN,CLE,A,701519,Travis Adams,RELIEF_OR_BULK,,,,,,,,,,,43,10,4,2,2,4,2,2,0,,,,,,,,https://github.com/geo2343/depuracion-mlb-kernel/blob/main/runtime/hbm26_v32_sheet01_0510.csv,QA_VALIDATED_PBP_V32,,,
824520-594580,824520,2026-05-10,CIN,HOU,H,594580,Sam Moll,RELIEF_OR_BULK,3.0,11.0,3.0,2.0,0.0,0.0,0.0,0.0,False,False,17,3,3,0,0,0,0,1,0,,,,,,,,https://github.com/geo2343/depuracion-mlb-kernel/blob/main/runtime/hbm26_v32_sheet01_0510.csv,QA_VALIDATED_PBP_V32,RELIEF_OR_BULK,MLB,False
824520-622088,824520,2026-05-10,CIN,HOU,H,622088,Tejay Antone,RELIEF_OR_BULK,1.0,16.0,4.0,3.0,16.0,16.0,4.0,4.0,False,False,13,3,3,0,0,0,0,2,0,,,,,,,,https://github.com/geo2343/depuracion-mlb-kernel/blob/main/runtime/hbm26_v32_sheet01_0510.csv,QA_VALIDATED_PBP_V32,RELIEF_OR_BULK,MLB,False
824520-668933,824520,2026-05-10,CIN,HOU,H,668933,Graham Ashcraft,RELIEF_OR_BULK,0.0,19.0,3.0,3.0,19.0,19.0,3.0,3.0,True,False,12,3,3,0,0,0,0,2,0,,,,,,,,https://github.com/geo2343/depuracion-mlb-kernel/blob/main/runtime/hbm26_v32_sheet01_0510.csv,QA_VALIDATED_PBP_V32,RELIEF_OR_BULK,MLB,False
824520-675989,824520,2026-05-10,HOU,CIN,A,675989,Cody Bolton,RELIEF_OR_BULK,6.0,61.0,12.0,7.0,0.0,0.0,0.0,0.0,False,False,50,11,6,2,2,2,3,4,1,,,,,,,,https://github.com/geo2343/depuracion-mlb-kernel/blob/main/runtime/hbm26_v32_sheet01_0510.csv,QA_VALIDATED_PBP_V32,STARTER,MLB,False
824520-681151,824520,2026-05-10,HOU,CIN,A,681151,Jayden Murray,RELIEF_OR_BULK,14.0,19.0,6.0,3.0,0.0,0.0,0.0,0.0,False,False,11,4,3,0,0,1,0,0,0,,,,,,,,https://github.com/geo2343/depuracion-mlb-kernel/blob/main/runtime/hbm26_v32_sheet01_0510.csv,QA_VALIDATED_PBP_V32,RELIEF_OR_BULK,MLB,False
824520-701121,824520,2026-05-10,HOU,CIN,A,701121,Logan VanWey,RELIEF_OR_BULK,1.0,20.0,4.0,3.0,20.0,20.0,4.0,4.0,False,False,8,3,3,0,0,0,0,1,0,,,,,,,,https://github.com/geo2343/depuracion-mlb-kernel/blob/main/runtime/hbm26_v32_sheet01_0510.csv,QA_VALIDATED_PBP_V32,RELIEF_OR_BULK,MLB,False
824520-805123,824520,2026-05-10,HOU,CIN,A,805123,AJ Blubaugh,RELIEF_OR_BULK,1.0,21.0,4.0,3.0,21.0,21.0,4.0,4.0,False,False,21,5,3,0,0,1,1,0,0,,,,,,,,https://github.com/geo2343/depuracion-mlb-kernel/blob/main/runtime/hbm26_v32_sheet01_0510.csv,QA_VALIDATED_PBP_V32,RELIEF_OR_BULK,MLB,False
823793-518585,823793,2026-05-10,NYY,MIL,A,518585,Fernando Cruz,RELIEF_OR_BULK,0.0,10.0,3.0,1.0,10.0,10.0,3.0,3.0,True,False,20,5,4,0,0,1,0,3,0,,,,,,,,https://github.com/geo2343/depuracion-mlb-kernel/blob/main/runtime/hbm26_v32_sheet01_0510.csv,QA_VALIDATED_PBP_V32,RELIEF_OR_BULK,MLB,False
823793-621112,823793,2026-05-10,NYY,MIL,A,621112,Paul Blackburn,RELIEF_OR_BULK,2.0,24.0,5.0,3.0,0.0,24.0,0.0,5.0,False,False,18,4,2,0,0,1,1,1,0,,,,,,,,https://github.com/geo2343/depuracion-mlb-kernel/blob/main/runtime/hbm26_v32_sheet01_0510.csv,QA_VALIDATED_PBP_V32,STARTER,MLB,False
823793-656234,823793,2026-05-10,NYY,MIL,A,656234,Jake Bird,RELIEF_OR_BULK,2.0,15.0,4.0,3.0,0.0,15.0,0.0,4.0,False,False,9,2,2,0,0,0,0,2,0,,,,,,,,https://github.com/geo2343/depuracion-mlb-kernel/blob/main/runtime/hbm26_v32_sheet01_0510.csv,QA_VALIDATED_PBP_V32,RELIEF_OR_BULK,MLB,False
823793-656730,823793,2026-05-10,MIL,NYY,H,656730,Trevor Megill,RELIEF_OR_BULK,3.0,21.0,5.0,3.0,0.0,0.0,0.0,0.0,False,False,13,4,3,0,0,0,1,1,0,,,,,,,,https://github.com/geo2343/depuracion-mlb-kernel/blob/main/runtime/hbm26_v32_sheet01_0510.csv,QA_VALIDATED_PBP_V32,RELIEF_OR_BULK,MLB,False
823793-657612,823793,2026-05-10,NYY,MIL,A,657612,Tim Hill,RELIEF_OR_BULK,0.0,7.0,2.0,1.0,7.0,24.0,2.0,9.0,True,False,7,3,3,0,0,1,0,0,0,,,,,,,,https://github.com/geo2343/depuracion-mlb-kernel/blob/main/runtime/hbm26_v32_sheet01_0510.csv,QA_VALIDATED_PBP_V32,RELIEF_OR_BULK,MLB,False
823793-669084,823793,2026-05-10,MIL,NYY,H,669084,DL Hall,RELIEF_OR_BULK,0.0,16.0,4.0,3.0,16.0,16.0,4.0,4.0,True,False,20,5,3,1,1,1,2,0,0,,,,,,,,https://github.com/geo2343/depuracion-mlb-kernel/blob/main/runtime/hbm26_v32_sheet01_0510.csv,QA_VALIDATED_PBP_V32,RELIEF_OR_BULK,MLB,False
823793-670280,823793,2026-05-10,NYY,MIL,A,670280,David Bednar,RELIEF_OR_BULK,0.0,12.0,3.0,3.0,12.0,12.0,3.0,3.0,True,False,8,3,2,1,1,1,0,2,1,,,,,,,,https://github.com/geo2343/depuracion-mlb-kernel/blob/main/runtime/hbm26_v32_sheet01_0510.csv,QA_VALIDATED_PBP_V32,RELIEF_OR_BULK,MLB,False
823793-676879,823793,2026-05-10,MIL,NYY,H,676879,Aaron Ashby,RELIEF_OR_BULK,0.0,27.0,7.0,6.0,27.0,27.0,7.0,7.0,True,False,18,4,3,0,0,1,0,3,0,,,,,,,,https://github.com/geo2343/depuracion-mlb-kernel/blob/main/runtime/hbm26_v32_sheet01_0510.csv,QA_VALIDATED_PBP_V32,RELIEF_OR_BULK,MLB,False
823793-682842,823793,2026-05-10,MIL,NYY,H,682842,Abner Uribe,RELIEF_OR_BULK,3.0,16.0,4.0,3.0,0.0,0.0,0.0,0.0,False,False,14,4,3,0,0,0,1,1,0,,,,,,,,https://github.com/geo2343/depuracion-mlb-kernel/blob/main/runtime/hbm26_v32_sheet01_0510.csv,QA_VALIDATED_PBP_V32,RELIEF_OR_BULK,MLB,False
824605-622554,824605,2026-05-10,CWS,SEA,H,622554,Seranthony Domínguez,RELIEF_OR_BULK,1.0,14.0,3.0,3.0,14.0,14.0,3.0,3.0,False,False,23,6,3,0,0,2,1,1,0,,,,,,,,https://github.com/geo2343/depuracion-mlb-kernel/blob/main/runtime/hbm26_v32_sheet01_0510.csv,QA_VALIDATED_PBP_V32,RELIEF_OR_BULK,MLB,False
824605-656794,824605,2026-05-10,CWS,SEA,H,656794,Sean Newcomb,RELIEF_OR_BULK,1.0,23.0,6.0,5.0,23.0,23.0,6.0,6.0,False,False,15,4,3,0,0,1,0,1,0,,,,,,,,https://github.com/geo2343/depuracion-mlb-kernel/blob/main/runtime/hbm26_v32_sheet01_0510.csv,QA_VALIDATED_PBP_V32,RELIEF_OR_BULK,MLB,False
824605-660825,824605,2026-05-10,SEA,CWS,A,660825,Eduard Bazardo,RELIEF_OR_BULK,1.0,13.0,3.0,3.0,13.0,13.0,3.0,3.0,False,False,15,6,3,2,2,2,1,1,1,,,,,,,,https://github.com/geo2343/depuracion-mlb-kernel/blob/main/runtime/hbm26_v32_sheet01_0510.csv,QA_VALIDATED_PBP_V32,RELIEF_OR_BULK,MLB,False
824605-663542,824605,2026-05-10,CWS,SEA,H,663542,Bryan Hudson,RELIEF_OR_BULK,0.0,19.0,5.0,3.0,19.0,19.0,5.0,5.0,True,False,9,4,3,0,0,1,0,1,0,,,,,,,,https://github.com/geo2343/depuracion-mlb-kernel/blob/main/runtime/hbm26_v32_sheet01_0510.csv,QA_VALIDATED_PBP_V32,RELIEF_OR_BULK,MLB,False
824605-678606,824605,2026-05-10,SEA,CWS,A,678606,José A. Ferrer,RELIEF_OR_BULK,3.0,11.0,3.0,3.0,0.0,0.0,0.0,0.0,False,False,25,6,3,0,0,2,0,0,0,,,,,,,,https://github.com/geo2343/depuracion-mlb-kernel/blob/main/runtime/hbm26_v32_sheet01_0510.csv,QA_VALIDATED_PBP_V32,RELIEF_OR_BULK,MLB,False
822902-571948,822902,2026-05-10,CHC,TEX,A,571948,Hoby Milner,RELIEF_OR_BULK,3.0,25.0,6.0,3.0,0.0,0.0,0.0,0.0,False,False,11,3,2,0,0,1,0,0,0,,,,,,,,https://github.com/geo2343/depuracion-mlb-kernel/blob/main/runtime/hbm26_v32_sheet01_0510.csv,QA_VALIDATED_PBP_V32,RELIEF_OR_BULK,MLB,False
822902-656641,822902,2026-05-10,TEX,CHC,H,656641,Jacob Latz,RELIEF_OR_BULK,3.0,21.0,4.0,3.0,0.0,0.0,0.0,0.0,False,False,20,6,6,0,0,0,0,1,0,,,,,,,,https://github.com/geo2343/depuracion-mlb-kernel/blob/main/runtime/hbm26_v32_sheet01_0510.csv,QA_VALIDATED_PBP_V32,RELIEF_OR_BULK,MLB,False
822902-664208,822902,2026-05-10,CHC,TEX,A,664208,Phil Maton,RELIEF_OR_BULK,3.0,12.0,3.0,3.0,0.0,0.0,0.0,0.0,False,False,13,4,4,0,0,0,0,2,0,,,,,,,,https://github.com/geo2343/depuracion-mlb-kernel/blob/main/runtime/hbm26_v32_sheet01_0510.csv,QA_VALIDATED_PBP_V32,RELIEF_OR_BULK,MLB,False
822902-694037,822902,2026-05-10,CHC,TEX,A,694037,Daniel Palencia,RELIEF_OR_BULK,2.0,7.0,1.0,1.0,0.0,7.0,0.0,1.0,False,False,15,4,2,2,2,2,0,1,1,,,,,,,,https://github.com/geo2343/depuracion-mlb-kernel/blob/main/runtime/hbm26_v32_sheet01_0510.csv,QA_VALIDATED_PBP_V32,RELIEF_OR_BULK,MLB,False
823221-621366,823221,2026-05-10,SF,PIT,H,621366,Ryan Borucki,RELIEF_OR_BULK,0.0,16.0,4.0,2.0,16.0,16.0,4.0,4.0,True,False,24,7,6,0,0,0,2,1,0,,,,,,,,https://github.com/geo2343/depuracion-mlb-kernel/blob/main/runtime/hbm26_v32_sheet01_0510.csv,QA_VALIDATED_PBP_V32,RELIEF_OR_BULK,MLB,False
823221-642397,823221,2026-05-10,PIT,SF,A,642397,Gregory Soto,RELIEF_OR_BULK,2.0,14.0,3.0,3.0,0.0,14.0,0.0,3.0,False,False,15,4,4,0,0,0,0,1,0,,,,,,,,https://github.com/geo2343/depuracion-mlb-kernel/blob/main/runtime/hbm26_v32_sheet01_0510.csv,QA_VALIDATED_PBP_V32,RELIEF_OR_BULK,MLB,False
823221-642701,823221,2026-05-10,PIT,SF,A,642701,Dennis Santana,RELIEF_OR_BULK,2.0,13.0,3.0,3.0,0.0,13.0,0.0,3.0,False,False,19,4,2,0,0,2,0,0,0,,,,,,,,https://github.com/geo2343/depuracion-mlb-kernel/blob/main/runtime/hbm26_v32_sheet01_0510.csv,QA_VALIDATED_PBP_V32,RELIEF_OR_BULK,MLB,False
823221-656529,823221,2026-05-10,SF,PIT,H,656529,Sam Hentges,RELIEF_OR_BULK,,,,,,,,,,,9,2,1,0,0,0,1,0,0,,,,,,,,https://github.com/geo2343/depuracion-mlb-kernel/blob/main/runtime/hbm26_v32_sheet01_0510.csv,QA_VALIDATED_PBP_V32,,,
823221-664875,823221,2026-05-10,PIT,SF,A,664875,Justin Lawrence,RELIEF_OR_BULK,1.0,13.0,4.0,0.0,13.0,13.0,4.0,4.0,False,False,14,4,1,1,0,2,1,1,0,,,,,,,,https://github.com/geo2343/depuracion-mlb-kernel/blob/main/runtime/hbm26_v32_sheet01_0510.csv,QA_VALIDATED_PBP_V32,RELIEF_OR_BULK,MLB,False
823221-666711,823221,2026-05-10,SF,PIT,H,666711,Joel Peguero,RELIEF_OR_BULK,3.0,8.0,3.0,3.0,0.0,0.0,0.0,0.0,False,False,30,7,4,2,1,1,1,0,0,,,,,,,,https://github.com/geo2343/depuracion-mlb-kernel/blob/main/runtime/hbm26_v32_sheet01_0510.csv,QA_VALIDATED_PBP_V32,RELIEF_OR_BULK,MLB,False
823221-668873,823221,2026-05-10,SF,PIT,H,668873,Caleb Kilian,RELIEF_OR_BULK,1.0,35.0,6.0,3.0,35.0,35.0,6.0,6.0,False,False,19,5,3,0,0,0,2,0,0,,,,,,,,https://github.com/geo2343/depuracion-mlb-kernel/blob/main/runtime/hbm26_v32_sheet01_0510.csv,QA_VALIDATED_PBP_V32,RELIEF_OR_BULK,MLB,False
823221-670990,823221,2026-05-10,PIT,SF,A,670990,Yohan Ramírez,RELIEF_OR_BULK,4.0,29.0,7.0,1.0,0.0,0.0,0.0,0.0,False,False,34,12,6,2,1,1,3,2,0,,,,,,,,https://github.com/geo2343/depuracion-mlb-kernel/blob/main/runtime/hbm26_v32_sheet01_0510.csv,QA_VALIDATED_PBP_V32,RELIEF_OR_BULK,MLB,False
823221-676755,823221,2026-05-10,PIT,SF,A,676755,Isaac Mattson,RELIEF_OR_BULK,2.0,6.0,1.0,1.0,0.0,6.0,0.0,1.0,False,False,18,4,1,2,2,3,0,0,0,,,,,,,,https://github.com/geo2343/depuracion-mlb-kernel/blob/main/runtime/hbm26_v32_sheet01_0510.csv,QA_VALIDATED_PBP_V32,RELIEF_OR_BULK,MLB,False
823221-676775,823221,2026-05-10,SF,PIT,H,676775,Keaton Winn,RELIEF_OR_BULK,1.0,13.0,3.0,3.0,13.0,13.0,3.0,3.0,False,False,7,4,3,0,0,1,0,0,0,,,,,,,,https://github.com/geo2343/depuracion-mlb-kernel/blob/main/runtime/hbm26_v32_sheet01_0510.csv,QA_VALIDATED_PBP_V32,RELIEF_OR_BULK,MLB,False
823221-681916,823221,2026-05-10,SF,PIT,H,681916,Dylan Smith,RELIEF_OR_BULK,,,,,,,,,,,9,3,2,0,0,0,1,0,0,,,,,,,,https://github.com/geo2343/depuracion-mlb-kernel/blob/main/runtime/hbm26_v32_sheet01_0510.csv,QA_VALIDATED_PBP_V32,,,
823221-682254,823221,2026-05-10,PIT,SF,A,682254,Mason Montgomery,RELIEF_OR_BULK,2.0,16.0,4.0,2.0,0.0,16.0,0.0,4.0,False,False,19,5,5,0,0,0,0,1,0,,,,,,,,https://github.com/geo2343/depuracion-mlb-kernel/blob/main/runtime/hbm26_v32_sheet01_0510.csv,QA_VALIDATED_PBP_V32,RELIEF_OR_BULK,MLB,False
823305-592773,823305,2026-05-10,STL,SD,A,592773,Ryne Stanek,RELIEF_OR_BULK,1.0,15.0,3.0,3.0,15.0,15.0,3.0,3.0,False,False,10,3,3,0,0,0,0,2,0,,,,,,,,https://github.com/geo2343/depuracion-mlb-kernel/blob/main/runtime/hbm26_v32_sheet01_0510.csv,QA_VALIDATED_PBP_V32,RELIEF_OR_BULK,MLB,False
823305-666277,823305,2026-05-10,STL,SD,A,666277,George Soriano,RELIEF_OR_BULK,2.0,12.0,3.0,3.0,0.0,12.0,0.0,3.0,False,False,10,3,2,0,0,0,1,1,0,,,,,,,,https://github.com/geo2343/depuracion-mlb-kernel/blob/main/runtime/hbm26_v32_sheet01_0510.csv,QA_VALIDATED_PBP_V32,RELIEF_OR_BULK,MLB,False
823305-668941,823305,2026-05-10,STL,SD,A,668941,JoJo Romero,RELIEF_OR_BULK,2.0,7.0,3.0,3.0,0.0,7.0,0.0,3.0,False,False,20,4,4,0,0,0,0,2,0,,,,,,,,https://github.com/geo2343/depuracion-mlb-kernel/blob/main/runtime/hbm26_v32_sheet01_0510.csv,QA_VALIDATED_PBP_V32,RELIEF_OR_BULK,MLB,False
823305-669093,823305,2026-05-10,SD,STL,H,669093,Jeremiah Estrada,RELIEF_OR_BULK,0.0,15.0,3.0,3.0,15.0,15.0,3.0,3.0,True,False,17,3,2,0,0,0,1,2,0,,,,,,,,https://github.com/geo2343/depuracion-mlb-kernel/blob/main/runtime/hbm26_v32_sheet01_0510.csv,QA_VALIDATED_PBP_V32,RELIEF_OR_BULK,MLB,False
823305-670970,823305,2026-05-10,SD,STL,H,670970,Adrian Morejon,RELIEF_OR_BULK,0.0,14.0,4.0,2.0,14.0,14.0,4.0,4.0,True,False,1,1,1,0,0,0,0,0,0,,,,,,,,https://github.com/geo2343/depuracion-mlb-kernel/blob/main/runtime/hbm26_v32_sheet01_0510.csv,QA_VALIDATED_PBP_V32,RELIEF_OR_BULK,MLB,False
823305-676617,823305,2026-05-10,STL,SD,A,676617,Riley O'Brien,RELIEF_OR_BULK,2.0,10.0,3.0,3.0,0.0,10.0,0.0,3.0,False,False,31,5,3,2,2,2,0,3,1,,,,,,,,https://github.com/geo2343/depuracion-mlb-kernel/blob/main/runtime/hbm26_v32_sheet01_0510.csv,QA_VALIDATED_PBP_V32,RELIEF_OR_BULK,MLB,False
823305-676760,823305,2026-05-10,SD,STL,H,676760,Ron Marinaccio,RELIEF_OR_BULK,1.0,14.0,3.0,3.0,14.0,14.0,3.0,3.0,False,False,32,6,6,0,0,0,0,3,0,,,,,,,,https://github.com/geo2343/depuracion-mlb-kernel/blob/main/runtime/hbm26_v32_sheet01_0510.csv,QA_VALIDATED_PBP_V32,RELIEF_OR_BULK,MLB,False
823305-699134,823305,2026-05-10,SD,STL,H,699134,Bradgley Rodriguez,RELIEF_OR_BULK,2.0,17.0,5.0,3.0,0.0,17.0,0.0,5.0,False,False,5,3,3,0,0,0,0,0,0,,,,,,,,https://github.com/geo2343/depuracion-mlb-kernel/blob/main/runtime/hbm26_v32_sheet01_0510.csv,QA_VALIDATED_PBP_V32,RELIEF_OR_BULK,MLB,False
823305-700669,823305,2026-05-10,STL,SD,A,700669,Gordon Graceffo,RELIEF_OR_BULK,1.0,17.0,6.0,6.0,17.0,17.0,6.0,6.0,False,False,7,3,1,1,0,0,2,0,0,,,,,,,,https://github.com/geo2343/depuracion-mlb-kernel/blob/main/runtime/hbm26_v32_sheet01_0510.csv,QA_VALIDATED_PBP_V32,RELIEF_OR_BULK,MLB,False
823954-628452,823954,2026-05-10,ATL,LAD,A,628452,Raisel Iglesias,RELIEF_OR_BULK,4.0,19.0,4.0,3.0,0.0,0.0,0.0,0.0,False,False,6,3,3,0,0,0,0,1,0,,,,,,,,https://github.com/geo2343/depuracion-mlb-kernel/blob/main/runtime/hbm26_v32_sheet01_0510.csv,QA_VALIDATED_PBP_V32,RELIEF_OR_BULK,MLB,False
823954-641755,823954,2026-05-10,ATL,LAD,A,641755,Tyler Kinley,RELIEF_OR_BULK,3.0,9.0,3.0,1.0,0.0,0.0,0.0,0.0,False,False,19,5,3,2,2,1,1,1,1,,,,,,,,https://github.com/geo2343/depuracion-mlb-kernel/blob/main/runtime/hbm26_v32_sheet01_0510.csv,QA_VALIDATED_PBP_V32,RELIEF_OR_BULK,MLB,False
823954-663158,823954,2026-05-10,ATL,LAD,A,663158,Robert Suarez,RELIEF_OR_BULK,4.0,16.0,3.0,3.0,0.0,0.0,0.0,0.0,False,False,30,6,4,0,0,0,1,0,0,,,,,,,,https://github.com/geo2343/depuracion-mlb-kernel/blob/main/runtime/hbm26_v32_sheet01_0510.csv,QA_VALIDATED_PBP_V32,RELIEF_OR_BULK,MLB,False
823954-670090,823954,2026-05-10,LAD,ATL,H,670090,Wyatt Mills,RELIEF_OR_BULK,,,,,,,,,,,11,3,1,0,0,2,0,0,0,,,,,,,,https://github.com/geo2343/depuracion-mlb-kernel/blob/main/runtime/hbm26_v32_sheet01_0510.csv,QA_VALIDATED_PBP_V32,,,
825085-640455,825085,2026-05-10,NYM,AZ,A,640455,Sean Manaea,RELIEF_OR_BULK,3.0,17.0,5.0,1.0,0.0,0.0,0.0,0.0,False,False,20,4,3,0,0,0,1,2,0,,,,,,,,https://github.com/geo2343/depuracion-mlb-kernel/blob/main/runtime/hbm26_v32_sheet01_0510.csv,QA_VALIDATED_PBP_V32,RELIEF_OR_BULK,MLB,False
825085-656849,825085,2026-05-10,NYM,AZ,A,656849,David Peterson,RELIEF_OR_BULK,5.0,69.0,15.0,12.0,0.0,0.0,0.0,0.0,False,False,77,22,15,3,0,4,0,3,0,,,,,,,,https://github.com/geo2343/depuracion-mlb-kernel/blob/main/runtime/hbm26_v32_sheet01_0510.csv,QA_VALIDATED_PBP_V32,RELIEF_OR_BULK,MLB,False
825085-666661,825085,2026-05-10,AZ,NYM,H,666661,Juan Morillo,RELIEF_OR_BULK,1.0,14.0,4.0,4.0,14.0,14.0,4.0,4.0,False,False,9,3,2,0,0,0,1,0,0,,,,,,,,https://github.com/geo2343/depuracion-mlb-kernel/blob/main/runtime/hbm26_v32_sheet01_0510.csv,QA_VALIDATED_PBP_V32,RELIEF_OR_BULK,MLB,False
825085-668964,825085,2026-05-10,NYM,AZ,A,668964,Tobias Myers,RELIEF_OR_BULK,1.0,10.0,3.0,3.0,10.0,10.0,3.0,3.0,False,False,12,4,3,0,0,1,0,2,0,,,,,,,,https://github.com/geo2343/depuracion-mlb-kernel/blob/main/runtime/hbm26_v32_sheet01_0510.csv,QA_VALIDATED_PBP_V32,RELIEF_OR_BULK,MLB,False
824113-445276,824113,2026-05-10,DET,KC,A,445276,Kenley Jansen,RELIEF_OR_BULK,5.0,10.0,3.0,3.0,0.0,0.0,0.0,0.0,False,False,12,3,3,0,0,0,0,2,0,,,,,,,,https://github.com/geo2343/depuracion-mlb-kernel/blob/main/runtime/hbm26_v32_sheet01_0510.csv,QA_VALIDATED_PBP_V32,RELIEF_OR_BULK,MLB,False
824113-623454,824113,2026-05-10,DET,KC,A,623454,Drew Anderson,RELIEF_OR_BULK,3.0,39.0,8.0,4.0,0.0,0.0,0.0,0.0,False,False,39,11,6,3,3,5,0,4,0,,,,,,,,https://github.com/geo2343/depuracion-mlb-kernel/blob/main/runtime/hbm26_v32_sheet01_0510.csv,QA_VALIDATED_PBP_V32,RELIEF_OR_BULK,MLB,False
824113-640448,824113,2026-05-10,DET,KC,A,640448,Kyle Finnegan,RELIEF_OR_BULK,1.0,12.0,4.0,0.0,12.0,12.0,4.0,4.0,False,False,19,6,5,0,0,1,2,0,0,,,,,,,,https://github.com/geo2343/depuracion-mlb-kernel/blob/main/runtime/hbm26_v32_sheet01_0510.csv,QA_VALIDATED_PBP_V32,RELIEF_OR_BULK,MLB,False
824113-646241,824113,2026-05-10,DET,KC,A,646241,Enmanuel De Jesus,RELIEF_OR_BULK,4.0,14.0,3.0,3.0,0.0,0.0,0.0,0.0,False,False,22,7,7,0,0,0,0,1,0,,,,,,,,https://github.com/geo2343/depuracion-mlb-kernel/blob/main/runtime/hbm26_v32_sheet01_0510.csv,QA_VALIDATED_PBP_V32,RELIEF_OR_BULK,MLB,False
824113-656638,824113,2026-05-10,KC,DET,H,656638,Alex Lange,RELIEF_OR_BULK,2.0,20.0,5.0,3.0,0.0,20.0,0.0,5.0,False,False,17,5,5,0,0,0,1,0,0,,,,,,,,https://github.com/geo2343/depuracion-mlb-kernel/blob/main/runtime/hbm26_v32_sheet01_0510.csv,QA_VALIDATED_PBP_V32,RELIEF_OR_BULK,MLB,False
824113-663738,824113,2026-05-10,KC,DET,H,663738,Daniel Lynch IV,RELIEF_OR_BULK,2.0,15.0,4.0,3.0,0.0,15.0,0.0,4.0,False,False,24,5,2,1,1,2,1,1,0,,,,,,,,https://github.com/geo2343/depuracion-mlb-kernel/blob/main/runtime/hbm26_v32_sheet01_0510.csv,QA_VALIDATED_PBP_V32,RELIEF_OR_BULK,MLB,False
824113-670167,824113,2026-05-10,KC,DET,H,670167,John Schreiber,RELIEF_OR_BULK,1.0,12.0,4.0,3.0,12.0,12.0,4.0,4.0,False,False,21,4,3,0,0,0,1,1,0,,,,,,,,https://github.com/geo2343/depuracion-mlb-kernel/blob/main/runtime/hbm26_v32_sheet01_0510.csv,QA_VALIDATED_PBP_V32,RELIEF_OR_BULK,MLB,False
824113-674444,824113,2026-05-10,KC,DET,H,674444,Steven Cruz,RELIEF_OR_BULK,0.0,15.0,3.0,3.0,15.0,15.0,3.0,3.0,True,False,21,5,3,0,0,1,1,2,0,,,,,,,,https://github.com/geo2343/depuracion-mlb-kernel/blob/main/runtime/hbm26_v32_sheet01_0510.csv,QA_VALIDATED_PBP_V32,RELIEF_OR_BULK,MLB,False
824113-676428,824113,2026-05-10,DET,KC,A,676428,Brant Hurter,RELIEF_OR_BULK,1.0,30.0,7.0,5.0,30.0,30.0,7.0,7.0,False,False,18,5,4,0,0,0,1,1,0,,,,,,,,https://github.com/geo2343/depuracion-mlb-kernel/blob/main/runtime/hbm26_v32_sheet01_0510.csv,QA_VALIDATED_PBP_V32,RELIEF_OR_BULK,MLB,False
824113-683232,824113,2026-05-10,KC,DET,H,683232,Nick Mears,RELIEF_OR_BULK,1.0,7.0,2.0,1.0,7.0,30.0,2.0,6.0,False,False,12,4,2,2,2,2,0,1,1,,,,,,,,https://github.com/geo2343/depuracion-mlb-kernel/blob/main/runtime/hbm26_v32_sheet01_0510.csv,QA_VALIDATED_PBP_V32,RELIEF_OR_BULK,MLB,False
824441-489446,824441,2026-05-11,LAA,CLE,A,489446,Kirby Yates,RELIEF_OR_BULK,2.0,24.0,4.0,3.0,0.0,24.0,0.0,4.0,False,False,22,5,2,2,2,2,1,1,0,,,,,,,,https://github.com/geo2343/depuracion-mlb-kernel/blob/main/runtime/hbm26_v33_sheet01_0511.csv,QA_VALIDATED_PBP_V33,RELIEF_OR_BULK,MLB,False
824441-666201,824441,2026-05-11,LAA,CLE,A,666201,Alek Manoah,RELIEF_OR_BULK,2.0,11.0,3.0,3.0,0.0,11.0,0.0,3.0,False,False,91,22,15,0,0,2,5,2,0,,,,,,,,https://github.com/geo2343/depuracion-mlb-kernel/blob/main/runtime/hbm26_v33_sheet01_0511.csv,QA_VALIDATED_PBP_V33,RELIEF_OR_BULK,MLB,False
824441-670036,824441,2026-05-11,CLE,LAA,H,670036,Matt Festa,RELIEF_OR_BULK,2.0,17.0,5.0,2.0,0.0,17.0,0.0,5.0,False,False,28,6,3,0,0,1,1,1,0,,,,,,,,https://github.com/geo2343/depuracion-mlb-kernel/blob/main/runtime/hbm26_v33_sheet01_0511.csv,QA_VALIDATED_PBP_V33,RELIEF_OR_BULK,MLB,False
824441-670059,824441,2026-05-11,CLE,LAA,H,670059,Colin Holderman,RELIEF_OR_BULK,1.0,16.0,3.0,3.0,16.0,30.0,3.0,6.0,False,False,32,5,3,1,1,1,1,3,0,,,,,,,,https://github.com/geo2343/depuracion-mlb-kernel/blob/main/runtime/hbm26_v33_sheet01_0511.csv,QA_VALIDATED_PBP_V33,RELIEF_OR_BULK,MLB,False
824441-688883,824441,2026-05-11,CLE,LAA,H,688883,Peyton Pallette,RELIEF_OR_BULK,1.0,37.0,8.0,6.0,37.0,37.0,8.0,8.0,False,False,17,5,3,1,1,2,0,1,0,,,,,,,,https://github.com/geo2343/depuracion-mlb-kernel/blob/main/runtime/hbm26_v33_sheet01_0511.csv,QA_VALIDATED_PBP_V33,RELIEF_OR_BULK,MLB,False
824441-820862,824441,2026-05-11,LAA,CLE,A,820862,José Fermin,RELIEF_OR_BULK,2.0,18.0,4.0,4.0,0.0,18.0,0.0,4.0,False,False,26,6,2,3,3,1,3,0,0,,,,,,,,https://github.com/geo2343/depuracion-mlb-kernel/blob/main/runtime/hbm26_v33_sheet01_0511.csv,QA_VALIDATED_PBP_V33,RELIEF_OR_BULK,MLB,False
824844-608650,824844,2026-05-11,BAL,NYY,H,608650,Dietrich Enns,RELIEF_OR_BULK,1.0,20.0,5.0,3.0,20.0,20.0,5.0,5.0,False,False,21,6,5,0,0,1,0,1,0,,,,,,,,https://github.com/geo2343/depuracion-mlb-kernel/blob/main/runtime/hbm26_v33_sheet01_0511.csv,QA_VALIDATED_PBP_V33,RELIEF_OR_BULK,MLB,False
824844-666808,824844,2026-05-11,NYY,BAL,A,666808,Camilo Doval,RELIEF_OR_BULK,1.0,17.0,4.0,2.0,17.0,17.0,4.0,4.0,False,False,17,3,3,0,0,0,0,1,0,,,,,,,,https://github.com/geo2343/depuracion-mlb-kernel/blob/main/runtime/hbm26_v33_sheet01_0511.csv,QA_VALIDATED_PBP_V33,RELIEF_OR_BULK,MLB,False
824844-670329,824844,2026-05-11,BAL,NYY,H,670329,Rico Garcia,RELIEF_OR_BULK,0.0,17.0,4.0,3.0,17.0,17.0,4.0,4.0,True,False,9,3,3,0,0,0,0,2,0,,,,,,,,https://github.com/geo2343/depuracion-mlb-kernel/blob/main/runtime/hbm26_v33_sheet01_0511.csv,QA_VALIDATED_PBP_V33,RELIEF_OR_BULK,MLB,False
824844-687396,824844,2026-05-11,NYY,BAL,A,687396,Brent Headrick,RELIEF_OR_BULK,1.0,20.0,6.0,4.0,20.0,20.0,6.0,6.0,False,False,12,4,2,1,1,2,0,1,1,,,,,,,,https://github.com/geo2343/depuracion-mlb-kernel/blob/main/runtime/hbm26_v33_sheet01_0511.csv,QA_VALIDATED_PBP_V33,RELIEF_OR_BULK,MLB,False
824844-689296,824844,2026-05-11,BAL,NYY,H,689296,Anthony Nunez,RELIEF_OR_BULK,0.0,23.0,5.0,3.0,23.0,23.0,5.0,5.0,True,False,11,3,3,0,0,1,0,1,0,,,,,,,,https://github.com/geo2343/depuracion-mlb-kernel/blob/main/runtime/hbm26_v33_sheet01_0511.csv,QA_VALIDATED_PBP_V33,RELIEF_OR_BULK,MLB,False
822818-573009,822818,2026-05-11,TOR,TB,H,573009,Joe Mantiply,RELIEF_OR_BULK,1.0,10.0,3.0,3.0,10.0,10.0,3.0,3.0,False,False,16,4,4,0,0,0,0,0,0,,,,,,,,https://github.com/geo2343/depuracion-mlb-kernel/blob/main/runtime/hbm26_v33_sheet01_0511.csv,QA_VALIDATED_PBP_V33,RELIEF_OR_BULK,MLB,False
822818-641329,822818,2026-05-11,TB,TOR,A,641329,Bryan Baker,RELIEF_OR_BULK,0.0,15.0,5.0,3.0,15.0,15.0,5.0,5.0,True,False,11,3,3,0,0,0,0,2,0,,,,,,,,https://github.com/geo2343/depuracion-mlb-kernel/blob/main/runtime/hbm26_v33_sheet01_0511.csv,QA_VALIDATED_PBP_V33,RELIEF_OR_BULK,MLB,False
822818-680755,822818,2026-05-11,TOR,TB,H,680755,Braydon Fisher,RELIEF_OR_BULK,1.0,12.0,3.0,3.0,12.0,12.0,3.0,3.0,False,False,19,5,3,1,1,1,0,0,0,,,,,,,,https://github.com/geo2343/depuracion-mlb-kernel/blob/main/runtime/hbm26_v33_sheet01_0511.csv,QA_VALIDATED_PBP_V33,RELIEF_OR_BULK,MLB,False
822818-684320,822818,2026-05-11,TOR,TB,H,684320,Yariel Rodríguez,RELIEF_OR_BULK,,,,,,,,,,,11,3,3,0,0,0,1,2,0,,,,,,,,https://github.com/geo2343/depuracion-mlb-kernel/blob/main/runtime/hbm26_v33_sheet01_0511.csv,QA_VALIDATED_PBP_V33,,,
822818-685801,822818,2026-05-11,TB,TOR,A,685801,Hunter Bigge,RELIEF_OR_BULK,3.0,26.0,6.0,6.0,0.0,0.0,0.0,0.0,False,False,15,5,5,0,0,0,0,1,0,,,,,,,,https://github.com/geo2343/depuracion-mlb-kernel/blob/main/runtime/hbm26_v33_sheet01_0511.csv,QA_VALIDATED_PBP_V33,RELIEF_OR_BULK,MLB,False
822818-689254,822818,2026-05-11,TOR,TB,H,689254,Mason Fluharty,RELIEF_OR_BULK,1.0,12.0,3.0,3.0,12.0,12.0,3.0,3.0,False,False,18,4,3,0,0,1,0,0,0,,,,,,,,https://github.com/geo2343/depuracion-mlb-kernel/blob/main/runtime/hbm26_v33_sheet01_0511.csv,QA_VALIDATED_PBP_V33,RELIEF_OR_BULK,MLB,False
822818-693855,822818,2026-05-11,TB,TOR,A,693855,Ian Seymour,RELIEF_OR_BULK,4.0,11.0,3.0,3.0,0.0,0.0,0.0,0.0,False,False,23,4,1,2,2,2,1,1,1,,,,,,,,https://github.com/geo2343/depuracion-mlb-kernel/blob/main/runtime/hbm26_v33_sheet01_0511.csv,QA_VALIDATED_PBP_V33,RELIEF_OR_BULK,MLB,False
822901-623149,822901,2026-05-11,AZ,TEX,A,623149,Paul Sewald,RELIEF_OR_BULK,1.0,17.0,3.0,3.0,17.0,17.0,3.0,3.0,False,False,15,4,3,0,0,0,0,1,0,,,,,,,,https://github.com/geo2343/depuracion-mlb-kernel/blob/main/runtime/hbm26_v33_sheet01_0511.csv,QA_VALIDATED_PBP_V33,RELIEF_OR_BULK,MLB,False
822901-641302,822901,2026-05-11,TEX,AZ,H,641302,Tyler Alexander,RELIEF_OR_BULK,2.0,5.0,3.0,3.0,0.0,5.0,0.0,3.0,False,False,17,5,5,0,0,0,0,2,0,,,,,,,,https://github.com/geo2343/depuracion-mlb-kernel/blob/main/runtime/hbm26_v33_sheet01_0511.csv,QA_VALIDATED_PBP_V33,RELIEF_OR_BULK,MLB,False
822901-656222,822901,2026-05-11,TEX,AZ,H,656222,Jalen Beeks,RELIEF_OR_BULK,1.0,13.0,4.0,4.0,13.0,13.0,4.0,4.0,False,False,15,5,3,0,0,1,1,1,0,,,,,,,,https://github.com/geo2343/depuracion-mlb-kernel/blob/main/runtime/hbm26_v33_sheet01_0511.csv,QA_VALIDATED_PBP_V33,RELIEF_OR_BULK,MLB,False
822901-664199,822901,2026-05-11,AZ,TEX,A,664199,Taylor Clarke,RELIEF_OR_BULK,1.0,12.0,3.0,3.0,12.0,12.0,3.0,3.0,False,False,11,3,3,0,0,1,0,0,0,,,,,,,,https://github.com/geo2343/depuracion-mlb-kernel/blob/main/runtime/hbm26_v33_sheet01_0511.csv,QA_VALIDATED_PBP_V33,RELIEF_OR_BULK,MLB,False
822901-668390,822901,2026-05-11,TEX,AZ,H,668390,Cole Winn,RELIEF_OR_BULK,1.0,11.0,3.0,3.0,11.0,11.0,3.0,3.0,False,False,17,6,3,0,0,2,1,1,0,,,,,,,,https://github.com/geo2343/depuracion-mlb-kernel/blob/main/runtime/hbm26_v33_sheet01_0511.csv,QA_VALIDATED_PBP_V33,RELIEF_OR_BULK,MLB,False
822901-682608,822901,2026-05-11,TEX,AZ,H,682608,Peyton Gray,RELIEF_OR_BULK,3.0,33.0,6.0,3.0,0.0,0.0,0.0,0.0,False,False,29,9,8,0,0,1,0,2,0,,,,,,,,https://github.com/geo2343/depuracion-mlb-kernel/blob/main/runtime/hbm26_v33_sheet01_0511.csv,QA_VALIDATED_PBP_V33,RELIEF_OR_BULK,MLB,False
822901-805299,822901,2026-05-11,AZ,TEX,A,805299,Brandyn Garcia,RELIEF_OR_BULK,2.0,6.0,3.0,3.0,0.0,6.0,0.0,3.0,False,False,7,2,2,0,0,0,0,1,0,,,,,,,,https://github.com/geo2343/depuracion-mlb-kernel/blob/main/runtime/hbm26_v33_sheet01_0511.csv,QA_VALIDATED_PBP_V33,RELIEF_OR_BULK,MLB,False
824199-595345,824199,2026-05-11,HOU,SEA,H,595345,Steven Okert,RELIEF_OR_BULK,1.0,10.0,3.0,3.0,10.0,10.0,3.0,3.0,False,False,12,3,3,0,0,0,0,1,0,,,,,,,,https://github.com/geo2343/depuracion-mlb-kernel/blob/main/runtime/hbm26_v33_sheet01_0511.csv,QA_VALIDATED_PBP_V33,RELIEF_OR_BULK,MLB,False
824199-660825,824199,2026-05-11,SEA,HOU,A,660825,Eduard Bazardo,RELIEF_OR_BULK,0.0,15.0,6.0,3.0,15.0,28.0,6.0,9.0,True,False,17,4,3,0,0,0,1,3,0,,,,,,,,https://github.com/geo2343/depuracion-mlb-kernel/blob/main/runtime/hbm26_v33_sheet01_0511.csv,QA_VALIDATED_PBP_V33,RELIEF_OR_BULK,MLB,False
824199-662253,824199,2026-05-11,SEA,HOU,A,662253,Andrés Muñoz,RELIEF_OR_BULK,5.0,23.0,5.0,3.0,0.0,0.0,0.0,0.0,False,False,14,4,3,0,0,1,0,1,0,,,,,,,,https://github.com/geo2343/depuracion-mlb-kernel/blob/main/runtime/hbm26_v33_sheet01_0511.csv,QA_VALIDATED_PBP_V33,RELIEF_OR_BULK,MLB,False
824199-681867,824199,2026-05-11,SEA,HOU,A,681867,Cooper Criswell,RELIEF_OR_BULK,4.0,13.0,3.0,3.0,0.0,0.0,0.0,0.0,False,False,13,3,3,0,0,0,0,1,0,,,,,,,,https://github.com/geo2343/depuracion-mlb-kernel/blob/main/runtime/hbm26_v33_sheet01_0511.csv,QA_VALIDATED_PBP_V33,RELIEF_OR_BULK,MLB,False
824199-687911,824199,2026-05-11,HOU,SEA,H,687911,Bryan King,RELIEF_OR_BULK,5.0,37.0,9.0,6.0,0.0,0.0,0.0,0.0,False,False,15,4,3,0,0,1,0,0,0,,,,,,,,https://github.com/geo2343/depuracion-mlb-kernel/blob/main/runtime/hbm26_v33_sheet01_0511.csv,QA_VALIDATED_PBP_V33,RELIEF_OR_BULK,MLB,False
824199-689546,824199,2026-05-11,SEA,HOU,A,689546,Nick Davila,RELIEF_OR_BULK,1.0,13.0,4.0,3.0,13.0,13.0,4.0,4.0,False,False,14,4,3,0,0,1,0,1,0,,,,,,,,https://github.com/geo2343/depuracion-mlb-kernel/blob/main/runtime/hbm26_v33_sheet01_0511.csv,QA_VALIDATED_PBP_V33,RELIEF_OR_BULK,MLB,False
823953-595014,823953,2026-05-11,LAD,SF,H,595014,Blake Treinen,RELIEF_OR_BULK,4.0,15.0,5.0,3.0,0.0,0.0,0.0,0.0,False,False,9,3,3,0,0,0,0,0,0,,,,,,,,https://github.com/geo2343/depuracion-mlb-kernel/blob/main/runtime/hbm26_v33_sheet01_0511.csv,QA_VALIDATED_PBP_V33,RELIEF_OR_BULK,MLB,False
823953-657424,823953,2026-05-11,SF,LAD,A,657424,Matt Gage,RELIEF_OR_BULK,1.0,15.0,3.0,2.0,15.0,26.0,3.0,7.0,False,False,21,5,5,0,0,0,0,1,0,,,,,,,,https://github.com/geo2343/depuracion-mlb-kernel/blob/main/runtime/hbm26_v33_sheet01_0511.csv,QA_VALIDATED_PBP_V33,RELIEF_OR_BULK,MLB,False
823953-664141,823953,2026-05-11,SF,LAD,A,664141,JT Brubaker,RELIEF_OR_BULK,1.0,30.0,6.0,2.0,30.0,30.0,6.0,6.0,False,False,12,3,3,0,0,0,0,1,0,,,,,,,,https://github.com/geo2343/depuracion-mlb-kernel/blob/main/runtime/hbm26_v33_sheet01_0511.csv,QA_VALIDATED_PBP_V33,RELIEF_OR_BULK,MLB,False
823953-670090,823953,2026-05-11,LAD,SF,H,670090,Wyatt Mills,RELIEF_OR_BULK,0.0,11.0,3.0,1.0,11.0,11.0,3.0,3.0,True,False,37,9,3,3,3,1,4,0,0,,,,,,,,https://github.com/geo2343/depuracion-mlb-kernel/blob/main/runtime/hbm26_v33_sheet01_0511.csv,QA_VALIDATED_PBP_V33,RELIEF_OR_BULK,MLB,False
823953-676263,823953,2026-05-11,LAD,SF,H,676263,Jack Dreyer,RELIEF_OR_BULK,1.0,11.0,4.0,4.0,11.0,11.0,4.0,4.0,False,False,15,4,3,0,0,1,0,0,0,,,,,,,,https://github.com/geo2343/depuracion-mlb-kernel/blob/main/runtime/hbm26_v33_sheet01_0511.csv,QA_VALIDATED_PBP_V33,RELIEF_OR_BULK,MLB,False
823953-676775,823953,2026-05-11,SF,LAD,A,676775,Keaton Winn,RELIEF_OR_BULK,0.0,7.0,4.0,3.0,7.0,20.0,4.0,7.0,True,False,14,4,3,0,0,1,0,1,0,,,,,,,,https://github.com/geo2343/depuracion-mlb-kernel/blob/main/runtime/hbm26_v33_sheet01_0511.csv,QA_VALIDATED_PBP_V33,RELIEF_OR_BULK,MLB,False
823953-681911,823953,2026-05-11,LAD,SF,H,681911,Alex Vesia,RELIEF_OR_BULK,2.0,5.0,1.0,1.0,0.0,5.0,0.0,1.0,False,False,23,5,1,3,3,3,1,1,0,,,,,,,,https://github.com/geo2343/depuracion-mlb-kernel/blob/main/runtime/hbm26_v33_sheet01_0511.csv,QA_VALIDATED_PBP_V33,RELIEF_OR_BULK,MLB,False
823953-694361,823953,2026-05-11,LAD,SF,H,694361,Will Klein,RELIEF_OR_BULK,2.0,23.0,5.0,3.0,0.0,23.0,0.0,5.0,False,False,8,3,2,0,0,1,0,1,0,,,,,,,,https://github.com/geo2343/depuracion-mlb-kernel/blob/main/runtime/hbm26_v33_sheet01_0511.csv,QA_VALIDATED_PBP_V33,RELIEF_OR_BULK,MLB,False
824442-519141,824442,2026-05-12,LAA,CLE,A,519141,Drew Pomeranz,RELIEF_OR_BULK,5.0,11.0,2.0,1.0,0.0,0.0,0.0,0.0,False,False,21,5,3,1,0,1,1,0,0,,,,,,,,https://github.com/geo2343/depuracion-mlb-kernel/blob/main/runtime/hbm26_v34_sheet01_0512.csv,QA_VALIDATED_PBP_V34,RELIEF_OR_BULK,MLB,False
824442-671922,824442,2026-05-12,CLE,LAA,H,671922,Cade Smith,RELIEF_OR_BULK,3.0,15.0,4.0,3.0,0.0,0.0,0.0,0.0,False,False,18,4,4,0,0,0,0,2,0,,,,,,,,https://github.com/geo2343/depuracion-mlb-kernel/blob/main/runtime/hbm26_v34_sheet01_0512.csv,QA_VALIDATED_PBP_V34,RELIEF_OR_BULK,MLB,False
824442-680916,824442,2026-05-12,CLE,LAA,H,680916,Franco Aleman,RELIEF_OR_BULK,1.0,28.0,6.0,6.0,28.0,28.0,6.0,6.0,False,False,24,4,2,1,1,1,1,0,1,,,,,,,,https://github.com/geo2343/depuracion-mlb-kernel/blob/main/runtime/hbm26_v34_sheet01_0512.csv,QA_VALIDATED_PBP_V34,RELIEF_OR_BULK,MLB,False
824442-681217,824442,2026-05-12,LAA,CLE,A,681217,Chase Silseth,RELIEF_OR_BULK,5.0,28.0,7.0,6.0,0.0,0.0,0.0,0.0,False,False,22,5,3,0,0,0,2,0,0,,,,,,,,https://github.com/geo2343/depuracion-mlb-kernel/blob/main/runtime/hbm26_v34_sheet01_0512.csv,QA_VALIDATED_PBP_V34,RELIEF_OR_BULK,MLB,False
824442-681870,824442,2026-05-12,CLE,LAA,H,681870,Erik Sabrowski,RELIEF_OR_BULK,2.0,14.0,3.0,3.0,0.0,14.0,0.0,3.0,False,False,23,5,3,0,0,0,2,3,0,,,,,,,,https://github.com/geo2343/depuracion-mlb-kernel/blob/main/runtime/hbm26_v34_sheet01_0512.csv,QA_VALIDATED_PBP_V34,RELIEF_OR_BULK,MLB,False
824442-682120,824442,2026-05-12,CLE,LAA,H,682120,Tim Herrin,RELIEF_OR_BULK,1.0,14.0,5.0,3.0,14.0,14.0,5.0,5.0,False,False,12,3,2,1,1,1,0,1,0,,,,,,,,https://github.com/geo2343/depuracion-mlb-kernel/blob/main/runtime/hbm26_v34_sheet01_0512.csv,QA_VALIDATED_PBP_V34,RELIEF_OR_BULK,MLB,False
824442-683769,824442,2026-05-12,CLE,LAA,H,683769,Hunter Gaddis,RELIEF_OR_BULK,2.0,13.0,3.0,3.0,0.0,13.0,0.0,3.0,False,False,18,5,4,0,0,1,0,0,0,,,,,,,,https://github.com/geo2343/depuracion-mlb-kernel/blob/main/runtime/hbm26_v34_sheet01_0512.csv,QA_VALIDATED_PBP_V34,RELIEF_OR_BULK,MLB,False
824442-820862,824442,2026-05-12,LAA,CLE,A,820862,José Fermin,RELIEF_OR_BULK,0.0,26.0,6.0,2.0,26.0,26.0,6.0,6.0,True,False,8,3,3,0,0,0,0,0,0,,,,,,,,https://github.com/geo2343/depuracion-mlb-kernel/blob/main/runtime/hbm26_v34_sheet01_0512.csv,QA_VALIDATED_PBP_V34,RELIEF_OR_BULK,MLB,False
824843-518585,824843,2026-05-12,NYY,BAL,A,518585,Fernando Cruz,RELIEF_OR_BULK,1.0,20.0,5.0,4.0,20.0,30.0,5.0,8.0,False,False,11,4,4,0,0,0,0,1,0,,,,,,,,https://github.com/geo2343/depuracion-mlb-kernel/blob/main/runtime/hbm26_v34_sheet01_0512.csv,QA_VALIDATED_PBP_V34,RELIEF_OR_BULK,MLB,False
824843-552640,824843,2026-05-12,BAL,NYY,H,552640,Andrew Kittredge,RELIEF_OR_BULK,2.0,16.0,6.0,3.0,0.0,16.0,0.0,6.0,False,False,12,3,3,0,0,0,0,0,0,,,,,,,,https://github.com/geo2343/depuracion-mlb-kernel/blob/main/runtime/hbm26_v34_sheet01_0512.csv,QA_VALIDATED_PBP_V34,RELIEF_OR_BULK,MLB,False
824843-656234,824843,2026-05-12,NYY,BAL,A,656234,Jake Bird,RELIEF_OR_BULK,1.0,9.0,2.0,2.0,9.0,9.0,2.0,2.0,False,False,10,3,1,0,0,2,0,0,0,,,,,,,,https://github.com/geo2343/depuracion-mlb-kernel/blob/main/runtime/hbm26_v34_sheet01_0512.csv,QA_VALIDATED_PBP_V34,RELIEF_OR_BULK,MLB,False
824843-657612,824843,2026-05-12,NYY,BAL,A,657612,Tim Hill,RELIEF_OR_BULK,1.0,7.0,3.0,3.0,7.0,14.0,3.0,5.0,False,False,8,2,2,0,0,0,0,0,0,,,,,,,,https://github.com/geo2343/depuracion-mlb-kernel/blob/main/runtime/hbm26_v34_sheet01_0512.csv,QA_VALIDATED_PBP_V34,RELIEF_OR_BULK,MLB,False
824843-666974,824843,2026-05-12,BAL,NYY,H,666974,Yennier Cano,RELIEF_OR_BULK,4.0,23.0,6.0,6.0,0.0,0.0,0.0,0.0,False,False,10,3,3,0,0,1,0,0,0,,,,,,,,https://github.com/geo2343/depuracion-mlb-kernel/blob/main/runtime/hbm26_v34_sheet01_0512.csv,QA_VALIDATED_PBP_V34,RELIEF_OR_BULK,MLB,False
824843-669330,824843,2026-05-12,BAL,NYY,H,669330,Tyler Wells,RELIEF_OR_BULK,10.0,25.0,7.0,4.0,0.0,0.0,0.0,0.0,False,False,23,5,3,0,0,1,2,1,0,,,,,,,,https://github.com/geo2343/depuracion-mlb-kernel/blob/main/runtime/hbm26_v34_sheet01_0512.csv,QA_VALIDATED_PBP_V34,RELIEF_OR_BULK,MLB,False
824843-670280,824843,2026-05-12,NYY,BAL,A,670280,David Bednar,RELIEF_OR_BULK,1.0,8.0,3.0,2.0,8.0,20.0,3.0,6.0,False,False,14,3,3,0,0,0,0,1,0,,,,,,,,https://github.com/geo2343/depuracion-mlb-kernel/blob/main/runtime/hbm26_v34_sheet01_0512.csv,QA_VALIDATED_PBP_V34,RELIEF_OR_BULK,MLB,False
824843-677020,824843,2026-05-12,BAL,NYY,H,677020,Josh Walker,RELIEF_OR_BULK,,,,,,,,,,,30,7,6,0,0,1,1,3,0,,,,,,,,https://github.com/geo2343/depuracion-mlb-kernel/blob/main/runtime/hbm26_v34_sheet01_0512.csv,QA_VALIDATED_PBP_V34,,,
823385-623474,823385,2026-05-12,COL,PIT,A,623474,Jimmy Herget,RELIEF_OR_BULK,3.0,20.0,5.0,3.0,0.0,0.0,0.0,0.0,False,False,22,5,3,0,0,1,1,1,0,,,,,,,,https://github.com/geo2343/depuracion-mlb-kernel/blob/main/runtime/hbm26_v34_sheet01_0512.csv,QA_VALIDATED_PBP_V34,RELIEF_OR_BULK,MLB,False
823385-642397,823385,2026-05-12,PIT,COL,H,642397,Gregory Soto,RELIEF_OR_BULK,1.0,15.0,4.0,4.0,15.0,15.0,4.0,4.0,False,False,24,5,3,1,1,2,0,0,0,,,,,,,,https://github.com/geo2343/depuracion-mlb-kernel/blob/main/runtime/hbm26_v34_sheet01_0512.csv,QA_VALIDATED_PBP_V34,RELIEF_OR_BULK,MLB,False
823385-677955,823385,2026-05-12,COL,PIT,A,677955,Jaden Hill,RELIEF_OR_BULK,3.0,16.0,4.0,3.0,0.0,0.0,0.0,0.0,False,False,2,1,1,0,0,0,0,0,0,,,,,,,,https://github.com/geo2343/depuracion-mlb-kernel/blob/main/runtime/hbm26_v34_sheet01_0512.csv,QA_VALIDATED_PBP_V34,RELIEF_OR_BULK,MLB,False
823385-678020,823385,2026-05-12,COL,PIT,A,678020,Seth Halvorsen,RELIEF_OR_BULK,1.0,22.0,6.0,3.0,22.0,22.0,6.0,6.0,False,False,12,3,3,0,0,0,0,1,0,,,,,,,,https://github.com/geo2343/depuracion-mlb-kernel/blob/main/runtime/hbm26_v34_sheet01_0512.csv,QA_VALIDATED_PBP_V34,RELIEF_OR_BULK,MLB,False
823385-680767,823385,2026-05-12,COL,PIT,A,680767,Victor Vodnik,RELIEF_OR_BULK,3.0,20.0,7.0,6.0,0.0,0.0,0.0,0.0,False,False,26,6,2,1,1,3,1,0,0,,,,,,,,https://github.com/geo2343/depuracion-mlb-kernel/blob/main/runtime/hbm26_v34_sheet01_0512.csv,QA_VALIDATED_PBP_V34,RELIEF_OR_BULK,MLB,False
824521-572955,824521,2026-05-12,CIN,WSH,H,572955,Pierce Johnson,RELIEF_OR_BULK,2.0,12.0,3.0,3.0,0.0,12.0,0.0,3.0,False,False,25,5,3,1,1,1,1,0,0,,,,,,,,https://github.com/geo2343/depuracion-mlb-kernel/blob/main/runtime/hbm26_v34_sheet01_0512.csv,QA_VALIDATED_PBP_V34,RELIEF_OR_BULK,MLB,False
824521-594580,824521,2026-05-12,CIN,WSH,H,594580,Sam Moll,RELIEF_OR_BULK,1.0,17.0,3.0,3.0,17.0,17.0,3.0,3.0,False,False,13,4,1,3,3,2,1,0,1,,,,,,,,https://github.com/geo2343/depuracion-mlb-kernel/blob/main/runtime/hbm26_v34_sheet01_0512.csv,QA_VALIDATED_PBP_V34,RELIEF_OR_BULK,MLB,False
824521-663574,824521,2026-05-12,CIN,WSH,H,663574,Tony Santillan,RELIEF_OR_BULK,3.0,13.0,4.0,0.0,0.0,0.0,0.0,0.0,False,False,7,2,1,1,1,1,0,1,1,,,,,,,,https://github.com/geo2343/depuracion-mlb-kernel/blob/main/runtime/hbm26_v34_sheet01_0512.csv,QA_VALIDATED_PBP_V34,RELIEF_OR_BULK,MLB,False
824521-682825,824521,2026-05-12,CIN,WSH,H,682825,Luis Mey,RELIEF_OR_BULK,4.0,39.0,9.0,6.0,0.0,0.0,0.0,0.0,False,False,30,9,6,1,1,2,1,5,1,,,,,,,,https://github.com/geo2343/depuracion-mlb-kernel/blob/main/runtime/hbm26_v34_sheet01_0512.csv,QA_VALIDATED_PBP_V34,RELIEF_OR_BULK,MLB,False
824521-683175,824521,2026-05-12,CIN,WSH,H,683175,Connor Phillips,RELIEF_OR_BULK,4.0,27.0,8.0,3.0,0.0,0.0,0.0,0.0,False,False,32,7,5,1,1,1,1,2,0,,,,,,,,https://github.com/geo2343/depuracion-mlb-kernel/blob/main/runtime/hbm26_v34_sheet01_0512.csv,QA_VALIDATED_PBP_V34,RELIEF_OR_BULK,MLB,False
824521-687606,824521,2026-05-12,WSH,CIN,A,687606,Paxton Schultz,RELIEF_OR_BULK,1.0,7.0,2.0,2.0,7.0,7.0,2.0,2.0,False,False,35,9,6,0,0,2,1,3,0,,,,,,,,https://github.com/geo2343/depuracion-mlb-kernel/blob/main/runtime/hbm26_v34_sheet01_0512.csv,QA_VALIDATED_PBP_V34,RELIEF_OR_BULK,MLB,False
824521-687849,824521,2026-05-12,WSH,CIN,A,687849,Zak Kent,RELIEF_OR_BULK,2.0,14.0,4.0,3.0,0.0,14.0,0.0,4.0,False,False,20,6,3,2,2,3,0,2,0,,,,,,,,https://github.com/geo2343/depuracion-mlb-kernel/blob/main/runtime/hbm26_v34_sheet01_0512.csv,QA_VALIDATED_PBP_V34,RELIEF_OR_BULK,MLB,False
824521-695418,824521,2026-05-12,WSH,CIN,A,695418,Brad Lord,RELIEF_OR_BULK,3.0,31.0,6.0,5.0,0.0,0.0,0.0,0.0,False,False,36,11,8,0,0,2,0,3,0,,,,,,,,https://github.com/geo2343/depuracion-mlb-kernel/blob/main/runtime/hbm26_v34_sheet01_0512.csv,QA_VALIDATED_PBP_V34,RELIEF_OR_BULK,MLB,False
824764-621237,824764,2026-05-12,PHI,BOS,A,621237,José Alvarado,RELIEF_OR_BULK,3.0,20.0,4.0,3.0,0.0,0.0,0.0,0.0,False,False,6,2,2,0,0,0,0,1,0,,,,,,,,https://github.com/geo2343/depuracion-mlb-kernel/blob/main/runtime/hbm26_v34_sheet01_0512.csv,QA_VALIDATED_PBP_V34,RELIEF_OR_BULK,MLB,False
824764-661395,824764,2026-05-12,PHI,BOS,A,661395,Jhoan Duran,RELIEF_OR_BULK,1.0,15.0,3.0,3.0,15.0,15.0,3.0,3.0,False,False,21,5,3,0,0,1,1,2,0,,,,,,,,https://github.com/geo2343/depuracion-mlb-kernel/blob/main/runtime/hbm26_v34_sheet01_0512.csv,QA_VALIDATED_PBP_V34,RELIEF_OR_BULK,MLB,False
824764-677161,824764,2026-05-12,BOS,PHI,H,677161,Zack Kelly,RELIEF_OR_BULK,1.0,16.0,3.0,1.0,16.0,16.0,3.0,3.0,False,False,11,3,3,0,0,0,0,1,0,,,,,,,,https://github.com/geo2343/depuracion-mlb-kernel/blob/main/runtime/hbm26_v34_sheet01_0512.csv,QA_VALIDATED_PBP_V34,RELIEF_OR_BULK,MLB,False
824764-678394,824764,2026-05-12,BOS,PHI,H,678394,Brayan Bello,RELIEF_OR_BULK,6.0,94.0,25.0,21.0,0.0,0.0,0.0,0.0,False,False,88,24,19,1,1,4,1,5,0,,,,,,,,https://github.com/geo2343/depuracion-mlb-kernel/blob/main/runtime/hbm26_v34_sheet01_0512.csv,QA_VALIDATED_PBP_V34,RELIEF_OR_BULK,MLB,False
824764-701719,824764,2026-05-12,BOS,PHI,H,701719,Tyler Samaniego,RELIEF_OR_BULK,1.0,5.0,2.0,2.0,5.0,5.0,2.0,2.0,False,False,16,3,2,0,0,0,1,1,0,,,,,,,,https://github.com/geo2343/depuracion-mlb-kernel/blob/main/runtime/hbm26_v34_sheet01_0512.csv,QA_VALIDATED_PBP_V34,RELIEF_OR_BULK,MLB,False
822817-642121,822817,2026-05-12,TB,TOR,A,642121,Cole Sulser,RELIEF_OR_BULK,4.0,17.0,3.0,3.0,0.0,0.0,0.0,0.0,False,False,13,3,0,3,3,2,1,0,0,,,,,,,,https://github.com/geo2343/depuracion-mlb-kernel/blob/main/runtime/hbm26_v34_sheet01_0512.csv,QA_VALIDATED_PBP_V34,RELIEF_OR_BULK,MLB,False
822817-643511,822817,2026-05-12,TOR,TB,H,643511,Tyler Rogers,RELIEF_OR_BULK,2.0,25.0,6.0,3.0,0.0,25.0,0.0,6.0,False,False,16,3,3,0,0,0,1,1,0,,,,,,,,https://github.com/geo2343/depuracion-mlb-kernel/blob/main/runtime/hbm26_v34_sheet01_0512.csv,QA_VALIDATED_PBP_V34,RELIEF_OR_BULK,MLB,False
822817-656546,822817,2026-05-12,TOR,TB,H,656546,Jeff Hoffman,RELIEF_OR_BULK,3.0,13.0,4.0,3.0,0.0,0.0,0.0,0.0,False,False,27,5,3,1,1,2,0,2,1,,,,,,,,https://github.com/geo2343/depuracion-mlb-kernel/blob/main/runtime/hbm26_v34_sheet01_0512.csv,QA_VALIDATED_PBP_V34,RELIEF_OR_BULK,MLB,False
822817-664076,822817,2026-05-12,TB,TOR,A,664076,Garrett Cleavinger,RELIEF_OR_BULK,1.0,25.0,3.0,3.0,25.0,25.0,3.0,3.0,False,False,12,4,3,1,0,0,1,0,0,,,,,,,,https://github.com/geo2343/depuracion-mlb-kernel/blob/main/runtime/hbm26_v34_sheet01_0512.csv,QA_VALIDATED_PBP_V34,RELIEF_OR_BULK,MLB,False
822817-667297,822817,2026-05-12,TOR,TB,H,667297,Tommy Nance,RELIEF_OR_BULK,1.0,8.0,3.0,3.0,8.0,17.0,3.0,8.0,False,False,32,7,5,1,1,0,2,3,0,,,,,,,,https://github.com/geo2343/depuracion-mlb-kernel/blob/main/runtime/hbm26_v34_sheet01_0512.csv,QA_VALIDATED_PBP_V34,RELIEF_OR_BULK,MLB,False
822817-668984,822817,2026-05-12,TB,TOR,A,668984,Casey Legumina,RELIEF_OR_BULK,6.0,9.0,5.0,3.0,0.0,0.0,0.0,0.0,False,False,32,8,5,2,2,3,0,2,0,,,,,,,,https://github.com/geo2343/depuracion-mlb-kernel/blob/main/runtime/hbm26_v34_sheet01_0512.csv,QA_VALIDATED_PBP_V34,RELIEF_OR_BULK,MLB,False
822817-680755,822817,2026-05-12,TOR,TB,H,680755,Braydon Fisher,RELIEF_OR_BULK,0.0,19.0,5.0,3.0,19.0,31.0,5.0,8.0,True,False,24,5,3,2,1,1,1,0,0,,,,,,,,https://github.com/geo2343/depuracion-mlb-kernel/blob/main/runtime/hbm26_v34_sheet01_0512.csv,QA_VALIDATED_PBP_V34,RELIEF_OR_BULK,MLB,False
822817-686973,822817,2026-05-12,TOR,TB,H,686973,Louis Varland,RELIEF_OR_BULK,3.0,11.0,3.0,3.0,0.0,0.0,0.0,0.0,False,False,27,5,3,0,0,1,1,1,0,,,,,,,,https://github.com/geo2343/depuracion-mlb-kernel/blob/main/runtime/hbm26_v34_sheet01_0512.csv,QA_VALIDATED_PBP_V34,RELIEF_OR_BULK,MLB,False
822817-687330,822817,2026-05-12,TB,TOR,A,687330,Kevin Kelly,RELIEF_OR_BULK,1.0,20.0,4.0,4.0,20.0,20.0,4.0,4.0,False,False,18,4,3,0,0,1,0,1,0,,,,,,,,https://github.com/geo2343/depuracion-mlb-kernel/blob/main/runtime/hbm26_v34_sheet01_0512.csv,QA_VALIDATED_PBP_V34,RELIEF_OR_BULK,MLB,False
822817-693855,822817,2026-05-12,TB,TOR,A,693855,Ian Seymour,RELIEF_OR_BULK,0.0,23.0,4.0,1.0,23.0,23.0,4.0,4.0,True,False,11,4,4,0,0,0,0,2,0,,,,,,,,https://github.com/geo2343/depuracion-mlb-kernel/blob/main/runtime/hbm26_v34_sheet01_0512.csv,QA_VALIDATED_PBP_V34,RELIEF_OR_BULK,MLB,False
823632-548384,823632,2026-05-12,NYM,DET,H,548384,Brooks Raley,RELIEF_OR_BULK,3.0,11.0,4.0,3.0,0.0,0.0,0.0,0.0,False,False,18,5,3,0,0,2,0,1,0,,,,,,,,https://github.com/geo2343/depuracion-mlb-kernel/blob/main/runtime/hbm26_v34_sheet01_0512.csv,QA_VALIDATED_PBP_V34,RELIEF_OR_BULK,MLB,False
823632-572143,823632,2026-05-12,DET,NYM,A,572143,Burch Smith,RELIEF_OR_BULK,2.0,11.0,4.0,1.0,0.0,11.0,0.0,4.0,False,False,28,5,1,3,1,1,2,1,0,,,,,,,,https://github.com/geo2343/depuracion-mlb-kernel/blob/main/runtime/hbm26_v34_sheet01_0512.csv,QA_VALIDATED_PBP_V34,STARTER,MLB,False
823632-646241,823632,2026-05-12,DET,NYM,A,646241,Enmanuel De Jesus,RELIEF_OR_BULK,1.0,22.0,7.0,7.0,22.0,22.0,7.0,7.0,False,False,14,6,4,2,2,2,0,1,0,,,,,,,,https://github.com/geo2343/depuracion-mlb-kernel/blob/main/runtime/hbm26_v34_sheet01_0512.csv,QA_VALIDATED_PBP_V34,RELIEF_OR_BULK,MLB,False
823632-663947,823632,2026-05-12,DET,NYM,A,663947,Tyler Holton,RELIEF_OR_BULK,2.0,13.0,5.0,5.0,0.0,13.0,0.0,5.0,False,False,19,4,4,0,0,0,0,3,0,,,,,,,,https://github.com/geo2343/depuracion-mlb-kernel/blob/main/runtime/hbm26_v34_sheet01_0512.csv,QA_VALIDATED_PBP_V34,RELIEF_OR_BULK,MLB,False
823632-676568,823632,2026-05-12,DET,NYM,A,676568,Ricky Vanasco,RELIEF_OR_BULK,7.0,25.0,6.0,2.0,0.0,0.0,0.0,0.0,False,False,38,9,3,2,1,4,1,1,0,,,,,,,,https://github.com/geo2343/depuracion-mlb-kernel/blob/main/runtime/hbm26_v34_sheet01_0512.csv,QA_VALIDATED_PBP_V34,RELIEF_OR_BULK,MLB,False
823632-681810,823632,2026-05-12,NYM,DET,H,681810,Austin Warren,RELIEF_OR_BULK,2.0,17.0,5.0,4.0,0.0,17.0,0.0,5.0,False,False,41,9,6,0,0,1,2,3,0,,,,,,,,https://github.com/geo2343/depuracion-mlb-kernel/blob/main/runtime/hbm26_v34_sheet01_0512.csv,QA_VALIDATED_PBP_V34,RELIEF_OR_BULK,MLB,False
824927-628452,824927,2026-05-12,ATL,CHC,H,628452,Raisel Iglesias,RELIEF_OR_BULK,1.0,6.0,3.0,3.0,6.0,6.0,3.0,3.0,False,False,13,3,3,0,0,0,0,1,0,,,,,,,,https://github.com/geo2343/depuracion-mlb-kernel/blob/main/runtime/hbm26_v34_sheet01_0512.csv,QA_VALIDATED_PBP_V34,RELIEF_OR_BULK,MLB,False
824927-657097,824927,2026-05-12,CHC,ATL,A,657097,Jacob Webb,RELIEF_OR_BULK,2.0,26.0,6.0,3.0,0.0,26.0,0.0,6.0,False,False,13,3,3,0,0,0,0,1,0,,,,,,,,https://github.com/geo2343/depuracion-mlb-kernel/blob/main/runtime/hbm26_v34_sheet01_0512.csv,QA_VALIDATED_PBP_V34,RELIEF_OR_BULK,MLB,False
824927-663423,824927,2026-05-12,CHC,ATL,A,663423,Trent Thornton,RELIEF_OR_BULK,4.0,26.0,5.0,3.0,0.0,0.0,0.0,0.0,False,False,16,5,3,0,0,2,0,1,0,,,,,,,,https://github.com/geo2343/depuracion-mlb-kernel/blob/main/runtime/hbm26_v34_sheet01_0512.csv,QA_VALIDATED_PBP_V34,RELIEF_OR_BULK,MLB,False
824927-669020,824927,2026-05-12,CHC,ATL,A,669020,Ryan Rolison,RELIEF_OR_BULK,3.0,14.0,4.0,1.0,0.0,0.0,0.0,0.0,False,False,26,7,5,0,0,2,1,2,0,,,,,,,,https://github.com/geo2343/depuracion-mlb-kernel/blob/main/runtime/hbm26_v34_sheet01_0512.csv,QA_VALIDATED_PBP_V34,RELIEF_OR_BULK,MLB,False
824927-669276,824927,2026-05-12,ATL,CHC,H,669276,Dylan Lee,RELIEF_OR_BULK,2.0,18.0,4.0,3.0,0.0,18.0,0.0,4.0,False,False,12,3,3,0,0,0,0,0,0,,,,,,,,https://github.com/geo2343/depuracion-mlb-kernel/blob/main/runtime/hbm26_v34_sheet01_0512.csv,QA_VALIDATED_PBP_V34,RELIEF_OR_BULK,MLB,False
824927-800311,824927,2026-05-12,ATL,CHC,H,800311,Didier Fuentes,RELIEF_OR_BULK,5.0,47.0,9.0,6.0,0.0,0.0,0.0,0.0,False,False,36,10,9,0,0,0,1,3,0,,,,,,,,https://github.com/geo2343/depuracion-mlb-kernel/blob/main/runtime/hbm26_v34_sheet01_0512.csv,QA_VALIDATED_PBP_V34,RELIEF_OR_BULK,MLB,False
823712-669199,823712,2026-05-12,MIA,MIN,A,669199,Lake Bachar,RELIEF_OR_BULK,2.0,13.0,4.0,3.0,0.0,13.0,0.0,4.0,False,False,14,4,3,0,0,1,0,1,0,,,,,,,,https://github.com/geo2343/depuracion-mlb-kernel/blob/main/runtime/hbm26_v34_sheet01_0512.csv,QA_VALIDATED_PBP_V34,RELIEF_OR_BULK,MLB,False
823712-694795,823712,2026-05-12,MIA,MIN,A,694795,Josh Ekness,RELIEF_OR_BULK,1.0,3.0,1.0,1.0,3.0,3.0,1.0,1.0,False,False,31,6,3,0,0,0,3,1,0,,,,,,,,https://github.com/geo2343/depuracion-mlb-kernel/blob/main/runtime/hbm26_v34_sheet01_0512.csv,QA_VALIDATED_PBP_V34,RELIEF_OR_BULK,MLB,False
823790-593974,823790,2026-05-12,SD,MIL,A,593974,Wandy Peralta,RELIEF_OR_BULK,3.0,7.0,4.0,3.0,0.0,0.0,0.0,0.0,False,False,34,9,7,0,0,2,0,2,0,,,,,,,,https://github.com/geo2343/depuracion-mlb-kernel/blob/main/runtime/hbm26_v34_sheet01_0512.csv,QA_VALIDATED_PBP_V34,RELIEF_OR_BULK,MLB,False
823790-656730,823790,2026-05-12,MIL,SD,H,656730,Trevor Megill,RELIEF_OR_BULK,1.0,13.0,4.0,3.0,13.0,13.0,4.0,4.0,False,False,18,5,3,1,1,2,0,3,0,,,,,,,,https://github.com/geo2343/depuracion-mlb-kernel/blob/main/runtime/hbm26_v34_sheet01_0512.csv,QA_VALIDATED_PBP_V34,RELIEF_OR_BULK,MLB,False
823790-663362,823790,2026-05-12,SD,MIL,A,663362,Matt Waldron,RELIEF_OR_BULK,5.0,67.0,17.0,15.0,0.0,0.0,0.0,0.0,False,False,59,17,8,6,6,8,2,3,1,,,,,,,,https://github.com/geo2343/depuracion-mlb-kernel/blob/main/runtime/hbm26_v34_sheet01_0512.csv,QA_VALIDATED_PBP_V34,RELIEF_OR_BULK,MLB,False
823790-673513,823790,2026-05-12,SD,MIL,A,673513,Yuki Matsui,RELIEF_OR_BULK,3.0,38.0,11.0,8.0,0.0,0.0,0.0,0.0,False,False,25,7,6,0,0,1,0,3,0,,,,,,,,https://github.com/geo2343/depuracion-mlb-kernel/blob/main/runtime/hbm26_v34_sheet01_0512.csv,QA_VALIDATED_PBP_V34,RELIEF_OR_BULK,MLB,False
823790-675660,823790,2026-05-12,MIL,SD,H,675660,Shane Drohan,RELIEF_OR_BULK,3.0,40.0,10.0,9.0,0.0,0.0,0.0,0.0,False,False,14,2,2,0,0,0,0,2,0,,,,,,,,https://github.com/geo2343/depuracion-mlb-kernel/blob/main/runtime/hbm26_v34_sheet01_0512.csv,QA_VALIDATED_PBP_V34,RELIEF_OR_BULK,MLB,False
823790-682842,823790,2026-05-12,MIL,SD,H,682842,Abner Uribe,RELIEF_OR_BULK,1.0,14.0,4.0,3.0,14.0,14.0,4.0,4.0,False,False,18,4,3,0,0,0,1,1,0,,,,,,,,https://github.com/geo2343/depuracion-mlb-kernel/blob/main/runtime/hbm26_v34_sheet01_0512.csv,QA_VALIDATED_PBP_V34,RELIEF_OR_BULK,MLB,False
823790-694477,823790,2026-05-12,MIL,SD,H,694477,Chad Patrick,RELIEF_OR_BULK,2.0,48.0,10.0,9.0,0.0,48.0,0.0,10.0,False,False,7,3,3,0,0,0,0,1,0,,,,,,,,https://github.com/geo2343/depuracion-mlb-kernel/blob/main/runtime/hbm26_v34_sheet01_0512.csv,QA_VALIDATED_PBP_V34,RELIEF_OR_BULK,MLB,False
824604-621381,824604,2026-05-12,KC,CWS,A,621381,Matt Strahm,RELIEF_OR_BULK,2.0,18.0,5.0,3.0,0.0,18.0,0.0,5.0,False,False,14,4,3,1,1,1,0,1,1,,,,,,,,https://github.com/geo2343/depuracion-mlb-kernel/blob/main/runtime/hbm26_v34_sheet01_0512.csv,QA_VALIDATED_PBP_V34,RELIEF_OR_BULK,MLB,False
824604-622554,824604,2026-05-12,CWS,KC,H,622554,Seranthony Domínguez,RELIEF_OR_BULK,1.0,23.0,6.0,3.0,23.0,23.0,6.0,6.0,False,False,10,3,3,0,0,0,0,0,0,,,,,,,,https://github.com/geo2343/depuracion-mlb-kernel/blob/main/runtime/hbm26_v34_sheet01_0512.csv,QA_VALIDATED_PBP_V34,RELIEF_OR_BULK,MLB,False
824604-663542,824604,2026-05-12,CWS,KC,H,663542,Bryan Hudson,RELIEF_OR_BULK,1.0,9.0,4.0,3.0,9.0,28.0,4.0,9.0,False,False,7,3,3,0,0,0,0,0,0,,,,,,,,https://github.com/geo2343/depuracion-mlb-kernel/blob/main/runtime/hbm26_v34_sheet01_0512.csv,QA_VALIDATED_PBP_V34,RELIEF_OR_BULK,MLB,False
824604-663738,824604,2026-05-12,KC,CWS,A,663738,Daniel Lynch IV,RELIEF_OR_BULK,1.0,24.0,5.0,2.0,24.0,24.0,5.0,5.0,False,False,13,4,3,0,0,1,0,2,0,,,,,,,,https://github.com/geo2343/depuracion-mlb-kernel/blob/main/runtime/hbm26_v34_sheet01_0512.csv,QA_VALIDATED_PBP_V34,RELIEF_OR_BULK,MLB,False
824604-679883,824604,2026-05-12,KC,CWS,A,679883,Luinder Avila,RELIEF_OR_BULK,3.0,18.0,4.0,3.0,0.0,0.0,0.0,0.0,False,False,27,5,4,0,0,0,1,2,0,,,,,,,,https://github.com/geo2343/depuracion-mlb-kernel/blob/main/runtime/hbm26_v34_sheet01_0512.csv,QA_VALIDATED_PBP_V34,RELIEF_OR_BULK,MLB,False
824604-691799,824604,2026-05-12,CWS,KC,H,691799,Grant Taylor,RELIEF_OR_BULK,2.0,35.0,7.0,6.0,0.0,35.0,0.0,7.0,False,False,28,8,5,0,0,3,0,3,0,,,,,,,,https://github.com/geo2343/depuracion-mlb-kernel/blob/main/runtime/hbm26_v34_sheet01_0512.csv,QA_VALIDATED_PBP_V34,RELIEF_OR_BULK,MLB,False
824604-805326,824604,2026-05-12,CWS,KC,H,805326,Tyler Schweitzer,RELIEF_OR_BULK,2.0,8.0,3.0,3.0,0.0,8.0,0.0,3.0,False,False,21,4,1,3,3,2,1,0,0,,,,,,,,https://github.com/geo2343/depuracion-mlb-kernel/blob/main/runtime/hbm26_v34_sheet01_0512.csv,QA_VALIDATED_PBP_V34,RELIEF_OR_BULK,MLB,False
822903-656641,822903,2026-05-12,TEX,AZ,H,656641,Jacob Latz,RELIEF_OR_BULK,1.0,20.0,6.0,6.0,20.0,20.0,6.0,6.0,False,False,12,3,3,0,0,0,0,0,0,,,,,,,,https://github.com/geo2343/depuracion-mlb-kernel/blob/main/runtime/hbm26_v34_sheet01_0512.csv,QA_VALIDATED_PBP_V34,RELIEF_OR_BULK,MLB,False
822903-657044,822903,2026-05-12,AZ,TEX,A,657044,Ryan Thompson,RELIEF_OR_BULK,4.0,9.0,3.0,3.0,0.0,0.0,0.0,0.0,False,False,14,3,1,0,0,2,0,1,0,,,,,,,,https://github.com/geo2343/depuracion-mlb-kernel/blob/main/runtime/hbm26_v34_sheet01_0512.csv,QA_VALIDATED_PBP_V34,RELIEF_OR_BULK,MLB,False
822903-686560,822903,2026-05-12,TEX,AZ,H,686560,Gavin Collyer,RELIEF_OR_BULK,2.0,35.0,8.0,6.0,0.0,35.0,0.0,8.0,False,False,20,4,0,3,3,1,3,0,0,,,,,,,,https://github.com/geo2343/depuracion-mlb-kernel/blob/main/runtime/hbm26_v34_sheet01_0512.csv,QA_VALIDATED_PBP_V34,RELIEF_OR_BULK,MLB,False
822903-694297,822903,2026-05-12,AZ,TEX,A,694297,Brandon Pfaadt,RELIEF_OR_BULK,8.0,52.0,14.0,7.0,0.0,0.0,0.0,0.0,False,False,39,11,9,0,0,2,0,5,0,,,,,,,,https://github.com/geo2343/depuracion-mlb-kernel/blob/main/runtime/hbm26_v34_sheet01_0512.csv,QA_VALIDATED_PBP_V34,RELIEF_OR_BULK,MLB,False
824197-681151,824197,2026-05-12,HOU,SEA,H,681151,Jayden Murray,RELIEF_OR_BULK,1.0,11.0,4.0,3.0,11.0,11.0,4.0,4.0,False,False,49,13,9,2,2,4,0,0,0,,,,,,,,https://github.com/geo2343/depuracion-mlb-kernel/blob/main/runtime/hbm26_v34_sheet01_0512.csv,QA_VALIDATED_PBP_V34,RELIEF_OR_BULK,MLB,False
824197-682445,824197,2026-05-12,SEA,HOU,A,682445,Domingo Gonzalez,RELIEF_OR_BULK,,,,,,,,,,,16,5,3,0,0,1,1,1,0,,,,,,,,https://github.com/geo2343/depuracion-mlb-kernel/blob/main/runtime/hbm26_v34_sheet01_0512.csv,QA_VALIDATED_PBP_V34,,,
824197-695380,824197,2026-05-12,SEA,HOU,A,695380,Alex Hoppe,RELIEF_OR_BULK,3.0,22.0,7.0,3.0,0.0,0.0,0.0,0.0,False,False,23,6,6,0,0,0,0,2,0,,,,,,,,https://github.com/geo2343/depuracion-mlb-kernel/blob/main/runtime/hbm26_v34_sheet01_0512.csv,QA_VALIDATED_PBP_V34,RELIEF_OR_BULK,MLB,False
824197-805123,824197,2026-05-12,HOU,SEA,H,805123,AJ Blubaugh,RELIEF_OR_BULK,1.0,21.0,5.0,3.0,21.0,21.0,5.0,5.0,False,False,46,11,6,2,2,2,3,1,0,,,,,,,,https://github.com/geo2343/depuracion-mlb-kernel/blob/main/runtime/hbm26_v34_sheet01_0512.csv,QA_VALIDATED_PBP_V34,RELIEF_OR_BULK,MLB,False
825011-592773,825011,2026-05-12,STL,ATH,A,592773,Ryne Stanek,RELIEF_OR_BULK,1.0,10.0,3.0,3.0,10.0,10.0,3.0,3.0,False,False,17,4,3,0,0,0,1,1,0,,,,,,,,https://github.com/geo2343/depuracion-mlb-kernel/blob/main/runtime/hbm26_v34_sheet01_0512.csv,QA_VALIDATED_PBP_V34,RELIEF_OR_BULK,MLB,False
825011-605130,825011,2026-05-12,ATH,STL,H,605130,Scott Barlow,RELIEF_OR_BULK,2.0,16.0,4.0,3.0,0.0,16.0,0.0,4.0,False,False,18,3,2,0,0,1,0,1,0,,,,,,,,https://github.com/geo2343/depuracion-mlb-kernel/blob/main/runtime/hbm26_v34_sheet01_0512.csv,QA_VALIDATED_PBP_V34,RELIEF_OR_BULK,MLB,False
825011-621139,825011,2026-05-12,ATH,STL,H,621139,Brooks Kriske,RELIEF_OR_BULK,4.0,14.0,5.0,3.0,0.0,0.0,0.0,0.0,False,False,24,6,5,0,0,0,1,1,0,,,,,,,,https://github.com/geo2343/depuracion-mlb-kernel/blob/main/runtime/hbm26_v34_sheet01_0512.csv,QA_VALIDATED_PBP_V34,RELIEF_OR_BULK,MLB,False
825011-643410,825011,2026-05-12,ATH,STL,H,643410,Mark Leiter Jr.,RELIEF_OR_BULK,2.0,19.0,6.0,3.0,0.0,19.0,0.0,6.0,False,False,12,3,3,0,0,0,0,1,0,,,,,,,,https://github.com/geo2343/depuracion-mlb-kernel/blob/main/runtime/hbm26_v34_sheet01_0512.csv,QA_VALIDATED_PBP_V34,RELIEF_OR_BULK,MLB,False
825011-666277,825011,2026-05-12,STL,ATH,A,666277,George Soriano,RELIEF_OR_BULK,1.0,10.0,3.0,2.0,10.0,10.0,3.0,3.0,False,False,18,5,3,1,1,2,0,0,1,,,,,,,,https://github.com/geo2343/depuracion-mlb-kernel/blob/main/runtime/hbm26_v34_sheet01_0512.csv,QA_VALIDATED_PBP_V34,RELIEF_OR_BULK,MLB,False
825011-668941,825011,2026-05-12,STL,ATH,A,668941,JoJo Romero,RELIEF_OR_BULK,1.0,20.0,4.0,4.0,20.0,20.0,4.0,4.0,False,False,15,3,3,0,0,0,0,2,0,,,,,,,,https://github.com/geo2343/depuracion-mlb-kernel/blob/main/runtime/hbm26_v34_sheet01_0512.csv,QA_VALIDATED_PBP_V34,RELIEF_OR_BULK,MLB,False
825011-669270,825011,2026-05-12,ATH,STL,H,669270,Joel Kuhnel,RELIEF_OR_BULK,2.0,13.0,3.0,3.0,0.0,13.0,0.0,3.0,False,False,21,5,2,2,2,3,0,1,1,,,,,,,,https://github.com/geo2343/depuracion-mlb-kernel/blob/main/runtime/hbm26_v34_sheet01_0512.csv,QA_VALIDATED_PBP_V34,RELIEF_OR_BULK,MLB,False
825011-676617,825011,2026-05-12,STL,ATH,A,676617,Riley O'Brien,RELIEF_OR_BULK,1.0,31.0,5.0,3.0,31.0,31.0,5.0,5.0,False,False,13,3,3,0,0,0,1,0,0,,,,,,,,https://github.com/geo2343/depuracion-mlb-kernel/blob/main/runtime/hbm26_v34_sheet01_0512.csv,QA_VALIDATED_PBP_V34,RELIEF_OR_BULK,MLB,False
823951-595014,823951,2026-05-12,LAD,SF,H,595014,Blake Treinen,RELIEF_OR_BULK,0.0,9.0,3.0,3.0,9.0,9.0,3.0,3.0,True,False,13,5,2,1,1,2,1,0,0,,,,,,,,https://github.com/geo2343/depuracion-mlb-kernel/blob/main/runtime/hbm26_v34_sheet01_0512.csv,QA_VALIDATED_PBP_V34,RELIEF_OR_BULK,MLB,False
823951-656529,823951,2026-05-12,SF,LAD,A,656529,Sam Hentges,RELIEF_OR_BULK,1.0,9.0,2.0,1.0,9.0,9.0,2.0,2.0,False,False,32,6,3,0,0,1,2,2,0,,,,,,,,https://github.com/geo2343/depuracion-mlb-kernel/blob/main/runtime/hbm26_v34_sheet01_0512.csv,QA_VALIDATED_PBP_V34,RELIEF_OR_BULK,MLB,False
823951-657424,823951,2026-05-12,SF,LAD,A,657424,Matt Gage,RELIEF_OR_BULK,0.0,21.0,5.0,5.0,21.0,36.0,5.0,8.0,True,False,6,1,1,0,0,0,0,1,0,,,,,,,,https://github.com/geo2343/depuracion-mlb-kernel/blob/main/runtime/hbm26_v34_sheet01_0512.csv,QA_VALIDATED_PBP_V34,RELIEF_OR_BULK,MLB,False
823951-666711,823951,2026-05-12,SF,LAD,A,666711,Joel Peguero,RELIEF_OR_BULK,1.0,30.0,7.0,4.0,30.0,30.0,7.0,7.0,False,False,8,3,2,0,0,0,0,0,0,,,,,,,,https://github.com/geo2343/depuracion-mlb-kernel/blob/main/runtime/hbm26_v34_sheet01_0512.csv,QA_VALIDATED_PBP_V34,RELIEF_OR_BULK,MLB,False
823951-668873,823951,2026-05-12,SF,LAD,A,668873,Caleb Kilian,RELIEF_OR_BULK,1.0,19.0,5.0,3.0,19.0,19.0,5.0,5.0,False,False,17,4,4,0,0,0,0,1,0,,,,,,,,https://github.com/geo2343/depuracion-mlb-kernel/blob/main/runtime/hbm26_v34_sheet01_0512.csv,QA_VALIDATED_PBP_V34,RELIEF_OR_BULK,MLB,False
823951-676263,823951,2026-05-12,LAD,SF,H,676263,Jack Dreyer,RELIEF_OR_BULK,0.0,15.0,4.0,3.0,15.0,26.0,4.0,8.0,True,False,18,4,3,0,0,1,0,2,0,,,,,,,,https://github.com/geo2343/depuracion-mlb-kernel/blob/main/runtime/hbm26_v34_sheet01_0512.csv,QA_VALIDATED_PBP_V34,RELIEF_OR_BULK,MLB,False
823951-683618,823951,2026-05-12,LAD,SF,H,683618,Edgardo Henriquez,RELIEF_OR_BULK,2.0,34.0,7.0,5.0,0.0,34.0,0.0,7.0,False,False,14,4,3,0,0,1,0,1,0,,,,,,,,https://github.com/geo2343/depuracion-mlb-kernel/blob/main/runtime/hbm26_v34_sheet01_0512.csv,QA_VALIDATED_PBP_V34,RELIEF_OR_BULK,MLB,False
824841-608650,824841,2026-05-13,BAL,NYY,H,608650,Dietrich Enns,RELIEF_OR_BULK,1.0,21.0,6.0,5.0,21.0,21.0,6.0,6.0,False,False,18,3,3,0,0,0,1,0,0,,,,,,,,https://github.com/geo2343/depuracion-mlb-kernel/blob/main/runtime/hbm26_v35_sheet01_0513.csv,QA_VALIDATED_PBP_V35,RELIEF_OR_BULK,MLB,False
824841-621112,824841,2026-05-13,NYY,BAL,A,621112,Paul Blackburn,RELIEF_OR_BULK,2.0,18.0,4.0,2.0,0.0,18.0,0.0,4.0,False,False,36,10,6,3,3,2,2,1,1,,,,,,,,https://github.com/geo2343/depuracion-mlb-kernel/blob/main/runtime/hbm26_v35_sheet01_0513.csv,QA_VALIDATED_PBP_V35,RELIEF_OR_BULK,MLB,False
824841-642232,824841,2026-05-13,NYY,BAL,A,642232,Ryan Yarbrough,RELIEF_OR_BULK,6.0,29.0,6.0,5.0,0.0,0.0,0.0,0.0,False,False,55,13,9,1,1,3,0,4,0,,,,,,,,https://github.com/geo2343/depuracion-mlb-kernel/blob/main/runtime/hbm26_v35_sheet01_0513.csv,QA_VALIDATED_PBP_V35,RELIEF_OR_BULK,MLB,False
824841-666974,824841,2026-05-13,BAL,NYY,H,666974,Yennier Cano,RELIEF_OR_BULK,0.0,10.0,3.0,3.0,10.0,10.0,3.0,3.0,True,False,10,4,3,0,0,0,1,0,0,,,,,,,,https://github.com/geo2343/depuracion-mlb-kernel/blob/main/runtime/hbm26_v35_sheet01_0513.csv,QA_VALIDATED_PBP_V35,RELIEF_OR_BULK,MLB,False
824841-669211,824841,2026-05-13,BAL,NYY,H,669211,Keegan Akin,RELIEF_OR_BULK,2.0,13.0,3.0,3.0,0.0,13.0,0.0,3.0,False,False,16,3,3,0,0,0,0,0,0,,,,,,,,https://github.com/geo2343/depuracion-mlb-kernel/blob/main/runtime/hbm26_v35_sheet01_0513.csv,QA_VALIDATED_PBP_V35,STARTER,MLB,False
824438-666171,824438,2026-05-13,LAA,CLE,A,666171,Ryan Zeferjahn,RELIEF_OR_BULK,2.0,15.0,3.0,3.0,0.0,15.0,0.0,3.0,False,False,19,4,3,0,0,1,0,2,0,,,,,,,,https://github.com/geo2343/depuracion-mlb-kernel/blob/main/runtime/hbm26_v35_sheet01_0513.csv,QA_VALIDATED_PBP_V35,RELIEF_OR_BULK,MLB,False
824438-670036,824438,2026-05-13,CLE,LAA,H,670036,Matt Festa,RELIEF_OR_BULK,1.0,28.0,6.0,3.0,28.0,28.0,6.0,6.0,False,False,4,1,1,0,0,0,0,0,0,,,,,,,,https://github.com/geo2343/depuracion-mlb-kernel/blob/main/runtime/hbm26_v35_sheet01_0513.csv,QA_VALIDATED_PBP_V35,RELIEF_OR_BULK,MLB,False
824438-671922,824438,2026-05-13,CLE,LAA,H,671922,Cade Smith,RELIEF_OR_BULK,0.0,18.0,4.0,4.0,18.0,18.0,4.0,4.0,True,False,14,3,3,0,0,0,0,3,0,,,,,,,,https://github.com/geo2343/depuracion-mlb-kernel/blob/main/runtime/hbm26_v35_sheet01_0513.csv,QA_VALIDATED_PBP_V35,RELIEF_OR_BULK,MLB,False
824438-681870,824438,2026-05-13,CLE,LAA,H,681870,Erik Sabrowski,RELIEF_OR_BULK,0.0,23.0,5.0,3.0,23.0,23.0,5.0,5.0,True,False,22,4,3,0,0,0,1,3,0,,,,,,,,https://github.com/geo2343/depuracion-mlb-kernel/blob/main/runtime/hbm26_v35_sheet01_0513.csv,QA_VALIDATED_PBP_V35,RELIEF_OR_BULK,MLB,False
824438-696147,824438,2026-05-13,LAA,CLE,A,696147,Sam Bachman,RELIEF_OR_BULK,2.0,5.0,1.0,1.0,0.0,5.0,0.0,1.0,False,False,20,4,4,0,0,0,0,1,0,,,,,,,,https://github.com/geo2343/depuracion-mlb-kernel/blob/main/runtime/hbm26_v35_sheet01_0513.csv,QA_VALIDATED_PBP_V35,RELIEF_OR_BULK,MLB,False
823386-622608,823386,2026-05-13,COL,PIT,A,622608,Antonio Senzatela,RELIEF_OR_BULK,5.0,23.0,8.0,6.0,0.0,0.0,0.0,0.0,False,False,26,10,9,1,1,1,0,2,1,,,,,,,,https://github.com/geo2343/depuracion-mlb-kernel/blob/main/runtime/hbm26_v35_sheet01_0513.csv,QA_VALIDATED_PBP_V35,RELIEF_OR_BULK,MLB,False
823386-657514,823386,2026-05-13,COL,PIT,A,657514,Brennan Bernardino,RELIEF_OR_BULK,4.0,14.0,4.0,1.0,0.0,0.0,0.0,0.0,False,False,9,3,3,0,0,0,0,0,0,,,,,,,,https://github.com/geo2343/depuracion-mlb-kernel/blob/main/runtime/hbm26_v35_sheet01_0513.csv,QA_VALIDATED_PBP_V35,RELIEF_OR_BULK,MLB,False
823386-664875,823386,2026-05-13,PIT,COL,H,664875,Justin Lawrence,RELIEF_OR_BULK,2.0,14.0,4.0,1.0,0.0,14.0,0.0,4.0,False,False,22,7,3,3,0,2,1,0,0,,,,,,,,https://github.com/geo2343/depuracion-mlb-kernel/blob/main/runtime/hbm26_v35_sheet01_0513.csv,QA_VALIDATED_PBP_V35,RELIEF_OR_BULK,MLB,False
823386-677955,823386,2026-05-13,COL,PIT,A,677955,Jaden Hill,RELIEF_OR_BULK,0.0,2.0,1.0,1.0,2.0,2.0,1.0,1.0,True,False,12,3,3,0,0,0,0,1,0,,,,,,,,https://github.com/geo2343/depuracion-mlb-kernel/blob/main/runtime/hbm26_v35_sheet01_0513.csv,QA_VALIDATED_PBP_V35,RELIEF_OR_BULK,MLB,False
823386-681895,823386,2026-05-13,PIT,COL,H,681895,Evan Sisk,RELIEF_OR_BULK,3.0,10.0,3.0,3.0,0.0,0.0,0.0,0.0,False,False,17,4,4,0,0,0,0,2,0,,,,,,,,https://github.com/geo2343/depuracion-mlb-kernel/blob/main/runtime/hbm26_v35_sheet01_0513.csv,QA_VALIDATED_PBP_V35,RELIEF_OR_BULK,MLB,False
823386-684049,823386,2026-05-13,PIT,COL,H,684049,Brandan Bidois,RELIEF_OR_BULK,,,,,,,,,,,14,4,3,1,1,2,0,0,1,,,,,,,,https://github.com/geo2343/depuracion-mlb-kernel/blob/main/runtime/hbm26_v35_sheet01_0513.csv,QA_VALIDATED_PBP_V35,,,
824519-622088,824519,2026-05-13,CIN,WSH,H,622088,Tejay Antone,RELIEF_OR_BULK,2.0,13.0,3.0,3.0,0.0,13.0,0.0,3.0,False,False,28,8,6,1,1,2,0,2,0,,,,,,,,https://github.com/geo2343/depuracion-mlb-kernel/blob/main/runtime/hbm26_v35_sheet01_0513.csv,QA_VALIDATED_PBP_V35,RELIEF_OR_BULK,MLB,False
824519-656271,824519,2026-05-13,CIN,WSH,H,656271,Brock Burke,RELIEF_OR_BULK,3.0,8.0,3.0,3.0,0.0,0.0,0.0,0.0,False,False,19,7,6,0,0,1,0,1,0,,,,,,,,https://github.com/geo2343/depuracion-mlb-kernel/blob/main/runtime/hbm26_v35_sheet01_0513.csv,QA_VALIDATED_PBP_V35,RELIEF_OR_BULK,MLB,False
824519-663574,824519,2026-05-13,CIN,WSH,H,663574,Tony Santillan,RELIEF_OR_BULK,0.0,7.0,2.0,1.0,7.0,7.0,2.0,2.0,True,False,18,4,3,2,1,1,0,0,1,,,,,,,,https://github.com/geo2343/depuracion-mlb-kernel/blob/main/runtime/hbm26_v35_sheet01_0513.csv,QA_VALIDATED_PBP_V35,RELIEF_OR_BULK,MLB,False
824519-663992,824519,2026-05-13,WSH,CIN,A,663992,Richard Lovelady,RELIEF_OR_BULK,3.0,30.0,7.0,6.0,0.0,0.0,0.0,0.0,False,False,17,4,3,0,0,1,1,0,0,,,,,,,,https://github.com/geo2343/depuracion-mlb-kernel/blob/main/runtime/hbm26_v35_sheet01_0513.csv,QA_VALIDATED_PBP_V35,STARTER,MLB,False
824519-668933,824519,2026-05-13,CIN,WSH,H,668933,Graham Ashcraft,RELIEF_OR_BULK,2.0,12.0,3.0,3.0,0.0,12.0,0.0,3.0,False,False,15,3,3,0,0,0,1,1,0,,,,,,,,https://github.com/geo2343/depuracion-mlb-kernel/blob/main/runtime/hbm26_v35_sheet01_0513.csv,QA_VALIDATED_PBP_V35,RELIEF_OR_BULK,MLB,False
824519-676571,824519,2026-05-13,WSH,CIN,A,676571,PJ Poulin,RELIEF_OR_BULK,2.0,6.0,1.0,1.0,0.0,6.0,0.0,1.0,False,False,26,5,3,1,0,1,1,1,0,,,,,,,,https://github.com/geo2343/depuracion-mlb-kernel/blob/main/runtime/hbm26_v35_sheet01_0513.csv,QA_VALIDATED_PBP_V35,RELIEF_OR_BULK,MLB,False
824519-680730,824519,2026-05-13,WSH,CIN,A,680730,Mitchell Parker,RELIEF_OR_BULK,3.0,39.0,9.0,3.0,0.0,0.0,0.0,0.0,False,False,44,10,9,0,0,0,1,2,0,,,,,,,,https://github.com/geo2343/depuracion-mlb-kernel/blob/main/runtime/hbm26_v35_sheet01_0513.csv,QA_VALIDATED_PBP_V35,RELIEF_OR_BULK,MLB,False
824519-681402,824519,2026-05-13,WSH,CIN,A,681402,Gus Varland,RELIEF_OR_BULK,2.0,28.0,5.0,1.0,0.0,28.0,0.0,5.0,False,False,11,4,3,0,0,1,0,0,0,,,,,,,,https://github.com/geo2343/depuracion-mlb-kernel/blob/main/runtime/hbm26_v35_sheet01_0513.csv,QA_VALIDATED_PBP_V35,RELIEF_OR_BULK,MLB,False
824519-687377,824519,2026-05-13,WSH,CIN,A,687377,Orlando Ribalta,RELIEF_OR_BULK,2.0,10.0,3.0,3.0,0.0,10.0,0.0,3.0,False,False,6,3,3,0,0,0,0,1,0,,,,,,,,https://github.com/geo2343/depuracion-mlb-kernel/blob/main/runtime/hbm26_v35_sheet01_0513.csv,QA_VALIDATED_PBP_V35,RELIEF_OR_BULK,MLB,False
824763-547973,824763,2026-05-13,BOS,PHI,H,547973,Aroldis Chapman,RELIEF_OR_BULK,4.0,18.0,3.0,3.0,0.0,0.0,0.0,0.0,False,False,22,5,3,0,0,0,2,3,0,,,,,,,,https://github.com/geo2343/depuracion-mlb-kernel/blob/main/runtime/hbm26_v35_sheet01_0513.csv,QA_VALIDATED_PBP_V35,RELIEF_OR_BULK,MLB,False
824763-621383,824763,2026-05-13,PHI,BOS,A,621383,Tanner Banks,RELIEF_OR_BULK,3.0,18.0,6.0,6.0,0.0,0.0,0.0,0.0,False,False,12,3,2,1,1,1,0,1,0,,,,,,,,https://github.com/geo2343/depuracion-mlb-kernel/blob/main/runtime/hbm26_v35_sheet01_0513.csv,QA_VALIDATED_PBP_V35,RELIEF_OR_BULK,MLB,False
824763-641745,824763,2026-05-13,PHI,BOS,A,641745,Brad Keller,RELIEF_OR_BULK,4.0,20.0,6.0,3.0,0.0,0.0,0.0,0.0,False,False,17,3,3,0,0,0,0,3,0,,,,,,,,https://github.com/geo2343/depuracion-mlb-kernel/blob/main/runtime/hbm26_v35_sheet01_0513.csv,QA_VALIDATED_PBP_V35,RELIEF_OR_BULK,MLB,False
824763-641835,824763,2026-05-13,PHI,BOS,A,641835,Tim Mayza,RELIEF_OR_BULK,3.0,3.0,1.0,1.0,0.0,0.0,0.0,0.0,False,False,10,3,3,0,0,1,0,0,0,,,,,,,,https://github.com/geo2343/depuracion-mlb-kernel/blob/main/runtime/hbm26_v35_sheet01_0513.csv,QA_VALIDATED_PBP_V35,RELIEF_OR_BULK,MLB,False
824763-676477,824763,2026-05-13,BOS,PHI,H,676477,Garrett Whitlock,RELIEF_OR_BULK,4.0,10.0,3.0,3.0,0.0,0.0,0.0,0.0,False,False,11,3,3,0,0,0,0,1,0,,,,,,,,https://github.com/geo2343/depuracion-mlb-kernel/blob/main/runtime/hbm26_v35_sheet01_0513.csv,QA_VALIDATED_PBP_V35,RELIEF_OR_BULK,MLB,False
824763-686580,824763,2026-05-13,BOS,PHI,H,686580,Justin Slaten,RELIEF_OR_BULK,2.0,15.0,3.0,3.0,0.0,15.0,0.0,3.0,False,False,14,4,3,0,0,1,0,0,0,,,,,,,,https://github.com/geo2343/depuracion-mlb-kernel/blob/main/runtime/hbm26_v35_sheet01_0513.csv,QA_VALIDATED_PBP_V35,RELIEF_OR_BULK,MLB,False
824763-689147,824763,2026-05-13,PHI,BOS,A,689147,Orion Kerkering,RELIEF_OR_BULK,3.0,14.0,3.0,3.0,0.0,0.0,0.0,0.0,False,False,11,3,1,1,1,2,0,0,1,,,,,,,,https://github.com/geo2343/depuracion-mlb-kernel/blob/main/runtime/hbm26_v35_sheet01_0513.csv,QA_VALIDATED_PBP_V35,RELIEF_OR_BULK,MLB,False
822815-605156,822815,2026-05-13,TB,TOR,A,605156,Aaron Brooks,RELIEF_OR_BULK,,,,,,,,,,,17,4,1,4,3,1,2,0,1,,,,,,,,https://github.com/geo2343/depuracion-mlb-kernel/blob/main/runtime/hbm26_v35_sheet01_0513.csv,QA_VALIDATED_PBP_V35,,,
822815-641329,822815,2026-05-13,TB,TOR,A,641329,Bryan Baker,RELIEF_OR_BULK,1.0,11.0,3.0,3.0,11.0,26.0,3.0,8.0,False,False,27,6,2,1,1,0,4,1,0,,,,,,,,https://github.com/geo2343/depuracion-mlb-kernel/blob/main/runtime/hbm26_v35_sheet01_0513.csv,QA_VALIDATED_PBP_V35,RELIEF_OR_BULK,MLB,False
822815-642121,822815,2026-05-13,TB,TOR,A,642121,Cole Sulser,RELIEF_OR_BULK,0.0,13.0,3.0,0.0,13.0,13.0,3.0,3.0,True,False,21,4,4,0,0,0,0,0,0,,,,,,,,https://github.com/geo2343/depuracion-mlb-kernel/blob/main/runtime/hbm26_v35_sheet01_0513.csv,QA_VALIDATED_PBP_V35,RELIEF_OR_BULK,MLB,False
822815-643511,822815,2026-05-13,TOR,TB,H,643511,Tyler Rogers,RELIEF_OR_BULK,0.0,16.0,3.0,3.0,16.0,16.0,3.0,3.0,True,False,14,4,2,0,0,1,1,1,0,,,,,,,,https://github.com/geo2343/depuracion-mlb-kernel/blob/main/runtime/hbm26_v35_sheet01_0513.csv,QA_VALIDATED_PBP_V35,RELIEF_OR_BULK,MLB,False
822815-656546,822815,2026-05-13,TOR,TB,H,656546,Jeff Hoffman,RELIEF_OR_BULK,0.0,27.0,5.0,3.0,27.0,27.0,5.0,5.0,True,False,18,5,3,2,1,2,0,0,0,,,,,,,,https://github.com/geo2343/depuracion-mlb-kernel/blob/main/runtime/hbm26_v35_sheet01_0513.csv,QA_VALIDATED_PBP_V35,RELIEF_OR_BULK,MLB,False
822815-664076,822815,2026-05-13,TB,TOR,A,664076,Garrett Cleavinger,RELIEF_OR_BULK,0.0,12.0,4.0,3.0,12.0,37.0,4.0,7.0,True,False,6,3,1,0,0,1,0,1,0,,,,,,,,https://github.com/geo2343/depuracion-mlb-kernel/blob/main/runtime/hbm26_v35_sheet01_0513.csv,QA_VALIDATED_PBP_V35,RELIEF_OR_BULK,MLB,False
822815-685801,822815,2026-05-13,TB,TOR,A,685801,Hunter Bigge,RELIEF_OR_BULK,1.0,15.0,5.0,5.0,15.0,15.0,5.0,5.0,False,False,16,3,3,0,0,0,0,0,0,,,,,,,,https://github.com/geo2343/depuracion-mlb-kernel/blob/main/runtime/hbm26_v35_sheet01_0513.csv,QA_VALIDATED_PBP_V35,RELIEF_OR_BULK,MLB,False
822815-686973,822815,2026-05-13,TOR,TB,H,686973,Louis Varland,RELIEF_OR_BULK,0.0,27.0,5.0,3.0,27.0,27.0,5.0,5.0,True,False,23,6,3,0,0,2,1,2,0,,,,,,,,https://github.com/geo2343/depuracion-mlb-kernel/blob/main/runtime/hbm26_v35_sheet01_0513.csv,QA_VALIDATED_PBP_V35,RELIEF_OR_BULK,MLB,False
822815-687330,822815,2026-05-13,TB,TOR,A,687330,Kevin Kelly,RELIEF_OR_BULK,0.0,18.0,4.0,3.0,18.0,38.0,4.0,8.0,True,False,2,1,2,0,0,0,0,0,0,,,,,,,,https://github.com/geo2343/depuracion-mlb-kernel/blob/main/runtime/hbm26_v35_sheet01_0513.csv,QA_VALIDATED_PBP_V35,RELIEF_OR_BULK,MLB,False
822815-689254,822815,2026-05-13,TOR,TB,H,689254,Mason Fluharty,RELIEF_OR_BULK,1.0,18.0,4.0,3.0,18.0,18.0,4.0,4.0,False,False,2,1,1,0,0,0,0,0,0,,,,,,,,https://github.com/geo2343/depuracion-mlb-kernel/blob/main/runtime/hbm26_v35_sheet01_0513.csv,QA_VALIDATED_PBP_V35,RELIEF_OR_BULK,MLB,False
823631-445276,823631,2026-05-13,DET,NYM,A,445276,Kenley Jansen,RELIEF_OR_BULK,2.0,12.0,3.0,3.0,0.0,12.0,0.0,3.0,False,False,14,3,3,0,0,0,0,3,0,,,,,,,,https://github.com/geo2343/depuracion-mlb-kernel/blob/main/runtime/hbm26_v35_sheet01_0513.csv,QA_VALIDATED_PBP_V35,RELIEF_OR_BULK,MLB,False
823631-548384,823631,2026-05-13,NYM,DET,H,548384,Brooks Raley,RELIEF_OR_BULK,0.0,18.0,5.0,3.0,18.0,18.0,5.0,5.0,True,False,17,4,3,0,0,0,1,1,0,,,,,,,,https://github.com/geo2343/depuracion-mlb-kernel/blob/main/runtime/hbm26_v35_sheet01_0513.csv,QA_VALIDATED_PBP_V35,RELIEF_OR_BULK,MLB,False
823631-596133,823631,2026-05-13,NYM,DET,H,596133,Luke Weaver,RELIEF_OR_BULK,4.0,24.0,6.0,3.0,0.0,0.0,0.0,0.0,False,False,23,5,3,0,0,1,1,1,0,,,,,,,,https://github.com/geo2343/depuracion-mlb-kernel/blob/main/runtime/hbm26_v35_sheet01_0513.csv,QA_VALIDATED_PBP_V35,RELIEF_OR_BULK,MLB,False
823631-623211,823631,2026-05-13,NYM,DET,H,623211,Huascar Brazobán,RELIEF_OR_BULK,2.0,30.0,6.0,3.0,0.0,30.0,0.0,6.0,False,False,25,7,7,0,0,0,0,2,0,,,,,,,,https://github.com/geo2343/depuracion-mlb-kernel/blob/main/runtime/hbm26_v35_sheet01_0513.csv,QA_VALIDATED_PBP_V35,STARTER,MLB,False
823631-623454,823631,2026-05-13,DET,NYM,A,623454,Drew Anderson,RELIEF_OR_BULK,2.0,39.0,11.0,6.0,0.0,39.0,0.0,11.0,False,False,8,2,1,1,0,1,0,1,0,,,,,,,,https://github.com/geo2343/depuracion-mlb-kernel/blob/main/runtime/hbm26_v35_sheet01_0513.csv,QA_VALIDATED_PBP_V35,RELIEF_OR_BULK,MLB,False
823631-640448,823631,2026-05-13,DET,NYM,A,640448,Kyle Finnegan,RELIEF_OR_BULK,2.0,19.0,6.0,5.0,0.0,19.0,0.0,6.0,False,False,16,4,4,0,0,1,0,1,0,,,,,,,,https://github.com/geo2343/depuracion-mlb-kernel/blob/main/runtime/hbm26_v35_sheet01_0513.csv,QA_VALIDATED_PBP_V35,RELIEF_OR_BULK,MLB,False
823631-642207,823631,2026-05-13,NYM,DET,H,642207,Devin Williams,RELIEF_OR_BULK,4.0,8.0,3.0,3.0,0.0,0.0,0.0,0.0,False,False,13,4,3,0,0,0,1,1,0,,,,,,,,https://github.com/geo2343/depuracion-mlb-kernel/blob/main/runtime/hbm26_v35_sheet01_0513.csv,QA_VALIDATED_PBP_V35,RELIEF_OR_BULK,MLB,False
824928-527048,824928,2026-05-13,ATL,CHC,H,527048,Martín Pérez,RELIEF_OR_BULK,6.0,84.0,22.0,17.0,0.0,0.0,0.0,0.0,False,False,12,3,3,0,0,0,0,2,0,,,,,,,,https://github.com/geo2343/depuracion-mlb-kernel/blob/main/runtime/hbm26_v35_sheet01_0513.csv,QA_VALIDATED_PBP_V35,STARTER,MLB,False
824928-628452,824928,2026-05-13,ATL,CHC,H,628452,Raisel Iglesias,RELIEF_OR_BULK,0.0,13.0,3.0,3.0,13.0,19.0,3.0,6.0,True,False,8,3,3,0,0,0,1,0,0,,,,,,,,https://github.com/geo2343/depuracion-mlb-kernel/blob/main/runtime/hbm26_v35_sheet01_0513.csv,QA_VALIDATED_PBP_V35,RELIEF_OR_BULK,MLB,False
824928-641755,824928,2026-05-13,ATL,CHC,H,641755,Tyler Kinley,RELIEF_OR_BULK,2.0,19.0,5.0,3.0,0.0,19.0,0.0,5.0,False,False,9,3,2,0,0,1,0,0,0,,,,,,,,https://github.com/geo2343/depuracion-mlb-kernel/blob/main/runtime/hbm26_v35_sheet01_0513.csv,QA_VALIDATED_PBP_V35,RELIEF_OR_BULK,MLB,False
824928-663158,824928,2026-05-13,ATL,CHC,H,663158,Robert Suarez,RELIEF_OR_BULK,2.0,30.0,6.0,4.0,0.0,30.0,0.0,6.0,False,False,21,5,3,0,0,1,1,2,0,,,,,,,,https://github.com/geo2343/depuracion-mlb-kernel/blob/main/runtime/hbm26_v35_sheet01_0513.csv,QA_VALIDATED_PBP_V35,RELIEF_OR_BULK,MLB,False
824928-664208,824928,2026-05-13,CHC,ATL,A,664208,Phil Maton,RELIEF_OR_BULK,2.0,13.0,4.0,4.0,0.0,13.0,0.0,4.0,False,False,17,5,3,2,2,3,0,1,1,,,,,,,,https://github.com/geo2343/depuracion-mlb-kernel/blob/main/runtime/hbm26_v35_sheet01_0513.csv,QA_VALIDATED_PBP_V35,RELIEF_OR_BULK,MLB,False
824928-669276,824928,2026-05-13,ATL,CHC,H,669276,Dylan Lee,RELIEF_OR_BULK,0.0,12.0,3.0,3.0,12.0,12.0,3.0,3.0,True,False,10,3,3,0,0,0,0,2,0,,,,,,,,https://github.com/geo2343/depuracion-mlb-kernel/blob/main/runtime/hbm26_v35_sheet01_0513.csv,QA_VALIDATED_PBP_V35,RELIEF_OR_BULK,MLB,False
823710-472610,823710,2026-05-13,MIN,MIA,H,472610,Luis García,RELIEF_OR_BULK,2.0,20.0,6.0,3.0,0.0,20.0,0.0,6.0,False,False,18,7,6,0,0,1,0,1,0,,,,,,,,https://github.com/geo2343/depuracion-mlb-kernel/blob/main/runtime/hbm26_v35_sheet01_0513.csv,QA_VALIDATED_PBP_V35,RELIEF_OR_BULK,MLB,False
823710-623437,823710,2026-05-13,MIN,MIA,H,623437,Justin Topa,RELIEF_OR_BULK,6.0,32.0,8.0,2.0,0.0,0.0,0.0,0.0,False,False,35,7,5,0,0,1,1,2,0,,,,,,,,https://github.com/geo2343/depuracion-mlb-kernel/blob/main/runtime/hbm26_v35_sheet01_0513.csv,QA_VALIDATED_PBP_V35,RELIEF_OR_BULK,MLB,False
823710-663969,823710,2026-05-13,MIA,MIN,A,663969,Tyler Phillips,RELIEF_OR_BULK,4.0,29.0,9.0,7.0,0.0,0.0,0.0,0.0,False,False,14,4,4,0,0,0,0,1,0,,,,,,,,https://github.com/geo2343/depuracion-mlb-kernel/blob/main/runtime/hbm26_v35_sheet01_0513.csv,QA_VALIDATED_PBP_V35,RELIEF_OR_BULK,MLB,False
823710-667463,823710,2026-05-13,MIA,MIN,A,667463,John King,RELIEF_OR_BULK,3.0,3.0,1.0,1.0,0.0,0.0,0.0,0.0,False,False,13,4,3,1,1,1,0,1,1,,,,,,,,https://github.com/geo2343/depuracion-mlb-kernel/blob/main/runtime/hbm26_v35_sheet01_0513.csv,QA_VALIDATED_PBP_V35,RELIEF_OR_BULK,MLB,False
823710-694795,823710,2026-05-13,MIA,MIN,A,694795,Josh Ekness,RELIEF_OR_BULK,0.0,31.0,6.0,3.0,31.0,34.0,6.0,7.0,True,False,18,4,3,0,0,0,1,2,0,,,,,,,,https://github.com/geo2343/depuracion-mlb-kernel/blob/main/runtime/hbm26_v35_sheet01_0513.csv,QA_VALIDATED_PBP_V35,RELIEF_OR_BULK,MLB,False
823710-701519,823710,2026-05-13,MIN,MIA,H,701519,Travis Adams,RELIEF_OR_BULK,2.0,43.0,10.0,4.0,0.0,43.0,0.0,10.0,False,False,29,10,7,1,1,2,0,3,0,,,,,,,,https://github.com/geo2343/depuracion-mlb-kernel/blob/main/runtime/hbm26_v35_sheet01_0513.csv,QA_VALIDATED_PBP_V35,RELIEF_OR_BULK,MLB,False
823791-592094,823791,2026-05-13,SD,MIL,A,592094,Jason Adam,RELIEF_OR_BULK,3.0,11.0,3.0,3.0,0.0,0.0,0.0,0.0,False,False,13,4,3,0,0,1,0,0,0,,,,,,,,https://github.com/geo2343/depuracion-mlb-kernel/blob/main/runtime/hbm26_v35_sheet01_0513.csv,QA_VALIDATED_PBP_V35,RELIEF_OR_BULK,MLB,False
823791-669093,823791,2026-05-13,SD,MIL,A,669093,Jeremiah Estrada,RELIEF_OR_BULK,2.0,17.0,3.0,2.0,0.0,17.0,0.0,3.0,False,False,15,4,4,0,0,1,0,0,0,,,,,,,,https://github.com/geo2343/depuracion-mlb-kernel/blob/main/runtime/hbm26_v35_sheet01_0513.csv,QA_VALIDATED_PBP_V35,RELIEF_OR_BULK,MLB,False
823791-676879,823791,2026-05-13,MIL,SD,H,676879,Aaron Ashby,RELIEF_OR_BULK,2.0,18.0,4.0,3.0,0.0,18.0,0.0,4.0,False,False,14,3,3,0,0,0,0,2,0,,,,,,,,https://github.com/geo2343/depuracion-mlb-kernel/blob/main/runtime/hbm26_v35_sheet01_0513.csv,QA_VALIDATED_PBP_V35,RELIEF_OR_BULK,MLB,False
823791-682842,823791,2026-05-13,MIL,SD,H,682842,Abner Uribe,RELIEF_OR_BULK,0.0,18.0,4.0,3.0,18.0,32.0,4.0,8.0,True,False,19,6,3,3,3,2,1,1,1,,,,,,,,https://github.com/geo2343/depuracion-mlb-kernel/blob/main/runtime/hbm26_v35_sheet01_0513.csv,QA_VALIDATED_PBP_V35,RELIEF_OR_BULK,MLB,False
823791-695243,823791,2026-05-13,SD,MIL,A,695243,Mason Miller,RELIEF_OR_BULK,3.0,29.0,7.0,4.0,0.0,0.0,0.0,0.0,False,False,20,4,3,0,0,1,0,2,0,,,,,,,,https://github.com/geo2343/depuracion-mlb-kernel/blob/main/runtime/hbm26_v35_sheet01_0513.csv,QA_VALIDATED_PBP_V35,RELIEF_OR_BULK,MLB,False
824603-622554,824603,2026-05-13,CWS,KC,H,622554,Seranthony Domínguez,RELIEF_OR_BULK,0.0,10.0,3.0,3.0,10.0,33.0,3.0,9.0,True,False,14,5,3,2,2,2,0,1,1,,,,,,,,https://github.com/geo2343/depuracion-mlb-kernel/blob/main/runtime/hbm26_v35_sheet01_0513.csv,QA_VALIDATED_PBP_V35,RELIEF_OR_BULK,MLB,False
824603-656638,824603,2026-05-13,KC,CWS,A,656638,Alex Lange,RELIEF_OR_BULK,2.0,17.0,5.0,5.0,0.0,17.0,0.0,5.0,False,False,13,3,3,0,0,0,0,1,0,,,,,,,,https://github.com/geo2343/depuracion-mlb-kernel/blob/main/runtime/hbm26_v35_sheet01_0513.csv,QA_VALIDATED_PBP_V35,RELIEF_OR_BULK,MLB,False
824603-656794,824603,2026-05-13,CWS,KC,H,656794,Sean Newcomb,RELIEF_OR_BULK,2.0,15.0,4.0,3.0,0.0,15.0,0.0,4.0,False,False,14,4,3,0,0,0,0,1,0,,,,,,,,https://github.com/geo2343/depuracion-mlb-kernel/blob/main/runtime/hbm26_v35_sheet01_0513.csv,QA_VALIDATED_PBP_V35,RELIEF_OR_BULK,MLB,False
824603-663855,824603,2026-05-13,CWS,KC,H,663855,Jordan Hicks,RELIEF_OR_BULK,6.0,11.0,3.0,3.0,0.0,0.0,0.0,0.0,False,False,21,5,3,0,0,1,0,3,0,,,,,,,,https://github.com/geo2343/depuracion-mlb-kernel/blob/main/runtime/hbm26_v35_sheet01_0513.csv,QA_VALIDATED_PBP_V35,RELIEF_OR_BULK,MLB,False
824603-670167,824603,2026-05-13,KC,CWS,A,670167,John Schreiber,RELIEF_OR_BULK,2.0,21.0,4.0,3.0,0.0,21.0,0.0,4.0,False,False,18,6,3,1,1,2,1,1,1,,,,,,,,https://github.com/geo2343/depuracion-mlb-kernel/blob/main/runtime/hbm26_v35_sheet01_0513.csv,QA_VALIDATED_PBP_V35,RELIEF_OR_BULK,MLB,False
824603-674444,824603,2026-05-13,KC,CWS,A,674444,Steven Cruz,RELIEF_OR_BULK,2.0,21.0,5.0,3.0,0.0,21.0,0.0,5.0,False,False,22,5,3,0,0,0,1,2,0,,,,,,,,https://github.com/geo2343/depuracion-mlb-kernel/blob/main/runtime/hbm26_v35_sheet01_0513.csv,QA_VALIDATED_PBP_V35,RELIEF_OR_BULK,MLB,False
824603-699823,824603,2026-05-13,CWS,KC,H,699823,Tyler Davis,RELIEF_OR_BULK,4.0,23.0,6.0,3.0,0.0,0.0,0.0,0.0,False,False,23,6,5,0,0,0,1,2,0,,,,,,,,https://github.com/geo2343/depuracion-mlb-kernel/blob/main/runtime/hbm26_v35_sheet01_0513.csv,QA_VALIDATED_PBP_V35,RELIEF_OR_BULK,MLB,False
822900-615698,822900,2026-05-13,TEX,AZ,H,615698,Cal Quantrill,RELIEF_OR_BULK,4.0,70.0,16.0,10.0,0.0,0.0,0.0,0.0,False,False,16,4,3,0,0,1,0,1,0,,,,,,,,https://github.com/geo2343/depuracion-mlb-kernel/blob/main/runtime/hbm26_v35_sheet01_0513.csv,QA_VALIDATED_PBP_V35,RELIEF_OR_BULK,MLB,False
822900-623149,822900,2026-05-13,AZ,TEX,A,623149,Paul Sewald,RELIEF_OR_BULK,1.0,15.0,4.0,3.0,15.0,15.0,4.0,4.0,False,False,20,6,2,3,3,3,1,1,0,,,,,,,,https://github.com/geo2343/depuracion-mlb-kernel/blob/main/runtime/hbm26_v35_sheet01_0513.csv,QA_VALIDATED_PBP_V35,RELIEF_OR_BULK,MLB,False
822900-641302,822900,2026-05-13,TEX,AZ,H,641302,Tyler Alexander,RELIEF_OR_BULK,1.0,17.0,5.0,5.0,17.0,17.0,5.0,5.0,False,False,21,5,3,0,0,0,1,1,0,,,,,,,,https://github.com/geo2343/depuracion-mlb-kernel/blob/main/runtime/hbm26_v35_sheet01_0513.csv,QA_VALIDATED_PBP_V35,RELIEF_OR_BULK,MLB,False
822900-656222,822900,2026-05-13,TEX,AZ,H,656222,Jalen Beeks,RELIEF_OR_BULK,1.0,15.0,5.0,3.0,15.0,15.0,5.0,5.0,False,False,23,4,1,1,1,1,2,0,0,,,,,,,,https://github.com/geo2343/depuracion-mlb-kernel/blob/main/runtime/hbm26_v35_sheet01_0513.csv,QA_VALIDATED_PBP_V35,RELIEF_OR_BULK,MLB,False
822900-656464,822900,2026-05-13,AZ,TEX,A,656464,Kevin Ginkel,RELIEF_OR_BULK,4.0,13.0,4.0,1.0,0.0,0.0,0.0,0.0,False,False,14,3,3,0,0,0,0,1,0,,,,,,,,https://github.com/geo2343/depuracion-mlb-kernel/blob/main/runtime/hbm26_v35_sheet01_0513.csv,QA_VALIDATED_PBP_V35,RELIEF_OR_BULK,MLB,False
822900-656641,822900,2026-05-13,TEX,AZ,H,656641,Jacob Latz,RELIEF_OR_BULK,0.0,12.0,3.0,3.0,12.0,32.0,3.0,9.0,True,False,22,4,0,3,3,3,1,0,0,,,,,,,,https://github.com/geo2343/depuracion-mlb-kernel/blob/main/runtime/hbm26_v35_sheet01_0513.csv,QA_VALIDATED_PBP_V35,RELIEF_OR_BULK,MLB,False
822900-666661,822900,2026-05-13,AZ,TEX,A,666661,Juan Morillo,RELIEF_OR_BULK,2.0,9.0,3.0,2.0,0.0,9.0,0.0,3.0,False,False,1,1,0,0,0,1,0,0,0,,,,,,,,https://github.com/geo2343/depuracion-mlb-kernel/blob/main/runtime/hbm26_v35_sheet01_0513.csv,QA_VALIDATED_PBP_V35,RELIEF_OR_BULK,MLB,False
822900-668390,822900,2026-05-13,TEX,AZ,H,668390,Cole Winn,RELIEF_OR_BULK,1.0,17.0,6.0,3.0,17.0,17.0,6.0,6.0,False,False,9,5,3,1,1,2,0,1,0,,,,,,,,https://github.com/geo2343/depuracion-mlb-kernel/blob/main/runtime/hbm26_v35_sheet01_0513.csv,QA_VALIDATED_PBP_V35,RELIEF_OR_BULK,MLB,False
822900-682608,822900,2026-05-13,TEX,AZ,H,682608,Peyton Gray,RELIEF_OR_BULK,1.0,29.0,9.0,8.0,29.0,29.0,9.0,9.0,False,False,11,2,2,0,0,0,0,0,0,,,,,,,,https://github.com/geo2343/depuracion-mlb-kernel/blob/main/runtime/hbm26_v35_sheet01_0513.csv,QA_VALIDATED_PBP_V35,RELIEF_OR_BULK,MLB,False
824195-595345,824195,2026-05-13,HOU,SEA,H,595345,Steven Okert,RELIEF_OR_BULK,1.0,12.0,3.0,3.0,12.0,12.0,3.0,3.0,False,False,18,4,4,0,0,0,0,2,0,,,,,,,,https://github.com/geo2343/depuracion-mlb-kernel/blob/main/runtime/hbm26_v35_sheet01_0513.csv,QA_VALIDATED_PBP_V35,RELIEF_OR_BULK,MLB,False
824195-650556,824195,2026-05-13,HOU,SEA,H,650556,Bryan Abreu,RELIEF_OR_BULK,3.0,5.0,1.0,1.0,0.0,0.0,0.0,0.0,False,False,17,4,3,0,0,0,1,1,0,,,,,,,,https://github.com/geo2343/depuracion-mlb-kernel/blob/main/runtime/hbm26_v35_sheet01_0513.csv,QA_VALIDATED_PBP_V35,RELIEF_OR_BULK,MLB,False
824195-660825,824195,2026-05-13,SEA,HOU,A,660825,Eduard Bazardo,RELIEF_OR_BULK,1.0,17.0,4.0,3.0,17.0,32.0,4.0,10.0,False,False,14,5,2,1,0,1,0,0,0,,,,,,,,https://github.com/geo2343/depuracion-mlb-kernel/blob/main/runtime/hbm26_v35_sheet01_0513.csv,QA_VALIDATED_PBP_V35,RELIEF_OR_BULK,MLB,False
824195-660853,824195,2026-05-13,HOU,SEA,H,660853,Enyel De Los Santos,RELIEF_OR_BULK,3.0,9.0,3.0,3.0,0.0,0.0,0.0,0.0,False,False,12,4,4,0,0,0,0,2,0,,,,,,,,https://github.com/geo2343/depuracion-mlb-kernel/blob/main/runtime/hbm26_v35_sheet01_0513.csv,QA_VALIDATED_PBP_V35,RELIEF_OR_BULK,MLB,False
824195-662253,824195,2026-05-13,SEA,HOU,A,662253,Andrés Muñoz,RELIEF_OR_BULK,1.0,14.0,4.0,3.0,14.0,14.0,4.0,4.0,False,False,14,4,3,0,0,1,0,3,0,,,,,,,,https://github.com/geo2343/depuracion-mlb-kernel/blob/main/runtime/hbm26_v35_sheet01_0513.csv,QA_VALIDATED_PBP_V35,RELIEF_OR_BULK,MLB,False
824195-681006,824195,2026-05-13,SEA,HOU,A,681006,Josh Simpson,RELIEF_OR_BULK,3.0,19.0,4.0,3.0,0.0,0.0,0.0,0.0,False,False,7,2,1,0,0,0,1,0,0,,,,,,,,https://github.com/geo2343/depuracion-mlb-kernel/blob/main/runtime/hbm26_v35_sheet01_0513.csv,QA_VALIDATED_PBP_V35,RELIEF_OR_BULK,MLB,False
824195-681867,824195,2026-05-13,SEA,HOU,A,681867,Cooper Criswell,RELIEF_OR_BULK,1.0,13.0,3.0,3.0,13.0,13.0,3.0,3.0,False,False,17,4,2,0,0,1,1,0,0,,,,,,,,https://github.com/geo2343/depuracion-mlb-kernel/blob/main/runtime/hbm26_v35_sheet01_0513.csv,QA_VALIDATED_PBP_V35,RELIEF_OR_BULK,MLB,False
824195-687911,824195,2026-05-13,HOU,SEA,H,687911,Bryan King,RELIEF_OR_BULK,1.0,15.0,4.0,3.0,15.0,15.0,4.0,4.0,False,False,34,7,3,1,1,1,3,0,0,,,,,,,,https://github.com/geo2343/depuracion-mlb-kernel/blob/main/runtime/hbm26_v35_sheet01_0513.csv,QA_VALIDATED_PBP_V35,RELIEF_OR_BULK,MLB,False
824195-689546,824195,2026-05-13,SEA,HOU,A,689546,Nick Davila,RELIEF_OR_BULK,1.0,14.0,4.0,3.0,14.0,14.0,4.0,4.0,False,False,11,3,3,0,0,0,0,0,0,,,,,,,,https://github.com/geo2343/depuracion-mlb-kernel/blob/main/runtime/hbm26_v35_sheet01_0513.csv,QA_VALIDATED_PBP_V35,RELIEF_OR_BULK,MLB,False
824195-695380,824195,2026-05-13,SEA,HOU,A,695380,Alex Hoppe,RELIEF_OR_BULK,0.0,23.0,6.0,6.0,23.0,23.0,6.0,6.0,True,False,6,1,0,1,0,1,0,0,0,,,,,,,,https://github.com/geo2343/depuracion-mlb-kernel/blob/main/runtime/hbm26_v35_sheet01_0513.csv,QA_VALIDATED_PBP_V35,RELIEF_OR_BULK,MLB,False
825010-663687,825010,2026-05-13,ATH,STL,H,663687,Hogan Harris,RELIEF_OR_BULK,3.0,14.0,3.0,3.0,0.0,0.0,0.0,0.0,False,False,9,2,1,0,0,1,0,1,0,,,,,,,,https://github.com/geo2343/depuracion-mlb-kernel/blob/main/runtime/hbm26_v35_sheet01_0513.csv,QA_VALIDATED_PBP_V35,RELIEF_OR_BULK,MLB,False
825010-665622,825010,2026-05-13,ATH,STL,H,665622,Luis Medina,RELIEF_OR_BULK,2.0,23.0,6.0,6.0,0.0,23.0,0.0,6.0,False,False,9,3,3,0,0,0,0,0,0,,,,,,,,https://github.com/geo2343/depuracion-mlb-kernel/blob/main/runtime/hbm26_v35_sheet01_0513.csv,QA_VALIDATED_PBP_V35,RELIEF_OR_BULK,MLB,False
825010-677865,825010,2026-05-13,STL,ATH,A,677865,Justin Bruihl,RELIEF_OR_BULK,3.0,15.0,4.0,3.0,0.0,0.0,0.0,0.0,False,False,11,3,1,1,1,2,0,0,0,,,,,,,,https://github.com/geo2343/depuracion-mlb-kernel/blob/main/runtime/hbm26_v35_sheet01_0513.csv,QA_VALIDATED_PBP_V35,RELIEF_OR_BULK,MLB,False
825010-678022,825010,2026-05-13,ATH,STL,H,678022,Jack Perkins,RELIEF_OR_BULK,4.0,25.0,4.0,2.0,0.0,0.0,0.0,0.0,False,False,18,5,3,0,0,1,0,1,0,,,,,,,,https://github.com/geo2343/depuracion-mlb-kernel/blob/main/runtime/hbm26_v35_sheet01_0513.csv,QA_VALIDATED_PBP_V35,RELIEF_OR_BULK,MLB,False
825010-686993,825010,2026-05-13,ATH,STL,H,686993,Justin Sterner,RELIEF_OR_BULK,2.0,12.0,3.0,2.0,0.0,12.0,0.0,3.0,False,False,13,4,2,1,1,2,0,1,0,,,,,,,,https://github.com/geo2343/depuracion-mlb-kernel/blob/main/runtime/hbm26_v35_sheet01_0513.csv,QA_VALIDATED_PBP_V35,RELIEF_OR_BULK,MLB,False
825010-694335,825010,2026-05-13,STL,ATH,A,694335,Matt Svanson,RELIEF_OR_BULK,3.0,16.0,4.0,3.0,0.0,0.0,0.0,0.0,False,False,17,4,3,0,0,1,0,1,0,,,,,,,,https://github.com/geo2343/depuracion-mlb-kernel/blob/main/runtime/hbm26_v35_sheet01_0513.csv,QA_VALIDATED_PBP_V35,RELIEF_OR_BULK,MLB,False
825010-700669,825010,2026-05-13,STL,ATH,A,700669,Gordon Graceffo,RELIEF_OR_BULK,2.0,7.0,3.0,1.0,0.0,7.0,0.0,3.0,False,False,14,6,5,1,1,1,0,0,1,,,,,,,,https://github.com/geo2343/depuracion-mlb-kernel/blob/main/runtime/hbm26_v35_sheet01_0513.csv,QA_VALIDATED_PBP_V35,RELIEF_OR_BULK,MLB,False
823952-656945,823952,2026-05-13,LAD,SF,H,656945,Tanner Scott,RELIEF_OR_BULK,4.0,11.0,3.0,3.0,0.0,0.0,0.0,0.0,False,False,14,4,3,0,0,1,0,0,0,,,,,,,,https://github.com/geo2343/depuracion-mlb-kernel/blob/main/runtime/hbm26_v35_sheet01_0513.csv,QA_VALIDATED_PBP_V35,RELIEF_OR_BULK,MLB,False
823952-663941,823952,2026-05-13,SF,LAD,A,663941,Tristan Beck,RELIEF_OR_BULK,,,,,,,,,,,36,8,6,0,0,2,0,0,0,,,,,,,,https://github.com/geo2343/depuracion-mlb-kernel/blob/main/runtime/hbm26_v35_sheet01_0513.csv,QA_VALIDATED_PBP_V35,,,
823952-666711,823952,2026-05-13,SF,LAD,A,666711,Joel Peguero,RELIEF_OR_BULK,0.0,8.0,3.0,2.0,8.0,38.0,3.0,10.0,True,False,12,4,4,0,0,0,1,0,0,,,,,,,,https://github.com/geo2343/depuracion-mlb-kernel/blob/main/runtime/hbm26_v35_sheet01_0513.csv,QA_VALIDATED_PBP_V35,RELIEF_OR_BULK,MLB,False
823952-669165,823952,2026-05-13,LAD,SF,H,669165,Kyle Hurt,RELIEF_OR_BULK,4.0,19.0,5.0,3.0,0.0,0.0,0.0,0.0,False,False,15,4,3,0,0,1,0,2,0,,,,,,,,https://github.com/geo2343/depuracion-mlb-kernel/blob/main/runtime/hbm26_v35_sheet01_0513.csv,QA_VALIDATED_PBP_V35,RELIEF_OR_BULK,MLB,False
823383-642701,823383,2026-05-14,PIT,COL,H,642701,Dennis Santana,RELIEF_OR_BULK,3.0,19.0,4.0,2.0,0.0,0.0,0.0,0.0,False,False,12,3,3,0,0,0,0,0,0,,,,,,,,https://github.com/geo2343/depuracion-mlb-kernel/blob/main/runtime/hbm26_v36_sheet01_0514.csv,QA_VALIDATED_PBP_V36,RELIEF_OR_BULK,MLB,False
823383-657514,823383,2026-05-14,COL,PIT,A,657514,Brennan Bernardino,RELIEF_OR_BULK,0.0,9.0,3.0,3.0,9.0,9.0,3.0,3.0,True,False,15,6,4,2,2,2,0,0,0,,,,,,,,https://github.com/geo2343/depuracion-mlb-kernel/blob/main/runtime/hbm26_v36_sheet01_0514.csv,QA_VALIDATED_PBP_V36,RELIEF_OR_BULK,MLB,False
823383-669387,823383,2026-05-14,PIT,COL,H,669387,Carmen Mlodzinski,RELIEF_OR_BULK,5.0,74.0,23.0,18.0,0.0,0.0,0.0,0.0,False,False,76,20,15,2,2,4,3,2,0,,,,,,,,https://github.com/geo2343/depuracion-mlb-kernel/blob/main/runtime/hbm26_v36_sheet01_0514.csv,QA_VALIDATED_PBP_V36,STARTER,MLB,False
823383-670990,823383,2026-05-14,PIT,COL,H,670990,Yohan Ramírez,RELIEF_OR_BULK,3.0,34.0,12.0,6.0,0.0,0.0,0.0,0.0,False,False,11,3,3,0,0,0,1,1,0,,,,,,,,https://github.com/geo2343/depuracion-mlb-kernel/blob/main/runtime/hbm26_v36_sheet01_0514.csv,QA_VALIDATED_PBP_V36,RELIEF_OR_BULK,MLB,False
823383-675848,823383,2026-05-14,COL,PIT,A,675848,Juan Mejia,RELIEF_OR_BULK,5.0,18.0,4.0,3.0,0.0,0.0,0.0,0.0,False,False,9,3,3,0,0,0,0,1,0,,,,,,,,https://github.com/geo2343/depuracion-mlb-kernel/blob/main/runtime/hbm26_v36_sheet01_0514.csv,QA_VALIDATED_PBP_V36,RELIEF_OR_BULK,MLB,False
823383-680767,823383,2026-05-14,COL,PIT,A,680767,Victor Vodnik,RELIEF_OR_BULK,1.0,26.0,6.0,2.0,26.0,26.0,6.0,6.0,False,False,16,5,2,1,1,2,1,1,0,,,,,,,,https://github.com/geo2343/depuracion-mlb-kernel/blob/main/runtime/hbm26_v36_sheet01_0514.csv,QA_VALIDATED_PBP_V36,RELIEF_OR_BULK,MLB,False
823383-681895,823383,2026-05-14,PIT,COL,H,681895,Evan Sisk,RELIEF_OR_BULK,0.0,17.0,4.0,4.0,17.0,17.0,4.0,4.0,True,False,15,3,3,0,0,0,0,1,0,,,,,,,,https://github.com/geo2343/depuracion-mlb-kernel/blob/main/runtime/hbm26_v36_sheet01_0514.csv,QA_VALIDATED_PBP_V36,RELIEF_OR_BULK,MLB,False
823383-685299,823383,2026-05-14,COL,PIT,A,685299,Tanner Gordon,RELIEF_OR_BULK,4.0,52.0,13.0,9.0,0.0,0.0,0.0,0.0,False,False,69,15,12,1,1,3,1,5,0,,,,,,,,https://github.com/geo2343/depuracion-mlb-kernel/blob/main/runtime/hbm26_v36_sheet01_0514.csv,QA_VALIDATED_PBP_V36,RELIEF_OR_BULK,MLB,False
824517-594580,824517,2026-05-14,CIN,WSH,H,594580,Sam Moll,RELIEF_OR_BULK,1.0,13.0,4.0,1.0,13.0,13.0,4.0,4.0,False,False,13,3,3,0,0,0,0,1,0,,,,,,,,https://github.com/geo2343/depuracion-mlb-kernel/blob/main/runtime/hbm26_v36_sheet01_0514.csv,QA_VALIDATED_PBP_V36,RELIEF_OR_BULK,MLB,False
824517-682825,824517,2026-05-14,CIN,WSH,H,682825,Luis Mey,RELIEF_OR_BULK,1.0,30.0,9.0,6.0,30.0,30.0,9.0,9.0,False,False,22,5,3,1,1,1,1,2,0,,,,,,,,https://github.com/geo2343/depuracion-mlb-kernel/blob/main/runtime/hbm26_v36_sheet01_0514.csv,QA_VALIDATED_PBP_V36,RELIEF_OR_BULK,MLB,False
824517-683175,824517,2026-05-14,CIN,WSH,H,683175,Connor Phillips,RELIEF_OR_BULK,1.0,32.0,7.0,5.0,32.0,32.0,7.0,7.0,False,False,12,3,3,0,0,0,0,0,0,,,,,,,,https://github.com/geo2343/depuracion-mlb-kernel/blob/main/runtime/hbm26_v36_sheet01_0514.csv,QA_VALIDATED_PBP_V36,RELIEF_OR_BULK,MLB,False
824517-687849,824517,2026-05-14,WSH,CIN,A,687849,Zak Kent,RELIEF_OR_BULK,1.0,20.0,6.0,3.0,20.0,20.0,6.0,6.0,False,False,42,10,8,2,2,2,0,2,1,,,,,,,,https://github.com/geo2343/depuracion-mlb-kernel/blob/main/runtime/hbm26_v36_sheet01_0514.csv,QA_VALIDATED_PBP_V36,RELIEF_OR_BULK,MLB,False
823630-518886,823630,2026-05-14,NYM,DET,H,518886,Craig Kimbrel,RELIEF_OR_BULK,4.0,19.0,5.0,3.0,0.0,0.0,0.0,0.0,False,False,19,3,3,0,0,0,0,1,0,,,,,,,,https://github.com/geo2343/depuracion-mlb-kernel/blob/main/runtime/hbm26_v36_sheet01_0514.csv,QA_VALIDATED_PBP_V36,RELIEF_OR_BULK,MLB,False
823630-646241,823630,2026-05-14,DET,NYM,A,646241,Enmanuel De Jesus,RELIEF_OR_BULK,1.0,14.0,6.0,4.0,14.0,14.0,6.0,6.0,False,False,19,5,2,1,1,1,1,0,0,,,,,,,,https://github.com/geo2343/depuracion-mlb-kernel/blob/main/runtime/hbm26_v36_sheet01_0514.csv,QA_VALIDATED_PBP_V36,RELIEF_OR_BULK,MLB,False
823630-663947,823630,2026-05-14,DET,NYM,A,663947,Tyler Holton,RELIEF_OR_BULK,1.0,19.0,4.0,4.0,19.0,19.0,4.0,4.0,False,False,7,3,1,2,2,2,0,0,1,,,,,,,,https://github.com/geo2343/depuracion-mlb-kernel/blob/main/runtime/hbm26_v36_sheet01_0514.csv,QA_VALIDATED_PBP_V36,RELIEF_OR_BULK,MLB,False
823630-668964,823630,2026-05-14,NYM,DET,H,668964,Tobias Myers,RELIEF_OR_BULK,3.0,12.0,4.0,3.0,0.0,0.0,0.0,0.0,False,False,10,4,3,1,1,1,0,1,1,,,,,,,,https://github.com/geo2343/depuracion-mlb-kernel/blob/main/runtime/hbm26_v36_sheet01_0514.csv,QA_VALIDATED_PBP_V36,RELIEF_OR_BULK,MLB,False
823630-669724,823630,2026-05-14,DET,NYM,A,669724,Brenan Hanifee,RELIEF_OR_BULK,3.0,10.0,4.0,2.0,0.0,0.0,0.0,0.0,False,False,14,4,3,1,1,1,0,0,1,,,,,,,,https://github.com/geo2343/depuracion-mlb-kernel/blob/main/runtime/hbm26_v36_sheet01_0514.csv,QA_VALIDATED_PBP_V36,STARTER,MLB,False
823630-676568,823630,2026-05-14,DET,NYM,A,676568,Ricky Vanasco,RELIEF_OR_BULK,1.0,38.0,9.0,3.0,38.0,38.0,9.0,9.0,False,False,32,7,4,1,1,2,1,0,1,,,,,,,,https://github.com/geo2343/depuracion-mlb-kernel/blob/main/runtime/hbm26_v36_sheet01_0514.csv,QA_VALIDATED_PBP_V36,RELIEF_OR_BULK,MLB,False
823709-667463,823709,2026-05-14,MIA,MIN,A,667463,John King,RELIEF_OR_BULK,0.0,13.0,4.0,3.0,13.0,13.0,4.0,4.0,True,False,17,7,3,3,3,3,1,0,0,,,,,,,,https://github.com/geo2343/depuracion-mlb-kernel/blob/main/runtime/hbm26_v36_sheet01_0514.csv,QA_VALIDATED_PBP_V36,RELIEF_OR_BULK,MLB,False
823709-669199,823709,2026-05-14,MIA,MIN,A,669199,Lake Bachar,RELIEF_OR_BULK,1.0,14.0,4.0,3.0,14.0,14.0,4.0,4.0,False,False,23,6,6,0,0,0,0,2,0,,,,,,,,https://github.com/geo2343/depuracion-mlb-kernel/blob/main/runtime/hbm26_v36_sheet01_0514.csv,QA_VALIDATED_PBP_V36,RELIEF_OR_BULK,MLB,False
823709-669622,823709,2026-05-14,MIA,MIN,A,669622,Anthony Bender,RELIEF_OR_BULK,5.0,12.0,3.0,3.0,0.0,0.0,0.0,0.0,False,False,19,6,6,0,0,0,0,1,0,,,,,,,,https://github.com/geo2343/depuracion-mlb-kernel/blob/main/runtime/hbm26_v36_sheet01_0514.csv,QA_VALIDATED_PBP_V36,RELIEF_OR_BULK,MLB,False
823709-676534,823709,2026-05-14,MIA,MIN,A,676534,Calvin Faucher,RELIEF_OR_BULK,3.0,25.0,6.0,6.0,0.0,0.0,0.0,0.0,False,False,24,6,5,1,0,2,0,1,0,,,,,,,,https://github.com/geo2343/depuracion-mlb-kernel/blob/main/runtime/hbm26_v36_sheet01_0514.csv,QA_VALIDATED_PBP_V36,RELIEF_OR_BULK,MLB,False
823709-696070,823709,2026-05-14,MIN,MIA,H,696070,Kendry Rojas,RELIEF_OR_BULK,3.0,60.0,17.0,10.0,0.0,0.0,0.0,0.0,False,False,41,9,6,1,1,1,2,3,0,,,,,,,,https://github.com/geo2343/depuracion-mlb-kernel/blob/main/runtime/hbm26_v36_sheet01_0514.csv,QA_VALIDATED_PBP_V36,RELIEF_OR_BULK,MLB,False
823789-663362,823789,2026-05-14,SD,MIL,A,663362,Matt Waldron,RELIEF_OR_BULK,1.0,59.0,17.0,8.0,59.0,59.0,17.0,17.0,False,False,27,7,6,0,0,1,0,4,0,,,,,,,,https://github.com/geo2343/depuracion-mlb-kernel/blob/main/runtime/hbm26_v36_sheet01_0514.csv,QA_VALIDATED_PBP_V36,RELIEF_OR_BULK,MLB,False
823789-669084,823789,2026-05-14,MIL,SD,H,669084,DL Hall,RELIEF_OR_BULK,3.0,20.0,5.0,3.0,0.0,0.0,0.0,0.0,False,False,18,4,3,0,0,0,1,1,0,,,,,,,,https://github.com/geo2343/depuracion-mlb-kernel/blob/main/runtime/hbm26_v36_sheet01_0514.csv,QA_VALIDATED_PBP_V36,RELIEF_OR_BULK,MLB,False
823789-673513,823789,2026-05-14,SD,MIL,A,673513,Yuki Matsui,RELIEF_OR_BULK,1.0,25.0,7.0,6.0,25.0,25.0,7.0,7.0,False,False,26,7,6,0,0,0,1,3,0,,,,,,,,https://github.com/geo2343/depuracion-mlb-kernel/blob/main/runtime/hbm26_v36_sheet01_0514.csv,QA_VALIDATED_PBP_V36,RELIEF_OR_BULK,MLB,False
823789-676760,823789,2026-05-14,SD,MIL,A,676760,Ron Marinaccio,RELIEF_OR_BULK,3.0,32.0,6.0,6.0,0.0,0.0,0.0,0.0,False,False,52,12,7,1,1,4,2,2,0,,,,,,,,https://github.com/geo2343/depuracion-mlb-kernel/blob/main/runtime/hbm26_v36_sheet01_0514.csv,QA_VALIDATED_PBP_V36,RELIEF_OR_BULK,MLB,False
823789-681982,823789,2026-05-14,MIL,SD,H,681982,Grant Anderson,RELIEF_OR_BULK,9.0,9.0,2.0,2.0,0.0,0.0,0.0,0.0,False,False,16,5,3,0,0,1,1,0,0,,,,,,,,https://github.com/geo2343/depuracion-mlb-kernel/blob/main/runtime/hbm26_v36_sheet01_0514.csv,QA_VALIDATED_PBP_V36,RELIEF_OR_BULK,MLB,False
823789-702153,823789,2026-05-14,MIL,SD,H,702153,Brian Fitzpatrick,RELIEF_OR_BULK,10.0,16.0,7.0,4.0,0.0,0.0,0.0,0.0,False,False,35,9,6,1,0,1,1,2,0,,,,,,,,https://github.com/geo2343/depuracion-mlb-kernel/blob/main/runtime/hbm26_v36_sheet01_0514.csv,QA_VALIDATED_PBP_V36,RELIEF_OR_BULK,MLB,False
824196-675989,824196,2026-05-14,HOU,SEA,H,675989,Cody Bolton,RELIEF_OR_BULK,3.0,50.0,11.0,6.0,0.0,0.0,0.0,0.0,False,False,56,15,10,1,1,3,2,2,0,,,,,,,,https://github.com/geo2343/depuracion-mlb-kernel/blob/main/runtime/hbm26_v36_sheet01_0514.csv,QA_VALIDATED_PBP_V36,RELIEF_OR_BULK,MLB,False
824196-682445,824196,2026-05-14,SEA,HOU,A,682445,Domingo Gonzalez,RELIEF_OR_BULK,1.0,16.0,5.0,3.0,16.0,16.0,5.0,5.0,False,False,35,8,6,0,0,1,1,2,0,,,,,,,,https://github.com/geo2343/depuracion-mlb-kernel/blob/main/runtime/hbm26_v36_sheet01_0514.csv,QA_VALIDATED_PBP_V36,RELIEF_OR_BULK,MLB,False
824196-689546,824196,2026-05-14,SEA,HOU,A,689546,Nick Davila,RELIEF_OR_BULK,0.0,11.0,3.0,3.0,11.0,25.0,3.0,7.0,True,False,25,5,4,0,0,0,1,0,0,,,,,,,,https://github.com/geo2343/depuracion-mlb-kernel/blob/main/runtime/hbm26_v36_sheet01_0514.csv,QA_VALIDATED_PBP_V36,RELIEF_OR_BULK,MLB,False
825008-592773,825008,2026-05-14,STL,ATH,A,592773,Ryne Stanek,RELIEF_OR_BULK,1.0,17.0,4.0,3.0,17.0,17.0,4.0,4.0,False,False,16,3,1,2,2,1,1,1,1,,,,,,,,https://github.com/geo2343/depuracion-mlb-kernel/blob/main/runtime/hbm26_v36_sheet01_0514.csv,QA_VALIDATED_PBP_V36,RELIEF_OR_BULK,MLB,False
825008-605130,825008,2026-05-14,ATH,STL,H,605130,Scott Barlow,RELIEF_OR_BULK,1.0,18.0,3.0,2.0,18.0,18.0,3.0,3.0,False,False,12,4,3,0,0,1,0,0,0,,,,,,,,https://github.com/geo2343/depuracion-mlb-kernel/blob/main/runtime/hbm26_v36_sheet01_0514.csv,QA_VALIDATED_PBP_V36,RELIEF_OR_BULK,MLB,False
825008-643410,825008,2026-05-14,ATH,STL,H,643410,Mark Leiter Jr.,RELIEF_OR_BULK,1.0,12.0,3.0,3.0,12.0,12.0,3.0,3.0,False,False,15,3,3,0,0,0,0,2,0,,,,,,,,https://github.com/geo2343/depuracion-mlb-kernel/blob/main/runtime/hbm26_v36_sheet01_0514.csv,QA_VALIDATED_PBP_V36,RELIEF_OR_BULK,MLB,False
825008-668941,825008,2026-05-14,STL,ATH,A,668941,JoJo Romero,RELIEF_OR_BULK,1.0,15.0,3.0,3.0,15.0,15.0,3.0,3.0,False,False,17,6,2,1,1,3,1,0,0,,,,,,,,https://github.com/geo2343/depuracion-mlb-kernel/blob/main/runtime/hbm26_v36_sheet01_0514.csv,QA_VALIDATED_PBP_V36,RELIEF_OR_BULK,MLB,False
825008-669270,825008,2026-05-14,ATH,STL,H,669270,Joel Kuhnel,RELIEF_OR_BULK,1.0,21.0,5.0,2.0,21.0,21.0,5.0,5.0,False,False,8,2,1,0,0,0,0,0,0,,,,,,,,https://github.com/geo2343/depuracion-mlb-kernel/blob/main/runtime/hbm26_v36_sheet01_0514.csv,QA_VALIDATED_PBP_V36,RELIEF_OR_BULK,MLB,False
825008-676617,825008,2026-05-14,STL,ATH,A,676617,Riley O'Brien,RELIEF_OR_BULK,1.0,13.0,3.0,3.0,13.0,13.0,3.0,3.0,False,False,16,4,3,0,0,0,0,2,0,,,,,,,,https://github.com/geo2343/depuracion-mlb-kernel/blob/main/runtime/hbm26_v36_sheet01_0514.csv,QA_VALIDATED_PBP_V36,RELIEF_OR_BULK,MLB,False
825008-678022,825008,2026-05-14,ATH,STL,H,678022,Jack Perkins,RELIEF_OR_BULK,0.0,18.0,5.0,3.0,18.0,18.0,5.0,5.0,True,False,23,6,2,2,2,3,0,0,0,,,,,,,,https://github.com/geo2343/depuracion-mlb-kernel/blob/main/runtime/hbm26_v36_sheet01_0514.csv,QA_VALIDATED_PBP_V36,RELIEF_OR_BULK,MLB,False
825008-686993,825008,2026-05-14,ATH,STL,H,686993,Justin Sterner,RELIEF_OR_BULK,0.0,13.0,4.0,2.0,13.0,13.0,4.0,4.0,True,False,11,3,3,0,0,1,0,0,0,,,,,,,,https://github.com/geo2343/depuracion-mlb-kernel/blob/main/runtime/hbm26_v36_sheet01_0514.csv,QA_VALIDATED_PBP_V36,RELIEF_OR_BULK,MLB,False
825008-694335,825008,2026-05-14,STL,ATH,A,694335,Matt Svanson,RELIEF_OR_BULK,0.0,17.0,4.0,3.0,17.0,17.0,4.0,4.0,True,False,13,4,3,0,0,1,0,2,0,,,,,,,,https://github.com/geo2343/depuracion-mlb-kernel/blob/main/runtime/hbm26_v36_sheet01_0514.csv,QA_VALIDATED_PBP_V36,RELIEF_OR_BULK,MLB,False
824762-621237,824762,2026-05-14,PHI,BOS,A,621237,José Alvarado,RELIEF_OR_BULK,1.0,6.0,2.0,2.0,6.0,6.0,2.0,2.0,False,False,21,6,3,1,1,2,0,1,0,,,,,,,,https://github.com/geo2343/depuracion-mlb-kernel/blob/main/runtime/hbm26_v36_sheet01_0514.csv,QA_VALIDATED_PBP_V36,RELIEF_OR_BULK,MLB,False
824762-641745,824762,2026-05-14,PHI,BOS,A,641745,Brad Keller,RELIEF_OR_BULK,0.0,17.0,3.0,3.0,17.0,17.0,3.0,3.0,True,False,15,4,3,0,0,1,0,2,0,,,,,,,,https://github.com/geo2343/depuracion-mlb-kernel/blob/main/runtime/hbm26_v36_sheet01_0514.csv,QA_VALIDATED_PBP_V36,RELIEF_OR_BULK,MLB,False
824762-661395,824762,2026-05-14,PHI,BOS,A,661395,Jhoan Duran,RELIEF_OR_BULK,1.0,21.0,5.0,3.0,21.0,21.0,5.0,5.0,False,False,17,4,3,0,0,0,1,3,0,,,,,,,,https://github.com/geo2343/depuracion-mlb-kernel/blob/main/runtime/hbm26_v36_sheet01_0514.csv,QA_VALIDATED_PBP_V36,RELIEF_OR_BULK,MLB,False
824762-670245,824762,2026-05-14,BOS,PHI,H,670245,Ryan Watson,RELIEF_OR_BULK,6.0,51.0,15.0,9.0,0.0,0.0,0.0,0.0,False,False,10,3,3,0,0,0,0,2,0,,,,,,,,https://github.com/geo2343/depuracion-mlb-kernel/blob/main/runtime/hbm26_v36_sheet01_0514.csv,QA_VALIDATED_PBP_V36,RELIEF_OR_BULK,MLB,False
824762-676477,824762,2026-05-14,BOS,PHI,H,676477,Garrett Whitlock,RELIEF_OR_BULK,0.0,11.0,3.0,3.0,11.0,11.0,3.0,3.0,True,False,11,3,3,0,0,0,0,2,0,,,,,,,,https://github.com/geo2343/depuracion-mlb-kernel/blob/main/runtime/hbm26_v36_sheet01_0514.csv,QA_VALIDATED_PBP_V36,RELIEF_OR_BULK,MLB,False
824762-677161,824762,2026-05-14,BOS,PHI,H,677161,Zack Kelly,RELIEF_OR_BULK,1.0,11.0,3.0,3.0,11.0,11.0,3.0,3.0,False,False,26,6,2,1,0,2,0,1,0,,,,,,,,https://github.com/geo2343/depuracion-mlb-kernel/blob/main/runtime/hbm26_v36_sheet01_0514.csv,QA_VALIDATED_PBP_V36,RELIEF_OR_BULK,MLB,False
824762-686580,824762,2026-05-14,BOS,PHI,H,686580,Justin Slaten,RELIEF_OR_BULK,0.0,14.0,4.0,3.0,14.0,14.0,4.0,4.0,True,False,8,3,2,0,0,1,0,1,0,,,,,,,,https://github.com/geo2343/depuracion-mlb-kernel/blob/main/runtime/hbm26_v36_sheet01_0514.csv,QA_VALIDATED_PBP_V36,RELIEF_OR_BULK,MLB,False
824762-701719,824762,2026-05-14,BOS,PHI,H,701719,Tyler Samaniego,RELIEF_OR_BULK,1.0,16.0,3.0,2.0,16.0,16.0,3.0,3.0,False,False,8,3,1,2,2,2,0,0,1,,,,,,,,https://github.com/geo2343/depuracion-mlb-kernel/blob/main/runtime/hbm26_v36_sheet01_0514.csv,QA_VALIDATED_PBP_V36,RELIEF_OR_BULK,MLB,False
824926-571948,824926,2026-05-14,CHC,ATL,A,571948,Hoby Milner,RELIEF_OR_BULK,3.0,11.0,3.0,2.0,0.0,0.0,0.0,0.0,False,False,25,7,6,0,0,1,0,1,0,,,,,,,,https://github.com/geo2343/depuracion-mlb-kernel/blob/main/runtime/hbm26_v36_sheet01_0514.csv,QA_VALIDATED_PBP_V36,RELIEF_OR_BULK,MLB,False
824926-607481,824926,2026-05-14,ATL,CHC,H,607481,Aaron Bummer,RELIEF_OR_BULK,5.0,9.0,3.0,3.0,0.0,0.0,0.0,0.0,False,False,14,4,4,0,0,0,0,1,0,,,,,,,,https://github.com/geo2343/depuracion-mlb-kernel/blob/main/runtime/hbm26_v36_sheet01_0514.csv,QA_VALIDATED_PBP_V36,RELIEF_OR_BULK,MLB,False
824926-625643,824926,2026-05-14,ATL,CHC,H,625643,Reynaldo López,RELIEF_OR_BULK,4.0,42.0,10.0,6.0,0.0,0.0,0.0,0.0,False,False,32,7,5,1,1,1,1,1,1,,,,,,,,https://github.com/geo2343/depuracion-mlb-kernel/blob/main/runtime/hbm26_v36_sheet01_0514.csv,QA_VALIDATED_PBP_V36,RELIEF_OR_BULK,MLB,False
824926-657097,824926,2026-05-14,CHC,ATL,A,657097,Jacob Webb,RELIEF_OR_BULK,1.0,13.0,3.0,3.0,13.0,13.0,3.0,3.0,False,False,16,4,3,0,0,1,0,1,0,,,,,,,,https://github.com/geo2343/depuracion-mlb-kernel/blob/main/runtime/hbm26_v36_sheet01_0514.csv,QA_VALIDATED_PBP_V36,RELIEF_OR_BULK,MLB,False
824926-664208,824926,2026-05-14,CHC,ATL,A,664208,Phil Maton,RELIEF_OR_BULK,0.0,17.0,5.0,3.0,17.0,17.0,5.0,5.0,True,False,14,4,3,0,0,1,0,2,0,,,,,,,,https://github.com/geo2343/depuracion-mlb-kernel/blob/main/runtime/hbm26_v36_sheet01_0514.csv,QA_VALIDATED_PBP_V36,RELIEF_OR_BULK,MLB,False
824926-694037,824926,2026-05-14,CHC,ATL,A,694037,Daniel Palencia,RELIEF_OR_BULK,3.0,15.0,4.0,2.0,0.0,0.0,0.0,0.0,False,False,16,4,3,0,0,1,0,2,0,,,,,,,,https://github.com/geo2343/depuracion-mlb-kernel/blob/main/runtime/hbm26_v36_sheet01_0514.csv,QA_VALIDATED_PBP_V36,RELIEF_OR_BULK,MLB,False
824602-656638,824602,2026-05-14,KC,CWS,A,656638,Alex Lange,RELIEF_OR_BULK,0.0,13.0,3.0,3.0,13.0,13.0,3.0,3.0,True,False,10,3,3,0,0,1,0,0,0,,,,,,,,https://github.com/geo2343/depuracion-mlb-kernel/blob/main/runtime/hbm26_v36_sheet01_0514.csv,QA_VALIDATED_PBP_V36,RELIEF_OR_BULK,MLB,False
824602-656794,824602,2026-05-14,CWS,KC,H,656794,Sean Newcomb,RELIEF_OR_BULK,0.0,14.0,4.0,3.0,14.0,14.0,4.0,4.0,True,False,26,7,6,0,0,1,0,1,0,,,,,,,,https://github.com/geo2343/depuracion-mlb-kernel/blob/main/runtime/hbm26_v36_sheet01_0514.csv,QA_VALIDATED_PBP_V36,RELIEF_OR_BULK,MLB,False
824602-668674,824602,2026-05-14,KC,CWS,A,668674,Lucas Erceg,RELIEF_OR_BULK,5.0,14.0,5.0,3.0,0.0,0.0,0.0,0.0,False,False,15,4,3,1,1,2,0,1,0,,,,,,,,https://github.com/geo2343/depuracion-mlb-kernel/blob/main/runtime/hbm26_v36_sheet01_0514.csv,QA_VALIDATED_PBP_V36,RELIEF_OR_BULK,MLB,False
824602-679883,824602,2026-05-14,KC,CWS,A,679883,Luinder Avila,RELIEF_OR_BULK,1.0,27.0,5.0,4.0,27.0,27.0,5.0,5.0,False,False,33,7,6,0,0,0,2,2,0,,,,,,,,https://github.com/geo2343/depuracion-mlb-kernel/blob/main/runtime/hbm26_v36_sheet01_0514.csv,QA_VALIDATED_PBP_V36,RELIEF_OR_BULK,MLB,False
824602-699823,824602,2026-05-14,CWS,KC,H,699823,Tyler Davis,RELIEF_OR_BULK,0.0,23.0,6.0,5.0,23.0,23.0,6.0,6.0,True,False,9,3,3,0,0,0,0,0,0,,,,,,,,https://github.com/geo2343/depuracion-mlb-kernel/blob/main/runtime/hbm26_v36_sheet01_0514.csv,QA_VALIDATED_PBP_V36,RELIEF_OR_BULK,MLB,False
823950-621366,823950,2026-05-14,SF,LAD,A,621366,Ryan Borucki,RELIEF_OR_BULK,3.0,24.0,7.0,6.0,0.0,0.0,0.0,0.0,False,False,13,4,4,0,0,0,0,0,0,,,,,,,,https://github.com/geo2343/depuracion-mlb-kernel/blob/main/runtime/hbm26_v36_sheet01_0514.csv,QA_VALIDATED_PBP_V36,RELIEF_OR_BULK,MLB,False
823950-656945,823950,2026-05-14,LAD,SF,H,656945,Tanner Scott,RELIEF_OR_BULK,0.0,14.0,4.0,3.0,14.0,14.0,4.0,4.0,True,False,9,3,3,0,0,0,0,2,0,,,,,,,,https://github.com/geo2343/depuracion-mlb-kernel/blob/main/runtime/hbm26_v36_sheet01_0514.csv,QA_VALIDATED_PBP_V36,RELIEF_OR_BULK,MLB,False
823950-657424,823950,2026-05-14,SF,LAD,A,657424,Matt Gage,RELIEF_OR_BULK,1.0,6.0,1.0,1.0,6.0,27.0,1.0,6.0,False,False,21,4,1,1,1,2,1,1,0,,,,,,,,https://github.com/geo2343/depuracion-mlb-kernel/blob/main/runtime/hbm26_v36_sheet01_0514.csv,QA_VALIDATED_PBP_V36,RELIEF_OR_BULK,MLB,False
823950-664141,823950,2026-05-14,SF,LAD,A,664141,JT Brubaker,RELIEF_OR_BULK,2.0,12.0,3.0,3.0,0.0,12.0,0.0,3.0,False,False,13,3,3,0,0,0,1,1,0,,,,,,,,https://github.com/geo2343/depuracion-mlb-kernel/blob/main/runtime/hbm26_v36_sheet01_0514.csv,QA_VALIDATED_PBP_V36,RELIEF_OR_BULK,MLB,False
823950-681911,823950,2026-05-14,LAD,SF,H,681911,Alex Vesia,RELIEF_OR_BULK,2.0,23.0,5.0,1.0,0.0,23.0,0.0,5.0,False,False,21,4,3,0,0,0,1,1,0,,,,,,,,https://github.com/geo2343/depuracion-mlb-kernel/blob/main/runtime/hbm26_v36_sheet01_0514.csv,QA_VALIDATED_PBP_V36,RELIEF_OR_BULK,MLB,False
823950-683618,823950,2026-05-14,LAD,SF,H,683618,Edgardo Henriquez,RELIEF_OR_BULK,1.0,14.0,4.0,3.0,14.0,14.0,4.0,4.0,False,False,17,3,3,0,0,0,0,1,0,,,,,,,,https://github.com/geo2343/depuracion-mlb-kernel/blob/main/runtime/hbm26_v36_sheet01_0514.csv,QA_VALIDATED_PBP_V36,RELIEF_OR_BULK,MLB,False
