824686-656464,824686,2026-05-01,AZ,CHC,A,656464,Kevin Ginkel,RELIEF_OR_BULK,1.0,26.0,5.0,4.0,26.0,26.0,5.0,5.0,False,False,14,3,3,0,0,0,0,0,0,,,,,,,,https://github.com/geo2343/depuracion-mlb-kernel/blob/main/runtime/hbm26_v23_sheet01_0501.csv,QA_VALIDATED_PBP_V23,RELIEF_OR_BULK,MLB,False
824686-657044,824686,2026-05-01,AZ,CHC,A,657044,Ryan Thompson,RELIEF_OR_BULK,2.0,8.0,2.0,2.0,0.0,8.0,0.0,2.0,False,False,19,6,4,0,0,1,1,0,0,,,,,,,,https://github.com/geo2343/depuracion-mlb-kernel/blob/main/runtime/hbm26_v23_sheet01_0501.csv,QA_VALIDATED_PBP_V23,RELIEF_OR_BULK,MLB,False
824686-657097,824686,2026-05-01,CHC,AZ,H,657097,Jacob Webb,RELIEF_OR_BULK,3.0,15.0,4.0,3.0,0.0,0.0,0.0,0.0,False,False,36,7,6,0,0,0,1,3,0,,,,,,,,https://github.com/geo2343/depuracion-mlb-kernel/blob/main/runtime/hbm26_v23_sheet01_0501.csv,QA_VALIDATED_PBP_V23,RELIEF_OR_BULK,MLB,False
824686-664208,824686,2026-05-01,CHC,AZ,H,664208,Phil Maton,RELIEF_OR_BULK,3.0,28.0,6.0,3.0,0.0,0.0,0.0,0.0,False,False,11,3,3,0,0,0,0,2,0,,,,,,,,https://github.com/geo2343/depuracion-mlb-kernel/blob/main/runtime/hbm26_v23_sheet01_0501.csv,QA_VALIDATED_PBP_V23,RELIEF_OR_BULK,MLB,False
824686-669020,824686,2026-05-01,CHC,AZ,H,669020,Ryan Rolison,RELIEF_OR_BULK,2.0,22.0,6.0,6.0,0.0,22.0,0.0,6.0,False,False,25,6,2,3,3,3,1,2,1,,,,,,,,https://github.com/geo2343/depuracion-mlb-kernel/blob/main/runtime/hbm26_v23_sheet01_0501.csv,QA_VALIDATED_PBP_V23,RELIEF_OR_BULK,MLB,False
824686-805299,824686,2026-05-01,AZ,CHC,A,805299,Brandyn Garcia,RELIEF_OR_BULK,,,,,,,,,,,20,6,6,0,0,0,0,2,0,,,,,,,,https://github.com/geo2343/depuracion-mlb-kernel/blob/main/runtime/hbm26_v23_sheet01_0501.csv,QA_VALIDATED_PBP_V23,,,
824287-572143,824287,2026-05-01,DET,TEX,H,572143,Burch Smith,RELIEF_OR_BULK,2.0,33.0,8.0,6.0,0.0,33.0,0.0,8.0,False,False,32,9,6,1,1,3,0,3,0,,,,,,,,https://github.com/geo2343/depuracion-mlb-kernel/blob/main/runtime/hbm26_v23_sheet01_0501.csv,QA_VALIDATED_PBP_V23,RELIEF_OR_BULK,MLB,False
824287-596001,824287,2026-05-01,TEX,DET,A,596001,Jakob Junis,RELIEF_OR_BULK,2.0,11.0,3.0,3.0,0.0,11.0,0.0,3.0,False,False,9,3,3,0,0,0,0,0,0,,,,,,,,https://github.com/geo2343/depuracion-mlb-kernel/blob/main/runtime/hbm26_v23_sheet01_0501.csv,QA_VALIDATED_PBP_V23,RELIEF_OR_BULK,MLB,False
824287-641302,824287,2026-05-01,TEX,DET,A,641302,Tyler Alexander,RELIEF_OR_BULK,4.0,11.0,5.0,3.0,0.0,0.0,0.0,0.0,False,False,14,4,3,0,0,1,0,0,0,,,,,,,,https://github.com/geo2343/depuracion-mlb-kernel/blob/main/runtime/hbm26_v23_sheet01_0501.csv,QA_VALIDATED_PBP_V23,RELIEF_OR_BULK,MLB,False
824287-646241,824287,2026-05-01,DET,TEX,H,646241,Enmanuel De Jesus,RELIEF_OR_BULK,9.0,49.0,13.0,4.0,0.0,0.0,0.0,0.0,False,False,17,4,4,0,0,0,1,1,0,,,,,,,,https://github.com/geo2343/depuracion-mlb-kernel/blob/main/runtime/hbm26_v23_sheet01_0501.csv,QA_VALIDATED_PBP_V23,RELIEF_OR_BULK,MLB,False
824287-656222,824287,2026-05-01,TEX,DET,A,656222,Jalen Beeks,RELIEF_OR_BULK,2.0,15.0,4.0,3.0,0.0,15.0,0.0,4.0,False,False,22,6,5,0,0,1,0,1,0,,,,,,,,https://github.com/geo2343/depuracion-mlb-kernel/blob/main/runtime/hbm26_v23_sheet01_0501.csv,QA_VALIDATED_PBP_V23,RELIEF_OR_BULK,MLB,False
824287-656641,824287,2026-05-01,TEX,DET,A,656641,Jacob Latz,RELIEF_OR_BULK,1.0,27.0,7.0,6.0,27.0,27.0,7.0,7.0,False,False,15,3,3,0,0,0,0,1,0,,,,,,,,https://github.com/geo2343/depuracion-mlb-kernel/blob/main/runtime/hbm26_v23_sheet01_0501.csv,QA_VALIDATED_PBP_V23,RELIEF_OR_BULK,MLB,False
824287-668390,824287,2026-05-01,TEX,DET,A,668390,Cole Winn,RELIEF_OR_BULK,2.0,20.0,4.0,3.0,0.0,20.0,0.0,4.0,False,False,25,4,2,1,1,1,1,1,0,,,,,,,,https://github.com/geo2343/depuracion-mlb-kernel/blob/main/runtime/hbm26_v23_sheet01_0501.csv,QA_VALIDATED_PBP_V23,RELIEF_OR_BULK,MLB,False
824287-669724,824287,2026-05-01,DET,TEX,H,669724,Brenan Hanifee,RELIEF_OR_BULK,4.0,18.0,4.0,3.0,0.0,0.0,0.0,0.0,False,False,13,4,3,0,0,1,0,1,0,,,,,,,,https://github.com/geo2343/depuracion-mlb-kernel/blob/main/runtime/hbm26_v23_sheet01_0501.csv,QA_VALIDATED_PBP_V23,RELIEF_OR_BULK,MLB,False
824287-676428,824287,2026-05-01,DET,TEX,H,676428,Brant Hurter,RELIEF_OR_BULK,2.0,30.0,9.0,8.0,0.0,30.0,0.0,9.0,False,False,13,4,3,0,0,0,0,2,0,,,,,,,,https://github.com/geo2343/depuracion-mlb-kernel/blob/main/runtime/hbm26_v23_sheet01_0501.csv,QA_VALIDATED_PBP_V23,RELIEF_OR_BULK,MLB,False
822744-668834,822744,2026-05-01,MIL,WSH,A,668834,Easton McGee,RELIEF_OR_BULK,20.0,7.0,3.0,3.0,0.0,0.0,0.0,0.0,False,False,15,3,3,0,0,0,1,1,0,,,,,,,,https://github.com/geo2343/depuracion-mlb-kernel/blob/main/runtime/hbm26_v23_sheet01_0501.csv,QA_VALIDATED_PBP_V23,RELIEF_OR_BULK,MLB,False
822744-672335,822744,2026-05-01,WSH,MIL,H,672335,Cionel Pérez,RELIEF_OR_BULK,1.0,16.0,3.0,3.0,16.0,16.0,3.0,3.0,False,False,27,8,6,0,0,2,0,0,0,,,,,,,,https://github.com/geo2343/depuracion-mlb-kernel/blob/main/runtime/hbm26_v23_sheet01_0501.csv,QA_VALIDATED_PBP_V23,RELIEF_OR_BULK,MLB,False
822744-676879,822744,2026-05-01,MIL,WSH,A,676879,Aaron Ashby,RELIEF_OR_BULK,4.0,28.0,6.0,3.0,0.0,0.0,0.0,0.0,False,False,45,12,8,1,1,2,2,4,0,,,,,,,,https://github.com/geo2343/depuracion-mlb-kernel/blob/main/runtime/hbm26_v23_sheet01_0501.csv,QA_VALIDATED_PBP_V23,RELIEF_OR_BULK,MLB,False
822744-687606,822744,2026-05-01,WSH,MIL,H,687606,Paxton Schultz,RELIEF_OR_BULK,1.0,14.0,5.0,3.0,14.0,14.0,5.0,5.0,False,False,17,5,3,0,0,1,0,1,0,,,,,,,,https://github.com/geo2343/depuracion-mlb-kernel/blob/main/runtime/hbm26_v23_sheet01_0501.csv,QA_VALIDATED_PBP_V23,RELIEF_OR_BULK,MLB,False
822744-701552,822744,2026-05-01,WSH,MIL,H,701552,Andre Granillo,RELIEF_OR_BULK,2.0,32.0,8.0,6.0,0.0,32.0,0.0,8.0,False,False,40,8,3,2,0,3,1,1,0,,,,,,,,https://github.com/geo2343/depuracion-mlb-kernel/blob/main/runtime/hbm26_v23_sheet01_0501.csv,QA_VALIDATED_PBP_V23,RELIEF_OR_BULK,MLB,False
823389-572955,823389,2026-05-01,CIN,PIT,A,572955,Pierce Johnson,RELIEF_OR_BULK,4.0,14.0,4.0,2.0,0.0,0.0,0.0,0.0,False,False,29,7,3,1,1,2,2,0,0,,,,,,,,https://github.com/geo2343/depuracion-mlb-kernel/blob/main/runtime/hbm26_v23_sheet01_0501.csv,QA_VALIDATED_PBP_V23,RELIEF_OR_BULK,MLB,False
823389-594580,823389,2026-05-01,CIN,PIT,A,594580,Sam Moll,RELIEF_OR_BULK,4.0,10.0,3.0,1.0,0.0,0.0,0.0,0.0,False,False,10,2,2,0,0,0,0,1,0,,,,,,,,https://github.com/geo2343/depuracion-mlb-kernel/blob/main/runtime/hbm26_v23_sheet01_0501.csv,QA_VALIDATED_PBP_V23,RELIEF_OR_BULK,MLB,False
823389-664875,823389,2026-05-01,PIT,CIN,H,664875,Justin Lawrence,RELIEF_OR_BULK,3.0,9.0,3.0,3.0,0.0,0.0,0.0,0.0,False,False,13,3,3,0,0,0,0,0,0,,,,,,,,https://github.com/geo2343/depuracion-mlb-kernel/blob/main/runtime/hbm26_v23_sheet01_0501.csv,QA_VALIDATED_PBP_V23,RELIEF_OR_BULK,MLB,False
823389-681895,823389,2026-05-01,PIT,CIN,H,681895,Evan Sisk,RELIEF_OR_BULK,1.0,27.0,6.0,4.0,27.0,27.0,6.0,6.0,False,False,15,3,3,0,0,0,0,2,0,,,,,,,,https://github.com/geo2343/depuracion-mlb-kernel/blob/main/runtime/hbm26_v23_sheet01_0501.csv,QA_VALIDATED_PBP_V23,RELIEF_OR_BULK,MLB,False
823389-682825,823389,2026-05-01,CIN,PIT,A,682825,Luis Mey,RELIEF_OR_BULK,1.0,32.0,9.0,6.0,32.0,32.0,9.0,9.0,False,False,27,4,3,0,0,0,1,1,0,,,,,,,,https://github.com/geo2343/depuracion-mlb-kernel/blob/main/runtime/hbm26_v23_sheet01_0501.csv,QA_VALIDATED_PBP_V23,RELIEF_OR_BULK,MLB,False
823389-687209,823389,2026-05-01,CIN,PIT,A,687209,Zach Maxwell,RELIEF_OR_BULK,,,,,,,,,,,42,8,3,4,4,3,2,1,2,,,,,,,,https://github.com/geo2343/depuracion-mlb-kernel/blob/main/runtime/hbm26_v23_sheet01_0501.csv,QA_VALIDATED_PBP_V23,,,
823557-518585,823557,2026-05-01,NYY,BAL,H,518585,Fernando Cruz,RELIEF_OR_BULK,1.0,21.0,4.0,3.0,21.0,38.0,4.0,9.0,False,False,6,2,2,0,0,0,0,0,0,,,,,,,,https://github.com/geo2343/depuracion-mlb-kernel/blob/main/runtime/hbm26_v23_sheet01_0501.csv,QA_VALIDATED_PBP_V23,RELIEF_OR_BULK,MLB,False
823557-544150,823557,2026-05-01,BAL,NYY,A,544150,Albert Suárez,RELIEF_OR_BULK,5.0,59.0,17.0,12.0,0.0,0.0,0.0,0.0,False,False,65,13,8,1,1,1,4,3,0,,,,,,,,https://github.com/geo2343/depuracion-mlb-kernel/blob/main/runtime/hbm26_v23_sheet01_0501.csv,QA_VALIDATED_PBP_V23,RELIEF_OR_BULK,MLB,False
823557-656234,823557,2026-05-01,NYY,BAL,H,656234,Jake Bird,RELIEF_OR_BULK,1.0,15.0,5.0,3.0,15.0,15.0,5.0,5.0,False,False,19,4,3,0,0,0,1,1,0,,,,,,,,https://github.com/geo2343/depuracion-mlb-kernel/blob/main/runtime/hbm26_v23_sheet01_0501.csv,QA_VALIDATED_PBP_V23,RELIEF_OR_BULK,MLB,False
823557-666808,823557,2026-05-01,NYY,BAL,H,666808,Camilo Doval,RELIEF_OR_BULK,3.0,16.0,4.0,3.0,0.0,0.0,0.0,0.0,False,False,11,3,3,0,0,0,0,2,0,,,,,,,,https://github.com/geo2343/depuracion-mlb-kernel/blob/main/runtime/hbm26_v23_sheet01_0501.csv,QA_VALIDATED_PBP_V23,RELIEF_OR_BULK,MLB,False
823557-669330,823557,2026-05-01,BAL,NYY,A,669330,Tyler Wells,RELIEF_OR_BULK,0.0,16.0,4.0,3.0,16.0,16.0,4.0,4.0,True,False,25,7,4,1,1,3,0,1,0,,,,,,,,https://github.com/geo2343/depuracion-mlb-kernel/blob/main/runtime/hbm26_v23_sheet01_0501.csv,QA_VALIDATED_PBP_V23,RELIEF_OR_BULK,MLB,False
822990-641329,822990,2026-05-01,TB,SF,H,641329,Bryan Baker,RELIEF_OR_BULK,3.0,23.0,5.0,3.0,0.0,0.0,0.0,0.0,False,False,12,3,3,0,0,0,0,1,0,,,,,,,,https://github.com/geo2343/depuracion-mlb-kernel/blob/main/runtime/hbm26_v23_sheet01_0501.csv,QA_VALIDATED_PBP_V23,RELIEF_OR_BULK,MLB,False
822990-642121,822990,2026-05-01,TB,SF,H,642121,Cole Sulser,RELIEF_OR_BULK,2.0,16.0,5.0,3.0,0.0,16.0,0.0,5.0,False,False,10,3,3,0,0,0,0,1,0,,,,,,,,https://github.com/geo2343/depuracion-mlb-kernel/blob/main/runtime/hbm26_v23_sheet01_0501.csv,QA_VALIDATED_PBP_V23,RELIEF_OR_BULK,MLB,False
822990-664141,822990,2026-05-01,SF,TB,A,664141,JT Brubaker,RELIEF_OR_BULK,6.0,54.0,13.0,9.0,0.0,0.0,0.0,0.0,False,False,21,6,5,0,0,1,0,1,0,,,,,,,,https://github.com/geo2343/depuracion-mlb-kernel/blob/main/runtime/hbm26_v23_sheet01_0501.csv,QA_VALIDATED_PBP_V23,RELIEF_OR_BULK,MLB,False
822990-693855,822990,2026-05-01,TB,SF,H,693855,Ian Seymour,RELIEF_OR_BULK,2.0,10.0,4.0,2.0,0.0,10.0,0.0,4.0,False,False,14,4,3,0,0,1,0,0,0,,,,,,,,https://github.com/geo2343/depuracion-mlb-kernel/blob/main/runtime/hbm26_v23_sheet01_0501.csv,QA_VALIDATED_PBP_V23,RELIEF_OR_BULK,MLB,False
823877-621237,823877,2026-05-01,PHI,MIA,A,621237,José Alvarado,RELIEF_OR_BULK,0.0,17.0,5.0,2.0,17.0,17.0,5.0,5.0,True,False,10,3,1,0,0,2,0,1,0,,,,,,,,https://github.com/geo2343/depuracion-mlb-kernel/blob/main/runtime/hbm26_v23_sheet01_0501.csv,QA_VALIDATED_PBP_V23,RELIEF_OR_BULK,MLB,False
823877-641745,823877,2026-05-01,PHI,MIA,A,641745,Brad Keller,RELIEF_OR_BULK,0.0,20.0,4.0,3.0,20.0,20.0,4.0,4.0,True,False,26,5,3,1,1,1,1,2,0,,,,,,,,https://github.com/geo2343/depuracion-mlb-kernel/blob/main/runtime/hbm26_v23_sheet01_0501.csv,QA_VALIDATED_PBP_V23,RELIEF_OR_BULK,MLB,False
823877-669199,823877,2026-05-01,MIA,PHI,H,669199,Lake Bachar,RELIEF_OR_BULK,6.0,31.0,8.0,6.0,0.0,0.0,0.0,0.0,False,False,28,7,7,0,0,0,0,3,0,,,,,,,,https://github.com/geo2343/depuracion-mlb-kernel/blob/main/runtime/hbm26_v23_sheet01_0501.csv,QA_VALIDATED_PBP_V23,RELIEF_OR_BULK,MLB,False
823877-680742,823877,2026-05-01,PHI,MIA,A,680742,Jonathan Bowlan,RELIEF_OR_BULK,0.0,22.0,5.0,3.0,22.0,22.0,5.0,5.0,True,False,31,5,2,3,3,2,1,0,0,,,,,,,,https://github.com/geo2343/depuracion-mlb-kernel/blob/main/runtime/hbm26_v23_sheet01_0501.csv,QA_VALIDATED_PBP_V23,RELIEF_OR_BULK,MLB,False
823877-689147,823877,2026-05-01,PHI,MIA,A,689147,Orion Kerkering,RELIEF_OR_BULK,0.0,17.0,4.0,2.0,17.0,37.0,4.0,7.0,True,False,13,4,3,0,0,0,0,1,0,,,,,,,,https://github.com/geo2343/depuracion-mlb-kernel/blob/main/runtime/hbm26_v23_sheet01_0501.csv,QA_VALIDATED_PBP_V23,RELIEF_OR_BULK,MLB,False
823877-806188,823877,2026-05-01,MIA,PHI,H,806188,Cade Gibson,RELIEF_OR_BULK,,,,,,,,,,,50,11,5,4,4,5,1,1,1,,,,,,,,https://github.com/geo2343/depuracion-mlb-kernel/blob/main/runtime/hbm26_v23_sheet01_0501.csv,QA_VALIDATED_PBP_V23,,,
824772-543056,824772,2026-05-01,BOS,HOU,H,543056,Danny Coulombe,RELIEF_OR_BULK,5.0,15.0,4.0,3.0,0.0,0.0,0.0,0.0,False,False,8,3,2,0,0,1,0,0,0,,,,,,,,https://github.com/geo2343/depuracion-mlb-kernel/blob/main/runtime/hbm26_v23_sheet01_0501.csv,QA_VALIDATED_PBP_V23,RELIEF_OR_BULK,MLB,False
824772-547973,824772,2026-05-01,BOS,HOU,H,547973,Aroldis Chapman,RELIEF_OR_BULK,4.0,7.0,3.0,3.0,0.0,0.0,0.0,0.0,False,False,16,4,3,0,0,1,0,1,0,,,,,,,,https://github.com/geo2343/depuracion-mlb-kernel/blob/main/runtime/hbm26_v23_sheet01_0501.csv,QA_VALIDATED_PBP_V23,RELIEF_OR_BULK,MLB,False
824772-656986,824772,2026-05-01,HOU,BOS,A,656986,Bennett Sousa,RELIEF_OR_BULK,2.0,13.0,3.0,3.0,0.0,13.0,0.0,3.0,False,False,12,3,3,0,0,0,0,1,0,,,,,,,,https://github.com/geo2343/depuracion-mlb-kernel/blob/main/runtime/hbm26_v23_sheet01_0501.csv,QA_VALIDATED_PBP_V23,RELIEF_OR_BULK,MLB,False
824772-676477,824772,2026-05-01,BOS,HOU,H,676477,Garrett Whitlock,RELIEF_OR_BULK,1.0,15.0,4.0,3.0,15.0,15.0,4.0,4.0,False,False,16,5,3,0,0,2,0,0,0,,,,,,,,https://github.com/geo2343/depuracion-mlb-kernel/blob/main/runtime/hbm26_v23_sheet01_0501.csv,QA_VALIDATED_PBP_V23,RELIEF_OR_BULK,MLB,False
824772-677161,824772,2026-05-01,BOS,HOU,H,677161,Zack Kelly,RELIEF_OR_BULK,2.0,20.0,5.0,3.0,0.0,20.0,0.0,5.0,False,False,19,6,4,0,0,2,0,2,0,,,,,,,,https://github.com/geo2343/depuracion-mlb-kernel/blob/main/runtime/hbm26_v23_sheet01_0501.csv,QA_VALIDATED_PBP_V23,RELIEF_OR_BULK,MLB,False
824772-687911,824772,2026-05-01,HOU,BOS,A,687911,Bryan King,RELIEF_OR_BULK,4.0,11.0,3.0,3.0,0.0,0.0,0.0,0.0,False,False,14,4,3,0,0,2,0,0,0,,,,,,,,https://github.com/geo2343/depuracion-mlb-kernel/blob/main/runtime/hbm26_v23_sheet01_0501.csv,QA_VALIDATED_PBP_V23,RELIEF_OR_BULK,MLB,False
823713-472610,823713,2026-05-01,MIN,TOR,H,472610,Luis García,RELIEF_OR_BULK,2.0,23.0,6.0,3.0,0.0,23.0,0.0,6.0,False,False,9,3,3,0,0,0,0,0,0,,,,,,,,https://github.com/geo2343/depuracion-mlb-kernel/blob/main/runtime/hbm26_v23_sheet01_0501.csv,QA_VALIDATED_PBP_V23,RELIEF_OR_BULK,MLB,False
823713-573124,823713,2026-05-01,MIN,TOR,H,573124,Taylor Rogers,RELIEF_OR_BULK,1.0,13.0,3.0,2.0,13.0,13.0,3.0,3.0,False,False,8,4,3,0,0,1,0,0,0,,,,,,,,https://github.com/geo2343/depuracion-mlb-kernel/blob/main/runtime/hbm26_v23_sheet01_0501.csv,QA_VALIDATED_PBP_V23,RELIEF_OR_BULK,MLB,False
823713-643511,823713,2026-05-01,TOR,MIN,A,643511,Tyler Rogers,RELIEF_OR_BULK,2.0,14.0,3.0,3.0,0.0,14.0,0.0,3.0,False,False,9,3,3,0,0,0,0,2,0,,,,,,,,https://github.com/geo2343/depuracion-mlb-kernel/blob/main/runtime/hbm26_v23_sheet01_0501.csv,QA_VALIDATED_PBP_V23,RELIEF_OR_BULK,MLB,False
823713-656546,823713,2026-05-01,TOR,MIN,A,656546,Jeff Hoffman,RELIEF_OR_BULK,2.0,10.0,3.0,3.0,0.0,10.0,0.0,3.0,False,False,16,6,3,1,1,3,0,1,0,,,,,,,,https://github.com/geo2343/depuracion-mlb-kernel/blob/main/runtime/hbm26_v23_sheet01_0501.csv,QA_VALIDATED_PBP_V23,RELIEF_OR_BULK,MLB,False
823713-679358,823713,2026-05-01,MIN,TOR,H,679358,Eric Orze,RELIEF_OR_BULK,1.0,28.0,5.0,1.0,28.0,28.0,5.0,5.0,False,False,33,9,7,1,1,1,1,1,0,,,,,,,,https://github.com/geo2343/depuracion-mlb-kernel/blob/main/runtime/hbm26_v23_sheet01_0501.csv,QA_VALIDATED_PBP_V23,RELIEF_OR_BULK,MLB,False
823713-680755,823713,2026-05-01,TOR,MIN,A,680755,Braydon Fisher,RELIEF_OR_BULK,1.0,17.0,5.0,5.0,17.0,17.0,5.0,5.0,False,False,9,2,2,0,0,0,0,1,0,,,,,,,,https://github.com/geo2343/depuracion-mlb-kernel/blob/main/runtime/hbm26_v23_sheet01_0501.csv,QA_VALIDATED_PBP_V23,RELIEF_OR_BULK,MLB,False
823713-686973,823713,2026-05-01,TOR,MIN,A,686973,Louis Varland,RELIEF_OR_BULK,2.0,15.0,3.0,3.0,0.0,15.0,0.0,3.0,False,False,27,5,3,0,0,1,1,2,0,,,,,,,,https://github.com/geo2343/depuracion-mlb-kernel/blob/main/runtime/hbm26_v23_sheet01_0501.csv,QA_VALIDATED_PBP_V23,RELIEF_OR_BULK,MLB,False
823066-666277,823066,2026-05-01,STL,LAD,H,666277,George Soriano,RELIEF_OR_BULK,1.0,29.0,6.0,3.0,29.0,29.0,6.0,6.0,False,False,25,5,4,0,0,0,1,1,0,,,,,,,,https://github.com/geo2343/depuracion-mlb-kernel/blob/main/runtime/hbm26_v23_sheet01_0501.csv,QA_VALIDATED_PBP_V23,RELIEF_OR_BULK,MLB,False
823066-669165,823066,2026-05-01,LAD,STL,A,669165,Kyle Hurt,RELIEF_OR_BULK,1.0,5.0,3.0,3.0,5.0,5.0,3.0,3.0,False,False,12,3,3,0,0,0,0,2,0,,,,,,,,https://github.com/geo2343/depuracion-mlb-kernel/blob/main/runtime/hbm26_v23_sheet01_0501.csv,QA_VALIDATED_PBP_V23,RELIEF_OR_BULK,MLB,False
823066-676263,823066,2026-05-01,LAD,STL,A,676263,Jack Dreyer,RELIEF_OR_BULK,2.0,23.0,4.0,3.0,0.0,23.0,0.0,4.0,False,False,21,6,4,0,0,2,0,1,0,,,,,,,,https://github.com/geo2343/depuracion-mlb-kernel/blob/main/runtime/hbm26_v23_sheet01_0501.csv,QA_VALIDATED_PBP_V23,RELIEF_OR_BULK,MLB,False
823066-683618,823066,2026-05-01,LAD,STL,A,683618,Edgardo Henriquez,RELIEF_OR_BULK,3.0,9.0,3.0,3.0,0.0,0.0,0.0,0.0,False,False,24,7,3,3,2,2,1,0,0,,,,,,,,https://github.com/geo2343/depuracion-mlb-kernel/blob/main/runtime/hbm26_v23_sheet01_0501.csv,QA_VALIDATED_PBP_V23,RELIEF_OR_BULK,MLB,False
823066-694335,823066,2026-05-01,STL,LAD,H,694335,Matt Svanson,RELIEF_OR_BULK,0.0,17.0,5.0,3.0,17.0,35.0,5.0,9.0,True,False,16,4,3,0,0,1,0,0,0,,,,,,,,https://github.com/geo2343/depuracion-mlb-kernel/blob/main/runtime/hbm26_v23_sheet01_0501.csv,QA_VALIDATED_PBP_V23,RELIEF_OR_BULK,MLB,False
823066-700669,823066,2026-05-01,STL,LAD,H,700669,Gordon Graceffo,RELIEF_OR_BULK,0.0,24.0,5.0,4.0,24.0,35.0,5.0,9.0,True,False,17,5,3,0,0,1,1,1,0,,,,,,,,https://github.com/geo2343/depuracion-mlb-kernel/blob/main/runtime/hbm26_v23_sheet01_0501.csv,QA_VALIDATED_PBP_V23,RELIEF_OR_BULK,MLB,False
824366-663158,824366,2026-05-01,ATL,COL,A,663158,Robert Suarez,RELIEF_OR_BULK,4.0,10.0,3.0,3.0,0.0,0.0,0.0,0.0,False,False,17,4,3,0,0,1,0,1,0,,,,,,,,https://github.com/geo2343/depuracion-mlb-kernel/blob/main/runtime/hbm26_v23_sheet01_0501.csv,QA_VALIDATED_PBP_V23,RELIEF_OR_BULK,MLB,False
824366-675848,824366,2026-05-01,COL,ATL,H,675848,Juan Mejia,RELIEF_OR_BULK,1.0,15.0,4.0,3.0,15.0,15.0,4.0,4.0,False,False,20,7,3,2,2,2,2,1,1,,,,,,,,https://github.com/geo2343/depuracion-mlb-kernel/blob/main/runtime/hbm26_v23_sheet01_0501.csv,QA_VALIDATED_PBP_V23,RELIEF_OR_BULK,MLB,False
824366-677955,824366,2026-05-01,COL,ATL,H,677955,Jaden Hill,RELIEF_OR_BULK,4.0,25.0,6.0,3.0,0.0,0.0,0.0,0.0,False,False,19,4,2,2,2,1,1,1,0,,,,,,,,https://github.com/geo2343/depuracion-mlb-kernel/blob/main/runtime/hbm26_v23_sheet01_0501.csv,QA_VALIDATED_PBP_V23,RELIEF_OR_BULK,MLB,False
824366-683627,824366,2026-05-01,ATL,COL,A,683627,Anthony Molina,RELIEF_OR_BULK,,,,,,,,,,,26,6,6,0,0,0,1,0,0,,,,,,,,https://github.com/geo2343/depuracion-mlb-kernel/blob/main/runtime/hbm26_v23_sheet01_0501.csv,QA_VALIDATED_PBP_V23,,,
824366-688642,824366,2026-05-01,COL,ATL,H,688642,Zach Agnos,RELIEF_OR_BULK,4.0,11.0,4.0,3.0,0.0,0.0,0.0,0.0,False,False,25,7,4,3,2,1,2,1,0,,,,,,,,https://github.com/geo2343/depuracion-mlb-kernel/blob/main/runtime/hbm26_v23_sheet01_0501.csv,QA_VALIDATED_PBP_V23,RELIEF_OR_BULK,MLB,False
824366-800311,824366,2026-05-01,ATL,COL,A,800311,Didier Fuentes,RELIEF_OR_BULK,2.0,22.0,7.0,6.0,0.0,22.0,0.0,7.0,False,False,15,3,3,0,0,0,0,0,0,,,,,,,,https://github.com/geo2343/depuracion-mlb-kernel/blob/main/runtime/hbm26_v23_sheet01_0501.csv,QA_VALIDATED_PBP_V23,RELIEF_OR_BULK,MLB,False
824041-548384,824041,2026-05-01,NYM,LAA,A,548384,Brooks Raley,RELIEF_OR_BULK,0.0,12.0,3.0,3.0,12.0,12.0,3.0,3.0,True,False,8,3,3,0,0,0,0,1,0,,,,,,,,https://github.com/geo2343/depuracion-mlb-kernel/blob/main/runtime/hbm26_v23_sheet01_0501.csv,QA_VALIDATED_PBP_V23,RELIEF_OR_BULK,MLB,False
824041-596133,824041,2026-05-01,NYM,LAA,A,596133,Luke Weaver,RELIEF_OR_BULK,0.0,13.0,5.0,3.0,13.0,13.0,5.0,5.0,True,False,17,3,3,0,0,0,0,2,0,,,,,,,,https://github.com/geo2343/depuracion-mlb-kernel/blob/main/runtime/hbm26_v23_sheet01_0501.csv,QA_VALIDATED_PBP_V23,RELIEF_OR_BULK,MLB,False
824041-608718,824041,2026-05-01,LAA,NYM,H,608718,Brent Suter,RELIEF_OR_BULK,2.0,17.0,4.0,3.0,0.0,17.0,0.0,4.0,False,False,17,4,2,2,2,2,0,1,0,,,,,,,,https://github.com/geo2343/depuracion-mlb-kernel/blob/main/runtime/hbm26_v23_sheet01_0501.csv,QA_VALIDATED_PBP_V23,RELIEF_OR_BULK,MLB,False
824041-623211,824041,2026-05-01,NYM,LAA,A,623211,Huascar Brazobán,RELIEF_OR_BULK,4.0,31.0,7.0,6.0,0.0,0.0,0.0,0.0,False,False,11,3,3,0,0,0,0,1,0,,,,,,,,https://github.com/geo2343/depuracion-mlb-kernel/blob/main/runtime/hbm26_v23_sheet01_0501.csv,QA_VALIDATED_PBP_V23,RELIEF_OR_BULK,MLB,False
824041-642207,824041,2026-05-01,NYM,LAA,A,642207,Devin Williams,RELIEF_OR_BULK,0.0,14.0,3.0,3.0,14.0,14.0,3.0,3.0,True,False,14,3,3,0,0,0,0,2,0,,,,,,,,https://github.com/geo2343/depuracion-mlb-kernel/blob/main/runtime/hbm26_v23_sheet01_0501.csv,QA_VALIDATED_PBP_V23,RELIEF_OR_BULK,MLB,False
824041-680704,824041,2026-05-01,LAA,NYM,H,680704,Nick Sandlin,RELIEF_OR_BULK,3.0,7.0,3.0,0.0,0.0,0.0,0.0,0.0,False,False,23,6,6,0,0,1,1,0,0,,,,,,,,https://github.com/geo2343/depuracion-mlb-kernel/blob/main/runtime/hbm26_v23_sheet01_0501.csv,QA_VALIDATED_PBP_V23,RELIEF_OR_BULK,MLB,False
824041-681217,824041,2026-05-01,LAA,NYM,H,681217,Chase Silseth,RELIEF_OR_BULK,1.0,13.0,4.0,2.0,13.0,13.0,4.0,4.0,False,False,6,2,1,0,0,1,0,0,0,,,,,,,,https://github.com/geo2343/depuracion-mlb-kernel/blob/main/runtime/hbm26_v23_sheet01_0501.csv,QA_VALIDATED_PBP_V23,RELIEF_OR_BULK,MLB,False
824041-820862,824041,2026-05-01,LAA,NYM,H,820862,José Fermin,RELIEF_OR_BULK,2.0,20.0,7.0,5.0,0.0,20.0,0.0,7.0,False,False,21,4,3,1,1,1,0,1,1,,,,,,,,https://github.com/geo2343/depuracion-mlb-kernel/blob/main/runtime/hbm26_v23_sheet01_0501.csv,QA_VALIDATED_PBP_V23,RELIEF_OR_BULK,MLB,False
823309-593974,823309,2026-05-01,SD,CWS,H,593974,Wandy Peralta,RELIEF_OR_BULK,2.0,26.0,6.0,3.0,0.0,26.0,0.0,6.0,False,False,34,7,6,0,0,0,1,2,0,,,,,,,,https://github.com/geo2343/depuracion-mlb-kernel/blob/main/runtime/hbm26_v23_sheet01_0501.csv,QA_VALIDATED_PBP_V23,RELIEF_OR_BULK,MLB,False
823309-663855,823309,2026-05-01,CWS,SD,A,663855,Jordan Hicks,RELIEF_OR_BULK,3.0,8.0,3.0,1.0,0.0,0.0,0.0,0.0,False,False,12,4,3,0,0,1,0,1,0,,,,,,,,https://github.com/geo2343/depuracion-mlb-kernel/blob/main/runtime/hbm26_v23_sheet01_0501.csv,QA_VALIDATED_PBP_V23,RELIEF_OR_BULK,MLB,False
823309-674370,823309,2026-05-01,CWS,SD,A,674370,Osvaldo Bido,RELIEF_OR_BULK,3.0,43.0,10.0,9.0,0.0,0.0,0.0,0.0,False,False,31,7,3,2,2,3,1,1,0,,,,,,,,https://github.com/geo2343/depuracion-mlb-kernel/blob/main/runtime/hbm26_v23_sheet01_0501.csv,QA_VALIDATED_PBP_V23,RELIEF_OR_BULK,MLB,False
823309-676760,823309,2026-05-01,SD,CWS,H,676760,Ron Marinaccio,RELIEF_OR_BULK,2.0,30.0,8.0,6.0,0.0,30.0,0.0,8.0,False,False,41,10,6,1,1,3,1,1,0,,,,,,,,https://github.com/geo2343/depuracion-mlb-kernel/blob/main/runtime/hbm26_v23_sheet01_0501.csv,QA_VALIDATED_PBP_V23,RELIEF_OR_BULK,MLB,False
823309-699823,823309,2026-05-01,CWS,SD,A,699823,Tyler Davis,RELIEF_OR_BULK,1.0,3.0,2.0,3.0,3.0,3.0,2.0,2.0,False,False,9,3,3,0,0,0,0,1,0,,,,,,,,https://github.com/geo2343/depuracion-mlb-kernel/blob/main/runtime/hbm26_v23_sheet01_0501.csv,QA_VALIDATED_PBP_V23,RELIEF_OR_BULK,MLB,False
825012-641401,825012,2026-05-01,CLE,ATH,A,641401,Connor Brogdon,RELIEF_OR_BULK,2.0,19.0,5.0,4.0,0.0,19.0,0.0,5.0,False,False,15,4,2,0,0,1,0,1,0,,,,,,,,https://github.com/geo2343/depuracion-mlb-kernel/blob/main/runtime/hbm26_v23_sheet01_0501.csv,QA_VALIDATED_PBP_V23,RELIEF_OR_BULK,MLB,False
825012-663687,825012,2026-05-01,ATH,CLE,H,663687,Hogan Harris,RELIEF_OR_BULK,2.0,22.0,5.0,2.0,0.0,22.0,0.0,5.0,False,False,23,6,4,0,0,2,0,2,0,,,,,,,,https://github.com/geo2343/depuracion-mlb-kernel/blob/main/runtime/hbm26_v23_sheet01_0501.csv,QA_VALIDATED_PBP_V23,RELIEF_OR_BULK,MLB,False
825012-669270,825012,2026-05-01,ATH,CLE,H,669270,Joel Kuhnel,RELIEF_OR_BULK,1.0,31.0,7.0,5.0,31.0,31.0,7.0,7.0,False,False,20,5,5,0,0,0,1,1,0,,,,,,,,https://github.com/geo2343/depuracion-mlb-kernel/blob/main/runtime/hbm26_v23_sheet01_0501.csv,QA_VALIDATED_PBP_V23,RELIEF_OR_BULK,MLB,False
825012-669620,825012,2026-05-01,ATH,CLE,H,669620,Brady Basso,RELIEF_OR_BULK,0.0,12.0,5.0,4.0,12.0,12.0,5.0,5.0,True,False,27,6,2,1,1,3,1,1,0,,,,,,,,https://github.com/geo2343/depuracion-mlb-kernel/blob/main/runtime/hbm26_v23_sheet01_0501.csv,QA_VALIDATED_PBP_V23,RELIEF_OR_BULK,MLB,False
825012-670036,825012,2026-05-01,CLE,ATH,A,670036,Matt Festa,RELIEF_OR_BULK,3.0,3.0,1.0,1.0,0.0,0.0,0.0,0.0,False,False,10,2,3,0,0,0,0,0,0,,,,,,,,https://github.com/geo2343/depuracion-mlb-kernel/blob/main/runtime/hbm26_v23_sheet01_0501.csv,QA_VALIDATED_PBP_V23,RELIEF_OR_BULK,MLB,False
825012-671922,825012,2026-05-01,CLE,ATH,A,671922,Cade Smith,RELIEF_OR_BULK,1.0,12.0,4.0,3.0,12.0,12.0,4.0,4.0,False,False,22,4,4,0,0,0,0,1,0,,,,,,,,https://github.com/geo2343/depuracion-mlb-kernel/blob/main/runtime/hbm26_v23_sheet01_0501.csv,QA_VALIDATED_PBP_V23,RELIEF_OR_BULK,MLB,False
825012-681870,825012,2026-05-01,CLE,ATH,A,681870,Erik Sabrowski,RELIEF_OR_BULK,1.0,5.0,1.0,1.0,5.0,5.0,1.0,1.0,False,False,8,3,3,0,0,0,0,2,0,,,,,,,,https://github.com/geo2343/depuracion-mlb-kernel/blob/main/runtime/hbm26_v23_sheet01_0501.csv,QA_VALIDATED_PBP_V23,RELIEF_OR_BULK,MLB,False
825012-682120,825012,2026-05-01,CLE,ATH,A,682120,Tim Herrin,RELIEF_OR_BULK,2.0,22.0,6.0,5.0,0.0,22.0,0.0,6.0,False,False,20,5,3,0,0,1,1,0,0,,,,,,,,https://github.com/geo2343/depuracion-mlb-kernel/blob/main/runtime/hbm26_v23_sheet01_0501.csv,QA_VALIDATED_PBP_V23,RELIEF_OR_BULK,MLB,False
825012-683769,825012,2026-05-01,CLE,ATH,A,683769,Hunter Gaddis,RELIEF_OR_BULK,3.0,13.0,4.0,1.0,0.0,0.0,0.0,0.0,False,False,16,4,0,1,1,2,2,0,0,,,,,,,,https://github.com/geo2343/depuracion-mlb-kernel/blob/main/runtime/hbm26_v23_sheet01_0501.csv,QA_VALIDATED_PBP_V23,RELIEF_OR_BULK,MLB,False
825012-686993,825012,2026-05-01,ATH,CLE,H,686993,Justin Sterner,RELIEF_OR_BULK,2.0,12.0,5.0,3.0,0.0,12.0,0.0,5.0,False,False,21,5,3,2,2,1,1,1,1,,,,,,,,https://github.com/geo2343/depuracion-mlb-kernel/blob/main/runtime/hbm26_v23_sheet01_0501.csv,QA_VALIDATED_PBP_V23,RELIEF_OR_BULK,MLB,False
823146-621381,823146,2026-05-01,KC,SEA,A,621381,Matt Strahm,RELIEF_OR_BULK,2.0,26.0,6.0,3.0,0.0,26.0,0.0,6.0,False,False,14,4,3,0,0,0,1,2,0,,,,,,,,https://github.com/geo2343/depuracion-mlb-kernel/blob/main/runtime/hbm26_v23_sheet01_0501.csv,QA_VALIDATED_PBP_V23,RELIEF_OR_BULK,MLB,False
823146-663738,823146,2026-05-01,KC,SEA,A,663738,Daniel Lynch IV,RELIEF_OR_BULK,2.0,20.0,4.0,3.0,0.0,20.0,0.0,4.0,False,False,25,5,3,2,2,2,0,2,1,,,,,,,,https://github.com/geo2343/depuracion-mlb-kernel/blob/main/runtime/hbm26_v23_sheet01_0501.csv,QA_VALIDATED_PBP_V23,RELIEF_OR_BULK,MLB,False
823146-668674,823146,2026-05-01,KC,SEA,A,668674,Lucas Erceg,RELIEF_OR_BULK,2.0,23.0,5.0,3.0,0.0,23.0,0.0,5.0,False,False,12,3,3,0,0,0,0,1,0,,,,,,,,https://github.com/geo2343/depuracion-mlb-kernel/blob/main/runtime/hbm26_v23_sheet01_0501.csv,QA_VALIDATED_PBP_V23,RELIEF_OR_BULK,MLB,False
823146-677961,823146,2026-05-01,SEA,KC,H,677961,Cole Wilcox,RELIEF_OR_BULK,3.0,40.0,9.0,4.0,0.0,0.0,0.0,0.0,False,False,20,5,3,0,0,0,2,1,0,,,,,,,,https://github.com/geo2343/depuracion-mlb-kernel/blob/main/runtime/hbm26_v23_sheet01_0501.csv,QA_VALIDATED_PBP_V23,RELIEF_OR_BULK,MLB,False
823146-678606,823146,2026-05-01,SEA,KC,H,678606,José A. Ferrer,RELIEF_OR_BULK,1.0,11.0,2.0,2.0,11.0,11.0,2.0,2.0,False,False,15,6,3,1,1,3,0,1,0,,,,,,,,https://github.com/geo2343/depuracion-mlb-kernel/blob/main/runtime/hbm26_v23_sheet01_0501.csv,QA_VALIDATED_PBP_V23,RELIEF_OR_BULK,MLB,False
823146-683232,823146,2026-05-01,KC,SEA,A,683232,Nick Mears,RELIEF_OR_BULK,2.0,14.0,3.0,3.0,0.0,14.0,0.0,3.0,False,False,15,3,2,0,0,0,1,0,0,,,,,,,,https://github.com/geo2343/depuracion-mlb-kernel/blob/main/runtime/hbm26_v23_sheet01_0501.csv,QA_VALIDATED_PBP_V23,RELIEF_OR_BULK,MLB,False
823146-695380,823146,2026-05-01,SEA,KC,H,695380,Alex Hoppe,RELIEF_OR_BULK,3.0,42.0,10.0,5.0,0.0,0.0,0.0,0.0,False,False,15,3,3,0,0,0,0,3,0,,,,,,,,https://github.com/geo2343/depuracion-mlb-kernel/blob/main/runtime/hbm26_v23_sheet01_0501.csv,QA_VALIDATED_PBP_V23,RELIEF_OR_BULK,MLB,False
823554-608650,823554,2026-05-02,BAL,NYY,A,608650,Dietrich Enns,RELIEF_OR_BULK,28.0,39.0,6.0,3.0,0.0,0.0,0.0,0.0,False,False,14,3,3,0,0,1,0,1,0,,,,,,,,https://github.com/geo2343/depuracion-mlb-kernel/blob/main/runtime/hbm26_v24_sheet01_0502.csv,QA_VALIDATED_PBP_V24,RELIEF_OR_BULK,MLB,False
823554-621112,823554,2026-05-02,NYY,BAL,H,621112,Paul Blackburn,RELIEF_OR_BULK,5.0,43.0,10.0,9.0,0.0,0.0,0.0,0.0,False,False,29,7,6,0,0,0,1,2,0,,,,,,,,https://github.com/geo2343/depuracion-mlb-kernel/blob/main/runtime/hbm26_v24_sheet01_0502.csv,QA_VALIDATED_PBP_V24,RELIEF_OR_BULK,MLB,False
823554-656234,823554,2026-05-02,NYY,BAL,H,656234,Jake Bird,RELIEF_OR_BULK,0.0,19.0,4.0,3.0,19.0,34.0,4.0,9.0,True,False,20,4,3,0,0,1,1,0,0,,,,,,,,https://github.com/geo2343/depuracion-mlb-kernel/blob/main/runtime/hbm26_v24_sheet01_0502.csv,QA_VALIDATED_PBP_V24,RELIEF_OR_BULK,MLB,False
823554-657612,823554,2026-05-02,NYY,BAL,H,657612,Tim Hill,RELIEF_OR_BULK,2.0,3.0,1.0,2.0,0.0,3.0,0.0,1.0,False,False,1,1,1,0,0,0,0,0,0,,,,,,,,https://github.com/geo2343/depuracion-mlb-kernel/blob/main/runtime/hbm26_v24_sheet01_0502.csv,QA_VALIDATED_PBP_V24,RELIEF_OR_BULK,MLB,False
823554-664991,823554,2026-05-02,BAL,NYY,A,664991,Grant Wolfram,RELIEF_OR_BULK,5.0,10.0,3.0,0.0,0.0,0.0,0.0,0.0,False,False,14,3,3,0,0,0,0,2,0,,,,,,,,https://github.com/geo2343/depuracion-mlb-kernel/blob/main/runtime/hbm26_v24_sheet01_0502.csv,QA_VALIDATED_PBP_V24,RELIEF_OR_BULK,MLB,False
823554-666808,823554,2026-05-02,NYY,BAL,H,666808,Camilo Doval,RELIEF_OR_BULK,0.0,11.0,3.0,3.0,11.0,11.0,3.0,3.0,True,False,15,3,2,1,1,0,1,1,0,,,,,,,,https://github.com/geo2343/depuracion-mlb-kernel/blob/main/runtime/hbm26_v24_sheet01_0502.csv,QA_VALIDATED_PBP_V24,RELIEF_OR_BULK,MLB,False
823554-669211,823554,2026-05-02,BAL,NYY,A,669211,Keegan Akin,RELIEF_OR_BULK,1.0,14.0,4.0,3.0,14.0,14.0,4.0,4.0,False,False,17,4,3,1,1,2,0,0,1,,,,,,,,https://github.com/geo2343/depuracion-mlb-kernel/blob/main/runtime/hbm26_v24_sheet01_0502.csv,QA_VALIDATED_PBP_V24,RELIEF_OR_BULK,MLB,False
823554-675919,823554,2026-05-02,BAL,NYY,A,675919,Nick Raquet,RELIEF_OR_BULK,17.0,19.0,4.0,2.0,0.0,0.0,0.0,0.0,False,False,20,4,3,0,0,0,1,1,0,,,,,,,,https://github.com/geo2343/depuracion-mlb-kernel/blob/main/runtime/hbm26_v24_sheet01_0502.csv,QA_VALIDATED_PBP_V24,RELIEF_OR_BULK,MLB,False
823554-689296,823554,2026-05-02,BAL,NYY,A,689296,Anthony Nunez,RELIEF_OR_BULK,1.0,13.0,7.0,3.0,13.0,13.0,7.0,7.0,False,False,17,4,0,3,3,2,2,0,0,,,,,,,,https://github.com/geo2343/depuracion-mlb-kernel/blob/main/runtime/hbm26_v24_sheet01_0502.csv,QA_VALIDATED_PBP_V24,RELIEF_OR_BULK,MLB,False
823715-472610,823715,2026-05-02,MIN,TOR,H,472610,Luis García,RELIEF_OR_BULK,0.0,9.0,3.0,3.0,9.0,9.0,3.0,3.0,True,False,18,4,0,4,4,3,1,0,0,,,,,,,,https://github.com/geo2343/depuracion-mlb-kernel/blob/main/runtime/hbm26_v24_sheet01_0502.csv,QA_VALIDATED_PBP_V24,RELIEF_OR_BULK,MLB,False
823715-607455,823715,2026-05-02,MIN,TOR,H,607455,Anthony Banda,RELIEF_OR_BULK,1.0,14.0,3.0,2.0,14.0,36.0,3.0,7.0,False,False,18,7,3,4,3,2,1,0,1,,,,,,,,https://github.com/geo2343/depuracion-mlb-kernel/blob/main/runtime/hbm26_v24_sheet01_0502.csv,QA_VALIDATED_PBP_V24,RELIEF_OR_BULK,MLB,False
823715-623437,823715,2026-05-02,MIN,TOR,H,623437,Justin Topa,RELIEF_OR_BULK,1.0,12.0,3.0,3.0,12.0,12.0,3.0,3.0,False,False,10,3,2,1,1,1,0,1,1,,,,,,,,https://github.com/geo2343/depuracion-mlb-kernel/blob/main/runtime/hbm26_v24_sheet01_0502.csv,QA_VALIDATED_PBP_V24,RELIEF_OR_BULK,MLB,False
823715-681892,823715,2026-05-02,MIN,TOR,H,681892,Kody Funderburk,RELIEF_OR_BULK,3.0,15.0,6.0,4.0,0.0,0.0,0.0,0.0,False,False,14,5,4,0,0,0,1,0,0,,,,,,,,https://github.com/geo2343/depuracion-mlb-kernel/blob/main/runtime/hbm26_v24_sheet01_0502.csv,QA_VALIDATED_PBP_V24,RELIEF_OR_BULK,MLB,False
823715-689254,823715,2026-05-02,TOR,MIN,A,689254,Mason Fluharty,RELIEF_OR_BULK,1.0,27.0,6.0,1.0,27.0,27.0,6.0,6.0,False,False,12,3,3,0,0,0,0,0,0,,,,,,,,https://github.com/geo2343/depuracion-mlb-kernel/blob/main/runtime/hbm26_v24_sheet01_0502.csv,QA_VALIDATED_PBP_V24,RELIEF_OR_BULK,MLB,False
823715-693686,823715,2026-05-02,TOR,MIN,A,693686,Spencer Miles,RELIEF_OR_BULK,2.0,26.0,7.0,6.0,0.0,26.0,0.0,7.0,False,False,15,3,3,0,0,0,0,0,0,,,,,,,,https://github.com/geo2343/depuracion-mlb-kernel/blob/main/runtime/hbm26_v24_sheet01_0502.csv,QA_VALIDATED_PBP_V24,RELIEF_OR_BULK,MLB,False
823715-804619,823715,2026-05-02,MIN,TOR,H,804619,John Klein,RELIEF_OR_BULK,,,,,,,,,,,12,3,3,0,0,0,0,0,0,,,,,,,,https://github.com/geo2343/depuracion-mlb-kernel/blob/main/runtime/hbm26_v24_sheet01_0502.csv,QA_VALIDATED_PBP_V24,,,
824685-642528,824685,2026-05-02,AZ,CHC,A,642528,Jonathan Loáisiga,RELIEF_OR_BULK,1.0,17.0,4.0,2.0,17.0,17.0,4.0,4.0,False,False,3,1,1,0,0,0,0,0,0,,,,,,,,https://github.com/geo2343/depuracion-mlb-kernel/blob/main/runtime/hbm26_v24_sheet01_0502.csv,QA_VALIDATED_PBP_V24,RELIEF_OR_BULK,MLB,False
824685-656464,824685,2026-05-02,AZ,CHC,A,656464,Kevin Ginkel,RELIEF_OR_BULK,0.0,14.0,3.0,3.0,14.0,40.0,3.0,8.0,True,False,12,2,1,0,0,0,1,0,0,,,,,,,,https://github.com/geo2343/depuracion-mlb-kernel/blob/main/runtime/hbm26_v24_sheet01_0502.csv,QA_VALIDATED_PBP_V24,RELIEF_OR_BULK,MLB,False
824685-664199,824685,2026-05-02,AZ,CHC,A,664199,Taylor Clarke,RELIEF_OR_BULK,2.0,14.0,3.0,3.0,0.0,14.0,0.0,3.0,False,False,18,3,2,0,0,0,1,1,0,,,,,,,,https://github.com/geo2343/depuracion-mlb-kernel/blob/main/runtime/hbm26_v24_sheet01_0502.csv,QA_VALIDATED_PBP_V24,RELIEF_OR_BULK,MLB,False
824685-666661,824685,2026-05-02,AZ,CHC,A,666661,Juan Morillo,RELIEF_OR_BULK,2.0,14.0,3.0,3.0,0.0,14.0,0.0,3.0,False,False,19,4,3,1,1,1,0,2,0,,,,,,,,https://github.com/geo2343/depuracion-mlb-kernel/blob/main/runtime/hbm26_v24_sheet01_0502.csv,QA_VALIDATED_PBP_V24,RELIEF_OR_BULK,MLB,False
824685-676962,824685,2026-05-02,CHC,AZ,H,676962,Ben Brown,RELIEF_OR_BULK,2.0,11.0,4.0,5.0,0.0,11.0,0.0,4.0,False,False,24,6,6,0,0,0,0,1,0,,,,,,,,https://github.com/geo2343/depuracion-mlb-kernel/blob/main/runtime/hbm26_v24_sheet01_0502.csv,QA_VALIDATED_PBP_V24,RELIEF_OR_BULK,MLB,False
822746-656730,822746,2026-05-02,MIL,WSH,A,656730,Trevor Megill,RELIEF_OR_BULK,1.0,12.0,3.0,3.0,12.0,12.0,3.0,3.0,False,False,13,3,3,0,0,0,0,0,0,,,,,,,,https://github.com/geo2343/depuracion-mlb-kernel/blob/main/runtime/hbm26_v24_sheet01_0502.csv,QA_VALIDATED_PBP_V24,RELIEF_OR_BULK,MLB,False
822746-669084,822746,2026-05-02,MIL,WSH,A,669084,DL Hall,RELIEF_OR_BULK,2.0,42.0,9.0,7.0,0.0,42.0,0.0,9.0,False,False,6,1,1,0,0,0,0,0,0,,,,,,,,https://github.com/geo2343/depuracion-mlb-kernel/blob/main/runtime/hbm26_v24_sheet01_0502.csv,QA_VALIDATED_PBP_V24,RELIEF_OR_BULK,MLB,False
822746-681982,822746,2026-05-02,MIL,WSH,A,681982,Grant Anderson,RELIEF_OR_BULK,1.0,8.0,2.0,2.0,8.0,33.0,2.0,7.0,False,False,9,3,2,0,0,1,0,0,0,,,,,,,,https://github.com/geo2343/depuracion-mlb-kernel/blob/main/runtime/hbm26_v24_sheet01_0502.csv,QA_VALIDATED_PBP_V24,RELIEF_OR_BULK,MLB,False
822746-682842,822746,2026-05-02,MIL,WSH,A,682842,Abner Uribe,RELIEF_OR_BULK,5.0,13.0,3.0,3.0,0.0,0.0,0.0,0.0,False,False,24,5,3,0,0,1,0,1,0,,,,,,,,https://github.com/geo2343/depuracion-mlb-kernel/blob/main/runtime/hbm26_v24_sheet01_0502.csv,QA_VALIDATED_PBP_V24,RELIEF_OR_BULK,MLB,False
822746-687377,822746,2026-05-02,WSH,MIL,H,687377,Orlando Ribalta,RELIEF_OR_BULK,15.0,14.0,3.0,3.0,0.0,0.0,0.0,0.0,False,False,14,3,3,0,0,0,0,1,0,,,,,,,,https://github.com/geo2343/depuracion-mlb-kernel/blob/main/runtime/hbm26_v24_sheet01_0502.csv,QA_VALIDATED_PBP_V24,RELIEF_OR_BULK,MLB,False
822746-695418,822746,2026-05-02,WSH,MIL,H,695418,Brad Lord,RELIEF_OR_BULK,3.0,27.0,8.0,7.0,0.0,0.0,0.0,0.0,False,False,50,12,6,1,1,4,2,2,0,,,,,,,,https://github.com/geo2343/depuracion-mlb-kernel/blob/main/runtime/hbm26_v24_sheet01_0502.csv,QA_VALIDATED_PBP_V24,RELIEF_OR_BULK,MLB,False
823388-594580,823388,2026-05-02,CIN,PIT,A,594580,Sam Moll,RELIEF_OR_BULK,0.0,10.0,2.0,2.0,10.0,10.0,2.0,2.0,True,False,40,8,5,0,0,2,1,2,0,,,,,,,,https://github.com/geo2343/depuracion-mlb-kernel/blob/main/runtime/hbm26_v24_sheet01_0502.csv,QA_VALIDATED_PBP_V24,RELIEF_OR_BULK,MLB,False
823388-606965,823388,2026-05-02,PIT,CIN,H,606965,Chris Devenski,RELIEF_OR_BULK,1.0,19.0,6.0,4.0,19.0,33.0,6.0,10.0,False,False,6,2,1,1,1,1,0,0,1,,,,,,,,https://github.com/geo2343/depuracion-mlb-kernel/blob/main/runtime/hbm26_v24_sheet01_0502.csv,QA_VALIDATED_PBP_V24,RELIEF_OR_BULK,MLB,False
823388-642397,823388,2026-05-02,PIT,CIN,H,642397,Gregory Soto,RELIEF_OR_BULK,4.0,18.0,3.0,3.0,0.0,0.0,0.0,0.0,False,False,7,3,3,0,0,0,0,1,0,,,,,,,,https://github.com/geo2343/depuracion-mlb-kernel/blob/main/runtime/hbm26_v24_sheet01_0502.csv,QA_VALIDATED_PBP_V24,RELIEF_OR_BULK,MLB,False
823388-656271,823388,2026-05-02,CIN,PIT,A,656271,Brock Burke,RELIEF_OR_BULK,3.0,11.0,4.0,3.0,0.0,0.0,0.0,0.0,False,False,39,10,3,5,5,6,1,2,0,,,,,,,,https://github.com/geo2343/depuracion-mlb-kernel/blob/main/runtime/hbm26_v24_sheet01_0502.csv,QA_VALIDATED_PBP_V24,RELIEF_OR_BULK,MLB,False
823388-668933,823388,2026-05-02,CIN,PIT,A,668933,Graham Ashcraft,RELIEF_OR_BULK,3.0,16.0,4.0,3.0,0.0,0.0,0.0,0.0,False,False,14,4,3,0,0,0,1,2,0,,,,,,,,https://github.com/geo2343/depuracion-mlb-kernel/blob/main/runtime/hbm26_v24_sheet01_0502.csv,QA_VALIDATED_PBP_V24,RELIEF_OR_BULK,MLB,False
823388-670990,823388,2026-05-02,PIT,CIN,H,670990,Yohan Ramírez,RELIEF_OR_BULK,1.0,16.0,4.0,3.0,16.0,32.0,4.0,9.0,False,False,15,7,6,1,1,2,0,2,0,,,,,,,,https://github.com/geo2343/depuracion-mlb-kernel/blob/main/runtime/hbm26_v24_sheet01_0502.csv,QA_VALIDATED_PBP_V24,RELIEF_OR_BULK,MLB,False
823388-683175,823388,2026-05-02,CIN,PIT,A,683175,Connor Phillips,RELIEF_OR_BULK,1.0,23.0,5.0,3.0,23.0,23.0,5.0,5.0,False,False,21,4,0,2,2,0,4,0,0,,,,,,,,https://github.com/geo2343/depuracion-mlb-kernel/blob/main/runtime/hbm26_v24_sheet01_0502.csv,QA_VALIDATED_PBP_V24,RELIEF_OR_BULK,MLB,False
823388-683742,823388,2026-05-02,CIN,PIT,A,683742,Jose Franco,RELIEF_OR_BULK,2.0,41.0,14.0,9.0,0.0,41.0,0.0,14.0,False,False,17,4,3,0,0,1,0,2,0,,,,,,,,https://github.com/geo2343/depuracion-mlb-kernel/blob/main/runtime/hbm26_v24_sheet01_0502.csv,QA_VALIDATED_PBP_V24,RELIEF_OR_BULK,MLB,False
825014-605130,825014,2026-05-02,ATH,CLE,H,605130,Scott Barlow,RELIEF_OR_BULK,1.0,21.0,4.0,3.0,21.0,21.0,4.0,4.0,False,False,19,6,4,2,2,0,0,1,0,,,,,,,,https://github.com/geo2343/depuracion-mlb-kernel/blob/main/runtime/hbm26_v24_sheet01_0502.csv,QA_VALIDATED_PBP_V24,RELIEF_OR_BULK,MLB,False
825014-663687,825014,2026-05-02,ATH,CLE,H,663687,Hogan Harris,RELIEF_OR_BULK,0.0,23.0,6.0,4.0,23.0,23.0,6.0,6.0,True,False,20,4,1,1,1,2,1,0,0,,,,,,,,https://github.com/geo2343/depuracion-mlb-kernel/blob/main/runtime/hbm26_v24_sheet01_0502.csv,QA_VALIDATED_PBP_V24,RELIEF_OR_BULK,MLB,False
825014-670036,825014,2026-05-02,CLE,ATH,A,670036,Matt Festa,RELIEF_OR_BULK,0.0,10.0,2.0,3.0,10.0,10.0,2.0,2.0,True,False,10,2,2,0,0,0,1,0,0,,,,,,,,https://github.com/geo2343/depuracion-mlb-kernel/blob/main/runtime/hbm26_v24_sheet01_0502.csv,QA_VALIDATED_PBP_V24,RELIEF_OR_BULK,MLB,False
825014-670059,825014,2026-05-02,CLE,ATH,A,670059,Colin Holderman,RELIEF_OR_BULK,4.0,23.0,6.0,6.0,0.0,0.0,0.0,0.0,False,False,14,6,5,0,0,1,0,0,0,,,,,,,,https://github.com/geo2343/depuracion-mlb-kernel/blob/main/runtime/hbm26_v24_sheet01_0502.csv,QA_VALIDATED_PBP_V24,RELIEF_OR_BULK,MLB,False
825014-682120,825014,2026-05-02,CLE,ATH,A,682120,Tim Herrin,RELIEF_OR_BULK,0.0,20.0,5.0,3.0,20.0,20.0,5.0,5.0,True,False,15,4,3,0,0,1,0,1,0,,,,,,,,https://github.com/geo2343/depuracion-mlb-kernel/blob/main/runtime/hbm26_v24_sheet01_0502.csv,QA_VALIDATED_PBP_V24,RELIEF_OR_BULK,MLB,False
825014-683769,825014,2026-05-02,CLE,ATH,A,683769,Hunter Gaddis,RELIEF_OR_BULK,0.0,16.0,4.0,0.0,16.0,16.0,4.0,4.0,True,False,22,4,1,1,1,2,1,1,0,,,,,,,,https://github.com/geo2343/depuracion-mlb-kernel/blob/main/runtime/hbm26_v24_sheet01_0502.csv,QA_VALIDATED_PBP_V24,RELIEF_OR_BULK,MLB,False
825014-806960,825014,2026-05-02,ATH,CLE,H,806960,Luis Morales,RELIEF_OR_BULK,27.0,77.0,22.0,9.0,0.0,0.0,0.0,0.0,False,False,64,13,6,5,5,4,4,2,1,,,,,,,,https://github.com/geo2343/depuracion-mlb-kernel/blob/main/runtime/hbm26_v24_sheet01_0502.csv,QA_VALIDATED_PBP_V24,STARTER,MLB,False
823876-621383,823876,2026-05-02,PHI,MIA,A,621383,Tanner Banks,RELIEF_OR_BULK,1.0,27.0,6.0,4.0,27.0,27.0,6.0,6.0,False,False,20,6,3,1,1,2,1,1,0,,,,,,,,https://github.com/geo2343/depuracion-mlb-kernel/blob/main/runtime/hbm26_v24_sheet01_0502.csv,QA_VALIDATED_PBP_V24,RELIEF_OR_BULK,MLB,False
823876-669622,823876,2026-05-02,MIA,PHI,H,669622,Anthony Bender,RELIEF_OR_BULK,3.0,8.0,3.0,3.0,0.0,0.0,0.0,0.0,False,False,18,3,3,0,0,0,0,2,0,,,,,,,,https://github.com/geo2343/depuracion-mlb-kernel/blob/main/runtime/hbm26_v24_sheet01_0502.csv,QA_VALIDATED_PBP_V24,RELIEF_OR_BULK,MLB,False
823876-670950,823876,2026-05-02,PHI,MIA,A,670950,Trevor Richards,RELIEF_OR_BULK,1.0,45.0,11.0,7.0,45.0,45.0,11.0,11.0,False,False,24,8,6,0,0,1,2,2,0,,,,,,,,https://github.com/geo2343/depuracion-mlb-kernel/blob/main/runtime/hbm26_v24_sheet01_0502.csv,QA_VALIDATED_PBP_V24,RELIEF_OR_BULK,MLB,False
823876-677053,823876,2026-05-02,MIA,PHI,H,677053,Andrew Nardi,RELIEF_OR_BULK,2.0,12.0,3.0,3.0,0.0,12.0,0.0,3.0,False,False,10,3,3,0,0,0,0,1,0,,,,,,,,https://github.com/geo2343/depuracion-mlb-kernel/blob/main/runtime/hbm26_v24_sheet01_0502.csv,QA_VALIDATED_PBP_V24,RELIEF_OR_BULK,MLB,False
824771-656986,824771,2026-05-02,HOU,BOS,A,656986,Bennett Sousa,RELIEF_OR_BULK,0.0,12.0,3.0,3.0,12.0,12.0,3.0,3.0,True,False,13,3,0,1,1,2,1,0,0,,,,,,,,https://github.com/geo2343/depuracion-mlb-kernel/blob/main/runtime/hbm26_v24_sheet01_0502.csv,QA_VALIDATED_PBP_V24,RELIEF_OR_BULK,MLB,False
824771-660853,824771,2026-05-02,HOU,BOS,A,660853,Enyel De Los Santos,RELIEF_OR_BULK,1.0,25.0,5.0,3.0,25.0,25.0,5.0,5.0,False,False,18,6,5,1,1,1,0,1,0,,,,,,,,https://github.com/geo2343/depuracion-mlb-kernel/blob/main/runtime/hbm26_v24_sheet01_0502.csv,QA_VALIDATED_PBP_V24,RELIEF_OR_BULK,MLB,False
824771-670245,824771,2026-05-02,BOS,HOU,H,670245,Ryan Watson,RELIEF_OR_BULK,3.0,18.0,6.0,5.0,0.0,0.0,0.0,0.0,False,False,39,13,9,1,1,3,1,4,1,,,,,,,,https://github.com/geo2343/depuracion-mlb-kernel/blob/main/runtime/hbm26_v24_sheet01_0502.csv,QA_VALIDATED_PBP_V24,RELIEF_OR_BULK,MLB,False
824771-678906,824771,2026-05-02,HOU,BOS,A,678906,Kai-Wei Teng,RELIEF_OR_BULK,3.0,42.0,13.0,9.0,0.0,0.0,0.0,0.0,False,False,23,5,4,0,0,0,1,2,0,,,,,,,,https://github.com/geo2343/depuracion-mlb-kernel/blob/main/runtime/hbm26_v24_sheet01_0502.csv,QA_VALIDATED_PBP_V24,STARTER,MLB,False
824771-687911,824771,2026-05-02,HOU,BOS,A,687911,Bryan King,RELIEF_OR_BULK,0.0,14.0,4.0,3.0,14.0,14.0,4.0,4.0,True,False,6,3,3,0,0,0,0,0,0,,,,,,,,https://github.com/geo2343/depuracion-mlb-kernel/blob/main/runtime/hbm26_v24_sheet01_0502.csv,QA_VALIDATED_PBP_V24,RELIEF_OR_BULK,MLB,False
824771-701719,824771,2026-05-02,BOS,HOU,H,701719,Tyler Samaniego,RELIEF_OR_BULK,3.0,8.0,3.0,2.0,0.0,0.0,0.0,0.0,False,False,26,9,6,0,0,3,0,0,0,,,,,,,,https://github.com/geo2343/depuracion-mlb-kernel/blob/main/runtime/hbm26_v24_sheet01_0502.csv,QA_VALIDATED_PBP_V24,RELIEF_OR_BULK,MLB,False
822988-621366,822988,2026-05-02,SF,TB,A,621366,Ryan Borucki,RELIEF_OR_BULK,1.0,16.0,4.0,1.0,16.0,16.0,4.0,4.0,False,False,16,4,4,0,0,0,0,1,0,,,,,,,,https://github.com/geo2343/depuracion-mlb-kernel/blob/main/runtime/hbm26_v24_sheet01_0502.csv,QA_VALIDATED_PBP_V24,RELIEF_OR_BULK,MLB,False
822988-657424,822988,2026-05-02,SF,TB,A,657424,Matt Gage,RELIEF_OR_BULK,1.0,3.0,2.0,2.0,3.0,3.0,2.0,2.0,False,False,8,3,2,0,0,0,1,0,0,,,,,,,,https://github.com/geo2343/depuracion-mlb-kernel/blob/main/runtime/hbm26_v24_sheet01_0502.csv,QA_VALIDATED_PBP_V24,RELIEF_OR_BULK,MLB,False
822988-664076,822988,2026-05-02,TB,SF,H,664076,Garrett Cleavinger,RELIEF_OR_BULK,32.0,16.0,5.0,3.0,0.0,0.0,0.0,0.0,False,False,12,4,3,0,0,1,0,1,0,,,,,,,,https://github.com/geo2343/depuracion-mlb-kernel/blob/main/runtime/hbm26_v24_sheet01_0502.csv,QA_VALIDATED_PBP_V24,RELIEF_OR_BULK,MLB,False
822988-666619,822988,2026-05-02,SF,TB,A,666619,Gregory Santos,RELIEF_OR_BULK,,,,,,,,,,,26,6,5,1,0,1,2,1,0,,,,,,,,https://github.com/geo2343/depuracion-mlb-kernel/blob/main/runtime/hbm26_v24_sheet01_0502.csv,QA_VALIDATED_PBP_V24,,,
822988-668984,822988,2026-05-02,TB,SF,H,668984,Casey Legumina,RELIEF_OR_BULK,2.0,18.0,5.0,3.0,0.0,18.0,0.0,5.0,False,False,12,3,3,0,0,0,0,1,0,,,,,,,,https://github.com/geo2343/depuracion-mlb-kernel/blob/main/runtime/hbm26_v24_sheet01_0502.csv,QA_VALIDATED_PBP_V24,RELIEF_OR_BULK,MLB,False
822988-669947,822988,2026-05-02,TB,SF,H,669947,Jesse Scholtens,RELIEF_OR_BULK,5.0,72.0,20.0,13.0,0.0,0.0,0.0,0.0,False,False,47,12,9,1,1,4,0,3,0,,,,,,,,https://github.com/geo2343/depuracion-mlb-kernel/blob/main/runtime/hbm26_v24_sheet01_0502.csv,QA_VALIDATED_PBP_V24,RELIEF_OR_BULK,MLB,False
822988-687330,822988,2026-05-02,TB,SF,H,687330,Kevin Kelly,RELIEF_OR_BULK,3.0,2.0,1.0,1.0,0.0,0.0,0.0,0.0,False,False,15,5,4,0,0,1,0,1,0,,,,,,,,https://github.com/geo2343/depuracion-mlb-kernel/blob/main/runtime/hbm26_v24_sheet01_0502.csv,QA_VALIDATED_PBP_V24,RELIEF_OR_BULK,MLB,False
823067-592773,823067,2026-05-02,STL,LAD,H,592773,Ryne Stanek,RELIEF_OR_BULK,1.0,15.0,4.0,3.0,15.0,37.0,4.0,8.0,False,False,22,5,3,0,0,1,1,1,0,,,,,,,,https://github.com/geo2343/depuracion-mlb-kernel/blob/main/runtime/hbm26_v24_sheet01_0502.csv,QA_VALIDATED_PBP_V24,RELIEF_OR_BULK,MLB,False
823067-668941,823067,2026-05-02,STL,LAD,H,668941,JoJo Romero,RELIEF_OR_BULK,1.0,21.0,4.0,2.0,21.0,38.0,4.0,8.0,False,False,17,3,3,0,0,0,0,2,0,,,,,,,,https://github.com/geo2343/depuracion-mlb-kernel/blob/main/runtime/hbm26_v24_sheet01_0502.csv,QA_VALIDATED_PBP_V24,RELIEF_OR_BULK,MLB,False
823067-671109,823067,2026-05-02,LAD,STL,A,671109,Jake Eder,RELIEF_OR_BULK,4.0,4.0,3.0,3.0,0.0,0.0,0.0,0.0,False,False,13,4,3,0,0,1,0,0,0,,,,,,,,https://github.com/geo2343/depuracion-mlb-kernel/blob/main/runtime/hbm26_v24_sheet01_0502.csv,QA_VALIDATED_PBP_V24,RELIEF_OR_BULK,MLB,False
823067-676617,823067,2026-05-02,STL,LAD,H,676617,Riley O'Brien,RELIEF_OR_BULK,2.0,11.0,4.0,3.0,0.0,11.0,0.0,4.0,False,False,26,7,3,2,2,4,0,2,0,,,,,,,,https://github.com/geo2343/depuracion-mlb-kernel/blob/main/runtime/hbm26_v24_sheet01_0502.csv,QA_VALIDATED_PBP_V24,RELIEF_OR_BULK,MLB,False
823067-681911,823067,2026-05-02,LAD,STL,A,681911,Alex Vesia,RELIEF_OR_BULK,2.0,5.0,1.0,1.0,0.0,5.0,0.0,1.0,False,False,18,4,3,0,0,0,1,1,0,,,,,,,,https://github.com/geo2343/depuracion-mlb-kernel/blob/main/runtime/hbm26_v24_sheet01_0502.csv,QA_VALIDATED_PBP_V24,RELIEF_OR_BULK,MLB,False
824284-615698,824284,2026-05-02,TEX,DET,A,615698,Cal Quantrill,RELIEF_OR_BULK,7.0,45.0,12.0,9.0,0.0,0.0,0.0,0.0,False,False,56,12,9,0,0,2,2,2,0,,,,,,,,https://github.com/geo2343/depuracion-mlb-kernel/blob/main/runtime/hbm26_v24_sheet01_0502.csv,QA_VALIDATED_PBP_V24,RELIEF_OR_BULK,MLB,False
824284-623454,824284,2026-05-02,DET,TEX,H,623454,Drew Anderson,RELIEF_OR_BULK,1.0,31.0,8.0,6.0,31.0,31.0,8.0,8.0,False,False,28,9,7,0,0,2,0,3,0,,,,,,,,https://github.com/geo2343/depuracion-mlb-kernel/blob/main/runtime/hbm26_v24_sheet01_0502.csv,QA_VALIDATED_PBP_V24,RELIEF_OR_BULK,MLB,False
824284-682608,824284,2026-05-02,TEX,DET,A,682608,Peyton Gray,RELIEF_OR_BULK,4.0,41.0,9.0,6.0,0.0,0.0,0.0,0.0,False,False,35,9,6,0,0,2,1,2,0,,,,,,,,https://github.com/geo2343/depuracion-mlb-kernel/blob/main/runtime/hbm26_v24_sheet01_0502.csv,QA_VALIDATED_PBP_V24,RELIEF_OR_BULK,MLB,False
824284-686560,824284,2026-05-02,TEX,DET,A,686560,Gavin Collyer,RELIEF_OR_BULK,4.0,15.0,3.0,3.0,0.0,0.0,0.0,0.0,False,False,16,4,3,0,0,1,0,1,0,,,,,,,,https://github.com/geo2343/depuracion-mlb-kernel/blob/main/runtime/hbm26_v24_sheet01_0502.csv,QA_VALIDATED_PBP_V24,RELIEF_OR_BULK,MLB,False
824365-669276,824365,2026-05-02,ATL,COL,A,669276,Dylan Lee,RELIEF_OR_BULK,2.0,28.0,5.0,5.0,0.0,28.0,0.0,5.0,False,False,14,3,3,0,0,0,0,1,0,,,,,,,,https://github.com/geo2343/depuracion-mlb-kernel/blob/main/runtime/hbm26_v24_sheet01_0502.csv,QA_VALIDATED_PBP_V24,RELIEF_OR_BULK,MLB,False
824365-676702,824365,2026-05-02,ATL,COL,A,676702,Hunter Stratton,RELIEF_OR_BULK,,,,,,,,,,,12,3,3,0,0,1,0,1,0,,,,,,,,https://github.com/geo2343/depuracion-mlb-kernel/blob/main/runtime/hbm26_v24_sheet01_0502.csv,QA_VALIDATED_PBP_V24,,,
824365-685299,824365,2026-05-02,COL,ATL,H,685299,Tanner Gordon,RELIEF_OR_BULK,3.0,50.0,15.0,9.0,0.0,0.0,0.0,0.0,False,False,41,10,9,1,1,1,0,4,1,,,,,,,,https://github.com/geo2343/depuracion-mlb-kernel/blob/main/runtime/hbm26_v24_sheet01_0502.csv,QA_VALIDATED_PBP_V24,RELIEF_OR_BULK,MLB,False
824365-801403,824365,2026-05-02,COL,ATL,H,801403,Chase Dollander,RELIEF_OR_BULK,5.0,105.0,26.0,21.0,0.0,0.0,0.0,0.0,False,False,97,26,16,6,6,8,3,3,1,,,,,,,,https://github.com/geo2343/depuracion-mlb-kernel/blob/main/runtime/hbm26_v24_sheet01_0502.csv,QA_VALIDATED_PBP_V24,STARTER,MLB,False
823308-606996,823308,2026-05-02,SD,CWS,H,606996,Kyle Hart,RELIEF_OR_BULK,3.0,14.0,4.0,2.0,0.0,0.0,0.0,0.0,False,False,14,3,3,0,0,0,0,1,0,,,,,,,,https://github.com/geo2343/depuracion-mlb-kernel/blob/main/runtime/hbm26_v24_sheet01_0502.csv,QA_VALIDATED_PBP_V24,RELIEF_OR_BULK,MLB,False
823308-622554,823308,2026-05-02,CWS,SD,A,622554,Seranthony Domínguez,RELIEF_OR_BULK,2.0,16.0,3.0,3.0,0.0,16.0,0.0,3.0,False,False,6,2,2,0,0,0,0,1,0,,,,,,,,https://github.com/geo2343/depuracion-mlb-kernel/blob/main/runtime/hbm26_v24_sheet01_0502.csv,QA_VALIDATED_PBP_V24,RELIEF_OR_BULK,MLB,False
823308-663542,823308,2026-05-02,CWS,SD,A,663542,Bryan Hudson,RELIEF_OR_BULK,2.0,20.0,4.0,3.0,0.0,20.0,0.0,4.0,False,False,6,3,3,0,0,0,0,0,0,,,,,,,,https://github.com/geo2343/depuracion-mlb-kernel/blob/main/runtime/hbm26_v24_sheet01_0502.csv,QA_VALIDATED_PBP_V24,RELIEF_OR_BULK,MLB,False
823308-669093,823308,2026-05-02,SD,CWS,H,669093,Jeremiah Estrada,RELIEF_OR_BULK,22.0,24.0,7.0,4.0,0.0,0.0,0.0,0.0,False,False,13,3,3,0,0,0,0,3,0,,,,,,,,https://github.com/geo2343/depuracion-mlb-kernel/blob/main/runtime/hbm26_v24_sheet01_0502.csv,QA_VALIDATED_PBP_V24,RELIEF_OR_BULK,MLB,False
823308-691799,823308,2026-05-02,CWS,SD,A,691799,Grant Taylor,RELIEF_OR_BULK,4.0,35.0,8.0,4.0,0.0,0.0,0.0,0.0,False,False,30,7,4,0,0,2,2,2,0,,,,,,,,https://github.com/geo2343/depuracion-mlb-kernel/blob/main/runtime/hbm26_v24_sheet01_0502.csv,QA_VALIDATED_PBP_V24,RELIEF_OR_BULK,MLB,False
823308-699134,823308,2026-05-02,SD,CWS,H,699134,Bradgley Rodriguez,RELIEF_OR_BULK,2.0,22.0,6.0,4.0,0.0,22.0,0.0,6.0,False,False,9,3,3,0,0,0,0,0,0,,,,,,,,https://github.com/geo2343/depuracion-mlb-kernel/blob/main/runtime/hbm26_v24_sheet01_0502.csv,QA_VALIDATED_PBP_V24,RELIEF_OR_BULK,MLB,False
824042-518886,824042,2026-05-02,NYM,LAA,A,518886,Craig Kimbrel,RELIEF_OR_BULK,3.0,14.0,3.0,3.0,0.0,0.0,0.0,0.0,False,False,12,5,3,0,0,1,1,1,0,,,,,,,,https://github.com/geo2343/depuracion-mlb-kernel/blob/main/runtime/hbm26_v24_sheet01_0502.csv,QA_VALIDATED_PBP_V24,RELIEF_OR_BULK,MLB,False
824042-623211,824042,2026-05-02,NYM,LAA,A,623211,Huascar Brazobán,RELIEF_OR_BULK,0.0,11.0,3.0,3.0,11.0,11.0,3.0,3.0,True,False,18,4,4,0,0,0,0,1,0,,,,,,,,https://github.com/geo2343/depuracion-mlb-kernel/blob/main/runtime/hbm26_v24_sheet01_0502.csv,QA_VALIDATED_PBP_V24,RELIEF_OR_BULK,MLB,False
824042-666171,824042,2026-05-02,LAA,NYM,H,666171,Ryan Zeferjahn,RELIEF_OR_BULK,2.0,36.0,8.0,6.0,0.0,36.0,0.0,8.0,False,False,23,7,6,0,0,0,1,1,0,,,,,,,,https://github.com/geo2343/depuracion-mlb-kernel/blob/main/runtime/hbm26_v24_sheet01_0502.csv,QA_VALIDATED_PBP_V24,RELIEF_OR_BULK,MLB,False
824042-668964,824042,2026-05-02,NYM,LAA,A,668964,Tobias Myers,RELIEF_OR_BULK,3.0,25.0,7.0,6.0,0.0,0.0,0.0,0.0,False,False,36,12,8,0,0,3,1,0,0,,,,,,,,https://github.com/geo2343/depuracion-mlb-kernel/blob/main/runtime/hbm26_v24_sheet01_0502.csv,QA_VALIDATED_PBP_V24,RELIEF_OR_BULK,MLB,False
824042-681810,824042,2026-05-02,NYM,LAA,A,681810,Austin Warren,RELIEF_OR_BULK,5.0,20.0,6.0,6.0,0.0,0.0,0.0,0.0,False,False,20,5,2,1,0,2,1,0,0,,,,,,,,https://github.com/geo2343/depuracion-mlb-kernel/blob/main/runtime/hbm26_v24_sheet01_0502.csv,QA_VALIDATED_PBP_V24,RELIEF_OR_BULK,MLB,False
824042-696147,824042,2026-05-02,LAA,NYM,H,696147,Sam Bachman,RELIEF_OR_BULK,2.0,14.0,2.0,2.0,0.0,14.0,0.0,2.0,False,False,18,5,5,0,0,0,0,3,0,,,,,,,,https://github.com/geo2343/depuracion-mlb-kernel/blob/main/runtime/hbm26_v24_sheet01_0502.csv,QA_VALIDATED_PBP_V24,RELIEF_OR_BULK,MLB,False
823144-621381,823144,2026-05-02,KC,SEA,A,621381,Matt Strahm,RELIEF_OR_BULK,0.0,14.0,4.0,3.0,14.0,14.0,4.0,4.0,True,False,8,3,3,0,0,0,0,0,0,,,,,,,,https://github.com/geo2343/depuracion-mlb-kernel/blob/main/runtime/hbm26_v24_sheet01_0502.csv,QA_VALIDATED_PBP_V24,RELIEF_OR_BULK,MLB,False
823144-660825,823144,2026-05-02,SEA,KC,H,660825,Eduard Bazardo,RELIEF_OR_BULK,2.0,10.0,3.0,2.0,0.0,10.0,0.0,3.0,False,False,12,3,3,0,0,0,0,1,0,,,,,,,,https://github.com/geo2343/depuracion-mlb-kernel/blob/main/runtime/hbm26_v24_sheet01_0502.csv,QA_VALIDATED_PBP_V24,RELIEF_OR_BULK,MLB,False
823144-662253,823144,2026-05-02,SEA,KC,H,662253,Andrés Muñoz,RELIEF_OR_BULK,2.0,15.0,3.0,3.0,0.0,15.0,0.0,3.0,False,False,10,5,3,1,1,2,0,1,0,,,,,,,,https://github.com/geo2343/depuracion-mlb-kernel/blob/main/runtime/hbm26_v24_sheet01_0502.csv,QA_VALIDATED_PBP_V24,RELIEF_OR_BULK,MLB,False
823144-668674,823144,2026-05-02,KC,SEA,A,668674,Lucas Erceg,RELIEF_OR_BULK,0.0,12.0,3.0,3.0,12.0,12.0,3.0,3.0,True,False,17,3,3,0,0,0,0,2,0,,,,,,,,https://github.com/geo2343/depuracion-mlb-kernel/blob/main/runtime/hbm26_v24_sheet01_0502.csv,QA_VALIDATED_PBP_V24,RELIEF_OR_BULK,MLB,False
823144-679883,823144,2026-05-02,KC,SEA,A,679883,Luinder Avila,RELIEF_OR_BULK,2.0,20.0,5.0,3.0,0.0,20.0,0.0,5.0,False,False,23,6,6,0,0,0,0,1,0,,,,,,,,https://github.com/geo2343/depuracion-mlb-kernel/blob/main/runtime/hbm26_v24_sheet01_0502.csv,QA_VALIDATED_PBP_V24,RELIEF_OR_BULK,MLB,False
823144-681867,823144,2026-05-02,SEA,KC,H,681867,Cooper Criswell,RELIEF_OR_BULK,2.0,3.0,1.0,1.0,0.0,3.0,0.0,1.0,False,False,14,3,3,1,0,0,0,1,0,,,,,,,,https://github.com/geo2343/depuracion-mlb-kernel/blob/main/runtime/hbm26_v24_sheet01_0502.csv,QA_VALIDATED_PBP_V24,RELIEF_OR_BULK,MLB,False
823711-573009,823711,2026-05-03,TOR,MIN,A,573009,Joe Mantiply,RELIEF_OR_BULK,2.0,5.0,2.0,2.0,0.0,5.0,0.0,2.0,False,False,14,4,3,0,0,1,0,0,0,,,,,,,,https://github.com/geo2343/depuracion-mlb-kernel/blob/main/runtime/hbm26_v25_sheet01_0503.csv,QA_VALIDATED_PBP_V25,RELIEF_OR_BULK,MLB,False
823711-573124,823711,2026-05-03,MIN,TOR,H,573124,Taylor Rogers,RELIEF_OR_BULK,1.0,8.0,4.0,3.0,8.0,8.0,4.0,4.0,False,False,32,12,7,1,1,4,0,3,0,,,,,,,,https://github.com/geo2343/depuracion-mlb-kernel/blob/main/runtime/hbm26_v25_sheet01_0503.csv,QA_VALIDATED_PBP_V25,RELIEF_OR_BULK,MLB,False
823711-623437,823711,2026-05-03,MIN,TOR,H,623437,Justin Topa,RELIEF_OR_BULK,0.0,10.0,3.0,2.0,10.0,22.0,3.0,6.0,True,False,17,6,3,2,2,4,0,0,1,,,,,,,,https://github.com/geo2343/depuracion-mlb-kernel/blob/main/runtime/hbm26_v25_sheet01_0503.csv,QA_VALIDATED_PBP_V25,RELIEF_OR_BULK,MLB,False
823711-656546,823711,2026-05-03,TOR,MIN,A,656546,Jeff Hoffman,RELIEF_OR_BULK,1.0,16.0,6.0,3.0,16.0,16.0,6.0,6.0,False,False,12,3,3,0,0,1,0,0,0,,,,,,,,https://github.com/geo2343/depuracion-mlb-kernel/blob/main/runtime/hbm26_v25_sheet01_0503.csv,QA_VALIDATED_PBP_V25,RELIEF_OR_BULK,MLB,False
823711-667297,823711,2026-05-03,TOR,MIN,A,667297,Tommy Nance,RELIEF_OR_BULK,2.0,18.0,4.0,4.0,0.0,18.0,0.0,4.0,False,False,14,4,4,0,0,0,0,2,0,,,,,,,,https://github.com/geo2343/depuracion-mlb-kernel/blob/main/runtime/hbm26_v25_sheet01_0503.csv,QA_VALIDATED_PBP_V25,RELIEF_OR_BULK,MLB,False
823711-679358,823711,2026-05-03,MIN,TOR,H,679358,Eric Orze,RELIEF_OR_BULK,1.0,33.0,9.0,7.0,33.0,33.0,9.0,9.0,False,False,24,6,4,0,0,1,1,2,0,,,,,,,,https://github.com/geo2343/depuracion-mlb-kernel/blob/main/runtime/hbm26_v25_sheet01_0503.csv,QA_VALIDATED_PBP_V25,RELIEF_OR_BULK,MLB,False
823711-680755,823711,2026-05-03,TOR,MIN,A,680755,Braydon Fisher,RELIEF_OR_BULK,1.0,9.0,2.0,2.0,9.0,9.0,2.0,2.0,False,False,18,5,2,3,3,2,1,1,0,,,,,,,,https://github.com/geo2343/depuracion-mlb-kernel/blob/main/runtime/hbm26_v25_sheet01_0503.csv,QA_VALIDATED_PBP_V25,RELIEF_OR_BULK,MLB,False
823711-681892,823711,2026-05-03,MIN,TOR,H,681892,Kody Funderburk,RELIEF_OR_BULK,0.0,14.0,5.0,4.0,14.0,14.0,5.0,5.0,True,False,3,1,1,0,0,0,0,0,0,,,,,,,,https://github.com/geo2343/depuracion-mlb-kernel/blob/main/runtime/hbm26_v25_sheet01_0503.csv,QA_VALIDATED_PBP_V25,RELIEF_OR_BULK,MLB,False
823711-702193,823711,2026-05-03,MIN,TOR,H,702193,Andrew Morris,RELIEF_OR_BULK,2.0,19.0,5.0,4.0,0.0,19.0,0.0,5.0,False,False,57,14,11,0,0,2,1,3,0,,,,,,,,https://github.com/geo2343/depuracion-mlb-kernel/blob/main/runtime/hbm26_v25_sheet01_0503.csv,QA_VALIDATED_PBP_V25,RELIEF_OR_BULK,MLB,False
822742-641793,822742,2026-05-03,WSH,MIL,H,641793,Zack Littell,RELIEF_OR_BULK,4.0,84.0,20.0,11.0,0.0,0.0,0.0,0.0,False,False,41,13,11,1,1,1,1,1,0,,,,,,,,https://github.com/geo2343/depuracion-mlb-kernel/blob/main/runtime/hbm26_v25_sheet01_0503.csv,QA_VALIDATED_PBP_V25,STARTER,MLB,False
822742-663765,822742,2026-05-03,MIL,WSH,A,663765,Jake Woodford,RELIEF_OR_BULK,2.0,10.0,3.0,3.0,0.0,10.0,0.0,3.0,False,False,12,3,2,0,0,0,1,1,0,,,,,,,,https://github.com/geo2343/depuracion-mlb-kernel/blob/main/runtime/hbm26_v25_sheet01_0503.csv,QA_VALIDATED_PBP_V25,RELIEF_OR_BULK,MLB,False
822742-663992,822742,2026-05-03,WSH,MIL,H,663992,Richard Lovelady,RELIEF_OR_BULK,2.0,12.0,3.0,2.0,0.0,12.0,0.0,3.0,False,False,12,3,2,0,0,1,0,1,0,,,,,,,,https://github.com/geo2343/depuracion-mlb-kernel/blob/main/runtime/hbm26_v25_sheet01_0503.csv,QA_VALIDATED_PBP_V25,RELIEF_OR_BULK,MLB,False
822742-680730,822742,2026-05-03,WSH,MIL,H,680730,Mitchell Parker,RELIEF_OR_BULK,2.0,34.0,12.0,9.0,0.0,34.0,0.0,12.0,False,False,23,6,6,0,0,0,0,2,0,,,,,,,,https://github.com/geo2343/depuracion-mlb-kernel/blob/main/runtime/hbm26_v25_sheet01_0503.csv,QA_VALIDATED_PBP_V25,RELIEF_OR_BULK,MLB,False
822742-681402,822742,2026-05-03,WSH,MIL,H,681402,Gus Varland,RELIEF_OR_BULK,2.0,22.0,5.0,4.0,0.0,22.0,0.0,5.0,False,False,9,3,2,1,1,1,0,0,0,,,,,,,,https://github.com/geo2343/depuracion-mlb-kernel/blob/main/runtime/hbm26_v25_sheet01_0503.csv,QA_VALIDATED_PBP_V25,RELIEF_OR_BULK,MLB,False
822742-702153,822742,2026-05-03,MIL,WSH,A,702153,Brian Fitzpatrick,RELIEF_OR_BULK,2.0,20.0,4.0,3.0,0.0,20.0,0.0,4.0,False,False,16,7,4,1,1,4,0,0,0,,,,,,,,https://github.com/geo2343/depuracion-mlb-kernel/blob/main/runtime/hbm26_v25_sheet01_0503.csv,QA_VALIDATED_PBP_V25,RELIEF_OR_BULK,MLB,False
823387-642397,823387,2026-05-03,PIT,CIN,H,642397,Gregory Soto,RELIEF_OR_BULK,0.0,7.0,3.0,3.0,7.0,7.0,3.0,3.0,True,False,17,4,4,0,0,0,0,2,0,,,,,,,,https://github.com/geo2343/depuracion-mlb-kernel/blob/main/runtime/hbm26_v25_sheet01_0503.csv,QA_VALIDATED_PBP_V25,RELIEF_OR_BULK,MLB,False
823387-663574,823387,2026-05-03,CIN,PIT,A,663574,Tony Santillan,RELIEF_OR_BULK,2.0,5.0,3.0,3.0,0.0,5.0,0.0,3.0,False,False,21,6,3,1,1,2,2,0,0,,,,,,,,https://github.com/geo2343/depuracion-mlb-kernel/blob/main/runtime/hbm26_v25_sheet01_0503.csv,QA_VALIDATED_PBP_V25,RELIEF_OR_BULK,MLB,False
823555-518585,823555,2026-05-03,NYY,BAL,H,518585,Fernando Cruz,RELIEF_OR_BULK,1.0,6.0,2.0,2.0,6.0,6.0,2.0,2.0,False,False,17,3,3,0,0,1,0,0,0,,,,,,,,https://github.com/geo2343/depuracion-mlb-kernel/blob/main/runtime/hbm26_v25_sheet01_0503.csv,QA_VALIDATED_PBP_V25,RELIEF_OR_BULK,MLB,False
823555-552640,823555,2026-05-03,BAL,NYY,A,552640,Andrew Kittredge,RELIEF_OR_BULK,4.0,22.0,6.0,3.0,0.0,0.0,0.0,0.0,False,False,22,8,1,7,7,7,0,0,1,,,,,,,,https://github.com/geo2343/depuracion-mlb-kernel/blob/main/runtime/hbm26_v25_sheet01_0503.csv,QA_VALIDATED_PBP_V25,RELIEF_OR_BULK,MLB,False
823555-608650,823555,2026-05-03,BAL,NYY,A,608650,Dietrich Enns,RELIEF_OR_BULK,0.0,14.0,3.0,3.0,14.0,14.0,3.0,3.0,True,False,13,4,2,0,0,1,1,0,0,,,,,,,,https://github.com/geo2343/depuracion-mlb-kernel/blob/main/runtime/hbm26_v25_sheet01_0503.csv,QA_VALIDATED_PBP_V25,RELIEF_OR_BULK,MLB,False
823555-664991,823555,2026-05-03,BAL,NYY,A,664991,Grant Wolfram,RELIEF_OR_BULK,0.0,14.0,3.0,3.0,14.0,14.0,3.0,3.0,True,False,15,5,2,1,1,3,0,0,0,,,,,,,,https://github.com/geo2343/depuracion-mlb-kernel/blob/main/runtime/hbm26_v25_sheet01_0503.csv,QA_VALIDATED_PBP_V25,RELIEF_OR_BULK,MLB,False
823555-666974,823555,2026-05-03,BAL,NYY,A,666974,Yennier Cano,RELIEF_OR_BULK,2.0,10.0,3.0,3.0,0.0,10.0,0.0,3.0,False,False,8,2,2,0,0,0,0,0,0,,,,,,,,https://github.com/geo2343/depuracion-mlb-kernel/blob/main/runtime/hbm26_v25_sheet01_0503.csv,QA_VALIDATED_PBP_V25,RELIEF_OR_BULK,MLB,False
823555-670280,823555,2026-05-03,NYY,BAL,H,670280,David Bednar,RELIEF_OR_BULK,4.0,22.0,6.0,3.0,0.0,0.0,0.0,0.0,False,False,18,4,3,0,0,1,0,2,0,,,,,,,,https://github.com/geo2343/depuracion-mlb-kernel/blob/main/runtime/hbm26_v25_sheet01_0503.csv,QA_VALIDATED_PBP_V25,RELIEF_OR_BULK,MLB,False
823555-670329,823555,2026-05-03,BAL,NYY,A,670329,Rico Garcia,RELIEF_OR_BULK,2.0,2.0,1.0,1.0,0.0,2.0,0.0,1.0,False,False,17,3,3,0,0,0,0,1,0,,,,,,,,https://github.com/geo2343/depuracion-mlb-kernel/blob/main/runtime/hbm26_v25_sheet01_0503.csv,QA_VALIDATED_PBP_V25,RELIEF_OR_BULK,MLB,False
823555-687396,823555,2026-05-03,NYY,BAL,H,687396,Brent Headrick,RELIEF_OR_BULK,3.0,22.0,4.0,4.0,0.0,0.0,0.0,0.0,False,False,16,5,5,0,0,1,0,1,0,,,,,,,,https://github.com/geo2343/depuracion-mlb-kernel/blob/main/runtime/hbm26_v25_sheet01_0503.csv,QA_VALIDATED_PBP_V25,RELIEF_OR_BULK,MLB,False
824769-547973,824769,2026-05-03,BOS,HOU,H,547973,Aroldis Chapman,RELIEF_OR_BULK,1.0,16.0,4.0,3.0,16.0,16.0,4.0,4.0,False,False,17,4,3,0,0,1,0,2,0,,,,,,,,https://github.com/geo2343/depuracion-mlb-kernel/blob/main/runtime/hbm26_v25_sheet01_0503.csv,QA_VALIDATED_PBP_V25,RELIEF_OR_BULK,MLB,False
824769-595345,824769,2026-05-03,HOU,BOS,A,595345,Steven Okert,RELIEF_OR_BULK,2.0,16.0,5.0,2.0,0.0,16.0,0.0,5.0,False,False,12,4,3,0,0,1,0,1,0,,,,,,,,https://github.com/geo2343/depuracion-mlb-kernel/blob/main/runtime/hbm26_v25_sheet01_0503.csv,QA_VALIDATED_PBP_V25,RELIEF_OR_BULK,MLB,False
824769-650556,824769,2026-05-03,HOU,BOS,A,650556,Bryan Abreu,RELIEF_OR_BULK,2.0,27.0,7.0,3.0,0.0,27.0,0.0,7.0,False,False,22,8,6,0,0,1,1,1,0,,,,,,,,https://github.com/geo2343/depuracion-mlb-kernel/blob/main/runtime/hbm26_v25_sheet01_0503.csv,QA_VALIDATED_PBP_V25,RELIEF_OR_BULK,MLB,False
824769-660853,824769,2026-05-03,HOU,BOS,A,660853,Enyel De Los Santos,RELIEF_OR_BULK,0.0,18.0,6.0,5.0,18.0,43.0,6.0,11.0,True,False,20,4,3,0,0,1,0,1,0,,,,,,,,https://github.com/geo2343/depuracion-mlb-kernel/blob/main/runtime/hbm26_v25_sheet01_0503.csv,QA_VALIDATED_PBP_V25,RELIEF_OR_BULK,MLB,False
824769-663558,824769,2026-05-03,BOS,HOU,H,663558,Jovani Morán,RELIEF_OR_BULK,3.0,39.0,11.0,8.0,0.0,0.0,0.0,0.0,False,False,11,3,2,0,0,0,1,1,0,,,,,,,,https://github.com/geo2343/depuracion-mlb-kernel/blob/main/runtime/hbm26_v25_sheet01_0503.csv,QA_VALIDATED_PBP_V25,RELIEF_OR_BULK,MLB,False
824769-669711,824769,2026-05-03,BOS,HOU,H,669711,Greg Weissert,RELIEF_OR_BULK,3.0,13.0,4.0,2.0,0.0,0.0,0.0,0.0,False,False,22,6,4,1,1,3,0,1,0,,,,,,,,https://github.com/geo2343/depuracion-mlb-kernel/blob/main/runtime/hbm26_v25_sheet01_0503.csv,QA_VALIDATED_PBP_V25,RELIEF_OR_BULK,MLB,False
824769-676477,824769,2026-05-03,BOS,HOU,H,676477,Garrett Whitlock,RELIEF_OR_BULK,1.0,16.0,5.0,3.0,16.0,16.0,5.0,5.0,False,False,19,5,4,0,0,1,0,2,0,,,,,,,,https://github.com/geo2343/depuracion-mlb-kernel/blob/main/runtime/hbm26_v25_sheet01_0503.csv,QA_VALIDATED_PBP_V25,RELIEF_OR_BULK,MLB,False
824769-677161,824769,2026-05-03,BOS,HOU,H,677161,Zack Kelly,RELIEF_OR_BULK,1.0,19.0,6.0,4.0,19.0,19.0,6.0,6.0,False,False,19,5,3,2,1,1,2,0,0,,,,,,,,https://github.com/geo2343/depuracion-mlb-kernel/blob/main/runtime/hbm26_v25_sheet01_0503.csv,QA_VALIDATED_PBP_V25,RELIEF_OR_BULK,MLB,False
824769-701719,824769,2026-05-03,BOS,HOU,H,701719,Tyler Samaniego,RELIEF_OR_BULK,0.0,26.0,9.0,6.0,26.0,26.0,9.0,9.0,True,False,13,4,2,0,0,1,1,0,0,,,,,,,,https://github.com/geo2343/depuracion-mlb-kernel/blob/main/runtime/hbm26_v25_sheet01_0503.csv,QA_VALIDATED_PBP_V25,RELIEF_OR_BULK,MLB,False
824769-805123,824769,2026-05-03,HOU,BOS,A,805123,AJ Blubaugh,RELIEF_OR_BULK,2.0,13.0,3.0,3.0,0.0,13.0,0.0,3.0,False,False,59,15,11,1,1,2,2,5,1,,,,,,,,https://github.com/geo2343/depuracion-mlb-kernel/blob/main/runtime/hbm26_v25_sheet01_0503.csv,QA_VALIDATED_PBP_V25,RELIEF_OR_BULK,MLB,False
822987-641329,822987,2026-05-03,TB,SF,H,641329,Bryan Baker,RELIEF_OR_BULK,1.0,12.0,3.0,3.0,12.0,12.0,3.0,3.0,False,False,11,3,3,0,0,0,0,1,0,,,,,,,,https://github.com/geo2343/depuracion-mlb-kernel/blob/main/runtime/hbm26_v25_sheet01_0503.csv,QA_VALIDATED_PBP_V25,RELIEF_OR_BULK,MLB,False
822987-657424,822987,2026-05-03,SF,TB,A,657424,Matt Gage,RELIEF_OR_BULK,0.0,8.0,3.0,2.0,8.0,11.0,3.0,5.0,True,False,15,3,2,0,0,0,1,1,0,,,,,,,,https://github.com/geo2343/depuracion-mlb-kernel/blob/main/runtime/hbm26_v25_sheet01_0503.csv,QA_VALIDATED_PBP_V25,RELIEF_OR_BULK,MLB,False
822987-668873,822987,2026-05-03,SF,TB,A,668873,Caleb Kilian,RELIEF_OR_BULK,2.0,22.0,7.0,6.0,0.0,22.0,0.0,7.0,False,False,15,6,3,1,0,2,1,0,0,,,,,,,,https://github.com/geo2343/depuracion-mlb-kernel/blob/main/runtime/hbm26_v25_sheet01_0503.csv,QA_VALIDATED_PBP_V25,RELIEF_OR_BULK,MLB,False
822987-676254,822987,2026-05-03,SF,TB,A,676254,Ryan Walker,RELIEF_OR_BULK,2.0,21.0,5.0,2.0,0.0,21.0,0.0,5.0,False,False,14,5,3,1,1,1,1,0,0,,,,,,,,https://github.com/geo2343/depuracion-mlb-kernel/blob/main/runtime/hbm26_v25_sheet01_0503.csv,QA_VALIDATED_PBP_V25,RELIEF_OR_BULK,MLB,False
822987-676775,822987,2026-05-03,SF,TB,A,676775,Keaton Winn,RELIEF_OR_BULK,2.0,39.0,10.0,6.0,0.0,39.0,0.0,10.0,False,False,9,3,3,0,0,1,0,0,0,,,,,,,,https://github.com/geo2343/depuracion-mlb-kernel/blob/main/runtime/hbm26_v25_sheet01_0503.csv,QA_VALIDATED_PBP_V25,RELIEF_OR_BULK,MLB,False
822987-685801,822987,2026-05-03,TB,SF,H,685801,Hunter Bigge,RELIEF_OR_BULK,7.0,11.0,3.0,3.0,0.0,0.0,0.0,0.0,False,False,26,8,6,0,0,2,0,3,0,,,,,,,,https://github.com/geo2343/depuracion-mlb-kernel/blob/main/runtime/hbm26_v25_sheet01_0503.csv,QA_VALIDATED_PBP_V25,RELIEF_OR_BULK,MLB,False
822987-693855,822987,2026-05-03,TB,SF,H,693855,Ian Seymour,RELIEF_OR_BULK,1.0,14.0,4.0,3.0,14.0,14.0,4.0,4.0,False,False,8,3,3,0,0,0,0,0,0,,,,,,,,https://github.com/geo2343/depuracion-mlb-kernel/blob/main/runtime/hbm26_v25_sheet01_0503.csv,QA_VALIDATED_PBP_V25,RELIEF_OR_BULK,MLB,False
823875-663767,823875,2026-05-03,PHI,MIA,A,663767,Chase Shugart,RELIEF_OR_BULK,2.0,16.0,4.0,3.0,0.0,20.0,0.0,5.0,False,False,15,5,5,0,0,1,0,0,0,,,,,,,,https://github.com/geo2343/depuracion-mlb-kernel/blob/main/runtime/hbm26_v25_sheet01_0503.csv,QA_VALIDATED_PBP_V25,RELIEF_OR_BULK,MLB,False
823875-663969,823875,2026-05-03,MIA,PHI,H,663969,Tyler Phillips,RELIEF_OR_BULK,4.0,16.0,4.0,3.0,0.0,0.0,0.0,0.0,False,False,47,13,9,0,0,4,0,3,0,,,,,,,,https://github.com/geo2343/depuracion-mlb-kernel/blob/main/runtime/hbm26_v25_sheet01_0503.csv,QA_VALIDATED_PBP_V25,RELIEF_OR_BULK,MLB,False
823875-667463,823875,2026-05-03,MIA,PHI,H,667463,John King,RELIEF_OR_BULK,3.0,15.0,3.0,3.0,0.0,0.0,0.0,0.0,False,False,15,4,4,0,0,1,0,1,0,,,,,,,,https://github.com/geo2343/depuracion-mlb-kernel/blob/main/runtime/hbm26_v25_sheet01_0503.csv,QA_VALIDATED_PBP_V25,RELIEF_OR_BULK,MLB,False
823875-676534,823875,2026-05-03,MIA,PHI,H,676534,Calvin Faucher,RELIEF_OR_BULK,3.0,16.0,5.0,3.0,0.0,0.0,0.0,0.0,False,False,14,3,3,0,0,0,0,1,0,,,,,,,,https://github.com/geo2343/depuracion-mlb-kernel/blob/main/runtime/hbm26_v25_sheet01_0503.csv,QA_VALIDATED_PBP_V25,RELIEF_OR_BULK,MLB,False
823875-689147,823875,2026-05-03,PHI,MIA,A,689147,Orion Kerkering,RELIEF_OR_BULK,1.0,13.0,4.0,3.0,13.0,30.0,4.0,8.0,False,False,9,3,3,0,0,0,0,0,0,,,,,,,,https://github.com/geo2343/depuracion-mlb-kernel/blob/main/runtime/hbm26_v25_sheet01_0503.csv,QA_VALIDATED_PBP_V25,RELIEF_OR_BULK,MLB,False
823875-694795,823875,2026-05-03,MIA,PHI,H,694795,Josh Ekness,RELIEF_OR_BULK,,,,,,,,,,,7,3,3,0,0,0,0,0,0,,,,,,,,https://github.com/geo2343/depuracion-mlb-kernel/blob/main/runtime/hbm26_v25_sheet01_0503.csv,QA_VALIDATED_PBP_V25,,,
823065-595014,823065,2026-05-03,LAD,STL,A,595014,Blake Treinen,RELIEF_OR_BULK,4.0,21.0,4.0,3.0,0.0,0.0,0.0,0.0,False,False,1,1,1,0,0,0,0,0,0,,,,,,,,https://github.com/geo2343/depuracion-mlb-kernel/blob/main/runtime/hbm26_v25_sheet01_0503.csv,QA_VALIDATED_PBP_V25,RELIEF_OR_BULK,MLB,False
823065-656945,823065,2026-05-03,LAD,STL,A,656945,Tanner Scott,RELIEF_OR_BULK,4.0,16.0,4.0,3.0,0.0,0.0,0.0,0.0,False,False,13,3,3,0,0,0,0,2,0,,,,,,,,https://github.com/geo2343/depuracion-mlb-kernel/blob/main/runtime/hbm26_v25_sheet01_0503.csv,QA_VALIDATED_PBP_V25,RELIEF_OR_BULK,MLB,False
823065-677865,823065,2026-05-03,STL,LAD,H,677865,Justin Bruihl,RELIEF_OR_BULK,2.0,18.0,3.0,2.0,0.0,18.0,0.0,3.0,False,False,16,5,3,0,0,0,1,2,0,,,,,,,,https://github.com/geo2343/depuracion-mlb-kernel/blob/main/runtime/hbm26_v25_sheet01_0503.csv,QA_VALIDATED_PBP_V25,RELIEF_OR_BULK,MLB,False
823065-694361,823065,2026-05-03,LAD,STL,A,694361,Will Klein,RELIEF_OR_BULK,3.0,26.0,10.0,6.0,0.0,0.0,0.0,0.0,False,False,25,7,5,1,1,1,1,0,0,,,,,,,,https://github.com/geo2343/depuracion-mlb-kernel/blob/main/runtime/hbm26_v25_sheet01_0503.csv,QA_VALIDATED_PBP_V25,RELIEF_OR_BULK,MLB,False
823065-694363,823065,2026-05-03,STL,LAD,H,694363,Jared Shuster,RELIEF_OR_BULK,20.0,50.0,13.0,9.0,0.0,0.0,0.0,0.0,False,False,23,10,6,1,0,3,1,0,0,,,,,,,,https://github.com/geo2343/depuracion-mlb-kernel/blob/main/runtime/hbm26_v25_sheet01_0503.csv,QA_VALIDATED_PBP_V25,RELIEF_OR_BULK,MLB,False
824687-571948,824687,2026-05-03,CHC,AZ,H,571948,Hoby Milner,RELIEF_OR_BULK,3.0,3.0,1.0,1.0,0.0,0.0,0.0,0.0,False,False,15,4,3,0,0,1,0,0,0,,,,,,,,https://github.com/geo2343/depuracion-mlb-kernel/blob/main/runtime/hbm26_v25_sheet01_0503.csv,QA_VALIDATED_PBP_V25,RELIEF_OR_BULK,MLB,False
824687-623149,824687,2026-05-03,AZ,CHC,A,623149,Paul Sewald,RELIEF_OR_BULK,3.0,13.0,3.0,3.0,0.0,0.0,0.0,0.0,False,False,8,2,2,0,0,0,0,2,0,,,,,,,,https://github.com/geo2343/depuracion-mlb-kernel/blob/main/runtime/hbm26_v25_sheet01_0503.csv,QA_VALIDATED_PBP_V25,RELIEF_OR_BULK,MLB,False
824687-656686,824687,2026-05-03,CHC,AZ,H,656686,Corbin Martin,RELIEF_OR_BULK,3.0,19.0,3.0,0.0,0.0,0.0,0.0,0.0,False,False,26,5,3,2,2,1,1,2,1,,,,,,,,https://github.com/geo2343/depuracion-mlb-kernel/blob/main/runtime/hbm26_v25_sheet01_0503.csv,QA_VALIDATED_PBP_V25,RELIEF_OR_BULK,MLB,False
824687-657044,824687,2026-05-03,AZ,CHC,A,657044,Ryan Thompson,RELIEF_OR_BULK,1.0,19.0,6.0,4.0,19.0,19.0,6.0,6.0,False,False,4,2,2,0,0,0,0,0,0,,,,,,,,https://github.com/geo2343/depuracion-mlb-kernel/blob/main/runtime/hbm26_v25_sheet01_0503.csv,QA_VALIDATED_PBP_V25,RELIEF_OR_BULK,MLB,False
824687-664208,824687,2026-05-03,CHC,AZ,H,664208,Phil Maton,RELIEF_OR_BULK,1.0,11.0,3.0,3.0,11.0,11.0,3.0,3.0,False,False,25,6,3,0,0,1,1,1,0,,,,,,,,https://github.com/geo2343/depuracion-mlb-kernel/blob/main/runtime/hbm26_v25_sheet01_0503.csv,QA_VALIDATED_PBP_V25,RELIEF_OR_BULK,MLB,False
824687-694297,824687,2026-05-03,AZ,CHC,A,694297,Brandon Pfaadt,RELIEF_OR_BULK,2.0,15.0,4.0,3.0,0.0,15.0,0.0,4.0,False,False,52,14,7,2,2,4,3,1,0,,,,,,,,https://github.com/geo2343/depuracion-mlb-kernel/blob/main/runtime/hbm26_v25_sheet01_0503.csv,QA_VALIDATED_PBP_V25,RELIEF_OR_BULK,MLB,False
824364-607481,824364,2026-05-03,ATL,COL,A,607481,Aaron Bummer,RELIEF_OR_BULK,2.0,12.0,3.0,2.0,0.0,12.0,0.0,3.0,False,False,16,6,3,2,2,3,0,2,1,,,,,,,,https://github.com/geo2343/depuracion-mlb-kernel/blob/main/runtime/hbm26_v25_sheet01_0503.csv,QA_VALIDATED_PBP_V25,RELIEF_OR_BULK,MLB,False
824364-622608,824364,2026-05-03,COL,ATL,H,622608,Antonio Senzatela,RELIEF_OR_BULK,2.0,16.0,7.0,5.0,0.0,16.0,0.0,7.0,False,False,42,11,8,2,2,3,1,1,0,,,,,,,,https://github.com/geo2343/depuracion-mlb-kernel/blob/main/runtime/hbm26_v25_sheet01_0503.csv,QA_VALIDATED_PBP_V25,RELIEF_OR_BULK,MLB,False
824364-623474,824364,2026-05-03,COL,ATL,H,623474,Jimmy Herget,RELIEF_OR_BULK,3.0,26.0,7.0,3.0,0.0,0.0,0.0,0.0,False,False,28,7,3,3,3,3,1,0,0,,,,,,,,https://github.com/geo2343/depuracion-mlb-kernel/blob/main/runtime/hbm26_v25_sheet01_0503.csv,QA_VALIDATED_PBP_V25,RELIEF_OR_BULK,MLB,False
824364-625643,824364,2026-05-03,ATL,COL,A,625643,Reynaldo López,RELIEF_OR_BULK,3.0,17.0,6.0,6.0,0.0,0.0,0.0,0.0,False,False,12,5,3,0,0,1,1,1,0,,,,,,,,https://github.com/geo2343/depuracion-mlb-kernel/blob/main/runtime/hbm26_v25_sheet01_0503.csv,QA_VALIDATED_PBP_V25,RELIEF_OR_BULK,MLB,False
824364-641755,824364,2026-05-03,ATL,COL,A,641755,Tyler Kinley,RELIEF_OR_BULK,2.0,27.0,6.0,3.0,0.0,27.0,0.0,6.0,False,False,11,4,3,1,1,1,0,2,1,,,,,,,,https://github.com/geo2343/depuracion-mlb-kernel/blob/main/runtime/hbm26_v25_sheet01_0503.csv,QA_VALIDATED_PBP_V25,RELIEF_OR_BULK,MLB,False
824364-663158,824364,2026-05-03,ATL,COL,A,663158,Robert Suarez,RELIEF_OR_BULK,1.0,17.0,4.0,3.0,17.0,17.0,4.0,4.0,False,False,16,4,3,0,0,2,0,0,0,,,,,,,,https://github.com/geo2343/depuracion-mlb-kernel/blob/main/runtime/hbm26_v25_sheet01_0503.csv,QA_VALIDATED_PBP_V25,RELIEF_OR_BULK,MLB,False
824364-669276,824364,2026-05-03,ATL,COL,A,669276,Dylan Lee,RELIEF_OR_BULK,0.0,14.0,3.0,3.0,14.0,14.0,3.0,3.0,True,False,9,3,3,0,0,0,0,2,0,,,,,,,,https://github.com/geo2343/depuracion-mlb-kernel/blob/main/runtime/hbm26_v25_sheet01_0503.csv,QA_VALIDATED_PBP_V25,RELIEF_OR_BULK,MLB,False
824364-680767,824364,2026-05-03,COL,ATL,H,680767,Victor Vodnik,RELIEF_OR_BULK,2.0,25.0,6.0,3.0,0.0,25.0,0.0,6.0,False,False,17,3,3,0,0,0,1,1,0,,,,,,,,https://github.com/geo2343/depuracion-mlb-kernel/blob/main/runtime/hbm26_v25_sheet01_0503.csv,QA_VALIDATED_PBP_V25,RELIEF_OR_BULK,MLB,False
824364-800311,824364,2026-05-03,ATL,COL,A,800311,Didier Fuentes,RELIEF_OR_BULK,1.0,15.0,3.0,3.0,15.0,15.0,3.0,3.0,False,False,8,2,2,0,0,0,0,0,0,,,,,,,,https://github.com/geo2343/depuracion-mlb-kernel/blob/main/runtime/hbm26_v25_sheet01_0503.csv,QA_VALIDATED_PBP_V25,RELIEF_OR_BULK,MLB,False
825013-643410,825013,2026-05-03,ATH,CLE,H,643410,Mark Leiter Jr.,RELIEF_OR_BULK,3.0,11.0,2.0,1.0,0.0,0.0,0.0,0.0,False,False,10,3,3,0,0,0,0,1,0,,,,,,,,https://github.com/geo2343/depuracion-mlb-kernel/blob/main/runtime/hbm26_v25_sheet01_0503.csv,QA_VALIDATED_PBP_V25,RELIEF_OR_BULK,MLB,False
825013-669270,825013,2026-05-03,ATH,CLE,H,669270,Joel Kuhnel,RELIEF_OR_BULK,1.0,20.0,5.0,5.0,20.0,20.0,5.0,5.0,False,False,12,4,3,0,0,0,1,0,0,,,,,,,,https://github.com/geo2343/depuracion-mlb-kernel/blob/main/runtime/hbm26_v25_sheet01_0503.csv,QA_VALIDATED_PBP_V25,RELIEF_OR_BULK,MLB,False
825013-670059,825013,2026-05-03,CLE,ATH,A,670059,Colin Holderman,RELIEF_OR_BULK,0.0,14.0,6.0,5.0,14.0,14.0,6.0,6.0,True,False,27,9,6,0,0,3,0,2,0,,,,,,,,https://github.com/geo2343/depuracion-mlb-kernel/blob/main/runtime/hbm26_v25_sheet01_0503.csv,QA_VALIDATED_PBP_V25,RELIEF_OR_BULK,MLB,False
825013-686993,825013,2026-05-03,ATH,CLE,H,686993,Justin Sterner,RELIEF_OR_BULK,1.0,21.0,5.0,3.0,21.0,21.0,5.0,5.0,False,False,12,3,3,0,0,0,0,1,0,,,,,,,,https://github.com/geo2343/depuracion-mlb-kernel/blob/main/runtime/hbm26_v25_sheet01_0503.csv,QA_VALIDATED_PBP_V25,RELIEF_OR_BULK,MLB,False
825013-688883,825013,2026-05-03,CLE,ATH,A,688883,Peyton Pallette,RELIEF_OR_BULK,4.0,17.0,4.0,3.0,0.0,0.0,0.0,0.0,False,False,36,8,3,3,3,2,3,1,0,,,,,,,,https://github.com/geo2343/depuracion-mlb-kernel/blob/main/runtime/hbm26_v25_sheet01_0503.csv,QA_VALIDATED_PBP_V25,RELIEF_OR_BULK,MLB,False
824043-519141,824043,2026-05-03,LAA,NYM,H,519141,Drew Pomeranz,RELIEF_OR_BULK,3.0,6.0,4.0,1.0,0.0,0.0,0.0,0.0,False,False,9,3,3,0,0,0,0,1,0,,,,,,,,https://github.com/geo2343/depuracion-mlb-kernel/blob/main/runtime/hbm26_v25_sheet01_0503.csv,QA_VALIDATED_PBP_V25,RELIEF_OR_BULK,MLB,False
824043-548384,824043,2026-05-03,NYM,LAA,A,548384,Brooks Raley,RELIEF_OR_BULK,1.0,8.0,3.0,3.0,8.0,20.0,3.0,6.0,False,False,15,4,3,0,0,1,0,2,0,,,,,,,,https://github.com/geo2343/depuracion-mlb-kernel/blob/main/runtime/hbm26_v25_sheet01_0503.csv,QA_VALIDATED_PBP_V25,RELIEF_OR_BULK,MLB,False
824043-596133,824043,2026-05-03,NYM,LAA,A,596133,Luke Weaver,RELIEF_OR_BULK,1.0,17.0,3.0,3.0,17.0,30.0,3.0,8.0,False,False,17,5,4,0,0,1,0,3,0,,,,,,,,https://github.com/geo2343/depuracion-mlb-kernel/blob/main/runtime/hbm26_v25_sheet01_0503.csv,QA_VALIDATED_PBP_V25,RELIEF_OR_BULK,MLB,False
824043-642048,824043,2026-05-03,LAA,NYM,H,642048,Tayler Saucedo,RELIEF_OR_BULK,,,,,,,,,,,11,3,2,1,1,0,0,2,0,,,,,,,,https://github.com/geo2343/depuracion-mlb-kernel/blob/main/runtime/hbm26_v25_sheet01_0503.csv,QA_VALIDATED_PBP_V25,,,
824043-680704,824043,2026-05-03,LAA,NYM,H,680704,Nick Sandlin,RELIEF_OR_BULK,1.0,23.0,6.0,6.0,23.0,23.0,6.0,6.0,False,False,23,6,3,2,2,2,1,0,1,,,,,,,,https://github.com/geo2343/depuracion-mlb-kernel/blob/main/runtime/hbm26_v25_sheet01_0503.csv,QA_VALIDATED_PBP_V25,RELIEF_OR_BULK,MLB,False
823145-663738,823145,2026-05-03,KC,SEA,A,663738,Daniel Lynch IV,RELIEF_OR_BULK,1.0,25.0,5.0,3.0,25.0,25.0,5.0,5.0,False,False,17,4,4,0,0,0,0,3,0,,,,,,,,https://github.com/geo2343/depuracion-mlb-kernel/blob/main/runtime/hbm26_v25_sheet01_0503.csv,QA_VALIDATED_PBP_V25,RELIEF_OR_BULK,MLB,False
823145-670167,823145,2026-05-03,KC,SEA,A,670167,John Schreiber,RELIEF_OR_BULK,2.0,20.0,7.0,5.0,0.0,20.0,0.0,7.0,False,False,12,3,2,0,0,0,1,0,0,,,,,,,,https://github.com/geo2343/depuracion-mlb-kernel/blob/main/runtime/hbm26_v25_sheet01_0503.csv,QA_VALIDATED_PBP_V25,RELIEF_OR_BULK,MLB,False
823145-677961,823145,2026-05-03,SEA,KC,H,677961,Cole Wilcox,RELIEF_OR_BULK,1.0,20.0,5.0,3.0,20.0,20.0,5.0,5.0,False,False,20,5,3,0,0,0,2,0,0,,,,,,,,https://github.com/geo2343/depuracion-mlb-kernel/blob/main/runtime/hbm26_v25_sheet01_0503.csv,QA_VALIDATED_PBP_V25,RELIEF_OR_BULK,MLB,False
823145-689546,823145,2026-05-03,SEA,KC,H,689546,Nick Davila,RELIEF_OR_BULK,,,,,,,,,,,16,4,3,0,0,1,1,1,0,,,,,,,,https://github.com/geo2343/depuracion-mlb-kernel/blob/main/runtime/hbm26_v25_sheet01_0503.csv,QA_VALIDATED_PBP_V25,,,
823145-695380,823145,2026-05-03,SEA,KC,H,695380,Alex Hoppe,RELIEF_OR_BULK,1.0,15.0,3.0,3.0,15.0,15.0,3.0,3.0,False,False,18,4,3,0,0,1,0,1,0,,,,,,,,https://github.com/geo2343/depuracion-mlb-kernel/blob/main/runtime/hbm26_v25_sheet01_0503.csv,QA_VALIDATED_PBP_V25,RELIEF_OR_BULK,MLB,False
823307-592094,823307,2026-05-03,SD,CWS,H,592094,Jason Adam,RELIEF_OR_BULK,3.0,25.0,5.0,3.0,0.0,0.0,0.0,0.0,False,False,17,4,3,0,0,1,0,1,0,,,,,,,,https://github.com/geo2343/depuracion-mlb-kernel/blob/main/runtime/hbm26_v25_sheet01_0503.csv,QA_VALIDATED_PBP_V25,RELIEF_OR_BULK,MLB,False
823307-663542,823307,2026-05-03,CWS,SD,A,663542,Bryan Hudson,RELIEF_OR_BULK,0.0,6.0,3.0,3.0,6.0,6.0,3.0,3.0,True,False,26,5,3,0,0,2,0,2,0,,,,,,,,https://github.com/geo2343/depuracion-mlb-kernel/blob/main/runtime/hbm26_v25_sheet01_0503.csv,QA_VALIDATED_PBP_V25,RELIEF_OR_BULK,MLB,False
823307-670970,823307,2026-05-03,SD,CWS,H,670970,Adrian Morejon,RELIEF_OR_BULK,3.0,16.0,4.0,2.0,0.0,0.0,0.0,0.0,False,False,31,8,6,2,2,2,0,4,1,,,,,,,,https://github.com/geo2343/depuracion-mlb-kernel/blob/main/runtime/hbm26_v25_sheet01_0503.csv,QA_VALIDATED_PBP_V25,RELIEF_OR_BULK,MLB,False
823307-673929,823307,2026-05-03,CWS,SD,A,673929,Jordan Leasure,RELIEF_OR_BULK,4.0,12.0,4.0,3.0,0.0,0.0,0.0,0.0,False,False,10,3,3,0,0,0,0,1,0,,,,,,,,https://github.com/geo2343/depuracion-mlb-kernel/blob/main/runtime/hbm26_v25_sheet01_0503.csv,QA_VALIDATED_PBP_V25,RELIEF_OR_BULK,MLB,False
823307-695243,823307,2026-05-03,SD,CWS,H,695243,Mason Miller,RELIEF_OR_BULK,3.0,19.0,4.0,3.0,0.0,0.0,0.0,0.0,False,False,15,4,3,0,0,1,0,3,0,,,,,,,,https://github.com/geo2343/depuracion-mlb-kernel/blob/main/runtime/hbm26_v25_sheet01_0503.csv,QA_VALIDATED_PBP_V25,RELIEF_OR_BULK,MLB,False
823307-699823,823307,2026-05-03,CWS,SD,A,699823,Tyler Davis,RELIEF_OR_BULK,1.0,9.0,3.0,3.0,9.0,9.0,3.0,3.0,False,False,18,4,3,1,1,0,1,0,0,,,,,,,,https://github.com/geo2343/depuracion-mlb-kernel/blob/main/runtime/hbm26_v25_sheet01_0503.csv,QA_VALIDATED_PBP_V25,RELIEF_OR_BULK,MLB,False
824285-572143,824285,2026-05-03,DET,TEX,H,572143,Burch Smith,RELIEF_OR_BULK,1.0,32.0,9.0,6.0,32.0,32.0,9.0,9.0,False,False,18,4,3,0,0,1,0,0,0,,,,,,,,https://github.com/geo2343/depuracion-mlb-kernel/blob/main/runtime/hbm26_v25_sheet01_0503.csv,QA_VALIDATED_PBP_V25,RELIEF_OR_BULK,MLB,False
824285-640448,824285,2026-05-03,DET,TEX,H,640448,Kyle Finnegan,RELIEF_OR_BULK,2.0,17.0,4.0,3.0,0.0,17.0,0.0,4.0,False,False,10,4,3,0,0,1,0,1,0,,,,,,,,https://github.com/geo2343/depuracion-mlb-kernel/blob/main/runtime/hbm26_v25_sheet01_0503.csv,QA_VALIDATED_PBP_V25,RELIEF_OR_BULK,MLB,False
824285-641302,824285,2026-05-03,TEX,DET,A,641302,Tyler Alexander,RELIEF_OR_BULK,1.0,14.0,4.0,3.0,14.0,14.0,4.0,4.0,False,False,6,4,1,2,2,3,0,0,0,,,,,,,,https://github.com/geo2343/depuracion-mlb-kernel/blob/main/runtime/hbm26_v25_sheet01_0503.csv,QA_VALIDATED_PBP_V25,RELIEF_OR_BULK,MLB,False
824285-669724,824285,2026-05-03,DET,TEX,H,669724,Brenan Hanifee,RELIEF_OR_BULK,1.0,13.0,4.0,3.0,13.0,13.0,4.0,4.0,False,False,24,6,5,0,0,1,0,1,0,,,,,,,,https://github.com/geo2343/depuracion-mlb-kernel/blob/main/runtime/hbm26_v25_sheet01_0503.csv,QA_VALIDATED_PBP_V25,RELIEF_OR_BULK,MLB,False
824285-676428,824285,2026-05-03,DET,TEX,H,676428,Brant Hurter,RELIEF_OR_BULK,1.0,13.0,4.0,3.0,13.0,13.0,4.0,4.0,False,False,38,12,10,0,0,2,1,2,0,,,,,,,,https://github.com/geo2343/depuracion-mlb-kernel/blob/main/runtime/hbm26_v25_sheet01_0503.csv,QA_VALIDATED_PBP_V25,RELIEF_OR_BULK,MLB,False
824285-676568,824285,2026-05-03,DET,TEX,H,676568,Ricky Vanasco,RELIEF_OR_BULK,,,,,,,,,,,28,7,4,1,1,1,1,2,0,,,,,,,,https://github.com/geo2343/depuracion-mlb-kernel/blob/main/runtime/hbm26_v25_sheet01_0503.csv,QA_VALIDATED_PBP_V25,,,
824285-686560,824285,2026-05-03,TEX,DET,A,686560,Gavin Collyer,RELIEF_OR_BULK,0.0,16.0,4.0,3.0,16.0,16.0,4.0,4.0,True,False,21,3,3,0,0,0,0,2,0,,,,,,,,https://github.com/geo2343/depuracion-mlb-kernel/blob/main/runtime/hbm26_v25_sheet01_0503.csv,QA_VALIDATED_PBP_V25,RELIEF_OR_BULK,MLB,False
824363-518886,824363,2026-05-04,NYM,COL,A,518886,Craig Kimbrel,RELIEF_OR_BULK,1.0,12.0,5.0,3.0,12.0,12.0,5.0,5.0,False,False,15,4,3,0,0,1,0,1,0,,,,,,,,https://github.com/geo2343/depuracion-mlb-kernel/blob/main/runtime/hbm26_v26_sheet01_0504.csv,QA_VALIDATED_PBP_V26,RELIEF_OR_BULK,MLB,False
824363-642207,824363,2026-05-04,NYM,COL,A,642207,Devin Williams,RELIEF_OR_BULK,2.0,14.0,3.0,3.0,0.0,14.0,0.0,3.0,False,False,8,3,3,0,0,0,0,1,0,,,,,,,,https://github.com/geo2343/depuracion-mlb-kernel/blob/main/runtime/hbm26_v26_sheet01_0504.csv,QA_VALIDATED_PBP_V26,RELIEF_OR_BULK,MLB,False
824363-656849,824363,2026-05-04,NYM,COL,A,656849,David Peterson,RELIEF_OR_BULK,4.0,80.0,19.0,11.0,0.0,0.0,0.0,0.0,False,False,69,15,12,2,2,3,0,6,0,,,,,,,,https://github.com/geo2343/depuracion-mlb-kernel/blob/main/runtime/hbm26_v26_sheet01_0504.csv,QA_VALIDATED_PBP_V26,STARTER,MLB,False
824363-657514,824363,2026-05-04,COL,NYM,H,657514,Brennan Bernardino,RELIEF_OR_BULK,1.0,23.0,5.0,2.0,23.0,23.0,5.0,5.0,False,False,10,3,3,0,0,0,0,0,0,,,,,,,,https://github.com/geo2343/depuracion-mlb-kernel/blob/main/runtime/hbm26_v26_sheet01_0504.csv,QA_VALIDATED_PBP_V26,STARTER,MLB,False
824363-675848,824363,2026-05-04,COL,NYM,H,675848,Juan Mejia,RELIEF_OR_BULK,2.0,20.0,7.0,3.0,0.0,20.0,0.0,7.0,False,False,23,6,6,0,0,0,0,5,0,,,,,,,,https://github.com/geo2343/depuracion-mlb-kernel/blob/main/runtime/hbm26_v26_sheet01_0504.csv,QA_VALIDATED_PBP_V26,RELIEF_OR_BULK,MLB,False
824363-677955,824363,2026-05-04,COL,NYM,H,677955,Jaden Hill,RELIEF_OR_BULK,2.0,19.0,4.0,2.0,0.0,19.0,0.0,4.0,False,False,11,3,2,0,0,1,0,2,0,,,,,,,,https://github.com/geo2343/depuracion-mlb-kernel/blob/main/runtime/hbm26_v26_sheet01_0504.csv,QA_VALIDATED_PBP_V26,RELIEF_OR_BULK,MLB,False
824363-681810,824363,2026-05-04,NYM,COL,A,681810,Austin Warren,RELIEF_OR_BULK,1.0,20.0,5.0,2.0,20.0,20.0,5.0,5.0,False,False,24,7,6,0,0,1,0,3,0,,,,,,,,https://github.com/geo2343/depuracion-mlb-kernel/blob/main/runtime/hbm26_v26_sheet01_0504.csv,QA_VALIDATED_PBP_V26,RELIEF_OR_BULK,MLB,False
824283-445276,824283,2026-05-04,DET,BOS,H,445276,Kenley Jansen,RELIEF_OR_BULK,4.0,11.0,2.0,0.0,0.0,0.0,0.0,0.0,False,False,10,3,3,0,0,0,1,1,0,,,,,,,,https://github.com/geo2343/depuracion-mlb-kernel/blob/main/runtime/hbm26_v26_sheet01_0504.csv,QA_VALIDATED_PBP_V26,RELIEF_OR_BULK,MLB,False
824283-547973,824283,2026-05-04,BOS,DET,A,547973,Aroldis Chapman,RELIEF_OR_BULK,0.0,17.0,4.0,3.0,17.0,33.0,4.0,8.0,True,False,13,3,3,0,0,0,0,1,0,,,,,,,,https://github.com/geo2343/depuracion-mlb-kernel/blob/main/runtime/hbm26_v26_sheet01_0504.csv,QA_VALIDATED_PBP_V26,RELIEF_OR_BULK,MLB,False
824283-646241,824283,2026-05-04,DET,BOS,H,646241,Enmanuel De Jesus,RELIEF_OR_BULK,2.0,17.0,4.0,4.0,0.0,17.0,0.0,4.0,False,False,32,8,4,1,1,3,1,2,0,,,,,,,,https://github.com/geo2343/depuracion-mlb-kernel/blob/main/runtime/hbm26_v26_sheet01_0504.csv,QA_VALIDATED_PBP_V26,RELIEF_OR_BULK,MLB,False
824283-676477,824283,2026-05-04,BOS,DET,A,676477,Garrett Whitlock,RELIEF_OR_BULK,0.0,19.0,5.0,4.0,19.0,35.0,5.0,10.0,True,False,26,6,3,2,2,2,1,2,0,,,,,,,,https://github.com/geo2343/depuracion-mlb-kernel/blob/main/runtime/hbm26_v26_sheet01_0504.csv,QA_VALIDATED_PBP_V26,RELIEF_OR_BULK,MLB,False
824283-676568,824283,2026-05-04,DET,BOS,H,676568,Ricky Vanasco,RELIEF_OR_BULK,0.0,28.0,7.0,4.0,28.0,28.0,7.0,7.0,True,False,25,6,2,4,4,3,1,0,1,,,,,,,,https://github.com/geo2343/depuracion-mlb-kernel/blob/main/runtime/hbm26_v26_sheet01_0504.csv,QA_VALIDATED_PBP_V26,RELIEF_OR_BULK,MLB,False
824283-680744,824283,2026-05-04,DET,BOS,H,680744,Ty Madden,RELIEF_OR_BULK,,,,,,,,,,,81,20,15,0,0,4,0,7,0,,,,,,,,https://github.com/geo2343/depuracion-mlb-kernel/blob/main/runtime/hbm26_v26_sheet01_0504.csv,QA_VALIDATED_PBP_V26,,,
822984-573009,822984,2026-05-04,TOR,TB,A,573009,Joe Mantiply,RELIEF_OR_BULK,0.0,14.0,4.0,3.0,14.0,14.0,4.0,4.0,True,False,17,3,3,0,0,1,0,0,0,,,,,,,,https://github.com/geo2343/depuracion-mlb-kernel/blob/main/runtime/hbm26_v26_sheet01_0504.csv,QA_VALIDATED_PBP_V26,RELIEF_OR_BULK,MLB,False
822984-641329,822984,2026-05-04,TB,TOR,H,641329,Bryan Baker,RELIEF_OR_BULK,0.0,11.0,3.0,3.0,11.0,23.0,3.0,6.0,True,False,3,1,1,0,0,0,0,0,0,,,,,,,,https://github.com/geo2343/depuracion-mlb-kernel/blob/main/runtime/hbm26_v26_sheet01_0504.csv,QA_VALIDATED_PBP_V26,RELIEF_OR_BULK,MLB,False
822984-642121,822984,2026-05-04,TB,TOR,H,642121,Cole Sulser,RELIEF_OR_BULK,2.0,10.0,3.0,3.0,0.0,10.0,0.0,3.0,False,False,10,3,3,0,0,0,0,1,0,,,,,,,,https://github.com/geo2343/depuracion-mlb-kernel/blob/main/runtime/hbm26_v26_sheet01_0504.csv,QA_VALIDATED_PBP_V26,RELIEF_OR_BULK,MLB,False
822984-667297,822984,2026-05-04,TOR,TB,A,667297,Tommy Nance,RELIEF_OR_BULK,0.0,14.0,4.0,4.0,14.0,14.0,4.0,4.0,True,False,13,3,3,0,0,1,0,1,0,,,,,,,,https://github.com/geo2343/depuracion-mlb-kernel/blob/main/runtime/hbm26_v26_sheet01_0504.csv,QA_VALIDATED_PBP_V26,RELIEF_OR_BULK,MLB,False
822984-668984,822984,2026-05-04,TB,TOR,H,668984,Casey Legumina,RELIEF_OR_BULK,1.0,12.0,3.0,3.0,12.0,12.0,3.0,3.0,False,False,17,4,2,0,0,3,0,0,0,,,,,,,,https://github.com/geo2343/depuracion-mlb-kernel/blob/main/runtime/hbm26_v26_sheet01_0504.csv,QA_VALIDATED_PBP_V26,RELIEF_OR_BULK,MLB,False
822984-687330,822984,2026-05-04,TB,TOR,H,687330,Kevin Kelly,RELIEF_OR_BULK,1.0,15.0,5.0,4.0,15.0,15.0,5.0,5.0,False,False,7,2,2,0,0,0,0,1,0,,,,,,,,https://github.com/geo2343/depuracion-mlb-kernel/blob/main/runtime/hbm26_v26_sheet01_0504.csv,QA_VALIDATED_PBP_V26,RELIEF_OR_BULK,MLB,False
822984-689254,822984,2026-05-04,TOR,TB,A,689254,Mason Fluharty,RELIEF_OR_BULK,1.0,12.0,3.0,3.0,12.0,12.0,3.0,3.0,False,False,6,2,1,0,0,1,0,1,0,,,,,,,,https://github.com/geo2343/depuracion-mlb-kernel/blob/main/runtime/hbm26_v26_sheet01_0504.csv,QA_VALIDATED_PBP_V26,RELIEF_OR_BULK,MLB,False
822984-693686,822984,2026-05-04,TOR,TB,A,693686,Spencer Miles,RELIEF_OR_BULK,1.0,15.0,3.0,3.0,15.0,15.0,3.0,3.0,False,False,27,7,4,2,2,3,0,1,0,,,,,,,,https://github.com/geo2343/depuracion-mlb-kernel/blob/main/runtime/hbm26_v26_sheet01_0504.csv,QA_VALIDATED_PBP_V26,RELIEF_OR_BULK,MLB,False
822984-693855,822984,2026-05-04,TB,TOR,H,693855,Ian Seymour,RELIEF_OR_BULK,0.0,8.0,3.0,3.0,8.0,22.0,3.0,7.0,True,False,28,7,4,0,0,2,1,2,0,,,,,,,,https://github.com/geo2343/depuracion-mlb-kernel/blob/main/runtime/hbm26_v26_sheet01_0504.csv,QA_VALIDATED_PBP_V26,RELIEF_OR_BULK,MLB,False
823874-621237,823874,2026-05-04,PHI,MIA,A,621237,José Alvarado,RELIEF_OR_BULK,2.0,10.0,3.0,1.0,0.0,10.0,0.0,3.0,False,False,8,3,3,0,0,0,0,1,0,,,,,,,,https://github.com/geo2343/depuracion-mlb-kernel/blob/main/runtime/hbm26_v26_sheet01_0504.csv,QA_VALIDATED_PBP_V26,RELIEF_OR_BULK,MLB,False
823874-621383,823874,2026-05-04,PHI,MIA,A,621383,Tanner Banks,RELIEF_OR_BULK,1.0,20.0,6.0,3.0,20.0,20.0,6.0,6.0,False,False,18,4,3,0,0,0,0,1,0,,,,,,,,https://github.com/geo2343/depuracion-mlb-kernel/blob/main/runtime/hbm26_v26_sheet01_0504.csv,QA_VALIDATED_PBP_V26,RELIEF_OR_BULK,MLB,False
823874-641745,823874,2026-05-04,PHI,MIA,A,641745,Brad Keller,RELIEF_OR_BULK,2.0,26.0,5.0,3.0,0.0,26.0,0.0,5.0,False,False,10,4,3,0,0,2,0,0,0,,,,,,,,https://github.com/geo2343/depuracion-mlb-kernel/blob/main/runtime/hbm26_v26_sheet01_0504.csv,QA_VALIDATED_PBP_V26,RELIEF_OR_BULK,MLB,False
823874-667463,823874,2026-05-04,MIA,PHI,H,667463,John King,RELIEF_OR_BULK,0.0,15.0,4.0,4.0,15.0,15.0,4.0,4.0,True,False,10,2,2,0,0,0,0,0,0,,,,,,,,https://github.com/geo2343/depuracion-mlb-kernel/blob/main/runtime/hbm26_v26_sheet01_0504.csv,QA_VALIDATED_PBP_V26,RELIEF_OR_BULK,MLB,False
823874-669199,823874,2026-05-04,MIA,PHI,H,669199,Lake Bachar,RELIEF_OR_BULK,2.0,28.0,7.0,7.0,0.0,28.0,0.0,7.0,False,False,29,7,6,0,0,1,0,1,0,,,,,,,,https://github.com/geo2343/depuracion-mlb-kernel/blob/main/runtime/hbm26_v26_sheet01_0504.csv,QA_VALIDATED_PBP_V26,RELIEF_OR_BULK,MLB,False
823874-676534,823874,2026-05-04,MIA,PHI,H,676534,Calvin Faucher,RELIEF_OR_BULK,0.0,14.0,3.0,3.0,14.0,14.0,3.0,3.0,True,False,15,4,3,0,0,1,0,1,0,,,,,,,,https://github.com/geo2343/depuracion-mlb-kernel/blob/main/runtime/hbm26_v26_sheet01_0504.csv,QA_VALIDATED_PBP_V26,RELIEF_OR_BULK,MLB,False
823552-621112,823552,2026-05-04,NYY,BAL,H,621112,Paul Blackburn,RELIEF_OR_BULK,1.0,29.0,7.0,6.0,29.0,29.0,7.0,7.0,False,False,17,4,3,0,0,1,0,0,0,,,,,,,,https://github.com/geo2343/depuracion-mlb-kernel/blob/main/runtime/hbm26_v26_sheet01_0504.csv,QA_VALIDATED_PBP_V26,RELIEF_OR_BULK,MLB,False
823552-642152,823552,2026-05-04,BAL,NYY,A,642152,Lou Trivino III,RELIEF_OR_BULK,,,,,,,,,,,31,9,2,6,6,4,3,0,0,,,,,,,,https://github.com/geo2343/depuracion-mlb-kernel/blob/main/runtime/hbm26_v26_sheet01_0504.csv,QA_VALIDATED_PBP_V26,,,
823552-656234,823552,2026-05-04,NYY,BAL,H,656234,Jake Bird,RELIEF_OR_BULK,1.0,20.0,4.0,3.0,20.0,39.0,4.0,8.0,False,False,4,1,1,0,0,0,0,1,0,,,,,,,,https://github.com/geo2343/depuracion-mlb-kernel/blob/main/runtime/hbm26_v26_sheet01_0504.csv,QA_VALIDATED_PBP_V26,RELIEF_OR_BULK,MLB,False
823552-657612,823552,2026-05-04,NYY,BAL,H,657612,Tim Hill,RELIEF_OR_BULK,1.0,1.0,1.0,1.0,1.0,1.0,1.0,1.0,False,False,12,4,3,0,0,1,0,2,0,,,,,,,,https://github.com/geo2343/depuracion-mlb-kernel/blob/main/runtime/hbm26_v26_sheet01_0504.csv,QA_VALIDATED_PBP_V26,RELIEF_OR_BULK,MLB,False
823552-666808,823552,2026-05-04,NYY,BAL,H,666808,Camilo Doval,RELIEF_OR_BULK,1.0,15.0,3.0,2.0,15.0,26.0,3.0,6.0,False,False,8,4,3,0,0,1,0,1,0,,,,,,,,https://github.com/geo2343/depuracion-mlb-kernel/blob/main/runtime/hbm26_v26_sheet01_0504.csv,QA_VALIDATED_PBP_V26,RELIEF_OR_BULK,MLB,False
823552-666974,823552,2026-05-04,BAL,NYY,A,666974,Yennier Cano,RELIEF_OR_BULK,0.0,8.0,2.0,2.0,8.0,8.0,2.0,2.0,True,False,9,3,2,0,0,1,0,0,0,,,,,,,,https://github.com/geo2343/depuracion-mlb-kernel/blob/main/runtime/hbm26_v26_sheet01_0504.csv,QA_VALIDATED_PBP_V26,RELIEF_OR_BULK,MLB,False
823552-669211,823552,2026-05-04,BAL,NYY,A,669211,Keegan Akin,RELIEF_OR_BULK,1.0,17.0,4.0,3.0,17.0,17.0,4.0,4.0,False,False,7,2,2,0,0,0,0,0,0,,,,,,,,https://github.com/geo2343/depuracion-mlb-kernel/blob/main/runtime/hbm26_v26_sheet01_0504.csv,QA_VALIDATED_PBP_V26,RELIEF_OR_BULK,MLB,False
824684-571948,824684,2026-05-04,CHC,CIN,H,571948,Hoby Milner,RELIEF_OR_BULK,0.0,15.0,4.0,3.0,15.0,15.0,4.0,4.0,True,False,12,3,2,0,0,0,1,0,0,,,,,,,,https://github.com/geo2343/depuracion-mlb-kernel/blob/main/runtime/hbm26_v26_sheet01_0504.csv,QA_VALIDATED_PBP_V26,RELIEF_OR_BULK,MLB,False
824684-641941,824684,2026-05-04,CIN,CHC,A,641941,Emilio Pagán,RELIEF_OR_BULK,3.0,11.0,6.0,3.0,0.0,0.0,0.0,0.0,False,False,16,4,2,2,2,2,0,1,1,,,,,,,,https://github.com/geo2343/depuracion-mlb-kernel/blob/main/runtime/hbm26_v26_sheet01_0504.csv,QA_VALIDATED_PBP_V26,RELIEF_OR_BULK,MLB,False
824684-656271,824684,2026-05-04,CIN,CHC,A,656271,Brock Burke,RELIEF_OR_BULK,1.0,39.0,10.0,3.0,39.0,39.0,10.0,10.0,False,False,9,3,2,0,0,0,1,1,0,,,,,,,,https://github.com/geo2343/depuracion-mlb-kernel/blob/main/runtime/hbm26_v26_sheet01_0504.csv,QA_VALIDATED_PBP_V26,RELIEF_OR_BULK,MLB,False
824684-664208,824684,2026-05-04,CHC,CIN,H,664208,Phil Maton,RELIEF_OR_BULK,0.0,25.0,6.0,3.0,25.0,36.0,6.0,9.0,True,False,4,1,1,0,0,0,0,0,0,,,,,,,,https://github.com/geo2343/depuracion-mlb-kernel/blob/main/runtime/hbm26_v26_sheet01_0504.csv,QA_VALIDATED_PBP_V26,RELIEF_OR_BULK,MLB,False
824684-668933,824684,2026-05-04,CIN,CHC,A,668933,Graham Ashcraft,RELIEF_OR_BULK,1.0,14.0,4.0,3.0,14.0,14.0,4.0,4.0,False,False,28,8,5,0,0,0,3,2,0,,,,,,,,https://github.com/geo2343/depuracion-mlb-kernel/blob/main/runtime/hbm26_v26_sheet01_0504.csv,QA_VALIDATED_PBP_V26,RELIEF_OR_BULK,MLB,False
824684-669020,824684,2026-05-04,CHC,CIN,H,669020,Ryan Rolison,RELIEF_OR_BULK,2.0,25.0,6.0,2.0,0.0,25.0,0.0,6.0,False,False,14,3,3,0,0,0,0,3,0,,,,,,,,https://github.com/geo2343/depuracion-mlb-kernel/blob/main/runtime/hbm26_v26_sheet01_0504.csv,QA_VALIDATED_PBP_V26,RELIEF_OR_BULK,MLB,False
824684-676962,824684,2026-05-04,CHC,CIN,H,676962,Ben Brown,RELIEF_OR_BULK,1.0,24.0,6.0,6.0,24.0,24.0,6.0,6.0,False,False,25,5,3,1,1,1,1,1,0,,,,,,,,https://github.com/geo2343/depuracion-mlb-kernel/blob/main/runtime/hbm26_v26_sheet01_0504.csv,QA_VALIDATED_PBP_V26,RELIEF_OR_BULK,MLB,False
824120-621381,824120,2026-05-04,KC,CLE,H,621381,Matt Strahm,RELIEF_OR_BULK,1.0,8.0,3.0,3.0,8.0,22.0,3.0,7.0,False,False,7,3,3,0,0,0,0,0,0,,,,,,,,https://github.com/geo2343/depuracion-mlb-kernel/blob/main/runtime/hbm26_v26_sheet01_0504.csv,QA_VALIDATED_PBP_V26,RELIEF_OR_BULK,MLB,False
824120-641401,824120,2026-05-04,CLE,KC,A,641401,Connor Brogdon,RELIEF_OR_BULK,2.0,15.0,4.0,2.0,0.0,15.0,0.0,4.0,False,False,24,6,4,1,0,1,0,1,0,,,,,,,,https://github.com/geo2343/depuracion-mlb-kernel/blob/main/runtime/hbm26_v26_sheet01_0504.csv,QA_VALIDATED_PBP_V26,RELIEF_OR_BULK,MLB,False
824120-656638,824120,2026-05-04,KC,CLE,H,656638,Alex Lange,RELIEF_OR_BULK,3.0,5.0,3.0,3.0,0.0,0.0,0.0,0.0,False,False,9,3,3,0,0,1,0,0,0,,,,,,,,https://github.com/geo2343/depuracion-mlb-kernel/blob/main/runtime/hbm26_v26_sheet01_0504.csv,QA_VALIDATED_PBP_V26,RELIEF_OR_BULK,MLB,False
824120-670036,824120,2026-05-04,CLE,KC,A,670036,Matt Festa,RELIEF_OR_BULK,1.0,10.0,2.0,2.0,10.0,20.0,2.0,4.0,False,False,28,7,5,1,1,1,1,1,1,,,,,,,,https://github.com/geo2343/depuracion-mlb-kernel/blob/main/runtime/hbm26_v26_sheet01_0504.csv,QA_VALIDATED_PBP_V26,RELIEF_OR_BULK,MLB,False
824120-688883,824120,2026-05-04,CLE,KC,A,688883,Peyton Pallette,RELIEF_OR_BULK,0.0,36.0,8.0,3.0,36.0,36.0,8.0,8.0,True,False,21,4,3,0,0,0,1,1,0,,,,,,,,https://github.com/geo2343/depuracion-mlb-kernel/blob/main/runtime/hbm26_v26_sheet01_0504.csv,QA_VALIDATED_PBP_V26,RELIEF_OR_BULK,MLB,False
823064-592773,823064,2026-05-04,STL,MIL,H,592773,Ryne Stanek,RELIEF_OR_BULK,1.0,22.0,5.0,3.0,22.0,22.0,5.0,5.0,False,False,7,3,3,0,0,0,0,1,0,,,,,,,,https://github.com/geo2343/depuracion-mlb-kernel/blob/main/runtime/hbm26_v26_sheet01_0504.csv,QA_VALIDATED_PBP_V26,RELIEF_OR_BULK,MLB,False
823064-663765,823064,2026-05-04,MIL,STL,A,663765,Jake Woodford,RELIEF_OR_BULK,0.0,12.0,3.0,2.0,12.0,12.0,3.0,3.0,True,False,25,5,3,1,1,2,0,2,0,,,,,,,,https://github.com/geo2343/depuracion-mlb-kernel/blob/main/runtime/hbm26_v26_sheet01_0504.csv,QA_VALIDATED_PBP_V26,RELIEF_OR_BULK,MLB,False
823064-666277,823064,2026-05-04,STL,MIL,H,666277,George Soriano,RELIEF_OR_BULK,2.0,25.0,5.0,4.0,0.0,25.0,0.0,5.0,False,False,18,4,2,0,0,1,1,1,0,,,,,,,,https://github.com/geo2343/depuracion-mlb-kernel/blob/main/runtime/hbm26_v26_sheet01_0504.csv,QA_VALIDATED_PBP_V26,RELIEF_OR_BULK,MLB,False
823064-668941,823064,2026-05-04,STL,MIL,H,668941,JoJo Romero,RELIEF_OR_BULK,1.0,17.0,3.0,3.0,17.0,17.0,3.0,3.0,False,False,16,4,3,0,0,1,1,0,0,,,,,,,,https://github.com/geo2343/depuracion-mlb-kernel/blob/main/runtime/hbm26_v26_sheet01_0504.csv,QA_VALIDATED_PBP_V26,RELIEF_OR_BULK,MLB,False
823064-669084,823064,2026-05-04,MIL,STL,A,669084,DL Hall,RELIEF_OR_BULK,1.0,6.0,1.0,1.0,6.0,6.0,1.0,1.0,False,False,24,6,5,0,0,0,0,2,0,,,,,,,,https://github.com/geo2343/depuracion-mlb-kernel/blob/main/runtime/hbm26_v26_sheet01_0504.csv,QA_VALIDATED_PBP_V26,RELIEF_OR_BULK,MLB,False
823064-675660,823064,2026-05-04,MIL,STL,A,675660,Shane Drohan,RELIEF_OR_BULK,3.0,60.0,16.0,12.0,0.0,0.0,0.0,0.0,False,False,23,6,4,1,1,1,1,1,0,,,,,,,,https://github.com/geo2343/depuracion-mlb-kernel/blob/main/runtime/hbm26_v26_sheet01_0504.csv,QA_VALIDATED_PBP_V26,RELIEF_OR_BULK,MLB,False
823064-676617,823064,2026-05-04,STL,MIL,H,676617,Riley O'Brien,RELIEF_OR_BULK,1.0,26.0,7.0,3.0,26.0,26.0,7.0,7.0,False,False,3,2,2,0,0,0,0,0,0,,,,,,,,https://github.com/geo2343/depuracion-mlb-kernel/blob/main/runtime/hbm26_v26_sheet01_0504.csv,QA_VALIDATED_PBP_V26,RELIEF_OR_BULK,MLB,False
823064-681982,823064,2026-05-04,MIL,STL,A,681982,Grant Anderson,RELIEF_OR_BULK,1.0,9.0,3.0,2.0,9.0,9.0,3.0,3.0,False,False,9,2,2,0,0,1,0,0,0,,,,,,,,https://github.com/geo2343/depuracion-mlb-kernel/blob/main/runtime/hbm26_v26_sheet01_0504.csv,QA_VALIDATED_PBP_V26,RELIEF_OR_BULK,MLB,False
823064-700669,823064,2026-05-04,STL,MIL,H,700669,Gordon Graceffo,RELIEF_OR_BULK,2.0,17.0,5.0,3.0,0.0,17.0,0.0,5.0,False,False,11,4,1,2,2,3,0,0,1,,,,,,,,https://github.com/geo2343/depuracion-mlb-kernel/blob/main/runtime/hbm26_v26_sheet01_0504.csv,QA_VALIDATED_PBP_V26,RELIEF_OR_BULK,MLB,False
824201-595014,824201,2026-05-04,LAD,HOU,A,595014,Blake Treinen,RELIEF_OR_BULK,0.0,1.0,1.0,1.0,1.0,1.0,1.0,1.0,True,False,17,4,3,0,0,0,0,3,0,,,,,,,,https://github.com/geo2343/depuracion-mlb-kernel/blob/main/runtime/hbm26_v26_sheet01_0504.csv,QA_VALIDATED_PBP_V26,RELIEF_OR_BULK,MLB,False
824201-650556,824201,2026-05-04,HOU,LAD,H,650556,Bryan Abreu,RELIEF_OR_BULK,0.0,22.0,8.0,6.0,22.0,22.0,8.0,8.0,True,False,18,4,3,0,0,1,0,3,0,,,,,,,,https://github.com/geo2343/depuracion-mlb-kernel/blob/main/runtime/hbm26_v26_sheet01_0504.csv,QA_VALIDATED_PBP_V26,RELIEF_OR_BULK,MLB,False
824201-656986,824201,2026-05-04,HOU,LAD,H,656986,Bennett Sousa,RELIEF_OR_BULK,1.0,13.0,3.0,0.0,13.0,25.0,3.0,6.0,False,False,8,3,3,0,0,0,0,0,0,,,,,,,,https://github.com/geo2343/depuracion-mlb-kernel/blob/main/runtime/hbm26_v26_sheet01_0504.csv,QA_VALIDATED_PBP_V26,RELIEF_OR_BULK,MLB,False
824201-669165,824201,2026-05-04,LAD,HOU,A,669165,Kyle Hurt,RELIEF_OR_BULK,2.0,12.0,3.0,3.0,0.0,12.0,0.0,3.0,False,False,17,4,3,0,0,0,1,2,0,,,,,,,,https://github.com/geo2343/depuracion-mlb-kernel/blob/main/runtime/hbm26_v26_sheet01_0504.csv,QA_VALIDATED_PBP_V26,RELIEF_OR_BULK,MLB,False
824201-676263,824201,2026-05-04,LAD,HOU,A,676263,Jack Dreyer,RELIEF_OR_BULK,2.0,21.0,6.0,4.0,0.0,21.0,0.0,6.0,False,False,15,4,3,0,0,1,0,2,0,,,,,,,,https://github.com/geo2343/depuracion-mlb-kernel/blob/main/runtime/hbm26_v26_sheet01_0504.csv,QA_VALIDATED_PBP_V26,RELIEF_OR_BULK,MLB,False
824201-678906,824201,2026-05-04,HOU,LAD,H,678906,Kai-Wei Teng,RELIEF_OR_BULK,1.0,23.0,5.0,4.0,23.0,23.0,5.0,5.0,False,False,31,7,6,0,0,1,0,2,0,,,,,,,,https://github.com/geo2343/depuracion-mlb-kernel/blob/main/runtime/hbm26_v26_sheet01_0504.csv,QA_VALIDATED_PBP_V26,RELIEF_OR_BULK,MLB,False
824201-680802,824201,2026-05-04,HOU,LAD,H,680802,Ryan Weiss,RELIEF_OR_BULK,5.0,54.0,15.0,11.0,0.0,0.0,0.0,0.0,False,False,95,25,13,7,6,8,4,5,2,,,,,,,,https://github.com/geo2343/depuracion-mlb-kernel/blob/main/runtime/hbm26_v26_sheet01_0504.csv,QA_VALIDATED_PBP_V26,RELIEF_OR_BULK,MLB,False
824039-608718,824039,2026-05-04,LAA,CWS,H,608718,Brent Suter,RELIEF_OR_BULK,2.0,17.0,4.0,2.0,0.0,17.0,0.0,4.0,False,False,15,4,3,0,0,1,0,1,0,,,,,,,,https://github.com/geo2343/depuracion-mlb-kernel/blob/main/runtime/hbm26_v26_sheet01_0504.csv,QA_VALIDATED_PBP_V26,RELIEF_OR_BULK,MLB,False
824039-656794,824039,2026-05-04,CWS,LAA,A,656794,Sean Newcomb,RELIEF_OR_BULK,5.0,29.0,6.0,4.0,0.0,0.0,0.0,0.0,False,False,28,6,6,0,0,0,0,4,0,,,,,,,,https://github.com/geo2343/depuracion-mlb-kernel/blob/main/runtime/hbm26_v26_sheet01_0504.csv,QA_VALIDATED_PBP_V26,RELIEF_OR_BULK,MLB,False
824039-815083,824039,2026-05-04,LAA,CWS,H,815083,Mitch Farris,RELIEF_OR_BULK,4.0,62.0,14.0,11.0,0.0,0.0,0.0,0.0,False,False,58,18,12,1,1,7,0,3,0,,,,,,,,https://github.com/geo2343/depuracion-mlb-kernel/blob/main/runtime/hbm26_v26_sheet01_0504.csv,QA_VALIDATED_PBP_V26,RELIEF_OR_BULK,MLB,False
823143-471911,823143,2026-05-04,ATL,SEA,A,471911,Carlos Carrasco,RELIEF_OR_BULK,10.0,10.0,3.0,3.0,0.0,0.0,0.0,0.0,False,False,19,5,4,0,0,1,0,1,0,,,,,,,,https://github.com/geo2343/depuracion-mlb-kernel/blob/main/runtime/hbm26_v26_sheet01_0504.csv,QA_VALIDATED_PBP_V26,RELIEF_OR_BULK,MLB,False
823143-607481,823143,2026-05-04,ATL,SEA,A,607481,Aaron Bummer,RELIEF_OR_BULK,0.0,16.0,6.0,3.0,16.0,16.0,6.0,6.0,True,False,14,5,2,0,0,2,1,1,0,,,,,,,,https://github.com/geo2343/depuracion-mlb-kernel/blob/main/runtime/hbm26_v26_sheet01_0504.csv,QA_VALIDATED_PBP_V26,RELIEF_OR_BULK,MLB,False
823143-641755,823143,2026-05-04,ATL,SEA,A,641755,Tyler Kinley,RELIEF_OR_BULK,0.0,11.0,4.0,3.0,11.0,11.0,4.0,4.0,True,False,23,5,3,2,2,1,1,2,1,,,,,,,,https://github.com/geo2343/depuracion-mlb-kernel/blob/main/runtime/hbm26_v26_sheet01_0504.csv,QA_VALIDATED_PBP_V26,RELIEF_OR_BULK,MLB,False
823143-660825,823143,2026-05-04,SEA,ATL,H,660825,Eduard Bazardo,RELIEF_OR_BULK,1.0,12.0,3.0,3.0,12.0,12.0,3.0,3.0,False,False,11,3,2,0,0,1,0,1,0,,,,,,,,https://github.com/geo2343/depuracion-mlb-kernel/blob/main/runtime/hbm26_v26_sheet01_0504.csv,QA_VALIDATED_PBP_V26,RELIEF_OR_BULK,MLB,False
823143-662253,823143,2026-05-04,SEA,ATL,H,662253,Andrés Muñoz,RELIEF_OR_BULK,1.0,10.0,5.0,3.0,10.0,10.0,5.0,5.0,False,False,14,4,3,0,0,1,0,2,0,,,,,,,,https://github.com/geo2343/depuracion-mlb-kernel/blob/main/runtime/hbm26_v26_sheet01_0504.csv,QA_VALIDATED_PBP_V26,RELIEF_OR_BULK,MLB,False
823143-678606,823143,2026-05-04,SEA,ATL,H,678606,José A. Ferrer,RELIEF_OR_BULK,2.0,15.0,6.0,3.0,0.0,15.0,0.0,6.0,False,False,16,5,4,0,0,1,0,1,0,,,,,,,,https://github.com/geo2343/depuracion-mlb-kernel/blob/main/runtime/hbm26_v26_sheet01_0504.csv,QA_VALIDATED_PBP_V26,RELIEF_OR_BULK,MLB,False
823228-593974,823228,2026-05-04,SD,SF,A,593974,Wandy Peralta,RELIEF_OR_BULK,2.0,34.0,7.0,6.0,0.0,34.0,0.0,7.0,False,False,13,4,2,0,0,1,1,1,0,,,,,,,,https://github.com/geo2343/depuracion-mlb-kernel/blob/main/runtime/hbm26_v26_sheet01_0504.csv,QA_VALIDATED_PBP_V26,RELIEF_OR_BULK,MLB,False
823228-606996,823228,2026-05-04,SD,SF,A,606996,Kyle Hart,RELIEF_OR_BULK,1.0,14.0,3.0,3.0,14.0,14.0,3.0,3.0,False,False,5,1,1,0,0,0,0,1,0,,,,,,,,https://github.com/geo2343/depuracion-mlb-kernel/blob/main/runtime/hbm26_v26_sheet01_0504.csv,QA_VALIDATED_PBP_V26,RELIEF_OR_BULK,MLB,False
823228-668873,823228,2026-05-04,SF,SD,H,668873,Caleb Kilian,RELIEF_OR_BULK,0.0,15.0,6.0,3.0,15.0,15.0,6.0,6.0,True,False,18,4,3,1,1,1,0,2,1,,,,,,,,https://github.com/geo2343/depuracion-mlb-kernel/blob/main/runtime/hbm26_v26_sheet01_0504.csv,QA_VALIDATED_PBP_V26,RELIEF_OR_BULK,MLB,False
823228-676775,823228,2026-05-04,SF,SD,H,676775,Keaton Winn,RELIEF_OR_BULK,0.0,9.0,3.0,3.0,9.0,9.0,3.0,3.0,True,False,8,3,3,0,0,0,0,0,0,,,,,,,,https://github.com/geo2343/depuracion-mlb-kernel/blob/main/runtime/hbm26_v26_sheet01_0504.csv,QA_VALIDATED_PBP_V26,RELIEF_OR_BULK,MLB,False
823228-699134,823228,2026-05-04,SD,SF,A,699134,Bradgley Rodriguez,RELIEF_OR_BULK,1.0,9.0,3.0,3.0,9.0,9.0,3.0,3.0,False,False,16,4,4,0,0,0,0,0,0,,,,,,,,https://github.com/geo2343/depuracion-mlb-kernel/blob/main/runtime/hbm26_v26_sheet01_0504.csv,QA_VALIDATED_PBP_V26,RELIEF_OR_BULK,MLB,False
822986-642121,822986,2026-05-05,TB,TOR,H,642121,Cole Sulser,RELIEF_OR_BULK,0.0,10.0,3.0,3.0,10.0,10.0,3.0,3.0,True,False,12,3,3,0,0,0,0,0,0,,,,,,,,https://github.com/geo2343/depuracion-mlb-kernel/blob/main/runtime/hbm26_v27_sheet01_0505.csv,QA_VALIDATED_PBP_V27,RELIEF_OR_BULK,MLB,False
822986-643511,822986,2026-05-05,TOR,TB,A,643511,Tyler Rogers,RELIEF_OR_BULK,3.0,9.0,3.0,3.0,0.0,0.0,0.0,0.0,False,False,22,5,1,2,2,4,0,0,0,,,,,,,,https://github.com/geo2343/depuracion-mlb-kernel/blob/main/runtime/hbm26_v27_sheet01_0505.csv,QA_VALIDATED_PBP_V27,RELIEF_OR_BULK,MLB,False
822986-656546,822986,2026-05-05,TOR,TB,A,656546,Jeff Hoffman,RELIEF_OR_BULK,1.0,12.0,3.0,3.0,12.0,12.0,3.0,3.0,False,False,17,4,3,0,0,1,0,1,0,,,,,,,,https://github.com/geo2343/depuracion-mlb-kernel/blob/main/runtime/hbm26_v27_sheet01_0505.csv,QA_VALIDATED_PBP_V27,RELIEF_OR_BULK,MLB,False
822986-668984,822986,2026-05-05,TB,TOR,H,668984,Casey Legumina,RELIEF_OR_BULK,0.0,17.0,4.0,2.0,17.0,29.0,4.0,7.0,True,False,9,5,3,0,0,1,1,0,0,,,,,,,,https://github.com/geo2343/depuracion-mlb-kernel/blob/main/runtime/hbm26_v27_sheet01_0505.csv,QA_VALIDATED_PBP_V27,RELIEF_OR_BULK,MLB,False
822986-685801,822986,2026-05-05,TB,TOR,H,685801,Hunter Bigge,RELIEF_OR_BULK,1.0,26.0,8.0,6.0,26.0,26.0,8.0,8.0,False,False,18,4,3,0,0,0,1,2,0,,,,,,,,https://github.com/geo2343/depuracion-mlb-kernel/blob/main/runtime/hbm26_v27_sheet01_0505.csv,QA_VALIDATED_PBP_V27,RELIEF_OR_BULK,MLB,False
822986-686973,822986,2026-05-05,TOR,TB,A,686973,Louis Varland,RELIEF_OR_BULK,3.0,27.0,5.0,3.0,0.0,0.0,0.0,0.0,False,False,7,2,2,0,0,0,0,1,0,,,,,,,,https://github.com/geo2343/depuracion-mlb-kernel/blob/main/runtime/hbm26_v27_sheet01_0505.csv,QA_VALIDATED_PBP_V27,RELIEF_OR_BULK,MLB,False
823469-605130,823469,2026-05-05,ATH,PHI,A,605130,Scott Barlow,RELIEF_OR_BULK,2.0,19.0,6.0,4.0,0.0,19.0,0.0,6.0,False,False,8,3,3,0,0,0,0,1,0,,,,,,,,https://github.com/geo2343/depuracion-mlb-kernel/blob/main/runtime/hbm26_v27_sheet01_0505.csv,QA_VALIDATED_PBP_V27,RELIEF_OR_BULK,MLB,False
823469-621053,823469,2026-05-05,ATH,PHI,A,621053,Tyler Ferguson,RELIEF_OR_BULK,,,,,,,,,,,26,8,4,4,4,4,0,1,2,,,,,,,,https://github.com/geo2343/depuracion-mlb-kernel/blob/main/runtime/hbm26_v27_sheet01_0505.csv,QA_VALIDATED_PBP_V27,,,
823469-643410,823469,2026-05-05,ATH,PHI,A,643410,Mark Leiter Jr.,RELIEF_OR_BULK,1.0,10.0,3.0,3.0,10.0,10.0,3.0,3.0,False,False,22,6,2,4,4,3,1,1,0,,,,,,,,https://github.com/geo2343/depuracion-mlb-kernel/blob/main/runtime/hbm26_v27_sheet01_0505.csv,QA_VALIDATED_PBP_V27,RELIEF_OR_BULK,MLB,False
823469-661395,823469,2026-05-05,PHI,ATH,H,661395,Jhoan Duran,RELIEF_OR_BULK,23.0,12.0,3.0,3.0,0.0,0.0,0.0,0.0,False,False,27,7,3,1,1,1,3,2,0,,,,,,,,https://github.com/geo2343/depuracion-mlb-kernel/blob/main/runtime/hbm26_v27_sheet01_0505.csv,QA_VALIDATED_PBP_V27,RELIEF_OR_BULK,MLB,False
823873-552640,823873,2026-05-05,BAL,MIA,A,552640,Andrew Kittredge,RELIEF_OR_BULK,1.0,22.0,8.0,1.0,22.0,22.0,8.0,8.0,False,False,20,4,2,1,0,1,1,1,0,,,,,,,,https://github.com/geo2343/depuracion-mlb-kernel/blob/main/runtime/hbm26_v27_sheet01_0505.csv,QA_VALIDATED_PBP_V27,RELIEF_OR_BULK,MLB,False
823873-656848,823873,2026-05-05,MIA,BAL,H,656848,Michael Petersen,RELIEF_OR_BULK,6.0,9.0,4.0,1.0,0.0,0.0,0.0,0.0,False,False,17,3,3,0,0,0,0,2,0,,,,,,,,https://github.com/geo2343/depuracion-mlb-kernel/blob/main/runtime/hbm26_v27_sheet01_0505.csv,QA_VALIDATED_PBP_V27,RELIEF_OR_BULK,MLB,False
823873-664991,823873,2026-05-05,BAL,MIA,A,664991,Grant Wolfram,RELIEF_OR_BULK,1.0,15.0,5.0,2.0,15.0,29.0,5.0,8.0,False,False,8,2,2,0,0,0,0,2,0,,,,,,,,https://github.com/geo2343/depuracion-mlb-kernel/blob/main/runtime/hbm26_v27_sheet01_0505.csv,QA_VALIDATED_PBP_V27,RELIEF_OR_BULK,MLB,False
823873-669211,823873,2026-05-05,BAL,MIA,A,669211,Keegan Akin,RELIEF_OR_BULK,0.0,7.0,2.0,2.0,7.0,24.0,2.0,6.0,True,False,8,3,3,0,0,0,0,1,0,,,,,,,,https://github.com/geo2343/depuracion-mlb-kernel/blob/main/runtime/hbm26_v27_sheet01_0505.csv,QA_VALIDATED_PBP_V27,RELIEF_OR_BULK,MLB,False
823873-669622,823873,2026-05-05,MIA,BAL,H,669622,Anthony Bender,RELIEF_OR_BULK,2.0,18.0,3.0,3.0,0.0,18.0,0.0,3.0,False,False,6,2,2,0,0,0,0,0,0,,,,,,,,https://github.com/geo2343/depuracion-mlb-kernel/blob/main/runtime/hbm26_v27_sheet01_0505.csv,QA_VALIDATED_PBP_V27,RELIEF_OR_BULK,MLB,False
823873-670329,823873,2026-05-05,BAL,MIA,A,670329,Rico Garcia,RELIEF_OR_BULK,1.0,17.0,3.0,3.0,17.0,17.0,3.0,3.0,False,False,19,5,4,0,0,0,1,2,0,,,,,,,,https://github.com/geo2343/depuracion-mlb-kernel/blob/main/runtime/hbm26_v27_sheet01_0505.csv,QA_VALIDATED_PBP_V27,RELIEF_OR_BULK,MLB,False
823873-677053,823873,2026-05-05,MIA,BAL,H,677053,Andrew Nardi,RELIEF_OR_BULK,2.0,10.0,3.0,3.0,0.0,10.0,0.0,3.0,False,False,22,7,3,2,2,2,2,0,0,,,,,,,,https://github.com/geo2343/depuracion-mlb-kernel/blob/main/runtime/hbm26_v27_sheet01_0505.csv,QA_VALIDATED_PBP_V27,RELIEF_OR_BULK,MLB,False
823873-687531,823873,2026-05-05,MIA,BAL,H,687531,William Kempner,RELIEF_OR_BULK,,,,,,,,,,,8,3,3,0,0,0,0,1,0,,,,,,,,https://github.com/geo2343/depuracion-mlb-kernel/blob/main/runtime/hbm26_v27_sheet01_0505.csv,QA_VALIDATED_PBP_V27,,,
823873-689296,823873,2026-05-05,BAL,MIA,A,689296,Anthony Nunez,RELIEF_OR_BULK,2.0,17.0,4.0,0.0,0.0,17.0,0.0,4.0,False,False,20,6,4,2,2,2,0,1,2,,,,,,,,https://github.com/geo2343/depuracion-mlb-kernel/blob/main/runtime/hbm26_v27_sheet01_0505.csv,QA_VALIDATED_PBP_V27,RELIEF_OR_BULK,MLB,False
823873-694795,823873,2026-05-05,MIA,BAL,H,694795,Josh Ekness,RELIEF_OR_BULK,1.0,7.0,3.0,3.0,7.0,7.0,3.0,3.0,False,False,15,3,3,0,0,0,0,2,0,,,,,,,,https://github.com/geo2343/depuracion-mlb-kernel/blob/main/runtime/hbm26_v27_sheet01_0505.csv,QA_VALIDATED_PBP_V27,RELIEF_OR_BULK,MLB,False
824281-572143,824281,2026-05-05,DET,BOS,H,572143,Burch Smith,RELIEF_OR_BULK,1.0,18.0,4.0,3.0,18.0,18.0,4.0,4.0,False,False,20,7,6,0,0,1,0,4,0,,,,,,,,https://github.com/geo2343/depuracion-mlb-kernel/blob/main/runtime/hbm26_v27_sheet01_0505.csv,QA_VALIDATED_PBP_V27,RELIEF_OR_BULK,MLB,False
824281-646241,824281,2026-05-05,DET,BOS,H,646241,Enmanuel De Jesus,RELIEF_OR_BULK,0.0,32.0,8.0,4.0,32.0,32.0,8.0,8.0,True,False,14,3,3,0,0,0,0,2,0,,,,,,,,https://github.com/geo2343/depuracion-mlb-kernel/blob/main/runtime/hbm26_v27_sheet01_0505.csv,QA_VALIDATED_PBP_V27,RELIEF_OR_BULK,MLB,False
824281-669724,824281,2026-05-05,DET,BOS,H,669724,Brenan Hanifee,RELIEF_OR_BULK,1.0,24.0,6.0,5.0,24.0,24.0,6.0,6.0,False,False,33,11,9,0,0,2,1,2,0,,,,,,,,https://github.com/geo2343/depuracion-mlb-kernel/blob/main/runtime/hbm26_v27_sheet01_0505.csv,QA_VALIDATED_PBP_V27,RELIEF_OR_BULK,MLB,False
824281-678394,824281,2026-05-05,BOS,DET,A,678394,Brayan Bello,RELIEF_OR_BULK,5.0,63.0,18.0,11.0,0.0,0.0,0.0,0.0,False,False,94,25,21,1,1,4,1,7,0,,,,,,,,https://github.com/geo2343/depuracion-mlb-kernel/blob/main/runtime/hbm26_v27_sheet01_0505.csv,QA_VALIDATED_PBP_V27,STARTER,MLB,False
824281-687941,824281,2026-05-05,BOS,DET,A,687941,Alec Gamboa,RELIEF_OR_BULK,,,,,,,,,,,14,3,3,0,0,0,0,2,0,,,,,,,,https://github.com/geo2343/depuracion-mlb-kernel/blob/main/runtime/hbm26_v27_sheet01_0505.csv,QA_VALIDATED_PBP_V27,,,
822743-472610,822743,2026-05-05,MIN,WSH,A,472610,Luis García,RELIEF_OR_BULK,2.0,18.0,4.0,0.0,0.0,18.0,0.0,4.0,False,False,13,3,3,0,0,0,1,0,0,,,,,,,,https://github.com/geo2343/depuracion-mlb-kernel/blob/main/runtime/hbm26_v27_sheet01_0505.csv,QA_VALIDATED_PBP_V27,RELIEF_OR_BULK,MLB,False
822743-607455,822743,2026-05-05,MIN,WSH,A,607455,Anthony Banda,RELIEF_OR_BULK,2.0,18.0,7.0,3.0,0.0,18.0,0.0,7.0,False,False,19,3,3,0,0,0,0,1,0,,,,,,,,https://github.com/geo2343/depuracion-mlb-kernel/blob/main/runtime/hbm26_v27_sheet01_0505.csv,QA_VALIDATED_PBP_V27,RELIEF_OR_BULK,MLB,False
822743-679358,822743,2026-05-05,MIN,WSH,A,679358,Eric Orze,RELIEF_OR_BULK,1.0,24.0,6.0,4.0,24.0,24.0,6.0,6.0,False,False,16,5,3,1,1,2,0,1,0,,,,,,,,https://github.com/geo2343/depuracion-mlb-kernel/blob/main/runtime/hbm26_v27_sheet01_0505.csv,QA_VALIDATED_PBP_V27,RELIEF_OR_BULK,MLB,False
822743-687377,822743,2026-05-05,WSH,MIN,H,687377,Orlando Ribalta,RELIEF_OR_BULK,2.0,14.0,3.0,3.0,0.0,14.0,0.0,3.0,False,False,34,6,3,1,1,1,2,1,0,,,,,,,,https://github.com/geo2343/depuracion-mlb-kernel/blob/main/runtime/hbm26_v27_sheet01_0505.csv,QA_VALIDATED_PBP_V27,RELIEF_OR_BULK,MLB,False
822743-687606,822743,2026-05-05,WSH,MIN,H,687606,Paxton Schultz,RELIEF_OR_BULK,3.0,17.0,5.0,3.0,0.0,0.0,0.0,0.0,False,False,25,7,6,0,0,0,1,1,0,,,,,,,,https://github.com/geo2343/depuracion-mlb-kernel/blob/main/runtime/hbm26_v27_sheet01_0505.csv,QA_VALIDATED_PBP_V27,RELIEF_OR_BULK,MLB,False
822743-701552,822743,2026-05-05,WSH,MIN,H,701552,Andre Granillo,RELIEF_OR_BULK,3.0,40.0,8.0,3.0,0.0,0.0,0.0,0.0,False,False,33,11,6,4,4,4,0,0,1,,,,,,,,https://github.com/geo2343/depuracion-mlb-kernel/blob/main/runtime/hbm26_v27_sheet01_0505.csv,QA_VALIDATED_PBP_V27,RELIEF_OR_BULK,MLB,False
823553-518585,823553,2026-05-05,NYY,TEX,H,518585,Fernando Cruz,RELIEF_OR_BULK,1.0,17.0,3.0,3.0,17.0,17.0,3.0,3.0,False,False,26,6,3,0,0,1,1,1,0,,,,,,,,https://github.com/geo2343/depuracion-mlb-kernel/blob/main/runtime/hbm26_v27_sheet01_0505.csv,QA_VALIDATED_PBP_V27,RELIEF_OR_BULK,MLB,False
823553-641302,823553,2026-05-05,TEX,NYY,A,641302,Tyler Alexander,RELIEF_OR_BULK,1.0,6.0,4.0,1.0,6.0,6.0,4.0,4.0,False,False,27,5,3,1,1,1,1,0,1,,,,,,,,https://github.com/geo2343/depuracion-mlb-kernel/blob/main/runtime/hbm26_v27_sheet01_0505.csv,QA_VALIDATED_PBP_V27,RELIEF_OR_BULK,MLB,False
823553-656222,823553,2026-05-05,TEX,NYY,A,656222,Jalen Beeks,RELIEF_OR_BULK,3.0,22.0,6.0,5.0,0.0,0.0,0.0,0.0,False,False,5,4,2,0,0,1,1,0,0,,,,,,,,https://github.com/geo2343/depuracion-mlb-kernel/blob/main/runtime/hbm26_v27_sheet01_0505.csv,QA_VALIDATED_PBP_V27,RELIEF_OR_BULK,MLB,False
823553-657612,823553,2026-05-05,NYY,TEX,H,657612,Tim Hill,RELIEF_OR_BULK,0.0,12.0,4.0,3.0,12.0,13.0,4.0,5.0,True,False,6,3,1,0,0,2,0,0,0,,,,,,,,https://github.com/geo2343/depuracion-mlb-kernel/blob/main/runtime/hbm26_v27_sheet01_0505.csv,QA_VALIDATED_PBP_V27,RELIEF_OR_BULK,MLB,False
823553-670280,823553,2026-05-05,NYY,TEX,H,670280,David Bednar,RELIEF_OR_BULK,1.0,18.0,4.0,3.0,18.0,18.0,4.0,4.0,False,False,26,6,5,1,1,1,0,2,0,,,,,,,,https://github.com/geo2343/depuracion-mlb-kernel/blob/main/runtime/hbm26_v27_sheet01_0505.csv,QA_VALIDATED_PBP_V27,RELIEF_OR_BULK,MLB,False
823553-687396,823553,2026-05-05,NYY,TEX,H,687396,Brent Headrick,RELIEF_OR_BULK,1.0,16.0,5.0,5.0,16.0,16.0,5.0,5.0,False,False,14,4,4,0,0,0,0,3,0,,,,,,,,https://github.com/geo2343/depuracion-mlb-kernel/blob/main/runtime/hbm26_v27_sheet01_0505.csv,QA_VALIDATED_PBP_V27,RELIEF_OR_BULK,MLB,False
824119-663738,824119,2026-05-05,KC,CLE,H,663738,Daniel Lynch IV,RELIEF_OR_BULK,1.0,17.0,4.0,4.0,17.0,17.0,4.0,4.0,False,False,14,4,3,0,0,0,1,0,0,,,,,,,,https://github.com/geo2343/depuracion-mlb-kernel/blob/main/runtime/hbm26_v27_sheet01_0505.csv,QA_VALIDATED_PBP_V27,RELIEF_OR_BULK,MLB,False
824119-668674,824119,2026-05-05,KC,CLE,H,668674,Lucas Erceg,RELIEF_OR_BULK,2.0,17.0,3.0,3.0,0.0,17.0,0.0,3.0,False,False,15,4,3,0,0,0,1,1,0,,,,,,,,https://github.com/geo2343/depuracion-mlb-kernel/blob/main/runtime/hbm26_v27_sheet01_0505.csv,QA_VALIDATED_PBP_V27,RELIEF_OR_BULK,MLB,False
824119-670059,824119,2026-05-05,CLE,KC,A,670059,Colin Holderman,RELIEF_OR_BULK,1.0,27.0,9.0,6.0,27.0,41.0,9.0,15.0,False,False,26,6,6,0,0,0,0,3,0,,,,,,,,https://github.com/geo2343/depuracion-mlb-kernel/blob/main/runtime/hbm26_v27_sheet01_0505.csv,QA_VALIDATED_PBP_V27,RELIEF_OR_BULK,MLB,False
824119-683232,824119,2026-05-05,KC,CLE,H,683232,Nick Mears,RELIEF_OR_BULK,3.0,15.0,3.0,2.0,0.0,0.0,0.0,0.0,False,False,8,3,3,0,0,0,0,1,0,,,,,,,,https://github.com/geo2343/depuracion-mlb-kernel/blob/main/runtime/hbm26_v27_sheet01_0505.csv,QA_VALIDATED_PBP_V27,RELIEF_OR_BULK,MLB,False
824682-594580,824682,2026-05-05,CIN,CHC,A,594580,Sam Moll,RELIEF_OR_BULK,2.0,40.0,8.0,5.0,0.0,40.0,0.0,8.0,False,False,2,1,0,1,0,1,0,0,0,,,,,,,,https://github.com/geo2343/depuracion-mlb-kernel/blob/main/runtime/hbm26_v27_sheet01_0505.csv,QA_VALIDATED_PBP_V27,RELIEF_OR_BULK,MLB,False
824682-641941,824682,2026-05-05,CIN,CHC,A,641941,Emilio Pagán,RELIEF_OR_BULK,0.0,16.0,4.0,2.0,16.0,16.0,4.0,4.0,True,False,1,0,0,0,0,0,0,0,0,,,,,,,,https://github.com/geo2343/depuracion-mlb-kernel/blob/main/runtime/hbm26_v27_sheet01_0505.csv,QA_VALIDATED_PBP_V27,RELIEF_OR_BULK,MLB,False
824682-657097,824682,2026-05-05,CHC,CIN,H,657097,Jacob Webb,RELIEF_OR_BULK,3.0,36.0,7.0,6.0,0.0,0.0,0.0,0.0,False,False,17,4,3,0,0,0,0,1,0,,,,,,,,https://github.com/geo2343/depuracion-mlb-kernel/blob/main/runtime/hbm26_v27_sheet01_0505.csv,QA_VALIDATED_PBP_V27,RELIEF_OR_BULK,MLB,False
824682-663574,824682,2026-05-05,CIN,CHC,A,663574,Tony Santillan,RELIEF_OR_BULK,1.0,21.0,6.0,3.0,21.0,21.0,6.0,6.0,False,False,17,5,3,1,1,1,0,1,1,,,,,,,,https://github.com/geo2343/depuracion-mlb-kernel/blob/main/runtime/hbm26_v27_sheet01_0505.csv,QA_VALIDATED_PBP_V27,RELIEF_OR_BULK,MLB,False
824682-665871,824682,2026-05-05,CHC,CIN,H,665871,Javier Assad,RELIEF_OR_BULK,9.0,70.0,16.0,7.0,0.0,0.0,0.0,0.0,False,False,17,4,4,0,0,0,0,1,0,,,,,,,,https://github.com/geo2343/depuracion-mlb-kernel/blob/main/runtime/hbm26_v27_sheet01_0505.csv,QA_VALIDATED_PBP_V27,RELIEF_OR_BULK,MLB,False
824682-669020,824682,2026-05-05,CHC,CIN,H,669020,Ryan Rolison,RELIEF_OR_BULK,0.0,14.0,3.0,3.0,14.0,14.0,3.0,3.0,True,False,18,4,3,0,0,0,1,2,0,,,,,,,,https://github.com/geo2343/depuracion-mlb-kernel/blob/main/runtime/hbm26_v27_sheet01_0505.csv,QA_VALIDATED_PBP_V27,RELIEF_OR_BULK,MLB,False
824682-683175,824682,2026-05-05,CIN,CHC,A,683175,Connor Phillips,RELIEF_OR_BULK,2.0,21.0,4.0,0.0,0.0,21.0,0.0,4.0,False,False,28,7,4,1,1,2,1,2,0,,,,,,,,https://github.com/geo2343/depuracion-mlb-kernel/blob/main/runtime/hbm26_v27_sheet01_0505.csv,QA_VALIDATED_PBP_V27,RELIEF_OR_BULK,MLB,False
824682-683742,824682,2026-05-05,CIN,CHC,A,683742,Jose Franco,RELIEF_OR_BULK,2.0,17.0,4.0,3.0,0.0,17.0,0.0,4.0,False,False,22,5,3,0,0,0,2,0,0,,,,,,,,https://github.com/geo2343/depuracion-mlb-kernel/blob/main/runtime/hbm26_v27_sheet01_0505.csv,QA_VALIDATED_PBP_V27,RELIEF_OR_BULK,MLB,False
824682-694037,824682,2026-05-05,CHC,CIN,H,694037,Daniel Palencia,RELIEF_OR_BULK,22.0,16.0,4.0,3.0,0.0,0.0,0.0,0.0,False,False,15,4,3,0,0,1,0,0,0,,,,,,,,https://github.com/geo2343/depuracion-mlb-kernel/blob/main/runtime/hbm26_v27_sheet01_0505.csv,QA_VALIDATED_PBP_V27,RELIEF_OR_BULK,MLB,False
824200-681911,824200,2026-05-05,LAD,HOU,A,681911,Alex Vesia,RELIEF_OR_BULK,2.0,18.0,4.0,3.0,0.0,18.0,0.0,4.0,False,False,11,3,3,0,0,0,0,1,0,,,,,,,,https://github.com/geo2343/depuracion-mlb-kernel/blob/main/runtime/hbm26_v27_sheet01_0505.csv,QA_VALIDATED_PBP_V27,RELIEF_OR_BULK,MLB,False
824200-687911,824200,2026-05-05,HOU,LAD,H,687911,Bryan King,RELIEF_OR_BULK,2.0,6.0,3.0,3.0,0.0,6.0,0.0,3.0,False,False,37,9,6,1,1,3,0,2,0,,,,,,,,https://github.com/geo2343/depuracion-mlb-kernel/blob/main/runtime/hbm26_v27_sheet01_0505.csv,QA_VALIDATED_PBP_V27,RELIEF_OR_BULK,MLB,False
824040-519141,824040,2026-05-05,LAA,CWS,H,519141,Drew Pomeranz,RELIEF_OR_BULK,1.0,9.0,3.0,3.0,9.0,9.0,3.0,3.0,False,False,19,5,3,0,0,2,0,1,0,,,,,,,,https://github.com/geo2343/depuracion-mlb-kernel/blob/main/runtime/hbm26_v27_sheet01_0505.csv,QA_VALIDATED_PBP_V27,RELIEF_OR_BULK,MLB,False
824040-663542,824040,2026-05-05,CWS,LAA,A,663542,Bryan Hudson,RELIEF_OR_BULK,1.0,26.0,5.0,3.0,26.0,32.0,5.0,8.0,False,False,7,3,3,0,0,1,0,0,0,,,,,,,,https://github.com/geo2343/depuracion-mlb-kernel/blob/main/runtime/hbm26_v27_sheet01_0505.csv,QA_VALIDATED_PBP_V27,RELIEF_OR_BULK,MLB,False
824040-666171,824040,2026-05-05,LAA,CWS,H,666171,Ryan Zeferjahn,RELIEF_OR_BULK,2.0,23.0,7.0,6.0,0.0,23.0,0.0,7.0,False,False,33,7,4,0,0,0,2,3,0,,,,,,,,https://github.com/geo2343/depuracion-mlb-kernel/blob/main/runtime/hbm26_v27_sheet01_0505.csv,QA_VALIDATED_PBP_V27,RELIEF_OR_BULK,MLB,False
824040-673929,824040,2026-05-05,CWS,LAA,A,673929,Jordan Leasure,RELIEF_OR_BULK,1.0,10.0,3.0,3.0,10.0,10.0,3.0,3.0,False,False,20,3,3,0,0,0,0,2,0,,,,,,,,https://github.com/geo2343/depuracion-mlb-kernel/blob/main/runtime/hbm26_v27_sheet01_0505.csv,QA_VALIDATED_PBP_V27,RELIEF_OR_BULK,MLB,False
824040-696147,824040,2026-05-05,LAA,CWS,H,696147,Sam Bachman,RELIEF_OR_BULK,2.0,18.0,5.0,5.0,0.0,18.0,0.0,5.0,False,False,20,7,5,1,1,1,0,3,1,,,,,,,,https://github.com/geo2343/depuracion-mlb-kernel/blob/main/runtime/hbm26_v27_sheet01_0505.csv,QA_VALIDATED_PBP_V27,RELIEF_OR_BULK,MLB,False
824040-699823,824040,2026-05-05,CWS,LAA,A,699823,Tyler Davis,RELIEF_OR_BULK,1.0,18.0,4.0,3.0,18.0,18.0,4.0,4.0,False,False,14,4,4,0,0,0,0,1,0,,,,,,,,https://github.com/geo2343/depuracion-mlb-kernel/blob/main/runtime/hbm26_v27_sheet01_0505.csv,QA_VALIDATED_PBP_V27,RELIEF_OR_BULK,MLB,False
824040-820862,824040,2026-05-05,LAA,CWS,H,820862,José Fermin,RELIEF_OR_BULK,3.0,21.0,4.0,3.0,0.0,0.0,0.0,0.0,False,False,11,4,3,0,0,1,0,2,0,,,,,,,,https://github.com/geo2343/depuracion-mlb-kernel/blob/main/runtime/hbm26_v27_sheet01_0505.csv,QA_VALIDATED_PBP_V27,RELIEF_OR_BULK,MLB,False
823142-628452,823142,2026-05-05,ATL,SEA,A,628452,Raisel Iglesias,RELIEF_OR_BULK,15.0,21.0,5.0,3.0,0.0,0.0,0.0,0.0,False,False,19,4,3,0,0,1,0,2,0,,,,,,,,https://github.com/geo2343/depuracion-mlb-kernel/blob/main/runtime/hbm26_v27_sheet01_0505.csv,QA_VALIDATED_PBP_V27,RELIEF_OR_BULK,MLB,False
823142-662253,823142,2026-05-05,SEA,ATL,H,662253,Andrés Muñoz,RELIEF_OR_BULK,0.0,14.0,4.0,3.0,14.0,24.0,4.0,9.0,True,False,23,5,3,1,1,1,1,2,1,,,,,,,,https://github.com/geo2343/depuracion-mlb-kernel/blob/main/runtime/hbm26_v27_sheet01_0505.csv,QA_VALIDATED_PBP_V27,RELIEF_OR_BULK,MLB,False
823142-663158,823142,2026-05-05,ATL,SEA,A,663158,Robert Suarez,RELIEF_OR_BULK,1.0,16.0,4.0,3.0,16.0,16.0,4.0,4.0,False,False,16,3,3,0,0,0,0,2,0,,,,,,,,https://github.com/geo2343/depuracion-mlb-kernel/blob/main/runtime/hbm26_v27_sheet01_0505.csv,QA_VALIDATED_PBP_V27,RELIEF_OR_BULK,MLB,False
823142-669276,823142,2026-05-05,ATL,SEA,A,669276,Dylan Lee,RELIEF_OR_BULK,1.0,9.0,3.0,3.0,9.0,23.0,3.0,6.0,False,False,16,3,3,0,0,0,0,3,0,,,,,,,,https://github.com/geo2343/depuracion-mlb-kernel/blob/main/runtime/hbm26_v27_sheet01_0505.csv,QA_VALIDATED_PBP_V27,RELIEF_OR_BULK,MLB,False
823142-678606,823142,2026-05-05,SEA,ATL,H,678606,José A. Ferrer,RELIEF_OR_BULK,0.0,16.0,5.0,4.0,16.0,16.0,5.0,5.0,True,False,10,3,3,0,0,0,0,2,0,,,,,,,,https://github.com/geo2343/depuracion-mlb-kernel/blob/main/runtime/hbm26_v27_sheet01_0505.csv,QA_VALIDATED_PBP_V27,RELIEF_OR_BULK,MLB,False
825092-642528,825092,2026-05-05,AZ,PIT,H,642528,Jonathan Loáisiga,RELIEF_OR_BULK,2.0,3.0,1.0,1.0,0.0,3.0,0.0,1.0,False,False,15,3,3,0,0,0,0,0,0,,,,,,,,https://github.com/geo2343/depuracion-mlb-kernel/blob/main/runtime/hbm26_v27_sheet01_0505.csv,QA_VALIDATED_PBP_V27,RELIEF_OR_BULK,MLB,False
825092-642701,825092,2026-05-05,PIT,AZ,A,642701,Dennis Santana,RELIEF_OR_BULK,5.0,9.0,3.0,3.0,0.0,0.0,0.0,0.0,False,False,15,6,3,2,2,3,0,0,0,,,,,,,,https://github.com/geo2343/depuracion-mlb-kernel/blob/main/runtime/hbm26_v27_sheet01_0505.csv,QA_VALIDATED_PBP_V27,RELIEF_OR_BULK,MLB,False
825092-670990,825092,2026-05-05,PIT,AZ,A,670990,Yohan Ramírez,RELIEF_OR_BULK,2.0,15.0,7.0,6.0,0.0,15.0,0.0,7.0,False,False,29,7,1,5,5,2,1,0,0,,,,,,,,https://github.com/geo2343/depuracion-mlb-kernel/blob/main/runtime/hbm26_v27_sheet01_0505.csv,QA_VALIDATED_PBP_V27,RELIEF_OR_BULK,MLB,False
825092-681895,825092,2026-05-05,PIT,AZ,A,681895,Evan Sisk,RELIEF_OR_BULK,3.0,15.0,3.0,3.0,0.0,0.0,0.0,0.0,False,False,25,6,5,0,0,2,0,0,0,,,,,,,,https://github.com/geo2343/depuracion-mlb-kernel/blob/main/runtime/hbm26_v27_sheet01_0505.csv,QA_VALIDATED_PBP_V27,RELIEF_OR_BULK,MLB,False
825092-805299,825092,2026-05-05,AZ,PIT,H,805299,Brandyn Garcia,RELIEF_OR_BULK,3.0,20.0,6.0,6.0,0.0,0.0,0.0,0.0,False,False,11,3,3,0,0,0,0,2,0,,,,,,,,https://github.com/geo2343/depuracion-mlb-kernel/blob/main/runtime/hbm26_v27_sheet01_0505.csv,QA_VALIDATED_PBP_V27,RELIEF_OR_BULK,MLB,False
823227-592094,823227,2026-05-05,SD,SF,A,592094,Jason Adam,RELIEF_OR_BULK,1.0,17.0,4.0,3.0,17.0,17.0,4.0,4.0,False,False,9,3,3,0,0,0,0,0,0,,,,,,,,https://github.com/geo2343/depuracion-mlb-kernel/blob/main/runtime/hbm26_v27_sheet01_0505.csv,QA_VALIDATED_PBP_V27,RELIEF_OR_BULK,MLB,False
823227-621366,823227,2026-05-05,SF,SD,H,621366,Ryan Borucki,RELIEF_OR_BULK,2.0,16.0,4.0,4.0,0.0,16.0,0.0,4.0,False,False,20,4,3,1,1,2,0,0,0,,,,,,,,https://github.com/geo2343/depuracion-mlb-kernel/blob/main/runtime/hbm26_v27_sheet01_0505.csv,QA_VALIDATED_PBP_V27,RELIEF_OR_BULK,MLB,False
823227-664141,823227,2026-05-05,SF,SD,H,664141,JT Brubaker,RELIEF_OR_BULK,3.0,21.0,6.0,5.0,0.0,0.0,0.0,0.0,False,False,38,7,3,1,1,2,2,1,0,,,,,,,,https://github.com/geo2343/depuracion-mlb-kernel/blob/main/runtime/hbm26_v27_sheet01_0505.csv,QA_VALIDATED_PBP_V27,RELIEF_OR_BULK,MLB,False
823227-666619,823227,2026-05-05,SF,SD,H,666619,Gregory Santos,RELIEF_OR_BULK,2.0,26.0,6.0,5.0,0.0,26.0,0.0,6.0,False,False,28,8,6,2,2,2,0,0,0,,,,,,,,https://github.com/geo2343/depuracion-mlb-kernel/blob/main/runtime/hbm26_v27_sheet01_0505.csv,QA_VALIDATED_PBP_V27,RELIEF_OR_BULK,MLB,False
823227-666711,823227,2026-05-05,SF,SD,H,666711,Joel Peguero,RELIEF_OR_BULK,,,,,,,,,,,8,4,3,0,0,1,0,0,0,,,,,,,,https://github.com/geo2343/depuracion-mlb-kernel/blob/main/runtime/hbm26_v27_sheet01_0505.csv,QA_VALIDATED_PBP_V27,,,
823227-669093,823227,2026-05-05,SD,SF,A,669093,Jeremiah Estrada,RELIEF_OR_BULK,2.0,13.0,3.0,3.0,0.0,13.0,0.0,3.0,False,False,21,6,5,1,1,1,0,2,1,,,,,,,,https://github.com/geo2343/depuracion-mlb-kernel/blob/main/runtime/hbm26_v27_sheet01_0505.csv,QA_VALIDATED_PBP_V27,RELIEF_OR_BULK,MLB,False
823227-676760,823227,2026-05-05,SD,SF,A,676760,Ron Marinaccio,RELIEF_OR_BULK,3.0,41.0,10.0,6.0,0.0,0.0,0.0,0.0,False,False,9,3,3,0,0,0,0,1,0,,,,,,,,https://github.com/geo2343/depuracion-mlb-kernel/blob/main/runtime/hbm26_v27_sheet01_0505.csv,QA_VALIDATED_PBP_V27,RELIEF_OR_BULK,MLB,False
822985-641329,822985,2026-05-06,TB,TOR,H,641329,Bryan Baker,RELIEF_OR_BULK,1.0,3.0,1.0,1.0,3.0,14.0,1.0,4.0,False,False,17,3,3,0,0,0,0,1,0,,,,,,,,https://github.com/geo2343/depuracion-mlb-kernel/blob/main/runtime/hbm26_v28_sheet01_0506.csv,QA_VALIDATED_PBP_V28,RELIEF_OR_BULK,MLB,False
822985-664076,822985,2026-05-06,TB,TOR,H,664076,Garrett Cleavinger,RELIEF_OR_BULK,3.0,12.0,4.0,3.0,0.0,0.0,0.0,0.0,False,False,5,1,1,0,0,0,0,1,0,,,,,,,,https://github.com/geo2343/depuracion-mlb-kernel/blob/main/runtime/hbm26_v28_sheet01_0506.csv,QA_VALIDATED_PBP_V28,RELIEF_OR_BULK,MLB,False
822985-680755,822985,2026-05-06,TOR,TB,A,680755,Braydon Fisher,RELIEF_OR_BULK,2.0,18.0,5.0,2.0,0.0,18.0,0.0,5.0,False,False,23,5,4,0,0,0,1,2,0,,,,,,,,https://github.com/geo2343/depuracion-mlb-kernel/blob/main/runtime/hbm26_v28_sheet01_0506.csv,QA_VALIDATED_PBP_V28,RELIEF_OR_BULK,MLB,False
822985-686973,822985,2026-05-06,TOR,TB,A,686973,Louis Varland,RELIEF_OR_BULK,0.0,7.0,2.0,2.0,7.0,7.0,2.0,2.0,True,False,22,6,3,1,0,1,2,0,0,,,,,,,,https://github.com/geo2343/depuracion-mlb-kernel/blob/main/runtime/hbm26_v28_sheet01_0506.csv,QA_VALIDATED_PBP_V28,RELIEF_OR_BULK,MLB,False
822985-687330,822985,2026-05-06,TB,TOR,H,687330,Kevin Kelly,RELIEF_OR_BULK,1.0,7.0,2.0,2.0,7.0,7.0,2.0,2.0,False,False,14,5,3,0,0,2,0,0,0,,,,,,,,https://github.com/geo2343/depuracion-mlb-kernel/blob/main/runtime/hbm26_v28_sheet01_0506.csv,QA_VALIDATED_PBP_V28,RELIEF_OR_BULK,MLB,False
822985-689254,822985,2026-05-06,TOR,TB,A,689254,Mason Fluharty,RELIEF_OR_BULK,1.0,6.0,2.0,1.0,6.0,6.0,2.0,2.0,False,False,11,1,1,0,0,0,0,0,0,,,,,,,,https://github.com/geo2343/depuracion-mlb-kernel/blob/main/runtime/hbm26_v28_sheet01_0506.csv,QA_VALIDATED_PBP_V28,RELIEF_OR_BULK,MLB,False
822985-693855,822985,2026-05-06,TB,TOR,H,693855,Ian Seymour,RELIEF_OR_BULK,1.0,28.0,7.0,4.0,28.0,36.0,7.0,10.0,False,False,11,3,3,0,0,0,0,1,0,,,,,,,,https://github.com/geo2343/depuracion-mlb-kernel/blob/main/runtime/hbm26_v28_sheet01_0506.csv,QA_VALIDATED_PBP_V28,RELIEF_OR_BULK,MLB,False
823063-656730,823063,2026-05-06,MIL,STL,A,656730,Trevor Megill,RELIEF_OR_BULK,3.0,13.0,3.0,3.0,0.0,0.0,0.0,0.0,False,False,21,5,3,1,1,2,0,2,0,,,,,,,,https://github.com/geo2343/depuracion-mlb-kernel/blob/main/runtime/hbm26_v28_sheet01_0506.csv,QA_VALIDATED_PBP_V28,RELIEF_OR_BULK,MLB,False
823063-669084,823063,2026-05-06,MIL,STL,A,669084,DL Hall,RELIEF_OR_BULK,1.0,24.0,6.0,5.0,24.0,24.0,6.0,6.0,False,False,11,3,3,0,0,0,0,1,0,,,,,,,,https://github.com/geo2343/depuracion-mlb-kernel/blob/main/runtime/hbm26_v28_sheet01_0506.csv,QA_VALIDATED_PBP_V28,RELIEF_OR_BULK,MLB,False
823063-676879,823063,2026-05-06,MIL,STL,A,676879,Aaron Ashby,RELIEF_OR_BULK,4.0,45.0,12.0,8.0,0.0,0.0,0.0,0.0,False,False,28,7,6,0,0,0,1,1,0,,,,,,,,https://github.com/geo2343/depuracion-mlb-kernel/blob/main/runtime/hbm26_v28_sheet01_0506.csv,QA_VALIDATED_PBP_V28,RELIEF_OR_BULK,MLB,False
823063-682842,823063,2026-05-06,MIL,STL,A,682842,Abner Uribe,RELIEF_OR_BULK,3.0,24.0,5.0,3.0,0.0,0.0,0.0,0.0,False,False,16,4,3,1,1,1,0,0,0,,,,,,,,https://github.com/geo2343/depuracion-mlb-kernel/blob/main/runtime/hbm26_v28_sheet01_0506.csv,QA_VALIDATED_PBP_V28,RELIEF_OR_BULK,MLB,False
823063-694335,823063,2026-05-06,STL,MIL,H,694335,Matt Svanson,RELIEF_OR_BULK,4.0,16.0,4.0,3.0,0.0,0.0,0.0,0.0,False,False,27,6,3,1,1,2,1,2,0,,,,,,,,https://github.com/geo2343/depuracion-mlb-kernel/blob/main/runtime/hbm26_v28_sheet01_0506.csv,QA_VALIDATED_PBP_V28,RELIEF_OR_BULK,MLB,False
823063-694363,823063,2026-05-06,STL,MIL,H,694363,Jared Shuster,RELIEF_OR_BULK,2.0,23.0,10.0,6.0,0.0,23.0,0.0,10.0,False,False,33,7,6,0,0,1,0,1,0,,,,,,,,https://github.com/geo2343/depuracion-mlb-kernel/blob/main/runtime/hbm26_v28_sheet01_0506.csv,QA_VALIDATED_PBP_V28,RELIEF_OR_BULK,MLB,False
824198-592779,824198,2026-05-06,LAD,HOU,A,592779,Brock Stewart,RELIEF_OR_BULK,,,,,,,,,,,10,3,3,0,0,0,0,2,0,,,,,,,,https://github.com/geo2343/depuracion-mlb-kernel/blob/main/runtime/hbm26_v28_sheet01_0506.csv,QA_VALIDATED_PBP_V28,,,
824198-595014,824198,2026-05-06,LAD,HOU,A,595014,Blake Treinen,RELIEF_OR_BULK,1.0,17.0,4.0,3.0,17.0,18.0,4.0,5.0,False,False,15,5,3,1,1,2,0,0,0,,,,,,,,https://github.com/geo2343/depuracion-mlb-kernel/blob/main/runtime/hbm26_v28_sheet01_0506.csv,QA_VALIDATED_PBP_V28,RELIEF_OR_BULK,MLB,False
824198-656945,824198,2026-05-06,LAD,HOU,A,656945,Tanner Scott,RELIEF_OR_BULK,2.0,13.0,3.0,3.0,0.0,13.0,0.0,3.0,False,False,9,3,3,0,0,0,0,0,0,,,,,,,,https://github.com/geo2343/depuracion-mlb-kernel/blob/main/runtime/hbm26_v28_sheet01_0506.csv,QA_VALIDATED_PBP_V28,RELIEF_OR_BULK,MLB,False
824198-660853,824198,2026-05-06,HOU,LAD,H,660853,Enyel De Los Santos,RELIEF_OR_BULK,2.0,20.0,4.0,3.0,0.0,20.0,0.0,4.0,False,False,13,3,3,0,0,0,0,0,0,,,,,,,,https://github.com/geo2343/depuracion-mlb-kernel/blob/main/runtime/hbm26_v28_sheet01_0506.csv,QA_VALIDATED_PBP_V28,RELIEF_OR_BULK,MLB,False
824198-669165,824198,2026-05-06,LAD,HOU,A,669165,Kyle Hurt,RELIEF_OR_BULK,1.0,17.0,4.0,3.0,17.0,17.0,4.0,4.0,False,False,11,3,3,0,0,0,0,2,0,,,,,,,,https://github.com/geo2343/depuracion-mlb-kernel/blob/main/runtime/hbm26_v28_sheet01_0506.csv,QA_VALIDATED_PBP_V28,RELIEF_OR_BULK,MLB,False
824198-669920,824198,2026-05-06,HOU,LAD,H,669920,Jason Alexander,RELIEF_OR_BULK,5.0,31.0,11.0,6.0,0.0,0.0,0.0,0.0,False,False,88,23,13,5,5,9,2,5,1,,,,,,,,https://github.com/geo2343/depuracion-mlb-kernel/blob/main/runtime/hbm26_v28_sheet01_0506.csv,QA_VALIDATED_PBP_V28,RELIEF_OR_BULK,MLB,False
824198-676263,824198,2026-05-06,LAD,HOU,A,676263,Jack Dreyer,RELIEF_OR_BULK,1.0,15.0,4.0,3.0,15.0,15.0,4.0,4.0,False,False,27,7,6,0,0,1,0,1,0,,,,,,,,https://github.com/geo2343/depuracion-mlb-kernel/blob/main/runtime/hbm26_v28_sheet01_0506.csv,QA_VALIDATED_PBP_V28,RELIEF_OR_BULK,MLB,False
824198-683618,824198,2026-05-06,LAD,HOU,A,683618,Edgardo Henriquez,RELIEF_OR_BULK,4.0,24.0,7.0,3.0,0.0,0.0,0.0,0.0,False,False,23,6,6,0,0,1,0,1,0,,,,,,,,https://github.com/geo2343/depuracion-mlb-kernel/blob/main/runtime/hbm26_v28_sheet01_0506.csv,QA_VALIDATED_PBP_V28,RELIEF_OR_BULK,MLB,False
823226-657424,823226,2026-05-06,SF,SD,H,657424,Matt Gage,RELIEF_OR_BULK,2.0,15.0,3.0,2.0,0.0,15.0,0.0,3.0,False,False,10,2,1,0,0,1,0,0,0,,,,,,,,https://github.com/geo2343/depuracion-mlb-kernel/blob/main/runtime/hbm26_v28_sheet01_0506.csv,QA_VALIDATED_PBP_V28,RELIEF_OR_BULK,MLB,False
823226-663362,823226,2026-05-06,SD,SF,A,663362,Matt Waldron,RELIEF_OR_BULK,6.0,83.0,22.0,15.0,0.0,0.0,0.0,0.0,False,False,67,17,15,1,1,2,0,7,1,,,,,,,,https://github.com/geo2343/depuracion-mlb-kernel/blob/main/runtime/hbm26_v28_sheet01_0506.csv,QA_VALIDATED_PBP_V28,STARTER,MLB,False
823226-666711,823226,2026-05-06,SF,SD,H,666711,Joel Peguero,RELIEF_OR_BULK,0.0,8.0,4.0,3.0,8.0,8.0,4.0,4.0,True,False,8,3,3,0,0,0,0,1,0,,,,,,,,https://github.com/geo2343/depuracion-mlb-kernel/blob/main/runtime/hbm26_v28_sheet01_0506.csv,QA_VALIDATED_PBP_V28,RELIEF_OR_BULK,MLB,False
823226-670970,823226,2026-05-06,SD,SF,A,670970,Adrian Morejon,RELIEF_OR_BULK,2.0,31.0,8.0,6.0,0.0,31.0,0.0,8.0,False,False,26,7,6,0,0,1,0,4,0,,,,,,,,https://github.com/geo2343/depuracion-mlb-kernel/blob/main/runtime/hbm26_v28_sheet01_0506.csv,QA_VALIDATED_PBP_V28,RELIEF_OR_BULK,MLB,False
823226-676254,823226,2026-05-06,SF,SD,H,676254,Ryan Walker,RELIEF_OR_BULK,2.0,14.0,5.0,3.0,0.0,14.0,0.0,5.0,False,False,29,7,3,2,2,2,2,0,1,,,,,,,,https://github.com/geo2343/depuracion-mlb-kernel/blob/main/runtime/hbm26_v28_sheet01_0506.csv,QA_VALIDATED_PBP_V28,RELIEF_OR_BULK,MLB,False
823226-676775,823226,2026-05-06,SF,SD,H,676775,Keaton Winn,RELIEF_OR_BULK,1.0,8.0,3.0,3.0,8.0,17.0,3.0,6.0,False,False,16,3,2,1,1,0,1,0,0,,,,,,,,https://github.com/geo2343/depuracion-mlb-kernel/blob/main/runtime/hbm26_v28_sheet01_0506.csv,QA_VALIDATED_PBP_V28,RELIEF_OR_BULK,MLB,False
823226-695243,823226,2026-05-06,SD,SF,A,695243,Mason Miller,RELIEF_OR_BULK,2.0,15.0,4.0,3.0,0.0,15.0,0.0,4.0,False,False,13,3,3,0,0,0,0,2,0,,,,,,,,https://github.com/geo2343/depuracion-mlb-kernel/blob/main/runtime/hbm26_v28_sheet01_0506.csv,QA_VALIDATED_PBP_V28,RELIEF_OR_BULK,MLB,False
824036-519141,824036,2026-05-06,LAA,CWS,H,519141,Drew Pomeranz,RELIEF_OR_BULK,0.0,19.0,5.0,3.0,19.0,28.0,5.0,8.0,True,False,11,2,1,0,0,0,0,1,0,,,,,,,,https://github.com/geo2343/depuracion-mlb-kernel/blob/main/runtime/hbm26_v28_sheet01_0506.csv,QA_VALIDATED_PBP_V28,RELIEF_OR_BULK,MLB,False
824036-608718,824036,2026-05-06,LAA,CWS,H,608718,Brent Suter,RELIEF_OR_BULK,1.0,15.0,4.0,3.0,15.0,15.0,4.0,4.0,False,False,20,5,2,1,1,1,2,0,0,,,,,,,,https://github.com/geo2343/depuracion-mlb-kernel/blob/main/runtime/hbm26_v28_sheet01_0506.csv,QA_VALIDATED_PBP_V28,RELIEF_OR_BULK,MLB,False
824036-663855,824036,2026-05-06,CWS,LAA,A,663855,Jordan Hicks,RELIEF_OR_BULK,4.0,12.0,4.0,3.0,0.0,0.0,0.0,0.0,False,False,11,3,3,0,0,0,1,1,0,,,,,,,,https://github.com/geo2343/depuracion-mlb-kernel/blob/main/runtime/hbm26_v28_sheet01_0506.csv,QA_VALIDATED_PBP_V28,RELIEF_OR_BULK,MLB,False
824036-674370,824036,2026-05-06,CWS,LAA,A,674370,Osvaldo Bido,RELIEF_OR_BULK,4.0,31.0,7.0,3.0,0.0,0.0,0.0,0.0,False,False,27,9,7,0,0,0,0,0,0,,,,,,,,https://github.com/geo2343/depuracion-mlb-kernel/blob/main/runtime/hbm26_v28_sheet01_0506.csv,QA_VALIDATED_PBP_V28,RELIEF_OR_BULK,MLB,False
824036-681217,824036,2026-05-06,LAA,CWS,H,681217,Chase Silseth,RELIEF_OR_BULK,4.0,6.0,2.0,1.0,0.0,0.0,0.0,0.0,False,False,28,7,6,0,0,1,0,4,0,,,,,,,,https://github.com/geo2343/depuracion-mlb-kernel/blob/main/runtime/hbm26_v28_sheet01_0506.csv,QA_VALIDATED_PBP_V28,RELIEF_OR_BULK,MLB,False
824036-691799,824036,2026-05-06,CWS,LAA,A,691799,Grant Taylor,RELIEF_OR_BULK,3.0,30.0,7.0,4.0,0.0,0.0,0.0,0.0,False,False,20,5,3,1,0,1,1,1,0,,,,,,,,https://github.com/geo2343/depuracion-mlb-kernel/blob/main/runtime/hbm26_v28_sheet01_0506.csv,QA_VALIDATED_PBP_V28,RELIEF_OR_BULK,MLB,False
823141-641755,823141,2026-05-06,ATL,SEA,A,641755,Tyler Kinley,RELIEF_OR_BULK,1.0,23.0,5.0,3.0,23.0,34.0,5.0,9.0,False,False,9,3,1,0,0,2,0,0,0,,,,,,,,https://github.com/geo2343/depuracion-mlb-kernel/blob/main/runtime/hbm26_v28_sheet01_0506.csv,QA_VALIDATED_PBP_V28,RELIEF_OR_BULK,MLB,False
823141-660825,823141,2026-05-06,SEA,ATL,H,660825,Eduard Bazardo,RELIEF_OR_BULK,1.0,11.0,3.0,2.0,11.0,11.0,3.0,3.0,False,False,21,5,3,1,1,3,0,1,0,,,,,,,,https://github.com/geo2343/depuracion-mlb-kernel/blob/main/runtime/hbm26_v28_sheet01_0506.csv,QA_VALIDATED_PBP_V28,RELIEF_OR_BULK,MLB,False
823141-678606,823141,2026-05-06,SEA,ATL,H,678606,José A. Ferrer,RELIEF_OR_BULK,0.0,10.0,3.0,3.0,26.0,26.0,8.0,8.0,True,True,11,3,3,0,0,0,0,1,0,,,,,,,,https://github.com/geo2343/depuracion-mlb-kernel/blob/main/runtime/hbm26_v28_sheet01_0506.csv,QA_VALIDATED_PBP_V28,RELIEF_OR_BULK,MLB,False
823141-681867,823141,2026-05-06,SEA,ATL,H,681867,Cooper Criswell,RELIEF_OR_BULK,3.0,14.0,3.0,3.0,0.0,0.0,0.0,0.0,False,False,13,3,3,0,0,0,0,1,0,,,,,,,,https://github.com/geo2343/depuracion-mlb-kernel/blob/main/runtime/hbm26_v28_sheet01_0506.csv,QA_VALIDATED_PBP_V28,RELIEF_OR_BULK,MLB,False
823141-800311,823141,2026-05-06,ATL,SEA,A,800311,Didier Fuentes,RELIEF_OR_BULK,2.0,8.0,2.0,2.0,0.0,8.0,0.0,2.0,False,False,47,9,6,1,1,2,1,4,0,,,,,,,,https://github.com/geo2343/depuracion-mlb-kernel/blob/main/runtime/hbm26_v28_sheet01_0506.csv,QA_VALIDATED_PBP_V28,RELIEF_OR_BULK,MLB,False
823470-621237,823470,2026-05-06,PHI,ATH,H,621237,José Alvarado,RELIEF_OR_BULK,1.0,8.0,3.0,3.0,8.0,8.0,3.0,3.0,False,False,16,4,2,0,0,1,1,2,0,,,,,,,,https://github.com/geo2343/depuracion-mlb-kernel/blob/main/runtime/hbm26_v28_sheet01_0506.csv,QA_VALIDATED_PBP_V28,RELIEF_OR_BULK,MLB,False
823470-641745,823470,2026-05-06,PHI,ATH,H,641745,Brad Keller,RELIEF_OR_BULK,1.0,10.0,4.0,3.0,10.0,10.0,4.0,4.0,False,False,22,6,3,0,0,1,2,1,0,,,,,,,,https://github.com/geo2343/depuracion-mlb-kernel/blob/main/runtime/hbm26_v28_sheet01_0506.csv,QA_VALIDATED_PBP_V28,RELIEF_OR_BULK,MLB,False
823470-641835,823470,2026-05-06,PHI,ATH,H,641835,Tim Mayza,RELIEF_OR_BULK,5.0,33.0,9.0,6.0,0.0,0.0,0.0,0.0,False,False,7,2,2,0,0,0,0,1,0,,,,,,,,https://github.com/geo2343/depuracion-mlb-kernel/blob/main/runtime/hbm26_v28_sheet01_0506.csv,QA_VALIDATED_PBP_V28,STARTER,MLB,False
823470-663687,823470,2026-05-06,ATH,PHI,A,663687,Hogan Harris,RELIEF_OR_BULK,3.0,20.0,4.0,1.0,0.0,0.0,0.0,0.0,False,False,9,4,2,0,0,2,0,0,0,,,,,,,,https://github.com/geo2343/depuracion-mlb-kernel/blob/main/runtime/hbm26_v28_sheet01_0506.csv,QA_VALIDATED_PBP_V28,RELIEF_OR_BULK,MLB,False
823470-678022,823470,2026-05-06,ATH,PHI,A,678022,Jack Perkins,RELIEF_OR_BULK,5.0,16.0,4.0,3.0,0.0,0.0,0.0,0.0,False,False,33,8,4,4,2,2,1,2,0,,,,,,,,https://github.com/geo2343/depuracion-mlb-kernel/blob/main/runtime/hbm26_v28_sheet01_0506.csv,QA_VALIDATED_PBP_V28,RELIEF_OR_BULK,MLB,False
823470-686993,823470,2026-05-06,ATH,PHI,A,686993,Justin Sterner,RELIEF_OR_BULK,2.0,12.0,3.0,3.0,0.0,12.0,0.0,3.0,False,False,7,2,2,0,0,0,0,0,0,,,,,,,,https://github.com/geo2343/depuracion-mlb-kernel/blob/main/runtime/hbm26_v28_sheet01_0506.csv,QA_VALIDATED_PBP_V28,RELIEF_OR_BULK,MLB,False
823470-689147,823470,2026-05-06,PHI,ATH,H,689147,Orion Kerkering,RELIEF_OR_BULK,2.0,9.0,3.0,3.0,0.0,9.0,0.0,3.0,False,False,5,1,1,0,0,0,0,0,0,,,,,,,,https://github.com/geo2343/depuracion-mlb-kernel/blob/main/runtime/hbm26_v28_sheet01_0506.csv,QA_VALIDATED_PBP_V28,RELIEF_OR_BULK,MLB,False
823872-664991,823872,2026-05-06,BAL,MIA,A,664991,Grant Wolfram,RELIEF_OR_BULK,0.0,8.0,2.0,2.0,8.0,23.0,2.0,7.0,True,False,15,4,2,1,1,2,0,0,0,,,,,,,,https://github.com/geo2343/depuracion-mlb-kernel/blob/main/runtime/hbm26_v28_sheet01_0506.csv,QA_VALIDATED_PBP_V28,RELIEF_OR_BULK,MLB,False
823872-670329,823872,2026-05-06,BAL,MIA,A,670329,Rico Garcia,RELIEF_OR_BULK,0.0,19.0,5.0,4.0,19.0,36.0,5.0,8.0,True,False,15,3,3,0,0,0,1,1,0,,,,,,,,https://github.com/geo2343/depuracion-mlb-kernel/blob/main/runtime/hbm26_v28_sheet01_0506.csv,QA_VALIDATED_PBP_V28,RELIEF_OR_BULK,MLB,False
823872-689296,823872,2026-05-06,BAL,MIA,A,689296,Anthony Nunez,RELIEF_OR_BULK,0.0,20.0,6.0,4.0,20.0,20.0,6.0,6.0,True,False,16,4,4,0,0,0,0,1,0,,,,,,,,https://github.com/geo2343/depuracion-mlb-kernel/blob/main/runtime/hbm26_v28_sheet01_0506.csv,QA_VALIDATED_PBP_V28,RELIEF_OR_BULK,MLB,False
823872-690978,823872,2026-05-06,MIA,BAL,H,690978,Dax Fulton,RELIEF_OR_BULK,,,,,,,,,,,64,16,12,2,2,3,2,3,0,,,,,,,,https://github.com/geo2343/depuracion-mlb-kernel/blob/main/runtime/hbm26_v28_sheet01_0506.csv,QA_VALIDATED_PBP_V28,,,
824282-572143,824282,2026-05-06,DET,BOS,H,572143,Burch Smith,RELIEF_OR_BULK,0.0,20.0,7.0,6.0,20.0,38.0,7.0,11.0,True,False,17,4,3,0,0,0,1,1,0,,,,,,,,https://github.com/geo2343/depuracion-mlb-kernel/blob/main/runtime/hbm26_v28_sheet01_0506.csv,QA_VALIDATED_PBP_V28,RELIEF_OR_BULK,MLB,False
824282-623454,824282,2026-05-06,DET,BOS,H,623454,Drew Anderson,RELIEF_OR_BULK,3.0,28.0,9.0,7.0,0.0,0.0,0.0,0.0,False,False,39,8,4,0,0,1,3,3,0,,,,,,,,https://github.com/geo2343/depuracion-mlb-kernel/blob/main/runtime/hbm26_v28_sheet01_0506.csv,QA_VALIDATED_PBP_V28,RELIEF_OR_BULK,MLB,False
824282-640448,824282,2026-05-06,DET,BOS,H,640448,Kyle Finnegan,RELIEF_OR_BULK,2.0,10.0,4.0,3.0,0.0,10.0,0.0,4.0,False,False,14,4,3,0,0,0,2,0,0,,,,,,,,https://github.com/geo2343/depuracion-mlb-kernel/blob/main/runtime/hbm26_v28_sheet01_0506.csv,QA_VALIDATED_PBP_V28,RELIEF_OR_BULK,MLB,False
824282-669711,824282,2026-05-06,BOS,DET,A,669711,Greg Weissert,RELIEF_OR_BULK,2.0,22.0,6.0,4.0,0.0,22.0,0.0,6.0,False,False,11,3,3,0,0,0,0,0,0,,,,,,,,https://github.com/geo2343/depuracion-mlb-kernel/blob/main/runtime/hbm26_v28_sheet01_0506.csv,QA_VALIDATED_PBP_V28,RELIEF_OR_BULK,MLB,False
824282-676428,824282,2026-05-06,DET,BOS,H,676428,Brant Hurter,RELIEF_OR_BULK,2.0,38.0,12.0,10.0,0.0,38.0,0.0,12.0,False,False,12,2,2,0,0,0,0,1,0,,,,,,,,https://github.com/geo2343/depuracion-mlb-kernel/blob/main/runtime/hbm26_v28_sheet01_0506.csv,QA_VALIDATED_PBP_V28,RELIEF_OR_BULK,MLB,False
824282-677161,824282,2026-05-06,BOS,DET,A,677161,Zack Kelly,RELIEF_OR_BULK,2.0,19.0,5.0,3.0,0.0,19.0,0.0,5.0,False,False,25,5,3,0,0,0,2,2,0,,,,,,,,https://github.com/geo2343/depuracion-mlb-kernel/blob/main/runtime/hbm26_v28_sheet01_0506.csv,QA_VALIDATED_PBP_V28,RELIEF_OR_BULK,MLB,False
824282-701719,824282,2026-05-06,BOS,DET,A,701719,Tyler Samaniego,RELIEF_OR_BULK,2.0,13.0,4.0,2.0,0.0,13.0,0.0,4.0,False,False,31,7,6,0,0,0,1,3,0,,,,,,,,https://github.com/geo2343/depuracion-mlb-kernel/blob/main/runtime/hbm26_v28_sheet01_0506.csv,QA_VALIDATED_PBP_V28,RELIEF_OR_BULK,MLB,False
822740-472610,822740,2026-05-06,MIN,WSH,A,472610,Luis García,RELIEF_OR_BULK,0.0,13.0,3.0,3.0,13.0,13.0,3.0,3.0,True,False,14,4,2,2,2,2,0,0,2,,,,,,,,https://github.com/geo2343/depuracion-mlb-kernel/blob/main/runtime/hbm26_v28_sheet01_0506.csv,QA_VALIDATED_PBP_V28,RELIEF_OR_BULK,MLB,False
822740-623437,822740,2026-05-06,MIN,WSH,A,623437,Justin Topa,RELIEF_OR_BULK,2.0,17.0,6.0,3.0,0.0,17.0,0.0,6.0,False,False,32,8,2,6,6,4,2,1,1,,,,,,,,https://github.com/geo2343/depuracion-mlb-kernel/blob/main/runtime/hbm26_v28_sheet01_0506.csv,QA_VALIDATED_PBP_V28,RELIEF_OR_BULK,MLB,False
822740-680730,822740,2026-05-06,WSH,MIN,H,680730,Mitchell Parker,RELIEF_OR_BULK,2.0,23.0,6.0,6.0,0.0,23.0,0.0,6.0,False,False,27,8,8,0,0,0,0,2,0,,,,,,,,https://github.com/geo2343/depuracion-mlb-kernel/blob/main/runtime/hbm26_v28_sheet01_0506.csv,QA_VALIDATED_PBP_V28,RELIEF_OR_BULK,MLB,False
822740-681892,822740,2026-05-06,MIN,WSH,A,681892,Kody Funderburk,RELIEF_OR_BULK,2.0,3.0,1.0,1.0,0.0,3.0,0.0,1.0,False,False,17,4,3,1,1,0,1,2,0,,,,,,,,https://github.com/geo2343/depuracion-mlb-kernel/blob/main/runtime/hbm26_v28_sheet01_0506.csv,QA_VALIDATED_PBP_V28,RELIEF_OR_BULK,MLB,False
822740-687849,822740,2026-05-06,WSH,MIN,H,687849,Zak Kent,RELIEF_OR_BULK,31.0,34.0,9.0,6.0,0.0,0.0,0.0,0.0,False,False,10,4,3,0,0,0,0,0,0,,,,,,,,https://github.com/geo2343/depuracion-mlb-kernel/blob/main/runtime/hbm26_v28_sheet01_0506.csv,QA_VALIDATED_PBP_V28,RELIEF_OR_BULK,MLB,False
822740-702193,822740,2026-05-06,MIN,WSH,A,702193,Andrew Morris,RELIEF_OR_BULK,2.0,57.0,14.0,11.0,0.0,57.0,0.0,14.0,False,False,14,4,2,1,1,2,0,1,0,,,,,,,,https://github.com/geo2343/depuracion-mlb-kernel/blob/main/runtime/hbm26_v28_sheet01_0506.csv,QA_VALIDATED_PBP_V28,RELIEF_OR_BULK,MLB,False
823550-642232,823550,2026-05-06,NYY,TEX,H,642232,Ryan Yarbrough,RELIEF_OR_BULK,9.0,11.0,4.0,3.0,0.0,0.0,0.0,0.0,False,False,29,6,5,0,0,0,1,2,0,,,,,,,,https://github.com/geo2343/depuracion-mlb-kernel/blob/main/runtime/hbm26_v28_sheet01_0506.csv,QA_VALIDATED_PBP_V28,RELIEF_OR_BULK,MLB,False
823550-656641,823550,2026-05-06,TEX,NYY,A,656641,Jacob Latz,RELIEF_OR_BULK,4.0,15.0,3.0,3.0,0.0,0.0,0.0,0.0,False,False,21,4,3,0,0,0,1,1,0,,,,,,,,https://github.com/geo2343/depuracion-mlb-kernel/blob/main/runtime/hbm26_v28_sheet01_0506.csv,QA_VALIDATED_PBP_V28,RELIEF_OR_BULK,MLB,False
823550-660787,823550,2026-05-06,NYY,TEX,H,660787,Yerry De los Santos,RELIEF_OR_BULK,21.0,44.0,9.0,6.0,0.0,0.0,0.0,0.0,False,False,54,12,10,0,0,1,1,5,0,,,,,,,,https://github.com/geo2343/depuracion-mlb-kernel/blob/main/runtime/hbm26_v28_sheet01_0506.csv,QA_VALIDATED_PBP_V28,RELIEF_OR_BULK,MLB,False
824118-656638,824118,2026-05-06,KC,CLE,H,656638,Alex Lange,RELIEF_OR_BULK,1.0,9.0,3.0,3.0,9.0,9.0,3.0,3.0,False,False,23,5,4,1,1,0,1,0,0,,,,,,,,https://github.com/geo2343/depuracion-mlb-kernel/blob/main/runtime/hbm26_v28_sheet01_0506.csv,QA_VALIDATED_PBP_V28,RELIEF_OR_BULK,MLB,False
824118-670036,824118,2026-05-06,CLE,KC,A,670036,Matt Festa,RELIEF_OR_BULK,1.0,28.0,7.0,5.0,28.0,28.0,7.0,7.0,False,False,13,3,3,0,0,0,0,2,0,,,,,,,,https://github.com/geo2343/depuracion-mlb-kernel/blob/main/runtime/hbm26_v28_sheet01_0506.csv,QA_VALIDATED_PBP_V28,RELIEF_OR_BULK,MLB,False
824118-670167,824118,2026-05-06,KC,CLE,H,670167,John Schreiber,RELIEF_OR_BULK,2.0,12.0,3.0,2.0,0.0,12.0,0.0,3.0,False,False,30,6,5,0,0,2,0,0,0,,,,,,,,https://github.com/geo2343/depuracion-mlb-kernel/blob/main/runtime/hbm26_v28_sheet01_0506.csv,QA_VALIDATED_PBP_V28,RELIEF_OR_BULK,MLB,False
824118-671922,824118,2026-05-06,CLE,KC,A,671922,Cade Smith,RELIEF_OR_BULK,4.0,22.0,4.0,4.0,0.0,0.0,0.0,0.0,False,False,16,4,3,0,0,1,0,3,0,,,,,,,,https://github.com/geo2343/depuracion-mlb-kernel/blob/main/runtime/hbm26_v28_sheet01_0506.csv,QA_VALIDATED_PBP_V28,RELIEF_OR_BULK,MLB,False
824118-672021,824118,2026-05-06,KC,CLE,H,672021,Eric Cerantola,RELIEF_OR_BULK,,,,,,,,,,,19,4,3,0,0,1,1,2,0,,,,,,,,https://github.com/geo2343/depuracion-mlb-kernel/blob/main/runtime/hbm26_v28_sheet01_0506.csv,QA_VALIDATED_PBP_V28,,,
824118-679883,824118,2026-05-06,KC,CLE,H,679883,Luinder Avila,RELIEF_OR_BULK,3.0,23.0,6.0,6.0,0.0,0.0,0.0,0.0,False,False,49,9,6,2,2,2,2,2,0,,,,,,,,https://github.com/geo2343/depuracion-mlb-kernel/blob/main/runtime/hbm26_v28_sheet01_0506.csv,QA_VALIDATED_PBP_V28,RELIEF_OR_BULK,MLB,False
824118-681870,824118,2026-05-06,CLE,KC,A,681870,Erik Sabrowski,RELIEF_OR_BULK,4.0,8.0,3.0,3.0,0.0,0.0,0.0,0.0,False,False,20,5,4,0,0,0,1,2,0,,,,,,,,https://github.com/geo2343/depuracion-mlb-kernel/blob/main/runtime/hbm26_v28_sheet01_0506.csv,QA_VALIDATED_PBP_V28,RELIEF_OR_BULK,MLB,False
824118-683769,824118,2026-05-06,CLE,KC,A,683769,Hunter Gaddis,RELIEF_OR_BULK,3.0,22.0,4.0,1.0,0.0,0.0,0.0,0.0,False,False,9,3,2,0,0,0,1,0,0,,,,,,,,https://github.com/geo2343/depuracion-mlb-kernel/blob/main/runtime/hbm26_v28_sheet01_0506.csv,QA_VALIDATED_PBP_V28,RELIEF_OR_BULK,MLB,False
824683-571948,824683,2026-05-06,CHC,CIN,H,571948,Hoby Milner,RELIEF_OR_BULK,1.0,12.0,3.0,2.0,12.0,27.0,3.0,7.0,False,False,25,6,3,1,1,1,1,1,0,,,,,,,,https://github.com/geo2343/depuracion-mlb-kernel/blob/main/runtime/hbm26_v28_sheet01_0506.csv,QA_VALIDATED_PBP_V28,RELIEF_OR_BULK,MLB,False
824683-572955,824683,2026-05-06,CIN,CHC,A,572955,Pierce Johnson,RELIEF_OR_BULK,4.0,29.0,7.0,3.0,0.0,0.0,0.0,0.0,False,False,5,1,1,0,0,0,0,0,0,,,,,,,,https://github.com/geo2343/depuracion-mlb-kernel/blob/main/runtime/hbm26_v28_sheet01_0506.csv,QA_VALIDATED_PBP_V28,RELIEF_OR_BULK,MLB,False
824683-594580,824683,2026-05-06,CIN,CHC,A,594580,Sam Moll,RELIEF_OR_BULK,0.0,2.0,1.0,0.0,2.0,2.0,1.0,1.0,True,False,11,3,2,0,0,2,0,0,0,,,,,,,,https://github.com/geo2343/depuracion-mlb-kernel/blob/main/runtime/hbm26_v28_sheet01_0506.csv,QA_VALIDATED_PBP_V28,RELIEF_OR_BULK,MLB,False
824683-622088,824683,2026-05-06,CIN,CHC,A,622088,Tejay Antone,RELIEF_OR_BULK,,,,,,,,,,,12,3,3,0,0,0,0,2,0,,,,,,,,https://github.com/geo2343/depuracion-mlb-kernel/blob/main/runtime/hbm26_v28_sheet01_0506.csv,QA_VALIDATED_PBP_V28,,,
824683-656271,824683,2026-05-06,CIN,CHC,A,656271,Brock Burke,RELIEF_OR_BULK,1.0,9.0,3.0,2.0,9.0,9.0,3.0,3.0,False,False,11,5,2,1,0,0,3,1,0,,,,,,,,https://github.com/geo2343/depuracion-mlb-kernel/blob/main/runtime/hbm26_v28_sheet01_0506.csv,QA_VALIDATED_PBP_V28,RELIEF_OR_BULK,MLB,False
824683-656686,824683,2026-05-06,CHC,CIN,H,656686,Corbin Martin,RELIEF_OR_BULK,2.0,26.0,5.0,3.0,0.0,26.0,0.0,5.0,False,False,11,3,0,3,3,3,0,0,1,,,,,,,,https://github.com/geo2343/depuracion-mlb-kernel/blob/main/runtime/hbm26_v28_sheet01_0506.csv,QA_VALIDATED_PBP_V28,RELIEF_OR_BULK,MLB,False
824683-657097,824683,2026-05-06,CHC,CIN,H,657097,Jacob Webb,RELIEF_OR_BULK,0.0,17.0,4.0,3.0,17.0,17.0,4.0,4.0,True,False,14,5,5,0,0,0,0,1,0,,,,,,,,https://github.com/geo2343/depuracion-mlb-kernel/blob/main/runtime/hbm26_v28_sheet01_0506.csv,QA_VALIDATED_PBP_V28,RELIEF_OR_BULK,MLB,False
824683-663423,824683,2026-05-06,CHC,CIN,H,663423,Trent Thornton,RELIEF_OR_BULK,,,,,,,,,,,6,2,3,0,0,0,0,0,0,,,,,,,,https://github.com/geo2343/depuracion-mlb-kernel/blob/main/runtime/hbm26_v28_sheet01_0506.csv,QA_VALIDATED_PBP_V28,,,
824683-664208,824683,2026-05-06,CHC,CIN,H,664208,Phil Maton,RELIEF_OR_BULK,1.0,4.0,1.0,1.0,4.0,29.0,1.0,7.0,False,False,12,3,3,0,0,0,0,1,0,,,,,,,,https://github.com/geo2343/depuracion-mlb-kernel/blob/main/runtime/hbm26_v28_sheet01_0506.csv,QA_VALIDATED_PBP_V28,RELIEF_OR_BULK,MLB,False
824683-668933,824683,2026-05-06,CIN,CHC,A,668933,Graham Ashcraft,RELIEF_OR_BULK,1.0,28.0,8.0,5.0,28.0,28.0,8.0,8.0,False,False,27,5,3,2,2,2,0,1,1,,,,,,,,https://github.com/geo2343/depuracion-mlb-kernel/blob/main/runtime/hbm26_v28_sheet01_0506.csv,QA_VALIDATED_PBP_V28,RELIEF_OR_BULK,MLB,False
824361-548384,824361,2026-05-06,NYM,COL,A,548384,Brooks Raley,RELIEF_OR_BULK,2.0,15.0,4.0,3.0,0.0,15.0,0.0,4.0,False,False,14,4,4,0,0,0,1,2,0,,,,,,,,https://github.com/geo2343/depuracion-mlb-kernel/blob/main/runtime/hbm26_v28_sheet01_0506.csv,QA_VALIDATED_PBP_V28,RELIEF_OR_BULK,MLB,False
824361-596133,824361,2026-05-06,NYM,COL,A,596133,Luke Weaver,RELIEF_OR_BULK,2.0,17.0,5.0,4.0,0.0,17.0,0.0,5.0,False,False,20,4,3,0,0,1,0,2,0,,,,,,,,https://github.com/geo2343/depuracion-mlb-kernel/blob/main/runtime/hbm26_v28_sheet01_0506.csv,QA_VALIDATED_PBP_V28,RELIEF_OR_BULK,MLB,False
824361-640455,824361,2026-05-06,NYM,COL,A,640455,Sean Manaea,RELIEF_OR_BULK,6.0,73.0,18.0,8.0,0.0,0.0,0.0,0.0,False,False,17,5,1,1,1,3,0,1,0,,,,,,,,https://github.com/geo2343/depuracion-mlb-kernel/blob/main/runtime/hbm26_v28_sheet01_0506.csv,QA_VALIDATED_PBP_V28,RELIEF_OR_BULK,MLB,False
824361-642207,824361,2026-05-06,NYM,COL,A,642207,Devin Williams,RELIEF_OR_BULK,1.0,8.0,3.0,3.0,8.0,8.0,3.0,3.0,False,False,9,2,2,0,0,0,0,2,0,,,,,,,,https://github.com/geo2343/depuracion-mlb-kernel/blob/main/runtime/hbm26_v28_sheet01_0506.csv,QA_VALIDATED_PBP_V28,RELIEF_OR_BULK,MLB,False
824361-668964,824361,2026-05-06,NYM,COL,A,668964,Tobias Myers,RELIEF_OR_BULK,3.0,36.0,12.0,8.0,0.0,0.0,0.0,0.0,False,False,21,7,2,4,4,5,0,0,2,,,,,,,,https://github.com/geo2343/depuracion-mlb-kernel/blob/main/runtime/hbm26_v28_sheet01_0506.csv,QA_VALIDATED_PBP_V28,RELIEF_OR_BULK,MLB,False
824361-688642,824361,2026-05-06,COL,NYM,H,688642,Zach Agnos,RELIEF_OR_BULK,4.0,25.0,7.0,4.0,0.0,0.0,0.0,0.0,False,False,59,18,12,3,3,4,1,1,1,,,,,,,,https://github.com/geo2343/depuracion-mlb-kernel/blob/main/runtime/hbm26_v28_sheet01_0506.csv,QA_VALIDATED_PBP_V28,RELIEF_OR_BULK,MLB,False
825091-642397,825091,2026-05-06,PIT,AZ,A,642397,Gregory Soto,RELIEF_OR_BULK,2.0,17.0,4.0,4.0,0.0,17.0,0.0,4.0,False,False,15,4,3,0,0,0,1,1,0,,,,,,,,https://github.com/geo2343/depuracion-mlb-kernel/blob/main/runtime/hbm26_v28_sheet01_0506.csv,QA_VALIDATED_PBP_V28,RELIEF_OR_BULK,MLB,False
825091-656464,825091,2026-05-06,AZ,PIT,H,656464,Kevin Ginkel,RELIEF_OR_BULK,3.0,12.0,2.0,1.0,0.0,0.0,0.0,0.0,False,False,9,2,2,0,0,0,0,0,0,,,,,,,,https://github.com/geo2343/depuracion-mlb-kernel/blob/main/runtime/hbm26_v28_sheet01_0506.csv,QA_VALIDATED_PBP_V28,RELIEF_OR_BULK,MLB,False
825091-664199,825091,2026-05-06,AZ,PIT,H,664199,Taylor Clarke,RELIEF_OR_BULK,3.0,18.0,3.0,2.0,0.0,0.0,0.0,0.0,False,False,15,3,3,0,0,0,0,1,0,,,,,,,,https://github.com/geo2343/depuracion-mlb-kernel/blob/main/runtime/hbm26_v28_sheet01_0506.csv,QA_VALIDATED_PBP_V28,RELIEF_OR_BULK,MLB,False
825091-666661,825091,2026-05-06,AZ,PIT,H,666661,Juan Morillo,RELIEF_OR_BULK,3.0,19.0,4.0,3.0,0.0,0.0,0.0,0.0,False,False,12,4,3,0,0,0,0,0,0,,,,,,,,https://github.com/geo2343/depuracion-mlb-kernel/blob/main/runtime/hbm26_v28_sheet01_0506.csv,QA_VALIDATED_PBP_V28,RELIEF_OR_BULK,MLB,False
823551-641302,823551,2026-05-07,TEX,NYY,A,641302,Tyler Alexander,RELIEF_OR_BULK,1.0,27.0,5.0,3.0,27.0,27.0,5.0,5.0,False,False,18,5,2,1,1,3,1,1,0,,,,,,,,https://github.com/geo2343/depuracion-mlb-kernel/blob/main/runtime/hbm26_v29_sheet01_0507.csv,QA_VALIDATED_PBP_V29,RELIEF_OR_BULK,MLB,False
823551-656222,823551,2026-05-07,TEX,NYY,A,656222,Jalen Beeks,RELIEF_OR_BULK,1.0,5.0,4.0,2.0,5.0,5.0,4.0,4.0,False,False,12,3,1,2,2,1,1,1,0,,,,,,,,https://github.com/geo2343/depuracion-mlb-kernel/blob/main/runtime/hbm26_v29_sheet01_0507.csv,QA_VALIDATED_PBP_V29,RELIEF_OR_BULK,MLB,False
823551-656234,823551,2026-05-07,NYY,TEX,H,656234,Jake Bird,RELIEF_OR_BULK,2.0,4.0,1.0,1.0,0.0,4.0,0.0,1.0,False,False,15,4,3,0,0,0,1,0,0,,,,,,,,https://github.com/geo2343/depuracion-mlb-kernel/blob/main/runtime/hbm26_v29_sheet01_0507.csv,QA_VALIDATED_PBP_V29,RELIEF_OR_BULK,MLB,False
823551-657612,823551,2026-05-07,NYY,TEX,H,657612,Tim Hill,RELIEF_OR_BULK,1.0,6.0,3.0,1.0,6.0,18.0,3.0,7.0,False,False,17,7,5,0,0,2,0,1,0,,,,,,,,https://github.com/geo2343/depuracion-mlb-kernel/blob/main/runtime/hbm26_v29_sheet01_0507.csv,QA_VALIDATED_PBP_V29,RELIEF_OR_BULK,MLB,False
823551-666808,823551,2026-05-07,NYY,TEX,H,666808,Camilo Doval,RELIEF_OR_BULK,2.0,8.0,4.0,3.0,0.0,8.0,0.0,4.0,False,False,23,5,3,0,0,2,0,1,0,,,,,,,,https://github.com/geo2343/depuracion-mlb-kernel/blob/main/runtime/hbm26_v29_sheet01_0507.csv,QA_VALIDATED_PBP_V29,RELIEF_OR_BULK,MLB,False
823551-668390,823551,2026-05-07,TEX,NYY,A,668390,Cole Winn,RELIEF_OR_BULK,5.0,25.0,4.0,2.0,0.0,0.0,0.0,0.0,False,False,7,3,1,0,0,2,0,0,0,,,,,,,,https://github.com/geo2343/depuracion-mlb-kernel/blob/main/runtime/hbm26_v29_sheet01_0507.csv,QA_VALIDATED_PBP_V29,RELIEF_OR_BULK,MLB,False
823551-682608,823551,2026-05-07,TEX,NYY,A,682608,Peyton Gray,RELIEF_OR_BULK,4.0,35.0,9.0,6.0,0.0,0.0,0.0,0.0,False,False,33,6,3,1,1,2,1,1,0,,,,,,,,https://github.com/geo2343/depuracion-mlb-kernel/blob/main/runtime/hbm26_v29_sheet01_0507.csv,QA_VALIDATED_PBP_V29,RELIEF_OR_BULK,MLB,False
823551-686560,823551,2026-05-07,TEX,NYY,A,686560,Gavin Collyer,RELIEF_OR_BULK,3.0,21.0,3.0,3.0,0.0,0.0,0.0,0.0,False,False,4,1,1,0,0,0,0,0,0,,,,,,,,https://github.com/geo2343/depuracion-mlb-kernel/blob/main/runtime/hbm26_v29_sheet01_0507.csv,QA_VALIDATED_PBP_V29,RELIEF_OR_BULK,MLB,False
823551-687396,823551,2026-05-07,NYY,TEX,H,687396,Brent Headrick,RELIEF_OR_BULK,1.0,14.0,4.0,4.0,14.0,14.0,4.0,4.0,False,False,18,5,4,0,0,0,1,1,0,,,,,,,,https://github.com/geo2343/depuracion-mlb-kernel/blob/main/runtime/hbm26_v29_sheet01_0507.csv,QA_VALIDATED_PBP_V29,RELIEF_OR_BULK,MLB,False
823551-694341,823551,2026-05-07,NYY,TEX,H,694341,Brendan Beck,RELIEF_OR_BULK,,,,,,,,,,,52,13,9,2,2,2,3,1,1,,,,,,,,https://github.com/geo2343/depuracion-mlb-kernel/blob/main/runtime/hbm26_v29_sheet01_0507.csv,QA_VALIDATED_PBP_V29,,,
822741-573124,822741,2026-05-07,MIN,WSH,A,573124,Taylor Rogers,RELIEF_OR_BULK,3.0,32.0,12.0,7.0,0.0,0.0,0.0,0.0,False,False,26,7,5,0,0,2,0,2,0,,,,,,,,https://github.com/geo2343/depuracion-mlb-kernel/blob/main/runtime/hbm26_v29_sheet01_0507.csv,QA_VALIDATED_PBP_V29,RELIEF_OR_BULK,MLB,False
822741-607455,822741,2026-05-07,MIN,WSH,A,607455,Anthony Banda,RELIEF_OR_BULK,1.0,19.0,3.0,3.0,19.0,19.0,3.0,3.0,False,False,20,4,2,0,0,0,1,0,0,,,,,,,,https://github.com/geo2343/depuracion-mlb-kernel/blob/main/runtime/hbm26_v29_sheet01_0507.csv,QA_VALIDATED_PBP_V29,RELIEF_OR_BULK,MLB,False
822741-663992,822741,2026-05-07,WSH,MIN,H,663992,Richard Lovelady,RELIEF_OR_BULK,3.0,12.0,3.0,2.0,0.0,0.0,0.0,0.0,False,False,16,5,2,0,0,0,2,1,0,,,,,,,,https://github.com/geo2343/depuracion-mlb-kernel/blob/main/runtime/hbm26_v29_sheet01_0507.csv,QA_VALIDATED_PBP_V29,RELIEF_OR_BULK,MLB,False
822741-676571,822741,2026-05-07,WSH,MIN,H,676571,PJ Poulin,RELIEF_OR_BULK,3.0,36.0,8.0,6.0,0.0,0.0,0.0,0.0,False,False,23,5,3,0,0,1,1,2,0,,,,,,,,https://github.com/geo2343/depuracion-mlb-kernel/blob/main/runtime/hbm26_v29_sheet01_0507.csv,QA_VALIDATED_PBP_V29,STARTER,MLB,False
822741-681402,822741,2026-05-07,WSH,MIN,H,681402,Gus Varland,RELIEF_OR_BULK,3.0,9.0,3.0,2.0,0.0,0.0,0.0,0.0,False,False,16,5,4,0,0,1,0,2,0,,,,,,,,https://github.com/geo2343/depuracion-mlb-kernel/blob/main/runtime/hbm26_v29_sheet01_0507.csv,QA_VALIDATED_PBP_V29,RELIEF_OR_BULK,MLB,False
822741-687377,822741,2026-05-07,WSH,MIN,H,687377,Orlando Ribalta,RELIEF_OR_BULK,1.0,34.0,6.0,3.0,34.0,34.0,6.0,6.0,False,False,21,4,3,1,1,1,0,1,0,,,,,,,,https://github.com/geo2343/depuracion-mlb-kernel/blob/main/runtime/hbm26_v29_sheet01_0507.csv,QA_VALIDATED_PBP_V29,RELIEF_OR_BULK,MLB,False
822741-804619,822741,2026-05-07,MIN,WSH,A,804619,John Klein,RELIEF_OR_BULK,4.0,12.0,3.0,3.0,0.0,0.0,0.0,0.0,False,False,31,6,4,2,2,2,1,1,1,,,,,,,,https://github.com/geo2343/depuracion-mlb-kernel/blob/main/runtime/hbm26_v29_sheet01_0507.csv,QA_VALIDATED_PBP_V29,RELIEF_OR_BULK,MLB,False
824117-641401,824117,2026-05-07,CLE,KC,A,641401,Connor Brogdon,RELIEF_OR_BULK,2.0,24.0,6.0,4.0,0.0,24.0,0.0,6.0,False,False,36,7,4,2,2,2,1,1,2,,,,,,,,https://github.com/geo2343/depuracion-mlb-kernel/blob/main/runtime/hbm26_v29_sheet01_0507.csv,QA_VALIDATED_PBP_V29,RELIEF_OR_BULK,MLB,False
824117-656638,824117,2026-05-07,KC,CLE,H,656638,Alex Lange,RELIEF_OR_BULK,0.0,23.0,5.0,4.0,23.0,32.0,5.0,8.0,True,False,20,5,3,1,1,1,1,1,0,,,,,,,,https://github.com/geo2343/depuracion-mlb-kernel/blob/main/runtime/hbm26_v29_sheet01_0507.csv,QA_VALIDATED_PBP_V29,RELIEF_OR_BULK,MLB,False
824117-663738,824117,2026-05-07,KC,CLE,H,663738,Daniel Lynch IV,RELIEF_OR_BULK,1.0,14.0,4.0,3.0,14.0,14.0,4.0,4.0,False,False,15,4,3,0,0,0,0,2,0,,,,,,,,https://github.com/geo2343/depuracion-mlb-kernel/blob/main/runtime/hbm26_v29_sheet01_0507.csv,QA_VALIDATED_PBP_V29,RELIEF_OR_BULK,MLB,False
824117-671922,824117,2026-05-07,CLE,KC,A,671922,Cade Smith,RELIEF_OR_BULK,0.0,16.0,4.0,3.0,16.0,16.0,4.0,4.0,True,False,16,3,3,0,0,0,0,2,0,,,,,,,,https://github.com/geo2343/depuracion-mlb-kernel/blob/main/runtime/hbm26_v29_sheet01_0507.csv,QA_VALIDATED_PBP_V29,RELIEF_OR_BULK,MLB,False
824117-672021,824117,2026-05-07,KC,CLE,H,672021,Eric Cerantola,RELIEF_OR_BULK,0.0,19.0,4.0,3.0,19.0,19.0,4.0,4.0,True,False,44,10,6,3,3,1,3,3,1,,,,,,,,https://github.com/geo2343/depuracion-mlb-kernel/blob/main/runtime/hbm26_v29_sheet01_0507.csv,QA_VALIDATED_PBP_V29,RELIEF_OR_BULK,MLB,False
824117-681870,824117,2026-05-07,CLE,KC,A,681870,Erik Sabrowski,RELIEF_OR_BULK,0.0,20.0,5.0,4.0,20.0,20.0,5.0,5.0,True,False,6,1,1,0,0,0,0,1,0,,,,,,,,https://github.com/geo2343/depuracion-mlb-kernel/blob/main/runtime/hbm26_v29_sheet01_0507.csv,QA_VALIDATED_PBP_V29,RELIEF_OR_BULK,MLB,False
824117-682120,824117,2026-05-07,CLE,KC,A,682120,Tim Herrin,RELIEF_OR_BULK,4.0,15.0,4.0,3.0,0.0,0.0,0.0,0.0,False,False,12,3,1,0,0,1,1,0,0,,,,,,,,https://github.com/geo2343/depuracion-mlb-kernel/blob/main/runtime/hbm26_v29_sheet01_0507.csv,QA_VALIDATED_PBP_V29,RELIEF_OR_BULK,MLB,False
824117-683232,824117,2026-05-07,KC,CLE,H,683232,Nick Mears,RELIEF_OR_BULK,1.0,8.0,3.0,3.0,8.0,8.0,3.0,3.0,False,False,23,4,3,0,0,2,0,0,0,,,,,,,,https://github.com/geo2343/depuracion-mlb-kernel/blob/main/runtime/hbm26_v29_sheet01_0507.csv,QA_VALIDATED_PBP_V29,RELIEF_OR_BULK,MLB,False
824117-683769,824117,2026-05-07,CLE,KC,A,683769,Hunter Gaddis,RELIEF_OR_BULK,0.0,9.0,3.0,2.0,9.0,9.0,3.0,3.0,True,False,10,5,2,1,1,3,0,0,0,,,,,,,,https://github.com/geo2343/depuracion-mlb-kernel/blob/main/runtime/hbm26_v29_sheet01_0507.csv,QA_VALIDATED_PBP_V29,RELIEF_OR_BULK,MLB,False
824681-663423,824681,2026-05-07,CHC,CIN,H,663423,Trent Thornton,RELIEF_OR_BULK,0.0,6.0,2.0,3.0,6.0,6.0,2.0,2.0,True,False,26,5,3,0,0,1,1,0,0,,,,,,,,https://github.com/geo2343/depuracion-mlb-kernel/blob/main/runtime/hbm26_v29_sheet01_0507.csv,QA_VALIDATED_PBP_V29,RELIEF_OR_BULK,MLB,False
824681-668970,824681,2026-05-07,CHC,CIN,H,668970,Gavin Hollowell,RELIEF_OR_BULK,,,,,,,,,,,49,11,5,2,2,2,4,1,1,,,,,,,,https://github.com/geo2343/depuracion-mlb-kernel/blob/main/runtime/hbm26_v29_sheet01_0507.csv,QA_VALIDATED_PBP_V29,,,
824681-682825,824681,2026-05-07,CIN,CHC,A,682825,Luis Mey,RELIEF_OR_BULK,5.0,27.0,4.0,3.0,0.0,0.0,0.0,0.0,False,False,39,9,6,0,0,1,1,1,0,,,,,,,,https://github.com/geo2343/depuracion-mlb-kernel/blob/main/runtime/hbm26_v29_sheet01_0507.csv,QA_VALIDATED_PBP_V29,RELIEF_OR_BULK,MLB,False
824681-683175,824681,2026-05-07,CIN,CHC,A,683175,Connor Phillips,RELIEF_OR_BULK,1.0,28.0,7.0,4.0,28.0,28.0,7.0,7.0,False,False,27,8,3,5,5,4,1,0,0,,,,,,,,https://github.com/geo2343/depuracion-mlb-kernel/blob/main/runtime/hbm26_v29_sheet01_0507.csv,QA_VALIDATED_PBP_V29,RELIEF_OR_BULK,MLB,False
824681-683742,824681,2026-05-07,CIN,CHC,A,683742,Jose Franco,RELIEF_OR_BULK,1.0,22.0,5.0,3.0,22.0,22.0,5.0,5.0,False,False,23,8,6,0,0,1,1,1,0,,,,,,,,https://github.com/geo2343/depuracion-mlb-kernel/blob/main/runtime/hbm26_v29_sheet01_0507.csv,QA_VALIDATED_PBP_V29,RELIEF_OR_BULK,MLB,False
824681-694037,824681,2026-05-07,CHC,CIN,H,694037,Daniel Palencia,RELIEF_OR_BULK,1.0,15.0,4.0,3.0,15.0,15.0,4.0,4.0,False,False,7,1,1,0,0,0,0,1,0,,,,,,,,https://github.com/geo2343/depuracion-mlb-kernel/blob/main/runtime/hbm26_v29_sheet01_0507.csv,QA_VALIDATED_PBP_V29,RELIEF_OR_BULK,MLB,False
824362-518886,824362,2026-05-07,NYM,COL,A,518886,Craig Kimbrel,RELIEF_OR_BULK,2.0,15.0,4.0,3.0,0.0,15.0,0.0,4.0,False,False,29,7,3,4,4,3,1,2,1,,,,,,,,https://github.com/geo2343/depuracion-mlb-kernel/blob/main/runtime/hbm26_v29_sheet01_0507.csv,QA_VALIDATED_PBP_V29,RELIEF_OR_BULK,MLB,False
824362-622608,824362,2026-05-07,COL,NYM,H,622608,Antonio Senzatela,RELIEF_OR_BULK,3.0,42.0,11.0,8.0,0.0,0.0,0.0,0.0,False,False,23,8,6,0,0,1,1,2,0,,,,,,,,https://github.com/geo2343/depuracion-mlb-kernel/blob/main/runtime/hbm26_v29_sheet01_0507.csv,QA_VALIDATED_PBP_V29,RELIEF_OR_BULK,MLB,False
824362-623211,824362,2026-05-07,NYM,COL,A,623211,Huascar Brazobán,RELIEF_OR_BULK,2.0,11.0,4.0,3.0,0.0,11.0,0.0,4.0,False,False,25,6,3,1,1,1,2,1,0,,,,,,,,https://github.com/geo2343/depuracion-mlb-kernel/blob/main/runtime/hbm26_v29_sheet01_0507.csv,QA_VALIDATED_PBP_V29,STARTER,MLB,False
824362-657514,824362,2026-05-07,COL,NYM,H,657514,Brennan Bernardino,RELIEF_OR_BULK,2.0,10.0,3.0,3.0,0.0,10.0,0.0,3.0,False,False,4,1,1,0,0,0,0,0,0,,,,,,,,https://github.com/geo2343/depuracion-mlb-kernel/blob/main/runtime/hbm26_v29_sheet01_0507.csv,QA_VALIDATED_PBP_V29,RELIEF_OR_BULK,MLB,False
824362-675848,824362,2026-05-07,COL,NYM,H,675848,Juan Mejia,RELIEF_OR_BULK,2.0,23.0,6.0,6.0,0.0,23.0,0.0,6.0,False,False,21,5,3,0,0,0,2,2,0,,,,,,,,https://github.com/geo2343/depuracion-mlb-kernel/blob/main/runtime/hbm26_v29_sheet01_0507.csv,QA_VALIDATED_PBP_V29,RELIEF_OR_BULK,MLB,False
824362-681810,824362,2026-05-07,NYM,COL,A,681810,Austin Warren,RELIEF_OR_BULK,2.0,24.0,7.0,6.0,0.0,24.0,0.0,7.0,False,False,21,5,4,0,0,0,2,1,0,,,,,,,,https://github.com/geo2343/depuracion-mlb-kernel/blob/main/runtime/hbm26_v29_sheet01_0507.csv,QA_VALIDATED_PBP_V29,RELIEF_OR_BULK,MLB,False
825090-623149,825090,2026-05-07,AZ,PIT,H,623149,Paul Sewald,RELIEF_OR_BULK,3.0,8.0,2.0,2.0,0.0,0.0,0.0,0.0,False,False,19,4,3,0,0,0,1,0,0,,,,,,,,https://github.com/geo2343/depuracion-mlb-kernel/blob/main/runtime/hbm26_v29_sheet01_0507.csv,QA_VALIDATED_PBP_V29,RELIEF_OR_BULK,MLB,False
825090-642397,825090,2026-05-07,PIT,AZ,A,642397,Gregory Soto,RELIEF_OR_BULK,0.0,15.0,4.0,3.0,15.0,15.0,4.0,4.0,True,False,14,3,3,0,0,0,0,1,0,,,,,,,,https://github.com/geo2343/depuracion-mlb-kernel/blob/main/runtime/hbm26_v29_sheet01_0507.csv,QA_VALIDATED_PBP_V29,RELIEF_OR_BULK,MLB,False
825090-642701,825090,2026-05-07,PIT,AZ,A,642701,Dennis Santana,RELIEF_OR_BULK,1.0,15.0,6.0,3.0,15.0,15.0,6.0,6.0,False,False,13,3,3,0,0,0,1,0,0,,,,,,,,https://github.com/geo2343/depuracion-mlb-kernel/blob/main/runtime/hbm26_v29_sheet01_0507.csv,QA_VALIDATED_PBP_V29,RELIEF_OR_BULK,MLB,False
825090-657044,825090,2026-05-07,AZ,PIT,H,657044,Ryan Thompson,RELIEF_OR_BULK,3.0,4.0,2.0,2.0,0.0,0.0,0.0,0.0,False,False,9,3,3,0,0,0,0,2,0,,,,,,,,https://github.com/geo2343/depuracion-mlb-kernel/blob/main/runtime/hbm26_v29_sheet01_0507.csv,QA_VALIDATED_PBP_V29,RELIEF_OR_BULK,MLB,False
825090-676755,825090,2026-05-07,PIT,AZ,A,676755,Isaac Mattson,RELIEF_OR_BULK,6.0,31.0,7.0,2.0,0.0,0.0,0.0,0.0,False,False,6,1,1,0,0,0,0,1,0,,,,,,,,https://github.com/geo2343/depuracion-mlb-kernel/blob/main/runtime/hbm26_v29_sheet01_0507.csv,QA_VALIDATED_PBP_V29,RELIEF_OR_BULK,MLB,False
825090-682254,825090,2026-05-07,PIT,AZ,A,682254,Mason Montgomery,RELIEF_OR_BULK,6.0,12.0,4.0,3.0,0.0,0.0,0.0,0.0,False,False,16,4,2,0,0,1,1,0,0,,,,,,,,https://github.com/geo2343/depuracion-mlb-kernel/blob/main/runtime/hbm26_v29_sheet01_0507.csv,QA_VALIDATED_PBP_V29,RELIEF_OR_BULK,MLB,False
825090-805299,825090,2026-05-07,AZ,PIT,H,805299,Brandyn Garcia,RELIEF_OR_BULK,1.0,11.0,3.0,3.0,11.0,11.0,3.0,3.0,False,False,12,3,3,0,0,1,0,1,0,,,,,,,,https://github.com/geo2343/depuracion-mlb-kernel/blob/main/runtime/hbm26_v29_sheet01_0507.csv,QA_VALIDATED_PBP_V29,RELIEF_OR_BULK,MLB,False
823467-621139,823467,2026-05-07,ATH,PHI,A,621139,Brooks Kriske,RELIEF_OR_BULK,,,,,,,,,,,14,5,3,0,0,2,0,1,0,,,,,,,,https://github.com/geo2343/depuracion-mlb-kernel/blob/main/runtime/hbm26_v29_sheet01_0507.csv,QA_VALIDATED_PBP_V29,,,
823467-621383,823467,2026-05-07,PHI,ATH,H,621383,Tanner Banks,RELIEF_OR_BULK,2.0,18.0,4.0,3.0,0.0,18.0,0.0,4.0,False,False,35,9,4,2,2,4,1,2,0,,,,,,,,https://github.com/geo2343/depuracion-mlb-kernel/blob/main/runtime/hbm26_v29_sheet01_0507.csv,QA_VALIDATED_PBP_V29,RELIEF_OR_BULK,MLB,False
823467-663767,823467,2026-05-07,PHI,ATH,H,663767,Chase Shugart,RELIEF_OR_BULK,3.0,15.0,5.0,5.0,0.0,0.0,0.0,0.0,False,False,44,9,6,2,2,2,1,2,1,,,,,,,,https://github.com/geo2343/depuracion-mlb-kernel/blob/main/runtime/hbm26_v29_sheet01_0507.csv,QA_VALIDATED_PBP_V29,RELIEF_OR_BULK,MLB,False
823467-680742,823467,2026-05-07,PHI,ATH,H,680742,Jonathan Bowlan,RELIEF_OR_BULK,5.0,31.0,5.0,2.0,0.0,0.0,0.0,0.0,False,False,11,3,3,0,0,0,0,1,0,,,,,,,,https://github.com/geo2343/depuracion-mlb-kernel/blob/main/runtime/hbm26_v29_sheet01_0507.csv,QA_VALIDATED_PBP_V29,RELIEF_OR_BULK,MLB,False
823870-552640,823870,2026-05-07,BAL,MIA,A,552640,Andrew Kittredge,RELIEF_OR_BULK,1.0,20.0,4.0,2.0,20.0,20.0,4.0,4.0,False,False,11,4,2,1,0,1,0,1,0,,,,,,,,https://github.com/geo2343/depuracion-mlb-kernel/blob/main/runtime/hbm26_v29_sheet01_0507.csv,QA_VALIDATED_PBP_V29,RELIEF_OR_BULK,MLB,False
823870-608650,823870,2026-05-07,BAL,MIA,A,608650,Dietrich Enns,RELIEF_OR_BULK,3.0,13.0,4.0,2.0,0.0,0.0,0.0,0.0,False,False,19,7,6,0,0,0,1,1,0,,,,,,,,https://github.com/geo2343/depuracion-mlb-kernel/blob/main/runtime/hbm26_v29_sheet01_0507.csv,QA_VALIDATED_PBP_V29,RELIEF_OR_BULK,MLB,False
823870-656848,823870,2026-05-07,MIA,BAL,H,656848,Michael Petersen,RELIEF_OR_BULK,1.0,17.0,3.0,3.0,17.0,17.0,3.0,3.0,False,False,10,3,3,0,0,0,0,1,0,,,,,,,,https://github.com/geo2343/depuracion-mlb-kernel/blob/main/runtime/hbm26_v29_sheet01_0507.csv,QA_VALIDATED_PBP_V29,RELIEF_OR_BULK,MLB,False
823870-666974,823870,2026-05-07,BAL,MIA,A,666974,Yennier Cano,RELIEF_OR_BULK,2.0,9.0,3.0,2.0,0.0,9.0,0.0,3.0,False,False,23,6,6,0,0,0,0,0,0,,,,,,,,https://github.com/geo2343/depuracion-mlb-kernel/blob/main/runtime/hbm26_v29_sheet01_0507.csv,QA_VALIDATED_PBP_V29,RELIEF_OR_BULK,MLB,False
823870-669211,823870,2026-05-07,BAL,MIA,A,669211,Keegan Akin,RELIEF_OR_BULK,1.0,8.0,3.0,3.0,8.0,15.0,3.0,5.0,False,False,24,5,3,0,0,2,0,1,0,,,,,,,,https://github.com/geo2343/depuracion-mlb-kernel/blob/main/runtime/hbm26_v29_sheet01_0507.csv,QA_VALIDATED_PBP_V29,RELIEF_OR_BULK,MLB,False
823870-676534,823870,2026-05-07,MIA,BAL,H,676534,Calvin Faucher,RELIEF_OR_BULK,2.0,15.0,4.0,3.0,0.0,15.0,0.0,4.0,False,False,13,4,3,0,0,1,0,1,0,,,,,,,,https://github.com/geo2343/depuracion-mlb-kernel/blob/main/runtime/hbm26_v29_sheet01_0507.csv,QA_VALIDATED_PBP_V29,RELIEF_OR_BULK,MLB,False
823870-677053,823870,2026-05-07,MIA,BAL,H,677053,Andrew Nardi,RELIEF_OR_BULK,1.0,22.0,7.0,3.0,22.0,22.0,7.0,7.0,False,False,12,3,3,0,0,0,0,1,0,,,,,,,,https://github.com/geo2343/depuracion-mlb-kernel/blob/main/runtime/hbm26_v29_sheet01_0507.csv,QA_VALIDATED_PBP_V29,RELIEF_OR_BULK,MLB,False
823870-694795,823870,2026-05-07,MIA,BAL,H,694795,Josh Ekness,RELIEF_OR_BULK,1.0,15.0,3.0,3.0,15.0,15.0,3.0,3.0,False,False,24,5,3,1,1,2,1,0,0,,,,,,,,https://github.com/geo2343/depuracion-mlb-kernel/blob/main/runtime/hbm26_v29_sheet01_0507.csv,QA_VALIDATED_PBP_V29,RELIEF_OR_BULK,MLB,False
824767-642121,824767,2026-05-07,TB,BOS,A,642121,Cole Sulser,RELIEF_OR_BULK,1.0,12.0,3.0,3.0,12.0,22.0,3.0,6.0,False,False,17,3,3,0,0,0,0,1,0,,,,,,,,https://github.com/geo2343/depuracion-mlb-kernel/blob/main/runtime/hbm26_v29_sheet01_0507.csv,QA_VALIDATED_PBP_V29,RELIEF_OR_BULK,MLB,False
824767-664076,824767,2026-05-07,TB,BOS,A,664076,Garrett Cleavinger,RELIEF_OR_BULK,0.0,5.0,1.0,1.0,5.0,5.0,1.0,1.0,True,False,14,4,3,1,1,2,0,1,0,,,,,,,,https://github.com/geo2343/depuracion-mlb-kernel/blob/main/runtime/hbm26_v29_sheet01_0507.csv,QA_VALIDATED_PBP_V29,RELIEF_OR_BULK,MLB,False
824767-669711,824767,2026-05-07,BOS,TB,H,669711,Greg Weissert,RELIEF_OR_BULK,0.0,11.0,3.0,3.0,11.0,11.0,3.0,3.0,True,False,11,3,0,1,1,2,1,0,0,,,,,,,,https://github.com/geo2343/depuracion-mlb-kernel/blob/main/runtime/hbm26_v29_sheet01_0507.csv,QA_VALIDATED_PBP_V29,RELIEF_OR_BULK,MLB,False
824767-670245,824767,2026-05-07,BOS,TB,H,670245,Ryan Watson,RELIEF_OR_BULK,4.0,39.0,13.0,9.0,0.0,0.0,0.0,0.0,False,False,51,15,9,3,3,5,1,2,1,,,,,,,,https://github.com/geo2343/depuracion-mlb-kernel/blob/main/runtime/hbm26_v29_sheet01_0507.csv,QA_VALIDATED_PBP_V29,RELIEF_OR_BULK,MLB,False
824767-685801,824767,2026-05-07,TB,BOS,A,685801,Hunter Bigge,RELIEF_OR_BULK,1.0,18.0,4.0,3.0,18.0,18.0,4.0,4.0,False,False,26,6,6,0,0,0,0,1,0,,,,,,,,https://github.com/geo2343/depuracion-mlb-kernel/blob/main/runtime/hbm26_v29_sheet01_0507.csv,QA_VALIDATED_PBP_V29,RELIEF_OR_BULK,MLB,False
824767-687330,824767,2026-05-07,TB,BOS,A,687330,Kevin Kelly,RELIEF_OR_BULK,0.0,14.0,5.0,3.0,14.0,21.0,5.0,7.0,True,False,12,4,3,0,0,1,0,0,0,,,,,,,,https://github.com/geo2343/depuracion-mlb-kernel/blob/main/runtime/hbm26_v29_sheet01_0507.csv,QA_VALIDATED_PBP_V29,RELIEF_OR_BULK,MLB,False
824767-701719,824767,2026-05-07,BOS,TB,H,701719,Tyler Samaniego,RELIEF_OR_BULK,0.0,31.0,7.0,6.0,31.0,31.0,7.0,7.0,True,False,6,2,2,0,0,0,0,0,0,,,,,,,,https://github.com/geo2343/depuracion-mlb-kernel/blob/main/runtime/hbm26_v29_sheet01_0507.csv,QA_VALIDATED_PBP_V29,RELIEF_OR_BULK,MLB,False
823306-592094,823306,2026-05-07,SD,STL,H,592094,Jason Adam,RELIEF_OR_BULK,1.0,9.0,3.0,3.0,9.0,9.0,3.0,3.0,False,False,23,5,3,0,0,1,1,0,0,,,,,,,,https://github.com/geo2343/depuracion-mlb-kernel/blob/main/runtime/hbm26_v29_sheet01_0507.csv,QA_VALIDATED_PBP_V29,RELIEF_OR_BULK,MLB,False
823306-593974,823306,2026-05-07,SD,STL,H,593974,Wandy Peralta,RELIEF_OR_BULK,2.0,13.0,4.0,2.0,0.0,13.0,0.0,4.0,False,False,14,4,3,0,0,1,2,0,0,,,,,,,,https://github.com/geo2343/depuracion-mlb-kernel/blob/main/runtime/hbm26_v29_sheet01_0507.csv,QA_VALIDATED_PBP_V29,RELIEF_OR_BULK,MLB,False
823306-666277,823306,2026-05-07,STL,SD,A,666277,George Soriano,RELIEF_OR_BULK,2.0,18.0,4.0,2.0,0.0,18.0,0.0,4.0,False,False,12,3,3,0,0,1,0,1,0,,,,,,,,https://github.com/geo2343/depuracion-mlb-kernel/blob/main/runtime/hbm26_v29_sheet01_0507.csv,QA_VALIDATED_PBP_V29,RELIEF_OR_BULK,MLB,False
823306-668941,823306,2026-05-07,STL,SD,A,668941,JoJo Romero,RELIEF_OR_BULK,2.0,16.0,4.0,3.0,0.0,16.0,0.0,4.0,False,False,7,3,3,0,0,0,0,1,0,,,,,,,,https://github.com/geo2343/depuracion-mlb-kernel/blob/main/runtime/hbm26_v29_sheet01_0507.csv,QA_VALIDATED_PBP_V29,RELIEF_OR_BULK,MLB,False
823306-676617,823306,2026-05-07,STL,SD,A,676617,Riley O'Brien,RELIEF_OR_BULK,2.0,3.0,2.0,2.0,0.0,3.0,0.0,2.0,False,False,10,3,3,0,0,0,0,1,0,,,,,,,,https://github.com/geo2343/depuracion-mlb-kernel/blob/main/runtime/hbm26_v29_sheet01_0507.csv,QA_VALIDATED_PBP_V29,RELIEF_OR_BULK,MLB,False
823306-699134,823306,2026-05-07,SD,STL,H,699134,Bradgley Rodriguez,RELIEF_OR_BULK,0.0,7.0,3.0,3.0,7.0,23.0,3.0,7.0,True,False,17,5,3,1,1,2,0,2,0,,,,,,,,https://github.com/geo2343/depuracion-mlb-kernel/blob/main/runtime/hbm26_v29_sheet01_0507.csv,QA_VALIDATED_PBP_V29,STARTER,MLB,False
