pitcher_id,pbp_pitches,entry_inning,first_play_index,last_play_index,first_pitch_row,last_pitch_row,entry_half,game_pk,pbp_source,fallback_used,date,game_date_time,team,opp,home_away,pitcher_name,is_starter,role,boxscore_np,bf,outs,r,er,h,bb,k,hr,boxscore_source,_merge,pitch_count_match,primary_position,primary_position_name,pitcher_class,line_stats_match,qa_status
571945,55,1,0,24,1,91,Top,822753,https://raw.githubusercontent.com/lancebroz/mlb-pitcher-data/main/data/raw/2026/daily/2026-04-08.parquet,False,2026-04-08,2026-04-08T20:05:00Z,WSH,STL,H,Miles Mikolas,True,STARTER,55,17,9,2,2,5,3,3,0,https://statsapi.mlb.com/api/v1.1/game/822753/feed/live,both,True,P,Pitcher,STARTER/OPENER/BULK,True,QA_VALIDATED_CANONICAL_V3
669371,43,8,57,66,238,285,Top,822753,https://raw.githubusercontent.com/lancebroz/mlb-pitcher-data/main/data/raw/2026/daily/2026-04-08.parquet,False,2026-04-08,2026-04-08T20:05:00Z,WSH,STL,H,Cole Henry,False,RELIEF_OR_BULK,43,7,5,2,2,0,1,3,0,https://statsapi.mlb.com/api/v1.1/game/822753/feed/live,both,True,P,Pitcher,BULLPEN_PITCHER,True,QA_VALIDATED_CANONICAL_V3
672335,24,7,48,52,199,222,Top,822753,https://raw.githubusercontent.com/lancebroz/mlb-pitcher-data/main/data/raw/2026/daily/2026-04-08.parquet,False,2026-04-08,2026-04-08T20:05:00Z,WSH,STL,H,Cionel Pérez,False,RELIEF_OR_BULK,24,5,3,1,1,1,2,1,0,https://statsapi.mlb.com/api/v1.1/game/822753/feed/live,both,True,P,Pitcher,BULLPEN_PITCHER,True,QA_VALIDATED_CANONICAL_V3
676571,15,9,67,69,286,300,Top,822753,https://raw.githubusercontent.com/lancebroz/mlb-pitcher-data/main/data/raw/2026/daily/2026-04-08.parquet,False,2026-04-08,2026-04-08T20:05:00Z,WSH,STL,H,PJ Poulin,False,RELIEF_OR_BULK,15,3,1,0,0,1,1,0,0,https://statsapi.mlb.com/api/v1.1/game/822753/feed/live,both,True,P,Pitcher,BULLPEN_PITCHER,True,QA_VALIDATED_CANONICAL_V3
676617,15,9,70,72,301,315,Bot,822753,https://raw.githubusercontent.com/lancebroz/mlb-pitcher-data/main/data/raw/2026/daily/2026-04-08.parquet,False,2026-04-08,2026-04-08T20:05:00Z,STL,WSH,A,Riley O'Brien,False,RELIEF_OR_BULK,15,3,3,0,0,0,0,0,0,https://statsapi.mlb.com/api/v1.1/game/822753/feed/live,both,True,P,Pitcher,BULLPEN_PITCHER,True,QA_VALIDATED_CANONICAL_V3
677865,2,8,62,62,260,261,Bot,822753,https://raw.githubusercontent.com/lancebroz/mlb-pitcher-data/main/data/raw/2026/daily/2026-04-08.parquet,False,2026-04-08,2026-04-08T20:05:00Z,STL,WSH,A,Justin Bruihl,False,RELIEF_OR_BULK,2,1,1,0,0,0,0,0,0,https://statsapi.mlb.com/api/v1.1/game/822753/feed/live,both,True,P,Pitcher,BULLPEN_PITCHER,True,QA_VALIDATED_CANONICAL_V3
694335,18,7,53,61,223,259,Bot,822753,https://raw.githubusercontent.com/lancebroz/mlb-pitcher-data/main/data/raw/2026/daily/2026-04-08.parquet,False,2026-04-08,2026-04-08T20:05:00Z,STL,WSH,A,Matt Svanson,False,RELIEF_OR_BULK,18,6,5,0,0,0,1,1,0,https://statsapi.mlb.com/api/v1.1/game/822753/feed/live,both,True,P,Pitcher,BULLPEN_PITCHER,True,QA_VALIDATED_CANONICAL_V3
695418,52,4,29,44,106,179,Top,822753,https://raw.githubusercontent.com/lancebroz/mlb-pitcher-data/main/data/raw/2026/daily/2026-04-08.parquet,False,2026-04-08,2026-04-08T20:05:00Z,WSH,STL,H,Brad Lord,False,RELIEF_OR_BULK,52,10,9,1,1,1,0,2,1,https://statsapi.mlb.com/api/v1.1/game/822753/feed/live,both,True,P,Pitcher,BULLPEN_PITCHER,True,QA_VALIDATED_CANONICAL_V3
700241,91,1,6,47,18,198,Bot,822753,https://raw.githubusercontent.com/lancebroz/mlb-pitcher-data/main/data/raw/2026/daily/2026-04-08.parquet,False,2026-04-08,2026-04-08T20:05:00Z,STL,WSH,A,Michael McGreevy,True,STARTER,91,21,18,1,1,4,0,1,0,https://statsapi.mlb.com/api/v1.1/game/822753/feed/live,both,True,P,Pitcher,STARTER/OPENER/BULK,True,QA_VALIDATED_CANONICAL_V3
666277,20,8,71,81,297,331,Bot,822754,https://raw.githubusercontent.com/lancebroz/mlb-pitcher-data/main/data/raw/2026/daily/2026-04-07.parquet,False,2026-04-07,2026-04-07T22:45:00Z,STL,WSH,A,George Soriano,False,RELIEF_OR_BULK,20,6,6,0,0,0,0,3,0,https://statsapi.mlb.com/api/v1.1/game/822754/feed/live,both,True,P,Pitcher,BULLPEN_PITCHER,True,QA_VALIDATED_CANONICAL_V3
669371,16,10,82,86,332,347,Top,822754,https://raw.githubusercontent.com/lancebroz/mlb-pitcher-data/main/data/raw/2026/daily/2026-04-07.parquet,False,2026-04-07,2026-04-07T22:45:00Z,WSH,STL,H,Cole Henry,False,RELIEF_OR_BULK,16,5,3,2,1,2,0,1,0,https://statsapi.mlb.com/api/v1.1/game/822754/feed/live,both,True,P,Pitcher,BULLPEN_PITCHER,True,QA_VALIDATED_CANONICAL_V3
669461,92,1,6,46,29,193,Bot,822754,https://raw.githubusercontent.com/lancebroz/mlb-pitcher-data/main/data/raw/2026/daily/2026-04-07.parquet,False,2026-04-07,2026-04-07T22:45:00Z,STL,WSH,A,Matthew Liberatore,True,STARTER,92,25,15,4,4,9,2,6,2,https://statsapi.mlb.com/api/v1.1/game/822754/feed/live,both,True,P,Pitcher,STARTER/OPENER/BULK,True,QA_VALIDATED_CANONICAL_V3
676571,27,6,51,61,213,260,Top,822754,https://raw.githubusercontent.com/lancebroz/mlb-pitcher-data/main/data/raw/2026/daily/2026-04-07.parquet,False,2026-04-07,2026-04-07T22:45:00Z,WSH,STL,H,PJ Poulin,False,RELIEF_OR_BULK,27,6,4,1,1,1,2,2,1,https://statsapi.mlb.com/api/v1.1/game/822754/feed/live,both,True,P,Pitcher,BULLPEN_PITCHER,True,QA_VALIDATED_CANONICAL_V3
676617,16,10,87,90,348,363,Bot,822754,https://raw.githubusercontent.com/lancebroz/mlb-pitcher-data/main/data/raw/2026/daily/2026-04-07.parquet,False,2026-04-07,2026-04-07T22:45:00Z,STL,WSH,A,Riley O'Brien,False,RELIEF_OR_BULK,16,4,3,1,0,0,0,2,0,https://statsapi.mlb.com/api/v1.1/game/822754/feed/live,both,True,P,Pitcher,BULLPEN_PITCHER,True,QA_VALIDATED_CANONICAL_V3
676917,94,1,0,37,1,164,Top,822754,https://raw.githubusercontent.com/lancebroz/mlb-pitcher-data/main/data/raw/2026/daily/2026-04-07.parquet,False,2026-04-07,2026-04-07T22:45:00Z,WSH,STL,H,Cade Cavalli,True,STARTER,94,20,14,2,1,4,4,3,0,https://statsapi.mlb.com/api/v1.1/game/822754/feed/live,both,True,P,Pitcher,STARTER/OPENER/BULK,True,QA_VALIDATED_CANONICAL_V3
681402,22,8,66,70,275,296,Top,822754,https://raw.githubusercontent.com/lancebroz/mlb-pitcher-data/main/data/raw/2026/daily/2026-04-07.parquet,False,2026-04-07,2026-04-07T22:45:00Z,WSH,STL,H,Gus Varland,False,RELIEF_OR_BULK,22,5,3,2,2,1,1,1,1,https://statsapi.mlb.com/api/v1.1/game/822754/feed/live,both,True,P,Pitcher,BULLPEN_PITCHER,True,QA_VALIDATED_CANONICAL_V3
687606,26,5,38,50,165,212,Top,822754,https://raw.githubusercontent.com/lancebroz/mlb-pitcher-data/main/data/raw/2026/daily/2026-04-07.parquet,False,2026-04-07,2026-04-07T22:45:00Z,WSH,STL,H,Paxton Schultz,False,RELIEF_OR_BULK,26,6,3,0,0,1,1,1,0,https://statsapi.mlb.com/api/v1.1/game/822754/feed/live,both,True,P,Pitcher,BULLPEN_PITCHER,True,QA_VALIDATED_CANONICAL_V3
690925,15,9,74,78,306,320,Top,822754,https://raw.githubusercontent.com/lancebroz/mlb-pitcher-data/main/data/raw/2026/daily/2026-04-07.parquet,False,2026-04-07,2026-04-07T22:45:00Z,WSH,STL,H,Clayton Beeter,False,RELIEF_OR_BULK,15,5,3,0,0,0,2,0,0,https://statsapi.mlb.com/api/v1.1/game/822754/feed/live,both,True,P,Pitcher,BULLPEN_PITCHER,True,QA_VALIDATED_CANONICAL_V3
700669,35,6,53,65,222,274,Bot,822754,https://raw.githubusercontent.com/lancebroz/mlb-pitcher-data/main/data/raw/2026/daily/2026-04-07.parquet,False,2026-04-07,2026-04-07T22:45:00Z,STL,WSH,A,Gordon Graceffo,False,RELIEF_OR_BULK,35,9,6,1,1,1,2,2,0,https://statsapi.mlb.com/api/v1.1/game/822754/feed/live,both,True,P,Pitcher,BULLPEN_PITCHER,True,QA_VALIDATED_CANONICAL_V3
592773,23,7,62,74,231,287,Bot,822755,https://raw.githubusercontent.com/lancebroz/mlb-pitcher-data/main/data/raw/2026/daily/2026-04-06.parquet,False,2026-04-06,2026-04-06T22:45:00Z,STL,WSH,A,Ryne Stanek,False,RELIEF_OR_BULK,23,5,2,3,3,3,0,1,1,https://statsapi.mlb.com/api/v1.1/game/822755/feed/live,both,True,P,Pitcher,BULLPEN_PITCHER,True,QA_VALIDATED_CANONICAL_V3
641793,70,1,0,39,1,141,Top,822755,https://raw.githubusercontent.com/lancebroz/mlb-pitcher-data/main/data/raw/2026/daily/2026-04-06.parquet,False,2026-04-06,2026-04-06T22:45:00Z,WSH,STL,H,Zack Littell,True,STARTER,70,22,15,1,1,4,3,6,0,https://statsapi.mlb.com/api/v1.1/game/822755/feed/live,both,True,P,Pitcher,STARTER/OPENER/BULK,True,QA_VALIDATED_CANONICAL_V3
668941,21,6,54,61,199,230,Bot,822755,https://raw.githubusercontent.com/lancebroz/mlb-pitcher-data/main/data/raw/2026/daily/2026-04-06.parquet,False,2026-04-06,2026-04-06T22:45:00Z,STL,WSH,A,JoJo Romero,False,RELIEF_OR_BULK,21,5,3,0,0,2,1,0,0,https://statsapi.mlb.com/api/v1.1/game/822755/feed/live,both,True,P,Pitcher,BULLPEN_PITCHER,True,QA_VALIDATED_CANONICAL_V3
669467,88,1,4,43,17,158,Bot,822755,https://raw.githubusercontent.com/lancebroz/mlb-pitcher-data/main/data/raw/2026/daily/2026-04-06.parquet,False,2026-04-06,2026-04-06T22:45:00Z,STL,WSH,A,Andre Pallante,True,STARTER,88,22,15,2,2,3,4,2,0,https://statsapi.mlb.com/api/v1.1/game/822755/feed/live,both,True,P,Pitcher,STARTER/OPENER/BULK,True,QA_VALIDATED_CANONICAL_V3
672335,21,9,80,83,301,321,Top,822755,https://raw.githubusercontent.com/lancebroz/mlb-pitcher-data/main/data/raw/2026/daily/2026-04-06.parquet,False,2026-04-06,2026-04-06T22:45:00Z,WSH,STL,H,Cionel Pérez,False,RELIEF_OR_BULK,21,4,3,0,0,1,0,0,0,https://statsapi.mlb.com/api/v1.1/game/822755/feed/live,both,True,P,Pitcher,BULLPEN_PITCHER,True,QA_VALIDATED_CANONICAL_V3
677865,23,6,49,53,176,198,Bot,822755,https://raw.githubusercontent.com/lancebroz/mlb-pitcher-data/main/data/raw/2026/daily/2026-04-06.parquet,False,2026-04-06,2026-04-06T22:45:00Z,STL,WSH,A,Justin Bruihl,False,RELIEF_OR_BULK,23,5,2,1,1,1,2,0,0,https://statsapi.mlb.com/api/v1.1/game/822755/feed/live,both,True,P,Pitcher,BULLPEN_PITCHER,True,QA_VALIDATED_CANONICAL_V3
686610,33,6,44,64,159,239,Top,822755,https://raw.githubusercontent.com/lancebroz/mlb-pitcher-data/main/data/raw/2026/daily/2026-04-06.parquet,False,2026-04-06,2026-04-06T22:45:00Z,WSH,STL,H,Ken Waldichuk,False,RELIEF_OR_BULK,33,10,7,3,3,2,2,2,2,https://statsapi.mlb.com/api/v1.1/game/822755/feed/live,both,True,P,Pitcher,BULLPEN_PITCHER,True,QA_VALIDATED_CANONICAL_V3
694335,13,8,75,79,288,300,Bot,822755,https://raw.githubusercontent.com/lancebroz/mlb-pitcher-data/main/data/raw/2026/daily/2026-04-06.parquet,False,2026-04-06,2026-04-06T22:45:00Z,STL,WSH,A,Matt Svanson,False,RELIEF_OR_BULK,13,5,2,3,3,3,0,1,2,https://statsapi.mlb.com/api/v1.1/game/822755/feed/live,both,True,P,Pitcher,BULLPEN_PITCHER,True,QA_VALIDATED_CANONICAL_V3
701552,29,8,65,70,240,268,Top,822755,https://raw.githubusercontent.com/lancebroz/mlb-pitcher-data/main/data/raw/2026/daily/2026-04-06.parquet,False,2026-04-06,2026-04-06T22:45:00Z,WSH,STL,H,Andre Granillo,False,RELIEF_OR_BULK,29,6,2,2,2,2,2,0,0,https://statsapi.mlb.com/api/v1.1/game/822755/feed/live,both,True,P,Pitcher,BULLPEN_PITCHER,True,QA_VALIDATED_CANONICAL_V3
621242,13,9,78,80,321,333,Bot,822756,https://raw.githubusercontent.com/lancebroz/mlb-pitcher-data/main/data/raw/2026/daily/2026-04-05.parquet,False,2026-04-05,2026-04-05T17:35:00Z,LAD,WSH,A,Edwin Díaz,False,RELIEF_OR_BULK,13,3,3,0,0,0,0,1,0,https://statsapi.mlb.com/api/v1.1/game/822756/feed/live,both,True,P,Pitcher,BULLPEN_PITCHER,True,QA_VALIDATED_CANONICAL_V3
656492,95,1,0,41,1,174,Top,822756,https://raw.githubusercontent.com/lancebroz/mlb-pitcher-data/main/data/raw/2026/daily/2026-04-05.parquet,False,2026-04-05,2026-04-05T17:35:00Z,WSH,LAD,H,Foster Griffin,True,STARTER,95,22,15,1,1,5,3,6,1,https://statsapi.mlb.com/api/v1.1/game/822756/feed/live,both,True,P,Pitcher,STARTER/OPENER/BULK,True,QA_VALIDATED_CANONICAL_V3
656945,15,8,70,73,282,296,Bot,822756,https://raw.githubusercontent.com/lancebroz/mlb-pitcher-data/main/data/raw/2026/daily/2026-04-05.parquet,False,2026-04-05,2026-04-05T17:35:00Z,LAD,WSH,A,Tanner Scott,False,RELIEF_OR_BULK,15,4,3,0,0,1,0,1,0,https://statsapi.mlb.com/api/v1.1/game/822756/feed/live,both,True,P,Pitcher,BULLPEN_PITCHER,True,QA_VALIDATED_CANONICAL_V3
672335,20,8,62,66,253,272,Top,822756,https://raw.githubusercontent.com/lancebroz/mlb-pitcher-data/main/data/raw/2026/daily/2026-04-05.parquet,False,2026-04-05,2026-04-05T17:35:00Z,WSH,LAD,H,Cionel Pérez,False,RELIEF_OR_BULK,20,5,0,4,4,3,2,0,0,https://statsapi.mlb.com/api/v1.1/game/822756/feed/live,both,True,P,Pitcher,BULLPEN_PITCHER,True,QA_VALIDATED_CANONICAL_V3
676263,16,7,58,61,237,252,Bot,822756,https://raw.githubusercontent.com/lancebroz/mlb-pitcher-data/main/data/raw/2026/daily/2026-04-05.parquet,False,2026-04-05,2026-04-05T17:35:00Z,LAD,WSH,A,Jack Dreyer,False,RELIEF_OR_BULK,16,4,3,0,0,0,1,1,0,https://statsapi.mlb.com/api/v1.1/game/822756/feed/live,both,True,P,Pitcher,BULLPEN_PITCHER,True,QA_VALIDATED_CANONICAL_V3
676571,34,6,45,57,186,236,Top,822756,https://raw.githubusercontent.com/lancebroz/mlb-pitcher-data/main/data/raw/2026/daily/2026-04-05.parquet,False,2026-04-05,2026-04-05T17:35:00Z,WSH,LAD,H,PJ Poulin,False,RELIEF_OR_BULK,34,8,6,2,2,2,0,2,1,https://statsapi.mlb.com/api/v1.1/game/822756/feed/live,both,True,P,Pitcher,BULLPEN_PITCHER,True,QA_VALIDATED_CANONICAL_V3
681911,17,6,50,54,212,228,Bot,822756,https://raw.githubusercontent.com/lancebroz/mlb-pitcher-data/main/data/raw/2026/daily/2026-04-05.parquet,False,2026-04-05,2026-04-05T17:35:00Z,LAD,WSH,A,Alex Vesia,False,RELIEF_OR_BULK,17,5,3,0,0,1,1,0,0,https://statsapi.mlb.com/api/v1.1/game/822756/feed/live,both,True,P,Pitcher,BULLPEN_PITCHER,True,QA_VALIDATED_CANONICAL_V3
690925,25,8,67,76,273,312,Top,822756,https://raw.githubusercontent.com/lancebroz/mlb-pitcher-data/main/data/raw/2026/daily/2026-04-05.parquet,False,2026-04-05,2026-04-05T17:35:00Z,WSH,LAD,H,Clayton Beeter,False,RELIEF_OR_BULK,25,6,5,1,1,1,0,2,1,https://statsapi.mlb.com/api/v1.1/game/822756/feed/live,both,True,P,Pitcher,BULLPEN_PITCHER,True,QA_VALIDATED_CANONICAL_V3
701552,8,9,77,77,313,320,Top,822756,https://raw.githubusercontent.com/lancebroz/mlb-pitcher-data/main/data/raw/2026/daily/2026-04-05.parquet,False,2026-04-05,2026-04-05T17:35:00Z,WSH,LAD,H,Andre Granillo,False,RELIEF_OR_BULK,8,1,1,0,0,0,0,0,0,https://statsapi.mlb.com/api/v1.1/game/822756/feed/live,both,True,P,Pitcher,BULLPEN_PITCHER,True,QA_VALIDATED_CANONICAL_V3
808963,90,1,3,44,17,185,Bot,822756,https://raw.githubusercontent.com/lancebroz/mlb-pitcher-data/main/data/raw/2026/daily/2026-04-05.parquet,False,2026-04-05,2026-04-05T17:35:00Z,LAD,WSH,A,Roki Sasaki,True,STARTER,90,23,15,6,6,5,3,5,2,https://statsapi.mlb.com/api/v1.1/game/822756/feed/live,both,True,P,Pitcher,STARTER/OPENER/BULK,True,QA_VALIDATED_CANONICAL_V3
607192,101,1,7,57,29,235,Bot,822757,https://raw.githubusercontent.com/lancebroz/mlb-pitcher-data/main/data/raw/2026/daily/2026-04-04.parquet,False,2026-04-04,2026-04-04T20:05:00Z,LAD,WSH,A,Tyler Glasnow,True,STARTER,101,24,18,2,2,4,2,9,0,https://statsapi.mlb.com/api/v1.1/game/822757/feed/live,both,True,P,Pitcher,STARTER/OPENER/BULK,True,QA_VALIDATED_CANONICAL_V3
656945,14,7,63,66,255,268,Bot,822757,https://raw.githubusercontent.com/lancebroz/mlb-pitcher-data/main/data/raw/2026/daily/2026-04-04.parquet,False,2026-04-04,2026-04-04T20:05:00Z,LAD,WSH,A,Tanner Scott,False,RELIEF_OR_BULK,14,4,3,0,0,1,0,1,0,https://statsapi.mlb.com/api/v1.1/game/822757/feed/live,both,True,P,Pitcher,BULLPEN_PITCHER,True,QA_VALIDATED_CANONICAL_V3
663623,85,1,0,33,1,128,Top,822757,https://raw.githubusercontent.com/lancebroz/mlb-pitcher-data/main/data/raw/2026/daily/2026-04-04.parquet,False,2026-04-04,2026-04-04T20:05:00Z,WSH,LAD,H,Jake Irvin,True,STARTER,85,22,12,6,6,8,2,4,0,https://statsapi.mlb.com/api/v1.1/game/822757/feed/live,both,True,P,Pitcher,STARTER/OPENER/BULK,True,QA_VALIDATED_CANONICAL_V3
669371,23,8,67,78,269,311,Top,822757,https://raw.githubusercontent.com/lancebroz/mlb-pitcher-data/main/data/raw/2026/daily/2026-04-04.parquet,False,2026-04-04,2026-04-04T20:05:00Z,WSH,LAD,H,Cole Henry,False,RELIEF_OR_BULK,23,7,6,0,0,1,0,2,0,https://statsapi.mlb.com/api/v1.1/game/822757/feed/live,both,True,P,Pitcher,BULLPEN_PITCHER,True,QA_VALIDATED_CANONICAL_V3
676508,20,8,70,74,278,297,Bot,822757,https://raw.githubusercontent.com/lancebroz/mlb-pitcher-data/main/data/raw/2026/daily/2026-04-04.parquet,False,2026-04-04,2026-04-04T20:05:00Z,LAD,WSH,A,Ben Casparius,False,RELIEF_OR_BULK,20,5,3,2,2,2,0,1,1,https://statsapi.mlb.com/api/v1.1/game/822757/feed/live,both,True,P,Pitcher,BULLPEN_PITCHER,True,QA_VALIDATED_CANONICAL_V3
681402,19,7,58,62,236,254,Top,822757,https://raw.githubusercontent.com/lancebroz/mlb-pitcher-data/main/data/raw/2026/daily/2026-04-04.parquet,False,2026-04-04,2026-04-04T20:05:00Z,WSH,LAD,H,Gus Varland,False,RELIEF_OR_BULK,19,5,3,1,1,2,0,2,0,https://statsapi.mlb.com/api/v1.1/game/822757/feed/live,both,True,P,Pitcher,BULLPEN_PITCHER,True,QA_VALIDATED_CANONICAL_V3
683618,22,9,79,82,312,333,Bot,822757,https://raw.githubusercontent.com/lancebroz/mlb-pitcher-data/main/data/raw/2026/daily/2026-04-04.parquet,False,2026-04-04,2026-04-04T20:05:00Z,LAD,WSH,A,Edgardo Henriquez,False,RELIEF_OR_BULK,22,4,3,1,1,1,0,0,0,https://statsapi.mlb.com/api/v1.1/game/822757/feed/live,both,True,P,Pitcher,BULLPEN_PITCHER,True,QA_VALIDATED_CANONICAL_V3
695418,49,5,39,53,153,217,Top,822757,https://raw.githubusercontent.com/lancebroz/mlb-pitcher-data/main/data/raw/2026/daily/2026-04-04.parquet,False,2026-04-04,2026-04-04T20:05:00Z,WSH,LAD,H,Brad Lord,False,RELIEF_OR_BULK,49,12,6,3,3,5,1,0,1,https://statsapi.mlb.com/api/v1.1/game/822757/feed/live,both,True,P,Pitcher,BULLPEN_PITCHER,True,QA_VALIDATED_CANONICAL_V3
571945,87,1,0,43,1,157,Top,822758,https://raw.githubusercontent.com/lancebroz/mlb-pitcher-data/main/data/raw/2026/daily/2026-04-03.parquet,False,2026-04-03,2026-04-03T17:05:00Z,WSH,LAD,H,Miles Mikolas,True,STARTER,87,25,13,11,11,11,1,4,4,https://statsapi.mlb.com/api/v1.1/game/822758/feed/live,both,True,P,Pitcher,STARTER/OPENER/BULK,True,QA_VALIDATED_CANONICAL_V3
595014,11,7,67,70,246,256,Bot,822758,https://raw.githubusercontent.com/lancebroz/mlb-pitcher-data/main/data/raw/2026/daily/2026-04-03.parquet,False,2026-04-03,2026-04-03T17:05:00Z,LAD,WSH,A,Blake Treinen,False,RELIEF_OR_BULK,11,4,3,0,0,1,1,0,0,https://statsapi.mlb.com/api/v1.1/game/822758/feed/live,both,True,P,Pitcher,BULLPEN_PITCHER,True,QA_VALIDATED_CANONICAL_V3
676263,4,6,62,62,229,232,Bot,822758,https://raw.githubusercontent.com/lancebroz/mlb-pitcher-data/main/data/raw/2026/daily/2026-04-03.parquet,False,2026-04-03,2026-04-03T17:05:00Z,LAD,WSH,A,Jack Dreyer,False,RELIEF_OR_BULK,4,1,1,0,0,0,0,1,0,https://statsapi.mlb.com/api/v1.1/game/822758/feed/live,both,True,P,Pitcher,BULLPEN_PITCHER,True,QA_VALIDATED_CANONICAL_V3
676508,13,9,87,89,309,321,Bot,822758,https://raw.githubusercontent.com/lancebroz/mlb-pitcher-data/main/data/raw/2026/daily/2026-04-03.parquet,False,2026-04-03,2026-04-03T17:05:00Z,LAD,WSH,A,Ben Casparius,False,RELIEF_OR_BULK,13,3,3,0,0,0,0,1,0,https://statsapi.mlb.com/api/v1.1/game/822758/feed/live,both,True,P,Pitcher,BULLPEN_PITCHER,True,QA_VALIDATED_CANONICAL_V3
681402,20,5,44,48,158,177,Top,822758,https://raw.githubusercontent.com/lancebroz/mlb-pitcher-data/main/data/raw/2026/daily/2026-04-03.parquet,False,2026-04-03,2026-04-03T17:05:00Z,WSH,LAD,H,Gus Varland,False,RELIEF_OR_BULK,20,5,2,0,0,2,1,1,0,https://statsapi.mlb.com/api/v1.1/game/822758/feed/live,both,True,P,Pitcher,BULLPEN_PITCHER,True,QA_VALIDATED_CANONICAL_V3
683618,25,8,74,80,268,292,Bot,822758,https://raw.githubusercontent.com/lancebroz/mlb-pitcher-data/main/data/raw/2026/daily/2026-04-03.parquet,False,2026-04-03,2026-04-03T17:05:00Z,LAD,WSH,A,Edgardo Henriquez,False,RELIEF_OR_BULK,25,7,3,2,2,3,1,1,0,https://statsapi.mlb.com/api/v1.1/game/822758/feed/live,both,True,P,Pitcher,BULLPEN_PITCHER,True,QA_VALIDATED_CANONICAL_V3
686218,98,1,3,61,11,228,Bot,822758,https://raw.githubusercontent.com/lancebroz/mlb-pitcher-data/main/data/raw/2026/daily/2026-04-03.parquet,False,2026-04-03,2026-04-03T17:05:00Z,LAD,WSH,A,Emmet Sheehan,True,STARTER,98,27,17,4,4,7,3,2,1,https://statsapi.mlb.com/api/v1.1/game/822758/feed/live,both,True,P,Pitcher,STARTER/OPENER/BULK,True,QA_VALIDATED_CANONICAL_V3
686610,36,6,54,66,189,245,Top,822758,https://raw.githubusercontent.com/lancebroz/mlb-pitcher-data/main/data/raw/2026/daily/2026-04-03.parquet,False,2026-04-03,2026-04-03T17:05:00Z,WSH,LAD,H,Ken Waldichuk,False,RELIEF_OR_BULK,36,9,6,1,1,1,1,3,1,https://statsapi.mlb.com/api/v1.1/game/822758/feed/live,both,True,P,Pitcher,BULLPEN_PITCHER,True,QA_VALIDATED_CANONICAL_V3
701552,27,8,71,86,257,308,Top,822758,https://raw.githubusercontent.com/lancebroz/mlb-pitcher-data/main/data/raw/2026/daily/2026-04-03.parquet,False,2026-04-03,2026-04-03T17:05:00Z,WSH,LAD,H,Andre Granillo,False,RELIEF_OR_BULK,27,9,6,1,1,2,2,0,0,https://statsapi.mlb.com/api/v1.1/game/822758/feed/live,both,True,P,Pitcher,BULLPEN_PITCHER,True,QA_VALIDATED_CANONICAL_V3
571578,85,1,0,31,1,129,Top,822829,https://raw.githubusercontent.com/lancebroz/mlb-pitcher-data/main/data/raw/2026/daily/2026-04-10.parquet,False,2026-04-10,2026-04-10T23:07:00Z,TOR,MIN,H,Patrick Corbin,True,STARTER,85,21,12,4,4,6,1,3,2,https://statsapi.mlb.com/api/v1.1/game/822829/feed/live,both,True,P,Pitcher,STARTER/OPENER/BULK,True,QA_VALIDATED_CANONICAL_V3
573009,15,5,44,50,164,194,Top,822829,https://raw.githubusercontent.com/lancebroz/mlb-pitcher-data/main/data/raw/2026/daily/2026-04-10.parquet,False,2026-04-10,2026-04-10T23:07:00Z,TOR,MIN,H,Joe Mantiply,False,RELIEF_OR_BULK,15,3,3,0,0,0,0,3,0,https://statsapi.mlb.com/api/v1.1/game/822829/feed/live,both,True,P,Pitcher,BULLPEN_PITCHER,True,QA_VALIDATED_CANONICAL_V3
573124,30,6,57,66,220,267,Bot,822829,https://raw.githubusercontent.com/lancebroz/mlb-pitcher-data/main/data/raw/2026/daily/2026-04-10.parquet,False,2026-04-10,2026-04-10T23:07:00Z,MIN,TOR,A,Taylor Rogers,False,RELIEF_OR_BULK,30,7,4,1,1,3,0,1,0,https://statsapi.mlb.com/api/v1.1/game/822829/feed/live,both,True,P,Pitcher,BULLPEN_PITCHER,True,QA_VALIDATED_CANONICAL_V3
607455,36,5,45,56,169,219,Bot,822829,https://raw.githubusercontent.com/lancebroz/mlb-pitcher-data/main/data/raw/2026/daily/2026-04-10.parquet,False,2026-04-10,2026-04-10T23:07:00Z,MIN,TOR,A,Anthony Banda,False,RELIEF_OR_BULK,36,9,5,3,3,3,1,1,1,https://statsapi.mlb.com/api/v1.1/game/822829/feed/live,both,True,P,Pitcher,BULLPEN_PITCHER,True,QA_VALIDATED_CANONICAL_V3
623437,12,8,71,75,287,298,Bot,822829,https://raw.githubusercontent.com/lancebroz/mlb-pitcher-data/main/data/raw/2026/daily/2026-04-10.parquet,False,2026-04-10,2026-04-10T23:07:00Z,MIN,TOR,A,Justin Topa,False,RELIEF_OR_BULK,12,5,3,1,1,2,0,0,0,https://statsapi.mlb.com/api/v1.1/game/822829/feed/live,both,True,P,Pitcher,BULLPEN_PITCHER,True,QA_VALIDATED_CANONICAL_V3
667297,10,5,41,43,154,163,Top,822829,https://raw.githubusercontent.com/lancebroz/mlb-pitcher-data/main/data/raw/2026/daily/2026-04-10.parquet,False,2026-04-10,2026-04-10T23:07:00Z,TOR,MIN,H,Tommy Nance,False,RELIEF_OR_BULK,10,3,2,0,0,1,0,1,0,https://statsapi.mlb.com/api/v1.1/game/822829/feed/live,both,True,P,Pitcher,BULLPEN_PITCHER,True,QA_VALIDATED_CANONICAL_V3
680573,68,1,7,40,34,153,Bot,822829,https://raw.githubusercontent.com/lancebroz/mlb-pitcher-data/main/data/raw/2026/daily/2026-04-10.parquet,False,2026-04-10,2026-04-10T23:07:00Z,MIN,TOR,A,Simeon Woods Richardson,True,STARTER,68,19,12,5,5,6,1,2,1,https://statsapi.mlb.com/api/v1.1/game/822829/feed/live,both,True,P,Pitcher,STARTER/OPENER/BULK,True,QA_VALIDATED_CANONICAL_V3
680755,32,8,67,78,268,311,Top,822829,https://raw.githubusercontent.com/lancebroz/mlb-pitcher-data/main/data/raw/2026/daily/2026-04-10.parquet,False,2026-04-10,2026-04-10T23:07:00Z,TOR,MIN,H,Braydon Fisher,False,RELIEF_OR_BULK,32,7,6,0,0,0,0,4,0,https://statsapi.mlb.com/api/v1.1/game/822829/feed/live,both,True,P,Pitcher,BULLPEN_PITCHER,True,QA_VALIDATED_CANONICAL_V3
686973,23,6,51,60,195,242,Top,822829,https://raw.githubusercontent.com/lancebroz/mlb-pitcher-data/main/data/raw/2026/daily/2026-04-10.parquet,False,2026-04-10,2026-04-10T23:07:00Z,TOR,MIN,H,Louis Varland,False,RELIEF_OR_BULK,23,4,4,0,0,0,1,1,0,https://statsapi.mlb.com/api/v1.1/game/822829/feed/live,both,True,P,Pitcher,BULLPEN_PITCHER,True,QA_VALIDATED_CANONICAL_V3
641778,95,1,0,43,1,165,Top,822830,https://raw.githubusercontent.com/lancebroz/mlb-pitcher-data/main/data/raw/2026/daily/2026-04-11.parquet,False,2026-04-11,2026-04-11T19:07:00Z,TOR,MIN,H,Eric Lauer,True,STARTER,95,25,16,7,7,5,5,3,2,https://statsapi.mlb.com/api/v1.1/game/822830/feed/live,both,True,P,Pitcher,STARTER/OPENER/BULK,True,QA_VALIDATED_CANONICAL_V3
657746,91,1,3,55,11,205,Bot,822830,https://raw.githubusercontent.com/lancebroz/mlb-pitcher-data/main/data/raw/2026/daily/2026-04-11.parquet,False,2026-04-11,2026-04-11T19:07:00Z,MIN,TOR,A,Joe Ryan,True,STARTER,91,24,21,2,2,2,1,5,1,https://statsapi.mlb.com/api/v1.1/game/822830/feed/live,both,True,P,Pitcher,STARTER/OPENER/BULK,True,QA_VALIDATED_CANONICAL_V3
663485,22,9,67,71,247,268,Bot,822830,https://raw.githubusercontent.com/lancebroz/mlb-pitcher-data/main/data/raw/2026/daily/2026-04-11.parquet,False,2026-04-11,2026-04-11T19:07:00Z,MIN,TOR,A,Cole Sands,False,RELIEF_OR_BULK,22,5,3,2,2,2,0,0,1,https://statsapi.mlb.com/api/v1.1/game/822830/feed/live,both,True,P,Pitcher,BULLPEN_PITCHER,True,QA_VALIDATED_CANONICAL_V3
681892,17,8,59,63,216,232,Bot,822830,https://raw.githubusercontent.com/lancebroz/mlb-pitcher-data/main/data/raw/2026/daily/2026-04-11.parquet,False,2026-04-11,2026-04-11T19:07:00Z,MIN,TOR,A,Kody Funderburk,False,RELIEF_OR_BULK,17,5,3,0,0,1,1,0,0,https://statsapi.mlb.com/api/v1.1/game/822830/feed/live,both,True,P,Pitcher,BULLPEN_PITCHER,True,QA_VALIDATED_CANONICAL_V3
693686,43,6,44,66,166,246,Top,822830,https://raw.githubusercontent.com/lancebroz/mlb-pitcher-data/main/data/raw/2026/daily/2026-04-11.parquet,False,2026-04-11,2026-04-11T19:07:00Z,TOR,MIN,H,Spencer Miles,False,RELIEF_OR_BULK,43,12,11,0,0,1,1,2,0,https://statsapi.mlb.com/api/v1.1/game/822830/feed/live,both,True,P,Pitcher,BULLPEN_PITCHER,True,QA_VALIDATED_CANONICAL_V3
592332,84,1,0,39,1,146,Top,822831,https://raw.githubusercontent.com/lancebroz/mlb-pitcher-data/main/data/raw/2026/daily/2026-04-07.parquet,False,2026-04-07,2026-04-07T23:07:00Z,TOR,LAD,H,Kevin Gausman,True,STARTER,84,24,16,3,2,5,2,5,0,https://statsapi.mlb.com/api/v1.1/game/822831/feed/live,both,True,P,Pitcher,STARTER/OPENER/BULK,True,QA_VALIDATED_CANONICAL_V3
595014,10,8,61,63,240,249,Bot,822831,https://raw.githubusercontent.com/lancebroz/mlb-pitcher-data/main/data/raw/2026/daily/2026-04-07.parquet,False,2026-04-07,2026-04-07T23:07:00Z,LAD,TOR,A,Blake Treinen,False,RELIEF_OR_BULK,10,3,3,0,0,0,0,0,0,https://statsapi.mlb.com/api/v1.1/game/822831/feed/live,both,True,P,Pitcher,BULLPEN_PITCHER,True,QA_VALIDATED_CANONICAL_V3
621242,23,9,70,74,264,286,Bot,822831,https://raw.githubusercontent.com/lancebroz/mlb-pitcher-data/main/data/raw/2026/daily/2026-04-07.parquet,False,2026-04-07,2026-04-07T23:07:00Z,LAD,TOR,A,Edwin Díaz,False,RELIEF_OR_BULK,23,5,3,0,0,1,1,3,0,https://statsapi.mlb.com/api/v1.1/game/822831/feed/live,both,True,P,Pitcher,BULLPEN_PITCHER,True,QA_VALIDATED_CANONICAL_V3
656546,14,9,64,69,250,263,Top,822831,https://raw.githubusercontent.com/lancebroz/mlb-pitcher-data/main/data/raw/2026/daily/2026-04-07.parquet,False,2026-04-07,2026-04-07T23:07:00Z,TOR,LAD,H,Jeff Hoffman,False,RELIEF_OR_BULK,14,6,3,1,1,2,1,2,0,https://statsapi.mlb.com/api/v1.1/game/822831/feed/live,both,True,P,Pitcher,BULLPEN_PITCHER,True,QA_VALIDATED_CANONICAL_V3
681911,15,7,54,57,211,225,Bot,822831,https://raw.githubusercontent.com/lancebroz/mlb-pitcher-data/main/data/raw/2026/daily/2026-04-07.parquet,False,2026-04-07,2026-04-07T23:07:00Z,LAD,TOR,A,Alex Vesia,False,RELIEF_OR_BULK,15,4,3,0,0,0,1,1,0,https://statsapi.mlb.com/api/v1.1/game/822831/feed/live,both,True,P,Pitcher,BULLPEN_PITCHER,True,QA_VALIDATED_CANONICAL_V3
686973,23,7,51,60,193,239,Top,822831,https://raw.githubusercontent.com/lancebroz/mlb-pitcher-data/main/data/raw/2026/daily/2026-04-07.parquet,False,2026-04-07,2026-04-07T23:07:00Z,TOR,LAD,H,Louis Varland,False,RELIEF_OR_BULK,23,4,4,0,0,0,0,2,0,https://statsapi.mlb.com/api/v1.1/game/822831/feed/live,both,True,P,Pitcher,BULLPEN_PITCHER,True,QA_VALIDATED_CANONICAL_V3
689254,20,6,40,50,147,192,Top,822831,https://raw.githubusercontent.com/lancebroz/mlb-pitcher-data/main/data/raw/2026/daily/2026-04-07.parquet,False,2026-04-07,2026-04-07T23:07:00Z,TOR,LAD,H,Mason Fluharty,False,RELIEF_OR_BULK,20,5,4,0,0,1,0,2,0,https://statsapi.mlb.com/api/v1.1/game/822831/feed/live,both,True,P,Pitcher,BULLPEN_PITCHER,True,QA_VALIDATED_CANONICAL_V3
808967,97,1,4,53,13,210,Bot,822831,https://raw.githubusercontent.com/lancebroz/mlb-pitcher-data/main/data/raw/2026/daily/2026-04-07.parquet,False,2026-04-07,2026-04-07T23:07:00Z,LAD,TOR,A,Yoshinobu Yamamoto,True,STARTER,97,24,18,1,1,5,1,6,0,https://statsapi.mlb.com/api/v1.1/game/822831/feed/live,both,True,P,Pitcher,STARTER/OPENER/BULK,True,QA_VALIDATED_CANONICAL_V3
453286,36,1,0,15,1,65,Top,822832,https://raw.githubusercontent.com/lancebroz/mlb-pitcher-data/main/data/raw/2026/daily/2026-04-06.parquet,False,2026-04-06,2026-04-06T23:07:00Z,TOR,LAD,H,Max Scherzer,True,STARTER,36,9,6,2,2,2,1,2,1,https://statsapi.mlb.com/api/v1.1/game/822832/feed/live,both,True,P,Pitcher,STARTER/OPENER/BULK,True,QA_VALIDATED_CANONICAL_V3
500743,18,9,82,87,318,335,Bot,822832,https://raw.githubusercontent.com/lancebroz/mlb-pitcher-data/main/data/raw/2026/daily/2026-04-06.parquet,False,2026-04-06,2026-04-06T23:07:00Z,LAD,TOR,A,Miguel Rojas,False,RELIEF_OR_BULK,18,6,3,1,1,1,1,0,0,https://statsapi.mlb.com/api/v1.1/game/822832/feed/live,both,True,2B,Second Base,POSITION_PLAYER_PITCHING,True,EXCLUIR_POSITION_PLAYER_PITCHING
573009,25,6,48,52,192,216,Top,822832,https://raw.githubusercontent.com/lancebroz/mlb-pitcher-data/main/data/raw/2026/daily/2026-04-06.parquet,False,2026-04-06,2026-04-06T23:07:00Z,TOR,LAD,H,Joe Mantiply,False,RELIEF_OR_BULK,25,5,2,3,3,1,2,1,1,https://statsapi.mlb.com/api/v1.1/game/822832/feed/live,both,True,P,Pitcher,BULLPEN_PITCHER,True,QA_VALIDATED_CANONICAL_V3
623168,11,9,79,81,307,317,Top,822832,https://raw.githubusercontent.com/lancebroz/mlb-pitcher-data/main/data/raw/2026/daily/2026-04-06.parquet,False,2026-04-06,2026-04-06T23:07:00Z,TOR,LAD,H,Tyler Heineman,False,RELIEF_OR_BULK,11,3,3,0,0,0,0,0,0,https://statsapi.mlb.com/api/v1.1/game/822832/feed/live,both,True,C,Catcher,POSITION_PLAYER_PITCHING,True,EXCLUIR_POSITION_PLAYER_PITCHING
667297,36,6,53,66,217,265,Top,822832,https://raw.githubusercontent.com/lancebroz/mlb-pitcher-data/main/data/raw/2026/daily/2026-04-06.parquet,False,2026-04-06,2026-04-06T23:07:00Z,TOR,LAD,H,Tommy Nance,False,RELIEF_OR_BULK,36,10,4,4,4,6,0,3,1,https://statsapi.mlb.com/api/v1.1/game/822832/feed/live,both,True,P,Pitcher,BULLPEN_PITCHER,True,QA_VALIDATED_CANONICAL_V3
676596,77,3,19,43,76,176,Top,822832,https://raw.githubusercontent.com/lancebroz/mlb-pitcher-data/main/data/raw/2026/daily/2026-04-06.parquet,False,2026-04-06,2026-04-06T23:07:00Z,TOR,LAD,H,Josh Fleming,False,RELIEF_OR_BULK,77,18,9,4,4,6,2,1,1,https://statsapi.mlb.com/api/v1.1/game/822832/feed/live,both,True,P,Pitcher,BULLPEN_PITCHER,True,QA_VALIDATED_CANONICAL_V3
680736,78,1,5,47,21,191,Bot,822832,https://raw.githubusercontent.com/lancebroz/mlb-pitcher-data/main/data/raw/2026/daily/2026-04-06.parquet,False,2026-04-06,2026-04-06T23:07:00Z,LAD,TOR,A,Justin Wrobleski,True,STARTER,78,21,15,1,1,2,4,2,0,https://statsapi.mlb.com/api/v1.1/game/822832/feed/live,both,True,P,Pitcher,STARTER/OPENER/BULK,True,QA_VALIDATED_CANONICAL_V3
683618,11,8,76,78,296,306,Bot,822832,https://raw.githubusercontent.com/lancebroz/mlb-pitcher-data/main/data/raw/2026/daily/2026-04-06.parquet,False,2026-04-06,2026-04-06T23:07:00Z,LAD,TOR,A,Edgardo Henriquez,False,RELIEF_OR_BULK,11,3,3,0,0,0,0,2,0,https://statsapi.mlb.com/api/v1.1/game/822832/feed/live,both,True,P,Pitcher,BULLPEN_PITCHER,True,QA_VALIDATED_CANONICAL_V3
693686,16,8,71,75,280,295,Top,822832,https://raw.githubusercontent.com/lancebroz/mlb-pitcher-data/main/data/raw/2026/daily/2026-04-06.parquet,False,2026-04-06,2026-04-06T23:07:00Z,TOR,LAD,H,Spencer Miles,False,RELIEF_OR_BULK,16,5,3,1,1,2,0,1,1,https://statsapi.mlb.com/api/v1.1/game/822832/feed/live,both,True,P,Pitcher,BULLPEN_PITCHER,True,QA_VALIDATED_CANONICAL_V3
694361,27,6,55,70,228,279,Bot,822832,https://raw.githubusercontent.com/lancebroz/mlb-pitcher-data/main/data/raw/2026/daily/2026-04-06.parquet,False,2026-04-06,2026-04-06T23:07:00Z,LAD,TOR,A,Will Klein,False,RELIEF_OR_BULK,27,8,6,0,0,2,0,2,0,https://statsapi.mlb.com/api/v1.1/game/822832/feed/live,both,True,P,Pitcher,BULLPEN_PITCHER,True,QA_VALIDATED_CANONICAL_V3
595014,9,7,62,64,247,255,Bot,822833,https://raw.githubusercontent.com/lancebroz/mlb-pitcher-data/main/data/raw/2026/daily/2026-04-08.parquet,False,2026-04-08,2026-04-08T19:07:00Z,LAD,TOR,A,Blake Treinen,False,RELIEF_OR_BULK,9,3,2,0,0,0,1,1,0,https://statsapi.mlb.com/api/v1.1/game/822833/feed/live,both,True,P,Pitcher,BULLPEN_PITCHER,True,QA_VALIDATED_CANONICAL_V3
643511,20,7,53,67,220,267,Top,822833,https://raw.githubusercontent.com/lancebroz/mlb-pitcher-data/main/data/raw/2026/daily/2026-04-08.parquet,False,2026-04-08,2026-04-08T19:07:00Z,TOR,LAD,H,Tyler Rogers,False,RELIEF_OR_BULK,20,7,5,0,0,1,1,2,0,https://statsapi.mlb.com/api/v1.1/game/822833/feed/live,both,True,P,Pitcher,BULLPEN_PITCHER,True,QA_VALIDATED_CANONICAL_V3
656302,96,1,0,42,1,178,Top,822833,https://raw.githubusercontent.com/lancebroz/mlb-pitcher-data/main/data/raw/2026/daily/2026-04-08.parquet,False,2026-04-08,2026-04-08T19:07:00Z,TOR,LAD,H,Dylan Cease,True,STARTER,96,23,15,2,1,4,4,8,0,https://statsapi.mlb.com/api/v1.1/game/822833/feed/live,both,True,P,Pitcher,STARTER/OPENER/BULK,True,QA_VALIDATED_CANONICAL_V3
656546,21,9,73,77,284,304,Top,822833,https://raw.githubusercontent.com/lancebroz/mlb-pitcher-data/main/data/raw/2026/daily/2026-04-08.parquet,False,2026-04-08,2026-04-08T19:07:00Z,TOR,LAD,H,Jeff Hoffman,False,RELIEF_OR_BULK,21,5,3,0,0,1,1,2,0,https://statsapi.mlb.com/api/v1.1/game/822833/feed/live,both,True,P,Pitcher,BULLPEN_PITCHER,True,QA_VALIDATED_CANONICAL_V3
660271,96,1,4,49,24,205,Bot,822833,https://raw.githubusercontent.com/lancebroz/mlb-pitcher-data/main/data/raw/2026/daily/2026-04-08.parquet,False,2026-04-08,2026-04-08T19:07:00Z,LAD,TOR,A,Shohei Ohtani,True,STARTER,96,24,18,1,0,4,1,2,0,https://statsapi.mlb.com/api/v1.1/game/822833/feed/live,both,True,TWP,Two-Way Player,STARTER/OPENER/BULK,True,QA_VALIDATED_CANONICAL_V3
676263,19,7,57,61,228,246,Bot,822833,https://raw.githubusercontent.com/lancebroz/mlb-pitcher-data/main/data/raw/2026/daily/2026-04-08.parquet,False,2026-04-08,2026-04-08T19:07:00Z,LAD,TOR,A,Jack Dreyer,False,RELIEF_OR_BULK,19,5,1,2,2,3,1,0,0,https://statsapi.mlb.com/api/v1.1/game/822833/feed/live,both,True,P,Pitcher,BULLPEN_PITCHER,True,QA_VALIDATED_CANONICAL_V3
676508,16,8,68,72,268,283,Bot,822833,https://raw.githubusercontent.com/lancebroz/mlb-pitcher-data/main/data/raw/2026/daily/2026-04-08.parquet,False,2026-04-08,2026-04-08T19:07:00Z,LAD,TOR,A,Ben Casparius,False,RELIEF_OR_BULK,16,5,3,1,1,1,1,0,0,https://statsapi.mlb.com/api/v1.1/game/822833/feed/live,both,True,P,Pitcher,BULLPEN_PITCHER,True,QA_VALIDATED_CANONICAL_V3
686973,13,6,43,45,179,191,Top,822833,https://raw.githubusercontent.com/lancebroz/mlb-pitcher-data/main/data/raw/2026/daily/2026-04-08.parquet,False,2026-04-08,2026-04-08T19:07:00Z,TOR,LAD,H,Louis Varland,False,RELIEF_OR_BULK,13,3,3,0,0,0,0,1,0,https://statsapi.mlb.com/api/v1.1/game/822833/feed/live,both,True,P,Pitcher,BULLPEN_PITCHER,True,QA_VALIDATED_CANONICAL_V3
689254,14,7,50,52,206,219,Top,822833,https://raw.githubusercontent.com/lancebroz/mlb-pitcher-data/main/data/raw/2026/daily/2026-04-08.parquet,False,2026-04-08,2026-04-08T19:07:00Z,TOR,LAD,H,Mason Fluharty,False,RELIEF_OR_BULK,14,3,1,1,1,0,2,0,0,https://statsapi.mlb.com/api/v1.1/game/822833/feed/live,both,True,P,Pitcher,BULLPEN_PITCHER,True,QA_VALIDATED_CANONICAL_V3
608372,72,1,3,39,16,168,Bot,822834,https://raw.githubusercontent.com/lancebroz/mlb-pitcher-data/main/data/raw/2026/daily/2026-03-30.parquet,False,2026-03-30,2026-03-30T23:07:00Z,COL,TOR,A,Tomoyuki Sugano,True,STARTER,72,18,14,1,1,2,2,4,1,https://statsapi.mlb.com/api/v1.1/game/822834/feed/live,both,True,P,Pitcher,STARTER/OPENER/BULK,True,QA_VALIDATED_CANONICAL_V3
623168,27,8,62,81,256,307,Top,822834,https://raw.githubusercontent.com/lancebroz/mlb-pitcher-data/main/data/raw/2026/daily/2026-03-30.parquet,False,2026-03-30,2026-03-30T23:07:00Z,TOR,COL,H,Tyler Heineman,False,RELIEF_OR_BULK,27,14,6,5,5,7,1,0,1,https://statsapi.mlb.com/api/v1.1/game/822834/feed/live,both,True,C,Catcher,POSITION_PLAYER_PITCHING,True,EXCLUIR_POSITION_PLAYER_PITCHING
643511,10,7,56,58,237,246,Top,822834,https://raw.githubusercontent.com/lancebroz/mlb-pitcher-data/main/data/raw/2026/daily/2026-03-30.parquet,False,2026-03-30,2026-03-30T23:07:00Z,TOR,COL,H,Tyler Rogers,False,RELIEF_OR_BULK,10,3,3,0,0,0,0,1,0,https://statsapi.mlb.com/api/v1.1/game/822834/feed/live,both,True,P,Pitcher,BULLPEN_PITCHER,True,QA_VALIDATED_CANONICAL_V3
663893,30,6,45,51,192,221,Top,822834,https://raw.githubusercontent.com/lancebroz/mlb-pitcher-data/main/data/raw/2026/daily/2026-03-30.parquet,False,2026-03-30,2026-03-30T23:07:00Z,TOR,COL,H,Brendon Little,False,RELIEF_OR_BULK,30,7,2,4,4,4,1,1,0,https://statsapi.mlb.com/api/v1.1/game/822834/feed/live,both,True,P,Pitcher,BULLPEN_PITCHER,True,QA_VALIDATED_CANONICAL_V3
664074,47,1,0,16,1,71,Top,822834,https://raw.githubusercontent.com/lancebroz/mlb-pitcher-data/main/data/raw/2026/daily/2026-03-30.parquet,False,2026-03-30,2026-03-30T23:07:00Z,TOR,COL,H,Cody Ponce,True,STARTER,47,10,7,1,1,1,1,3,0,https://statsapi.mlb.com/api/v1.1/game/822834/feed/live,both,True,P,Pitcher,STARTER/OPENER/BULK,True,QA_VALIDATED_CANONICAL_V3
677955,1,5,40,40,169,169,Bot,822834,https://raw.githubusercontent.com/lancebroz/mlb-pitcher-data/main/data/raw/2026/daily/2026-03-30.parquet,False,2026-03-30,2026-03-30T23:07:00Z,COL,TOR,A,Jaden Hill,False,RELIEF_OR_BULK,1,1,1,0,0,0,0,0,0,https://statsapi.mlb.com/api/v1.1/game/822834/feed/live,both,True,P,Pitcher,BULLPEN_PITCHER,True,QA_VALIDATED_CANONICAL_V3
686973,30,3,17,27,72,120,Top,822834,https://raw.githubusercontent.com/lancebroz/mlb-pitcher-data/main/data/raw/2026/daily/2026-03-30.parquet,False,2026-03-30,2026-03-30T23:07:00Z,TOR,COL,H,Louis Varland,False,RELIEF_OR_BULK,30,7,4,1,0,2,0,3,0,https://statsapi.mlb.com/api/v1.1/game/822834/feed/live,both,True,P,Pitcher,BULLPEN_PITCHER,True,QA_VALIDATED_CANONICAL_V3
693686,41,4,28,44,121,191,Top,822834,https://raw.githubusercontent.com/lancebroz/mlb-pitcher-data/main/data/raw/2026/daily/2026-03-30.parquet,False,2026-03-30,2026-03-30T23:07:00Z,TOR,COL,H,Spencer Miles,False,RELIEF_OR_BULK,41,8,5,3,3,3,1,2,1,https://statsapi.mlb.com/api/v1.1/game/822834/feed/live,both,True,P,Pitcher,BULLPEN_PITCHER,True,QA_VALIDATED_CANONICAL_V3
801403,74,6,52,87,222,332,Bot,822834,https://raw.githubusercontent.com/lancebroz/mlb-pitcher-data/main/data/raw/2026/daily/2026-03-30.parquet,False,2026-03-30,2026-03-30T23:07:00Z,COL,TOR,A,Chase Dollander,False,RELIEF_OR_BULK,74,19,12,4,4,5,2,5,3,https://statsapi.mlb.com/api/v1.1/game/822834/feed/live,both,True,P,Pitcher,BULLPEN_PITCHER,True,QA_VALIDATED_CANONICAL_V3
592332,89,1,0,42,1,177,Top,822835,https://raw.githubusercontent.com/lancebroz/mlb-pitcher-data/main/data/raw/2026/daily/2026-04-01.parquet,False,2026-04-01,2026-04-01T17:07:00Z,TOR,COL,H,Kevin Gausman,True,STARTER,89,21,18,0,0,2,0,10,0,https://statsapi.mlb.com/api/v1.1/game/822835/feed/live,both,True,P,Pitcher,STARTER/OPENER/BULK,True,QA_VALIDATED_CANONICAL_V3
607536,88,1,3,38,11,162,Bot,822835,https://raw.githubusercontent.com/lancebroz/mlb-pitcher-data/main/data/raw/2026/daily/2026-04-01.parquet,False,2026-04-01,2026-04-01T17:07:00Z,COL,TOR,A,Kyle Freeland,True,STARTER,88,22,15,1,1,5,1,6,0,https://statsapi.mlb.com/api/v1.1/game/822835/feed/live,both,True,P,Pitcher,STARTER/OPENER/BULK,True,QA_VALIDATED_CANONICAL_V3
622608,26,6,43,54,178,221,Bot,822835,https://raw.githubusercontent.com/lancebroz/mlb-pitcher-data/main/data/raw/2026/daily/2026-04-01.parquet,False,2026-04-01,2026-04-01T17:07:00Z,COL,TOR,A,Antonio Senzatela,False,RELIEF_OR_BULK,26,7,6,0,0,1,0,3,0,https://statsapi.mlb.com/api/v1.1/game/822835/feed/live,both,True,P,Pitcher,BULLPEN_PITCHER,True,QA_VALIDATED_CANONICAL_V3
623474,16,10,76,78,301,316,Bot,822835,https://raw.githubusercontent.com/lancebroz/mlb-pitcher-data/main/data/raw/2026/daily/2026-04-01.parquet,False,2026-04-01,2026-04-01T17:07:00Z,COL,TOR,A,Jimmy Herget,False,RELIEF_OR_BULK,16,3,3,0,0,0,0,0,0,https://statsapi.mlb.com/api/v1.1/game/822835/feed/live,both,True,P,Pitcher,BULLPEN_PITCHER,True,QA_VALIDATED_CANONICAL_V3
643511,18,7,47,51,195,212,Top,822835,https://raw.githubusercontent.com/lancebroz/mlb-pitcher-data/main/data/raw/2026/daily/2026-04-01.parquet,False,2026-04-01,2026-04-01T17:07:00Z,TOR,COL,H,Tyler Rogers,False,RELIEF_OR_BULK,18,5,3,0,0,2,0,0,0,https://statsapi.mlb.com/api/v1.1/game/822835/feed/live,both,True,P,Pitcher,BULLPEN_PITCHER,True,QA_VALIDATED_CANONICAL_V3
656546,16,9,65,67,264,279,Top,822835,https://raw.githubusercontent.com/lancebroz/mlb-pitcher-data/main/data/raw/2026/daily/2026-04-01.parquet,False,2026-04-01,2026-04-01T17:07:00Z,TOR,COL,H,Jeff Hoffman,False,RELIEF_OR_BULK,16,3,3,0,0,0,0,3,0,https://statsapi.mlb.com/api/v1.1/game/822835/feed/live,both,True,P,Pitcher,BULLPEN_PITCHER,True,QA_VALIDATED_CANONICAL_V3
657514,11,9,68,70,280,290,Bot,822835,https://raw.githubusercontent.com/lancebroz/mlb-pitcher-data/main/data/raw/2026/daily/2026-04-01.parquet,False,2026-04-01,2026-04-01T17:07:00Z,COL,TOR,A,Brennan Bernardino,False,RELIEF_OR_BULK,11,3,3,0,0,0,0,0,0,https://statsapi.mlb.com/api/v1.1/game/822835/feed/live,both,True,P,Pitcher,BULLPEN_PITCHER,True,QA_VALIDATED_CANONICAL_V3
663893,10,10,71,75,291,300,Top,822835,https://raw.githubusercontent.com/lancebroz/mlb-pitcher-data/main/data/raw/2026/daily/2026-04-01.parquet,False,2026-04-01,2026-04-01T17:07:00Z,TOR,COL,H,Brendon Little,False,RELIEF_OR_BULK,10,5,3,1,0,1,1,1,0,https://statsapi.mlb.com/api/v1.1/game/822835/feed/live,both,True,P,Pitcher,BULLPEN_PITCHER,True,QA_VALIDATED_CANONICAL_V3
667297,16,8,55,58,222,237,Top,822835,https://raw.githubusercontent.com/lancebroz/mlb-pitcher-data/main/data/raw/2026/daily/2026-04-01.parquet,False,2026-04-01,2026-04-01T17:07:00Z,TOR,COL,H,Tommy Nance,False,RELIEF_OR_BULK,16,4,1,1,1,1,2,1,0,https://statsapi.mlb.com/api/v1.1/game/822835/feed/live,both,True,P,Pitcher,BULLPEN_PITCHER,True,QA_VALIDATED_CANONICAL_V3
680767,17,8,61,64,247,263,Bot,822835,https://raw.githubusercontent.com/lancebroz/mlb-pitcher-data/main/data/raw/2026/daily/2026-04-01.parquet,False,2026-04-01,2026-04-01T17:07:00Z,COL,TOR,A,Victor Vodnik,False,RELIEF_OR_BULK,17,4,3,0,0,1,0,0,0,https://statsapi.mlb.com/api/v1.1/game/822835/feed/live,both,True,P,Pitcher,BULLPEN_PITCHER,True,QA_VALIDATED_CANONICAL_V3
689254,9,8,59,60,238,246,Top,822835,https://raw.githubusercontent.com/lancebroz/mlb-pitcher-data/main/data/raw/2026/daily/2026-04-01.parquet,False,2026-04-01,2026-04-01T17:07:00Z,TOR,COL,H,Mason Fluharty,False,RELIEF_OR_BULK,9,2,2,0,0,0,0,2,0,https://statsapi.mlb.com/api/v1.1/game/822835/feed/live,both,True,P,Pitcher,BULLPEN_PITCHER,True,QA_VALIDATED_CANONICAL_V3
453286,83,1,0,44,1,184,Top,822836,https://raw.githubusercontent.com/lancebroz/mlb-pitcher-data/main/data/raw/2026/daily/2026-03-31.parquet,False,2026-03-31,2026-03-31T23:07:00Z,TOR,COL,H,Max Scherzer,True,STARTER,83,22,18,1,1,4,1,4,1,https://statsapi.mlb.com/api/v1.1/game/822836/feed/live,both,True,P,Pitcher,STARTER/OPENER/BULK,True,QA_VALIDATED_CANONICAL_V3
656546,15,9,70,73,283,297,Top,822836,https://raw.githubusercontent.com/lancebroz/mlb-pitcher-data/main/data/raw/2026/daily/2026-03-31.parquet,False,2026-03-31,2026-03-31T23:07:00Z,TOR,COL,H,Jeff Hoffman,False,RELIEF_OR_BULK,15,4,3,0,0,1,0,1,0,https://statsapi.mlb.com/api/v1.1/game/822836/feed/live,both,True,P,Pitcher,BULLPEN_PITCHER,True,QA_VALIDATED_CANONICAL_V3
657514,15,6,45,48,185,199,Bot,822836,https://raw.githubusercontent.com/lancebroz/mlb-pitcher-data/main/data/raw/2026/daily/2026-03-31.parquet,False,2026-03-31,2026-03-31T23:07:00Z,COL,TOR,A,Brennan Bernardino,False,RELIEF_OR_BULK,15,4,3,0,0,1,0,1,0,https://statsapi.mlb.com/api/v1.1/game/822836/feed/live,both,True,P,Pitcher,BULLPEN_PITCHER,True,QA_VALIDATED_CANONICAL_V3
663372,47,1,3,21,14,89,Bot,822836,https://raw.githubusercontent.com/lancebroz/mlb-pitcher-data/main/data/raw/2026/daily/2026-03-31.parquet,False,2026-03-31,2026-03-31T23:07:00Z,COL,TOR,A,Ryan Feltner,True,STARTER,47,11,9,0,0,1,1,4,0,https://statsapi.mlb.com/api/v1.1/game/822836/feed/live,both,True,P,Pitcher,STARTER/OPENER/BULK,True,QA_VALIDATED_CANONICAL_V3
675848,38,4,26,36,103,154,Bot,822836,https://raw.githubusercontent.com/lancebroz/mlb-pitcher-data/main/data/raw/2026/daily/2026-03-31.parquet,False,2026-03-31,2026-03-31T23:07:00Z,COL,TOR,A,Juan Mejia,False,RELIEF_OR_BULK,38,8,4,2,2,4,1,0,0,https://statsapi.mlb.com/api/v1.1/game/822836/feed/live,both,True,P,Pitcher,BULLPEN_PITCHER,True,QA_VALIDATED_CANONICAL_V3
677955,16,5,37,40,155,170,Bot,822836,https://raw.githubusercontent.com/lancebroz/mlb-pitcher-data/main/data/raw/2026/daily/2026-03-31.parquet,False,2026-03-31,2026-03-31T23:07:00Z,COL,TOR,A,Jaden Hill,False,RELIEF_OR_BULK,16,4,2,0,0,1,1,2,0,https://statsapi.mlb.com/api/v1.1/game/822836/feed/live,both,True,P,Pitcher,BULLPEN_PITCHER,True,QA_VALIDATED_CANONICAL_V3
680755,23,7,52,63,215,268,Top,822836,https://raw.githubusercontent.com/lancebroz/mlb-pitcher-data/main/data/raw/2026/daily/2026-03-31.parquet,False,2026-03-31,2026-03-31T23:07:00Z,TOR,COL,H,Braydon Fisher,False,RELIEF_OR_BULK,23,4,4,0,0,1,0,0,0,https://statsapi.mlb.com/api/v1.1/game/822836/feed/live,both,True,P,Pitcher,BULLPEN_PITCHER,True,QA_VALIDATED_CANONICAL_V3
688642,45,7,53,69,216,282,Bot,822836,https://raw.githubusercontent.com/lancebroz/mlb-pitcher-data/main/data/raw/2026/daily/2026-03-31.parquet,False,2026-03-31,2026-03-31T23:07:00Z,COL,TOR,A,Zach Agnos,False,RELIEF_OR_BULK,45,13,6,3,3,7,1,3,0,https://statsapi.mlb.com/api/v1.1/game/822836/feed/live,both,True,P,Pitcher,BULLPEN_PITCHER,True,QA_VALIDATED_CANONICAL_V3
689254,15,7,49,51,200,214,Top,822836,https://raw.githubusercontent.com/lancebroz/mlb-pitcher-data/main/data/raw/2026/daily/2026-03-31.parquet,False,2026-03-31,2026-03-31T23:07:00Z,TOR,COL,H,Mason Fluharty,False,RELIEF_OR_BULK,15,3,2,0,0,1,0,1,0,https://statsapi.mlb.com/api/v1.1/game/822836/feed/live,both,True,P,Pitcher,BULLPEN_PITCHER,True,QA_VALIDATED_CANONICAL_V3
641778,87,1,0,42,1,172,Top,822837,https://raw.githubusercontent.com/lancebroz/mlb-pitcher-data/main/data/raw/2026/daily/2026-03-29.parquet,False,2026-03-29,2026-03-29T17:37:00Z,TOR,ATH,H,Eric Lauer,True,STARTER,87,20,16,2,2,3,1,9,1,https://statsapi.mlb.com/api/v1.1/game/822837/feed/live,both,True,P,Pitcher,STARTER/OPENER/BULK,True,QA_VALIDATED_CANONICAL_V3
656546,10,9,61,64,240,249,Top,822837,https://raw.githubusercontent.com/lancebroz/mlb-pitcher-data/main/data/raw/2026/daily/2026-03-29.parquet,False,2026-03-29,2026-03-29T17:37:00Z,TOR,ATH,H,Jeff Hoffman,False,RELIEF_OR_BULK,10,4,3,0,0,1,0,2,0,https://statsapi.mlb.com/api/v1.1/game/822837/feed/live,both,True,P,Pitcher,BULLPEN_PITCHER,True,QA_VALIDATED_CANONICAL_V3
667297,9,8,54,56,216,224,Top,822837,https://raw.githubusercontent.com/lancebroz/mlb-pitcher-data/main/data/raw/2026/daily/2026-03-29.parquet,False,2026-03-29,2026-03-29T17:37:00Z,TOR,ATH,H,Tommy Nance,False,RELIEF_OR_BULK,9,3,2,0,0,1,0,1,0,https://statsapi.mlb.com/api/v1.1/game/822837/feed/live,both,True,P,Pitcher,BULLPEN_PITCHER,True,QA_VALIDATED_CANONICAL_V3
669372,45,5,38,60,151,239,Bot,822837,https://raw.githubusercontent.com/lancebroz/mlb-pitcher-data/main/data/raw/2026/daily/2026-03-29.parquet,False,2026-03-29,2026-03-29T17:37:00Z,ATH,TOR,A,J.T. Ginn,False,RELIEF_OR_BULK,45,12,11,0,0,1,1,2,0,https://statsapi.mlb.com/api/v1.1/game/822837/feed/live,both,True,P,Pitcher,BULLPEN_PITCHER,True,QA_VALIDATED_CANONICAL_V3
680755,22,6,43,50,173,203,Top,822837,https://raw.githubusercontent.com/lancebroz/mlb-pitcher-data/main/data/raw/2026/daily/2026-03-29.parquet,False,2026-03-29,2026-03-29T17:37:00Z,TOR,ATH,H,Braydon Fisher,False,RELIEF_OR_BULK,22,5,5,0,0,0,0,2,0,https://statsapi.mlb.com/api/v1.1/game/822837/feed/live,both,True,P,Pitcher,BULLPEN_PITCHER,True,QA_VALIDATED_CANONICAL_V3
689254,5,8,57,57,225,229,Top,822837,https://raw.githubusercontent.com/lancebroz/mlb-pitcher-data/main/data/raw/2026/daily/2026-03-29.parquet,False,2026-03-29,2026-03-29T17:37:00Z,TOR,ATH,H,Mason Fluharty,False,RELIEF_OR_BULK,5,1,1,0,0,0,0,1,0,https://statsapi.mlb.com/api/v1.1/game/822837/feed/live,both,True,P,Pitcher,BULLPEN_PITCHER,True,QA_VALIDATED_CANONICAL_V3
806960,71,1,3,37,14,150,Bot,822837,https://raw.githubusercontent.com/lancebroz/mlb-pitcher-data/main/data/raw/2026/daily/2026-03-29.parquet,False,2026-03-29,2026-03-29T17:37:00Z,ATH,TOR,A,Luis Morales,True,STARTER,71,20,13,5,5,5,2,5,3,https://statsapi.mlb.com/api/v1.1/game/822837/feed/live,both,True,P,Pitcher,STARTER/OPENER/BULK,True,QA_VALIDATED_CANONICAL_V3
547184,15,8,72,80,283,304,Bot,822838,https://raw.githubusercontent.com/lancebroz/mlb-pitcher-data/main/data/raw/2026/daily/2026-03-28.parquet,False,2026-03-28,2026-03-28T19:07:00Z,ATH,TOR,A,Michael Kelly,False,RELIEF_OR_BULK,15,6,4,1,1,2,0,1,1,https://statsapi.mlb.com/api/v1.1/game/822838/feed/live,both,True,P,Pitcher,BULLPEN_PITCHER,True,QA_VALIDATED_CANONICAL_V3
605130,14,10,85,89,319,332,Bot,822838,https://raw.githubusercontent.com/lancebroz/mlb-pitcher-data/main/data/raw/2026/daily/2026-03-28.parquet,False,2026-03-28,2026-03-28T19:07:00Z,ATH,TOR,A,Scott Barlow,False,RELIEF_OR_BULK,14,5,3,1,0,1,1,1,0,https://statsapi.mlb.com/api/v1.1/game/822838/feed/live,both,True,P,Pitcher,BULLPEN_PITCHER,True,QA_VALIDATED_CANONICAL_V3
605488,83,1,4,44,19,177,Bot,822838,https://raw.githubusercontent.com/lancebroz/mlb-pitcher-data/main/data/raw/2026/daily/2026-03-28.parquet,False,2026-03-28,2026-03-28T19:07:00Z,ATH,TOR,A,Jeffrey Springs,True,STARTER,83,22,16,2,2,5,3,2,0,https://statsapi.mlb.com/api/v1.1/game/822838/feed/live,both,True,P,Pitcher,STARTER/OPENER/BULK,True,QA_VALIDATED_CANONICAL_V3
643410,17,6,45,57,178,230,Bot,822838,https://raw.githubusercontent.com/lancebroz/mlb-pitcher-data/main/data/raw/2026/daily/2026-03-28.parquet,False,2026-03-28,2026-03-28T19:07:00Z,ATH,TOR,A,Mark Leiter Jr.,False,RELIEF_OR_BULK,17,5,2,1,1,2,0,0,0,https://statsapi.mlb.com/api/v1.1/game/822838/feed/live,both,True,P,Pitcher,BULLPEN_PITCHER,True,QA_VALIDATED_CANONICAL_V3
643511,7,9,73,75,287,293,Top,822838,https://raw.githubusercontent.com/lancebroz/mlb-pitcher-data/main/data/raw/2026/daily/2026-03-28.parquet,False,2026-03-28,2026-03-28T19:07:00Z,TOR,ATH,H,Tyler Rogers,False,RELIEF_OR_BULK,7,3,3,0,0,0,0,2,0,https://statsapi.mlb.com/api/v1.1/game/822838/feed/live,both,True,P,Pitcher,BULLPEN_PITCHER,True,QA_VALIDATED_CANONICAL_V3
656302,90,1,0,41,1,161,Top,822838,https://raw.githubusercontent.com/lancebroz/mlb-pitcher-data/main/data/raw/2026/daily/2026-03-28.parquet,False,2026-03-28,2026-03-28T19:07:00Z,TOR,ATH,H,Dylan Cease,True,STARTER,90,22,16,1,1,3,2,12,0,https://statsapi.mlb.com/api/v1.1/game/822838/feed/live,both,True,P,Pitcher,STARTER/OPENER/BULK,True,QA_VALIDATED_CANONICAL_V3
663687,19,8,67,71,264,282,Bot,822838,https://raw.githubusercontent.com/lancebroz/mlb-pitcher-data/main/data/raw/2026/daily/2026-03-28.parquet,False,2026-03-28,2026-03-28T19:07:00Z,ATH,TOR,A,Hogan Harris,False,RELIEF_OR_BULK,19,5,2,0,0,2,1,0,0,https://statsapi.mlb.com/api/v1.1/game/822838/feed/live,both,True,P,Pitcher,BULLPEN_PITCHER,True,QA_VALIDATED_CANONICAL_V3
663893,23,7,50,54,196,218,Top,822838,https://raw.githubusercontent.com/lancebroz/mlb-pitcher-data/main/data/raw/2026/daily/2026-03-28.parquet,False,2026-03-28,2026-03-28T19:07:00Z,TOR,ATH,H,Brendon Little,False,RELIEF_OR_BULK,23,5,2,3,3,2,1,2,1,https://statsapi.mlb.com/api/v1.1/game/822838/feed/live,both,True,P,Pitcher,BULLPEN_PITCHER,True,QA_VALIDATED_CANONICAL_V3
665622,10,11,94,96,349,358,Bot,822838,https://raw.githubusercontent.com/lancebroz/mlb-pitcher-data/main/data/raw/2026/daily/2026-03-28.parquet,False,2026-03-28,2026-03-28T19:07:00Z,ATH,TOR,A,Luis Medina,False,RELIEF_OR_BULK,10,3,1,1,0,1,1,1,0,https://statsapi.mlb.com/api/v1.1/game/822838/feed/live,both,True,P,Pitcher,BULLPEN_PITCHER,True,QA_VALIDATED_CANONICAL_V3
665660,26,7,58,66,231,263,Bot,822838,https://raw.githubusercontent.com/lancebroz/mlb-pitcher-data/main/data/raw/2026/daily/2026-03-28.parquet,False,2026-03-28,2026-03-28T19:07:00Z,ATH,TOR,A,Elvis Alvarado,False,RELIEF_OR_BULK,26,6,3,2,2,1,2,2,0,https://statsapi.mlb.com/api/v1.1/game/822838/feed/live,both,True,P,Pitcher,BULLPEN_PITCHER,True,QA_VALIDATED_CANONICAL_V3
667297,11,7,55,64,219,254,Top,822838,https://raw.githubusercontent.com/lancebroz/mlb-pitcher-data/main/data/raw/2026/daily/2026-03-28.parquet,False,2026-03-28,2026-03-28T19:07:00Z,TOR,ATH,H,Tommy Nance,False,RELIEF_OR_BULK,11,4,4,0,0,0,0,1,0,https://statsapi.mlb.com/api/v1.1/game/822838/feed/live,both,True,P,Pitcher,BULLPEN_PITCHER,True,QA_VALIDATED_CANONICAL_V3
680755,4,6,42,42,162,165,Top,822838,https://raw.githubusercontent.com/lancebroz/mlb-pitcher-data/main/data/raw/2026/daily/2026-03-28.parquet,False,2026-03-28,2026-03-28T19:07:00Z,TOR,ATH,H,Braydon Fisher,False,RELIEF_OR_BULK,4,1,2,0,0,0,0,0,0,https://statsapi.mlb.com/api/v1.1/game/822838/feed/live,both,True,P,Pitcher,BULLPEN_PITCHER,True,QA_VALIDATED_CANONICAL_V3
686973,14,10,81,84,305,318,Top,822838,https://raw.githubusercontent.com/lancebroz/mlb-pitcher-data/main/data/raw/2026/daily/2026-03-28.parquet,False,2026-03-28,2026-03-28T19:07:00Z,TOR,ATH,H,Louis Varland,False,RELIEF_OR_BULK,14,4,3,1,0,1,1,1,0,https://statsapi.mlb.com/api/v1.1/game/822838/feed/live,both,True,P,Pitcher,BULLPEN_PITCHER,True,QA_VALIDATED_CANONICAL_V3
689254,9,7,48,49,187,195,Top,822838,https://raw.githubusercontent.com/lancebroz/mlb-pitcher-data/main/data/raw/2026/daily/2026-03-28.parquet,False,2026-03-28,2026-03-28T19:07:00Z,TOR,ATH,H,Mason Fluharty,False,RELIEF_OR_BULK,9,2,0,2,2,2,0,0,0,https://statsapi.mlb.com/api/v1.1/game/822838/feed/live,both,True,P,Pitcher,BULLPEN_PITCHER,True,QA_VALIDATED_CANONICAL_V3
693686,16,11,90,93,333,348,Top,822838,https://raw.githubusercontent.com/lancebroz/mlb-pitcher-data/main/data/raw/2026/daily/2026-03-28.parquet,False,2026-03-28,2026-03-28T19:07:00Z,TOR,ATH,H,Spencer Miles,False,RELIEF_OR_BULK,16,4,3,0,0,0,1,1,0,https://statsapi.mlb.com/api/v1.1/game/822838/feed/live,both,True,P,Pitcher,BULLPEN_PITCHER,True,QA_VALIDATED_CANONICAL_V3
592332,83,1,0,38,1,167,Top,822839,https://raw.githubusercontent.com/lancebroz/mlb-pitcher-data/main/data/raw/2026/daily/2026-03-27.parquet,False,2026-03-27,2026-03-27T23:07:00Z,TOR,ATH,H,Kevin Gausman,True,STARTER,83,19,18,1,1,1,0,11,1,https://statsapi.mlb.com/api/v1.1/game/822839/feed/live,both,True,P,Pitcher,STARTER/OPENER/BULK,True,QA_VALIDATED_CANONICAL_V3
605130,15,6,39,48,168,198,Bot,822839,https://raw.githubusercontent.com/lancebroz/mlb-pitcher-data/main/data/raw/2026/daily/2026-03-27.parquet,False,2026-03-27,2026-03-27T23:07:00Z,ATH,TOR,A,Scott Barlow,False,RELIEF_OR_BULK,15,6,5,0,0,1,0,0,0,https://statsapi.mlb.com/api/v1.1/game/822839/feed/live,both,True,P,Pitcher,BULLPEN_PITCHER,True,QA_VALIDATED_CANONICAL_V3
622663,84,1,3,35,16,152,Bot,822839,https://raw.githubusercontent.com/lancebroz/mlb-pitcher-data/main/data/raw/2026/daily/2026-03-27.parquet,False,2026-03-27,2026-03-27T23:07:00Z,ATH,TOR,A,Luis Severino,True,STARTER,84,20,15,2,2,3,3,3,0,https://statsapi.mlb.com/api/v1.1/game/822839/feed/live,both,True,P,Pitcher,STARTER/OPENER/BULK,True,QA_VALIDATED_CANONICAL_V3
643511,13,8,51,54,204,216,Top,822839,https://raw.githubusercontent.com/lancebroz/mlb-pitcher-data/main/data/raw/2026/daily/2026-03-27.parquet,False,2026-03-27,2026-03-27T23:07:00Z,TOR,ATH,H,Tyler Rogers,False,RELIEF_OR_BULK,13,4,3,0,0,0,1,0,0,https://statsapi.mlb.com/api/v1.1/game/822839/feed/live,both,True,P,Pitcher,BULLPEN_PITCHER,True,QA_VALIDATED_CANONICAL_V3
656546,22,9,58,62,229,250,Top,822839,https://raw.githubusercontent.com/lancebroz/mlb-pitcher-data/main/data/raw/2026/daily/2026-03-27.parquet,False,2026-03-27,2026-03-27T23:07:00Z,TOR,ATH,H,Jeff Hoffman,False,RELIEF_OR_BULK,22,5,3,1,1,1,0,4,1,https://statsapi.mlb.com/api/v1.1/game/822839/feed/live,both,True,P,Pitcher,BULLPEN_PITCHER,True,QA_VALIDATED_CANONICAL_V3
663687,17,7,49,57,199,228,Bot,822839,https://raw.githubusercontent.com/lancebroz/mlb-pitcher-data/main/data/raw/2026/daily/2026-03-27.parquet,False,2026-03-27,2026-03-27T23:07:00Z,ATH,TOR,A,Hogan Harris,False,RELIEF_OR_BULK,17,5,4,0,0,0,1,0,0,https://statsapi.mlb.com/api/v1.1/game/822839/feed/live,both,True,P,Pitcher,BULLPEN_PITCHER,True,QA_VALIDATED_CANONICAL_V3
686973,16,7,42,45,176,191,Top,822839,https://raw.githubusercontent.com/lancebroz/mlb-pitcher-data/main/data/raw/2026/daily/2026-03-27.parquet,False,2026-03-27,2026-03-27T23:07:00Z,TOR,ATH,H,Louis Varland,False,RELIEF_OR_BULK,16,4,3,0,0,1,1,1,0,https://statsapi.mlb.com/api/v1.1/game/822839/feed/live,both,True,P,Pitcher,BULLPEN_PITCHER,True,QA_VALIDATED_CANONICAL_V3
686993,15,9,63,67,251,265,Bot,822839,https://raw.githubusercontent.com/lancebroz/mlb-pitcher-data/main/data/raw/2026/daily/2026-03-27.parquet,False,2026-03-27,2026-03-27T23:07:00Z,ATH,TOR,A,Justin Sterner,False,RELIEF_OR_BULK,15,5,2,1,1,3,0,0,0,https://statsapi.mlb.com/api/v1.1/game/822839/feed/live,both,True,P,Pitcher,BULLPEN_PITCHER,True,QA_VALIDATED_CANONICAL_V3
455119,8,6,39,41,166,173,Top,822915,https://raw.githubusercontent.com/lancebroz/mlb-pitcher-data/main/data/raw/2026/daily/2026-04-08.parquet,False,2026-04-08,2026-04-08T18:35:00Z,TEX,SEA,H,Chris Martin,False,RELIEF_OR_BULK,8,3,3,0,0,0,0,1,0,https://statsapi.mlb.com/api/v1.1/game/822915/feed/live,both,True,P,Pitcher,BULLPEN_PITCHER,True,QA_VALIDATED_CANONICAL_V3
642100,9,8,55,57,223,231,Bot,822915,https://raw.githubusercontent.com/lancebroz/mlb-pitcher-data/main/data/raw/2026/daily/2026-04-08.parquet,False,2026-04-08,2026-04-08T18:35:00Z,SEA,TEX,A,Gabe Speier,False,RELIEF_OR_BULK,9,3,3,0,0,0,0,2,0,https://statsapi.mlb.com/api/v1.1/game/822915/feed/live,both,True,P,Pitcher,BULLPEN_PITCHER,True,QA_VALIDATED_CANONICAL_V3
660825,8,7,49,51,201,208,Bot,822915,https://raw.githubusercontent.com/lancebroz/mlb-pitcher-data/main/data/raw/2026/daily/2026-04-08.parquet,False,2026-04-08,2026-04-08T18:35:00Z,SEA,TEX,A,Eduard Bazardo,False,RELIEF_OR_BULK,8,3,3,0,0,1,0,0,0,https://statsapi.mlb.com/api/v1.1/game/822915/feed/live,both,True,P,Pitcher,BULLPEN_PITCHER,True,QA_VALIDATED_CANONICAL_V3
668390,16,9,58,61,232,247,Top,822915,https://raw.githubusercontent.com/lancebroz/mlb-pitcher-data/main/data/raw/2026/daily/2026-04-08.parquet,False,2026-04-08,2026-04-08T18:35:00Z,TEX,SEA,H,Cole Winn,False,RELIEF_OR_BULK,16,4,3,0,0,1,0,1,0,https://statsapi.mlb.com/api/v1.1/game/822915/feed/live,both,True,P,Pitcher,BULLPEN_PITCHER,True,QA_VALIDATED_CANONICAL_V3
669022,82,1,0,30,1,124,Top,822915,https://raw.githubusercontent.com/lancebroz/mlb-pitcher-data/main/data/raw/2026/daily/2026-04-08.parquet,False,2026-04-08,2026-04-08T18:35:00Z,TEX,SEA,H,MacKenzie Gore,True,STARTER,82,17,15,0,0,1,2,9,0,https://statsapi.mlb.com/api/v1.1/game/822915/feed/live,both,True,P,Pitcher,STARTER/OPENER/BULK,True,QA_VALIDATED_CANONICAL_V3
678606,16,6,42,45,174,189,Bot,822915,https://raw.githubusercontent.com/lancebroz/mlb-pitcher-data/main/data/raw/2026/daily/2026-04-08.parquet,False,2026-04-08,2026-04-08T18:35:00Z,SEA,TEX,A,José A. Ferrer,False,RELIEF_OR_BULK,16,3,3,0,0,0,1,0,0,https://statsapi.mlb.com/api/v1.1/game/822915/feed/live,both,True,P,Pitcher,BULLPEN_PITCHER,True,QA_VALIDATED_CANONICAL_V3
681168,25,7,46,54,190,222,Top,822915,https://raw.githubusercontent.com/lancebroz/mlb-pitcher-data/main/data/raw/2026/daily/2026-04-08.parquet,False,2026-04-08,2026-04-08T18:35:00Z,TEX,SEA,H,Luis Curvelo,False,RELIEF_OR_BULK,25,6,6,0,0,0,0,2,0,https://statsapi.mlb.com/api/v1.1/game/822915/feed/live,both,True,P,Pitcher,BULLPEN_PITCHER,True,QA_VALIDATED_CANONICAL_V3
693433,83,1,5,38,27,165,Bot,822915,https://raw.githubusercontent.com/lancebroz/mlb-pitcher-data/main/data/raw/2026/daily/2026-04-08.parquet,False,2026-04-08,2026-04-08T18:35:00Z,SEA,TEX,A,Bryan Woo,True,STARTER,83,22,15,3,1,5,2,2,0,https://statsapi.mlb.com/api/v1.1/game/822915/feed/live,both,True,P,Pitcher,STARTER/OPENER/BULK,True,QA_VALIDATED_CANONICAL_V3
543135,93,1,0,44,1,151,Top,822916,https://raw.githubusercontent.com/lancebroz/mlb-pitcher-data/main/data/raw/2026/daily/2026-04-07.parquet,False,2026-04-07,2026-04-08T00:05:00Z,TEX,SEA,H,Nathan Eovaldi,True,STARTER,93,26,18,2,2,6,2,7,1,https://statsapi.mlb.com/api/v1.1/game/822916/feed/live,both,True,P,Pitcher,STARTER/OPENER/BULK,True,QA_VALIDATED_CANONICAL_V3
596001,15,9,60,64,207,221,Top,822916,https://raw.githubusercontent.com/lancebroz/mlb-pitcher-data/main/data/raw/2026/daily/2026-04-07.parquet,False,2026-04-07,2026-04-08T00:05:00Z,TEX,SEA,H,Jakob Junis,False,RELIEF_OR_BULK,15,5,3,0,0,2,0,0,0,https://statsapi.mlb.com/api/v1.1/game/822916/feed/live,both,True,P,Pitcher,BULLPEN_PITCHER,True,QA_VALIDATED_CANONICAL_V3
656641,23,7,48,56,163,195,Top,822916,https://raw.githubusercontent.com/lancebroz/mlb-pitcher-data/main/data/raw/2026/daily/2026-04-07.parquet,False,2026-04-07,2026-04-08T00:05:00Z,TEX,SEA,H,Jacob Latz,False,RELIEF_OR_BULK,23,6,6,0,0,0,0,2,0,https://statsapi.mlb.com/api/v1.1/game/822916/feed/live,both,True,P,Pitcher,BULLPEN_PITCHER,True,QA_VALIDATED_CANONICAL_V3
669923,90,1,4,59,12,206,Bot,822916,https://raw.githubusercontent.com/lancebroz/mlb-pitcher-data/main/data/raw/2026/daily/2026-04-07.parquet,False,2026-04-07,2026-04-08T00:05:00Z,SEA,TEX,A,George Kirby,True,STARTER,90,28,24,3,3,6,0,4,1,https://statsapi.mlb.com/api/v1.1/game/822916/feed/live,both,True,P,Pitcher,STARTER/OPENER/BULK,True,QA_VALIDATED_CANONICAL_V3
455119,13,8,60,70,252,292,Top,822917,https://raw.githubusercontent.com/lancebroz/mlb-pitcher-data/main/data/raw/2026/daily/2026-04-05.parquet,False,2026-04-05,2026-04-05T18:35:00Z,TEX,CIN,H,Chris Martin,False,RELIEF_OR_BULK,13,6,4,0,0,3,0,1,0,https://statsapi.mlb.com/api/v1.1/game/822917/feed/live,both,True,P,Pitcher,BULLPEN_PITCHER,True,QA_VALIDATED_CANONICAL_V3
572955,20,7,52,54,206,225,Bot,822917,https://raw.githubusercontent.com/lancebroz/mlb-pitcher-data/main/data/raw/2026/daily/2026-04-05.parquet,False,2026-04-05,2026-04-05T18:35:00Z,CIN,TEX,A,Pierce Johnson,False,RELIEF_OR_BULK,20,3,2,0,0,0,1,1,0,https://statsapi.mlb.com/api/v1.1/game/822917/feed/live,both,True,P,Pitcher,BULLPEN_PITCHER,True,QA_VALIDATED_CANONICAL_V3
594580,6,7,55,55,226,231,Bot,822917,https://raw.githubusercontent.com/lancebroz/mlb-pitcher-data/main/data/raw/2026/daily/2026-04-05.parquet,False,2026-04-05,2026-04-05T18:35:00Z,CIN,TEX,A,Sam Moll,False,RELIEF_OR_BULK,6,1,1,0,0,0,0,1,0,https://statsapi.mlb.com/api/v1.1/game/822917/feed/live,both,True,P,Pitcher,BULLPEN_PITCHER,True,QA_VALIDATED_CANONICAL_V3
656222,2,9,71,71,293,294,Top,822917,https://raw.githubusercontent.com/lancebroz/mlb-pitcher-data/main/data/raw/2026/daily/2026-04-05.parquet,False,2026-04-05,2026-04-05T18:35:00Z,TEX,CIN,H,Jalen Beeks,False,RELIEF_OR_BULK,2,1,1,0,0,0,0,0,0,https://statsapi.mlb.com/api/v1.1/game/822917/feed/live,both,True,P,Pitcher,BULLPEN_PITCHER,True,QA_VALIDATED_CANONICAL_V3
656271,14,9,72,74,295,308,Bot,822917,https://raw.githubusercontent.com/lancebroz/mlb-pitcher-data/main/data/raw/2026/daily/2026-04-05.parquet,False,2026-04-05,2026-04-05T18:35:00Z,CIN,TEX,A,Brock Burke,False,RELIEF_OR_BULK,14,3,3,0,0,0,0,3,0,https://statsapi.mlb.com/api/v1.1/game/822917/feed/live,both,True,P,Pitcher,BULLPEN_PITCHER,True,QA_VALIDATED_CANONICAL_V3
656641,19,6,38,41,152,170,Top,822917,https://raw.githubusercontent.com/lancebroz/mlb-pitcher-data/main/data/raw/2026/daily/2026-04-05.parquet,False,2026-04-05,2026-04-05T18:35:00Z,TEX,CIN,H,Jacob Latz,False,RELIEF_OR_BULK,19,4,3,0,0,0,1,1,0,https://statsapi.mlb.com/api/v1.1/game/822917/feed/live,both,True,P,Pitcher,BULLPEN_PITCHER,True,QA_VALIDATED_CANONICAL_V3
668390,14,7,46,49,185,198,Top,822917,https://raw.githubusercontent.com/lancebroz/mlb-pitcher-data/main/data/raw/2026/daily/2026-04-05.parquet,False,2026-04-05,2026-04-05T18:35:00Z,TEX,CIN,H,Cole Winn,False,RELIEF_OR_BULK,14,4,3,0,0,1,0,1,0,https://statsapi.mlb.com/api/v1.1/game/822917/feed/live,both,True,P,Pitcher,BULLPEN_PITCHER,True,QA_VALIDATED_CANONICAL_V3
676395,20,8,56,59,232,251,Top,822917,https://raw.githubusercontent.com/lancebroz/mlb-pitcher-data/main/data/raw/2026/daily/2026-04-05.parquet,False,2026-04-05,2026-04-05T18:35:00Z,TEX,CIN,H,Robert Garcia,False,RELIEF_OR_BULK,20,4,1,1,1,1,2,0,0,https://statsapi.mlb.com/api/v1.1/game/822917/feed/live,both,True,P,Pitcher,BULLPEN_PITCHER,True,QA_VALIDATED_CANONICAL_V3
683004,85,1,0,33,1,137,Top,822917,https://raw.githubusercontent.com/lancebroz/mlb-pitcher-data/main/data/raw/2026/daily/2026-04-05.parquet,False,2026-04-05,2026-04-05T18:35:00Z,TEX,CIN,H,Jack Leiter,True,STARTER,85,20,15,1,1,4,1,9,0,https://statsapi.mlb.com/api/v1.1/game/822917/feed/live,both,True,P,Pitcher,STARTER/OPENER/BULK,True,QA_VALIDATED_CANONICAL_V3
683175,28,8,62,66,258,285,Bot,822917,https://raw.githubusercontent.com/lancebroz/mlb-pitcher-data/main/data/raw/2026/daily/2026-04-05.parquet,False,2026-04-05,2026-04-05T18:35:00Z,CIN,TEX,A,Connor Phillips,False,RELIEF_OR_BULK,28,5,3,0,0,1,1,1,0,https://statsapi.mlb.com/api/v1.1/game/822917/feed/live,both,True,P,Pitcher,BULLPEN_PITCHER,True,QA_VALIDATED_CANONICAL_V3
695505,87,1,4,51,23,205,Bot,822917,https://raw.githubusercontent.com/lancebroz/mlb-pitcher-data/main/data/raw/2026/daily/2026-04-05.parquet,False,2026-04-05,2026-04-05T18:35:00Z,CIN,TEX,A,Chase Burns,True,STARTER,87,24,18,1,1,5,1,9,1,https://statsapi.mlb.com/api/v1.1/game/822917/feed/live,both,True,P,Pitcher,STARTER/OPENER/BULK,True,QA_VALIDATED_CANONICAL_V3
594798,78,1,0,32,1,144,Top,822918,https://raw.githubusercontent.com/lancebroz/mlb-pitcher-data/main/data/raw/2026/daily/2026-04-06.parquet,False,2026-04-06,2026-04-07T00:05:00Z,TEX,SEA,H,Jacob deGrom,True,STARTER,78,17,15,1,1,1,1,6,1,https://statsapi.mlb.com/api/v1.1/game/822918/feed/live,both,True,P,Pitcher,STARTER/OPENER/BULK,True,QA_VALIDATED_CANONICAL_V3
596001,4,9,60,62,260,263,Top,822918,https://raw.githubusercontent.com/lancebroz/mlb-pitcher-data/main/data/raw/2026/daily/2026-04-06.parquet,False,2026-04-06,2026-04-07T00:05:00Z,TEX,SEA,H,Jakob Junis,False,RELIEF_OR_BULK,4,3,3,0,0,0,0,0,0,https://statsapi.mlb.com/api/v1.1/game/822918/feed/live,both,True,P,Pitcher,BULLPEN_PITCHER,True,QA_VALIDATED_CANONICAL_V3
641302,17,7,45,47,191,207,Top,822918,https://raw.githubusercontent.com/lancebroz/mlb-pitcher-data/main/data/raw/2026/daily/2026-04-06.parquet,False,2026-04-06,2026-04-07T00:05:00Z,TEX,SEA,H,Tyler Alexander,False,RELIEF_OR_BULK,17,3,2,0,0,1,0,1,0,https://statsapi.mlb.com/api/v1.1/game/822918/feed/live,both,True,P,Pitcher,BULLPEN_PITCHER,True,QA_VALIDATED_CANONICAL_V3
656222,16,6,36,39,155,170,Top,822918,https://raw.githubusercontent.com/lancebroz/mlb-pitcher-data/main/data/raw/2026/daily/2026-04-06.parquet,False,2026-04-06,2026-04-07T00:05:00Z,TEX,SEA,H,Jalen Beeks,False,RELIEF_OR_BULK,16,4,3,0,0,0,1,0,0,https://statsapi.mlb.com/api/v1.1/game/822918/feed/live,both,True,P,Pitcher,BULLPEN_PITCHER,True,QA_VALIDATED_CANONICAL_V3
668390,3,7,48,48,208,210,Top,822918,https://raw.githubusercontent.com/lancebroz/mlb-pitcher-data/main/data/raw/2026/daily/2026-04-06.parquet,False,2026-04-06,2026-04-07T00:05:00Z,TEX,SEA,H,Cole Winn,False,RELIEF_OR_BULK,3,1,1,0,0,0,0,0,0,https://statsapi.mlb.com/api/v1.1/game/822918/feed/live,both,True,P,Pitcher,BULLPEN_PITCHER,True,QA_VALIDATED_CANONICAL_V3
669302,96,1,4,44,25,190,Bot,822918,https://raw.githubusercontent.com/lancebroz/mlb-pitcher-data/main/data/raw/2026/daily/2026-04-06.parquet,False,2026-04-06,2026-04-07T00:05:00Z,SEA,TEX,A,Logan Gilbert,True,STARTER,96,23,18,2,2,6,0,5,0,https://statsapi.mlb.com/api/v1.1/game/822918/feed/live,both,True,P,Pitcher,STARTER/OPENER/BULK,True,QA_VALIDATED_CANONICAL_V3
676395,14,8,52,54,223,236,Top,822918,https://raw.githubusercontent.com/lancebroz/mlb-pitcher-data/main/data/raw/2026/daily/2026-04-06.parquet,False,2026-04-06,2026-04-07T00:05:00Z,TEX,SEA,H,Robert Garcia,False,RELIEF_OR_BULK,14,3,3,0,0,0,0,0,0,https://statsapi.mlb.com/api/v1.1/game/822918/feed/live,both,True,P,Pitcher,BULLPEN_PITCHER,True,QA_VALIDATED_CANONICAL_V3
678606,12,7,49,51,211,222,Bot,822918,https://raw.githubusercontent.com/lancebroz/mlb-pitcher-data/main/data/raw/2026/daily/2026-04-06.parquet,False,2026-04-06,2026-04-07T00:05:00Z,SEA,TEX,A,José A. Ferrer,False,RELIEF_OR_BULK,12,3,3,0,0,0,0,2,0,https://statsapi.mlb.com/api/v1.1/game/822918/feed/live,both,True,P,Pitcher,BULLPEN_PITCHER,True,QA_VALIDATED_CANONICAL_V3
681867,23,8,55,59,237,259,Bot,822918,https://raw.githubusercontent.com/lancebroz/mlb-pitcher-data/main/data/raw/2026/daily/2026-04-06.parquet,False,2026-04-06,2026-04-07T00:05:00Z,SEA,TEX,A,Cooper Criswell,False,RELIEF_OR_BULK,23,5,3,0,0,1,2,0,0,https://statsapi.mlb.com/api/v1.1/game/822918/feed/live,both,True,P,Pitcher,BULLPEN_PITCHER,True,QA_VALIDATED_CANONICAL_V3
455119,23,9,66,70,244,266,Top,822919,https://raw.githubusercontent.com/lancebroz/mlb-pitcher-data/main/data/raw/2026/daily/2026-04-03.parquet,False,2026-04-03,2026-04-03T20:05:00Z,TEX,CIN,H,Chris Martin,False,RELIEF_OR_BULK,23,5,3,2,2,2,0,0,1,https://statsapi.mlb.com/api/v1.1/game/822919/feed/live,both,True,P,Pitcher,BULLPEN_PITCHER,True,QA_VALIDATED_CANONICAL_V3
594580,12,6,46,49,176,187,Bot,822919,https://raw.githubusercontent.com/lancebroz/mlb-pitcher-data/main/data/raw/2026/daily/2026-04-03.parquet,False,2026-04-03,2026-04-03T20:05:00Z,CIN,TEX,A,Sam Moll,False,RELIEF_OR_BULK,12,4,3,0,0,0,1,1,0,https://statsapi.mlb.com/api/v1.1/game/822919/feed/live,both,True,P,Pitcher,BULLPEN_PITCHER,True,QA_VALIDATED_CANONICAL_V3
596001,12,8,60,62,222,233,Top,822919,https://raw.githubusercontent.com/lancebroz/mlb-pitcher-data/main/data/raw/2026/daily/2026-04-03.parquet,False,2026-04-03,2026-04-03T20:05:00Z,TEX,CIN,H,Jakob Junis,False,RELIEF_OR_BULK,12,3,3,0,0,0,0,1,0,https://statsapi.mlb.com/api/v1.1/game/822919/feed/live,both,True,P,Pitcher,BULLPEN_PITCHER,True,QA_VALIDATED_CANONICAL_V3
641941,13,9,71,73,267,279,Bot,822919,https://raw.githubusercontent.com/lancebroz/mlb-pitcher-data/main/data/raw/2026/daily/2026-04-03.parquet,False,2026-04-03,2026-04-03T20:05:00Z,CIN,TEX,A,Emilio Pagán,False,RELIEF_OR_BULK,13,3,3,0,0,0,0,1,0,https://statsapi.mlb.com/api/v1.1/game/822919/feed/live,both,True,P,Pitcher,BULLPEN_PITCHER,True,QA_VALIDATED_CANONICAL_V3
663574,10,8,63,65,234,243,Bot,822919,https://raw.githubusercontent.com/lancebroz/mlb-pitcher-data/main/data/raw/2026/daily/2026-04-03.parquet,False,2026-04-03,2026-04-03T20:05:00Z,CIN,TEX,A,Tony Santillan,False,RELIEF_OR_BULK,10,3,3,0,0,0,0,0,0,https://statsapi.mlb.com/api/v1.1/game/822919/feed/live,both,True,P,Pitcher,BULLPEN_PITCHER,True,QA_VALIDATED_CANONICAL_V3
663903,87,1,3,45,17,175,Bot,822919,https://raw.githubusercontent.com/lancebroz/mlb-pitcher-data/main/data/raw/2026/daily/2026-04-03.parquet,False,2026-04-03,2026-04-03T20:05:00Z,CIN,TEX,A,Brady Singer,True,STARTER,87,22,15,2,2,6,1,5,0,https://statsapi.mlb.com/api/v1.1/game/822919/feed/live,both,True,P,Pitcher,STARTER/OPENER/BULK,True,QA_VALIDATED_CANONICAL_V3
668390,17,7,50,54,188,204,Top,822919,https://raw.githubusercontent.com/lancebroz/mlb-pitcher-data/main/data/raw/2026/daily/2026-04-03.parquet,False,2026-04-03,2026-04-03T20:05:00Z,TEX,CIN,H,Cole Winn,False,RELIEF_OR_BULK,17,5,3,0,0,2,0,1,0,https://statsapi.mlb.com/api/v1.1/game/822919/feed/live,both,True,P,Pitcher,BULLPEN_PITCHER,True,QA_VALIDATED_CANONICAL_V3
668933,17,7,55,59,205,221,Bot,822919,https://raw.githubusercontent.com/lancebroz/mlb-pitcher-data/main/data/raw/2026/daily/2026-04-03.parquet,False,2026-04-03,2026-04-03T20:05:00Z,CIN,TEX,A,Graham Ashcraft,False,RELIEF_OR_BULK,17,5,3,1,1,2,0,2,0,https://statsapi.mlb.com/api/v1.1/game/822919/feed/live,both,True,P,Pitcher,BULLPEN_PITCHER,True,QA_VALIDATED_CANONICAL_V3
669022,88,1,0,44,1,173,Top,822919,https://raw.githubusercontent.com/lancebroz/mlb-pitcher-data/main/data/raw/2026/daily/2026-04-03.parquet,False,2026-04-03,2026-04-03T20:05:00Z,TEX,CIN,H,MacKenzie Gore,True,STARTER,88,24,18,3,3,6,0,9,2,https://statsapi.mlb.com/api/v1.1/game/822919/feed/live,both,True,P,Pitcher,STARTER/OPENER/BULK,True,QA_VALIDATED_CANONICAL_V3
641302,13,9,63,66,235,247,Top,822920,https://raw.githubusercontent.com/lancebroz/mlb-pitcher-data/main/data/raw/2026/daily/2026-04-04.parquet,False,2026-04-04,2026-04-04T23:05:00Z,TEX,CIN,H,Tyler Alexander,False,RELIEF_OR_BULK,13,4,3,0,0,1,0,1,0,https://statsapi.mlb.com/api/v1.1/game/822920/feed/live,both,True,P,Pitcher,BULLPEN_PITCHER,True,QA_VALIDATED_CANONICAL_V3
641941,23,9,67,71,248,270,Bot,822920,https://raw.githubusercontent.com/lancebroz/mlb-pitcher-data/main/data/raw/2026/daily/2026-04-04.parquet,False,2026-04-04,2026-04-04T23:05:00Z,CIN,TEX,A,Emilio Pagán,False,RELIEF_OR_BULK,23,5,3,0,0,1,2,1,0,https://statsapi.mlb.com/api/v1.1/game/822920/feed/live,both,True,P,Pitcher,BULLPEN_PITCHER,True,QA_VALIDATED_CANONICAL_V3
656222,16,6,43,46,154,169,Top,822920,https://raw.githubusercontent.com/lancebroz/mlb-pitcher-data/main/data/raw/2026/daily/2026-04-04.parquet,False,2026-04-04,2026-04-04T23:05:00Z,TEX,CIN,H,Jalen Beeks,False,RELIEF_OR_BULK,16,4,3,0,0,1,0,0,0,https://statsapi.mlb.com/api/v1.1/game/822920/feed/live,both,True,P,Pitcher,BULLPEN_PITCHER,True,QA_VALIDATED_CANONICAL_V3
656641,15,7,50,52,179,193,Top,822920,https://raw.githubusercontent.com/lancebroz/mlb-pitcher-data/main/data/raw/2026/daily/2026-04-04.parquet,False,2026-04-04,2026-04-04T23:05:00Z,TEX,CIN,H,Jacob Latz,False,RELIEF_OR_BULK,15,3,3,0,0,0,0,2,0,https://statsapi.mlb.com/api/v1.1/game/822920/feed/live,both,True,P,Pitcher,BULLPEN_PITCHER,True,QA_VALIDATED_CANONICAL_V3
663574,11,8,60,62,224,234,Bot,822920,https://raw.githubusercontent.com/lancebroz/mlb-pitcher-data/main/data/raw/2026/daily/2026-04-04.parquet,False,2026-04-04,2026-04-04T23:05:00Z,CIN,TEX,A,Tony Santillan,False,RELIEF_OR_BULK,11,3,3,0,0,0,0,1,0,https://statsapi.mlb.com/api/v1.1/game/822920/feed/live,both,True,P,Pitcher,BULLPEN_PITCHER,True,QA_VALIDATED_CANONICAL_V3
668933,18,7,53,56,194,211,Bot,822920,https://raw.githubusercontent.com/lancebroz/mlb-pitcher-data/main/data/raw/2026/daily/2026-04-04.parquet,False,2026-04-04,2026-04-04T23:05:00Z,CIN,TEX,A,Graham Ashcraft,False,RELIEF_OR_BULK,18,4,3,0,0,0,1,1,0,https://statsapi.mlb.com/api/v1.1/game/822920/feed/live,both,True,P,Pitcher,BULLPEN_PITCHER,True,QA_VALIDATED_CANONICAL_V3
677958,80,1,0,38,1,142,Top,822920,https://raw.githubusercontent.com/lancebroz/mlb-pitcher-data/main/data/raw/2026/daily/2026-04-04.parquet,False,2026-04-04,2026-04-04T23:05:00Z,TEX,CIN,H,Kumar Rocker,True,STARTER,80,23,15,2,2,6,1,3,0,https://statsapi.mlb.com/api/v1.1/game/822920/feed/live,both,True,P,Pitcher,STARTER/OPENER/BULK,True,QA_VALIDATED_CANONICAL_V3
691945,12,8,57,59,212,223,Top,822920,https://raw.githubusercontent.com/lancebroz/mlb-pitcher-data/main/data/raw/2026/daily/2026-04-04.parquet,False,2026-04-04,2026-04-04T23:05:00Z,TEX,CIN,H,Carter Baumler,False,RELIEF_OR_BULK,12,3,3,0,0,0,0,1,0,https://statsapi.mlb.com/api/v1.1/game/822920/feed/live,both,True,P,Pitcher,BULLPEN_PITCHER,True,QA_VALIDATED_CANONICAL_V3
695076,82,1,7,49,20,178,Bot,822920,https://raw.githubusercontent.com/lancebroz/mlb-pitcher-data/main/data/raw/2026/daily/2026-04-04.parquet,False,2026-04-04,2026-04-04T23:05:00Z,CIN,TEX,A,Rhett Lowder,True,STARTER,82,23,18,0,0,3,2,4,0,https://statsapi.mlb.com/api/v1.1/game/822920/feed/live,both,True,P,Pitcher,STARTER/OPENER/BULK,True,QA_VALIDATED_CANONICAL_V3
518585,12,9,71,73,248,259,Bot,822996,https://raw.githubusercontent.com/lancebroz/mlb-pitcher-data/main/data/raw/2026/daily/2026-04-11.parquet,False,2026-04-11,2026-04-11T22:10:00Z,NYY,TB,A,Fernando Cruz,False,RELIEF_OR_BULK,12,3,2,0,0,1,0,1,0,https://statsapi.mlb.com/api/v1.1/game/822996/feed/live,both,True,P,Pitcher,BULLPEN_PITCHER,True,QA_VALIDATED_CANONICAL_V3
607259,87,1,0,35,1,139,Top,822996,https://raw.githubusercontent.com/lancebroz/mlb-pitcher-data/main/data/raw/2026/daily/2026-04-11.parquet,False,2026-04-11,2026-04-11T22:10:00Z,TB,NYY,H,Nick Martinez,True,STARTER,87,22,14,1,1,5,3,4,1,https://statsapi.mlb.com/api/v1.1/game/822996/feed/live,both,True,P,Pitcher,STARTER/OPENER/BULK,True,QA_VALIDATED_CANONICAL_V3
608331,94,1,5,65,20,234,Bot,822996,https://raw.githubusercontent.com/lancebroz/mlb-pitcher-data/main/data/raw/2026/daily/2026-04-11.parquet,False,2026-04-11,2026-04-11T22:10:00Z,NYY,TB,A,Max Fried,True,STARTER,94,30,24,3,3,6,0,6,0,https://statsapi.mlb.com/api/v1.1/game/822996/feed/live,both,True,P,Pitcher,STARTER/OPENER/BULK,True,QA_VALIDATED_CANONICAL_V3
641329,20,8,55,60,205,224,Top,822996,https://raw.githubusercontent.com/lancebroz/mlb-pitcher-data/main/data/raw/2026/daily/2026-04-11.parquet,False,2026-04-11,2026-04-11T22:10:00Z,TB,NYY,H,Bryan Baker,False,RELIEF_OR_BULK,20,6,3,2,2,2,1,0,0,https://statsapi.mlb.com/api/v1.1/game/822996/feed/live,both,True,P,Pitcher,BULLPEN_PITCHER,True,QA_VALIDATED_CANONICAL_V3
642121,11,10,75,78,261,271,Top,822996,https://raw.githubusercontent.com/lancebroz/mlb-pitcher-data/main/data/raw/2026/daily/2026-04-11.parquet,False,2026-04-11,2026-04-11T22:10:00Z,TB,NYY,H,Cole Sulser,False,RELIEF_OR_BULK,11,4,3,1,0,1,0,0,0,https://statsapi.mlb.com/api/v1.1/game/822996/feed/live,both,True,P,Pitcher,BULLPEN_PITCHER,True,QA_VALIDATED_CANONICAL_V3
643377,8,7,50,51,187,194,Top,822996,https://raw.githubusercontent.com/lancebroz/mlb-pitcher-data/main/data/raw/2026/daily/2026-04-11.parquet,False,2026-04-11,2026-04-11T22:10:00Z,TB,NYY,H,Griffin Jax,False,RELIEF_OR_BULK,8,2,1,0,0,0,1,1,0,https://statsapi.mlb.com/api/v1.1/game/822996/feed/live,both,True,P,Pitcher,BULLPEN_PITCHER,True,QA_VALIDATED_CANONICAL_V3
657612,1,9,74,74,260,260,Bot,822996,https://raw.githubusercontent.com/lancebroz/mlb-pitcher-data/main/data/raw/2026/daily/2026-04-11.parquet,False,2026-04-11,2026-04-11T22:10:00Z,NYY,TB,A,Tim Hill,False,RELIEF_OR_BULK,1,1,1,0,0,0,0,0,0,https://statsapi.mlb.com/api/v1.1/game/822996/feed/live,both,True,P,Pitcher,BULLPEN_PITCHER,True,QA_VALIDATED_CANONICAL_V3
670280,13,10,79,83,272,284,Bot,822996,https://raw.githubusercontent.com/lancebroz/mlb-pitcher-data/main/data/raw/2026/daily/2026-04-11.parquet,False,2026-04-11,2026-04-11T22:10:00Z,NYY,TB,A,David Bednar,False,RELIEF_OR_BULK,13,5,1,2,1,2,1,1,0,https://statsapi.mlb.com/api/v1.1/game/822996/feed/live,both,True,P,Pitcher,BULLPEN_PITCHER,True,QA_VALIDATED_CANONICAL_V3
685801,13,9,66,70,235,247,Top,822996,https://raw.githubusercontent.com/lancebroz/mlb-pitcher-data/main/data/raw/2026/daily/2026-04-11.parquet,False,2026-04-11,2026-04-11T22:10:00Z,TB,NYY,H,Hunter Bigge,False,RELIEF_OR_BULK,13,5,3,0,0,0,2,0,0,https://statsapi.mlb.com/api/v1.1/game/822996/feed/live,both,True,P,Pitcher,BULLPEN_PITCHER,True,QA_VALIDATED_CANONICAL_V3
687330,4,5,36,36,140,143,Top,822996,https://raw.githubusercontent.com/lancebroz/mlb-pitcher-data/main/data/raw/2026/daily/2026-04-11.parquet,False,2026-04-11,2026-04-11T22:10:00Z,TB,NYY,H,Kevin Kelly,False,RELIEF_OR_BULK,4,1,1,0,0,0,0,1,0,https://statsapi.mlb.com/api/v1.1/game/822996/feed/live,both,True,P,Pitcher,BULLPEN_PITCHER,True,QA_VALIDATED_CANONICAL_V3
693855,21,6,40,49,153,186,Top,822996,https://raw.githubusercontent.com/lancebroz/mlb-pitcher-data/main/data/raw/2026/daily/2026-04-11.parquet,False,2026-04-11,2026-04-11T22:10:00Z,TB,NYY,H,Ian Seymour,False,RELIEF_OR_BULK,21,5,5,0,0,0,0,3,0,https://statsapi.mlb.com/api/v1.1/game/822996/feed/live,both,True,P,Pitcher,BULLPEN_PITCHER,True,QA_VALIDATED_CANONICAL_V3
571927,88,1,0,38,1,176,Top,822997,https://raw.githubusercontent.com/lancebroz/mlb-pitcher-data/main/data/raw/2026/daily/2026-04-10.parquet,False,2026-04-10,2026-04-10T23:10:00Z,TB,NYY,H,Steven Matz,True,STARTER,88,20,15,2,2,2,2,7,0,https://statsapi.mlb.com/api/v1.1/game/822997/feed/live,both,True,P,Pitcher,STARTER/OPENER/BULK,True,QA_VALIDATED_CANONICAL_V3
641329,16,9,69,73,293,308,Top,822997,https://raw.githubusercontent.com/lancebroz/mlb-pitcher-data/main/data/raw/2026/daily/2026-04-10.parquet,False,2026-04-10,2026-04-10T23:10:00Z,TB,NYY,H,Bryan Baker,False,RELIEF_OR_BULK,16,5,3,0,0,2,0,1,0,https://statsapi.mlb.com/api/v1.1/game/822997/feed/live,both,True,P,Pitcher,BULLPEN_PITCHER,True,QA_VALIDATED_CANONICAL_V3
642232,28,7,57,68,251,292,Bot,822997,https://raw.githubusercontent.com/lancebroz/mlb-pitcher-data/main/data/raw/2026/daily/2026-04-10.parquet,False,2026-04-10,2026-04-10T23:10:00Z,NYY,TB,A,Ryan Yarbrough,False,RELIEF_OR_BULK,28,8,6,0,0,1,2,0,0,https://statsapi.mlb.com/api/v1.1/game/822997/feed/live,both,True,P,Pitcher,BULLPEN_PITCHER,True,QA_VALIDATED_CANONICAL_V3
643377,13,6,44,46,197,209,Top,822997,https://raw.githubusercontent.com/lancebroz/mlb-pitcher-data/main/data/raw/2026/daily/2026-04-10.parquet,False,2026-04-10,2026-04-10T23:10:00Z,TB,NYY,H,Griffin Jax,False,RELIEF_OR_BULK,13,3,3,0,0,0,0,2,0,https://statsapi.mlb.com/api/v1.1/game/822997/feed/live,both,True,P,Pitcher,BULLPEN_PITCHER,True,QA_VALIDATED_CANONICAL_V3
656234,20,5,39,43,177,196,Bot,822997,https://raw.githubusercontent.com/lancebroz/mlb-pitcher-data/main/data/raw/2026/daily/2026-04-10.parquet,False,2026-04-10,2026-04-10T23:10:00Z,NYY,TB,A,Jake Bird,False,RELIEF_OR_BULK,20,5,3,0,0,2,0,2,0,https://statsapi.mlb.com/api/v1.1/game/822997/feed/live,both,True,P,Pitcher,BULLPEN_PITCHER,True,QA_VALIDATED_CANONICAL_V3
661563,88,1,6,34,27,160,Bot,822997,https://raw.githubusercontent.com/lancebroz/mlb-pitcher-data/main/data/raw/2026/daily/2026-04-10.parquet,False,2026-04-10,2026-04-10T23:10:00Z,NYY,TB,A,Luis Gil,True,STARTER,88,19,12,3,3,3,3,2,1,https://statsapi.mlb.com/api/v1.1/game/822997/feed/live,both,True,P,Pitcher,STARTER/OPENER/BULK,True,QA_VALIDATED_CANONICAL_V3
666808,8,6,51,53,226,233,Bot,822997,https://raw.githubusercontent.com/lancebroz/mlb-pitcher-data/main/data/raw/2026/daily/2026-04-10.parquet,False,2026-04-10,2026-04-10T23:10:00Z,NYY,TB,A,Camilo Doval,False,RELIEF_OR_BULK,8,3,2,0,0,1,0,0,0,https://statsapi.mlb.com/api/v1.1/game/822997/feed/live,both,True,P,Pitcher,BULLPEN_PITCHER,True,QA_VALIDATED_CANONICAL_V3
685801,14,8,61,64,266,279,Top,822997,https://raw.githubusercontent.com/lancebroz/mlb-pitcher-data/main/data/raw/2026/daily/2026-04-10.parquet,False,2026-04-10,2026-04-10T23:10:00Z,TB,NYY,H,Hunter Bigge,False,RELIEF_OR_BULK,14,4,3,1,1,1,0,1,1,https://statsapi.mlb.com/api/v1.1/game/822997/feed/live,both,True,P,Pitcher,BULLPEN_PITCHER,True,QA_VALIDATED_CANONICAL_V3
687396,16,6,47,50,210,225,Bot,822997,https://raw.githubusercontent.com/lancebroz/mlb-pitcher-data/main/data/raw/2026/daily/2026-04-10.parquet,False,2026-04-10,2026-04-10T23:10:00Z,NYY,TB,A,Brent Headrick,False,RELIEF_OR_BULK,16,4,1,2,1,2,0,1,0,https://statsapi.mlb.com/api/v1.1/game/822997/feed/live,both,True,P,Pitcher,BULLPEN_PITCHER,True,QA_VALIDATED_CANONICAL_V3
693855,17,7,54,56,234,250,Top,822997,https://raw.githubusercontent.com/lancebroz/mlb-pitcher-data/main/data/raw/2026/daily/2026-04-10.parquet,False,2026-04-10,2026-04-10T23:10:00Z,TB,NYY,H,Ian Seymour,False,RELIEF_OR_BULK,17,3,3,0,0,0,0,1,0,https://statsapi.mlb.com/api/v1.1/game/822997/feed/live,both,True,P,Pitcher,BULLPEN_PITCHER,True,QA_VALIDATED_CANONICAL_V3
571948,17,6,48,57,183,209,Bot,822999,https://raw.githubusercontent.com/lancebroz/mlb-pitcher-data/main/data/raw/2026/daily/2026-04-07.parquet,False,2026-04-07,2026-04-07T22:40:00Z,CHC,TB,A,Hoby Milner,False,RELIEF_OR_BULK,17,6,4,0,0,2,0,0,0,https://statsapi.mlb.com/api/v1.1/game/822999/feed/live,both,True,P,Pitcher,BULLPEN_PITCHER,True,QA_VALIDATED_CANONICAL_V3
573204,2,8,70,70,261,262,Bot,822999,https://raw.githubusercontent.com/lancebroz/mlb-pitcher-data/main/data/raw/2026/daily/2026-04-07.parquet,False,2026-04-07,2026-04-07T22:40:00Z,CHC,TB,A,Caleb Thielbar,False,RELIEF_OR_BULK,2,1,1,0,0,0,0,0,0,https://statsapi.mlb.com/api/v1.1/game/822999/feed/live,both,True,P,Pitcher,BULLPEN_PITCHER,True,QA_VALIDATED_CANONICAL_V3
642121,37,4,28,44,98,165,Top,822999,https://raw.githubusercontent.com/lancebroz/mlb-pitcher-data/main/data/raw/2026/daily/2026-04-07.parquet,False,2026-04-07,2026-04-07T22:40:00Z,TB,CHC,H,Cole Sulser,False,RELIEF_OR_BULK,37,10,7,1,1,3,1,2,0,https://statsapi.mlb.com/api/v1.1/game/822999/feed/live,both,True,P,Pitcher,BULLPEN_PITCHER,True,QA_VALIDATED_CANONICAL_V3
657097,14,9,77,80,286,299,Bot,822999,https://raw.githubusercontent.com/lancebroz/mlb-pitcher-data/main/data/raw/2026/daily/2026-04-07.parquet,False,2026-04-07,2026-04-07T22:40:00Z,CHC,TB,A,Jacob Webb,False,RELIEF_OR_BULK,14,4,3,0,0,0,1,1,0,https://statsapi.mlb.com/api/v1.1/game/822999/feed/live,both,True,P,Pitcher,BULLPEN_PITCHER,True,QA_VALIDATED_CANONICAL_V3
664208,26,8,64,69,235,260,Bot,822999,https://raw.githubusercontent.com/lancebroz/mlb-pitcher-data/main/data/raw/2026/daily/2026-04-07.parquet,False,2026-04-07,2026-04-07T22:40:00Z,CHC,TB,A,Phil Maton,False,RELIEF_OR_BULK,26,6,2,2,2,3,0,1,0,https://statsapi.mlb.com/api/v1.1/game/822999/feed/live,both,True,P,Pitcher,BULLPEN_PITCHER,True,QA_VALIDATED_CANONICAL_V3
665871,80,1,4,47,17,182,Bot,822999,https://raw.githubusercontent.com/lancebroz/mlb-pitcher-data/main/data/raw/2026/daily/2026-04-07.parquet,False,2026-04-07,2026-04-07T22:40:00Z,CHC,TB,A,Javier Assad,True,STARTER,80,19,17,0,0,1,2,3,0,https://statsapi.mlb.com/api/v1.1/game/822999/feed/live,both,True,P,Pitcher,STARTER/OPENER/BULK,True,QA_VALIDATED_CANONICAL_V3
669438,65,1,0,27,1,97,Top,822999,https://raw.githubusercontent.com/lancebroz/mlb-pitcher-data/main/data/raw/2026/daily/2026-04-07.parquet,False,2026-04-07,2026-04-07T22:40:00Z,TB,CHC,H,Mason Englert,True,STARTER,65,19,11,4,3,7,1,2,0,https://statsapi.mlb.com/api/v1.1/game/822999/feed/live,both,True,P,Pitcher,STARTER/OPENER/BULK,True,QA_VALIDATED_CANONICAL_V3
672782,58,7,50,76,186,285,Top,822999,https://raw.githubusercontent.com/lancebroz/mlb-pitcher-data/main/data/raw/2026/daily/2026-04-07.parquet,False,2026-04-07,2026-04-07T22:40:00Z,TB,CHC,H,Yoendrys Gómez,False,RELIEF_OR_BULK,58,16,9,4,4,6,1,1,2,https://statsapi.mlb.com/api/v1.1/game/822999/feed/live,both,True,P,Pitcher,BULLPEN_PITCHER,True,QA_VALIDATED_CANONICAL_V3
571948,10,6,47,49,190,199,Bot,823000,https://raw.githubusercontent.com/lancebroz/mlb-pitcher-data/main/data/raw/2026/daily/2026-04-08.parquet,False,2026-04-08,2026-04-08T22:40:00Z,CHC,TB,A,Hoby Milner,False,RELIEF_OR_BULK,10,3,3,0,0,0,0,1,0,https://statsapi.mlb.com/api/v1.1/game/823000/feed/live,both,True,P,Pitcher,BULLPEN_PITCHER,True,QA_VALIDATED_CANONICAL_V3
607067,79,1,4,42,17,171,Bot,823000,https://raw.githubusercontent.com/lancebroz/mlb-pitcher-data/main/data/raw/2026/daily/2026-04-08.parquet,False,2026-04-08,2026-04-08T22:40:00Z,CHC,TB,A,Colin Rea,True,STARTER,79,20,15,1,1,2,2,2,0,https://statsapi.mlb.com/api/v1.1/game/823000/feed/live,both,True,P,Pitcher,STARTER/OPENER/BULK,True,QA_VALIDATED_CANONICAL_V3
640451,16,9,69,71,266,281,Bot,823000,https://raw.githubusercontent.com/lancebroz/mlb-pitcher-data/main/data/raw/2026/daily/2026-04-08.parquet,False,2026-04-08,2026-04-08T22:40:00Z,CHC,TB,A,Hunter Harvey,False,RELIEF_OR_BULK,16,3,3,0,0,1,0,1,0,https://statsapi.mlb.com/api/v1.1/game/823000/feed/live,both,True,P,Pitcher,BULLPEN_PITCHER,True,QA_VALIDATED_CANONICAL_V3
669947,61,5,38,68,153,265,Top,823000,https://raw.githubusercontent.com/lancebroz/mlb-pitcher-data/main/data/raw/2026/daily/2026-04-08.parquet,False,2026-04-08,2026-04-08T22:40:00Z,TB,CHC,H,Jesse Scholtens,False,RELIEF_OR_BULK,61,17,14,0,0,4,1,4,0,https://statsapi.mlb.com/api/v1.1/game/823000/feed/live,both,True,P,Pitcher,BULLPEN_PITCHER,True,QA_VALIDATED_CANONICAL_V3
671212,84,1,0,37,1,152,Top,823000,https://raw.githubusercontent.com/lancebroz/mlb-pitcher-data/main/data/raw/2026/daily/2026-04-08.parquet,False,2026-04-08,2026-04-08T22:40:00Z,TB,CHC,H,Joe Boyle,True,STARTER,84,20,13,6,5,4,3,3,1,https://statsapi.mlb.com/api/v1.1/game/823000/feed/live,both,True,P,Pitcher,STARTER/OPENER/BULK,True,QA_VALIDATED_CANONICAL_V3
676962,31,7,53,63,212,251,Bot,823000,https://raw.githubusercontent.com/lancebroz/mlb-pitcher-data/main/data/raw/2026/daily/2026-04-08.parquet,False,2026-04-08,2026-04-08T22:40:00Z,CHC,TB,A,Ben Brown,False,RELIEF_OR_BULK,31,8,6,1,1,2,0,3,0,https://statsapi.mlb.com/api/v1.1/game/823000/feed/live,both,True,P,Pitcher,BULLPEN_PITCHER,True,QA_VALIDATED_CANONICAL_V3
592791,83,1,4,49,20,182,Bot,823002,https://raw.githubusercontent.com/lancebroz/mlb-pitcher-data/main/data/raw/2026/daily/2026-04-06.parquet,False,2026-04-06,2026-04-06T20:10:00Z,CHC,TB,A,Jameson Taillon,True,STARTER,83,25,18,4,3,7,0,4,2,https://statsapi.mlb.com/api/v1.1/game/823002/feed/live,both,True,P,Pitcher,STARTER/OPENER/BULK,True,QA_VALIDATED_CANONICAL_V3
641329,14,9,64,67,237,250,Top,823002,https://raw.githubusercontent.com/lancebroz/mlb-pitcher-data/main/data/raw/2026/daily/2026-04-06.parquet,False,2026-04-06,2026-04-06T20:10:00Z,TB,CHC,H,Bryan Baker,False,RELIEF_OR_BULK,14,4,3,1,1,1,0,2,1,https://statsapi.mlb.com/api/v1.1/game/823002/feed/live,both,True,P,Pitcher,BULLPEN_PITCHER,True,QA_VALIDATED_CANONICAL_V3
663556,69,1,0,31,1,120,Top,823002,https://raw.githubusercontent.com/lancebroz/mlb-pitcher-data/main/data/raw/2026/daily/2026-04-06.parquet,False,2026-04-06,2026-04-06T20:10:00Z,TB,CHC,H,Shane McClanahan,True,STARTER,69,17,12,2,2,1,4,5,0,https://statsapi.mlb.com/api/v1.1/game/823002/feed/live,both,True,P,Pitcher,STARTER/OPENER/BULK,True,QA_VALIDATED_CANONICAL_V3
664208,19,7,53,57,196,214,Bot,823002,https://raw.githubusercontent.com/lancebroz/mlb-pitcher-data/main/data/raw/2026/daily/2026-04-06.parquet,False,2026-04-06,2026-04-06T20:10:00Z,CHC,TB,A,Phil Maton,False,RELIEF_OR_BULK,19,5,3,2,2,1,1,1,1,https://statsapi.mlb.com/api/v1.1/game/823002/feed/live,both,True,P,Pitcher,BULLPEN_PITCHER,True,QA_VALIDATED_CANONICAL_V3
685801,20,7,51,60,188,226,Top,823002,https://raw.githubusercontent.com/lancebroz/mlb-pitcher-data/main/data/raw/2026/daily/2026-04-06.parquet,False,2026-04-06,2026-04-06T20:10:00Z,TB,CHC,H,Hunter Bigge,False,RELIEF_OR_BULK,20,5,5,0,0,0,0,0,0,https://statsapi.mlb.com/api/v1.1/game/823002/feed/live,both,True,P,Pitcher,BULLPEN_PITCHER,True,QA_VALIDATED_CANONICAL_V3
687330,14,5,35,37,129,142,Top,823002,https://raw.githubusercontent.com/lancebroz/mlb-pitcher-data/main/data/raw/2026/daily/2026-04-06.parquet,False,2026-04-06,2026-04-06T20:10:00Z,TB,CHC,H,Kevin Kelly,False,RELIEF_OR_BULK,14,3,3,0,0,0,0,1,0,https://statsapi.mlb.com/api/v1.1/game/823002/feed/live,both,True,P,Pitcher,BULLPEN_PITCHER,True,QA_VALIDATED_CANONICAL_V3
693855,21,6,41,50,157,187,Top,823002,https://raw.githubusercontent.com/lancebroz/mlb-pitcher-data/main/data/raw/2026/daily/2026-04-06.parquet,False,2026-04-06,2026-04-06T20:10:00Z,TB,CHC,H,Ian Seymour,False,RELIEF_OR_BULK,21,6,4,1,1,2,0,1,0,https://statsapi.mlb.com/api/v1.1/game/823002/feed/live,both,True,P,Pitcher,BULLPEN_PITCHER,True,QA_VALIDATED_CANONICAL_V3
702303,10,8,61,63,227,236,Bot,823002,https://raw.githubusercontent.com/lancebroz/mlb-pitcher-data/main/data/raw/2026/daily/2026-04-06.parquet,False,2026-04-06,2026-04-06T20:10:00Z,CHC,TB,A,Riley Martin,False,RELIEF_OR_BULK,10,3,3,0,0,1,0,0,0,https://statsapi.mlb.com/api/v1.1/game/823002/feed/live,both,True,P,Pitcher,BULLPEN_PITCHER,True,QA_VALIDATED_CANONICAL_V3
543056,5,7,55,55,212,216,Bot,823074,https://raw.githubusercontent.com/lancebroz/mlb-pitcher-data/main/data/raw/2026/daily/2026-04-11.parquet,False,2026-04-11,2026-04-11T23:15:00Z,BOS,STL,A,Danny Coulombe,False,RELIEF_OR_BULK,5,1,1,0,0,0,0,0,0,https://statsapi.mlb.com/api/v1.1/game/823074/feed/live,both,True,P,Pitcher,BULLPEN_PITCHER,True,QA_VALIDATED_CANONICAL_V3
624133,84,1,3,44,14,177,Bot,823074,https://raw.githubusercontent.com/lancebroz/mlb-pitcher-data/main/data/raw/2026/daily/2026-04-11.parquet,False,2026-04-11,2026-04-11T23:15:00Z,BOS,STL,A,Ranger Suarez,True,STARTER,84,22,18,0,0,3,2,6,0,https://statsapi.mlb.com/api/v1.1/game/823074/feed/live,both,True,P,Pitcher,STARTER/OPENER/BULK,True,QA_VALIDATED_CANONICAL_V3
669711,16,7,51,54,196,211,Bot,823074,https://raw.githubusercontent.com/lancebroz/mlb-pitcher-data/main/data/raw/2026/daily/2026-04-11.parquet,False,2026-04-11,2026-04-11T23:15:00Z,BOS,STL,A,Greg Weissert,False,RELIEF_OR_BULK,16,4,2,0,0,0,1,0,0,https://statsapi.mlb.com/api/v1.1/game/823074/feed/live,both,True,P,Pitcher,BULLPEN_PITCHER,True,QA_VALIDATED_CANONICAL_V3
670245,13,9,73,77,283,295,Bot,823074,https://raw.githubusercontent.com/lancebroz/mlb-pitcher-data/main/data/raw/2026/daily/2026-04-11.parquet,False,2026-04-11,2026-04-11T23:15:00Z,BOS,STL,A,Ryan Watson,False,RELIEF_OR_BULK,13,5,3,0,0,1,0,0,0,https://statsapi.mlb.com/api/v1.1/game/823074/feed/live,both,True,P,Pitcher,BULLPEN_PITCHER,True,QA_VALIDATED_CANONICAL_V3
676477,12,8,59,62,230,241,Bot,823074,https://raw.githubusercontent.com/lancebroz/mlb-pitcher-data/main/data/raw/2026/daily/2026-04-11.parquet,False,2026-04-11,2026-04-11T23:15:00Z,BOS,STL,A,Garrett Whitlock,False,RELIEF_OR_BULK,12,4,3,1,1,1,0,2,1,https://statsapi.mlb.com/api/v1.1/game/823074/feed/live,both,True,P,Pitcher,BULLPEN_PITCHER,True,QA_VALIDATED_CANONICAL_V3
677865,11,7,49,56,188,219,Top,823074,https://raw.githubusercontent.com/lancebroz/mlb-pitcher-data/main/data/raw/2026/daily/2026-04-11.parquet,False,2026-04-11,2026-04-11T23:15:00Z,STL,BOS,H,Justin Bruihl,False,RELIEF_OR_BULK,11,3,3,0,0,0,0,1,0,https://statsapi.mlb.com/api/v1.1/game/823074/feed/live,both,True,P,Pitcher,BULLPEN_PITCHER,True,QA_VALIDATED_CANONICAL_V3
681517,71,1,0,28,1,119,Top,823074,https://raw.githubusercontent.com/lancebroz/mlb-pitcher-data/main/data/raw/2026/daily/2026-04-11.parquet,False,2026-04-11,2026-04-11T23:15:00Z,STL,BOS,H,Kyle Leahy,True,STARTER,71,17,12,2,2,3,3,2,0,https://statsapi.mlb.com/api/v1.1/game/823074/feed/live,both,True,P,Pitcher,STARTER/OPENER/BULK,True,QA_VALIDATED_CANONICAL_V3
694335,43,8,57,70,220,274,Top,823074,https://raw.githubusercontent.com/lancebroz/mlb-pitcher-data/main/data/raw/2026/daily/2026-04-11.parquet,False,2026-04-11,2026-04-11T23:15:00Z,STL,BOS,H,Matt Svanson,False,RELIEF_OR_BULK,43,10,3,5,5,6,1,1,0,https://statsapi.mlb.com/api/v1.1/game/823074/feed/live,both,True,P,Pitcher,BULLPEN_PITCHER,True,QA_VALIDATED_CANONICAL_V3
694363,8,9,71,72,275,282,Top,823074,https://raw.githubusercontent.com/lancebroz/mlb-pitcher-data/main/data/raw/2026/daily/2026-04-11.parquet,False,2026-04-11,2026-04-11T23:15:00Z,STL,BOS,H,Jared Shuster,False,RELIEF_OR_BULK,8,2,2,0,0,0,0,0,0,https://statsapi.mlb.com/api/v1.1/game/823074/feed/live,both,True,P,Pitcher,BULLPEN_PITCHER,True,QA_VALIDATED_CANONICAL_V3
700669,32,5,33,48,133,187,Top,823074,https://raw.githubusercontent.com/lancebroz/mlb-pitcher-data/main/data/raw/2026/daily/2026-04-11.parquet,False,2026-04-11,2026-04-11T23:15:00Z,STL,BOS,H,Gordon Graceffo,False,RELIEF_OR_BULK,32,10,7,0,0,1,1,2,0,https://statsapi.mlb.com/api/v1.1/game/823074/feed/live,both,True,P,Pitcher,BULLPEN_PITCHER,True,QA_VALIDATED_CANONICAL_V3
592773,10,7,54,56,203,212,Top,823076,https://raw.githubusercontent.com/lancebroz/mlb-pitcher-data/main/data/raw/2026/daily/2026-04-10.parquet,False,2026-04-10,2026-04-11T00:15:00Z,STL,BOS,H,Ryne Stanek,False,RELIEF_OR_BULK,10,3,3,0,0,0,0,1,0,https://statsapi.mlb.com/api/v1.1/game/823076/feed/live,both,True,P,Pitcher,BULLPEN_PITCHER,True,QA_VALIDATED_CANONICAL_V3
663558,17,8,65,69,251,267,Bot,823076,https://raw.githubusercontent.com/lancebroz/mlb-pitcher-data/main/data/raw/2026/daily/2026-04-10.parquet,False,2026-04-10,2026-04-11T00:15:00Z,BOS,STL,A,Jovani Morán,False,RELIEF_OR_BULK,17,5,3,0,0,1,1,2,0,https://statsapi.mlb.com/api/v1.1/game/823076/feed/live,both,True,P,Pitcher,BULLPEN_PITCHER,True,QA_VALIDATED_CANONICAL_V3
668941,21,8,60,64,230,250,Top,823076,https://raw.githubusercontent.com/lancebroz/mlb-pitcher-data/main/data/raw/2026/daily/2026-04-10.parquet,False,2026-04-10,2026-04-11T00:15:00Z,STL,BOS,H,JoJo Romero,False,RELIEF_OR_BULK,21,5,3,0,0,1,0,1,0,https://statsapi.mlb.com/api/v1.1/game/823076/feed/live,both,True,P,Pitcher,BULLPEN_PITCHER,True,QA_VALIDATED_CANONICAL_V3
669160,75,1,0,48,1,179,Top,823076,https://raw.githubusercontent.com/lancebroz/mlb-pitcher-data/main/data/raw/2026/daily/2026-04-10.parquet,False,2026-04-10,2026-04-11T00:15:00Z,STL,BOS,H,Dustin May,True,STARTER,75,23,18,2,1,4,0,4,0,https://statsapi.mlb.com/api/v1.1/game/823076/feed/live,both,True,P,Pitcher,STARTER/OPENER/BULK,True,QA_VALIDATED_CANONICAL_V3
669711,18,6,53,59,202,229,Bot,823076,https://raw.githubusercontent.com/lancebroz/mlb-pitcher-data/main/data/raw/2026/daily/2026-04-10.parquet,False,2026-04-10,2026-04-11T00:15:00Z,BOS,STL,A,Greg Weissert,False,RELIEF_OR_BULK,18,4,4,0,0,0,0,1,0,https://statsapi.mlb.com/api/v1.1/game/823076/feed/live,both,True,P,Pitcher,BULLPEN_PITCHER,True,QA_VALIDATED_CANONICAL_V3
676617,8,9,70,72,268,275,Top,823076,https://raw.githubusercontent.com/lancebroz/mlb-pitcher-data/main/data/raw/2026/daily/2026-04-10.parquet,False,2026-04-10,2026-04-11T00:15:00Z,STL,BOS,H,Riley O'Brien,False,RELIEF_OR_BULK,8,3,3,0,0,0,0,1,0,https://statsapi.mlb.com/api/v1.1/game/823076/feed/live,both,True,P,Pitcher,BULLPEN_PITCHER,True,QA_VALIDATED_CANONICAL_V3
677161,18,5,41,45,151,168,Bot,823076,https://raw.githubusercontent.com/lancebroz/mlb-pitcher-data/main/data/raw/2026/daily/2026-04-10.parquet,False,2026-04-10,2026-04-11T00:15:00Z,BOS,STL,A,Zack Kelly,False,RELIEF_OR_BULK,18,5,2,2,2,2,1,0,0,https://statsapi.mlb.com/api/v1.1/game/823076/feed/live,both,True,P,Pitcher,BULLPEN_PITCHER,True,QA_VALIDATED_CANONICAL_V3
701719,22,6,49,52,180,201,Bot,823076,https://raw.githubusercontent.com/lancebroz/mlb-pitcher-data/main/data/raw/2026/daily/2026-04-10.parquet,False,2026-04-10,2026-04-11T00:15:00Z,BOS,STL,A,Tyler Samaniego,False,RELIEF_OR_BULK,22,4,2,0,0,0,2,1,0,https://statsapi.mlb.com/api/v1.1/game/823076/feed/live,both,True,P,Pitcher,BULLPEN_PITCHER,True,QA_VALIDATED_CANONICAL_V3
813349,86,1,4,40,13,150,Bot,823076,https://raw.githubusercontent.com/lancebroz/mlb-pitcher-data/main/data/raw/2026/daily/2026-04-10.parquet,False,2026-04-10,2026-04-11T00:15:00Z,BOS,STL,A,Connelly Early,True,STARTER,86,21,13,1,1,5,2,5,0,https://statsapi.mlb.com/api/v1.1/game/823076/feed/live,both,True,P,Pitcher,STARTER/OPENER/BULK,True,QA_VALIDATED_CANONICAL_V3
592773,22,7,48,51,184,205,Top,823077,https://raw.githubusercontent.com/lancebroz/mlb-pitcher-data/main/data/raw/2026/daily/2026-03-31.parquet,False,2026-03-31,2026-03-31T23:45:00Z,STL,NYM,H,Ryne Stanek,False,RELIEF_OR_BULK,22,4,3,0,0,0,1,1,0,https://statsapi.mlb.com/api/v1.1/game/823077/feed/live,both,True,P,Pitcher,BULLPEN_PITCHER,True,QA_VALIDATED_CANONICAL_V3
663992,29,7,52,63,206,247,Bot,823077,https://raw.githubusercontent.com/lancebroz/mlb-pitcher-data/main/data/raw/2026/daily/2026-03-31.parquet,False,2026-03-31,2026-03-31T23:45:00Z,NYM,STL,A,Richard Lovelady,False,RELIEF_OR_BULK,29,9,6,1,1,2,1,2,1,https://statsapi.mlb.com/api/v1.1/game/823077/feed/live,both,True,P,Pitcher,BULLPEN_PITCHER,True,QA_VALIDATED_CANONICAL_V3
668941,13,8,58,60,224,236,Top,823077,https://raw.githubusercontent.com/lancebroz/mlb-pitcher-data/main/data/raw/2026/daily/2026-03-31.parquet,False,2026-03-31,2026-03-31T23:45:00Z,STL,NYM,H,JoJo Romero,False,RELIEF_OR_BULK,13,3,3,0,0,0,0,1,0,https://statsapi.mlb.com/api/v1.1/game/823077/feed/live,both,True,P,Pitcher,BULLPEN_PITCHER,True,QA_VALIDATED_CANONICAL_V3
669467,88,1,0,42,1,167,Top,823077,https://raw.githubusercontent.com/lancebroz/mlb-pitcher-data/main/data/raw/2026/daily/2026-03-31.parquet,False,2026-03-31,2026-03-31T23:45:00Z,STL,NYM,H,Andre Pallante,True,STARTER,88,21,15,0,0,3,3,3,0,https://statsapi.mlb.com/api/v1.1/game/823077/feed/live,both,True,P,Pitcher,STARTER/OPENER/BULK,True,QA_VALIDATED_CANONICAL_V3
673540,92,1,5,47,26,183,Bot,823077,https://raw.githubusercontent.com/lancebroz/mlb-pitcher-data/main/data/raw/2026/daily/2026-03-31.parquet,False,2026-03-31,2026-03-31T23:45:00Z,NYM,STL,A,Kodai Senga,True,STARTER,92,25,18,2,2,4,3,9,0,https://statsapi.mlb.com/api/v1.1/game/823077/feed/live,both,True,P,Pitcher,STARTER/OPENER/BULK,True,QA_VALIDATED_CANONICAL_V3
676617,11,9,64,66,248,258,Top,823077,https://raw.githubusercontent.com/lancebroz/mlb-pitcher-data/main/data/raw/2026/daily/2026-03-31.parquet,False,2026-03-31,2026-03-31T23:45:00Z,STL,NYM,H,Riley O'Brien,False,RELIEF_OR_BULK,11,3,3,0,0,0,0,0,0,https://statsapi.mlb.com/api/v1.1/game/823077/feed/live,both,True,P,Pitcher,BULLPEN_PITCHER,True,QA_VALIDATED_CANONICAL_V3
700669,3,6,43,44,168,170,Top,823077,https://raw.githubusercontent.com/lancebroz/mlb-pitcher-data/main/data/raw/2026/daily/2026-03-31.parquet,False,2026-03-31,2026-03-31T23:45:00Z,STL,NYM,H,Gordon Graceffo,False,RELIEF_OR_BULK,3,2,3,0,0,0,0,0,0,https://statsapi.mlb.com/api/v1.1/game/823077/feed/live,both,True,P,Pitcher,BULLPEN_PITCHER,True,QA_VALIDATED_CANONICAL_V3
548384,12,7,51,53,205,216,Bot,823078,https://raw.githubusercontent.com/lancebroz/mlb-pitcher-data/main/data/raw/2026/daily/2026-04-01.parquet,False,2026-04-01,2026-04-01T17:15:00Z,NYM,STL,A,Brooks Raley,False,RELIEF_OR_BULK,12,3,3,0,0,0,0,2,0,https://statsapi.mlb.com/api/v1.1/game/823078/feed/live,both,True,P,Pitcher,BULLPEN_PITCHER,True,QA_VALIDATED_CANONICAL_V3
592773,16,7,46,49,182,197,Top,823078,https://raw.githubusercontent.com/lancebroz/mlb-pitcher-data/main/data/raw/2026/daily/2026-04-01.parquet,False,2026-04-01,2026-04-01T17:15:00Z,STL,NYM,H,Ryne Stanek,False,RELIEF_OR_BULK,16,4,2,0,0,1,0,1,0,https://statsapi.mlb.com/api/v1.1/game/823078/feed/live,both,True,P,Pitcher,BULLPEN_PITCHER,True,QA_VALIDATED_CANONICAL_V3
596133,11,8,57,59,226,236,Bot,823078,https://raw.githubusercontent.com/lancebroz/mlb-pitcher-data/main/data/raw/2026/daily/2026-04-01.parquet,False,2026-04-01,2026-04-01T17:15:00Z,NYM,STL,A,Luke Weaver,False,RELIEF_OR_BULK,11,3,3,0,0,0,0,1,0,https://statsapi.mlb.com/api/v1.1/game/823078/feed/live,both,True,P,Pitcher,BULLPEN_PITCHER,True,QA_VALIDATED_CANONICAL_V3
623211,13,6,43,45,169,181,Bot,823078,https://raw.githubusercontent.com/lancebroz/mlb-pitcher-data/main/data/raw/2026/daily/2026-04-01.parquet,False,2026-04-01,2026-04-01T17:15:00Z,NYM,STL,A,Huascar Brazobán,False,RELIEF_OR_BULK,13,3,2,0,0,1,0,1,0,https://statsapi.mlb.com/api/v1.1/game/823078/feed/live,both,True,P,Pitcher,BULLPEN_PITCHER,True,QA_VALIDATED_CANONICAL_V3
642207,18,9,64,67,253,270,Bot,823078,https://raw.githubusercontent.com/lancebroz/mlb-pitcher-data/main/data/raw/2026/daily/2026-04-01.parquet,False,2026-04-01,2026-04-01T17:15:00Z,NYM,STL,A,Devin Williams,False,RELIEF_OR_BULK,18,4,3,0,0,0,1,1,0,https://statsapi.mlb.com/api/v1.1/game/823078/feed/live,both,True,P,Pitcher,BULLPEN_PITCHER,True,QA_VALIDATED_CANONICAL_V3
642547,92,1,3,42,19,168,Bot,823078,https://raw.githubusercontent.com/lancebroz/mlb-pitcher-data/main/data/raw/2026/daily/2026-04-01.parquet,False,2026-04-01,2026-04-01T17:15:00Z,NYM,STL,A,Freddy Peralta,True,STARTER,92,21,16,1,1,3,2,7,0,https://statsapi.mlb.com/api/v1.1/game/823078/feed/live,both,True,P,Pitcher,STARTER/OPENER/BULK,True,QA_VALIDATED_CANONICAL_V3
668941,16,7,50,56,198,225,Top,823078,https://raw.githubusercontent.com/lancebroz/mlb-pitcher-data/main/data/raw/2026/daily/2026-04-01.parquet,False,2026-04-01,2026-04-01T17:15:00Z,STL,NYM,H,JoJo Romero,False,RELIEF_OR_BULK,16,4,4,0,0,0,0,1,0,https://statsapi.mlb.com/api/v1.1/game/823078/feed/live,both,True,P,Pitcher,BULLPEN_PITCHER,True,QA_VALIDATED_CANONICAL_V3
668964,20,10,72,82,283,319,Bot,823078,https://raw.githubusercontent.com/lancebroz/mlb-pitcher-data/main/data/raw/2026/daily/2026-04-01.parquet,False,2026-04-01,2026-04-01T17:15:00Z,NYM,STL,A,Tobias Myers,False,RELIEF_OR_BULK,20,6,5,1,0,1,1,1,0,https://statsapi.mlb.com/api/v1.1/game/823078/feed/live,both,True,P,Pitcher,BULLPEN_PITCHER,True,QA_VALIDATED_CANONICAL_V3
669461,76,1,0,39,1,152,Top,823078,https://raw.githubusercontent.com/lancebroz/mlb-pitcher-data/main/data/raw/2026/daily/2026-04-01.parquet,False,2026-04-01,2026-04-01T17:15:00Z,STL,NYM,H,Matthew Liberatore,True,STARTER,76,22,18,1,1,3,1,2,1,https://statsapi.mlb.com/api/v1.1/game/823078/feed/live,both,True,P,Pitcher,STARTER/OPENER/BULK,True,QA_VALIDATED_CANONICAL_V3
676617,16,9,60,63,237,252,Top,823078,https://raw.githubusercontent.com/lancebroz/mlb-pitcher-data/main/data/raw/2026/daily/2026-04-01.parquet,False,2026-04-01,2026-04-01T17:15:00Z,STL,NYM,H,Riley O'Brien,False,RELIEF_OR_BULK,16,4,3,0,0,1,0,2,0,https://statsapi.mlb.com/api/v1.1/game/823078/feed/live,both,True,P,Pitcher,BULLPEN_PITCHER,True,QA_VALIDATED_CANONICAL_V3
677865,12,10,68,71,271,282,Top,823078,https://raw.githubusercontent.com/lancebroz/mlb-pitcher-data/main/data/raw/2026/daily/2026-04-01.parquet,False,2026-04-01,2026-04-01T17:15:00Z,STL,NYM,H,Justin Bruihl,False,RELIEF_OR_BULK,12,4,3,0,0,0,1,0,0,https://statsapi.mlb.com/api/v1.1/game/823078/feed/live,both,True,P,Pitcher,BULLPEN_PITCHER,True,QA_VALIDATED_CANONICAL_V3
688297,11,11,75,77,298,308,Top,823078,https://raw.githubusercontent.com/lancebroz/mlb-pitcher-data/main/data/raw/2026/daily/2026-04-01.parquet,False,2026-04-01,2026-04-01T17:15:00Z,STL,NYM,H,Chris Roycroft,False,RELIEF_OR_BULK,11,3,1,0,0,0,2,0,0,https://statsapi.mlb.com/api/v1.1/game/823078/feed/live,both,True,P,Pitcher,BULLPEN_PITCHER,True,QA_VALIDATED_CANONICAL_V3
700669,6,11,78,79,309,314,Top,823078,https://raw.githubusercontent.com/lancebroz/mlb-pitcher-data/main/data/raw/2026/daily/2026-04-01.parquet,False,2026-04-01,2026-04-01T17:15:00Z,STL,NYM,H,Gordon Graceffo,False,RELIEF_OR_BULK,6,2,2,0,0,0,0,0,0,https://statsapi.mlb.com/api/v1.1/game/823078/feed/live,both,True,P,Pitcher,BULLPEN_PITCHER,True,QA_VALIDATED_CANONICAL_V3
571927,81,1,4,47,14,160,Bot,823079,https://raw.githubusercontent.com/lancebroz/mlb-pitcher-data/main/data/raw/2026/daily/2026-03-29.parquet,False,2026-03-29,2026-03-29T18:15:00Z,TB,STL,A,Steven Matz,True,STARTER,81,21,15,4,4,6,1,2,1,https://statsapi.mlb.com/api/v1.1/game/823079/feed/live,both,True,P,Pitcher,STARTER/OPENER/BULK,True,QA_VALIDATED_CANONICAL_V3
641329,10,9,86,88,301,310,Bot,823079,https://raw.githubusercontent.com/lancebroz/mlb-pitcher-data/main/data/raw/2026/daily/2026-03-29.parquet,False,2026-03-29,2026-03-29T18:15:00Z,TB,STL,A,Bryan Baker,False,RELIEF_OR_BULK,10,3,3,0,0,0,0,0,0,https://statsapi.mlb.com/api/v1.1/game/823079/feed/live,both,True,P,Pitcher,BULLPEN_PITCHER,True,QA_VALIDATED_CANONICAL_V3
664076,23,7,59,64,194,216,Bot,823079,https://raw.githubusercontent.com/lancebroz/mlb-pitcher-data/main/data/raw/2026/daily/2026-03-29.parquet,False,2026-03-29,2026-03-29T18:15:00Z,TB,STL,A,Garrett Cleavinger,False,RELIEF_OR_BULK,23,6,3,0,0,1,2,1,0,https://statsapi.mlb.com/api/v1.1/game/823079/feed/live,both,True,P,Pitcher,BULLPEN_PITCHER,True,QA_VALIDATED_CANONICAL_V3
666277,12,7,56,58,182,193,Top,823079,https://raw.githubusercontent.com/lancebroz/mlb-pitcher-data/main/data/raw/2026/daily/2026-03-29.parquet,False,2026-03-29,2026-03-29T18:15:00Z,STL,TB,H,George Soriano,False,RELIEF_OR_BULK,12,3,3,0,0,0,0,0,0,https://statsapi.mlb.com/api/v1.1/game/823079/feed/live,both,True,P,Pitcher,BULLPEN_PITCHER,True,QA_VALIDATED_CANONICAL_V3
669160,61,1,0,33,1,96,Top,823079,https://raw.githubusercontent.com/lancebroz/mlb-pitcher-data/main/data/raw/2026/daily/2026-03-29.parquet,False,2026-03-29,2026-03-29T18:15:00Z,STL,TB,H,Dustin May,True,STARTER,61,22,12,6,6,10,1,3,0,https://statsapi.mlb.com/api/v1.1/game/823079/feed/live,both,True,P,Pitcher,STARTER/OPENER/BULK,True,QA_VALIDATED_CANONICAL_V3
669438,24,8,72,77,248,271,Bot,823079,https://raw.githubusercontent.com/lancebroz/mlb-pitcher-data/main/data/raw/2026/daily/2026-03-29.parquet,False,2026-03-29,2026-03-29T18:15:00Z,TB,STL,A,Mason Englert,False,RELIEF_OR_BULK,24,6,3,3,3,3,0,1,2,https://statsapi.mlb.com/api/v1.1/game/823079/feed/live,both,True,P,Pitcher,BULLPEN_PITCHER,True,QA_VALIDATED_CANONICAL_V3
677865,29,5,40,51,125,171,Top,823079,https://raw.githubusercontent.com/lancebroz/mlb-pitcher-data/main/data/raw/2026/daily/2026-03-29.parquet,False,2026-03-29,2026-03-29T18:15:00Z,STL,TB,H,Justin Bruihl,False,RELIEF_OR_BULK,29,8,6,0,0,1,1,2,0,https://statsapi.mlb.com/api/v1.1/game/823079/feed/live,both,True,P,Pitcher,BULLPEN_PITCHER,True,QA_VALIDATED_CANONICAL_V3
687330,10,6,52,55,172,181,Bot,823079,https://raw.githubusercontent.com/lancebroz/mlb-pitcher-data/main/data/raw/2026/daily/2026-03-29.parquet,False,2026-03-29,2026-03-29T18:15:00Z,TB,STL,A,Kevin Kelly,False,RELIEF_OR_BULK,10,4,3,0,0,1,0,1,0,https://statsapi.mlb.com/api/v1.1/game/823079/feed/live,both,True,P,Pitcher,BULLPEN_PITCHER,True,QA_VALIDATED_CANONICAL_V3
688297,29,9,78,85,272,300,Top,823079,https://raw.githubusercontent.com/lancebroz/mlb-pitcher-data/main/data/raw/2026/daily/2026-03-29.parquet,False,2026-03-29,2026-03-29T18:15:00Z,STL,TB,H,Chris Roycroft,False,RELIEF_OR_BULK,29,8,3,2,2,3,1,0,0,https://statsapi.mlb.com/api/v1.1/game/823079/feed/live,both,True,P,Pitcher,BULLPEN_PITCHER,True,QA_VALIDATED_CANONICAL_V3
690155,31,8,65,71,217,247,Top,823079,https://raw.githubusercontent.com/lancebroz/mlb-pitcher-data/main/data/raw/2026/daily/2026-03-29.parquet,False,2026-03-29,2026-03-29T18:15:00Z,STL,TB,H,Matt Pushard,False,RELIEF_OR_BULK,31,7,3,3,3,3,1,1,0,https://statsapi.mlb.com/api/v1.1/game/823079/feed/live,both,True,P,Pitcher,BULLPEN_PITCHER,True,QA_VALIDATED_CANONICAL_V3
548384,17,8,66,69,230,246,Bot,823080,https://raw.githubusercontent.com/lancebroz/mlb-pitcher-data/main/data/raw/2026/daily/2026-03-30.parquet,False,2026-03-30,2026-03-30T23:45:00Z,NYM,STL,A,Brooks Raley,False,RELIEF_OR_BULK,17,4,3,0,0,1,0,0,0,https://statsapi.mlb.com/api/v1.1/game/823080/feed/live,both,True,P,Pitcher,BULLPEN_PITCHER,True,QA_VALIDATED_CANONICAL_V3
605280,90,1,4,52,16,189,Bot,823080,https://raw.githubusercontent.com/lancebroz/mlb-pitcher-data/main/data/raw/2026/daily/2026-03-30.parquet,False,2026-03-30,2026-03-30T23:45:00Z,NYM,STL,A,Clay Holmes,True,STARTER,90,23,17,2,2,4,3,5,1,https://statsapi.mlb.com/api/v1.1/game/823080/feed/live,both,True,P,Pitcher,STARTER/OPENER/BULK,True,QA_VALIDATED_CANONICAL_V3
642207,12,9,73,75,258,269,Bot,823080,https://raw.githubusercontent.com/lancebroz/mlb-pitcher-data/main/data/raw/2026/daily/2026-03-30.parquet,False,2026-03-30,2026-03-30T23:45:00Z,NYM,STL,A,Devin Williams,False,RELIEF_OR_BULK,12,3,3,0,0,0,0,1,0,https://statsapi.mlb.com/api/v1.1/game/823080/feed/live,both,True,P,Pitcher,BULLPEN_PITCHER,True,QA_VALIDATED_CANONICAL_V3
666277,21,8,61,72,220,257,Top,823080,https://raw.githubusercontent.com/lancebroz/mlb-pitcher-data/main/data/raw/2026/daily/2026-03-30.parquet,False,2026-03-30,2026-03-30T23:45:00Z,STL,NYM,H,George Soriano,False,RELIEF_OR_BULK,21,8,6,0,0,1,1,0,0,https://statsapi.mlb.com/api/v1.1/game/823080/feed/live,both,True,P,Pitcher,BULLPEN_PITCHER,True,QA_VALIDATED_CANONICAL_V3
668964,14,6,53,60,190,219,Bot,823080,https://raw.githubusercontent.com/lancebroz/mlb-pitcher-data/main/data/raw/2026/daily/2026-03-30.parquet,False,2026-03-30,2026-03-30T23:45:00Z,NYM,STL,A,Tobias Myers,False,RELIEF_OR_BULK,14,4,4,0,0,0,0,3,0,https://statsapi.mlb.com/api/v1.1/game/823080/feed/live,both,True,P,Pitcher,BULLPEN_PITCHER,True,QA_VALIDATED_CANONICAL_V3
681517,79,1,0,43,1,160,Top,823080,https://raw.githubusercontent.com/lancebroz/mlb-pitcher-data/main/data/raw/2026/daily/2026-03-30.parquet,False,2026-03-30,2026-03-30T23:45:00Z,STL,NYM,H,Kyle Leahy,True,STARTER,79,24,15,4,4,8,2,1,0,https://statsapi.mlb.com/api/v1.1/game/823080/feed/live,both,True,P,Pitcher,STARTER/OPENER/BULK,True,QA_VALIDATED_CANONICAL_V3
694335,36,6,44,57,161,206,Top,823080,https://raw.githubusercontent.com/lancebroz/mlb-pitcher-data/main/data/raw/2026/daily/2026-03-30.parquet,False,2026-03-30,2026-03-30T23:45:00Z,STL,NYM,H,Matt Svanson,False,RELIEF_OR_BULK,36,10,6,0,0,1,2,3,0,https://statsapi.mlb.com/api/v1.1/game/823080/feed/live,both,True,P,Pitcher,BULLPEN_PITCHER,True,QA_VALIDATED_CANONICAL_V3
592773,26,9,84,89,288,313,Top,823081,https://raw.githubusercontent.com/lancebroz/mlb-pitcher-data/main/data/raw/2026/daily/2026-03-26.parquet,False,2026-03-26,2026-03-26T20:15:00Z,STL,TB,H,Ryne Stanek,False,RELIEF_OR_BULK,26,6,3,0,0,0,3,1,0,https://statsapi.mlb.com/api/v1.1/game/823081/feed/live,both,True,P,Pitcher,BULLPEN_PITCHER,True,QA_VALIDATED_CANONICAL_V3
643377,14,6,63,65,220,233,Bot,823081,https://raw.githubusercontent.com/lancebroz/mlb-pitcher-data/main/data/raw/2026/daily/2026-03-26.parquet,False,2026-03-26,2026-03-26T20:15:00Z,TB,STL,A,Griffin Jax,False,RELIEF_OR_BULK,14,3,2,1,1,1,0,0,1,https://statsapi.mlb.com/api/v1.1/game/823081/feed/live,both,True,P,Pitcher,BULLPEN_PITCHER,True,QA_VALIDATED_CANONICAL_V3
656876,73,1,5,43,18,151,Bot,823081,https://raw.githubusercontent.com/lancebroz/mlb-pitcher-data/main/data/raw/2026/daily/2026-03-26.parquet,False,2026-03-26,2026-03-26T20:15:00Z,TB,STL,A,Drew Rasmussen,True,STARTER,73,20,15,1,1,4,0,2,1,https://statsapi.mlb.com/api/v1.1/game/823081/feed/live,both,True,P,Pitcher,STARTER/OPENER/BULK,True,QA_VALIDATED_CANONICAL_V3
664076,9,6,60,62,211,219,Bot,823081,https://raw.githubusercontent.com/lancebroz/mlb-pitcher-data/main/data/raw/2026/daily/2026-03-26.parquet,False,2026-03-26,2026-03-26T20:15:00Z,TB,STL,A,Garrett Cleavinger,False,RELIEF_OR_BULK,9,3,1,2,2,2,0,0,0,https://statsapi.mlb.com/api/v1.1/game/823081/feed/live,both,True,P,Pitcher,BULLPEN_PITCHER,True,QA_VALIDATED_CANONICAL_V3
668941,9,7,66,69,234,242,Top,823081,https://raw.githubusercontent.com/lancebroz/mlb-pitcher-data/main/data/raw/2026/daily/2026-03-26.parquet,False,2026-03-26,2026-03-26T20:15:00Z,STL,TB,H,JoJo Romero,False,RELIEF_OR_BULK,9,4,2,0,0,2,0,0,0,https://statsapi.mlb.com/api/v1.1/game/823081/feed/live,both,True,P,Pitcher,BULLPEN_PITCHER,True,QA_VALIDATED_CANONICAL_V3
669461,78,1,0,39,1,138,Top,823081,https://raw.githubusercontent.com/lancebroz/mlb-pitcher-data/main/data/raw/2026/daily/2026-03-26.parquet,False,2026-03-26,2026-03-26T20:15:00Z,STL,TB,H,Matthew Liberatore,True,STARTER,78,24,15,1,1,7,2,2,1,https://statsapi.mlb.com/api/v1.1/game/823081/feed/live,both,True,P,Pitcher,STARTER/OPENER/BULK,True,QA_VALIDATED_CANONICAL_V3
672782,28,7,71,83,250,287,Bot,823081,https://raw.githubusercontent.com/lancebroz/mlb-pitcher-data/main/data/raw/2026/daily/2026-03-26.parquet,False,2026-03-26,2026-03-26T20:15:00Z,TB,STL,A,Yoendrys Gómez,False,RELIEF_OR_BULK,28,9,6,0,0,2,1,1,0,https://statsapi.mlb.com/api/v1.1/game/823081/feed/live,both,True,P,Pitcher,BULLPEN_PITCHER,True,QA_VALIDATED_CANONICAL_V3
676617,17,7,70,78,243,271,Top,823081,https://raw.githubusercontent.com/lancebroz/mlb-pitcher-data/main/data/raw/2026/daily/2026-03-26.parquet,False,2026-03-26,2026-03-26T20:15:00Z,STL,TB,H,Riley O'Brien,False,RELIEF_OR_BULK,17,5,4,0,0,1,0,2,0,https://statsapi.mlb.com/api/v1.1/game/823081/feed/live,both,True,P,Pitcher,BULLPEN_PITCHER,True,QA_VALIDATED_CANONICAL_V3
677865,9,6,48,50,168,176,Top,823081,https://raw.githubusercontent.com/lancebroz/mlb-pitcher-data/main/data/raw/2026/daily/2026-03-26.parquet,False,2026-03-26,2026-03-26T20:15:00Z,STL,TB,H,Justin Bruihl,False,RELIEF_OR_BULK,9,3,1,2,2,1,1,0,0,https://statsapi.mlb.com/api/v1.1/game/823081/feed/live,both,True,P,Pitcher,BULLPEN_PITCHER,True,QA_VALIDATED_CANONICAL_V3
688297,13,6,51,54,177,189,Top,823081,https://raw.githubusercontent.com/lancebroz/mlb-pitcher-data/main/data/raw/2026/daily/2026-03-26.parquet,False,2026-03-26,2026-03-26T20:15:00Z,STL,TB,H,Chris Roycroft,False,RELIEF_OR_BULK,13,4,1,1,1,3,0,0,0,https://statsapi.mlb.com/api/v1.1/game/823081/feed/live,both,True,P,Pitcher,BULLPEN_PITCHER,True,QA_VALIDATED_CANONICAL_V3
693855,21,6,55,59,190,210,Bot,823081,https://raw.githubusercontent.com/lancebroz/mlb-pitcher-data/main/data/raw/2026/daily/2026-03-26.parquet,False,2026-03-26,2026-03-26T20:15:00Z,TB,STL,A,Ian Seymour,False,RELIEF_OR_BULK,21,5,0,5,5,5,0,0,0,https://statsapi.mlb.com/api/v1.1/game/823081/feed/live,both,True,P,Pitcher,BULLPEN_PITCHER,True,QA_VALIDATED_CANONICAL_V3
694335,16,6,44,47,152,167,Top,823081,https://raw.githubusercontent.com/lancebroz/mlb-pitcher-data/main/data/raw/2026/daily/2026-03-26.parquet,False,2026-03-26,2026-03-26T20:15:00Z,STL,TB,H,Matt Svanson,False,RELIEF_OR_BULK,16,4,1,3,3,3,0,0,0,https://statsapi.mlb.com/api/v1.1/game/823081/feed/live,both,True,P,Pitcher,BULLPEN_PITCHER,True,QA_VALIDATED_CANONICAL_V3
592773,27,9,64,72,259,298,Top,823082,https://raw.githubusercontent.com/lancebroz/mlb-pitcher-data/main/data/raw/2026/daily/2026-03-28.parquet,False,2026-03-28,2026-03-28T18:15:00Z,STL,TB,H,Ryne Stanek,False,RELIEF_OR_BULK,27,6,4,2,1,3,0,2,0,https://statsapi.mlb.com/api/v1.1/game/823082/feed/live,both,True,P,Pitcher,BULLPEN_PITCHER,True,QA_VALIDATED_CANONICAL_V3
641329,13,9,67,69,270,282,Bot,823082,https://raw.githubusercontent.com/lancebroz/mlb-pitcher-data/main/data/raw/2026/daily/2026-03-28.parquet,False,2026-03-28,2026-03-28T18:15:00Z,TB,STL,A,Bryan Baker,False,RELIEF_OR_BULK,13,3,3,0,0,0,0,2,0,https://statsapi.mlb.com/api/v1.1/game/823082/feed/live,both,True,P,Pitcher,BULLPEN_PITCHER,True,QA_VALIDATED_CANONICAL_V3
642121,41,7,46,58,181,238,Bot,823082,https://raw.githubusercontent.com/lancebroz/mlb-pitcher-data/main/data/raw/2026/daily/2026-03-28.parquet,False,2026-03-28,2026-03-28T18:15:00Z,TB,STL,A,Cole Sulser,False,RELIEF_OR_BULK,41,10,6,2,1,2,1,2,0,https://statsapi.mlb.com/api/v1.1/game/823082/feed/live,both,True,P,Pitcher,BULLPEN_PITCHER,True,QA_VALIDATED_CANONICAL_V3
643377,9,10,73,75,299,307,Bot,823082,https://raw.githubusercontent.com/lancebroz/mlb-pitcher-data/main/data/raw/2026/daily/2026-03-28.parquet,False,2026-03-28,2026-03-28T18:15:00Z,TB,STL,A,Griffin Jax,False,RELIEF_OR_BULK,9,3,1,2,1,1,1,0,0,https://statsapi.mlb.com/api/v1.1/game/823082/feed/live,both,True,P,Pitcher,BULLPEN_PITCHER,True,QA_VALIDATED_CANONICAL_V3
668941,17,8,50,52,194,210,Top,823082,https://raw.githubusercontent.com/lancebroz/mlb-pitcher-data/main/data/raw/2026/daily/2026-03-28.parquet,False,2026-03-28,2026-03-28T18:15:00Z,STL,TB,H,JoJo Romero,False,RELIEF_OR_BULK,17,3,3,0,0,0,0,1,0,https://statsapi.mlb.com/api/v1.1/game/823082/feed/live,both,True,P,Pitcher,BULLPEN_PITCHER,True,QA_VALIDATED_CANONICAL_V3
671212,75,1,3,41,15,171,Bot,823082,https://raw.githubusercontent.com/lancebroz/mlb-pitcher-data/main/data/raw/2026/daily/2026-03-28.parquet,False,2026-03-28,2026-03-28T18:15:00Z,TB,STL,A,Joe Boyle,True,STARTER,75,21,18,2,2,3,0,4,0,https://statsapi.mlb.com/api/v1.1/game/823082/feed/live,both,True,P,Pitcher,STARTER/OPENER/BULK,True,QA_VALIDATED_CANONICAL_V3
676617,9,7,42,45,172,180,Top,823082,https://raw.githubusercontent.com/lancebroz/mlb-pitcher-data/main/data/raw/2026/daily/2026-03-28.parquet,False,2026-03-28,2026-03-28T18:15:00Z,STL,TB,H,Riley O'Brien,False,RELIEF_OR_BULK,9,4,3,0,0,2,0,0,0,https://statsapi.mlb.com/api/v1.1/game/823082/feed/live,both,True,P,Pitcher,BULLPEN_PITCHER,True,QA_VALIDATED_CANONICAL_V3
694335,20,9,59,63,239,258,Top,823082,https://raw.githubusercontent.com/lancebroz/mlb-pitcher-data/main/data/raw/2026/daily/2026-03-28.parquet,False,2026-03-28,2026-03-28T18:15:00Z,STL,TB,H,Matt Svanson,False,RELIEF_OR_BULK,20,5,2,3,3,2,1,0,0,https://statsapi.mlb.com/api/v1.1/game/823082/feed/live,both,True,P,Pitcher,BULLPEN_PITCHER,True,QA_VALIDATED_CANONICAL_V3
700241,96,1,0,38,1,158,Top,823082,https://raw.githubusercontent.com/lancebroz/mlb-pitcher-data/main/data/raw/2026/daily/2026-03-28.parquet,False,2026-03-28,2026-03-28T18:15:00Z,STL,TB,H,Michael McGreevy,True,STARTER,96,21,18,0,0,0,2,5,0,https://statsapi.mlb.com/api/v1.1/game/823082/feed/live,both,True,P,Pitcher,STARTER/OPENER/BULK,True,QA_VALIDATED_CANONICAL_V3
595345,11,5,46,48,191,201,Bot,823155,https://raw.githubusercontent.com/lancebroz/mlb-pitcher-data/main/data/raw/2026/daily/2026-04-11.parquet,False,2026-04-11,2026-04-12T01:40:00Z,HOU,SEA,A,Steven Okert,False,RELIEF_OR_BULK,11,3,2,1,1,1,0,0,1,https://statsapi.mlb.com/api/v1.1/game/823155/feed/live,both,True,P,Pitcher,BULLPEN_PITCHER,True,QA_VALIDATED_CANONICAL_V3
621121,79,1,3,45,16,190,Bot,823155,https://raw.githubusercontent.com/lancebroz/mlb-pitcher-data/main/data/raw/2026/daily/2026-04-11.parquet,False,2026-04-11,2026-04-12T01:40:00Z,HOU,SEA,A,Lance McCullers Jr.,True,STARTER,79,19,13,6,6,5,2,4,1,https://statsapi.mlb.com/api/v1.1/game/823155/feed/live,both,True,P,Pitcher,STARTER/OPENER/BULK,True,QA_VALIDATED_CANONICAL_V3
622491,91,1,0,31,1,142,Top,823155,https://raw.githubusercontent.com/lancebroz/mlb-pitcher-data/main/data/raw/2026/daily/2026-04-11.parquet,False,2026-04-11,2026-04-12T01:40:00Z,SEA,HOU,H,Luis Castillo,True,STARTER,91,21,10,7,7,10,1,3,1,https://statsapi.mlb.com/api/v1.1/game/823155/feed/live,both,True,P,Pitcher,STARTER/OPENER/BULK,True,QA_VALIDATED_CANONICAL_V3
650556,23,9,79,83,337,359,Bot,823155,https://raw.githubusercontent.com/lancebroz/mlb-pitcher-data/main/data/raw/2026/daily/2026-04-11.parquet,False,2026-04-11,2026-04-12T01:40:00Z,HOU,SEA,A,Bryan Abreu,False,RELIEF_OR_BULK,23,5,1,1,1,1,3,1,0,https://statsapi.mlb.com/api/v1.1/game/823155/feed/live,both,True,P,Pitcher,BULLPEN_PITCHER,True,QA_VALIDATED_CANONICAL_V3
660825,16,7,57,61,252,267,Top,823155,https://raw.githubusercontent.com/lancebroz/mlb-pitcher-data/main/data/raw/2026/daily/2026-04-11.parquet,False,2026-04-11,2026-04-12T01:40:00Z,SEA,HOU,H,Eduard Bazardo,False,RELIEF_OR_BULK,16,5,3,0,0,2,0,2,0,https://statsapi.mlb.com/api/v1.1/game/823155/feed/live,both,True,P,Pitcher,BULLPEN_PITCHER,True,QA_VALIDATED_CANONICAL_V3
662253,24,9,73,78,313,336,Top,823155,https://raw.githubusercontent.com/lancebroz/mlb-pitcher-data/main/data/raw/2026/daily/2026-04-11.parquet,False,2026-04-11,2026-04-12T01:40:00Z,SEA,HOU,H,Andrés Muñoz,False,RELIEF_OR_BULK,24,6,3,0,0,1,2,1,0,https://statsapi.mlb.com/api/v1.1/game/823155/feed/live,both,True,P,Pitcher,BULLPEN_PITCHER,True,QA_VALIDATED_CANONICAL_V3
666374,12,8,65,69,284,295,Top,823155,https://raw.githubusercontent.com/lancebroz/mlb-pitcher-data/main/data/raw/2026/daily/2026-04-11.parquet,False,2026-04-11,2026-04-12T01:40:00Z,SEA,HOU,H,Matt Brash,False,RELIEF_OR_BULK,12,5,3,0,0,1,1,0,0,https://statsapi.mlb.com/api/v1.1/game/823155/feed/live,both,True,P,Pitcher,BULLPEN_PITCHER,True,QA_VALIDATED_CANONICAL_V3
668984,20,4,32,40,143,172,Top,823155,https://raw.githubusercontent.com/lancebroz/mlb-pitcher-data/main/data/raw/2026/daily/2026-04-11.parquet,False,2026-04-11,2026-04-12T01:40:00Z,SEA,HOU,H,Casey Legumina,False,RELIEF_OR_BULK,20,6,5,0,0,2,0,2,0,https://statsapi.mlb.com/api/v1.1/game/823155/feed/live,both,True,P,Pitcher,BULLPEN_PITCHER,True,QA_VALIDATED_CANONICAL_V3
678606,21,6,49,52,202,222,Top,823155,https://raw.githubusercontent.com/lancebroz/mlb-pitcher-data/main/data/raw/2026/daily/2026-04-11.parquet,False,2026-04-11,2026-04-12T01:40:00Z,SEA,HOU,H,José A. Ferrer,False,RELIEF_OR_BULK,21,4,3,0,0,1,0,1,0,https://statsapi.mlb.com/api/v1.1/game/823155/feed/live,both,True,P,Pitcher,BULLPEN_PITCHER,True,QA_VALIDATED_CANONICAL_V3
678906,20,6,53,55,223,242,Bot,823155,https://raw.githubusercontent.com/lancebroz/mlb-pitcher-data/main/data/raw/2026/daily/2026-04-11.parquet,False,2026-04-11,2026-04-12T01:40:00Z,HOU,SEA,A,Kai-Wei Teng,False,RELIEF_OR_BULK,20,3,2,0,0,0,1,2,0,https://statsapi.mlb.com/api/v1.1/game/823155/feed/live,both,True,P,Pitcher,BULLPEN_PITCHER,True,QA_VALIDATED_CANONICAL_V3
687911,25,6,56,64,243,283,Bot,823155,https://raw.githubusercontent.com/lancebroz/mlb-pitcher-data/main/data/raw/2026/daily/2026-04-11.parquet,False,2026-04-11,2026-04-12T01:40:00Z,HOU,SEA,A,Bryan King,False,RELIEF_OR_BULK,25,4,4,0,0,0,1,1,0,https://statsapi.mlb.com/api/v1.1/game/823155/feed/live,both,True,P,Pitcher,BULLPEN_PITCHER,True,QA_VALIDATED_CANONICAL_V3
805123,17,8,70,72,296,312,Bot,823155,https://raw.githubusercontent.com/lancebroz/mlb-pitcher-data/main/data/raw/2026/daily/2026-04-11.parquet,False,2026-04-11,2026-04-12T01:40:00Z,HOU,SEA,A,AJ Blubaugh,False,RELIEF_OR_BULK,17,3,3,0,0,0,0,0,0,https://statsapi.mlb.com/api/v1.1/game/823155/feed/live,both,True,P,Pitcher,BULLPEN_PITCHER,True,QA_VALIDATED_CANONICAL_V3
595345,21,1,10,21,53,103,Bot,823156,https://raw.githubusercontent.com/lancebroz/mlb-pitcher-data/main/data/raw/2026/daily/2026-04-10.parquet,False,2026-04-10,2026-04-11T01:40:00Z,HOU,SEA,A,Steven Okert,False,RELIEF_OR_BULK,21,5,5,0,0,0,0,2,0,https://statsapi.mlb.com/api/v1.1/game/823156/feed/live,both,True,P,Pitcher,BULLPEN_PITCHER,True,QA_VALIDATED_CANONICAL_V3
641585,59,5,44,65,211,298,Bot,823156,https://raw.githubusercontent.com/lancebroz/mlb-pitcher-data/main/data/raw/2026/daily/2026-04-10.parquet,False,2026-04-10,2026-04-11T01:40:00Z,HOU,SEA,A,J.P. France,False,RELIEF_OR_BULK,59,15,8,4,4,3,4,3,0,https://statsapi.mlb.com/api/v1.1/game/823156/feed/live,both,True,P,Pitcher,BULLPEN_PITCHER,True,QA_VALIDATED_CANONICAL_V3
642100,12,6,47,50,224,235,Top,823156,https://raw.githubusercontent.com/lancebroz/mlb-pitcher-data/main/data/raw/2026/daily/2026-04-10.parquet,False,2026-04-10,2026-04-11T01:40:00Z,SEA,HOU,H,Gabe Speier,False,RELIEF_OR_BULK,12,4,3,0,0,1,0,0,0,https://statsapi.mlb.com/api/v1.1/game/823156/feed/live,both,True,P,Pitcher,BULLPEN_PITCHER,True,QA_VALIDATED_CANONICAL_V3
660825,17,7,55,57,250,266,Top,823156,https://raw.githubusercontent.com/lancebroz/mlb-pitcher-data/main/data/raw/2026/daily/2026-04-10.parquet,False,2026-04-10,2026-04-11T01:40:00Z,SEA,HOU,H,Eduard Bazardo,False,RELIEF_OR_BULK,17,3,3,0,0,0,0,0,0,https://statsapi.mlb.com/api/v1.1/game/823156/feed/live,both,True,P,Pitcher,BULLPEN_PITCHER,True,QA_VALIDATED_CANONICAL_V3
660853,10,8,72,75,321,330,Bot,823156,https://raw.githubusercontent.com/lancebroz/mlb-pitcher-data/main/data/raw/2026/daily/2026-04-10.parquet,False,2026-04-10,2026-04-11T01:40:00Z,HOU,SEA,A,Enyel De Los Santos,False,RELIEF_OR_BULK,10,4,3,0,0,1,0,1,0,https://statsapi.mlb.com/api/v1.1/game/823156/feed/live,both,True,P,Pitcher,BULLPEN_PITCHER,True,QA_VALIDATED_CANONICAL_V3
662253,25,9,76,80,331,355,Top,823156,https://raw.githubusercontent.com/lancebroz/mlb-pitcher-data/main/data/raw/2026/daily/2026-04-10.parquet,False,2026-04-10,2026-04-11T01:40:00Z,SEA,HOU,H,Andrés Muñoz,False,RELIEF_OR_BULK,25,5,3,0,0,0,2,1,0,https://statsapi.mlb.com/api/v1.1/game/823156/feed/live,both,True,P,Pitcher,BULLPEN_PITCHER,True,QA_VALIDATED_CANONICAL_V3
666374,4,8,71,71,317,320,Top,823156,https://raw.githubusercontent.com/lancebroz/mlb-pitcher-data/main/data/raw/2026/daily/2026-04-10.parquet,False,2026-04-10,2026-04-11T01:40:00Z,SEA,HOU,H,Matt Brash,False,RELIEF_OR_BULK,4,1,2,0,0,0,0,0,0,https://statsapi.mlb.com/api/v1.1/game/823156/feed/live,both,True,P,Pitcher,BULLPEN_PITCHER,True,QA_VALIDATED_CANONICAL_V3
676106,88,1,0,39,1,192,Top,823156,https://raw.githubusercontent.com/lancebroz/mlb-pitcher-data/main/data/raw/2026/daily/2026-04-10.parquet,False,2026-04-10,2026-04-11T01:40:00Z,SEA,HOU,H,Emerson Hancock,True,STARTER,88,19,15,3,3,4,2,5,0,https://statsapi.mlb.com/api/v1.1/game/823156/feed/live,both,True,P,Pitcher,STARTER/OPENER/BULK,True,QA_VALIDATED_CANONICAL_V3
677961,18,8,66,70,299,316,Top,823156,https://raw.githubusercontent.com/lancebroz/mlb-pitcher-data/main/data/raw/2026/daily/2026-04-10.parquet,False,2026-04-10,2026-04-11T01:40:00Z,SEA,HOU,H,Cole Wilcox,False,RELIEF_OR_BULK,18,5,1,3,3,3,0,0,1,https://statsapi.mlb.com/api/v1.1/game/823156/feed/live,both,True,P,Pitcher,BULLPEN_PITCHER,True,QA_VALIDATED_CANONICAL_V3
680802,64,3,25,43,118,210,Bot,823156,https://raw.githubusercontent.com/lancebroz/mlb-pitcher-data/main/data/raw/2026/daily/2026-04-10.parquet,False,2026-04-10,2026-04-11T01:40:00Z,HOU,SEA,A,Ryan Weiss,False,RELIEF_OR_BULK,64,13,7,2,2,4,2,4,1,https://statsapi.mlb.com/api/v1.1/game/823156/feed/live,both,True,P,Pitcher,BULLPEN_PITCHER,True,QA_VALIDATED_CANONICAL_V3
837227,37,1,3,9,16,52,Bot,823156,https://raw.githubusercontent.com/lancebroz/mlb-pitcher-data/main/data/raw/2026/daily/2026-04-10.parquet,False,2026-04-10,2026-04-11T01:40:00Z,HOU,SEA,A,Tatsuya Imai,True,STARTER,37,7,1,3,3,1,4,0,0,https://statsapi.mlb.com/api/v1.1/game/823156/feed/live,both,True,P,Pitcher,STARTER/OPENER/BULK,True,QA_VALIDATED_CANONICAL_V3
518585,12,7,48,49,182,193,Bot,823157,https://raw.githubusercontent.com/lancebroz/mlb-pitcher-data/main/data/raw/2026/daily/2026-04-01.parquet,False,2026-04-01,2026-04-01T20:10:00Z,NYY,SEA,A,Fernando Cruz,False,RELIEF_OR_BULK,12,2,2,0,0,0,0,1,0,https://statsapi.mlb.com/api/v1.1/game/823157/feed/live,both,True,P,Pitcher,BULLPEN_PITCHER,True,QA_VALIDATED_CANONICAL_V3
666808,19,8,54,58,208,226,Bot,823157,https://raw.githubusercontent.com/lancebroz/mlb-pitcher-data/main/data/raw/2026/daily/2026-04-01.parquet,False,2026-04-01,2026-04-01T20:10:00Z,NYY,SEA,A,Camilo Doval,False,RELIEF_OR_BULK,19,5,2,2,2,2,1,1,0,https://statsapi.mlb.com/api/v1.1/game/823157/feed/live,both,True,P,Pitcher,BULLPEN_PITCHER,True,QA_VALIDATED_CANONICAL_V3
669923,89,1,0,40,1,144,Top,823157,https://raw.githubusercontent.com/lancebroz/mlb-pitcher-data/main/data/raw/2026/daily/2026-04-01.parquet,False,2026-04-01,2026-04-01T20:10:00Z,SEA,NYY,H,George Kirby,True,STARTER,89,24,18,4,4,5,3,6,1,https://statsapi.mlb.com/api/v1.1/game/823157/feed/live,both,True,P,Pitcher,STARTER/OPENER/BULK,True,QA_VALIDATED_CANONICAL_V3
670280,40,8,59,69,227,282,Bot,823157,https://raw.githubusercontent.com/lancebroz/mlb-pitcher-data/main/data/raw/2026/daily/2026-04-01.parquet,False,2026-04-01,2026-04-01T20:10:00Z,NYY,SEA,A,David Bednar,False,RELIEF_OR_BULK,40,7,4,1,1,3,0,1,0,https://statsapi.mlb.com/api/v1.1/game/823157/feed/live,both,True,P,Pitcher,BULLPEN_PITCHER,True,QA_VALIDATED_CANONICAL_V3
678606,13,7,44,46,163,175,Top,823157,https://raw.githubusercontent.com/lancebroz/mlb-pitcher-data/main/data/raw/2026/daily/2026-04-01.parquet,False,2026-04-01,2026-04-01T20:10:00Z,SEA,NYY,H,José A. Ferrer,False,RELIEF_OR_BULK,13,3,3,0,0,0,0,2,0,https://statsapi.mlb.com/api/v1.1/game/823157/feed/live,both,True,P,Pitcher,BULLPEN_PITCHER,True,QA_VALIDATED_CANONICAL_V3
681867,30,8,50,64,194,253,Top,823157,https://raw.githubusercontent.com/lancebroz/mlb-pitcher-data/main/data/raw/2026/daily/2026-04-01.parquet,False,2026-04-01,2026-04-01T20:10:00Z,SEA,NYY,H,Cooper Criswell,False,RELIEF_OR_BULK,30,7,6,1,1,1,0,1,1,https://statsapi.mlb.com/api/v1.1/game/823157/feed/live,both,True,P,Pitcher,BULLPEN_PITCHER,True,QA_VALIDATED_CANONICAL_V3
693645,79,1,5,47,22,181,Bot,823157,https://raw.githubusercontent.com/lancebroz/mlb-pitcher-data/main/data/raw/2026/daily/2026-04-01.parquet,False,2026-04-01,2026-04-01T20:10:00Z,NYY,SEA,A,Cam Schlittler,True,STARTER,79,21,19,0,0,2,0,7,0,https://statsapi.mlb.com/api/v1.1/game/823157/feed/live,both,True,P,Pitcher,STARTER/OPENER/BULK,True,QA_VALIDATED_CANONICAL_V3
608331,90,1,6,54,29,209,Bot,823158,https://raw.githubusercontent.com/lancebroz/mlb-pitcher-data/main/data/raw/2026/daily/2026-03-31.parquet,False,2026-03-31,2026-04-01T01:40:00Z,NYY,SEA,A,Max Fried,True,STARTER,90,25,21,0,0,3,1,6,0,https://statsapi.mlb.com/api/v1.1/game/823158/feed/live,both,True,P,Pitcher,STARTER/OPENER/BULK,True,QA_VALIDATED_CANONICAL_V3
657612,7,9,66,68,245,251,Bot,823158,https://raw.githubusercontent.com/lancebroz/mlb-pitcher-data/main/data/raw/2026/daily/2026-03-31.parquet,False,2026-03-31,2026-04-01T01:40:00Z,NYY,SEA,A,Tim Hill,False,RELIEF_OR_BULK,7,3,3,0,0,0,0,0,0,https://statsapi.mlb.com/api/v1.1/game/823158/feed/live,both,True,P,Pitcher,BULLPEN_PITCHER,True,QA_VALIDATED_CANONICAL_V3
668984,18,8,57,65,217,244,Top,823158,https://raw.githubusercontent.com/lancebroz/mlb-pitcher-data/main/data/raw/2026/daily/2026-03-31.parquet,False,2026-03-31,2026-04-01T01:40:00Z,SEA,NYY,H,Casey Legumina,False,RELIEF_OR_BULK,18,5,5,0,0,0,0,1,0,https://statsapi.mlb.com/api/v1.1/game/823158/feed/live,both,True,P,Pitcher,BULLPEN_PITCHER,True,QA_VALIDATED_CANONICAL_V3
669302,95,1,0,40,1,159,Top,823158,https://raw.githubusercontent.com/lancebroz/mlb-pitcher-data/main/data/raw/2026/daily/2026-03-31.parquet,False,2026-03-31,2026-04-01T01:40:00Z,SEA,NYY,H,Logan Gilbert,True,STARTER,95,23,16,5,5,7,3,6,0,https://statsapi.mlb.com/api/v1.1/game/823158/feed/live,both,True,P,Pitcher,STARTER/OPENER/BULK,True,QA_VALIDATED_CANONICAL_V3
677961,31,6,41,56,160,216,Top,823158,https://raw.githubusercontent.com/lancebroz/mlb-pitcher-data/main/data/raw/2026/daily/2026-03-31.parquet,False,2026-03-31,2026-04-01T01:40:00Z,SEA,NYY,H,Cole Wilcox,False,RELIEF_OR_BULK,31,8,6,0,0,2,0,3,0,https://statsapi.mlb.com/api/v1.1/game/823158/feed/live,both,True,P,Pitcher,BULLPEN_PITCHER,True,QA_VALIDATED_CANONICAL_V3
687396,10,8,59,62,222,231,Bot,823158,https://raw.githubusercontent.com/lancebroz/mlb-pitcher-data/main/data/raw/2026/daily/2026-03-31.parquet,False,2026-03-31,2026-04-01T01:40:00Z,NYY,SEA,A,Brent Headrick,False,RELIEF_OR_BULK,10,4,3,0,0,1,0,1,0,https://statsapi.mlb.com/api/v1.1/game/823158/feed/live,both,True,P,Pitcher,BULLPEN_PITCHER,True,QA_VALIDATED_CANONICAL_V3
518585,11,5,38,39,164,174,Bot,823159,https://raw.githubusercontent.com/lancebroz/mlb-pitcher-data/main/data/raw/2026/daily/2026-03-30.parquet,False,2026-03-30,2026-03-31T01:40:00Z,NYY,SEA,A,Fernando Cruz,False,RELIEF_OR_BULK,11,2,2,0,0,0,0,2,0,https://statsapi.mlb.com/api/v1.1/game/823159/feed/live,both,True,P,Pitcher,BULLPEN_PITCHER,True,QA_VALIDATED_CANONICAL_V3
621112,22,8,61,72,253,291,Bot,823159,https://raw.githubusercontent.com/lancebroz/mlb-pitcher-data/main/data/raw/2026/daily/2026-03-30.parquet,False,2026-03-30,2026-03-31T01:40:00Z,NYY,SEA,A,Paul Blackburn,False,RELIEF_OR_BULK,22,8,4,1,1,3,1,0,0,https://statsapi.mlb.com/api/v1.1/game/823159/feed/live,both,True,P,Pitcher,BULLPEN_PITCHER,True,QA_VALIDATED_CANONICAL_V3
622491,95,1,0,42,1,183,Top,823159,https://raw.githubusercontent.com/lancebroz/mlb-pitcher-data/main/data/raw/2026/daily/2026-03-30.parquet,False,2026-03-30,2026-03-31T01:40:00Z,SEA,NYY,H,Luis Castillo,True,STARTER,95,21,18,0,0,3,2,7,0,https://statsapi.mlb.com/api/v1.1/game/823159/feed/live,both,True,P,Pitcher,STARTER/OPENER/BULK,True,QA_VALIDATED_CANONICAL_V3
642100,16,8,57,60,237,252,Top,823159,https://raw.githubusercontent.com/lancebroz/mlb-pitcher-data/main/data/raw/2026/daily/2026-03-30.parquet,False,2026-03-30,2026-03-31T01:40:00Z,SEA,NYY,H,Gabe Speier,False,RELIEF_OR_BULK,16,4,3,0,0,1,0,2,0,https://statsapi.mlb.com/api/v1.1/game/823159/feed/live,both,True,P,Pitcher,BULLPEN_PITCHER,True,QA_VALIDATED_CANONICAL_V3
656234,14,6,43,46,184,197,Bot,823159,https://raw.githubusercontent.com/lancebroz/mlb-pitcher-data/main/data/raw/2026/daily/2026-03-30.parquet,False,2026-03-30,2026-03-31T01:40:00Z,NYY,SEA,A,Jake Bird,False,RELIEF_OR_BULK,14,4,3,0,0,0,0,0,0,https://statsapi.mlb.com/api/v1.1/game/823159/feed/live,both,True,P,Pitcher,BULLPEN_PITCHER,True,QA_VALIDATED_CANONICAL_V3
660825,6,7,50,51,213,218,Top,823159,https://raw.githubusercontent.com/lancebroz/mlb-pitcher-data/main/data/raw/2026/daily/2026-03-30.parquet,False,2026-03-30,2026-03-31T01:40:00Z,SEA,NYY,H,Eduard Bazardo,False,RELIEF_OR_BULK,6,2,2,0,0,0,0,0,0,https://statsapi.mlb.com/api/v1.1/game/823159/feed/live,both,True,P,Pitcher,BULLPEN_PITCHER,True,QA_VALIDATED_CANONICAL_V3
666374,17,9,65,68,263,279,Top,823159,https://raw.githubusercontent.com/lancebroz/mlb-pitcher-data/main/data/raw/2026/daily/2026-03-30.parquet,False,2026-03-30,2026-03-31T01:40:00Z,SEA,NYY,H,Matt Brash,False,RELIEF_OR_BULK,17,4,3,0,0,1,0,1,0,https://statsapi.mlb.com/api/v1.1/game/823159/feed/live,both,True,P,Pitcher,BULLPEN_PITCHER,True,QA_VALIDATED_CANONICAL_V3
666808,2,7,56,56,235,236,Bot,823159,https://raw.githubusercontent.com/lancebroz/mlb-pitcher-data/main/data/raw/2026/daily/2026-03-30.parquet,False,2026-03-30,2026-03-31T01:40:00Z,NYY,SEA,A,Camilo Doval,False,RELIEF_OR_BULK,2,1,1,0,0,0,0,0,0,https://statsapi.mlb.com/api/v1.1/game/823159/feed/live,both,True,P,Pitcher,BULLPEN_PITCHER,True,QA_VALIDATED_CANONICAL_V3
677960,77,1,3,37,11,163,Bot,823159,https://raw.githubusercontent.com/lancebroz/mlb-pitcher-data/main/data/raw/2026/daily/2026-03-30.parquet,False,2026-03-30,2026-03-31T01:40:00Z,NYY,SEA,A,Ryan Weathers,True,STARTER,77,19,13,1,1,4,2,7,0,https://statsapi.mlb.com/api/v1.1/game/823159/feed/live,both,True,P,Pitcher,STARTER/OPENER/BULK,True,QA_VALIDATED_CANONICAL_V3
678606,15,7,47,49,198,212,Top,823159,https://raw.githubusercontent.com/lancebroz/mlb-pitcher-data/main/data/raw/2026/daily/2026-03-30.parquet,False,2026-03-30,2026-03-31T01:40:00Z,SEA,NYY,H,José A. Ferrer,False,RELIEF_OR_BULK,15,3,1,1,0,1,0,0,0,https://statsapi.mlb.com/api/v1.1/game/823159/feed/live,both,True,P,Pitcher,BULLPEN_PITCHER,True,QA_VALIDATED_CANONICAL_V3
687396,16,7,52,55,219,234,Bot,823159,https://raw.githubusercontent.com/lancebroz/mlb-pitcher-data/main/data/raw/2026/daily/2026-03-30.parquet,False,2026-03-30,2026-03-31T01:40:00Z,NYY,SEA,A,Brent Headrick,False,RELIEF_OR_BULK,16,4,2,0,0,2,0,2,0,https://statsapi.mlb.com/api/v1.1/game/823159/feed/live,both,True,P,Pitcher,BULLPEN_PITCHER,True,QA_VALIDATED_CANONICAL_V3
670059,35,7,55,67,236,295,Bot,823160,https://raw.githubusercontent.com/lancebroz/mlb-pitcher-data/main/data/raw/2026/daily/2026-03-29.parquet,False,2026-03-29,2026-03-29T23:20:00Z,CLE,SEA,A,Colin Holderman,False,RELIEF_OR_BULK,35,9,6,1,0,1,1,2,0,https://statsapi.mlb.com/api/v1.1/game/823160/feed/live,both,True,P,Pitcher,BULLPEN_PITCHER,True,QA_VALIDATED_CANONICAL_V3
676106,97,1,0,45,1,201,Top,823160,https://raw.githubusercontent.com/lancebroz/mlb-pitcher-data/main/data/raw/2026/daily/2026-03-29.parquet,False,2026-03-29,2026-03-29T23:20:00Z,SEA,CLE,H,Emerson Hancock,True,STARTER,97,19,18,0,0,0,1,9,0,https://statsapi.mlb.com/api/v1.1/game/823160/feed/live,both,True,P,Pitcher,STARTER/OPENER/BULK,True,QA_VALIDATED_CANONICAL_V3
677944,93,1,4,39,23,176,Bot,823160,https://raw.githubusercontent.com/lancebroz/mlb-pitcher-data/main/data/raw/2026/daily/2026-03-29.parquet,False,2026-03-29,2026-03-29T23:20:00Z,CLE,SEA,A,Slade Cecconi,True,STARTER,93,24,13,6,6,6,3,5,1,https://statsapi.mlb.com/api/v1.1/game/823160/feed/live,both,True,P,Pitcher,STARTER/OPENER/BULK,True,QA_VALIDATED_CANONICAL_V3
681867,44,7,52,70,229,307,Top,823160,https://raw.githubusercontent.com/lancebroz/mlb-pitcher-data/main/data/raw/2026/daily/2026-03-29.parquet,False,2026-03-29,2026-03-29T23:20:00Z,SEA,CLE,H,Cooper Criswell,False,RELIEF_OR_BULK,44,10,9,0,0,2,0,5,0,https://statsapi.mlb.com/api/v1.1/game/823160/feed/live,both,True,P,Pitcher,BULLPEN_PITCHER,True,QA_VALIDATED_CANONICAL_V3
688883,38,5,40,51,177,228,Bot,823160,https://raw.githubusercontent.com/lancebroz/mlb-pitcher-data/main/data/raw/2026/daily/2026-03-29.parquet,False,2026-03-29,2026-03-29T23:20:00Z,CLE,SEA,A,Peyton Pallette,False,RELIEF_OR_BULK,38,9,5,1,1,2,1,1,0,https://statsapi.mlb.com/api/v1.1/game/823160/feed/live,both,True,P,Pitcher,BULLPEN_PITCHER,True,QA_VALIDATED_CANONICAL_V3
542888,19,7,60,67,255,296,Bot,823161,https://raw.githubusercontent.com/lancebroz/mlb-pitcher-data/main/data/raw/2026/daily/2026-03-28.parquet,False,2026-03-28,2026-03-29T01:40:00Z,CLE,SEA,A,Shawn Armstrong,False,RELIEF_OR_BULK,19,4,4,0,0,0,1,1,0,https://statsapi.mlb.com/api/v1.1/game/823161/feed/live,both,True,P,Pitcher,BULLPEN_PITCHER,True,QA_VALIDATED_CANONICAL_V3
641401,17,10,82,85,355,371,Bot,823161,https://raw.githubusercontent.com/lancebroz/mlb-pitcher-data/main/data/raw/2026/daily/2026-03-28.parquet,False,2026-03-28,2026-03-29T01:40:00Z,CLE,SEA,A,Connor Brogdon,False,RELIEF_OR_BULK,17,4,3,2,1,1,0,2,1,https://statsapi.mlb.com/api/v1.1/game/823161/feed/live,both,True,P,Pitcher,BULLPEN_PITCHER,True,QA_VALIDATED_CANONICAL_V3
642100,3,7,55,55,232,234,Top,823161,https://raw.githubusercontent.com/lancebroz/mlb-pitcher-data/main/data/raw/2026/daily/2026-03-28.parquet,False,2026-03-28,2026-03-29T01:40:00Z,SEA,CLE,H,Gabe Speier,False,RELIEF_OR_BULK,3,1,1,0,0,0,0,0,0,https://statsapi.mlb.com/api/v1.1/game/823161/feed/live,both,True,P,Pitcher,BULLPEN_PITCHER,True,QA_VALIDATED_CANONICAL_V3
660825,24,7,50,54,208,231,Top,823161,https://raw.githubusercontent.com/lancebroz/mlb-pitcher-data/main/data/raw/2026/daily/2026-03-28.parquet,False,2026-03-28,2026-03-29T01:40:00Z,SEA,CLE,H,Eduard Bazardo,False,RELIEF_OR_BULK,24,5,2,1,1,1,2,1,0,https://statsapi.mlb.com/api/v1.1/game/823161/feed/live,both,True,P,Pitcher,BULLPEN_PITCHER,True,QA_VALIDATED_CANONICAL_V3
662253,20,10,77,81,335,354,Top,823161,https://raw.githubusercontent.com/lancebroz/mlb-pitcher-data/main/data/raw/2026/daily/2026-03-28.parquet,False,2026-03-28,2026-03-29T01:40:00Z,SEA,CLE,H,Andrés Muñoz,False,RELIEF_OR_BULK,20,5,3,3,2,2,0,1,1,https://statsapi.mlb.com/api/v1.1/game/823161/feed/live,both,True,P,Pitcher,BULLPEN_PITCHER,True,QA_VALIDATED_CANONICAL_V3
668984,23,8,61,64,260,282,Top,823161,https://raw.githubusercontent.com/lancebroz/mlb-pitcher-data/main/data/raw/2026/daily/2026-03-28.parquet,False,2026-03-28,2026-03-29T01:40:00Z,SEA,CLE,H,Casey Legumina,False,RELIEF_OR_BULK,23,4,3,0,0,1,0,1,0,https://statsapi.mlb.com/api/v1.1/game/823161/feed/live,both,True,P,Pitcher,BULLPEN_PITCHER,True,QA_VALIDATED_CANONICAL_V3
670036,14,4,31,45,134,188,Bot,823161,https://raw.githubusercontent.com/lancebroz/mlb-pitcher-data/main/data/raw/2026/daily/2026-03-28.parquet,False,2026-03-28,2026-03-29T01:40:00Z,CLE,SEA,A,Matt Festa,False,RELIEF_OR_BULK,14,5,5,0,0,0,0,1,0,https://statsapi.mlb.com/api/v1.1/game/823161/feed/live,both,True,P,Pitcher,BULLPEN_PITCHER,True,QA_VALIDATED_CANONICAL_V3
671922,28,9,71,76,307,334,Bot,823161,https://raw.githubusercontent.com/lancebroz/mlb-pitcher-data/main/data/raw/2026/daily/2026-03-28.parquet,False,2026-03-28,2026-03-29T01:40:00Z,CLE,SEA,A,Cade Smith,False,RELIEF_OR_BULK,28,6,3,1,1,2,1,2,0,https://statsapi.mlb.com/api/v1.1/game/823161/feed/live,both,True,P,Pitcher,BULLPEN_PITCHER,True,QA_VALIDATED_CANONICAL_V3
676282,91,1,3,30,11,133,Bot,823161,https://raw.githubusercontent.com/lancebroz/mlb-pitcher-data/main/data/raw/2026/daily/2026-03-28.parquet,False,2026-03-28,2026-03-29T01:40:00Z,CLE,SEA,A,Joey Cantillo,True,STARTER,91,18,11,2,2,4,3,5,0,https://statsapi.mlb.com/api/v1.1/game/823161/feed/live,both,True,P,Pitcher,STARTER/OPENER/BULK,True,QA_VALIDATED_CANONICAL_V3
677961,10,9,68,70,297,306,Top,823161,https://raw.githubusercontent.com/lancebroz/mlb-pitcher-data/main/data/raw/2026/daily/2026-03-28.parquet,False,2026-03-28,2026-03-29T01:40:00Z,SEA,CLE,H,Cole Wilcox,False,RELIEF_OR_BULK,10,3,3,0,0,0,0,1,0,https://statsapi.mlb.com/api/v1.1/game/823161/feed/live,both,True,P,Pitcher,BULLPEN_PITCHER,True,QA_VALIDATED_CANONICAL_V3
681870,20,7,56,59,235,254,Bot,823161,https://raw.githubusercontent.com/lancebroz/mlb-pitcher-data/main/data/raw/2026/daily/2026-03-28.parquet,False,2026-03-28,2026-03-29T01:40:00Z,CLE,SEA,A,Erik Sabrowski,False,RELIEF_OR_BULK,20,4,2,0,0,0,2,1,0,https://statsapi.mlb.com/api/v1.1/game/823161/feed/live,both,True,P,Pitcher,BULLPEN_PITCHER,True,QA_VALIDATED_CANONICAL_V3
682120,19,6,46,49,189,207,Bot,823161,https://raw.githubusercontent.com/lancebroz/mlb-pitcher-data/main/data/raw/2026/daily/2026-03-28.parquet,False,2026-03-28,2026-03-29T01:40:00Z,CLE,SEA,A,Tim Herrin,False,RELIEF_OR_BULK,19,4,2,0,0,2,0,0,0,https://statsapi.mlb.com/api/v1.1/game/823161/feed/live,both,True,P,Pitcher,BULLPEN_PITCHER,True,QA_VALIDATED_CANONICAL_V3
693433,83,1,0,44,1,184,Top,823161,https://raw.githubusercontent.com/lancebroz/mlb-pitcher-data/main/data/raw/2026/daily/2026-03-28.parquet,False,2026-03-28,2026-03-29T01:40:00Z,SEA,CLE,H,Bryan Woo,True,STARTER,83,23,18,2,2,4,1,9,0,https://statsapi.mlb.com/api/v1.1/game/823161/feed/live,both,True,P,Pitcher,STARTER/OPENER/BULK,True,QA_VALIDATED_CANONICAL_V3
660825,17,7,49,52,207,223,Top,823162,https://raw.githubusercontent.com/lancebroz/mlb-pitcher-data/main/data/raw/2026/daily/2026-03-27.parquet,False,2026-03-27,2026-03-28T01:45:00Z,SEA,CLE,H,Eduard Bazardo,False,RELIEF_OR_BULK,17,4,3,0,0,0,1,1,0,https://statsapi.mlb.com/api/v1.1/game/823162/feed/live,both,True,P,Pitcher,BULLPEN_PITCHER,True,QA_VALIDATED_CANONICAL_V3
662253,17,9,63,66,262,278,Top,823162,https://raw.githubusercontent.com/lancebroz/mlb-pitcher-data/main/data/raw/2026/daily/2026-03-27.parquet,False,2026-03-27,2026-03-28T01:45:00Z,SEA,CLE,H,Andrés Muñoz,False,RELIEF_OR_BULK,17,4,3,0,0,1,0,2,0,https://statsapi.mlb.com/api/v1.1/game/823162/feed/live,both,True,P,Pitcher,BULLPEN_PITCHER,True,QA_VALIDATED_CANONICAL_V3
666374,17,8,56,59,239,255,Top,823162,https://raw.githubusercontent.com/lancebroz/mlb-pitcher-data/main/data/raw/2026/daily/2026-03-27.parquet,False,2026-03-27,2026-03-28T01:45:00Z,SEA,CLE,H,Matt Brash,False,RELIEF_OR_BULK,17,4,3,0,0,1,0,0,0,https://statsapi.mlb.com/api/v1.1/game/823162/feed/live,both,True,P,Pitcher,BULLPEN_PITCHER,True,QA_VALIDATED_CANONICAL_V3
668909,89,1,4,40,15,168,Bot,823162,https://raw.githubusercontent.com/lancebroz/mlb-pitcher-data/main/data/raw/2026/daily/2026-03-27.parquet,False,2026-03-27,2026-03-28T01:45:00Z,CLE,SEA,A,Gavin Williams,True,STARTER,89,22,15,3,3,2,6,7,1,https://statsapi.mlb.com/api/v1.1/game/823162/feed/live,both,True,P,Pitcher,STARTER/OPENER/BULK,True,QA_VALIDATED_CANONICAL_V3
669923,90,1,0,43,1,179,Top,823162,https://raw.githubusercontent.com/lancebroz/mlb-pitcher-data/main/data/raw/2026/daily/2026-03-27.parquet,False,2026-03-27,2026-03-28T01:45:00Z,SEA,CLE,H,George Kirby,True,STARTER,90,22,18,1,1,2,2,6,1,https://statsapi.mlb.com/api/v1.1/game/823162/feed/live,both,True,P,Pitcher,STARTER/OPENER/BULK,True,QA_VALIDATED_CANONICAL_V3
670059,27,6,44,48,180,206,Bot,823162,https://raw.githubusercontent.com/lancebroz/mlb-pitcher-data/main/data/raw/2026/daily/2026-03-27.parquet,False,2026-03-27,2026-03-28T01:45:00Z,CLE,SEA,A,Colin Holderman,False,RELIEF_OR_BULK,27,5,3,2,2,1,1,1,1,https://statsapi.mlb.com/api/v1.1/game/823162/feed/live,both,True,P,Pitcher,BULLPEN_PITCHER,True,QA_VALIDATED_CANONICAL_V3
688883,21,7,53,62,224,261,Bot,823162,https://raw.githubusercontent.com/lancebroz/mlb-pitcher-data/main/data/raw/2026/daily/2026-03-27.parquet,False,2026-03-27,2026-03-28T01:45:00Z,CLE,SEA,A,Peyton Pallette,False,RELIEF_OR_BULK,21,6,6,0,0,0,0,2,0,https://statsapi.mlb.com/api/v1.1/game/823162/feed/live,both,True,P,Pitcher,BULLPEN_PITCHER,True,QA_VALIDATED_CANONICAL_V3
542888,10,7,55,57,212,221,Bot,823163,https://raw.githubusercontent.com/lancebroz/mlb-pitcher-data/main/data/raw/2026/daily/2026-03-26.parquet,False,2026-03-26,2026-03-27T02:10:00Z,CLE,SEA,A,Shawn Armstrong,False,RELIEF_OR_BULK,10,3,2,1,1,1,0,2,1,https://statsapi.mlb.com/api/v1.1/game/823163/feed/live,both,True,P,Pitcher,BULLPEN_PITCHER,True,QA_VALIDATED_CANONICAL_V3
641401,16,6,45,48,176,191,Bot,823163,https://raw.githubusercontent.com/lancebroz/mlb-pitcher-data/main/data/raw/2026/daily/2026-03-26.parquet,False,2026-03-26,2026-03-27T02:10:00Z,CLE,SEA,A,Connor Brogdon,False,RELIEF_OR_BULK,16,4,3,0,0,1,0,1,0,https://statsapi.mlb.com/api/v1.1/game/823163/feed/live,both,True,P,Pitcher,BULLPEN_PITCHER,True,QA_VALIDATED_CANONICAL_V3
642100,20,7,49,54,192,211,Top,823163,https://raw.githubusercontent.com/lancebroz/mlb-pitcher-data/main/data/raw/2026/daily/2026-03-26.parquet,False,2026-03-26,2026-03-27T02:10:00Z,SEA,CLE,H,Gabe Speier,False,RELIEF_OR_BULK,20,6,3,2,2,3,0,1,0,https://statsapi.mlb.com/api/v1.1/game/823163/feed/live,both,True,P,Pitcher,BULLPEN_PITCHER,True,QA_VALIDATED_CANONICAL_V3
668984,29,8,59,64,227,255,Top,823163,https://raw.githubusercontent.com/lancebroz/mlb-pitcher-data/main/data/raw/2026/daily/2026-03-26.parquet,False,2026-03-26,2026-03-27T02:10:00Z,SEA,CLE,H,Casey Legumina,False,RELIEF_OR_BULK,29,6,3,0,0,1,1,2,0,https://statsapi.mlb.com/api/v1.1/game/823163/feed/live,both,True,P,Pitcher,BULLPEN_PITCHER,True,QA_VALIDATED_CANONICAL_V3
669302,86,1,0,40,1,164,Top,823163,https://raw.githubusercontent.com/lancebroz/mlb-pitcher-data/main/data/raw/2026/daily/2026-03-26.parquet,False,2026-03-26,2026-03-27T02:10:00Z,SEA,CLE,H,Logan Gilbert,True,STARTER,86,21,16,3,3,5,0,7,1,https://statsapi.mlb.com/api/v1.1/game/823163/feed/live,both,True,P,Pitcher,STARTER/OPENER/BULK,True,QA_VALIDATED_CANONICAL_V3
671922,13,9,72,74,284,296,Bot,823163,https://raw.githubusercontent.com/lancebroz/mlb-pitcher-data/main/data/raw/2026/daily/2026-03-26.parquet,False,2026-03-26,2026-03-27T02:10:00Z,CLE,SEA,A,Cade Smith,False,RELIEF_OR_BULK,13,3,3,0,0,0,0,1,0,https://statsapi.mlb.com/api/v1.1/game/823163/feed/live,both,True,P,Pitcher,BULLPEN_PITCHER,True,QA_VALIDATED_CANONICAL_V3
676440,78,1,4,39,22,161,Bot,823163,https://raw.githubusercontent.com/lancebroz/mlb-pitcher-data/main/data/raw/2026/daily/2026-03-26.parquet,False,2026-03-26,2026-03-27T02:10:00Z,CLE,SEA,A,Tanner Bibee,True,STARTER,78,20,15,3,3,4,2,7,3,https://statsapi.mlb.com/api/v1.1/game/823163/feed/live,both,True,P,Pitcher,STARTER/OPENER/BULK,True,QA_VALIDATED_CANONICAL_V3
678606,11,6,41,44,165,175,Top,823163,https://raw.githubusercontent.com/lancebroz/mlb-pitcher-data/main/data/raw/2026/daily/2026-03-26.parquet,False,2026-03-26,2026-03-27T02:10:00Z,SEA,CLE,H,José A. Ferrer,False,RELIEF_OR_BULK,11,4,2,0,0,2,0,0,0,https://statsapi.mlb.com/api/v1.1/game/823163/feed/live,both,True,P,Pitcher,BULLPEN_PITCHER,True,QA_VALIDATED_CANONICAL_V3
681867,17,9,68,71,267,283,Top,823163,https://raw.githubusercontent.com/lancebroz/mlb-pitcher-data/main/data/raw/2026/daily/2026-03-26.parquet,False,2026-03-26,2026-03-27T02:10:00Z,SEA,CLE,H,Cooper Criswell,False,RELIEF_OR_BULK,17,4,3,1,1,1,1,1,1,https://statsapi.mlb.com/api/v1.1/game/823163/feed/live,both,True,P,Pitcher,BULLPEN_PITCHER,True,QA_VALIDATED_CANONICAL_V3
681870,16,7,58,67,222,266,Bot,823163,https://raw.githubusercontent.com/lancebroz/mlb-pitcher-data/main/data/raw/2026/daily/2026-03-26.parquet,False,2026-03-26,2026-03-27T02:10:00Z,CLE,SEA,A,Erik Sabrowski,False,RELIEF_OR_BULK,16,4,4,0,0,0,0,3,0,https://statsapi.mlb.com/api/v1.1/game/823163/feed/live,both,True,P,Pitcher,BULLPEN_PITCHER,True,QA_VALIDATED_CANONICAL_V3
605400,84,1,5,47,18,183,Bot,823234,https://raw.githubusercontent.com/lancebroz/mlb-pitcher-data/main/data/raw/2026/daily/2026-04-08.parquet,False,2026-04-08,2026-04-08T19:45:00Z,PHI,SF,A,Aaron Nola,True,STARTER,84,23,18,3,3,5,1,3,1,https://statsapi.mlb.com/api/v1.1/game/823234/feed/live,both,True,P,Pitcher,STARTER/OPENER/BULK,True,QA_VALIDATED_CANONICAL_V3
621237,17,8,60,64,236,252,Bot,823234,https://raw.githubusercontent.com/lancebroz/mlb-pitcher-data/main/data/raw/2026/daily/2026-04-08.parquet,False,2026-04-08,2026-04-08T19:45:00Z,PHI,SF,A,José Alvarado,False,RELIEF_OR_BULK,17,5,2,2,1,2,0,2,0,https://statsapi.mlb.com/api/v1.1/game/823234/feed/live,both,True,P,Pitcher,BULLPEN_PITCHER,True,QA_VALIDATED_CANONICAL_V3
641816,94,1,0,40,1,159,Top,823234,https://raw.githubusercontent.com/lancebroz/mlb-pitcher-data/main/data/raw/2026/daily/2026-04-08.parquet,False,2026-04-08,2026-04-08T19:45:00Z,SF,PHI,H,Tyler Mahle,True,STARTER,94,24,17,0,0,3,4,6,0,https://statsapi.mlb.com/api/v1.1/game/823234/feed/live,both,True,P,Pitcher,STARTER/OPENER/BULK,True,QA_VALIDATED_CANONICAL_V3
647315,5,8,65,66,253,257,Bot,823234,https://raw.githubusercontent.com/lancebroz/mlb-pitcher-data/main/data/raw/2026/daily/2026-04-08.parquet,False,2026-04-08,2026-04-08T19:45:00Z,PHI,SF,A,Zach Pop,False,RELIEF_OR_BULK,5,2,1,0,0,1,0,0,0,https://statsapi.mlb.com/api/v1.1/game/823234/feed/live,both,True,P,Pitcher,BULLPEN_PITCHER,True,QA_VALIDATED_CANONICAL_V3
657424,13,6,41,49,160,191,Top,823234,https://raw.githubusercontent.com/lancebroz/mlb-pitcher-data/main/data/raw/2026/daily/2026-04-08.parquet,False,2026-04-08,2026-04-08T19:45:00Z,SF,PHI,H,Matt Gage,False,RELIEF_OR_BULK,13,3,2,0,0,1,0,1,0,https://statsapi.mlb.com/api/v1.1/game/823234/feed/live,both,True,P,Pitcher,BULLPEN_PITCHER,True,QA_VALIDATED_CANONICAL_V3
668873,13,7,50,52,192,204,Top,823234,https://raw.githubusercontent.com/lancebroz/mlb-pitcher-data/main/data/raw/2026/daily/2026-04-08.parquet,False,2026-04-08,2026-04-08T19:45:00Z,SF,PHI,H,Caleb Kilian,False,RELIEF_OR_BULK,13,3,2,0,0,0,1,1,0,https://statsapi.mlb.com/api/v1.1/game/823234/feed/live,both,True,P,Pitcher,BULLPEN_PITCHER,True,QA_VALIDATED_CANONICAL_V3
669062,17,9,67,69,258,274,Top,823234,https://raw.githubusercontent.com/lancebroz/mlb-pitcher-data/main/data/raw/2026/daily/2026-04-08.parquet,False,2026-04-08,2026-04-08T19:45:00Z,SF,PHI,H,Erik Miller,False,RELIEF_OR_BULK,17,3,3,0,0,0,0,2,0,https://statsapi.mlb.com/api/v1.1/game/823234/feed/live,both,True,P,Pitcher,BULLPEN_PITCHER,True,QA_VALIDATED_CANONICAL_V3
680742,18,7,53,56,205,222,Bot,823234,https://raw.githubusercontent.com/lancebroz/mlb-pitcher-data/main/data/raw/2026/daily/2026-04-08.parquet,False,2026-04-08,2026-04-08T19:45:00Z,PHI,SF,A,Jonathan Bowlan,False,RELIEF_OR_BULK,18,4,3,0,0,1,0,1,0,https://statsapi.mlb.com/api/v1.1/game/823234/feed/live,both,True,P,Pitcher,BULLPEN_PITCHER,True,QA_VALIDATED_CANONICAL_V3
694918,13,8,57,59,223,235,Top,823234,https://raw.githubusercontent.com/lancebroz/mlb-pitcher-data/main/data/raw/2026/daily/2026-04-08.parquet,False,2026-04-08,2026-04-08T19:45:00Z,SF,PHI,H,Blade Tidwell,False,RELIEF_OR_BULK,13,3,3,0,0,0,0,0,0,https://statsapi.mlb.com/api/v1.1/game/823234/feed/live,both,True,P,Pitcher,BULLPEN_PITCHER,True,QA_VALIDATED_CANONICAL_V3
592662,109,1,0,52,1,214,Top,823235,https://raw.githubusercontent.com/lancebroz/mlb-pitcher-data/main/data/raw/2026/daily/2026-04-07.parquet,False,2026-04-07,2026-04-08T01:45:00Z,SF,PHI,H,Robbie Ray,True,STARTER,109,26,20,0,0,3,3,7,0,https://statsapi.mlb.com/api/v1.1/game/823235/feed/live,both,True,P,Pitcher,STARTER/OPENER/BULK,True,QA_VALIDATED_CANONICAL_V3
621383,18,7,54,56,221,238,Bot,823235,https://raw.githubusercontent.com/lancebroz/mlb-pitcher-data/main/data/raw/2026/daily/2026-04-07.parquet,False,2026-04-07,2026-04-08T01:45:00Z,PHI,SF,A,Tanner Banks,False,RELIEF_OR_BULK,18,3,3,0,0,0,0,2,0,https://statsapi.mlb.com/api/v1.1/game/823235/feed/live,both,True,P,Pitcher,BULLPEN_PITCHER,True,QA_VALIDATED_CANONICAL_V3
647315,13,6,46,48,183,195,Bot,823235,https://raw.githubusercontent.com/lancebroz/mlb-pitcher-data/main/data/raw/2026/daily/2026-04-07.parquet,False,2026-04-07,2026-04-08T01:45:00Z,PHI,SF,A,Zach Pop,False,RELIEF_OR_BULK,13,3,3,0,0,0,0,0,0,https://statsapi.mlb.com/api/v1.1/game/823235/feed/live,both,True,P,Pitcher,BULLPEN_PITCHER,True,QA_VALIDATED_CANONICAL_V3
650911,92,1,4,45,11,182,Bot,823235,https://raw.githubusercontent.com/lancebroz/mlb-pitcher-data/main/data/raw/2026/daily/2026-04-07.parquet,False,2026-04-07,2026-04-08T01:45:00Z,PHI,SF,A,Cristopher Sánchez,True,STARTER,92,24,15,4,2,11,0,6,0,https://statsapi.mlb.com/api/v1.1/game/823235/feed/live,both,True,P,Pitcher,STARTER/OPENER/BULK,True,QA_VALIDATED_CANONICAL_V3
676254,25,7,53,61,215,257,Top,823235,https://raw.githubusercontent.com/lancebroz/mlb-pitcher-data/main/data/raw/2026/daily/2026-04-07.parquet,False,2026-04-07,2026-04-08T01:45:00Z,SF,PHI,H,Ryan Walker,False,RELIEF_OR_BULK,25,6,4,0,0,1,1,1,0,https://statsapi.mlb.com/api/v1.1/game/823235/feed/live,both,True,P,Pitcher,BULLPEN_PITCHER,True,QA_VALIDATED_CANONICAL_V3
676775,11,9,68,70,284,294,Top,823235,https://raw.githubusercontent.com/lancebroz/mlb-pitcher-data/main/data/raw/2026/daily/2026-04-07.parquet,False,2026-04-07,2026-04-08T01:45:00Z,SF,PHI,H,Keaton Winn,False,RELIEF_OR_BULK,11,3,3,0,0,0,0,0,0,https://statsapi.mlb.com/api/v1.1/game/823235/feed/live,both,True,P,Pitcher,BULLPEN_PITCHER,True,QA_VALIDATED_CANONICAL_V3
689147,26,8,62,67,258,283,Bot,823235,https://raw.githubusercontent.com/lancebroz/mlb-pitcher-data/main/data/raw/2026/daily/2026-04-07.parquet,False,2026-04-07,2026-04-08T01:45:00Z,PHI,SF,A,Orion Kerkering,False,RELIEF_OR_BULK,26,6,3,2,2,2,1,0,0,https://statsapi.mlb.com/api/v1.1/game/823235/feed/live,both,True,P,Pitcher,BULLPEN_PITCHER,True,QA_VALIDATED_CANONICAL_V3
605288,89,1,0,54,1,203,Top,823237,https://raw.githubusercontent.com/lancebroz/mlb-pitcher-data/main/data/raw/2026/daily/2026-04-06.parquet,False,2026-04-06,2026-04-07T01:45:00Z,SF,PHI,H,Adrian Houser,True,STARTER,89,28,18,4,4,9,2,3,0,https://statsapi.mlb.com/api/v1.1/game/823237/feed/live,both,True,P,Pitcher,STARTER/OPENER/BULK,True,QA_VALIDATED_CANONICAL_V3
621237,22,7,63,65,233,254,Bot,823237,https://raw.githubusercontent.com/lancebroz/mlb-pitcher-data/main/data/raw/2026/daily/2026-04-06.parquet,False,2026-04-06,2026-04-07T01:45:00Z,PHI,SF,A,José Alvarado,False,RELIEF_OR_BULK,22,3,3,0,0,0,0,1,0,https://statsapi.mlb.com/api/v1.1/game/823237/feed/live,both,True,P,Pitcher,BULLPEN_PITCHER,True,QA_VALIDATED_CANONICAL_V3
621366,12,7,55,58,204,215,Top,823237,https://raw.githubusercontent.com/lancebroz/mlb-pitcher-data/main/data/raw/2026/daily/2026-04-06.parquet,False,2026-04-06,2026-04-07T01:45:00Z,SF,PHI,H,Ryan Borucki,False,RELIEF_OR_BULK,12,4,1,2,2,2,1,0,0,https://statsapi.mlb.com/api/v1.1/game/823237/feed/live,both,True,P,Pitcher,BULLPEN_PITCHER,True,QA_VALIDATED_CANONICAL_V3
641745,20,8,70,73,270,289,Bot,823237,https://raw.githubusercontent.com/lancebroz/mlb-pitcher-data/main/data/raw/2026/daily/2026-04-06.parquet,False,2026-04-06,2026-04-07T01:45:00Z,PHI,SF,A,Brad Keller,False,RELIEF_OR_BULK,20,4,3,0,0,1,0,2,0,https://statsapi.mlb.com/api/v1.1/game/823237/feed/live,both,True,P,Pitcher,BULLPEN_PITCHER,True,QA_VALIDATED_CANONICAL_V3
641835,9,5,44,46,168,176,Bot,823237,https://raw.githubusercontent.com/lancebroz/mlb-pitcher-data/main/data/raw/2026/daily/2026-04-06.parquet,False,2026-04-06,2026-04-07T01:45:00Z,PHI,SF,A,Tim Mayza,False,RELIEF_OR_BULK,9,3,3,0,0,0,0,1,0,https://statsapi.mlb.com/api/v1.1/game/823237/feed/live,both,True,P,Pitcher,BULLPEN_PITCHER,True,QA_VALIDATED_CANONICAL_V3
657424,15,8,66,69,255,269,Top,823237,https://raw.githubusercontent.com/lancebroz/mlb-pitcher-data/main/data/raw/2026/daily/2026-04-06.parquet,False,2026-04-06,2026-04-07T01:45:00Z,SF,PHI,H,Matt Gage,False,RELIEF_OR_BULK,15,3,3,0,0,0,1,1,0,https://statsapi.mlb.com/api/v1.1/game/823237/feed/live,both,True,P,Pitcher,BULLPEN_PITCHER,True,QA_VALIDATED_CANONICAL_V3
661395,16,9,78,81,309,324,Bot,823237,https://raw.githubusercontent.com/lancebroz/mlb-pitcher-data/main/data/raw/2026/daily/2026-04-06.parquet,False,2026-04-06,2026-04-07T01:45:00Z,PHI,SF,A,Jhoan Duran,False,RELIEF_OR_BULK,16,4,3,0,0,1,0,0,0,https://statsapi.mlb.com/api/v1.1/game/823237/feed/live,both,True,P,Pitcher,BULLPEN_PITCHER,True,QA_VALIDATED_CANONICAL_V3
668873,17,7,59,62,216,232,Top,823237,https://raw.githubusercontent.com/lancebroz/mlb-pitcher-data/main/data/raw/2026/daily/2026-04-06.parquet,False,2026-04-06,2026-04-07T01:45:00Z,SF,PHI,H,Caleb Kilian,False,RELIEF_OR_BULK,17,4,2,0,0,0,1,1,0,https://statsapi.mlb.com/api/v1.1/game/823237/feed/live,both,True,P,Pitcher,BULLPEN_PITCHER,True,QA_VALIDATED_CANONICAL_V3
680742,15,6,50,52,184,198,Bot,823237,https://raw.githubusercontent.com/lancebroz/mlb-pitcher-data/main/data/raw/2026/daily/2026-04-06.parquet,False,2026-04-06,2026-04-07T01:45:00Z,PHI,SF,A,Jonathan Bowlan,False,RELIEF_OR_BULK,15,3,3,0,0,0,0,2,0,https://statsapi.mlb.com/api/v1.1/game/823237/feed/live,both,True,P,Pitcher,BULLPEN_PITCHER,True,QA_VALIDATED_CANONICAL_V3
691725,90,1,4,36,15,153,Bot,823237,https://raw.githubusercontent.com/lancebroz/mlb-pitcher-data/main/data/raw/2026/daily/2026-04-06.parquet,False,2026-04-06,2026-04-07T01:45:00Z,PHI,SF,A,Andrew Painter,True,STARTER,90,21,12,4,4,9,1,1,0,https://statsapi.mlb.com/api/v1.1/game/823237/feed/live,both,True,P,Pitcher,STARTER/OPENER/BULK,True,QA_VALIDATED_CANONICAL_V3
694918,19,9,74,77,290,308,Top,823237,https://raw.githubusercontent.com/lancebroz/mlb-pitcher-data/main/data/raw/2026/daily/2026-04-06.parquet,False,2026-04-06,2026-04-07T01:45:00Z,SF,PHI,H,Blade Tidwell,False,RELIEF_OR_BULK,19,4,3,0,0,0,1,2,0,https://statsapi.mlb.com/api/v1.1/game/823237/feed/live,both,True,P,Pitcher,BULLPEN_PITCHER,True,QA_VALIDATED_CANONICAL_V3
596133,12,8,62,64,223,234,Bot,823238,https://raw.githubusercontent.com/lancebroz/mlb-pitcher-data/main/data/raw/2026/daily/2026-04-05.parquet,False,2026-04-05,2026-04-05T20:05:00Z,NYM,SF,A,Luke Weaver,False,RELIEF_OR_BULK,12,3,3,0,0,0,0,0,0,https://statsapi.mlb.com/api/v1.1/game/823238/feed/live,both,True,P,Pitcher,BULLPEN_PITCHER,True,QA_VALIDATED_CANONICAL_V3
623211,10,6,44,53,156,190,Bot,823238,https://raw.githubusercontent.com/lancebroz/mlb-pitcher-data/main/data/raw/2026/daily/2026-04-05.parquet,False,2026-04-05,2026-04-05T20:05:00Z,NYM,SF,A,Huascar Brazobán,False,RELIEF_OR_BULK,10,4,4,0,0,0,0,0,0,https://statsapi.mlb.com/api/v1.1/game/823238/feed/live,both,True,P,Pitcher,BULLPEN_PITCHER,True,QA_VALIDATED_CANONICAL_V3
642207,21,9,70,73,254,274,Bot,823238,https://raw.githubusercontent.com/lancebroz/mlb-pitcher-data/main/data/raw/2026/daily/2026-04-05.parquet,False,2026-04-05,2026-04-05T20:05:00Z,NYM,SF,A,Devin Williams,False,RELIEF_OR_BULK,21,4,3,0,0,2,0,1,0,https://statsapi.mlb.com/api/v1.1/game/823238/feed/live,both,True,P,Pitcher,BULLPEN_PITCHER,True,QA_VALIDATED_CANONICAL_V3
657277,92,1,0,50,1,185,Top,823238,https://raw.githubusercontent.com/lancebroz/mlb-pitcher-data/main/data/raw/2026/daily/2026-04-05.parquet,False,2026-04-05,2026-04-05T20:05:00Z,SF,NYM,H,Logan Webb,True,STARTER,92,28,21,1,1,7,1,3,0,https://statsapi.mlb.com/api/v1.1/game/823238/feed/live,both,True,P,Pitcher,STARTER/OPENER/BULK,True,QA_VALIDATED_CANONICAL_V3
664141,19,9,65,69,235,253,Top,823238,https://raw.githubusercontent.com/lancebroz/mlb-pitcher-data/main/data/raw/2026/daily/2026-04-05.parquet,False,2026-04-05,2026-04-05T20:05:00Z,SF,NYM,H,JT Brubaker,False,RELIEF_OR_BULK,19,5,3,0,0,1,1,0,0,https://statsapi.mlb.com/api/v1.1/game/823238/feed/live,both,True,P,Pitcher,BULLPEN_PITCHER,True,QA_VALIDATED_CANONICAL_V3
669062,24,8,57,61,199,222,Top,823238,https://raw.githubusercontent.com/lancebroz/mlb-pitcher-data/main/data/raw/2026/daily/2026-04-05.parquet,False,2026-04-05,2026-04-05T20:05:00Z,SF,NYM,H,Erik Miller,False,RELIEF_OR_BULK,24,5,2,2,2,3,0,2,0,https://statsapi.mlb.com/api/v1.1/game/823238/feed/live,both,True,P,Pitcher,BULLPEN_PITCHER,True,QA_VALIDATED_CANONICAL_V3
673540,88,1,3,43,11,155,Bot,823238,https://raw.githubusercontent.com/lancebroz/mlb-pitcher-data/main/data/raw/2026/daily/2026-04-05.parquet,False,2026-04-05,2026-04-05T20:05:00Z,NYM,SF,A,Kodai Senga,True,STARTER,88,22,17,2,2,5,2,7,0,https://statsapi.mlb.com/api/v1.1/game/823238/feed/live,both,True,P,Pitcher,STARTER/OPENER/BULK,True,QA_VALIDATED_CANONICAL_V3
676775,8,8,54,56,191,198,Top,823238,https://raw.githubusercontent.com/lancebroz/mlb-pitcher-data/main/data/raw/2026/daily/2026-04-05.parquet,False,2026-04-05,2026-04-05T20:05:00Z,SF,NYM,H,Keaton Winn,False,RELIEF_OR_BULK,8,3,1,2,2,2,0,0,0,https://statsapi.mlb.com/api/v1.1/game/823238/feed/live,both,True,P,Pitcher,BULLPEN_PITCHER,True,QA_VALIDATED_CANONICAL_V3
605280,90,1,3,61,18,230,Bot,823239,https://raw.githubusercontent.com/lancebroz/mlb-pitcher-data/main/data/raw/2026/daily/2026-04-04.parquet,False,2026-04-04,2026-04-05T01:05:00Z,NYM,SF,A,Clay Holmes,True,STARTER,90,26,21,0,0,3,2,4,0,https://statsapi.mlb.com/api/v1.1/game/823239/feed/live,both,True,P,Pitcher,STARTER/OPENER/BULK,True,QA_VALIDATED_CANONICAL_V3
621366,22,5,39,48,154,182,Top,823239,https://raw.githubusercontent.com/lancebroz/mlb-pitcher-data/main/data/raw/2026/daily/2026-04-04.parquet,False,2026-04-04,2026-04-05T01:05:00Z,SF,NYM,H,Ryan Borucki,False,RELIEF_OR_BULK,22,7,4,1,1,3,0,1,1,https://statsapi.mlb.com/api/v1.1/game/823239/feed/live,both,True,P,Pitcher,BULLPEN_PITCHER,True,QA_VALIDATED_CANONICAL_V3
668873,12,8,62,64,231,242,Top,823239,https://raw.githubusercontent.com/lancebroz/mlb-pitcher-data/main/data/raw/2026/daily/2026-04-04.parquet,False,2026-04-04,2026-04-05T01:05:00Z,SF,NYM,H,Caleb Kilian,False,RELIEF_OR_BULK,12,3,3,0,0,0,0,1,0,https://statsapi.mlb.com/api/v1.1/game/823239/feed/live,both,True,P,Pitcher,BULLPEN_PITCHER,True,QA_VALIDATED_CANONICAL_V3
668964,30,8,65,73,243,281,Bot,823239,https://raw.githubusercontent.com/lancebroz/mlb-pitcher-data/main/data/raw/2026/daily/2026-04-04.parquet,False,2026-04-04,2026-04-05T01:05:00Z,NYM,SF,A,Tobias Myers,False,RELIEF_OR_BULK,30,6,6,0,0,0,0,1,0,https://statsapi.mlb.com/api/v1.1/game/823239/feed/live,both,True,P,Pitcher,BULLPEN_PITCHER,True,QA_VALIDATED_CANONICAL_V3
676775,23,7,52,57,194,216,Top,823239,https://raw.githubusercontent.com/lancebroz/mlb-pitcher-data/main/data/raw/2026/daily/2026-04-04.parquet,False,2026-04-04,2026-04-05T01:05:00Z,SF,NYM,H,Keaton Winn,False,RELIEF_OR_BULK,23,6,3,1,1,2,1,1,0,https://statsapi.mlb.com/api/v1.1/game/823239/feed/live,both,True,P,Pitcher,BULLPEN_PITCHER,True,QA_VALIDATED_CANONICAL_V3
683766,9,9,68,70,259,267,Top,823239,https://raw.githubusercontent.com/lancebroz/mlb-pitcher-data/main/data/raw/2026/daily/2026-04-04.parquet,False,2026-04-04,2026-04-05T01:05:00Z,SF,NYM,H,Christian Koss,False,RELIEF_OR_BULK,9,3,3,0,0,0,0,0,0,https://statsapi.mlb.com/api/v1.1/game/823239/feed/live,both,True,3B,Third Base,POSITION_PLAYER_PITCHING,True,EXCLUIR_POSITION_PLAYER_PITCHING
694738,95,1,0,38,1,153,Top,823239,https://raw.githubusercontent.com/lancebroz/mlb-pitcher-data/main/data/raw/2026/daily/2026-04-04.parquet,False,2026-04-04,2026-04-05T01:05:00Z,SF,NYM,H,Landen Roupp,True,STARTER,95,23,14,7,5,7,1,7,0,https://statsapi.mlb.com/api/v1.1/game/823239/feed/live,both,True,P,Pitcher,STARTER/OPENER/BULK,True,QA_VALIDATED_CANONICAL_V3
472610,14,9,76,79,359,372,Bot,823240,https://raw.githubusercontent.com/lancebroz/mlb-pitcher-data/main/data/raw/2026/daily/2026-04-03.parquet,False,2026-04-03,2026-04-04T02:15:00Z,NYM,SF,A,Luis García,False,RELIEF_OR_BULK,14,4,3,0,0,1,0,1,0,https://statsapi.mlb.com/api/v1.1/game/823240/feed/live,both,True,P,Pitcher,BULLPEN_PITCHER,True,QA_VALIDATED_CANONICAL_V3
548384,16,6,45,46,197,212,Bot,823240,https://raw.githubusercontent.com/lancebroz/mlb-pitcher-data/main/data/raw/2026/daily/2026-04-03.parquet,False,2026-04-03,2026-04-04T02:15:00Z,NYM,SF,A,Brooks Raley,False,RELIEF_OR_BULK,16,2,2,0,0,0,0,1,0,https://statsapi.mlb.com/api/v1.1/game/823240/feed/live,both,True,P,Pitcher,BULLPEN_PITCHER,True,QA_VALIDATED_CANONICAL_V3
623211,24,7,55,58,249,272,Bot,823240,https://raw.githubusercontent.com/lancebroz/mlb-pitcher-data/main/data/raw/2026/daily/2026-04-03.parquet,False,2026-04-03,2026-04-04T02:15:00Z,NYM,SF,A,Huascar Brazobán,False,RELIEF_OR_BULK,24,4,3,0,0,1,0,1,0,https://statsapi.mlb.com/api/v1.1/game/823240/feed/live,both,True,P,Pitcher,BULLPEN_PITCHER,True,QA_VALIDATED_CANONICAL_V3
641816,91,1,0,34,1,145,Top,823240,https://raw.githubusercontent.com/lancebroz/mlb-pitcher-data/main/data/raw/2026/daily/2026-04-03.parquet,False,2026-04-03,2026-04-04T02:15:00Z,SF,NYM,H,Tyler Mahle,True,STARTER,91,23,15,5,5,8,2,4,2,https://statsapi.mlb.com/api/v1.1/game/823240/feed/live,both,True,P,Pitcher,STARTER/OPENER/BULK,True,QA_VALIDATED_CANONICAL_V3
657424,37,7,52,63,239,299,Top,823240,https://raw.githubusercontent.com/lancebroz/mlb-pitcher-data/main/data/raw/2026/daily/2026-04-03.parquet,False,2026-04-03,2026-04-04T02:15:00Z,SF,NYM,H,Matt Gage,False,RELIEF_OR_BULK,37,8,5,0,0,2,1,2,0,https://statsapi.mlb.com/api/v1.1/game/823240/feed/live,both,True,P,Pitcher,BULLPEN_PITCHER,True,QA_VALIDATED_CANONICAL_V3
663992,28,8,64,69,300,327,Bot,823240,https://raw.githubusercontent.com/lancebroz/mlb-pitcher-data/main/data/raw/2026/daily/2026-04-03.parquet,False,2026-04-03,2026-04-04T02:15:00Z,NYM,SF,A,Richard Lovelady,False,RELIEF_OR_BULK,28,6,3,1,1,2,1,1,0,https://statsapi.mlb.com/api/v1.1/game/823240/feed/live,both,True,P,Pitcher,BULLPEN_PITCHER,True,QA_VALIDATED_CANONICAL_V3
664141,38,6,38,51,159,238,Top,823240,https://raw.githubusercontent.com/lancebroz/mlb-pitcher-data/main/data/raw/2026/daily/2026-04-03.parquet,False,2026-04-03,2026-04-04T02:15:00Z,SF,NYM,H,JT Brubaker,False,RELIEF_OR_BULK,38,8,4,3,3,3,2,2,1,https://statsapi.mlb.com/api/v1.1/game/823240/feed/live,both,True,P,Pitcher,BULLPEN_PITCHER,True,QA_VALIDATED_CANONICAL_V3
668873,5,9,75,75,354,358,Top,823240,https://raw.githubusercontent.com/lancebroz/mlb-pitcher-data/main/data/raw/2026/daily/2026-04-03.parquet,False,2026-04-03,2026-04-04T02:15:00Z,SF,NYM,H,Caleb Kilian,False,RELIEF_OR_BULK,5,1,1,0,0,0,0,1,0,https://statsapi.mlb.com/api/v1.1/game/823240/feed/live,both,True,P,Pitcher,BULLPEN_PITCHER,True,QA_VALIDATED_CANONICAL_V3
669062,26,9,70,74,328,353,Top,823240,https://raw.githubusercontent.com/lancebroz/mlb-pitcher-data/main/data/raw/2026/daily/2026-04-03.parquet,False,2026-04-03,2026-04-04T02:15:00Z,SF,NYM,H,Erik Miller,False,RELIEF_OR_BULK,26,5,2,2,2,2,1,1,0,https://statsapi.mlb.com/api/v1.1/game/823240/feed/live,both,True,P,Pitcher,BULLPEN_PITCHER,True,QA_VALIDATED_CANONICAL_V3
690997,93,1,8,44,34,196,Bot,823240,https://raw.githubusercontent.com/lancebroz/mlb-pitcher-data/main/data/raw/2026/daily/2026-04-03.parquet,False,2026-04-03,2026-04-04T02:15:00Z,NYM,SF,A,Nolan McLean,True,STARTER,93,19,16,2,1,1,2,4,0,https://statsapi.mlb.com/api/v1.1/game/823240/feed/live,both,True,P,Pitcher,STARTER/OPENER/BULK,True,QA_VALIDATED_CANONICAL_V3
621366,15,5,34,37,153,167,Top,823241,https://raw.githubusercontent.com/lancebroz/mlb-pitcher-data/main/data/raw/2026/daily/2026-03-28.parquet,False,2026-03-28,2026-03-28T23:15:00Z,SF,NYY,H,Ryan Borucki,False,RELIEF_OR_BULK,15,4,3,1,1,1,0,1,1,https://statsapi.mlb.com/api/v1.1/game/823241/feed/live,both,True,P,Pitcher,BULLPEN_PITCHER,True,QA_VALIDATED_CANONICAL_V3
641816,80,1,0,30,1,142,Top,823241,https://raw.githubusercontent.com/lancebroz/mlb-pitcher-data/main/data/raw/2026/daily/2026-03-28.parquet,False,2026-03-28,2026-03-28T23:15:00Z,SF,NYY,H,Tyler Mahle,True,STARTER,80,17,12,2,2,5,1,5,0,https://statsapi.mlb.com/api/v1.1/game/823241/feed/live,both,True,P,Pitcher,STARTER/OPENER/BULK,True,QA_VALIDATED_CANONICAL_V3
656234,18,6,46,53,201,227,Bot,823241,https://raw.githubusercontent.com/lancebroz/mlb-pitcher-data/main/data/raw/2026/daily/2026-03-28.parquet,False,2026-03-28,2026-03-28T23:15:00Z,NYY,SF,A,Jake Bird,False,RELIEF_OR_BULK,18,5,5,0,0,1,0,2,0,https://statsapi.mlb.com/api/v1.1/game/823241/feed/live,both,True,P,Pitcher,BULLPEN_PITCHER,True,QA_VALIDATED_CANONICAL_V3
657424,8,6,42,44,185,192,Top,823241,https://raw.githubusercontent.com/lancebroz/mlb-pitcher-data/main/data/raw/2026/daily/2026-03-28.parquet,False,2026-03-28,2026-03-28T23:15:00Z,SF,NYY,H,Matt Gage,False,RELIEF_OR_BULK,8,3,3,0,0,0,0,1,0,https://statsapi.mlb.com/api/v1.1/game/823241/feed/live,both,True,P,Pitcher,BULLPEN_PITCHER,True,QA_VALIDATED_CANONICAL_V3
657612,11,7,54,62,228,260,Bot,823241,https://raw.githubusercontent.com/lancebroz/mlb-pitcher-data/main/data/raw/2026/daily/2026-03-28.parquet,False,2026-03-28,2026-03-28T23:15:00Z,NYY,SF,A,Tim Hill,False,RELIEF_OR_BULK,11,4,4,0,0,1,0,1,0,https://statsapi.mlb.com/api/v1.1/game/823241/feed/live,both,True,P,Pitcher,BULLPEN_PITCHER,True,QA_VALIDATED_CANONICAL_V3
664141,2,8,59,59,251,252,Top,823241,https://raw.githubusercontent.com/lancebroz/mlb-pitcher-data/main/data/raw/2026/daily/2026-03-28.parquet,False,2026-03-28,2026-03-28T23:15:00Z,SF,NYY,H,JT Brubaker,False,RELIEF_OR_BULK,2,1,1,0,0,0,0,0,0,https://statsapi.mlb.com/api/v1.1/game/823241/feed/live,both,True,P,Pitcher,BULLPEN_PITCHER,True,QA_VALIDATED_CANONICAL_V3
669062,20,8,55,58,231,250,Top,823241,https://raw.githubusercontent.com/lancebroz/mlb-pitcher-data/main/data/raw/2026/daily/2026-03-28.parquet,False,2026-03-28,2026-03-28T23:15:00Z,SF,NYY,H,Erik Miller,False,RELIEF_OR_BULK,20,4,2,0,0,1,1,1,0,https://statsapi.mlb.com/api/v1.1/game/823241/feed/live,both,True,P,Pitcher,BULLPEN_PITCHER,True,QA_VALIDATED_CANONICAL_V3
670280,20,9,66,69,276,295,Bot,823241,https://raw.githubusercontent.com/lancebroz/mlb-pitcher-data/main/data/raw/2026/daily/2026-03-28.parquet,False,2026-03-28,2026-03-28T23:15:00Z,NYY,SF,A,David Bednar,False,RELIEF_OR_BULK,20,4,3,0,0,1,1,1,0,https://statsapi.mlb.com/api/v1.1/game/823241/feed/live,both,True,P,Pitcher,BULLPEN_PITCHER,True,QA_VALIDATED_CANONICAL_V3
676254,15,9,63,65,261,275,Top,823241,https://raw.githubusercontent.com/lancebroz/mlb-pitcher-data/main/data/raw/2026/daily/2026-03-28.parquet,False,2026-03-28,2026-03-28T23:15:00Z,SF,NYY,H,Ryan Walker,False,RELIEF_OR_BULK,15,3,3,0,0,0,0,1,0,https://statsapi.mlb.com/api/v1.1/game/823241/feed/live,both,True,P,Pitcher,BULLPEN_PITCHER,True,QA_VALIDATED_CANONICAL_V3
676775,9,7,49,51,212,220,Top,823241,https://raw.githubusercontent.com/lancebroz/mlb-pitcher-data/main/data/raw/2026/daily/2026-03-28.parquet,False,2026-03-28,2026-03-28T23:15:00Z,SF,NYY,H,Keaton Winn,False,RELIEF_OR_BULK,9,3,3,0,0,0,0,1,0,https://statsapi.mlb.com/api/v1.1/game/823241/feed/live,both,True,P,Pitcher,BULLPEN_PITCHER,True,QA_VALIDATED_CANONICAL_V3
687396,14,5,40,45,179,200,Bot,823241,https://raw.githubusercontent.com/lancebroz/mlb-pitcher-data/main/data/raw/2026/daily/2026-03-28.parquet,False,2026-03-28,2026-03-28T23:15:00Z,NYY,SF,A,Brent Headrick,False,RELIEF_OR_BULK,14,3,2,0,0,1,0,1,0,https://statsapi.mlb.com/api/v1.1/game/823241/feed/live,both,True,P,Pitcher,BULLPEN_PITCHER,True,QA_VALIDATED_CANONICAL_V3
701542,83,1,4,39,15,178,Bot,823241,https://raw.githubusercontent.com/lancebroz/mlb-pitcher-data/main/data/raw/2026/daily/2026-03-28.parquet,False,2026-03-28,2026-03-28T23:15:00Z,NYY,SF,A,Will Warren,True,STARTER,83,19,13,1,1,5,2,3,0,https://statsapi.mlb.com/api/v1.1/game/823241/feed/live,both,True,P,Pitcher,STARTER/OPENER/BULK,True,QA_VALIDATED_CANONICAL_V3
592662,96,1,0,49,1,177,Top,823242,https://raw.githubusercontent.com/lancebroz/mlb-pitcher-data/main/data/raw/2026/daily/2026-04-02.parquet,False,2026-04-02,2026-04-03T01:45:00Z,SF,NYM,H,Robbie Ray,True,STARTER,96,22,16,2,2,3,3,7,1,https://statsapi.mlb.com/api/v1.1/game/823242/feed/live,both,True,P,Pitcher,STARTER/OPENER/BULK,True,QA_VALIDATED_CANONICAL_V3
640455,74,5,45,70,161,273,Bot,823242,https://raw.githubusercontent.com/lancebroz/mlb-pitcher-data/main/data/raw/2026/daily/2026-04-02.parquet,False,2026-04-02,2026-04-03T01:45:00Z,NYM,SF,A,Sean Manaea,False,RELIEF_OR_BULK,74,17,11,1,1,4,2,2,1,https://statsapi.mlb.com/api/v1.1/game/823242/feed/live,both,True,P,Pitcher,BULLPEN_PITCHER,True,QA_VALIDATED_CANONICAL_V3
656849,68,1,5,44,25,160,Bot,823242,https://raw.githubusercontent.com/lancebroz/mlb-pitcher-data/main/data/raw/2026/daily/2026-04-02.parquet,False,2026-04-02,2026-04-03T01:45:00Z,NYM,SF,A,David Peterson,True,STARTER,68,24,13,6,5,9,2,5,0,https://statsapi.mlb.com/api/v1.1/game/823242/feed/live,both,True,P,Pitcher,STARTER/OPENER/BULK,True,QA_VALIDATED_CANONICAL_V3
676254,12,6,50,51,178,189,Top,823242,https://raw.githubusercontent.com/lancebroz/mlb-pitcher-data/main/data/raw/2026/daily/2026-04-02.parquet,False,2026-04-02,2026-04-03T01:45:00Z,SF,NYM,H,Ryan Walker,False,RELIEF_OR_BULK,12,2,2,0,0,0,0,1,0,https://statsapi.mlb.com/api/v1.1/game/823242/feed/live,both,True,P,Pitcher,BULLPEN_PITCHER,True,QA_VALIDATED_CANONICAL_V3
694918,37,7,56,73,210,287,Top,823242,https://raw.githubusercontent.com/lancebroz/mlb-pitcher-data/main/data/raw/2026/daily/2026-04-02.parquet,False,2026-04-02,2026-04-03T01:45:00Z,SF,NYM,H,Blade Tidwell,False,RELIEF_OR_BULK,37,9,9,0,0,2,0,2,0,https://statsapi.mlb.com/api/v1.1/game/823242/feed/live,both,True,P,Pitcher,BULLPEN_PITCHER,True,QA_VALIDATED_CANONICAL_V3
518585,10,6,41,47,173,194,Bot,823243,https://raw.githubusercontent.com/lancebroz/mlb-pitcher-data/main/data/raw/2026/daily/2026-03-27.parquet,False,2026-03-27,2026-03-27T20:35:00Z,NYY,SF,A,Fernando Cruz,False,RELIEF_OR_BULK,10,3,2,0,0,0,1,0,0,https://statsapi.mlb.com/api/v1.1/game/823243/feed/live,both,True,P,Pitcher,BULLPEN_PITCHER,True,QA_VALIDATED_CANONICAL_V3
592662,89,1,0,36,1,156,Top,823243,https://raw.githubusercontent.com/lancebroz/mlb-pitcher-data/main/data/raw/2026/daily/2026-03-27.parquet,False,2026-03-27,2026-03-27T20:35:00Z,SF,NYY,H,Robbie Ray,True,STARTER,89,21,16,2,2,5,0,4,1,https://statsapi.mlb.com/api/v1.1/game/823243/feed/live,both,True,P,Pitcher,STARTER/OPENER/BULK,True,QA_VALIDATED_CANONICAL_V3
621366,12,8,54,56,219,230,Top,823243,https://raw.githubusercontent.com/lancebroz/mlb-pitcher-data/main/data/raw/2026/daily/2026-03-27.parquet,False,2026-03-27,2026-03-27T20:35:00Z,SF,NYY,H,Ryan Borucki,False,RELIEF_OR_BULK,12,3,2,0,0,0,1,0,0,https://statsapi.mlb.com/api/v1.1/game/823243/feed/live,both,True,P,Pitcher,BULLPEN_PITCHER,True,QA_VALIDATED_CANONICAL_V3
657424,14,9,60,62,243,256,Top,823243,https://raw.githubusercontent.com/lancebroz/mlb-pitcher-data/main/data/raw/2026/daily/2026-03-27.parquet,False,2026-03-27,2026-03-27T20:35:00Z,SF,NYY,H,Matt Gage,False,RELIEF_OR_BULK,14,3,3,0,0,0,1,0,0,https://statsapi.mlb.com/api/v1.1/game/823243/feed/live,both,True,P,Pitcher,BULLPEN_PITCHER,True,QA_VALIDATED_CANONICAL_V3
657612,12,7,48,50,195,206,Bot,823243,https://raw.githubusercontent.com/lancebroz/mlb-pitcher-data/main/data/raw/2026/daily/2026-03-27.parquet,False,2026-03-27,2026-03-27T20:35:00Z,NYY,SF,A,Tim Hill,False,RELIEF_OR_BULK,12,3,3,0,0,0,0,2,0,https://statsapi.mlb.com/api/v1.1/game/823243/feed/live,both,True,P,Pitcher,BULLPEN_PITCHER,True,QA_VALIDATED_CANONICAL_V3
666808,12,8,57,59,231,242,Bot,823243,https://raw.githubusercontent.com/lancebroz/mlb-pitcher-data/main/data/raw/2026/daily/2026-03-27.parquet,False,2026-03-27,2026-03-27T20:35:00Z,NYY,SF,A,Camilo Doval,False,RELIEF_OR_BULK,12,3,3,0,0,0,0,3,0,https://statsapi.mlb.com/api/v1.1/game/823243/feed/live,both,True,P,Pitcher,BULLPEN_PITCHER,True,QA_VALIDATED_CANONICAL_V3
669062,10,7,44,46,179,188,Top,823243,https://raw.githubusercontent.com/lancebroz/mlb-pitcher-data/main/data/raw/2026/daily/2026-03-27.parquet,False,2026-03-27,2026-03-27T20:35:00Z,SF,NYY,H,Erik Miller,False,RELIEF_OR_BULK,10,3,3,0,0,0,0,0,0,https://statsapi.mlb.com/api/v1.1/game/823243/feed/live,both,True,P,Pitcher,BULLPEN_PITCHER,True,QA_VALIDATED_CANONICAL_V3
670280,19,9,63,66,257,275,Bot,823243,https://raw.githubusercontent.com/lancebroz/mlb-pitcher-data/main/data/raw/2026/daily/2026-03-27.parquet,False,2026-03-27,2026-03-27T20:35:00Z,NYY,SF,A,David Bednar,False,RELIEF_OR_BULK,19,4,3,0,0,0,1,0,0,https://statsapi.mlb.com/api/v1.1/game/823243/feed/live,both,True,P,Pitcher,BULLPEN_PITCHER,True,QA_VALIDATED_CANONICAL_V3
676130,17,6,37,43,157,178,Top,823243,https://raw.githubusercontent.com/lancebroz/mlb-pitcher-data/main/data/raw/2026/daily/2026-03-27.parquet,False,2026-03-27,2026-03-27T20:35:00Z,SF,NYY,H,José Buttó,False,RELIEF_OR_BULK,17,4,2,1,1,2,0,2,1,https://statsapi.mlb.com/api/v1.1/game/823243/feed/live,both,True,P,Pitcher,BULLPEN_PITCHER,True,QA_VALIDATED_CANONICAL_V3
676254,12,8,51,53,207,218,Top,823243,https://raw.githubusercontent.com/lancebroz/mlb-pitcher-data/main/data/raw/2026/daily/2026-03-27.parquet,False,2026-03-27,2026-03-27T20:35:00Z,SF,NYY,H,Ryan Walker,False,RELIEF_OR_BULK,12,3,1,0,0,1,1,1,0,https://statsapi.mlb.com/api/v1.1/game/823243/feed/live,both,True,P,Pitcher,BULLPEN_PITCHER,True,QA_VALIDATED_CANONICAL_V3
693645,68,1,3,40,15,172,Bot,823243,https://raw.githubusercontent.com/lancebroz/mlb-pitcher-data/main/data/raw/2026/daily/2026-03-27.parquet,False,2026-03-27,2026-03-27T20:35:00Z,NYY,SF,A,Cam Schlittler,True,STARTER,68,17,16,0,0,1,0,8,0,https://statsapi.mlb.com/api/v1.1/game/823243/feed/live,both,True,P,Pitcher,STARTER/OPENER/BULK,True,QA_VALIDATED_CANONICAL_V3
608331,86,1,3,56,18,204,Bot,823244,https://raw.githubusercontent.com/lancebroz/mlb-pitcher-data/main/data/raw/2026/daily/2026-03-25.parquet,False,2026-03-25,2026-03-26T00:05:00Z,NYY,SF,A,Max Fried,True,STARTER,86,23,19,0,0,2,1,4,0,https://statsapi.mlb.com/api/v1.1/game/823244/feed/live,both,True,P,Pitcher,STARTER/OPENER/BULK,True,QA_VALIDATED_CANONICAL_V3
656234,7,7,57,58,205,211,Bot,823244,https://raw.githubusercontent.com/lancebroz/mlb-pitcher-data/main/data/raw/2026/daily/2026-03-25.parquet,False,2026-03-25,2026-03-26T00:05:00Z,NYY,SF,A,Jake Bird,False,RELIEF_OR_BULK,7,2,2,0,0,0,0,1,0,https://statsapi.mlb.com/api/v1.1/game/823244/feed/live,both,True,P,Pitcher,BULLPEN_PITCHER,True,QA_VALIDATED_CANONICAL_V3
657277,86,1,0,41,1,150,Top,823244,https://raw.githubusercontent.com/lancebroz/mlb-pitcher-data/main/data/raw/2026/daily/2026-03-25.parquet,False,2026-03-25,2026-03-26T00:05:00Z,SF,NYY,H,Logan Webb,True,STARTER,86,26,15,7,6,9,1,7,0,https://statsapi.mlb.com/api/v1.1/game/823244/feed/live,both,True,P,Pitcher,STARTER/OPENER/BULK,True,QA_VALIDATED_CANONICAL_V3
664141,22,7,52,61,188,220,Top,823244,https://raw.githubusercontent.com/lancebroz/mlb-pitcher-data/main/data/raw/2026/daily/2026-03-25.parquet,False,2026-03-25,2026-03-26T00:05:00Z,SF,NYY,H,JT Brubaker,False,RELIEF_OR_BULK,22,7,6,0,0,1,1,2,0,https://statsapi.mlb.com/api/v1.1/game/823244/feed/live,both,True,P,Pitcher,BULLPEN_PITCHER,True,QA_VALIDATED_CANONICAL_V3
666808,13,9,70,73,246,258,Bot,823244,https://raw.githubusercontent.com/lancebroz/mlb-pitcher-data/main/data/raw/2026/daily/2026-03-25.parquet,False,2026-03-25,2026-03-26T00:05:00Z,NYY,SF,A,Camilo Doval,False,RELIEF_OR_BULK,13,4,3,0,0,0,0,0,0,https://statsapi.mlb.com/api/v1.1/game/823244/feed/live,both,True,P,Pitcher,BULLPEN_PITCHER,True,QA_VALIDATED_CANONICAL_V3
668873,10,9,67,69,236,245,Top,823244,https://raw.githubusercontent.com/lancebroz/mlb-pitcher-data/main/data/raw/2026/daily/2026-03-25.parquet,False,2026-03-25,2026-03-26T00:05:00Z,SF,NYY,H,Caleb Kilian,False,RELIEF_OR_BULK,10,3,3,0,0,0,0,1,0,https://statsapi.mlb.com/api/v1.1/game/823244/feed/live,both,True,P,Pitcher,BULLPEN_PITCHER,True,QA_VALIDATED_CANONICAL_V3
676775,19,6,45,48,160,178,Top,823244,https://raw.githubusercontent.com/lancebroz/mlb-pitcher-data/main/data/raw/2026/daily/2026-03-25.parquet,False,2026-03-25,2026-03-26T00:05:00Z,SF,NYY,H,Keaton Winn,False,RELIEF_OR_BULK,19,4,3,0,0,0,1,2,0,https://statsapi.mlb.com/api/v1.1/game/823244/feed/live,both,True,P,Pitcher,BULLPEN_PITCHER,True,QA_VALIDATED_CANONICAL_V3
687396,15,8,62,66,221,235,Bot,823244,https://raw.githubusercontent.com/lancebroz/mlb-pitcher-data/main/data/raw/2026/daily/2026-03-25.parquet,False,2026-03-25,2026-03-26T00:05:00Z,NYY,SF,A,Brent Headrick,False,RELIEF_OR_BULK,15,5,3,0,0,1,1,1,0,https://statsapi.mlb.com/api/v1.1/game/823244/feed/live,both,True,P,Pitcher,BULLPEN_PITCHER,True,QA_VALIDATED_CANONICAL_V3
547179,11,7,61,64,262,272,Bot,823316,https://raw.githubusercontent.com/lancebroz/mlb-pitcher-data/main/data/raw/2026/daily/2026-04-11.parquet,False,2026-04-11,2026-04-12T00:40:00Z,COL,SD,A,Michael Lorenzen,False,RELIEF_OR_BULK,11,4,3,0,0,0,0,0,0,https://statsapi.mlb.com/api/v1.1/game/823316/feed/live,both,True,P,Pitcher,BULLPEN_PITCHER,True,QA_VALIDATED_CANONICAL_V3
592094,4,9,78,78,322,325,Top,823316,https://raw.githubusercontent.com/lancebroz/mlb-pitcher-data/main/data/raw/2026/daily/2026-04-11.parquet,False,2026-04-11,2026-04-12T00:40:00Z,SD,COL,H,Jason Adam,False,RELIEF_OR_BULK,4,1,1,0,0,0,0,0,0,https://statsapi.mlb.com/api/v1.1/game/823316/feed/live,both,True,P,Pitcher,BULLPEN_PITCHER,True,QA_VALIDATED_CANONICAL_V3
593974,28,6,45,59,184,255,Top,823316,https://raw.githubusercontent.com/lancebroz/mlb-pitcher-data/main/data/raw/2026/daily/2026-04-11.parquet,False,2026-04-11,2026-04-12T00:40:00Z,SD,COL,H,Wandy Peralta,False,RELIEF_OR_BULK,28,6,4,0,0,1,1,2,0,https://statsapi.mlb.com/api/v1.1/game/823316/feed/live,both,True,P,Pitcher,BULLPEN_PITCHER,True,QA_VALIDATED_CANONICAL_V3
608566,86,1,0,41,1,168,Top,823316,https://raw.githubusercontent.com/lancebroz/mlb-pitcher-data/main/data/raw/2026/daily/2026-04-11.parquet,False,2026-04-11,2026-04-12T00:40:00Z,SD,COL,H,Germán Márquez,True,STARTER,86,20,15,4,4,4,2,5,3,https://statsapi.mlb.com/api/v1.1/game/823316/feed/live,both,True,P,Pitcher,STARTER/OPENER/BULK,True,QA_VALIDATED_CANONICAL_V3
623474,8,8,70,72,293,300,Bot,823316,https://raw.githubusercontent.com/lancebroz/mlb-pitcher-data/main/data/raw/2026/daily/2026-04-11.parquet,False,2026-04-11,2026-04-12T00:40:00Z,COL,SD,A,Jimmy Herget,False,RELIEF_OR_BULK,8,3,3,0,0,1,0,0,0,https://statsapi.mlb.com/api/v1.1/game/823316/feed/live,both,True,P,Pitcher,BULLPEN_PITCHER,True,QA_VALIDATED_CANONICAL_V3
657514,20,6,53,56,220,239,Bot,823316,https://raw.githubusercontent.com/lancebroz/mlb-pitcher-data/main/data/raw/2026/daily/2026-04-11.parquet,False,2026-04-11,2026-04-12T00:40:00Z,COL,SD,A,Brennan Bernardino,False,RELIEF_OR_BULK,20,4,2,0,0,1,1,1,0,https://statsapi.mlb.com/api/v1.1/game/823316/feed/live,both,True,P,Pitcher,BULLPEN_PITCHER,True,QA_VALIDATED_CANONICAL_V3
663372,82,1,5,37,27,155,Bot,823316,https://raw.githubusercontent.com/lancebroz/mlb-pitcher-data/main/data/raw/2026/daily/2026-04-11.parquet,False,2026-04-11,2026-04-12T00:40:00Z,COL,SD,A,Ryan Feltner,True,STARTER,82,21,12,6,6,7,3,4,2,https://statsapi.mlb.com/api/v1.1/game/823316/feed/live,both,True,P,Pitcher,STARTER/OPENER/BULK,True,QA_VALIDATED_CANONICAL_V3
676760,26,7,60,69,256,292,Top,823316,https://raw.githubusercontent.com/lancebroz/mlb-pitcher-data/main/data/raw/2026/daily/2026-04-11.parquet,False,2026-04-11,2026-04-12T00:40:00Z,SD,COL,H,Ron Marinaccio,False,RELIEF_OR_BULK,26,6,5,1,1,2,0,2,0,https://statsapi.mlb.com/api/v1.1/game/823316/feed/live,both,True,P,Pitcher,BULLPEN_PITCHER,True,QA_VALIDATED_CANONICAL_V3
688642,39,5,42,52,169,219,Bot,823316,https://raw.githubusercontent.com/lancebroz/mlb-pitcher-data/main/data/raw/2026/daily/2026-04-11.parquet,False,2026-04-11,2026-04-12T00:40:00Z,COL,SD,A,Zach Agnos,False,RELIEF_OR_BULK,39,8,4,3,2,1,3,0,0,https://statsapi.mlb.com/api/v1.1/game/823316/feed/live,both,True,P,Pitcher,BULLPEN_PITCHER,True,QA_VALIDATED_CANONICAL_V3
699134,21,9,73,77,301,321,Top,823316,https://raw.githubusercontent.com/lancebroz/mlb-pitcher-data/main/data/raw/2026/daily/2026-04-11.parquet,False,2026-04-11,2026-04-12T00:40:00Z,SD,COL,H,Bradgley Rodriguez,False,RELIEF_OR_BULK,21,5,2,0,0,2,1,1,0,https://statsapi.mlb.com/api/v1.1/game/823316/feed/live,both,True,P,Pitcher,BULLPEN_PITCHER,True,QA_VALIDATED_CANONICAL_V3
592094,5,8,55,55,197,201,Top,823318,https://raw.githubusercontent.com/lancebroz/mlb-pitcher-data/main/data/raw/2026/daily/2026-04-10.parquet,False,2026-04-10,2026-04-11T01:40:00Z,SD,COL,H,Jason Adam,False,RELIEF_OR_BULK,5,1,1,0,0,0,0,0,0,https://statsapi.mlb.com/api/v1.1/game/823318/feed/live,both,True,P,Pitcher,BULLPEN_PITCHER,True,QA_VALIDATED_CANONICAL_V3
606996,13,7,42,45,150,162,Top,823318,https://raw.githubusercontent.com/lancebroz/mlb-pitcher-data/main/data/raw/2026/daily/2026-04-10.parquet,False,2026-04-10,2026-04-11T01:40:00Z,SD,COL,H,Kyle Hart,False,RELIEF_OR_BULK,13,4,3,0,0,1,1,0,0,https://statsapi.mlb.com/api/v1.1/game/823318/feed/live,both,True,P,Pitcher,BULLPEN_PITCHER,True,QA_VALIDATED_CANONICAL_V3
608372,81,1,3,41,12,149,Bot,823318,https://raw.githubusercontent.com/lancebroz/mlb-pitcher-data/main/data/raw/2026/daily/2026-04-10.parquet,False,2026-04-10,2026-04-11T01:40:00Z,COL,SD,A,Tomoyuki Sugano,True,STARTER,81,22,18,2,2,4,0,3,2,https://statsapi.mlb.com/api/v1.1/game/823318/feed/live,both,True,P,Pitcher,STARTER/OPENER/BULK,True,QA_VALIDATED_CANONICAL_V3
621111,68,1,0,38,1,140,Top,823318,https://raw.githubusercontent.com/lancebroz/mlb-pitcher-data/main/data/raw/2026/daily/2026-04-10.parquet,False,2026-04-10,2026-04-11T01:40:00Z,SD,COL,H,Walker Buehler,True,STARTER,68,20,18,0,0,3,0,4,0,https://statsapi.mlb.com/api/v1.1/game/823318/feed/live,both,True,P,Pitcher,STARTER/OPENER/BULK,True,QA_VALIDATED_CANONICAL_V3
622608,31,7,46,58,163,219,Bot,823318,https://raw.githubusercontent.com/lancebroz/mlb-pitcher-data/main/data/raw/2026/daily/2026-04-10.parquet,False,2026-04-10,2026-04-11T01:40:00Z,COL,SD,A,Antonio Senzatela,False,RELIEF_OR_BULK,31,6,5,0,0,0,2,3,0,https://statsapi.mlb.com/api/v1.1/game/823318/feed/live,both,True,P,Pitcher,BULLPEN_PITCHER,True,QA_VALIDATED_CANONICAL_V3
670970,21,8,49,54,176,196,Top,823318,https://raw.githubusercontent.com/lancebroz/mlb-pitcher-data/main/data/raw/2026/daily/2026-04-10.parquet,False,2026-04-10,2026-04-11T01:40:00Z,SD,COL,H,Adrian Morejon,False,RELIEF_OR_BULK,21,6,2,2,2,4,0,0,0,https://statsapi.mlb.com/api/v1.1/game/823318/feed/live,both,True,P,Pitcher,BULLPEN_PITCHER,True,QA_VALIDATED_CANONICAL_V3
675848,18,9,63,66,235,252,Bot,823318,https://raw.githubusercontent.com/lancebroz/mlb-pitcher-data/main/data/raw/2026/daily/2026-04-10.parquet,False,2026-04-10,2026-04-11T01:40:00Z,COL,SD,A,Juan Mejia,False,RELIEF_OR_BULK,18,4,1,3,3,2,1,0,1,https://statsapi.mlb.com/api/v1.1/game/823318/feed/live,both,True,P,Pitcher,BULLPEN_PITCHER,True,QA_VALIDATED_CANONICAL_V3
677955,2,8,59,59,220,221,Bot,823318,https://raw.githubusercontent.com/lancebroz/mlb-pitcher-data/main/data/raw/2026/daily/2026-04-10.parquet,False,2026-04-10,2026-04-11T01:40:00Z,COL,SD,A,Jaden Hill,False,RELIEF_OR_BULK,2,1,1,0,0,0,0,0,0,https://statsapi.mlb.com/api/v1.1/game/823318/feed/live,both,True,P,Pitcher,BULLPEN_PITCHER,True,QA_VALIDATED_CANONICAL_V3
695243,13,9,60,62,222,234,Top,823318,https://raw.githubusercontent.com/lancebroz/mlb-pitcher-data/main/data/raw/2026/daily/2026-04-10.parquet,False,2026-04-10,2026-04-11T01:40:00Z,SD,COL,H,Mason Miller,False,RELIEF_OR_BULK,13,3,3,0,0,0,0,3,0,https://statsapi.mlb.com/api/v1.1/game/823318/feed/live,both,True,P,Pitcher,BULLPEN_PITCHER,True,QA_VALIDATED_CANONICAL_V3
623474,10,1,3,5,21,30,Bot,823319,https://raw.githubusercontent.com/lancebroz/mlb-pitcher-data/main/data/raw/2026/daily/2026-04-09.parquet,False,2026-04-09,2026-04-10T01:40:00Z,COL,SD,A,Jimmy Herget,True,STARTER,10,3,3,0,0,0,0,0,0,https://statsapi.mlb.com/api/v1.1/game/823319/feed/live,both,True,P,Pitcher,STARTER/OPENER/BULK,True,QA_VALIDATED_CANONICAL_V3
657514,14,11,84,88,330,343,Bot,823319,https://raw.githubusercontent.com/lancebroz/mlb-pitcher-data/main/data/raw/2026/daily/2026-04-09.parquet,False,2026-04-09,2026-04-10T01:40:00Z,COL,SD,A,Brennan Bernardino,False,RELIEF_OR_BULK,14,5,3,1,0,2,0,1,0,https://statsapi.mlb.com/api/v1.1/game/823319/feed/live,both,True,P,Pitcher,BULLPEN_PITCHER,True,QA_VALIDATED_CANONICAL_V3
669093,24,10,70,81,279,320,Top,823319,https://raw.githubusercontent.com/lancebroz/mlb-pitcher-data/main/data/raw/2026/daily/2026-04-09.parquet,False,2026-04-09,2026-04-10T01:40:00Z,SD,COL,H,Jeremiah Estrada,False,RELIEF_OR_BULK,24,7,4,2,0,2,2,1,0,https://statsapi.mlb.com/api/v1.1/game/823319/feed/live,both,True,P,Pitcher,BULLPEN_PITCHER,True,QA_VALIDATED_CANONICAL_V3
670970,11,8,55,58,223,233,Top,823319,https://raw.githubusercontent.com/lancebroz/mlb-pitcher-data/main/data/raw/2026/daily/2026-04-09.parquet,False,2026-04-09,2026-04-10T01:40:00Z,SD,COL,H,Adrian Morejon,False,RELIEF_OR_BULK,11,4,3,0,0,1,0,0,0,https://statsapi.mlb.com/api/v1.1/game/823319/feed/live,both,True,P,Pitcher,BULLPEN_PITCHER,True,QA_VALIDATED_CANONICAL_V3
675848,21,8,59,62,234,254,Bot,823319,https://raw.githubusercontent.com/lancebroz/mlb-pitcher-data/main/data/raw/2026/daily/2026-04-09.parquet,False,2026-04-09,2026-04-10T01:40:00Z,COL,SD,A,Juan Mejia,False,RELIEF_OR_BULK,21,4,3,0,0,1,1,1,0,https://statsapi.mlb.com/api/v1.1/game/823319/feed/live,both,True,P,Pitcher,BULLPEN_PITCHER,True,QA_VALIDATED_CANONICAL_V3
677955,19,6,47,54,190,222,Bot,823319,https://raw.githubusercontent.com/lancebroz/mlb-pitcher-data/main/data/raw/2026/daily/2026-04-09.parquet,False,2026-04-09,2026-04-10T01:40:00Z,COL,SD,A,Jaden Hill,False,RELIEF_OR_BULK,19,5,5,0,0,0,0,2,0,https://statsapi.mlb.com/api/v1.1/game/823319/feed/live,both,True,P,Pitcher,BULLPEN_PITCHER,True,QA_VALIDATED_CANONICAL_V3
678368,3,12,93,96,352,354,Bot,823319,https://raw.githubusercontent.com/lancebroz/mlb-pitcher-data/main/data/raw/2026/daily/2026-04-09.parquet,False,2026-04-09,2026-04-10T01:40:00Z,COL,SD,A,Valente Bellozo,False,RELIEF_OR_BULK,3,4,1,4,3,1,2,0,1,https://statsapi.mlb.com/api/v1.1/game/823319/feed/live,both,True,P,Pitcher,BULLPEN_PITCHER,True,QA_VALIDATED_CANONICAL_V3
680767,32,9,66,78,265,305,Bot,823319,https://raw.githubusercontent.com/lancebroz/mlb-pitcher-data/main/data/raw/2026/daily/2026-04-09.parquet,False,2026-04-09,2026-04-10T01:40:00Z,COL,SD,A,Victor Vodnik,False,RELIEF_OR_BULK,32,9,6,1,0,1,2,0,0,https://statsapi.mlb.com/api/v1.1/game/823319/feed/live,both,True,P,Pitcher,BULLPEN_PITCHER,True,QA_VALIDATED_CANONICAL_V3
681190,92,1,0,42,1,175,Top,823319,https://raw.githubusercontent.com/lancebroz/mlb-pitcher-data/main/data/raw/2026/daily/2026-04-09.parquet,False,2026-04-09,2026-04-10T01:40:00Z,SD,COL,H,Randy Vásquez,True,STARTER,92,23,17,1,1,7,0,8,1,https://statsapi.mlb.com/api/v1.1/game/823319/feed/live,both,True,P,Pitcher,STARTER/OPENER/BULK,True,QA_VALIDATED_CANONICAL_V3
688158,17,11,82,92,321,351,Top,823319,https://raw.githubusercontent.com/lancebroz/mlb-pitcher-data/main/data/raw/2026/daily/2026-04-09.parquet,False,2026-04-09,2026-04-10T01:40:00Z,SD,COL,H,David Morgan,False,RELIEF_OR_BULK,17,6,5,0,0,0,0,1,0,https://statsapi.mlb.com/api/v1.1/game/823319/feed/live,both,True,P,Pitcher,BULLPEN_PITCHER,True,QA_VALIDATED_CANONICAL_V3
695243,10,9,63,65,255,264,Top,823319,https://raw.githubusercontent.com/lancebroz/mlb-pitcher-data/main/data/raw/2026/daily/2026-04-09.parquet,False,2026-04-09,2026-04-10T01:40:00Z,SD,COL,H,Mason Miller,False,RELIEF_OR_BULK,10,3,3,0,0,0,0,3,0,https://statsapi.mlb.com/api/v1.1/game/823319/feed/live,both,True,P,Pitcher,BULLPEN_PITCHER,True,QA_VALIDATED_CANONICAL_V3
699134,20,6,43,51,176,210,Top,823319,https://raw.githubusercontent.com/lancebroz/mlb-pitcher-data/main/data/raw/2026/daily/2026-04-09.parquet,False,2026-04-09,2026-04-10T01:40:00Z,SD,COL,H,Bradgley Rodriguez,False,RELIEF_OR_BULK,20,4,4,0,0,0,0,1,0,https://statsapi.mlb.com/api/v1.1/game/823319/feed/live,both,True,P,Pitcher,BULLPEN_PITCHER,True,QA_VALIDATED_CANONICAL_V3
801403,81,2,10,46,50,189,Bot,823319,https://raw.githubusercontent.com/lancebroz/mlb-pitcher-data/main/data/raw/2026/daily/2026-04-09.parquet,False,2026-04-09,2026-04-10T01:40:00Z,COL,SD,A,Chase Dollander,False,RELIEF_OR_BULK,81,20,13,1,1,4,1,3,0,https://statsapi.mlb.com/api/v1.1/game/823319/feed/live,both,True,P,Pitcher,BULLPEN_PITCHER,True,QA_VALIDATED_CANONICAL_V3
593974,14,5,33,35,126,139,Top,823320,https://raw.githubusercontent.com/lancebroz/mlb-pitcher-data/main/data/raw/2026/daily/2026-03-30.parquet,False,2026-03-30,2026-03-31T01:40:00Z,SD,SF,H,Wandy Peralta,False,RELIEF_OR_BULK,14,3,3,0,0,0,0,0,0,https://statsapi.mlb.com/api/v1.1/game/823320/feed/live,both,True,P,Pitcher,BULLPEN_PITCHER,True,QA_VALIDATED_CANONICAL_V3
621111,72,1,0,28,1,108,Top,823320,https://raw.githubusercontent.com/lancebroz/mlb-pitcher-data/main/data/raw/2026/daily/2026-03-30.parquet,False,2026-03-30,2026-03-31T01:40:00Z,SD,SF,H,Walker Buehler,True,STARTER,72,19,12,3,3,5,2,3,1,https://statsapi.mlb.com/api/v1.1/game/823320/feed/live,both,True,P,Pitcher,STARTER/OPENER/BULK,True,QA_VALIDATED_CANONICAL_V3
657424,15,7,51,53,195,209,Bot,823320,https://raw.githubusercontent.com/lancebroz/mlb-pitcher-data/main/data/raw/2026/daily/2026-03-30.parquet,False,2026-03-30,2026-03-31T01:40:00Z,SF,SD,A,Matt Gage,False,RELIEF_OR_BULK,15,3,3,0,0,0,0,0,0,https://statsapi.mlb.com/api/v1.1/game/823320/feed/live,both,True,P,Pitcher,BULLPEN_PITCHER,True,QA_VALIDATED_CANONICAL_V3
676254,22,9,63,67,252,273,Bot,823320,https://raw.githubusercontent.com/lancebroz/mlb-pitcher-data/main/data/raw/2026/daily/2026-03-30.parquet,False,2026-03-30,2026-03-31T01:40:00Z,SF,SD,A,Ryan Walker,False,RELIEF_OR_BULK,22,5,3,2,2,1,1,1,1,https://statsapi.mlb.com/api/v1.1/game/823320/feed/live,both,True,P,Pitcher,BULLPEN_PITCHER,True,QA_VALIDATED_CANONICAL_V3
676760,29,8,54,62,210,251,Top,823320,https://raw.githubusercontent.com/lancebroz/mlb-pitcher-data/main/data/raw/2026/daily/2026-03-30.parquet,False,2026-03-30,2026-03-31T01:40:00Z,SD,SF,H,Ron Marinaccio,False,RELIEF_OR_BULK,29,6,6,0,0,0,0,2,0,https://statsapi.mlb.com/api/v1.1/game/823320/feed/live,both,True,P,Pitcher,BULLPEN_PITCHER,True,QA_VALIDATED_CANONICAL_V3
676775,13,8,57,59,227,239,Bot,823320,https://raw.githubusercontent.com/lancebroz/mlb-pitcher-data/main/data/raw/2026/daily/2026-03-30.parquet,False,2026-03-30,2026-03-31T01:40:00Z,SF,SD,A,Keaton Winn,False,RELIEF_OR_BULK,13,3,3,0,0,0,0,3,0,https://statsapi.mlb.com/api/v1.1/game/823320/feed/live,both,True,P,Pitcher,BULLPEN_PITCHER,True,QA_VALIDATED_CANONICAL_V3
688158,20,6,40,50,161,194,Top,823320,https://raw.githubusercontent.com/lancebroz/mlb-pitcher-data/main/data/raw/2026/daily/2026-03-30.parquet,False,2026-03-30,2026-03-31T01:40:00Z,SD,SF,H,David Morgan,False,RELIEF_OR_BULK,20,8,6,0,0,1,1,2,0,https://statsapi.mlb.com/api/v1.1/game/823320/feed/live,both,True,P,Pitcher,BULLPEN_PITCHER,True,QA_VALIDATED_CANONICAL_V3
694738,88,1,3,45,11,184,Bot,823320,https://raw.githubusercontent.com/lancebroz/mlb-pitcher-data/main/data/raw/2026/daily/2026-03-30.parquet,False,2026-03-30,2026-03-31T01:40:00Z,SF,SD,A,Landen Roupp,True,STARTER,88,21,18,0,0,2,2,7,0,https://statsapi.mlb.com/api/v1.1/game/823320/feed/live,both,True,P,Pitcher,STARTER/OPENER/BULK,True,QA_VALIDATED_CANONICAL_V3
601713,82,1,0,32,1,133,Top,823321,https://raw.githubusercontent.com/lancebroz/mlb-pitcher-data/main/data/raw/2026/daily/2026-04-01.parquet,False,2026-04-01,2026-04-01T20:10:00Z,SD,SF,H,Nick Pivetta,True,STARTER,82,18,15,0,0,1,2,8,0,https://statsapi.mlb.com/api/v1.1/game/823321/feed/live,both,True,P,Pitcher,STARTER/OPENER/BULK,True,QA_VALIDATED_CANONICAL_V3
605288,86,1,3,45,14,181,Bot,823321,https://raw.githubusercontent.com/lancebroz/mlb-pitcher-data/main/data/raw/2026/daily/2026-04-01.parquet,False,2026-04-01,2026-04-01T20:10:00Z,SF,SD,A,Adrian Houser,True,STARTER,86,25,16,3,1,6,1,4,0,https://statsapi.mlb.com/api/v1.1/game/823321/feed/live,both,True,P,Pitcher,STARTER/OPENER/BULK,True,QA_VALIDATED_CANONICAL_V3
621366,3,8,68,68,260,262,Bot,823321,https://raw.githubusercontent.com/lancebroz/mlb-pitcher-data/main/data/raw/2026/daily/2026-04-01.parquet,False,2026-04-01,2026-04-01T20:10:00Z,SF,SD,A,Ryan Borucki,False,RELIEF_OR_BULK,3,1,2,0,0,0,0,0,0,https://statsapi.mlb.com/api/v1.1/game/823321/feed/live,both,True,P,Pitcher,BULLPEN_PITCHER,True,QA_VALIDATED_CANONICAL_V3
668873,15,6,46,55,182,215,Bot,823321,https://raw.githubusercontent.com/lancebroz/mlb-pitcher-data/main/data/raw/2026/daily/2026-04-01.parquet,False,2026-04-01,2026-04-01T20:10:00Z,SF,SD,A,Caleb Kilian,False,RELIEF_OR_BULK,15,5,5,0,0,0,0,2,0,https://statsapi.mlb.com/api/v1.1/game/823321/feed/live,both,True,P,Pitcher,BULLPEN_PITCHER,True,QA_VALIDATED_CANONICAL_V3
669093,13,6,39,41,152,164,Top,823321,https://raw.githubusercontent.com/lancebroz/mlb-pitcher-data/main/data/raw/2026/daily/2026-04-01.parquet,False,2026-04-01,2026-04-01T20:10:00Z,SD,SF,H,Jeremiah Estrada,False,RELIEF_OR_BULK,13,3,3,0,0,0,0,2,0,https://statsapi.mlb.com/api/v1.1/game/823321/feed/live,both,True,P,Pitcher,BULLPEN_PITCHER,True,QA_VALIDATED_CANONICAL_V3
670970,32,7,48,58,188,228,Top,823321,https://raw.githubusercontent.com/lancebroz/mlb-pitcher-data/main/data/raw/2026/daily/2026-04-01.parquet,False,2026-04-01,2026-04-01T20:10:00Z,SD,SF,H,Adrian Morejon,False,RELIEF_OR_BULK,32,8,5,1,1,2,1,1,0,https://statsapi.mlb.com/api/v1.1/game/823321/feed/live,both,True,P,Pitcher,BULLPEN_PITCHER,True,QA_VALIDATED_CANONICAL_V3
676130,28,8,60,67,232,259,Bot,823321,https://raw.githubusercontent.com/lancebroz/mlb-pitcher-data/main/data/raw/2026/daily/2026-04-01.parquet,False,2026-04-01,2026-04-01T20:10:00Z,SF,SD,A,José Buttó,False,RELIEF_OR_BULK,28,8,1,4,4,3,4,1,1,https://statsapi.mlb.com/api/v1.1/game/823321/feed/live,both,True,P,Pitcher,BULLPEN_PITCHER,True,QA_VALIDATED_CANONICAL_V3
695243,19,8,59,72,229,278,Top,823321,https://raw.githubusercontent.com/lancebroz/mlb-pitcher-data/main/data/raw/2026/daily/2026-04-01.parquet,False,2026-04-01,2026-04-01T20:10:00Z,SD,SF,H,Mason Miller,False,RELIEF_OR_BULK,19,5,4,0,0,1,0,3,0,https://statsapi.mlb.com/api/v1.1/game/823321/feed/live,both,True,P,Pitcher,BULLPEN_PITCHER,True,QA_VALIDATED_CANONICAL_V3
606996,42,4,34,50,134,199,Top,823322,https://raw.githubusercontent.com/lancebroz/mlb-pitcher-data/main/data/raw/2026/daily/2026-03-31.parquet,False,2026-03-31,2026-04-01T01:40:00Z,SD,SF,H,Kyle Hart,False,RELIEF_OR_BULK,42,11,7,4,4,4,1,2,0,https://statsapi.mlb.com/api/v1.1/game/823322/feed/live,both,True,P,Pitcher,BULLPEN_PITCHER,True,QA_VALIDATED_CANONICAL_V3
608566,65,1,0,26,1,108,Top,823322,https://raw.githubusercontent.com/lancebroz/mlb-pitcher-data/main/data/raw/2026/daily/2026-03-31.parquet,False,2026-03-31,2026-04-01T01:40:00Z,SD,SF,H,Germán Márquez,True,STARTER,65,18,9,4,4,8,1,1,2,https://statsapi.mlb.com/api/v1.1/game/823322/feed/live,both,True,P,Pitcher,STARTER/OPENER/BULK,True,QA_VALIDATED_CANONICAL_V3
657277,104,1,7,56,28,216,Bot,823322,https://raw.githubusercontent.com/lancebroz/mlb-pitcher-data/main/data/raw/2026/daily/2026-03-31.parquet,False,2026-03-31,2026-04-01T01:40:00Z,SF,SD,A,Logan Webb,True,STARTER,104,25,18,3,3,3,4,5,0,https://statsapi.mlb.com/api/v1.1/game/823322/feed/live,both,True,P,Pitcher,STARTER/OPENER/BULK,True,QA_VALIDATED_CANONICAL_V3
664141,28,7,60,70,229,274,Bot,823322,https://raw.githubusercontent.com/lancebroz/mlb-pitcher-data/main/data/raw/2026/daily/2026-03-31.parquet,False,2026-03-31,2026-04-01T01:40:00Z,SF,SD,A,JT Brubaker,False,RELIEF_OR_BULK,28,7,6,0,0,2,0,1,0,https://statsapi.mlb.com/api/v1.1/game/823322/feed/live,both,True,P,Pitcher,BULLPEN_PITCHER,True,QA_VALIDATED_CANONICAL_V3
669093,18,8,64,67,247,264,Top,823322,https://raw.githubusercontent.com/lancebroz/mlb-pitcher-data/main/data/raw/2026/daily/2026-03-31.parquet,False,2026-03-31,2026-04-01T01:40:00Z,SD,SF,H,Jeremiah Estrada,False,RELIEF_OR_BULK,18,4,3,0,0,1,0,2,0,https://statsapi.mlb.com/api/v1.1/game/823322/feed/live,both,True,P,Pitcher,BULLPEN_PITCHER,True,QA_VALIDATED_CANONICAL_V3
676130,18,9,75,78,288,305,Bot,823322,https://raw.githubusercontent.com/lancebroz/mlb-pitcher-data/main/data/raw/2026/daily/2026-03-31.parquet,False,2026-03-31,2026-04-01T01:40:00Z,SF,SD,A,José Buttó,False,RELIEF_OR_BULK,18,4,3,0,0,1,0,2,0,https://statsapi.mlb.com/api/v1.1/game/823322/feed/live,both,True,P,Pitcher,BULLPEN_PITCHER,True,QA_VALIDATED_CANONICAL_V3
688158,13,9,71,74,275,287,Top,823322,https://raw.githubusercontent.com/lancebroz/mlb-pitcher-data/main/data/raw/2026/daily/2026-03-31.parquet,False,2026-03-31,2026-04-01T01:40:00Z,SD,SF,H,David Morgan,False,RELIEF_OR_BULK,13,4,3,1,0,2,0,1,0,https://statsapi.mlb.com/api/v1.1/game/823322/feed/live,both,True,P,Pitcher,BULLPEN_PITCHER,True,QA_VALIDATED_CANONICAL_V3
699134,17,6,51,59,200,228,Top,823322,https://raw.githubusercontent.com/lancebroz/mlb-pitcher-data/main/data/raw/2026/daily/2026-03-31.parquet,False,2026-03-31,2026-04-01T01:40:00Z,SD,SF,H,Bradgley Rodriguez,False,RELIEF_OR_BULK,17,6,5,0,0,1,0,1,0,https://statsapi.mlb.com/api/v1.1/game/823322/feed/live,both,True,P,Pitcher,BULLPEN_PITCHER,True,QA_VALIDATED_CANONICAL_V3
606996,23,7,51,59,210,246,Top,823323,https://raw.githubusercontent.com/lancebroz/mlb-pitcher-data/main/data/raw/2026/daily/2026-03-28.parquet,False,2026-03-28,2026-03-29T00:40:00Z,SD,DET,H,Kyle Hart,False,RELIEF_OR_BULK,23,6,6,0,0,0,0,3,0,https://statsapi.mlb.com/api/v1.1/game/823323/feed/live,both,True,P,Pitcher,BULLPEN_PITCHER,True,QA_VALIDATED_CANONICAL_V3
656427,89,1,5,38,25,166,Bot,823323,https://raw.githubusercontent.com/lancebroz/mlb-pitcher-data/main/data/raw/2026/daily/2026-03-28.parquet,False,2026-03-28,2026-03-29T00:40:00Z,DET,SD,A,Jack Flaherty,True,STARTER,89,21,13,3,2,4,4,2,0,https://statsapi.mlb.com/api/v1.1/game/823323/feed/live,both,True,P,Pitcher,STARTER/OPENER/BULK,True,QA_VALIDATED_CANONICAL_V3
657756,50,6,49,62,193,265,Bot,823323,https://raw.githubusercontent.com/lancebroz/mlb-pitcher-data/main/data/raw/2026/daily/2026-03-28.parquet,False,2026-03-28,2026-03-29T00:40:00Z,DET,SD,A,Connor Seabold,False,RELIEF_OR_BULK,50,8,7,0,0,1,0,3,0,https://statsapi.mlb.com/api/v1.1/game/823323/feed/live,both,True,P,Pitcher,BULLPEN_PITCHER,True,QA_VALIDATED_CANONICAL_V3
676428,12,5,39,48,167,192,Bot,823323,https://raw.githubusercontent.com/lancebroz/mlb-pitcher-data/main/data/raw/2026/daily/2026-03-28.parquet,False,2026-03-28,2026-03-29T00:40:00Z,DET,SD,A,Brant Hurter,False,RELIEF_OR_BULK,12,5,3,0,0,2,0,1,0,https://statsapi.mlb.com/api/v1.1/game/823323/feed/live,both,True,P,Pitcher,BULLPEN_PITCHER,True,QA_VALIDATED_CANONICAL_V3
676684,4,8,63,63,266,269,Bot,823323,https://raw.githubusercontent.com/lancebroz/mlb-pitcher-data/main/data/raw/2026/daily/2026-03-28.parquet,False,2026-03-28,2026-03-29T00:40:00Z,DET,SD,A,Will Vest,False,RELIEF_OR_BULK,4,1,1,0,0,0,0,0,0,https://statsapi.mlb.com/api/v1.1/game/823323/feed/live,both,True,P,Pitcher,BULLPEN_PITCHER,True,QA_VALIDATED_CANONICAL_V3
681190,91,1,0,45,1,183,Top,823323,https://raw.githubusercontent.com/lancebroz/mlb-pitcher-data/main/data/raw/2026/daily/2026-03-28.parquet,False,2026-03-28,2026-03-29T00:40:00Z,SD,DET,H,Randy Vásquez,True,STARTER,91,23,18,0,0,2,3,8,0,https://statsapi.mlb.com/api/v1.1/game/823323/feed/live,both,True,P,Pitcher,STARTER/OPENER/BULK,True,QA_VALIDATED_CANONICAL_V3
695243,18,9,64,67,270,287,Top,823323,https://raw.githubusercontent.com/lancebroz/mlb-pitcher-data/main/data/raw/2026/daily/2026-03-28.parquet,False,2026-03-28,2026-03-29T00:40:00Z,SD,DET,H,Mason Miller,False,RELIEF_OR_BULK,18,4,3,0,0,0,1,2,0,https://statsapi.mlb.com/api/v1.1/game/823323/feed/live,both,True,P,Pitcher,BULLPEN_PITCHER,True,QA_VALIDATED_CANONICAL_V3
445276,11,9,74,76,278,288,Bot,823324,https://raw.githubusercontent.com/lancebroz/mlb-pitcher-data/main/data/raw/2026/daily/2026-03-27.parquet,False,2026-03-27,2026-03-28T01:40:00Z,DET,SD,A,Kenley Jansen,False,RELIEF_OR_BULK,11,3,3,0,0,0,0,3,0,https://statsapi.mlb.com/api/v1.1/game/823324/feed/live,both,True,P,Pitcher,BULLPEN_PITCHER,True,QA_VALIDATED_CANONICAL_V3
593974,17,8,62,64,229,245,Top,823324,https://raw.githubusercontent.com/lancebroz/mlb-pitcher-data/main/data/raw/2026/daily/2026-03-27.parquet,False,2026-03-27,2026-03-28T01:40:00Z,SD,DET,H,Wandy Peralta,False,RELIEF_OR_BULK,17,3,1,0,0,2,0,0,0,https://statsapi.mlb.com/api/v1.1/game/823324/feed/live,both,True,P,Pitcher,BULLPEN_PITCHER,True,QA_VALIDATED_CANONICAL_V3
640448,20,8,65,68,246,265,Bot,823324,https://raw.githubusercontent.com/lancebroz/mlb-pitcher-data/main/data/raw/2026/daily/2026-03-27.parquet,False,2026-03-27,2026-03-28T01:40:00Z,DET,SD,A,Kyle Finnegan,False,RELIEF_OR_BULK,20,4,3,0,0,0,1,2,0,https://statsapi.mlb.com/api/v1.1/game/823324/feed/live,both,True,P,Pitcher,BULLPEN_PITCHER,True,QA_VALIDATED_CANONICAL_V3
646241,13,7,52,55,189,201,Bot,823324,https://raw.githubusercontent.com/lancebroz/mlb-pitcher-data/main/data/raw/2026/daily/2026-03-27.parquet,False,2026-03-27,2026-03-28T01:40:00Z,DET,SD,A,Enmanuel De Jesus,False,RELIEF_OR_BULK,13,4,3,0,0,1,0,2,0,https://statsapi.mlb.com/api/v1.1/game/823324/feed/live,both,True,P,Pitcher,BULLPEN_PITCHER,True,QA_VALIDATED_CANONICAL_V3
650633,82,1,0,39,1,146,Top,823324,https://raw.githubusercontent.com/lancebroz/mlb-pitcher-data/main/data/raw/2026/daily/2026-03-27.parquet,False,2026-03-27,2026-03-28T01:40:00Z,SD,DET,H,Michael King,True,STARTER,82,20,15,1,0,1,4,6,0,https://statsapi.mlb.com/api/v1.1/game/823324/feed/live,both,True,P,Pitcher,STARTER/OPENER/BULK,True,QA_VALIDATED_CANONICAL_V3
664285,83,1,4,48,21,181,Bot,823324,https://raw.githubusercontent.com/lancebroz/mlb-pitcher-data/main/data/raw/2026/daily/2026-03-27.parquet,False,2026-03-27,2026-03-28T01:40:00Z,DET,SD,A,Framber Valdez,True,STARTER,83,25,18,2,1,7,1,5,0,https://statsapi.mlb.com/api/v1.1/game/823324/feed/live,both,True,P,Pitcher,STARTER/OPENER/BULK,True,QA_VALIDATED_CANONICAL_V3
669093,27,8,56,61,202,228,Top,823324,https://raw.githubusercontent.com/lancebroz/mlb-pitcher-data/main/data/raw/2026/daily/2026-03-27.parquet,False,2026-03-27,2026-03-28T01:40:00Z,SD,DET,H,Jeremiah Estrada,False,RELIEF_OR_BULK,27,6,2,4,4,1,3,2,0,https://statsapi.mlb.com/api/v1.1/game/823324/feed/live,both,True,P,Pitcher,BULLPEN_PITCHER,True,QA_VALIDATED_CANONICAL_V3
670970,23,6,40,51,147,188,Top,823324,https://raw.githubusercontent.com/lancebroz/mlb-pitcher-data/main/data/raw/2026/daily/2026-03-27.parquet,False,2026-03-27,2026-03-28T01:40:00Z,SD,DET,H,Adrian Morejon,False,RELIEF_OR_BULK,23,6,6,0,0,1,0,1,0,https://statsapi.mlb.com/api/v1.1/game/823324/feed/live,both,True,P,Pitcher,BULLPEN_PITCHER,True,QA_VALIDATED_CANONICAL_V3
688158,12,9,69,73,266,277,Top,823324,https://raw.githubusercontent.com/lancebroz/mlb-pitcher-data/main/data/raw/2026/daily/2026-03-27.parquet,False,2026-03-27,2026-03-28T01:40:00Z,SD,DET,H,David Morgan,False,RELIEF_OR_BULK,12,5,3,0,0,1,1,0,0,https://statsapi.mlb.com/api/v1.1/game/823324/feed/live,both,True,P,Pitcher,BULLPEN_PITCHER,True,QA_VALIDATED_CANONICAL_V3
593974,15,9,72,75,273,287,Top,823325,https://raw.githubusercontent.com/lancebroz/mlb-pitcher-data/main/data/raw/2026/daily/2026-03-26.parquet,False,2026-03-26,2026-03-26T20:10:00Z,SD,DET,H,Wandy Peralta,False,RELIEF_OR_BULK,15,4,3,0,0,1,0,0,0,https://statsapi.mlb.com/api/v1.1/game/823325/feed/live,both,True,P,Pitcher,BULLPEN_PITCHER,True,QA_VALIDATED_CANONICAL_V3
601713,69,1,0,26,1,94,Top,823325,https://raw.githubusercontent.com/lancebroz/mlb-pitcher-data/main/data/raw/2026/daily/2026-03-26.parquet,False,2026-03-26,2026-03-26T20:10:00Z,SD,DET,H,Nick Pivetta,True,STARTER,69,19,9,6,6,7,3,4,0,https://statsapi.mlb.com/api/v1.1/game/823325/feed/live,both,True,P,Pitcher,STARTER/OPENER/BULK,True,QA_VALIDATED_CANONICAL_V3
623454,36,7,56,68,207,261,Bot,823325,https://raw.githubusercontent.com/lancebroz/mlb-pitcher-data/main/data/raw/2026/daily/2026-03-26.parquet,False,2026-03-26,2026-03-26T20:10:00Z,DET,SD,A,Drew Anderson,False,RELIEF_OR_BULK,36,8,4,1,1,2,2,0,1,https://statsapi.mlb.com/api/v1.1/game/823325/feed/live,both,True,P,Pitcher,BULLPEN_PITCHER,True,QA_VALIDATED_CANONICAL_V3
663947,11,8,69,71,262,272,Bot,823325,https://raw.githubusercontent.com/lancebroz/mlb-pitcher-data/main/data/raw/2026/daily/2026-03-26.parquet,False,2026-03-26,2026-03-26T20:10:00Z,DET,SD,A,Tyler Holton,False,RELIEF_OR_BULK,11,3,2,0,0,0,1,0,0,https://statsapi.mlb.com/api/v1.1/game/823325/feed/live,both,True,P,Pitcher,BULLPEN_PITCHER,True,QA_VALIDATED_CANONICAL_V3
669373,74,1,9,52,34,197,Bot,823325,https://raw.githubusercontent.com/lancebroz/mlb-pitcher-data/main/data/raw/2026/daily/2026-03-26.parquet,False,2026-03-26,2026-03-26T20:10:00Z,DET,SD,A,Tarik Skubal,True,STARTER,74,22,18,1,0,3,0,6,0,https://statsapi.mlb.com/api/v1.1/game/823325/feed/live,both,True,P,Pitcher,STARTER/OPENER/BULK,True,QA_VALIDATED_CANONICAL_V3
676684,7,9,76,78,288,294,Bot,823325,https://raw.githubusercontent.com/lancebroz/mlb-pitcher-data/main/data/raw/2026/daily/2026-03-26.parquet,False,2026-03-26,2026-03-26T20:10:00Z,DET,SD,A,Will Vest,False,RELIEF_OR_BULK,7,3,3,0,0,0,0,1,0,https://statsapi.mlb.com/api/v1.1/game/823325/feed/live,both,True,P,Pitcher,BULLPEN_PITCHER,True,QA_VALIDATED_CANONICAL_V3
676760,43,4,30,41,105,154,Top,823325,https://raw.githubusercontent.com/lancebroz/mlb-pitcher-data/main/data/raw/2026/daily/2026-03-26.parquet,False,2026-03-26,2026-03-26T20:10:00Z,SD,DET,H,Ron Marinaccio,False,RELIEF_OR_BULK,43,9,6,2,2,3,0,2,1,https://statsapi.mlb.com/api/v1.1/game/823325/feed/live,both,True,P,Pitcher,BULLPEN_PITCHER,True,QA_VALIDATED_CANONICAL_V3
688158,19,8,61,65,231,249,Top,823325,https://raw.githubusercontent.com/lancebroz/mlb-pitcher-data/main/data/raw/2026/daily/2026-03-26.parquet,False,2026-03-26,2026-03-26T20:10:00Z,SD,DET,H,David Morgan,False,RELIEF_OR_BULK,19,5,3,0,0,1,1,1,0,https://statsapi.mlb.com/api/v1.1/game/823325/feed/live,both,True,P,Pitcher,BULLPEN_PITCHER,True,QA_VALIDATED_CANONICAL_V3
699134,20,6,45,55,166,206,Top,823325,https://raw.githubusercontent.com/lancebroz/mlb-pitcher-data/main/data/raw/2026/daily/2026-03-26.parquet,False,2026-03-26,2026-03-26T20:10:00Z,SD,DET,H,Bradgley Rodriguez,False,RELIEF_OR_BULK,20,6,6,0,0,0,0,3,0,https://statsapi.mlb.com/api/v1.1/game/823325/feed/live,both,True,P,Pitcher,BULLPEN_PITCHER,True,QA_VALIDATED_CANONICAL_V3
608566,92,1,3,43,11,179,Bot,823401,https://raw.githubusercontent.com/lancebroz/mlb-pitcher-data/main/data/raw/2026/daily/2026-04-06.parquet,False,2026-04-06,2026-04-06T22:40:00Z,SD,PIT,A,Germán Márquez,True,STARTER,92,21,15,0,0,6,1,4,0,https://statsapi.mlb.com/api/v1.1/game/823401/feed/live,both,True,P,Pitcher,STARTER/OPENER/BULK,True,QA_VALIDATED_CANONICAL_V3
642397,18,9,70,73,287,304,Top,823401,https://raw.githubusercontent.com/lancebroz/mlb-pitcher-data/main/data/raw/2026/daily/2026-04-06.parquet,False,2026-04-06,2026-04-06T22:40:00Z,PIT,SD,H,Gregory Soto,False,RELIEF_OR_BULK,18,4,3,0,0,0,1,1,0,https://statsapi.mlb.com/api/v1.1/game/823401/feed/live,both,True,P,Pitcher,BULLPEN_PITCHER,True,QA_VALIDATED_CANONICAL_V3
664875,13,8,61,65,254,266,Top,823401,https://raw.githubusercontent.com/lancebroz/mlb-pitcher-data/main/data/raw/2026/daily/2026-04-06.parquet,False,2026-04-06,2026-04-06T22:40:00Z,PIT,SD,H,Justin Lawrence,False,RELIEF_OR_BULK,13,5,3,1,1,2,0,2,0,https://statsapi.mlb.com/api/v1.1/game/823401/feed/live,both,True,P,Pitcher,BULLPEN_PITCHER,True,QA_VALIDATED_CANONICAL_V3
670990,27,5,38,48,155,202,Top,823401,https://raw.githubusercontent.com/lancebroz/mlb-pitcher-data/main/data/raw/2026/daily/2026-04-06.parquet,False,2026-04-06,2026-04-06T22:40:00Z,PIT,SD,H,Yohan Ramírez,False,RELIEF_OR_BULK,27,7,5,1,1,2,0,0,0,https://statsapi.mlb.com/api/v1.1/game/823401/feed/live,both,True,P,Pitcher,BULLPEN_PITCHER,True,QA_VALIDATED_CANONICAL_V3
676755,21,7,53,57,218,238,Top,823401,https://raw.githubusercontent.com/lancebroz/mlb-pitcher-data/main/data/raw/2026/daily/2026-04-06.parquet,False,2026-04-06,2026-04-06T22:40:00Z,PIT,SD,H,Isaac Mattson,False,RELIEF_OR_BULK,21,5,3,0,0,2,0,2,0,https://statsapi.mlb.com/api/v1.1/game/823401/feed/live,both,True,P,Pitcher,BULLPEN_PITCHER,True,QA_VALIDATED_CANONICAL_V3
676760,30,6,49,60,203,253,Bot,823401,https://raw.githubusercontent.com/lancebroz/mlb-pitcher-data/main/data/raw/2026/daily/2026-04-06.parquet,False,2026-04-06,2026-04-06T22:40:00Z,SD,PIT,A,Ron Marinaccio,False,RELIEF_OR_BULK,30,7,6,0,0,1,1,1,0,https://statsapi.mlb.com/api/v1.1/game/823401/feed/live,both,True,P,Pitcher,BULLPEN_PITCHER,True,QA_VALIDATED_CANONICAL_V3
688158,39,8,66,77,267,323,Bot,823401,https://raw.githubusercontent.com/lancebroz/mlb-pitcher-data/main/data/raw/2026/daily/2026-04-06.parquet,False,2026-04-06,2026-04-06T22:40:00Z,SD,PIT,A,David Morgan,False,RELIEF_OR_BULK,39,8,6,0,0,0,3,1,0,https://statsapi.mlb.com/api/v1.1/game/823401/feed/live,both,True,P,Pitcher,BULLPEN_PITCHER,True,QA_VALIDATED_CANONICAL_V3
696149,83,1,0,37,1,154,Top,823401,https://raw.githubusercontent.com/lancebroz/mlb-pitcher-data/main/data/raw/2026/daily/2026-04-06.parquet,False,2026-04-06,2026-04-06T22:40:00Z,PIT,SD,H,Bubba Chandler,True,STARTER,83,21,13,3,3,5,4,4,0,https://statsapi.mlb.com/api/v1.1/game/823401/feed/live,both,True,P,Pitcher,STARTER/OPENER/BULK,True,QA_VALIDATED_CANONICAL_V3
593974,13,7,50,53,206,218,Bot,823402,https://raw.githubusercontent.com/lancebroz/mlb-pitcher-data/main/data/raw/2026/daily/2026-04-07.parquet,False,2026-04-07,2026-04-07T22:40:00Z,SD,PIT,A,Wandy Peralta,False,RELIEF_OR_BULK,13,4,3,0,0,1,1,1,0,https://statsapi.mlb.com/api/v1.1/game/823402/feed/live,both,True,P,Pitcher,BULLPEN_PITCHER,True,QA_VALIDATED_CANONICAL_V3
601713,86,1,3,36,17,153,Bot,823402,https://raw.githubusercontent.com/lancebroz/mlb-pitcher-data/main/data/raw/2026/daily/2026-04-07.parquet,False,2026-04-07,2026-04-07T22:40:00Z,SD,PIT,A,Nick Pivetta,True,STARTER,86,20,15,2,2,4,1,8,0,https://statsapi.mlb.com/api/v1.1/game/823402/feed/live,both,True,P,Pitcher,STARTER/OPENER/BULK,True,QA_VALIDATED_CANONICAL_V3
642397,10,8,54,56,219,228,Top,823402,https://raw.githubusercontent.com/lancebroz/mlb-pitcher-data/main/data/raw/2026/daily/2026-04-07.parquet,False,2026-04-07,2026-04-07T22:40:00Z,PIT,SD,H,Gregory Soto,False,RELIEF_OR_BULK,10,3,3,0,0,0,0,1,0,https://statsapi.mlb.com/api/v1.1/game/823402/feed/live,both,True,P,Pitcher,BULLPEN_PITCHER,True,QA_VALIDATED_CANONICAL_V3
670970,20,8,57,63,229,248,Bot,823402,https://raw.githubusercontent.com/lancebroz/mlb-pitcher-data/main/data/raw/2026/daily/2026-04-07.parquet,False,2026-04-07,2026-04-07T22:40:00Z,SD,PIT,A,Adrian Morejon,False,RELIEF_OR_BULK,20,7,1,5,4,5,0,1,0,https://statsapi.mlb.com/api/v1.1/game/823402/feed/live,both,True,P,Pitcher,BULLPEN_PITCHER,True,QA_VALIDATED_CANONICAL_V3
670990,12,9,66,68,255,266,Top,823402,https://raw.githubusercontent.com/lancebroz/mlb-pitcher-data/main/data/raw/2026/daily/2026-04-07.parquet,False,2026-04-07,2026-04-07T22:40:00Z,PIT,SD,H,Yohan Ramírez,False,RELIEF_OR_BULK,12,3,3,0,0,0,0,2,0,https://statsapi.mlb.com/api/v1.1/game/823402/feed/live,both,True,P,Pitcher,BULLPEN_PITCHER,True,QA_VALIDATED_CANONICAL_V3
676755,9,7,47,49,197,205,Top,823402,https://raw.githubusercontent.com/lancebroz/mlb-pitcher-data/main/data/raw/2026/daily/2026-04-07.parquet,False,2026-04-07,2026-04-07T22:40:00Z,PIT,SD,H,Isaac Mattson,False,RELIEF_OR_BULK,9,3,2,0,0,1,0,0,0,https://statsapi.mlb.com/api/v1.1/game/823402/feed/live,both,True,P,Pitcher,BULLPEN_PITCHER,True,QA_VALIDATED_CANONICAL_V3
676760,6,8,64,65,249,254,Bot,823402,https://raw.githubusercontent.com/lancebroz/mlb-pitcher-data/main/data/raw/2026/daily/2026-04-07.parquet,False,2026-04-07,2026-04-07T22:40:00Z,SD,PIT,A,Ron Marinaccio,False,RELIEF_OR_BULK,6,2,2,0,0,0,0,0,0,https://statsapi.mlb.com/api/v1.1/game/823402/feed/live,both,True,P,Pitcher,BULLPEN_PITCHER,True,QA_VALIDATED_CANONICAL_V3
694973,87,1,0,46,1,196,Top,823402,https://raw.githubusercontent.com/lancebroz/mlb-pitcher-data/main/data/raw/2026/daily/2026-04-07.parquet,False,2026-04-07,2026-04-07T22:40:00Z,PIT,SD,H,Paul Skenes,True,STARTER,87,23,19,1,1,2,2,6,1,https://statsapi.mlb.com/api/v1.1/game/823402/feed/live,both,True,P,Pitcher,STARTER/OPENER/BULK,True,QA_VALIDATED_CANONICAL_V3
699134,23,6,41,44,168,190,Bot,823402,https://raw.githubusercontent.com/lancebroz/mlb-pitcher-data/main/data/raw/2026/daily/2026-04-07.parquet,False,2026-04-07,2026-04-07T22:40:00Z,SD,PIT,A,Bradgley Rodriguez,False,RELIEF_OR_BULK,23,4,3,0,0,2,0,0,0,https://statsapi.mlb.com/api/v1.1/game/823402/feed/live,both,True,P,Pitcher,BULLPEN_PITCHER,True,QA_VALIDATED_CANONICAL_V3
606996,21,7,53,57,196,216,Bot,823403,https://raw.githubusercontent.com/lancebroz/mlb-pitcher-data/main/data/raw/2026/daily/2026-04-08.parquet,False,2026-04-08,2026-04-08T16:35:00Z,SD,PIT,A,Kyle Hart,False,RELIEF_OR_BULK,21,5,3,0,0,1,1,0,0,https://statsapi.mlb.com/api/v1.1/game/823403/feed/live,both,True,P,Pitcher,BULLPEN_PITCHER,True,QA_VALIDATED_CANONICAL_V3
650633,95,1,3,52,10,195,Bot,823403,https://raw.githubusercontent.com/lancebroz/mlb-pitcher-data/main/data/raw/2026/daily/2026-04-08.parquet,False,2026-04-08,2026-04-08T16:35:00Z,SD,PIT,A,Michael King,True,STARTER,95,24,18,2,2,4,3,4,0,https://statsapi.mlb.com/api/v1.1/game/823403/feed/live,both,True,P,Pitcher,STARTER/OPENER/BULK,True,QA_VALIDATED_CANONICAL_V3
656605,75,1,0,40,1,157,Top,823403,https://raw.githubusercontent.com/lancebroz/mlb-pitcher-data/main/data/raw/2026/daily/2026-04-08.parquet,False,2026-04-08,2026-04-08T16:35:00Z,PIT,SD,H,Mitch Keller,True,STARTER,75,22,18,0,0,3,1,4,0,https://statsapi.mlb.com/api/v1.1/game/823403/feed/live,both,True,P,Pitcher,STARTER/OPENER/BULK,True,QA_VALIDATED_CANONICAL_V3
664353,36,8,58,73,217,264,Top,823403,https://raw.githubusercontent.com/lancebroz/mlb-pitcher-data/main/data/raw/2026/daily/2026-04-08.parquet,False,2026-04-08,2026-04-08T16:35:00Z,PIT,SD,H,José Urquidy,False,RELIEF_OR_BULK,36,12,6,4,1,4,0,3,0,https://statsapi.mlb.com/api/v1.1/game/823403/feed/live,both,True,P,Pitcher,BULLPEN_PITCHER,True,QA_VALIDATED_CANONICAL_V3
664875,25,7,44,50,168,192,Top,823403,https://raw.githubusercontent.com/lancebroz/mlb-pitcher-data/main/data/raw/2026/daily/2026-04-08.parquet,False,2026-04-08,2026-04-08T16:35:00Z,PIT,SD,H,Justin Lawrence,False,RELIEF_OR_BULK,25,7,3,4,3,3,0,2,1,https://statsapi.mlb.com/api/v1.1/game/823403/feed/live,both,True,P,Pitcher,BULLPEN_PITCHER,True,QA_VALIDATED_CANONICAL_V3
669093,12,8,62,65,225,236,Bot,823403,https://raw.githubusercontent.com/lancebroz/mlb-pitcher-data/main/data/raw/2026/daily/2026-04-08.parquet,False,2026-04-08,2026-04-08T16:35:00Z,SD,PIT,A,Jeremiah Estrada,False,RELIEF_OR_BULK,12,4,3,0,0,1,0,0,0,https://statsapi.mlb.com/api/v1.1/game/823403/feed/live,both,True,P,Pitcher,BULLPEN_PITCHER,True,QA_VALIDATED_CANONICAL_V3
695243,10,9,74,76,265,274,Bot,823403,https://raw.githubusercontent.com/lancebroz/mlb-pitcher-data/main/data/raw/2026/daily/2026-04-08.parquet,False,2026-04-08,2026-04-08T16:35:00Z,SD,PIT,A,Mason Miller,False,RELIEF_OR_BULK,10,3,3,0,0,0,0,2,0,https://statsapi.mlb.com/api/v1.1/game/823403/feed/live,both,True,P,Pitcher,BULLPEN_PITCHER,True,QA_VALIDATED_CANONICAL_V3
642701,13,9,72,74,303,315,Top,823404,https://raw.githubusercontent.com/lancebroz/mlb-pitcher-data/main/data/raw/2026/daily/2026-04-04.parquet,False,2026-04-04,2026-04-04T20:05:00Z,PIT,BAL,H,Dennis Santana,False,RELIEF_OR_BULK,13,3,3,0,0,0,0,1,0,https://statsapi.mlb.com/api/v1.1/game/823404/feed/live,both,True,P,Pitcher,BULLPEN_PITCHER,True,QA_VALIDATED_CANONICAL_V3
664854,13,9,75,78,316,328,Bot,823404,https://raw.githubusercontent.com/lancebroz/mlb-pitcher-data/main/data/raw/2026/daily/2026-04-04.parquet,False,2026-04-04,2026-04-04T20:05:00Z,BAL,PIT,A,Ryan Helsley,False,RELIEF_OR_BULK,13,4,1,1,1,2,1,0,0,https://statsapi.mlb.com/api/v1.1/game/823404/feed/live,both,True,P,Pitcher,BULLPEN_PITCHER,True,QA_VALIDATED_CANONICAL_V3
664991,21,7,58,61,238,258,Bot,823404,https://raw.githubusercontent.com/lancebroz/mlb-pitcher-data/main/data/raw/2026/daily/2026-04-04.parquet,False,2026-04-04,2026-04-04T20:05:00Z,BAL,PIT,A,Grant Wolfram,False,RELIEF_OR_BULK,21,4,3,0,0,1,0,2,0,https://statsapi.mlb.com/api/v1.1/game/823404/feed/live,both,True,P,Pitcher,BULLPEN_PITCHER,True,QA_VALIDATED_CANONICAL_V3
669358,98,1,3,50,13,200,Bot,823404,https://raw.githubusercontent.com/lancebroz/mlb-pitcher-data/main/data/raw/2026/daily/2026-04-04.parquet,False,2026-04-04,2026-04-04T20:05:00Z,BAL,PIT,A,Shane Baz,True,STARTER,98,25,17,1,1,4,3,5,0,https://statsapi.mlb.com/api/v1.1/game/823404/feed/live,both,True,P,Pitcher,STARTER/OPENER/BULK,True,QA_VALIDATED_CANONICAL_V3
669387,84,1,0,37,1,149,Top,823404,https://raw.githubusercontent.com/lancebroz/mlb-pitcher-data/main/data/raw/2026/daily/2026-04-04.parquet,False,2026-04-04,2026-04-04T20:05:00Z,PIT,BAL,H,Carmen Mlodzinski,True,STARTER,84,21,14,2,2,5,3,5,0,https://statsapi.mlb.com/api/v1.1/game/823404/feed/live,both,True,P,Pitcher,STARTER/OPENER/BULK,True,QA_VALIDATED_CANONICAL_V3
670329,10,6,51,52,201,210,Bot,823404,https://raw.githubusercontent.com/lancebroz/mlb-pitcher-data/main/data/raw/2026/daily/2026-04-04.parquet,False,2026-04-04,2026-04-04T20:05:00Z,BAL,PIT,A,Rico Garcia,False,RELIEF_OR_BULK,10,2,1,0,0,0,1,0,0,https://statsapi.mlb.com/api/v1.1/game/823404/feed/live,both,True,P,Pitcher,BULLPEN_PITCHER,True,QA_VALIDATED_CANONICAL_V3
676755,17,8,62,65,259,275,Top,823404,https://raw.githubusercontent.com/lancebroz/mlb-pitcher-data/main/data/raw/2026/daily/2026-04-04.parquet,False,2026-04-04,2026-04-04T20:05:00Z,PIT,BAL,H,Isaac Mattson,False,RELIEF_OR_BULK,17,4,3,0,0,1,1,1,0,https://statsapi.mlb.com/api/v1.1/game/823404/feed/live,both,True,P,Pitcher,BULLPEN_PITCHER,True,QA_VALIDATED_CANONICAL_V3
682995,45,5,38,57,150,237,Top,823404,https://raw.githubusercontent.com/lancebroz/mlb-pitcher-data/main/data/raw/2026/daily/2026-04-04.parquet,False,2026-04-04,2026-04-04T20:05:00Z,PIT,BAL,H,Hunter Barco,False,RELIEF_OR_BULK,45,10,7,0,0,0,3,1,0,https://statsapi.mlb.com/api/v1.1/game/823404/feed/live,both,True,P,Pitcher,BULLPEN_PITCHER,True,QA_VALIDATED_CANONICAL_V3
689296,27,8,66,71,276,302,Bot,823404,https://raw.githubusercontent.com/lancebroz/mlb-pitcher-data/main/data/raw/2026/daily/2026-04-04.parquet,False,2026-04-04,2026-04-04T20:05:00Z,BAL,PIT,A,Anthony Nunez,False,RELIEF_OR_BULK,27,6,3,1,0,1,1,0,0,https://statsapi.mlb.com/api/v1.1/game/823404/feed/live,both,True,P,Pitcher,BULLPEN_PITCHER,True,QA_VALIDATED_CANONICAL_V3
605135,62,1,3,20,11,87,Bot,823405,https://raw.githubusercontent.com/lancebroz/mlb-pitcher-data/main/data/raw/2026/daily/2026-04-05.parquet,False,2026-04-05,2026-04-05T17:35:00Z,BAL,PIT,A,Chris Bassitt,True,STARTER,62,15,6,6,6,6,2,0,1,https://statsapi.mlb.com/api/v1.1/game/823405/feed/live,both,True,P,Pitcher,STARTER/OPENER/BULK,True,QA_VALIDATED_CANONICAL_V3
664353,31,8,63,72,250,299,Top,823405,https://raw.githubusercontent.com/lancebroz/mlb-pitcher-data/main/data/raw/2026/daily/2026-04-05.parquet,False,2026-04-05,2026-04-05T17:35:00Z,PIT,BAL,H,José Urquidy,False,RELIEF_OR_BULK,31,6,6,0,0,1,0,3,0,https://statsapi.mlb.com/api/v1.1/game/823405/feed/live,both,True,P,Pitcher,BULLPEN_PITCHER,True,QA_VALIDATED_CANONICAL_V3
666974,7,8,69,69,279,285,Bot,823405,https://raw.githubusercontent.com/lancebroz/mlb-pitcher-data/main/data/raw/2026/daily/2026-04-05.parquet,False,2026-04-05,2026-04-05T17:35:00Z,BAL,PIT,A,Yennier Cano,False,RELIEF_OR_BULK,7,1,1,0,0,0,0,1,0,https://statsapi.mlb.com/api/v1.1/game/823405/feed/live,both,True,P,Pitcher,BULLPEN_PITCHER,True,QA_VALIDATED_CANONICAL_V3
677952,87,1,0,46,1,190,Top,823405,https://raw.githubusercontent.com/lancebroz/mlb-pitcher-data/main/data/raw/2026/daily/2026-04-05.parquet,False,2026-04-05,2026-04-05T17:35:00Z,PIT,BAL,H,Braxton Ashcraft,True,STARTER,87,21,18,1,1,4,0,8,0,https://statsapi.mlb.com/api/v1.1/game/823405/feed/live,both,True,P,Pitcher,STARTER/OPENER/BULK,True,QA_VALIDATED_CANONICAL_V3
682254,25,7,53,58,210,234,Top,823405,https://raw.githubusercontent.com/lancebroz/mlb-pitcher-data/main/data/raw/2026/daily/2026-04-05.parquet,False,2026-04-05,2026-04-05T17:35:00Z,PIT,BAL,H,Mason Montgomery,False,RELIEF_OR_BULK,25,6,3,1,1,3,0,3,0,https://statsapi.mlb.com/api/v1.1/game/823405/feed/live,both,True,P,Pitcher,BULLPEN_PITCHER,True,QA_VALIDATED_CANONICAL_V3
700249,87,3,24,68,97,278,Bot,823405,https://raw.githubusercontent.com/lancebroz/mlb-pitcher-data/main/data/raw/2026/daily/2026-04-05.parquet,False,2026-04-05,2026-04-05T17:35:00Z,BAL,PIT,A,Cade Povich,False,RELIEF_OR_BULK,87,24,17,2,2,4,3,2,1,https://statsapi.mlb.com/api/v1.1/game/823405/feed/live,both,True,P,Pitcher,BULLPEN_PITCHER,True,QA_VALIDATED_CANONICAL_V3
608650,39,5,42,47,159,197,Bot,823406,https://raw.githubusercontent.com/lancebroz/mlb-pitcher-data/main/data/raw/2026/daily/2026-04-03.parquet,False,2026-04-03,2026-04-03T20:12:00Z,BAL,PIT,A,Dietrich Enns,False,RELIEF_OR_BULK,39,6,3,1,1,0,3,2,0,https://statsapi.mlb.com/api/v1.1/game/823406/feed/live,both,True,P,Pitcher,BULLPEN_PITCHER,True,QA_VALIDATED_CANONICAL_V3
642397,20,9,69,72,278,297,Top,823406,https://raw.githubusercontent.com/lancebroz/mlb-pitcher-data/main/data/raw/2026/daily/2026-04-03.parquet,False,2026-04-03,2026-04-03T20:12:00Z,PIT,BAL,H,Gregory Soto,False,RELIEF_OR_BULK,20,4,3,1,1,1,0,3,1,https://statsapi.mlb.com/api/v1.1/game/823406/feed/live,both,True,P,Pitcher,BULLPEN_PITCHER,True,QA_VALIDATED_CANONICAL_V3
642701,10,8,63,65,260,269,Top,823406,https://raw.githubusercontent.com/lancebroz/mlb-pitcher-data/main/data/raw/2026/daily/2026-04-03.parquet,False,2026-04-03,2026-04-03T20:12:00Z,PIT,BAL,H,Dennis Santana,False,RELIEF_OR_BULK,10,3,3,0,0,0,0,1,0,https://statsapi.mlb.com/api/v1.1/game/823406/feed/live,both,True,P,Pitcher,BULLPEN_PITCHER,True,QA_VALIDATED_CANONICAL_V3
656605,88,1,0,50,1,208,Top,823406,https://raw.githubusercontent.com/lancebroz/mlb-pitcher-data/main/data/raw/2026/daily/2026-04-03.parquet,False,2026-04-03,2026-04-03T20:12:00Z,PIT,BAL,H,Mitch Keller,True,STARTER,88,26,18,2,2,6,4,4,0,https://statsapi.mlb.com/api/v1.1/game/823406/feed/live,both,True,P,Pitcher,STARTER/OPENER/BULK,True,QA_VALIDATED_CANONICAL_V3
669330,23,6,51,62,209,259,Bot,823406,https://raw.githubusercontent.com/lancebroz/mlb-pitcher-data/main/data/raw/2026/daily/2026-04-03.parquet,False,2026-04-03,2026-04-03T20:12:00Z,BAL,PIT,A,Tyler Wells,False,RELIEF_OR_BULK,23,6,6,0,0,0,0,2,0,https://statsapi.mlb.com/api/v1.1/game/823406/feed/live,both,True,P,Pitcher,BULLPEN_PITCHER,True,QA_VALIDATED_CANONICAL_V3
670329,8,8,66,68,270,277,Bot,823406,https://raw.githubusercontent.com/lancebroz/mlb-pitcher-data/main/data/raw/2026/daily/2026-04-03.parquet,False,2026-04-03,2026-04-03T20:12:00Z,BAL,PIT,A,Rico Garcia,False,RELIEF_OR_BULK,8,3,3,0,0,0,0,0,0,https://statsapi.mlb.com/api/v1.1/game/823406/feed/live,both,True,P,Pitcher,BULLPEN_PITCHER,True,QA_VALIDATED_CANONICAL_V3
670990,19,7,54,57,219,237,Top,823406,https://raw.githubusercontent.com/lancebroz/mlb-pitcher-data/main/data/raw/2026/daily/2026-04-03.parquet,False,2026-04-03,2026-04-03T20:12:00Z,PIT,BAL,H,Yohan Ramírez,False,RELIEF_OR_BULK,19,4,1,1,1,2,1,0,0,https://statsapi.mlb.com/api/v1.1/game/823406/feed/live,both,True,P,Pitcher,BULLPEN_PITCHER,True,QA_VALIDATED_CANONICAL_V3
680694,81,1,4,35,17,142,Bot,823406,https://raw.githubusercontent.com/lancebroz/mlb-pitcher-data/main/data/raw/2026/daily/2026-04-03.parquet,False,2026-04-03,2026-04-03T20:12:00Z,BAL,PIT,A,Kyle Bradish,True,STARTER,81,19,12,4,4,6,3,6,0,https://statsapi.mlb.com/api/v1.1/game/823406/feed/live,both,True,P,Pitcher,STARTER/OPENER/BULK,True,QA_VALIDATED_CANONICAL_V3
682254,9,7,58,59,238,246,Top,823406,https://raw.githubusercontent.com/lancebroz/mlb-pitcher-data/main/data/raw/2026/daily/2026-04-03.parquet,False,2026-04-03,2026-04-03T20:12:00Z,PIT,BAL,H,Mason Montgomery,False,RELIEF_OR_BULK,9,2,2,0,0,0,0,1,0,https://statsapi.mlb.com/api/v1.1/game/823406/feed/live,both,True,P,Pitcher,BULLPEN_PITCHER,True,QA_VALIDATED_CANONICAL_V3
592836,85,1,0,39,1,156,Top,823480,https://raw.githubusercontent.com/lancebroz/mlb-pitcher-data/main/data/raw/2026/daily/2026-04-11.parquet,False,2026-04-11,2026-04-11T17:05:00Z,PHI,AZ,H,Taijuan Walker,True,STARTER,85,19,15,2,2,4,2,6,1,https://statsapi.mlb.com/api/v1.1/game/823480/feed/live,both,True,P,Pitcher,STARTER/OPENER/BULK,True,QA_VALIDATED_CANONICAL_V3
621237,6,7,54,55,210,215,Top,823480,https://raw.githubusercontent.com/lancebroz/mlb-pitcher-data/main/data/raw/2026/daily/2026-04-11.parquet,False,2026-04-11,2026-04-11T17:05:00Z,PHI,AZ,H,José Alvarado,False,RELIEF_OR_BULK,6,2,1,0,0,0,0,0,0,https://statsapi.mlb.com/api/v1.1/game/823480/feed/live,both,True,P,Pitcher,BULLPEN_PITCHER,True,QA_VALIDATED_CANONICAL_V3
641745,28,8,60,65,233,260,Top,823480,https://raw.githubusercontent.com/lancebroz/mlb-pitcher-data/main/data/raw/2026/daily/2026-04-11.parquet,False,2026-04-11,2026-04-11T17:05:00Z,PHI,AZ,H,Brad Keller,False,RELIEF_OR_BULK,28,6,3,1,1,2,1,2,0,https://statsapi.mlb.com/api/v1.1/game/823480/feed/live,both,True,P,Pitcher,BULLPEN_PITCHER,True,QA_VALIDATED_CANONICAL_V3
641835,9,6,44,46,170,178,Top,823480,https://raw.githubusercontent.com/lancebroz/mlb-pitcher-data/main/data/raw/2026/daily/2026-04-11.parquet,False,2026-04-11,2026-04-11T17:05:00Z,PHI,AZ,H,Tim Mayza,False,RELIEF_OR_BULK,9,3,2,0,0,1,0,1,0,https://statsapi.mlb.com/api/v1.1/game/823480/feed/live,both,True,P,Pitcher,BULLPEN_PITCHER,True,QA_VALIDATED_CANONICAL_V3
656464,17,7,56,59,216,232,Bot,823480,https://raw.githubusercontent.com/lancebroz/mlb-pitcher-data/main/data/raw/2026/daily/2026-04-11.parquet,False,2026-04-11,2026-04-11T17:05:00Z,AZ,PHI,A,Kevin Ginkel,False,RELIEF_OR_BULK,17,4,3,0,0,0,1,2,0,https://statsapi.mlb.com/api/v1.1/game/823480/feed/live,both,True,P,Pitcher,BULLPEN_PITCHER,True,QA_VALIDATED_CANONICAL_V3
657044,20,8,66,68,261,280,Bot,823480,https://raw.githubusercontent.com/lancebroz/mlb-pitcher-data/main/data/raw/2026/daily/2026-04-11.parquet,False,2026-04-11,2026-04-11T17:05:00Z,AZ,PHI,A,Ryan Thompson,False,RELIEF_OR_BULK,20,3,3,0,0,0,0,3,0,https://statsapi.mlb.com/api/v1.1/game/823480/feed/live,both,True,P,Pitcher,BULLPEN_PITCHER,True,QA_VALIDATED_CANONICAL_V3
661395,12,9,69,71,281,292,Top,823480,https://raw.githubusercontent.com/lancebroz/mlb-pitcher-data/main/data/raw/2026/daily/2026-04-11.parquet,False,2026-04-11,2026-04-11T17:05:00Z,PHI,AZ,H,Jhoan Duran,False,RELIEF_OR_BULK,12,3,3,0,0,0,0,1,0,https://statsapi.mlb.com/api/v1.1/game/823480/feed/live,both,True,P,Pitcher,BULLPEN_PITCHER,True,QA_VALIDATED_CANONICAL_V3
689147,14,6,47,53,179,209,Top,823480,https://raw.githubusercontent.com/lancebroz/mlb-pitcher-data/main/data/raw/2026/daily/2026-04-11.parquet,False,2026-04-11,2026-04-11T17:05:00Z,PHI,AZ,H,Orion Kerkering,False,RELIEF_OR_BULK,14,3,3,0,0,0,0,1,0,https://statsapi.mlb.com/api/v1.1/game/823480/feed/live,both,True,P,Pitcher,BULLPEN_PITCHER,True,QA_VALIDATED_CANONICAL_V3
694297,101,1,6,51,26,199,Bot,823480,https://raw.githubusercontent.com/lancebroz/mlb-pitcher-data/main/data/raw/2026/daily/2026-04-11.parquet,False,2026-04-11,2026-04-11T17:05:00Z,AZ,PHI,A,Brandon Pfaadt,True,STARTER,101,28,18,4,3,5,3,6,2,https://statsapi.mlb.com/api/v1.1/game/823480/feed/live,both,True,P,Pitcher,STARTER/OPENER/BULK,True,QA_VALIDATED_CANONICAL_V3
621383,14,9,67,70,260,273,Top,823482,https://raw.githubusercontent.com/lancebroz/mlb-pitcher-data/main/data/raw/2026/daily/2026-04-10.parquet,False,2026-04-10,2026-04-10T22:40:00Z,PHI,AZ,H,Tanner Banks,False,RELIEF_OR_BULK,14,4,3,0,0,1,0,1,0,https://statsapi.mlb.com/api/v1.1/game/823482/feed/live,both,True,P,Pitcher,BULLPEN_PITCHER,True,QA_VALIDATED_CANONICAL_V3
623149,9,9,71,74,274,282,Bot,823482,https://raw.githubusercontent.com/lancebroz/mlb-pitcher-data/main/data/raw/2026/daily/2026-04-10.parquet,False,2026-04-10,2026-04-10T22:40:00Z,AZ,PHI,A,Paul Sewald,False,RELIEF_OR_BULK,9,4,3,0,0,1,0,0,0,https://statsapi.mlb.com/api/v1.1/game/823482/feed/live,both,True,P,Pitcher,BULLPEN_PITCHER,True,QA_VALIDATED_CANONICAL_V3
641745,7,7,53,55,204,210,Top,823482,https://raw.githubusercontent.com/lancebroz/mlb-pitcher-data/main/data/raw/2026/daily/2026-04-10.parquet,False,2026-04-10,2026-04-10T22:40:00Z,PHI,AZ,H,Brad Keller,False,RELIEF_OR_BULK,7,3,3,0,0,0,0,0,0,https://statsapi.mlb.com/api/v1.1/game/823482/feed/live,both,True,P,Pitcher,BULLPEN_PITCHER,True,QA_VALIDATED_CANONICAL_V3
642528,15,6,52,57,199,220,Bot,823482,https://raw.githubusercontent.com/lancebroz/mlb-pitcher-data/main/data/raw/2026/daily/2026-04-10.parquet,False,2026-04-10,2026-04-10T22:40:00Z,AZ,PHI,A,Jonathan Loáisiga,False,RELIEF_OR_BULK,15,3,3,0,0,0,0,3,0,https://statsapi.mlb.com/api/v1.1/game/823482/feed/live,both,True,P,Pitcher,BULLPEN_PITCHER,True,QA_VALIDATED_CANONICAL_V3
647336,93,1,4,51,20,198,Bot,823482,https://raw.githubusercontent.com/lancebroz/mlb-pitcher-data/main/data/raw/2026/daily/2026-04-10.parquet,False,2026-04-10,2026-04-10T22:40:00Z,AZ,PHI,A,Michael Soroka,True,STARTER,93,25,17,4,4,5,2,10,1,https://statsapi.mlb.com/api/v1.1/game/823482/feed/live,both,True,P,Pitcher,STARTER/OPENER/BULK,True,QA_VALIDATED_CANONICAL_V3
666200,86,1,0,41,1,157,Top,823482,https://raw.githubusercontent.com/lancebroz/mlb-pitcher-data/main/data/raw/2026/daily/2026-04-10.parquet,False,2026-04-10,2026-04-10T22:40:00Z,PHI,AZ,H,Jesús Luzardo,True,STARTER,86,22,14,5,5,5,3,8,0,https://statsapi.mlb.com/api/v1.1/game/823482/feed/live,both,True,P,Pitcher,STARTER/OPENER/BULK,True,QA_VALIDATED_CANONICAL_V3
666661,26,7,58,66,221,259,Bot,823482,https://raw.githubusercontent.com/lancebroz/mlb-pitcher-data/main/data/raw/2026/daily/2026-04-10.parquet,False,2026-04-10,2026-04-10T22:40:00Z,AZ,PHI,A,Juan Morillo,False,RELIEF_OR_BULK,26,5,4,0,0,1,0,3,0,https://statsapi.mlb.com/api/v1.1/game/823482/feed/live,both,True,P,Pitcher,BULLPEN_PITCHER,True,QA_VALIDATED_CANONICAL_V3
680742,19,5,42,48,158,186,Top,823482,https://raw.githubusercontent.com/lancebroz/mlb-pitcher-data/main/data/raw/2026/daily/2026-04-10.parquet,False,2026-04-10,2026-04-10T22:40:00Z,PHI,AZ,H,Jonathan Bowlan,False,RELIEF_OR_BULK,19,4,4,0,0,0,0,1,0,https://statsapi.mlb.com/api/v1.1/game/823482/feed/live,both,True,P,Pitcher,BULLPEN_PITCHER,True,QA_VALIDATED_CANONICAL_V3
689147,13,8,59,62,227,239,Top,823482,https://raw.githubusercontent.com/lancebroz/mlb-pitcher-data/main/data/raw/2026/daily/2026-04-10.parquet,False,2026-04-10,2026-04-10T22:40:00Z,PHI,AZ,H,Orion Kerkering,False,RELIEF_OR_BULK,13,4,3,0,0,1,0,0,0,https://statsapi.mlb.com/api/v1.1/game/823482/feed/live,both,True,P,Pitcher,BULLPEN_PITCHER,True,QA_VALIDATED_CANONICAL_V3
621237,8,9,72,75,272,279,Top,823483,https://raw.githubusercontent.com/lancebroz/mlb-pitcher-data/main/data/raw/2026/daily/2026-04-01.parquet,False,2026-04-01,2026-04-01T17:05:00Z,PHI,WSH,H,José Alvarado,False,RELIEF_OR_BULK,8,3,3,0,0,1,0,0,0,https://statsapi.mlb.com/api/v1.1/game/823483/feed/live,both,True,P,Pitcher,BULLPEN_PITCHER,True,QA_VALIDATED_CANONICAL_V3
641745,22,7,53,58,199,220,Top,823483,https://raw.githubusercontent.com/lancebroz/mlb-pitcher-data/main/data/raw/2026/daily/2026-04-01.parquet,False,2026-04-01,2026-04-01T17:05:00Z,PHI,WSH,H,Brad Keller,False,RELIEF_OR_BULK,22,6,3,3,3,3,0,1,1,https://statsapi.mlb.com/api/v1.1/game/823483/feed/live,both,True,P,Pitcher,BULLPEN_PITCHER,True,QA_VALIDATED_CANONICAL_V3
647315,12,8,63,65,236,247,Top,823483,https://raw.githubusercontent.com/lancebroz/mlb-pitcher-data/main/data/raw/2026/daily/2026-04-01.parquet,False,2026-04-01,2026-04-01T17:05:00Z,PHI,WSH,H,Zach Pop,False,RELIEF_OR_BULK,12,3,3,0,0,0,0,1,0,https://statsapi.mlb.com/api/v1.1/game/823483/feed/live,both,True,P,Pitcher,BULLPEN_PITCHER,True,QA_VALIDATED_CANONICAL_V3
650911,97,1,0,45,1,171,Top,823483,https://raw.githubusercontent.com/lancebroz/mlb-pitcher-data/main/data/raw/2026/daily/2026-04-01.parquet,False,2026-04-01,2026-04-01T17:05:00Z,PHI,WSH,H,Cristopher Sánchez,True,STARTER,97,24,16,1,1,4,4,7,0,https://statsapi.mlb.com/api/v1.1/game/823483/feed/live,both,True,P,Pitcher,STARTER/OPENER/BULK,True,QA_VALIDATED_CANONICAL_V3
661395,6,10,84,85,314,319,Top,823483,https://raw.githubusercontent.com/lancebroz/mlb-pitcher-data/main/data/raw/2026/daily/2026-04-01.parquet,False,2026-04-01,2026-04-01T17:05:00Z,PHI,WSH,H,Jhoan Duran,False,RELIEF_OR_BULK,6,2,3,0,0,0,0,1,0,https://statsapi.mlb.com/api/v1.1/game/823483/feed/live,both,True,P,Pitcher,BULLPEN_PITCHER,True,QA_VALIDATED_CANONICAL_V3
669371,15,9,81,87,304,324,Bot,823483,https://raw.githubusercontent.com/lancebroz/mlb-pitcher-data/main/data/raw/2026/daily/2026-04-01.parquet,False,2026-04-01,2026-04-01T17:05:00Z,WSH,PHI,A,Cole Henry,False,RELIEF_OR_BULK,15,5,1,1,0,3,1,0,0,https://statsapi.mlb.com/api/v1.1/game/823483/feed/live,both,True,P,Pitcher,BULLPEN_PITCHER,True,QA_VALIDATED_CANONICAL_V3
672335,21,7,62,69,232,264,Bot,823483,https://raw.githubusercontent.com/lancebroz/mlb-pitcher-data/main/data/raw/2026/daily/2026-04-01.parquet,False,2026-04-01,2026-04-01T17:05:00Z,WSH,PHI,A,Cionel Pérez,False,RELIEF_OR_BULK,21,5,2,1,1,2,0,0,1,https://statsapi.mlb.com/api/v1.1/game/823483/feed/live,both,True,P,Pitcher,BULLPEN_PITCHER,True,QA_VALIDATED_CANONICAL_V3
676571,15,9,78,80,289,303,Bot,823483,https://raw.githubusercontent.com/lancebroz/mlb-pitcher-data/main/data/raw/2026/daily/2026-04-01.parquet,False,2026-04-01,2026-04-01T17:05:00Z,WSH,PHI,A,PJ Poulin,False,RELIEF_OR_BULK,15,3,1,1,1,0,2,0,0,https://statsapi.mlb.com/api/v1.1/game/823483/feed/live,both,True,P,Pitcher,BULLPEN_PITCHER,True,QA_VALIDATED_CANONICAL_V3
676917,84,1,4,52,11,198,Bot,823483,https://raw.githubusercontent.com/lancebroz/mlb-pitcher-data/main/data/raw/2026/daily/2026-04-01.parquet,False,2026-04-01,2026-04-01T17:05:00Z,WSH,PHI,A,Cade Cavalli,True,STARTER,84,25,18,1,1,5,2,3,0,https://statsapi.mlb.com/api/v1.1/game/823483/feed/live,both,True,P,Pitcher,STARTER/OPENER/BULK,True,QA_VALIDATED_CANONICAL_V3
680742,17,6,46,49,172,188,Top,823483,https://raw.githubusercontent.com/lancebroz/mlb-pitcher-data/main/data/raw/2026/daily/2026-04-01.parquet,False,2026-04-01,2026-04-01T17:05:00Z,PHI,WSH,H,Jonathan Bowlan,False,RELIEF_OR_BULK,17,4,2,1,1,2,0,1,0,https://statsapi.mlb.com/api/v1.1/game/823483/feed/live,both,True,P,Pitcher,BULLPEN_PITCHER,True,QA_VALIDATED_CANONICAL_V3
690925,16,8,70,77,265,288,Bot,823483,https://raw.githubusercontent.com/lancebroz/mlb-pitcher-data/main/data/raw/2026/daily/2026-04-01.parquet,False,2026-04-01,2026-04-01T17:05:00Z,WSH,PHI,A,Clayton Beeter,False,RELIEF_OR_BULK,16,4,3,1,1,1,0,0,0,https://statsapi.mlb.com/api/v1.1/game/823483/feed/live,both,True,P,Pitcher,BULLPEN_PITCHER,True,QA_VALIDATED_CANONICAL_V3
701552,11,7,59,61,221,231,Bot,823483,https://raw.githubusercontent.com/lancebroz/mlb-pitcher-data/main/data/raw/2026/daily/2026-04-01.parquet,False,2026-04-01,2026-04-01T17:05:00Z,WSH,PHI,A,Andre Granillo,False,RELIEF_OR_BULK,11,3,2,1,1,1,0,1,1,https://statsapi.mlb.com/api/v1.1/game/823483/feed/live,both,True,P,Pitcher,BULLPEN_PITCHER,True,QA_VALIDATED_CANONICAL_V3
592836,99,1,1,43,1,338,Top,823484,https://baseballsavant.mlb.com/statcast_search/csv?all=true&type=details&game_pk=823484,True,2026-03-30,2026-03-30T22:40:00Z,PHI,WSH,H,Taijuan Walker,True,STARTER,99,29,14,7,6,10,3,2,0,https://statsapi.mlb.com/api/v1.1/game/823484/feed/live,both,True,P,Pitcher,STARTER/OPENER/BULK,True,QA_VALIDATED_CANONICAL_V3
621237,29,9,77,82,150,335,Top,823484,https://baseballsavant.mlb.com/statcast_search/csv?all=true&type=details&game_pk=823484,True,2026-03-30,2026-03-30T22:40:00Z,PHI,WSH,H,José Alvarado,False,RELIEF_OR_BULK,29,6,1,4,4,3,2,1,0,https://statsapi.mlb.com/api/v1.1/game/823484/feed/live,both,True,P,Pitcher,BULLPEN_PITCHER,True,QA_VALIDATED_CANONICAL_V3
641835,23,7,62,72,179,336,Top,823484,https://baseballsavant.mlb.com/statcast_search/csv?all=true&type=details&game_pk=823484,True,2026-03-30,2026-03-30T22:40:00Z,PHI,WSH,H,Tim Mayza,False,RELIEF_OR_BULK,23,6,6,0,0,0,0,2,0,https://statsapi.mlb.com/api/v1.1/game/823484/feed/live,both,True,P,Pitcher,BULLPEN_PITCHER,True,QA_VALIDATED_CANONICAL_V3
656492,86,1,11,51,14,339,Bot,823484,https://baseballsavant.mlb.com/statcast_search/csv?all=true&type=details&game_pk=823484,True,2026-03-30,2026-03-30T22:40:00Z,WSH,PHI,A,Foster Griffin,True,STARTER,86,21,15,2,2,5,0,5,1,https://statsapi.mlb.com/api/v1.1/game/823484/feed/live,both,True,P,Pitcher,STARTER/OPENER/BULK,True,QA_VALIDATED_CANONICAL_V3
664238,8,9,83,85,284,333,Top,823484,https://baseballsavant.mlb.com/statcast_search/csv?all=true&type=details&game_pk=823484,True,2026-03-30,2026-03-30T22:40:00Z,PHI,WSH,H,Dylan Moore,False,RELIEF_OR_BULK,8,3,2,0,0,1,0,0,0,https://statsapi.mlb.com/api/v1.1/game/823484/feed/live,both,True,CF,Outfielder,POSITION_PLAYER_PITCHING,True,EXCLUIR_POSITION_PLAYER_PITCHING
669371,18,9,86,90,209,334,Bot,823484,https://baseballsavant.mlb.com/statcast_search/csv?all=true&type=details&game_pk=823484,True,2026-03-30,2026-03-30T22:40:00Z,WSH,PHI,A,Cole Henry,False,RELIEF_OR_BULK,18,5,3,0,0,1,1,1,0,https://statsapi.mlb.com/api/v1.1/game/823484/feed/live,both,True,P,Pitcher,BULLPEN_PITCHER,True,QA_VALIDATED_CANONICAL_V3
680742,26,5,44,57,163,337,Top,823484,https://baseballsavant.mlb.com/statcast_search/csv?all=true&type=details&game_pk=823484,True,2026-03-30,2026-03-30T22:40:00Z,PHI,WSH,H,Jonathan Bowlan,False,RELIEF_OR_BULK,26,6,4,2,2,3,0,1,0,https://statsapi.mlb.com/api/v1.1/game/823484/feed/live,both,True,P,Pitcher,BULLPEN_PITCHER,True,QA_VALIDATED_CANONICAL_V3
695418,51,6,58,76,84,340,Bot,823484,https://baseballsavant.mlb.com/statcast_search/csv?all=true&type=details&game_pk=823484,True,2026-03-30,2026-03-30T22:40:00Z,WSH,PHI,A,Brad Lord,False,RELIEF_OR_BULK,51,13,9,0,0,1,1,3,0,https://statsapi.mlb.com/api/v1.1/game/823484/feed/live,both,True,P,Pitcher,BULLPEN_PITCHER,True,QA_VALIDATED_CANONICAL_V3
621383,37,6,43,54,154,205,Top,823485,https://raw.githubusercontent.com/lancebroz/mlb-pitcher-data/main/data/raw/2026/daily/2026-03-31.parquet,False,2026-03-31,2026-03-31T22:40:00Z,PHI,WSH,H,Tanner Banks,False,RELIEF_OR_BULK,37,8,5,1,1,3,0,2,0,https://statsapi.mlb.com/api/v1.1/game/823485/feed/live,both,True,P,Pitcher,BULLPEN_PITCHER,True,QA_VALIDATED_CANONICAL_V3
641745,15,8,58,61,219,233,Top,823485,https://raw.githubusercontent.com/lancebroz/mlb-pitcher-data/main/data/raw/2026/daily/2026-03-31.parquet,False,2026-03-31,2026-03-31T22:40:00Z,PHI,WSH,H,Brad Keller,False,RELIEF_OR_BULK,15,4,3,0,0,0,1,0,0,https://statsapi.mlb.com/api/v1.1/game/823485/feed/live,both,True,P,Pitcher,BULLPEN_PITCHER,True,QA_VALIDATED_CANONICAL_V3
641793,75,2,11,49,35,177,Bot,823485,https://raw.githubusercontent.com/lancebroz/mlb-pitcher-data/main/data/raw/2026/daily/2026-03-31.parquet,False,2026-03-31,2026-03-31T22:40:00Z,WSH,PHI,A,Zack Littell,False,RELIEF_OR_BULK,75,23,15,3,3,6,2,1,2,https://statsapi.mlb.com/api/v1.1/game/823485/feed/live,both,True,P,Pitcher,BULLPEN_PITCHER,True,QA_VALIDATED_CANONICAL_V3
661395,20,9,65,68,244,263,Top,823485,https://raw.githubusercontent.com/lancebroz/mlb-pitcher-data/main/data/raw/2026/daily/2026-03-31.parquet,False,2026-03-31,2026-03-31T22:40:00Z,PHI,WSH,H,Jhoan Duran,False,RELIEF_OR_BULK,20,4,3,0,0,1,0,2,0,https://statsapi.mlb.com/api/v1.1/game/823485/feed/live,both,True,P,Pitcher,BULLPEN_PITCHER,True,QA_VALIDATED_CANONICAL_V3
676571,9,1,3,5,12,20,Bot,823485,https://raw.githubusercontent.com/lancebroz/mlb-pitcher-data/main/data/raw/2026/daily/2026-03-31.parquet,False,2026-03-31,2026-03-31T22:40:00Z,WSH,PHI,A,PJ Poulin,True,STARTER,9,3,3,0,0,0,0,1,0,https://statsapi.mlb.com/api/v1.1/game/823485/feed/live,both,True,P,Pitcher,STARTER/OPENER/BULK,True,QA_VALIDATED_CANONICAL_V3
686610,23,7,55,64,206,243,Bot,823485,https://raw.githubusercontent.com/lancebroz/mlb-pitcher-data/main/data/raw/2026/daily/2026-03-31.parquet,False,2026-03-31,2026-03-31T22:40:00Z,WSH,PHI,A,Ken Waldichuk,False,RELIEF_OR_BULK,23,6,6,0,0,1,0,0,0,https://statsapi.mlb.com/api/v1.1/game/823485/feed/live,both,True,P,Pitcher,BULLPEN_PITCHER,True,QA_VALIDATED_CANONICAL_V3
691725,84,1,0,42,1,153,Top,823485,https://raw.githubusercontent.com/lancebroz/mlb-pitcher-data/main/data/raw/2026/daily/2026-03-31.parquet,False,2026-03-31,2026-03-31T22:40:00Z,PHI,WSH,H,Andrew Painter,True,STARTER,84,21,16,1,1,4,1,8,0,https://statsapi.mlb.com/api/v1.1/game/823485/feed/live,both,True,P,Pitcher,STARTER/OPENER/BULK,True,QA_VALIDATED_CANONICAL_V3
543135,80,1,5,39,20,155,Bot,823486,https://raw.githubusercontent.com/lancebroz/mlb-pitcher-data/main/data/raw/2026/daily/2026-03-26.parquet,False,2026-03-26,2026-03-26T20:15:00Z,TEX,PHI,A,Nathan Eovaldi,True,STARTER,80,22,14,5,5,8,0,7,2,https://statsapi.mlb.com/api/v1.1/game/823486/feed/live,both,True,P,Pitcher,STARTER/OPENER/BULK,True,QA_VALIDATED_CANONICAL_V3
641302,9,7,52,54,204,212,Bot,823486,https://raw.githubusercontent.com/lancebroz/mlb-pitcher-data/main/data/raw/2026/daily/2026-03-26.parquet,False,2026-03-26,2026-03-26T20:15:00Z,TEX,PHI,A,Tyler Alexander,False,RELIEF_OR_BULK,9,3,3,0,0,0,0,0,0,https://statsapi.mlb.com/api/v1.1/game/823486/feed/live,both,True,P,Pitcher,BULLPEN_PITCHER,True,QA_VALIDATED_CANONICAL_V3
647315,21,8,55,58,213,233,Top,823486,https://raw.githubusercontent.com/lancebroz/mlb-pitcher-data/main/data/raw/2026/daily/2026-03-26.parquet,False,2026-03-26,2026-03-26T20:15:00Z,PHI,TEX,H,Zach Pop,False,RELIEF_OR_BULK,21,4,3,0,0,0,1,0,0,https://statsapi.mlb.com/api/v1.1/game/823486/feed/live,both,True,P,Pitcher,BULLPEN_PITCHER,True,QA_VALIDATED_CANONICAL_V3
650911,87,1,0,44,1,179,Top,823486,https://raw.githubusercontent.com/lancebroz/mlb-pitcher-data/main/data/raw/2026/daily/2026-03-26.parquet,False,2026-03-26,2026-03-26T20:15:00Z,PHI,TEX,H,Cristopher Sánchez,True,STARTER,87,21,18,0,0,3,0,10,0,https://statsapi.mlb.com/api/v1.1/game/823486/feed/live,both,True,P,Pitcher,STARTER/OPENER/BULK,True,QA_VALIDATED_CANONICAL_V3
656222,28,5,40,47,156,195,Bot,823486,https://raw.githubusercontent.com/lancebroz/mlb-pitcher-data/main/data/raw/2026/daily/2026-03-26.parquet,False,2026-03-26,2026-03-26T20:15:00Z,TEX,PHI,A,Jalen Beeks,False,RELIEF_OR_BULK,28,5,4,0,0,1,0,2,0,https://statsapi.mlb.com/api/v1.1/game/823486/feed/live,both,True,P,Pitcher,BULLPEN_PITCHER,True,QA_VALIDATED_CANONICAL_V3
661395,12,9,69,71,280,291,Top,823486,https://raw.githubusercontent.com/lancebroz/mlb-pitcher-data/main/data/raw/2026/daily/2026-03-26.parquet,False,2026-03-26,2026-03-26T20:15:00Z,PHI,TEX,H,Jhoan Duran,False,RELIEF_OR_BULK,12,3,2,0,0,1,0,1,0,https://statsapi.mlb.com/api/v1.1/game/823486/feed/live,both,True,P,Pitcher,BULLPEN_PITCHER,True,QA_VALIDATED_CANONICAL_V3
679775,20,9,65,68,260,279,Top,823486,https://raw.githubusercontent.com/lancebroz/mlb-pitcher-data/main/data/raw/2026/daily/2026-03-26.parquet,False,2026-03-26,2026-03-26T20:15:00Z,PHI,TEX,H,Kyle Backhus,False,RELIEF_OR_BULK,20,4,1,3,3,3,0,0,1,https://statsapi.mlb.com/api/v1.1/game/823486/feed/live,both,True,P,Pitcher,BULLPEN_PITCHER,True,QA_VALIDATED_CANONICAL_V3
680742,8,7,48,51,196,203,Top,823486,https://raw.githubusercontent.com/lancebroz/mlb-pitcher-data/main/data/raw/2026/daily/2026-03-26.parquet,False,2026-03-26,2026-03-26T20:15:00Z,PHI,TEX,H,Jonathan Bowlan,False,RELIEF_OR_BULK,8,4,3,0,0,1,0,0,0,https://statsapi.mlb.com/api/v1.1/game/823486/feed/live,both,True,P,Pitcher,BULLPEN_PITCHER,True,QA_VALIDATED_CANONICAL_V3
691945,26,8,59,64,234,259,Bot,823486,https://raw.githubusercontent.com/lancebroz/mlb-pitcher-data/main/data/raw/2026/daily/2026-03-26.parquet,False,2026-03-26,2026-03-26T20:15:00Z,TEX,PHI,A,Carter Baumler,False,RELIEF_OR_BULK,26,6,3,0,0,1,1,1,0,https://statsapi.mlb.com/api/v1.1/game/823486/feed/live,both,True,P,Pitcher,BULLPEN_PITCHER,True,QA_VALIDATED_CANONICAL_V3
455119,3,8,67,67,285,287,Bot,823487,https://raw.githubusercontent.com/lancebroz/mlb-pitcher-data/main/data/raw/2026/daily/2026-03-29.parquet,False,2026-03-29,2026-03-29T17:35:00Z,TEX,PHI,A,Chris Martin,False,RELIEF_OR_BULK,3,1,1,0,0,0,0,0,0,https://statsapi.mlb.com/api/v1.1/game/823487/feed/live,both,True,P,Pitcher,BULLPEN_PITCHER,True,QA_VALIDATED_CANONICAL_V3
641745,16,8,59,61,244,259,Top,823487,https://raw.githubusercontent.com/lancebroz/mlb-pitcher-data/main/data/raw/2026/daily/2026-03-29.parquet,False,2026-03-29,2026-03-29T17:35:00Z,PHI,TEX,H,Brad Keller,False,RELIEF_OR_BULK,16,3,3,0,0,0,0,1,0,https://statsapi.mlb.com/api/v1.1/game/823487/feed/live,both,True,P,Pitcher,BULLPEN_PITCHER,True,QA_VALIDATED_CANONICAL_V3
647315,25,7,49,54,201,225,Top,823487,https://raw.githubusercontent.com/lancebroz/mlb-pitcher-data/main/data/raw/2026/daily/2026-03-29.parquet,False,2026-03-29,2026-03-29T17:35:00Z,PHI,TEX,H,Zach Pop,False,RELIEF_OR_BULK,25,6,3,2,2,1,1,1,0,https://statsapi.mlb.com/api/v1.1/game/823487/feed/live,both,True,P,Pitcher,BULLPEN_PITCHER,True,QA_VALIDATED_CANONICAL_V3
666200,99,1,0,41,1,173,Top,823487,https://raw.githubusercontent.com/lancebroz/mlb-pitcher-data/main/data/raw/2026/daily/2026-03-29.parquet,False,2026-03-29,2026-03-29T17:35:00Z,PHI,TEX,H,Jesús Luzardo,True,STARTER,99,25,18,6,6,6,1,7,2,https://statsapi.mlb.com/api/v1.1/game/823487/feed/live,both,True,P,Pitcher,STARTER/OPENER/BULK,True,QA_VALIDATED_CANONICAL_V3
668390,11,6,47,48,190,200,Bot,823487,https://raw.githubusercontent.com/lancebroz/mlb-pitcher-data/main/data/raw/2026/daily/2026-03-29.parquet,False,2026-03-29,2026-03-29T17:35:00Z,TEX,PHI,A,Cole Winn,False,RELIEF_OR_BULK,11,2,2,0,0,0,0,0,0,https://statsapi.mlb.com/api/v1.1/game/823487/feed/live,both,True,P,Pitcher,BULLPEN_PITCHER,True,QA_VALIDATED_CANONICAL_V3
669022,90,1,3,46,12,189,Bot,823487,https://raw.githubusercontent.com/lancebroz/mlb-pitcher-data/main/data/raw/2026/daily/2026-03-29.parquet,False,2026-03-29,2026-03-29T17:35:00Z,TEX,PHI,A,MacKenzie Gore,True,STARTER,90,22,16,2,2,2,3,7,0,https://statsapi.mlb.com/api/v1.1/game/823487/feed/live,both,True,P,Pitcher,STARTER/OPENER/BULK,True,QA_VALIDATED_CANONICAL_V3
676395,14,9,73,75,309,322,Bot,823487,https://raw.githubusercontent.com/lancebroz/mlb-pitcher-data/main/data/raw/2026/daily/2026-03-29.parquet,False,2026-03-29,2026-03-29T17:35:00Z,TEX,PHI,A,Robert Garcia,False,RELIEF_OR_BULK,14,3,3,0,0,0,1,1,0,https://statsapi.mlb.com/api/v1.1/game/823487/feed/live,both,True,P,Pitcher,BULLPEN_PITCHER,True,QA_VALIDATED_CANONICAL_V3
679775,21,9,68,72,288,308,Top,823487,https://raw.githubusercontent.com/lancebroz/mlb-pitcher-data/main/data/raw/2026/daily/2026-03-29.parquet,False,2026-03-29,2026-03-29T17:35:00Z,PHI,TEX,H,Kyle Backhus,False,RELIEF_OR_BULK,21,5,3,0,0,1,1,1,0,https://statsapi.mlb.com/api/v1.1/game/823487/feed/live,both,True,P,Pitcher,BULLPEN_PITCHER,True,QA_VALIDATED_CANONICAL_V3
691945,43,7,55,66,226,284,Bot,823487,https://raw.githubusercontent.com/lancebroz/mlb-pitcher-data/main/data/raw/2026/daily/2026-03-29.parquet,False,2026-03-29,2026-03-29T17:35:00Z,TEX,PHI,A,Carter Baumler,False,RELIEF_OR_BULK,43,9,5,1,1,1,4,2,0,https://statsapi.mlb.com/api/v1.1/game/823487/feed/live,both,True,P,Pitcher,BULLPEN_PITCHER,True,QA_VALIDATED_CANONICAL_V3
455119,12,9,69,71,287,298,Bot,823488,https://raw.githubusercontent.com/lancebroz/mlb-pitcher-data/main/data/raw/2026/daily/2026-03-28.parquet,False,2026-03-28,2026-03-28T20:05:00Z,TEX,PHI,A,Chris Martin,False,RELIEF_OR_BULK,12,3,1,1,0,2,0,1,0,https://statsapi.mlb.com/api/v1.1/game/823488/feed/live,both,True,P,Pitcher,BULLPEN_PITCHER,True,QA_VALIDATED_CANONICAL_V3
596001,23,7,51,61,214,255,Bot,823488,https://raw.githubusercontent.com/lancebroz/mlb-pitcher-data/main/data/raw/2026/daily/2026-03-28.parquet,False,2026-03-28,2026-03-28T20:05:00Z,TEX,PHI,A,Jakob Junis,False,RELIEF_OR_BULK,23,6,6,0,0,0,0,2,0,https://statsapi.mlb.com/api/v1.1/game/823488/feed/live,both,True,P,Pitcher,BULLPEN_PITCHER,True,QA_VALIDATED_CANONICAL_V3
605400,91,1,0,34,1,155,Top,823488,https://raw.githubusercontent.com/lancebroz/mlb-pitcher-data/main/data/raw/2026/daily/2026-03-28.parquet,False,2026-03-28,2026-03-28T20:05:00Z,PHI,TEX,H,Aaron Nola,True,STARTER,91,22,15,3,3,5,2,7,2,https://statsapi.mlb.com/api/v1.1/game/823488/feed/live,both,True,P,Pitcher,STARTER/OPENER/BULK,True,QA_VALIDATED_CANONICAL_V3
621237,18,7,47,50,196,213,Top,823488,https://raw.githubusercontent.com/lancebroz/mlb-pitcher-data/main/data/raw/2026/daily/2026-03-28.parquet,False,2026-03-28,2026-03-28T20:05:00Z,PHI,TEX,H,José Alvarado,False,RELIEF_OR_BULK,18,4,3,0,0,1,0,2,0,https://statsapi.mlb.com/api/v1.1/game/823488/feed/live,both,True,P,Pitcher,BULLPEN_PITCHER,True,QA_VALIDATED_CANONICAL_V3
621383,10,6,41,43,179,188,Top,823488,https://raw.githubusercontent.com/lancebroz/mlb-pitcher-data/main/data/raw/2026/daily/2026-03-28.parquet,False,2026-03-28,2026-03-28T20:05:00Z,PHI,TEX,H,Tanner Banks,False,RELIEF_OR_BULK,10,3,3,0,0,1,0,0,0,https://statsapi.mlb.com/api/v1.1/game/823488/feed/live,both,True,P,Pitcher,BULLPEN_PITCHER,True,QA_VALIDATED_CANONICAL_V3
641302,21,10,77,81,321,341,Bot,823488,https://raw.githubusercontent.com/lancebroz/mlb-pitcher-data/main/data/raw/2026/daily/2026-03-28.parquet,False,2026-03-28,2026-03-28T20:05:00Z,TEX,PHI,A,Tyler Alexander,False,RELIEF_OR_BULK,21,5,3,1,0,1,0,1,0,https://statsapi.mlb.com/api/v1.1/game/823488/feed/live,both,True,P,Pitcher,BULLPEN_PITCHER,True,QA_VALIDATED_CANONICAL_V3
641835,32,8,54,64,224,268,Top,823488,https://raw.githubusercontent.com/lancebroz/mlb-pitcher-data/main/data/raw/2026/daily/2026-03-28.parquet,False,2026-03-28,2026-03-28T20:05:00Z,PHI,TEX,H,Tim Mayza,False,RELIEF_OR_BULK,32,8,6,0,0,1,1,2,0,https://statsapi.mlb.com/api/v1.1/game/823488/feed/live,both,True,P,Pitcher,BULLPEN_PITCHER,True,QA_VALIDATED_CANONICAL_V3
656222,7,6,44,46,189,195,Bot,823488,https://raw.githubusercontent.com/lancebroz/mlb-pitcher-data/main/data/raw/2026/daily/2026-03-28.parquet,False,2026-03-28,2026-03-28T20:05:00Z,TEX,PHI,A,Jalen Beeks,False,RELIEF_OR_BULK,7,3,3,0,0,0,0,1,0,https://statsapi.mlb.com/api/v1.1/game/823488/feed/live,both,True,P,Pitcher,BULLPEN_PITCHER,True,QA_VALIDATED_CANONICAL_V3
656641,68,1,4,35,11,159,Bot,823488,https://raw.githubusercontent.com/lancebroz/mlb-pitcher-data/main/data/raw/2026/daily/2026-03-28.parquet,False,2026-03-28,2026-03-28T20:05:00Z,TEX,PHI,A,Jacob Latz,True,STARTER,68,14,12,0,0,0,1,3,0,https://statsapi.mlb.com/api/v1.1/game/823488/feed/live,both,True,P,Pitcher,STARTER/OPENER/BULK,True,QA_VALIDATED_CANONICAL_V3
661395,22,10,72,76,299,320,Top,823488,https://raw.githubusercontent.com/lancebroz/mlb-pitcher-data/main/data/raw/2026/daily/2026-03-28.parquet,False,2026-03-28,2026-03-28T20:05:00Z,PHI,TEX,H,Jhoan Duran,False,RELIEF_OR_BULK,22,5,3,2,1,2,0,2,0,https://statsapi.mlb.com/api/v1.1/game/823488/feed/live,both,True,P,Pitcher,BULLPEN_PITCHER,True,QA_VALIDATED_CANONICAL_V3
668390,19,5,36,40,160,178,Bot,823488,https://raw.githubusercontent.com/lancebroz/mlb-pitcher-data/main/data/raw/2026/daily/2026-03-28.parquet,False,2026-03-28,2026-03-28T20:05:00Z,TEX,PHI,A,Cole Winn,False,RELIEF_OR_BULK,19,5,3,0,0,1,1,2,0,https://statsapi.mlb.com/api/v1.1/game/823488/feed/live,both,True,P,Pitcher,BULLPEN_PITCHER,True,QA_VALIDATED_CANONICAL_V3
676395,18,9,65,68,269,286,Bot,823488,https://raw.githubusercontent.com/lancebroz/mlb-pitcher-data/main/data/raw/2026/daily/2026-03-28.parquet,False,2026-03-28,2026-03-28T20:05:00Z,TEX,PHI,A,Robert Garcia,False,RELIEF_OR_BULK,18,4,2,2,0,1,1,1,0,https://statsapi.mlb.com/api/v1.1/game/823488/feed/live,both,True,P,Pitcher,BULLPEN_PITCHER,True,QA_VALIDATED_CANONICAL_V3
605130,17,6,50,58,203,231,Bot,823564,https://raw.githubusercontent.com/lancebroz/mlb-pitcher-data/main/data/raw/2026/daily/2026-04-08.parquet,False,2026-04-08,2026-04-08T23:05:00Z,ATH,NYY,A,Scott Barlow,False,RELIEF_OR_BULK,17,5,5,0,0,0,0,4,0,https://statsapi.mlb.com/api/v1.1/game/823564/feed/live,both,True,P,Pitcher,BULLPEN_PITCHER,True,QA_VALIDATED_CANONICAL_V3
622663,100,1,4,45,13,186,Bot,823564,https://raw.githubusercontent.com/lancebroz/mlb-pitcher-data/main/data/raw/2026/daily/2026-04-08.parquet,False,2026-04-08,2026-04-08T23:05:00Z,ATH,NYY,A,Luis Severino,True,STARTER,100,22,15,2,2,4,5,7,0,https://statsapi.mlb.com/api/v1.1/game/823564/feed/live,both,True,P,Pitcher,STARTER/OPENER/BULK,True,QA_VALIDATED_CANONICAL_V3
657612,17,5,41,49,164,202,Top,823564,https://raw.githubusercontent.com/lancebroz/mlb-pitcher-data/main/data/raw/2026/daily/2026-04-08.parquet,False,2026-04-08,2026-04-08T23:05:00Z,NYY,ATH,H,Tim Hill,False,RELIEF_OR_BULK,17,5,4,0,0,1,0,0,0,https://statsapi.mlb.com/api/v1.1/game/823564/feed/live,both,True,P,Pitcher,BULLPEN_PITCHER,True,QA_VALIDATED_CANONICAL_V3
663687,20,7,59,66,232,265,Bot,823564,https://raw.githubusercontent.com/lancebroz/mlb-pitcher-data/main/data/raw/2026/daily/2026-04-08.parquet,False,2026-04-08,2026-04-08T23:05:00Z,ATH,NYY,A,Hogan Harris,False,RELIEF_OR_BULK,20,4,2,0,0,0,2,2,0,https://statsapi.mlb.com/api/v1.1/game/823564/feed/live,both,True,P,Pitcher,BULLPEN_PITCHER,True,QA_VALIDATED_CANONICAL_V3
665660,11,8,67,68,266,276,Bot,823564,https://raw.githubusercontent.com/lancebroz/mlb-pitcher-data/main/data/raw/2026/daily/2026-04-08.parquet,False,2026-04-08,2026-04-08T23:05:00Z,ATH,NYY,A,Elvis Alvarado,False,RELIEF_OR_BULK,11,2,2,0,0,0,0,1,0,https://statsapi.mlb.com/api/v1.1/game/823564/feed/live,both,True,P,Pitcher,BULLPEN_PITCHER,True,QA_VALIDATED_CANONICAL_V3
666808,12,7,53,56,213,224,Top,823564,https://raw.githubusercontent.com/lancebroz/mlb-pitcher-data/main/data/raw/2026/daily/2026-04-08.parquet,False,2026-04-08,2026-04-08T23:05:00Z,NYY,ATH,H,Camilo Doval,False,RELIEF_OR_BULK,12,4,3,0,0,0,0,1,0,https://statsapi.mlb.com/api/v1.1/game/823564/feed/live,both,True,P,Pitcher,BULLPEN_PITCHER,True,QA_VALIDATED_CANONICAL_V3
669270,12,9,74,76,298,309,Bot,823564,https://raw.githubusercontent.com/lancebroz/mlb-pitcher-data/main/data/raw/2026/daily/2026-04-08.parquet,False,2026-04-08,2026-04-08T23:05:00Z,ATH,NYY,A,Joel Kuhnel,False,RELIEF_OR_BULK,12,3,3,0,0,0,0,1,0,https://statsapi.mlb.com/api/v1.1/game/823564/feed/live,both,True,P,Pitcher,BULLPEN_PITCHER,True,QA_VALIDATED_CANONICAL_V3
670280,21,9,69,73,277,297,Top,823564,https://raw.githubusercontent.com/lancebroz/mlb-pitcher-data/main/data/raw/2026/daily/2026-04-08.parquet,False,2026-04-08,2026-04-08T23:05:00Z,NYY,ATH,H,David Bednar,False,RELIEF_OR_BULK,21,5,3,1,1,2,0,2,0,https://statsapi.mlb.com/api/v1.1/game/823564/feed/live,both,True,P,Pitcher,BULLPEN_PITCHER,True,QA_VALIDATED_CANONICAL_V3
687396,14,8,62,65,247,260,Top,823564,https://raw.githubusercontent.com/lancebroz/mlb-pitcher-data/main/data/raw/2026/daily/2026-04-08.parquet,False,2026-04-08,2026-04-08T23:05:00Z,NYY,ATH,H,Brent Headrick,False,RELIEF_OR_BULK,14,4,3,0,0,1,0,1,0,https://statsapi.mlb.com/api/v1.1/game/823564/feed/live,both,True,P,Pitcher,BULLPEN_PITCHER,True,QA_VALIDATED_CANONICAL_V3
701542,85,1,0,40,1,163,Top,823564,https://raw.githubusercontent.com/lancebroz/mlb-pitcher-data/main/data/raw/2026/daily/2026-04-08.parquet,False,2026-04-08,2026-04-08T23:05:00Z,NYY,ATH,H,Will Warren,True,STARTER,85,23,14,2,2,5,3,5,0,https://statsapi.mlb.com/api/v1.1/game/823564/feed/live,both,True,P,Pitcher,STARTER/OPENER/BULK,True,QA_VALIDATED_CANONICAL_V3
605488,93,1,5,52,9,248,Bot,823565,https://baseballsavant.mlb.com/statcast_search/csv?all=true&type=details&game_pk=823565,True,2026-04-09,2026-04-09T17:35:00Z,ATH,NYY,A,Jeffrey Springs,True,STARTER,93,25,21,0,0,1,2,6,0,https://statsapi.mlb.com/api/v1.1/game/823565/feed/live,both,True,P,Pitcher,STARTER/OPENER/BULK,True,QA_VALIDATED_CANONICAL_V3
621112,19,9,60,63,159,245,Top,823565,https://baseballsavant.mlb.com/statcast_search/csv?all=true&type=details&game_pk=823565,True,2026-04-09,2026-04-09T17:35:00Z,NYY,ATH,H,Paul Blackburn,False,RELIEF_OR_BULK,19,4,3,0,0,1,0,1,0,https://statsapi.mlb.com/api/v1.1/game/823565/feed/live,both,True,P,Pitcher,BULLPEN_PITCHER,True,QA_VALIDATED_CANONICAL_V3
663687,14,9,64,66,181,244,Bot,823565,https://baseballsavant.mlb.com/statcast_search/csv?all=true&type=details&game_pk=823565,True,2026-04-09,2026-04-09T17:35:00Z,ATH,NYY,A,Hogan Harris,False,RELIEF_OR_BULK,14,3,3,0,0,0,0,1,0,https://statsapi.mlb.com/api/v1.1/game/823565/feed/live,both,True,P,Pitcher,BULLPEN_PITCHER,True,QA_VALIDATED_CANONICAL_V3
677960,101,1,1,55,1,247,Top,823565,https://baseballsavant.mlb.com/statcast_search/csv?all=true&type=details&game_pk=823565,True,2026-04-09,2026-04-09T17:35:00Z,NYY,ATH,H,Ryan Weathers,True,STARTER,101,30,24,1,1,7,0,7,0,https://statsapi.mlb.com/api/v1.1/game/823565/feed/live,both,True,P,Pitcher,STARTER/OPENER/BULK,True,QA_VALIDATED_CANONICAL_V3
686993,21,8,56,59,154,246,Bot,823565,https://baseballsavant.mlb.com/statcast_search/csv?all=true&type=details&game_pk=823565,True,2026-04-09,2026-04-09T17:35:00Z,ATH,NYY,A,Justin Sterner,False,RELIEF_OR_BULK,21,4,3,0,0,0,1,1,0,https://statsapi.mlb.com/api/v1.1/game/823565/feed/live,both,True,P,Pitcher,BULLPEN_PITCHER,True,QA_VALIDATED_CANONICAL_V3
518585,16,7,55,62,213,251,Top,823566,https://raw.githubusercontent.com/lancebroz/mlb-pitcher-data/main/data/raw/2026/daily/2026-04-05.parquet,False,2026-04-05,2026-04-05T17:35:00Z,NYY,MIA,H,Fernando Cruz,False,RELIEF_OR_BULK,16,3,2,1,1,0,1,2,0,https://statsapi.mlb.com/api/v1.1/game/823566/feed/live,both,True,P,Pitcher,BULLPEN_PITCHER,True,QA_VALIDATED_CANONICAL_V3
608331,103,1,0,54,1,212,Top,823566,https://raw.githubusercontent.com/lancebroz/mlb-pitcher-data/main/data/raw/2026/daily/2026-04-05.parquet,False,2026-04-05,2026-04-05T17:35:00Z,NYY,MIA,H,Max Fried,True,STARTER,103,27,20,3,3,5,3,4,0,https://statsapi.mlb.com/api/v1.1/game/823566/feed/live,both,True,P,Pitcher,STARTER/OPENER/BULK,True,QA_VALIDATED_CANONICAL_V3
642232,23,8,66,75,262,307,Top,823566,https://raw.githubusercontent.com/lancebroz/mlb-pitcher-data/main/data/raw/2026/daily/2026-04-05.parquet,False,2026-04-05,2026-04-05T17:35:00Z,NYY,MIA,H,Ryan Yarbrough,False,RELIEF_OR_BULK,23,6,5,0,0,1,0,3,0,https://statsapi.mlb.com/api/v1.1/game/823566/feed/live,both,True,P,Pitcher,BULLPEN_PITCHER,True,QA_VALIDATED_CANONICAL_V3
656234,10,8,63,65,252,261,Top,823566,https://raw.githubusercontent.com/lancebroz/mlb-pitcher-data/main/data/raw/2026/daily/2026-04-05.parquet,False,2026-04-05,2026-04-05T17:35:00Z,NYY,MIA,H,Jake Bird,False,RELIEF_OR_BULK,10,3,0,3,3,1,1,0,0,https://statsapi.mlb.com/api/v1.1/game/823566/feed/live,both,True,P,Pitcher,BULLPEN_PITCHER,True,QA_VALIDATED_CANONICAL_V3
663978,88,3,22,59,92,237,Bot,823566,https://raw.githubusercontent.com/lancebroz/mlb-pitcher-data/main/data/raw/2026/daily/2026-04-05.parquet,False,2026-04-05,2026-04-05T17:35:00Z,MIA,NYY,A,Chris Paddack,False,RELIEF_OR_BULK,88,22,14,1,0,3,4,4,0,https://statsapi.mlb.com/api/v1.1/game/823566/feed/live,both,True,P,Pitcher,BULLPEN_PITCHER,True,QA_VALIDATED_CANONICAL_V3
664126,27,1,5,11,17,43,Bot,823566,https://raw.githubusercontent.com/lancebroz/mlb-pitcher-data/main/data/raw/2026/daily/2026-04-05.parquet,False,2026-04-05,2026-04-05T17:35:00Z,MIA,NYY,A,Pete Fairbanks,True,STARTER,27,7,3,3,3,3,1,1,1,https://statsapi.mlb.com/api/v1.1/game/823566/feed/live,both,True,P,Pitcher,STARTER/OPENER/BULK,True,QA_VALIDATED_CANONICAL_V3
667463,5,7,60,60,238,242,Bot,823566,https://raw.githubusercontent.com/lancebroz/mlb-pitcher-data/main/data/raw/2026/daily/2026-04-05.parquet,False,2026-04-05,2026-04-05T17:35:00Z,MIA,NYY,A,John King,False,RELIEF_OR_BULK,5,1,1,0,0,0,0,0,0,https://statsapi.mlb.com/api/v1.1/game/823566/feed/live,both,True,P,Pitcher,BULLPEN_PITCHER,True,QA_VALIDATED_CANONICAL_V3
669622,31,9,76,82,308,338,Bot,823566,https://raw.githubusercontent.com/lancebroz/mlb-pitcher-data/main/data/raw/2026/daily/2026-04-05.parquet,False,2026-04-05,2026-04-05T17:35:00Z,MIA,NYY,A,Anthony Bender,False,RELIEF_OR_BULK,31,7,3,2,2,1,3,2,0,https://statsapi.mlb.com/api/v1.1/game/823566/feed/live,both,True,P,Pitcher,BULLPEN_PITCHER,True,QA_VALIDATED_CANONICAL_V3
676534,23,8,69,72,273,295,Bot,823566,https://raw.githubusercontent.com/lancebroz/mlb-pitcher-data/main/data/raw/2026/daily/2026-04-05.parquet,False,2026-04-05,2026-04-05T17:35:00Z,MIA,NYY,A,Calvin Faucher,False,RELIEF_OR_BULK,23,4,3,0,0,0,1,1,0,https://statsapi.mlb.com/api/v1.1/game/823566/feed/live,both,True,P,Pitcher,BULLPEN_PITCHER,True,QA_VALIDATED_CANONICAL_V3
677053,12,2,15,17,60,71,Bot,823566,https://raw.githubusercontent.com/lancebroz/mlb-pitcher-data/main/data/raw/2026/daily/2026-04-05.parquet,False,2026-04-05,2026-04-05T17:35:00Z,MIA,NYY,A,Andrew Nardi,False,RELIEF_OR_BULK,12,3,3,0,0,0,0,1,0,https://statsapi.mlb.com/api/v1.1/game/823566/feed/live,both,True,P,Pitcher,BULLPEN_PITCHER,True,QA_VALIDATED_CANONICAL_V3
518585,20,7,53,62,216,251,Top,823567,https://raw.githubusercontent.com/lancebroz/mlb-pitcher-data/main/data/raw/2026/daily/2026-04-07.parquet,False,2026-04-07,2026-04-07T23:05:00Z,NYY,ATH,H,Fernando Cruz,False,RELIEF_OR_BULK,20,6,4,0,0,0,2,1,0,https://statsapi.mlb.com/api/v1.1/game/823567/feed/live,both,True,P,Pitcher,BULLPEN_PITCHER,True,QA_VALIDATED_CANONICAL_V3
643410,28,8,63,69,252,279,Bot,823567,https://raw.githubusercontent.com/lancebroz/mlb-pitcher-data/main/data/raw/2026/daily/2026-04-07.parquet,False,2026-04-07,2026-04-07T23:05:00Z,ATH,NYY,A,Mark Leiter Jr.,False,RELIEF_OR_BULK,28,7,2,4,4,5,0,0,1,https://statsapi.mlb.com/api/v1.1/game/823567/feed/live,both,True,P,Pitcher,BULLPEN_PITCHER,True,QA_VALIDATED_CANONICAL_V3
650644,88,1,3,41,15,172,Bot,823567,https://raw.githubusercontent.com/lancebroz/mlb-pitcher-data/main/data/raw/2026/daily/2026-04-07.parquet,False,2026-04-07,2026-04-07T23:05:00Z,ATH,NYY,A,Aaron Civale,True,STARTER,88,22,15,1,1,2,4,6,1,https://statsapi.mlb.com/api/v1.1/game/823567/feed/live,both,True,P,Pitcher,STARTER/OPENER/BULK,True,QA_VALIDATED_CANONICAL_V3
656234,10,6,42,44,173,182,Top,823567,https://raw.githubusercontent.com/lancebroz/mlb-pitcher-data/main/data/raw/2026/daily/2026-04-07.parquet,False,2026-04-07,2026-04-07T23:05:00Z,NYY,ATH,H,Jake Bird,False,RELIEF_OR_BULK,10,3,2,0,0,1,0,1,0,https://statsapi.mlb.com/api/v1.1/game/823567/feed/live,both,True,P,Pitcher,BULLPEN_PITCHER,True,QA_VALIDATED_CANONICAL_V3
669270,5,8,70,70,280,284,Bot,823567,https://raw.githubusercontent.com/lancebroz/mlb-pitcher-data/main/data/raw/2026/daily/2026-04-07.parquet,False,2026-04-07,2026-04-07T23:05:00Z,ATH,NYY,A,Joel Kuhnel,False,RELIEF_OR_BULK,5,1,1,0,0,0,0,0,0,https://statsapi.mlb.com/api/v1.1/game/823567/feed/live,both,True,P,Pitcher,BULLPEN_PITCHER,True,QA_VALIDATED_CANONICAL_V3
670280,14,9,71,73,285,298,Top,823567,https://raw.githubusercontent.com/lancebroz/mlb-pitcher-data/main/data/raw/2026/daily/2026-04-07.parquet,False,2026-04-07,2026-04-07T23:05:00Z,NYY,ATH,H,David Bednar,False,RELIEF_OR_BULK,14,3,3,0,0,0,0,1,0,https://statsapi.mlb.com/api/v1.1/game/823567/feed/live,both,True,P,Pitcher,BULLPEN_PITCHER,True,QA_VALIDATED_CANONICAL_V3
686993,27,6,47,57,193,232,Bot,823567,https://raw.githubusercontent.com/lancebroz/mlb-pitcher-data/main/data/raw/2026/daily/2026-04-07.parquet,False,2026-04-07,2026-04-07T23:05:00Z,ATH,NYY,A,Justin Sterner,False,RELIEF_OR_BULK,27,7,6,0,0,2,0,1,0,https://statsapi.mlb.com/api/v1.1/game/823567/feed/live,both,True,P,Pitcher,BULLPEN_PITCHER,True,QA_VALIDATED_CANONICAL_V3
687396,22,6,45,52,183,215,Top,823567,https://raw.githubusercontent.com/lancebroz/mlb-pitcher-data/main/data/raw/2026/daily/2026-04-07.parquet,False,2026-04-07,2026-04-07T23:05:00Z,NYY,ATH,H,Brent Headrick,False,RELIEF_OR_BULK,22,5,3,0,0,0,2,3,0,https://statsapi.mlb.com/api/v1.1/game/823567/feed/live,both,True,P,Pitcher,BULLPEN_PITCHER,True,QA_VALIDATED_CANONICAL_V3
693645,84,1,0,36,1,158,Top,823567,https://raw.githubusercontent.com/lancebroz/mlb-pitcher-data/main/data/raw/2026/daily/2026-04-07.parquet,False,2026-04-07,2026-04-07T23:05:00Z,NYY,ATH,H,Cam Schlittler,True,STARTER,84,20,15,3,3,5,0,7,0,https://statsapi.mlb.com/api/v1.1/game/823567/feed/live,both,True,P,Pitcher,STARTER/OPENER/BULK,True,QA_VALIDATED_CANONICAL_V3
642232,10,9,69,71,281,290,Top,823568,https://raw.githubusercontent.com/lancebroz/mlb-pitcher-data/main/data/raw/2026/daily/2026-04-03.parquet,False,2026-04-03,2026-04-03T17:35:00Z,NYY,MIA,H,Ryan Yarbrough,False,RELIEF_OR_BULK,10,3,3,0,0,0,0,0,0,https://statsapi.mlb.com/api/v1.1/game/823568/feed/live,both,True,P,Pitcher,BULLPEN_PITCHER,True,QA_VALIDATED_CANONICAL_V3
656234,11,7,52,54,216,226,Top,823568,https://raw.githubusercontent.com/lancebroz/mlb-pitcher-data/main/data/raw/2026/daily/2026-04-03.parquet,False,2026-04-03,2026-04-03T17:35:00Z,NYY,MIA,H,Jake Bird,False,RELIEF_OR_BULK,11,3,3,0,0,0,0,2,0,https://statsapi.mlb.com/api/v1.1/game/823568/feed/live,both,True,P,Pitcher,BULLPEN_PITCHER,True,QA_VALIDATED_CANONICAL_V3
656848,20,7,55,59,227,246,Bot,823568,https://raw.githubusercontent.com/lancebroz/mlb-pitcher-data/main/data/raw/2026/daily/2026-04-03.parquet,False,2026-04-03,2026-04-03T17:35:00Z,MIA,NYY,A,Michael Petersen,False,RELIEF_OR_BULK,20,5,3,1,1,1,1,1,1,https://statsapi.mlb.com/api/v1.1/game/823568/feed/live,both,True,P,Pitcher,BULLPEN_PITCHER,True,QA_VALIDATED_CANONICAL_V3
657612,2,6,45,45,180,181,Top,823568,https://raw.githubusercontent.com/lancebroz/mlb-pitcher-data/main/data/raw/2026/daily/2026-04-03.parquet,False,2026-04-03,2026-04-03T17:35:00Z,NYY,MIA,H,Tim Hill,False,RELIEF_OR_BULK,2,1,1,0,0,0,0,0,0,https://statsapi.mlb.com/api/v1.1/game/823568/feed/live,both,True,P,Pitcher,BULLPEN_PITCHER,True,QA_VALIDATED_CANONICAL_V3
663969,52,5,37,51,153,215,Bot,823568,https://raw.githubusercontent.com/lancebroz/mlb-pitcher-data/main/data/raw/2026/daily/2026-04-03.parquet,False,2026-04-03,2026-04-03T17:35:00Z,MIA,NYY,A,Tyler Phillips,False,RELIEF_OR_BULK,52,10,6,1,0,1,2,3,0,https://statsapi.mlb.com/api/v1.1/game/823568/feed/live,both,True,P,Pitcher,BULLPEN_PITCHER,True,QA_VALIDATED_CANONICAL_V3
669199,24,8,63,68,257,280,Bot,823568,https://raw.githubusercontent.com/lancebroz/mlb-pitcher-data/main/data/raw/2026/daily/2026-04-03.parquet,False,2026-04-03,2026-04-03T17:35:00Z,MIA,NYY,A,Lake Bachar,False,RELIEF_OR_BULK,24,6,3,2,2,2,2,2,0,https://statsapi.mlb.com/api/v1.1/game/823568/feed/live,both,True,P,Pitcher,BULLPEN_PITCHER,True,QA_VALIDATED_CANONICAL_V3
687396,10,8,60,62,247,256,Top,823568,https://raw.githubusercontent.com/lancebroz/mlb-pitcher-data/main/data/raw/2026/daily/2026-04-03.parquet,False,2026-04-03,2026-04-03T17:35:00Z,NYY,MIA,H,Brent Headrick,False,RELIEF_OR_BULK,10,3,3,0,0,0,0,2,0,https://statsapi.mlb.com/api/v1.1/game/823568/feed/live,both,True,P,Pitcher,BULLPEN_PITCHER,True,QA_VALIDATED_CANONICAL_V3
691587,84,1,4,32,16,136,Bot,823568,https://raw.githubusercontent.com/lancebroz/mlb-pitcher-data/main/data/raw/2026/daily/2026-04-03.parquet,False,2026-04-03,2026-04-03T17:35:00Z,MIA,NYY,A,Eury Pérez,True,STARTER,84,20,12,4,4,2,6,4,1,https://statsapi.mlb.com/api/v1.1/game/823568/feed/live,both,True,P,Pitcher,STARTER/OPENER/BULK,True,QA_VALIDATED_CANONICAL_V3
701542,77,1,0,44,1,179,Top,823568,https://raw.githubusercontent.com/lancebroz/mlb-pitcher-data/main/data/raw/2026/daily/2026-04-03.parquet,False,2026-04-03,2026-04-03T17:35:00Z,NYY,MIA,H,Will Warren,True,STARTER,77,21,17,2,2,4,0,6,2,https://statsapi.mlb.com/api/v1.1/game/823568/feed/live,both,True,P,Pitcher,STARTER/OPENER/BULK,True,QA_VALIDATED_CANONICAL_V3
518585,5,7,61,62,266,270,Top,823569,https://raw.githubusercontent.com/lancebroz/mlb-pitcher-data/main/data/raw/2026/daily/2026-04-04.parquet,False,2026-04-04,2026-04-04T23:05:00Z,NYY,MIA,H,Fernando Cruz,False,RELIEF_OR_BULK,5,2,2,0,0,0,0,1,0,https://statsapi.mlb.com/api/v1.1/game/823569/feed/live,both,True,P,Pitcher,BULLPEN_PITCHER,True,QA_VALIDATED_CANONICAL_V3
621112,28,4,33,50,151,219,Top,823569,https://raw.githubusercontent.com/lancebroz/mlb-pitcher-data/main/data/raw/2026/daily/2026-04-04.parquet,False,2026-04-04,2026-04-04T23:05:00Z,NYY,MIA,H,Paul Blackburn,False,RELIEF_OR_BULK,28,8,5,1,0,3,0,2,0,https://statsapi.mlb.com/api/v1.1/game/823569/feed/live,both,True,P,Pitcher,BULLPEN_PITCHER,True,QA_VALIDATED_CANONICAL_V3
656848,30,8,74,80,317,346,Bot,823569,https://raw.githubusercontent.com/lancebroz/mlb-pitcher-data/main/data/raw/2026/daily/2026-04-04.parquet,False,2026-04-04,2026-04-04T23:05:00Z,MIA,NYY,A,Michael Petersen,False,RELIEF_OR_BULK,30,7,3,3,2,1,3,0,0,https://statsapi.mlb.com/api/v1.1/game/823569/feed/live,both,True,P,Pitcher,BULLPEN_PITCHER,True,QA_VALIDATED_CANONICAL_V3
657612,14,6,51,60,220,265,Top,823569,https://raw.githubusercontent.com/lancebroz/mlb-pitcher-data/main/data/raw/2026/daily/2026-04-04.parquet,False,2026-04-04,2026-04-04T23:05:00Z,NYY,MIA,H,Tim Hill,False,RELIEF_OR_BULK,14,3,3,0,0,0,0,0,0,https://statsapi.mlb.com/api/v1.1/game/823569/feed/live,both,True,P,Pitcher,BULLPEN_PITCHER,True,QA_VALIDATED_CANONICAL_V3
666808,23,8,67,70,287,309,Top,823569,https://raw.githubusercontent.com/lancebroz/mlb-pitcher-data/main/data/raw/2026/daily/2026-04-04.parquet,False,2026-04-04,2026-04-04T23:05:00Z,NYY,MIA,H,Camilo Doval,False,RELIEF_OR_BULK,23,4,1,2,2,3,0,1,0,https://statsapi.mlb.com/api/v1.1/game/823569/feed/live,both,True,P,Pitcher,BULLPEN_PITCHER,True,QA_VALIDATED_CANONICAL_V3
667463,10,6,58,59,250,259,Bot,823569,https://raw.githubusercontent.com/lancebroz/mlb-pitcher-data/main/data/raw/2026/daily/2026-04-04.parquet,False,2026-04-04,2026-04-04T23:05:00Z,MIA,NYY,A,John King,False,RELIEF_OR_BULK,10,2,2,0,0,0,0,1,0,https://statsapi.mlb.com/api/v1.1/game/823569/feed/live,both,True,P,Pitcher,BULLPEN_PITCHER,True,QA_VALIDATED_CANONICAL_V3
669622,15,6,54,57,235,249,Bot,823569,https://raw.githubusercontent.com/lancebroz/mlb-pitcher-data/main/data/raw/2026/daily/2026-04-04.parquet,False,2026-04-04,2026-04-04T23:05:00Z,MIA,NYY,A,Anthony Bender,False,RELIEF_OR_BULK,15,4,1,2,2,2,0,1,0,https://statsapi.mlb.com/api/v1.1/game/823569/feed/live,both,True,P,Pitcher,BULLPEN_PITCHER,True,QA_VALIDATED_CANONICAL_V3
670280,33,9,81,87,347,379,Top,823569,https://raw.githubusercontent.com/lancebroz/mlb-pitcher-data/main/data/raw/2026/daily/2026-04-04.parquet,False,2026-04-04,2026-04-04T23:05:00Z,NYY,MIA,H,David Bednar,False,RELIEF_OR_BULK,33,7,3,1,1,3,1,2,0,https://statsapi.mlb.com/api/v1.1/game/823569/feed/live,both,True,P,Pitcher,BULLPEN_PITCHER,True,QA_VALIDATED_CANONICAL_V3
676534,16,7,63,66,271,286,Bot,823569,https://raw.githubusercontent.com/lancebroz/mlb-pitcher-data/main/data/raw/2026/daily/2026-04-04.parquet,False,2026-04-04,2026-04-04T23:05:00Z,MIA,NYY,A,Calvin Faucher,False,RELIEF_OR_BULK,16,4,3,1,0,0,1,2,0,https://statsapi.mlb.com/api/v1.1/game/823569/feed/live,both,True,P,Pitcher,BULLPEN_PITCHER,True,QA_VALIDATED_CANONICAL_V3
676974,89,1,6,45,32,200,Bot,823569,https://raw.githubusercontent.com/lancebroz/mlb-pitcher-data/main/data/raw/2026/daily/2026-04-04.parquet,False,2026-04-04,2026-04-04T23:05:00Z,MIA,NYY,A,Max Meyer,True,STARTER,89,21,14,2,2,3,3,6,1,https://statsapi.mlb.com/api/v1.1/game/823569/feed/live,both,True,P,Pitcher,STARTER/OPENER/BULK,True,QA_VALIDATED_CANONICAL_V3
677053,21,5,46,53,201,234,Bot,823569,https://raw.githubusercontent.com/lancebroz/mlb-pitcher-data/main/data/raw/2026/daily/2026-04-04.parquet,False,2026-04-04,2026-04-04T23:05:00Z,MIA,NYY,A,Andrew Nardi,False,RELIEF_OR_BULK,21,4,1,1,1,0,3,1,0,https://statsapi.mlb.com/api/v1.1/game/823569/feed/live,both,True,P,Pitcher,BULLPEN_PITCHER,True,QA_VALIDATED_CANONICAL_V3
677960,88,1,0,32,1,150,Top,823569,https://raw.githubusercontent.com/lancebroz/mlb-pitcher-data/main/data/raw/2026/daily/2026-04-04.parquet,False,2026-04-04,2026-04-04T23:05:00Z,NYY,MIA,H,Ryan Weathers,True,STARTER,88,19,11,3,3,6,3,4,0,https://statsapi.mlb.com/api/v1.1/game/823569/feed/live,both,True,P,Pitcher,STARTER/OPENER/BULK,True,QA_VALIDATED_CANONICAL_V3
687396,7,8,71,73,310,316,Top,823569,https://raw.githubusercontent.com/lancebroz/mlb-pitcher-data/main/data/raw/2026/daily/2026-04-04.parquet,False,2026-04-04,2026-04-04T23:05:00Z,NYY,MIA,H,Brent Headrick,False,RELIEF_OR_BULK,7,3,2,0,0,0,1,0,0,https://statsapi.mlb.com/api/v1.1/game/823569/feed/live,both,True,P,Pitcher,BULLPEN_PITCHER,True,QA_VALIDATED_CANONICAL_V3
605130,8,8,58,59,221,228,Bot,823643,https://raw.githubusercontent.com/lancebroz/mlb-pitcher-data/main/data/raw/2026/daily/2026-04-10.parquet,False,2026-04-10,2026-04-10T23:10:00Z,ATH,NYM,A,Scott Barlow,False,RELIEF_OR_BULK,8,2,2,0,0,0,0,1,0,https://statsapi.mlb.com/api/v1.1/game/823643/feed/live,both,True,P,Pitcher,BULLPEN_PITCHER,True,QA_VALIDATED_CANONICAL_V3
605280,81,1,0,40,1,161,Top,823643,https://raw.githubusercontent.com/lancebroz/mlb-pitcher-data/main/data/raw/2026/daily/2026-04-10.parquet,False,2026-04-10,2026-04-10T23:10:00Z,NYM,ATH,H,Clay Holmes,True,STARTER,81,23,16,1,1,5,3,3,0,https://statsapi.mlb.com/api/v1.1/game/823643/feed/live,both,True,P,Pitcher,STARTER/OPENER/BULK,True,QA_VALIDATED_CANONICAL_V3
643410,12,5,35,38,145,156,Bot,823643,https://raw.githubusercontent.com/lancebroz/mlb-pitcher-data/main/data/raw/2026/daily/2026-04-10.parquet,False,2026-04-10,2026-04-10T23:10:00Z,ATH,NYM,A,Mark Leiter Jr.,False,RELIEF_OR_BULK,12,4,3,0,0,1,0,1,0,https://statsapi.mlb.com/api/v1.1/game/823643/feed/live,both,True,P,Pitcher,BULLPEN_PITCHER,True,QA_VALIDATED_CANONICAL_V3
663992,5,9,65,65,236,240,Top,823643,https://raw.githubusercontent.com/lancebroz/mlb-pitcher-data/main/data/raw/2026/daily/2026-04-10.parquet,False,2026-04-10,2026-04-10T23:10:00Z,NYM,ATH,H,Richard Lovelady,False,RELIEF_OR_BULK,5,1,2,0,0,0,0,0,0,https://statsapi.mlb.com/api/v1.1/game/823643/feed/live,both,True,P,Pitcher,BULLPEN_PITCHER,True,QA_VALIDATED_CANONICAL_V3
665660,20,9,66,69,241,260,Bot,823643,https://raw.githubusercontent.com/lancebroz/mlb-pitcher-data/main/data/raw/2026/daily/2026-04-10.parquet,False,2026-04-10,2026-04-10T23:10:00Z,ATH,NYM,A,Elvis Alvarado,False,RELIEF_OR_BULK,20,4,3,0,0,1,0,1,0,https://statsapi.mlb.com/api/v1.1/game/823643/feed/live,both,True,P,Pitcher,BULLPEN_PITCHER,True,QA_VALIDATED_CANONICAL_V3
668964,36,6,41,64,162,235,Top,823643,https://raw.githubusercontent.com/lancebroz/mlb-pitcher-data/main/data/raw/2026/daily/2026-04-10.parquet,False,2026-04-10,2026-04-10T23:10:00Z,NYM,ATH,H,Tobias Myers,False,RELIEF_OR_BULK,36,13,9,3,3,4,0,1,0,https://statsapi.mlb.com/api/v1.1/game/823643/feed/live,both,True,P,Pitcher,BULLPEN_PITCHER,True,QA_VALIDATED_CANONICAL_V3
669372,68,1,4,30,12,131,Bot,823643,https://raw.githubusercontent.com/lancebroz/mlb-pitcher-data/main/data/raw/2026/daily/2026-04-10.parquet,False,2026-04-10,2026-04-10T23:10:00Z,ATH,NYM,A,J.T. Ginn,True,STARTER,68,14,12,0,0,1,1,4,0,https://statsapi.mlb.com/api/v1.1/game/823643/feed/live,both,True,P,Pitcher,STARTER/OPENER/BULK,True,QA_VALIDATED_CANONICAL_V3
678022,30,6,43,57,170,220,Bot,823643,https://raw.githubusercontent.com/lancebroz/mlb-pitcher-data/main/data/raw/2026/daily/2026-04-10.parquet,False,2026-04-10,2026-04-10T23:10:00Z,ATH,NYM,A,Jack Perkins,False,RELIEF_OR_BULK,30,9,7,0,0,3,0,3,0,https://statsapi.mlb.com/api/v1.1/game/823643/feed/live,both,True,P,Pitcher,BULLPEN_PITCHER,True,QA_VALIDATED_CANONICAL_V3
472610,18,9,79,82,302,319,Top,823644,https://raw.githubusercontent.com/lancebroz/mlb-pitcher-data/main/data/raw/2026/daily/2026-04-11.parquet,False,2026-04-11,2026-04-11T20:10:00Z,NYM,ATH,H,Luis García,False,RELIEF_OR_BULK,18,4,3,0,0,1,0,1,0,https://statsapi.mlb.com/api/v1.1/game/823644/feed/live,both,True,P,Pitcher,BULLPEN_PITCHER,True,QA_VALIDATED_CANONICAL_V3
518886,10,7,59,62,227,236,Top,823644,https://raw.githubusercontent.com/lancebroz/mlb-pitcher-data/main/data/raw/2026/daily/2026-04-11.parquet,False,2026-04-11,2026-04-11T20:10:00Z,NYM,ATH,H,Craig Kimbrel,False,RELIEF_OR_BULK,10,4,3,0,0,1,0,2,0,https://statsapi.mlb.com/api/v1.1/game/823644/feed/live,both,True,P,Pitcher,BULLPEN_PITCHER,True,QA_VALIDATED_CANONICAL_V3
548384,13,6,49,52,199,211,Top,823644,https://raw.githubusercontent.com/lancebroz/mlb-pitcher-data/main/data/raw/2026/daily/2026-04-11.parquet,False,2026-04-11,2026-04-11T20:10:00Z,NYM,ATH,H,Brooks Raley,False,RELIEF_OR_BULK,13,4,3,0,0,0,1,1,0,https://statsapi.mlb.com/api/v1.1/game/823644/feed/live,both,True,P,Pitcher,BULLPEN_PITCHER,True,QA_VALIDATED_CANONICAL_V3
596133,27,8,69,75,261,287,Top,823644,https://raw.githubusercontent.com/lancebroz/mlb-pitcher-data/main/data/raw/2026/daily/2026-04-11.parquet,False,2026-04-11,2026-04-11T20:10:00Z,NYM,ATH,H,Luke Weaver,False,RELIEF_OR_BULK,27,7,3,4,4,3,1,1,1,https://statsapi.mlb.com/api/v1.1/game/823644/feed/live,both,True,P,Pitcher,BULLPEN_PITCHER,True,QA_VALIDATED_CANONICAL_V3
623211,38,3,25,43,101,181,Top,823644,https://raw.githubusercontent.com/lancebroz/mlb-pitcher-data/main/data/raw/2026/daily/2026-04-11.parquet,False,2026-04-11,2026-04-11T20:10:00Z,NYM,ATH,H,Huascar Brazobán,False,RELIEF_OR_BULK,38,9,8,0,0,2,0,3,0,https://statsapi.mlb.com/api/v1.1/game/823644/feed/live,both,True,P,Pitcher,BULLPEN_PITCHER,True,QA_VALIDATED_CANONICAL_V3
643410,14,8,76,78,288,301,Bot,823644,https://raw.githubusercontent.com/lancebroz/mlb-pitcher-data/main/data/raw/2026/daily/2026-04-11.parquet,False,2026-04-11,2026-04-11T20:10:00Z,ATH,NYM,A,Mark Leiter Jr.,False,RELIEF_OR_BULK,14,3,3,0,0,0,0,3,0,https://statsapi.mlb.com/api/v1.1/game/823644/feed/live,both,True,P,Pitcher,BULLPEN_PITCHER,True,QA_VALIDATED_CANONICAL_V3
665622,10,9,83,85,320,329,Bot,823644,https://raw.githubusercontent.com/lancebroz/mlb-pitcher-data/main/data/raw/2026/daily/2026-04-11.parquet,False,2026-04-11,2026-04-11T20:10:00Z,ATH,NYM,A,Luis Medina,False,RELIEF_OR_BULK,10,3,3,0,0,0,0,1,0,https://statsapi.mlb.com/api/v1.1/game/823644/feed/live,both,True,P,Pitcher,BULLPEN_PITCHER,True,QA_VALIDATED_CANONICAL_V3
669270,7,6,55,58,220,226,Bot,823644,https://raw.githubusercontent.com/lancebroz/mlb-pitcher-data/main/data/raw/2026/daily/2026-04-11.parquet,False,2026-04-11,2026-04-11T20:10:00Z,ATH,NYM,A,Joel Kuhnel,False,RELIEF_OR_BULK,7,4,3,0,0,1,0,0,0,https://statsapi.mlb.com/api/v1.1/game/823644/feed/live,both,True,P,Pitcher,BULLPEN_PITCHER,True,QA_VALIDATED_CANONICAL_V3
673540,72,1,0,24,1,100,Top,823644,https://raw.githubusercontent.com/lancebroz/mlb-pitcher-data/main/data/raw/2026/daily/2026-04-11.parquet,False,2026-04-11,2026-04-11T20:10:00Z,NYM,ATH,H,Kodai Senga,True,STARTER,72,17,7,7,7,8,2,3,2,https://statsapi.mlb.com/api/v1.1/game/823644/feed/live,both,True,P,Pitcher,STARTER/OPENER/BULK,True,QA_VALIDATED_CANONICAL_V3
682052,96,1,4,54,17,219,Bot,823644,https://raw.githubusercontent.com/lancebroz/mlb-pitcher-data/main/data/raw/2026/daily/2026-04-11.parquet,False,2026-04-11,2026-04-11T20:10:00Z,ATH,NYM,A,Jacob Lopez,True,STARTER,96,25,15,5,5,7,3,5,2,https://statsapi.mlb.com/api/v1.1/game/823644/feed/live,both,True,P,Pitcher,STARTER/OPENER/BULK,True,QA_VALIDATED_CANONICAL_V3
686993,24,7,63,68,237,260,Bot,823644,https://raw.githubusercontent.com/lancebroz/mlb-pitcher-data/main/data/raw/2026/daily/2026-04-11.parquet,False,2026-04-11,2026-04-11T20:10:00Z,ATH,NYM,A,Justin Sterner,False,RELIEF_OR_BULK,24,6,3,1,1,2,1,1,1,https://statsapi.mlb.com/api/v1.1/game/823644/feed/live,both,True,P,Pitcher,BULLPEN_PITCHER,True,QA_VALIDATED_CANONICAL_V3
472610,21,8,57,61,229,249,Top,823645,https://raw.githubusercontent.com/lancebroz/mlb-pitcher-data/main/data/raw/2026/daily/2026-04-09.parquet,False,2026-04-09,2026-04-09T23:10:00Z,NYM,AZ,H,Luis García,False,RELIEF_OR_BULK,21,5,1,3,3,3,1,0,0,https://statsapi.mlb.com/api/v1.1/game/823645/feed/live,both,True,P,Pitcher,BULLPEN_PITCHER,True,QA_VALIDATED_CANONICAL_V3
593958,102,1,3,44,13,187,Bot,823645,https://raw.githubusercontent.com/lancebroz/mlb-pitcher-data/main/data/raw/2026/daily/2026-04-09.parquet,False,2026-04-09,2026-04-09T23:10:00Z,AZ,NYM,A,Eduardo Rodriguez,True,STARTER,102,25,18,1,1,5,2,3,1,https://statsapi.mlb.com/api/v1.1/game/823645/feed/live,both,True,P,Pitcher,STARTER/OPENER/BULK,True,QA_VALIDATED_CANONICAL_V3
596133,16,7,48,52,203,218,Top,823645,https://raw.githubusercontent.com/lancebroz/mlb-pitcher-data/main/data/raw/2026/daily/2026-04-09.parquet,False,2026-04-09,2026-04-09T23:10:00Z,NYM,AZ,H,Luke Weaver,False,RELIEF_OR_BULK,16,5,2,2,2,2,0,0,0,https://statsapi.mlb.com/api/v1.1/game/823645/feed/live,both,True,P,Pitcher,BULLPEN_PITCHER,True,QA_VALIDATED_CANONICAL_V3
663992,18,8,62,69,250,280,Top,823645,https://raw.githubusercontent.com/lancebroz/mlb-pitcher-data/main/data/raw/2026/daily/2026-04-09.parquet,False,2026-04-09,2026-04-09T23:10:00Z,NYM,AZ,H,Richard Lovelady,False,RELIEF_OR_BULK,18,5,5,0,0,0,0,1,0,https://statsapi.mlb.com/api/v1.1/game/823645/feed/live,both,True,P,Pitcher,BULLPEN_PITCHER,True,QA_VALIDATED_CANONICAL_V3
664199,10,7,53,56,219,228,Bot,823645,https://raw.githubusercontent.com/lancebroz/mlb-pitcher-data/main/data/raw/2026/daily/2026-04-09.parquet,False,2026-04-09,2026-04-09T23:10:00Z,AZ,NYM,A,Taylor Clarke,False,RELIEF_OR_BULK,10,4,3,0,0,1,0,0,0,https://statsapi.mlb.com/api/v1.1/game/823645/feed/live,both,True,P,Pitcher,BULLPEN_PITCHER,True,QA_VALIDATED_CANONICAL_V3
688497,21,8,64,72,256,288,Bot,823645,https://raw.githubusercontent.com/lancebroz/mlb-pitcher-data/main/data/raw/2026/daily/2026-04-09.parquet,False,2026-04-09,2026-04-09T23:10:00Z,AZ,NYM,A,Taylor Rashi,False,RELIEF_OR_BULK,21,6,6,0,0,0,0,3,0,https://statsapi.mlb.com/api/v1.1/game/823645/feed/live,both,True,P,Pitcher,BULLPEN_PITCHER,True,QA_VALIDATED_CANONICAL_V3
690997,100,1,0,47,1,202,Top,823645,https://raw.githubusercontent.com/lancebroz/mlb-pitcher-data/main/data/raw/2026/daily/2026-04-09.parquet,False,2026-04-09,2026-04-09T23:10:00Z,NYM,AZ,H,Nolan McLean,True,STARTER,100,23,19,2,2,3,2,8,0,https://statsapi.mlb.com/api/v1.1/game/823645/feed/live,both,True,P,Pitcher,STARTER/OPENER/BULK,True,QA_VALIDATED_CANONICAL_V3
640455,70,6,42,74,156,277,Top,823646,https://raw.githubusercontent.com/lancebroz/mlb-pitcher-data/main/data/raw/2026/daily/2026-04-08.parquet,False,2026-04-08,2026-04-08T20:10:00Z,NYM,AZ,H,Sean Manaea,False,RELIEF_OR_BULK,70,18,12,2,2,5,2,2,0,https://statsapi.mlb.com/api/v1.1/game/823646/feed/live,both,True,P,Pitcher,BULLPEN_PITCHER,True,QA_VALIDATED_CANONICAL_V3
656849,85,1,0,37,1,139,Top,823646,https://raw.githubusercontent.com/lancebroz/mlb-pitcher-data/main/data/raw/2026/daily/2026-04-08.parquet,False,2026-04-08,2026-04-08T20:10:00Z,NYM,AZ,H,David Peterson,True,STARTER,85,23,15,5,5,6,2,6,0,https://statsapi.mlb.com/api/v1.1/game/823646/feed/live,both,True,P,Pitcher,STARTER/OPENER/BULK,True,QA_VALIDATED_CANONICAL_V3
657044,3,6,51,51,185,187,Bot,823646,https://raw.githubusercontent.com/lancebroz/mlb-pitcher-data/main/data/raw/2026/daily/2026-04-08.parquet,False,2026-04-08,2026-04-08T20:10:00Z,AZ,NYM,A,Ryan Thompson,False,RELIEF_OR_BULK,3,1,1,0,0,0,0,0,0,https://statsapi.mlb.com/api/v1.1/game/823646/feed/live,both,True,P,Pitcher,BULLPEN_PITCHER,True,QA_VALIDATED_CANONICAL_V3
664199,16,9,75,77,278,293,Bot,823646,https://raw.githubusercontent.com/lancebroz/mlb-pitcher-data/main/data/raw/2026/daily/2026-04-08.parquet,False,2026-04-08,2026-04-08T20:10:00Z,AZ,NYM,A,Taylor Clarke,False,RELIEF_OR_BULK,16,3,3,0,0,1,0,0,0,https://statsapi.mlb.com/api/v1.1/game/823646/feed/live,both,True,P,Pitcher,BULLPEN_PITCHER,True,QA_VALIDATED_CANONICAL_V3
669194,86,1,5,50,18,184,Bot,823646,https://raw.githubusercontent.com/lancebroz/mlb-pitcher-data/main/data/raw/2026/daily/2026-04-08.parquet,False,2026-04-08,2026-04-08T20:10:00Z,AZ,NYM,A,Ryne Nelson,True,STARTER,86,24,17,1,1,5,0,5,0,https://statsapi.mlb.com/api/v1.1/game/823646/feed/live,both,True,P,Pitcher,STARTER/OPENER/BULK,True,QA_VALIDATED_CANONICAL_V3
694851,33,7,56,71,211,268,Bot,823646,https://raw.githubusercontent.com/lancebroz/mlb-pitcher-data/main/data/raw/2026/daily/2026-04-08.parquet,False,2026-04-08,2026-04-08T20:10:00Z,AZ,NYM,A,Andrew Hoffmann,False,RELIEF_OR_BULK,33,9,6,1,0,1,1,2,0,https://statsapi.mlb.com/api/v1.1/game/823646/feed/live,both,True,P,Pitcher,BULLPEN_PITCHER,True,QA_VALIDATED_CANONICAL_V3
596133,22,9,67,71,268,289,Top,823647,https://raw.githubusercontent.com/lancebroz/mlb-pitcher-data/main/data/raw/2026/daily/2026-03-29.parquet,False,2026-03-29,2026-03-29T17:40:00Z,NYM,PIT,H,Luke Weaver,False,RELIEF_OR_BULK,22,5,3,0,0,0,2,1,0,https://statsapi.mlb.com/api/v1.1/game/823647/feed/live,both,True,P,Pitcher,BULLPEN_PITCHER,True,QA_VALIDATED_CANONICAL_V3
623211,14,6,44,51,178,205,Top,823647,https://raw.githubusercontent.com/lancebroz/mlb-pitcher-data/main/data/raw/2026/daily/2026-03-29.parquet,False,2026-03-29,2026-03-29T17:40:00Z,NYM,PIT,H,Huascar Brazobán,False,RELIEF_OR_BULK,14,5,5,0,0,0,0,0,0,https://statsapi.mlb.com/api/v1.1/game/823647/feed/live,both,True,P,Pitcher,BULLPEN_PITCHER,True,QA_VALIDATED_CANONICAL_V3
640455,29,7,52,63,206,254,Top,823647,https://raw.githubusercontent.com/lancebroz/mlb-pitcher-data/main/data/raw/2026/daily/2026-03-29.parquet,False,2026-03-29,2026-03-29T17:40:00Z,NYM,PIT,H,Sean Manaea,False,RELIEF_OR_BULK,29,7,4,0,0,1,2,2,0,https://statsapi.mlb.com/api/v1.1/game/823647/feed/live,both,True,P,Pitcher,BULLPEN_PITCHER,True,QA_VALIDATED_CANONICAL_V3
642701,13,9,72,74,290,302,Bot,823647,https://raw.githubusercontent.com/lancebroz/mlb-pitcher-data/main/data/raw/2026/daily/2026-03-29.parquet,False,2026-03-29,2026-03-29T17:40:00Z,PIT,NYM,A,Dennis Santana,False,RELIEF_OR_BULK,13,3,3,0,0,0,0,1,0,https://statsapi.mlb.com/api/v1.1/game/823647/feed/live,both,True,P,Pitcher,BULLPEN_PITCHER,True,QA_VALIDATED_CANONICAL_V3
663992,26,10,75,80,303,328,Top,823647,https://raw.githubusercontent.com/lancebroz/mlb-pitcher-data/main/data/raw/2026/daily/2026-03-29.parquet,False,2026-03-29,2026-03-29T17:40:00Z,NYM,PIT,H,Richard Lovelady,False,RELIEF_OR_BULK,26,6,3,2,1,2,2,1,0,https://statsapi.mlb.com/api/v1.1/game/823647/feed/live,both,True,P,Pitcher,BULLPEN_PITCHER,True,QA_VALIDATED_CANONICAL_V3
664353,11,10,81,84,329,339,Bot,823647,https://raw.githubusercontent.com/lancebroz/mlb-pitcher-data/main/data/raw/2026/daily/2026-03-29.parquet,False,2026-03-29,2026-03-29T17:40:00Z,PIT,NYM,A,José Urquidy,False,RELIEF_OR_BULK,11,4,3,1,0,1,1,0,0,https://statsapi.mlb.com/api/v1.1/game/823647/feed/live,both,True,P,Pitcher,BULLPEN_PITCHER,True,QA_VALIDATED_CANONICAL_V3
669387,85,1,6,41,25,169,Bot,823647,https://raw.githubusercontent.com/lancebroz/mlb-pitcher-data/main/data/raw/2026/daily/2026-03-29.parquet,False,2026-03-29,2026-03-29T17:40:00Z,PIT,NYM,A,Carmen Mlodzinski,True,STARTER,85,20,13,2,2,6,0,8,0,https://statsapi.mlb.com/api/v1.1/game/823647/feed/live,both,True,P,Pitcher,STARTER/OPENER/BULK,True,QA_VALIDATED_CANONICAL_V3
670990,22,5,42,49,170,196,Bot,823647,https://raw.githubusercontent.com/lancebroz/mlb-pitcher-data/main/data/raw/2026/daily/2026-03-29.parquet,False,2026-03-29,2026-03-29T17:40:00Z,PIT,NYM,A,Yohan Ramírez,False,RELIEF_OR_BULK,22,5,5,0,0,0,1,2,0,https://statsapi.mlb.com/api/v1.1/game/823647/feed/live,both,True,P,Pitcher,BULLPEN_PITCHER,True,QA_VALIDATED_CANONICAL_V3
676755,13,8,64,66,255,267,Bot,823647,https://raw.githubusercontent.com/lancebroz/mlb-pitcher-data/main/data/raw/2026/daily/2026-03-29.parquet,False,2026-03-29,2026-03-29T17:40:00Z,PIT,NYM,A,Isaac Mattson,False,RELIEF_OR_BULK,13,3,3,0,0,0,0,2,0,https://statsapi.mlb.com/api/v1.1/game/823647/feed/live,both,True,P,Pitcher,BULLPEN_PITCHER,True,QA_VALIDATED_CANONICAL_V3
682254,20,7,54,58,214,233,Bot,823647,https://raw.githubusercontent.com/lancebroz/mlb-pitcher-data/main/data/raw/2026/daily/2026-03-29.parquet,False,2026-03-29,2026-03-29T17:40:00Z,PIT,NYM,A,Mason Montgomery,False,RELIEF_OR_BULK,20,5,3,0,0,2,0,3,0,https://statsapi.mlb.com/api/v1.1/game/823647/feed/live,both,True,P,Pitcher,BULLPEN_PITCHER,True,QA_VALIDATED_CANONICAL_V3
690997,84,1,0,38,1,160,Top,823647,https://raw.githubusercontent.com/lancebroz/mlb-pitcher-data/main/data/raw/2026/daily/2026-03-29.parquet,False,2026-03-29,2026-03-29T17:40:00Z,NYM,PIT,H,Nolan McLean,True,STARTER,84,22,15,2,2,4,2,8,1,https://statsapi.mlb.com/api/v1.1/game/823647/feed/live,both,True,P,Pitcher,STARTER/OPENER/BULK,True,QA_VALIDATED_CANONICAL_V3
472610,23,6,48,57,211,241,Top,823648,https://raw.githubusercontent.com/lancebroz/mlb-pitcher-data/main/data/raw/2026/daily/2026-04-07.parquet,False,2026-04-07,2026-04-07T20:10:00Z,NYM,AZ,H,Luis García,False,RELIEF_OR_BULK,23,7,6,0,0,1,0,0,0,https://statsapi.mlb.com/api/v1.1/game/823648/feed/live,both,True,P,Pitcher,BULLPEN_PITCHER,True,QA_VALIDATED_CANONICAL_V3
548384,20,8,61,64,252,271,Top,823648,https://raw.githubusercontent.com/lancebroz/mlb-pitcher-data/main/data/raw/2026/daily/2026-04-07.parquet,False,2026-04-07,2026-04-07T20:10:00Z,NYM,AZ,H,Brooks Raley,False,RELIEF_OR_BULK,20,4,3,0,0,1,0,2,0,https://statsapi.mlb.com/api/v1.1/game/823648/feed/live,both,True,P,Pitcher,BULLPEN_PITCHER,True,QA_VALIDATED_CANONICAL_V3
596133,13,10,78,80,321,333,Top,823648,https://raw.githubusercontent.com/lancebroz/mlb-pitcher-data/main/data/raw/2026/daily/2026-04-07.parquet,False,2026-04-07,2026-04-07T20:10:00Z,NYM,AZ,H,Luke Weaver,False,RELIEF_OR_BULK,13,3,3,0,0,0,0,1,0,https://statsapi.mlb.com/api/v1.1/game/823648/feed/live,both,True,P,Pitcher,BULLPEN_PITCHER,True,QA_VALIDATED_CANONICAL_V3
623149,6,10,81,82,334,339,Bot,823648,https://raw.githubusercontent.com/lancebroz/mlb-pitcher-data/main/data/raw/2026/daily/2026-04-07.parquet,False,2026-04-07,2026-04-07T20:10:00Z,AZ,NYM,A,Paul Sewald,False,RELIEF_OR_BULK,6,2,1,1,0,1,0,0,0,https://statsapi.mlb.com/api/v1.1/game/823648/feed/live,both,True,P,Pitcher,BULLPEN_PITCHER,True,QA_VALIDATED_CANONICAL_V3
623211,14,5,41,43,173,186,Top,823648,https://raw.githubusercontent.com/lancebroz/mlb-pitcher-data/main/data/raw/2026/daily/2026-04-07.parquet,False,2026-04-07,2026-04-07T20:10:00Z,NYM,AZ,H,Huascar Brazobán,False,RELIEF_OR_BULK,14,3,1,0,0,2,0,0,0,https://statsapi.mlb.com/api/v1.1/game/823648/feed/live,both,True,P,Pitcher,BULLPEN_PITCHER,True,QA_VALIDATED_CANONICAL_V3
642207,16,9,70,74,293,308,Top,823648,https://raw.githubusercontent.com/lancebroz/mlb-pitcher-data/main/data/raw/2026/daily/2026-04-07.parquet,False,2026-04-07,2026-04-07T20:10:00Z,NYM,AZ,H,Devin Williams,False,RELIEF_OR_BULK,16,5,3,0,0,2,0,2,0,https://statsapi.mlb.com/api/v1.1/game/823648/feed/live,both,True,P,Pitcher,BULLPEN_PITCHER,True,QA_VALIDATED_CANONICAL_V3
642528,21,8,65,69,272,292,Bot,823648,https://raw.githubusercontent.com/lancebroz/mlb-pitcher-data/main/data/raw/2026/daily/2026-04-07.parquet,False,2026-04-07,2026-04-07T20:10:00Z,AZ,NYM,A,Jonathan Loáisiga,False,RELIEF_OR_BULK,21,5,3,1,1,2,0,1,0,https://statsapi.mlb.com/api/v1.1/game/823648/feed/live,both,True,P,Pitcher,BULLPEN_PITCHER,True,QA_VALIDATED_CANONICAL_V3
642547,101,1,0,40,1,172,Top,823648,https://raw.githubusercontent.com/lancebroz/mlb-pitcher-data/main/data/raw/2026/daily/2026-04-07.parquet,False,2026-04-07,2026-04-07T20:10:00Z,NYM,AZ,H,Freddy Peralta,True,STARTER,101,22,14,3,3,3,3,5,0,https://statsapi.mlb.com/api/v1.1/game/823648/feed/live,both,True,P,Pitcher,STARTER/OPENER/BULK,True,QA_VALIDATED_CANONICAL_V3
656464,12,9,75,77,309,320,Bot,823648,https://raw.githubusercontent.com/lancebroz/mlb-pitcher-data/main/data/raw/2026/daily/2026-04-07.parquet,False,2026-04-07,2026-04-07T20:10:00Z,AZ,NYM,A,Kevin Ginkel,False,RELIEF_OR_BULK,12,3,3,0,0,0,0,1,0,https://statsapi.mlb.com/api/v1.1/game/823648/feed/live,both,True,P,Pitcher,BULLPEN_PITCHER,True,QA_VALIDATED_CANONICAL_V3
657044,8,6,51,53,219,226,Bot,823648,https://raw.githubusercontent.com/lancebroz/mlb-pitcher-data/main/data/raw/2026/daily/2026-04-07.parquet,False,2026-04-07,2026-04-07T20:10:00Z,AZ,NYM,A,Ryan Thompson,False,RELIEF_OR_BULK,8,3,3,0,0,0,0,0,0,https://statsapi.mlb.com/api/v1.1/game/823648/feed/live,both,True,P,Pitcher,BULLPEN_PITCHER,True,QA_VALIDATED_CANONICAL_V3
666661,10,7,58,60,242,251,Bot,823648,https://raw.githubusercontent.com/lancebroz/mlb-pitcher-data/main/data/raw/2026/daily/2026-04-07.parquet,False,2026-04-07,2026-04-07T20:10:00Z,AZ,NYM,A,Juan Morillo,False,RELIEF_OR_BULK,10,3,3,0,0,0,0,0,0,https://statsapi.mlb.com/api/v1.1/game/823648/feed/live,both,True,P,Pitcher,BULLPEN_PITCHER,True,QA_VALIDATED_CANONICAL_V3
668678,95,1,5,47,23,210,Bot,823648,https://raw.githubusercontent.com/lancebroz/mlb-pitcher-data/main/data/raw/2026/daily/2026-04-07.parquet,False,2026-04-07,2026-04-07T20:10:00Z,AZ,NYM,A,Zac Gallen,True,STARTER,95,23,15,2,1,5,4,5,0,https://statsapi.mlb.com/api/v1.1/game/823648/feed/live,both,True,P,Pitcher,STARTER/OPENER/BULK,True,QA_VALIDATED_CANONICAL_V3
472610,20,9,76,81,312,331,Top,823649,https://raw.githubusercontent.com/lancebroz/mlb-pitcher-data/main/data/raw/2026/daily/2026-03-26.parquet,False,2026-03-26,2026-03-26T17:15:00Z,NYM,PIT,H,Luis García,False,RELIEF_OR_BULK,20,6,3,2,2,3,0,2,0,https://statsapi.mlb.com/api/v1.1/game/823649/feed/live,both,True,P,Pitcher,BULLPEN_PITCHER,True,QA_VALIDATED_CANONICAL_V3
642397,8,7,66,68,271,278,Bot,823649,https://raw.githubusercontent.com/lancebroz/mlb-pitcher-data/main/data/raw/2026/daily/2026-03-26.parquet,False,2026-03-26,2026-03-26T17:15:00Z,PIT,NYM,A,Gregory Soto,False,RELIEF_OR_BULK,8,3,3,0,0,0,0,2,0,https://statsapi.mlb.com/api/v1.1/game/823649/feed/live,both,True,P,Pitcher,BULLPEN_PITCHER,True,QA_VALIDATED_CANONICAL_V3
642547,80,1,0,44,1,185,Top,823649,https://raw.githubusercontent.com/lancebroz/mlb-pitcher-data/main/data/raw/2026/daily/2026-03-26.parquet,False,2026-03-26,2026-03-26T17:15:00Z,NYM,PIT,H,Freddy Peralta,True,STARTER,80,21,15,4,4,6,0,7,2,https://statsapi.mlb.com/api/v1.1/game/823649/feed/live,both,True,P,Pitcher,STARTER/OPENER/BULK,True,QA_VALIDATED_CANONICAL_V3
642701,18,8,72,75,294,311,Bot,823649,https://raw.githubusercontent.com/lancebroz/mlb-pitcher-data/main/data/raw/2026/daily/2026-03-26.parquet,False,2026-03-26,2026-03-26T17:15:00Z,PIT,NYM,A,Dennis Santana,False,RELIEF_OR_BULK,18,4,3,0,0,0,1,1,0,https://statsapi.mlb.com/api/v1.1/game/823649/feed/live,both,True,P,Pitcher,BULLPEN_PITCHER,True,QA_VALIDATED_CANONICAL_V3
664875,14,6,58,62,249,262,Bot,823649,https://raw.githubusercontent.com/lancebroz/mlb-pitcher-data/main/data/raw/2026/daily/2026-03-26.parquet,False,2026-03-26,2026-03-26T17:15:00Z,PIT,NYM,A,Justin Lawrence,False,RELIEF_OR_BULK,14,5,3,2,2,2,0,0,2,https://statsapi.mlb.com/api/v1.1/game/823649/feed/live,both,True,P,Pitcher,BULLPEN_PITCHER,True,QA_VALIDATED_CANONICAL_V3
668964,39,6,54,71,233,293,Top,823649,https://raw.githubusercontent.com/lancebroz/mlb-pitcher-data/main/data/raw/2026/daily/2026-03-26.parquet,False,2026-03-26,2026-03-26T17:15:00Z,NYM,PIT,H,Tobias Myers,False,RELIEF_OR_BULK,39,10,9,1,1,1,0,1,1,https://statsapi.mlb.com/api/v1.1/game/823649/feed/live,both,True,P,Pitcher,BULLPEN_PITCHER,True,QA_VALIDATED_CANONICAL_V3
670990,37,1,14,30,57,123,Bot,823649,https://raw.githubusercontent.com/lancebroz/mlb-pitcher-data/main/data/raw/2026/daily/2026-03-26.parquet,False,2026-03-26,2026-03-26T17:15:00Z,PIT,NYM,A,Yohan Ramírez,False,RELIEF_OR_BULK,37,9,7,0,0,1,1,3,0,https://statsapi.mlb.com/api/v1.1/game/823649/feed/live,both,True,P,Pitcher,BULLPEN_PITCHER,True,QA_VALIDATED_CANONICAL_V3
676755,36,5,47,53,197,232,Bot,823649,https://raw.githubusercontent.com/lancebroz/mlb-pitcher-data/main/data/raw/2026/daily/2026-03-26.parquet,False,2026-03-26,2026-03-26T17:15:00Z,PIT,NYM,A,Isaac Mattson,False,RELIEF_OR_BULK,36,7,2,2,2,3,2,1,0,https://statsapi.mlb.com/api/v1.1/game/823649/feed/live,both,True,P,Pitcher,BULLPEN_PITCHER,True,QA_VALIDATED_CANONICAL_V3
682254,42,4,34,46,133,196,Bot,823649,https://raw.githubusercontent.com/lancebroz/mlb-pitcher-data/main/data/raw/2026/daily/2026-03-26.parquet,False,2026-03-26,2026-03-26T17:15:00Z,PIT,NYM,A,Mason Montgomery,False,RELIEF_OR_BULK,42,8,4,2,2,1,3,2,0,https://statsapi.mlb.com/api/v1.1/game/823649/feed/live,both,True,P,Pitcher,BULLPEN_PITCHER,True,QA_VALIDATED_CANONICAL_V3
694973,37,1,5,13,20,56,Bot,823649,https://raw.githubusercontent.com/lancebroz/mlb-pitcher-data/main/data/raw/2026/daily/2026-03-26.parquet,False,2026-03-26,2026-03-26T17:15:00Z,PIT,NYM,A,Paul Skenes,True,STARTER,37,9,2,5,5,4,2,1,0,https://statsapi.mlb.com/api/v1.1/game/823649/feed/live,both,True,P,Pitcher,STARTER/OPENER/BULK,True,QA_VALIDATED_CANONICAL_V3
472610,19,10,72,77,272,290,Top,823651,https://raw.githubusercontent.com/lancebroz/mlb-pitcher-data/main/data/raw/2026/daily/2026-03-28.parquet,False,2026-03-28,2026-03-28T20:10:00Z,NYM,PIT,H,Luis García,False,RELIEF_OR_BULK,19,6,3,1,0,2,1,0,0,https://statsapi.mlb.com/api/v1.1/game/823651/feed/live,both,True,P,Pitcher,BULLPEN_PITCHER,True,QA_VALIDATED_CANONICAL_V3
548384,11,8,57,59,204,214,Top,823651,https://raw.githubusercontent.com/lancebroz/mlb-pitcher-data/main/data/raw/2026/daily/2026-03-28.parquet,False,2026-03-28,2026-03-28T20:10:00Z,NYM,PIT,H,Brooks Raley,False,RELIEF_OR_BULK,11,3,3,0,0,0,0,2,0,https://statsapi.mlb.com/api/v1.1/game/823651/feed/live,both,True,P,Pitcher,BULLPEN_PITCHER,True,QA_VALIDATED_CANONICAL_V3
596133,16,7,48,51,158,173,Top,823651,https://raw.githubusercontent.com/lancebroz/mlb-pitcher-data/main/data/raw/2026/daily/2026-03-28.parquet,False,2026-03-28,2026-03-28T20:10:00Z,NYM,PIT,H,Luke Weaver,False,RELIEF_OR_BULK,16,4,3,0,0,1,0,0,0,https://statsapi.mlb.com/api/v1.1/game/823651/feed/live,both,True,P,Pitcher,BULLPEN_PITCHER,True,QA_VALIDATED_CANONICAL_V3
623211,4,6,42,43,143,146,Top,823651,https://raw.githubusercontent.com/lancebroz/mlb-pitcher-data/main/data/raw/2026/daily/2026-03-28.parquet,False,2026-03-28,2026-03-28T20:10:00Z,NYM,PIT,H,Huascar Brazobán,False,RELIEF_OR_BULK,4,2,2,0,0,0,0,1,0,https://statsapi.mlb.com/api/v1.1/game/823651/feed/live,both,True,P,Pitcher,BULLPEN_PITCHER,True,QA_VALIDATED_CANONICAL_V3
642207,19,9,64,68,235,253,Top,823651,https://raw.githubusercontent.com/lancebroz/mlb-pitcher-data/main/data/raw/2026/daily/2026-03-28.parquet,False,2026-03-28,2026-03-28T20:10:00Z,NYM,PIT,H,Devin Williams,False,RELIEF_OR_BULK,19,5,3,0,0,1,1,2,0,https://statsapi.mlb.com/api/v1.1/game/823651/feed/live,both,True,P,Pitcher,BULLPEN_PITCHER,True,QA_VALIDATED_CANONICAL_V3
642397,27,7,56,63,197,234,Bot,823651,https://raw.githubusercontent.com/lancebroz/mlb-pitcher-data/main/data/raw/2026/daily/2026-03-28.parquet,False,2026-03-28,2026-03-28T20:10:00Z,PIT,NYM,A,Gregory Soto,False,RELIEF_OR_BULK,27,5,4,0,0,0,1,3,0,https://statsapi.mlb.com/api/v1.1/game/823651/feed/live,both,True,P,Pitcher,BULLPEN_PITCHER,True,QA_VALIDATED_CANONICAL_V3
642701,18,9,69,71,254,271,Bot,823651,https://raw.githubusercontent.com/lancebroz/mlb-pitcher-data/main/data/raw/2026/daily/2026-03-28.parquet,False,2026-03-28,2026-03-28T20:10:00Z,PIT,NYM,A,Dennis Santana,False,RELIEF_OR_BULK,18,3,3,0,0,0,1,0,0,https://statsapi.mlb.com/api/v1.1/game/823651/feed/live,both,True,P,Pitcher,BULLPEN_PITCHER,True,QA_VALIDATED_CANONICAL_V3
656605,77,1,3,47,9,157,Bot,823651,https://raw.githubusercontent.com/lancebroz/mlb-pitcher-data/main/data/raw/2026/daily/2026-03-28.parquet,False,2026-03-28,2026-03-28T20:10:00Z,PIT,NYM,A,Mitch Keller,True,STARTER,77,21,18,0,0,3,0,3,0,https://statsapi.mlb.com/api/v1.1/game/823651/feed/live,both,True,P,Pitcher,STARTER/OPENER/BULK,True,QA_VALIDATED_CANONICAL_V3
656849,76,1,0,41,1,142,Top,823651,https://raw.githubusercontent.com/lancebroz/mlb-pitcher-data/main/data/raw/2026/daily/2026-03-28.parquet,False,2026-03-28,2026-03-28T20:10:00Z,NYM,PIT,H,David Peterson,True,STARTER,76,25,16,0,0,6,2,3,0,https://statsapi.mlb.com/api/v1.1/game/823651/feed/live,both,True,P,Pitcher,STARTER/OPENER/BULK,True,QA_VALIDATED_CANONICAL_V3
663992,21,11,84,88,307,327,Top,823651,https://raw.githubusercontent.com/lancebroz/mlb-pitcher-data/main/data/raw/2026/daily/2026-03-28.parquet,False,2026-03-28,2026-03-28T20:10:00Z,NYM,PIT,H,Richard Lovelady,False,RELIEF_OR_BULK,21,5,3,1,0,2,0,1,0,https://statsapi.mlb.com/api/v1.1/game/823651/feed/live,both,True,P,Pitcher,BULLPEN_PITCHER,True,QA_VALIDATED_CANONICAL_V3
664875,23,7,52,55,174,196,Bot,823651,https://raw.githubusercontent.com/lancebroz/mlb-pitcher-data/main/data/raw/2026/daily/2026-03-28.parquet,False,2026-03-28,2026-03-28T20:10:00Z,PIT,NYM,A,Justin Lawrence,False,RELIEF_OR_BULK,23,4,2,0,0,0,2,2,0,https://statsapi.mlb.com/api/v1.1/game/823651/feed/live,both,True,P,Pitcher,BULLPEN_PITCHER,True,QA_VALIDATED_CANONICAL_V3
682995,24,10,78,90,291,335,Bot,823651,https://raw.githubusercontent.com/lancebroz/mlb-pitcher-data/main/data/raw/2026/daily/2026-03-28.parquet,False,2026-03-28,2026-03-28T20:10:00Z,PIT,NYM,A,Hunter Barco,False,RELIEF_OR_BULK,24,8,3,4,2,3,1,0,1,https://statsapi.mlb.com/api/v1.1/game/823651/feed/live,both,True,P,Pitcher,BULLPEN_PITCHER,True,QA_VALIDATED_CANONICAL_V3
656427,89,1,5,47,22,191,Bot,823724,https://raw.githubusercontent.com/lancebroz/mlb-pitcher-data/main/data/raw/2026/daily/2026-04-09.parquet,False,2026-04-09,2026-04-09T17:40:00Z,DET,MIN,A,Jack Flaherty,True,STARTER,89,23,17,1,1,5,3,6,1,https://statsapi.mlb.com/api/v1.1/game/823724/feed/live,both,True,P,Pitcher,STARTER/OPENER/BULK,True,QA_VALIDATED_CANONICAL_V3
663947,24,6,48,58,192,238,Bot,823724,https://raw.githubusercontent.com/lancebroz/mlb-pitcher-data/main/data/raw/2026/daily/2026-04-09.parquet,False,2026-04-09,2026-04-09T17:40:00Z,DET,MIN,A,Tyler Holton,False,RELIEF_OR_BULK,24,6,4,0,0,1,1,2,0,https://statsapi.mlb.com/api/v1.1/game/823724/feed/live,both,True,P,Pitcher,BULLPEN_PITCHER,True,QA_VALIDATED_CANONICAL_V3
670183,35,7,49,61,193,250,Top,823724,https://raw.githubusercontent.com/lancebroz/mlb-pitcher-data/main/data/raw/2026/daily/2026-04-09.parquet,False,2026-04-09,2026-04-09T17:40:00Z,MIN,DET,H,Garrett Acton,False,RELIEF_OR_BULK,35,8,6,1,1,1,0,2,0,https://statsapi.mlb.com/api/v1.1/game/823724/feed/live,both,True,P,Pitcher,BULLPEN_PITCHER,True,QA_VALIDATED_CANONICAL_V3
676428,1,8,68,68,285,285,Bot,823724,https://raw.githubusercontent.com/lancebroz/mlb-pitcher-data/main/data/raw/2026/daily/2026-04-09.parquet,False,2026-04-09,2026-04-09T17:40:00Z,DET,MIN,A,Brant Hurter,False,RELIEF_OR_BULK,1,1,1,0,0,0,0,0,0,https://statsapi.mlb.com/api/v1.1/game/823724/feed/live,both,True,P,Pitcher,BULLPEN_PITCHER,True,QA_VALIDATED_CANONICAL_V3
676684,34,8,62,67,251,284,Bot,823724,https://raw.githubusercontent.com/lancebroz/mlb-pitcher-data/main/data/raw/2026/daily/2026-04-09.parquet,False,2026-04-09,2026-04-09T17:40:00Z,DET,MIN,A,Will Vest,False,RELIEF_OR_BULK,34,6,2,2,2,3,1,1,0,https://statsapi.mlb.com/api/v1.1/game/823724/feed/live,both,True,P,Pitcher,BULLPEN_PITCHER,True,QA_VALIDATED_CANONICAL_V3
679358,14,9,69,71,286,299,Top,823724,https://raw.githubusercontent.com/lancebroz/mlb-pitcher-data/main/data/raw/2026/daily/2026-04-09.parquet,False,2026-04-09,2026-04-09T17:40:00Z,MIN,DET,H,Eric Orze,False,RELIEF_OR_BULK,14,3,3,0,0,0,0,1,0,https://statsapi.mlb.com/api/v1.1/game/823724/feed/live,both,True,P,Pitcher,BULLPEN_PITCHER,True,QA_VALIDATED_CANONICAL_V3
690953,102,1,0,43,1,177,Top,823724,https://raw.githubusercontent.com/lancebroz/mlb-pitcher-data/main/data/raw/2026/daily/2026-04-09.parquet,False,2026-04-09,2026-04-09T17:40:00Z,MIN,DET,H,Mick Abel,True,STARTER,102,25,18,0,0,4,3,6,0,https://statsapi.mlb.com/api/v1.1/game/823724/feed/live,both,True,P,Pitcher,STARTER/OPENER/BULK,True,QA_VALIDATED_CANONICAL_V3
607455,21,7,60,65,218,238,Top,823726,https://raw.githubusercontent.com/lancebroz/mlb-pitcher-data/main/data/raw/2026/daily/2026-04-08.parquet,False,2026-04-08,2026-04-08T23:40:00Z,MIN,DET,H,Anthony Banda,False,RELIEF_OR_BULK,21,6,2,4,4,4,0,1,0,https://statsapi.mlb.com/api/v1.1/game/823726/feed/live,both,True,P,Pitcher,BULLPEN_PITCHER,True,QA_VALIDATED_CANONICAL_V3
623437,10,6,51,52,179,188,Top,823726,https://raw.githubusercontent.com/lancebroz/mlb-pitcher-data/main/data/raw/2026/daily/2026-04-08.parquet,False,2026-04-08,2026-04-08T23:40:00Z,MIN,DET,H,Justin Topa,False,RELIEF_OR_BULK,10,2,1,0,0,1,0,0,0,https://statsapi.mlb.com/api/v1.1/game/823726/feed/live,both,True,P,Pitcher,BULLPEN_PITCHER,True,QA_VALIDATED_CANONICAL_V3
640448,16,7,68,71,248,263,Bot,823726,https://raw.githubusercontent.com/lancebroz/mlb-pitcher-data/main/data/raw/2026/daily/2026-04-08.parquet,False,2026-04-08,2026-04-08T23:40:00Z,DET,MIN,A,Kyle Finnegan,False,RELIEF_OR_BULK,16,4,3,0,0,0,2,0,0,https://statsapi.mlb.com/api/v1.1/game/823726/feed/live,both,True,P,Pitcher,BULLPEN_PITCHER,True,QA_VALIDATED_CANONICAL_V3
641927,99,1,0,50,1,178,Top,823726,https://raw.githubusercontent.com/lancebroz/mlb-pitcher-data/main/data/raw/2026/daily/2026-04-08.parquet,False,2026-04-08,2026-04-08T23:40:00Z,MIN,DET,H,Bailey Ober,True,STARTER,99,24,17,2,2,5,1,2,0,https://statsapi.mlb.com/api/v1.1/game/823726/feed/live,both,True,P,Pitcher,STARTER/OPENER/BULK,True,QA_VALIDATED_CANONICAL_V3
646241,21,6,55,59,197,217,Bot,823726,https://raw.githubusercontent.com/lancebroz/mlb-pitcher-data/main/data/raw/2026/daily/2026-04-08.parquet,False,2026-04-08,2026-04-08T23:40:00Z,DET,MIN,A,Enmanuel De Jesus,False,RELIEF_OR_BULK,21,5,3,0,0,1,2,1,0,https://statsapi.mlb.com/api/v1.1/game/823726/feed/live,both,True,P,Pitcher,BULLPEN_PITCHER,True,QA_VALIDATED_CANONICAL_V3
663485,9,7,66,67,239,247,Top,823726,https://raw.githubusercontent.com/lancebroz/mlb-pitcher-data/main/data/raw/2026/daily/2026-04-08.parquet,False,2026-04-08,2026-04-08T23:40:00Z,MIN,DET,H,Cole Sands,False,RELIEF_OR_BULK,9,2,1,0,0,1,0,1,0,https://statsapi.mlb.com/api/v1.1/game/823726/feed/live,both,True,P,Pitcher,BULLPEN_PITCHER,True,QA_VALIDATED_CANONICAL_V3
664285,87,1,3,54,12,196,Bot,823726,https://raw.githubusercontent.com/lancebroz/mlb-pitcher-data/main/data/raw/2026/daily/2026-04-08.parquet,False,2026-04-08,2026-04-08T23:40:00Z,DET,MIN,A,Framber Valdez,True,STARTER,87,29,15,8,8,10,2,2,0,https://statsapi.mlb.com/api/v1.1/game/823726/feed/live,both,True,P,Pitcher,STARTER/OPENER/BULK,True,QA_VALIDATED_CANONICAL_V3
676684,15,8,77,79,289,303,Bot,823726,https://raw.githubusercontent.com/lancebroz/mlb-pitcher-data/main/data/raw/2026/daily/2026-04-08.parquet,False,2026-04-08,2026-04-08T23:40:00Z,DET,MIN,A,Will Vest,False,RELIEF_OR_BULK,15,3,3,0,0,0,0,1,0,https://statsapi.mlb.com/api/v1.1/game/823726/feed/live,both,True,P,Pitcher,BULLPEN_PITCHER,True,QA_VALIDATED_CANONICAL_V3
681892,20,9,81,84,305,324,Top,823726,https://raw.githubusercontent.com/lancebroz/mlb-pitcher-data/main/data/raw/2026/daily/2026-04-08.parquet,False,2026-04-08,2026-04-08T23:40:00Z,MIN,DET,H,Kody Funderburk,False,RELIEF_OR_BULK,20,4,2,0,0,0,1,0,0,https://statsapi.mlb.com/api/v1.1/game/823726/feed/live,both,True,P,Pitcher,BULLPEN_PITCHER,True,QA_VALIDATED_CANONICAL_V3
689520,26,8,72,80,264,304,Top,823726,https://raw.githubusercontent.com/lancebroz/mlb-pitcher-data/main/data/raw/2026/daily/2026-04-08.parquet,False,2026-04-08,2026-04-08T23:40:00Z,MIN,DET,H,Cody Laweryson,False,RELIEF_OR_BULK,26,6,4,0,0,1,0,2,0,https://statsapi.mlb.com/api/v1.1/game/823726/feed/live,both,True,P,Pitcher,BULLPEN_PITCHER,True,QA_VALIDATED_CANONICAL_V3
573124,12,7,55,61,216,239,Top,823727,https://raw.githubusercontent.com/lancebroz/mlb-pitcher-data/main/data/raw/2026/daily/2026-04-07.parquet,False,2026-04-07,2026-04-07T23:40:00Z,MIN,DET,H,Taylor Rogers,False,RELIEF_OR_BULK,12,4,3,0,0,1,0,2,0,https://statsapi.mlb.com/api/v1.1/game/823727/feed/live,both,True,P,Pitcher,BULLPEN_PITCHER,True,QA_VALIDATED_CANONICAL_V3
623437,14,9,75,77,294,307,Top,823727,https://raw.githubusercontent.com/lancebroz/mlb-pitcher-data/main/data/raw/2026/daily/2026-04-07.parquet,False,2026-04-07,2026-04-07T23:40:00Z,MIN,DET,H,Justin Topa,False,RELIEF_OR_BULK,14,3,2,0,0,0,1,0,0,https://statsapi.mlb.com/api/v1.1/game/823727/feed/live,both,True,P,Pitcher,BULLPEN_PITCHER,True,QA_VALIDATED_CANONICAL_V3
657756,35,7,58,71,222,279,Bot,823727,https://raw.githubusercontent.com/lancebroz/mlb-pitcher-data/main/data/raw/2026/daily/2026-04-07.parquet,False,2026-04-07,2026-04-07T23:40:00Z,DET,MIN,A,Connor Seabold,False,RELIEF_OR_BULK,35,9,6,0,0,2,1,2,0,https://statsapi.mlb.com/api/v1.1/game/823727/feed/live,both,True,P,Pitcher,BULLPEN_PITCHER,True,QA_VALIDATED_CANONICAL_V3
663485,12,8,62,64,240,251,Top,823727,https://raw.githubusercontent.com/lancebroz/mlb-pitcher-data/main/data/raw/2026/daily/2026-04-07.parquet,False,2026-04-07,2026-04-07T23:40:00Z,MIN,DET,H,Cole Sands,False,RELIEF_OR_BULK,12,3,1,0,0,0,2,0,0,https://statsapi.mlb.com/api/v1.1/game/823727/feed/live,both,True,P,Pitcher,BULLPEN_PITCHER,True,QA_VALIDATED_CANONICAL_V3
663947,16,5,44,51,171,202,Bot,823727,https://raw.githubusercontent.com/lancebroz/mlb-pitcher-data/main/data/raw/2026/daily/2026-04-07.parquet,False,2026-04-07,2026-04-07T23:40:00Z,DET,MIN,A,Tyler Holton,False,RELIEF_OR_BULK,16,4,4,0,0,0,0,1,0,https://statsapi.mlb.com/api/v1.1/game/823727/feed/live,both,True,P,Pitcher,BULLPEN_PITCHER,True,QA_VALIDATED_CANONICAL_V3
669373,95,1,4,43,13,170,Bot,823727,https://raw.githubusercontent.com/lancebroz/mlb-pitcher-data/main/data/raw/2026/daily/2026-04-07.parquet,False,2026-04-07,2026-04-07T23:40:00Z,DET,MIN,A,Tarik Skubal,True,STARTER,95,24,14,4,4,8,2,7,0,https://statsapi.mlb.com/api/v1.1/game/823727/feed/live,both,True,P,Pitcher,STARTER/OPENER/BULK,True,QA_VALIDATED_CANONICAL_V3
671737,104,1,0,54,1,215,Top,823727,https://raw.githubusercontent.com/lancebroz/mlb-pitcher-data/main/data/raw/2026/daily/2026-04-07.parquet,False,2026-04-07,2026-04-07T23:40:00Z,MIN,DET,H,Taj Bradley,True,STARTER,104,27,19,1,1,6,0,10,0,https://statsapi.mlb.com/api/v1.1/game/823727/feed/live,both,True,P,Pitcher,STARTER/OPENER/BULK,True,QA_VALIDATED_CANONICAL_V3
679358,19,8,65,74,252,293,Top,823727,https://raw.githubusercontent.com/lancebroz/mlb-pitcher-data/main/data/raw/2026/daily/2026-04-07.parquet,False,2026-04-07,2026-04-07T23:40:00Z,MIN,DET,H,Eric Orze,False,RELIEF_OR_BULK,19,4,2,1,1,2,0,2,0,https://statsapi.mlb.com/api/v1.1/game/823727/feed/live,both,True,P,Pitcher,BULLPEN_PITCHER,True,QA_VALIDATED_CANONICAL_V3
607455,17,6,50,53,207,223,Top,823728,https://raw.githubusercontent.com/lancebroz/mlb-pitcher-data/main/data/raw/2026/daily/2026-04-06.parquet,False,2026-04-06,2026-04-06T23:40:00Z,MIN,DET,H,Anthony Banda,False,RELIEF_OR_BULK,17,4,3,0,0,1,0,1,0,https://statsapi.mlb.com/api/v1.1/game/823728/feed/live,both,True,P,Pitcher,BULLPEN_PITCHER,True,QA_VALIDATED_CANONICAL_V3
623454,49,5,46,71,192,295,Bot,823728,https://raw.githubusercontent.com/lancebroz/mlb-pitcher-data/main/data/raw/2026/daily/2026-04-06.parquet,False,2026-04-06,2026-04-06T23:40:00Z,DET,MIN,A,Drew Anderson,False,RELIEF_OR_BULK,49,13,9,1,1,2,2,4,0,https://statsapi.mlb.com/api/v1.1/game/823728/feed/live,both,True,P,Pitcher,BULLPEN_PITCHER,True,QA_VALIDATED_CANONICAL_V3
657746,101,1,0,43,1,183,Top,823728,https://raw.githubusercontent.com/lancebroz/mlb-pitcher-data/main/data/raw/2026/daily/2026-04-06.parquet,False,2026-04-06,2026-04-06T23:40:00Z,MIN,DET,H,Joe Ryan,True,STARTER,101,22,15,3,2,3,3,7,0,https://statsapi.mlb.com/api/v1.1/game/823728/feed/live,both,True,P,Pitcher,STARTER/OPENER/BULK,True,QA_VALIDATED_CANONICAL_V3
663554,90,1,3,45,12,191,Bot,823728,https://raw.githubusercontent.com/lancebroz/mlb-pitcher-data/main/data/raw/2026/daily/2026-04-06.parquet,False,2026-04-06,2026-04-06T23:40:00Z,DET,MIN,A,Casey Mize,True,STARTER,90,24,13,5,5,7,3,4,1,https://statsapi.mlb.com/api/v1.1/game/823728/feed/live,both,True,P,Pitcher,STARTER/OPENER/BULK,True,QA_VALIDATED_CANONICAL_V3
676428,23,8,72,76,296,318,Bot,823728,https://raw.githubusercontent.com/lancebroz/mlb-pitcher-data/main/data/raw/2026/daily/2026-04-06.parquet,False,2026-04-06,2026-04-06T23:40:00Z,DET,MIN,A,Brant Hurter,False,RELIEF_OR_BULK,23,5,2,1,1,1,2,2,0,https://statsapi.mlb.com/api/v1.1/game/823728/feed/live,both,True,P,Pitcher,BULLPEN_PITCHER,True,QA_VALIDATED_CANONICAL_V3
679358,12,7,57,59,235,246,Top,823728,https://raw.githubusercontent.com/lancebroz/mlb-pitcher-data/main/data/raw/2026/daily/2026-04-06.parquet,False,2026-04-06,2026-04-06T23:40:00Z,MIN,DET,H,Eric Orze,False,RELIEF_OR_BULK,12,3,2,0,0,0,1,1,0,https://statsapi.mlb.com/api/v1.1/game/823728/feed/live,both,True,P,Pitcher,BULLPEN_PITCHER,True,QA_VALIDATED_CANONICAL_V3
681892,20,7,60,67,247,280,Top,823728,https://raw.githubusercontent.com/lancebroz/mlb-pitcher-data/main/data/raw/2026/daily/2026-04-06.parquet,False,2026-04-06,2026-04-06T23:40:00Z,MIN,DET,H,Kody Funderburk,False,RELIEF_OR_BULK,20,4,2,0,0,0,3,0,0,https://statsapi.mlb.com/api/v1.1/game/823728/feed/live,both,True,P,Pitcher,BULLPEN_PITCHER,True,QA_VALIDATED_CANONICAL_V3
689520,14,8,68,79,281,326,Top,823728,https://raw.githubusercontent.com/lancebroz/mlb-pitcher-data/main/data/raw/2026/daily/2026-04-06.parquet,False,2026-04-06,2026-04-06T23:40:00Z,MIN,DET,H,Cody Laweryson,False,RELIEF_OR_BULK,14,5,5,0,0,0,0,2,0,https://statsapi.mlb.com/api/v1.1/game/823728/feed/live,both,True,P,Pitcher,BULLPEN_PITCHER,True,QA_VALIDATED_CANONICAL_V3
573124,18,10,69,72,253,270,Top,823729,https://raw.githubusercontent.com/lancebroz/mlb-pitcher-data/main/data/raw/2026/daily/2026-04-05.parquet,False,2026-04-05,2026-04-05T18:10:00Z,MIN,TB,H,Taylor Rogers,False,RELIEF_OR_BULK,18,4,2,0,0,0,2,0,0,https://statsapi.mlb.com/api/v1.1/game/823729/feed/live,both,True,P,Pitcher,BULLPEN_PITCHER,True,QA_VALIDATED_CANONICAL_V3
607259,81,1,4,41,12,159,Bot,823729,https://raw.githubusercontent.com/lancebroz/mlb-pitcher-data/main/data/raw/2026/daily/2026-04-05.parquet,False,2026-04-05,2026-04-05T18:10:00Z,TB,MIN,A,Nick Martinez,True,STARTER,81,20,18,1,1,1,1,4,1,https://statsapi.mlb.com/api/v1.1/game/823729/feed/live,both,True,P,Pitcher,STARTER/OPENER/BULK,True,QA_VALIDATED_CANONICAL_V3
623437,15,10,65,68,238,252,Top,823729,https://raw.githubusercontent.com/lancebroz/mlb-pitcher-data/main/data/raw/2026/daily/2026-04-05.parquet,False,2026-04-05,2026-04-05T18:10:00Z,MIN,TB,H,Justin Topa,False,RELIEF_OR_BULK,15,4,1,3,2,2,1,0,1,https://statsapi.mlb.com/api/v1.1/game/823729/feed/live,both,True,P,Pitcher,BULLPEN_PITCHER,True,QA_VALIDATED_CANONICAL_V3
641329,14,9,62,64,224,237,Bot,823729,https://raw.githubusercontent.com/lancebroz/mlb-pitcher-data/main/data/raw/2026/daily/2026-04-05.parquet,False,2026-04-05,2026-04-05T18:10:00Z,TB,MIN,A,Bryan Baker,False,RELIEF_OR_BULK,14,3,3,0,0,0,0,2,0,https://statsapi.mlb.com/api/v1.1/game/823729/feed/live,both,True,P,Pitcher,BULLPEN_PITCHER,True,QA_VALIDATED_CANONICAL_V3
643377,30,7,47,58,173,214,Bot,823729,https://raw.githubusercontent.com/lancebroz/mlb-pitcher-data/main/data/raw/2026/daily/2026-04-05.parquet,False,2026-04-05,2026-04-05T18:10:00Z,TB,MIN,A,Griffin Jax,False,RELIEF_OR_BULK,30,8,6,0,0,2,1,0,0,https://statsapi.mlb.com/api/v1.1/game/823729/feed/live,both,True,P,Pitcher,BULLPEN_PITCHER,True,QA_VALIDATED_CANONICAL_V3
663485,21,8,51,61,182,223,Top,823729,https://raw.githubusercontent.com/lancebroz/mlb-pitcher-data/main/data/raw/2026/daily/2026-04-05.parquet,False,2026-04-05,2026-04-05T18:10:00Z,MIN,TB,H,Cole Sands,False,RELIEF_OR_BULK,21,6,6,0,0,1,0,1,0,https://statsapi.mlb.com/api/v1.1/game/823729/feed/live,both,True,P,Pitcher,BULLPEN_PITCHER,True,QA_VALIDATED_CANONICAL_V3
680573,88,1,0,45,1,169,Top,823729,https://raw.githubusercontent.com/lancebroz/mlb-pitcher-data/main/data/raw/2026/daily/2026-04-05.parquet,False,2026-04-05,2026-04-05T18:10:00Z,MIN,TB,H,Simeon Woods Richardson,True,STARTER,88,26,20,1,1,5,2,4,1,https://statsapi.mlb.com/api/v1.1/game/823729/feed/live,both,True,P,Pitcher,STARTER/OPENER/BULK,True,QA_VALIDATED_CANONICAL_V3
681892,3,7,46,46,170,172,Top,823729,https://raw.githubusercontent.com/lancebroz/mlb-pitcher-data/main/data/raw/2026/daily/2026-04-05.parquet,False,2026-04-05,2026-04-05T18:10:00Z,MIN,TB,H,Kody Funderburk,False,RELIEF_OR_BULK,3,1,1,0,0,0,0,0,0,https://statsapi.mlb.com/api/v1.1/game/823729/feed/live,both,True,P,Pitcher,BULLPEN_PITCHER,True,QA_VALIDATED_CANONICAL_V3
687330,19,10,73,75,271,289,Bot,823729,https://raw.githubusercontent.com/lancebroz/mlb-pitcher-data/main/data/raw/2026/daily/2026-04-05.parquet,False,2026-04-05,2026-04-05T18:10:00Z,TB,MIN,A,Kevin Kelly,False,RELIEF_OR_BULK,19,3,3,0,0,0,0,1,0,https://statsapi.mlb.com/api/v1.1/game/823729/feed/live,both,True,P,Pitcher,BULLPEN_PITCHER,True,QA_VALIDATED_CANONICAL_V3
571927,97,1,5,53,28,219,Bot,823730,https://raw.githubusercontent.com/lancebroz/mlb-pitcher-data/main/data/raw/2026/daily/2026-04-04.parquet,False,2026-04-04,2026-04-04T23:10:00Z,TB,MIN,A,Steven Matz,True,STARTER,97,22,18,1,1,2,2,8,0,https://statsapi.mlb.com/api/v1.1/game/823730/feed/live,both,True,P,Pitcher,STARTER/OPENER/BULK,True,QA_VALIDATED_CANONICAL_V3
573124,23,5,38,43,154,176,Top,823730,https://raw.githubusercontent.com/lancebroz/mlb-pitcher-data/main/data/raw/2026/daily/2026-04-04.parquet,False,2026-04-04,2026-04-04T23:10:00Z,MIN,TB,H,Taylor Rogers,False,RELIEF_OR_BULK,23,5,3,2,2,3,0,0,0,https://statsapi.mlb.com/api/v1.1/game/823730/feed/live,both,True,P,Pitcher,BULLPEN_PITCHER,True,QA_VALIDATED_CANONICAL_V3
607455,15,6,47,50,190,204,Top,823730,https://raw.githubusercontent.com/lancebroz/mlb-pitcher-data/main/data/raw/2026/daily/2026-04-04.parquet,False,2026-04-04,2026-04-04T23:10:00Z,MIN,TB,H,Anthony Banda,False,RELIEF_OR_BULK,15,4,3,0,0,0,0,1,0,https://statsapi.mlb.com/api/v1.1/game/823730/feed/live,both,True,P,Pitcher,BULLPEN_PITCHER,True,QA_VALIDATED_CANONICAL_V3
642121,35,7,57,71,234,288,Bot,823730,https://raw.githubusercontent.com/lancebroz/mlb-pitcher-data/main/data/raw/2026/daily/2026-04-04.parquet,False,2026-04-04,2026-04-04T23:10:00Z,TB,MIN,A,Cole Sulser,False,RELIEF_OR_BULK,35,9,6,0,0,1,2,3,0,https://statsapi.mlb.com/api/v1.1/game/823730/feed/live,both,True,P,Pitcher,BULLPEN_PITCHER,True,QA_VALIDATED_CANONICAL_V3
669438,14,9,75,77,298,311,Bot,823730,https://raw.githubusercontent.com/lancebroz/mlb-pitcher-data/main/data/raw/2026/daily/2026-04-04.parquet,False,2026-04-04,2026-04-04T23:10:00Z,TB,MIN,A,Mason Englert,False,RELIEF_OR_BULK,14,3,3,0,0,0,0,1,0,https://statsapi.mlb.com/api/v1.1/game/823730/feed/live,both,True,P,Pitcher,BULLPEN_PITCHER,True,QA_VALIDATED_CANONICAL_V3
687849,34,7,54,66,220,268,Top,823730,https://raw.githubusercontent.com/lancebroz/mlb-pitcher-data/main/data/raw/2026/daily/2026-04-04.parquet,False,2026-04-04,2026-04-04T23:10:00Z,MIN,TB,H,Zak Kent,False,RELIEF_OR_BULK,34,9,6,1,1,1,2,0,0,https://statsapi.mlb.com/api/v1.1/game/823730/feed/live,both,True,P,Pitcher,BULLPEN_PITCHER,True,QA_VALIDATED_CANONICAL_V3
689520,9,9,72,74,289,297,Top,823730,https://raw.githubusercontent.com/lancebroz/mlb-pitcher-data/main/data/raw/2026/daily/2026-04-04.parquet,False,2026-04-04,2026-04-04T23:10:00Z,MIN,TB,H,Cody Laweryson,False,RELIEF_OR_BULK,9,3,3,0,0,0,0,1,0,https://statsapi.mlb.com/api/v1.1/game/823730/feed/live,both,True,P,Pitcher,BULLPEN_PITCHER,True,QA_VALIDATED_CANONICAL_V3
690953,84,1,0,34,1,143,Top,823730,https://raw.githubusercontent.com/lancebroz/mlb-pitcher-data/main/data/raw/2026/daily/2026-04-04.parquet,False,2026-04-04,2026-04-04T23:10:00Z,MIN,TB,H,Mick Abel,True,STARTER,84,22,12,4,4,6,3,3,0,https://statsapi.mlb.com/api/v1.1/game/823730/feed/live,both,True,P,Pitcher,STARTER/OPENER/BULK,True,QA_VALIDATED_CANONICAL_V3
607455,17,8,69,73,302,318,Top,823732,https://raw.githubusercontent.com/lancebroz/mlb-pitcher-data/main/data/raw/2026/daily/2026-04-03.parquet,False,2026-04-03,2026-04-03T20:10:00Z,MIN,TB,H,Anthony Banda,False,RELIEF_OR_BULK,17,5,3,1,1,1,0,0,0,https://statsapi.mlb.com/api/v1.1/game/823732/feed/live,both,True,P,Pitcher,BULLPEN_PITCHER,True,QA_VALIDATED_CANONICAL_V3
623437,17,7,54,57,240,256,Top,823732,https://raw.githubusercontent.com/lancebroz/mlb-pitcher-data/main/data/raw/2026/daily/2026-04-03.parquet,False,2026-04-03,2026-04-03T20:10:00Z,MIN,TB,H,Justin Topa,False,RELIEF_OR_BULK,17,4,2,0,0,2,0,2,0,https://statsapi.mlb.com/api/v1.1/game/823732/feed/live,both,True,P,Pitcher,BULLPEN_PITCHER,True,QA_VALIDATED_CANONICAL_V3
641927,82,1,0,28,1,133,Top,823732,https://raw.githubusercontent.com/lancebroz/mlb-pitcher-data/main/data/raw/2026/daily/2026-04-03.parquet,False,2026-04-03,2026-04-03T20:10:00Z,MIN,TB,H,Bailey Ober,True,STARTER,82,18,12,3,3,4,2,4,0,https://statsapi.mlb.com/api/v1.1/game/823732/feed/live,both,True,P,Pitcher,STARTER/OPENER/BULK,True,QA_VALIDATED_CANONICAL_V3
671212,104,1,6,50,28,223,Bot,823732,https://raw.githubusercontent.com/lancebroz/mlb-pitcher-data/main/data/raw/2026/daily/2026-04-03.parquet,False,2026-04-03,2026-04-03T20:10:00Z,TB,MIN,A,Joe Boyle,True,STARTER,104,25,16,3,2,4,3,9,0,https://statsapi.mlb.com/api/v1.1/game/823732/feed/live,both,True,P,Pitcher,STARTER/OPENER/BULK,True,QA_VALIDATED_CANONICAL_V3
672782,23,7,66,76,292,331,Bot,823732,https://raw.githubusercontent.com/lancebroz/mlb-pitcher-data/main/data/raw/2026/daily/2026-04-03.parquet,False,2026-04-03,2026-04-03T20:10:00Z,TB,MIN,A,Yoendrys Gómez,False,RELIEF_OR_BULK,23,6,5,1,1,1,0,1,1,https://statsapi.mlb.com/api/v1.1/game/823732/feed/live,both,True,P,Pitcher,BULLPEN_PITCHER,True,QA_VALIDATED_CANONICAL_V3
679358,37,5,37,47,164,208,Top,823732,https://raw.githubusercontent.com/lancebroz/mlb-pitcher-data/main/data/raw/2026/daily/2026-04-03.parquet,False,2026-04-03,2026-04-03T20:10:00Z,MIN,TB,H,Eric Orze,False,RELIEF_OR_BULK,37,8,6,0,0,1,1,0,0,https://statsapi.mlb.com/api/v1.1/game/823732/feed/live,both,True,P,Pitcher,BULLPEN_PITCHER,True,QA_VALIDATED_CANONICAL_V3
681892,2,7,58,58,257,258,Top,823732,https://raw.githubusercontent.com/lancebroz/mlb-pitcher-data/main/data/raw/2026/daily/2026-04-03.parquet,False,2026-04-03,2026-04-03T20:10:00Z,MIN,TB,H,Kody Funderburk,False,RELIEF_OR_BULK,2,1,1,0,0,0,0,0,0,https://statsapi.mlb.com/api/v1.1/game/823732/feed/live,both,True,P,Pitcher,BULLPEN_PITCHER,True,QA_VALIDATED_CANONICAL_V3
685801,16,6,51,53,224,239,Bot,823732,https://raw.githubusercontent.com/lancebroz/mlb-pitcher-data/main/data/raw/2026/daily/2026-04-03.parquet,False,2026-04-03,2026-04-03T20:10:00Z,TB,MIN,A,Hunter Bigge,False,RELIEF_OR_BULK,16,3,2,0,0,0,1,1,0,https://statsapi.mlb.com/api/v1.1/game/823732/feed/live,both,True,P,Pitcher,BULLPEN_PITCHER,True,QA_VALIDATED_CANONICAL_V3
687330,33,7,59,65,259,291,Bot,823732,https://raw.githubusercontent.com/lancebroz/mlb-pitcher-data/main/data/raw/2026/daily/2026-04-03.parquet,False,2026-04-03,2026-04-03T20:10:00Z,TB,MIN,A,Kevin Kelly,False,RELIEF_OR_BULK,33,7,1,6,5,2,2,1,0,https://statsapi.mlb.com/api/v1.1/game/823732/feed/live,both,True,P,Pitcher,BULLPEN_PITCHER,True,QA_VALIDATED_CANONICAL_V3
689520,10,9,77,79,332,341,Top,823732,https://raw.githubusercontent.com/lancebroz/mlb-pitcher-data/main/data/raw/2026/daily/2026-04-03.parquet,False,2026-04-03,2026-04-03T20:10:00Z,MIN,TB,H,Cody Laweryson,False,RELIEF_OR_BULK,10,3,3,0,0,0,0,1,0,https://statsapi.mlb.com/api/v1.1/game/823732/feed/live,both,True,P,Pitcher,BULLPEN_PITCHER,True,QA_VALIDATED_CANONICAL_V3
656492,80,1,4,44,21,174,Bot,823805,https://raw.githubusercontent.com/lancebroz/mlb-pitcher-data/main/data/raw/2026/daily/2026-04-11.parquet,False,2026-04-11,2026-04-11T23:10:00Z,WSH,MIL,A,Foster Griffin,True,STARTER,80,20,16,0,0,1,3,1,0,https://statsapi.mlb.com/api/v1.1/game/823805/feed/live,both,True,P,Pitcher,STARTER/OPENER/BULK,True,QA_VALIDATED_CANONICAL_V3
669084,9,9,66,67,260,268,Top,823805,https://raw.githubusercontent.com/lancebroz/mlb-pitcher-data/main/data/raw/2026/daily/2026-04-11.parquet,False,2026-04-11,2026-04-11T23:10:00Z,MIL,WSH,H,DL Hall,False,RELIEF_OR_BULK,9,2,1,0,0,0,1,0,0,https://statsapi.mlb.com/api/v1.1/game/823805/feed/live,both,True,P,Pitcher,BULLPEN_PITCHER,True,QA_VALIDATED_CANONICAL_V3
672335,14,8,59,61,226,239,Bot,823805,https://raw.githubusercontent.com/lancebroz/mlb-pitcher-data/main/data/raw/2026/daily/2026-04-11.parquet,False,2026-04-11,2026-04-11T23:10:00Z,WSH,MIL,A,Cionel Pérez,False,RELIEF_OR_BULK,14,3,3,0,0,0,0,1,0,https://statsapi.mlb.com/api/v1.1/game/823805/feed/live,both,True,P,Pitcher,BULLPEN_PITCHER,True,QA_VALIDATED_CANONICAL_V3
681982,8,5,34,35,136,143,Top,823805,https://raw.githubusercontent.com/lancebroz/mlb-pitcher-data/main/data/raw/2026/daily/2026-04-11.parquet,False,2026-04-11,2026-04-11T23:10:00Z,MIL,WSH,H,Grant Anderson,False,RELIEF_OR_BULK,8,2,2,0,0,0,0,1,0,https://statsapi.mlb.com/api/v1.1/game/823805/feed/live,both,True,P,Pitcher,BULLPEN_PITCHER,True,QA_VALIDATED_CANONICAL_V3
687075,65,6,39,65,155,259,Top,823805,https://raw.githubusercontent.com/lancebroz/mlb-pitcher-data/main/data/raw/2026/daily/2026-04-11.parquet,False,2026-04-11,2026-04-11T23:10:00Z,MIL,WSH,H,Brandon Sproat,False,RELIEF_OR_BULK,65,15,11,1,1,4,3,3,0,https://statsapi.mlb.com/api/v1.1/game/823805/feed/live,both,True,P,Pitcher,BULLPEN_PITCHER,True,QA_VALIDATED_CANONICAL_V3
690925,24,9,68,74,269,292,Bot,823805,https://raw.githubusercontent.com/lancebroz/mlb-pitcher-data/main/data/raw/2026/daily/2026-04-11.parquet,False,2026-04-11,2026-04-11T23:10:00Z,WSH,MIL,A,Clayton Beeter,False,RELIEF_OR_BULK,24,7,3,1,1,1,2,2,1,https://statsapi.mlb.com/api/v1.1/game/823805/feed/live,both,True,P,Pitcher,BULLPEN_PITCHER,True,QA_VALIDATED_CANONICAL_V3
690986,76,1,0,33,1,135,Top,823805,https://raw.githubusercontent.com/lancebroz/mlb-pitcher-data/main/data/raw/2026/daily/2026-04-11.parquet,False,2026-04-11,2026-04-11T23:10:00Z,MIL,WSH,H,Kyle Harrison,True,STARTER,76,19,13,2,2,5,1,1,0,https://statsapi.mlb.com/api/v1.1/game/823805/feed/live,both,True,P,Pitcher,STARTER/OPENER/BULK,True,QA_VALIDATED_CANONICAL_V3
695418,16,6,45,54,175,213,Bot,823805,https://raw.githubusercontent.com/lancebroz/mlb-pitcher-data/main/data/raw/2026/daily/2026-04-11.parquet,False,2026-04-11,2026-04-11T23:10:00Z,WSH,MIL,A,Brad Lord,False,RELIEF_OR_BULK,16,6,5,0,0,0,1,3,0,https://statsapi.mlb.com/api/v1.1/game/823805/feed/live,both,True,P,Pitcher,BULLPEN_PITCHER,True,QA_VALIDATED_CANONICAL_V3
643377,20,8,57,61,240,259,Bot,823806,https://raw.githubusercontent.com/lancebroz/mlb-pitcher-data/main/data/raw/2026/daily/2026-04-01.parquet,False,2026-04-01,2026-04-01T17:40:00Z,TB,MIL,A,Griffin Jax,False,RELIEF_OR_BULK,20,5,0,5,3,3,1,0,0,https://statsapi.mlb.com/api/v1.1/game/823806/feed/live,both,True,P,Pitcher,BULLPEN_PITCHER,True,QA_VALIDATED_CANONICAL_V3
656876,89,1,3,41,13,172,Bot,823806,https://raw.githubusercontent.com/lancebroz/mlb-pitcher-data/main/data/raw/2026/daily/2026-04-01.parquet,False,2026-04-01,2026-04-01T17:40:00Z,TB,MIL,A,Drew Rasmussen,True,STARTER,89,20,15,2,1,3,1,8,1,https://statsapi.mlb.com/api/v1.1/game/823806/feed/live,both,True,P,Pitcher,STARTER/OPENER/BULK,True,QA_VALIDATED_CANONICAL_V3
669084,19,9,67,71,273,291,Top,823806,https://raw.githubusercontent.com/lancebroz/mlb-pitcher-data/main/data/raw/2026/daily/2026-04-01.parquet,False,2026-04-01,2026-04-01T17:40:00Z,MIL,TB,H,DL Hall,False,RELIEF_OR_BULK,19,5,3,0,0,1,0,3,0,https://statsapi.mlb.com/api/v1.1/game/823806/feed/live,both,True,P,Pitcher,BULLPEN_PITCHER,True,QA_VALIDATED_CANONICAL_V3
669438,13,8,62,66,260,272,Bot,823806,https://raw.githubusercontent.com/lancebroz/mlb-pitcher-data/main/data/raw/2026/daily/2026-04-01.parquet,False,2026-04-01,2026-04-01T17:40:00Z,TB,MIL,A,Mason Englert,False,RELIEF_OR_BULK,13,5,3,1,1,2,0,0,0,https://statsapi.mlb.com/api/v1.1/game/823806/feed/live,both,True,P,Pitcher,BULLPEN_PITCHER,True,QA_VALIDATED_CANONICAL_V3
676879,9,8,54,56,231,239,Top,823806,https://raw.githubusercontent.com/lancebroz/mlb-pitcher-data/main/data/raw/2026/daily/2026-04-01.parquet,False,2026-04-01,2026-04-01T17:40:00Z,MIL,TB,H,Aaron Ashby,False,RELIEF_OR_BULK,9,3,3,0,0,0,1,0,0,https://statsapi.mlb.com/api/v1.1/game/823806/feed/live,both,True,P,Pitcher,BULLPEN_PITCHER,True,QA_VALIDATED_CANONICAL_V3
681982,15,7,48,50,198,212,Top,823806,https://raw.githubusercontent.com/lancebroz/mlb-pitcher-data/main/data/raw/2026/daily/2026-04-01.parquet,False,2026-04-01,2026-04-01T17:40:00Z,MIL,TB,H,Grant Anderson,False,RELIEF_OR_BULK,15,3,3,0,0,0,0,1,0,https://statsapi.mlb.com/api/v1.1/game/823806/feed/live,both,True,P,Pitcher,BULLPEN_PITCHER,True,QA_VALIDATED_CANONICAL_V3
693855,32,6,45,53,184,230,Bot,823806,https://raw.githubusercontent.com/lancebroz/mlb-pitcher-data/main/data/raw/2026/daily/2026-04-01.parquet,False,2026-04-01,2026-04-01T17:40:00Z,TB,MIL,A,Ian Seymour,False,RELIEF_OR_BULK,32,6,6,0,0,1,0,2,0,https://statsapi.mlb.com/api/v1.1/game/823806/feed/live,both,True,P,Pitcher,BULLPEN_PITCHER,True,QA_VALIDATED_CANONICAL_V3
694819,94,1,0,44,1,183,Top,823806,https://raw.githubusercontent.com/lancebroz/mlb-pitcher-data/main/data/raw/2026/daily/2026-04-01.parquet,False,2026-04-01,2026-04-01T17:40:00Z,MIL,TB,H,Jacob Misiorowski,True,STARTER,94,25,18,2,2,4,2,7,1,https://statsapi.mlb.com/api/v1.1/game/823806/feed/live,both,True,P,Pitcher,STARTER/OPENER/BULK,True,QA_VALIDATED_CANONICAL_V3
605540,67,1,0,31,1,118,Top,823807,https://raw.githubusercontent.com/lancebroz/mlb-pitcher-data/main/data/raw/2026/daily/2026-03-31.parquet,False,2026-03-31,2026-03-31T23:40:00Z,MIL,TB,H,Brandon Woodruff,True,STARTER,67,19,15,2,2,4,0,6,2,https://statsapi.mlb.com/api/v1.1/game/823807/feed/live,both,True,P,Pitcher,STARTER/OPENER/BULK,True,QA_VALIDATED_CANONICAL_V3
642121,31,5,38,49,147,193,Bot,823807,https://raw.githubusercontent.com/lancebroz/mlb-pitcher-data/main/data/raw/2026/daily/2026-03-31.parquet,False,2026-03-31,2026-03-31T23:40:00Z,TB,MIL,A,Cole Sulser,False,RELIEF_OR_BULK,31,8,4,2,2,4,0,0,1,https://statsapi.mlb.com/api/v1.1/game/823807/feed/live,both,True,P,Pitcher,BULLPEN_PITCHER,True,QA_VALIDATED_CANONICAL_V3
657649,16,6,39,42,148,163,Top,823807,https://raw.githubusercontent.com/lancebroz/mlb-pitcher-data/main/data/raw/2026/daily/2026-03-31.parquet,False,2026-03-31,2026-03-31T23:40:00Z,MIL,TB,H,Jared Koenig,False,RELIEF_OR_BULK,16,4,3,0,0,1,0,1,0,https://statsapi.mlb.com/api/v1.1/game/823807/feed/live,both,True,P,Pitcher,BULLPEN_PITCHER,True,QA_VALIDATED_CANONICAL_V3
663556,79,1,4,37,14,146,Bot,823807,https://raw.githubusercontent.com/lancebroz/mlb-pitcher-data/main/data/raw/2026/daily/2026-03-31.parquet,False,2026-03-31,2026-03-31T23:40:00Z,TB,MIL,A,Shane McClanahan,True,STARTER,79,19,14,3,2,2,3,4,0,https://statsapi.mlb.com/api/v1.1/game/823807/feed/live,both,True,P,Pitcher,STARTER/OPENER/BULK,True,QA_VALIDATED_CANONICAL_V3
672582,14,9,68,71,265,278,Top,823807,https://raw.githubusercontent.com/lancebroz/mlb-pitcher-data/main/data/raw/2026/daily/2026-03-31.parquet,False,2026-03-31,2026-03-31T23:40:00Z,MIL,TB,H,Angel Zerpa,False,RELIEF_OR_BULK,14,4,3,0,0,0,1,0,0,https://statsapi.mlb.com/api/v1.1/game/823807/feed/live,both,True,P,Pitcher,BULLPEN_PITCHER,True,QA_VALIDATED_CANONICAL_V3
672782,30,7,54,67,213,264,Bot,823807,https://raw.githubusercontent.com/lancebroz/mlb-pitcher-data/main/data/raw/2026/daily/2026-03-31.parquet,False,2026-03-31,2026-03-31T23:40:00Z,TB,MIL,A,Yoendrys Gómez,False,RELIEF_OR_BULK,30,9,6,1,1,1,2,2,1,https://statsapi.mlb.com/api/v1.1/game/823807/feed/live,both,True,P,Pitcher,BULLPEN_PITCHER,True,QA_VALIDATED_CANONICAL_V3
681982,19,7,50,53,194,212,Top,823807,https://raw.githubusercontent.com/lancebroz/mlb-pitcher-data/main/data/raw/2026/daily/2026-03-31.parquet,False,2026-03-31,2026-03-31T23:40:00Z,MIL,TB,H,Grant Anderson,False,RELIEF_OR_BULK,19,4,3,0,0,1,0,1,0,https://statsapi.mlb.com/api/v1.1/game/823807/feed/live,both,True,P,Pitcher,BULLPEN_PITCHER,True,QA_VALIDATED_CANONICAL_V3
682842,22,8,59,63,231,252,Top,823807,https://raw.githubusercontent.com/lancebroz/mlb-pitcher-data/main/data/raw/2026/daily/2026-03-31.parquet,False,2026-03-31,2026-03-31T23:40:00Z,MIL,TB,H,Abner Uribe,False,RELIEF_OR_BULK,22,5,3,0,0,1,1,0,0,https://statsapi.mlb.com/api/v1.1/game/823807/feed/live,both,True,P,Pitcher,BULLPEN_PITCHER,True,QA_VALIDATED_CANONICAL_V3
656730,9,9,64,68,275,283,Top,823808,https://raw.githubusercontent.com/lancebroz/mlb-pitcher-data/main/data/raw/2026/daily/2026-04-10.parquet,False,2026-04-10,2026-04-10T23:40:00Z,MIL,WSH,H,Trevor Megill,False,RELIEF_OR_BULK,9,5,0,4,4,2,0,0,0,https://statsapi.mlb.com/api/v1.1/game/823808/feed/live,both,True,P,Pitcher,BULLPEN_PITCHER,True,QA_VALIDATED_CANONICAL_V3
663623,100,1,6,39,28,171,Bot,823808,https://raw.githubusercontent.com/lancebroz/mlb-pitcher-data/main/data/raw/2026/daily/2026-04-10.parquet,False,2026-04-10,2026-04-10T23:40:00Z,WSH,MIL,A,Jake Irvin,True,STARTER,100,22,15,3,3,2,5,5,1,https://statsapi.mlb.com/api/v1.1/game/823808/feed/live,both,True,P,Pitcher,STARTER/OPENER/BULK,True,QA_VALIDATED_CANONICAL_V3
668834,7,9,69,71,284,290,Top,823808,https://raw.githubusercontent.com/lancebroz/mlb-pitcher-data/main/data/raw/2026/daily/2026-04-10.parquet,False,2026-04-10,2026-04-10T23:40:00Z,MIL,WSH,H,Easton McGee,False,RELIEF_OR_BULK,7,3,3,0,0,1,0,0,0,https://statsapi.mlb.com/api/v1.1/game/823808/feed/live,both,True,P,Pitcher,BULLPEN_PITCHER,True,QA_VALIDATED_CANONICAL_V3
672335,14,7,54,56,237,250,Bot,823808,https://raw.githubusercontent.com/lancebroz/mlb-pitcher-data/main/data/raw/2026/daily/2026-04-10.parquet,False,2026-04-10,2026-04-10T23:40:00Z,WSH,MIL,A,Cionel Pérez,False,RELIEF_OR_BULK,14,3,3,0,0,1,0,0,0,https://statsapi.mlb.com/api/v1.1/game/823808/feed/live,both,True,P,Pitcher,BULLPEN_PITCHER,True,QA_VALIDATED_CANONICAL_V3
672582,22,6,44,53,195,236,Top,823808,https://raw.githubusercontent.com/lancebroz/mlb-pitcher-data/main/data/raw/2026/daily/2026-04-10.parquet,False,2026-04-10,2026-04-10T23:40:00Z,MIL,WSH,H,Angel Zerpa,False,RELIEF_OR_BULK,22,5,5,1,1,1,1,0,0,https://statsapi.mlb.com/api/v1.1/game/823808/feed/live,both,True,P,Pitcher,BULLPEN_PITCHER,True,QA_VALIDATED_CANONICAL_V3
676571,10,8,61,63,265,274,Bot,823808,https://raw.githubusercontent.com/lancebroz/mlb-pitcher-data/main/data/raw/2026/daily/2026-04-10.parquet,False,2026-04-10,2026-04-10T23:40:00Z,WSH,MIL,A,PJ Poulin,False,RELIEF_OR_BULK,10,3,3,0,0,0,0,0,0,https://statsapi.mlb.com/api/v1.1/game/823808/feed/live,both,True,P,Pitcher,BULLPEN_PITCHER,True,QA_VALIDATED_CANONICAL_V3
676879,44,1,0,19,1,90,Top,823808,https://raw.githubusercontent.com/lancebroz/mlb-pitcher-data/main/data/raw/2026/daily/2026-04-10.parquet,False,2026-04-10,2026-04-10T23:40:00Z,MIL,WSH,H,Aaron Ashby,True,STARTER,44,10,7,2,2,3,0,4,0,https://statsapi.mlb.com/api/v1.1/game/823808/feed/live,both,True,P,Pitcher,STARTER/OPENER/BULK,True,QA_VALIDATED_CANONICAL_V3
682842,14,8,57,60,251,264,Top,823808,https://raw.githubusercontent.com/lancebroz/mlb-pitcher-data/main/data/raw/2026/daily/2026-04-10.parquet,False,2026-04-10,2026-04-10T23:40:00Z,MIL,WSH,H,Abner Uribe,False,RELIEF_OR_BULK,14,4,3,0,0,1,0,2,0,https://statsapi.mlb.com/api/v1.1/game/823808/feed/live,both,True,P,Pitcher,BULLPEN_PITCHER,True,QA_VALIDATED_CANONICAL_V3
687606,20,6,45,49,199,218,Bot,823808,https://raw.githubusercontent.com/lancebroz/mlb-pitcher-data/main/data/raw/2026/daily/2026-04-10.parquet,False,2026-04-10,2026-04-10T23:40:00Z,WSH,MIL,A,Paxton Schultz,False,RELIEF_OR_BULK,20,5,3,0,0,1,0,1,0,https://statsapi.mlb.com/api/v1.1/game/823808/feed/live,both,True,P,Pitcher,BULLPEN_PITCHER,True,QA_VALIDATED_CANONICAL_V3
690925,12,9,72,74,291,302,Bot,823808,https://raw.githubusercontent.com/lancebroz/mlb-pitcher-data/main/data/raw/2026/daily/2026-04-10.parquet,False,2026-04-10,2026-04-10T23:40:00Z,WSH,MIL,A,Clayton Beeter,False,RELIEF_OR_BULK,12,3,3,0,0,0,0,1,0,https://statsapi.mlb.com/api/v1.1/game/823808/feed/live,both,True,P,Pitcher,BULLPEN_PITCHER,True,QA_VALIDATED_CANONICAL_V3
694477,50,3,20,43,91,194,Top,823808,https://raw.githubusercontent.com/lancebroz/mlb-pitcher-data/main/data/raw/2026/daily/2026-04-10.parquet,False,2026-04-10,2026-04-10T23:40:00Z,MIL,WSH,H,Chad Patrick,False,RELIEF_OR_BULK,50,12,9,0,0,3,1,0,0,https://statsapi.mlb.com/api/v1.1/game/823808/feed/live,both,True,P,Pitcher,BULLPEN_PITCHER,True,QA_VALIDATED_CANONICAL_V3
607259,88,1,6,46,27,182,Bot,823809,https://raw.githubusercontent.com/lancebroz/mlb-pitcher-data/main/data/raw/2026/daily/2026-03-30.parquet,False,2026-03-30,2026-03-30T23:40:00Z,TB,MIL,A,Nick Martinez,True,STARTER,88,24,18,2,2,6,0,3,1,https://statsapi.mlb.com/api/v1.1/game/823809/feed/live,both,True,P,Pitcher,STARTER/OPENER/BULK,True,QA_VALIDATED_CANONICAL_V3
643377,15,7,51,53,200,214,Bot,823809,https://raw.githubusercontent.com/lancebroz/mlb-pitcher-data/main/data/raw/2026/daily/2026-03-30.parquet,False,2026-03-30,2026-03-30T23:40:00Z,TB,MIL,A,Griffin Jax,False,RELIEF_OR_BULK,15,3,3,0,0,0,0,1,0,https://statsapi.mlb.com/api/v1.1/game/823809/feed/live,both,True,P,Pitcher,BULLPEN_PITCHER,True,QA_VALIDATED_CANONICAL_V3
656730,20,9,62,66,241,260,Top,823809,https://raw.githubusercontent.com/lancebroz/mlb-pitcher-data/main/data/raw/2026/daily/2026-03-30.parquet,False,2026-03-30,2026-03-30T23:40:00Z,MIL,TB,H,Trevor Megill,False,RELIEF_OR_BULK,20,5,3,1,1,1,1,1,0,https://statsapi.mlb.com/api/v1.1/game/823809/feed/live,both,True,P,Pitcher,BULLPEN_PITCHER,True,QA_VALIDATED_CANONICAL_V3
664076,16,8,57,61,225,240,Bot,823809,https://raw.githubusercontent.com/lancebroz/mlb-pitcher-data/main/data/raw/2026/daily/2026-03-30.parquet,False,2026-03-30,2026-03-30T23:40:00Z,TB,MIL,A,Garrett Cleavinger,False,RELIEF_OR_BULK,16,5,3,0,0,0,2,2,0,https://statsapi.mlb.com/api/v1.1/game/823809/feed/live,both,True,P,Pitcher,BULLPEN_PITCHER,True,QA_VALIDATED_CANONICAL_V3
672582,10,8,54,56,215,224,Top,823809,https://raw.githubusercontent.com/lancebroz/mlb-pitcher-data/main/data/raw/2026/daily/2026-03-30.parquet,False,2026-03-30,2026-03-30T23:40:00Z,MIL,TB,H,Angel Zerpa,False,RELIEF_OR_BULK,10,3,3,0,0,0,0,2,0,https://statsapi.mlb.com/api/v1.1/game/823809/feed/live,both,True,P,Pitcher,BULLPEN_PITCHER,True,QA_VALIDATED_CANONICAL_V3
676879,24,6,38,50,158,199,Top,823809,https://raw.githubusercontent.com/lancebroz/mlb-pitcher-data/main/data/raw/2026/daily/2026-03-30.parquet,False,2026-03-30,2026-03-30T23:40:00Z,MIL,TB,H,Aaron Ashby,False,RELIEF_OR_BULK,24,7,6,1,1,2,0,3,1,https://statsapi.mlb.com/api/v1.1/game/823809/feed/live,both,True,P,Pitcher,BULLPEN_PITCHER,True,QA_VALIDATED_CANONICAL_V3
687330,5,9,70,70,269,273,Bot,823809,https://raw.githubusercontent.com/lancebroz/mlb-pitcher-data/main/data/raw/2026/daily/2026-03-30.parquet,False,2026-03-30,2026-03-30T23:40:00Z,TB,MIL,A,Kevin Kelly,False,RELIEF_OR_BULK,5,1,1,0,0,0,0,0,0,https://statsapi.mlb.com/api/v1.1/game/823809/feed/live,both,True,P,Pitcher,BULLPEN_PITCHER,True,QA_VALIDATED_CANONICAL_V3
690986,87,1,0,34,1,147,Top,823809,https://raw.githubusercontent.com/lancebroz/mlb-pitcher-data/main/data/raw/2026/daily/2026-03-30.parquet,False,2026-03-30,2026-03-30T23:40:00Z,MIL,TB,H,Kyle Harrison,True,STARTER,87,20,15,1,1,4,1,8,1,https://statsapi.mlb.com/api/v1.1/game/823809/feed/live,both,True,P,Pitcher,STARTER/OPENER/BULK,True,QA_VALIDATED_CANONICAL_V3
693855,8,9,67,69,261,268,Bot,823809,https://raw.githubusercontent.com/lancebroz/mlb-pitcher-data/main/data/raw/2026/daily/2026-03-30.parquet,False,2026-03-30,2026-03-30T23:40:00Z,TB,MIL,A,Ian Seymour,False,RELIEF_OR_BULK,8,3,2,0,0,0,0,1,0,https://statsapi.mlb.com/api/v1.1/game/823809/feed/live,both,True,P,Pitcher,BULLPEN_PITCHER,True,QA_VALIDATED_CANONICAL_V3
622554,19,8,72,75,312,330,Bot,823810,https://raw.githubusercontent.com/lancebroz/mlb-pitcher-data/main/data/raw/2026/daily/2026-03-29.parquet,False,2026-03-29,2026-03-29T18:10:00Z,CWS,MIL,A,Seranthony Domínguez,False,RELIEF_OR_BULK,19,4,1,2,2,2,1,0,1,https://statsapi.mlb.com/api/v1.1/game/823810/feed/live,both,True,P,Pitcher,BULLPEN_PITCHER,True,QA_VALIDATED_CANONICAL_V3
641743,92,1,8,46,40,209,Bot,823810,https://raw.githubusercontent.com/lancebroz/mlb-pitcher-data/main/data/raw/2026/daily/2026-03-29.parquet,False,2026-03-29,2026-03-29T18:10:00Z,CWS,MIL,A,Anthony Kay,True,STARTER,92,21,14,2,2,3,4,5,1,https://statsapi.mlb.com/api/v1.1/game/823810/feed/live,both,True,P,Pitcher,STARTER/OPENER/BULK,True,QA_VALIDATED_CANONICAL_V3
656730,15,9,77,80,334,348,Top,823810,https://raw.githubusercontent.com/lancebroz/mlb-pitcher-data/main/data/raw/2026/daily/2026-03-29.parquet,False,2026-03-29,2026-03-29T18:10:00Z,MIL,CWS,H,Trevor Megill,False,RELIEF_OR_BULK,15,4,3,0,0,1,0,2,0,https://statsapi.mlb.com/api/v1.1/game/823810/feed/live,both,True,P,Pitcher,BULLPEN_PITCHER,True,QA_VALIDATED_CANONICAL_V3
657649,13,6,48,50,214,226,Top,823810,https://raw.githubusercontent.com/lancebroz/mlb-pitcher-data/main/data/raw/2026/daily/2026-03-29.parquet,False,2026-03-29,2026-03-29T18:10:00Z,MIL,CWS,H,Jared Koenig,False,RELIEF_OR_BULK,13,3,3,0,0,0,0,3,0,https://statsapi.mlb.com/api/v1.1/game/823810/feed/live,both,True,P,Pitcher,BULLPEN_PITCHER,True,QA_VALIDATED_CANONICAL_V3
663765,22,7,56,66,249,294,Top,823810,https://raw.githubusercontent.com/lancebroz/mlb-pitcher-data/main/data/raw/2026/daily/2026-03-29.parquet,False,2026-03-29,2026-03-29T18:10:00Z,MIL,CWS,H,Jake Woodford,False,RELIEF_OR_BULK,22,6,6,0,0,1,0,1,0,https://statsapi.mlb.com/api/v1.1/game/823810/feed/live,both,True,P,Pitcher,BULLPEN_PITCHER,True,QA_VALIDATED_CANONICAL_V3
663855,3,8,76,76,331,333,Bot,823810,https://raw.githubusercontent.com/lancebroz/mlb-pitcher-data/main/data/raw/2026/daily/2026-03-29.parquet,False,2026-03-29,2026-03-29T18:10:00Z,CWS,MIL,A,Jordan Hicks,False,RELIEF_OR_BULK,3,1,1,0,0,0,0,1,0,https://statsapi.mlb.com/api/v1.1/game/823810/feed/live,both,True,P,Pitcher,BULLPEN_PITCHER,True,QA_VALIDATED_CANONICAL_V3
669684,17,8,67,71,295,311,Bot,823810,https://raw.githubusercontent.com/lancebroz/mlb-pitcher-data/main/data/raw/2026/daily/2026-03-29.parquet,False,2026-03-29,2026-03-29T18:10:00Z,CWS,MIL,A,Chris Murphy,False,RELIEF_OR_BULK,17,5,1,4,4,3,1,1,0,https://statsapi.mlb.com/api/v1.1/game/823810/feed/live,both,True,P,Pitcher,BULLPEN_PITCHER,True,QA_VALIDATED_CANONICAL_V3
673929,26,5,47,55,210,248,Bot,823810,https://raw.githubusercontent.com/lancebroz/mlb-pitcher-data/main/data/raw/2026/daily/2026-03-29.parquet,False,2026-03-29,2026-03-29T18:10:00Z,CWS,MIL,A,Jordan Leasure,False,RELIEF_OR_BULK,26,6,4,1,1,2,0,2,0,https://statsapi.mlb.com/api/v1.1/game/823810/feed/live,both,True,P,Pitcher,BULLPEN_PITCHER,True,QA_VALIDATED_CANONICAL_V3
681982,31,4,31,42,143,194,Top,823810,https://raw.githubusercontent.com/lancebroz/mlb-pitcher-data/main/data/raw/2026/daily/2026-03-29.parquet,False,2026-03-29,2026-03-29T18:10:00Z,MIL,CWS,H,Grant Anderson,False,RELIEF_OR_BULK,31,8,6,0,0,1,1,3,0,https://statsapi.mlb.com/api/v1.1/game/823810/feed/live,both,True,P,Pitcher,BULLPEN_PITCHER,True,QA_VALIDATED_CANONICAL_V3
687075,86,1,0,27,1,131,Top,823810,https://raw.githubusercontent.com/lancebroz/mlb-pitcher-data/main/data/raw/2026/daily/2026-03-29.parquet,False,2026-03-29,2026-03-29T18:10:00Z,MIL,CWS,H,Brandon Sproat,True,STARTER,86,18,9,7,7,6,4,3,3,https://statsapi.mlb.com/api/v1.1/game/823810/feed/live,both,True,P,Pitcher,STARTER/OPENER/BULK,True,QA_VALIDATED_CANONICAL_V3
691799,24,7,59,63,261,284,Bot,823810,https://raw.githubusercontent.com/lancebroz/mlb-pitcher-data/main/data/raw/2026/daily/2026-03-29.parquet,False,2026-03-29,2026-03-29T18:10:00Z,CWS,MIL,A,Grant Taylor,False,RELIEF_OR_BULK,24,5,3,0,0,1,1,3,0,https://statsapi.mlb.com/api/v1.1/game/823810/feed/live,both,True,P,Pitcher,BULLPEN_PITCHER,True,QA_VALIDATED_CANONICAL_V3
622554,13,8,70,73,305,317,Bot,823811,https://raw.githubusercontent.com/lancebroz/mlb-pitcher-data/main/data/raw/2026/daily/2026-03-28.parquet,False,2026-03-28,2026-03-28T23:10:00Z,CWS,MIL,A,Seranthony Domínguez,False,RELIEF_OR_BULK,13,4,3,0,0,1,0,0,0,https://statsapi.mlb.com/api/v1.1/game/823811/feed/live,both,True,P,Pitcher,BULLPEN_PITCHER,True,QA_VALIDATED_CANONICAL_V3
663542,33,7,60,65,257,289,Bot,823811,https://raw.githubusercontent.com/lancebroz/mlb-pitcher-data/main/data/raw/2026/daily/2026-03-28.parquet,False,2026-03-28,2026-03-28T23:10:00Z,CWS,MIL,A,Bryan Hudson,False,RELIEF_OR_BULK,33,6,2,1,1,2,2,2,0,https://statsapi.mlb.com/api/v1.1/game/823811/feed/live,both,True,P,Pitcher,BULLPEN_PITCHER,True,QA_VALIDATED_CANONICAL_V3
669084,18,9,74,76,318,335,Top,823811,https://raw.githubusercontent.com/lancebroz/mlb-pitcher-data/main/data/raw/2026/daily/2026-03-28.parquet,False,2026-03-28,2026-03-28T23:10:00Z,MIL,CWS,H,DL Hall,False,RELIEF_OR_BULK,18,3,3,0,0,0,1,1,0,https://statsapi.mlb.com/api/v1.1/game/823811/feed/live,both,True,P,Pitcher,BULLPEN_PITCHER,True,QA_VALIDATED_CANONICAL_V3
669684,15,5,42,45,177,191,Bot,823811,https://raw.githubusercontent.com/lancebroz/mlb-pitcher-data/main/data/raw/2026/daily/2026-03-28.parquet,False,2026-03-28,2026-03-28T23:10:00Z,CWS,MIL,A,Chris Murphy,False,RELIEF_OR_BULK,15,4,3,0,0,0,1,1,0,https://statsapi.mlb.com/api/v1.1/game/823811/feed/live,both,True,P,Pitcher,BULLPEN_PITCHER,True,QA_VALIDATED_CANONICAL_V3
672582,17,7,56,59,240,256,Top,823811,https://raw.githubusercontent.com/lancebroz/mlb-pitcher-data/main/data/raw/2026/daily/2026-03-28.parquet,False,2026-03-28,2026-03-28T23:10:00Z,MIL,CWS,H,Angel Zerpa,False,RELIEF_OR_BULK,17,4,3,0,0,2,0,0,0,https://statsapi.mlb.com/api/v1.1/game/823811/feed/live,both,True,P,Pitcher,BULLPEN_PITCHER,True,QA_VALIDATED_CANONICAL_V3
676879,33,5,39,49,166,213,Top,823811,https://raw.githubusercontent.com/lancebroz/mlb-pitcher-data/main/data/raw/2026/daily/2026-03-28.parquet,False,2026-03-28,2026-03-28T23:10:00Z,MIL,CWS,H,Aaron Ashby,False,RELIEF_OR_BULK,33,7,5,0,0,0,2,4,0,https://statsapi.mlb.com/api/v1.1/game/823811/feed/live,both,True,P,Pitcher,BULLPEN_PITCHER,True,QA_VALIDATED_CANONICAL_V3
680732,91,1,5,36,23,161,Bot,823811,https://raw.githubusercontent.com/lancebroz/mlb-pitcher-data/main/data/raw/2026/daily/2026-03-28.parquet,False,2026-03-28,2026-03-28T23:10:00Z,CWS,MIL,A,Sean Burke,True,STARTER,91,20,12,4,3,7,1,5,0,https://statsapi.mlb.com/api/v1.1/game/823811/feed/live,both,True,P,Pitcher,STARTER/OPENER/BULK,True,QA_VALIDATED_CANONICAL_V3
682842,14,8,67,69,291,304,Top,823811,https://raw.githubusercontent.com/lancebroz/mlb-pitcher-data/main/data/raw/2026/daily/2026-03-28.parquet,False,2026-03-28,2026-03-28T23:10:00Z,MIL,CWS,H,Abner Uribe,False,RELIEF_OR_BULK,14,3,3,0,0,0,0,2,0,https://statsapi.mlb.com/api/v1.1/game/823811/feed/live,both,True,P,Pitcher,BULLPEN_PITCHER,True,QA_VALIDATED_CANONICAL_V3
691799,26,6,50,55,214,239,Bot,823811,https://raw.githubusercontent.com/lancebroz/mlb-pitcher-data/main/data/raw/2026/daily/2026-03-28.parquet,False,2026-03-28,2026-03-28T23:10:00Z,CWS,MIL,A,Grant Taylor,False,RELIEF_OR_BULK,26,6,3,1,1,2,1,1,0,https://statsapi.mlb.com/api/v1.1/game/823811/feed/live,both,True,P,Pitcher,BULLPEN_PITCHER,True,QA_VALIDATED_CANONICAL_V3
694477,74,1,0,38,1,165,Top,823811,https://raw.githubusercontent.com/lancebroz/mlb-pitcher-data/main/data/raw/2026/daily/2026-03-28.parquet,False,2026-03-28,2026-03-28T23:10:00Z,MIL,CWS,H,Chad Patrick,True,STARTER,74,19,13,1,1,5,1,4,1,https://statsapi.mlb.com/api/v1.1/game/823811/feed/live,both,True,P,Pitcher,STARTER/OPENER/BULK,True,QA_VALIDATED_CANONICAL_V3
699151,1,7,66,66,290,290,Bot,823811,https://raw.githubusercontent.com/lancebroz/mlb-pitcher-data/main/data/raw/2026/daily/2026-03-28.parquet,False,2026-03-28,2026-03-28T23:10:00Z,CWS,MIL,A,Jedixson Paez,False,RELIEF_OR_BULK,1,1,1,0,0,0,0,0,0,https://statsapi.mlb.com/api/v1.1/game/823811/feed/live,both,True,P,Pitcher,BULLPEN_PITCHER,True,QA_VALIDATED_CANONICAL_V3
656457,18,5,41,46,182,199,Bot,823812,https://raw.githubusercontent.com/lancebroz/mlb-pitcher-data/main/data/raw/2026/daily/2026-03-26.parquet,False,2026-03-26,2026-03-26T18:10:00Z,CWS,MIL,A,Tyler Gilbert,False,RELIEF_OR_BULK,18,6,3,2,2,2,1,0,1,https://statsapi.mlb.com/api/v1.1/game/823812/feed/live,both,True,P,Pitcher,BULLPEN_PITCHER,True,QA_VALIDATED_CANONICAL_V3
656794,33,2,19,37,100,169,Bot,823812,https://raw.githubusercontent.com/lancebroz/mlb-pitcher-data/main/data/raw/2026/daily/2026-03-26.parquet,False,2026-03-26,2026-03-26T18:10:00Z,CWS,MIL,A,Sean Newcomb,False,RELIEF_OR_BULK,33,10,7,2,2,3,1,1,0,https://statsapi.mlb.com/api/v1.1/game/823812/feed/live,both,True,P,Pitcher,BULLPEN_PITCHER,True,QA_VALIDATED_CANONICAL_V3
663765,16,9,77,80,326,341,Top,823812,https://raw.githubusercontent.com/lancebroz/mlb-pitcher-data/main/data/raw/2026/daily/2026-03-26.parquet,False,2026-03-26,2026-03-26T18:10:00Z,MIL,CWS,H,Jake Woodford,False,RELIEF_OR_BULK,16,4,3,1,1,1,0,3,1,https://statsapi.mlb.com/api/v1.1/game/823812/feed/live,both,True,P,Pitcher,BULLPEN_PITCHER,True,QA_VALIDATED_CANONICAL_V3
663855,34,6,50,56,211,244,Bot,823812,https://raw.githubusercontent.com/lancebroz/mlb-pitcher-data/main/data/raw/2026/daily/2026-03-26.parquet,False,2026-03-26,2026-03-26T18:10:00Z,CWS,MIL,A,Jordan Hicks,False,RELIEF_OR_BULK,34,7,2,3,3,2,4,0,0,https://statsapi.mlb.com/api/v1.1/game/823812/feed/live,both,True,P,Pitcher,BULLPEN_PITCHER,True,QA_VALIDATED_CANONICAL_V3
669084,27,8,68,73,288,314,Top,823812,https://raw.githubusercontent.com/lancebroz/mlb-pitcher-data/main/data/raw/2026/daily/2026-03-26.parquet,False,2026-03-26,2026-03-26T18:10:00Z,MIL,CWS,H,DL Hall,False,RELIEF_OR_BULK,27,6,3,0,0,1,2,3,0,https://statsapi.mlb.com/api/v1.1/game/823812/feed/live,both,True,P,Pitcher,BULLPEN_PITCHER,True,QA_VALIDATED_CANONICAL_V3
673929,11,8,74,76,315,325,Bot,823812,https://raw.githubusercontent.com/lancebroz/mlb-pitcher-data/main/data/raw/2026/daily/2026-03-26.parquet,False,2026-03-26,2026-03-26T18:10:00Z,CWS,MIL,A,Jordan Leasure,False,RELIEF_OR_BULK,11,3,3,0,0,0,0,0,0,https://statsapi.mlb.com/api/v1.1/game/823812/feed/live,both,True,P,Pitcher,BULLPEN_PITCHER,True,QA_VALIDATED_CANONICAL_V3
676879,11,6,47,49,200,210,Top,823812,https://raw.githubusercontent.com/lancebroz/mlb-pitcher-data/main/data/raw/2026/daily/2026-03-26.parquet,False,2026-03-26,2026-03-26T18:10:00Z,MIL,CWS,H,Aaron Ashby,False,RELIEF_OR_BULK,11,3,3,0,0,0,0,2,0,https://statsapi.mlb.com/api/v1.1/game/823812/feed/live,both,True,P,Pitcher,BULLPEN_PITCHER,True,QA_VALIDATED_CANONICAL_V3
681343,54,1,4,18,25,99,Bot,823812,https://raw.githubusercontent.com/lancebroz/mlb-pitcher-data/main/data/raw/2026/daily/2026-03-26.parquet,False,2026-03-26,2026-03-26T18:10:00Z,CWS,MIL,A,Shane Smith,True,STARTER,54,11,5,4,3,3,2,2,0,https://statsapi.mlb.com/api/v1.1/game/823812/feed/live,both,True,P,Pitcher,STARTER/OPENER/BULK,True,QA_VALIDATED_CANONICAL_V3
681982,7,7,59,61,257,263,Top,823812,https://raw.githubusercontent.com/lancebroz/mlb-pitcher-data/main/data/raw/2026/daily/2026-03-26.parquet,False,2026-03-26,2026-03-26T18:10:00Z,MIL,CWS,H,Grant Anderson,False,RELIEF_OR_BULK,7,3,3,0,0,0,0,1,0,https://statsapi.mlb.com/api/v1.1/game/823812/feed/live,both,True,P,Pitcher,BULLPEN_PITCHER,True,QA_VALIDATED_CANONICAL_V3
694819,94,1,0,40,1,181,Top,823812,https://raw.githubusercontent.com/lancebroz/mlb-pitcher-data/main/data/raw/2026/daily/2026-03-26.parquet,False,2026-03-26,2026-03-26T18:10:00Z,MIL,CWS,H,Jacob Misiorowski,True,STARTER,94,20,15,1,1,2,3,11,1,https://statsapi.mlb.com/api/v1.1/game/823812/feed/live,both,True,P,Pitcher,STARTER/OPENER/BULK,True,QA_VALIDATED_CANONICAL_V3
699151,36,6,57,67,245,287,Bot,823812,https://raw.githubusercontent.com/lancebroz/mlb-pitcher-data/main/data/raw/2026/daily/2026-03-26.parquet,False,2026-03-26,2026-03-26T18:10:00Z,CWS,MIL,A,Jedixson Paez,False,RELIEF_OR_BULK,36,8,4,3,3,2,2,0,1,https://statsapi.mlb.com/api/v1.1/game/823812/feed/live,both,True,P,Pitcher,BULLPEN_PITCHER,True,QA_VALIDATED_CANONICAL_V3
656271,8,6,53,54,195,202,Bot,823884,https://raw.githubusercontent.com/lancebroz/mlb-pitcher-data/main/data/raw/2026/daily/2026-04-09.parquet,False,2026-04-09,2026-04-09T16:10:00Z,CIN,MIA,A,Brock Burke,False,RELIEF_OR_BULK,8,2,2,0,0,0,0,1,0,https://statsapi.mlb.com/api/v1.1/game/823884/feed/live,both,True,P,Pitcher,BULLPEN_PITCHER,True,QA_VALIDATED_CANONICAL_V3
663969,37,7,55,78,203,282,Top,823884,https://raw.githubusercontent.com/lancebroz/mlb-pitcher-data/main/data/raw/2026/daily/2026-04-09.parquet,False,2026-04-09,2026-04-09T16:10:00Z,MIA,CIN,H,Tyler Phillips,False,RELIEF_OR_BULK,37,12,9,0,0,2,1,4,0,https://statsapi.mlb.com/api/v1.1/game/823884/feed/live,both,True,P,Pitcher,BULLPEN_PITCHER,True,QA_VALIDATED_CANONICAL_V3
669622,12,6,46,49,175,186,Top,823884,https://raw.githubusercontent.com/lancebroz/mlb-pitcher-data/main/data/raw/2026/daily/2026-04-09.parquet,False,2026-04-09,2026-04-09T16:10:00Z,MIA,CIN,H,Anthony Bender,False,RELIEF_OR_BULK,12,4,3,0,0,1,0,1,0,https://statsapi.mlb.com/api/v1.1/game/823884/feed/live,both,True,P,Pitcher,BULLPEN_PITCHER,True,QA_VALIDATED_CANONICAL_V3
676974,87,1,0,41,1,159,Top,823884,https://raw.githubusercontent.com/lancebroz/mlb-pitcher-data/main/data/raw/2026/daily/2026-04-09.parquet,False,2026-04-09,2026-04-09T16:10:00Z,MIA,CIN,H,Max Meyer,True,STARTER,87,23,15,1,1,4,3,4,1,https://statsapi.mlb.com/api/v1.1/game/823884/feed/live,both,True,P,Pitcher,STARTER/OPENER/BULK,True,QA_VALIDATED_CANONICAL_V3
683742,43,7,59,73,215,265,Bot,823884,https://raw.githubusercontent.com/lancebroz/mlb-pitcher-data/main/data/raw/2026/daily/2026-04-09.parquet,False,2026-04-09,2026-04-09T16:10:00Z,CIN,MIA,A,Jose Franco,False,RELIEF_OR_BULK,43,12,6,3,2,4,3,2,0,https://statsapi.mlb.com/api/v1.1/game/823884/feed/live,both,True,P,Pitcher,BULLPEN_PITCHER,True,QA_VALIDATED_CANONICAL_V3
695076,95,1,6,52,18,194,Bot,823884,https://raw.githubusercontent.com/lancebroz/mlb-pitcher-data/main/data/raw/2026/daily/2026-04-09.parquet,False,2026-04-09,2026-04-09T16:10:00Z,CIN,MIA,A,Rhett Lowder,True,STARTER,95,26,16,5,4,8,2,2,0,https://statsapi.mlb.com/api/v1.1/game/823884/feed/live,both,True,P,Pitcher,STARTER/OPENER/BULK,True,QA_VALIDATED_CANONICAL_V3
572955,10,8,68,71,276,285,Bot,823885,https://raw.githubusercontent.com/lancebroz/mlb-pitcher-data/main/data/raw/2026/daily/2026-04-08.parquet,False,2026-04-08,2026-04-08T22:40:00Z,CIN,MIA,A,Pierce Johnson,False,RELIEF_OR_BULK,10,4,3,0,0,1,0,1,0,https://statsapi.mlb.com/api/v1.1/game/823885/feed/live,both,True,P,Pitcher,BULLPEN_PITCHER,True,QA_VALIDATED_CANONICAL_V3
594580,28,3,33,49,147,196,Bot,823885,https://raw.githubusercontent.com/lancebroz/mlb-pitcher-data/main/data/raw/2026/daily/2026-04-08.parquet,False,2026-04-08,2026-04-08T22:40:00Z,CIN,MIA,A,Sam Moll,False,RELIEF_OR_BULK,28,8,7,0,0,0,0,2,0,https://statsapi.mlb.com/api/v1.1/game/823885/feed/live,both,True,P,Pitcher,BULLPEN_PITCHER,True,QA_VALIDATED_CANONICAL_V3
656848,22,9,72,76,286,307,Top,823885,https://raw.githubusercontent.com/lancebroz/mlb-pitcher-data/main/data/raw/2026/daily/2026-04-08.parquet,False,2026-04-08,2026-04-08T22:40:00Z,MIA,CIN,H,Michael Petersen,False,RELIEF_OR_BULK,22,5,3,0,0,2,0,2,0,https://statsapi.mlb.com/api/v1.1/game/823885/feed/live,both,True,P,Pitcher,BULLPEN_PITCHER,True,QA_VALIDATED_CANONICAL_V3
663903,73,1,6,32,36,146,Bot,823885,https://raw.githubusercontent.com/lancebroz/mlb-pitcher-data/main/data/raw/2026/daily/2026-04-08.parquet,False,2026-04-08,2026-04-08T22:40:00Z,CIN,MIA,A,Brady Singer,True,STARTER,73,17,8,6,5,10,0,3,1,https://statsapi.mlb.com/api/v1.1/game/823885/feed/live,both,True,P,Pitcher,STARTER/OPENER/BULK,True,QA_VALIDATED_CANONICAL_V3
669199,18,8,65,67,258,275,Top,823885,https://raw.githubusercontent.com/lancebroz/mlb-pitcher-data/main/data/raw/2026/daily/2026-04-08.parquet,False,2026-04-08,2026-04-08T22:40:00Z,MIA,CIN,H,Lake Bachar,False,RELIEF_OR_BULK,18,3,3,0,0,0,0,2,0,https://statsapi.mlb.com/api/v1.1/game/823885/feed/live,both,True,P,Pitcher,BULLPEN_PITCHER,True,QA_VALIDATED_CANONICAL_V3
677053,10,7,58,60,235,244,Top,823885,https://raw.githubusercontent.com/lancebroz/mlb-pitcher-data/main/data/raw/2026/daily/2026-04-08.parquet,False,2026-04-08,2026-04-08T22:40:00Z,MIA,CIN,H,Andrew Nardi,False,RELIEF_OR_BULK,10,3,3,0,0,1,0,0,0,https://statsapi.mlb.com/api/v1.1/game/823885/feed/live,both,True,P,Pitcher,BULLPEN_PITCHER,True,QA_VALIDATED_CANONICAL_V3
683175,39,6,53,64,209,257,Bot,823885,https://raw.githubusercontent.com/lancebroz/mlb-pitcher-data/main/data/raw/2026/daily/2026-04-08.parquet,False,2026-04-08,2026-04-08T22:40:00Z,CIN,MIA,A,Connor Phillips,False,RELIEF_OR_BULK,39,9,6,1,1,1,2,0,1,https://statsapi.mlb.com/api/v1.1/game/823885/feed/live,both,True,P,Pitcher,BULLPEN_PITCHER,True,QA_VALIDATED_CANONICAL_V3
687473,12,6,50,52,197,208,Top,823885,https://raw.githubusercontent.com/lancebroz/mlb-pitcher-data/main/data/raw/2026/daily/2026-04-08.parquet,False,2026-04-08,2026-04-08T22:40:00Z,MIA,CIN,H,Ryan Gusto,False,RELIEF_OR_BULK,12,3,3,0,0,0,0,1,0,https://statsapi.mlb.com/api/v1.1/game/823885/feed/live,both,True,P,Pitcher,BULLPEN_PITCHER,True,QA_VALIDATED_CANONICAL_V3
691587,95,1,0,45,1,179,Top,823885,https://raw.githubusercontent.com/lancebroz/mlb-pitcher-data/main/data/raw/2026/daily/2026-04-08.parquet,False,2026-04-08,2026-04-08T22:40:00Z,MIA,CIN,H,Eury Pérez,True,STARTER,95,24,15,4,2,6,2,6,1,https://statsapi.mlb.com/api/v1.1/game/823885/feed/live,both,True,P,Pitcher,STARTER/OPENER/BULK,True,QA_VALIDATED_CANONICAL_V3
641941,13,9,64,66,225,237,Bot,823886,https://raw.githubusercontent.com/lancebroz/mlb-pitcher-data/main/data/raw/2026/daily/2026-04-06.parquet,False,2026-04-06,2026-04-06T22:40:00Z,CIN,MIA,A,Emilio Pagán,False,RELIEF_OR_BULK,13,3,3,0,0,0,0,0,0,https://statsapi.mlb.com/api/v1.1/game/823886/feed/live,both,True,P,Pitcher,BULLPEN_PITCHER,True,QA_VALIDATED_CANONICAL_V3
656271,6,7,50,50,168,173,Bot,823886,https://raw.githubusercontent.com/lancebroz/mlb-pitcher-data/main/data/raw/2026/daily/2026-04-06.parquet,False,2026-04-06,2026-04-06T22:40:00Z,CIN,MIA,A,Brock Burke,False,RELIEF_OR_BULK,6,1,1,0,0,0,0,1,0,https://statsapi.mlb.com/api/v1.1/game/823886/feed/live,both,True,P,Pitcher,BULLPEN_PITCHER,True,QA_VALIDATED_CANONICAL_V3
663574,15,8,56,59,198,212,Bot,823886,https://raw.githubusercontent.com/lancebroz/mlb-pitcher-data/main/data/raw/2026/daily/2026-04-06.parquet,False,2026-04-06,2026-04-06T22:40:00Z,CIN,MIA,A,Tony Santillan,False,RELIEF_OR_BULK,15,4,3,0,0,0,1,1,0,https://statsapi.mlb.com/api/v1.1/game/823886/feed/live,both,True,P,Pitcher,BULLPEN_PITCHER,True,QA_VALIDATED_CANONICAL_V3
663969,23,8,54,63,187,224,Top,823886,https://raw.githubusercontent.com/lancebroz/mlb-pitcher-data/main/data/raw/2026/daily/2026-04-06.parquet,False,2026-04-06,2026-04-06T22:40:00Z,MIA,CIN,H,Tyler Phillips,False,RELIEF_OR_BULK,23,6,5,0,0,0,1,1,0,https://statsapi.mlb.com/api/v1.1/game/823886/feed/live,both,True,P,Pitcher,BULLPEN_PITCHER,True,QA_VALIDATED_CANONICAL_V3
676083,87,1,0,53,1,186,Top,823886,https://raw.githubusercontent.com/lancebroz/mlb-pitcher-data/main/data/raw/2026/daily/2026-04-06.parquet,False,2026-04-06,2026-04-06T22:40:00Z,MIA,CIN,H,Janson Junk,True,STARTER,87,28,22,2,2,7,1,3,1,https://statsapi.mlb.com/api/v1.1/game/823886/feed/live,both,True,P,Pitcher,STARTER/OPENER/BULK,True,QA_VALIDATED_CANONICAL_V3
682227,93,1,4,49,15,167,Bot,823886,https://raw.githubusercontent.com/lancebroz/mlb-pitcher-data/main/data/raw/2026/daily/2026-04-06.parquet,False,2026-04-06,2026-04-06T22:40:00Z,CIN,MIA,A,Brandon Williamson,True,STARTER,93,24,20,0,0,3,1,4,0,https://statsapi.mlb.com/api/v1.1/game/823886/feed/live,both,True,P,Pitcher,STARTER/OPENER/BULK,True,QA_VALIDATED_CANONICAL_V3
572955,7,6,44,45,151,157,Bot,823887,https://raw.githubusercontent.com/lancebroz/mlb-pitcher-data/main/data/raw/2026/daily/2026-04-07.parquet,False,2026-04-07,2026-04-07T22:40:00Z,CIN,MIA,A,Pierce Johnson,False,RELIEF_OR_BULK,7,2,2,0,0,0,0,1,0,https://statsapi.mlb.com/api/v1.1/game/823887/feed/live,both,True,P,Pitcher,BULLPEN_PITCHER,True,QA_VALIDATED_CANONICAL_V3
641941,24,9,67,71,246,269,Bot,823887,https://raw.githubusercontent.com/lancebroz/mlb-pitcher-data/main/data/raw/2026/daily/2026-04-07.parquet,False,2026-04-07,2026-04-07T22:40:00Z,CIN,MIA,A,Emilio Pagán,False,RELIEF_OR_BULK,24,5,3,0,0,0,2,2,0,https://statsapi.mlb.com/api/v1.1/game/823887/feed/live,both,True,P,Pitcher,BULLPEN_PITCHER,True,QA_VALIDATED_CANONICAL_V3
645261,95,1,0,63,1,224,Top,823887,https://raw.githubusercontent.com/lancebroz/mlb-pitcher-data/main/data/raw/2026/daily/2026-04-07.parquet,False,2026-04-07,2026-04-07T22:40:00Z,MIA,CIN,H,Sandy Alcantara,True,STARTER,95,30,25,2,2,3,2,6,0,https://statsapi.mlb.com/api/v1.1/game/823887/feed/live,both,True,P,Pitcher,STARTER/OPENER/BULK,True,QA_VALIDATED_CANONICAL_V3
667463,7,10,77,79,298,304,Top,823887,https://raw.githubusercontent.com/lancebroz/mlb-pitcher-data/main/data/raw/2026/daily/2026-04-07.parquet,False,2026-04-07,2026-04-07T22:40:00Z,MIA,CIN,H,John King,False,RELIEF_OR_BULK,7,3,2,0,0,0,1,0,0,https://statsapi.mlb.com/api/v1.1/game/823887/feed/live,both,True,P,Pitcher,BULLPEN_PITCHER,True,QA_VALIDATED_CANONICAL_V3
668933,10,10,80,82,305,314,Bot,823887,https://raw.githubusercontent.com/lancebroz/mlb-pitcher-data/main/data/raw/2026/daily/2026-04-07.parquet,False,2026-04-07,2026-04-07T22:40:00Z,CIN,MIA,A,Graham Ashcraft,False,RELIEF_OR_BULK,10,3,3,1,0,1,0,0,0,https://statsapi.mlb.com/api/v1.1/game/823887/feed/live,both,True,P,Pitcher,BULLPEN_PITCHER,True,QA_VALIDATED_CANONICAL_V3
669622,21,9,64,66,225,245,Top,823887,https://raw.githubusercontent.com/lancebroz/mlb-pitcher-data/main/data/raw/2026/daily/2026-04-07.parquet,False,2026-04-07,2026-04-07T22:40:00Z,MIA,CIN,H,Anthony Bender,False,RELIEF_OR_BULK,21,3,2,0,0,0,1,1,0,https://statsapi.mlb.com/api/v1.1/game/823887/feed/live,both,True,P,Pitcher,BULLPEN_PITCHER,True,QA_VALIDATED_CANONICAL_V3
671096,91,1,3,43,7,150,Bot,823887,https://raw.githubusercontent.com/lancebroz/mlb-pitcher-data/main/data/raw/2026/daily/2026-04-07.parquet,False,2026-04-07,2026-04-07T22:40:00Z,CIN,MIA,A,Andrew Abbott,True,STARTER,91,24,16,2,2,6,2,2,0,https://statsapi.mlb.com/api/v1.1/game/823887/feed/live,both,True,P,Pitcher,STARTER/OPENER/BULK,True,QA_VALIDATED_CANONICAL_V3
676534,28,10,72,76,270,297,Top,823887,https://raw.githubusercontent.com/lancebroz/mlb-pitcher-data/main/data/raw/2026/daily/2026-04-07.parquet,False,2026-04-07,2026-04-07T22:40:00Z,MIA,CIN,H,Calvin Faucher,False,RELIEF_OR_BULK,28,5,1,4,3,2,2,1,0,https://statsapi.mlb.com/api/v1.1/game/823887/feed/live,both,True,P,Pitcher,BULLPEN_PITCHER,True,QA_VALIDATED_CANONICAL_V3
683742,31,7,50,60,171,212,Bot,823887,https://raw.githubusercontent.com/lancebroz/mlb-pitcher-data/main/data/raw/2026/daily/2026-04-07.parquet,False,2026-04-07,2026-04-07T22:40:00Z,CIN,MIA,A,Jose Franco,False,RELIEF_OR_BULK,31,8,6,0,0,0,2,2,0,https://statsapi.mlb.com/api/v1.1/game/823887/feed/live,both,True,P,Pitcher,BULLPEN_PITCHER,True,QA_VALIDATED_CANONICAL_V3
607200,80,1,3,41,10,168,Bot,823888,https://raw.githubusercontent.com/lancebroz/mlb-pitcher-data/main/data/raw/2026/daily/2026-03-31.parquet,False,2026-03-31,2026-03-31T22:40:00Z,CWS,MIA,A,Erick Fedde,True,STARTER,80,21,15,4,3,6,1,4,0,https://statsapi.mlb.com/api/v1.1/game/823888/feed/live,both,True,P,Pitcher,STARTER/OPENER/BULK,True,QA_VALIDATED_CANONICAL_V3
663542,25,6,45,56,179,225,Bot,823888,https://raw.githubusercontent.com/lancebroz/mlb-pitcher-data/main/data/raw/2026/daily/2026-03-31.parquet,False,2026-03-31,2026-03-31T22:40:00Z,CWS,MIA,A,Bryan Hudson,False,RELIEF_OR_BULK,25,8,5,2,1,1,1,1,0,https://statsapi.mlb.com/api/v1.1/game/823888/feed/live,both,True,P,Pitcher,BULLPEN_PITCHER,True,QA_VALIDATED_CANONICAL_V3
664126,15,9,67,69,271,285,Top,823888,https://raw.githubusercontent.com/lancebroz/mlb-pitcher-data/main/data/raw/2026/daily/2026-03-31.parquet,False,2026-03-31,2026-03-31T22:40:00Z,MIA,CWS,H,Pete Fairbanks,False,RELIEF_OR_BULK,15,3,3,0,0,0,0,3,0,https://statsapi.mlb.com/api/v1.1/game/823888/feed/live,both,True,P,Pitcher,BULLPEN_PITCHER,True,QA_VALIDATED_CANONICAL_V3
669622,27,6,43,51,174,212,Top,823888,https://raw.githubusercontent.com/lancebroz/mlb-pitcher-data/main/data/raw/2026/daily/2026-03-31.parquet,False,2026-03-31,2026-03-31T22:40:00Z,MIA,CWS,H,Anthony Bender,False,RELIEF_OR_BULK,27,6,5,0,0,0,1,1,0,https://statsapi.mlb.com/api/v1.1/game/823888/feed/live,both,True,P,Pitcher,BULLPEN_PITCHER,True,QA_VALIDATED_CANONICAL_V3
676083,79,1,0,36,1,148,Top,823888,https://raw.githubusercontent.com/lancebroz/mlb-pitcher-data/main/data/raw/2026/daily/2026-03-31.parquet,False,2026-03-31,2026-03-31T22:40:00Z,MIA,CWS,H,Janson Junk,True,STARTER,79,19,13,2,2,5,1,5,0,https://statsapi.mlb.com/api/v1.1/game/823888/feed/live,both,True,P,Pitcher,STARTER/OPENER/BULK,True,QA_VALIDATED_CANONICAL_V3
676534,17,8,58,60,229,245,Top,823888,https://raw.githubusercontent.com/lancebroz/mlb-pitcher-data/main/data/raw/2026/daily/2026-03-31.parquet,False,2026-03-31,2026-03-31T22:40:00Z,MIA,CWS,H,Calvin Faucher,False,RELIEF_OR_BULK,17,3,3,0,0,0,0,2,0,https://statsapi.mlb.com/api/v1.1/game/823888/feed/live,both,True,P,Pitcher,BULLPEN_PITCHER,True,QA_VALIDATED_CANONICAL_V3
677053,14,5,37,42,149,173,Top,823888,https://raw.githubusercontent.com/lancebroz/mlb-pitcher-data/main/data/raw/2026/daily/2026-03-31.parquet,False,2026-03-31,2026-03-31T22:40:00Z,MIA,CWS,H,Andrew Nardi,False,RELIEF_OR_BULK,14,3,3,0,0,0,0,2,0,https://statsapi.mlb.com/api/v1.1/game/823888/feed/live,both,True,P,Pitcher,BULLPEN_PITCHER,True,QA_VALIDATED_CANONICAL_V3
699151,28,7,57,66,226,270,Bot,823888,https://raw.githubusercontent.com/lancebroz/mlb-pitcher-data/main/data/raw/2026/daily/2026-03-31.parquet,False,2026-03-31,2026-03-31T22:40:00Z,CWS,MIA,A,Jedixson Paez,False,RELIEF_OR_BULK,28,7,4,3,3,2,1,0,1,https://statsapi.mlb.com/api/v1.1/game/823888/feed/live,both,True,P,Pitcher,BULLPEN_PITCHER,True,QA_VALIDATED_CANONICAL_V3
608371,31,4,34,45,119,158,Bot,823889,https://raw.githubusercontent.com/lancebroz/mlb-pitcher-data/main/data/raw/2026/daily/2026-04-01.parquet,False,2026-04-01,2026-04-01T17:10:00Z,CWS,MIA,A,Lucas Sims,False,RELIEF_OR_BULK,31,9,6,0,0,1,1,1,0,https://statsapi.mlb.com/api/v1.1/game/823889/feed/live,both,True,P,Pitcher,BULLPEN_PITCHER,True,QA_VALIDATED_CANONICAL_V3
645261,93,1,0,72,1,247,Top,823889,https://raw.githubusercontent.com/lancebroz/mlb-pitcher-data/main/data/raw/2026/daily/2026-04-01.parquet,False,2026-04-01,2026-04-01T17:10:00Z,MIA,CWS,H,Sandy Alcantara,True,STARTER,93,31,27,0,0,3,0,7,0,https://statsapi.mlb.com/api/v1.1/game/823889/feed/live,both,True,P,Pitcher,STARTER/OPENER/BULK,True,QA_VALIDATED_CANONICAL_V3
669684,39,6,49,61,173,221,Bot,823889,https://raw.githubusercontent.com/lancebroz/mlb-pitcher-data/main/data/raw/2026/daily/2026-04-01.parquet,False,2026-04-01,2026-04-01T17:10:00Z,CWS,MIA,A,Chris Murphy,False,RELIEF_OR_BULK,39,10,6,1,1,3,1,3,0,https://statsapi.mlb.com/api/v1.1/game/823889/feed/live,both,True,P,Pitcher,BULLPEN_PITCHER,True,QA_VALIDATED_CANONICAL_V3
673929,12,8,66,69,227,238,Bot,823889,https://raw.githubusercontent.com/lancebroz/mlb-pitcher-data/main/data/raw/2026/daily/2026-04-01.parquet,False,2026-04-01,2026-04-01T17:10:00Z,CWS,MIA,A,Jordan Leasure,False,RELIEF_OR_BULK,12,4,3,1,1,1,0,1,1,https://statsapi.mlb.com/api/v1.1/game/823889/feed/live,both,True,P,Pitcher,BULLPEN_PITCHER,True,QA_VALIDATED_CANONICAL_V3
681343,72,1,3,29,11,108,Bot,823889,https://raw.githubusercontent.com/lancebroz/mlb-pitcher-data/main/data/raw/2026/daily/2026-04-01.parquet,False,2026-04-01,2026-04-01T17:10:00Z,CWS,MIA,A,Shane Smith,True,STARTER,72,19,9,8,7,8,2,1,1,https://statsapi.mlb.com/api/v1.1/game/823889/feed/live,both,True,P,Pitcher,STARTER/OPENER/BULK,True,QA_VALIDATED_CANONICAL_V3
656794,51,6,50,68,200,275,Bot,823890,https://raw.githubusercontent.com/lancebroz/mlb-pitcher-data/main/data/raw/2026/daily/2026-03-30.parquet,False,2026-03-30,2026-03-30T22:40:00Z,CWS,MIA,A,Sean Newcomb,False,RELIEF_OR_BULK,51,12,8,1,1,3,1,5,0,https://statsapi.mlb.com/api/v1.1/game/823890/feed/live,both,True,P,Pitcher,BULLPEN_PITCHER,True,QA_VALIDATED_CANONICAL_V3
656848,11,9,70,72,278,288,Top,823890,https://raw.githubusercontent.com/lancebroz/mlb-pitcher-data/main/data/raw/2026/daily/2026-03-30.parquet,False,2026-03-30,2026-03-30T22:40:00Z,MIA,CWS,H,Michael Petersen,False,RELIEF_OR_BULK,11,3,3,0,0,0,0,1,0,https://statsapi.mlb.com/api/v1.1/game/823890/feed/live,both,True,P,Pitcher,BULLPEN_PITCHER,True,QA_VALIDATED_CANONICAL_V3
663436,92,1,3,45,10,185,Bot,823890,https://raw.githubusercontent.com/lancebroz/mlb-pitcher-data/main/data/raw/2026/daily/2026-03-30.parquet,False,2026-03-30,2026-03-30T22:40:00Z,CWS,MIA,A,Davis Martin,True,STARTER,92,21,15,3,3,5,2,6,1,https://statsapi.mlb.com/api/v1.1/game/823890/feed/live,both,True,P,Pitcher,STARTER/OPENER/BULK,True,QA_VALIDATED_CANONICAL_V3
663855,13,8,69,76,276,299,Bot,823890,https://raw.githubusercontent.com/lancebroz/mlb-pitcher-data/main/data/raw/2026/daily/2026-03-30.parquet,False,2026-03-30,2026-03-30T22:40:00Z,CWS,MIA,A,Jordan Hicks,False,RELIEF_OR_BULK,13,5,4,0,0,0,1,1,0,https://statsapi.mlb.com/api/v1.1/game/823890/feed/live,both,True,P,Pitcher,BULLPEN_PITCHER,True,QA_VALIDATED_CANONICAL_V3
663978,79,1,0,30,1,127,Top,823890,https://raw.githubusercontent.com/lancebroz/mlb-pitcher-data/main/data/raw/2026/daily/2026-03-30.parquet,False,2026-03-30,2026-03-30T22:40:00Z,MIA,CWS,H,Chris Paddack,True,STARTER,79,21,12,8,8,8,0,6,2,https://statsapi.mlb.com/api/v1.1/game/823890/feed/live,both,True,P,Pitcher,STARTER/OPENER/BULK,True,QA_VALIDATED_CANONICAL_V3
667463,11,8,59,62,238,248,Top,823890,https://raw.githubusercontent.com/lancebroz/mlb-pitcher-data/main/data/raw/2026/daily/2026-03-30.parquet,False,2026-03-30,2026-03-30T22:40:00Z,MIA,CWS,H,John King,False,RELIEF_OR_BULK,11,4,3,0,0,0,1,0,0,https://statsapi.mlb.com/api/v1.1/game/823890/feed/live,both,True,P,Pitcher,BULLPEN_PITCHER,True,QA_VALIDATED_CANONICAL_V3
669199,42,5,36,55,151,225,Top,823890,https://raw.githubusercontent.com/lancebroz/mlb-pitcher-data/main/data/raw/2026/daily/2026-03-30.parquet,False,2026-03-30,2026-03-30T22:40:00Z,MIA,CWS,H,Lake Bachar,False,RELIEF_OR_BULK,42,11,9,1,1,1,1,3,0,https://statsapi.mlb.com/api/v1.1/game/823890/feed/live,both,True,P,Pitcher,BULLPEN_PITCHER,True,QA_VALIDATED_CANONICAL_V3
500779,78,1,7,42,29,159,Bot,823891,https://raw.githubusercontent.com/lancebroz/mlb-pitcher-data/main/data/raw/2026/daily/2026-03-29.parquet,False,2026-03-29,2026-03-29T17:40:00Z,COL,MIA,A,Jose Quintana,True,STARTER,78,19,13,2,2,4,4,2,0,https://statsapi.mlb.com/api/v1.1/game/823891/feed/live,both,True,P,Pitcher,STARTER/OPENER/BULK,True,QA_VALIDATED_CANONICAL_V3
622608,43,6,48,65,175,246,Bot,823891,https://raw.githubusercontent.com/lancebroz/mlb-pitcher-data/main/data/raw/2026/daily/2026-03-29.parquet,False,2026-03-29,2026-03-29T17:40:00Z,COL,MIA,A,Antonio Senzatela,False,RELIEF_OR_BULK,43,10,8,0,0,1,1,3,0,https://statsapi.mlb.com/api/v1.1/game/823891/feed/live,both,True,P,Pitcher,BULLPEN_PITCHER,True,QA_VALIDATED_CANONICAL_V3
623474,8,5,43,44,160,167,Bot,823891,https://raw.githubusercontent.com/lancebroz/mlb-pitcher-data/main/data/raw/2026/daily/2026-03-29.parquet,False,2026-03-29,2026-03-29T17:40:00Z,COL,MIA,A,Jimmy Herget,False,RELIEF_OR_BULK,8,2,2,0,0,0,0,2,0,https://statsapi.mlb.com/api/v1.1/game/823891/feed/live,both,True,P,Pitcher,BULLPEN_PITCHER,True,QA_VALIDATED_CANONICAL_V3
656848,11,9,68,70,252,262,Top,823891,https://raw.githubusercontent.com/lancebroz/mlb-pitcher-data/main/data/raw/2026/daily/2026-03-29.parquet,False,2026-03-29,2026-03-29T17:40:00Z,MIA,COL,H,Michael Petersen,False,RELIEF_OR_BULK,11,3,3,0,0,0,0,2,0,https://statsapi.mlb.com/api/v1.1/game/823891/feed/live,both,True,P,Pitcher,BULLPEN_PITCHER,True,QA_VALIDATED_CANONICAL_V3
663969,22,6,45,55,168,198,Top,823891,https://raw.githubusercontent.com/lancebroz/mlb-pitcher-data/main/data/raw/2026/daily/2026-03-29.parquet,False,2026-03-29,2026-03-29T17:40:00Z,MIA,COL,H,Tyler Phillips,False,RELIEF_OR_BULK,22,8,6,0,0,1,0,2,0,https://statsapi.mlb.com/api/v1.1/game/823891/feed/live,both,True,P,Pitcher,BULLPEN_PITCHER,True,QA_VALIDATED_CANONICAL_V3
667463,14,8,59,61,212,225,Top,823891,https://raw.githubusercontent.com/lancebroz/mlb-pitcher-data/main/data/raw/2026/daily/2026-03-29.parquet,False,2026-03-29,2026-03-29T17:40:00Z,MIA,COL,H,John King,False,RELIEF_OR_BULK,14,3,3,0,0,0,0,2,0,https://statsapi.mlb.com/api/v1.1/game/823891/feed/live,both,True,P,Pitcher,BULLPEN_PITCHER,True,QA_VALIDATED_CANONICAL_V3
676974,81,1,0,40,1,157,Top,823891,https://raw.githubusercontent.com/lancebroz/mlb-pitcher-data/main/data/raw/2026/daily/2026-03-29.parquet,False,2026-03-29,2026-03-29T17:40:00Z,MIA,COL,H,Max Meyer,True,STARTER,81,23,15,3,3,5,2,5,0,https://statsapi.mlb.com/api/v1.1/game/823891/feed/live,both,True,P,Pitcher,STARTER/OPENER/BULK,True,QA_VALIDATED_CANONICAL_V3
680767,11,8,66,74,247,268,Bot,823891,https://raw.githubusercontent.com/lancebroz/mlb-pitcher-data/main/data/raw/2026/daily/2026-03-29.parquet,False,2026-03-29,2026-03-29T17:40:00Z,COL,MIA,A,Victor Vodnik,False,RELIEF_OR_BULK,11,6,3,2,2,3,0,1,1,https://statsapi.mlb.com/api/v1.1/game/823891/feed/live,both,True,P,Pitcher,BULLPEN_PITCHER,True,QA_VALIDATED_CANONICAL_V3
547179,93,1,3,41,11,160,Bot,823892,https://raw.githubusercontent.com/lancebroz/mlb-pitcher-data/main/data/raw/2026/daily/2026-03-28.parquet,False,2026-03-28,2026-03-28T20:10:00Z,COL,MIA,A,Michael Lorenzen,True,STARTER,93,22,13,3,3,7,0,4,1,https://statsapi.mlb.com/api/v1.1/game/823892/feed/live,both,True,P,Pitcher,STARTER/OPENER/BULK,True,QA_VALIDATED_CANONICAL_V3
657514,12,5,42,44,161,172,Bot,823892,https://raw.githubusercontent.com/lancebroz/mlb-pitcher-data/main/data/raw/2026/daily/2026-03-28.parquet,False,2026-03-28,2026-03-28T20:10:00Z,COL,MIA,A,Brennan Bernardino,False,RELIEF_OR_BULK,12,3,2,0,0,1,0,0,0,https://statsapi.mlb.com/api/v1.1/game/823892/feed/live,both,True,P,Pitcher,BULLPEN_PITCHER,True,QA_VALIDATED_CANONICAL_V3
664126,9,9,67,69,264,272,Top,823892,https://raw.githubusercontent.com/lancebroz/mlb-pitcher-data/main/data/raw/2026/daily/2026-03-28.parquet,False,2026-03-28,2026-03-28T20:10:00Z,MIA,COL,H,Pete Fairbanks,False,RELIEF_OR_BULK,9,3,3,0,0,0,0,1,0,https://statsapi.mlb.com/api/v1.1/game/823892/feed/live,both,True,P,Pitcher,BULLPEN_PITCHER,True,QA_VALIDATED_CANONICAL_V3
676534,12,8,58,61,231,242,Top,823892,https://raw.githubusercontent.com/lancebroz/mlb-pitcher-data/main/data/raw/2026/daily/2026-03-28.parquet,False,2026-03-28,2026-03-28T20:10:00Z,MIA,COL,H,Calvin Faucher,False,RELIEF_OR_BULK,12,4,3,0,0,1,0,1,0,https://statsapi.mlb.com/api/v1.1/game/823892/feed/live,both,True,P,Pitcher,BULLPEN_PITCHER,True,QA_VALIDATED_CANONICAL_V3
677955,23,7,57,66,229,263,Bot,823892,https://raw.githubusercontent.com/lancebroz/mlb-pitcher-data/main/data/raw/2026/daily/2026-03-28.parquet,False,2026-03-28,2026-03-28T20:10:00Z,COL,MIA,A,Jaden Hill,False,RELIEF_OR_BULK,23,6,5,1,1,2,0,1,0,https://statsapi.mlb.com/api/v1.1/game/823892/feed/live,both,True,P,Pitcher,BULLPEN_PITCHER,True,QA_VALIDATED_CANONICAL_V3
688642,30,6,48,56,185,228,Bot,823892,https://raw.githubusercontent.com/lancebroz/mlb-pitcher-data/main/data/raw/2026/daily/2026-03-28.parquet,False,2026-03-28,2026-03-28T20:10:00Z,COL,MIA,A,Zach Agnos,False,RELIEF_OR_BULK,30,5,4,0,0,0,1,2,0,https://statsapi.mlb.com/api/v1.1/game/823892/feed/live,both,True,P,Pitcher,BULLPEN_PITCHER,True,QA_VALIDATED_CANONICAL_V3
691587,93,1,0,54,1,216,Top,823892,https://raw.githubusercontent.com/lancebroz/mlb-pitcher-data/main/data/raw/2026/daily/2026-03-28.parquet,False,2026-03-28,2026-03-28T20:10:00Z,MIA,COL,H,Eury Pérez,True,STARTER,93,27,21,3,3,5,1,8,2,https://statsapi.mlb.com/api/v1.1/game/823892/feed/live,both,True,P,Pitcher,STARTER/OPENER/BULK,True,QA_VALIDATED_CANONICAL_V3
607536,81,1,3,39,8,135,Bot,823893,https://raw.githubusercontent.com/lancebroz/mlb-pitcher-data/main/data/raw/2026/daily/2026-03-27.parquet,False,2026-03-27,2026-03-27T23:10:00Z,COL,MIA,A,Kyle Freeland,True,STARTER,81,21,13,2,2,5,2,2,0,https://statsapi.mlb.com/api/v1.1/game/823893/feed/live,both,True,P,Pitcher,STARTER/OPENER/BULK,True,QA_VALIDATED_CANONICAL_V3
623474,20,5,40,48,136,164,Bot,823893,https://raw.githubusercontent.com/lancebroz/mlb-pitcher-data/main/data/raw/2026/daily/2026-03-27.parquet,False,2026-03-27,2026-03-27T23:10:00Z,COL,MIA,A,Jimmy Herget,False,RELIEF_OR_BULK,20,6,4,0,0,2,0,1,0,https://statsapi.mlb.com/api/v1.1/game/823893/feed/live,both,True,P,Pitcher,BULLPEN_PITCHER,True,QA_VALIDATED_CANONICAL_V3
645261,73,1,0,52,1,176,Top,823893,https://raw.githubusercontent.com/lancebroz/mlb-pitcher-data/main/data/raw/2026/daily/2026-03-27.parquet,False,2026-03-27,2026-03-27T23:10:00Z,MIA,COL,H,Sandy Alcantara,True,STARTER,73,25,21,1,0,4,2,5,0,https://statsapi.mlb.com/api/v1.1/game/823893/feed/live,both,True,P,Pitcher,STARTER/OPENER/BULK,True,QA_VALIDATED_CANONICAL_V3
657514,2,6,49,49,165,166,Bot,823893,https://raw.githubusercontent.com/lancebroz/mlb-pitcher-data/main/data/raw/2026/daily/2026-03-27.parquet,False,2026-03-27,2026-03-27T23:10:00Z,COL,MIA,A,Brennan Bernardino,False,RELIEF_OR_BULK,2,1,1,0,0,0,0,0,0,https://statsapi.mlb.com/api/v1.1/game/823893/feed/live,both,True,P,Pitcher,BULLPEN_PITCHER,True,QA_VALIDATED_CANONICAL_V3
664126,12,9,65,68,222,233,Top,823893,https://raw.githubusercontent.com/lancebroz/mlb-pitcher-data/main/data/raw/2026/daily/2026-03-27.parquet,False,2026-03-27,2026-03-27T23:10:00Z,MIA,COL,H,Pete Fairbanks,False,RELIEF_OR_BULK,12,4,3,0,0,1,0,1,0,https://statsapi.mlb.com/api/v1.1/game/823893/feed/live,both,True,P,Pitcher,BULLPEN_PITCHER,True,QA_VALIDATED_CANONICAL_V3
669622,12,8,59,60,194,205,Top,823893,https://raw.githubusercontent.com/lancebroz/mlb-pitcher-data/main/data/raw/2026/daily/2026-03-27.parquet,False,2026-03-27,2026-03-27T23:10:00Z,MIA,COL,H,Anthony Bender,False,RELIEF_OR_BULK,12,2,1,0,0,1,0,1,0,https://statsapi.mlb.com/api/v1.1/game/823893/feed/live,both,True,P,Pitcher,BULLPEN_PITCHER,True,QA_VALIDATED_CANONICAL_V3
675848,22,7,53,64,177,221,Bot,823893,https://raw.githubusercontent.com/lancebroz/mlb-pitcher-data/main/data/raw/2026/daily/2026-03-27.parquet,False,2026-03-27,2026-03-27T23:10:00Z,COL,MIA,A,Juan Mejia,False,RELIEF_OR_BULK,22,7,6,0,0,1,0,1,0,https://statsapi.mlb.com/api/v1.1/game/823893/feed/live,both,True,P,Pitcher,BULLPEN_PITCHER,True,QA_VALIDATED_CANONICAL_V3
677053,11,8,56,58,183,193,Top,823893,https://raw.githubusercontent.com/lancebroz/mlb-pitcher-data/main/data/raw/2026/daily/2026-03-27.parquet,False,2026-03-27,2026-03-27T23:10:00Z,MIA,COL,H,Andrew Nardi,False,RELIEF_OR_BULK,11,3,2,0,0,1,0,2,0,https://statsapi.mlb.com/api/v1.1/game/823893/feed/live,both,True,P,Pitcher,BULLPEN_PITCHER,True,QA_VALIDATED_CANONICAL_V3
455119,21,8,60,63,245,265,Bot,823967,https://raw.githubusercontent.com/lancebroz/mlb-pitcher-data/main/data/raw/2026/daily/2026-04-11.parquet,False,2026-04-11,2026-04-12T01:10:00Z,TEX,LAD,A,Chris Martin,False,RELIEF_OR_BULK,21,4,3,1,1,2,0,2,0,https://statsapi.mlb.com/api/v1.1/game/823967/feed/live,both,True,P,Pitcher,BULLPEN_PITCHER,True,QA_VALIDATED_CANONICAL_V3
595014,21,9,64,67,266,286,Top,823967,https://raw.githubusercontent.com/lancebroz/mlb-pitcher-data/main/data/raw/2026/daily/2026-04-11.parquet,False,2026-04-11,2026-04-12T01:10:00Z,LAD,TEX,H,Blake Treinen,False,RELIEF_OR_BULK,21,4,2,0,0,0,1,1,0,https://statsapi.mlb.com/api/v1.1/game/823967/feed/live,both,True,P,Pitcher,BULLPEN_PITCHER,True,QA_VALIDATED_CANONICAL_V3
641302,37,4,33,49,138,207,Bot,823967,https://raw.githubusercontent.com/lancebroz/mlb-pitcher-data/main/data/raw/2026/daily/2026-04-11.parquet,False,2026-04-11,2026-04-12T01:10:00Z,TEX,LAD,A,Tyler Alexander,False,RELIEF_OR_BULK,37,9,7,0,0,2,1,2,0,https://statsapi.mlb.com/api/v1.1/game/823967/feed/live,both,True,P,Pitcher,BULLPEN_PITCHER,True,QA_VALIDATED_CANONICAL_V3
656945,9,8,57,59,236,244,Top,823967,https://raw.githubusercontent.com/lancebroz/mlb-pitcher-data/main/data/raw/2026/daily/2026-04-11.parquet,False,2026-04-11,2026-04-12T01:10:00Z,LAD,TEX,H,Tanner Scott,False,RELIEF_OR_BULK,9,3,3,0,0,0,0,0,0,https://statsapi.mlb.com/api/v1.1/game/823967/feed/live,both,True,P,Pitcher,BULLPEN_PITCHER,True,QA_VALIDATED_CANONICAL_V3
676263,13,7,50,52,208,220,Top,823967,https://raw.githubusercontent.com/lancebroz/mlb-pitcher-data/main/data/raw/2026/daily/2026-04-11.parquet,False,2026-04-11,2026-04-12T01:10:00Z,LAD,TEX,H,Jack Dreyer,False,RELIEF_OR_BULK,13,3,3,0,0,0,0,3,0,https://statsapi.mlb.com/api/v1.1/game/823967/feed/live,both,True,P,Pitcher,BULLPEN_PITCHER,True,QA_VALIDATED_CANONICAL_V3
676395,15,7,53,56,221,235,Bot,823967,https://raw.githubusercontent.com/lancebroz/mlb-pitcher-data/main/data/raw/2026/daily/2026-04-11.parquet,False,2026-04-11,2026-04-12T01:10:00Z,TEX,LAD,A,Robert Garcia,False,RELIEF_OR_BULK,15,4,3,0,0,0,1,0,0,https://statsapi.mlb.com/api/v1.1/game/823967/feed/live,both,True,P,Pitcher,BULLPEN_PITCHER,True,QA_VALIDATED_CANONICAL_V3
681911,6,9,68,68,287,292,Top,823967,https://raw.githubusercontent.com/lancebroz/mlb-pitcher-data/main/data/raw/2026/daily/2026-04-11.parquet,False,2026-04-11,2026-04-12T01:10:00Z,LAD,TEX,H,Alex Vesia,False,RELIEF_OR_BULK,6,1,1,0,0,0,0,1,0,https://statsapi.mlb.com/api/v1.1/game/823967/feed/live,both,True,P,Pitcher,BULLPEN_PITCHER,True,QA_VALIDATED_CANONICAL_V3
683004,93,1,4,32,13,137,Bot,823967,https://raw.githubusercontent.com/lancebroz/mlb-pitcher-data/main/data/raw/2026/daily/2026-04-11.parquet,False,2026-04-11,2026-04-12T01:10:00Z,TEX,LAD,A,Jack Leiter,True,STARTER,93,19,11,5,5,5,4,4,2,https://statsapi.mlb.com/api/v1.1/game/823967/feed/live,both,True,P,Pitcher,STARTER/OPENER/BULK,True,QA_VALIDATED_CANONICAL_V3
686218,77,1,0,44,1,183,Top,823967,https://raw.githubusercontent.com/lancebroz/mlb-pitcher-data/main/data/raw/2026/daily/2026-04-11.parquet,False,2026-04-11,2026-04-12T01:10:00Z,LAD,TEX,H,Emmet Sheehan,True,STARTER,77,22,18,3,3,4,1,6,2,https://statsapi.mlb.com/api/v1.1/game/823967/feed/live,both,True,P,Pitcher,STARTER/OPENER/BULK,True,QA_VALIDATED_CANONICAL_V3
607192,100,1,0,44,1,183,Top,823968,https://raw.githubusercontent.com/lancebroz/mlb-pitcher-data/main/data/raw/2026/daily/2026-04-10.parquet,False,2026-04-10,2026-04-11T02:10:00Z,LAD,TEX,H,Tyler Glasnow,True,STARTER,100,24,18,4,4,5,1,7,2,https://statsapi.mlb.com/api/v1.1/game/823968/feed/live,both,True,P,Pitcher,STARTER/OPENER/BULK,True,QA_VALIDATED_CANONICAL_V3
621242,23,9,69,76,277,299,Top,823968,https://raw.githubusercontent.com/lancebroz/mlb-pitcher-data/main/data/raw/2026/daily/2026-04-10.parquet,False,2026-04-10,2026-04-11T02:10:00Z,LAD,TEX,H,Edwin Díaz,False,RELIEF_OR_BULK,23,8,3,3,3,4,1,2,1,https://statsapi.mlb.com/api/v1.1/game/823968/feed/live,both,True,P,Pitcher,BULLPEN_PITCHER,True,QA_VALIDATED_CANONICAL_V3
656222,18,7,55,58,228,245,Bot,823968,https://raw.githubusercontent.com/lancebroz/mlb-pitcher-data/main/data/raw/2026/daily/2026-04-10.parquet,False,2026-04-10,2026-04-11T02:10:00Z,TEX,LAD,A,Jalen Beeks,False,RELIEF_OR_BULK,18,4,3,0,0,2,0,0,0,https://statsapi.mlb.com/api/v1.1/game/823968/feed/live,both,True,P,Pitcher,BULLPEN_PITCHER,True,QA_VALIDATED_CANONICAL_V3
656641,16,9,77,79,300,315,Bot,823968,https://raw.githubusercontent.com/lancebroz/mlb-pitcher-data/main/data/raw/2026/daily/2026-04-10.parquet,False,2026-04-10,2026-04-11T02:10:00Z,TEX,LAD,A,Jacob Latz,False,RELIEF_OR_BULK,16,3,2,1,1,1,0,2,1,https://statsapi.mlb.com/api/v1.1/game/823968/feed/live,both,True,P,Pitcher,BULLPEN_PITCHER,True,QA_VALIDATED_CANONICAL_V3
656945,10,8,59,61,246,255,Top,823968,https://raw.githubusercontent.com/lancebroz/mlb-pitcher-data/main/data/raw/2026/daily/2026-04-10.parquet,False,2026-04-10,2026-04-11T02:10:00Z,LAD,TEX,H,Tanner Scott,False,RELIEF_OR_BULK,10,3,3,0,0,0,0,2,0,https://statsapi.mlb.com/api/v1.1/game/823968/feed/live,both,True,P,Pitcher,BULLPEN_PITCHER,True,QA_VALIDATED_CANONICAL_V3
676395,25,6,45,50,184,208,Bot,823968,https://raw.githubusercontent.com/lancebroz/mlb-pitcher-data/main/data/raw/2026/daily/2026-04-10.parquet,False,2026-04-10,2026-04-11T02:10:00Z,TEX,LAD,A,Robert Garcia,False,RELIEF_OR_BULK,25,6,3,2,2,3,1,0,0,https://statsapi.mlb.com/api/v1.1/game/823968/feed/live,both,True,P,Pitcher,BULLPEN_PITCHER,True,QA_VALIDATED_CANONICAL_V3
677958,83,1,3,41,14,172,Bot,823968,https://raw.githubusercontent.com/lancebroz/mlb-pitcher-data/main/data/raw/2026/daily/2026-04-10.parquet,False,2026-04-10,2026-04-11T02:10:00Z,TEX,LAD,A,Kumar Rocker,True,STARTER,83,21,15,3,3,5,2,5,2,https://statsapi.mlb.com/api/v1.1/game/823968/feed/live,both,True,P,Pitcher,STARTER/OPENER/BULK,True,QA_VALIDATED_CANONICAL_V3
681168,21,8,62,68,256,276,Bot,823968,https://raw.githubusercontent.com/lancebroz/mlb-pitcher-data/main/data/raw/2026/daily/2026-04-10.parquet,False,2026-04-10,2026-04-11T02:10:00Z,TEX,LAD,A,Luis Curvelo,False,RELIEF_OR_BULK,21,7,3,2,2,4,1,0,1,https://statsapi.mlb.com/api/v1.1/game/823968/feed/live,both,True,P,Pitcher,BULLPEN_PITCHER,True,QA_VALIDATED_CANONICAL_V3
681911,19,7,51,54,209,227,Top,823968,https://raw.githubusercontent.com/lancebroz/mlb-pitcher-data/main/data/raw/2026/daily/2026-04-10.parquet,False,2026-04-10,2026-04-11T02:10:00Z,LAD,TEX,H,Alex Vesia,False,RELIEF_OR_BULK,19,4,3,0,0,0,1,3,0,https://statsapi.mlb.com/api/v1.1/game/823968/feed/live,both,True,P,Pitcher,BULLPEN_PITCHER,True,QA_VALIDATED_CANONICAL_V3
621242,33,9,67,72,275,307,Top,823969,https://raw.githubusercontent.com/lancebroz/mlb-pitcher-data/main/data/raw/2026/daily/2026-03-31.parquet,False,2026-03-31,2026-04-01T02:10:00Z,LAD,CLE,H,Edwin Díaz,False,RELIEF_OR_BULK,33,6,3,1,1,1,1,2,0,https://statsapi.mlb.com/api/v1.1/game/823969/feed/live,both,True,P,Pitcher,BULLPEN_PITCHER,True,QA_VALIDATED_CANONICAL_V3
660271,87,1,0,44,1,180,Top,823969,https://raw.githubusercontent.com/lancebroz/mlb-pitcher-data/main/data/raw/2026/daily/2026-03-31.parquet,False,2026-03-31,2026-04-01T02:10:00Z,LAD,CLE,H,Shohei Ohtani,True,STARTER,87,23,18,0,0,1,3,6,0,https://statsapi.mlb.com/api/v1.1/game/823969/feed/live,both,True,TWP,Two-Way Player,STARTER/OPENER/BULK,True,QA_VALIDATED_CANONICAL_V3
663465,55,5,37,54,149,230,Bot,823969,https://raw.githubusercontent.com/lancebroz/mlb-pitcher-data/main/data/raw/2026/daily/2026-03-31.parquet,False,2026-03-31,2026-04-01T02:10:00Z,CLE,LAD,A,Kolby Allard,False,RELIEF_OR_BULK,55,11,8,1,1,2,1,5,1,https://statsapi.mlb.com/api/v1.1/game/823969/feed/live,both,True,P,Pitcher,BULLPEN_PITCHER,True,QA_VALIDATED_CANONICAL_V3
670036,29,7,55,66,231,274,Bot,823969,https://raw.githubusercontent.com/lancebroz/mlb-pitcher-data/main/data/raw/2026/daily/2026-03-31.parquet,False,2026-03-31,2026-04-01T02:10:00Z,CLE,LAD,A,Matt Festa,False,RELIEF_OR_BULK,29,8,4,2,2,4,0,2,0,https://statsapi.mlb.com/api/v1.1/game/823969/feed/live,both,True,P,Pitcher,BULLPEN_PITCHER,True,QA_VALIDATED_CANONICAL_V3
676263,15,8,56,59,235,249,Top,823969,https://raw.githubusercontent.com/lancebroz/mlb-pitcher-data/main/data/raw/2026/daily/2026-03-31.parquet,False,2026-03-31,2026-04-01T02:10:00Z,LAD,CLE,H,Jack Dreyer,False,RELIEF_OR_BULK,15,4,3,0,0,0,1,1,0,https://statsapi.mlb.com/api/v1.1/game/823969/feed/live,both,True,P,Pitcher,BULLPEN_PITCHER,True,QA_VALIDATED_CANONICAL_V3
676440,74,1,3,32,16,134,Bot,823969,https://raw.githubusercontent.com/lancebroz/mlb-pitcher-data/main/data/raw/2026/daily/2026-03-31.parquet,False,2026-03-31,2026-04-01T02:10:00Z,CLE,LAD,A,Tanner Bibee,True,STARTER,74,18,12,1,1,4,2,4,0,https://statsapi.mlb.com/api/v1.1/game/823969/feed/live,both,True,P,Pitcher,STARTER/OPENER/BULK,True,QA_VALIDATED_CANONICAL_V3
681911,14,7,49,51,206,219,Top,823969,https://raw.githubusercontent.com/lancebroz/mlb-pitcher-data/main/data/raw/2026/daily/2026-03-31.parquet,False,2026-03-31,2026-04-01T02:10:00Z,LAD,CLE,H,Alex Vesia,False,RELIEF_OR_BULK,14,3,3,0,0,0,0,1,0,https://statsapi.mlb.com/api/v1.1/game/823969/feed/live,both,True,P,Pitcher,BULLPEN_PITCHER,True,QA_VALIDATED_CANONICAL_V3
542888,19,8,54,57,217,235,Bot,823970,https://raw.githubusercontent.com/lancebroz/mlb-pitcher-data/main/data/raw/2026/daily/2026-04-01.parquet,False,2026-04-01,2026-04-02T00:20:00Z,CLE,LAD,A,Shawn Armstrong,False,RELIEF_OR_BULK,19,4,2,0,0,2,0,1,0,https://statsapi.mlb.com/api/v1.1/game/823970/feed/live,both,True,P,Pitcher,BULLPEN_PITCHER,True,QA_VALIDATED_CANONICAL_V3
595014,17,9,59,61,239,255,Top,823970,https://raw.githubusercontent.com/lancebroz/mlb-pitcher-data/main/data/raw/2026/daily/2026-04-01.parquet,False,2026-04-01,2026-04-02T00:20:00Z,LAD,CLE,H,Blake Treinen,False,RELIEF_OR_BULK,17,3,3,0,0,0,0,1,0,https://statsapi.mlb.com/api/v1.1/game/823970/feed/live,both,True,P,Pitcher,BULLPEN_PITCHER,True,QA_VALIDATED_CANONICAL_V3
656945,9,8,52,53,208,216,Top,823970,https://raw.githubusercontent.com/lancebroz/mlb-pitcher-data/main/data/raw/2026/daily/2026-04-01.parquet,False,2026-04-01,2026-04-02T00:20:00Z,LAD,CLE,H,Tanner Scott,False,RELIEF_OR_BULK,9,2,1,1,1,1,0,1,1,https://statsapi.mlb.com/api/v1.1/game/823970/feed/live,both,True,P,Pitcher,BULLPEN_PITCHER,True,QA_VALIDATED_CANONICAL_V3
668909,85,1,3,48,14,187,Bot,823970,https://raw.githubusercontent.com/lancebroz/mlb-pitcher-data/main/data/raw/2026/daily/2026-04-01.parquet,False,2026-04-01,2026-04-02T00:20:00Z,CLE,LAD,A,Gavin Williams,True,STARTER,85,23,21,0,0,2,3,10,0,https://statsapi.mlb.com/api/v1.1/game/823970/feed/live,both,True,P,Pitcher,STARTER/OPENER/BULK,True,QA_VALIDATED_CANONICAL_V3
671922,19,9,62,65,256,274,Bot,823970,https://raw.githubusercontent.com/lancebroz/mlb-pitcher-data/main/data/raw/2026/daily/2026-04-01.parquet,False,2026-04-01,2026-04-02T00:20:00Z,CLE,LAD,A,Cade Smith,False,RELIEF_OR_BULK,19,4,3,1,1,1,0,0,1,https://statsapi.mlb.com/api/v1.1/game/823970/feed/live,both,True,P,Pitcher,BULLPEN_PITCHER,True,QA_VALIDATED_CANONICAL_V3
681870,3,8,58,58,236,238,Bot,823970,https://raw.githubusercontent.com/lancebroz/mlb-pitcher-data/main/data/raw/2026/daily/2026-04-01.parquet,False,2026-04-01,2026-04-02T00:20:00Z,CLE,LAD,A,Erik Sabrowski,False,RELIEF_OR_BULK,3,1,1,0,0,0,0,1,0,https://statsapi.mlb.com/api/v1.1/game/823970/feed/live,both,True,P,Pitcher,BULLPEN_PITCHER,True,QA_VALIDATED_CANONICAL_V3
694361,35,7,42,51,163,207,Top,823970,https://raw.githubusercontent.com/lancebroz/mlb-pitcher-data/main/data/raw/2026/daily/2026-04-01.parquet,False,2026-04-01,2026-04-02T00:20:00Z,LAD,CLE,H,Will Klein,False,RELIEF_OR_BULK,35,7,5,1,1,1,2,1,0,https://statsapi.mlb.com/api/v1.1/game/823970/feed/live,both,True,P,Pitcher,BULLPEN_PITCHER,True,QA_VALIDATED_CANONICAL_V3
808967,87,1,0,37,1,149,Top,823970,https://raw.githubusercontent.com/lancebroz/mlb-pitcher-data/main/data/raw/2026/daily/2026-04-01.parquet,False,2026-04-01,2026-04-02T00:20:00Z,LAD,CLE,H,Yoshinobu Yamamoto,True,STARTER,87,22,18,2,2,4,1,2,1,https://statsapi.mlb.com/api/v1.1/game/823970/feed/live,both,True,P,Pitcher,STARTER/OPENER/BULK,True,QA_VALIDATED_CANONICAL_V3
621242,17,9,64,67,294,310,Top,823971,https://raw.githubusercontent.com/lancebroz/mlb-pitcher-data/main/data/raw/2026/daily/2026-03-27.parquet,False,2026-03-27,2026-03-28T02:10:00Z,LAD,AZ,H,Edwin Díaz,False,RELIEF_OR_BULK,17,4,3,0,0,0,1,2,0,https://statsapi.mlb.com/api/v1.1/game/823971/feed/live,both,True,P,Pitcher,BULLPEN_PITCHER,True,QA_VALIDATED_CANONICAL_V3
642528,14,5,40,48,193,236,Bot,823971,https://raw.githubusercontent.com/lancebroz/mlb-pitcher-data/main/data/raw/2026/daily/2026-03-27.parquet,False,2026-03-27,2026-03-28T02:10:00Z,AZ,LAD,A,Jonathan Loáisiga,False,RELIEF_OR_BULK,14,4,4,0,0,0,0,1,0,https://statsapi.mlb.com/api/v1.1/game/823971/feed/live,both,True,P,Pitcher,BULLPEN_PITCHER,True,QA_VALIDATED_CANONICAL_V3
656464,21,8,59,63,273,293,Bot,823971,https://raw.githubusercontent.com/lancebroz/mlb-pitcher-data/main/data/raw/2026/daily/2026-03-27.parquet,False,2026-03-27,2026-03-28T02:10:00Z,AZ,LAD,A,Kevin Ginkel,False,RELIEF_OR_BULK,21,5,3,1,1,2,0,0,0,https://statsapi.mlb.com/api/v1.1/game/823971/feed/live,both,True,P,Pitcher,BULLPEN_PITCHER,True,QA_VALIDATED_CANONICAL_V3
656945,6,6,45,45,221,226,Top,823971,https://raw.githubusercontent.com/lancebroz/mlb-pitcher-data/main/data/raw/2026/daily/2026-03-27.parquet,False,2026-03-27,2026-03-28T02:10:00Z,LAD,AZ,H,Tanner Scott,False,RELIEF_OR_BULK,6,1,1,0,0,0,0,1,0,https://statsapi.mlb.com/api/v1.1/game/823971/feed/live,both,True,P,Pitcher,BULLPEN_PITCHER,True,QA_VALIDATED_CANONICAL_V3
657044,7,7,53,55,253,259,Bot,823971,https://raw.githubusercontent.com/lancebroz/mlb-pitcher-data/main/data/raw/2026/daily/2026-03-27.parquet,False,2026-03-27,2026-03-28T02:10:00Z,AZ,LAD,A,Ryan Thompson,False,RELIEF_OR_BULK,7,3,3,0,0,0,0,0,0,https://statsapi.mlb.com/api/v1.1/game/823971/feed/live,both,True,P,Pitcher,BULLPEN_PITCHER,True,QA_VALIDATED_CANONICAL_V3
669194,83,1,3,39,20,192,Bot,823971,https://raw.githubusercontent.com/lancebroz/mlb-pitcher-data/main/data/raw/2026/daily/2026-03-27.parquet,False,2026-03-27,2026-03-28T02:10:00Z,AZ,LAD,A,Ryne Nelson,True,STARTER,83,19,14,4,4,2,3,4,2,https://statsapi.mlb.com/api/v1.1/game/823971/feed/live,both,True,P,Pitcher,STARTER/OPENER/BULK,True,QA_VALIDATED_CANONICAL_V3
676263,26,4,30,37,143,183,Top,823971,https://raw.githubusercontent.com/lancebroz/mlb-pitcher-data/main/data/raw/2026/daily/2026-03-27.parquet,False,2026-03-27,2026-03-28T02:10:00Z,LAD,AZ,H,Jack Dreyer,False,RELIEF_OR_BULK,26,5,5,0,0,1,0,1,0,https://statsapi.mlb.com/api/v1.1/game/823971/feed/live,both,True,P,Pitcher,BULLPEN_PITCHER,True,QA_VALIDATED_CANONICAL_V3
676508,24,6,41,44,197,220,Top,823971,https://raw.githubusercontent.com/lancebroz/mlb-pitcher-data/main/data/raw/2026/daily/2026-03-27.parquet,False,2026-03-27,2026-03-28T02:10:00Z,LAD,AZ,H,Ben Casparius,False,RELIEF_OR_BULK,24,4,2,0,0,1,1,1,0,https://statsapi.mlb.com/api/v1.1/game/823971/feed/live,both,True,P,Pitcher,BULLPEN_PITCHER,True,QA_VALIDATED_CANONICAL_V3
681911,16,7,49,52,237,252,Top,823971,https://raw.githubusercontent.com/lancebroz/mlb-pitcher-data/main/data/raw/2026/daily/2026-03-27.parquet,False,2026-03-27,2026-03-28T02:10:00Z,LAD,AZ,H,Alex Vesia,False,RELIEF_OR_BULK,16,4,3,0,0,1,0,0,0,https://statsapi.mlb.com/api/v1.1/game/823971/feed/live,both,True,P,Pitcher,BULLPEN_PITCHER,True,QA_VALIDATED_CANONICAL_V3
683618,13,8,56,58,260,272,Top,823971,https://raw.githubusercontent.com/lancebroz/mlb-pitcher-data/main/data/raw/2026/daily/2026-03-27.parquet,False,2026-03-27,2026-03-28T02:10:00Z,LAD,AZ,H,Edgardo Henriquez,False,RELIEF_OR_BULK,13,3,3,0,0,0,0,1,0,https://statsapi.mlb.com/api/v1.1/game/823971/feed/live,both,True,P,Pitcher,BULLPEN_PITCHER,True,QA_VALIDATED_CANONICAL_V3
686218,83,1,0,29,1,142,Top,823971,https://raw.githubusercontent.com/lancebroz/mlb-pitcher-data/main/data/raw/2026/daily/2026-03-27.parquet,False,2026-03-27,2026-03-28T02:10:00Z,LAD,AZ,H,Emmet Sheehan,True,STARTER,83,16,10,4,4,5,2,6,1,https://statsapi.mlb.com/api/v1.1/game/823971/feed/live,both,True,P,Pitcher,STARTER/OPENER/BULK,True,QA_VALIDATED_CANONICAL_V3
542888,12,7,53,56,209,220,Bot,823972,https://raw.githubusercontent.com/lancebroz/mlb-pitcher-data/main/data/raw/2026/daily/2026-03-30.parquet,False,2026-03-30,2026-03-31T02:10:00Z,CLE,LAD,A,Shawn Armstrong,False,RELIEF_OR_BULK,12,4,2,0,0,2,0,0,0,https://statsapi.mlb.com/api/v1.1/game/823972/feed/live,both,True,P,Pitcher,BULLPEN_PITCHER,True,QA_VALIDATED_CANONICAL_V3
656945,16,5,32,35,128,143,Top,823972,https://raw.githubusercontent.com/lancebroz/mlb-pitcher-data/main/data/raw/2026/daily/2026-03-30.parquet,False,2026-03-30,2026-03-31T02:10:00Z,LAD,CLE,H,Tanner Scott,False,RELIEF_OR_BULK,16,4,3,0,0,1,0,2,0,https://statsapi.mlb.com/api/v1.1/game/823972/feed/live,both,True,P,Pitcher,BULLPEN_PITCHER,True,QA_VALIDATED_CANONICAL_V3
671922,29,9,67,71,263,291,Bot,823972,https://raw.githubusercontent.com/lancebroz/mlb-pitcher-data/main/data/raw/2026/daily/2026-03-30.parquet,False,2026-03-30,2026-03-31T02:10:00Z,CLE,LAD,A,Cade Smith,False,RELIEF_OR_BULK,29,5,3,2,2,2,0,0,0,https://statsapi.mlb.com/api/v1.1/game/823972/feed/live,both,True,P,Pitcher,BULLPEN_PITCHER,True,QA_VALIDATED_CANONICAL_V3
680736,60,6,39,66,161,262,Top,823972,https://raw.githubusercontent.com/lancebroz/mlb-pitcher-data/main/data/raw/2026/daily/2026-03-30.parquet,False,2026-03-30,2026-03-31T02:10:00Z,LAD,CLE,H,Justin Wrobleski,False,RELIEF_OR_BULK,60,17,12,3,3,4,1,2,0,https://statsapi.mlb.com/api/v1.1/game/823972/feed/live,both,True,P,Pitcher,BULLPEN_PITCHER,True,QA_VALIDATED_CANONICAL_V3
681870,20,7,57,63,221,249,Bot,823972,https://raw.githubusercontent.com/lancebroz/mlb-pitcher-data/main/data/raw/2026/daily/2026-03-30.parquet,False,2026-03-30,2026-03-31T02:10:00Z,CLE,LAD,A,Erik Sabrowski,False,RELIEF_OR_BULK,20,4,4,0,0,0,0,1,0,https://statsapi.mlb.com/api/v1.1/game/823972/feed/live,both,True,P,Pitcher,BULLPEN_PITCHER,True,QA_VALIDATED_CANONICAL_V3
800048,76,1,4,44,22,179,Bot,823972,https://raw.githubusercontent.com/lancebroz/mlb-pitcher-data/main/data/raw/2026/daily/2026-03-30.parquet,False,2026-03-30,2026-03-31T02:10:00Z,CLE,LAD,A,Parker Messick,True,STARTER,76,20,18,0,0,5,0,5,0,https://statsapi.mlb.com/api/v1.1/game/823972/feed/live,both,True,P,Pitcher,STARTER/OPENER/BULK,True,QA_VALIDATED_CANONICAL_V3
808963,78,1,0,31,1,127,Top,823972,https://raw.githubusercontent.com/lancebroz/mlb-pitcher-data/main/data/raw/2026/daily/2026-03-30.parquet,False,2026-03-30,2026-03-31T02:10:00Z,LAD,CLE,H,Roki Sasaki,True,STARTER,78,18,12,1,1,4,2,4,0,https://statsapi.mlb.com/api/v1.1/game/823972/feed/live,both,True,P,Pitcher,STARTER/OPENER/BULK,True,QA_VALIDATED_CANONICAL_V3
593958,79,1,5,42,19,169,Bot,823973,https://raw.githubusercontent.com/lancebroz/mlb-pitcher-data/main/data/raw/2026/daily/2026-03-28.parquet,False,2026-03-28,2026-03-29T01:10:00Z,AZ,LAD,A,Eduardo Rodriguez,True,STARTER,79,20,15,1,0,4,2,5,0,https://statsapi.mlb.com/api/v1.1/game/823973/feed/live,both,True,P,Pitcher,STARTER/OPENER/BULK,True,QA_VALIDATED_CANONICAL_V3
605452,14,7,50,52,200,213,Bot,823973,https://raw.githubusercontent.com/lancebroz/mlb-pitcher-data/main/data/raw/2026/daily/2026-03-28.parquet,False,2026-03-28,2026-03-29T01:10:00Z,AZ,LAD,A,Joe Ross,False,RELIEF_OR_BULK,14,3,3,0,0,0,0,0,0,https://statsapi.mlb.com/api/v1.1/game/823973/feed/live,both,True,P,Pitcher,BULLPEN_PITCHER,True,QA_VALIDATED_CANONICAL_V3
607192,90,1,0,41,1,167,Top,823973,https://raw.githubusercontent.com/lancebroz/mlb-pitcher-data/main/data/raw/2026/daily/2026-03-28.parquet,False,2026-03-28,2026-03-29T01:10:00Z,LAD,AZ,H,Tyler Glasnow,True,STARTER,90,23,18,2,2,4,1,6,0,https://statsapi.mlb.com/api/v1.1/game/823973/feed/live,both,True,P,Pitcher,STARTER/OPENER/BULK,True,QA_VALIDATED_CANONICAL_V3
621242,10,9,62,64,256,265,Top,823973,https://raw.githubusercontent.com/lancebroz/mlb-pitcher-data/main/data/raw/2026/daily/2026-03-28.parquet,False,2026-03-28,2026-03-29T01:10:00Z,LAD,AZ,H,Edwin Díaz,False,RELIEF_OR_BULK,10,3,3,0,0,0,0,0,0,https://statsapi.mlb.com/api/v1.1/game/823973/feed/live,both,True,P,Pitcher,BULLPEN_PITCHER,True,QA_VALIDATED_CANONICAL_V3
623149,5,8,61,61,251,255,Bot,823973,https://raw.githubusercontent.com/lancebroz/mlb-pitcher-data/main/data/raw/2026/daily/2026-03-28.parquet,False,2026-03-28,2026-03-29T01:10:00Z,AZ,LAD,A,Paul Sewald,False,RELIEF_OR_BULK,5,1,1,0,0,0,0,0,0,https://statsapi.mlb.com/api/v1.1/game/823973/feed/live,both,True,P,Pitcher,BULLPEN_PITCHER,True,QA_VALIDATED_CANONICAL_V3
642528,18,6,43,46,170,187,Bot,823973,https://raw.githubusercontent.com/lancebroz/mlb-pitcher-data/main/data/raw/2026/daily/2026-03-28.parquet,False,2026-03-28,2026-03-29T01:10:00Z,AZ,LAD,A,Jonathan Loáisiga,False,RELIEF_OR_BULK,18,4,3,0,0,1,0,1,0,https://statsapi.mlb.com/api/v1.1/game/823973/feed/live,both,True,P,Pitcher,BULLPEN_PITCHER,True,QA_VALIDATED_CANONICAL_V3
666661,22,8,57,60,229,250,Bot,823973,https://raw.githubusercontent.com/lancebroz/mlb-pitcher-data/main/data/raw/2026/daily/2026-03-28.parquet,False,2026-03-28,2026-03-29T01:10:00Z,AZ,LAD,A,Juan Morillo,False,RELIEF_OR_BULK,22,4,2,2,2,1,1,0,1,https://statsapi.mlb.com/api/v1.1/game/823973/feed/live,both,True,P,Pitcher,BULLPEN_PITCHER,True,QA_VALIDATED_CANONICAL_V3
681911,12,7,47,49,188,199,Top,823973,https://raw.githubusercontent.com/lancebroz/mlb-pitcher-data/main/data/raw/2026/daily/2026-03-28.parquet,False,2026-03-28,2026-03-29T01:10:00Z,LAD,AZ,H,Alex Vesia,False,RELIEF_OR_BULK,12,3,3,0,0,0,0,0,0,https://statsapi.mlb.com/api/v1.1/game/823973/feed/live,both,True,P,Pitcher,BULLPEN_PITCHER,True,QA_VALIDATED_CANONICAL_V3
694361,15,8,53,56,214,228,Top,823973,https://raw.githubusercontent.com/lancebroz/mlb-pitcher-data/main/data/raw/2026/daily/2026-03-28.parquet,False,2026-03-28,2026-03-29T01:10:00Z,LAD,AZ,H,Will Klein,False,RELIEF_OR_BULK,15,4,3,0,0,1,0,1,0,https://statsapi.mlb.com/api/v1.1/game/823973/feed/live,both,True,P,Pitcher,BULLPEN_PITCHER,True,QA_VALIDATED_CANONICAL_V3
595014,15,7,49,52,200,214,Top,823974,https://raw.githubusercontent.com/lancebroz/mlb-pitcher-data/main/data/raw/2026/daily/2026-03-26.parquet,False,2026-03-26,2026-03-27T00:30:00Z,LAD,AZ,H,Blake Treinen,False,RELIEF_OR_BULK,15,4,3,0,0,1,0,1,0,https://statsapi.mlb.com/api/v1.1/game/823974/feed/live,both,True,P,Pitcher,BULLPEN_PITCHER,True,QA_VALIDATED_CANONICAL_V3
656945,8,9,69,71,273,280,Top,823974,https://raw.githubusercontent.com/lancebroz/mlb-pitcher-data/main/data/raw/2026/daily/2026-03-26.parquet,False,2026-03-26,2026-03-27T00:30:00Z,LAD,AZ,H,Tanner Scott,False,RELIEF_OR_BULK,8,3,3,0,0,0,0,0,0,https://statsapi.mlb.com/api/v1.1/game/823974/feed/live,both,True,P,Pitcher,BULLPEN_PITCHER,True,QA_VALIDATED_CANONICAL_V3
657044,11,6,46,48,189,199,Bot,823974,https://raw.githubusercontent.com/lancebroz/mlb-pitcher-data/main/data/raw/2026/daily/2026-03-26.parquet,False,2026-03-26,2026-03-27T00:30:00Z,AZ,LAD,A,Ryan Thompson,False,RELIEF_OR_BULK,11,3,3,0,0,0,0,1,0,https://statsapi.mlb.com/api/v1.1/game/823974/feed/live,both,True,P,Pitcher,BULLPEN_PITCHER,True,QA_VALIDATED_CANONICAL_V3
664199,16,7,53,57,215,230,Bot,823974,https://raw.githubusercontent.com/lancebroz/mlb-pitcher-data/main/data/raw/2026/daily/2026-03-26.parquet,False,2026-03-26,2026-03-27T00:30:00Z,AZ,LAD,A,Taylor Clarke,False,RELIEF_OR_BULK,16,5,1,4,4,3,0,0,1,https://statsapi.mlb.com/api/v1.1/game/823974/feed/live,both,True,P,Pitcher,BULLPEN_PITCHER,True,QA_VALIDATED_CANONICAL_V3
666661,17,5,38,42,157,173,Bot,823974,https://raw.githubusercontent.com/lancebroz/mlb-pitcher-data/main/data/raw/2026/daily/2026-03-26.parquet,False,2026-03-26,2026-03-27T00:30:00Z,AZ,LAD,A,Juan Morillo,False,RELIEF_OR_BULK,17,5,3,0,0,1,1,1,0,https://statsapi.mlb.com/api/v1.1/game/823974/feed/live,both,True,P,Pitcher,BULLPEN_PITCHER,True,QA_VALIDATED_CANONICAL_V3
668678,76,1,4,37,22,156,Bot,823974,https://raw.githubusercontent.com/lancebroz/mlb-pitcher-data/main/data/raw/2026/daily/2026-03-26.parquet,False,2026-03-26,2026-03-27T00:30:00Z,AZ,LAD,A,Zac Gallen,True,STARTER,76,19,12,4,4,5,2,2,1,https://statsapi.mlb.com/api/v1.1/game/823974/feed/live,both,True,P,Pitcher,STARTER/OPENER/BULK,True,QA_VALIDATED_CANONICAL_V3
694361,9,8,60,62,242,250,Top,823974,https://raw.githubusercontent.com/lancebroz/mlb-pitcher-data/main/data/raw/2026/daily/2026-03-26.parquet,False,2026-03-26,2026-03-27T00:30:00Z,LAD,AZ,H,Will Klein,False,RELIEF_OR_BULK,9,3,3,0,0,0,0,1,0,https://statsapi.mlb.com/api/v1.1/game/823974/feed/live,both,True,P,Pitcher,BULLPEN_PITCHER,True,QA_VALIDATED_CANONICAL_V3
694851,33,7,58,68,231,272,Bot,823974,https://raw.githubusercontent.com/lancebroz/mlb-pitcher-data/main/data/raw/2026/daily/2026-03-26.parquet,False,2026-03-26,2026-03-27T00:30:00Z,AZ,LAD,A,Andrew Hoffmann,False,RELIEF_OR_BULK,33,8,5,0,0,1,2,0,0,https://statsapi.mlb.com/api/v1.1/game/823974/feed/live,both,True,P,Pitcher,BULLPEN_PITCHER,True,QA_VALIDATED_CANONICAL_V3
808967,95,1,0,45,1,188,Top,823974,https://raw.githubusercontent.com/lancebroz/mlb-pitcher-data/main/data/raw/2026/daily/2026-03-26.parquet,False,2026-03-26,2026-03-27T00:30:00Z,LAD,AZ,H,Yoshinobu Yamamoto,True,STARTER,95,21,18,2,2,5,0,6,1,https://statsapi.mlb.com/api/v1.1/game/823974/feed/live,both,True,P,Pitcher,STARTER/OPENER/BULK,True,QA_VALIDATED_CANONICAL_V3
606303,7,7,63,63,249,255,Bot,824050,https://raw.githubusercontent.com/lancebroz/mlb-pitcher-data/main/data/raw/2026/daily/2026-04-08.parquet,False,2026-04-08,2026-04-08T20:07:00Z,ATL,LAA,A,Joel Payamps,False,RELIEF_OR_BULK,7,1,1,0,0,0,0,1,0,https://statsapi.mlb.com/api/v1.1/game/824050/feed/live,both,True,P,Pitcher,BULLPEN_PITCHER,True,QA_VALIDATED_CANONICAL_V3
608718,32,8,64,73,256,299,Top,824050,https://raw.githubusercontent.com/lancebroz/mlb-pitcher-data/main/data/raw/2026/daily/2026-04-08.parquet,False,2026-04-08,2026-04-08T20:07:00Z,LAA,ATL,H,Brent Suter,False,RELIEF_OR_BULK,32,7,6,0,0,1,1,2,0,https://statsapi.mlb.com/api/v1.1/game/824050/feed/live,both,True,P,Pitcher,BULLPEN_PITCHER,True,QA_VALIDATED_CANONICAL_V3
656550,99,1,4,62,21,248,Bot,824050,https://raw.githubusercontent.com/lancebroz/mlb-pitcher-data/main/data/raw/2026/daily/2026-04-08.parquet,False,2026-04-08,2026-04-08T20:07:00Z,ATL,LAA,A,Grant Holmes,True,STARTER,99,28,20,2,2,5,3,6,1,https://statsapi.mlb.com/api/v1.1/game/824050/feed/live,both,True,P,Pitcher,STARTER/OPENER/BULK,True,QA_VALIDATED_CANONICAL_V3
660761,24,8,68,77,276,311,Bot,824050,https://raw.githubusercontent.com/lancebroz/mlb-pitcher-data/main/data/raw/2026/daily/2026-04-08.parquet,False,2026-04-08,2026-04-08T20:07:00Z,ATL,LAA,A,José Suarez,False,RELIEF_OR_BULK,24,7,6,0,0,2,0,3,0,https://statsapi.mlb.com/api/v1.1/game/824050/feed/live,both,True,P,Pitcher,BULLPEN_PITCHER,True,QA_VALIDATED_CANONICAL_V3
666171,42,5,40,51,159,206,Top,824050,https://raw.githubusercontent.com/lancebroz/mlb-pitcher-data/main/data/raw/2026/daily/2026-04-08.parquet,False,2026-04-08,2026-04-08T20:07:00Z,LAA,ATL,H,Ryan Zeferjahn,False,RELIEF_OR_BULK,42,9,5,2,2,2,2,2,0,https://statsapi.mlb.com/api/v1.1/game/824050/feed/live,both,True,P,Pitcher,BULLPEN_PITCHER,True,QA_VALIDATED_CANONICAL_V3
672282,92,1,0,39,1,158,Top,824050,https://raw.githubusercontent.com/lancebroz/mlb-pitcher-data/main/data/raw/2026/daily/2026-04-08.parquet,False,2026-04-08,2026-04-08T20:07:00Z,LAA,ATL,H,Reid Detmers,True,STARTER,92,22,13,6,5,5,2,4,1,https://statsapi.mlb.com/api/v1.1/game/824050/feed/live,both,True,P,Pitcher,STARTER/OPENER/BULK,True,QA_VALIDATED_CANONICAL_V3
696147,15,7,55,58,218,232,Top,824050,https://raw.githubusercontent.com/lancebroz/mlb-pitcher-data/main/data/raw/2026/daily/2026-04-08.parquet,False,2026-04-08,2026-04-08T20:07:00Z,LAA,ATL,H,Sam Bachman,False,RELIEF_OR_BULK,15,4,3,0,0,0,1,1,0,https://statsapi.mlb.com/api/v1.1/game/824050/feed/live,both,True,P,Pitcher,BULLPEN_PITCHER,True,QA_VALIDATED_CANONICAL_V3
579328,97,1,1,40,1,332,Top,824051,https://baseballsavant.mlb.com/statcast_search/csv?all=true&type=details&game_pk=824051,True,2026-04-07,2026-04-08T01:38:00Z,LAA,ATL,H,Yusei Kikuchi,True,STARTER,97,22,15,4,4,6,1,8,0,https://statsapi.mlb.com/api/v1.1/game/824051/feed/live,both,True,P,Pitcher,STARTER/OPENER/BULK,True,QA_VALIDATED_CANONICAL_V3
607481,17,8,66,68,207,338,Bot,824051,https://baseballsavant.mlb.com/statcast_search/csv?all=true&type=details&game_pk=824051,True,2026-04-07,2026-04-08T01:38:00Z,ATL,LAA,A,Aaron Bummer,False,RELIEF_OR_BULK,17,3,1,0,0,0,1,0,0,https://statsapi.mlb.com/api/v1.1/game/824051/feed/live,both,True,P,Pitcher,BULLPEN_PITCHER,True,QA_VALIDATED_CANONICAL_V3
625643,80,1,4,44,18,339,Bot,824051,https://baseballsavant.mlb.com/statcast_search/csv?all=true&type=details&game_pk=824051,True,2026-04-07,2026-04-08T01:38:00Z,ATL,LAA,A,Reynaldo López,True,STARTER,80,21,14,2,0,3,2,7,1,https://statsapi.mlb.com/api/v1.1/game/824051/feed/live,both,True,P,Pitcher,STARTER/OPENER/BULK,True,QA_VALIDATED_CANONICAL_V3
628452,22,8,69,80,181,336,Bot,824051,https://baseballsavant.mlb.com/statcast_search/csv?all=true&type=details&game_pk=824051,True,2026-04-07,2026-04-08T01:38:00Z,ATL,LAA,A,Raisel Iglesias,False,RELIEF_OR_BULK,22,6,5,0,0,2,0,3,0,https://statsapi.mlb.com/api/v1.1/game/824051/feed/live,both,True,P,Pitcher,BULLPEN_PITCHER,True,QA_VALIDATED_CANONICAL_V3
641312,62,6,45,72,56,334,Top,824051,https://baseballsavant.mlb.com/statcast_search/csv?all=true&type=details&game_pk=824051,True,2026-04-07,2026-04-08T01:38:00Z,LAA,ATL,H,Shaun Anderson,False,RELIEF_OR_BULK,62,15,9,3,3,5,1,4,1,https://statsapi.mlb.com/api/v1.1/game/824051/feed/live,both,True,P,Pitcher,BULLPEN_PITCHER,True,QA_VALIDATED_CANONICAL_V3
641755,13,5,44,50,233,335,Bot,824051,https://baseballsavant.mlb.com/statcast_search/csv?all=true&type=details&game_pk=824051,True,2026-04-07,2026-04-08T01:38:00Z,ATL,LAA,A,Tyler Kinley,False,RELIEF_OR_BULK,13,3,2,0,0,1,0,2,0,https://statsapi.mlb.com/api/v1.1/game/824051/feed/live,both,True,P,Pitcher,BULLPEN_PITCHER,True,QA_VALIDATED_CANONICAL_V3
663158,26,7,56,59,163,337,Bot,824051,https://baseballsavant.mlb.com/statcast_search/csv?all=true&type=details&game_pk=824051,True,2026-04-07,2026-04-08T01:38:00Z,ATL,LAA,A,Robert Suarez,False,RELIEF_OR_BULK,26,4,3,0,0,0,1,2,0,https://statsapi.mlb.com/api/v1.1/game/824051/feed/live,both,True,P,Pitcher,BULLPEN_PITCHER,True,QA_VALIDATED_CANONICAL_V3
669276,9,6,51,52,265,333,Bot,824051,https://baseballsavant.mlb.com/statcast_search/csv?all=true&type=details&game_pk=824051,True,2026-04-07,2026-04-08T01:38:00Z,ATL,LAA,A,Dylan Lee,False,RELIEF_OR_BULK,9,2,2,0,0,0,0,0,0,https://statsapi.mlb.com/api/v1.1/game/824051/feed/live,both,True,P,Pitcher,BULLPEN_PITCHER,True,QA_VALIDATED_CANONICAL_V3
815083,14,9,73,76,221,340,Top,824051,https://baseballsavant.mlb.com/statcast_search/csv?all=true&type=details&game_pk=824051,True,2026-04-07,2026-04-08T01:38:00Z,LAA,ATL,H,Mitch Farris,False,RELIEF_OR_BULK,14,4,3,0,0,1,1,0,0,https://statsapi.mlb.com/api/v1.1/game/824051/feed/live,both,True,P,Pitcher,BULLPEN_PITCHER,True,QA_VALIDATED_CANONICAL_V3
519242,77,1,4,36,17,136,Bot,824052,https://raw.githubusercontent.com/lancebroz/mlb-pitcher-data/main/data/raw/2026/daily/2026-04-06.parquet,False,2026-04-06,2026-04-07T01:38:00Z,ATL,LAA,A,Chris Sale,True,STARTER,77,21,12,6,6,5,2,7,2,https://statsapi.mlb.com/api/v1.1/game/824052/feed/live,both,True,P,Pitcher,STARTER/OPENER/BULK,True,QA_VALIDATED_CANONICAL_V3
605447,3,9,64,64,239,241,Top,824052,https://raw.githubusercontent.com/lancebroz/mlb-pitcher-data/main/data/raw/2026/daily/2026-04-06.parquet,False,2026-04-06,2026-04-07T01:38:00Z,LAA,ATL,H,Jordan Romano,False,RELIEF_OR_BULK,3,1,1,0,0,0,0,0,0,https://statsapi.mlb.com/api/v1.1/game/824052/feed/live,both,True,P,Pitcher,BULLPEN_PITCHER,True,QA_VALIDATED_CANONICAL_V3
606303,11,5,37,39,137,147,Bot,824052,https://raw.githubusercontent.com/lancebroz/mlb-pitcher-data/main/data/raw/2026/daily/2026-04-06.parquet,False,2026-04-06,2026-04-07T01:38:00Z,ATL,LAA,A,Joel Payamps,False,RELIEF_OR_BULK,11,3,3,0,0,0,0,1,0,https://statsapi.mlb.com/api/v1.1/game/824052/feed/live,both,True,P,Pitcher,BULLPEN_PITCHER,True,QA_VALIDATED_CANONICAL_V3
607481,7,6,43,45,158,164,Bot,824052,https://raw.githubusercontent.com/lancebroz/mlb-pitcher-data/main/data/raw/2026/daily/2026-04-06.parquet,False,2026-04-06,2026-04-07T01:38:00Z,ATL,LAA,A,Aaron Bummer,False,RELIEF_OR_BULK,7,3,3,0,0,0,0,1,0,https://statsapi.mlb.com/api/v1.1/game/824052/feed/live,both,True,P,Pitcher,BULLPEN_PITCHER,True,QA_VALIDATED_CANONICAL_V3
667755,97,1,0,55,1,200,Top,824052,https://raw.githubusercontent.com/lancebroz/mlb-pitcher-data/main/data/raw/2026/daily/2026-04-06.parquet,False,2026-04-06,2026-04-07T01:38:00Z,LAA,ATL,H,José Soriano,True,STARTER,97,26,24,1,1,3,0,10,1,https://statsapi.mlb.com/api/v1.1/game/824052/feed/live,both,True,P,Pitcher,STARTER/OPENER/BULK,True,QA_VALIDATED_CANONICAL_V3
674370,18,7,49,58,178,210,Bot,824052,https://raw.githubusercontent.com/lancebroz/mlb-pitcher-data/main/data/raw/2026/daily/2026-04-06.parquet,False,2026-04-06,2026-04-07T01:38:00Z,ATL,LAA,A,Osvaldo Bido,False,RELIEF_OR_BULK,18,6,6,0,0,0,0,1,0,https://statsapi.mlb.com/api/v1.1/game/824052/feed/live,both,True,P,Pitcher,BULLPEN_PITCHER,True,QA_VALIDATED_CANONICAL_V3
681217,28,9,59,63,211,238,Top,824052,https://raw.githubusercontent.com/lancebroz/mlb-pitcher-data/main/data/raw/2026/daily/2026-04-06.parquet,False,2026-04-06,2026-04-07T01:38:00Z,LAA,ATL,H,Chase Silseth,False,RELIEF_OR_BULK,28,5,2,1,1,2,1,1,1,https://statsapi.mlb.com/api/v1.1/game/824052/feed/live,both,True,P,Pitcher,BULLPEN_PITCHER,True,QA_VALIDATED_CANONICAL_V3
608718,39,5,46,64,82,372,Top,824053,https://baseballsavant.mlb.com/statcast_search/csv?all=true&type=details&game_pk=824053,True,2026-04-05,2026-04-05T20:07:00Z,LAA,SEA,H,Brent Suter,False,RELIEF_OR_BULK,39,8,7,1,1,1,1,3,1,https://statsapi.mlb.com/api/v1.1/game/824053/feed/live,both,True,P,Pitcher,BULLPEN_PITCHER,True,QA_VALIDATED_CANONICAL_V3
622491,84,1,5,40,1,370,Bot,824053,https://baseballsavant.mlb.com/statcast_search/csv?all=true&type=details&game_pk=824053,True,2026-04-05,2026-04-05T20:07:00Z,SEA,LAA,A,Luis Castillo,True,STARTER,84,20,11,4,3,6,1,4,0,https://statsapi.mlb.com/api/v1.1/game/824053/feed/live,both,True,P,Pitcher,STARTER/OPENER/BULK,True,QA_VALIDATED_CANONICAL_V3
641312,27,10,83,93,120,374,Top,824053,https://baseballsavant.mlb.com/statcast_search/csv?all=true&type=details&game_pk=824053,True,2026-04-05,2026-04-05T20:07:00Z,LAA,SEA,H,Shaun Anderson,False,RELIEF_OR_BULK,27,8,6,1,0,1,1,1,0,https://statsapi.mlb.com/api/v1.1/game/824053/feed/live,both,True,P,Pitcher,BULLPEN_PITCHER,True,QA_VALIDATED_CANONICAL_V3
642100,3,11,95,96,350,369,Bot,824053,https://baseballsavant.mlb.com/statcast_search/csv?all=true&type=details&game_pk=824053,True,2026-04-05,2026-04-05T20:07:00Z,SEA,LAA,A,Gabe Speier,False,RELIEF_OR_BULK,3,3,2,1,0,0,1,0,0,https://statsapi.mlb.com/api/v1.1/game/824053/feed/live,both,True,P,Pitcher,BULLPEN_PITCHER,True,QA_VALIDATED_CANONICAL_V3
662253,16,9,80,82,206,364,Bot,824053,https://baseballsavant.mlb.com/statcast_search/csv?all=true&type=details&game_pk=824053,True,2026-04-05,2026-04-05T20:07:00Z,SEA,LAA,A,Andrés Muñoz,False,RELIEF_OR_BULK,16,3,3,0,0,0,0,1,0,https://statsapi.mlb.com/api/v1.1/game/824053/feed/live,both,True,P,Pitcher,BULLPEN_PITCHER,True,QA_VALIDATED_CANONICAL_V3
666171,27,3,27,46,121,365,Top,824053,https://baseballsavant.mlb.com/statcast_search/csv?all=true&type=details&game_pk=824053,True,2026-04-05,2026-04-05T20:07:00Z,LAA,SEA,H,Ryan Zeferjahn,False,RELIEF_OR_BULK,27,8,6,2,2,0,1,5,0,https://statsapi.mlb.com/api/v1.1/game/824053/feed/live,both,True,P,Pitcher,BULLPEN_PITCHER,True,QA_VALIDATED_CANONICAL_V3
666374,10,10,86,88,266,366,Bot,824053,https://baseballsavant.mlb.com/statcast_search/csv?all=true&type=details&game_pk=824053,True,2026-04-05,2026-04-05T20:07:00Z,SEA,LAA,A,Matt Brash,False,RELIEF_OR_BULK,10,3,3,1,0,0,0,1,0,https://statsapi.mlb.com/api/v1.1/game/824053/feed/live,both,True,P,Pitcher,BULLPEN_PITCHER,True,QA_VALIDATED_CANONICAL_V3
668984,26,7,65,74,129,375,Bot,824053,https://baseballsavant.mlb.com/statcast_search/csv?all=true&type=details&game_pk=824053,True,2026-04-05,2026-04-05T20:07:00Z,SEA,LAA,A,Casey Legumina,False,RELIEF_OR_BULK,26,7,6,0,0,1,0,0,0,https://statsapi.mlb.com/api/v1.1/game/824053/feed/live,both,True,P,Pitcher,BULLPEN_PITCHER,True,QA_VALIDATED_CANONICAL_V3
677961,23,5,54,61,145,368,Bot,824053,https://baseballsavant.mlb.com/statcast_search/csv?all=true&type=details&game_pk=824053,True,2026-04-05,2026-04-05T20:07:00Z,SEA,LAA,A,Cole Wilcox,False,RELIEF_OR_BULK,23,5,4,0,0,0,1,2,0,https://statsapi.mlb.com/api/v1.1/game/824053/feed/live,both,True,P,Pitcher,BULLPEN_PITCHER,True,QA_VALIDATED_CANONICAL_V3
678606,19,4,41,53,179,367,Bot,824053,https://baseballsavant.mlb.com/statcast_search/csv?all=true&type=details&game_pk=824053,True,2026-04-05,2026-04-05T20:07:00Z,SEA,LAA,A,José A. Ferrer,False,RELIEF_OR_BULK,19,7,3,2,2,4,0,1,0,https://statsapi.mlb.com/api/v1.1/game/824053/feed/live,both,True,P,Pitcher,BULLPEN_PITCHER,True,QA_VALIDATED_CANONICAL_V3
691946,73,1,1,26,12,371,Top,824053,https://baseballsavant.mlb.com/statcast_search/csv?all=true&type=details&game_pk=824053,True,2026-04-05,2026-04-05T20:07:00Z,LAA,SEA,H,George Klassen,True,STARTER,73,16,8,2,2,3,5,4,0,https://statsapi.mlb.com/api/v1.1/game/824053/feed/live,both,True,P,Pitcher,STARTER/OPENER/BULK,True,QA_VALIDATED_CANONICAL_V3
696147,28,8,68,79,113,373,Top,824053,https://baseballsavant.mlb.com/statcast_search/csv?all=true&type=details&game_pk=824053,True,2026-04-05,2026-04-05T20:07:00Z,LAA,SEA,H,Sam Bachman,False,RELIEF_OR_BULK,28,7,6,1,1,2,0,2,0,https://statsapi.mlb.com/api/v1.1/game/824053/feed/live,both,True,P,Pitcher,BULLPEN_PITCHER,True,QA_VALIDATED_CANONICAL_V3
519141,4,8,59,59,213,216,Top,824054,https://raw.githubusercontent.com/lancebroz/mlb-pitcher-data/main/data/raw/2026/daily/2026-04-04.parquet,False,2026-04-04,2026-04-05T01:38:00Z,LAA,SEA,H,Drew Pomeranz,False,RELIEF_OR_BULK,4,1,1,0,0,0,0,0,0,https://statsapi.mlb.com/api/v1.1/game/824054/feed/live,both,True,P,Pitcher,BULLPEN_PITCHER,True,QA_VALIDATED_CANONICAL_V3
605447,15,9,63,65,233,247,Top,824054,https://raw.githubusercontent.com/lancebroz/mlb-pitcher-data/main/data/raw/2026/daily/2026-04-04.parquet,False,2026-04-04,2026-04-05T01:38:00Z,LAA,SEA,H,Jordan Romano,False,RELIEF_OR_BULK,15,3,3,0,0,0,0,1,0,https://statsapi.mlb.com/api/v1.1/game/824054/feed/live,both,True,P,Pitcher,BULLPEN_PITCHER,True,QA_VALIDATED_CANONICAL_V3
660825,25,7,54,62,196,232,Bot,824054,https://raw.githubusercontent.com/lancebroz/mlb-pitcher-data/main/data/raw/2026/daily/2026-04-04.parquet,False,2026-04-04,2026-04-05T01:38:00Z,SEA,LAA,A,Eduard Bazardo,False,RELIEF_OR_BULK,25,5,4,0,0,1,0,2,0,https://statsapi.mlb.com/api/v1.1/game/824054/feed/live,both,True,P,Pitcher,BULLPEN_PITCHER,True,QA_VALIDATED_CANONICAL_V3
664192,11,6,42,47,148,165,Top,824054,https://raw.githubusercontent.com/lancebroz/mlb-pitcher-data/main/data/raw/2026/daily/2026-04-04.parquet,False,2026-04-04,2026-04-05T01:38:00Z,LAA,SEA,H,Joey Lucchesi,False,RELIEF_OR_BULK,11,3,1,0,0,0,1,0,0,https://statsapi.mlb.com/api/v1.1/game/824054/feed/live,both,True,P,Pitcher,BULLPEN_PITCHER,True,QA_VALIDATED_CANONICAL_V3
676106,82,1,5,53,18,195,Bot,824054,https://raw.githubusercontent.com/lancebroz/mlb-pitcher-data/main/data/raw/2026/daily/2026-04-04.parquet,False,2026-04-04,2026-04-05T01:38:00Z,SEA,LAA,A,Emerson Hancock,True,STARTER,82,24,20,1,1,6,0,5,1,https://statsapi.mlb.com/api/v1.1/game/824054/feed/live,both,True,P,Pitcher,STARTER/OPENER/BULK,True,QA_VALIDATED_CANONICAL_V3
681217,16,7,48,50,166,181,Top,824054,https://raw.githubusercontent.com/lancebroz/mlb-pitcher-data/main/data/raw/2026/daily/2026-04-04.parquet,False,2026-04-04,2026-04-05T01:38:00Z,LAA,SEA,H,Chase Silseth,False,RELIEF_OR_BULK,16,3,3,0,0,0,0,2,0,https://statsapi.mlb.com/api/v1.1/game/824054/feed/live,both,True,P,Pitcher,BULLPEN_PITCHER,True,QA_VALIDATED_CANONICAL_V3
686799,86,1,0,41,1,147,Top,824054,https://raw.githubusercontent.com/lancebroz/mlb-pitcher-data/main/data/raw/2026/daily/2026-04-04.parquet,False,2026-04-04,2026-04-05T01:38:00Z,LAA,SEA,H,Jack Kochanowicz,True,STARTER,86,23,17,0,0,4,2,7,0,https://statsapi.mlb.com/api/v1.1/game/824054/feed/live,both,True,P,Pitcher,STARTER/OPENER/BULK,True,QA_VALIDATED_CANONICAL_V3
696147,8,8,56,58,205,212,Top,824054,https://raw.githubusercontent.com/lancebroz/mlb-pitcher-data/main/data/raw/2026/daily/2026-04-04.parquet,False,2026-04-04,2026-04-05T01:38:00Z,LAA,SEA,H,Sam Bachman,False,RELIEF_OR_BULK,8,3,2,0,0,1,0,0,0,https://statsapi.mlb.com/api/v1.1/game/824054/feed/live,both,True,P,Pitcher,BULLPEN_PITCHER,True,QA_VALIDATED_CANONICAL_V3
519141,17,8,50,54,197,213,Top,824056,https://raw.githubusercontent.com/lancebroz/mlb-pitcher-data/main/data/raw/2026/daily/2026-04-03.parquet,False,2026-04-03,2026-04-04T01:38:00Z,LAA,SEA,H,Drew Pomeranz,False,RELIEF_OR_BULK,17,5,3,0,0,1,1,0,0,https://statsapi.mlb.com/api/v1.1/game/824056/feed/live,both,True,P,Pitcher,BULLPEN_PITCHER,True,QA_VALIDATED_CANONICAL_V3
605447,16,9,58,60,226,241,Top,824056,https://raw.githubusercontent.com/lancebroz/mlb-pitcher-data/main/data/raw/2026/daily/2026-04-03.parquet,False,2026-04-03,2026-04-04T01:38:00Z,LAA,SEA,H,Jordan Romano,False,RELIEF_OR_BULK,16,3,3,0,0,0,0,2,0,https://statsapi.mlb.com/api/v1.1/game/824056/feed/live,both,True,P,Pitcher,BULLPEN_PITCHER,True,QA_VALIDATED_CANONICAL_V3
608718,26,10,64,70,258,283,Top,824056,https://raw.githubusercontent.com/lancebroz/mlb-pitcher-data/main/data/raw/2026/daily/2026-04-03.parquet,False,2026-04-03,2026-04-04T01:38:00Z,LAA,SEA,H,Brent Suter,False,RELIEF_OR_BULK,26,7,3,3,2,3,1,0,0,https://statsapi.mlb.com/api/v1.1/game/824056/feed/live,both,True,P,Pitcher,BULLPEN_PITCHER,True,QA_VALIDATED_CANONICAL_V3
642100,12,10,71,73,284,295,Bot,824056,https://raw.githubusercontent.com/lancebroz/mlb-pitcher-data/main/data/raw/2026/daily/2026-04-03.parquet,False,2026-04-03,2026-04-04T01:38:00Z,SEA,LAA,A,Gabe Speier,False,RELIEF_OR_BULK,12,3,3,1,0,0,0,1,0,https://statsapi.mlb.com/api/v1.1/game/824056/feed/live,both,True,P,Pitcher,BULLPEN_PITCHER,True,QA_VALIDATED_CANONICAL_V3
662253,16,9,61,63,242,257,Bot,824056,https://raw.githubusercontent.com/lancebroz/mlb-pitcher-data/main/data/raw/2026/daily/2026-04-03.parquet,False,2026-04-03,2026-04-04T01:38:00Z,SEA,LAA,A,Andrés Muñoz,False,RELIEF_OR_BULK,16,3,3,0,0,0,0,3,0,https://statsapi.mlb.com/api/v1.1/game/824056/feed/live,both,True,P,Pitcher,BULLPEN_PITCHER,True,QA_VALIDATED_CANONICAL_V3
666374,12,8,55,57,214,225,Bot,824056,https://raw.githubusercontent.com/lancebroz/mlb-pitcher-data/main/data/raw/2026/daily/2026-04-03.parquet,False,2026-04-03,2026-04-04T01:38:00Z,SEA,LAA,A,Matt Brash,False,RELIEF_OR_BULK,12,3,3,0,0,0,0,2,0,https://statsapi.mlb.com/api/v1.1/game/824056/feed/live,both,True,P,Pitcher,BULLPEN_PITCHER,True,QA_VALIDATED_CANONICAL_V3
672282,104,1,0,45,1,184,Top,824056,https://raw.githubusercontent.com/lancebroz/mlb-pitcher-data/main/data/raw/2026/daily/2026-04-03.parquet,False,2026-04-03,2026-04-04T01:38:00Z,LAA,SEA,H,Reid Detmers,True,STARTER,104,26,20,0,0,3,4,4,0,https://statsapi.mlb.com/api/v1.1/game/824056/feed/live,both,True,P,Pitcher,STARTER/OPENER/BULK,True,QA_VALIDATED_CANONICAL_V3
681217,5,7,46,46,185,189,Top,824056,https://raw.githubusercontent.com/lancebroz/mlb-pitcher-data/main/data/raw/2026/daily/2026-04-03.parquet,False,2026-04-03,2026-04-04T01:38:00Z,LAA,SEA,H,Chase Silseth,False,RELIEF_OR_BULK,5,1,1,0,0,0,0,1,0,https://statsapi.mlb.com/api/v1.1/game/824056/feed/live,both,True,P,Pitcher,BULLPEN_PITCHER,True,QA_VALIDATED_CANONICAL_V3
693433,87,1,3,49,13,196,Bot,824056,https://raw.githubusercontent.com/lancebroz/mlb-pitcher-data/main/data/raw/2026/daily/2026-04-03.parquet,False,2026-04-03,2026-04-04T01:38:00Z,SEA,LAA,A,Bryan Woo,True,STARTER,87,23,21,0,0,1,1,6,0,https://statsapi.mlb.com/api/v1.1/game/824056/feed/live,both,True,P,Pitcher,STARTER/OPENER/BULK,True,QA_VALIDATED_CANONICAL_V3
621381,7,8,50,52,171,177,Top,824128,https://raw.githubusercontent.com/lancebroz/mlb-pitcher-data/main/data/raw/2026/daily/2026-04-10.parquet,False,2026-04-10,2026-04-10T23:40:00Z,KC,CWS,H,Matt Strahm,False,RELIEF_OR_BULK,7,3,3,0,0,0,0,0,0,https://statsapi.mlb.com/api/v1.1/game/824128/feed/live,both,True,P,Pitcher,BULLPEN_PITCHER,True,QA_VALIDATED_CANONICAL_V3
663436,82,1,4,49,24,170,Bot,824128,https://raw.githubusercontent.com/lancebroz/mlb-pitcher-data/main/data/raw/2026/daily/2026-04-10.parquet,False,2026-04-10,2026-04-10T23:40:00Z,CWS,KC,A,Davis Martin,True,STARTER,82,26,21,2,2,7,0,3,1,https://statsapi.mlb.com/api/v1.1/game/824128/feed/live,both,True,P,Pitcher,STARTER/OPENER/BULK,True,QA_VALIDATED_CANONICAL_V3
663460,88,1,0,44,1,156,Top,824128,https://raw.githubusercontent.com/lancebroz/mlb-pitcher-data/main/data/raw/2026/daily/2026-04-10.parquet,False,2026-04-10,2026-04-10T23:40:00Z,KC,CWS,H,Kris Bubic,True,STARTER,88,24,21,0,0,2,1,11,0,https://statsapi.mlb.com/api/v1.1/game/824128/feed/live,both,True,P,Pitcher,STARTER/OPENER/BULK,True,QA_VALIDATED_CANONICAL_V3
668674,10,9,56,58,192,201,Top,824128,https://raw.githubusercontent.com/lancebroz/mlb-pitcher-data/main/data/raw/2026/daily/2026-04-10.parquet,False,2026-04-10,2026-04-10T23:40:00Z,KC,CWS,H,Lucas Erceg,False,RELIEF_OR_BULK,10,3,3,0,0,0,0,0,0,https://statsapi.mlb.com/api/v1.1/game/824128/feed/live,both,True,P,Pitcher,BULLPEN_PITCHER,True,QA_VALIDATED_CANONICAL_V3
701474,14,8,53,55,178,191,Bot,824128,https://raw.githubusercontent.com/lancebroz/mlb-pitcher-data/main/data/raw/2026/daily/2026-04-10.parquet,False,2026-04-10,2026-04-10T23:40:00Z,CWS,KC,A,Duncan Davitt,False,RELIEF_OR_BULK,14,3,3,0,0,0,1,0,0,https://statsapi.mlb.com/api/v1.1/game/824128/feed/live,both,True,P,Pitcher,BULLPEN_PITCHER,True,QA_VALIDATED_CANONICAL_V3
607200,85,1,4,38,12,144,Bot,824129,https://raw.githubusercontent.com/lancebroz/mlb-pitcher-data/main/data/raw/2026/daily/2026-04-11.parquet,False,2026-04-11,2026-04-11T20:10:00Z,CWS,KC,A,Erick Fedde,True,STARTER,85,21,15,1,1,3,1,4,1,https://statsapi.mlb.com/api/v1.1/game/824129/feed/live,both,True,P,Pitcher,STARTER/OPENER/BULK,True,QA_VALIDATED_CANONICAL_V3
608379,88,1,0,54,1,196,Top,824129,https://raw.githubusercontent.com/lancebroz/mlb-pitcher-data/main/data/raw/2026/daily/2026-04-11.parquet,False,2026-04-11,2026-04-11T20:10:00Z,KC,CWS,H,Michael Wacha,True,STARTER,88,28,24,0,0,4,1,7,0,https://statsapi.mlb.com/api/v1.1/game/824129/feed/live,both,True,P,Pitcher,STARTER/OPENER/BULK,True,QA_VALIDATED_CANONICAL_V3
656794,23,6,42,51,152,188,Bot,824129,https://raw.githubusercontent.com/lancebroz/mlb-pitcher-data/main/data/raw/2026/daily/2026-04-11.parquet,False,2026-04-11,2026-04-11T20:10:00Z,CWS,KC,A,Sean Newcomb,False,RELIEF_OR_BULK,23,6,6,0,0,0,0,1,0,https://statsapi.mlb.com/api/v1.1/game/824129/feed/live,both,True,P,Pitcher,BULLPEN_PITCHER,True,QA_VALIDATED_CANONICAL_V3
663855,16,8,55,58,197,212,Bot,824129,https://raw.githubusercontent.com/lancebroz/mlb-pitcher-data/main/data/raw/2026/daily/2026-04-11.parquet,False,2026-04-11,2026-04-11T20:10:00Z,CWS,KC,A,Jordan Hicks,False,RELIEF_OR_BULK,16,4,3,1,1,1,0,1,0,https://statsapi.mlb.com/api/v1.1/game/824129/feed/live,both,True,P,Pitcher,BULLPEN_PITCHER,True,QA_VALIDATED_CANONICAL_V3
668674,12,9,59,61,213,224,Top,824129,https://raw.githubusercontent.com/lancebroz/mlb-pitcher-data/main/data/raw/2026/daily/2026-04-11.parquet,False,2026-04-11,2026-04-11T20:10:00Z,KC,CWS,H,Lucas Erceg,False,RELIEF_OR_BULK,12,3,3,0,0,0,0,1,0,https://statsapi.mlb.com/api/v1.1/game/824129/feed/live,both,True,P,Pitcher,BULLPEN_PITCHER,True,QA_VALIDATED_CANONICAL_V3
607625,92,1,0,48,1,196,Top,824130,https://raw.githubusercontent.com/lancebroz/mlb-pitcher-data/main/data/raw/2026/daily/2026-04-09.parquet,False,2026-04-09,2026-04-09T23:40:00Z,KC,CWS,H,Seth Lugo,True,STARTER,92,24,19,2,1,4,4,4,0,https://statsapi.mlb.com/api/v1.1/game/824130/feed/live,both,True,P,Pitcher,STARTER/OPENER/BULK,True,QA_VALIDATED_CANONICAL_V3
622554,15,9,69,72,271,285,Bot,824130,https://raw.githubusercontent.com/lancebroz/mlb-pitcher-data/main/data/raw/2026/daily/2026-04-09.parquet,False,2026-04-09,2026-04-09T23:40:00Z,CWS,KC,A,Seranthony Domínguez,False,RELIEF_OR_BULK,15,4,3,0,0,0,1,2,0,https://statsapi.mlb.com/api/v1.1/game/824130/feed/live,both,True,P,Pitcher,BULLPEN_PITCHER,True,QA_VALIDATED_CANONICAL_V3
641743,100,1,4,44,18,180,Bot,824130,https://raw.githubusercontent.com/lancebroz/mlb-pitcher-data/main/data/raw/2026/daily/2026-04-09.parquet,False,2026-04-09,2026-04-09T23:40:00Z,CWS,KC,A,Anthony Kay,True,STARTER,100,24,17,0,0,3,2,6,0,https://statsapi.mlb.com/api/v1.1/game/824130/feed/live,both,True,P,Pitcher,STARTER/OPENER/BULK,True,QA_VALIDATED_CANONICAL_V3
669212,27,8,57,68,226,270,Top,824130,https://raw.githubusercontent.com/lancebroz/mlb-pitcher-data/main/data/raw/2026/daily/2026-04-09.parquet,False,2026-04-09,2026-04-09T23:40:00Z,KC,CWS,H,Eli Morgan,False,RELIEF_OR_BULK,27,8,6,0,0,1,1,1,0,https://statsapi.mlb.com/api/v1.1/game/824130/feed/live,both,True,P,Pitcher,BULLPEN_PITCHER,True,QA_VALIDATED_CANONICAL_V3
670167,11,7,49,51,197,207,Top,824130,https://raw.githubusercontent.com/lancebroz/mlb-pitcher-data/main/data/raw/2026/daily/2026-04-09.parquet,False,2026-04-09,2026-04-09T23:40:00Z,KC,CWS,H,John Schreiber,False,RELIEF_OR_BULK,11,3,2,0,0,0,0,0,0,https://statsapi.mlb.com/api/v1.1/game/824130/feed/live,both,True,P,Pitcher,BULLPEN_PITCHER,True,QA_VALIDATED_CANONICAL_V3
673929,18,8,61,64,243,260,Bot,824130,https://raw.githubusercontent.com/lancebroz/mlb-pitcher-data/main/data/raw/2026/daily/2026-04-09.parquet,False,2026-04-09,2026-04-09T23:40:00Z,CWS,KC,A,Jordan Leasure,False,RELIEF_OR_BULK,18,4,3,0,0,0,1,2,0,https://statsapi.mlb.com/api/v1.1/game/824130/feed/live,both,True,P,Pitcher,BULLPEN_PITCHER,True,QA_VALIDATED_CANONICAL_V3
691799,22,6,45,56,181,225,Bot,824130,https://raw.githubusercontent.com/lancebroz/mlb-pitcher-data/main/data/raw/2026/daily/2026-04-09.parquet,False,2026-04-09,2026-04-09T23:40:00Z,CWS,KC,A,Grant Taylor,False,RELIEF_OR_BULK,22,6,4,0,0,2,0,1,0,https://statsapi.mlb.com/api/v1.1/game/824130/feed/live,both,True,P,Pitcher,BULLPEN_PITCHER,True,QA_VALIDATED_CANONICAL_V3
621381,29,7,51,56,206,234,Top,824131,https://raw.githubusercontent.com/lancebroz/mlb-pitcher-data/main/data/raw/2026/daily/2026-04-05.parquet,False,2026-04-05,2026-04-05T18:10:00Z,KC,MIL,H,Matt Strahm,False,RELIEF_OR_BULK,29,6,3,2,2,2,1,1,0,https://statsapi.mlb.com/api/v1.1/game/824131/feed/live,both,True,P,Pitcher,BULLPEN_PITCHER,True,QA_VALIDATED_CANONICAL_V3
656730,12,9,80,83,325,336,Bot,824131,https://raw.githubusercontent.com/lancebroz/mlb-pitcher-data/main/data/raw/2026/daily/2026-04-05.parquet,False,2026-04-05,2026-04-05T18:10:00Z,MIL,KC,A,Trevor Megill,False,RELIEF_OR_BULK,12,4,3,0,0,1,0,0,0,https://statsapi.mlb.com/api/v1.1/game/824131/feed/live,both,True,P,Pitcher,BULLPEN_PITCHER,True,QA_VALIDATED_CANONICAL_V3
663460,96,1,0,37,1,168,Top,824131,https://raw.githubusercontent.com/lancebroz/mlb-pitcher-data/main/data/raw/2026/daily/2026-04-05.parquet,False,2026-04-05,2026-04-05T18:10:00Z,KC,MIL,H,Kris Bubic,True,STARTER,96,22,15,4,4,4,3,8,1,https://statsapi.mlb.com/api/v1.1/game/824131/feed/live,both,True,P,Pitcher,STARTER/OPENER/BULK,True,QA_VALIDATED_CANONICAL_V3
668674,30,9,74,79,295,324,Top,824131,https://raw.githubusercontent.com/lancebroz/mlb-pitcher-data/main/data/raw/2026/daily/2026-04-05.parquet,False,2026-04-05,2026-04-05T18:10:00Z,KC,MIL,H,Lucas Erceg,False,RELIEF_OR_BULK,30,6,3,2,2,3,1,1,0,https://statsapi.mlb.com/api/v1.1/game/824131/feed/live,both,True,P,Pitcher,BULLPEN_PITCHER,True,QA_VALIDATED_CANONICAL_V3
672582,23,7,62,73,256,294,Bot,824131,https://raw.githubusercontent.com/lancebroz/mlb-pitcher-data/main/data/raw/2026/daily/2026-04-05.parquet,False,2026-04-05,2026-04-05T18:10:00Z,MIL,KC,A,Angel Zerpa,False,RELIEF_OR_BULK,23,6,5,0,0,1,1,1,0,https://statsapi.mlb.com/api/v1.1/game/824131/feed/live,both,True,P,Pitcher,BULLPEN_PITCHER,True,QA_VALIDATED_CANONICAL_V3
674444,16,8,65,69,261,276,Top,824131,https://raw.githubusercontent.com/lancebroz/mlb-pitcher-data/main/data/raw/2026/daily/2026-04-05.parquet,False,2026-04-05,2026-04-05T18:10:00Z,KC,MIL,H,Steven Cruz,False,RELIEF_OR_BULK,16,5,3,0,0,0,2,1,0,https://statsapi.mlb.com/api/v1.1/game/824131/feed/live,both,True,P,Pitcher,BULLPEN_PITCHER,True,QA_VALIDATED_CANONICAL_V3
681982,12,6,48,58,201,241,Bot,824131,https://raw.githubusercontent.com/lancebroz/mlb-pitcher-data/main/data/raw/2026/daily/2026-04-05.parquet,False,2026-04-05,2026-04-05T18:10:00Z,MIL,KC,A,Grant Anderson,False,RELIEF_OR_BULK,12,5,2,2,2,2,1,1,0,https://statsapi.mlb.com/api/v1.1/game/824131/feed/live,both,True,P,Pitcher,BULLPEN_PITCHER,True,QA_VALIDATED_CANONICAL_V3
682842,14,7,59,61,242,255,Bot,824131,https://raw.githubusercontent.com/lancebroz/mlb-pitcher-data/main/data/raw/2026/daily/2026-04-05.parquet,False,2026-04-05,2026-04-05T18:10:00Z,MIL,KC,A,Abner Uribe,False,RELIEF_OR_BULK,14,3,1,1,1,2,0,1,0,https://statsapi.mlb.com/api/v1.1/game/824131/feed/live,both,True,P,Pitcher,BULLPEN_PITCHER,True,QA_VALIDATED_CANONICAL_V3
683232,14,6,42,46,183,196,Top,824131,https://raw.githubusercontent.com/lancebroz/mlb-pitcher-data/main/data/raw/2026/daily/2026-04-05.parquet,False,2026-04-05,2026-04-05T18:10:00Z,KC,MIL,H,Nick Mears,False,RELIEF_OR_BULK,14,5,3,0,0,1,1,0,0,https://statsapi.mlb.com/api/v1.1/game/824131/feed/live,both,True,P,Pitcher,BULLPEN_PITCHER,True,QA_VALIDATED_CANONICAL_V3
690986,90,1,6,47,29,200,Bot,824131,https://raw.githubusercontent.com/lancebroz/mlb-pitcher-data/main/data/raw/2026/daily/2026-04-05.parquet,False,2026-04-05,2026-04-05T18:10:00Z,MIL,KC,A,Kyle Harrison,True,STARTER,90,21,16,2,2,3,2,6,1,https://statsapi.mlb.com/api/v1.1/game/824131/feed/live,both,True,P,Pitcher,STARTER/OPENER/BULK,True,QA_VALIDATED_CANONICAL_V3
656638,38,6,48,60,187,248,Top,824132,https://raw.githubusercontent.com/lancebroz/mlb-pitcher-data/main/data/raw/2026/daily/2026-04-04.parquet,False,2026-04-04,2026-04-04T18:10:00Z,KC,MIL,H,Alex Lange,False,RELIEF_OR_BULK,38,8,6,0,0,1,1,4,0,https://statsapi.mlb.com/api/v1.1/game/824132/feed/live,both,True,P,Pitcher,BULLPEN_PITCHER,True,QA_VALIDATED_CANONICAL_V3
656730,22,9,77,81,317,338,Bot,824132,https://raw.githubusercontent.com/lancebroz/mlb-pitcher-data/main/data/raw/2026/daily/2026-04-04.parquet,False,2026-04-04,2026-04-04T18:10:00Z,MIL,KC,A,Trevor Megill,False,RELIEF_OR_BULK,22,5,3,0,0,0,2,2,0,https://statsapi.mlb.com/api/v1.1/game/824132/feed/live,both,True,P,Pitcher,BULLPEN_PITCHER,True,QA_VALIDATED_CANONICAL_V3
663738,27,4,33,44,129,172,Top,824132,https://raw.githubusercontent.com/lancebroz/mlb-pitcher-data/main/data/raw/2026/daily/2026-04-04.parquet,False,2026-04-04,2026-04-04T18:10:00Z,KC,MIL,H,Daniel Lynch IV,False,RELIEF_OR_BULK,27,7,6,0,0,1,0,3,0,https://statsapi.mlb.com/api/v1.1/game/824132/feed/live,both,True,P,Pitcher,BULLPEN_PITCHER,True,QA_VALIDATED_CANONICAL_V3
670167,19,8,67,70,268,286,Top,824132,https://raw.githubusercontent.com/lancebroz/mlb-pitcher-data/main/data/raw/2026/daily/2026-04-04.parquet,False,2026-04-04,2026-04-04T18:10:00Z,KC,MIL,H,John Schreiber,False,RELIEF_OR_BULK,19,4,3,0,0,0,2,0,0,https://statsapi.mlb.com/api/v1.1/game/824132/feed/live,both,True,P,Pitcher,BULLPEN_PITCHER,True,QA_VALIDATED_CANONICAL_V3
674444,18,9,74,76,299,316,Top,824132,https://raw.githubusercontent.com/lancebroz/mlb-pitcher-data/main/data/raw/2026/daily/2026-04-04.parquet,False,2026-04-04,2026-04-04T18:10:00Z,KC,MIL,H,Steven Cruz,False,RELIEF_OR_BULK,18,3,3,0,0,0,0,1,0,https://statsapi.mlb.com/api/v1.1/game/824132/feed/live,both,True,P,Pitcher,BULLPEN_PITCHER,True,QA_VALIDATED_CANONICAL_V3
676879,41,6,53,65,211,265,Bot,824132,https://raw.githubusercontent.com/lancebroz/mlb-pitcher-data/main/data/raw/2026/daily/2026-04-04.parquet,False,2026-04-04,2026-04-04T18:10:00Z,MIL,KC,A,Aaron Ashby,False,RELIEF_OR_BULK,41,10,5,2,2,4,1,3,0,https://statsapi.mlb.com/api/v1.1/game/824132/feed/live,both,True,P,Pitcher,BULLPEN_PITCHER,True,QA_VALIDATED_CANONICAL_V3
679883,73,1,0,32,1,128,Top,824132,https://raw.githubusercontent.com/lancebroz/mlb-pitcher-data/main/data/raw/2026/daily/2026-04-04.parquet,False,2026-04-04,2026-04-04T18:10:00Z,KC,MIL,H,Luinder Avila,True,STARTER,73,18,9,5,5,8,3,4,1,https://statsapi.mlb.com/api/v1.1/game/824132/feed/live,both,True,P,Pitcher,STARTER/OPENER/BULK,True,QA_VALIDATED_CANONICAL_V3
682842,14,7,66,73,266,298,Bot,824132,https://raw.githubusercontent.com/lancebroz/mlb-pitcher-data/main/data/raw/2026/daily/2026-04-04.parquet,False,2026-04-04,2026-04-04T18:10:00Z,MIL,KC,A,Abner Uribe,False,RELIEF_OR_BULK,14,4,4,0,0,0,0,1,0,https://statsapi.mlb.com/api/v1.1/game/824132/feed/live,both,True,P,Pitcher,BULLPEN_PITCHER,True,QA_VALIDATED_CANONICAL_V3
694477,86,1,6,47,28,186,Bot,824132,https://raw.githubusercontent.com/lancebroz/mlb-pitcher-data/main/data/raw/2026/daily/2026-04-04.parquet,False,2026-04-04,2026-04-04T18:10:00Z,MIL,KC,A,Chad Patrick,True,STARTER,86,20,15,0,0,4,3,3,0,https://statsapi.mlb.com/api/v1.1/game/824132/feed/live,both,True,P,Pitcher,STARTER/OPENER/BULK,True,QA_VALIDATED_CANONICAL_V3
573124,4,8,62,62,262,265,Bot,824133,https://raw.githubusercontent.com/lancebroz/mlb-pitcher-data/main/data/raw/2026/daily/2026-04-02.parquet,False,2026-04-02,2026-04-02T18:10:00Z,MIN,KC,A,Taylor Rogers,False,RELIEF_OR_BULK,4,1,1,0,0,0,0,1,0,https://statsapi.mlb.com/api/v1.1/game/824133/feed/live,both,True,P,Pitcher,BULLPEN_PITCHER,True,QA_VALIDATED_CANONICAL_V3
621381,19,7,45,48,190,208,Top,824133,https://raw.githubusercontent.com/lancebroz/mlb-pitcher-data/main/data/raw/2026/daily/2026-04-02.parquet,False,2026-04-02,2026-04-02T18:10:00Z,KC,MIN,H,Matt Strahm,False,RELIEF_OR_BULK,19,4,3,0,0,0,0,2,0,https://statsapi.mlb.com/api/v1.1/game/824133/feed/live,both,True,P,Pitcher,BULLPEN_PITCHER,True,QA_VALIDATED_CANONICAL_V3
623437,13,9,69,72,293,305,Bot,824133,https://raw.githubusercontent.com/lancebroz/mlb-pitcher-data/main/data/raw/2026/daily/2026-04-02.parquet,False,2026-04-02,2026-04-02T18:10:00Z,MIN,KC,A,Justin Topa,False,RELIEF_OR_BULK,13,4,3,0,0,0,1,1,0,https://statsapi.mlb.com/api/v1.1/game/824133/feed/live,both,True,P,Pitcher,BULLPEN_PITCHER,True,QA_VALIDATED_CANONICAL_V3
663485,11,8,58,61,251,261,Bot,824133,https://raw.githubusercontent.com/lancebroz/mlb-pitcher-data/main/data/raw/2026/daily/2026-04-02.parquet,False,2026-04-02,2026-04-02T18:10:00Z,MIN,KC,A,Cole Sands,False,RELIEF_OR_BULK,11,4,2,1,1,2,0,0,0,https://statsapi.mlb.com/api/v1.1/game/824133/feed/live,both,True,P,Pitcher,BULLPEN_PITCHER,True,QA_VALIDATED_CANONICAL_V3
666142,89,1,0,40,1,179,Top,824133,https://raw.githubusercontent.com/lancebroz/mlb-pitcher-data/main/data/raw/2026/daily/2026-04-02.parquet,False,2026-04-02,2026-04-02T18:10:00Z,KC,MIN,H,Cole Ragans,True,STARTER,89,20,18,1,0,4,1,8,0,https://statsapi.mlb.com/api/v1.1/game/824133/feed/live,both,True,P,Pitcher,STARTER/OPENER/BULK,True,QA_VALIDATED_CANONICAL_V3
670167,27,8,52,57,224,250,Top,824133,https://raw.githubusercontent.com/lancebroz/mlb-pitcher-data/main/data/raw/2026/daily/2026-04-02.parquet,False,2026-04-02,2026-04-02T18:10:00Z,KC,MIN,H,John Schreiber,False,RELIEF_OR_BULK,27,6,3,1,1,1,2,1,0,https://statsapi.mlb.com/api/v1.1/game/824133/feed/live,both,True,P,Pitcher,BULLPEN_PITCHER,True,QA_VALIDATED_CANONICAL_V3
671737,100,1,4,44,25,189,Bot,824133,https://raw.githubusercontent.com/lancebroz/mlb-pitcher-data/main/data/raw/2026/daily/2026-04-02.parquet,False,2026-04-02,2026-04-02T18:10:00Z,MIN,KC,A,Taj Bradley,True,STARTER,100,24,18,0,0,5,1,3,0,https://statsapi.mlb.com/api/v1.1/game/824133/feed/live,both,True,P,Pitcher,STARTER/OPENER/BULK,True,QA_VALIDATED_CANONICAL_V3
674444,27,9,63,68,266,292,Top,824133,https://raw.githubusercontent.com/lancebroz/mlb-pitcher-data/main/data/raw/2026/daily/2026-04-02.parquet,False,2026-04-02,2026-04-02T18:10:00Z,KC,MIN,H,Steven Cruz,False,RELIEF_OR_BULK,27,6,3,3,3,3,0,1,3,https://statsapi.mlb.com/api/v1.1/game/824133/feed/live,both,True,P,Pitcher,BULLPEN_PITCHER,True,QA_VALIDATED_CANONICAL_V3
681892,15,7,49,51,209,223,Bot,824133,https://raw.githubusercontent.com/lancebroz/mlb-pitcher-data/main/data/raw/2026/daily/2026-04-02.parquet,False,2026-04-02,2026-04-02T18:10:00Z,MIN,KC,A,Kody Funderburk,False,RELIEF_OR_BULK,15,3,3,0,0,0,0,1,0,https://statsapi.mlb.com/api/v1.1/game/824133/feed/live,both,True,P,Pitcher,BULLPEN_PITCHER,True,QA_VALIDATED_CANONICAL_V3
607625,103,1,0,36,1,168,Top,824134,https://raw.githubusercontent.com/lancebroz/mlb-pitcher-data/main/data/raw/2026/daily/2026-04-04.parquet,False,2026-04-04,2026-04-04T23:10:00Z,KC,MIL,H,Seth Lugo,True,STARTER,103,21,15,2,2,4,2,7,0,https://statsapi.mlb.com/api/v1.1/game/824134/feed/live,both,True,P,Pitcher,STARTER/OPENER/BULK,True,QA_VALIDATED_CANONICAL_V3
657649,17,6,50,55,223,239,Bot,824134,https://raw.githubusercontent.com/lancebroz/mlb-pitcher-data/main/data/raw/2026/daily/2026-04-04.parquet,False,2026-04-04,2026-04-04T23:10:00Z,MIL,KC,A,Jared Koenig,False,RELIEF_OR_BULK,17,6,1,2,0,2,2,0,0,https://statsapi.mlb.com/api/v1.1/game/824134/feed/live,both,True,P,Pitcher,BULLPEN_PITCHER,True,QA_VALIDATED_CANONICAL_V3
669084,38,7,61,71,260,309,Bot,824134,https://raw.githubusercontent.com/lancebroz/mlb-pitcher-data/main/data/raw/2026/daily/2026-04-04.parquet,False,2026-04-04,2026-04-04T23:10:00Z,MIL,KC,A,DL Hall,False,RELIEF_OR_BULK,38,7,6,0,0,1,1,2,0,https://statsapi.mlb.com/api/v1.1/game/824134/feed/live,both,True,P,Pitcher,BULLPEN_PITCHER,True,QA_VALIDATED_CANONICAL_V3
669212,42,7,56,74,240,319,Top,824134,https://raw.githubusercontent.com/lancebroz/mlb-pitcher-data/main/data/raw/2026/daily/2026-04-04.parquet,False,2026-04-04,2026-04-04T23:10:00Z,KC,MIL,H,Eli Morgan,False,RELIEF_OR_BULK,42,12,9,0,0,1,1,5,0,https://statsapi.mlb.com/api/v1.1/game/824134/feed/live,both,True,P,Pitcher,BULLPEN_PITCHER,True,QA_VALIDATED_CANONICAL_V3
683232,14,6,41,43,183,196,Top,824134,https://raw.githubusercontent.com/lancebroz/mlb-pitcher-data/main/data/raw/2026/daily/2026-04-04.parquet,False,2026-04-04,2026-04-04T23:10:00Z,KC,MIL,H,Nick Mears,False,RELIEF_OR_BULK,14,3,3,0,0,0,0,0,0,https://statsapi.mlb.com/api/v1.1/game/824134/feed/live,both,True,P,Pitcher,BULLPEN_PITCHER,True,QA_VALIDATED_CANONICAL_V3
687075,70,3,21,49,99,222,Bot,824134,https://raw.githubusercontent.com/lancebroz/mlb-pitcher-data/main/data/raw/2026/daily/2026-04-04.parquet,False,2026-04-04,2026-04-04T23:10:00Z,MIL,KC,A,Brandon Sproat,False,RELIEF_OR_BULK,70,17,11,4,4,4,3,4,1,https://statsapi.mlb.com/api/v1.1/game/824134/feed/live,both,True,P,Pitcher,BULLPEN_PITCHER,True,QA_VALIDATED_CANONICAL_V3
701656,35,1,3,14,17,62,Bot,824134,https://raw.githubusercontent.com/lancebroz/mlb-pitcher-data/main/data/raw/2026/daily/2026-04-04.parquet,False,2026-04-04,2026-04-04T23:10:00Z,MIL,KC,A,Logan Henderson,True,STARTER,35,9,6,2,2,3,1,3,0,https://statsapi.mlb.com/api/v1.1/game/824134/feed/live,both,True,P,Pitcher,STARTER/OPENER/BULK,True,QA_VALIDATED_CANONICAL_V3
573124,14,8,57,59,212,225,Bot,824135,https://raw.githubusercontent.com/lancebroz/mlb-pitcher-data/main/data/raw/2026/daily/2026-03-30.parquet,False,2026-03-30,2026-03-30T20:10:00Z,MIN,KC,A,Taylor Rogers,False,RELIEF_OR_BULK,14,3,3,0,0,0,0,1,0,https://statsapi.mlb.com/api/v1.1/game/824135/feed/live,both,True,P,Pitcher,BULLPEN_PITCHER,True,QA_VALIDATED_CANONICAL_V3
623437,10,7,52,53,194,203,Bot,824135,https://raw.githubusercontent.com/lancebroz/mlb-pitcher-data/main/data/raw/2026/daily/2026-03-30.parquet,False,2026-03-30,2026-03-30T20:10:00Z,MIN,KC,A,Justin Topa,False,RELIEF_OR_BULK,10,2,2,0,0,0,0,1,0,https://statsapi.mlb.com/api/v1.1/game/824135/feed/live,both,True,P,Pitcher,BULLPEN_PITCHER,True,QA_VALIDATED_CANONICAL_V3
663460,75,1,0,41,1,158,Top,824135,https://raw.githubusercontent.com/lancebroz/mlb-pitcher-data/main/data/raw/2026/daily/2026-03-30.parquet,False,2026-03-30,2026-03-30T20:10:00Z,KC,MIN,H,Kris Bubic,True,STARTER,75,22,18,1,1,2,3,4,1,https://statsapi.mlb.com/api/v1.1/game/824135/feed/live,both,True,P,Pitcher,STARTER/OPENER/BULK,True,QA_VALIDATED_CANONICAL_V3
663738,9,7,46,48,175,183,Top,824135,https://raw.githubusercontent.com/lancebroz/mlb-pitcher-data/main/data/raw/2026/daily/2026-03-30.parquet,False,2026-03-30,2026-03-30T20:10:00Z,KC,MIN,H,Daniel Lynch IV,False,RELIEF_OR_BULK,9,3,3,0,0,0,0,1,0,https://statsapi.mlb.com/api/v1.1/game/824135/feed/live,both,True,P,Pitcher,BULLPEN_PITCHER,True,QA_VALIDATED_CANONICAL_V3
670167,15,9,60,63,226,240,Top,824135,https://raw.githubusercontent.com/lancebroz/mlb-pitcher-data/main/data/raw/2026/daily/2026-03-30.parquet,False,2026-03-30,2026-03-30T20:10:00Z,KC,MIN,H,John Schreiber,False,RELIEF_OR_BULK,15,4,3,0,0,1,0,0,0,https://statsapi.mlb.com/api/v1.1/game/824135/feed/live,both,True,P,Pitcher,BULLPEN_PITCHER,True,QA_VALIDATED_CANONICAL_V3
680573,83,1,4,37,21,144,Bot,824135,https://raw.githubusercontent.com/lancebroz/mlb-pitcher-data/main/data/raw/2026/daily/2026-03-30.parquet,False,2026-03-30,2026-03-30T20:10:00Z,MIN,KC,A,Simeon Woods Richardson,True,STARTER,83,20,15,2,2,5,1,2,1,https://statsapi.mlb.com/api/v1.1/game/824135/feed/live,both,True,P,Pitcher,STARTER/OPENER/BULK,True,QA_VALIDATED_CANONICAL_V3
681892,26,6,42,51,159,193,Bot,824135,https://raw.githubusercontent.com/lancebroz/mlb-pitcher-data/main/data/raw/2026/daily/2026-03-30.parquet,False,2026-03-30,2026-03-30T20:10:00Z,MIN,KC,A,Kody Funderburk,False,RELIEF_OR_BULK,26,7,4,1,1,2,1,3,1,https://statsapi.mlb.com/api/v1.1/game/824135/feed/live,both,True,P,Pitcher,BULLPEN_PITCHER,True,QA_VALIDATED_CANONICAL_V3
683232,8,8,54,56,204,211,Top,824135,https://raw.githubusercontent.com/lancebroz/mlb-pitcher-data/main/data/raw/2026/daily/2026-03-30.parquet,False,2026-03-30,2026-03-30T20:10:00Z,KC,MIN,H,Nick Mears,False,RELIEF_OR_BULK,8,3,3,0,0,1,0,1,0,https://statsapi.mlb.com/api/v1.1/game/824135/feed/live,both,True,P,Pitcher,BULLPEN_PITCHER,True,QA_VALIDATED_CANONICAL_V3
607455,12,8,79,82,343,354,Bot,824136,https://raw.githubusercontent.com/lancebroz/mlb-pitcher-data/main/data/raw/2026/daily/2026-04-01.parquet,False,2026-04-01,2026-04-01T23:40:00Z,MIN,KC,A,Anthony Banda,False,RELIEF_OR_BULK,12,4,3,0,0,1,0,1,0,https://statsapi.mlb.com/api/v1.1/game/824136/feed/live,both,True,P,Pitcher,BULLPEN_PITCHER,True,QA_VALIDATED_CANONICAL_V3
656638,34,8,71,76,302,335,Top,824136,https://raw.githubusercontent.com/lancebroz/mlb-pitcher-data/main/data/raw/2026/daily/2026-04-01.parquet,False,2026-04-01,2026-04-01T23:40:00Z,KC,MIN,H,Alex Lange,False,RELIEF_OR_BULK,34,6,1,2,2,1,3,1,0,https://statsapi.mlb.com/api/v1.1/game/824136/feed/live,both,True,P,Pitcher,BULLPEN_PITCHER,True,QA_VALIDATED_CANONICAL_V3
657746,77,1,4,34,19,140,Bot,824136,https://raw.githubusercontent.com/lancebroz/mlb-pitcher-data/main/data/raw/2026/daily/2026-04-01.parquet,False,2026-04-01,2026-04-01T23:40:00Z,MIN,KC,A,Joe Ryan,True,STARTER,77,20,12,5,5,9,0,3,0,https://statsapi.mlb.com/api/v1.1/game/824136/feed/live,both,True,P,Pitcher,STARTER/OPENER/BULK,True,QA_VALIDATED_CANONICAL_V3
663559,20,9,83,88,355,374,Top,824136,https://raw.githubusercontent.com/lancebroz/mlb-pitcher-data/main/data/raw/2026/daily/2026-04-01.parquet,False,2026-04-01,2026-04-01T23:40:00Z,KC,MIN,H,Bailey Falter,False,RELIEF_OR_BULK,20,6,1,3,3,3,2,0,1,https://statsapi.mlb.com/api/v1.1/game/824136/feed/live,both,True,P,Pitcher,BULLPEN_PITCHER,True,QA_VALIDATED_CANONICAL_V3
663738,37,7,58,65,244,280,Top,824136,https://raw.githubusercontent.com/lancebroz/mlb-pitcher-data/main/data/raw/2026/daily/2026-04-01.parquet,False,2026-04-01,2026-04-01T23:40:00Z,KC,MIN,H,Daniel Lynch IV,False,RELIEF_OR_BULK,37,8,3,3,1,1,3,2,0,https://statsapi.mlb.com/api/v1.1/game/824136/feed/live,both,True,P,Pitcher,BULLPEN_PITCHER,True,QA_VALIDATED_CANONICAL_V3
668674,7,9,89,90,375,381,Top,824136,https://raw.githubusercontent.com/lancebroz/mlb-pitcher-data/main/data/raw/2026/daily/2026-04-01.parquet,False,2026-04-01,2026-04-01T23:40:00Z,KC,MIN,H,Lucas Erceg,False,RELIEF_OR_BULK,7,2,2,0,0,0,0,0,0,https://statsapi.mlb.com/api/v1.1/game/824136/feed/live,both,True,P,Pitcher,BULLPEN_PITCHER,True,QA_VALIDATED_CANONICAL_V3
674444,7,8,77,78,336,342,Top,824136,https://raw.githubusercontent.com/lancebroz/mlb-pitcher-data/main/data/raw/2026/daily/2026-04-01.parquet,False,2026-04-01,2026-04-01T23:40:00Z,KC,MIN,H,Steven Cruz,False,RELIEF_OR_BULK,7,2,2,0,0,0,0,1,0,https://statsapi.mlb.com/api/v1.1/game/824136/feed/live,both,True,P,Pitcher,BULLPEN_PITCHER,True,QA_VALIDATED_CANONICAL_V3
683232,18,6,44,46,180,197,Top,824136,https://raw.githubusercontent.com/lancebroz/mlb-pitcher-data/main/data/raw/2026/daily/2026-04-01.parquet,False,2026-04-01,2026-04-01T23:40:00Z,KC,MIN,H,Nick Mears,False,RELIEF_OR_BULK,18,3,3,0,0,0,0,2,0,https://statsapi.mlb.com/api/v1.1/game/824136/feed/live,both,True,P,Pitcher,BULLPEN_PITCHER,True,QA_VALIDATED_CANONICAL_V3
687849,47,6,52,70,218,301,Bot,824136,https://raw.githubusercontent.com/lancebroz/mlb-pitcher-data/main/data/raw/2026/daily/2026-04-01.parquet,False,2026-04-01,2026-04-01T23:40:00Z,MIN,KC,A,Zak Kent,False,RELIEF_OR_BULK,47,11,5,4,1,3,3,2,2,https://statsapi.mlb.com/api/v1.1/game/824136/feed/live,both,True,P,Pitcher,BULLPEN_PITCHER,True,QA_VALIDATED_CANONICAL_V3
689520,36,5,40,51,164,217,Bot,824136,https://raw.githubusercontent.com/lancebroz/mlb-pitcher-data/main/data/raw/2026/daily/2026-04-01.parquet,False,2026-04-01,2026-04-01T23:40:00Z,MIN,KC,A,Cody Laweryson,False,RELIEF_OR_BULK,36,9,4,4,3,2,2,2,0,https://statsapi.mlb.com/api/v1.1/game/824136/feed/live,both,True,P,Pitcher,BULLPEN_PITCHER,True,QA_VALIDATED_CANONICAL_V3
702070,86,1,0,39,1,163,Top,824136,https://raw.githubusercontent.com/lancebroz/mlb-pitcher-data/main/data/raw/2026/daily/2026-04-01.parquet,False,2026-04-01,2026-04-01T23:40:00Z,KC,MIN,H,Noah Cameron,True,STARTER,86,20,15,1,1,4,1,5,0,https://statsapi.mlb.com/api/v1.1/game/824136/feed/live,both,True,P,Pitcher,STARTER/OPENER/BULK,True,QA_VALIDATED_CANONICAL_V3
543056,16,7,56,59,220,235,Bot,824211,https://raw.githubusercontent.com/lancebroz/mlb-pitcher-data/main/data/raw/2026/daily/2026-04-01.parquet,False,2026-04-01,2026-04-01T18:10:00Z,BOS,HOU,A,Danny Coulombe,False,RELIEF_OR_BULK,16,4,3,1,1,1,0,0,1,https://statsapi.mlb.com/api/v1.1/game/824211/feed/live,both,True,P,Pitcher,BULLPEN_PITCHER,True,QA_VALIDATED_CANONICAL_V3
650556,16,9,70,73,287,302,Top,824211,https://raw.githubusercontent.com/lancebroz/mlb-pitcher-data/main/data/raw/2026/daily/2026-04-01.parquet,False,2026-04-01,2026-04-01T18:10:00Z,HOU,BOS,H,Bryan Abreu,False,RELIEF_OR_BULK,16,4,3,1,1,1,0,3,1,https://statsapi.mlb.com/api/v1.1/game/824211/feed/live,both,True,P,Pitcher,BULLPEN_PITCHER,True,QA_VALIDATED_CANONICAL_V3
669711,16,6,50,52,192,207,Bot,824211,https://raw.githubusercontent.com/lancebroz/mlb-pitcher-data/main/data/raw/2026/daily/2026-04-01.parquet,False,2026-04-01,2026-04-01T18:10:00Z,BOS,HOU,A,Greg Weissert,False,RELIEF_OR_BULK,16,3,3,0,0,0,0,1,0,https://statsapi.mlb.com/api/v1.1/game/824211/feed/live,both,True,P,Pitcher,BULLPEN_PITCHER,True,QA_VALIDATED_CANONICAL_V3
676477,37,8,64,69,250,286,Bot,824211,https://raw.githubusercontent.com/lancebroz/mlb-pitcher-data/main/data/raw/2026/daily/2026-04-01.parquet,False,2026-04-01,2026-04-01T18:10:00Z,BOS,HOU,A,Garrett Whitlock,False,RELIEF_OR_BULK,37,6,3,0,0,1,2,1,0,https://statsapi.mlb.com/api/v1.1/game/824211/feed/live,both,True,P,Pitcher,BULLPEN_PITCHER,True,QA_VALIDATED_CANONICAL_V3
676979,93,1,6,46,21,177,Bot,824211,https://raw.githubusercontent.com/lancebroz/mlb-pitcher-data/main/data/raw/2026/daily/2026-04-01.parquet,False,2026-04-01,2026-04-01T18:10:00Z,BOS,HOU,A,Garrett Crochet,True,STARTER,93,23,15,5,4,6,0,7,1,https://statsapi.mlb.com/api/v1.1/game/824211/feed/live,both,True,P,Pitcher,STARTER/OPENER/BULK,True,QA_VALIDATED_CANONICAL_V3
678906,14,8,60,63,236,249,Top,824211,https://raw.githubusercontent.com/lancebroz/mlb-pitcher-data/main/data/raw/2026/daily/2026-04-01.parquet,False,2026-04-01,2026-04-01T18:10:00Z,HOU,BOS,H,Kai-Wei Teng,False,RELIEF_OR_BULK,14,4,3,1,1,1,0,1,1,https://statsapi.mlb.com/api/v1.1/game/824211/feed/live,both,True,P,Pitcher,BULLPEN_PITCHER,True,QA_VALIDATED_CANONICAL_V3
681347,84,1,0,40,1,155,Top,824211,https://raw.githubusercontent.com/lancebroz/mlb-pitcher-data/main/data/raw/2026/daily/2026-04-01.parquet,False,2026-04-01,2026-04-01T18:10:00Z,HOU,BOS,H,Mike Burrows,True,STARTER,84,24,15,2,2,5,3,6,0,https://statsapi.mlb.com/api/v1.1/game/824211/feed/live,both,True,P,Pitcher,STARTER/OPENER/BULK,True,QA_VALIDATED_CANONICAL_V3
687911,12,7,53,55,208,219,Top,824211,https://raw.githubusercontent.com/lancebroz/mlb-pitcher-data/main/data/raw/2026/daily/2026-04-01.parquet,False,2026-04-01,2026-04-01T18:10:00Z,HOU,BOS,H,Bryan King,False,RELIEF_OR_BULK,12,3,3,0,0,0,0,2,0,https://statsapi.mlb.com/api/v1.1/game/824211/feed/live,both,True,P,Pitcher,BULLPEN_PITCHER,True,QA_VALIDATED_CANONICAL_V3
805123,14,6,47,49,178,191,Top,824211,https://raw.githubusercontent.com/lancebroz/mlb-pitcher-data/main/data/raw/2026/daily/2026-04-01.parquet,False,2026-04-01,2026-04-01T18:10:00Z,HOU,BOS,H,AJ Blubaugh,False,RELIEF_OR_BULK,14,3,3,0,0,0,0,1,0,https://statsapi.mlb.com/api/v1.1/game/824211/feed/live,both,True,P,Pitcher,BULLPEN_PITCHER,True,QA_VALIDATED_CANONICAL_V3
663558,26,7,58,70,212,261,Bot,824212,https://raw.githubusercontent.com/lancebroz/mlb-pitcher-data/main/data/raw/2026/daily/2026-03-31.parquet,False,2026-03-31,2026-04-01T00:10:00Z,BOS,HOU,A,Jovani Morán,False,RELIEF_OR_BULK,26,7,6,1,1,1,0,2,1,https://statsapi.mlb.com/api/v1.1/game/824212/feed/live,both,True,P,Pitcher,BULLPEN_PITCHER,True,QA_VALIDATED_CANONICAL_V3
670245,27,5,43,53,163,197,Bot,824212,https://raw.githubusercontent.com/lancebroz/mlb-pitcher-data/main/data/raw/2026/daily/2026-03-31.parquet,False,2026-03-31,2026-04-01T00:10:00Z,BOS,HOU,A,Ryan Watson,False,RELIEF_OR_BULK,27,8,4,2,2,2,2,2,0,https://statsapi.mlb.com/api/v1.1/game/824212/feed/live,both,True,P,Pitcher,BULLPEN_PITCHER,True,QA_VALIDATED_CANONICAL_V3
675989,50,7,54,73,198,273,Top,824212,https://raw.githubusercontent.com/lancebroz/mlb-pitcher-data/main/data/raw/2026/daily/2026-03-31.parquet,False,2026-03-31,2026-04-01T00:10:00Z,HOU,BOS,H,Cody Bolton,False,RELIEF_OR_BULK,50,13,9,1,1,3,1,5,1,https://statsapi.mlb.com/api/v1.1/game/824212/feed/live,both,True,P,Pitcher,BULLPEN_PITCHER,True,QA_VALIDATED_CANONICAL_V3
678394,92,1,4,42,18,162,Bot,824212,https://raw.githubusercontent.com/lancebroz/mlb-pitcher-data/main/data/raw/2026/daily/2026-03-31.parquet,False,2026-03-31,2026-04-01T00:10:00Z,BOS,HOU,A,Brayan Bello,True,STARTER,92,25,14,6,5,8,3,2,1,https://statsapi.mlb.com/api/v1.1/game/824212/feed/live,both,True,P,Pitcher,STARTER/OPENER/BULK,True,QA_VALIDATED_CANONICAL_V3
686613,78,1,0,46,1,171,Top,824212,https://raw.githubusercontent.com/lancebroz/mlb-pitcher-data/main/data/raw/2026/daily/2026-03-31.parquet,False,2026-03-31,2026-04-01T00:10:00Z,HOU,BOS,H,Hunter Brown,True,STARTER,78,21,18,1,1,1,2,8,0,https://statsapi.mlb.com/api/v1.1/game/824212/feed/live,both,True,P,Pitcher,STARTER/OPENER/BULK,True,QA_VALIDATED_CANONICAL_V3
608718,24,7,68,77,282,322,Bot,824213,https://raw.githubusercontent.com/lancebroz/mlb-pitcher-data/main/data/raw/2026/daily/2026-03-28.parquet,False,2026-03-28,2026-03-28T23:10:00Z,LAA,HOU,A,Brent Suter,False,RELIEF_OR_BULK,24,6,6,0,0,0,1,2,0,https://statsapi.mlb.com/api/v1.1/game/824213/feed/live,both,True,P,Pitcher,BULLPEN_PITCHER,True,QA_VALIDATED_CANONICAL_V3
650556,26,9,78,83,323,348,Top,824213,https://raw.githubusercontent.com/lancebroz/mlb-pitcher-data/main/data/raw/2026/daily/2026-03-28.parquet,False,2026-03-28,2026-03-28T23:10:00Z,HOU,LAA,H,Bryan Abreu,False,RELIEF_OR_BULK,26,6,3,3,3,1,2,3,1,https://statsapi.mlb.com/api/v1.1/game/824213/feed/live,both,True,P,Pitcher,BULLPEN_PITCHER,True,QA_VALIDATED_CANONICAL_V3
664192,25,6,58,67,238,281,Bot,824213,https://raw.githubusercontent.com/lancebroz/mlb-pitcher-data/main/data/raw/2026/daily/2026-03-28.parquet,False,2026-03-28,2026-03-28T23:10:00Z,LAA,HOU,A,Joey Lucchesi,False,RELIEF_OR_BULK,25,6,1,2,2,3,2,0,0,https://statsapi.mlb.com/api/v1.1/game/824213/feed/live,both,True,P,Pitcher,BULLPEN_PITCHER,True,QA_VALIDATED_CANONICAL_V3
664299,74,1,0,36,1,155,Top,824213,https://raw.githubusercontent.com/lancebroz/mlb-pitcher-data/main/data/raw/2026/daily/2026-03-28.parquet,False,2026-03-28,2026-03-28T23:10:00Z,HOU,LAA,H,Cristian Javier,True,STARTER,74,21,14,6,6,4,4,1,2,https://statsapi.mlb.com/api/v1.1/game/824213/feed/live,both,True,P,Pitcher,STARTER/OPENER/BULK,True,QA_VALIDATED_CANONICAL_V3
672282,95,1,3,43,12,176,Bot,824213,https://raw.githubusercontent.com/lancebroz/mlb-pitcher-data/main/data/raw/2026/daily/2026-03-28.parquet,False,2026-03-28,2026-03-28T23:10:00Z,LAA,HOU,A,Reid Detmers,True,STARTER,95,21,14,3,3,6,0,9,0,https://statsapi.mlb.com/api/v1.1/game/824213/feed/live,both,True,P,Pitcher,STARTER/OPENER/BULK,True,QA_VALIDATED_CANONICAL_V3
678906,39,5,37,65,156,272,Top,824213,https://raw.githubusercontent.com/lancebroz/mlb-pitcher-data/main/data/raw/2026/daily/2026-03-28.parquet,False,2026-03-28,2026-03-28T23:10:00Z,HOU,LAA,H,Kai-Wei Teng,False,RELIEF_OR_BULK,39,9,7,0,0,1,1,2,0,https://statsapi.mlb.com/api/v1.1/game/824213/feed/live,both,True,P,Pitcher,BULLPEN_PITCHER,True,QA_VALIDATED_CANONICAL_V3
687911,17,8,70,73,287,303,Top,824213,https://raw.githubusercontent.com/lancebroz/mlb-pitcher-data/main/data/raw/2026/daily/2026-03-28.parquet,False,2026-03-28,2026-03-28T23:10:00Z,HOU,LAA,H,Bryan King,False,RELIEF_OR_BULK,17,4,3,0,0,0,1,2,0,https://statsapi.mlb.com/api/v1.1/game/824213/feed/live,both,True,P,Pitcher,BULLPEN_PITCHER,True,QA_VALIDATED_CANONICAL_V3
700712,48,5,44,57,177,237,Bot,824213,https://raw.githubusercontent.com/lancebroz/mlb-pitcher-data/main/data/raw/2026/daily/2026-03-28.parquet,False,2026-03-28,2026-03-28T23:10:00Z,LAA,HOU,A,Walbert Ureña,False,RELIEF_OR_BULK,48,11,3,6,0,4,2,1,0,https://statsapi.mlb.com/api/v1.1/game/824213/feed/live,both,True,P,Pitcher,BULLPEN_PITCHER,True,QA_VALIDATED_CANONICAL_V3
621121,96,1,0,51,1,196,Top,824214,https://raw.githubusercontent.com/lancebroz/mlb-pitcher-data/main/data/raw/2026/daily/2026-03-30.parquet,False,2026-03-30,2026-03-31T00:10:00Z,HOU,BOS,H,Lance McCullers Jr.,True,STARTER,96,24,21,1,1,4,1,9,0,https://statsapi.mlb.com/api/v1.1/game/824214/feed/live,both,True,P,Pitcher,STARTER/OPENER/BULK,True,QA_VALIDATED_CANONICAL_V3
624133,76,1,3,34,11,138,Bot,824214,https://raw.githubusercontent.com/lancebroz/mlb-pitcher-data/main/data/raw/2026/daily/2026-03-30.parquet,False,2026-03-30,2026-03-31T00:10:00Z,BOS,HOU,A,Ranger Suarez,True,STARTER,76,20,13,4,4,7,1,3,2,https://statsapi.mlb.com/api/v1.1/game/824214/feed/live,both,True,P,Pitcher,STARTER/OPENER/BULK,True,QA_VALIDATED_CANONICAL_V3
670912,72,5,35,66,139,264,Bot,824214,https://raw.githubusercontent.com/lancebroz/mlb-pitcher-data/main/data/raw/2026/daily/2026-03-30.parquet,False,2026-03-30,2026-03-31T00:10:00Z,BOS,HOU,A,Johan Oviedo,False,RELIEF_OR_BULK,72,18,11,4,4,6,1,3,2,https://statsapi.mlb.com/api/v1.1/game/824214/feed/live,both,True,P,Pitcher,BULLPEN_PITCHER,True,QA_VALIDATED_CANONICAL_V3
680802,33,8,59,69,225,277,Top,824214,https://raw.githubusercontent.com/lancebroz/mlb-pitcher-data/main/data/raw/2026/daily/2026-03-30.parquet,False,2026-03-30,2026-03-31T00:10:00Z,HOU,BOS,H,Ryan Weiss,False,RELIEF_OR_BULK,33,7,6,0,0,0,1,3,0,https://statsapi.mlb.com/api/v1.1/game/824214/feed/live,both,True,P,Pitcher,BULLPEN_PITCHER,True,QA_VALIDATED_CANONICAL_V3
519141,17,8,69,76,305,321,Bot,824215,https://raw.githubusercontent.com/lancebroz/mlb-pitcher-data/main/data/raw/2026/daily/2026-03-29.parquet,False,2026-03-29,2026-03-29T18:10:00Z,LAA,HOU,A,Drew Pomeranz,False,RELIEF_OR_BULK,17,8,3,3,3,2,2,0,0,https://statsapi.mlb.com/api/v1.1/game/824215/feed/live,both,True,P,Pitcher,BULLPEN_PITCHER,True,QA_VALIDATED_CANONICAL_V3
595345,15,6,52,54,233,247,Top,824215,https://raw.githubusercontent.com/lancebroz/mlb-pitcher-data/main/data/raw/2026/daily/2026-03-29.parquet,False,2026-03-29,2026-03-29T18:10:00Z,HOU,LAA,H,Steven Okert,False,RELIEF_OR_BULK,15,3,3,0,0,0,1,0,0,https://statsapi.mlb.com/api/v1.1/game/824215/feed/live,both,True,P,Pitcher,BULLPEN_PITCHER,True,QA_VALIDATED_CANONICAL_V3
650556,14,9,77,79,322,335,Top,824215,https://raw.githubusercontent.com/lancebroz/mlb-pitcher-data/main/data/raw/2026/daily/2026-03-29.parquet,False,2026-03-29,2026-03-29T18:10:00Z,HOU,LAA,H,Bryan Abreu,False,RELIEF_OR_BULK,14,3,1,1,1,0,2,0,0,https://statsapi.mlb.com/api/v1.1/game/824215/feed/live,both,True,P,Pitcher,BULLPEN_PITCHER,True,QA_VALIDATED_CANONICAL_V3
681217,14,5,48,51,219,232,Bot,824215,https://raw.githubusercontent.com/lancebroz/mlb-pitcher-data/main/data/raw/2026/daily/2026-03-29.parquet,False,2026-03-29,2026-03-29T18:10:00Z,LAA,HOU,A,Chase Silseth,False,RELIEF_OR_BULK,14,4,3,0,0,1,0,1,0,https://statsapi.mlb.com/api/v1.1/game/824215/feed/live,both,True,P,Pitcher,BULLPEN_PITCHER,True,QA_VALIDATED_CANONICAL_V3
682610,47,3,29,44,134,202,Top,824215,https://raw.githubusercontent.com/lancebroz/mlb-pitcher-data/main/data/raw/2026/daily/2026-03-29.parquet,False,2026-03-29,2026-03-29T18:10:00Z,HOU,LAA,H,Roddery Muñoz,False,RELIEF_OR_BULK,47,10,6,2,2,3,1,4,1,https://statsapi.mlb.com/api/v1.1/game/824215/feed/live,both,True,P,Pitcher,BULLPEN_PITCHER,True,QA_VALIDATED_CANONICAL_V3
685005,3,5,45,45,203,205,Top,824215,https://raw.githubusercontent.com/lancebroz/mlb-pitcher-data/main/data/raw/2026/daily/2026-03-29.parquet,False,2026-03-29,2026-03-29T18:10:00Z,HOU,LAA,H,Christian Roa,False,RELIEF_OR_BULK,3,1,1,0,0,0,0,1,0,https://statsapi.mlb.com/api/v1.1/game/824215/feed/live,both,True,P,Pitcher,BULLPEN_PITCHER,True,QA_VALIDATED_CANONICAL_V3
686799,94,1,5,47,26,218,Bot,824215,https://raw.githubusercontent.com/lancebroz/mlb-pitcher-data/main/data/raw/2026/daily/2026-03-29.parquet,False,2026-03-29,2026-03-29T18:10:00Z,LAA,HOU,A,Jack Kochanowicz,True,STARTER,94,22,12,6,5,4,5,3,0,https://statsapi.mlb.com/api/v1.1/game/824215/feed/live,both,True,P,Pitcher,STARTER/OPENER/BULK,True,QA_VALIDATED_CANONICAL_V3
687911,18,9,80,82,336,353,Top,824215,https://raw.githubusercontent.com/lancebroz/mlb-pitcher-data/main/data/raw/2026/daily/2026-03-29.parquet,False,2026-03-29,2026-03-29T18:10:00Z,HOU,LAA,H,Bryan King,False,RELIEF_OR_BULK,18,3,2,0,0,1,0,2,0,https://statsapi.mlb.com/api/v1.1/game/824215/feed/live,both,True,P,Pitcher,BULLPEN_PITCHER,True,QA_VALIDATED_CANONICAL_V3
696147,34,6,55,65,248,294,Bot,824215,https://raw.githubusercontent.com/lancebroz/mlb-pitcher-data/main/data/raw/2026/daily/2026-03-29.parquet,False,2026-03-29,2026-03-29T18:10:00Z,LAA,HOU,A,Sam Bachman,False,RELIEF_OR_BULK,34,8,6,0,0,0,2,2,0,https://statsapi.mlb.com/api/v1.1/game/824215/feed/live,both,True,P,Pitcher,BULLPEN_PITCHER,True,QA_VALIDATED_CANONICAL_V3
805123,23,7,60,68,267,304,Top,824215,https://raw.githubusercontent.com/lancebroz/mlb-pitcher-data/main/data/raw/2026/daily/2026-03-29.parquet,False,2026-03-29,2026-03-29T18:10:00Z,HOU,LAA,H,AJ Blubaugh,False,RELIEF_OR_BULK,23,6,6,0,0,0,0,2,0,https://statsapi.mlb.com/api/v1.1/game/824215/feed/live,both,True,P,Pitcher,BULLPEN_PITCHER,True,QA_VALIDATED_CANONICAL_V3
837227,74,1,0,28,1,133,Top,824215,https://raw.githubusercontent.com/lancebroz/mlb-pitcher-data/main/data/raw/2026/daily/2026-03-29.parquet,False,2026-03-29,2026-03-29T18:10:00Z,HOU,LAA,H,Tatsuya Imai,True,STARTER,74,15,8,4,4,3,4,4,0,https://statsapi.mlb.com/api/v1.1/game/824215/feed/live,both,True,P,Pitcher,STARTER/OPENER/BULK,True,QA_VALIDATED_CANONICAL_V3
579328,86,1,4,44,16,167,Bot,824216,https://raw.githubusercontent.com/lancebroz/mlb-pitcher-data/main/data/raw/2026/daily/2026-03-27.parquet,False,2026-03-27,2026-03-28T00:15:00Z,LAA,HOU,A,Yusei Kikuchi,True,STARTER,86,22,13,2,2,8,1,3,1,https://statsapi.mlb.com/api/v1.1/game/824216/feed/live,both,True,P,Pitcher,STARTER/OPENER/BULK,True,QA_VALIDATED_CANONICAL_V3
595345,20,7,58,65,227,259,Top,824216,https://raw.githubusercontent.com/lancebroz/mlb-pitcher-data/main/data/raw/2026/daily/2026-03-27.parquet,False,2026-03-27,2026-03-28T00:15:00Z,HOU,LAA,H,Steven Okert,False,RELIEF_OR_BULK,20,5,5,0,0,0,0,3,0,https://statsapi.mlb.com/api/v1.1/game/824216/feed/live,both,True,P,Pitcher,BULLPEN_PITCHER,True,QA_VALIDATED_CANONICAL_V3
605447,13,9,77,79,309,321,Bot,824216,https://raw.githubusercontent.com/lancebroz/mlb-pitcher-data/main/data/raw/2026/daily/2026-03-27.parquet,False,2026-03-27,2026-03-28T00:15:00Z,LAA,HOU,A,Jordan Romano,False,RELIEF_OR_BULK,13,3,3,0,0,0,0,2,0,https://statsapi.mlb.com/api/v1.1/game/824216/feed/live,both,True,P,Pitcher,BULLPEN_PITCHER,True,QA_VALIDATED_CANONICAL_V3
666171,23,6,52,62,201,247,Bot,824216,https://raw.githubusercontent.com/lancebroz/mlb-pitcher-data/main/data/raw/2026/daily/2026-03-27.parquet,False,2026-03-27,2026-03-28T00:15:00Z,LAA,HOU,A,Ryan Zeferjahn,False,RELIEF_OR_BULK,23,6,6,0,0,0,0,2,0,https://statsapi.mlb.com/api/v1.1/game/824216/feed/live,both,True,P,Pitcher,BULLPEN_PITCHER,True,QA_VALIDATED_CANONICAL_V3
680802,22,9,71,76,287,308,Top,824216,https://raw.githubusercontent.com/lancebroz/mlb-pitcher-data/main/data/raw/2026/daily/2026-03-27.parquet,False,2026-03-27,2026-03-28T00:15:00Z,HOU,LAA,H,Ryan Weiss,False,RELIEF_OR_BULK,22,6,3,1,1,2,1,2,1,https://statsapi.mlb.com/api/v1.1/game/824216/feed/live,both,True,P,Pitcher,BULLPEN_PITCHER,True,QA_VALIDATED_CANONICAL_V3
681217,10,5,45,46,168,177,Bot,824216,https://raw.githubusercontent.com/lancebroz/mlb-pitcher-data/main/data/raw/2026/daily/2026-03-27.parquet,False,2026-03-27,2026-03-28T00:15:00Z,LAA,HOU,A,Chase Silseth,False,RELIEF_OR_BULK,10,2,2,0,0,0,0,0,0,https://statsapi.mlb.com/api/v1.1/game/824216/feed/live,both,True,P,Pitcher,BULLPEN_PITCHER,True,QA_VALIDATED_CANONICAL_V3
681347,94,1,0,49,1,190,Top,824216,https://raw.githubusercontent.com/lancebroz/mlb-pitcher-data/main/data/raw/2026/daily/2026-03-27.parquet,False,2026-03-27,2026-03-28T00:15:00Z,HOU,LAA,H,Mike Burrows,True,STARTER,94,26,17,5,5,9,2,6,2,https://statsapi.mlb.com/api/v1.1/game/824216/feed/live,both,True,P,Pitcher,STARTER/OPENER/BULK,True,QA_VALIDATED_CANONICAL_V3
682610,26,6,50,57,191,226,Top,824216,https://raw.githubusercontent.com/lancebroz/mlb-pitcher-data/main/data/raw/2026/daily/2026-03-27.parquet,False,2026-03-27,2026-03-28T00:15:00Z,HOU,LAA,H,Roddery Muñoz,False,RELIEF_OR_BULK,26,5,2,0,0,0,3,0,0,https://statsapi.mlb.com/api/v1.1/game/824216/feed/live,both,True,P,Pitcher,BULLPEN_PITCHER,True,QA_VALIDATED_CANONICAL_V3
696147,27,8,66,70,260,286,Bot,824216,https://raw.githubusercontent.com/lancebroz/mlb-pitcher-data/main/data/raw/2026/daily/2026-03-27.parquet,False,2026-03-27,2026-03-28T00:15:00Z,LAA,HOU,A,Sam Bachman,False,RELIEF_OR_BULK,27,5,3,0,0,0,2,3,0,https://statsapi.mlb.com/api/v1.1/game/824216/feed/live,both,True,P,Pitcher,BULLPEN_PITCHER,True,QA_VALIDATED_CANONICAL_V3
519141,12,8,66,68,267,278,Bot,824218,https://raw.githubusercontent.com/lancebroz/mlb-pitcher-data/main/data/raw/2026/daily/2026-03-26.parquet,False,2026-03-26,2026-03-26T20:10:00Z,LAA,HOU,A,Drew Pomeranz,False,RELIEF_OR_BULK,12,3,3,0,0,0,0,0,0,https://statsapi.mlb.com/api/v1.1/game/824218/feed/live,both,True,P,Pitcher,BULLPEN_PITCHER,True,QA_VALIDATED_CANONICAL_V3
605447,12,9,75,78,312,323,Bot,824218,https://raw.githubusercontent.com/lancebroz/mlb-pitcher-data/main/data/raw/2026/daily/2026-03-26.parquet,False,2026-03-26,2026-03-26T20:10:00Z,LAA,HOU,A,Jordan Romano,False,RELIEF_OR_BULK,12,4,3,0,0,0,1,1,0,https://statsapi.mlb.com/api/v1.1/game/824218/feed/live,both,True,P,Pitcher,BULLPEN_PITCHER,True,QA_VALIDATED_CANONICAL_V3
667755,91,1,4,50,23,215,Bot,824218,https://raw.githubusercontent.com/lancebroz/mlb-pitcher-data/main/data/raw/2026/daily/2026-03-26.parquet,False,2026-03-26,2026-03-26T20:10:00Z,LAA,HOU,A,José Soriano,True,STARTER,91,24,18,0,0,2,4,7,0,https://statsapi.mlb.com/api/v1.1/game/824218/feed/live,both,True,P,Pitcher,STARTER/OPENER/BULK,True,QA_VALIDATED_CANONICAL_V3
681217,1,7,59,59,249,249,Bot,824218,https://raw.githubusercontent.com/lancebroz/mlb-pitcher-data/main/data/raw/2026/daily/2026-03-26.parquet,False,2026-03-26,2026-03-26T20:10:00Z,LAA,HOU,A,Chase Silseth,False,RELIEF_OR_BULK,1,1,1,0,0,0,0,0,0,https://statsapi.mlb.com/api/v1.1/game/824218/feed/live,both,True,P,Pitcher,BULLPEN_PITCHER,True,QA_VALIDATED_CANONICAL_V3
685005,33,9,69,74,279,311,Top,824218,https://raw.githubusercontent.com/lancebroz/mlb-pitcher-data/main/data/raw/2026/daily/2026-03-26.parquet,False,2026-03-26,2026-03-26T20:10:00Z,HOU,LAA,H,Christian Roa,False,RELIEF_OR_BULK,33,6,3,1,1,1,2,1,1,https://statsapi.mlb.com/api/v1.1/game/824218/feed/live,both,True,P,Pitcher,BULLPEN_PITCHER,True,QA_VALIDATED_CANONICAL_V3
686613,102,1,0,38,1,168,Top,824218,https://raw.githubusercontent.com/lancebroz/mlb-pitcher-data/main/data/raw/2026/daily/2026-03-26.parquet,False,2026-03-26,2026-03-26T20:10:00Z,HOU,LAA,H,Hunter Brown,True,STARTER,102,22,14,0,0,4,4,9,0,https://statsapi.mlb.com/api/v1.1/game/824218/feed/live,both,True,P,Pitcher,STARTER/OPENER/BULK,True,QA_VALIDATED_CANONICAL_V3
687911,17,8,60,65,250,266,Top,824218,https://raw.githubusercontent.com/lancebroz/mlb-pitcher-data/main/data/raw/2026/daily/2026-03-26.parquet,False,2026-03-26,2026-03-26T20:10:00Z,HOU,LAA,H,Bryan King,False,RELIEF_OR_BULK,17,6,3,1,1,2,0,1,0,https://statsapi.mlb.com/api/v1.1/game/824218/feed/live,both,True,P,Pitcher,BULLPEN_PITCHER,True,QA_VALIDATED_CANONICAL_V3
700712,14,7,55,58,235,248,Bot,824218,https://raw.githubusercontent.com/lancebroz/mlb-pitcher-data/main/data/raw/2026/daily/2026-03-26.parquet,False,2026-03-26,2026-03-26T20:10:00Z,LAA,HOU,A,Walbert Ureña,False,RELIEF_OR_BULK,14,4,2,0,0,1,1,1,0,https://statsapi.mlb.com/api/v1.1/game/824218/feed/live,both,True,P,Pitcher,BULLPEN_PITCHER,True,QA_VALIDATED_CANONICAL_V3
805123,41,5,39,54,169,234,Top,824218,https://raw.githubusercontent.com/lancebroz/mlb-pitcher-data/main/data/raw/2026/daily/2026-03-26.parquet,False,2026-03-26,2026-03-26T20:10:00Z,HOU,LAA,H,AJ Blubaugh,False,RELIEF_OR_BULK,41,9,7,1,1,2,0,3,1,https://statsapi.mlb.com/api/v1.1/game/824218/feed/live,both,True,P,Pitcher,BULLPEN_PITCHER,True,QA_VALIDATED_CANONICAL_V3
623454,61,6,47,71,174,280,Top,824294,https://raw.githubusercontent.com/lancebroz/mlb-pitcher-data/main/data/raw/2026/daily/2026-04-11.parquet,False,2026-04-11,2026-04-11T17:10:00Z,DET,MIA,H,Drew Anderson,False,RELIEF_OR_BULK,61,12,10,0,0,0,2,2,0,https://statsapi.mlb.com/api/v1.1/game/824294/feed/live,both,True,P,Pitcher,BULLPEN_PITCHER,True,QA_VALIDATED_CANONICAL_V3
656848,8,7,57,59,215,222,Bot,824294,https://raw.githubusercontent.com/lancebroz/mlb-pitcher-data/main/data/raw/2026/daily/2026-04-11.parquet,False,2026-04-11,2026-04-11T17:10:00Z,MIA,DET,A,Michael Petersen,False,RELIEF_OR_BULK,8,3,3,0,0,0,0,0,0,https://statsapi.mlb.com/api/v1.1/game/824294/feed/live,both,True,P,Pitcher,BULLPEN_PITCHER,True,QA_VALIDATED_CANONICAL_V3
663554,74,1,0,46,1,173,Top,824294,https://raw.githubusercontent.com/lancebroz/mlb-pitcher-data/main/data/raw/2026/daily/2026-04-11.parquet,False,2026-04-11,2026-04-11T17:10:00Z,DET,MIA,H,Casey Mize,True,STARTER,74,25,17,1,1,6,1,5,0,https://statsapi.mlb.com/api/v1.1/game/824294/feed/live,both,True,P,Pitcher,STARTER/OPENER/BULK,True,QA_VALIDATED_CANONICAL_V3
667463,20,6,48,52,179,198,Bot,824294,https://raw.githubusercontent.com/lancebroz/mlb-pitcher-data/main/data/raw/2026/daily/2026-04-11.parquet,False,2026-04-11,2026-04-11T17:10:00Z,MIA,DET,A,John King,False,RELIEF_OR_BULK,20,5,3,0,0,0,1,2,0,https://statsapi.mlb.com/api/v1.1/game/824294/feed/live,both,True,P,Pitcher,BULLPEN_PITCHER,True,QA_VALIDATED_CANONICAL_V3
669622,18,8,63,67,234,251,Bot,824294,https://raw.githubusercontent.com/lancebroz/mlb-pitcher-data/main/data/raw/2026/daily/2026-04-11.parquet,False,2026-04-11,2026-04-11T17:10:00Z,MIA,DET,A,Anthony Bender,False,RELIEF_OR_BULK,18,5,3,1,1,1,1,0,0,https://statsapi.mlb.com/api/v1.1/game/824294/feed/live,both,True,P,Pitcher,BULLPEN_PITCHER,True,QA_VALIDATED_CANONICAL_V3
676083,99,1,4,42,14,163,Bot,824294,https://raw.githubusercontent.com/lancebroz/mlb-pitcher-data/main/data/raw/2026/daily/2026-04-11.parquet,False,2026-04-11,2026-04-11T17:10:00Z,MIA,DET,A,Janson Junk,True,STARTER,99,22,15,5,4,5,2,4,1,https://statsapi.mlb.com/api/v1.1/game/824294/feed/live,both,True,P,Pitcher,STARTER/OPENER/BULK,True,QA_VALIDATED_CANONICAL_V3
445276,8,9,79,80,324,331,Top,824295,https://raw.githubusercontent.com/lancebroz/mlb-pitcher-data/main/data/raw/2026/daily/2026-04-04.parquet,False,2026-04-04,2026-04-04T17:10:00Z,DET,STL,H,Kenley Jansen,False,RELIEF_OR_BULK,8,2,1,0,0,0,1,1,0,https://statsapi.mlb.com/api/v1.1/game/824295/feed/live,both,True,P,Pitcher,BULLPEN_PITCHER,True,QA_VALIDATED_CANONICAL_V3
623454,17,5,43,47,175,191,Top,824295,https://raw.githubusercontent.com/lancebroz/mlb-pitcher-data/main/data/raw/2026/daily/2026-04-04.parquet,False,2026-04-04,2026-04-04T17:10:00Z,DET,STL,H,Drew Anderson,False,RELIEF_OR_BULK,17,5,3,1,1,1,0,1,1,https://statsapi.mlb.com/api/v1.1/game/824295/feed/live,both,True,P,Pitcher,BULLPEN_PITCHER,True,QA_VALIDATED_CANONICAL_V3
656427,86,1,0,42,1,174,Top,824295,https://raw.githubusercontent.com/lancebroz/mlb-pitcher-data/main/data/raw/2026/daily/2026-04-04.parquet,False,2026-04-04,2026-04-04T17:10:00Z,DET,STL,H,Jack Flaherty,True,STARTER,86,22,12,5,5,3,4,6,0,https://statsapi.mlb.com/api/v1.1/game/824295/feed/live,both,True,P,Pitcher,STARTER/OPENER/BULK,True,QA_VALIDATED_CANONICAL_V3
663947,19,8,68,71,272,290,Top,824295,https://raw.githubusercontent.com/lancebroz/mlb-pitcher-data/main/data/raw/2026/daily/2026-04-04.parquet,False,2026-04-04,2026-04-04T17:10:00Z,DET,STL,H,Tyler Holton,False,RELIEF_OR_BULK,19,4,3,0,0,1,0,0,0,https://statsapi.mlb.com/api/v1.1/game/824295/feed/live,both,True,P,Pitcher,BULLPEN_PITCHER,True,QA_VALIDATED_CANONICAL_V3
669160,79,1,5,36,26,151,Bot,824295,https://raw.githubusercontent.com/lancebroz/mlb-pitcher-data/main/data/raw/2026/daily/2026-04-04.parquet,False,2026-04-04,2026-04-04T17:10:00Z,STL,DET,A,Dustin May,True,STARTER,79,18,10,7,7,7,2,4,2,https://statsapi.mlb.com/api/v1.1/game/824295/feed/live,both,True,P,Pitcher,STARTER/OPENER/BULK,True,QA_VALIDATED_CANONICAL_V3
676428,13,6,54,56,221,233,Top,824295,https://raw.githubusercontent.com/lancebroz/mlb-pitcher-data/main/data/raw/2026/daily/2026-04-04.parquet,False,2026-04-04,2026-04-04T17:10:00Z,DET,STL,H,Brant Hurter,False,RELIEF_OR_BULK,13,3,3,0,0,0,1,0,0,https://statsapi.mlb.com/api/v1.1/game/824295/feed/live,both,True,P,Pitcher,BULLPEN_PITCHER,True,QA_VALIDATED_CANONICAL_V3
676684,19,7,60,63,241,259,Top,824295,https://raw.githubusercontent.com/lancebroz/mlb-pitcher-data/main/data/raw/2026/daily/2026-04-04.parquet,False,2026-04-04,2026-04-04T17:10:00Z,DET,STL,H,Will Vest,False,RELIEF_OR_BULK,19,4,3,0,0,1,0,1,0,https://statsapi.mlb.com/api/v1.1/game/824295/feed/live,both,True,P,Pitcher,BULLPEN_PITCHER,True,QA_VALIDATED_CANONICAL_V3
677865,27,4,37,50,152,209,Bot,824295,https://raw.githubusercontent.com/lancebroz/mlb-pitcher-data/main/data/raw/2026/daily/2026-04-04.parquet,False,2026-04-04,2026-04-04T17:10:00Z,STL,DET,A,Justin Bruihl,False,RELIEF_OR_BULK,27,5,4,1,1,0,1,1,0,https://statsapi.mlb.com/api/v1.1/game/824295/feed/live,both,True,P,Pitcher,BULLPEN_PITCHER,True,QA_VALIDATED_CANONICAL_V3
688297,33,8,72,78,291,323,Bot,824295,https://raw.githubusercontent.com/lancebroz/mlb-pitcher-data/main/data/raw/2026/daily/2026-04-04.parquet,False,2026-04-04,2026-04-04T17:10:00Z,STL,DET,A,Chris Roycroft,False,RELIEF_OR_BULK,33,7,3,2,2,2,2,2,1,https://statsapi.mlb.com/api/v1.1/game/824295/feed/live,both,True,P,Pitcher,BULLPEN_PITCHER,True,QA_VALIDATED_CANONICAL_V3
694335,30,5,51,67,210,271,Bot,824295,https://raw.githubusercontent.com/lancebroz/mlb-pitcher-data/main/data/raw/2026/daily/2026-04-04.parquet,False,2026-04-04,2026-04-04T17:10:00Z,STL,DET,A,Matt Svanson,False,RELIEF_OR_BULK,30,10,7,1,1,3,1,1,1,https://statsapi.mlb.com/api/v1.1/game/824295/feed/live,both,True,P,Pitcher,BULLPEN_PITCHER,True,QA_VALIDATED_CANONICAL_V3
592773,23,8,66,69,259,281,Bot,824296,https://raw.githubusercontent.com/lancebroz/mlb-pitcher-data/main/data/raw/2026/daily/2026-04-05.parquet,False,2026-04-05,2026-04-05T23:20:00Z,STL,DET,A,Ryne Stanek,False,RELIEF_OR_BULK,23,4,3,0,0,0,1,2,0,https://statsapi.mlb.com/api/v1.1/game/824296/feed/live,both,True,P,Pitcher,BULLPEN_PITCHER,True,QA_VALIDATED_CANONICAL_V3
646241,38,5,36,60,141,236,Top,824296,https://raw.githubusercontent.com/lancebroz/mlb-pitcher-data/main/data/raw/2026/daily/2026-04-05.parquet,False,2026-04-05,2026-04-05T23:20:00Z,DET,STL,H,Enmanuel De Jesus,False,RELIEF_OR_BULK,38,11,8,2,1,2,0,3,0,https://statsapi.mlb.com/api/v1.1/game/824296/feed/live,both,True,P,Pitcher,BULLPEN_PITCHER,True,QA_VALIDATED_CANONICAL_V3
657756,31,8,61,73,237,290,Top,824296,https://raw.githubusercontent.com/lancebroz/mlb-pitcher-data/main/data/raw/2026/daily/2026-04-05.parquet,False,2026-04-05,2026-04-05T23:20:00Z,DET,STL,H,Connor Seabold,False,RELIEF_OR_BULK,31,8,6,0,0,1,2,1,0,https://statsapi.mlb.com/api/v1.1/game/824296/feed/live,both,True,P,Pitcher,BULLPEN_PITCHER,True,QA_VALIDATED_CANONICAL_V3
666277,19,6,47,50,185,203,Bot,824296,https://raw.githubusercontent.com/lancebroz/mlb-pitcher-data/main/data/raw/2026/daily/2026-04-05.parquet,False,2026-04-05,2026-04-05T23:20:00Z,STL,DET,A,George Soriano,False,RELIEF_OR_BULK,19,4,1,1,1,1,2,0,0,https://statsapi.mlb.com/api/v1.1/game/824296/feed/live,both,True,P,Pitcher,BULLPEN_PITCHER,True,QA_VALIDATED_CANONICAL_V3
668941,19,6,51,59,204,232,Bot,824296,https://raw.githubusercontent.com/lancebroz/mlb-pitcher-data/main/data/raw/2026/daily/2026-04-05.parquet,False,2026-04-05,2026-04-05T23:20:00Z,STL,DET,A,JoJo Romero,False,RELIEF_OR_BULK,19,6,5,0,0,0,1,1,0,https://statsapi.mlb.com/api/v1.1/game/824296/feed/live,both,True,P,Pitcher,BULLPEN_PITCHER,True,QA_VALIDATED_CANONICAL_V3
672456,63,1,0,35,1,140,Top,824296,https://raw.githubusercontent.com/lancebroz/mlb-pitcher-data/main/data/raw/2026/daily/2026-04-05.parquet,False,2026-04-05,2026-04-05T23:20:00Z,DET,STL,H,Keider Montero,True,STARTER,63,17,13,3,2,3,1,3,0,https://statsapi.mlb.com/api/v1.1/game/824296/feed/live,both,True,P,Pitcher,STARTER/OPENER/BULK,True,QA_VALIDATED_CANONICAL_V3
676617,13,9,74,76,291,303,Bot,824296,https://raw.githubusercontent.com/lancebroz/mlb-pitcher-data/main/data/raw/2026/daily/2026-04-05.parquet,False,2026-04-05,2026-04-05T23:20:00Z,STL,DET,A,Riley O'Brien,False,RELIEF_OR_BULK,13,3,3,0,0,0,0,1,0,https://statsapi.mlb.com/api/v1.1/game/824296/feed/live,both,True,P,Pitcher,BULLPEN_PITCHER,True,QA_VALIDATED_CANONICAL_V3
681517,97,1,3,43,15,174,Bot,824296,https://raw.githubusercontent.com/lancebroz/mlb-pitcher-data/main/data/raw/2026/daily/2026-04-05.parquet,False,2026-04-05,2026-04-05T23:20:00Z,STL,DET,A,Kyle Leahy,True,STARTER,97,23,15,2,2,5,3,4,1,https://statsapi.mlb.com/api/v1.1/game/824296/feed/live,both,True,P,Pitcher,STARTER/OPENER/BULK,True,QA_VALIDATED_CANONICAL_V3
445276,12,9,60,62,233,244,Top,824297,https://raw.githubusercontent.com/lancebroz/mlb-pitcher-data/main/data/raw/2026/daily/2026-04-10.parquet,False,2026-04-10,2026-04-10T22:40:00Z,DET,MIA,H,Kenley Jansen,False,RELIEF_OR_BULK,12,3,3,0,0,0,0,1,0,https://statsapi.mlb.com/api/v1.1/game/824297/feed/live,both,True,P,Pitcher,BULLPEN_PITCHER,True,QA_VALIDATED_CANONICAL_V3
640448,12,8,52,54,196,207,Top,824297,https://raw.githubusercontent.com/lancebroz/mlb-pitcher-data/main/data/raw/2026/daily/2026-04-10.parquet,False,2026-04-10,2026-04-10T22:40:00Z,DET,MIA,H,Kyle Finnegan,False,RELIEF_OR_BULK,12,3,3,0,0,0,1,0,0,https://statsapi.mlb.com/api/v1.1/game/824297/feed/live,both,True,P,Pitcher,BULLPEN_PITCHER,True,QA_VALIDATED_CANONICAL_V3
663978,96,1,4,45,12,176,Bot,824297,https://raw.githubusercontent.com/lancebroz/mlb-pitcher-data/main/data/raw/2026/daily/2026-04-10.parquet,False,2026-04-10,2026-04-10T22:40:00Z,MIA,DET,A,Chris Paddack,True,STARTER,96,25,18,2,2,7,1,4,1,https://statsapi.mlb.com/api/v1.1/game/824297/feed/live,both,True,P,Pitcher,STARTER/OPENER/BULK,True,QA_VALIDATED_CANONICAL_V3
669199,34,7,49,59,187,232,Bot,824297,https://raw.githubusercontent.com/lancebroz/mlb-pitcher-data/main/data/raw/2026/daily/2026-04-10.parquet,False,2026-04-10,2026-04-10T22:40:00Z,MIA,DET,A,Lake Bachar,False,RELIEF_OR_BULK,34,8,6,0,0,1,0,3,0,https://statsapi.mlb.com/api/v1.1/game/824297/feed/live,both,True,P,Pitcher,BULLPEN_PITCHER,True,QA_VALIDATED_CANONICAL_V3
672456,80,1,0,42,1,165,Top,824297,https://raw.githubusercontent.com/lancebroz/mlb-pitcher-data/main/data/raw/2026/daily/2026-04-10.parquet,False,2026-04-10,2026-04-10T22:40:00Z,DET,MIA,H,Keider Montero,True,STARTER,80,21,18,0,0,2,1,7,0,https://statsapi.mlb.com/api/v1.1/game/824297/feed/live,both,True,P,Pitcher,STARTER/OPENER/BULK,True,QA_VALIDATED_CANONICAL_V3
676428,10,7,46,48,177,186,Top,824297,https://raw.githubusercontent.com/lancebroz/mlb-pitcher-data/main/data/raw/2026/daily/2026-04-10.parquet,False,2026-04-10,2026-04-10T22:40:00Z,DET,MIA,H,Brant Hurter,False,RELIEF_OR_BULK,10,3,3,0,0,0,0,1,0,https://statsapi.mlb.com/api/v1.1/game/824297/feed/live,both,True,P,Pitcher,BULLPEN_PITCHER,True,QA_VALIDATED_CANONICAL_V3
640448,16,8,60,64,231,246,Top,824299,https://raw.githubusercontent.com/lancebroz/mlb-pitcher-data/main/data/raw/2026/daily/2026-04-03.parquet,False,2026-04-03,2026-04-03T17:10:00Z,DET,STL,H,Kyle Finnegan,False,RELIEF_OR_BULK,16,5,3,0,0,1,1,1,0,https://statsapi.mlb.com/api/v1.1/game/824299/feed/live,both,True,P,Pitcher,BULLPEN_PITCHER,True,QA_VALIDATED_CANONICAL_V3
663947,7,9,68,70,258,264,Top,824299,https://raw.githubusercontent.com/lancebroz/mlb-pitcher-data/main/data/raw/2026/daily/2026-04-03.parquet,False,2026-04-03,2026-04-03T17:10:00Z,DET,STL,H,Tyler Holton,False,RELIEF_OR_BULK,7,3,3,0,0,0,0,1,0,https://statsapi.mlb.com/api/v1.1/game/824299/feed/live,both,True,P,Pitcher,BULLPEN_PITCHER,True,QA_VALIDATED_CANONICAL_V3
664285,91,1,0,46,1,174,Top,824299,https://raw.githubusercontent.com/lancebroz/mlb-pitcher-data/main/data/raw/2026/daily/2026-04-03.parquet,False,2026-04-03,2026-04-03T17:10:00Z,DET,STL,H,Framber Valdez,True,STARTER,91,24,18,0,0,3,2,5,0,https://statsapi.mlb.com/api/v1.1/game/824299/feed/live,both,True,P,Pitcher,STARTER/OPENER/BULK,True,QA_VALIDATED_CANONICAL_V3
666277,16,6,48,51,182,197,Bot,824299,https://raw.githubusercontent.com/lancebroz/mlb-pitcher-data/main/data/raw/2026/daily/2026-04-03.parquet,False,2026-04-03,2026-04-03T17:10:00Z,STL,DET,A,George Soriano,False,RELIEF_OR_BULK,16,4,2,1,1,1,0,0,0,https://statsapi.mlb.com/api/v1.1/game/824299/feed/live,both,True,P,Pitcher,BULLPEN_PITCHER,True,QA_VALIDATED_CANONICAL_V3
676684,17,7,52,55,198,214,Top,824299,https://raw.githubusercontent.com/lancebroz/mlb-pitcher-data/main/data/raw/2026/daily/2026-04-03.parquet,False,2026-04-03,2026-04-03T17:10:00Z,DET,STL,H,Will Vest,False,RELIEF_OR_BULK,17,4,3,0,0,1,0,2,0,https://statsapi.mlb.com/api/v1.1/game/824299/feed/live,both,True,P,Pitcher,BULLPEN_PITCHER,True,QA_VALIDATED_CANONICAL_V3
677865,15,5,41,47,161,181,Bot,824299,https://raw.githubusercontent.com/lancebroz/mlb-pitcher-data/main/data/raw/2026/daily/2026-04-03.parquet,False,2026-04-03,2026-04-03T17:10:00Z,STL,DET,A,Justin Bruihl,False,RELIEF_OR_BULK,15,4,2,0,0,2,0,0,0,https://statsapi.mlb.com/api/v1.1/game/824299/feed/live,both,True,P,Pitcher,BULLPEN_PITCHER,True,QA_VALIDATED_CANONICAL_V3
688297,11,8,65,67,247,257,Bot,824299,https://raw.githubusercontent.com/lancebroz/mlb-pitcher-data/main/data/raw/2026/daily/2026-04-03.parquet,False,2026-04-03,2026-04-03T17:10:00Z,STL,DET,A,Chris Roycroft,False,RELIEF_OR_BULK,11,3,3,0,0,0,0,1,0,https://statsapi.mlb.com/api/v1.1/game/824299/feed/live,both,True,P,Pitcher,BULLPEN_PITCHER,True,QA_VALIDATED_CANONICAL_V3
700241,75,1,3,40,13,160,Bot,824299,https://raw.githubusercontent.com/lancebroz/mlb-pitcher-data/main/data/raw/2026/daily/2026-04-03.parquet,False,2026-04-03,2026-04-03T17:10:00Z,STL,DET,A,Michael McGreevy,True,STARTER,75,20,14,3,3,7,0,4,1,https://statsapi.mlb.com/api/v1.1/game/824299/feed/live,both,True,P,Pitcher,STARTER/OPENER/BULK,True,QA_VALIDATED_CANONICAL_V3
700669,16,7,56,59,215,230,Bot,824299,https://raw.githubusercontent.com/lancebroz/mlb-pitcher-data/main/data/raw/2026/daily/2026-04-03.parquet,False,2026-04-03,2026-04-03T17:10:00Z,STL,DET,A,Gordon Graceffo,False,RELIEF_OR_BULK,16,4,3,0,0,0,2,0,0,https://statsapi.mlb.com/api/v1.1/game/824299/feed/live,both,True,P,Pitcher,BULLPEN_PITCHER,True,QA_VALIDATED_CANONICAL_V3
547179,100,1,0,54,1,215,Top,824374,https://raw.githubusercontent.com/lancebroz/mlb-pitcher-data/main/data/raw/2026/daily/2026-04-08.parquet,False,2026-04-08,2026-04-08T19:10:00Z,COL,HOU,H,Michael Lorenzen,True,STARTER,100,26,17,1,1,7,2,4,0,https://statsapi.mlb.com/api/v1.1/game/824374/feed/live,both,True,P,Pitcher,STARTER/OPENER/BULK,True,QA_VALIDATED_CANONICAL_V3
650556,22,8,72,77,282,303,Bot,824374,https://raw.githubusercontent.com/lancebroz/mlb-pitcher-data/main/data/raw/2026/daily/2026-04-08.parquet,False,2026-04-08,2026-04-08T19:10:00Z,HOU,COL,A,Bryan Abreu,False,RELIEF_OR_BULK,22,6,3,1,1,1,2,2,0,https://statsapi.mlb.com/api/v1.1/game/824374/feed/live,both,True,P,Pitcher,BULLPEN_PITCHER,True,QA_VALIDATED_CANONICAL_V3
660853,42,3,29,40,122,170,Bot,824374,https://raw.githubusercontent.com/lancebroz/mlb-pitcher-data/main/data/raw/2026/daily/2026-04-08.parquet,False,2026-04-08,2026-04-08T19:10:00Z,HOU,COL,A,Enyel De Los Santos,False,RELIEF_OR_BULK,42,9,6,1,1,2,1,2,1,https://statsapi.mlb.com/api/v1.1/game/824374/feed/live,both,True,P,Pitcher,BULLPEN_PITCHER,True,QA_VALIDATED_CANONICAL_V3
664299,20,1,3,8,16,35,Bot,824374,https://raw.githubusercontent.com/lancebroz/mlb-pitcher-data/main/data/raw/2026/daily/2026-04-08.parquet,False,2026-04-08,2026-04-08T19:10:00Z,HOU,COL,A,Cristian Javier,True,STARTER,20,6,3,1,1,3,0,1,0,https://statsapi.mlb.com/api/v1.1/game/824374/feed/live,both,True,P,Pitcher,STARTER/OPENER/BULK,True,QA_VALIDATED_CANONICAL_V3
678906,18,6,62,68,242,275,Bot,824374,https://raw.githubusercontent.com/lancebroz/mlb-pitcher-data/main/data/raw/2026/daily/2026-04-08.parquet,False,2026-04-08,2026-04-08T19:10:00Z,HOU,COL,A,Kai-Wei Teng,False,RELIEF_OR_BULK,18,4,4,0,0,0,0,1,0,https://statsapi.mlb.com/api/v1.1/game/824374/feed/live,both,True,P,Pitcher,BULLPEN_PITCHER,True,QA_VALIDATED_CANONICAL_V3
685005,34,5,46,61,186,241,Bot,824374,https://raw.githubusercontent.com/lancebroz/mlb-pitcher-data/main/data/raw/2026/daily/2026-04-08.parquet,False,2026-04-08,2026-04-08T19:10:00Z,HOU,COL,A,Christian Roa,False,RELIEF_OR_BULK,34,9,5,1,1,0,3,1,0,https://statsapi.mlb.com/api/v1.1/game/824374/feed/live,both,True,P,Pitcher,BULLPEN_PITCHER,True,QA_VALIDATED_CANONICAL_V3
688642,44,6,55,81,216,319,Top,824374,https://raw.githubusercontent.com/lancebroz/mlb-pitcher-data/main/data/raw/2026/daily/2026-04-08.parquet,False,2026-04-08,2026-04-08T19:10:00Z,COL,HOU,H,Zach Agnos,False,RELIEF_OR_BULK,44,11,10,0,0,1,0,2,0,https://statsapi.mlb.com/api/v1.1/game/824374/feed/live,both,True,P,Pitcher,BULLPEN_PITCHER,True,QA_VALIDATED_CANONICAL_V3
805123,39,2,15,24,66,104,Bot,824374,https://raw.githubusercontent.com/lancebroz/mlb-pitcher-data/main/data/raw/2026/daily/2026-04-08.parquet,False,2026-04-08,2026-04-08T19:10:00Z,HOU,COL,A,AJ Blubaugh,False,RELIEF_OR_BULK,39,10,3,5,5,4,3,0,0,https://statsapi.mlb.com/api/v1.1/game/824374/feed/live,both,True,P,Pitcher,BULLPEN_PITCHER,True,QA_VALIDATED_CANONICAL_V3
595345,13,6,45,52,162,183,Bot,824375,https://raw.githubusercontent.com/lancebroz/mlb-pitcher-data/main/data/raw/2026/daily/2026-04-07.parquet,False,2026-04-07,2026-04-08T00:40:00Z,HOU,COL,A,Steven Okert,False,RELIEF_OR_BULK,13,4,3,1,1,1,1,0,0,https://statsapi.mlb.com/api/v1.1/game/824375/feed/live,both,True,P,Pitcher,BULLPEN_PITCHER,True,QA_VALIDATED_CANONICAL_V3
607536,81,1,0,48,1,173,Top,824375,https://raw.githubusercontent.com/lancebroz/mlb-pitcher-data/main/data/raw/2026/daily/2026-04-07.parquet,False,2026-04-07,2026-04-08T00:40:00Z,COL,HOU,H,Kyle Freeland,True,STARTER,81,24,19,1,1,3,1,5,1,https://statsapi.mlb.com/api/v1.1/game/824375/feed/live,both,True,P,Pitcher,STARTER/OPENER/BULK,True,QA_VALIDATED_CANONICAL_V3
622608,26,7,49,64,174,229,Top,824375,https://raw.githubusercontent.com/lancebroz/mlb-pitcher-data/main/data/raw/2026/daily/2026-04-07.parquet,False,2026-04-07,2026-04-08T00:40:00Z,COL,HOU,H,Antonio Senzatela,False,RELIEF_OR_BULK,26,8,8,0,0,0,0,3,0,https://statsapi.mlb.com/api/v1.1/game/824375/feed/live,both,True,P,Pitcher,BULLPEN_PITCHER,True,QA_VALIDATED_CANONICAL_V3
678906,7,7,53,55,184,190,Bot,824375,https://raw.githubusercontent.com/lancebroz/mlb-pitcher-data/main/data/raw/2026/daily/2026-04-07.parquet,False,2026-04-07,2026-04-08T00:40:00Z,HOU,COL,A,Kai-Wei Teng,False,RELIEF_OR_BULK,7,3,2,1,1,1,0,0,1,https://statsapi.mlb.com/api/v1.1/game/824375/feed/live,both,True,P,Pitcher,BULLPEN_PITCHER,True,QA_VALIDATED_CANONICAL_V3
681347,87,1,3,44,14,161,Bot,824375,https://raw.githubusercontent.com/lancebroz/mlb-pitcher-data/main/data/raw/2026/daily/2026-04-07.parquet,False,2026-04-07,2026-04-08T00:40:00Z,HOU,COL,A,Mike Burrows,True,STARTER,87,23,16,3,3,8,1,3,1,https://statsapi.mlb.com/api/v1.1/game/824375/feed/live,both,True,P,Pitcher,STARTER/OPENER/BULK,True,QA_VALIDATED_CANONICAL_V3
685005,15,8,59,61,204,218,Bot,824375,https://raw.githubusercontent.com/lancebroz/mlb-pitcher-data/main/data/raw/2026/daily/2026-04-07.parquet,False,2026-04-07,2026-04-08T00:40:00Z,HOU,COL,A,Christian Roa,False,RELIEF_OR_BULK,15,3,3,0,0,0,0,1,0,https://statsapi.mlb.com/api/v1.1/game/824375/feed/live,both,True,P,Pitcher,BULLPEN_PITCHER,True,QA_VALIDATED_CANONICAL_V3
623474,33,6,52,63,168,208,Top,824376,https://raw.githubusercontent.com/lancebroz/mlb-pitcher-data/main/data/raw/2026/daily/2026-04-06.parquet,False,2026-04-06,2026-04-07T00:40:00Z,COL,HOU,H,Jimmy Herget,False,RELIEF_OR_BULK,33,7,5,1,1,2,0,1,0,https://statsapi.mlb.com/api/v1.1/game/824376/feed/live,both,True,P,Pitcher,BULLPEN_PITCHER,True,QA_VALIDATED_CANONICAL_V3
660853,8,8,75,78,251,258,Bot,824376,https://raw.githubusercontent.com/lancebroz/mlb-pitcher-data/main/data/raw/2026/daily/2026-04-06.parquet,False,2026-04-06,2026-04-07T00:40:00Z,HOU,COL,A,Enyel De Los Santos,False,RELIEF_OR_BULK,8,4,3,0,0,1,0,0,0,https://statsapi.mlb.com/api/v1.1/game/824376/feed/live,both,True,P,Pitcher,BULLPEN_PITCHER,True,QA_VALIDATED_CANONICAL_V3
663372,70,1,0,51,1,167,Top,824376,https://raw.githubusercontent.com/lancebroz/mlb-pitcher-data/main/data/raw/2026/daily/2026-04-06.parquet,False,2026-04-06,2026-04-07T00:40:00Z,COL,HOU,H,Ryan Feltner,True,STARTER,70,24,16,4,4,7,2,1,1,https://statsapi.mlb.com/api/v1.1/game/824376/feed/live,both,True,P,Pitcher,STARTER/OPENER/BULK,True,QA_VALIDATED_CANONICAL_V3
675848,21,8,72,81,247,275,Top,824376,https://raw.githubusercontent.com/lancebroz/mlb-pitcher-data/main/data/raw/2026/daily/2026-04-06.parquet,False,2026-04-06,2026-04-07T00:40:00Z,COL,HOU,H,Juan Mejia,False,RELIEF_OR_BULK,21,6,5,0,0,0,1,1,0,https://statsapi.mlb.com/api/v1.1/game/824376/feed/live,both,True,P,Pitcher,BULLPEN_PITCHER,True,QA_VALIDATED_CANONICAL_V3
675989,63,1,6,36,20,117,Bot,824376,https://raw.githubusercontent.com/lancebroz/mlb-pitcher-data/main/data/raw/2026/daily/2026-04-06.parquet,False,2026-04-06,2026-04-07T00:40:00Z,HOU,COL,A,Cody Bolton,True,STARTER,63,17,13,2,2,3,2,5,0,https://statsapi.mlb.com/api/v1.1/game/824376/feed/live,both,True,P,Pitcher,STARTER/OPENER/BULK,True,QA_VALIDATED_CANONICAL_V3
680802,62,5,37,66,118,228,Bot,824376,https://raw.githubusercontent.com/lancebroz/mlb-pitcher-data/main/data/raw/2026/daily/2026-04-06.parquet,False,2026-04-06,2026-04-07T00:40:00Z,HOU,COL,A,Ryan Weiss,False,RELIEF_OR_BULK,62,19,8,7,6,8,2,4,1,https://statsapi.mlb.com/api/v1.1/game/824376/feed/live,both,True,P,Pitcher,BULLPEN_PITCHER,True,QA_VALIDATED_CANONICAL_V3
688642,18,8,67,71,229,246,Top,824376,https://raw.githubusercontent.com/lancebroz/mlb-pitcher-data/main/data/raw/2026/daily/2026-04-06.parquet,False,2026-04-06,2026-04-07T00:40:00Z,COL,HOU,H,Zach Agnos,False,RELIEF_OR_BULK,18,5,1,2,2,4,0,0,0,https://statsapi.mlb.com/api/v1.1/game/824376/feed/live,both,True,P,Pitcher,BULLPEN_PITCHER,True,QA_VALIDATED_CANONICAL_V3
547179,77,1,0,30,1,109,Top,824377,https://raw.githubusercontent.com/lancebroz/mlb-pitcher-data/main/data/raw/2026/daily/2026-04-03.parquet,False,2026-04-03,2026-04-03T20:10:00Z,COL,PHI,H,Michael Lorenzen,True,STARTER,77,23,9,9,9,12,2,2,2,https://statsapi.mlb.com/api/v1.1/game/824377/feed/live,both,True,P,Pitcher,STARTER/OPENER/BULK,True,QA_VALIDATED_CANONICAL_V3
605400,95,1,11,60,45,214,Bot,824377,https://raw.githubusercontent.com/lancebroz/mlb-pitcher-data/main/data/raw/2026/daily/2026-04-03.parquet,False,2026-04-03,2026-04-03T20:10:00Z,PHI,COL,A,Aaron Nola,True,STARTER,95,25,19,1,1,5,1,9,0,https://statsapi.mlb.com/api/v1.1/game/824377/feed/live,both,True,P,Pitcher,STARTER/OPENER/BULK,True,QA_VALIDATED_CANONICAL_V3
641835,13,8,67,69,243,255,Bot,824377,https://raw.githubusercontent.com/lancebroz/mlb-pitcher-data/main/data/raw/2026/daily/2026-04-03.parquet,False,2026-04-03,2026-04-03T20:10:00Z,PHI,COL,A,Tim Mayza,False,RELIEF_OR_BULK,13,3,3,0,0,0,0,2,0,https://statsapi.mlb.com/api/v1.1/game/824377/feed/live,both,True,P,Pitcher,BULLPEN_PITCHER,True,QA_VALIDATED_CANONICAL_V3
647315,17,9,73,76,272,288,Bot,824377,https://raw.githubusercontent.com/lancebroz/mlb-pitcher-data/main/data/raw/2026/daily/2026-04-03.parquet,False,2026-04-03,2026-04-03T20:10:00Z,PHI,COL,A,Zach Pop,False,RELIEF_OR_BULK,17,4,3,0,0,0,1,3,0,https://statsapi.mlb.com/api/v1.1/game/824377/feed/live,both,True,P,Pitcher,BULLPEN_PITCHER,True,QA_VALIDATED_CANONICAL_V3
678368,77,4,34,72,123,271,Top,824377,https://raw.githubusercontent.com/lancebroz/mlb-pitcher-data/main/data/raw/2026/daily/2026-04-03.parquet,False,2026-04-03,2026-04-03T20:10:00Z,COL,PHI,H,Valente Bellozo,False,RELIEF_OR_BULK,77,20,18,1,1,1,1,7,1,https://statsapi.mlb.com/api/v1.1/game/824377/feed/live,both,True,P,Pitcher,BULLPEN_PITCHER,True,QA_VALIDATED_CANONICAL_V3
679775,9,7,61,62,215,223,Bot,824377,https://raw.githubusercontent.com/lancebroz/mlb-pitcher-data/main/data/raw/2026/daily/2026-04-03.parquet,False,2026-04-03,2026-04-03T20:10:00Z,PHI,COL,A,Kyle Backhus,False,RELIEF_OR_BULK,9,2,2,0,0,0,0,1,0,https://statsapi.mlb.com/api/v1.1/game/824377/feed/live,both,True,P,Pitcher,BULLPEN_PITCHER,True,QA_VALIDATED_CANONICAL_V3
621237,12,7,55,56,221,232,Bot,824378,https://raw.githubusercontent.com/lancebroz/mlb-pitcher-data/main/data/raw/2026/daily/2026-04-04.parquet,False,2026-04-04,2026-04-05T00:10:00Z,PHI,COL,A,José Alvarado,False,RELIEF_OR_BULK,12,2,1,0,0,0,1,1,0,https://statsapi.mlb.com/api/v1.1/game/824378/feed/live,both,True,P,Pitcher,BULLPEN_PITCHER,True,QA_VALIDATED_CANONICAL_V3
623474,15,1,5,12,22,49,Top,824378,https://raw.githubusercontent.com/lancebroz/mlb-pitcher-data/main/data/raw/2026/daily/2026-04-04.parquet,False,2026-04-04,2026-04-05T00:10:00Z,COL,PHI,H,Jimmy Herget,False,RELIEF_OR_BULK,15,4,4,0,0,0,0,2,0,https://statsapi.mlb.com/api/v1.1/game/824378/feed/live,both,True,P,Pitcher,BULLPEN_PITCHER,True,QA_VALIDATED_CANONICAL_V3
641745,13,8,61,64,247,259,Bot,824378,https://raw.githubusercontent.com/lancebroz/mlb-pitcher-data/main/data/raw/2026/daily/2026-04-04.parquet,False,2026-04-04,2026-04-05T00:10:00Z,PHI,COL,A,Brad Keller,False,RELIEF_OR_BULK,13,4,3,0,0,1,0,0,0,https://statsapi.mlb.com/api/v1.1/game/824378/feed/live,both,True,P,Pitcher,BULLPEN_PITCHER,True,QA_VALIDATED_CANONICAL_V3
657514,21,1,0,4,1,21,Top,824378,https://raw.githubusercontent.com/lancebroz/mlb-pitcher-data/main/data/raw/2026/daily/2026-04-04.parquet,False,2026-04-04,2026-04-05T00:10:00Z,COL,PHI,H,Brennan Bernardino,True,STARTER,21,5,2,1,1,1,2,0,0,https://statsapi.mlb.com/api/v1.1/game/824378/feed/live,both,True,P,Pitcher,STARTER/OPENER/BULK,True,QA_VALIDATED_CANONICAL_V3
661395,8,9,69,71,272,279,Bot,824378,https://raw.githubusercontent.com/lancebroz/mlb-pitcher-data/main/data/raw/2026/daily/2026-04-04.parquet,False,2026-04-04,2026-04-05T00:10:00Z,PHI,COL,A,Jhoan Duran,False,RELIEF_OR_BULK,8,3,3,0,0,0,0,1,0,https://statsapi.mlb.com/api/v1.1/game/824378/feed/live,both,True,P,Pitcher,BULLPEN_PITCHER,True,QA_VALIDATED_CANONICAL_V3
666200,99,1,6,54,28,220,Bot,824378,https://raw.githubusercontent.com/lancebroz/mlb-pitcher-data/main/data/raw/2026/daily/2026-04-04.parquet,False,2026-04-04,2026-04-05T00:10:00Z,PHI,COL,A,Jesús Luzardo,True,STARTER,99,24,20,1,1,5,0,11,0,https://statsapi.mlb.com/api/v1.1/game/824378/feed/live,both,True,P,Pitcher,STARTER/OPENER/BULK,True,QA_VALIDATED_CANONICAL_V3
675848,14,8,57,60,233,246,Top,824378,https://raw.githubusercontent.com/lancebroz/mlb-pitcher-data/main/data/raw/2026/daily/2026-04-04.parquet,False,2026-04-04,2026-04-05T00:10:00Z,COL,PHI,H,Juan Mejia,False,RELIEF_OR_BULK,14,4,3,0,0,1,0,1,0,https://statsapi.mlb.com/api/v1.1/game/824378/feed/live,both,True,P,Pitcher,BULLPEN_PITCHER,True,QA_VALIDATED_CANONICAL_V3
677955,14,7,49,51,200,213,Top,824378,https://raw.githubusercontent.com/lancebroz/mlb-pitcher-data/main/data/raw/2026/daily/2026-04-04.parquet,False,2026-04-04,2026-04-05T00:10:00Z,COL,PHI,H,Jaden Hill,False,RELIEF_OR_BULK,14,3,2,0,0,0,1,1,0,https://statsapi.mlb.com/api/v1.1/game/824378/feed/live,both,True,P,Pitcher,BULLPEN_PITCHER,True,QA_VALIDATED_CANONICAL_V3
680767,12,9,65,68,260,271,Top,824378,https://raw.githubusercontent.com/lancebroz/mlb-pitcher-data/main/data/raw/2026/daily/2026-04-04.parquet,False,2026-04-04,2026-04-05T00:10:00Z,COL,PHI,H,Victor Vodnik,False,RELIEF_OR_BULK,12,4,3,0,0,1,0,0,0,https://statsapi.mlb.com/api/v1.1/game/824378/feed/live,both,True,P,Pitcher,BULLPEN_PITCHER,True,QA_VALIDATED_CANONICAL_V3
801403,71,3,16,48,67,199,Top,824378,https://raw.githubusercontent.com/lancebroz/mlb-pitcher-data/main/data/raw/2026/daily/2026-04-04.parquet,False,2026-04-04,2026-04-05T00:10:00Z,COL,PHI,H,Chase Dollander,False,RELIEF_OR_BULK,71,18,13,1,1,4,1,6,0,https://statsapi.mlb.com/api/v1.1/game/824378/feed/live,both,True,P,Pitcher,BULLPEN_PITCHER,True,QA_VALIDATED_CANONICAL_V3
592836,87,1,4,42,18,156,Bot,824379,https://raw.githubusercontent.com/lancebroz/mlb-pitcher-data/main/data/raw/2026/daily/2026-04-05.parquet,False,2026-04-05,2026-04-05T19:10:00Z,PHI,COL,A,Taijuan Walker,True,STARTER,87,23,15,4,4,7,2,4,3,https://statsapi.mlb.com/api/v1.1/game/824379/feed/live,both,True,P,Pitcher,STARTER/OPENER/BULK,True,QA_VALIDATED_CANONICAL_V3
608372,78,1,0,45,1,165,Top,824379,https://raw.githubusercontent.com/lancebroz/mlb-pitcher-data/main/data/raw/2026/daily/2026-04-05.parquet,False,2026-04-05,2026-04-05T19:10:00Z,COL,PHI,H,Tomoyuki Sugano,True,STARTER,78,23,18,1,1,4,1,5,1,https://statsapi.mlb.com/api/v1.1/game/824379/feed/live,both,True,P,Pitcher,STARTER/OPENER/BULK,True,QA_VALIDATED_CANONICAL_V3
621383,8,7,53,55,189,196,Bot,824379,https://raw.githubusercontent.com/lancebroz/mlb-pitcher-data/main/data/raw/2026/daily/2026-04-05.parquet,False,2026-04-05,2026-04-05T19:10:00Z,PHI,COL,A,Tanner Banks,False,RELIEF_OR_BULK,8,3,3,0,0,0,0,1,0,https://statsapi.mlb.com/api/v1.1/game/824379/feed/live,both,True,P,Pitcher,BULLPEN_PITCHER,True,QA_VALIDATED_CANONICAL_V3
641835,13,6,46,48,166,178,Bot,824379,https://raw.githubusercontent.com/lancebroz/mlb-pitcher-data/main/data/raw/2026/daily/2026-04-05.parquet,False,2026-04-05,2026-04-05T19:10:00Z,PHI,COL,A,Tim Mayza,False,RELIEF_OR_BULK,13,3,3,0,0,0,0,1,0,https://statsapi.mlb.com/api/v1.1/game/824379/feed/live,both,True,P,Pitcher,BULLPEN_PITCHER,True,QA_VALIDATED_CANONICAL_V3
657514,14,8,56,58,197,210,Top,824379,https://raw.githubusercontent.com/lancebroz/mlb-pitcher-data/main/data/raw/2026/daily/2026-04-05.parquet,False,2026-04-05,2026-04-05T19:10:00Z,COL,PHI,H,Brennan Bernardino,False,RELIEF_OR_BULK,14,3,3,0,0,0,0,2,0,https://statsapi.mlb.com/api/v1.1/game/824379/feed/live,both,True,P,Pitcher,BULLPEN_PITCHER,True,QA_VALIDATED_CANONICAL_V3
677955,10,7,49,52,179,188,Top,824379,https://raw.githubusercontent.com/lancebroz/mlb-pitcher-data/main/data/raw/2026/daily/2026-04-05.parquet,False,2026-04-05,2026-04-05T19:10:00Z,COL,PHI,H,Jaden Hill,False,RELIEF_OR_BULK,10,4,3,0,0,0,0,0,0,https://statsapi.mlb.com/api/v1.1/game/824379/feed/live,both,True,P,Pitcher,BULLPEN_PITCHER,True,QA_VALIDATED_CANONICAL_V3
679775,12,8,59,61,211,222,Bot,824379,https://raw.githubusercontent.com/lancebroz/mlb-pitcher-data/main/data/raw/2026/daily/2026-04-05.parquet,False,2026-04-05,2026-04-05T19:10:00Z,PHI,COL,A,Kyle Backhus,False,RELIEF_OR_BULK,12,3,3,0,0,0,0,2,0,https://statsapi.mlb.com/api/v1.1/game/824379/feed/live,both,True,P,Pitcher,BULLPEN_PITCHER,True,QA_VALIDATED_CANONICAL_V3
680767,22,9,62,66,223,244,Top,824379,https://raw.githubusercontent.com/lancebroz/mlb-pitcher-data/main/data/raw/2026/daily/2026-04-05.parquet,False,2026-04-05,2026-04-05T19:10:00Z,COL,PHI,H,Victor Vodnik,False,RELIEF_OR_BULK,22,5,3,0,0,2,0,3,0,https://statsapi.mlb.com/api/v1.1/game/824379/feed/live,both,True,P,Pitcher,BULLPEN_PITCHER,True,QA_VALIDATED_CANONICAL_V3
641401,24,6,47,54,196,229,Top,824455,https://raw.githubusercontent.com/lancebroz/mlb-pitcher-data/main/data/raw/2026/daily/2026-04-08.parquet,False,2026-04-08,2026-04-08T17:10:00Z,CLE,KC,H,Connor Brogdon,False,RELIEF_OR_BULK,24,5,4,0,0,0,0,3,0,https://statsapi.mlb.com/api/v1.1/game/824455/feed/live,both,True,P,Pitcher,BULLPEN_PITCHER,True,QA_VALIDATED_CANONICAL_V3
656638,37,4,34,50,147,208,Bot,824455,https://raw.githubusercontent.com/lancebroz/mlb-pitcher-data/main/data/raw/2026/daily/2026-04-08.parquet,False,2026-04-08,2026-04-08T17:10:00Z,KC,CLE,A,Alex Lange,False,RELIEF_OR_BULK,37,9,7,1,1,3,0,2,0,https://statsapi.mlb.com/api/v1.1/game/824455/feed/live,both,True,P,Pitcher,BULLPEN_PITCHER,True,QA_VALIDATED_CANONICAL_V3
666142,18,1,3,7,14,31,Bot,824455,https://raw.githubusercontent.com/lancebroz/mlb-pitcher-data/main/data/raw/2026/daily/2026-04-08.parquet,False,2026-04-08,2026-04-08T17:10:00Z,KC,CLE,A,Cole Ragans,True,STARTER,18,5,2,3,3,2,1,2,0,https://statsapi.mlb.com/api/v1.1/game/824455/feed/live,both,True,P,Pitcher,STARTER/OPENER/BULK,True,QA_VALIDATED_CANONICAL_V3
670036,21,8,63,75,261,309,Top,824455,https://raw.githubusercontent.com/lancebroz/mlb-pitcher-data/main/data/raw/2026/daily/2026-04-08.parquet,False,2026-04-08,2026-04-08T17:10:00Z,CLE,KC,H,Matt Festa,False,RELIEF_OR_BULK,21,5,4,0,0,0,1,1,0,https://statsapi.mlb.com/api/v1.1/game/824455/feed/live,both,True,P,Pitcher,BULLPEN_PITCHER,True,QA_VALIDATED_CANONICAL_V3
674444,41,7,55,69,230,285,Bot,824455,https://raw.githubusercontent.com/lancebroz/mlb-pitcher-data/main/data/raw/2026/daily/2026-04-08.parquet,False,2026-04-08,2026-04-08T17:10:00Z,KC,CLE,A,Steven Cruz,False,RELIEF_OR_BULK,41,10,4,5,5,4,2,3,1,https://statsapi.mlb.com/api/v1.1/game/824455/feed/live,both,True,P,Pitcher,BULLPEN_PITCHER,True,QA_VALIDATED_CANONICAL_V3
676282,88,1,0,46,1,195,Top,824455,https://raw.githubusercontent.com/lancebroz/mlb-pitcher-data/main/data/raw/2026/daily/2026-04-08.parquet,False,2026-04-08,2026-04-08T17:10:00Z,CLE,KC,H,Joey Cantillo,True,STARTER,88,21,17,2,1,3,2,9,0,https://statsapi.mlb.com/api/v1.1/game/824455/feed/live,both,True,P,Pitcher,STARTER/OPENER/BULK,True,QA_VALIDATED_CANONICAL_V3
679883,62,1,8,33,32,146,Bot,824455,https://raw.githubusercontent.com/lancebroz/mlb-pitcher-data/main/data/raw/2026/daily/2026-04-08.parquet,False,2026-04-08,2026-04-08T17:10:00Z,KC,CLE,A,Luinder Avila,False,RELIEF_OR_BULK,62,15,9,1,1,6,1,2,0,https://statsapi.mlb.com/api/v1.1/game/824455/feed/live,both,True,P,Pitcher,BULLPEN_PITCHER,True,QA_VALIDATED_CANONICAL_V3
681870,13,8,59,62,248,260,Top,824455,https://raw.githubusercontent.com/lancebroz/mlb-pitcher-data/main/data/raw/2026/daily/2026-04-08.parquet,False,2026-04-08,2026-04-08T17:10:00Z,CLE,KC,H,Erik Sabrowski,False,RELIEF_OR_BULK,13,4,2,0,0,2,0,1,0,https://statsapi.mlb.com/api/v1.1/game/824455/feed/live,both,True,P,Pitcher,BULLPEN_PITCHER,True,QA_VALIDATED_CANONICAL_V3
686475,5,8,70,71,286,290,Bot,824455,https://raw.githubusercontent.com/lancebroz/mlb-pitcher-data/main/data/raw/2026/daily/2026-04-08.parquet,False,2026-04-08,2026-04-08T17:10:00Z,KC,CLE,A,Tyler Tolbert,False,RELIEF_OR_BULK,5,2,2,0,0,1,0,0,0,https://statsapi.mlb.com/api/v1.1/game/824455/feed/live,both,True,SS,Shortstop,POSITION_PLAYER_PITCHING,True,EXCLUIR_POSITION_PLAYER_PITCHING
608379,102,1,4,54,12,224,Bot,824456,https://raw.githubusercontent.com/lancebroz/mlb-pitcher-data/main/data/raw/2026/daily/2026-04-06.parquet,False,2026-04-06,2026-04-06T22:10:00Z,KC,CLE,A,Michael Wacha,True,STARTER,102,26,21,1,1,3,3,3,1,https://statsapi.mlb.com/api/v1.1/game/824456/feed/live,both,True,P,Pitcher,STARTER/OPENER/BULK,True,QA_VALIDATED_CANONICAL_V3
621381,24,8,60,64,245,268,Bot,824456,https://raw.githubusercontent.com/lancebroz/mlb-pitcher-data/main/data/raw/2026/daily/2026-04-06.parquet,False,2026-04-06,2026-04-06T22:10:00Z,KC,CLE,A,Matt Strahm,False,RELIEF_OR_BULK,24,5,3,1,1,1,1,1,1,https://statsapi.mlb.com/api/v1.1/game/824456/feed/live,both,True,P,Pitcher,BULLPEN_PITCHER,True,QA_VALIDATED_CANONICAL_V3
663465,35,8,55,69,225,283,Top,824456,https://raw.githubusercontent.com/lancebroz/mlb-pitcher-data/main/data/raw/2026/daily/2026-04-06.parquet,False,2026-04-06,2026-04-06T22:10:00Z,CLE,KC,H,Kolby Allard,False,RELIEF_OR_BULK,35,10,6,2,2,3,1,2,1,https://statsapi.mlb.com/api/v1.1/game/824456/feed/live,both,True,P,Pitcher,BULLPEN_PITCHER,True,QA_VALIDATED_CANONICAL_V3
668674,14,9,70,72,284,297,Bot,824456,https://raw.githubusercontent.com/lancebroz/mlb-pitcher-data/main/data/raw/2026/daily/2026-04-06.parquet,False,2026-04-06,2026-04-06T22:10:00Z,KC,CLE,A,Lucas Erceg,False,RELIEF_OR_BULK,14,3,3,0,0,0,0,1,0,https://statsapi.mlb.com/api/v1.1/game/824456/feed/live,both,True,P,Pitcher,BULLPEN_PITCHER,True,QA_VALIDATED_CANONICAL_V3
676440,87,1,0,33,1,144,Top,824456,https://raw.githubusercontent.com/lancebroz/mlb-pitcher-data/main/data/raw/2026/daily/2026-04-06.parquet,False,2026-04-06,2026-04-06T22:10:00Z,CLE,KC,H,Tanner Bibee,True,STARTER,87,20,14,1,1,5,1,3,0,https://statsapi.mlb.com/api/v1.1/game/824456/feed/live,both,True,P,Pitcher,STARTER/OPENER/BULK,True,QA_VALIDATED_CANONICAL_V3
682120,5,5,34,34,145,149,Top,824456,https://raw.githubusercontent.com/lancebroz/mlb-pitcher-data/main/data/raw/2026/daily/2026-04-06.parquet,False,2026-04-06,2026-04-06T22:10:00Z,CLE,KC,H,Tim Herrin,False,RELIEF_OR_BULK,5,1,1,0,0,0,0,0,0,https://statsapi.mlb.com/api/v1.1/game/824456/feed/live,both,True,P,Pitcher,BULLPEN_PITCHER,True,QA_VALIDATED_CANONICAL_V3
688883,30,6,39,50,158,206,Top,824456,https://raw.githubusercontent.com/lancebroz/mlb-pitcher-data/main/data/raw/2026/daily/2026-04-06.parquet,False,2026-04-06,2026-04-06T22:10:00Z,CLE,KC,H,Peyton Pallette,False,RELIEF_OR_BULK,30,8,6,1,1,3,0,3,1,https://statsapi.mlb.com/api/v1.1/game/824456/feed/live,both,True,P,Pitcher,BULLPEN_PITCHER,True,QA_VALIDATED_CANONICAL_V3
542888,25,8,55,59,239,263,Top,824457,https://raw.githubusercontent.com/lancebroz/mlb-pitcher-data/main/data/raw/2026/daily/2026-04-07.parquet,False,2026-04-07,2026-04-07T17:10:00Z,CLE,KC,H,Shawn Armstrong,False,RELIEF_OR_BULK,25,5,3,0,0,0,2,2,0,https://statsapi.mlb.com/api/v1.1/game/824457/feed/live,both,True,P,Pitcher,BULLPEN_PITCHER,True,QA_VALIDATED_CANONICAL_V3
663738,13,6,48,54,211,238,Bot,824457,https://raw.githubusercontent.com/lancebroz/mlb-pitcher-data/main/data/raw/2026/daily/2026-04-07.parquet,False,2026-04-07,2026-04-07T17:10:00Z,KC,CLE,A,Daniel Lynch IV,False,RELIEF_OR_BULK,13,4,4,0,0,0,0,1,0,https://statsapi.mlb.com/api/v1.1/game/824457/feed/live,both,True,P,Pitcher,BULLPEN_PITCHER,True,QA_VALIDATED_CANONICAL_V3
668909,102,1,0,42,1,185,Top,824457,https://raw.githubusercontent.com/lancebroz/mlb-pitcher-data/main/data/raw/2026/daily/2026-04-07.parquet,False,2026-04-07,2026-04-07T17:10:00Z,CLE,KC,H,Gavin Williams,True,STARTER,102,22,17,1,1,1,5,8,1,https://statsapi.mlb.com/api/v1.1/game/824457/feed/live,both,True,P,Pitcher,STARTER/OPENER/BULK,True,QA_VALIDATED_CANONICAL_V3
670167,19,9,67,70,298,316,Bot,824457,https://raw.githubusercontent.com/lancebroz/mlb-pitcher-data/main/data/raw/2026/daily/2026-04-07.parquet,False,2026-04-07,2026-04-07T17:10:00Z,KC,CLE,A,John Schreiber,False,RELIEF_OR_BULK,19,4,1,1,1,2,1,0,0,https://statsapi.mlb.com/api/v1.1/game/824457/feed/live,both,True,P,Pitcher,BULLPEN_PITCHER,True,QA_VALIDATED_CANONICAL_V3
671922,10,9,64,66,288,297,Top,824457,https://raw.githubusercontent.com/lancebroz/mlb-pitcher-data/main/data/raw/2026/daily/2026-04-07.parquet,False,2026-04-07,2026-04-07T17:10:00Z,CLE,KC,H,Cade Smith,False,RELIEF_OR_BULK,10,3,3,0,0,0,0,2,0,https://statsapi.mlb.com/api/v1.1/game/824457/feed/live,both,True,P,Pitcher,BULLPEN_PITCHER,True,QA_VALIDATED_CANONICAL_V3
681870,15,7,49,51,216,230,Top,824457,https://raw.githubusercontent.com/lancebroz/mlb-pitcher-data/main/data/raw/2026/daily/2026-04-07.parquet,False,2026-04-07,2026-04-07T17:10:00Z,CLE,KC,H,Erik Sabrowski,False,RELIEF_OR_BULK,15,3,3,0,0,0,0,2,0,https://statsapi.mlb.com/api/v1.1/game/824457/feed/live,both,True,P,Pitcher,BULLPEN_PITCHER,True,QA_VALIDATED_CANONICAL_V3
682120,11,6,43,44,186,196,Top,824457,https://raw.githubusercontent.com/lancebroz/mlb-pitcher-data/main/data/raw/2026/daily/2026-04-07.parquet,False,2026-04-07,2026-04-07T17:10:00Z,CLE,KC,H,Tim Herrin,False,RELIEF_OR_BULK,11,2,1,0,0,0,1,0,0,https://statsapi.mlb.com/api/v1.1/game/824457/feed/live,both,True,P,Pitcher,BULLPEN_PITCHER,True,QA_VALIDATED_CANONICAL_V3
683232,24,8,60,63,264,287,Bot,824457,https://raw.githubusercontent.com/lancebroz/mlb-pitcher-data/main/data/raw/2026/daily/2026-04-07.parquet,False,2026-04-07,2026-04-07T17:10:00Z,KC,CLE,A,Nick Mears,False,RELIEF_OR_BULK,24,4,3,0,0,0,1,2,0,https://statsapi.mlb.com/api/v1.1/game/824457/feed/live,both,True,P,Pitcher,BULLPEN_PITCHER,True,QA_VALIDATED_CANONICAL_V3
702070,97,1,3,47,13,210,Bot,824457,https://raw.githubusercontent.com/lancebroz/mlb-pitcher-data/main/data/raw/2026/daily/2026-04-07.parquet,False,2026-04-07,2026-04-07T17:10:00Z,KC,CLE,A,Noah Cameron,True,STARTER,97,24,17,1,1,6,1,5,0,https://statsapi.mlb.com/api/v1.1/game/824457/feed/live,both,True,P,Pitcher,STARTER/OPENER/BULK,True,QA_VALIDATED_CANONICAL_V3
542888,13,8,58,60,162,277,Top,824458,https://baseballsavant.mlb.com/statcast_search/csv?all=true&type=details&game_pk=824458,True,2026-04-03,2026-04-03T20:10:00Z,CLE,CHC,H,Shawn Armstrong,False,RELIEF_OR_BULK,13,3,3,0,0,0,0,1,0,https://statsapi.mlb.com/api/v1.1/game/824458/feed/live,both,True,P,Pitcher,BULLPEN_PITCHER,True,QA_VALIDATED_CANONICAL_V3
571948,10,5,37,47,187,269,Bot,824458,https://baseballsavant.mlb.com/statcast_search/csv?all=true&type=details&game_pk=824458,True,2026-04-03,2026-04-03T20:10:00Z,CHC,CLE,A,Hoby Milner,False,RELIEF_OR_BULK,10,6,5,0,0,2,0,0,0,https://statsapi.mlb.com/api/v1.1/game/824458/feed/live,both,True,P,Pitcher,BULLPEN_PITCHER,True,QA_VALIDATED_CANONICAL_V3
607067,57,2,11,36,26,273,Bot,824458,https://baseballsavant.mlb.com/statcast_search/csv?all=true&type=details&game_pk=824458,True,2026-04-03,2026-04-03T20:10:00Z,CHC,CLE,A,Colin Rea,False,RELIEF_OR_BULK,57,14,10,1,1,4,1,4,0,https://statsapi.mlb.com/api/v1.1/game/824458/feed/live,both,True,P,Pitcher,BULLPEN_PITCHER,True,QA_VALIDATED_CANONICAL_V3
640451,30,7,51,55,80,268,Bot,824458,https://baseballsavant.mlb.com/statcast_search/csv?all=true&type=details&game_pk=824458,True,2026-04-03,2026-04-03T20:10:00Z,CHC,CLE,A,Hunter Harvey,False,RELIEF_OR_BULK,30,5,2,3,3,2,1,0,2,https://statsapi.mlb.com/api/v1.1/game/824458/feed/live,both,True,P,Pitcher,BULLPEN_PITCHER,True,QA_VALIDATED_CANONICAL_V3
641401,13,7,48,50,165,270,Top,824458,https://baseballsavant.mlb.com/statcast_search/csv?all=true&type=details&game_pk=824458,True,2026-04-03,2026-04-03T20:10:00Z,CLE,CHC,H,Connor Brogdon,False,RELIEF_OR_BULK,13,3,3,0,0,0,0,0,0,https://statsapi.mlb.com/api/v1.1/game/824458/feed/live,both,True,P,Pitcher,BULLPEN_PITCHER,True,QA_VALIDATED_CANONICAL_V3
657097,29,7,56,63,85,276,Bot,824458,https://baseballsavant.mlb.com/statcast_search/csv?all=true&type=details&game_pk=824458,True,2026-04-03,2026-04-03T20:10:00Z,CHC,CLE,A,Jacob Webb,False,RELIEF_OR_BULK,29,5,4,0,0,1,1,1,0,https://statsapi.mlb.com/api/v1.1/game/824458/feed/live,both,True,P,Pitcher,BULLPEN_PITCHER,True,QA_VALIDATED_CANONICAL_V3
670036,4,6,42,43,242,274,Top,824458,https://baseballsavant.mlb.com/statcast_search/csv?all=true&type=details&game_pk=824458,True,2026-04-03,2026-04-03T20:10:00Z,CLE,CHC,H,Matt Festa,False,RELIEF_OR_BULK,4,2,2,0,0,0,0,0,0,https://statsapi.mlb.com/api/v1.1/game/824458/feed/live,both,True,P,Pitcher,BULLPEN_PITCHER,True,QA_VALIDATED_CANONICAL_V3
671922,22,9,64,67,115,272,Top,824458,https://baseballsavant.mlb.com/statcast_search/csv?all=true&type=details&game_pk=824458,True,2026-04-03,2026-04-03T20:10:00Z,CLE,CHC,H,Cade Smith,False,RELIEF_OR_BULK,22,4,3,0,0,1,0,3,0,https://statsapi.mlb.com/api/v1.1/game/824458/feed/live,both,True,P,Pitcher,BULLPEN_PITCHER,True,QA_VALIDATED_CANONICAL_V3
676282,82,1,1,41,1,275,Top,824458,https://baseballsavant.mlb.com/statcast_search/csv?all=true&type=details&game_pk=824458,True,2026-04-03,2026-04-03T20:10:00Z,CLE,CHC,H,Joey Cantillo,True,STARTER,82,21,16,1,1,4,2,6,0,https://statsapi.mlb.com/api/v1.1/game/824458/feed/live,both,True,P,Pitcher,STARTER/OPENER/BULK,True,QA_VALIDATED_CANONICAL_V3
690990,17,1,4,11,136,271,Bot,824458,https://baseballsavant.mlb.com/statcast_search/csv?all=true&type=details&game_pk=824458,True,2026-04-03,2026-04-03T20:10:00Z,CHC,CLE,A,Cade Horton,True,STARTER,17,4,3,0,0,0,1,0,0,https://statsapi.mlb.com/api/v1.1/game/824458/feed/live,both,True,P,Pitcher,STARTER/OPENER/BULK,True,QA_VALIDATED_CANONICAL_V3
571948,14,8,56,58,247,260,Bot,824459,https://raw.githubusercontent.com/lancebroz/mlb-pitcher-data/main/data/raw/2026/daily/2026-04-05.parquet,False,2026-04-05,2026-04-05T17:10:00Z,CHC,CLE,A,Hoby Milner,False,RELIEF_OR_BULK,14,3,3,0,0,0,0,0,0,https://statsapi.mlb.com/api/v1.1/game/824459/feed/live,both,True,P,Pitcher,BULLPEN_PITCHER,True,QA_VALIDATED_CANONICAL_V3
573204,28,6,43,50,183,227,Bot,824459,https://raw.githubusercontent.com/lancebroz/mlb-pitcher-data/main/data/raw/2026/daily/2026-04-05.parquet,False,2026-04-05,2026-04-05T17:10:00Z,CHC,CLE,A,Caleb Thielbar,False,RELIEF_OR_BULK,28,5,4,0,0,0,1,0,0,https://statsapi.mlb.com/api/v1.1/game/824459/feed/live,both,True,P,Pitcher,BULLPEN_PITCHER,True,QA_VALIDATED_CANONICAL_V3
641401,19,8,51,55,228,246,Top,824459,https://raw.githubusercontent.com/lancebroz/mlb-pitcher-data/main/data/raw/2026/daily/2026-04-05.parquet,False,2026-04-05,2026-04-05T17:10:00Z,CLE,CHC,H,Connor Brogdon,False,RELIEF_OR_BULK,19,5,3,1,1,1,1,0,0,https://statsapi.mlb.com/api/v1.1/game/824459/feed/live,both,True,P,Pitcher,BULLPEN_PITCHER,True,QA_VALIDATED_CANONICAL_V3
665795,97,1,3,42,18,182,Bot,824459,https://raw.githubusercontent.com/lancebroz/mlb-pitcher-data/main/data/raw/2026/daily/2026-04-05.parquet,False,2026-04-05,2026-04-05T17:10:00Z,CHC,CLE,A,Edward Cabrera,True,STARTER,97,22,17,0,0,1,5,4,0,https://statsapi.mlb.com/api/v1.1/game/824459/feed/live,both,True,P,Pitcher,STARTER/OPENER/BULK,True,QA_VALIDATED_CANONICAL_V3
677944,85,1,0,37,1,157,Top,824459,https://raw.githubusercontent.com/lancebroz/mlb-pitcher-data/main/data/raw/2026/daily/2026-04-05.parquet,False,2026-04-05,2026-04-05T17:10:00Z,CLE,CHC,H,Slade Cecconi,True,STARTER,85,21,18,0,0,1,1,6,0,https://statsapi.mlb.com/api/v1.1/game/824459/feed/live,both,True,P,Pitcher,STARTER/OPENER/BULK,True,QA_VALIDATED_CANONICAL_V3
682120,17,7,44,46,189,205,Top,824459,https://raw.githubusercontent.com/lancebroz/mlb-pitcher-data/main/data/raw/2026/daily/2026-04-05.parquet,False,2026-04-05,2026-04-05T17:10:00Z,CLE,CHC,H,Tim Herrin,False,RELIEF_OR_BULK,17,3,3,0,0,0,0,2,0,https://statsapi.mlb.com/api/v1.1/game/824459/feed/live,both,True,P,Pitcher,BULLPEN_PITCHER,True,QA_VALIDATED_CANONICAL_V3
688883,15,9,59,62,261,275,Top,824459,https://raw.githubusercontent.com/lancebroz/mlb-pitcher-data/main/data/raw/2026/daily/2026-04-05.parquet,False,2026-04-05,2026-04-05T17:10:00Z,CLE,CHC,H,Peyton Pallette,False,RELIEF_OR_BULK,15,4,3,0,0,0,0,2,0,https://statsapi.mlb.com/api/v1.1/game/824459/feed/live,both,True,P,Pitcher,BULLPEN_PITCHER,True,QA_VALIDATED_CANONICAL_V3
694037,13,9,63,65,276,288,Bot,824459,https://raw.githubusercontent.com/lancebroz/mlb-pitcher-data/main/data/raw/2026/daily/2026-04-05.parquet,False,2026-04-05,2026-04-05T17:10:00Z,CHC,CLE,A,Daniel Palencia,False,RELIEF_OR_BULK,13,3,3,0,0,0,0,1,0,https://statsapi.mlb.com/api/v1.1/game/824459/feed/live,both,True,P,Pitcher,BULLPEN_PITCHER,True,QA_VALIDATED_CANONICAL_V3
542888,29,7,54,62,244,281,Top,824460,https://raw.githubusercontent.com/lancebroz/mlb-pitcher-data/main/data/raw/2026/daily/2026-04-05.parquet,False,2026-04-05,2026-04-05T17:15:00Z,CLE,CHC,H,Shawn Armstrong,False,RELIEF_OR_BULK,29,6,4,1,1,1,1,2,1,https://statsapi.mlb.com/api/v1.1/game/824460/feed/live,both,True,P,Pitcher,BULLPEN_PITCHER,True,QA_VALIDATED_CANONICAL_V3
657097,20,8,63,67,282,301,Bot,824460,https://raw.githubusercontent.com/lancebroz/mlb-pitcher-data/main/data/raw/2026/daily/2026-04-05.parquet,False,2026-04-05,2026-04-05T17:15:00Z,CHC,CLE,A,Jacob Webb,False,RELIEF_OR_BULK,20,5,1,3,3,3,1,0,1,https://statsapi.mlb.com/api/v1.1/game/824460/feed/live,both,True,P,Pitcher,BULLPEN_PITCHER,True,QA_VALIDATED_CANONICAL_V3
670036,13,6,38,42,178,190,Top,824460,https://raw.githubusercontent.com/lancebroz/mlb-pitcher-data/main/data/raw/2026/daily/2026-04-05.parquet,False,2026-04-05,2026-04-05T17:15:00Z,CLE,CHC,H,Matt Festa,False,RELIEF_OR_BULK,13,5,3,2,2,2,0,1,1,https://statsapi.mlb.com/api/v1.1/game/824460/feed/live,both,True,P,Pitcher,BULLPEN_PITCHER,True,QA_VALIDATED_CANONICAL_V3
671922,33,9,71,76,315,347,Top,824460,https://raw.githubusercontent.com/lancebroz/mlb-pitcher-data/main/data/raw/2026/daily/2026-04-05.parquet,False,2026-04-05,2026-04-05T17:15:00Z,CLE,CHC,H,Cade Smith,False,RELIEF_OR_BULK,33,6,3,1,1,1,2,2,0,https://statsapi.mlb.com/api/v1.1/game/824460/feed/live,both,True,P,Pitcher,BULLPEN_PITCHER,True,QA_VALIDATED_CANONICAL_V3
676962,42,6,44,57,197,254,Bot,824460,https://raw.githubusercontent.com/lancebroz/mlb-pitcher-data/main/data/raw/2026/daily/2026-04-05.parquet,False,2026-04-05,2026-04-05T17:15:00Z,CHC,CLE,A,Ben Brown,False,RELIEF_OR_BULK,42,10,6,2,2,2,2,0,0,https://statsapi.mlb.com/api/v1.1/game/824460/feed/live,both,True,P,Pitcher,BULLPEN_PITCHER,True,QA_VALIDATED_CANONICAL_V3
681799,13,8,68,70,302,314,Bot,824460,https://raw.githubusercontent.com/lancebroz/mlb-pitcher-data/main/data/raw/2026/daily/2026-04-05.parquet,False,2026-04-05,2026-04-05T17:15:00Z,CHC,CLE,A,Ethan Roberts,False,RELIEF_OR_BULK,13,3,2,0,0,1,0,0,0,https://statsapi.mlb.com/api/v1.1/game/824460/feed/live,both,True,P,Pitcher,BULLPEN_PITCHER,True,QA_VALIDATED_CANONICAL_V3
681870,14,7,51,53,230,243,Top,824460,https://raw.githubusercontent.com/lancebroz/mlb-pitcher-data/main/data/raw/2026/daily/2026-04-05.parquet,False,2026-04-05,2026-04-05T17:15:00Z,CLE,CHC,H,Erik Sabrowski,False,RELIEF_OR_BULK,14,3,2,0,0,1,0,1,0,https://statsapi.mlb.com/api/v1.1/game/824460/feed/live,both,True,P,Pitcher,BULLPEN_PITCHER,True,QA_VALIDATED_CANONICAL_V3
684007,92,1,3,43,10,196,Bot,824460,https://raw.githubusercontent.com/lancebroz/mlb-pitcher-data/main/data/raw/2026/daily/2026-04-05.parquet,False,2026-04-05,2026-04-05T17:15:00Z,CHC,CLE,A,Shota Imanaga,True,STARTER,92,19,15,1,1,3,1,4,0,https://statsapi.mlb.com/api/v1.1/game/824460/feed/live,both,True,P,Pitcher,STARTER/OPENER/BULK,True,QA_VALIDATED_CANONICAL_V3
800048,91,1,0,33,1,166,Top,824460,https://raw.githubusercontent.com/lancebroz/mlb-pitcher-data/main/data/raw/2026/daily/2026-04-05.parquet,False,2026-04-05,2026-04-05T17:15:00Z,CLE,CHC,H,Parker Messick,True,STARTER,91,20,15,1,1,2,3,6,1,https://statsapi.mlb.com/api/v1.1/game/824460/feed/live,both,True,P,Pitcher,STARTER/OPENER/BULK,True,QA_VALIDATED_CANONICAL_V3
594580,16,8,60,62,212,227,Top,824534,https://raw.githubusercontent.com/lancebroz/mlb-pitcher-data/main/data/raw/2026/daily/2026-04-10.parquet,False,2026-04-10,2026-04-10T22:45:00Z,CIN,LAA,H,Sam Moll,False,RELIEF_OR_BULK,16,3,1,2,2,0,2,0,0,https://statsapi.mlb.com/api/v1.1/game/824534/feed/live,both,True,P,Pitcher,BULLPEN_PITCHER,True,QA_VALIDATED_CANONICAL_V3
664731,10,9,74,76,275,284,Top,824534,https://raw.githubusercontent.com/lancebroz/mlb-pitcher-data/main/data/raw/2026/daily/2026-04-10.parquet,False,2026-04-10,2026-04-10T22:45:00Z,CIN,LAA,H,P.J. Higgins,False,RELIEF_OR_BULK,10,3,3,0,0,0,0,1,0,https://statsapi.mlb.com/api/v1.1/game/824534/feed/live,both,True,C,Catcher,POSITION_PLAYER_PITCHING,True,EXCLUIR_POSITION_PLAYER_PITCHING
683175,24,6,47,56,170,202,Top,824534,https://raw.githubusercontent.com/lancebroz/mlb-pitcher-data/main/data/raw/2026/daily/2026-04-10.parquet,False,2026-04-10,2026-04-10T22:45:00Z,CIN,LAA,H,Connor Phillips,False,RELIEF_OR_BULK,24,6,5,0,0,1,0,3,0,https://statsapi.mlb.com/api/v1.1/game/824534/feed/live,both,True,P,Pitcher,BULLPEN_PITCHER,True,QA_VALIDATED_CANONICAL_V3
686799,95,1,3,59,15,211,Bot,824534,https://raw.githubusercontent.com/lancebroz/mlb-pitcher-data/main/data/raw/2026/daily/2026-04-10.parquet,False,2026-04-10,2026-04-10T22:45:00Z,LAA,CIN,A,Jack Kochanowicz,True,STARTER,95,27,21,1,1,2,4,2,0,https://statsapi.mlb.com/api/v1.1/game/824534/feed/live,both,True,P,Pitcher,STARTER/OPENER/BULK,True,QA_VALIDATED_CANONICAL_V3
693312,29,8,63,68,228,256,Top,824534,https://raw.githubusercontent.com/lancebroz/mlb-pitcher-data/main/data/raw/2026/daily/2026-04-10.parquet,False,2026-04-10,2026-04-10T22:45:00Z,CIN,LAA,H,Kyle Nicolas,False,RELIEF_OR_BULK,29,6,2,3,3,2,2,1,1,https://statsapi.mlb.com/api/v1.1/game/824534/feed/live,both,True,P,Pitcher,BULLPEN_PITCHER,True,QA_VALIDATED_CANONICAL_V3
695505,92,1,0,46,1,169,Top,824534,https://raw.githubusercontent.com/lancebroz/mlb-pitcher-data/main/data/raw/2026/daily/2026-04-10.parquet,False,2026-04-10,2026-04-10T22:45:00Z,CIN,LAA,H,Chase Burns,True,STARTER,92,27,16,5,5,7,4,2,2,https://statsapi.mlb.com/api/v1.1/game/824534/feed/live,both,True,P,Pitcher,STARTER/OPENER/BULK,True,QA_VALIDATED_CANONICAL_V3
815083,37,8,69,80,257,303,Bot,824534,https://raw.githubusercontent.com/lancebroz/mlb-pitcher-data/main/data/raw/2026/daily/2026-04-10.parquet,False,2026-04-10,2026-04-10T22:45:00Z,LAA,CIN,A,Mitch Farris,False,RELIEF_OR_BULK,37,9,6,1,1,2,1,2,1,https://statsapi.mlb.com/api/v1.1/game/824534/feed/live,both,True,P,Pitcher,BULLPEN_PITCHER,True,QA_VALIDATED_CANONICAL_V3
572955,19,5,48,55,208,237,Top,824535,https://raw.githubusercontent.com/lancebroz/mlb-pitcher-data/main/data/raw/2026/daily/2026-04-11.parquet,False,2026-04-11,2026-04-11T20:10:00Z,CIN,LAA,H,Pierce Johnson,False,RELIEF_OR_BULK,19,5,4,0,0,1,0,3,0,https://statsapi.mlb.com/api/v1.1/game/824535/feed/live,both,True,P,Pitcher,BULLPEN_PITCHER,True,QA_VALIDATED_CANONICAL_V3
608718,39,3,31,58,137,243,Bot,824535,https://raw.githubusercontent.com/lancebroz/mlb-pitcher-data/main/data/raw/2026/daily/2026-04-11.parquet,False,2026-04-11,2026-04-11T20:10:00Z,LAA,CIN,A,Brent Suter,False,RELIEF_OR_BULK,39,12,11,0,0,2,0,2,0,https://statsapi.mlb.com/api/v1.1/game/824535/feed/live,both,True,P,Pitcher,BULLPEN_PITCHER,True,QA_VALIDATED_CANONICAL_V3
641941,14,9,78,81,334,347,Top,824535,https://raw.githubusercontent.com/lancebroz/mlb-pitcher-data/main/data/raw/2026/daily/2026-04-11.parquet,False,2026-04-11,2026-04-11T20:10:00Z,CIN,LAA,H,Emilio Pagán,False,RELIEF_OR_BULK,14,4,3,0,0,0,1,0,0,https://statsapi.mlb.com/api/v1.1/game/824535/feed/live,both,True,P,Pitcher,BULLPEN_PITCHER,True,QA_VALIDATED_CANONICAL_V3
663574,11,8,67,69,280,290,Top,824535,https://raw.githubusercontent.com/lancebroz/mlb-pitcher-data/main/data/raw/2026/daily/2026-04-11.parquet,False,2026-04-11,2026-04-11T20:10:00Z,CIN,LAA,H,Tony Santillan,False,RELIEF_OR_BULK,11,3,3,0,0,0,0,1,0,https://statsapi.mlb.com/api/v1.1/game/824535/feed/live,both,True,P,Pitcher,BULLPEN_PITCHER,True,QA_VALIDATED_CANONICAL_V3
666171,43,6,59,72,244,308,Bot,824535,https://raw.githubusercontent.com/lancebroz/mlb-pitcher-data/main/data/raw/2026/daily/2026-04-11.parquet,False,2026-04-11,2026-04-11T20:10:00Z,LAA,CIN,A,Ryan Zeferjahn,False,RELIEF_OR_BULK,43,8,6,1,1,2,0,1,0,https://statsapi.mlb.com/api/v1.1/game/824535/feed/live,both,True,P,Pitcher,BULLPEN_PITCHER,True,QA_VALIDATED_CANONICAL_V3
668933,11,7,60,62,249,259,Top,824535,https://raw.githubusercontent.com/lancebroz/mlb-pitcher-data/main/data/raw/2026/daily/2026-04-11.parquet,False,2026-04-11,2026-04-11T20:10:00Z,CIN,LAA,H,Graham Ashcraft,False,RELIEF_OR_BULK,11,3,3,0,0,1,0,0,0,https://statsapi.mlb.com/api/v1.1/game/824535/feed/live,both,True,P,Pitcher,BULLPEN_PITCHER,True,QA_VALIDATED_CANONICAL_V3
681217,25,8,73,77,309,333,Bot,824535,https://raw.githubusercontent.com/lancebroz/mlb-pitcher-data/main/data/raw/2026/daily/2026-04-11.parquet,False,2026-04-11,2026-04-11T20:10:00Z,LAA,CIN,A,Chase Silseth,False,RELIEF_OR_BULK,25,5,1,1,1,0,4,1,0,https://statsapi.mlb.com/api/v1.1/game/824535/feed/live,both,True,P,Pitcher,BULLPEN_PITCHER,True,QA_VALIDATED_CANONICAL_V3
682227,93,1,0,39,1,174,Top,824535,https://raw.githubusercontent.com/lancebroz/mlb-pitcher-data/main/data/raw/2026/daily/2026-04-11.parquet,False,2026-04-11,2026-04-11T20:10:00Z,CIN,LAA,H,Brandon Williamson,True,STARTER,93,21,12,3,3,3,6,3,0,https://statsapi.mlb.com/api/v1.1/game/824535/feed/live,both,True,P,Pitcher,STARTER/OPENER/BULK,True,QA_VALIDATED_CANONICAL_V3
683175,20,5,44,47,188,207,Top,824535,https://raw.githubusercontent.com/lancebroz/mlb-pitcher-data/main/data/raw/2026/daily/2026-04-11.parquet,False,2026-04-11,2026-04-11T20:10:00Z,CIN,LAA,H,Connor Phillips,False,RELIEF_OR_BULK,20,4,2,0,0,0,2,0,0,https://statsapi.mlb.com/api/v1.1/game/824535/feed/live,both,True,P,Pitcher,BULLPEN_PITCHER,True,QA_VALIDATED_CANONICAL_V3
691946,72,1,5,30,22,136,Bot,824535,https://raw.githubusercontent.com/lancebroz/mlb-pitcher-data/main/data/raw/2026/daily/2026-04-11.parquet,False,2026-04-11,2026-04-11T20:10:00Z,LAA,CIN,A,George Klassen,True,STARTER,72,16,6,5,4,4,5,2,1,https://statsapi.mlb.com/api/v1.1/game/824535/feed/live,both,True,P,Pitcher,STARTER/OPENER/BULK,True,QA_VALIDATED_CANONICAL_V3
641941,33,9,66,72,260,292,Top,824536,https://raw.githubusercontent.com/lancebroz/mlb-pitcher-data/main/data/raw/2026/daily/2026-04-01.parquet,False,2026-04-01,2026-04-01T16:40:00Z,CIN,PIT,H,Emilio Pagán,False,RELIEF_OR_BULK,33,7,3,4,4,3,0,2,1,https://statsapi.mlb.com/api/v1.1/game/824536/feed/live,both,True,P,Pitcher,BULLPEN_PITCHER,True,QA_VALIDATED_CANONICAL_V3
642397,13,9,73,75,293,305,Bot,824536,https://raw.githubusercontent.com/lancebroz/mlb-pitcher-data/main/data/raw/2026/daily/2026-04-01.parquet,False,2026-04-01,2026-04-01T16:40:00Z,PIT,CIN,A,Gregory Soto,False,RELIEF_OR_BULK,13,3,3,0,0,0,0,2,0,https://statsapi.mlb.com/api/v1.1/game/824536/feed/live,both,True,P,Pitcher,BULLPEN_PITCHER,True,QA_VALIDATED_CANONICAL_V3
663574,11,8,60,62,237,247,Top,824536,https://raw.githubusercontent.com/lancebroz/mlb-pitcher-data/main/data/raw/2026/daily/2026-04-01.parquet,False,2026-04-01,2026-04-01T16:40:00Z,CIN,PIT,H,Tony Santillan,False,RELIEF_OR_BULK,11,3,3,0,0,0,0,1,0,https://statsapi.mlb.com/api/v1.1/game/824536/feed/live,both,True,P,Pitcher,BULLPEN_PITCHER,True,QA_VALIDATED_CANONICAL_V3
664875,12,8,63,65,248,259,Bot,824536,https://raw.githubusercontent.com/lancebroz/mlb-pitcher-data/main/data/raw/2026/daily/2026-04-01.parquet,False,2026-04-01,2026-04-01T16:40:00Z,PIT,CIN,A,Justin Lawrence,False,RELIEF_OR_BULK,12,3,3,0,0,0,0,1,0,https://statsapi.mlb.com/api/v1.1/game/824536/feed/live,both,True,P,Pitcher,BULLPEN_PITCHER,True,QA_VALIDATED_CANONICAL_V3
668933,21,7,53,56,201,221,Top,824536,https://raw.githubusercontent.com/lancebroz/mlb-pitcher-data/main/data/raw/2026/daily/2026-04-01.parquet,False,2026-04-01,2026-04-01T16:40:00Z,CIN,PIT,H,Graham Ashcraft,False,RELIEF_OR_BULK,21,4,3,0,0,1,0,2,0,https://statsapi.mlb.com/api/v1.1/game/824536/feed/live,both,True,P,Pitcher,BULLPEN_PITCHER,True,QA_VALIDATED_CANONICAL_V3
671096,88,1,0,43,1,165,Top,824536,https://raw.githubusercontent.com/lancebroz/mlb-pitcher-data/main/data/raw/2026/daily/2026-04-01.parquet,False,2026-04-01,2026-04-01T16:40:00Z,CIN,PIT,H,Andrew Abbott,True,STARTER,88,24,17,4,4,5,3,5,1,https://statsapi.mlb.com/api/v1.1/game/824536/feed/live,both,True,P,Pitcher,STARTER/OPENER/BULK,True,QA_VALIDATED_CANONICAL_V3
676755,22,6,51,59,194,236,Bot,824536,https://raw.githubusercontent.com/lancebroz/mlb-pitcher-data/main/data/raw/2026/daily/2026-04-01.parquet,False,2026-04-01,2026-04-01T16:40:00Z,PIT,CIN,A,Isaac Mattson,False,RELIEF_OR_BULK,22,5,4,0,0,1,0,0,0,https://statsapi.mlb.com/api/v1.1/game/824536/feed/live,both,True,P,Pitcher,BULLPEN_PITCHER,True,QA_VALIDATED_CANONICAL_V3
682254,15,6,47,50,179,193,Bot,824536,https://raw.githubusercontent.com/lancebroz/mlb-pitcher-data/main/data/raw/2026/daily/2026-04-01.parquet,False,2026-04-01,2026-04-01T16:40:00Z,PIT,CIN,A,Mason Montgomery,False,RELIEF_OR_BULK,15,4,2,2,2,1,1,1,1,https://statsapi.mlb.com/api/v1.1/game/824536/feed/live,both,True,P,Pitcher,BULLPEN_PITCHER,True,QA_VALIDATED_CANONICAL_V3
683175,13,6,44,46,166,178,Top,824536,https://raw.githubusercontent.com/lancebroz/mlb-pitcher-data/main/data/raw/2026/daily/2026-04-01.parquet,False,2026-04-01,2026-04-01T16:40:00Z,CIN,PIT,H,Connor Phillips,False,RELIEF_OR_BULK,13,3,1,0,0,0,2,0,0,https://statsapi.mlb.com/api/v1.1/game/824536/feed/live,both,True,P,Pitcher,BULLPEN_PITCHER,True,QA_VALIDATED_CANONICAL_V3
694973,77,1,8,39,29,147,Bot,824536,https://raw.githubusercontent.com/lancebroz/mlb-pitcher-data/main/data/raw/2026/daily/2026-04-01.parquet,False,2026-04-01,2026-04-01T16:40:00Z,PIT,CIN,A,Paul Skenes,True,STARTER,77,20,15,1,1,3,2,5,0,https://statsapi.mlb.com/api/v1.1/game/824536/feed/live,both,True,P,Pitcher,STARTER/OPENER/BULK,True,QA_VALIDATED_CANONICAL_V3
572955,20,9,67,71,285,304,Top,824537,https://raw.githubusercontent.com/lancebroz/mlb-pitcher-data/main/data/raw/2026/daily/2026-03-31.parquet,False,2026-03-31,2026-03-31T22:40:00Z,CIN,PIT,H,Pierce Johnson,False,RELIEF_OR_BULK,20,5,3,2,2,2,0,1,1,https://statsapi.mlb.com/api/v1.1/game/824537/feed/live,both,True,P,Pitcher,BULLPEN_PITCHER,True,QA_VALIDATED_CANONICAL_V3
594580,15,8,58,60,242,256,Top,824537,https://raw.githubusercontent.com/lancebroz/mlb-pitcher-data/main/data/raw/2026/daily/2026-03-31.parquet,False,2026-03-31,2026-03-31T22:40:00Z,CIN,PIT,H,Sam Moll,False,RELIEF_OR_BULK,15,3,3,0,0,0,0,1,0,https://statsapi.mlb.com/api/v1.1/game/824537/feed/live,both,True,P,Pitcher,BULLPEN_PITCHER,True,QA_VALIDATED_CANONICAL_V3
642397,17,9,72,77,305,321,Bot,824537,https://raw.githubusercontent.com/lancebroz/mlb-pitcher-data/main/data/raw/2026/daily/2026-03-31.parquet,False,2026-03-31,2026-03-31T22:40:00Z,PIT,CIN,A,Gregory Soto,False,RELIEF_OR_BULK,17,6,3,0,0,1,1,1,0,https://statsapi.mlb.com/api/v1.1/game/824537/feed/live,both,True,P,Pitcher,BULLPEN_PITCHER,True,QA_VALIDATED_CANONICAL_V3
642701,17,8,64,66,268,284,Bot,824537,https://raw.githubusercontent.com/lancebroz/mlb-pitcher-data/main/data/raw/2026/daily/2026-03-31.parquet,False,2026-03-31,2026-03-31T22:40:00Z,PIT,CIN,A,Dennis Santana,False,RELIEF_OR_BULK,17,3,3,0,0,1,0,0,0,https://statsapi.mlb.com/api/v1.1/game/824537/feed/live,both,True,P,Pitcher,BULLPEN_PITCHER,True,QA_VALIDATED_CANONICAL_V3
656271,20,5,37,52,158,217,Top,824537,https://raw.githubusercontent.com/lancebroz/mlb-pitcher-data/main/data/raw/2026/daily/2026-03-31.parquet,False,2026-03-31,2026-03-31T22:40:00Z,CIN,PIT,H,Brock Burke,False,RELIEF_OR_BULK,20,7,7,0,0,0,1,2,0,https://statsapi.mlb.com/api/v1.1/game/824537/feed/live,both,True,P,Pitcher,BULLPEN_PITCHER,True,QA_VALIDATED_CANONICAL_V3
670990,10,5,42,43,178,187,Bot,824537,https://raw.githubusercontent.com/lancebroz/mlb-pitcher-data/main/data/raw/2026/daily/2026-03-31.parquet,False,2026-03-31,2026-03-31T22:40:00Z,PIT,CIN,A,Yohan Ramírez,False,RELIEF_OR_BULK,10,2,2,0,0,0,0,2,0,https://statsapi.mlb.com/api/v1.1/game/824537/feed/live,both,True,P,Pitcher,BULLPEN_PITCHER,True,QA_VALIDATED_CANONICAL_V3
682227,94,1,0,36,1,157,Top,824537,https://raw.githubusercontent.com/lancebroz/mlb-pitcher-data/main/data/raw/2026/daily/2026-03-31.parquet,False,2026-03-31,2026-03-31T22:40:00Z,CIN,PIT,H,Brandon Williamson,True,STARTER,94,22,14,6,6,6,2,3,3,https://statsapi.mlb.com/api/v1.1/game/824537/feed/live,both,True,P,Pitcher,STARTER/OPENER/BULK,True,QA_VALIDATED_CANONICAL_V3
682995,47,6,47,63,198,267,Bot,824537,https://raw.githubusercontent.com/lancebroz/mlb-pitcher-data/main/data/raw/2026/daily/2026-03-31.parquet,False,2026-03-31,2026-03-31T22:40:00Z,PIT,CIN,A,Hunter Barco,False,RELIEF_OR_BULK,47,11,6,2,2,4,1,3,2,https://statsapi.mlb.com/api/v1.1/game/824537/feed/live,both,True,P,Pitcher,BULLPEN_PITCHER,True,QA_VALIDATED_CANONICAL_V3
696149,81,1,5,41,24,177,Bot,824537,https://raw.githubusercontent.com/lancebroz/mlb-pitcher-data/main/data/raw/2026/daily/2026-03-31.parquet,False,2026-03-31,2026-03-31T22:40:00Z,PIT,CIN,A,Bubba Chandler,True,STARTER,81,19,13,1,0,0,6,6,0,https://statsapi.mlb.com/api/v1.1/game/824537/feed/live,both,True,P,Pitcher,STARTER/OPENER/BULK,True,QA_VALIDATED_CANONICAL_V3
572955,13,7,50,52,225,237,Top,824538,https://raw.githubusercontent.com/lancebroz/mlb-pitcher-data/main/data/raw/2026/daily/2026-03-29.parquet,False,2026-03-29,2026-03-29T17:40:00Z,CIN,BOS,H,Pierce Johnson,False,RELIEF_OR_BULK,13,3,2,0,0,1,0,0,0,https://statsapi.mlb.com/api/v1.1/game/824538/feed/live,both,True,P,Pitcher,BULLPEN_PITCHER,True,QA_VALIDATED_CANONICAL_V3
641941,12,9,66,70,290,301,Top,824538,https://raw.githubusercontent.com/lancebroz/mlb-pitcher-data/main/data/raw/2026/daily/2026-03-29.parquet,False,2026-03-29,2026-03-29T17:40:00Z,CIN,BOS,H,Emilio Pagán,False,RELIEF_OR_BULK,12,5,3,0,0,1,1,0,0,https://statsapi.mlb.com/api/v1.1/game/824538/feed/live,both,True,P,Pitcher,BULLPEN_PITCHER,True,QA_VALIDATED_CANONICAL_V3
656271,27,6,39,49,175,224,Top,824538,https://raw.githubusercontent.com/lancebroz/mlb-pitcher-data/main/data/raw/2026/daily/2026-03-29.parquet,False,2026-03-29,2026-03-29T17:40:00Z,CIN,BOS,H,Brock Burke,False,RELIEF_OR_BULK,27,5,4,0,0,1,1,0,0,https://statsapi.mlb.com/api/v1.1/game/824538/feed/live,both,True,P,Pitcher,BULLPEN_PITCHER,True,QA_VALIDATED_CANONICAL_V3
663558,25,7,53,65,238,289,Bot,824538,https://raw.githubusercontent.com/lancebroz/mlb-pitcher-data/main/data/raw/2026/daily/2026-03-29.parquet,False,2026-03-29,2026-03-29T17:40:00Z,BOS,CIN,A,Jovani Morán,False,RELIEF_OR_BULK,25,8,6,0,0,1,1,2,0,https://statsapi.mlb.com/api/v1.1/game/824538/feed/live,both,True,P,Pitcher,BULLPEN_PITCHER,True,QA_VALIDATED_CANONICAL_V3
663574,27,8,56,60,245,271,Top,824538,https://raw.githubusercontent.com/lancebroz/mlb-pitcher-data/main/data/raw/2026/daily/2026-03-29.parquet,False,2026-03-29,2026-03-29T17:40:00Z,CIN,BOS,H,Tony Santillan,False,RELIEF_OR_BULK,27,5,3,0,0,1,2,2,0,https://statsapi.mlb.com/api/v1.1/game/824538/feed/live,both,True,P,Pitcher,BULLPEN_PITCHER,True,QA_VALIDATED_CANONICAL_V3
669711,15,6,45,48,202,216,Bot,824538,https://raw.githubusercontent.com/lancebroz/mlb-pitcher-data/main/data/raw/2026/daily/2026-03-29.parquet,False,2026-03-29,2026-03-29T17:40:00Z,BOS,CIN,A,Greg Weissert,False,RELIEF_OR_BULK,15,4,2,2,2,1,1,1,1,https://statsapi.mlb.com/api/v1.1/game/824538/feed/live,both,True,P,Pitcher,BULLPEN_PITCHER,True,QA_VALIDATED_CANONICAL_V3
695076,86,1,0,35,1,154,Top,824538,https://raw.githubusercontent.com/lancebroz/mlb-pitcher-data/main/data/raw/2026/daily/2026-03-29.parquet,False,2026-03-29,2026-03-29T17:40:00Z,CIN,BOS,H,Rhett Lowder,True,STARTER,86,20,15,2,2,3,2,5,1,https://statsapi.mlb.com/api/v1.1/game/824538/feed/live,both,True,P,Pitcher,STARTER/OPENER/BULK,True,QA_VALIDATED_CANONICAL_V3
813349,96,1,3,44,12,201,Bot,824538,https://raw.githubusercontent.com/lancebroz/mlb-pitcher-data/main/data/raw/2026/daily/2026-03-29.parquet,False,2026-03-29,2026-03-29T17:40:00Z,BOS,CIN,A,Connelly Early,True,STARTER,96,21,16,1,1,5,2,6,0,https://statsapi.mlb.com/api/v1.1/game/824538/feed/live,both,True,P,Pitcher,STARTER/OPENER/BULK,True,QA_VALIDATED_CANONICAL_V3
664875,16,8,59,61,234,249,Bot,824539,https://raw.githubusercontent.com/lancebroz/mlb-pitcher-data/main/data/raw/2026/daily/2026-03-30.parquet,False,2026-03-30,2026-03-30T22:40:00Z,PIT,CIN,A,Justin Lawrence,False,RELIEF_OR_BULK,16,3,3,0,0,0,0,3,0,https://statsapi.mlb.com/api/v1.1/game/824539/feed/live,both,True,P,Pitcher,BULLPEN_PITCHER,True,QA_VALIDATED_CANONICAL_V3
668933,18,7,51,58,201,233,Top,824539,https://raw.githubusercontent.com/lancebroz/mlb-pitcher-data/main/data/raw/2026/daily/2026-03-30.parquet,False,2026-03-30,2026-03-30T22:40:00Z,CIN,PIT,H,Graham Ashcraft,False,RELIEF_OR_BULK,18,4,4,0,0,0,0,3,0,https://statsapi.mlb.com/api/v1.1/game/824539/feed/live,both,True,P,Pitcher,BULLPEN_PITCHER,True,QA_VALIDATED_CANONICAL_V3
676755,15,7,52,55,205,219,Bot,824539,https://raw.githubusercontent.com/lancebroz/mlb-pitcher-data/main/data/raw/2026/daily/2026-03-30.parquet,False,2026-03-30,2026-03-30T22:40:00Z,PIT,CIN,A,Isaac Mattson,False,RELIEF_OR_BULK,15,4,3,0,0,0,1,1,0,https://statsapi.mlb.com/api/v1.1/game/824539/feed/live,both,True,P,Pitcher,BULLPEN_PITCHER,True,QA_VALIDATED_CANONICAL_V3
677952,87,1,4,46,19,177,Bot,824539,https://raw.githubusercontent.com/lancebroz/mlb-pitcher-data/main/data/raw/2026/daily/2026-03-30.parquet,False,2026-03-30,2026-03-30T22:40:00Z,PIT,CIN,A,Braxton Ashcraft,True,STARTER,87,25,18,2,2,4,4,3,0,https://statsapi.mlb.com/api/v1.1/game/824539/feed/live,both,True,P,Pitcher,STARTER/OPENER/BULK,True,QA_VALIDATED_CANONICAL_V3
683175,20,9,62,66,250,269,Top,824539,https://raw.githubusercontent.com/lancebroz/mlb-pitcher-data/main/data/raw/2026/daily/2026-03-30.parquet,False,2026-03-30,2026-03-30T22:40:00Z,CIN,PIT,H,Connor Phillips,False,RELIEF_OR_BULK,20,5,3,0,0,0,2,1,0,https://statsapi.mlb.com/api/v1.1/game/824539/feed/live,both,True,P,Pitcher,BULLPEN_PITCHER,True,QA_VALIDATED_CANONICAL_V3
683742,35,6,40,50,145,200,Top,824539,https://raw.githubusercontent.com/lancebroz/mlb-pitcher-data/main/data/raw/2026/daily/2026-03-30.parquet,False,2026-03-30,2026-03-30T22:40:00Z,CIN,PIT,H,Jose Franco,False,RELIEF_OR_BULK,35,7,5,0,0,3,0,0,0,https://statsapi.mlb.com/api/v1.1/game/824539/feed/live,both,True,P,Pitcher,BULLPEN_PITCHER,True,QA_VALIDATED_CANONICAL_V3
695505,78,1,0,35,1,135,Top,824539,https://raw.githubusercontent.com/lancebroz/mlb-pitcher-data/main/data/raw/2026/daily/2026-03-30.parquet,False,2026-03-30,2026-03-30T22:40:00Z,CIN,PIT,H,Chase Burns,True,STARTER,78,19,15,0,0,1,3,7,0,https://statsapi.mlb.com/api/v1.1/game/824539/feed/live,both,True,P,Pitcher,STARTER/OPENER/BULK,True,QA_VALIDATED_CANONICAL_V3
543056,14,6,55,58,206,219,Bot,824540,https://raw.githubusercontent.com/lancebroz/mlb-pitcher-data/main/data/raw/2026/daily/2026-03-28.parquet,False,2026-03-28,2026-03-28T20:10:00Z,BOS,CIN,A,Danny Coulombe,False,RELIEF_OR_BULK,14,4,2,0,0,1,1,1,0,https://statsapi.mlb.com/api/v1.1/game/824540/feed/live,both,True,P,Pitcher,BULLPEN_PITCHER,True,QA_VALIDATED_CANONICAL_V3
543243,80,1,5,40,17,154,Bot,824540,https://raw.githubusercontent.com/lancebroz/mlb-pitcher-data/main/data/raw/2026/daily/2026-03-28.parquet,False,2026-03-28,2026-03-28T20:10:00Z,BOS,CIN,A,Sonny Gray,True,STARTER,80,20,12,4,3,6,1,5,1,https://statsapi.mlb.com/api/v1.1/game/824540/feed/live,both,True,P,Pitcher,STARTER/OPENER/BULK,True,QA_VALIDATED_CANONICAL_V3
547973,9,9,83,85,335,343,Bot,824540,https://raw.githubusercontent.com/lancebroz/mlb-pitcher-data/main/data/raw/2026/daily/2026-03-28.parquet,False,2026-03-28,2026-03-28T20:10:00Z,BOS,CIN,A,Aroldis Chapman,False,RELIEF_OR_BULK,9,3,3,0,0,0,0,1,0,https://statsapi.mlb.com/api/v1.1/game/824540/feed/live,both,True,P,Pitcher,BULLPEN_PITCHER,True,QA_VALIDATED_CANONICAL_V3
572955,7,6,51,53,197,203,Top,824540,https://raw.githubusercontent.com/lancebroz/mlb-pitcher-data/main/data/raw/2026/daily/2026-03-28.parquet,False,2026-03-28,2026-03-28T20:10:00Z,CIN,BOS,H,Pierce Johnson,False,RELIEF_OR_BULK,7,3,2,0,0,1,0,0,0,https://statsapi.mlb.com/api/v1.1/game/824540/feed/live,both,True,P,Pitcher,BULLPEN_PITCHER,True,QA_VALIDATED_CANONICAL_V3
594580,15,5,41,44,155,169,Top,824540,https://raw.githubusercontent.com/lancebroz/mlb-pitcher-data/main/data/raw/2026/daily/2026-03-28.parquet,False,2026-03-28,2026-03-28T20:10:00Z,CIN,BOS,H,Sam Moll,False,RELIEF_OR_BULK,15,4,3,0,0,0,0,0,0,https://statsapi.mlb.com/api/v1.1/game/824540/feed/live,both,True,P,Pitcher,BULLPEN_PITCHER,True,QA_VALIDATED_CANONICAL_V3
641941,22,8,74,82,294,334,Top,824540,https://raw.githubusercontent.com/lancebroz/mlb-pitcher-data/main/data/raw/2026/daily/2026-03-28.parquet,False,2026-03-28,2026-03-28T20:10:00Z,CIN,BOS,H,Emilio Pagán,False,RELIEF_OR_BULK,22,5,4,1,1,1,0,2,1,https://statsapi.mlb.com/api/v1.1/game/824540/feed/live,both,True,P,Pitcher,BULLPEN_PITCHER,True,QA_VALIDATED_CANONICAL_V3
663574,25,7,65,73,251,293,Top,824540,https://raw.githubusercontent.com/lancebroz/mlb-pitcher-data/main/data/raw/2026/daily/2026-03-28.parquet,False,2026-03-28,2026-03-28T20:10:00Z,CIN,BOS,H,Tony Santillan,False,RELIEF_OR_BULK,25,5,3,0,0,0,2,3,0,https://statsapi.mlb.com/api/v1.1/game/824540/feed/live,both,True,P,Pitcher,BULLPEN_PITCHER,True,QA_VALIDATED_CANONICAL_V3
663903,74,1,0,36,1,140,Top,824540,https://raw.githubusercontent.com/lancebroz/mlb-pitcher-data/main/data/raw/2026/daily/2026-03-28.parquet,False,2026-03-28,2026-03-28T20:10:00Z,CIN,BOS,H,Brady Singer,True,STARTER,74,20,12,3,3,5,2,5,1,https://statsapi.mlb.com/api/v1.1/game/824540/feed/live,both,True,P,Pitcher,STARTER/OPENER/BULK,True,QA_VALIDATED_CANONICAL_V3
668933,19,6,54,64,204,250,Top,824540,https://raw.githubusercontent.com/lancebroz/mlb-pitcher-data/main/data/raw/2026/daily/2026-03-28.parquet,False,2026-03-28,2026-03-28T20:10:00Z,CIN,BOS,H,Graham Ashcraft,False,RELIEF_OR_BULK,19,5,3,1,1,1,1,2,0,https://statsapi.mlb.com/api/v1.1/game/824540/feed/live,both,True,P,Pitcher,BULLPEN_PITCHER,True,QA_VALIDATED_CANONICAL_V3
669711,27,5,45,50,170,196,Bot,824540,https://raw.githubusercontent.com/lancebroz/mlb-pitcher-data/main/data/raw/2026/daily/2026-03-28.parquet,False,2026-03-28,2026-03-28T20:10:00Z,BOS,CIN,A,Greg Weissert,False,RELIEF_OR_BULK,27,6,3,1,1,2,1,2,1,https://statsapi.mlb.com/api/v1.1/game/824540/feed/live,both,True,P,Pitcher,BULLPEN_PITCHER,True,QA_VALIDATED_CANONICAL_V3
670245,51,6,59,78,220,316,Bot,824540,https://raw.githubusercontent.com/lancebroz/mlb-pitcher-data/main/data/raw/2026/daily/2026-03-28.parquet,False,2026-03-28,2026-03-28T20:10:00Z,BOS,CIN,A,Ryan Watson,False,RELIEF_OR_BULK,51,10,7,0,0,0,3,1,0,https://statsapi.mlb.com/api/v1.1/game/824540/feed/live,both,True,P,Pitcher,BULLPEN_PITCHER,True,QA_VALIDATED_CANONICAL_V3
676477,6,10,89,91,356,361,Bot,824540,https://raw.githubusercontent.com/lancebroz/mlb-pitcher-data/main/data/raw/2026/daily/2026-03-28.parquet,False,2026-03-28,2026-03-28T20:10:00Z,BOS,CIN,A,Garrett Whitlock,False,RELIEF_OR_BULK,6,3,3,0,0,0,0,1,0,https://statsapi.mlb.com/api/v1.1/game/824540/feed/live,both,True,P,Pitcher,BULLPEN_PITCHER,True,QA_VALIDATED_CANONICAL_V3
683175,23,10,86,93,344,372,Top,824540,https://raw.githubusercontent.com/lancebroz/mlb-pitcher-data/main/data/raw/2026/daily/2026-03-28.parquet,False,2026-03-28,2026-03-28T20:10:00Z,CIN,BOS,H,Connor Phillips,False,RELIEF_OR_BULK,23,5,6,0,0,0,0,3,0,https://statsapi.mlb.com/api/v1.1/game/824540/feed/live,both,True,P,Pitcher,BULLPEN_PITCHER,True,QA_VALIDATED_CANONICAL_V3
686580,11,11,94,96,373,383,Bot,824540,https://raw.githubusercontent.com/lancebroz/mlb-pitcher-data/main/data/raw/2026/daily/2026-03-28.parquet,False,2026-03-28,2026-03-28T20:10:00Z,BOS,CIN,A,Justin Slaten,False,RELIEF_OR_BULK,11,3,1,1,0,1,1,1,0,https://statsapi.mlb.com/api/v1.1/game/824540/feed/live,both,True,P,Pitcher,BULLPEN_PITCHER,True,QA_VALIDATED_CANONICAL_V3
547973,11,9,72,74,247,257,Bot,824541,https://raw.githubusercontent.com/lancebroz/mlb-pitcher-data/main/data/raw/2026/daily/2026-03-26.parquet,False,2026-03-26,2026-03-26T20:10:00Z,BOS,CIN,A,Aroldis Chapman,False,RELIEF_OR_BULK,11,3,3,0,0,0,0,0,0,https://statsapi.mlb.com/api/v1.1/game/824541/feed/live,both,True,P,Pitcher,BULLPEN_PITCHER,True,QA_VALIDATED_CANONICAL_V3
572955,9,7,48,50,164,172,Top,824541,https://raw.githubusercontent.com/lancebroz/mlb-pitcher-data/main/data/raw/2026/daily/2026-03-26.parquet,False,2026-03-26,2026-03-26T20:10:00Z,CIN,BOS,H,Pierce Johnson,False,RELIEF_OR_BULK,9,3,1,1,1,2,0,0,0,https://statsapi.mlb.com/api/v1.1/game/824541/feed/live,both,True,P,Pitcher,BULLPEN_PITCHER,True,QA_VALIDATED_CANONICAL_V3
594580,6,7,51,57,173,195,Top,824541,https://raw.githubusercontent.com/lancebroz/mlb-pitcher-data/main/data/raw/2026/daily/2026-03-26.parquet,False,2026-03-26,2026-03-26T20:10:00Z,CIN,BOS,H,Sam Moll,False,RELIEF_OR_BULK,6,3,3,0,0,0,0,1,0,https://statsapi.mlb.com/api/v1.1/game/824541/feed/live,both,True,P,Pitcher,BULLPEN_PITCHER,True,QA_VALIDATED_CANONICAL_V3
656271,3,9,70,71,244,246,Top,824541,https://raw.githubusercontent.com/lancebroz/mlb-pitcher-data/main/data/raw/2026/daily/2026-03-26.parquet,False,2026-03-26,2026-03-26T20:10:00Z,CIN,BOS,H,Brock Burke,False,RELIEF_OR_BULK,3,2,1,0,0,1,0,0,0,https://statsapi.mlb.com/api/v1.1/game/824541/feed/live,both,True,P,Pitcher,BULLPEN_PITCHER,True,QA_VALIDATED_CANONICAL_V3
668933,14,8,58,60,196,209,Top,824541,https://raw.githubusercontent.com/lancebroz/mlb-pitcher-data/main/data/raw/2026/daily/2026-03-26.parquet,False,2026-03-26,2026-03-26T20:10:00Z,CIN,BOS,H,Graham Ashcraft,False,RELIEF_OR_BULK,14,3,2,0,0,0,1,1,0,https://statsapi.mlb.com/api/v1.1/game/824541/feed/live,both,True,P,Pitcher,BULLPEN_PITCHER,True,QA_VALIDATED_CANONICAL_V3
671096,83,1,0,41,1,143,Top,824541,https://raw.githubusercontent.com/lancebroz/mlb-pitcher-data/main/data/raw/2026/daily/2026-03-26.parquet,False,2026-03-26,2026-03-26T20:10:00Z,CIN,BOS,H,Andrew Abbott,True,STARTER,83,24,18,0,0,7,1,4,0,https://statsapi.mlb.com/api/v1.1/game/824541/feed/live,both,True,P,Pitcher,STARTER/OPENER/BULK,True,QA_VALIDATED_CANONICAL_V3
676477,18,8,61,64,210,227,Bot,824541,https://raw.githubusercontent.com/lancebroz/mlb-pitcher-data/main/data/raw/2026/daily/2026-03-26.parquet,False,2026-03-26,2026-03-26T20:10:00Z,BOS,CIN,A,Garrett Whitlock,False,RELIEF_OR_BULK,18,4,3,0,0,1,0,2,0,https://statsapi.mlb.com/api/v1.1/game/824541/feed/live,both,True,P,Pitcher,BULLPEN_PITCHER,True,QA_VALIDATED_CANONICAL_V3
676979,80,1,5,47,11,163,Bot,824541,https://raw.githubusercontent.com/lancebroz/mlb-pitcher-data/main/data/raw/2026/daily/2026-03-26.parquet,False,2026-03-26,2026-03-26T20:10:00Z,BOS,CIN,A,Garrett Crochet,True,STARTER,80,24,18,0,0,3,2,8,0,https://statsapi.mlb.com/api/v1.1/game/824541/feed/live,both,True,P,Pitcher,STARTER/OPENER/BULK,True,QA_VALIDATED_CANONICAL_V3
683175,16,9,65,69,228,243,Top,824541,https://raw.githubusercontent.com/lancebroz/mlb-pitcher-data/main/data/raw/2026/daily/2026-03-26.parquet,False,2026-03-26,2026-03-26T20:10:00Z,CIN,BOS,H,Connor Phillips,False,RELIEF_OR_BULK,16,5,2,2,2,2,1,1,0,https://statsapi.mlb.com/api/v1.1/game/824541/feed/live,both,True,P,Pitcher,BULLPEN_PITCHER,True,QA_VALIDATED_CANONICAL_V3
686580,17,7,53,56,178,194,Bot,824541,https://raw.githubusercontent.com/lancebroz/mlb-pitcher-data/main/data/raw/2026/daily/2026-03-26.parquet,False,2026-03-26,2026-03-26T20:10:00Z,BOS,CIN,A,Justin Slaten,False,RELIEF_OR_BULK,17,4,3,0,0,0,1,2,0,https://statsapi.mlb.com/api/v1.1/game/824541/feed/live,both,True,P,Pitcher,BULLPEN_PITCHER,True,QA_VALIDATED_CANONICAL_V3
608371,16,6,43,46,189,204,Top,824617,https://raw.githubusercontent.com/lancebroz/mlb-pitcher-data/main/data/raw/2026/daily/2026-04-08.parquet,False,2026-04-08,2026-04-08T18:10:00Z,CWS,BAL,H,Lucas Sims,False,RELIEF_OR_BULK,16,4,1,2,1,2,1,1,0,https://statsapi.mlb.com/api/v1.1/game/824617/feed/live,both,True,P,Pitcher,BULLPEN_PITCHER,True,QA_VALIDATED_CANONICAL_V3
656794,14,7,54,57,237,250,Top,824617,https://raw.githubusercontent.com/lancebroz/mlb-pitcher-data/main/data/raw/2026/daily/2026-04-08.parquet,False,2026-04-08,2026-04-08T18:10:00Z,CWS,BAL,H,Sean Newcomb,False,RELIEF_OR_BULK,14,4,3,0,0,1,0,2,0,https://statsapi.mlb.com/api/v1.1/game/824617/feed/live,both,True,P,Pitcher,BULLPEN_PITCHER,True,QA_VALIDATED_CANONICAL_V3
663542,10,6,47,48,205,214,Top,824617,https://raw.githubusercontent.com/lancebroz/mlb-pitcher-data/main/data/raw/2026/daily/2026-04-08.parquet,False,2026-04-08,2026-04-08T18:10:00Z,CWS,BAL,H,Bryan Hudson,False,RELIEF_OR_BULK,10,2,2,0,0,0,0,0,0,https://statsapi.mlb.com/api/v1.1/game/824617/feed/live,both,True,P,Pitcher,BULLPEN_PITCHER,True,QA_VALIDATED_CANONICAL_V3
663855,13,8,62,64,261,273,Top,824617,https://raw.githubusercontent.com/lancebroz/mlb-pitcher-data/main/data/raw/2026/daily/2026-04-08.parquet,False,2026-04-08,2026-04-08T18:10:00Z,CWS,BAL,H,Jordan Hicks,False,RELIEF_OR_BULK,13,3,2,0,0,0,1,0,0,https://statsapi.mlb.com/api/v1.1/game/824617/feed/live,both,True,P,Pitcher,BULLPEN_PITCHER,True,QA_VALIDATED_CANONICAL_V3
664991,10,7,58,61,251,260,Bot,824617,https://raw.githubusercontent.com/lancebroz/mlb-pitcher-data/main/data/raw/2026/daily/2026-04-08.parquet,False,2026-04-08,2026-04-08T18:10:00Z,BAL,CWS,A,Grant Wolfram,False,RELIEF_OR_BULK,10,4,3,0,0,1,0,1,0,https://statsapi.mlb.com/api/v1.1/game/824617/feed/live,both,True,P,Pitcher,BULLPEN_PITCHER,True,QA_VALIDATED_CANONICAL_V3
669330,22,6,49,53,215,236,Bot,824617,https://raw.githubusercontent.com/lancebroz/mlb-pitcher-data/main/data/raw/2026/daily/2026-04-08.parquet,False,2026-04-08,2026-04-08T18:10:00Z,BAL,CWS,A,Tyler Wells,False,RELIEF_OR_BULK,22,5,3,0,0,0,1,1,0,https://statsapi.mlb.com/api/v1.1/game/824617/feed/live,both,True,P,Pitcher,BULLPEN_PITCHER,True,QA_VALIDATED_CANONICAL_V3
670329,22,9,75,79,310,331,Bot,824617,https://raw.githubusercontent.com/lancebroz/mlb-pitcher-data/main/data/raw/2026/daily/2026-04-08.parquet,False,2026-04-08,2026-04-08T18:10:00Z,BAL,CWS,A,Rico Garcia,False,RELIEF_OR_BULK,22,5,3,0,0,0,2,2,0,https://statsapi.mlb.com/api/v1.1/game/824617/feed/live,both,True,P,Pitcher,BULLPEN_PITCHER,True,QA_VALIDATED_CANONICAL_V3
680694,96,1,4,42,24,188,Bot,824617,https://raw.githubusercontent.com/lancebroz/mlb-pitcher-data/main/data/raw/2026/daily/2026-04-08.parquet,False,2026-04-08,2026-04-08T18:10:00Z,BAL,CWS,A,Kyle Bradish,True,STARTER,96,23,15,3,2,6,3,7,0,https://statsapi.mlb.com/api/v1.1/game/824617/feed/live,both,True,P,Pitcher,STARTER/OPENER/BULK,True,QA_VALIDATED_CANONICAL_V3
680732,92,1,0,36,1,156,Top,824617,https://raw.githubusercontent.com/lancebroz/mlb-pitcher-data/main/data/raw/2026/daily/2026-04-08.parquet,False,2026-04-08,2026-04-08T18:10:00Z,CWS,BAL,H,Sean Burke,True,STARTER,92,20,15,2,2,2,2,3,0,https://statsapi.mlb.com/api/v1.1/game/824617/feed/live,both,True,P,Pitcher,STARTER/OPENER/BULK,True,QA_VALIDATED_CANONICAL_V3
689296,10,8,67,69,285,294,Bot,824617,https://raw.githubusercontent.com/lancebroz/mlb-pitcher-data/main/data/raw/2026/daily/2026-04-08.parquet,False,2026-04-08,2026-04-08T18:10:00Z,BAL,CWS,A,Anthony Nunez,False,RELIEF_OR_BULK,10,3,3,0,0,0,0,1,0,https://statsapi.mlb.com/api/v1.1/game/824617/feed/live,both,True,P,Pitcher,BULLPEN_PITCHER,True,QA_VALIDATED_CANONICAL_V3
805326,26,8,65,74,274,309,Top,824617,https://raw.githubusercontent.com/lancebroz/mlb-pitcher-data/main/data/raw/2026/daily/2026-04-08.parquet,False,2026-04-08,2026-04-08T18:10:00Z,CWS,BAL,H,Tyler Schweitzer,False,RELIEF_OR_BULK,26,7,4,1,1,2,1,1,0,https://statsapi.mlb.com/api/v1.1/game/824617/feed/live,both,True,P,Pitcher,BULLPEN_PITCHER,True,QA_VALIDATED_CANONICAL_V3
656794,26,4,31,40,151,190,Top,824618,https://raw.githubusercontent.com/lancebroz/mlb-pitcher-data/main/data/raw/2026/daily/2026-04-07.parquet,False,2026-04-07,2026-04-07T19:10:00Z,CWS,BAL,H,Sean Newcomb,False,RELIEF_OR_BULK,26,7,4,1,1,2,1,1,0,https://statsapi.mlb.com/api/v1.1/game/824618/feed/live,both,True,P,Pitcher,BULLPEN_PITCHER,True,QA_VALIDATED_CANONICAL_V3
663542,15,9,73,76,316,330,Top,824618,https://raw.githubusercontent.com/lancebroz/mlb-pitcher-data/main/data/raw/2026/daily/2026-04-07.parquet,False,2026-04-07,2026-04-07T19:10:00Z,CWS,BAL,H,Bryan Hudson,False,RELIEF_OR_BULK,15,4,3,0,0,0,1,0,0,https://statsapi.mlb.com/api/v1.1/game/824618/feed/live,both,True,P,Pitcher,BULLPEN_PITCHER,True,QA_VALIDATED_CANONICAL_V3
663855,23,7,55,64,248,280,Top,824618,https://raw.githubusercontent.com/lancebroz/mlb-pitcher-data/main/data/raw/2026/daily/2026-04-07.parquet,False,2026-04-07,2026-04-07T19:10:00Z,CWS,BAL,H,Jordan Hicks,False,RELIEF_OR_BULK,23,7,4,2,2,3,0,2,0,https://statsapi.mlb.com/api/v1.1/game/824618/feed/live,both,True,P,Pitcher,BULLPEN_PITCHER,True,QA_VALIDATED_CANONICAL_V3
664854,18,9,77,80,331,348,Bot,824618,https://raw.githubusercontent.com/lancebroz/mlb-pitcher-data/main/data/raw/2026/daily/2026-04-07.parquet,False,2026-04-07,2026-04-07T19:10:00Z,BAL,CWS,A,Ryan Helsley,False,RELIEF_OR_BULK,18,4,3,0,0,0,1,2,0,https://statsapi.mlb.com/api/v1.1/game/824618/feed/live,both,True,P,Pitcher,BULLPEN_PITCHER,True,QA_VALIDATED_CANONICAL_V3
664991,16,8,69,71,294,309,Bot,824618,https://raw.githubusercontent.com/lancebroz/mlb-pitcher-data/main/data/raw/2026/daily/2026-04-07.parquet,False,2026-04-07,2026-04-07T19:10:00Z,BAL,CWS,A,Grant Wolfram,False,RELIEF_OR_BULK,16,3,2,0,0,0,0,2,0,https://statsapi.mlb.com/api/v1.1/game/824618/feed/live,both,True,P,Pitcher,BULLPEN_PITCHER,True,QA_VALIDATED_CANONICAL_V3
666974,10,7,59,61,261,270,Bot,824618,https://raw.githubusercontent.com/lancebroz/mlb-pitcher-data/main/data/raw/2026/daily/2026-04-07.parquet,False,2026-04-07,2026-04-07T19:10:00Z,BAL,CWS,A,Yennier Cano,False,RELIEF_OR_BULK,10,3,3,0,0,0,0,1,0,https://statsapi.mlb.com/api/v1.1/game/824618/feed/live,both,True,P,Pitcher,BULLPEN_PITCHER,True,QA_VALIDATED_CANONICAL_V3
669432,101,1,5,54,23,247,Bot,824618,https://raw.githubusercontent.com/lancebroz/mlb-pitcher-data/main/data/raw/2026/daily/2026-04-07.parquet,False,2026-04-07,2026-04-07T19:10:00Z,BAL,CWS,A,Trevor Rogers,True,STARTER,101,25,18,2,2,6,0,6,0,https://statsapi.mlb.com/api/v1.1/game/824618/feed/live,both,True,P,Pitcher,STARTER/OPENER/BULK,True,QA_VALIDATED_CANONICAL_V3
669684,13,8,65,68,281,293,Top,824618,https://raw.githubusercontent.com/lancebroz/mlb-pitcher-data/main/data/raw/2026/daily/2026-04-07.parquet,False,2026-04-07,2026-04-07T19:10:00Z,CWS,BAL,H,Chris Murphy,False,RELIEF_OR_BULK,13,4,2,1,1,1,1,0,1,https://statsapi.mlb.com/api/v1.1/game/824618/feed/live,both,True,P,Pitcher,BULLPEN_PITCHER,True,QA_VALIDATED_CANONICAL_V3
673929,21,6,46,49,213,233,Top,824618,https://raw.githubusercontent.com/lancebroz/mlb-pitcher-data/main/data/raw/2026/daily/2026-04-07.parquet,False,2026-04-07,2026-04-07T19:10:00Z,CWS,BAL,H,Jordan Leasure,False,RELIEF_OR_BULK,21,4,3,0,0,1,0,2,0,https://statsapi.mlb.com/api/v1.1/game/824618/feed/live,both,True,P,Pitcher,BULLPEN_PITCHER,True,QA_VALIDATED_CANONICAL_V3
681343,99,1,0,30,1,150,Top,824618,https://raw.githubusercontent.com/lancebroz/mlb-pitcher-data/main/data/raw/2026/daily/2026-04-07.parquet,False,2026-04-07,2026-04-07T19:10:00Z,CWS,BAL,H,Shane Smith,True,STARTER,99,19,11,0,0,1,5,8,0,https://statsapi.mlb.com/api/v1.1/game/824618/feed/live,both,True,P,Pitcher,STARTER/OPENER/BULK,True,QA_VALIDATED_CANONICAL_V3
689296,6,8,72,72,310,315,Bot,824618,https://raw.githubusercontent.com/lancebroz/mlb-pitcher-data/main/data/raw/2026/daily/2026-04-07.parquet,False,2026-04-07,2026-04-07T19:10:00Z,BAL,CWS,A,Anthony Nunez,False,RELIEF_OR_BULK,6,1,1,0,0,0,0,1,0,https://statsapi.mlb.com/api/v1.1/game/824618/feed/live,both,True,P,Pitcher,BULLPEN_PITCHER,True,QA_VALIDATED_CANONICAL_V3
607200,86,2,8,47,33,182,Top,824619,https://raw.githubusercontent.com/lancebroz/mlb-pitcher-data/main/data/raw/2026/daily/2026-04-06.parquet,False,2026-04-06,2026-04-06T23:40:00Z,CWS,BAL,H,Erick Fedde,False,RELIEF_OR_BULK,86,22,18,2,2,5,1,4,1,https://statsapi.mlb.com/api/v1.1/game/824619/feed/live,both,True,P,Pitcher,BULLPEN_PITCHER,True,QA_VALIDATED_CANONICAL_V3
608371,21,8,51,60,201,231,Top,824619,https://raw.githubusercontent.com/lancebroz/mlb-pitcher-data/main/data/raw/2026/daily/2026-04-06.parquet,False,2026-04-06,2026-04-06T23:40:00Z,CWS,BAL,H,Lucas Sims,False,RELIEF_OR_BULK,21,6,6,0,0,1,0,2,0,https://statsapi.mlb.com/api/v1.1/game/824619/feed/live,both,True,P,Pitcher,BULLPEN_PITCHER,True,QA_VALIDATED_CANONICAL_V3
664854,24,9,61,66,232,255,Bot,824619,https://raw.githubusercontent.com/lancebroz/mlb-pitcher-data/main/data/raw/2026/daily/2026-04-06.parquet,False,2026-04-06,2026-04-06T23:40:00Z,BAL,CWS,A,Ryan Helsley,False,RELIEF_OR_BULK,24,6,3,1,1,1,2,1,0,https://statsapi.mlb.com/api/v1.1/game/824619/feed/live,both,True,P,Pitcher,BULLPEN_PITCHER,True,QA_VALIDATED_CANONICAL_V3
669330,32,6,41,50,160,200,Bot,824619,https://raw.githubusercontent.com/lancebroz/mlb-pitcher-data/main/data/raw/2026/daily/2026-04-06.parquet,False,2026-04-06,2026-04-06T23:40:00Z,BAL,CWS,A,Tyler Wells,False,RELIEF_OR_BULK,32,7,6,0,0,1,1,2,0,https://statsapi.mlb.com/api/v1.1/game/824619/feed/live,both,True,P,Pitcher,BULLPEN_PITCHER,True,QA_VALIDATED_CANONICAL_V3
670329,10,8,55,57,215,224,Bot,824619,https://raw.githubusercontent.com/lancebroz/mlb-pitcher-data/main/data/raw/2026/daily/2026-04-06.parquet,False,2026-04-06,2026-04-06T23:40:00Z,BAL,CWS,A,Rico Garcia,False,RELIEF_OR_BULK,10,3,3,0,0,0,0,1,0,https://statsapi.mlb.com/api/v1.1/game/824619/feed/live,both,True,P,Pitcher,BULLPEN_PITCHER,True,QA_VALIDATED_CANONICAL_V3
687064,66,1,4,36,17,142,Bot,824619,https://raw.githubusercontent.com/lancebroz/mlb-pitcher-data/main/data/raw/2026/daily/2026-04-06.parquet,False,2026-04-06,2026-04-06T23:40:00Z,BAL,CWS,A,Brandon Young,True,STARTER,66,18,15,0,0,2,2,2,0,https://statsapi.mlb.com/api/v1.1/game/824619/feed/live,both,True,P,Pitcher,STARTER/OPENER/BULK,True,QA_VALIDATED_CANONICAL_V3
691799,16,1,0,3,1,16,Top,824619,https://raw.githubusercontent.com/lancebroz/mlb-pitcher-data/main/data/raw/2026/daily/2026-04-06.parquet,False,2026-04-06,2026-04-06T23:40:00Z,CWS,BAL,H,Grant Taylor,True,STARTER,16,4,3,0,0,1,0,1,0,https://statsapi.mlb.com/api/v1.1/game/824619/feed/live,both,True,P,Pitcher,STARTER/OPENER/BULK,True,QA_VALIDATED_CANONICAL_V3
573009,17,5,44,50,178,200,Bot,824620,https://raw.githubusercontent.com/lancebroz/mlb-pitcher-data/main/data/raw/2026/daily/2026-04-05.parquet,False,2026-04-05,2026-04-05T18:10:00Z,TOR,CWS,A,Joe Mantiply,False,RELIEF_OR_BULK,17,4,4,0,0,0,0,3,0,https://statsapi.mlb.com/api/v1.1/game/824620/feed/live,both,True,P,Pitcher,BULLPEN_PITCHER,True,QA_VALIDATED_CANONICAL_V3
608723,49,3,25,43,111,177,Bot,824620,https://raw.githubusercontent.com/lancebroz/mlb-pitcher-data/main/data/raw/2026/daily/2026-04-05.parquet,False,2026-04-05,2026-04-05T18:10:00Z,TOR,CWS,A,Austin Voth,False,RELIEF_OR_BULK,49,12,8,1,1,3,1,1,0,https://statsapi.mlb.com/api/v1.1/game/824620/feed/live,both,True,P,Pitcher,BULLPEN_PITCHER,True,QA_VALIDATED_CANONICAL_V3
641778,49,1,4,24,23,110,Bot,824620,https://raw.githubusercontent.com/lancebroz/mlb-pitcher-data/main/data/raw/2026/daily/2026-04-05.parquet,False,2026-04-05,2026-04-05T18:10:00Z,TOR,CWS,A,Eric Lauer,True,STARTER,49,12,6,2,2,3,3,0,0,https://statsapi.mlb.com/api/v1.1/game/824620/feed/live,both,True,P,Pitcher,STARTER/OPENER/BULK,True,QA_VALIDATED_CANONICAL_V3
663436,85,1,0,47,1,189,Top,824620,https://raw.githubusercontent.com/lancebroz/mlb-pitcher-data/main/data/raw/2026/daily/2026-04-05.parquet,False,2026-04-05,2026-04-05T18:10:00Z,CWS,TOR,H,Davis Martin,True,STARTER,85,23,18,0,0,4,2,6,0,https://statsapi.mlb.com/api/v1.1/game/824620/feed/live,both,True,P,Pitcher,STARTER/OPENER/BULK,True,QA_VALIDATED_CANONICAL_V3
663542,19,7,51,54,201,219,Top,824620,https://raw.githubusercontent.com/lancebroz/mlb-pitcher-data/main/data/raw/2026/daily/2026-04-05.parquet,False,2026-04-05,2026-04-05T18:10:00Z,CWS,TOR,H,Bryan Hudson,False,RELIEF_OR_BULK,19,4,2,0,0,2,0,1,0,https://statsapi.mlb.com/api/v1.1/game/824620/feed/live,both,True,P,Pitcher,BULLPEN_PITCHER,True,QA_VALIDATED_CANONICAL_V3
669684,15,9,67,70,266,280,Top,824620,https://raw.githubusercontent.com/lancebroz/mlb-pitcher-data/main/data/raw/2026/daily/2026-04-05.parquet,False,2026-04-05,2026-04-05T18:10:00Z,CWS,TOR,H,Chris Murphy,False,RELIEF_OR_BULK,15,4,3,0,0,0,1,1,0,https://statsapi.mlb.com/api/v1.1/game/824620/feed/live,both,True,P,Pitcher,BULLPEN_PITCHER,True,QA_VALIDATED_CANONICAL_V3
673929,19,7,55,61,220,246,Top,824620,https://raw.githubusercontent.com/lancebroz/mlb-pitcher-data/main/data/raw/2026/daily/2026-04-05.parquet,False,2026-04-05,2026-04-05T18:10:00Z,CWS,TOR,H,Jordan Leasure,False,RELIEF_OR_BULK,19,4,4,0,0,0,0,1,0,https://statsapi.mlb.com/api/v1.1/game/824620/feed/live,both,True,P,Pitcher,BULLPEN_PITCHER,True,QA_VALIDATED_CANONICAL_V3
693686,27,7,56,66,226,265,Bot,824620,https://raw.githubusercontent.com/lancebroz/mlb-pitcher-data/main/data/raw/2026/daily/2026-04-05.parquet,False,2026-04-05,2026-04-05T18:10:00Z,TOR,CWS,A,Spencer Miles,False,RELIEF_OR_BULK,27,8,6,0,0,2,0,2,0,https://statsapi.mlb.com/api/v1.1/game/824620/feed/live,both,True,P,Pitcher,BULLPEN_PITCHER,True,QA_VALIDATED_CANONICAL_V3
622554,22,9,67,76,266,299,Top,824621,https://raw.githubusercontent.com/lancebroz/mlb-pitcher-data/main/data/raw/2026/daily/2026-04-03.parquet,False,2026-04-03,2026-04-03T18:10:00Z,CWS,TOR,H,Seranthony Domínguez,False,RELIEF_OR_BULK,22,5,4,1,0,0,0,2,0,https://statsapi.mlb.com/api/v1.1/game/824621/feed/live,both,True,P,Pitcher,BULLPEN_PITCHER,True,QA_VALIDATED_CANONICAL_V3
643511,12,9,68,72,274,285,Bot,824621,https://raw.githubusercontent.com/lancebroz/mlb-pitcher-data/main/data/raw/2026/daily/2026-04-03.parquet,False,2026-04-03,2026-04-03T18:10:00Z,TOR,CWS,A,Tyler Rogers,False,RELIEF_OR_BULK,12,5,3,0,0,1,1,0,0,https://statsapi.mlb.com/api/v1.1/game/824621/feed/live,both,True,P,Pitcher,BULLPEN_PITCHER,True,QA_VALIDATED_CANONICAL_V3
656302,93,1,3,39,10,170,Bot,824621,https://raw.githubusercontent.com/lancebroz/mlb-pitcher-data/main/data/raw/2026/daily/2026-04-03.parquet,False,2026-04-03,2026-04-03T18:10:00Z,TOR,CWS,A,Dylan Cease,True,STARTER,93,22,13,3,2,5,3,6,0,https://statsapi.mlb.com/api/v1.1/game/824621/feed/live,both,True,P,Pitcher,STARTER/OPENER/BULK,True,QA_VALIDATED_CANONICAL_V3
656546,14,10,77,80,300,313,Bot,824621,https://raw.githubusercontent.com/lancebroz/mlb-pitcher-data/main/data/raw/2026/daily/2026-04-03.parquet,False,2026-04-03,2026-04-03T18:10:00Z,TOR,CWS,A,Jeff Hoffman,False,RELIEF_OR_BULK,14,4,2,2,0,2,0,1,0,https://statsapi.mlb.com/api/v1.1/game/824621/feed/live,both,True,P,Pitcher,BULLPEN_PITCHER,True,QA_VALIDATED_CANONICAL_V3
656794,8,9,64,66,258,265,Top,824621,https://raw.githubusercontent.com/lancebroz/mlb-pitcher-data/main/data/raw/2026/daily/2026-04-03.parquet,False,2026-04-03,2026-04-03T18:10:00Z,CWS,TOR,H,Sean Newcomb,False,RELIEF_OR_BULK,8,3,2,0,0,1,0,0,0,https://statsapi.mlb.com/api/v1.1/game/824621/feed/live,both,True,P,Pitcher,BULLPEN_PITCHER,True,QA_VALIDATED_CANONICAL_V3
663893,17,7,53,55,209,225,Bot,824621,https://raw.githubusercontent.com/lancebroz/mlb-pitcher-data/main/data/raw/2026/daily/2026-04-03.parquet,False,2026-04-03,2026-04-03T18:10:00Z,TOR,CWS,A,Brendon Little,False,RELIEF_OR_BULK,17,3,3,0,0,0,0,1,0,https://statsapi.mlb.com/api/v1.1/game/824621/feed/live,both,True,P,Pitcher,BULLPEN_PITCHER,True,QA_VALIDATED_CANONICAL_V3
673929,17,8,56,60,226,242,Top,824621,https://raw.githubusercontent.com/lancebroz/mlb-pitcher-data/main/data/raw/2026/daily/2026-04-03.parquet,False,2026-04-03,2026-04-03T18:10:00Z,CWS,TOR,H,Jordan Leasure,False,RELIEF_OR_BULK,17,5,3,2,2,2,1,1,1,https://statsapi.mlb.com/api/v1.1/game/824621/feed/live,both,True,P,Pitcher,BULLPEN_PITCHER,True,QA_VALIDATED_CANONICAL_V3
680732,85,2,9,52,28,208,Top,824621,https://raw.githubusercontent.com/lancebroz/mlb-pitcher-data/main/data/raw/2026/daily/2026-04-03.parquet,False,2026-04-03,2026-04-03T18:10:00Z,CWS,TOR,H,Sean Burke,False,RELIEF_OR_BULK,85,22,18,1,1,4,0,7,0,https://statsapi.mlb.com/api/v1.1/game/824621/feed/live,both,True,P,Pitcher,BULLPEN_PITCHER,True,QA_VALIDATED_CANONICAL_V3
680755,21,5,40,49,171,198,Bot,824621,https://raw.githubusercontent.com/lancebroz/mlb-pitcher-data/main/data/raw/2026/daily/2026-04-03.parquet,False,2026-04-03,2026-04-03T18:10:00Z,TOR,CWS,A,Braydon Fisher,False,RELIEF_OR_BULK,21,6,5,0,0,2,0,3,0,https://statsapi.mlb.com/api/v1.1/game/824621/feed/live,both,True,P,Pitcher,BULLPEN_PITCHER,True,QA_VALIDATED_CANONICAL_V3
686973,15,8,61,63,243,257,Bot,824621,https://raw.githubusercontent.com/lancebroz/mlb-pitcher-data/main/data/raw/2026/daily/2026-04-03.parquet,False,2026-04-03,2026-04-03T18:10:00Z,TOR,CWS,A,Louis Varland,False,RELIEF_OR_BULK,15,3,3,0,0,1,0,1,0,https://statsapi.mlb.com/api/v1.1/game/824621/feed/live,both,True,P,Pitcher,BULLPEN_PITCHER,True,QA_VALIDATED_CANONICAL_V3
691799,9,1,0,2,1,9,Top,824621,https://raw.githubusercontent.com/lancebroz/mlb-pitcher-data/main/data/raw/2026/daily/2026-04-03.parquet,False,2026-04-03,2026-04-03T18:10:00Z,CWS,TOR,H,Grant Taylor,True,STARTER,9,3,3,0,0,0,0,1,0,https://statsapi.mlb.com/api/v1.1/game/824621/feed/live,both,True,P,Pitcher,STARTER/OPENER/BULK,True,QA_VALIDATED_CANONICAL_V3
622554,24,9,67,71,275,298,Top,824622,https://raw.githubusercontent.com/lancebroz/mlb-pitcher-data/main/data/raw/2026/daily/2026-04-04.parquet,False,2026-04-04,2026-04-04T18:10:00Z,CWS,TOR,H,Seranthony Domínguez,False,RELIEF_OR_BULK,24,5,3,0,0,1,1,1,0,https://statsapi.mlb.com/api/v1.1/game/824622/feed/live,both,True,P,Pitcher,BULLPEN_PITCHER,True,QA_VALIDATED_CANONICAL_V3
641743,76,2,9,41,30,171,Top,824622,https://raw.githubusercontent.com/lancebroz/mlb-pitcher-data/main/data/raw/2026/daily/2026-04-04.parquet,False,2026-04-04,2026-04-04T18:10:00Z,CWS,TOR,H,Anthony Kay,False,RELIEF_OR_BULK,76,19,13,2,2,3,2,0,1,https://statsapi.mlb.com/api/v1.1/game/824622/feed/live,both,True,P,Pitcher,BULLPEN_PITCHER,True,QA_VALIDATED_CANONICAL_V3
656794,16,8,60,61,234,249,Top,824622,https://raw.githubusercontent.com/lancebroz/mlb-pitcher-data/main/data/raw/2026/daily/2026-04-04.parquet,False,2026-04-04,2026-04-04T18:10:00Z,CWS,TOR,H,Sean Newcomb,False,RELIEF_OR_BULK,16,2,1,0,0,0,1,0,0,https://statsapi.mlb.com/api/v1.1/game/824622/feed/live,both,True,P,Pitcher,BULLPEN_PITCHER,True,QA_VALIDATED_CANONICAL_V3
663855,19,7,53,59,204,233,Top,824622,https://raw.githubusercontent.com/lancebroz/mlb-pitcher-data/main/data/raw/2026/daily/2026-04-04.parquet,False,2026-04-04,2026-04-04T18:10:00Z,CWS,TOR,H,Jordan Hicks,False,RELIEF_OR_BULK,19,4,4,0,0,0,1,0,0,https://statsapi.mlb.com/api/v1.1/game/824622/feed/live,both,True,P,Pitcher,BULLPEN_PITCHER,True,QA_VALIDATED_CANONICAL_V3
663893,13,6,44,47,178,190,Bot,824622,https://raw.githubusercontent.com/lancebroz/mlb-pitcher-data/main/data/raw/2026/daily/2026-04-04.parquet,False,2026-04-04,2026-04-04T18:10:00Z,TOR,CWS,A,Brendon Little,False,RELIEF_OR_BULK,13,4,1,3,3,3,0,1,2,https://statsapi.mlb.com/api/v1.1/game/824622/feed/live,both,True,P,Pitcher,BULLPEN_PITCHER,True,QA_VALIDATED_CANONICAL_V3
667297,20,6,48,57,191,223,Bot,824622,https://raw.githubusercontent.com/lancebroz/mlb-pitcher-data/main/data/raw/2026/daily/2026-04-04.parquet,False,2026-04-04,2026-04-04T18:10:00Z,TOR,CWS,A,Tommy Nance,False,RELIEF_OR_BULK,20,5,5,0,0,0,0,1,0,https://statsapi.mlb.com/api/v1.1/game/824622/feed/live,both,True,P,Pitcher,BULLPEN_PITCHER,True,QA_VALIDATED_CANONICAL_V3
669684,10,6,42,52,172,203,Top,824622,https://raw.githubusercontent.com/lancebroz/mlb-pitcher-data/main/data/raw/2026/daily/2026-04-04.parquet,False,2026-04-04,2026-04-04T18:10:00Z,CWS,TOR,H,Chris Murphy,False,RELIEF_OR_BULK,10,5,3,1,1,2,0,0,0,https://statsapi.mlb.com/api/v1.1/game/824622/feed/live,both,True,P,Pitcher,BULLPEN_PITCHER,True,QA_VALIDATED_CANONICAL_V3
680755,25,8,62,66,250,274,Bot,824622,https://raw.githubusercontent.com/lancebroz/mlb-pitcher-data/main/data/raw/2026/daily/2026-04-04.parquet,False,2026-04-04,2026-04-04T18:10:00Z,TOR,CWS,A,Braydon Fisher,False,RELIEF_OR_BULK,25,5,3,2,0,2,1,1,0,https://statsapi.mlb.com/api/v1.1/game/824622/feed/live,both,True,P,Pitcher,BULLPEN_PITCHER,True,QA_VALIDATED_CANONICAL_V3
681751,66,2,13,38,53,159,Bot,824622,https://raw.githubusercontent.com/lancebroz/mlb-pitcher-data/main/data/raw/2026/daily/2026-04-04.parquet,False,2026-04-04,2026-04-04T18:10:00Z,TOR,CWS,A,Lazaro Estrada,False,RELIEF_OR_BULK,66,14,12,0,0,0,2,3,0,https://statsapi.mlb.com/api/v1.1/game/824622/feed/live,both,True,P,Pitcher,BULLPEN_PITCHER,True,QA_VALIDATED_CANONICAL_V3
689254,20,1,3,8,10,29,Bot,824622,https://raw.githubusercontent.com/lancebroz/mlb-pitcher-data/main/data/raw/2026/daily/2026-04-04.parquet,False,2026-04-04,2026-04-04T18:10:00Z,TOR,CWS,A,Mason Fluharty,True,STARTER,20,6,3,1,1,2,1,0,0,https://statsapi.mlb.com/api/v1.1/game/824622/feed/live,both,True,P,Pitcher,STARTER/OPENER/BULK,True,QA_VALIDATED_CANONICAL_V3
691799,9,1,0,2,1,9,Top,824622,https://raw.githubusercontent.com/lancebroz/mlb-pitcher-data/main/data/raw/2026/daily/2026-04-04.parquet,False,2026-04-04,2026-04-04T18:10:00Z,CWS,TOR,H,Grant Taylor,True,STARTER,9,3,3,0,0,0,0,1,0,https://statsapi.mlb.com/api/v1.1/game/824622/feed/live,both,True,P,Pitcher,STARTER/OPENER/BULK,True,QA_VALIDATED_CANONICAL_V3
573204,21,7,45,49,199,219,Top,824695,https://raw.githubusercontent.com/lancebroz/mlb-pitcher-data/main/data/raw/2026/daily/2026-04-10.parquet,False,2026-04-10,2026-04-10T18:20:00Z,CHC,PIT,H,Caleb Thielbar,False,RELIEF_OR_BULK,21,5,2,2,2,3,0,0,1,https://statsapi.mlb.com/api/v1.1/game/824695/feed/live,both,True,P,Pitcher,BULLPEN_PITCHER,True,QA_VALIDATED_CANONICAL_V3
642397,24,8,58,62,249,272,Bot,824695,https://raw.githubusercontent.com/lancebroz/mlb-pitcher-data/main/data/raw/2026/daily/2026-04-10.parquet,False,2026-04-10,2026-04-10T18:20:00Z,PIT,CHC,A,Gregory Soto,False,RELIEF_OR_BULK,24,5,3,0,0,0,2,0,0,https://statsapi.mlb.com/api/v1.1/game/824695/feed/live,both,True,P,Pitcher,BULLPEN_PITCHER,True,QA_VALIDATED_CANONICAL_V3
642701,13,9,66,68,286,298,Bot,824695,https://raw.githubusercontent.com/lancebroz/mlb-pitcher-data/main/data/raw/2026/daily/2026-04-10.parquet,False,2026-04-10,2026-04-10T18:20:00Z,PIT,CHC,A,Dennis Santana,False,RELIEF_OR_BULK,13,3,3,0,0,0,0,2,0,https://statsapi.mlb.com/api/v1.1/game/824695/feed/live,both,True,P,Pitcher,BULLPEN_PITCHER,True,QA_VALIDATED_CANONICAL_V3
669387,81,1,3,41,12,181,Bot,824695,https://raw.githubusercontent.com/lancebroz/mlb-pitcher-data/main/data/raw/2026/daily/2026-04-10.parquet,False,2026-04-10,2026-04-10T18:20:00Z,PIT,CHC,A,Carmen Mlodzinski,True,STARTER,81,23,16,0,0,6,3,2,0,https://statsapi.mlb.com/api/v1.1/game/824695/feed/live,both,True,P,Pitcher,STARTER/OPENER/BULK,True,QA_VALIDATED_CANONICAL_V3
676755,12,7,51,54,226,237,Bot,824695,https://raw.githubusercontent.com/lancebroz/mlb-pitcher-data/main/data/raw/2026/daily/2026-04-10.parquet,False,2026-04-10,2026-04-10T18:20:00Z,PIT,CHC,A,Isaac Mattson,False,RELIEF_OR_BULK,12,4,3,0,0,0,1,0,0,https://statsapi.mlb.com/api/v1.1/game/824695/feed/live,both,True,P,Pitcher,BULLPEN_PITCHER,True,QA_VALIDATED_CANONICAL_V3
681799,17,7,50,57,220,248,Top,824695,https://raw.githubusercontent.com/lancebroz/mlb-pitcher-data/main/data/raw/2026/daily/2026-04-10.parquet,False,2026-04-10,2026-04-10T18:20:00Z,CHC,PIT,H,Ethan Roberts,False,RELIEF_OR_BULK,17,4,4,0,0,0,0,1,0,https://statsapi.mlb.com/api/v1.1/game/824695/feed/live,both,True,P,Pitcher,BULLPEN_PITCHER,True,QA_VALIDATED_CANONICAL_V3
682254,17,6,42,44,182,198,Bot,824695,https://raw.githubusercontent.com/lancebroz/mlb-pitcher-data/main/data/raw/2026/daily/2026-04-10.parquet,False,2026-04-10,2026-04-10T18:20:00Z,PIT,CHC,A,Mason Montgomery,False,RELIEF_OR_BULK,17,3,2,0,0,0,1,2,0,https://statsapi.mlb.com/api/v1.1/game/824695/feed/live,both,True,P,Pitcher,BULLPEN_PITCHER,True,QA_VALIDATED_CANONICAL_V3
684007,100,1,0,38,1,170,Top,824695,https://raw.githubusercontent.com/lancebroz/mlb-pitcher-data/main/data/raw/2026/daily/2026-04-10.parquet,False,2026-04-10,2026-04-10T18:20:00Z,CHC,PIT,H,Shota Imanaga,True,STARTER,100,19,18,0,0,0,1,9,0,https://statsapi.mlb.com/api/v1.1/game/824695/feed/live,both,True,P,Pitcher,STARTER/OPENER/BULK,True,QA_VALIDATED_CANONICAL_V3
702303,13,9,63,65,273,285,Top,824695,https://raw.githubusercontent.com/lancebroz/mlb-pitcher-data/main/data/raw/2026/daily/2026-04-10.parquet,False,2026-04-10,2026-04-10T18:20:00Z,CHC,PIT,H,Riley Martin,False,RELIEF_OR_BULK,13,3,3,0,0,0,0,1,0,https://statsapi.mlb.com/api/v1.1/game/824695/feed/live,both,True,P,Pitcher,BULLPEN_PITCHER,True,QA_VALIDATED_CANONICAL_V3
571948,12,9,70,72,278,289,Top,824697,https://raw.githubusercontent.com/lancebroz/mlb-pitcher-data/main/data/raw/2026/daily/2026-04-11.parquet,False,2026-04-11,2026-04-11T18:20:00Z,CHC,PIT,H,Hoby Milner,False,RELIEF_OR_BULK,12,3,3,0,0,0,0,0,0,https://statsapi.mlb.com/api/v1.1/game/824697/feed/live,both,True,P,Pitcher,BULLPEN_PITCHER,True,QA_VALIDATED_CANONICAL_V3
573204,19,11,88,92,350,368,Top,824697,https://raw.githubusercontent.com/lancebroz/mlb-pitcher-data/main/data/raw/2026/daily/2026-04-11.parquet,False,2026-04-11,2026-04-11T18:20:00Z,CHC,PIT,H,Caleb Thielbar,False,RELIEF_OR_BULK,19,5,3,1,0,0,1,3,0,https://statsapi.mlb.com/api/v1.1/game/824697/feed/live,both,True,P,Pitcher,BULLPEN_PITCHER,True,QA_VALIDATED_CANONICAL_V3
642397,1,7,61,61,236,236,Bot,824697,https://raw.githubusercontent.com/lancebroz/mlb-pitcher-data/main/data/raw/2026/daily/2026-04-11.parquet,False,2026-04-11,2026-04-11T18:20:00Z,PIT,CHC,A,Gregory Soto,False,RELIEF_OR_BULK,1,1,1,0,0,0,0,0,0,https://statsapi.mlb.com/api/v1.1/game/824697/feed/live,both,True,P,Pitcher,BULLPEN_PITCHER,True,QA_VALIDATED_CANONICAL_V3
642701,27,9,73,78,290,316,Bot,824697,https://raw.githubusercontent.com/lancebroz/mlb-pitcher-data/main/data/raw/2026/daily/2026-04-11.parquet,False,2026-04-11,2026-04-11T18:20:00Z,PIT,CHC,A,Dennis Santana,False,RELIEF_OR_BULK,27,6,3,1,1,1,2,0,0,https://statsapi.mlb.com/api/v1.1/game/824697/feed/live,both,True,P,Pitcher,BULLPEN_PITCHER,True,QA_VALIDATED_CANONICAL_V3
657097,17,8,62,64,237,253,Top,824697,https://raw.githubusercontent.com/lancebroz/mlb-pitcher-data/main/data/raw/2026/daily/2026-04-11.parquet,False,2026-04-11,2026-04-11T18:20:00Z,CHC,PIT,H,Jacob Webb,False,RELIEF_OR_BULK,17,3,3,0,0,1,0,2,0,https://statsapi.mlb.com/api/v1.1/game/824697/feed/live,both,True,P,Pitcher,BULLPEN_PITCHER,True,QA_VALIDATED_CANONICAL_V3
664875,13,7,57,60,223,235,Bot,824697,https://raw.githubusercontent.com/lancebroz/mlb-pitcher-data/main/data/raw/2026/daily/2026-04-11.parquet,False,2026-04-11,2026-04-11T18:20:00Z,PIT,CHC,A,Justin Lawrence,False,RELIEF_OR_BULK,13,4,2,1,1,1,1,0,0,https://statsapi.mlb.com/api/v1.1/game/824697/feed/live,both,True,P,Pitcher,BULLPEN_PITCHER,True,QA_VALIDATED_CANONICAL_V3
665795,98,1,0,39,1,154,Top,824697,https://raw.githubusercontent.com/lancebroz/mlb-pitcher-data/main/data/raw/2026/daily/2026-04-11.parquet,False,2026-04-11,2026-04-11T18:20:00Z,CHC,PIT,H,Edward Cabrera,True,STARTER,98,25,15,3,3,8,3,4,0,https://statsapi.mlb.com/api/v1.1/game/824697/feed/live,both,True,P,Pitcher,STARTER/OPENER/BULK,True,QA_VALIDATED_CANONICAL_V3
670990,32,10,83,97,334,384,Bot,824697,https://raw.githubusercontent.com/lancebroz/mlb-pitcher-data/main/data/raw/2026/daily/2026-04-11.parquet,False,2026-04-11,2026-04-11T18:20:00Z,PIT,CHC,A,Yohan Ramírez,False,RELIEF_OR_BULK,32,10,6,0,0,0,3,2,0,https://statsapi.mlb.com/api/v1.1/game/824697/feed/live,both,True,P,Pitcher,BULLPEN_PITCHER,True,QA_VALIDATED_CANONICAL_V3
676755,24,8,65,69,254,277,Bot,824697,https://raw.githubusercontent.com/lancebroz/mlb-pitcher-data/main/data/raw/2026/daily/2026-04-11.parquet,False,2026-04-11,2026-04-11T18:20:00Z,PIT,CHC,A,Isaac Mattson,False,RELIEF_OR_BULK,24,5,3,0,0,2,0,1,0,https://statsapi.mlb.com/api/v1.1/game/824697/feed/live,both,True,P,Pitcher,BULLPEN_PITCHER,True,QA_VALIDATED_CANONICAL_V3
676962,34,6,45,56,176,222,Top,824697,https://raw.githubusercontent.com/lancebroz/mlb-pitcher-data/main/data/raw/2026/daily/2026-04-11.parquet,False,2026-04-11,2026-04-11T18:20:00Z,CHC,PIT,H,Ben Brown,False,RELIEF_OR_BULK,34,8,6,0,0,2,1,3,0,https://statsapi.mlb.com/api/v1.1/game/824697/feed/live,both,True,P,Pitcher,BULLPEN_PITCHER,True,QA_VALIDATED_CANONICAL_V3
677952,77,1,4,44,19,175,Bot,824697,https://raw.githubusercontent.com/lancebroz/mlb-pitcher-data/main/data/raw/2026/daily/2026-04-11.parquet,False,2026-04-11,2026-04-11T18:20:00Z,PIT,CHC,A,Braxton Ashcraft,True,STARTER,77,20,15,1,1,4,1,9,0,https://statsapi.mlb.com/api/v1.1/game/824697/feed/live,both,True,P,Pitcher,STARTER/OPENER/BULK,True,QA_VALIDATED_CANONICAL_V3
682254,13,6,49,52,190,202,Bot,824697,https://raw.githubusercontent.com/lancebroz/mlb-pitcher-data/main/data/raw/2026/daily/2026-04-11.parquet,False,2026-04-11,2026-04-11T18:20:00Z,PIT,CHC,A,Mason Montgomery,False,RELIEF_OR_BULK,13,4,3,0,0,1,0,2,0,https://statsapi.mlb.com/api/v1.1/game/824697/feed/live,both,True,P,Pitcher,BULLPEN_PITCHER,True,QA_VALIDATED_CANONICAL_V3
694037,17,10,79,82,317,333,Top,824697,https://raw.githubusercontent.com/lancebroz/mlb-pitcher-data/main/data/raw/2026/daily/2026-04-11.parquet,False,2026-04-11,2026-04-11T18:20:00Z,CHC,PIT,H,Daniel Palencia,False,RELIEF_OR_BULK,17,4,3,0,0,0,1,0,0,https://statsapi.mlb.com/api/v1.1/game/824697/feed/live,both,True,P,Pitcher,BULLPEN_PITCHER,True,QA_VALIDATED_CANONICAL_V3
571510,98,1,0,44,1,184,Top,824698,https://raw.githubusercontent.com/lancebroz/mlb-pitcher-data/main/data/raw/2026/daily/2026-04-01.parquet,False,2026-04-01,2026-04-01T18:20:00Z,CHC,LAA,H,Matthew Boyd,True,STARTER,98,20,17,2,1,2,2,10,0,https://statsapi.mlb.com/api/v1.1/game/824698/feed/live,both,True,P,Pitcher,STARTER/OPENER/BULK,True,QA_VALIDATED_CANONICAL_V3
573204,13,8,62,64,258,270,Top,824698,https://raw.githubusercontent.com/lancebroz/mlb-pitcher-data/main/data/raw/2026/daily/2026-04-01.parquet,False,2026-04-01,2026-04-01T18:20:00Z,CHC,LAA,H,Caleb Thielbar,False,RELIEF_OR_BULK,13,3,3,0,0,0,0,2,0,https://statsapi.mlb.com/api/v1.1/game/824698/feed/live,both,True,P,Pitcher,BULLPEN_PITCHER,True,QA_VALIDATED_CANONICAL_V3
579328,91,1,3,48,12,196,Bot,824698,https://raw.githubusercontent.com/lancebroz/mlb-pitcher-data/main/data/raw/2026/daily/2026-04-01.parquet,False,2026-04-01,2026-04-01T18:20:00Z,LAA,CHC,A,Yusei Kikuchi,True,STARTER,91,26,16,5,5,6,4,5,0,https://statsapi.mlb.com/api/v1.1/game/824698/feed/live,both,True,P,Pitcher,STARTER/OPENER/BULK,True,QA_VALIDATED_CANONICAL_V3
608718,44,7,57,68,231,287,Bot,824698,https://raw.githubusercontent.com/lancebroz/mlb-pitcher-data/main/data/raw/2026/daily/2026-04-01.parquet,False,2026-04-01,2026-04-01T18:20:00Z,LAA,CHC,A,Brent Suter,False,RELIEF_OR_BULK,44,9,6,0,0,3,0,4,0,https://statsapi.mlb.com/api/v1.1/game/824698/feed/live,both,True,P,Pitcher,BULLPEN_PITCHER,True,QA_VALIDATED_CANONICAL_V3
640451,20,6,45,55,185,228,Top,824698,https://raw.githubusercontent.com/lancebroz/mlb-pitcher-data/main/data/raw/2026/daily/2026-04-01.parquet,False,2026-04-01,2026-04-01T18:20:00Z,CHC,LAA,H,Hunter Harvey,False,RELIEF_OR_BULK,20,6,4,0,0,1,0,3,0,https://statsapi.mlb.com/api/v1.1/game/824698/feed/live,both,True,P,Pitcher,BULLPEN_PITCHER,True,QA_VALIDATED_CANONICAL_V3
666171,21,6,49,56,197,230,Bot,824698,https://raw.githubusercontent.com/lancebroz/mlb-pitcher-data/main/data/raw/2026/daily/2026-04-01.parquet,False,2026-04-01,2026-04-01T18:20:00Z,LAA,CHC,A,Ryan Zeferjahn,False,RELIEF_OR_BULK,21,5,2,1,0,1,1,1,0,https://statsapi.mlb.com/api/v1.1/game/824698/feed/live,both,True,P,Pitcher,BULLPEN_PITCHER,True,QA_VALIDATED_CANONICAL_V3
694037,9,9,69,72,288,296,Top,824698,https://raw.githubusercontent.com/lancebroz/mlb-pitcher-data/main/data/raw/2026/daily/2026-04-01.parquet,False,2026-04-01,2026-04-01T18:20:00Z,CHC,LAA,H,Daniel Palencia,False,RELIEF_OR_BULK,9,4,3,0,0,1,0,1,0,https://statsapi.mlb.com/api/v1.1/game/824698/feed/live,both,True,P,Pitcher,BULLPEN_PITCHER,True,QA_VALIDATED_CANONICAL_V3
519141,20,8,61,69,254,290,Bot,824699,https://raw.githubusercontent.com/lancebroz/mlb-pitcher-data/main/data/raw/2026/daily/2026-03-31.parquet,False,2026-03-31,2026-03-31T23:40:00Z,LAA,CHC,A,Drew Pomeranz,False,RELIEF_OR_BULK,20,5,4,0,0,1,0,2,0,https://statsapi.mlb.com/api/v1.1/game/824699/feed/live,both,True,P,Pitcher,BULLPEN_PITCHER,True,QA_VALIDATED_CANONICAL_V3
571948,3,5,35,35,160,162,Top,824699,https://raw.githubusercontent.com/lancebroz/mlb-pitcher-data/main/data/raw/2026/daily/2026-03-31.parquet,False,2026-03-31,2026-03-31T23:40:00Z,CHC,LAA,H,Hoby Milner,False,RELIEF_OR_BULK,3,1,1,0,0,0,0,0,0,https://statsapi.mlb.com/api/v1.1/game/824699/feed/live,both,True,P,Pitcher,BULLPEN_PITCHER,True,QA_VALIDATED_CANONICAL_V3
592791,85,1,0,33,1,159,Top,824699,https://raw.githubusercontent.com/lancebroz/mlb-pitcher-data/main/data/raw/2026/daily/2026-03-31.parquet,False,2026-03-31,2026-03-31T23:40:00Z,CHC,LAA,H,Jameson Taillon,True,STARTER,85,20,14,0,0,2,4,3,0,https://statsapi.mlb.com/api/v1.1/game/824699/feed/live,both,True,P,Pitcher,STARTER/OPENER/BULK,True,QA_VALIDATED_CANONICAL_V3
605447,12,9,70,72,291,302,Bot,824699,https://raw.githubusercontent.com/lancebroz/mlb-pitcher-data/main/data/raw/2026/daily/2026-03-31.parquet,False,2026-03-31,2026-03-31T23:40:00Z,LAA,CHC,A,Jordan Romano,False,RELIEF_OR_BULK,12,3,2,0,0,0,1,1,0,https://statsapi.mlb.com/api/v1.1/game/824699/feed/live,both,True,P,Pitcher,BULLPEN_PITCHER,True,QA_VALIDATED_CANONICAL_V3
664208,28,6,39,44,170,197,Top,824699,https://raw.githubusercontent.com/lancebroz/mlb-pitcher-data/main/data/raw/2026/daily/2026-03-31.parquet,False,2026-03-31,2026-03-31T23:40:00Z,CHC,LAA,H,Phil Maton,False,RELIEF_OR_BULK,28,6,2,2,2,2,2,1,0,https://statsapi.mlb.com/api/v1.1/game/824699/feed/live,both,True,P,Pitcher,BULLPEN_PITCHER,True,QA_VALIDATED_CANONICAL_V3
667755,90,1,4,48,19,209,Bot,824699,https://raw.githubusercontent.com/lancebroz/mlb-pitcher-data/main/data/raw/2026/daily/2026-03-31.parquet,False,2026-03-31,2026-03-31T23:40:00Z,LAA,CHC,A,José Soriano,True,STARTER,90,21,18,0,0,2,2,4,0,https://statsapi.mlb.com/api/v1.1/game/824699/feed/live,both,True,P,Pitcher,STARTER/OPENER/BULK,True,QA_VALIDATED_CANONICAL_V3
676962,50,6,45,68,198,287,Top,824699,https://raw.githubusercontent.com/lancebroz/mlb-pitcher-data/main/data/raw/2026/daily/2026-03-31.parquet,False,2026-03-31,2026-03-31T23:40:00Z,CHC,LAA,H,Ben Brown,False,RELIEF_OR_BULK,50,12,10,0,0,1,1,5,0,https://statsapi.mlb.com/api/v1.1/game/824699/feed/live,both,True,P,Pitcher,BULLPEN_PITCHER,True,QA_VALIDATED_CANONICAL_V3
681217,14,7,53,57,229,242,Bot,824699,https://raw.githubusercontent.com/lancebroz/mlb-pitcher-data/main/data/raw/2026/daily/2026-03-31.parquet,False,2026-03-31,2026-03-31T23:40:00Z,LAA,CHC,A,Chase Silseth,False,RELIEF_OR_BULK,14,5,3,0,0,1,1,1,0,https://statsapi.mlb.com/api/v1.1/game/824699/feed/live,both,True,P,Pitcher,BULLPEN_PITCHER,True,QA_VALIDATED_CANONICAL_V3
571948,17,8,58,62,232,248,Top,824700,https://raw.githubusercontent.com/lancebroz/mlb-pitcher-data/main/data/raw/2026/daily/2026-03-29.parquet,False,2026-03-29,2026-03-29T18:20:00Z,CHC,WSH,H,Hoby Milner,False,RELIEF_OR_BULK,17,5,3,2,2,2,0,0,1,https://statsapi.mlb.com/api/v1.1/game/824700/feed/live,both,True,P,Pitcher,BULLPEN_PITCHER,True,QA_VALIDATED_CANONICAL_V3
640451,10,7,51,54,215,224,Top,824700,https://raw.githubusercontent.com/lancebroz/mlb-pitcher-data/main/data/raw/2026/daily/2026-03-29.parquet,False,2026-03-29,2026-03-29T18:20:00Z,CHC,WSH,H,Hunter Harvey,False,RELIEF_OR_BULK,10,4,3,0,0,1,0,0,0,https://statsapi.mlb.com/api/v1.1/game/824700/feed/live,both,True,P,Pitcher,BULLPEN_PITCHER,True,QA_VALIDATED_CANONICAL_V3
663623,93,1,6,40,22,170,Bot,824700,https://raw.githubusercontent.com/lancebroz/mlb-pitcher-data/main/data/raw/2026/daily/2026-03-29.parquet,False,2026-03-29,2026-03-29T18:20:00Z,WSH,CHC,A,Jake Irvin,True,STARTER,93,20,15,2,2,3,1,7,2,https://statsapi.mlb.com/api/v1.1/game/824700/feed/live,both,True,P,Pitcher,STARTER/OPENER/BULK,True,QA_VALIDATED_CANONICAL_V3
664208,23,6,42,46,176,198,Top,824700,https://raw.githubusercontent.com/lancebroz/mlb-pitcher-data/main/data/raw/2026/daily/2026-03-29.parquet,False,2026-03-29,2026-03-29T18:20:00Z,CHC,WSH,H,Phil Maton,False,RELIEF_OR_BULK,23,5,3,0,0,0,1,1,0,https://statsapi.mlb.com/api/v1.1/game/824700/feed/live,both,True,P,Pitcher,BULLPEN_PITCHER,True,QA_VALIDATED_CANONICAL_V3
672335,11,8,63,66,249,259,Bot,824700,https://raw.githubusercontent.com/lancebroz/mlb-pitcher-data/main/data/raw/2026/daily/2026-03-29.parquet,False,2026-03-29,2026-03-29T18:20:00Z,WSH,CHC,A,Cionel Pérez,False,RELIEF_OR_BULK,11,4,3,1,1,1,0,1,1,https://statsapi.mlb.com/api/v1.1/game/824700/feed/live,both,True,P,Pitcher,BULLPEN_PITCHER,True,QA_VALIDATED_CANONICAL_V3
676571,14,6,47,49,199,212,Bot,824700,https://raw.githubusercontent.com/lancebroz/mlb-pitcher-data/main/data/raw/2026/daily/2026-03-29.parquet,False,2026-03-29,2026-03-29T18:20:00Z,WSH,CHC,A,PJ Poulin,False,RELIEF_OR_BULK,14,3,2,0,0,0,1,1,0,https://statsapi.mlb.com/api/v1.1/game/824700/feed/live,both,True,P,Pitcher,BULLPEN_PITCHER,True,QA_VALIDATED_CANONICAL_V3
681402,9,6,50,57,213,231,Bot,824700,https://raw.githubusercontent.com/lancebroz/mlb-pitcher-data/main/data/raw/2026/daily/2026-03-29.parquet,False,2026-03-29,2026-03-29T18:20:00Z,WSH,CHC,A,Gus Varland,False,RELIEF_OR_BULK,9,4,4,0,0,0,0,1,0,https://statsapi.mlb.com/api/v1.1/game/824700/feed/live,both,True,P,Pitcher,BULLPEN_PITCHER,True,QA_VALIDATED_CANONICAL_V3
684007,82,1,0,41,1,175,Top,824700,https://raw.githubusercontent.com/lancebroz/mlb-pitcher-data/main/data/raw/2026/daily/2026-03-29.parquet,False,2026-03-29,2026-03-29T18:20:00Z,CHC,WSH,H,Shota Imanaga,True,STARTER,82,22,15,4,4,6,2,7,1,https://statsapi.mlb.com/api/v1.1/game/824700/feed/live,both,True,P,Pitcher,STARTER/OPENER/BULK,True,QA_VALIDATED_CANONICAL_V3
690925,6,9,71,73,276,281,Bot,824700,https://raw.githubusercontent.com/lancebroz/mlb-pitcher-data/main/data/raw/2026/daily/2026-03-29.parquet,False,2026-03-29,2026-03-29T18:20:00Z,WSH,CHC,A,Clayton Beeter,False,RELIEF_OR_BULK,6,3,3,0,0,0,0,0,0,https://statsapi.mlb.com/api/v1.1/game/824700/feed/live,both,True,P,Pitcher,BULLPEN_PITCHER,True,QA_VALIDATED_CANONICAL_V3
694037,16,9,67,70,260,275,Top,824700,https://raw.githubusercontent.com/lancebroz/mlb-pitcher-data/main/data/raw/2026/daily/2026-03-29.parquet,False,2026-03-29,2026-03-29T18:20:00Z,CHC,WSH,H,Daniel Palencia,False,RELIEF_OR_BULK,16,4,3,0,0,2,0,1,0,https://statsapi.mlb.com/api/v1.1/game/824700/feed/live,both,True,P,Pitcher,BULLPEN_PITCHER,True,QA_VALIDATED_CANONICAL_V3
571945,97,1,3,41,9,158,Bot,824701,https://raw.githubusercontent.com/lancebroz/mlb-pitcher-data/main/data/raw/2026/daily/2026-03-28.parquet,False,2026-03-28,2026-03-28T18:20:00Z,WSH,CHC,A,Miles Mikolas,True,STARTER,97,25,15,6,4,6,3,4,1,https://statsapi.mlb.com/api/v1.1/game/824701/feed/live,both,True,P,Pitcher,STARTER/OPENER/BULK,True,QA_VALIDATED_CANONICAL_V3
573204,16,8,62,65,232,247,Top,824701,https://raw.githubusercontent.com/lancebroz/mlb-pitcher-data/main/data/raw/2026/daily/2026-03-28.parquet,False,2026-03-28,2026-03-28T18:20:00Z,CHC,WSH,H,Caleb Thielbar,False,RELIEF_OR_BULK,16,4,3,0,0,0,1,1,0,https://statsapi.mlb.com/api/v1.1/game/824701/feed/live,both,True,P,Pitcher,BULLPEN_PITCHER,True,QA_VALIDATED_CANONICAL_V3
657097,16,9,69,72,259,274,Top,824701,https://raw.githubusercontent.com/lancebroz/mlb-pitcher-data/main/data/raw/2026/daily/2026-03-28.parquet,False,2026-03-28,2026-03-28T18:20:00Z,CHC,WSH,H,Jacob Webb,False,RELIEF_OR_BULK,16,4,3,0,0,0,2,0,0,https://statsapi.mlb.com/api/v1.1/game/824701/feed/live,both,True,P,Pitcher,BULLPEN_PITCHER,True,QA_VALIDATED_CANONICAL_V3
664208,9,7,57,58,210,218,Top,824701,https://raw.githubusercontent.com/lancebroz/mlb-pitcher-data/main/data/raw/2026/daily/2026-03-28.parquet,False,2026-03-28,2026-03-28T18:20:00Z,CHC,WSH,H,Phil Maton,False,RELIEF_OR_BULK,9,2,2,0,0,0,0,1,0,https://statsapi.mlb.com/api/v1.1/game/824701/feed/live,both,True,P,Pitcher,BULLPEN_PITCHER,True,QA_VALIDATED_CANONICAL_V3
669371,11,8,66,68,248,258,Bot,824701,https://raw.githubusercontent.com/lancebroz/mlb-pitcher-data/main/data/raw/2026/daily/2026-03-28.parquet,False,2026-03-28,2026-03-28T18:20:00Z,WSH,CHC,A,Cole Henry,False,RELIEF_OR_BULK,11,3,3,0,0,0,0,1,0,https://statsapi.mlb.com/api/v1.1/game/824701/feed/live,both,True,P,Pitcher,BULLPEN_PITCHER,True,QA_VALIDATED_CANONICAL_V3
686610,32,6,49,61,188,231,Bot,824701,https://raw.githubusercontent.com/lancebroz/mlb-pitcher-data/main/data/raw/2026/daily/2026-03-28.parquet,False,2026-03-28,2026-03-28T18:20:00Z,WSH,CHC,A,Ken Waldichuk,False,RELIEF_OR_BULK,32,9,4,2,2,3,2,2,1,https://statsapi.mlb.com/api/v1.1/game/824701/feed/live,both,True,P,Pitcher,BULLPEN_PITCHER,True,QA_VALIDATED_CANONICAL_V3
690990,75,1,0,56,1,209,Top,824701,https://raw.githubusercontent.com/lancebroz/mlb-pitcher-data/main/data/raw/2026/daily/2026-03-28.parquet,False,2026-03-28,2026-03-28T18:20:00Z,CHC,WSH,H,Cade Horton,True,STARTER,75,22,19,2,2,4,1,4,1,https://statsapi.mlb.com/api/v1.1/game/824701/feed/live,both,True,P,Pitcher,STARTER/OPENER/BULK,True,QA_VALIDATED_CANONICAL_V3
701552,18,6,45,48,170,187,Bot,824701,https://raw.githubusercontent.com/lancebroz/mlb-pitcher-data/main/data/raw/2026/daily/2026-03-28.parquet,False,2026-03-28,2026-03-28T18:20:00Z,WSH,CHC,A,Andre Granillo,False,RELIEF_OR_BULK,18,4,2,2,2,1,1,0,0,https://statsapi.mlb.com/api/v1.1/game/824701/feed/live,both,True,P,Pitcher,BULLPEN_PITCHER,True,QA_VALIDATED_CANONICAL_V3
607067,42,7,51,71,78,271,Top,824702,https://baseballsavant.mlb.com/statcast_search/csv?all=true&type=details&game_pk=824702,True,2026-03-30,2026-03-30T23:40:00Z,CHC,LAA,H,Colin Rea,False,RELIEF_OR_BULK,42,13,9,2,2,4,0,4,1,https://statsapi.mlb.com/api/v1.1/game/824702/feed/live,both,True,P,Pitcher,BULLPEN_PITCHER,True,QA_VALIDATED_CANONICAL_V3
641312,40,6,48,66,83,269,Bot,824702,https://baseballsavant.mlb.com/statcast_search/csv?all=true&type=details&game_pk=824702,True,2026-03-30,2026-03-30T23:40:00Z,LAA,CHC,A,Shaun Anderson,False,RELIEF_OR_BULK,40,11,9,1,1,1,2,1,0,https://statsapi.mlb.com/api/v1.1/game/824702/feed/live,both,True,P,Pitcher,BULLPEN_PITCHER,True,QA_VALIDATED_CANONICAL_V3
664192,29,4,35,44,128,267,Bot,824702,https://baseballsavant.mlb.com/statcast_search/csv?all=true&type=details&game_pk=824702,True,2026-03-30,2026-03-30T23:40:00Z,LAA,CHC,A,Joey Lucchesi,False,RELIEF_OR_BULK,29,7,5,0,0,1,1,2,0,https://statsapi.mlb.com/api/v1.1/game/824702/feed/live,both,True,P,Pitcher,BULLPEN_PITCHER,True,QA_VALIDATED_CANONICAL_V3
665795,80,1,1,47,2,270,Top,824702,https://baseballsavant.mlb.com/statcast_search/csv?all=true&type=details&game_pk=824702,True,2026-03-30,2026-03-30T23:40:00Z,CHC,LAA,H,Edward Cabrera,True,STARTER,80,19,18,0,0,1,1,5,0,https://statsapi.mlb.com/api/v1.1/game/824702/feed/live,both,True,P,Pitcher,STARTER/OPENER/BULK,True,QA_VALIDATED_CANONICAL_V3
696270,80,1,4,35,1,268,Bot,824702,https://baseballsavant.mlb.com/statcast_search/csv?all=true&type=details&game_pk=824702,True,2026-03-30,2026-03-30T23:40:00Z,LAA,CHC,A,Ryan Johnson,True,STARTER,80,21,10,6,6,7,4,2,1,https://statsapi.mlb.com/api/v1.1/game/824702/feed/live,both,True,P,Pitcher,STARTER/OPENER/BULK,True,QA_VALIDATED_CANONICAL_V3
571510,63,1,0,29,1,119,Top,824704,https://raw.githubusercontent.com/lancebroz/mlb-pitcher-data/main/data/raw/2026/daily/2026-03-26.parquet,False,2026-03-26,2026-03-26T18:20:00Z,CHC,WSH,H,Matthew Boyd,True,STARTER,63,17,11,6,6,6,1,7,1,https://statsapi.mlb.com/api/v1.1/game/824704/feed/live,both,True,P,Pitcher,STARTER/OPENER/BULK,True,QA_VALIDATED_CANONICAL_V3
571948,11,8,62,66,259,269,Top,824704,https://raw.githubusercontent.com/lancebroz/mlb-pitcher-data/main/data/raw/2026/daily/2026-03-26.parquet,False,2026-03-26,2026-03-26T18:20:00Z,CHC,WSH,H,Hoby Milner,False,RELIEF_OR_BULK,11,5,3,0,0,1,0,0,0,https://statsapi.mlb.com/api/v1.1/game/824704/feed/live,both,True,P,Pitcher,BULLPEN_PITCHER,True,QA_VALIDATED_CANONICAL_V3
657097,15,9,72,76,294,308,Top,824704,https://raw.githubusercontent.com/lancebroz/mlb-pitcher-data/main/data/raw/2026/daily/2026-03-26.parquet,False,2026-03-26,2026-03-26T18:20:00Z,CHC,WSH,H,Jacob Webb,False,RELIEF_OR_BULK,15,5,3,2,0,1,0,2,1,https://statsapi.mlb.com/api/v1.1/game/824704/feed/live,both,True,P,Pitcher,BULLPEN_PITCHER,True,QA_VALIDATED_CANONICAL_V3
672335,12,9,77,79,309,320,Bot,824704,https://raw.githubusercontent.com/lancebroz/mlb-pitcher-data/main/data/raw/2026/daily/2026-03-26.parquet,False,2026-03-26,2026-03-26T18:20:00Z,WSH,CHC,A,Cionel Pérez,False,RELIEF_OR_BULK,12,3,3,0,0,0,0,2,0,https://statsapi.mlb.com/api/v1.1/game/824704/feed/live,both,True,P,Pitcher,BULLPEN_PITCHER,True,QA_VALIDATED_CANONICAL_V3
676571,24,4,36,44,148,183,Bot,824704,https://raw.githubusercontent.com/lancebroz/mlb-pitcher-data/main/data/raw/2026/daily/2026-03-26.parquet,False,2026-03-26,2026-03-26T18:20:00Z,WSH,CHC,A,PJ Poulin,False,RELIEF_OR_BULK,24,5,3,0,0,1,1,0,0,https://statsapi.mlb.com/api/v1.1/game/824704/feed/live,both,True,P,Pitcher,BULLPEN_PITCHER,True,QA_VALIDATED_CANONICAL_V3
676917,75,1,3,35,9,147,Bot,824704,https://raw.githubusercontent.com/lancebroz/mlb-pitcher-data/main/data/raw/2026/daily/2026-03-26.parquet,False,2026-03-26,2026-03-26T18:20:00Z,WSH,CHC,A,Cade Cavalli,True,STARTER,75,17,11,3,2,3,3,5,0,https://statsapi.mlb.com/api/v1.1/game/824704/feed/live,both,True,P,Pitcher,STARTER/OPENER/BULK,True,QA_VALIDATED_CANONICAL_V3
676962,49,4,30,56,120,235,Top,824704,https://raw.githubusercontent.com/lancebroz/mlb-pitcher-data/main/data/raw/2026/daily/2026-03-26.parquet,False,2026-03-26,2026-03-26T18:20:00Z,CHC,WSH,H,Ben Brown,False,RELIEF_OR_BULK,49,13,10,2,2,3,1,3,1,https://statsapi.mlb.com/api/v1.1/game/824704/feed/live,both,True,P,Pitcher,BULLPEN_PITCHER,True,QA_VALIDATED_CANONICAL_V3
690925,24,8,67,71,270,293,Bot,824704,https://raw.githubusercontent.com/lancebroz/mlb-pitcher-data/main/data/raw/2026/daily/2026-03-26.parquet,False,2026-03-26,2026-03-26T18:20:00Z,WSH,CHC,A,Clayton Beeter,False,RELIEF_OR_BULK,24,5,3,0,0,0,2,1,0,https://statsapi.mlb.com/api/v1.1/game/824704/feed/live,both,True,P,Pitcher,BULLPEN_PITCHER,True,QA_VALIDATED_CANONICAL_V3
695418,47,5,45,61,184,258,Bot,824704,https://raw.githubusercontent.com/lancebroz/mlb-pitcher-data/main/data/raw/2026/daily/2026-03-26.parquet,False,2026-03-26,2026-03-26T18:20:00Z,WSH,CHC,A,Brad Lord,False,RELIEF_OR_BULK,47,10,7,1,1,4,0,1,0,https://statsapi.mlb.com/api/v1.1/game/824704/feed/live,both,True,P,Pitcher,BULLPEN_PITCHER,True,QA_VALIDATED_CANONICAL_V3
543243,90,1,0,51,1,207,Top,824779,https://raw.githubusercontent.com/lancebroz/mlb-pitcher-data/main/data/raw/2026/daily/2026-04-08.parquet,False,2026-04-08,2026-04-08T17:35:00Z,BOS,MIL,H,Sonny Gray,True,STARTER,90,24,19,0,0,3,2,2,0,https://statsapi.mlb.com/api/v1.1/game/824779/feed/live,both,True,P,Pitcher,STARTER/OPENER/BULK,True,QA_VALIDATED_CANONICAL_V3
663765,41,6,46,69,184,266,Bot,824779,https://raw.githubusercontent.com/lancebroz/mlb-pitcher-data/main/data/raw/2026/daily/2026-04-08.parquet,False,2026-04-08,2026-04-08T17:35:00Z,MIL,BOS,A,Jake Woodford,False,RELIEF_OR_BULK,41,15,9,2,2,4,2,1,0,https://statsapi.mlb.com/api/v1.1/game/824779/feed/live,both,True,P,Pitcher,BULLPEN_PITCHER,True,QA_VALIDATED_CANONICAL_V3
669711,11,7,52,54,208,218,Top,824779,https://raw.githubusercontent.com/lancebroz/mlb-pitcher-data/main/data/raw/2026/daily/2026-04-08.parquet,False,2026-04-08,2026-04-08T17:35:00Z,BOS,MIL,H,Greg Weissert,False,RELIEF_OR_BULK,11,3,2,0,0,1,0,2,0,https://statsapi.mlb.com/api/v1.1/game/824779/feed/live,both,True,P,Pitcher,BULLPEN_PITCHER,True,QA_VALIDATED_CANONICAL_V3
670245,12,9,70,72,267,278,Top,824779,https://raw.githubusercontent.com/lancebroz/mlb-pitcher-data/main/data/raw/2026/daily/2026-04-08.parquet,False,2026-04-08,2026-04-08T17:35:00Z,BOS,MIL,H,Ryan Watson,False,RELIEF_OR_BULK,12,3,3,0,0,0,0,0,0,https://statsapi.mlb.com/api/v1.1/game/824779/feed/live,both,True,P,Pitcher,BULLPEN_PITCHER,True,QA_VALIDATED_CANONICAL_V3
675660,63,1,4,27,13,104,Bot,824779,https://raw.githubusercontent.com/lancebroz/mlb-pitcher-data/main/data/raw/2026/daily/2026-04-08.parquet,False,2026-04-08,2026-04-08T17:35:00Z,MIL,BOS,A,Shane Drohan,True,STARTER,63,15,8,3,3,3,4,2,0,https://statsapi.mlb.com/api/v1.1/game/824779/feed/live,both,True,P,Pitcher,STARTER/OPENER/BULK,True,QA_VALIDATED_CANONICAL_V3
676879,11,5,40,42,157,167,Bot,824779,https://raw.githubusercontent.com/lancebroz/mlb-pitcher-data/main/data/raw/2026/daily/2026-04-08.parquet,False,2026-04-08,2026-04-08T17:35:00Z,MIL,BOS,A,Aaron Ashby,False,RELIEF_OR_BULK,11,3,3,0,0,0,0,2,0,https://statsapi.mlb.com/api/v1.1/game/824779/feed/live,both,True,P,Pitcher,BULLPEN_PITCHER,True,QA_VALIDATED_CANONICAL_V3
681982,31,3,28,36,105,145,Bot,824779,https://raw.githubusercontent.com/lancebroz/mlb-pitcher-data/main/data/raw/2026/daily/2026-04-08.parquet,False,2026-04-08,2026-04-08T17:35:00Z,MIL,BOS,A,Grant Anderson,False,RELIEF_OR_BULK,31,6,4,0,0,0,2,1,0,https://statsapi.mlb.com/api/v1.1/game/824779/feed/live,both,True,P,Pitcher,BULLPEN_PITCHER,True,QA_VALIDATED_CANONICAL_V3
701719,19,8,61,64,233,251,Top,824779,https://raw.githubusercontent.com/lancebroz/mlb-pitcher-data/main/data/raw/2026/daily/2026-04-08.parquet,False,2026-04-08,2026-04-08T17:35:00Z,BOS,MIL,H,Tyler Samaniego,False,RELIEF_OR_BULK,19,4,3,0,0,0,1,3,0,https://statsapi.mlb.com/api/v1.1/game/824779/feed/live,both,True,P,Pitcher,BULLPEN_PITCHER,True,QA_VALIDATED_CANONICAL_V3
547973,6,9,64,66,277,282,Top,824780,https://raw.githubusercontent.com/lancebroz/mlb-pitcher-data/main/data/raw/2026/daily/2026-04-07.parquet,False,2026-04-07,2026-04-07T22:45:00Z,BOS,MIL,H,Aroldis Chapman,False,RELIEF_OR_BULK,6,3,3,0,0,0,1,0,0,https://statsapi.mlb.com/api/v1.1/game/824780/feed/live,both,True,P,Pitcher,BULLPEN_PITCHER,True,QA_VALIDATED_CANONICAL_V3
663765,3,8,63,63,274,276,Bot,824780,https://raw.githubusercontent.com/lancebroz/mlb-pitcher-data/main/data/raw/2026/daily/2026-04-07.parquet,False,2026-04-07,2026-04-07T22:45:00Z,MIL,BOS,A,Jake Woodford,False,RELIEF_OR_BULK,3,1,1,0,0,0,0,0,0,https://statsapi.mlb.com/api/v1.1/game/824780/feed/live,both,True,P,Pitcher,BULLPEN_PITCHER,True,QA_VALIDATED_CANONICAL_V3
669084,39,6,44,62,191,273,Bot,824780,https://raw.githubusercontent.com/lancebroz/mlb-pitcher-data/main/data/raw/2026/daily/2026-04-07.parquet,False,2026-04-07,2026-04-07T22:45:00Z,MIL,BOS,A,DL Hall,False,RELIEF_OR_BULK,39,9,7,0,0,1,1,1,0,https://statsapi.mlb.com/api/v1.1/game/824780/feed/live,both,True,P,Pitcher,BULLPEN_PITCHER,True,QA_VALIDATED_CANONICAL_V3
676477,15,8,57,59,243,257,Top,824780,https://raw.githubusercontent.com/lancebroz/mlb-pitcher-data/main/data/raw/2026/daily/2026-04-07.parquet,False,2026-04-07,2026-04-07T22:45:00Z,BOS,MIL,H,Garrett Whitlock,False,RELIEF_OR_BULK,15,3,3,0,0,0,0,1,0,https://statsapi.mlb.com/api/v1.1/game/824780/feed/live,both,True,P,Pitcher,BULLPEN_PITCHER,True,QA_VALIDATED_CANONICAL_V3
676979,107,1,0,51,1,219,Top,824780,https://raw.githubusercontent.com/lancebroz/mlb-pitcher-data/main/data/raw/2026/daily/2026-04-07.parquet,False,2026-04-07,2026-04-07T22:45:00Z,BOS,MIL,H,Garrett Crochet,True,STARTER,107,27,19,2,2,5,2,7,0,https://statsapi.mlb.com/api/v1.1/game/824780/feed/live,both,True,P,Pitcher,STARTER/OPENER/BULK,True,QA_VALIDATED_CANONICAL_V3
677161,11,7,52,53,220,230,Top,824780,https://raw.githubusercontent.com/lancebroz/mlb-pitcher-data/main/data/raw/2026/daily/2026-04-07.parquet,False,2026-04-07,2026-04-07T22:45:00Z,BOS,MIL,H,Zack Kelly,False,RELIEF_OR_BULK,11,2,2,0,0,0,0,0,0,https://statsapi.mlb.com/api/v1.1/game/824780/feed/live,both,True,P,Pitcher,BULLPEN_PITCHER,True,QA_VALIDATED_CANONICAL_V3
694819,101,1,3,43,18,190,Bot,824780,https://raw.githubusercontent.com/lancebroz/mlb-pitcher-data/main/data/raw/2026/daily/2026-04-07.parquet,False,2026-04-07,2026-04-07T22:45:00Z,MIL,BOS,A,Jacob Misiorowski,True,STARTER,101,22,16,3,3,2,4,10,0,https://statsapi.mlb.com/api/v1.1/game/824780/feed/live,both,True,P,Pitcher,STARTER/OPENER/BULK,True,QA_VALIDATED_CANONICAL_V3
543056,2,8,68,68,263,264,Top,824781,https://raw.githubusercontent.com/lancebroz/mlb-pitcher-data/main/data/raw/2026/daily/2026-04-05.parquet,False,2026-04-05,2026-04-05T17:35:00Z,BOS,SD,H,Danny Coulombe,False,RELIEF_OR_BULK,2,1,1,0,0,0,0,0,0,https://statsapi.mlb.com/api/v1.1/game/824781/feed/live,both,True,P,Pitcher,BULLPEN_PITCHER,True,QA_VALIDATED_CANONICAL_V3
593974,10,7,60,62,235,244,Bot,824781,https://raw.githubusercontent.com/lancebroz/mlb-pitcher-data/main/data/raw/2026/daily/2026-04-05.parquet,False,2026-04-05,2026-04-05T17:35:00Z,SD,BOS,A,Wandy Peralta,False,RELIEF_OR_BULK,10,3,1,1,1,2,0,0,0,https://statsapi.mlb.com/api/v1.1/game/824781/feed/live,both,True,P,Pitcher,BULLPEN_PITCHER,True,QA_VALIDATED_CANONICAL_V3
606996,28,3,23,45,104,182,Bot,824781,https://raw.githubusercontent.com/lancebroz/mlb-pitcher-data/main/data/raw/2026/daily/2026-04-05.parquet,False,2026-04-05,2026-04-05T17:35:00Z,SD,BOS,A,Kyle Hart,False,RELIEF_OR_BULK,28,9,7,0,0,1,1,0,0,https://statsapi.mlb.com/api/v1.1/game/824781/feed/live,both,True,P,Pitcher,BULLPEN_PITCHER,True,QA_VALIDATED_CANONICAL_V3
621111,61,1,3,22,15,103,Bot,824781,https://raw.githubusercontent.com/lancebroz/mlb-pitcher-data/main/data/raw/2026/daily/2026-04-05.parquet,False,2026-04-05,2026-04-05T17:35:00Z,SD,BOS,A,Walker Buehler,True,STARTER,61,14,8,4,4,3,3,4,0,https://statsapi.mlb.com/api/v1.1/game/824781/feed/live,both,True,P,Pitcher,STARTER/OPENER/BULK,True,QA_VALIDATED_CANONICAL_V3
624133,75,1,0,36,1,149,Top,824781,https://raw.githubusercontent.com/lancebroz/mlb-pitcher-data/main/data/raw/2026/daily/2026-04-05.parquet,False,2026-04-05,2026-04-05T17:35:00Z,BOS,SD,H,Ranger Suarez,True,STARTER,75,18,12,4,4,6,2,2,0,https://statsapi.mlb.com/api/v1.1/game/824781/feed/live,both,True,P,Pitcher,STARTER/OPENER/BULK,True,QA_VALIDATED_CANONICAL_V3
669093,13,8,69,71,265,277,Bot,824781,https://raw.githubusercontent.com/lancebroz/mlb-pitcher-data/main/data/raw/2026/daily/2026-04-05.parquet,False,2026-04-05,2026-04-05T17:35:00Z,SD,BOS,A,Jeremiah Estrada,False,RELIEF_OR_BULK,13,3,3,0,0,0,0,1,0,https://statsapi.mlb.com/api/v1.1/game/824781/feed/live,both,True,P,Pitcher,BULLPEN_PITCHER,True,QA_VALIDATED_CANONICAL_V3
669711,18,5,37,41,150,167,Top,824781,https://raw.githubusercontent.com/lancebroz/mlb-pitcher-data/main/data/raw/2026/daily/2026-04-05.parquet,False,2026-04-05,2026-04-05T17:35:00Z,BOS,SD,H,Greg Weissert,False,RELIEF_OR_BULK,18,5,3,2,2,2,0,3,1,https://statsapi.mlb.com/api/v1.1/game/824781/feed/live,both,True,P,Pitcher,BULLPEN_PITCHER,True,QA_VALIDATED_CANONICAL_V3
677161,17,9,72,75,278,294,Top,824781,https://raw.githubusercontent.com/lancebroz/mlb-pitcher-data/main/data/raw/2026/daily/2026-04-05.parquet,False,2026-04-05,2026-04-05T17:35:00Z,BOS,SD,H,Zack Kelly,False,RELIEF_OR_BULK,17,4,3,1,1,1,0,0,0,https://statsapi.mlb.com/api/v1.1/game/824781/feed/live,both,True,P,Pitcher,BULLPEN_PITCHER,True,QA_VALIDATED_CANONICAL_V3
695243,12,9,76,78,295,306,Bot,824781,https://raw.githubusercontent.com/lancebroz/mlb-pitcher-data/main/data/raw/2026/daily/2026-04-05.parquet,False,2026-04-05,2026-04-05T17:35:00Z,SD,BOS,A,Mason Miller,False,RELIEF_OR_BULK,12,3,3,0,0,0,0,3,0,https://statsapi.mlb.com/api/v1.1/game/824781/feed/live,both,True,P,Pitcher,BULLPEN_PITCHER,True,QA_VALIDATED_CANONICAL_V3
699134,25,6,49,59,199,234,Bot,824781,https://raw.githubusercontent.com/lancebroz/mlb-pitcher-data/main/data/raw/2026/daily/2026-04-05.parquet,False,2026-04-05,2026-04-05T17:35:00Z,SD,BOS,A,Bradgley Rodriguez,False,RELIEF_OR_BULK,25,8,5,1,1,3,0,2,0,https://statsapi.mlb.com/api/v1.1/game/824781/feed/live,both,True,P,Pitcher,BULLPEN_PITCHER,True,QA_VALIDATED_CANONICAL_V3
700413,45,6,46,67,183,262,Top,824781,https://raw.githubusercontent.com/lancebroz/mlb-pitcher-data/main/data/raw/2026/daily/2026-04-05.parquet,False,2026-04-05,2026-04-05T17:35:00Z,BOS,SD,H,Tyler Uberstine,False,RELIEF_OR_BULK,45,11,8,1,1,3,1,2,1,https://statsapi.mlb.com/api/v1.1/game/824781/feed/live,both,True,P,Pitcher,BULLPEN_PITCHER,True,QA_VALIDATED_CANONICAL_V3
543056,8,6,45,46,191,198,Top,824782,https://raw.githubusercontent.com/lancebroz/mlb-pitcher-data/main/data/raw/2026/daily/2026-04-04.parquet,False,2026-04-04,2026-04-04T20:10:00Z,BOS,SD,H,Danny Coulombe,False,RELIEF_OR_BULK,8,2,2,0,0,0,0,1,0,https://statsapi.mlb.com/api/v1.1/game/824782/feed/live,both,True,P,Pitcher,BULLPEN_PITCHER,True,QA_VALIDATED_CANONICAL_V3
547973,17,9,65,69,273,289,Top,824782,https://raw.githubusercontent.com/lancebroz/mlb-pitcher-data/main/data/raw/2026/daily/2026-04-04.parquet,False,2026-04-04,2026-04-04T20:10:00Z,BOS,SD,H,Aroldis Chapman,False,RELIEF_OR_BULK,17,5,3,1,1,2,0,1,0,https://statsapi.mlb.com/api/v1.1/game/824782/feed/live,both,True,P,Pitcher,BULLPEN_PITCHER,True,QA_VALIDATED_CANONICAL_V3
669093,10,7,54,56,225,234,Bot,824782,https://raw.githubusercontent.com/lancebroz/mlb-pitcher-data/main/data/raw/2026/daily/2026-04-04.parquet,False,2026-04-04,2026-04-04T20:10:00Z,SD,BOS,A,Jeremiah Estrada,False,RELIEF_OR_BULK,10,3,3,0,0,0,0,0,0,https://statsapi.mlb.com/api/v1.1/game/824782/feed/live,both,True,P,Pitcher,BULLPEN_PITCHER,True,QA_VALIDATED_CANONICAL_V3
670245,26,5,35,44,146,190,Top,824782,https://raw.githubusercontent.com/lancebroz/mlb-pitcher-data/main/data/raw/2026/daily/2026-04-04.parquet,False,2026-04-04,2026-04-04T20:10:00Z,BOS,SD,H,Ryan Watson,False,RELIEF_OR_BULK,26,6,4,0,0,1,1,1,0,https://statsapi.mlb.com/api/v1.1/game/824782/feed/live,both,True,P,Pitcher,BULLPEN_PITCHER,True,QA_VALIDATED_CANONICAL_V3
670970,29,8,60,64,244,272,Bot,824782,https://raw.githubusercontent.com/lancebroz/mlb-pitcher-data/main/data/raw/2026/daily/2026-04-04.parquet,False,2026-04-04,2026-04-04T20:10:00Z,SD,BOS,A,Adrian Morejon,False,RELIEF_OR_BULK,29,5,3,1,1,2,0,2,0,https://statsapi.mlb.com/api/v1.1/game/824782/feed/live,both,True,P,Pitcher,BULLPEN_PITCHER,True,QA_VALIDATED_CANONICAL_V3
677161,9,8,57,59,235,243,Top,824782,https://raw.githubusercontent.com/lancebroz/mlb-pitcher-data/main/data/raw/2026/daily/2026-04-04.parquet,False,2026-04-04,2026-04-04T20:10:00Z,BOS,SD,H,Zack Kelly,False,RELIEF_OR_BULK,9,3,3,0,0,0,0,1,0,https://statsapi.mlb.com/api/v1.1/game/824782/feed/live,both,True,P,Pitcher,BULLPEN_PITCHER,True,QA_VALIDATED_CANONICAL_V3
681190,83,1,5,49,27,205,Bot,824782,https://raw.githubusercontent.com/lancebroz/mlb-pitcher-data/main/data/raw/2026/daily/2026-04-04.parquet,False,2026-04-04,2026-04-04T20:10:00Z,SD,BOS,A,Randy Vásquez,True,STARTER,83,23,18,1,1,6,1,3,0,https://statsapi.mlb.com/api/v1.1/game/824782/feed/live,both,True,P,Pitcher,STARTER/OPENER/BULK,True,QA_VALIDATED_CANONICAL_V3
686580,19,7,50,53,206,224,Top,824782,https://raw.githubusercontent.com/lancebroz/mlb-pitcher-data/main/data/raw/2026/daily/2026-04-04.parquet,False,2026-04-04,2026-04-04T20:10:00Z,BOS,SD,H,Justin Slaten,False,RELIEF_OR_BULK,19,4,3,0,0,1,0,1,0,https://statsapi.mlb.com/api/v1.1/game/824782/feed/live,both,True,P,Pitcher,BULLPEN_PITCHER,True,QA_VALIDATED_CANONICAL_V3
695243,11,9,70,72,290,300,Bot,824782,https://raw.githubusercontent.com/lancebroz/mlb-pitcher-data/main/data/raw/2026/daily/2026-04-04.parquet,False,2026-04-04,2026-04-04T20:10:00Z,SD,BOS,A,Mason Miller,False,RELIEF_OR_BULK,11,3,3,0,0,0,0,3,0,https://statsapi.mlb.com/api/v1.1/game/824782/feed/live,both,True,P,Pitcher,BULLPEN_PITCHER,True,QA_VALIDATED_CANONICAL_V3
813349,88,1,0,29,1,127,Top,824782,https://raw.githubusercontent.com/lancebroz/mlb-pitcher-data/main/data/raw/2026/daily/2026-04-04.parquet,False,2026-04-04,2026-04-04T20:10:00Z,BOS,SD,H,Connelly Early,True,STARTER,88,19,12,2,2,3,4,4,0,https://statsapi.mlb.com/api/v1.1/game/824782/feed/live,both,True,P,Pitcher,STARTER/OPENER/BULK,True,QA_VALIDATED_CANONICAL_V3
543056,23,4,36,39,135,157,Top,824783,https://raw.githubusercontent.com/lancebroz/mlb-pitcher-data/main/data/raw/2026/daily/2026-04-06.parquet,False,2026-04-06,2026-04-06T22:45:00Z,BOS,MIL,H,Danny Coulombe,False,RELIEF_OR_BULK,23,4,2,0,0,2,1,0,0,https://statsapi.mlb.com/api/v1.1/game/824783/feed/live,both,True,P,Pitcher,BULLPEN_PITCHER,True,QA_VALIDATED_CANONICAL_V3
605540,94,1,5,59,23,238,Bot,824783,https://raw.githubusercontent.com/lancebroz/mlb-pitcher-data/main/data/raw/2026/daily/2026-04-06.parquet,False,2026-04-06,2026-04-06T22:45:00Z,MIL,BOS,A,Brandon Woodruff,True,STARTER,94,27,17,5,5,8,2,4,0,https://statsapi.mlb.com/api/v1.1/game/824783/feed/live,both,True,P,Pitcher,STARTER/OPENER/BULK,True,QA_VALIDATED_CANONICAL_V3
663558,45,5,47,63,189,254,Top,824783,https://raw.githubusercontent.com/lancebroz/mlb-pitcher-data/main/data/raw/2026/daily/2026-04-06.parquet,False,2026-04-06,2026-04-06T22:45:00Z,BOS,MIL,H,Jovani Morán,False,RELIEF_OR_BULK,45,11,9,1,1,1,1,4,0,https://statsapi.mlb.com/api/v1.1/game/824783/feed/live,both,True,P,Pitcher,BULLPEN_PITCHER,True,QA_VALIDATED_CANONICAL_V3
670245,10,9,78,82,314,323,Top,824783,https://raw.githubusercontent.com/lancebroz/mlb-pitcher-data/main/data/raw/2026/daily/2026-04-06.parquet,False,2026-04-06,2026-04-06T22:45:00Z,BOS,MIL,H,Ryan Watson,False,RELIEF_OR_BULK,10,5,3,1,1,2,0,0,0,https://statsapi.mlb.com/api/v1.1/game/824783/feed/live,both,True,P,Pitcher,BULLPEN_PITCHER,True,QA_VALIDATED_CANONICAL_V3
672582,16,9,83,87,324,339,Bot,824783,https://raw.githubusercontent.com/lancebroz/mlb-pitcher-data/main/data/raw/2026/daily/2026-04-06.parquet,False,2026-04-06,2026-04-06T22:45:00Z,MIL,BOS,A,Angel Zerpa,False,RELIEF_OR_BULK,16,5,3,1,1,2,0,0,1,https://statsapi.mlb.com/api/v1.1/game/824783/feed/live,both,True,P,Pitcher,BULLPEN_PITCHER,True,QA_VALIDATED_CANONICAL_V3
676477,27,8,69,74,272,298,Top,824783,https://raw.githubusercontent.com/lancebroz/mlb-pitcher-data/main/data/raw/2026/daily/2026-04-06.parquet,False,2026-04-06,2026-04-06T22:45:00Z,BOS,MIL,H,Garrett Whitlock,False,RELIEF_OR_BULK,27,6,3,2,1,1,2,2,0,https://statsapi.mlb.com/api/v1.1/game/824783/feed/live,both,True,P,Pitcher,BULLPEN_PITCHER,True,QA_VALIDATED_CANONICAL_V3
676879,23,6,60,68,239,271,Bot,824783,https://raw.githubusercontent.com/lancebroz/mlb-pitcher-data/main/data/raw/2026/daily/2026-04-06.parquet,False,2026-04-06,2026-04-06T22:45:00Z,MIL,BOS,A,Aaron Ashby,False,RELIEF_OR_BULK,23,6,4,0,0,1,1,0,0,https://statsapi.mlb.com/api/v1.1/game/824783/feed/live,both,True,P,Pitcher,BULLPEN_PITCHER,True,QA_VALIDATED_CANONICAL_V3
678394,86,1,0,35,1,134,Top,824783,https://raw.githubusercontent.com/lancebroz/mlb-pitcher-data/main/data/raw/2026/daily/2026-04-06.parquet,False,2026-04-06,2026-04-06T22:45:00Z,BOS,MIL,H,Brayan Bello,True,STARTER,86,20,10,4,3,5,4,5,0,https://statsapi.mlb.com/api/v1.1/game/824783/feed/live,both,True,P,Pitcher,STARTER/OPENER/BULK,True,QA_VALIDATED_CANONICAL_V3
681982,15,8,75,77,299,313,Bot,824783,https://raw.githubusercontent.com/lancebroz/mlb-pitcher-data/main/data/raw/2026/daily/2026-04-06.parquet,False,2026-04-06,2026-04-06T22:45:00Z,MIL,BOS,A,Grant Anderson,False,RELIEF_OR_BULK,15,3,3,0,0,0,0,0,0,https://statsapi.mlb.com/api/v1.1/game/824783/feed/live,both,True,P,Pitcher,BULLPEN_PITCHER,True,QA_VALIDATED_CANONICAL_V3
543243,87,1,0,41,1,154,Top,824786,https://raw.githubusercontent.com/lancebroz/mlb-pitcher-data/main/data/raw/2026/daily/2026-04-03.parquet,False,2026-04-03,2026-04-03T18:10:00Z,BOS,SD,H,Sonny Gray,True,STARTER,87,22,18,2,2,4,0,3,0,https://statsapi.mlb.com/api/v1.1/game/824786/feed/live,both,True,P,Pitcher,STARTER/OPENER/BULK,True,QA_VALIDATED_CANONICAL_V3
547973,21,9,61,64,225,245,Top,824786,https://raw.githubusercontent.com/lancebroz/mlb-pitcher-data/main/data/raw/2026/daily/2026-04-03.parquet,False,2026-04-03,2026-04-03T18:10:00Z,BOS,SD,H,Aroldis Chapman,False,RELIEF_OR_BULK,21,4,3,0,0,0,1,1,0,https://statsapi.mlb.com/api/v1.1/game/824786/feed/live,both,True,P,Pitcher,BULLPEN_PITCHER,True,QA_VALIDATED_CANONICAL_V3
593974,20,6,46,54,169,205,Bot,824786,https://raw.githubusercontent.com/lancebroz/mlb-pitcher-data/main/data/raw/2026/daily/2026-04-03.parquet,False,2026-04-03,2026-04-03T18:10:00Z,SD,BOS,A,Wandy Peralta,False,RELIEF_OR_BULK,20,6,4,1,1,2,0,2,1,https://statsapi.mlb.com/api/v1.1/game/824786/feed/live,both,True,P,Pitcher,BULLPEN_PITCHER,True,QA_VALIDATED_CANONICAL_V3
650633,81,1,3,45,9,168,Bot,824786,https://raw.githubusercontent.com/lancebroz/mlb-pitcher-data/main/data/raw/2026/daily/2026-04-03.parquet,False,2026-04-03,2026-04-03T18:10:00Z,SD,BOS,A,Michael King,True,STARTER,81,24,17,4,4,7,1,5,1,https://statsapi.mlb.com/api/v1.1/game/824786/feed/live,both,True,P,Pitcher,STARTER/OPENER/BULK,True,QA_VALIDATED_CANONICAL_V3
669711,17,7,49,51,177,193,Top,824786,https://raw.githubusercontent.com/lancebroz/mlb-pitcher-data/main/data/raw/2026/daily/2026-04-03.parquet,False,2026-04-03,2026-04-03T18:10:00Z,BOS,SD,H,Greg Weissert,False,RELIEF_OR_BULK,17,3,3,0,0,0,0,1,0,https://statsapi.mlb.com/api/v1.1/game/824786/feed/live,both,True,P,Pitcher,BULLPEN_PITCHER,True,QA_VALIDATED_CANONICAL_V3
676760,10,8,58,60,215,224,Bot,824786,https://raw.githubusercontent.com/lancebroz/mlb-pitcher-data/main/data/raw/2026/daily/2026-04-03.parquet,False,2026-04-03,2026-04-03T18:10:00Z,SD,BOS,A,Ron Marinaccio,False,RELIEF_OR_BULK,10,3,3,0,0,0,0,1,0,https://statsapi.mlb.com/api/v1.1/game/824786/feed/live,both,True,P,Pitcher,BULLPEN_PITCHER,True,QA_VALIDATED_CANONICAL_V3
686580,9,8,55,57,206,214,Top,824786,https://raw.githubusercontent.com/lancebroz/mlb-pitcher-data/main/data/raw/2026/daily/2026-04-03.parquet,False,2026-04-03,2026-04-03T18:10:00Z,BOS,SD,H,Justin Slaten,False,RELIEF_OR_BULK,9,3,3,0,0,0,0,1,0,https://statsapi.mlb.com/api/v1.1/game/824786/feed/live,both,True,P,Pitcher,BULLPEN_PITCHER,True,QA_VALIDATED_CANONICAL_V3
605135,89,1,0,39,1,158,Top,824857,https://raw.githubusercontent.com/lancebroz/mlb-pitcher-data/main/data/raw/2026/daily/2026-04-11.parquet,False,2026-04-11,2026-04-11T23:15:00Z,BAL,SF,H,Chris Bassitt,True,STARTER,89,21,14,2,1,7,1,2,0,https://statsapi.mlb.com/api/v1.1/game/824857/feed/live,both,True,P,Pitcher,STARTER/OPENER/BULK,True,QA_VALIDATED_CANONICAL_V3
621366,29,7,58,68,229,273,Bot,824857,https://raw.githubusercontent.com/lancebroz/mlb-pitcher-data/main/data/raw/2026/daily/2026-04-11.parquet,False,2026-04-11,2026-04-11T23:15:00Z,SF,BAL,A,Ryan Borucki,False,RELIEF_OR_BULK,29,7,4,1,1,3,0,3,0,https://statsapi.mlb.com/api/v1.1/game/824857/feed/live,both,True,P,Pitcher,BULLPEN_PITCHER,True,QA_VALIDATED_CANONICAL_V3
657277,98,1,3,50,18,203,Bot,824857,https://raw.githubusercontent.com/lancebroz/mlb-pitcher-data/main/data/raw/2026/daily/2026-04-11.parquet,False,2026-04-11,2026-04-11T23:15:00Z,SF,BAL,A,Logan Webb,True,STARTER,98,26,18,4,4,5,3,6,1,https://statsapi.mlb.com/api/v1.1/game/824857/feed/live,both,True,P,Pitcher,STARTER/OPENER/BULK,True,QA_VALIDATED_CANONICAL_V3
664854,14,9,69,72,274,287,Top,824857,https://raw.githubusercontent.com/lancebroz/mlb-pitcher-data/main/data/raw/2026/daily/2026-04-11.parquet,False,2026-04-11,2026-04-11T23:15:00Z,BAL,SF,H,Ryan Helsley,False,RELIEF_OR_BULK,14,4,3,0,0,2,0,0,0,https://statsapi.mlb.com/api/v1.1/game/824857/feed/live,both,True,P,Pitcher,BULLPEN_PITCHER,True,QA_VALIDATED_CANONICAL_V3
664991,14,5,40,45,159,184,Top,824857,https://raw.githubusercontent.com/lancebroz/mlb-pitcher-data/main/data/raw/2026/daily/2026-04-11.parquet,False,2026-04-11,2026-04-11T23:15:00Z,BAL,SF,H,Grant Wolfram,False,RELIEF_OR_BULK,14,3,3,0,0,0,0,1,0,https://statsapi.mlb.com/api/v1.1/game/824857/feed/live,both,True,P,Pitcher,BULLPEN_PITCHER,True,QA_VALIDATED_CANONICAL_V3
666974,2,6,46,46,185,186,Top,824857,https://raw.githubusercontent.com/lancebroz/mlb-pitcher-data/main/data/raw/2026/daily/2026-04-11.parquet,False,2026-04-11,2026-04-11T23:15:00Z,BAL,SF,H,Yennier Cano,False,RELIEF_OR_BULK,2,1,1,0,0,0,0,0,0,https://statsapi.mlb.com/api/v1.1/game/824857/feed/live,both,True,P,Pitcher,BULLPEN_PITCHER,True,QA_VALIDATED_CANONICAL_V3
668873,17,7,54,57,212,228,Bot,824857,https://raw.githubusercontent.com/lancebroz/mlb-pitcher-data/main/data/raw/2026/daily/2026-04-11.parquet,False,2026-04-11,2026-04-11T23:15:00Z,SF,BAL,A,Caleb Kilian,False,RELIEF_OR_BULK,17,4,2,1,1,1,1,2,1,https://statsapi.mlb.com/api/v1.1/game/824857/feed/live,both,True,P,Pitcher,BULLPEN_PITCHER,True,QA_VALIDATED_CANONICAL_V3
670329,8,7,51,53,204,211,Top,824857,https://raw.githubusercontent.com/lancebroz/mlb-pitcher-data/main/data/raw/2026/daily/2026-04-11.parquet,False,2026-04-11,2026-04-11T23:15:00Z,BAL,SF,H,Rico Garcia,False,RELIEF_OR_BULK,8,3,3,0,0,0,0,1,0,https://statsapi.mlb.com/api/v1.1/game/824857/feed/live,both,True,P,Pitcher,BULLPEN_PITCHER,True,QA_VALIDATED_CANONICAL_V3
689296,16,8,59,62,233,248,Top,824857,https://raw.githubusercontent.com/lancebroz/mlb-pitcher-data/main/data/raw/2026/daily/2026-04-11.parquet,False,2026-04-11,2026-04-11T23:15:00Z,BAL,SF,H,Anthony Nunez,False,RELIEF_OR_BULK,16,4,3,0,0,1,0,2,0,https://statsapi.mlb.com/api/v1.1/game/824857/feed/live,both,True,P,Pitcher,BULLPEN_PITCHER,True,QA_VALIDATED_CANONICAL_V3
544150,18,8,62,73,238,272,Top,824858,https://raw.githubusercontent.com/lancebroz/mlb-pitcher-data/main/data/raw/2026/daily/2026-04-10.parquet,False,2026-04-10,2026-04-10T23:15:00Z,BAL,SF,H,Albert Suárez,False,RELIEF_OR_BULK,18,7,6,0,0,1,0,1,0,https://statsapi.mlb.com/api/v1.1/game/824858/feed/live,both,True,P,Pitcher,BULLPEN_PITCHER,True,QA_VALIDATED_CANONICAL_V3
657424,2,8,69,69,261,262,Bot,824858,https://raw.githubusercontent.com/lancebroz/mlb-pitcher-data/main/data/raw/2026/daily/2026-04-10.parquet,False,2026-04-10,2026-04-10T23:15:00Z,SF,BAL,A,Matt Gage,False,RELIEF_OR_BULK,2,1,1,0,0,0,0,0,0,https://statsapi.mlb.com/api/v1.1/game/824858/feed/live,both,True,P,Pitcher,BULLPEN_PITCHER,True,QA_VALIDATED_CANONICAL_V3
664141,15,8,65,68,246,260,Bot,824858,https://raw.githubusercontent.com/lancebroz/mlb-pitcher-data/main/data/raw/2026/daily/2026-04-10.parquet,False,2026-04-10,2026-04-10T23:15:00Z,SF,BAL,A,JT Brubaker,False,RELIEF_OR_BULK,15,4,2,0,0,0,2,1,0,https://statsapi.mlb.com/api/v1.1/game/824858/feed/live,both,True,P,Pitcher,BULLPEN_PITCHER,True,QA_VALIDATED_CANONICAL_V3
666974,9,6,47,49,183,191,Top,824858,https://raw.githubusercontent.com/lancebroz/mlb-pitcher-data/main/data/raw/2026/daily/2026-04-10.parquet,False,2026-04-10,2026-04-10T23:15:00Z,BAL,SF,H,Yennier Cano,False,RELIEF_OR_BULK,9,3,3,0,0,0,0,1,0,https://statsapi.mlb.com/api/v1.1/game/824858/feed/live,both,True,P,Pitcher,BULLPEN_PITCHER,True,QA_VALIDATED_CANONICAL_V3
669358,99,1,0,42,1,163,Top,824858,https://raw.githubusercontent.com/lancebroz/mlb-pitcher-data/main/data/raw/2026/daily/2026-04-10.parquet,False,2026-04-10,2026-04-10T23:15:00Z,BAL,SF,H,Shane Baz,True,STARTER,99,25,15,3,3,9,2,4,1,https://statsapi.mlb.com/api/v1.1/game/824858/feed/live,both,True,P,Pitcher,STARTER/OPENER/BULK,True,QA_VALIDATED_CANONICAL_V3
675919,25,7,53,58,202,226,Top,824858,https://raw.githubusercontent.com/lancebroz/mlb-pitcher-data/main/data/raw/2026/daily/2026-04-10.parquet,False,2026-04-10,2026-04-10T23:15:00Z,BAL,SF,H,Nick Raquet,False,RELIEF_OR_BULK,25,6,3,3,3,2,1,0,1,https://statsapi.mlb.com/api/v1.1/game/824858/feed/live,both,True,P,Pitcher,BULLPEN_PITCHER,True,QA_VALIDATED_CANONICAL_V3
676775,11,7,59,61,227,237,Bot,824858,https://raw.githubusercontent.com/lancebroz/mlb-pitcher-data/main/data/raw/2026/daily/2026-04-10.parquet,False,2026-04-10,2026-04-10T23:15:00Z,SF,BAL,A,Keaton Winn,False,RELIEF_OR_BULK,11,3,3,0,0,0,0,0,0,https://statsapi.mlb.com/api/v1.1/game/824858/feed/live,both,True,P,Pitcher,BULLPEN_PITCHER,True,QA_VALIDATED_CANONICAL_V3
694738,93,1,3,52,13,201,Bot,824858,https://raw.githubusercontent.com/lancebroz/mlb-pitcher-data/main/data/raw/2026/daily/2026-04-10.parquet,False,2026-04-10,2026-04-10T23:15:00Z,SF,BAL,A,Landen Roupp,True,STARTER,93,25,18,1,1,5,2,4,0,https://statsapi.mlb.com/api/v1.1/game/824858/feed/live,both,True,P,Pitcher,STARTER/OPENER/BULK,True,QA_VALIDATED_CANONICAL_V3
694918,18,9,74,79,273,290,Bot,824858,https://raw.githubusercontent.com/lancebroz/mlb-pitcher-data/main/data/raw/2026/daily/2026-04-10.parquet,False,2026-04-10,2026-04-10T23:15:00Z,SF,BAL,A,Blade Tidwell,False,RELIEF_OR_BULK,18,6,3,2,2,3,0,1,1,https://statsapi.mlb.com/api/v1.1/game/824858/feed/live,both,True,P,Pitcher,BULLPEN_PITCHER,True,QA_VALIDATED_CANONICAL_V3
543135,88,1,3,43,11,164,Bot,824860,https://raw.githubusercontent.com/lancebroz/mlb-pitcher-data/main/data/raw/2026/daily/2026-04-01.parquet,False,2026-04-01,2026-04-01T16:35:00Z,TEX,BAL,A,Nathan Eovaldi,True,STARTER,88,23,12,6,6,8,3,5,1,https://statsapi.mlb.com/api/v1.1/game/824860/feed/live,both,True,P,Pitcher,STARTER/OPENER/BULK,True,QA_VALIDATED_CANONICAL_V3
544150,42,7,58,77,221,296,Top,824860,https://raw.githubusercontent.com/lancebroz/mlb-pitcher-data/main/data/raw/2026/daily/2026-04-01.parquet,False,2026-04-01,2026-04-01T16:35:00Z,BAL,TEX,H,Albert Suárez,False,RELIEF_OR_BULK,42,12,9,1,1,2,1,2,1,https://statsapi.mlb.com/api/v1.1/game/824860/feed/live,both,True,P,Pitcher,BULLPEN_PITCHER,True,QA_VALIDATED_CANONICAL_V3
641302,25,5,44,50,165,189,Bot,824860,https://raw.githubusercontent.com/lancebroz/mlb-pitcher-data/main/data/raw/2026/daily/2026-04-01.parquet,False,2026-04-01,2026-04-01T16:35:00Z,TEX,BAL,A,Tyler Alexander,False,RELIEF_OR_BULK,25,7,3,1,1,2,2,0,0,https://statsapi.mlb.com/api/v1.1/game/824860/feed/live,both,True,P,Pitcher,BULLPEN_PITCHER,True,QA_VALIDATED_CANONICAL_V3
656641,14,8,72,74,274,287,Bot,824860,https://raw.githubusercontent.com/lancebroz/mlb-pitcher-data/main/data/raw/2026/daily/2026-04-01.parquet,False,2026-04-01,2026-04-01T16:35:00Z,TEX,BAL,A,Jacob Latz,False,RELIEF_OR_BULK,14,3,3,0,0,0,0,0,0,https://statsapi.mlb.com/api/v1.1/game/824860/feed/live,both,True,P,Pitcher,BULLPEN_PITCHER,True,QA_VALIDATED_CANONICAL_V3
669432,91,1,0,53,1,204,Top,824860,https://raw.githubusercontent.com/lancebroz/mlb-pitcher-data/main/data/raw/2026/daily/2026-04-01.parquet,False,2026-04-01,2026-04-01T16:35:00Z,BAL,TEX,H,Trevor Rogers,True,STARTER,91,24,18,2,2,6,1,3,0,https://statsapi.mlb.com/api/v1.1/game/824860/feed/live,both,True,P,Pitcher,STARTER/OPENER/BULK,True,QA_VALIDATED_CANONICAL_V3
691945,36,6,54,67,205,257,Bot,824860,https://raw.githubusercontent.com/lancebroz/mlb-pitcher-data/main/data/raw/2026/daily/2026-04-01.parquet,False,2026-04-01,2026-04-01T16:35:00Z,TEX,BAL,A,Carter Baumler,False,RELIEF_OR_BULK,36,9,6,1,1,2,1,2,1,https://statsapi.mlb.com/api/v1.1/game/824860/feed/live,both,True,P,Pitcher,BULLPEN_PITCHER,True,QA_VALIDATED_CANONICAL_V3
455119,19,9,76,81,131,290,Bot,824861,https://baseballsavant.mlb.com/statcast_search/csv?all=true&type=details&game_pk=824861,True,2026-03-31,2026-03-31T22:35:00Z,TEX,BAL,A,Chris Martin,False,RELIEF_OR_BULK,19,6,3,2,2,2,0,1,0,https://statsapi.mlb.com/api/v1.1/game/824861/feed/live,both,True,P,Pitcher,BULLPEN_PITCHER,True,QA_VALIDATED_CANONICAL_V3
594798,79,1,4,44,1,285,Bot,824861,https://baseballsavant.mlb.com/statcast_search/csv?all=true&type=details&game_pk=824861,True,2026-03-31,2026-03-31T22:35:00Z,TEX,BAL,A,Jacob deGrom,True,STARTER,79,20,14,3,3,6,0,7,1,https://statsapi.mlb.com/api/v1.1/game/824861/feed/live,both,True,P,Pitcher,STARTER/OPENER/BULK,True,QA_VALIDATED_CANONICAL_V3
596001,15,7,61,64,157,284,Bot,824861,https://baseballsavant.mlb.com/statcast_search/csv?all=true&type=details&game_pk=824861,True,2026-03-31,2026-03-31T22:35:00Z,TEX,BAL,A,Jakob Junis,False,RELIEF_OR_BULK,15,4,3,0,0,1,0,1,0,https://statsapi.mlb.com/api/v1.1/game/824861/feed/live,both,True,P,Pitcher,BULLPEN_PITCHER,True,QA_VALIDATED_CANONICAL_V3
621107,74,1,1,29,6,287,Top,824861,https://baseballsavant.mlb.com/statcast_search/csv?all=true&type=details&game_pk=824861,True,2026-03-31,2026-03-31T22:35:00Z,BAL,TEX,H,Zach Eflin,True,STARTER,74,17,11,1,1,4,2,7,1,https://statsapi.mlb.com/api/v1.1/game/824861/feed/live,both,True,P,Pitcher,STARTER/OPENER/BULK,True,QA_VALIDATED_CANONICAL_V3
664991,23,4,29,39,111,288,Top,824861,https://baseballsavant.mlb.com/statcast_search/csv?all=true&type=details&game_pk=824861,True,2026-03-31,2026-03-31T22:35:00Z,BAL,TEX,H,Grant Wolfram,False,RELIEF_OR_BULK,23,7,4,2,2,3,0,2,0,https://statsapi.mlb.com/api/v1.1/game/824861/feed/live,both,True,P,Pitcher,BULLPEN_PITCHER,True,QA_VALIDATED_CANONICAL_V3
666974,9,6,46,50,204,289,Top,824861,https://baseballsavant.mlb.com/statcast_search/csv?all=true&type=details&game_pk=824861,True,2026-03-31,2026-03-31T22:35:00Z,BAL,TEX,H,Yennier Cano,False,RELIEF_OR_BULK,9,5,3,1,1,2,0,0,0,https://statsapi.mlb.com/api/v1.1/game/824861/feed/live,both,True,P,Pitcher,BULLPEN_PITCHER,True,QA_VALIDATED_CANONICAL_V3
668390,14,5,45,54,163,291,Bot,824861,https://baseballsavant.mlb.com/statcast_search/csv?all=true&type=details&game_pk=824861,True,2026-03-31,2026-03-31T22:35:00Z,TEX,BAL,A,Cole Winn,False,RELIEF_OR_BULK,14,5,4,0,0,0,1,1,0,https://statsapi.mlb.com/api/v1.1/game/824861/feed/live,both,True,P,Pitcher,BULLPEN_PITCHER,True,QA_VALIDATED_CANONICAL_V3
676395,15,8,68,70,155,293,Bot,824861,https://baseballsavant.mlb.com/statcast_search/csv?all=true&type=details&game_pk=824861,True,2026-03-31,2026-03-31T22:35:00Z,TEX,BAL,A,Robert Garcia,False,RELIEF_OR_BULK,15,3,3,0,0,0,0,1,0,https://statsapi.mlb.com/api/v1.1/game/824861/feed/live,both,True,P,Pitcher,BULLPEN_PITCHER,True,QA_VALIDATED_CANONICAL_V3
682274,24,7,55,60,108,292,Top,824861,https://baseballsavant.mlb.com/statcast_search/csv?all=true&type=details&game_pk=824861,True,2026-03-31,2026-03-31T22:35:00Z,BAL,TEX,H,Yaramil Hiraldo,False,RELIEF_OR_BULK,24,6,3,3,3,2,1,0,1,https://statsapi.mlb.com/api/v1.1/game/824861/feed/live,both,True,P,Pitcher,BULLPEN_PITCHER,True,QA_VALIDATED_CANONICAL_V3
689296,21,8,65,75,120,286,Top,824861,https://baseballsavant.mlb.com/statcast_search/csv?all=true&type=details&game_pk=824861,True,2026-03-31,2026-03-31T22:35:00Z,BAL,TEX,H,Anthony Nunez,False,RELIEF_OR_BULK,21,8,6,1,1,2,0,2,1,https://statsapi.mlb.com/api/v1.1/game/824861/feed/live,both,True,P,Pitcher,BULLPEN_PITCHER,True,QA_VALIDATED_CANONICAL_V3
607455,15,5,40,43,184,198,Bot,824862,https://raw.githubusercontent.com/lancebroz/mlb-pitcher-data/main/data/raw/2026/daily/2026-03-28.parquet,False,2026-03-28,2026-03-28T20:05:00Z,MIN,BAL,A,Anthony Banda,False,RELIEF_OR_BULK,15,4,2,0,0,0,1,2,0,https://statsapi.mlb.com/api/v1.1/game/824862/feed/live,both,True,P,Pitcher,BULLPEN_PITCHER,True,QA_VALIDATED_CANONICAL_V3
608650,33,6,44,56,199,255,Top,824862,https://raw.githubusercontent.com/lancebroz/mlb-pitcher-data/main/data/raw/2026/daily/2026-03-28.parquet,False,2026-03-28,2026-03-28T20:05:00Z,BAL,MIN,H,Dietrich Enns,False,RELIEF_OR_BULK,33,7,5,1,1,1,1,1,0,https://statsapi.mlb.com/api/v1.1/game/824862/feed/live,both,True,P,Pitcher,BULLPEN_PITCHER,True,QA_VALIDATED_CANONICAL_V3
623437,12,8,64,66,279,290,Bot,824862,https://raw.githubusercontent.com/lancebroz/mlb-pitcher-data/main/data/raw/2026/daily/2026-03-28.parquet,False,2026-03-28,2026-03-28T20:05:00Z,MIN,BAL,A,Justin Topa,False,RELIEF_OR_BULK,12,3,3,0,0,0,0,1,0,https://statsapi.mlb.com/api/v1.1/game/824862/feed/live,both,True,P,Pitcher,BULLPEN_PITCHER,True,QA_VALIDATED_CANONICAL_V3
663485,16,9,70,73,303,318,Bot,824862,https://raw.githubusercontent.com/lancebroz/mlb-pitcher-data/main/data/raw/2026/daily/2026-03-28.parquet,False,2026-03-28,2026-03-28T20:05:00Z,MIN,BAL,A,Cole Sands,False,RELIEF_OR_BULK,16,4,3,0,0,0,1,2,0,https://statsapi.mlb.com/api/v1.1/game/824862/feed/live,both,True,P,Pitcher,BULLPEN_PITCHER,True,QA_VALIDATED_CANONICAL_V3
666974,8,5,37,38,170,177,Top,824862,https://raw.githubusercontent.com/lancebroz/mlb-pitcher-data/main/data/raw/2026/daily/2026-03-28.parquet,False,2026-03-28,2026-03-28T20:05:00Z,BAL,MIN,H,Yennier Cano,False,RELIEF_OR_BULK,8,2,1,0,0,1,0,1,0,https://statsapi.mlb.com/api/v1.1/game/824862/feed/live,both,True,P,Pitcher,BULLPEN_PITCHER,True,QA_VALIDATED_CANONICAL_V3
671737,92,1,3,39,11,183,Bot,824862,https://raw.githubusercontent.com/lancebroz/mlb-pitcher-data/main/data/raw/2026/daily/2026-03-28.parquet,False,2026-03-28,2026-03-28T20:05:00Z,MIN,BAL,A,Taj Bradley,True,STARTER,92,19,13,1,1,3,3,9,0,https://statsapi.mlb.com/api/v1.1/game/824862/feed/live,both,True,P,Pitcher,STARTER/OPENER/BULK,True,QA_VALIDATED_CANONICAL_V3
679358,21,6,51,60,224,268,Bot,824862,https://raw.githubusercontent.com/lancebroz/mlb-pitcher-data/main/data/raw/2026/daily/2026-03-28.parquet,False,2026-03-28,2026-03-28T20:05:00Z,MIN,BAL,A,Eric Orze,False,RELIEF_OR_BULK,21,5,4,0,0,0,1,0,0,https://statsapi.mlb.com/api/v1.1/game/824862/feed/live,both,True,P,Pitcher,BULLPEN_PITCHER,True,QA_VALIDATED_CANONICAL_V3
680694,83,1,0,36,1,169,Top,824862,https://raw.githubusercontent.com/lancebroz/mlb-pitcher-data/main/data/raw/2026/daily/2026-03-28.parquet,False,2026-03-28,2026-03-28T20:05:00Z,BAL,MIN,H,Kyle Bradish,True,STARTER,83,19,14,3,2,2,3,4,1,https://statsapi.mlb.com/api/v1.1/game/824862/feed/live,both,True,P,Pitcher,STARTER/OPENER/BULK,True,QA_VALIDATED_CANONICAL_V3
681892,13,6,47,50,211,223,Bot,824862,https://raw.githubusercontent.com/lancebroz/mlb-pitcher-data/main/data/raw/2026/daily/2026-03-28.parquet,False,2026-03-28,2026-03-28T20:05:00Z,MIN,BAL,A,Kody Funderburk,False,RELIEF_OR_BULK,13,4,2,0,0,2,0,2,0,https://statsapi.mlb.com/api/v1.1/game/824862/feed/live,both,True,P,Pitcher,BULLPEN_PITCHER,True,QA_VALIDATED_CANONICAL_V3
682274,3,7,57,57,256,258,Top,824862,https://raw.githubusercontent.com/lancebroz/mlb-pitcher-data/main/data/raw/2026/daily/2026-03-28.parquet,False,2026-03-28,2026-03-28T20:05:00Z,BAL,MIN,H,Yaramil Hiraldo,False,RELIEF_OR_BULK,3,1,1,0,0,0,0,1,0,https://statsapi.mlb.com/api/v1.1/game/824862/feed/live,both,True,P,Pitcher,BULLPEN_PITCHER,True,QA_VALIDATED_CANONICAL_V3
689296,22,8,61,69,269,302,Top,824862,https://raw.githubusercontent.com/lancebroz/mlb-pitcher-data/main/data/raw/2026/daily/2026-03-28.parquet,False,2026-03-28,2026-03-28T20:05:00Z,BAL,MIN,H,Anthony Nunez,False,RELIEF_OR_BULK,22,6,6,0,0,0,0,3,0,https://statsapi.mlb.com/api/v1.1/game/824862/feed/live,both,True,P,Pitcher,BULLPEN_PITCHER,True,QA_VALIDATED_CANONICAL_V3
596001,8,7,59,61,238,245,Bot,824863,https://raw.githubusercontent.com/lancebroz/mlb-pitcher-data/main/data/raw/2026/daily/2026-03-30.parquet,False,2026-03-30,2026-03-30T22:35:00Z,TEX,BAL,A,Jakob Junis,False,RELIEF_OR_BULK,8,3,3,0,0,0,0,0,0,https://statsapi.mlb.com/api/v1.1/game/824863/feed/live,both,True,P,Pitcher,BULLPEN_PITCHER,True,QA_VALIDATED_CANONICAL_V3
605135,100,1,0,39,1,155,Top,824863,https://raw.githubusercontent.com/lancebroz/mlb-pitcher-data/main/data/raw/2026/daily/2026-03-30.parquet,False,2026-03-30,2026-03-30T22:35:00Z,BAL,TEX,H,Chris Bassitt,True,STARTER,100,25,13,4,4,6,4,3,0,https://statsapi.mlb.com/api/v1.1/game/824863/feed/live,both,True,P,Pitcher,STARTER/OPENER/BULK,True,QA_VALIDATED_CANONICAL_V3
608650,34,5,40,52,156,212,Top,824863,https://raw.githubusercontent.com/lancebroz/mlb-pitcher-data/main/data/raw/2026/daily/2026-03-30.parquet,False,2026-03-30,2026-03-30T22:35:00Z,BAL,TEX,H,Dietrich Enns,False,RELIEF_OR_BULK,34,7,5,0,0,1,1,4,0,https://statsapi.mlb.com/api/v1.1/game/824863/feed/live,both,True,P,Pitcher,BULLPEN_PITCHER,True,QA_VALIDATED_CANONICAL_V3
641302,10,9,76,78,295,304,Bot,824863,https://raw.githubusercontent.com/lancebroz/mlb-pitcher-data/main/data/raw/2026/daily/2026-03-30.parquet,False,2026-03-30,2026-03-30T22:35:00Z,TEX,BAL,A,Tyler Alexander,False,RELIEF_OR_BULK,10,3,3,0,0,0,0,2,0,https://statsapi.mlb.com/api/v1.1/game/824863/feed/live,both,True,P,Pitcher,BULLPEN_PITCHER,True,QA_VALIDATED_CANONICAL_V3
656222,13,8,65,69,256,268,Bot,824863,https://raw.githubusercontent.com/lancebroz/mlb-pitcher-data/main/data/raw/2026/daily/2026-03-30.parquet,False,2026-03-30,2026-03-30T22:35:00Z,TEX,BAL,A,Jalen Beeks,False,RELIEF_OR_BULK,13,5,3,0,0,2,0,1,0,https://statsapi.mlb.com/api/v1.1/game/824863/feed/live,both,True,P,Pitcher,BULLPEN_PITCHER,True,QA_VALIDATED_CANONICAL_V3
669330,26,9,70,75,269,294,Top,824863,https://raw.githubusercontent.com/lancebroz/mlb-pitcher-data/main/data/raw/2026/daily/2026-03-30.parquet,False,2026-03-30,2026-03-30T22:35:00Z,BAL,TEX,H,Tyler Wells,False,RELIEF_OR_BULK,26,6,3,1,1,3,0,1,0,https://statsapi.mlb.com/api/v1.1/game/824863/feed/live,both,True,P,Pitcher,BULLPEN_PITCHER,True,QA_VALIDATED_CANONICAL_V3
670329,21,7,56,64,227,255,Top,824863,https://raw.githubusercontent.com/lancebroz/mlb-pitcher-data/main/data/raw/2026/daily/2026-03-30.parquet,False,2026-03-30,2026-03-30T22:35:00Z,BAL,TEX,H,Rico Garcia,False,RELIEF_OR_BULK,21,6,6,0,0,0,0,3,0,https://statsapi.mlb.com/api/v1.1/game/824863/feed/live,both,True,P,Pitcher,BULLPEN_PITCHER,True,QA_VALIDATED_CANONICAL_V3
683004,92,1,7,55,30,226,Bot,824863,https://raw.githubusercontent.com/lancebroz/mlb-pitcher-data/main/data/raw/2026/daily/2026-03-30.parquet,False,2026-03-30,2026-03-30T22:35:00Z,TEX,BAL,A,Jack Leiter,True,STARTER,92,24,18,2,2,5,1,8,1,https://statsapi.mlb.com/api/v1.1/game/824863/feed/live,both,True,P,Pitcher,STARTER/OPENER/BULK,True,QA_VALIDATED_CANONICAL_V3
607455,3,8,75,75,299,301,Bot,824864,https://raw.githubusercontent.com/lancebroz/mlb-pitcher-data/main/data/raw/2026/daily/2026-03-29.parquet,False,2026-03-29,2026-03-29T17:35:00Z,MIN,BAL,A,Anthony Banda,False,RELIEF_OR_BULK,3,1,2,0,0,0,0,0,0,https://statsapi.mlb.com/api/v1.1/game/824864/feed/live,both,True,P,Pitcher,BULLPEN_PITCHER,True,QA_VALIDATED_CANONICAL_V3
641927,56,1,3,33,10,123,Bot,824864,https://raw.githubusercontent.com/lancebroz/mlb-pitcher-data/main/data/raw/2026/daily/2026-03-29.parquet,False,2026-03-29,2026-03-29T17:35:00Z,MIN,BAL,A,Bailey Ober,True,STARTER,56,17,12,3,3,4,1,1,1,https://statsapi.mlb.com/api/v1.1/game/824864/feed/live,both,True,P,Pitcher,STARTER/OPENER/BULK,True,QA_VALIDATED_CANONICAL_V3
664854,20,9,77,81,302,321,Top,824864,https://raw.githubusercontent.com/lancebroz/mlb-pitcher-data/main/data/raw/2026/daily/2026-03-29.parquet,False,2026-03-29,2026-03-29T17:35:00Z,BAL,MIN,H,Ryan Helsley,False,RELIEF_OR_BULK,20,5,3,0,0,1,0,1,0,https://statsapi.mlb.com/api/v1.1/game/824864/feed/live,both,True,P,Pitcher,BULLPEN_PITCHER,True,QA_VALIDATED_CANONICAL_V3
664991,19,6,42,51,151,200,Top,824864,https://raw.githubusercontent.com/lancebroz/mlb-pitcher-data/main/data/raw/2026/daily/2026-03-29.parquet,False,2026-03-29,2026-03-29T17:35:00Z,BAL,MIN,H,Grant Wolfram,False,RELIEF_OR_BULK,19,4,3,0,0,1,0,2,0,https://statsapi.mlb.com/api/v1.1/game/824864/feed/live,both,True,P,Pitcher,BULLPEN_PITCHER,True,QA_VALIDATED_CANONICAL_V3
666974,9,8,72,72,280,288,Top,824864,https://raw.githubusercontent.com/lancebroz/mlb-pitcher-data/main/data/raw/2026/daily/2026-03-29.parquet,False,2026-03-29,2026-03-29T17:35:00Z,BAL,MIN,H,Yennier Cano,False,RELIEF_OR_BULK,9,1,1,0,0,0,0,1,0,https://statsapi.mlb.com/api/v1.1/game/824864/feed/live,both,True,P,Pitcher,BULLPEN_PITCHER,True,QA_VALIDATED_CANONICAL_V3
669330,27,8,66,71,253,279,Top,824864,https://raw.githubusercontent.com/lancebroz/mlb-pitcher-data/main/data/raw/2026/daily/2026-03-29.parquet,False,2026-03-29,2026-03-29T17:35:00Z,BAL,MIN,H,Tyler Wells,False,RELIEF_OR_BULK,27,6,2,1,1,2,2,2,0,https://statsapi.mlb.com/api/v1.1/game/824864/feed/live,both,True,P,Pitcher,BULLPEN_PITCHER,True,QA_VALIDATED_CANONICAL_V3
669358,78,1,0,41,1,150,Top,824864,https://raw.githubusercontent.com/lancebroz/mlb-pitcher-data/main/data/raw/2026/daily/2026-03-29.parquet,False,2026-03-29,2026-03-29T17:35:00Z,BAL,MIN,H,Shane Baz,True,STARTER,78,21,16,4,4,7,0,4,0,https://statsapi.mlb.com/api/v1.1/game/824864/feed/live,both,True,P,Pitcher,STARTER/OPENER/BULK,True,QA_VALIDATED_CANONICAL_V3
670329,8,7,57,57,221,228,Top,824864,https://raw.githubusercontent.com/lancebroz/mlb-pitcher-data/main/data/raw/2026/daily/2026-03-29.parquet,False,2026-03-29,2026-03-29T17:35:00Z,BAL,MIN,H,Rico Garcia,False,RELIEF_OR_BULK,8,1,1,0,0,0,0,1,0,https://statsapi.mlb.com/api/v1.1/game/824864/feed/live,both,True,P,Pitcher,BULLPEN_PITCHER,True,QA_VALIDATED_CANONICAL_V3
682274,20,7,52,56,201,220,Top,824864,https://raw.githubusercontent.com/lancebroz/mlb-pitcher-data/main/data/raw/2026/daily/2026-03-29.parquet,False,2026-03-29,2026-03-29T17:35:00Z,BAL,MIN,H,Yaramil Hiraldo,False,RELIEF_OR_BULK,20,5,1,1,1,1,3,1,1,https://statsapi.mlb.com/api/v1.1/game/824864/feed/live,both,True,P,Pitcher,BULLPEN_PITCHER,True,QA_VALIDATED_CANONICAL_V3
690953,81,5,37,74,134,298,Bot,824864,https://raw.githubusercontent.com/lancebroz/mlb-pitcher-data/main/data/raw/2026/daily/2026-03-29.parquet,False,2026-03-29,2026-03-29T17:35:00Z,MIN,BAL,A,Mick Abel,False,RELIEF_OR_BULK,81,20,10,5,5,8,4,4,0,https://statsapi.mlb.com/api/v1.1/game/824864/feed/live,both,True,P,Pitcher,BULLPEN_PITCHER,True,QA_VALIDATED_CANONICAL_V3
573124,10,8,59,62,223,232,Bot,824865,https://raw.githubusercontent.com/lancebroz/mlb-pitcher-data/main/data/raw/2026/daily/2026-03-26.parquet,False,2026-03-26,2026-03-26T19:05:00Z,MIN,BAL,A,Taylor Rogers,False,RELIEF_OR_BULK,10,4,3,0,0,1,0,1,0,https://statsapi.mlb.com/api/v1.1/game/824865/feed/live,both,True,P,Pitcher,BULLPEN_PITCHER,True,QA_VALIDATED_CANONICAL_V3
623437,18,7,50,54,191,208,Bot,824865,https://raw.githubusercontent.com/lancebroz/mlb-pitcher-data/main/data/raw/2026/daily/2026-03-26.parquet,False,2026-03-26,2026-03-26T19:05:00Z,MIN,BAL,A,Justin Topa,False,RELIEF_OR_BULK,18,5,3,1,1,2,0,0,0,https://statsapi.mlb.com/api/v1.1/game/824865/feed/live,both,True,P,Pitcher,BULLPEN_PITCHER,True,QA_VALIDATED_CANONICAL_V3
657746,85,1,3,42,15,164,Bot,824865,https://raw.githubusercontent.com/lancebroz/mlb-pitcher-data/main/data/raw/2026/daily/2026-03-26.parquet,False,2026-03-26,2026-03-26T19:05:00Z,MIN,BAL,A,Joe Ryan,True,STARTER,85,19,16,0,0,1,2,7,0,https://statsapi.mlb.com/api/v1.1/game/824865/feed/live,both,True,P,Pitcher,STARTER/OPENER/BULK,True,QA_VALIDATED_CANONICAL_V3
664854,19,9,63,66,233,251,Top,824865,https://raw.githubusercontent.com/lancebroz/mlb-pitcher-data/main/data/raw/2026/daily/2026-03-26.parquet,False,2026-03-26,2026-03-26T19:05:00Z,BAL,MIN,H,Ryan Helsley,False,RELIEF_OR_BULK,19,4,3,0,0,1,0,3,0,https://statsapi.mlb.com/api/v1.1/game/824865/feed/live,both,True,P,Pitcher,BULLPEN_PITCHER,True,QA_VALIDATED_CANONICAL_V3
669330,14,8,55,58,209,222,Top,824865,https://raw.githubusercontent.com/lancebroz/mlb-pitcher-data/main/data/raw/2026/daily/2026-03-26.parquet,False,2026-03-26,2026-03-26T19:05:00Z,BAL,MIN,H,Tyler Wells,False,RELIEF_OR_BULK,14,4,3,1,1,1,0,1,0,https://statsapi.mlb.com/api/v1.1/game/824865/feed/live,both,True,P,Pitcher,BULLPEN_PITCHER,True,QA_VALIDATED_CANONICAL_V3
669432,88,1,0,48,1,187,Top,824865,https://raw.githubusercontent.com/lancebroz/mlb-pitcher-data/main/data/raw/2026/daily/2026-03-26.parquet,False,2026-03-26,2026-03-26T19:05:00Z,BAL,MIN,H,Trevor Rogers,True,STARTER,88,27,21,0,0,3,4,5,0,https://statsapi.mlb.com/api/v1.1/game/824865/feed/live,both,True,P,Pitcher,STARTER/OPENER/BULK,True,QA_VALIDATED_CANONICAL_V3
681892,17,6,43,49,165,190,Bot,824865,https://raw.githubusercontent.com/lancebroz/mlb-pitcher-data/main/data/raw/2026/daily/2026-03-26.parquet,False,2026-03-26,2026-03-26T19:05:00Z,MIN,BAL,A,Kody Funderburk,False,RELIEF_OR_BULK,17,4,2,1,1,1,1,0,0,https://statsapi.mlb.com/api/v1.1/game/824865/feed/live,both,True,P,Pitcher,BULLPEN_PITCHER,True,QA_VALIDATED_CANONICAL_V3
527048,86,1,0,34,1,138,Top,824939,https://raw.githubusercontent.com/lancebroz/mlb-pitcher-data/main/data/raw/2026/daily/2026-04-11.parquet,False,2026-04-11,2026-04-11T23:15:00Z,ATL,CLE,H,Martín Pérez,True,STARTER,86,19,15,1,1,2,3,2,1,https://statsapi.mlb.com/api/v1.1/game/824939/feed/live,both,True,P,Pitcher,STARTER/OPENER/BULK,True,QA_VALIDATED_CANONICAL_V3
542888,28,9,71,75,285,312,Bot,824939,https://raw.githubusercontent.com/lancebroz/mlb-pitcher-data/main/data/raw/2026/daily/2026-04-11.parquet,False,2026-04-11,2026-04-11T23:15:00Z,CLE,ATL,A,Shawn Armstrong,False,RELIEF_OR_BULK,28,5,3,0,0,1,1,2,0,https://statsapi.mlb.com/api/v1.1/game/824939/feed/live,both,True,P,Pitcher,BULLPEN_PITCHER,True,QA_VALIDATED_CANONICAL_V3
606303,11,6,39,41,152,162,Top,824939,https://raw.githubusercontent.com/lancebroz/mlb-pitcher-data/main/data/raw/2026/daily/2026-04-11.parquet,False,2026-04-11,2026-04-11T23:15:00Z,ATL,CLE,H,Joel Payamps,False,RELIEF_OR_BULK,11,3,1,1,1,2,0,1,0,https://statsapi.mlb.com/api/v1.1/game/824939/feed/live,both,True,P,Pitcher,BULLPEN_PITCHER,True,QA_VALIDATED_CANONICAL_V3
607481,22,6,42,45,163,184,Top,824939,https://raw.githubusercontent.com/lancebroz/mlb-pitcher-data/main/data/raw/2026/daily/2026-04-11.parquet,False,2026-04-11,2026-04-11T23:15:00Z,ATL,CLE,H,Aaron Bummer,False,RELIEF_OR_BULK,22,4,2,0,0,0,2,0,0,https://statsapi.mlb.com/api/v1.1/game/824939/feed/live,both,True,P,Pitcher,BULLPEN_PITCHER,True,QA_VALIDATED_CANONICAL_V3
641401,1,7,55,55,214,214,Bot,824939,https://raw.githubusercontent.com/lancebroz/mlb-pitcher-data/main/data/raw/2026/daily/2026-04-11.parquet,False,2026-04-11,2026-04-11T23:15:00Z,CLE,ATL,A,Connor Brogdon,False,RELIEF_OR_BULK,1,1,1,0,0,0,0,0,0,https://statsapi.mlb.com/api/v1.1/game/824939/feed/live,both,True,P,Pitcher,BULLPEN_PITCHER,True,QA_VALIDATED_CANONICAL_V3
641755,16,9,68,70,269,284,Top,824939,https://raw.githubusercontent.com/lancebroz/mlb-pitcher-data/main/data/raw/2026/daily/2026-04-11.parquet,False,2026-04-11,2026-04-11T23:15:00Z,ATL,CLE,H,Tyler Kinley,False,RELIEF_OR_BULK,16,3,1,1,1,1,1,0,0,https://statsapi.mlb.com/api/v1.1/game/824939/feed/live,both,True,P,Pitcher,BULLPEN_PITCHER,True,QA_VALIDATED_CANONICAL_V3
674370,50,7,49,67,194,268,Top,824939,https://raw.githubusercontent.com/lancebroz/mlb-pitcher-data/main/data/raw/2026/daily/2026-04-11.parquet,False,2026-04-11,2026-04-11T23:15:00Z,ATL,CLE,H,Osvaldo Bido,False,RELIEF_OR_BULK,50,12,8,3,3,2,2,1,0,https://statsapi.mlb.com/api/v1.1/game/824939/feed/live,both,True,P,Pitcher,BULLPEN_PITCHER,True,QA_VALIDATED_CANONICAL_V3
681870,14,8,61,63,233,246,Bot,824939,https://raw.githubusercontent.com/lancebroz/mlb-pitcher-data/main/data/raw/2026/daily/2026-04-11.parquet,False,2026-04-11,2026-04-11T23:15:00Z,CLE,ATL,A,Erik Sabrowski,False,RELIEF_OR_BULK,14,3,3,0,0,0,0,2,0,https://statsapi.mlb.com/api/v1.1/game/824939/feed/live,both,True,P,Pitcher,BULLPEN_PITCHER,True,QA_VALIDATED_CANONICAL_V3
800048,84,1,4,54,12,213,Bot,824939,https://raw.githubusercontent.com/lancebroz/mlb-pitcher-data/main/data/raw/2026/daily/2026-04-11.parquet,False,2026-04-11,2026-04-11T23:15:00Z,CLE,ATL,A,Parker Messick,True,STARTER,84,26,20,0,0,4,2,5,0,https://statsapi.mlb.com/api/v1.1/game/824939/feed/live,both,True,P,Pitcher,STARTER/OPENER/BULK,True,QA_VALIDATED_CANONICAL_V3
519242,79,1,0,43,1,199,Top,824940,https://raw.githubusercontent.com/lancebroz/mlb-pitcher-data/main/data/raw/2026/daily/2026-04-01.parquet,False,2026-04-01,2026-04-01T16:15:00Z,ATL,ATH,H,Chris Sale,True,STARTER,79,19,18,1,1,1,0,3,1,https://statsapi.mlb.com/api/v1.1/game/824940/feed/live,both,True,P,Pitcher,STARTER/OPENER/BULK,True,QA_VALIDATED_CANONICAL_V3
622663,91,1,3,30,15,145,Bot,824940,https://raw.githubusercontent.com/lancebroz/mlb-pitcher-data/main/data/raw/2026/daily/2026-04-01.parquet,False,2026-04-01,2026-04-01T16:15:00Z,ATH,ATL,A,Luis Severino,True,STARTER,91,18,10,4,4,4,5,7,0,https://statsapi.mlb.com/api/v1.1/game/824940/feed/live,both,True,P,Pitcher,STARTER/OPENER/BULK,True,QA_VALIDATED_CANONICAL_V3
628452,17,9,61,64,258,274,Top,824940,https://raw.githubusercontent.com/lancebroz/mlb-pitcher-data/main/data/raw/2026/daily/2026-04-01.parquet,False,2026-04-01,2026-04-01T16:15:00Z,ATL,ATH,H,Raisel Iglesias,False,RELIEF_OR_BULK,17,4,3,0,0,1,0,1,0,https://statsapi.mlb.com/api/v1.1/game/824940/feed/live,both,True,P,Pitcher,BULLPEN_PITCHER,True,QA_VALIDATED_CANONICAL_V3
663158,6,7,47,49,210,215,Top,824940,https://raw.githubusercontent.com/lancebroz/mlb-pitcher-data/main/data/raw/2026/daily/2026-04-01.parquet,False,2026-04-01,2026-04-01T16:15:00Z,ATL,ATH,H,Robert Suarez,False,RELIEF_OR_BULK,6,3,3,0,0,1,0,1,0,https://statsapi.mlb.com/api/v1.1/game/824940/feed/live,both,True,P,Pitcher,BULLPEN_PITCHER,True,QA_VALIDATED_CANONICAL_V3
663687,19,5,38,46,177,209,Bot,824940,https://raw.githubusercontent.com/lancebroz/mlb-pitcher-data/main/data/raw/2026/daily/2026-04-01.parquet,False,2026-04-01,2026-04-01T16:15:00Z,ATH,ATL,A,Hogan Harris,False,RELIEF_OR_BULK,19,6,6,0,0,0,0,2,0,https://statsapi.mlb.com/api/v1.1/game/824940/feed/live,both,True,P,Pitcher,BULLPEN_PITCHER,True,QA_VALIDATED_CANONICAL_V3
665622,27,7,50,60,216,257,Bot,824940,https://raw.githubusercontent.com/lancebroz/mlb-pitcher-data/main/data/raw/2026/daily/2026-04-01.parquet,False,2026-04-01,2026-04-01T16:15:00Z,ATH,ATL,A,Luis Medina,False,RELIEF_OR_BULK,27,7,6,0,0,1,0,1,0,https://statsapi.mlb.com/api/v1.1/game/824940/feed/live,both,True,P,Pitcher,BULLPEN_PITCHER,True,QA_VALIDATED_CANONICAL_V3
665660,20,4,31,34,146,165,Bot,824940,https://raw.githubusercontent.com/lancebroz/mlb-pitcher-data/main/data/raw/2026/daily/2026-04-01.parquet,False,2026-04-01,2026-04-01T16:15:00Z,ATH,ATL,A,Elvis Alvarado,False,RELIEF_OR_BULK,20,4,2,1,1,2,0,0,0,https://statsapi.mlb.com/api/v1.1/game/824940/feed/live,both,True,P,Pitcher,BULLPEN_PITCHER,True,QA_VALIDATED_CANONICAL_V3
669276,15,8,54,57,234,248,Top,824940,https://raw.githubusercontent.com/lancebroz/mlb-pitcher-data/main/data/raw/2026/daily/2026-04-01.parquet,False,2026-04-01,2026-04-01T16:15:00Z,ATL,ATH,H,Dylan Lee,False,RELIEF_OR_BULK,15,4,3,0,0,1,0,1,0,https://statsapi.mlb.com/api/v1.1/game/824940/feed/live,both,True,P,Pitcher,BULLPEN_PITCHER,True,QA_VALIDATED_CANONICAL_V3
606303,3,8,70,70,270,272,Top,824941,https://raw.githubusercontent.com/lancebroz/mlb-pitcher-data/main/data/raw/2026/daily/2026-04-10.parquet,False,2026-04-10,2026-04-10T23:15:00Z,ATL,CLE,H,Joel Payamps,False,RELIEF_OR_BULK,3,1,1,0,0,0,0,0,0,https://statsapi.mlb.com/api/v1.1/game/824941/feed/live,both,True,P,Pitcher,BULLPEN_PITCHER,True,QA_VALIDATED_CANONICAL_V3
607481,6,5,36,36,136,141,Top,824941,https://raw.githubusercontent.com/lancebroz/mlb-pitcher-data/main/data/raw/2026/daily/2026-04-10.parquet,False,2026-04-10,2026-04-10T23:15:00Z,ATL,CLE,H,Aaron Bummer,False,RELIEF_OR_BULK,6,1,1,0,0,0,0,0,0,https://statsapi.mlb.com/api/v1.1/game/824941/feed/live,both,True,P,Pitcher,BULLPEN_PITCHER,True,QA_VALIDATED_CANONICAL_V3
641755,10,6,40,42,152,161,Top,824941,https://raw.githubusercontent.com/lancebroz/mlb-pitcher-data/main/data/raw/2026/daily/2026-04-10.parquet,False,2026-04-10,2026-04-10T23:15:00Z,ATL,CLE,H,Tyler Kinley,False,RELIEF_OR_BULK,10,3,3,0,0,0,0,0,0,https://statsapi.mlb.com/api/v1.1/game/824941/feed/live,both,True,P,Pitcher,BULLPEN_PITCHER,True,QA_VALIDATED_CANONICAL_V3
660761,31,8,63,69,239,269,Top,824941,https://raw.githubusercontent.com/lancebroz/mlb-pitcher-data/main/data/raw/2026/daily/2026-04-10.parquet,False,2026-04-10,2026-04-10T23:15:00Z,ATL,CLE,H,José Suarez,False,RELIEF_OR_BULK,31,7,2,3,3,4,1,1,0,https://statsapi.mlb.com/api/v1.1/game/824941/feed/live,both,True,P,Pitcher,BULLPEN_PITCHER,True,QA_VALIDATED_CANONICAL_V3
663465,18,8,71,76,273,290,Bot,824941,https://raw.githubusercontent.com/lancebroz/mlb-pitcher-data/main/data/raw/2026/daily/2026-04-10.parquet,False,2026-04-10,2026-04-10T23:15:00Z,CLE,ATL,A,Kolby Allard,False,RELIEF_OR_BULK,18,6,3,2,2,3,0,1,0,https://statsapi.mlb.com/api/v1.1/game/824941/feed/live,both,True,P,Pitcher,BULLPEN_PITCHER,True,QA_VALIDATED_CANONICAL_V3
669276,7,7,53,55,195,201,Top,824941,https://raw.githubusercontent.com/lancebroz/mlb-pitcher-data/main/data/raw/2026/daily/2026-04-10.parquet,False,2026-04-10,2026-04-10T23:15:00Z,ATL,CLE,H,Dylan Lee,False,RELIEF_OR_BULK,7,3,3,0,0,0,0,1,0,https://statsapi.mlb.com/api/v1.1/game/824941/feed/live,both,True,P,Pitcher,BULLPEN_PITCHER,True,QA_VALIDATED_CANONICAL_V3
670036,17,6,48,52,178,194,Bot,824941,https://raw.githubusercontent.com/lancebroz/mlb-pitcher-data/main/data/raw/2026/daily/2026-04-10.parquet,False,2026-04-10,2026-04-10T23:15:00Z,CLE,ATL,A,Matt Festa,False,RELIEF_OR_BULK,17,5,2,2,2,3,0,0,1,https://statsapi.mlb.com/api/v1.1/game/824941/feed/live,both,True,P,Pitcher,BULLPEN_PITCHER,True,QA_VALIDATED_CANONICAL_V3
674370,14,9,77,79,291,304,Top,824941,https://raw.githubusercontent.com/lancebroz/mlb-pitcher-data/main/data/raw/2026/daily/2026-04-10.parquet,False,2026-04-10,2026-04-10T23:15:00Z,ATL,CLE,H,Osvaldo Bido,False,RELIEF_OR_BULK,14,3,3,0,0,0,1,0,0,https://statsapi.mlb.com/api/v1.1/game/824941/feed/live,both,True,P,Pitcher,BULLPEN_PITCHER,True,QA_VALIDATED_CANONICAL_V3
677944,85,1,4,47,19,177,Bot,824941,https://raw.githubusercontent.com/lancebroz/mlb-pitcher-data/main/data/raw/2026/daily/2026-04-10.parquet,False,2026-04-10,2026-04-10T23:15:00Z,CLE,ATL,A,Slade Cecconi,True,STARTER,85,23,16,5,4,7,1,3,2,https://statsapi.mlb.com/api/v1.1/game/824941/feed/live,both,True,P,Pitcher,STARTER/OPENER/BULK,True,QA_VALIDATED_CANONICAL_V3
688883,37,7,56,62,202,238,Bot,824941,https://raw.githubusercontent.com/lancebroz/mlb-pitcher-data/main/data/raw/2026/daily/2026-04-10.parquet,False,2026-04-10,2026-04-10T23:15:00Z,CLE,ATL,A,Peyton Pallette,False,RELIEF_OR_BULK,37,7,3,2,2,2,2,1,0,https://statsapi.mlb.com/api/v1.1/game/824941/feed/live,both,True,P,Pitcher,BULLPEN_PITCHER,True,QA_VALIDATED_CANONICAL_V3
693821,76,1,0,35,1,135,Top,824941,https://raw.githubusercontent.com/lancebroz/mlb-pitcher-data/main/data/raw/2026/daily/2026-04-10.parquet,False,2026-04-10,2026-04-10T23:15:00Z,ATL,CLE,H,Bryce Elder,True,STARTER,76,21,14,2,2,4,3,3,1,https://statsapi.mlb.com/api/v1.1/game/824941/feed/live,both,True,P,Pitcher,STARTER/OPENER/BULK,True,QA_VALIDATED_CANONICAL_V3
527048,47,5,37,68,149,275,Top,824942,https://raw.githubusercontent.com/lancebroz/mlb-pitcher-data/main/data/raw/2026/daily/2026-03-31.parquet,False,2026-03-31,2026-03-31T23:15:00Z,ATL,ATH,H,Martín Pérez,False,RELIEF_OR_BULK,47,14,13,0,0,2,0,3,0,https://statsapi.mlb.com/api/v1.1/game/824942/feed/live,both,True,P,Pitcher,BULLPEN_PITCHER,True,QA_VALIDATED_CANONICAL_V3
605130,10,8,63,65,259,268,Bot,824942,https://raw.githubusercontent.com/lancebroz/mlb-pitcher-data/main/data/raw/2026/daily/2026-03-31.parquet,False,2026-03-31,2026-03-31T23:15:00Z,ATH,ATL,A,Scott Barlow,False,RELIEF_OR_BULK,10,3,3,0,0,0,0,0,0,https://statsapi.mlb.com/api/v1.1/game/824942/feed/live,both,True,P,Pitcher,BULLPEN_PITCHER,True,QA_VALIDATED_CANONICAL_V3
606303,14,4,30,36,123,148,Top,824942,https://raw.githubusercontent.com/lancebroz/mlb-pitcher-data/main/data/raw/2026/daily/2026-03-31.parquet,False,2026-03-31,2026-03-31T23:15:00Z,ATL,ATH,H,Joel Payamps,False,RELIEF_OR_BULK,14,4,3,1,1,1,0,2,1,https://statsapi.mlb.com/api/v1.1/game/824942/feed/live,both,True,P,Pitcher,BULLPEN_PITCHER,True,QA_VALIDATED_CANONICAL_V3
643410,13,9,69,73,276,288,Bot,824942,https://raw.githubusercontent.com/lancebroz/mlb-pitcher-data/main/data/raw/2026/daily/2026-03-31.parquet,False,2026-03-31,2026-03-31T23:15:00Z,ATH,ATL,A,Mark Leiter Jr.,False,RELIEF_OR_BULK,13,5,3,0,0,2,0,1,0,https://statsapi.mlb.com/api/v1.1/game/824942/feed/live,both,True,P,Pitcher,BULLPEN_PITCHER,True,QA_VALIDATED_CANONICAL_V3
650644,87,1,3,42,12,171,Bot,824942,https://raw.githubusercontent.com/lancebroz/mlb-pitcher-data/main/data/raw/2026/daily/2026-03-31.parquet,False,2026-03-31,2026-03-31T23:15:00Z,ATH,ATL,A,Aaron Civale,True,STARTER,87,20,15,2,2,4,1,3,1,https://statsapi.mlb.com/api/v1.1/game/824942/feed/live,both,True,P,Pitcher,STARTER/OPENER/BULK,True,QA_VALIDATED_CANONICAL_V3
660761,66,1,0,29,1,122,Top,824942,https://raw.githubusercontent.com/lancebroz/mlb-pitcher-data/main/data/raw/2026/daily/2026-03-31.parquet,False,2026-03-31,2026-03-31T23:15:00Z,ATL,ATH,H,José Suarez,True,STARTER,66,18,11,4,4,5,3,6,0,https://statsapi.mlb.com/api/v1.1/game/824942/feed/live,both,True,P,Pitcher,STARTER/OPENER/BULK,True,QA_VALIDATED_CANONICAL_V3
663687,23,6,46,50,182,204,Bot,824942,https://raw.githubusercontent.com/lancebroz/mlb-pitcher-data/main/data/raw/2026/daily/2026-03-31.parquet,False,2026-03-31,2026-03-31T23:15:00Z,ATH,ATL,A,Hogan Harris,False,RELIEF_OR_BULK,23,5,3,0,0,0,2,0,0,https://statsapi.mlb.com/api/v1.1/game/824942/feed/live,both,True,P,Pitcher,BULLPEN_PITCHER,True,QA_VALIDATED_CANONICAL_V3
686993,28,7,55,59,221,248,Bot,824942,https://raw.githubusercontent.com/lancebroz/mlb-pitcher-data/main/data/raw/2026/daily/2026-03-31.parquet,False,2026-03-31,2026-03-31T23:15:00Z,ATH,ATL,A,Justin Sterner,False,RELIEF_OR_BULK,28,5,3,0,0,0,1,2,0,https://statsapi.mlb.com/api/v1.1/game/824942/feed/live,both,True,P,Pitcher,BULLPEN_PITCHER,True,QA_VALIDATED_CANONICAL_V3
547184,15,8,64,67,241,255,Bot,824943,https://raw.githubusercontent.com/lancebroz/mlb-pitcher-data/main/data/raw/2026/daily/2026-03-30.parquet,False,2026-03-30,2026-03-30T23:15:00Z,ATH,ATL,A,Michael Kelly,False,RELIEF_OR_BULK,15,4,3,1,1,2,0,1,0,https://statsapi.mlb.com/api/v1.1/game/824943/feed/live,both,True,P,Pitcher,BULLPEN_PITCHER,True,QA_VALIDATED_CANONICAL_V3
607481,13,7,53,56,202,214,Top,824943,https://raw.githubusercontent.com/lancebroz/mlb-pitcher-data/main/data/raw/2026/daily/2026-03-30.parquet,False,2026-03-30,2026-03-30T23:15:00Z,ATL,ATH,H,Aaron Bummer,False,RELIEF_OR_BULK,13,4,3,0,0,1,0,2,0,https://statsapi.mlb.com/api/v1.1/game/824943/feed/live,both,True,P,Pitcher,BULLPEN_PITCHER,True,QA_VALIDATED_CANONICAL_V3
628452,8,9,68,70,256,263,Top,824943,https://raw.githubusercontent.com/lancebroz/mlb-pitcher-data/main/data/raw/2026/daily/2026-03-30.parquet,False,2026-03-30,2026-03-30T23:15:00Z,ATL,ATH,H,Raisel Iglesias,False,RELIEF_OR_BULK,8,3,3,0,0,0,0,0,0,https://statsapi.mlb.com/api/v1.1/game/824943/feed/live,both,True,P,Pitcher,BULLPEN_PITCHER,True,QA_VALIDATED_CANONICAL_V3
643410,8,7,57,59,215,222,Bot,824943,https://raw.githubusercontent.com/lancebroz/mlb-pitcher-data/main/data/raw/2026/daily/2026-03-30.parquet,False,2026-03-30,2026-03-30T23:15:00Z,ATH,ATL,A,Mark Leiter Jr.,False,RELIEF_OR_BULK,8,3,3,0,0,1,0,0,0,https://statsapi.mlb.com/api/v1.1/game/824943/feed/live,both,True,P,Pitcher,BULLPEN_PITCHER,True,QA_VALIDATED_CANONICAL_V3
663158,18,8,60,63,223,240,Top,824943,https://raw.githubusercontent.com/lancebroz/mlb-pitcher-data/main/data/raw/2026/daily/2026-03-30.parquet,False,2026-03-30,2026-03-30T23:15:00Z,ATL,ATH,H,Robert Suarez,False,RELIEF_OR_BULK,18,4,3,0,0,1,0,0,0,https://statsapi.mlb.com/api/v1.1/game/824943/feed/live,both,True,P,Pitcher,BULLPEN_PITCHER,True,QA_VALIDATED_CANONICAL_V3
665660,16,6,49,52,186,201,Bot,824943,https://raw.githubusercontent.com/lancebroz/mlb-pitcher-data/main/data/raw/2026/daily/2026-03-30.parquet,False,2026-03-30,2026-03-30T23:15:00Z,ATH,ATL,A,Elvis Alvarado,False,RELIEF_OR_BULK,16,4,3,0,0,1,0,1,0,https://statsapi.mlb.com/api/v1.1/game/824943/feed/live,both,True,P,Pitcher,BULLPEN_PITCHER,True,QA_VALIDATED_CANONICAL_V3
682052,91,1,3,37,14,147,Bot,824943,https://raw.githubusercontent.com/lancebroz/mlb-pitcher-data/main/data/raw/2026/daily/2026-03-30.parquet,False,2026-03-30,2026-03-30T23:15:00Z,ATH,ATL,A,Jacob Lopez,True,STARTER,91,22,12,3,3,6,5,0,0,https://statsapi.mlb.com/api/v1.1/game/824943/feed/live,both,True,P,Pitcher,STARTER/OPENER/BULK,True,QA_VALIDATED_CANONICAL_V3
686993,11,5,42,44,164,174,Bot,824943,https://raw.githubusercontent.com/lancebroz/mlb-pitcher-data/main/data/raw/2026/daily/2026-03-30.parquet,False,2026-03-30,2026-03-30T23:15:00Z,ATH,ATL,A,Justin Sterner,False,RELIEF_OR_BULK,11,3,3,0,0,0,0,2,0,https://statsapi.mlb.com/api/v1.1/game/824943/feed/live,both,True,P,Pitcher,BULLPEN_PITCHER,True,QA_VALIDATED_CANONICAL_V3
693821,83,1,0,48,1,185,Top,824943,https://raw.githubusercontent.com/lancebroz/mlb-pitcher-data/main/data/raw/2026/daily/2026-03-30.parquet,False,2026-03-30,2026-03-30T23:15:00Z,ATL,ATH,H,Bryce Elder,True,STARTER,83,23,18,0,0,5,1,5,0,https://statsapi.mlb.com/api/v1.1/game/824943/feed/live,both,True,P,Pitcher,STARTER/OPENER/BULK,True,QA_VALIDATED_CANONICAL_V3
607625,77,1,3,51,9,175,Bot,824944,https://raw.githubusercontent.com/lancebroz/mlb-pitcher-data/main/data/raw/2026/daily/2026-03-29.parquet,False,2026-03-29,2026-03-29T17:35:00Z,KC,ATL,A,Seth Lugo,True,STARTER,77,24,19,0,0,5,0,3,0,https://statsapi.mlb.com/api/v1.1/game/824944/feed/live,both,True,P,Pitcher,STARTER/OPENER/BULK,True,QA_VALIDATED_CANONICAL_V3
621381,4,7,52,53,176,179,Bot,824944,https://raw.githubusercontent.com/lancebroz/mlb-pitcher-data/main/data/raw/2026/daily/2026-03-29.parquet,False,2026-03-29,2026-03-29T17:35:00Z,KC,ATL,A,Matt Strahm,False,RELIEF_OR_BULK,4,2,2,0,0,0,0,0,0,https://statsapi.mlb.com/api/v1.1/game/824944/feed/live,both,True,P,Pitcher,BULLPEN_PITCHER,True,QA_VALIDATED_CANONICAL_V3
656550,76,1,0,34,1,120,Top,824944,https://raw.githubusercontent.com/lancebroz/mlb-pitcher-data/main/data/raw/2026/daily/2026-03-29.parquet,False,2026-03-29,2026-03-29T17:35:00Z,ATL,KC,H,Grant Holmes,True,STARTER,76,22,15,3,3,5,2,4,1,https://statsapi.mlb.com/api/v1.1/game/824944/feed/live,both,True,P,Pitcher,STARTER/OPENER/BULK,True,QA_VALIDATED_CANONICAL_V3
668674,12,9,67,69,237,248,Bot,824944,https://raw.githubusercontent.com/lancebroz/mlb-pitcher-data/main/data/raw/2026/daily/2026-03-29.parquet,False,2026-03-29,2026-03-29T17:35:00Z,KC,ATL,A,Lucas Erceg,False,RELIEF_OR_BULK,12,3,3,0,0,1,0,1,0,https://statsapi.mlb.com/api/v1.1/game/824944/feed/live,both,True,P,Pitcher,BULLPEN_PITCHER,True,QA_VALIDATED_CANONICAL_V3
670167,23,8,59,62,202,224,Bot,824944,https://raw.githubusercontent.com/lancebroz/mlb-pitcher-data/main/data/raw/2026/daily/2026-03-29.parquet,False,2026-03-29,2026-03-29T17:35:00Z,KC,ATL,A,John Schreiber,False,RELIEF_OR_BULK,23,4,3,1,1,1,0,1,1,https://statsapi.mlb.com/api/v1.1/game/824944/feed/live,both,True,P,Pitcher,BULLPEN_PITCHER,True,QA_VALIDATED_CANONICAL_V3
800311,56,6,40,66,141,236,Top,824944,https://raw.githubusercontent.com/lancebroz/mlb-pitcher-data/main/data/raw/2026/daily/2026-03-29.parquet,False,2026-03-29,2026-03-29T17:35:00Z,ATL,KC,H,Didier Fuentes,False,RELIEF_OR_BULK,56,15,12,1,1,2,1,4,0,https://statsapi.mlb.com/api/v1.1/game/824944/feed/live,both,True,P,Pitcher,BULLPEN_PITCHER,True,QA_VALIDATED_CANONICAL_V3
606303,15,8,50,52,189,203,Top,824945,https://raw.githubusercontent.com/lancebroz/mlb-pitcher-data/main/data/raw/2026/daily/2026-03-28.parquet,False,2026-03-28,2026-03-28T23:15:00Z,ATL,KC,H,Joel Payamps,False,RELIEF_OR_BULK,15,3,1,1,0,1,1,0,0,https://statsapi.mlb.com/api/v1.1/game/824945/feed/live,both,True,P,Pitcher,BULLPEN_PITCHER,True,QA_VALIDATED_CANONICAL_V3
607481,12,8,53,55,204,215,Top,824945,https://raw.githubusercontent.com/lancebroz/mlb-pitcher-data/main/data/raw/2026/daily/2026-03-28.parquet,False,2026-03-28,2026-03-28T23:15:00Z,ATL,KC,H,Aaron Bummer,False,RELIEF_OR_BULK,12,3,2,0,0,0,0,0,0,https://statsapi.mlb.com/api/v1.1/game/824945/feed/live,both,True,P,Pitcher,BULLPEN_PITCHER,True,QA_VALIDATED_CANONICAL_V3
608032,27,9,63,69,244,270,Bot,824945,https://raw.githubusercontent.com/lancebroz/mlb-pitcher-data/main/data/raw/2026/daily/2026-03-28.parquet,False,2026-03-28,2026-03-28T23:15:00Z,KC,ATL,A,Carlos Estévez,False,RELIEF_OR_BULK,27,7,1,6,6,4,2,0,1,https://statsapi.mlb.com/api/v1.1/game/824945/feed/live,both,True,P,Pitcher,BULLPEN_PITCHER,True,QA_VALIDATED_CANONICAL_V3
608379,80,1,3,40,13,156,Bot,824945,https://raw.githubusercontent.com/lancebroz/mlb-pitcher-data/main/data/raw/2026/daily/2026-03-28.parquet,False,2026-03-28,2026-03-28T23:15:00Z,KC,ATL,A,Michael Wacha,True,STARTER,80,20,18,0,0,3,1,7,0,https://statsapi.mlb.com/api/v1.1/game/824945/feed/live,both,True,P,Pitcher,STARTER/OPENER/BULK,True,QA_VALIDATED_CANONICAL_V3
621381,13,7,46,49,176,188,Bot,824945,https://raw.githubusercontent.com/lancebroz/mlb-pitcher-data/main/data/raw/2026/daily/2026-03-28.parquet,False,2026-03-28,2026-03-28T23:15:00Z,KC,ATL,A,Matt Strahm,False,RELIEF_OR_BULK,13,4,3,0,0,1,0,1,0,https://statsapi.mlb.com/api/v1.1/game/824945/feed/live,both,True,P,Pitcher,BULLPEN_PITCHER,True,QA_VALIDATED_CANONICAL_V3
625643,77,1,0,41,1,157,Top,824945,https://raw.githubusercontent.com/lancebroz/mlb-pitcher-data/main/data/raw/2026/daily/2026-03-28.parquet,False,2026-03-28,2026-03-28T23:15:00Z,ATL,KC,H,Reynaldo López,True,STARTER,77,22,18,1,1,3,2,3,1,https://statsapi.mlb.com/api/v1.1/game/824945/feed/live,both,True,P,Pitcher,STARTER/OPENER/BULK,True,QA_VALIDATED_CANONICAL_V3
668674,12,8,56,59,216,227,Bot,824945,https://raw.githubusercontent.com/lancebroz/mlb-pitcher-data/main/data/raw/2026/daily/2026-03-28.parquet,False,2026-03-28,2026-03-28T23:15:00Z,KC,ATL,A,Lucas Erceg,False,RELIEF_OR_BULK,12,4,3,0,0,1,1,0,0,https://statsapi.mlb.com/api/v1.1/game/824945/feed/live,both,True,P,Pitcher,BULLPEN_PITCHER,True,QA_VALIDATED_CANONICAL_V3
669276,18,7,42,45,158,175,Top,824945,https://raw.githubusercontent.com/lancebroz/mlb-pitcher-data/main/data/raw/2026/daily/2026-03-28.parquet,False,2026-03-28,2026-03-28T23:15:00Z,ATL,KC,H,Dylan Lee,False,RELIEF_OR_BULK,18,4,3,0,0,1,0,2,0,https://statsapi.mlb.com/api/v1.1/game/824945/feed/live,both,True,P,Pitcher,BULLPEN_PITCHER,True,QA_VALIDATED_CANONICAL_V3
674370,16,9,60,62,228,243,Top,824945,https://raw.githubusercontent.com/lancebroz/mlb-pitcher-data/main/data/raw/2026/daily/2026-03-28.parquet,False,2026-03-28,2026-03-28T23:15:00Z,ATL,KC,H,Osvaldo Bido,False,RELIEF_OR_BULK,16,3,3,0,0,0,0,3,0,https://statsapi.mlb.com/api/v1.1/game/824945/feed/live,both,True,P,Pitcher,BULLPEN_PITCHER,True,QA_VALIDATED_CANONICAL_V3
519242,88,1,0,48,1,195,Top,824946,https://raw.githubusercontent.com/lancebroz/mlb-pitcher-data/main/data/raw/2026/daily/2026-03-27.parquet,False,2026-03-27,2026-03-27T23:15:00Z,ATL,KC,H,Chris Sale,True,STARTER,88,23,18,0,0,3,3,6,0,https://statsapi.mlb.com/api/v1.1/game/824946/feed/live,both,True,P,Pitcher,STARTER/OPENER/BULK,True,QA_VALIDATED_CANONICAL_V3
641755,13,9,69,71,264,276,Top,824946,https://raw.githubusercontent.com/lancebroz/mlb-pitcher-data/main/data/raw/2026/daily/2026-03-27.parquet,False,2026-03-27,2026-03-27T23:15:00Z,ATL,KC,H,Tyler Kinley,False,RELIEF_OR_BULK,13,3,3,0,0,0,0,1,0,https://statsapi.mlb.com/api/v1.1/game/824946/feed/live,both,True,P,Pitcher,BULLPEN_PITCHER,True,QA_VALIDATED_CANONICAL_V3
656638,11,8,66,68,253,263,Bot,824946,https://raw.githubusercontent.com/lancebroz/mlb-pitcher-data/main/data/raw/2026/daily/2026-03-27.parquet,False,2026-03-27,2026-03-27T23:15:00Z,KC,ATL,A,Alex Lange,False,RELIEF_OR_BULK,11,3,3,0,0,0,0,1,0,https://statsapi.mlb.com/api/v1.1/game/824946/feed/live,both,True,P,Pitcher,BULLPEN_PITCHER,True,QA_VALIDATED_CANONICAL_V3
663158,17,8,61,65,236,252,Top,824946,https://raw.githubusercontent.com/lancebroz/mlb-pitcher-data/main/data/raw/2026/daily/2026-03-27.parquet,False,2026-03-27,2026-03-27T23:15:00Z,ATL,KC,H,Robert Suarez,False,RELIEF_OR_BULK,17,5,3,0,0,2,0,1,0,https://statsapi.mlb.com/api/v1.1/game/824946/feed/live,both,True,P,Pitcher,BULLPEN_PITCHER,True,QA_VALIDATED_CANONICAL_V3
663559,48,5,40,60,165,235,Bot,824946,https://raw.githubusercontent.com/lancebroz/mlb-pitcher-data/main/data/raw/2026/daily/2026-03-27.parquet,False,2026-03-27,2026-03-27T23:15:00Z,KC,ATL,A,Bailey Falter,False,RELIEF_OR_BULK,48,14,9,2,2,5,0,4,0,https://statsapi.mlb.com/api/v1.1/game/824946/feed/live,both,True,P,Pitcher,BULLPEN_PITCHER,True,QA_VALIDATED_CANONICAL_V3
666142,90,1,3,36,13,158,Bot,824946,https://raw.githubusercontent.com/lancebroz/mlb-pitcher-data/main/data/raw/2026/daily/2026-03-27.parquet,False,2026-03-27,2026-03-27T23:15:00Z,KC,ATL,A,Cole Ragans,True,STARTER,90,21,12,4,4,6,4,5,3,https://statsapi.mlb.com/api/v1.1/game/824946/feed/live,both,True,P,Pitcher,STARTER/OPENER/BULK,True,QA_VALIDATED_CANONICAL_V3
669276,9,7,52,54,206,214,Top,824946,https://raw.githubusercontent.com/lancebroz/mlb-pitcher-data/main/data/raw/2026/daily/2026-03-27.parquet,False,2026-03-27,2026-03-27T23:15:00Z,ATL,KC,H,Dylan Lee,False,RELIEF_OR_BULK,9,3,3,0,0,0,0,0,0,https://statsapi.mlb.com/api/v1.1/game/824946/feed/live,both,True,P,Pitcher,BULLPEN_PITCHER,True,QA_VALIDATED_CANONICAL_V3
595345,9,5,41,43,179,187,Bot,825025,https://raw.githubusercontent.com/lancebroz/mlb-pitcher-data/main/data/raw/2026/daily/2026-04-05.parquet,False,2026-04-05,2026-04-05T20:05:00Z,HOU,ATH,A,Steven Okert,False,RELIEF_OR_BULK,9,3,1,2,2,1,1,0,0,https://statsapi.mlb.com/api/v1.1/game/825025/feed/live,both,True,P,Pitcher,BULLPEN_PITCHER,True,QA_VALIDATED_CANONICAL_V3
605130,16,8,72,75,301,316,Top,825025,https://raw.githubusercontent.com/lancebroz/mlb-pitcher-data/main/data/raw/2026/daily/2026-04-05.parquet,False,2026-04-05,2026-04-05T20:05:00Z,ATH,HOU,H,Scott Barlow,False,RELIEF_OR_BULK,16,4,0,4,4,2,2,0,1,https://statsapi.mlb.com/api/v1.1/game/825025/feed/live,both,True,P,Pitcher,BULLPEN_PITCHER,True,QA_VALIDATED_CANONICAL_V3
621121,79,1,4,40,20,178,Bot,825025,https://raw.githubusercontent.com/lancebroz/mlb-pitcher-data/main/data/raw/2026/daily/2026-04-05.parquet,False,2026-04-05,2026-04-05T20:05:00Z,HOU,ATH,A,Lance McCullers Jr.,True,STARTER,79,18,12,3,3,5,3,4,0,https://statsapi.mlb.com/api/v1.1/game/825025/feed/live,both,True,P,Pitcher,STARTER/OPENER/BULK,True,QA_VALIDATED_CANONICAL_V3
643410,26,8,76,80,317,342,Top,825025,https://raw.githubusercontent.com/lancebroz/mlb-pitcher-data/main/data/raw/2026/daily/2026-04-05.parquet,False,2026-04-05,2026-04-05T20:05:00Z,ATH,HOU,H,Mark Leiter Jr.,False,RELIEF_OR_BULK,26,5,3,0,0,1,1,0,0,https://statsapi.mlb.com/api/v1.1/game/825025/feed/live,both,True,P,Pitcher,BULLPEN_PITCHER,True,QA_VALIDATED_CANONICAL_V3
650556,16,9,91,99,373,410,Bot,825025,https://raw.githubusercontent.com/lancebroz/mlb-pitcher-data/main/data/raw/2026/daily/2026-04-05.parquet,False,2026-04-05,2026-04-05T20:05:00Z,HOU,ATH,A,Bryan Abreu,False,RELIEF_OR_BULK,16,3,1,3,2,2,1,0,1,https://statsapi.mlb.com/api/v1.1/game/825025/feed/live,both,True,P,Pitcher,BULLPEN_PITCHER,True,QA_VALIDATED_CANONICAL_V3
663687,21,9,84,94,349,394,Top,825025,https://raw.githubusercontent.com/lancebroz/mlb-pitcher-data/main/data/raw/2026/daily/2026-04-05.parquet,False,2026-04-05,2026-04-05T20:05:00Z,ATH,HOU,H,Hogan Harris,False,RELIEF_OR_BULK,21,7,4,1,0,1,2,2,0,https://statsapi.mlb.com/api/v1.1/game/825025/feed/live,both,True,P,Pitcher,BULLPEN_PITCHER,True,QA_VALIDATED_CANONICAL_V3
665660,8,10,96,97,395,402,Top,825025,https://raw.githubusercontent.com/lancebroz/mlb-pitcher-data/main/data/raw/2026/daily/2026-04-05.parquet,False,2026-04-05,2026-04-05T20:05:00Z,ATH,HOU,H,Elvis Alvarado,False,RELIEF_OR_BULK,8,2,2,0,0,0,0,1,0,https://statsapi.mlb.com/api/v1.1/game/825025/feed/live,both,True,P,Pitcher,BULLPEN_PITCHER,True,QA_VALIDATED_CANONICAL_V3
669372,27,6,51,61,211,253,Top,825025,https://raw.githubusercontent.com/lancebroz/mlb-pitcher-data/main/data/raw/2026/daily/2026-04-05.parquet,False,2026-04-05,2026-04-05T20:05:00Z,ATH,HOU,H,J.T. Ginn,False,RELIEF_OR_BULK,27,6,4,2,2,2,0,1,1,https://statsapi.mlb.com/api/v1.1/game/825025/feed/live,both,True,P,Pitcher,BULLPEN_PITCHER,True,QA_VALIDATED_CANONICAL_V3
682052,92,1,0,35,1,159,Top,825025,https://raw.githubusercontent.com/lancebroz/mlb-pitcher-data/main/data/raw/2026/daily/2026-04-05.parquet,False,2026-04-05,2026-04-05T20:05:00Z,ATH,HOU,H,Jacob Lopez,True,STARTER,92,21,13,3,3,3,5,6,1,https://statsapi.mlb.com/api/v1.1/game/825025/feed/live,both,True,P,Pitcher,STARTER/OPENER/BULK,True,QA_VALIDATED_CANONICAL_V3
685005,27,7,67,71,274,300,Bot,825025,https://raw.githubusercontent.com/lancebroz/mlb-pitcher-data/main/data/raw/2026/daily/2026-04-05.parquet,False,2026-04-05,2026-04-05T20:05:00Z,HOU,ATH,A,Christian Roa,False,RELIEF_OR_BULK,27,5,2,0,0,2,1,0,0,https://statsapi.mlb.com/api/v1.1/game/825025/feed/live,both,True,P,Pitcher,BULLPEN_PITCHER,True,QA_VALIDATED_CANONICAL_V3
686993,22,5,36,50,160,210,Top,825025,https://raw.githubusercontent.com/lancebroz/mlb-pitcher-data/main/data/raw/2026/daily/2026-04-05.parquet,False,2026-04-05,2026-04-05T20:05:00Z,ATH,HOU,H,Justin Sterner,False,RELIEF_OR_BULK,22,6,4,0,0,2,1,1,0,https://statsapi.mlb.com/api/v1.1/game/825025/feed/live,both,True,P,Pitcher,BULLPEN_PITCHER,True,QA_VALIDATED_CANONICAL_V3
687911,23,8,81,90,343,372,Bot,825025,https://raw.githubusercontent.com/lancebroz/mlb-pitcher-data/main/data/raw/2026/daily/2026-04-05.parquet,False,2026-04-05,2026-04-05T20:05:00Z,HOU,ATH,A,Bryan King,False,RELIEF_OR_BULK,23,7,5,0,0,1,1,1,0,https://statsapi.mlb.com/api/v1.1/game/825025/feed/live,both,True,P,Pitcher,BULLPEN_PITCHER,True,QA_VALIDATED_CANONICAL_V3
805123,44,5,44,66,188,273,Bot,825025,https://raw.githubusercontent.com/lancebroz/mlb-pitcher-data/main/data/raw/2026/daily/2026-04-05.parquet,False,2026-04-05,2026-04-05T20:05:00Z,HOU,ATH,A,AJ Blubaugh,False,RELIEF_OR_BULK,44,13,6,4,4,5,2,1,1,https://statsapi.mlb.com/api/v1.1/game/825025/feed/live,both,True,P,Pitcher,BULLPEN_PITCHER,True,QA_VALIDATED_CANONICAL_V3
547184,32,7,56,62,233,264,Top,825026,https://raw.githubusercontent.com/lancebroz/mlb-pitcher-data/main/data/raw/2026/daily/2026-04-03.parquet,False,2026-04-03,2026-04-04T01:40:00Z,ATH,HOU,H,Michael Kelly,False,RELIEF_OR_BULK,32,7,3,1,1,1,3,2,0,https://statsapi.mlb.com/api/v1.1/game/825026/feed/live,both,True,P,Pitcher,BULLPEN_PITCHER,True,QA_VALIDATED_CANONICAL_V3
605488,103,1,0,51,1,224,Top,825026,https://raw.githubusercontent.com/lancebroz/mlb-pitcher-data/main/data/raw/2026/daily/2026-04-03.parquet,False,2026-04-03,2026-04-04T01:40:00Z,ATH,HOU,H,Jeffrey Springs,True,STARTER,103,21,18,1,1,2,1,7,0,https://statsapi.mlb.com/api/v1.1/game/825026/feed/live,both,True,P,Pitcher,STARTER/OPENER/BULK,True,QA_VALIDATED_CANONICAL_V3
664299,82,1,4,35,20,154,Bot,825026,https://raw.githubusercontent.com/lancebroz/mlb-pitcher-data/main/data/raw/2026/daily/2026-04-03.parquet,False,2026-04-03,2026-04-04T01:40:00Z,HOU,ATH,A,Cristian Javier,True,STARTER,82,21,11,6,6,6,5,2,0,https://statsapi.mlb.com/api/v1.1/game/825026/feed/live,both,True,P,Pitcher,STARTER/OPENER/BULK,True,QA_VALIDATED_CANONICAL_V3
669372,32,8,66,79,282,326,Top,825026,https://raw.githubusercontent.com/lancebroz/mlb-pitcher-data/main/data/raw/2026/daily/2026-04-03.parquet,False,2026-04-03,2026-04-04T01:40:00Z,ATH,HOU,H,J.T. Ginn,False,RELIEF_OR_BULK,32,10,6,2,2,3,1,1,0,https://statsapi.mlb.com/api/v1.1/game/825026/feed/live,both,True,P,Pitcher,BULLPEN_PITCHER,True,QA_VALIDATED_CANONICAL_V3
680802,38,6,52,72,225,303,Bot,825026,https://raw.githubusercontent.com/lancebroz/mlb-pitcher-data/main/data/raw/2026/daily/2026-04-03.parquet,False,2026-04-03,2026-04-04T01:40:00Z,HOU,ATH,A,Ryan Weiss,False,RELIEF_OR_BULK,38,11,9,0,0,3,0,2,0,https://statsapi.mlb.com/api/v1.1/game/825026/feed/live,both,True,P,Pitcher,BULLPEN_PITCHER,True,QA_VALIDATED_CANONICAL_V3
682610,39,4,36,48,155,207,Bot,825026,https://raw.githubusercontent.com/lancebroz/mlb-pitcher-data/main/data/raw/2026/daily/2026-04-03.parquet,False,2026-04-03,2026-04-04T01:40:00Z,HOU,ATH,A,Roddery Muñoz,False,RELIEF_OR_BULK,39,10,4,5,5,4,2,2,2,https://statsapi.mlb.com/api/v1.1/game/825026/feed/live,both,True,P,Pitcher,BULLPEN_PITCHER,True,QA_VALIDATED_CANONICAL_V3
547184,17,9,81,85,311,327,Top,825027,https://raw.githubusercontent.com/lancebroz/mlb-pitcher-data/main/data/raw/2026/daily/2026-04-04.parquet,False,2026-04-04,2026-04-04T20:05:00Z,ATH,HOU,H,Michael Kelly,False,RELIEF_OR_BULK,17,5,3,0,0,1,1,0,0,https://statsapi.mlb.com/api/v1.1/game/825027/feed/live,both,True,P,Pitcher,BULLPEN_PITCHER,True,QA_VALIDATED_CANONICAL_V3
595345,16,9,86,88,328,343,Bot,825027,https://raw.githubusercontent.com/lancebroz/mlb-pitcher-data/main/data/raw/2026/daily/2026-04-04.parquet,False,2026-04-04,2026-04-04T20:05:00Z,HOU,ATH,A,Steven Okert,False,RELIEF_OR_BULK,16,3,3,0,0,0,0,1,0,https://statsapi.mlb.com/api/v1.1/game/825027/feed/live,both,True,P,Pitcher,BULLPEN_PITCHER,True,QA_VALIDATED_CANONICAL_V3
663687,34,6,49,57,179,212,Top,825027,https://raw.githubusercontent.com/lancebroz/mlb-pitcher-data/main/data/raw/2026/daily/2026-04-04.parquet,False,2026-04-04,2026-04-04T20:05:00Z,ATH,HOU,H,Hogan Harris,False,RELIEF_OR_BULK,34,9,3,3,3,4,2,1,0,https://statsapi.mlb.com/api/v1.1/game/825027/feed/live,both,True,P,Pitcher,BULLPEN_PITCHER,True,QA_VALIDATED_CANONICAL_V3
665622,43,7,63,76,241,295,Top,825027,https://raw.githubusercontent.com/lancebroz/mlb-pitcher-data/main/data/raw/2026/daily/2026-04-04.parquet,False,2026-04-04,2026-04-04T20:05:00Z,ATH,HOU,H,Luis Medina,False,RELIEF_OR_BULK,43,10,6,1,1,2,2,4,1,https://statsapi.mlb.com/api/v1.1/game/825027/feed/live,both,True,P,Pitcher,BULLPEN_PITCHER,True,QA_VALIDATED_CANONICAL_V3
665660,29,4,33,44,128,166,Top,825027,https://raw.githubusercontent.com/lancebroz/mlb-pitcher-data/main/data/raw/2026/daily/2026-04-04.parquet,False,2026-04-04,2026-04-04T20:05:00Z,ATH,HOU,H,Elvis Alvarado,False,RELIEF_OR_BULK,29,9,6,2,2,3,2,0,0,https://statsapi.mlb.com/api/v1.1/game/825027/feed/live,both,True,P,Pitcher,BULLPEN_PITCHER,True,QA_VALIDATED_CANONICAL_V3
678906,33,6,62,80,235,310,Bot,825027,https://raw.githubusercontent.com/lancebroz/mlb-pitcher-data/main/data/raw/2026/daily/2026-04-04.parquet,False,2026-04-04,2026-04-04T20:05:00Z,HOU,ATH,A,Kai-Wei Teng,False,RELIEF_OR_BULK,33,9,7,0,0,2,0,3,0,https://statsapi.mlb.com/api/v1.1/game/825027/feed/live,both,True,P,Pitcher,BULLPEN_PITCHER,True,QA_VALIDATED_CANONICAL_V3
806960,77,1,0,32,1,127,Top,825027,https://raw.githubusercontent.com/lancebroz/mlb-pitcher-data/main/data/raw/2026/daily/2026-04-04.parquet,False,2026-04-04,2026-04-04T20:05:00Z,ATH,HOU,H,Luis Morales,True,STARTER,77,22,9,5,5,8,6,0,1,https://statsapi.mlb.com/api/v1.1/game/825027/feed/live,both,True,P,Pitcher,STARTER/OPENER/BULK,True,QA_VALIDATED_CANONICAL_V3
837227,94,1,7,61,21,234,Bot,825027,https://raw.githubusercontent.com/lancebroz/mlb-pitcher-data/main/data/raw/2026/daily/2026-04-04.parquet,False,2026-04-04,2026-04-04T20:05:00Z,HOU,ATH,A,Tatsuya Imai,True,STARTER,94,22,17,0,0,3,3,9,0,https://statsapi.mlb.com/api/v1.1/game/825027/feed/live,both,True,P,Pitcher,STARTER/OPENER/BULK,True,QA_VALIDATED_CANONICAL_V3
527048,75,1,5,44,21,171,Bot,825102,https://raw.githubusercontent.com/lancebroz/mlb-pitcher-data/main/data/raw/2026/daily/2026-04-05.parquet,False,2026-04-05,2026-04-05T20:10:00Z,ATL,AZ,A,Martín Pérez,True,STARTER,75,20,15,4,4,5,1,1,0,https://statsapi.mlb.com/api/v1.1/game/825102/feed/live,both,True,P,Pitcher,STARTER/OPENER/BULK,True,QA_VALIDATED_CANONICAL_V3
606303,1,10,80,80,298,298,Bot,825102,https://raw.githubusercontent.com/lancebroz/mlb-pitcher-data/main/data/raw/2026/daily/2026-04-05.parquet,False,2026-04-05,2026-04-05T20:10:00Z,ATL,AZ,A,Joel Payamps,False,RELIEF_OR_BULK,1,1,0,1,0,1,0,0,0,https://statsapi.mlb.com/api/v1.1/game/825102/feed/live,both,True,P,Pitcher,BULLPEN_PITCHER,True,QA_VALIDATED_CANONICAL_V3
628452,14,9,74,76,275,288,Bot,825102,https://raw.githubusercontent.com/lancebroz/mlb-pitcher-data/main/data/raw/2026/daily/2026-04-05.parquet,False,2026-04-05,2026-04-05T20:10:00Z,ATL,AZ,A,Raisel Iglesias,False,RELIEF_OR_BULK,14,3,3,0,0,0,0,1,0,https://statsapi.mlb.com/api/v1.1/game/825102/feed/live,both,True,P,Pitcher,BULLPEN_PITCHER,True,QA_VALIDATED_CANONICAL_V3
641755,19,6,45,49,172,190,Bot,825102,https://raw.githubusercontent.com/lancebroz/mlb-pitcher-data/main/data/raw/2026/daily/2026-04-05.parquet,False,2026-04-05,2026-04-05T20:10:00Z,ATL,AZ,A,Tyler Kinley,False,RELIEF_OR_BULK,19,5,3,0,0,1,1,0,0,https://statsapi.mlb.com/api/v1.1/game/825102/feed/live,both,True,P,Pitcher,BULLPEN_PITCHER,True,QA_VALIDATED_CANONICAL_V3
642528,25,9,68,73,250,274,Top,825102,https://raw.githubusercontent.com/lancebroz/mlb-pitcher-data/main/data/raw/2026/daily/2026-04-05.parquet,False,2026-04-05,2026-04-05T20:10:00Z,AZ,ATL,H,Jonathan Loáisiga,False,RELIEF_OR_BULK,25,6,3,1,1,3,0,1,0,https://statsapi.mlb.com/api/v1.1/game/825102/feed/live,both,True,P,Pitcher,BULLPEN_PITCHER,True,QA_VALIDATED_CANONICAL_V3
656464,13,8,61,64,223,235,Top,825102,https://raw.githubusercontent.com/lancebroz/mlb-pitcher-data/main/data/raw/2026/daily/2026-04-05.parquet,False,2026-04-05,2026-04-05T20:10:00Z,AZ,ATL,H,Kevin Ginkel,False,RELIEF_OR_BULK,13,4,3,0,0,1,0,1,0,https://statsapi.mlb.com/api/v1.1/game/825102/feed/live,both,True,P,Pitcher,BULLPEN_PITCHER,True,QA_VALIDATED_CANONICAL_V3
657044,14,7,50,55,191,204,Top,825102,https://raw.githubusercontent.com/lancebroz/mlb-pitcher-data/main/data/raw/2026/daily/2026-04-05.parquet,False,2026-04-05,2026-04-05T20:10:00Z,AZ,ATL,H,Ryan Thompson,False,RELIEF_OR_BULK,14,6,3,1,0,1,1,1,0,https://statsapi.mlb.com/api/v1.1/game/825102/feed/live,both,True,P,Pitcher,BULLPEN_PITCHER,True,QA_VALIDATED_CANONICAL_V3
663158,14,8,65,67,236,249,Bot,825102,https://raw.githubusercontent.com/lancebroz/mlb-pitcher-data/main/data/raw/2026/daily/2026-04-05.parquet,False,2026-04-05,2026-04-05T20:10:00Z,ATL,AZ,A,Robert Suarez,False,RELIEF_OR_BULK,14,3,3,0,0,0,0,3,0,https://statsapi.mlb.com/api/v1.1/game/825102/feed/live,both,True,P,Pitcher,BULLPEN_PITCHER,True,QA_VALIDATED_CANONICAL_V3
664199,17,5,37,43,140,167,Top,825102,https://raw.githubusercontent.com/lancebroz/mlb-pitcher-data/main/data/raw/2026/daily/2026-04-05.parquet,False,2026-04-05,2026-04-05T20:10:00Z,AZ,ATL,H,Taylor Clarke,False,RELIEF_OR_BULK,17,4,4,0,0,0,0,1,0,https://statsapi.mlb.com/api/v1.1/game/825102/feed/live,both,True,P,Pitcher,BULLPEN_PITCHER,True,QA_VALIDATED_CANONICAL_V3
669276,18,7,56,60,205,222,Bot,825102,https://raw.githubusercontent.com/lancebroz/mlb-pitcher-data/main/data/raw/2026/daily/2026-04-05.parquet,False,2026-04-05,2026-04-05T20:10:00Z,ATL,AZ,A,Dylan Lee,False,RELIEF_OR_BULK,18,5,3,1,1,2,0,0,0,https://statsapi.mlb.com/api/v1.1/game/825102/feed/live,both,True,P,Pitcher,BULLPEN_PITCHER,True,QA_VALIDATED_CANONICAL_V3
688497,9,10,77,79,289,297,Top,825102,https://raw.githubusercontent.com/lancebroz/mlb-pitcher-data/main/data/raw/2026/daily/2026-04-05.parquet,False,2026-04-05,2026-04-05T20:10:00Z,AZ,ATL,H,Taylor Rashi,False,RELIEF_OR_BULK,9,3,3,0,0,0,0,0,0,https://statsapi.mlb.com/api/v1.1/game/825102/feed/live,both,True,P,Pitcher,BULLPEN_PITCHER,True,QA_VALIDATED_CANONICAL_V3
694297,79,1,0,36,1,139,Top,825102,https://raw.githubusercontent.com/lancebroz/mlb-pitcher-data/main/data/raw/2026/daily/2026-04-05.parquet,False,2026-04-05,2026-04-05T20:10:00Z,AZ,ATL,H,Brandon Pfaadt,True,STARTER,79,21,14,3,3,6,2,2,1,https://statsapi.mlb.com/api/v1.1/game/825102/feed/live,both,True,P,Pitcher,STARTER/OPENER/BULK,True,QA_VALIDATED_CANONICAL_V3
593958,90,1,0,46,1,175,Top,825103,https://raw.githubusercontent.com/lancebroz/mlb-pitcher-data/main/data/raw/2026/daily/2026-04-03.parquet,False,2026-04-03,2026-04-04T01:45:00Z,AZ,ATL,H,Eduardo Rodriguez,True,STARTER,90,26,21,0,0,4,1,3,0,https://statsapi.mlb.com/api/v1.1/game/825103/feed/live,both,True,P,Pitcher,STARTER/OPENER/BULK,True,QA_VALIDATED_CANONICAL_V3
623149,16,9,57,60,201,216,Top,825103,https://raw.githubusercontent.com/lancebroz/mlb-pitcher-data/main/data/raw/2026/daily/2026-04-03.parquet,False,2026-04-03,2026-04-04T01:45:00Z,AZ,ATL,H,Paul Sewald,False,RELIEF_OR_BULK,16,4,2,2,2,2,0,1,2,https://statsapi.mlb.com/api/v1.1/game/825103/feed/live,both,True,P,Pitcher,BULLPEN_PITCHER,True,QA_VALIDATED_CANONICAL_V3
628452,16,9,62,64,219,234,Bot,825103,https://raw.githubusercontent.com/lancebroz/mlb-pitcher-data/main/data/raw/2026/daily/2026-04-03.parquet,False,2026-04-03,2026-04-04T01:45:00Z,ATL,AZ,A,Raisel Iglesias,False,RELIEF_OR_BULK,16,3,3,0,0,0,0,0,0,https://statsapi.mlb.com/api/v1.1/game/825103/feed/live,both,True,P,Pitcher,BULLPEN_PITCHER,True,QA_VALIDATED_CANONICAL_V3
656550,85,1,5,43,13,163,Bot,825103,https://raw.githubusercontent.com/lancebroz/mlb-pitcher-data/main/data/raw/2026/daily/2026-04-03.parquet,False,2026-04-03,2026-04-04T01:45:00Z,ATL,AZ,A,Grant Holmes,True,STARTER,85,21,18,0,0,1,3,4,0,https://statsapi.mlb.com/api/v1.1/game/825103/feed/live,both,True,P,Pitcher,STARTER/OPENER/BULK,True,QA_VALIDATED_CANONICAL_V3
657044,2,9,61,61,217,218,Top,825103,https://raw.githubusercontent.com/lancebroz/mlb-pitcher-data/main/data/raw/2026/daily/2026-04-03.parquet,False,2026-04-03,2026-04-04T01:45:00Z,AZ,ATL,H,Ryan Thompson,False,RELIEF_OR_BULK,2,1,1,0,0,0,0,0,0,https://statsapi.mlb.com/api/v1.1/game/825103/feed/live,both,True,P,Pitcher,BULLPEN_PITCHER,True,QA_VALIDATED_CANONICAL_V3
663158,8,8,54,56,193,200,Bot,825103,https://raw.githubusercontent.com/lancebroz/mlb-pitcher-data/main/data/raw/2026/daily/2026-04-03.parquet,False,2026-04-03,2026-04-04T01:45:00Z,ATL,AZ,A,Robert Suarez,False,RELIEF_OR_BULK,8,3,3,0,0,0,0,0,0,https://statsapi.mlb.com/api/v1.1/game/825103/feed/live,both,True,P,Pitcher,BULLPEN_PITCHER,True,QA_VALIDATED_CANONICAL_V3
666661,6,8,51,53,187,192,Top,825103,https://raw.githubusercontent.com/lancebroz/mlb-pitcher-data/main/data/raw/2026/daily/2026-04-03.parquet,False,2026-04-03,2026-04-04T01:45:00Z,AZ,ATL,H,Juan Morillo,False,RELIEF_OR_BULK,6,3,3,0,0,0,0,1,0,https://statsapi.mlb.com/api/v1.1/game/825103/feed/live,both,True,P,Pitcher,BULLPEN_PITCHER,True,QA_VALIDATED_CANONICAL_V3
669276,11,7,47,50,176,186,Bot,825103,https://raw.githubusercontent.com/lancebroz/mlb-pitcher-data/main/data/raw/2026/daily/2026-04-03.parquet,False,2026-04-03,2026-04-04T01:45:00Z,ATL,AZ,A,Dylan Lee,False,RELIEF_OR_BULK,11,4,3,0,0,1,0,1,0,https://statsapi.mlb.com/api/v1.1/game/825103/feed/live,both,True,P,Pitcher,BULLPEN_PITCHER,True,QA_VALIDATED_CANONICAL_V3
623149,21,9,58,60,224,244,Top,825104,https://raw.githubusercontent.com/lancebroz/mlb-pitcher-data/main/data/raw/2026/daily/2026-04-04.parquet,False,2026-04-04,2026-04-04T23:15:00Z,AZ,ATL,H,Paul Sewald,False,RELIEF_OR_BULK,21,3,3,0,0,0,0,2,0,https://statsapi.mlb.com/api/v1.1/game/825104/feed/live,both,True,P,Pitcher,BULLPEN_PITCHER,True,QA_VALIDATED_CANONICAL_V3
641755,7,8,55,57,217,223,Bot,825104,https://raw.githubusercontent.com/lancebroz/mlb-pitcher-data/main/data/raw/2026/daily/2026-04-04.parquet,False,2026-04-04,2026-04-04T23:15:00Z,ATL,AZ,A,Tyler Kinley,False,RELIEF_OR_BULK,7,3,3,0,0,0,0,1,0,https://statsapi.mlb.com/api/v1.1/game/825104/feed/live,both,True,P,Pitcher,BULLPEN_PITCHER,True,QA_VALIDATED_CANONICAL_V3
642528,10,7,46,48,183,192,Top,825104,https://raw.githubusercontent.com/lancebroz/mlb-pitcher-data/main/data/raw/2026/daily/2026-04-04.parquet,False,2026-04-04,2026-04-04T23:15:00Z,AZ,ATL,H,Jonathan Loáisiga,False,RELIEF_OR_BULK,10,3,3,0,0,0,0,0,0,https://statsapi.mlb.com/api/v1.1/game/825104/feed/live,both,True,P,Pitcher,BULLPEN_PITCHER,True,QA_VALIDATED_CANONICAL_V3
647336,91,1,0,36,1,144,Top,825104,https://raw.githubusercontent.com/lancebroz/mlb-pitcher-data/main/data/raw/2026/daily/2026-04-04.parquet,False,2026-04-04,2026-04-04T23:15:00Z,AZ,ATL,H,Michael Soroka,True,STARTER,91,22,15,1,1,4,3,3,0,https://statsapi.mlb.com/api/v1.1/game/825104/feed/live,both,True,P,Pitcher,STARTER/OPENER/BULK,True,QA_VALIDATED_CANONICAL_V3
664199,12,6,40,42,159,170,Top,825104,https://raw.githubusercontent.com/lancebroz/mlb-pitcher-data/main/data/raw/2026/daily/2026-04-04.parquet,False,2026-04-04,2026-04-04T23:15:00Z,AZ,ATL,H,Taylor Clarke,False,RELIEF_OR_BULK,12,3,3,0,0,0,0,1,0,https://statsapi.mlb.com/api/v1.1/game/825104/feed/live,both,True,P,Pitcher,BULLPEN_PITCHER,True,QA_VALIDATED_CANONICAL_V3
666661,14,8,52,54,203,216,Top,825104,https://raw.githubusercontent.com/lancebroz/mlb-pitcher-data/main/data/raw/2026/daily/2026-04-04.parquet,False,2026-04-04,2026-04-04T23:15:00Z,AZ,ATL,H,Juan Morillo,False,RELIEF_OR_BULK,14,3,3,0,0,0,0,1,0,https://statsapi.mlb.com/api/v1.1/game/825104/feed/live,both,True,P,Pitcher,BULLPEN_PITCHER,True,QA_VALIDATED_CANONICAL_V3
693821,89,1,4,51,18,202,Bot,825104,https://raw.githubusercontent.com/lancebroz/mlb-pitcher-data/main/data/raw/2026/daily/2026-04-04.parquet,False,2026-04-04,2026-04-04T23:15:00Z,ATL,AZ,A,Bryce Elder,True,STARTER,89,24,21,2,0,4,1,8,0,https://statsapi.mlb.com/api/v1.1/game/825104/feed/live,both,True,P,Pitcher,STARTER/OPENER/BULK,True,QA_VALIDATED_CANONICAL_V3
543510,20,9,72,81,291,310,Top,825105,https://raw.githubusercontent.com/lancebroz/mlb-pitcher-data/main/data/raw/2026/daily/2026-04-02.parquet,False,2026-04-02,2026-04-03T01:40:00Z,AZ,ATL,H,James McCann,False,RELIEF_OR_BULK,20,10,3,5,5,7,0,0,1,https://statsapi.mlb.com/api/v1.1/game/825105/feed/live,both,True,C,Catcher,POSITION_PLAYER_PITCHING,True,EXCLUIR_POSITION_PLAYER_PITCHING
605452,52,6,46,59,182,243,Top,825105,https://raw.githubusercontent.com/lancebroz/mlb-pitcher-data/main/data/raw/2026/daily/2026-04-02.parquet,False,2026-04-02,2026-04-03T01:40:00Z,AZ,ATL,H,Joe Ross,False,RELIEF_OR_BULK,52,11,6,2,2,2,3,1,1,https://statsapi.mlb.com/api/v1.1/game/825105/feed/live,both,True,P,Pitcher,BULLPEN_PITCHER,True,QA_VALIDATED_CANONICAL_V3
625643,79,1,4,45,18,181,Bot,825105,https://raw.githubusercontent.com/lancebroz/mlb-pitcher-data/main/data/raw/2026/daily/2026-04-02.parquet,False,2026-04-02,2026-04-03T01:40:00Z,ATL,AZ,A,Reynaldo López,True,STARTER,79,20,15,1,1,4,1,3,1,https://statsapi.mlb.com/api/v1.1/game/825105/feed/live,both,True,P,Pitcher,STARTER/OPENER/BULK,True,QA_VALIDATED_CANONICAL_V3
641755,10,6,53,55,217,226,Bot,825105,https://raw.githubusercontent.com/lancebroz/mlb-pitcher-data/main/data/raw/2026/daily/2026-04-02.parquet,False,2026-04-02,2026-04-03T01:40:00Z,ATL,AZ,A,Tyler Kinley,False,RELIEF_OR_BULK,10,3,3,0,0,0,0,1,0,https://statsapi.mlb.com/api/v1.1/game/825105/feed/live,both,True,P,Pitcher,BULLPEN_PITCHER,True,QA_VALIDATED_CANONICAL_V3
656464,22,5,37,41,145,166,Top,825105,https://raw.githubusercontent.com/lancebroz/mlb-pitcher-data/main/data/raw/2026/daily/2026-04-02.parquet,False,2026-04-02,2026-04-03T01:40:00Z,AZ,ATL,H,Kevin Ginkel,False,RELIEF_OR_BULK,22,5,1,3,3,3,1,0,0,https://statsapi.mlb.com/api/v1.1/game/825105/feed/live,both,True,P,Pitcher,BULLPEN_PITCHER,True,QA_VALIDATED_CANONICAL_V3
669194,80,1,0,36,1,144,Top,825105,https://raw.githubusercontent.com/lancebroz/mlb-pitcher-data/main/data/raw/2026/daily/2026-04-02.parquet,False,2026-04-02,2026-04-03T01:40:00Z,AZ,ATL,H,Ryne Nelson,True,STARTER,80,21,14,7,2,3,3,3,2,https://statsapi.mlb.com/api/v1.1/game/825105/feed/live,both,True,P,Pitcher,STARTER/OPENER/BULK,True,QA_VALIDATED_CANONICAL_V3
674370,42,7,60,86,244,328,Bot,825105,https://raw.githubusercontent.com/lancebroz/mlb-pitcher-data/main/data/raw/2026/daily/2026-04-02.parquet,False,2026-04-02,2026-04-03T01:40:00Z,ATL,AZ,A,Osvaldo Bido,False,RELIEF_OR_BULK,42,12,9,1,1,2,1,1,0,https://statsapi.mlb.com/api/v1.1/game/825105/feed/live,both,True,P,Pitcher,BULLPEN_PITCHER,True,QA_VALIDATED_CANONICAL_V3
694851,23,8,64,68,258,280,Top,825105,https://raw.githubusercontent.com/lancebroz/mlb-pitcher-data/main/data/raw/2026/daily/2026-04-02.parquet,False,2026-04-02,2026-04-03T01:40:00Z,AZ,ATL,H,Andrew Hoffmann,False,RELIEF_OR_BULK,23,5,3,0,0,1,1,2,0,https://statsapi.mlb.com/api/v1.1/game/825105/feed/live,both,True,P,Pitcher,BULLPEN_PITCHER,True,QA_VALIDATED_CANONICAL_V3
640448,20,8,53,57,205,224,Bot,825106,https://raw.githubusercontent.com/lancebroz/mlb-pitcher-data/main/data/raw/2026/daily/2026-04-01.parquet,False,2026-04-01,2026-04-01T19:40:00Z,DET,AZ,A,Kyle Finnegan,False,RELIEF_OR_BULK,20,5,3,0,0,0,2,0,0,https://statsapi.mlb.com/api/v1.1/game/825106/feed/live,both,True,P,Pitcher,BULLPEN_PITCHER,True,QA_VALIDATED_CANONICAL_V3
642528,16,9,58,61,225,240,Top,825106,https://raw.githubusercontent.com/lancebroz/mlb-pitcher-data/main/data/raw/2026/daily/2026-04-01.parquet,False,2026-04-01,2026-04-01T19:40:00Z,AZ,DET,H,Jonathan Loáisiga,False,RELIEF_OR_BULK,16,4,3,0,0,2,0,0,0,https://statsapi.mlb.com/api/v1.1/game/825106/feed/live,both,True,P,Pitcher,BULLPEN_PITCHER,True,QA_VALIDATED_CANONICAL_V3
664199,18,7,43,46,167,184,Top,825106,https://raw.githubusercontent.com/lancebroz/mlb-pitcher-data/main/data/raw/2026/daily/2026-04-01.parquet,False,2026-04-01,2026-04-01T19:40:00Z,AZ,DET,H,Taylor Clarke,False,RELIEF_OR_BULK,18,4,3,0,0,1,0,2,0,https://statsapi.mlb.com/api/v1.1/game/825106/feed/live,both,True,P,Pitcher,BULLPEN_PITCHER,True,QA_VALIDATED_CANONICAL_V3
666661,11,8,50,52,194,204,Top,825106,https://raw.githubusercontent.com/lancebroz/mlb-pitcher-data/main/data/raw/2026/daily/2026-04-01.parquet,False,2026-04-01,2026-04-01T19:40:00Z,AZ,DET,H,Juan Morillo,False,RELIEF_OR_BULK,11,3,3,0,0,0,0,1,0,https://statsapi.mlb.com/api/v1.1/game/825106/feed/live,both,True,P,Pitcher,BULLPEN_PITCHER,True,QA_VALIDATED_CANONICAL_V3
668678,88,1,0,39,1,158,Top,825106,https://raw.githubusercontent.com/lancebroz/mlb-pitcher-data/main/data/raw/2026/daily/2026-04-01.parquet,False,2026-04-01,2026-04-01T19:40:00Z,AZ,DET,H,Zac Gallen,True,STARTER,88,21,18,0,0,4,0,2,0,https://statsapi.mlb.com/api/v1.1/game/825106/feed/live,both,True,P,Pitcher,STARTER/OPENER/BULK,True,QA_VALIDATED_CANONICAL_V3
669373,87,1,4,49,19,193,Bot,825106,https://raw.githubusercontent.com/lancebroz/mlb-pitcher-data/main/data/raw/2026/daily/2026-04-01.parquet,False,2026-04-01,2026-04-01T19:40:00Z,DET,AZ,A,Tarik Skubal,True,STARTER,87,25,21,1,1,6,0,3,1,https://statsapi.mlb.com/api/v1.1/game/825106/feed/live,both,True,P,Pitcher,STARTER/OPENER/BULK,True,QA_VALIDATED_CANONICAL_V3
445276,8,8,64,65,254,261,Bot,825107,https://raw.githubusercontent.com/lancebroz/mlb-pitcher-data/main/data/raw/2026/daily/2026-03-31.parquet,False,2026-03-31,2026-04-01T01:40:00Z,DET,AZ,A,Kenley Jansen,False,RELIEF_OR_BULK,8,2,1,1,1,1,0,1,1,https://statsapi.mlb.com/api/v1.1/game/825107/feed/live,both,True,P,Pitcher,BULLPEN_PITCHER,True,QA_VALIDATED_CANONICAL_V3
623149,13,9,66,68,262,274,Top,825107,https://raw.githubusercontent.com/lancebroz/mlb-pitcher-data/main/data/raw/2026/daily/2026-03-31.parquet,False,2026-03-31,2026-04-01T01:40:00Z,AZ,DET,H,Paul Sewald,False,RELIEF_OR_BULK,13,3,3,0,0,0,0,3,0,https://statsapi.mlb.com/api/v1.1/game/825107/feed/live,both,True,P,Pitcher,BULLPEN_PITCHER,True,QA_VALIDATED_CANONICAL_V3
623454,16,7,50,58,194,226,Bot,825107,https://raw.githubusercontent.com/lancebroz/mlb-pitcher-data/main/data/raw/2026/daily/2026-03-31.parquet,False,2026-03-31,2026-04-01T01:40:00Z,DET,AZ,A,Drew Anderson,False,RELIEF_OR_BULK,16,5,3,2,2,2,0,2,0,https://statsapi.mlb.com/api/v1.1/game/825107/feed/live,both,True,P,Pitcher,BULLPEN_PITCHER,True,QA_VALIDATED_CANONICAL_V3
663554,93,1,3,46,11,178,Bot,825107,https://raw.githubusercontent.com/lancebroz/mlb-pitcher-data/main/data/raw/2026/daily/2026-03-31.parquet,False,2026-03-31,2026-04-01T01:40:00Z,DET,AZ,A,Casey Mize,True,STARTER,93,22,18,1,1,4,2,9,1,https://statsapi.mlb.com/api/v1.1/game/825107/feed/live,both,True,P,Pitcher,STARTER/OPENER/BULK,True,QA_VALIDATED_CANONICAL_V3
676684,27,8,59,63,227,253,Bot,825107,https://raw.githubusercontent.com/lancebroz/mlb-pitcher-data/main/data/raw/2026/daily/2026-03-31.parquet,False,2026-03-31,2026-04-01T01:40:00Z,DET,AZ,A,Will Vest,False,RELIEF_OR_BULK,27,5,2,3,3,1,2,0,0,https://statsapi.mlb.com/api/v1.1/game/825107/feed/live,both,True,P,Pitcher,BULLPEN_PITCHER,True,QA_VALIDATED_CANONICAL_V3
694297,85,1,0,43,1,163,Top,825107,https://raw.githubusercontent.com/lancebroz/mlb-pitcher-data/main/data/raw/2026/daily/2026-03-31.parquet,False,2026-03-31,2026-04-01T01:40:00Z,AZ,DET,H,Brandon Pfaadt,True,STARTER,85,24,18,5,5,6,1,3,0,https://statsapi.mlb.com/api/v1.1/game/825107/feed/live,both,True,P,Pitcher,STARTER/OPENER/BULK,True,QA_VALIDATED_CANONICAL_V3
694851,32,7,47,56,179,220,Top,825107,https://raw.githubusercontent.com/lancebroz/mlb-pitcher-data/main/data/raw/2026/daily/2026-03-31.parquet,False,2026-03-31,2026-04-01T01:40:00Z,AZ,DET,H,Andrew Hoffmann,False,RELIEF_OR_BULK,32,7,6,0,0,0,1,3,0,https://statsapi.mlb.com/api/v1.1/game/825107/feed/live,both,True,P,Pitcher,BULLPEN_PITCHER,True,QA_VALIDATED_CANONICAL_V3
434378,80,1,5,35,26,160,Bot,825108,https://raw.githubusercontent.com/lancebroz/mlb-pitcher-data/main/data/raw/2026/daily/2026-03-30.parquet,False,2026-03-30,2026-03-31T02:10:00Z,DET,AZ,A,Justin Verlander,True,STARTER,80,19,11,5,5,6,2,1,1,https://statsapi.mlb.com/api/v1.1/game/825108/feed/live,both,True,P,Pitcher,STARTER/OPENER/BULK,True,QA_VALIDATED_CANONICAL_V3
605452,26,7,55,62,237,262,Top,825108,https://raw.githubusercontent.com/lancebroz/mlb-pitcher-data/main/data/raw/2026/daily/2026-03-30.parquet,False,2026-03-30,2026-03-31T02:10:00Z,AZ,DET,H,Joe Ross,False,RELIEF_OR_BULK,26,8,2,6,6,5,1,1,0,https://statsapi.mlb.com/api/v1.1/game/825108/feed/live,both,True,P,Pitcher,BULLPEN_PITCHER,True,QA_VALIDATED_CANONICAL_V3
623149,12,9,80,82,331,342,Top,825108,https://raw.githubusercontent.com/lancebroz/mlb-pitcher-data/main/data/raw/2026/daily/2026-03-30.parquet,False,2026-03-30,2026-03-31T02:10:00Z,AZ,DET,H,Paul Sewald,False,RELIEF_OR_BULK,12,3,3,0,0,0,0,1,0,https://statsapi.mlb.com/api/v1.1/game/825108/feed/live,both,True,P,Pitcher,BULLPEN_PITCHER,True,QA_VALIDATED_CANONICAL_V3
640448,5,7,71,71,291,295,Bot,825108,https://raw.githubusercontent.com/lancebroz/mlb-pitcher-data/main/data/raw/2026/daily/2026-03-30.parquet,False,2026-03-30,2026-03-31T02:10:00Z,DET,AZ,A,Kyle Finnegan,False,RELIEF_OR_BULK,5,1,1,0,0,0,0,0,0,https://statsapi.mlb.com/api/v1.1/game/825108/feed/live,both,True,P,Pitcher,BULLPEN_PITCHER,True,QA_VALIDATED_CANONICAL_V3
646241,38,4,36,47,161,207,Bot,825108,https://raw.githubusercontent.com/lancebroz/mlb-pitcher-data/main/data/raw/2026/daily/2026-03-30.parquet,False,2026-03-30,2026-03-31T02:10:00Z,DET,AZ,A,Enmanuel De Jesus,False,RELIEF_OR_BULK,38,9,3,3,3,3,2,1,0,https://statsapi.mlb.com/api/v1.1/game/825108/feed/live,both,True,P,Pitcher,BULLPEN_PITCHER,True,QA_VALIDATED_CANONICAL_V3
647336,89,1,0,39,1,175,Top,825108,https://raw.githubusercontent.com/lancebroz/mlb-pitcher-data/main/data/raw/2026/daily/2026-03-30.parquet,False,2026-03-30,2026-03-31T02:10:00Z,AZ,DET,H,Michael Soroka,True,STARTER,89,20,15,0,0,4,1,10,0,https://statsapi.mlb.com/api/v1.1/game/825108/feed/live,both,True,P,Pitcher,STARTER/OPENER/BULK,True,QA_VALIDATED_CANONICAL_V3
656464,13,6,49,51,211,223,Top,825108,https://raw.githubusercontent.com/lancebroz/mlb-pitcher-data/main/data/raw/2026/daily/2026-03-30.parquet,False,2026-03-30,2026-03-31T02:10:00Z,AZ,DET,H,Kevin Ginkel,False,RELIEF_OR_BULK,13,3,3,0,0,0,0,1,0,https://statsapi.mlb.com/api/v1.1/game/825108/feed/live,both,True,P,Pitcher,BULLPEN_PITCHER,True,QA_VALIDATED_CANONICAL_V3
657044,13,7,63,65,263,275,Top,825108,https://raw.githubusercontent.com/lancebroz/mlb-pitcher-data/main/data/raw/2026/daily/2026-03-30.parquet,False,2026-03-30,2026-03-31T02:10:00Z,AZ,DET,H,Ryan Thompson,False,RELIEF_OR_BULK,13,3,0,0,0,1,2,0,0,https://statsapi.mlb.com/api/v1.1/game/825108/feed/live,both,True,P,Pitcher,BULLPEN_PITCHER,True,QA_VALIDATED_CANONICAL_V3
663947,19,8,75,79,312,330,Bot,825108,https://raw.githubusercontent.com/lancebroz/mlb-pitcher-data/main/data/raw/2026/daily/2026-03-30.parquet,False,2026-03-30,2026-03-31T02:10:00Z,DET,AZ,A,Tyler Holton,False,RELIEF_OR_BULK,19,5,3,0,0,0,2,1,0,https://statsapi.mlb.com/api/v1.1/game/825108/feed/live,both,True,P,Pitcher,BULLPEN_PITCHER,True,QA_VALIDATED_CANONICAL_V3
664199,16,8,72,74,296,311,Top,825108,https://raw.githubusercontent.com/lancebroz/mlb-pitcher-data/main/data/raw/2026/daily/2026-03-30.parquet,False,2026-03-30,2026-03-31T02:10:00Z,AZ,DET,H,Taylor Clarke,False,RELIEF_OR_BULK,16,3,3,0,0,0,0,1,0,https://statsapi.mlb.com/api/v1.1/game/825108/feed/live,both,True,P,Pitcher,BULLPEN_PITCHER,True,QA_VALIDATED_CANONICAL_V3
666661,5,7,66,66,276,280,Top,825108,https://raw.githubusercontent.com/lancebroz/mlb-pitcher-data/main/data/raw/2026/daily/2026-03-30.parquet,False,2026-03-30,2026-03-31T02:10:00Z,AZ,DET,H,Juan Morillo,False,RELIEF_OR_BULK,5,1,1,0,0,0,0,0,0,https://statsapi.mlb.com/api/v1.1/game/825108/feed/live,both,True,P,Pitcher,BULLPEN_PITCHER,True,QA_VALIDATED_CANONICAL_V3
676428,26,5,48,70,208,290,Bot,825108,https://raw.githubusercontent.com/lancebroz/mlb-pitcher-data/main/data/raw/2026/daily/2026-03-30.parquet,False,2026-03-30,2026-03-31T02:10:00Z,DET,AZ,A,Brant Hurter,False,RELIEF_OR_BULK,26,8,6,1,1,2,0,0,1,https://statsapi.mlb.com/api/v1.1/game/825108/feed/live,both,True,P,Pitcher,BULLPEN_PITCHER,True,QA_VALIDATED_CANONICAL_V3
