824851-543056,824851,2026-04-25,BOS,BAL,A,543056,Danny Coulombe,RELIEF_OR_BULK,1.0,18.0,5.0,2.0,18.0,18.0,5.0,5.0,False,False,15,4,3,0,0,1,0,1,0,,,,,,,,https://github.com/geo2343/depuracion-mlb-kernel/blob/main/runtime/hbm26_v17_sheet01_0425.csv,QA_VALIDATED_PBP_V17,RELIEF_OR_BULK,MLB,False
824851-544150,824851,2026-04-25,BAL,BOS,H,544150,Albert Suárez,RELIEF_OR_BULK,6.0,33.0,7.0,6.0,0.0,0.0,0.0,0.0,False,False,59,17,12,4,0,2,3,2,0,,,,,,,,https://github.com/geo2343/depuracion-mlb-kernel/blob/main/runtime/hbm26_v17_sheet01_0425.csv,QA_VALIDATED_PBP_V17,RELIEF_OR_BULK,MLB,False
824851-669211,824851,2026-04-25,BAL,BOS,H,669211,Keegan Akin,RELIEF_OR_BULK,,,,,,,,,,,32,9,3,6,6,6,0,2,1,,,,,,,,https://github.com/geo2343/depuracion-mlb-kernel/blob/main/runtime/hbm26_v17_sheet01_0425.csv,QA_VALIDATED_PBP_V17,,,
824851-669330,824851,2026-04-25,BAL,BOS,H,669330,Tyler Wells,RELIEF_OR_BULK,2.0,10.0,5.0,5.0,0.0,10.0,0.0,5.0,False,False,23,5,4,0,0,1,0,1,0,,,,,,,,https://github.com/geo2343/depuracion-mlb-kernel/blob/main/runtime/hbm26_v17_sheet01_0425.csv,QA_VALIDATED_PBP_V17,RELIEF_OR_BULK,MLB,False
824851-669711,824851,2026-04-25,BOS,BAL,A,669711,Greg Weissert,RELIEF_OR_BULK,1.0,12.0,4.0,1.0,12.0,12.0,4.0,4.0,False,False,21,5,3,1,0,2,0,1,0,,,,,,,,https://github.com/geo2343/depuracion-mlb-kernel/blob/main/runtime/hbm26_v17_sheet01_0425.csv,QA_VALIDATED_PBP_V17,RELIEF_OR_BULK,MLB,False
824851-701719,824851,2026-04-25,BOS,BAL,A,701719,Tyler Samaniego,RELIEF_OR_BULK,1.0,23.0,6.0,4.0,23.0,23.0,6.0,6.0,False,False,12,3,3,0,0,0,0,0,0,,,,,,,,https://github.com/geo2343/depuracion-mlb-kernel/blob/main/runtime/hbm26_v17_sheet01_0425.csv,QA_VALIDATED_PBP_V17,RELIEF_OR_BULK,MLB,False
823070-592773,823070,2026-04-25,STL,SEA,H,592773,Ryne Stanek,RELIEF_OR_BULK,3.0,32.0,6.0,2.0,0.0,0.0,0.0,0.0,False,False,10,3,2,0,0,1,0,0,0,,,,,,,,https://github.com/geo2343/depuracion-mlb-kernel/blob/main/runtime/hbm26_v17_sheet01_0425.csv,QA_VALIDATED_PBP_V17,RELIEF_OR_BULK,MLB,False
823070-662253,823070,2026-04-25,SEA,STL,A,662253,Andrés Muñoz,RELIEF_OR_BULK,0.0,14.0,4.0,3.0,14.0,31.0,4.0,8.0,True,False,14,3,3,0,0,0,1,1,0,,,,,,,,https://github.com/geo2343/depuracion-mlb-kernel/blob/main/runtime/hbm26_v17_sheet01_0425.csv,QA_VALIDATED_PBP_V17,RELIEF_OR_BULK,MLB,False
823070-666277,823070,2026-04-25,STL,SEA,H,666277,George Soriano,RELIEF_OR_BULK,0.0,11.0,2.0,2.0,11.0,11.0,2.0,2.0,True,False,15,5,3,1,1,2,0,1,0,,,,,,,,https://github.com/geo2343/depuracion-mlb-kernel/blob/main/runtime/hbm26_v17_sheet01_0425.csv,QA_VALIDATED_PBP_V17,RELIEF_OR_BULK,MLB,False
823070-666374,823070,2026-04-25,SEA,STL,A,666374,Matt Brash,RELIEF_OR_BULK,0.0,13.0,3.0,3.0,13.0,23.0,3.0,6.0,True,False,13,3,3,0,0,0,0,1,0,,,,,,,,https://github.com/geo2343/depuracion-mlb-kernel/blob/main/runtime/hbm26_v17_sheet01_0425.csv,QA_VALIDATED_PBP_V17,RELIEF_OR_BULK,MLB,False
823070-668941,823070,2026-04-25,STL,SEA,H,668941,JoJo Romero,RELIEF_OR_BULK,5.0,25.0,5.0,2.0,0.0,0.0,0.0,0.0,False,False,12,4,2,2,2,2,0,0,0,,,,,,,,https://github.com/geo2343/depuracion-mlb-kernel/blob/main/runtime/hbm26_v17_sheet01_0425.csv,QA_VALIDATED_PBP_V17,RELIEF_OR_BULK,MLB,False
823070-676617,823070,2026-04-25,STL,SEA,H,676617,Riley O'Brien,RELIEF_OR_BULK,3.0,17.0,4.0,3.0,0.0,0.0,0.0,0.0,False,False,39,9,3,2,2,4,1,1,0,,,,,,,,https://github.com/geo2343/depuracion-mlb-kernel/blob/main/runtime/hbm26_v17_sheet01_0425.csv,QA_VALIDATED_PBP_V17,RELIEF_OR_BULK,MLB,False
823070-677865,823070,2026-04-25,STL,SEA,H,677865,Justin Bruihl,RELIEF_OR_BULK,0.0,20.0,5.0,3.0,20.0,20.0,5.0,5.0,True,False,13,3,3,0,0,0,0,0,0,,,,,,,,https://github.com/geo2343/depuracion-mlb-kernel/blob/main/runtime/hbm26_v17_sheet01_0425.csv,QA_VALIDATED_PBP_V17,RELIEF_OR_BULK,MLB,False
823070-678606,823070,2026-04-25,SEA,STL,A,678606,José A. Ferrer,RELIEF_OR_BULK,2.0,26.0,8.0,6.0,0.0,26.0,0.0,8.0,False,False,29,10,6,0,0,2,1,1,0,,,,,,,,https://github.com/geo2343/depuracion-mlb-kernel/blob/main/runtime/hbm26_v17_sheet01_0425.csv,QA_VALIDATED_PBP_V17,RELIEF_OR_BULK,MLB,False
823070-681867,823070,2026-04-25,SEA,STL,A,681867,Cooper Criswell,RELIEF_OR_BULK,2.0,9.0,3.0,3.0,0.0,9.0,0.0,3.0,False,False,36,9,6,2,2,3,0,3,1,,,,,,,,https://github.com/geo2343/depuracion-mlb-kernel/blob/main/runtime/hbm26_v17_sheet01_0425.csv,QA_VALIDATED_PBP_V17,RELIEF_OR_BULK,MLB,False
823070-694335,823070,2026-04-25,STL,SEA,H,694335,Matt Svanson,RELIEF_OR_BULK,2.0,8.0,3.0,3.0,0.0,8.0,0.0,3.0,False,False,18,3,2,0,0,0,1,1,0,,,,,,,,https://github.com/geo2343/depuracion-mlb-kernel/blob/main/runtime/hbm26_v17_sheet01_0425.csv,QA_VALIDATED_PBP_V17,RELIEF_OR_BULK,MLB,False
823070-700669,823070,2026-04-25,STL,SEA,H,700669,Gordon Graceffo,RELIEF_OR_BULK,0.0,23.0,6.0,6.0,23.0,41.0,6.0,10.0,True,False,6,3,2,1,1,2,0,0,0,,,,,,,,https://github.com/geo2343/depuracion-mlb-kernel/blob/main/runtime/hbm26_v17_sheet01_0425.csv,QA_VALIDATED_PBP_V17,RELIEF_OR_BULK,MLB,False
822826-641401,822826,2026-04-25,CLE,TOR,A,641401,Connor Brogdon,RELIEF_OR_BULK,3.0,11.0,3.0,1.0,0.0,0.0,0.0,0.0,False,False,12,3,3,0,0,0,0,2,0,,,,,,,,https://github.com/geo2343/depuracion-mlb-kernel/blob/main/runtime/hbm26_v17_sheet01_0425.csv,QA_VALIDATED_PBP_V17,RELIEF_OR_BULK,MLB,False
822826-643511,822826,2026-04-25,TOR,CLE,H,643511,Tyler Rogers,RELIEF_OR_BULK,3.0,12.0,3.0,3.0,0.0,0.0,0.0,0.0,False,False,14,3,3,0,0,0,0,1,0,,,,,,,,https://github.com/geo2343/depuracion-mlb-kernel/blob/main/runtime/hbm26_v17_sheet01_0425.csv,QA_VALIDATED_PBP_V17,RELIEF_OR_BULK,MLB,False
822826-670036,822826,2026-04-25,CLE,TOR,A,670036,Matt Festa,RELIEF_OR_BULK,2.0,18.0,4.0,3.0,0.0,18.0,0.0,4.0,False,False,17,5,3,1,0,1,0,3,0,,,,,,,,https://github.com/geo2343/depuracion-mlb-kernel/blob/main/runtime/hbm26_v17_sheet01_0425.csv,QA_VALIDATED_PBP_V17,RELIEF_OR_BULK,MLB,False
822826-686973,822826,2026-04-25,TOR,CLE,H,686973,Louis Varland,RELIEF_OR_BULK,3.0,1.0,1.0,2.0,0.0,0.0,0.0,0.0,False,False,30,7,3,1,1,3,1,2,0,,,,,,,,https://github.com/geo2343/depuracion-mlb-kernel/blob/main/runtime/hbm26_v17_sheet01_0425.csv,QA_VALIDATED_PBP_V17,RELIEF_OR_BULK,MLB,False
822826-688883,822826,2026-04-25,CLE,TOR,A,688883,Peyton Pallette,RELIEF_OR_BULK,3.0,21.0,4.0,3.0,0.0,0.0,0.0,0.0,False,False,35,7,3,1,1,2,2,1,0,,,,,,,,https://github.com/geo2343/depuracion-mlb-kernel/blob/main/runtime/hbm26_v17_sheet01_0425.csv,QA_VALIDATED_PBP_V17,RELIEF_OR_BULK,MLB,False
822826-689254,822826,2026-04-25,TOR,CLE,H,689254,Mason Fluharty,RELIEF_OR_BULK,0.0,13.0,3.0,3.0,13.0,13.0,3.0,3.0,True,False,8,1,1,0,0,0,0,1,0,,,,,,,,https://github.com/geo2343/depuracion-mlb-kernel/blob/main/runtime/hbm26_v17_sheet01_0425.csv,QA_VALIDATED_PBP_V17,RELIEF_OR_BULK,MLB,False
823229-657424,823229,2026-04-25,SF,MIA,H,657424,Matt Gage,RELIEF_OR_BULK,3.0,14.0,3.0,2.0,0.0,0.0,0.0,0.0,False,False,23,5,3,0,0,1,1,0,0,,,,,,,,https://github.com/geo2343/depuracion-mlb-kernel/blob/main/runtime/hbm26_v17_sheet01_0425.csv,QA_VALIDATED_PBP_V17,RELIEF_OR_BULK,MLB,False
823229-663969,823229,2026-04-25,MIA,SF,A,663969,Tyler Phillips,RELIEF_OR_BULK,3.0,40.0,10.0,9.0,0.0,0.0,0.0,0.0,False,False,46,11,6,2,2,2,3,0,1,,,,,,,,https://github.com/geo2343/depuracion-mlb-kernel/blob/main/runtime/hbm26_v17_sheet01_0425.csv,QA_VALIDATED_PBP_V17,RELIEF_OR_BULK,MLB,False
823229-669062,823229,2026-04-25,SF,MIA,H,669062,Erik Miller,RELIEF_OR_BULK,3.0,26.0,5.0,3.0,0.0,0.0,0.0,0.0,False,False,21,4,3,0,0,0,1,2,0,,,,,,,,https://github.com/geo2343/depuracion-mlb-kernel/blob/main/runtime/hbm26_v17_sheet01_0425.csv,QA_VALIDATED_PBP_V17,RELIEF_OR_BULK,MLB,False
823229-669622,823229,2026-04-25,MIA,SF,A,669622,Anthony Bender,RELIEF_OR_BULK,2.0,9.0,4.0,3.0,0.0,9.0,0.0,4.0,False,False,7,4,2,0,0,2,0,1,0,,,,,,,,https://github.com/geo2343/depuracion-mlb-kernel/blob/main/runtime/hbm26_v17_sheet01_0425.csv,QA_VALIDATED_PBP_V17,RELIEF_OR_BULK,MLB,False
823229-676254,823229,2026-04-25,SF,MIA,H,676254,Ryan Walker,RELIEF_OR_BULK,2.0,16.0,4.0,3.0,0.0,16.0,0.0,4.0,False,False,12,4,3,1,0,1,0,0,0,,,,,,,,https://github.com/geo2343/depuracion-mlb-kernel/blob/main/runtime/hbm26_v17_sheet01_0425.csv,QA_VALIDATED_PBP_V17,RELIEF_OR_BULK,MLB,False
823229-676775,823229,2026-04-25,SF,MIA,H,676775,Keaton Winn,RELIEF_OR_BULK,3.0,5.0,1.0,1.0,0.0,0.0,0.0,0.0,False,False,11,3,3,0,0,0,0,0,0,,,,,,,,https://github.com/geo2343/depuracion-mlb-kernel/blob/main/runtime/hbm26_v17_sheet01_0425.csv,QA_VALIDATED_PBP_V17,RELIEF_OR_BULK,MLB,False
822989-573124,822989,2026-04-25,MIN,TB,A,573124,Taylor Rogers,RELIEF_OR_BULK,2.0,12.0,3.0,2.0,0.0,12.0,0.0,3.0,False,False,15,3,0,3,3,2,1,0,0,,,,,,,,https://github.com/geo2343/depuracion-mlb-kernel/blob/main/runtime/hbm26_v17_sheet01_0425.csv,QA_VALIDATED_PBP_V17,RELIEF_OR_BULK,MLB,False
822989-670183,822989,2026-04-25,MIN,TB,A,670183,Garrett Acton,RELIEF_OR_BULK,5.0,29.0,8.0,5.0,0.0,0.0,0.0,0.0,False,False,18,5,3,1,1,2,0,2,0,,,,,,,,https://github.com/geo2343/depuracion-mlb-kernel/blob/main/runtime/hbm26_v17_sheet01_0425.csv,QA_VALIDATED_PBP_V17,RELIEF_OR_BULK,MLB,False
822989-679358,822989,2026-04-25,MIN,TB,A,679358,Eric Orze,RELIEF_OR_BULK,0.0,10.0,3.0,3.0,10.0,21.0,3.0,6.0,True,False,9,4,3,0,0,1,0,1,0,,,,,,,,https://github.com/geo2343/depuracion-mlb-kernel/blob/main/runtime/hbm26_v17_sheet01_0425.csv,QA_VALIDATED_PBP_V17,RELIEF_OR_BULK,MLB,False
822989-685801,822989,2026-04-25,TB,MIN,H,685801,Hunter Bigge,RELIEF_OR_BULK,3.0,33.0,7.0,2.0,0.0,0.0,0.0,0.0,False,False,11,3,3,0,0,0,0,2,0,,,,,,,,https://github.com/geo2343/depuracion-mlb-kernel/blob/main/runtime/hbm26_v17_sheet01_0425.csv,QA_VALIDATED_PBP_V17,RELIEF_OR_BULK,MLB,False
822989-687330,822989,2026-04-25,TB,MIN,H,687330,Kevin Kelly,RELIEF_OR_BULK,2.0,13.0,3.0,3.0,0.0,13.0,0.0,3.0,False,False,32,7,6,0,0,1,0,1,0,,,,,,,,https://github.com/geo2343/depuracion-mlb-kernel/blob/main/runtime/hbm26_v17_sheet01_0425.csv,QA_VALIDATED_PBP_V17,RELIEF_OR_BULK,MLB,False
822989-694680,822989,2026-04-25,TB,MIN,H,694680,Trevor Martin,RELIEF_OR_BULK,0.0,21.0,7.0,3.0,21.0,21.0,7.0,7.0,True,False,17,5,3,1,1,1,0,1,0,,,,,,,,https://github.com/geo2343/depuracion-mlb-kernel/blob/main/runtime/hbm26_v17_sheet01_0425.csv,QA_VALIDATED_PBP_V17,RELIEF_OR_BULK,MLB,False
824613-663855,824613,2026-04-25,CWS,WSH,H,663855,Jordan Hicks,RELIEF_OR_BULK,2.0,12.0,3.0,1.0,0.0,12.0,0.0,3.0,False,False,19,5,3,0,0,0,2,1,0,,,,,,,,https://github.com/geo2343/depuracion-mlb-kernel/blob/main/runtime/hbm26_v17_sheet01_0425.csv,QA_VALIDATED_PBP_V17,RELIEF_OR_BULK,MLB,False
824613-672335,824613,2026-04-25,WSH,CWS,A,672335,Cionel Pérez,RELIEF_OR_BULK,1.0,20.0,4.0,1.0,20.0,20.0,4.0,4.0,False,False,22,5,3,0,0,0,2,1,0,,,,,,,,https://github.com/geo2343/depuracion-mlb-kernel/blob/main/runtime/hbm26_v17_sheet01_0425.csv,QA_VALIDATED_PBP_V17,RELIEF_OR_BULK,MLB,False
824613-673929,824613,2026-04-25,CWS,WSH,H,673929,Jordan Leasure,RELIEF_OR_BULK,0.0,14.0,4.0,3.0,14.0,14.0,4.0,4.0,True,False,30,7,2,4,3,2,3,2,0,,,,,,,,https://github.com/geo2343/depuracion-mlb-kernel/blob/main/runtime/hbm26_v17_sheet01_0425.csv,QA_VALIDATED_PBP_V17,RELIEF_OR_BULK,MLB,False
824613-674370,824613,2026-04-25,CWS,WSH,H,674370,Osvaldo Bido,RELIEF_OR_BULK,3.0,53.0,13.0,6.0,0.0,0.0,0.0,0.0,False,False,8,1,1,0,0,0,0,0,0,,,,,,,,https://github.com/geo2343/depuracion-mlb-kernel/blob/main/runtime/hbm26_v17_sheet01_0425.csv,QA_VALIDATED_PBP_V17,RELIEF_OR_BULK,MLB,False
824613-680730,824613,2026-04-25,WSH,CWS,A,680730,Mitchell Parker,RELIEF_OR_BULK,2.0,23.0,6.0,6.0,0.0,23.0,0.0,6.0,False,False,23,8,4,2,2,1,2,3,0,,,,,,,,https://github.com/geo2343/depuracion-mlb-kernel/blob/main/runtime/hbm26_v17_sheet01_0425.csv,QA_VALIDATED_PBP_V17,RELIEF_OR_BULK,MLB,False
824613-681402,824613,2026-04-25,WSH,CWS,A,681402,Gus Varland,RELIEF_OR_BULK,1.0,13.0,5.0,2.0,13.0,13.0,5.0,5.0,False,False,8,4,3,0,0,1,0,1,0,,,,,,,,https://github.com/geo2343/depuracion-mlb-kernel/blob/main/runtime/hbm26_v17_sheet01_0425.csv,QA_VALIDATED_PBP_V17,RELIEF_OR_BULK,MLB,False
824613-691799,824613,2026-04-25,CWS,WSH,H,691799,Grant Taylor,RELIEF_OR_BULK,1.0,26.0,7.0,5.0,26.0,26.0,7.0,7.0,False,False,9,3,3,0,0,0,0,2,0,,,,,,,,https://github.com/geo2343/depuracion-mlb-kernel/blob/main/runtime/hbm26_v17_sheet01_0425.csv,QA_VALIDATED_PBP_V17,RELIEF_OR_BULK,MLB,False
824613-695418,824613,2026-04-25,WSH,CWS,A,695418,Brad Lord,RELIEF_OR_BULK,4.0,37.0,11.0,8.0,0.0,0.0,0.0,0.0,False,False,18,4,3,1,0,1,0,0,0,,,,,,,,https://github.com/geo2343/depuracion-mlb-kernel/blob/main/runtime/hbm26_v17_sheet01_0425.csv,QA_VALIDATED_PBP_V17,RELIEF_OR_BULK,MLB,False
824613-699823,824613,2026-04-25,CWS,WSH,H,699823,Tyler Davis,RELIEF_OR_BULK,,,,,,,,,,,14,4,3,0,0,0,1,2,0,,,,,,,,https://github.com/geo2343/depuracion-mlb-kernel/blob/main/runtime/hbm26_v17_sheet01_0425.csv,QA_VALIDATED_PBP_V17,,,
825093-592094,825093,2026-04-25,SD,AZ,A,592094,Jason Adam,RELIEF_OR_BULK,3.0,12.0,3.0,3.0,0.0,0.0,0.0,0.0,False,False,15,4,3,0,0,0,0,0,0,,,,,,,,https://github.com/geo2343/depuracion-mlb-kernel/blob/main/runtime/hbm26_v17_sheet01_0425.csv,QA_VALIDATED_PBP_V17,RELIEF_OR_BULK,MLB,False
825093-642528,825093,2026-04-25,AZ,SD,H,642528,Jonathan Loáisiga,RELIEF_OR_BULK,1.0,4.0,1.0,1.0,4.0,4.0,1.0,1.0,False,False,18,3,3,0,0,0,0,1,0,,,,,,,,https://github.com/geo2343/depuracion-mlb-kernel/blob/main/runtime/hbm26_v17_sheet01_0425.csv,QA_VALIDATED_PBP_V17,RELIEF_OR_BULK,MLB,False
825093-664199,825093,2026-04-25,AZ,SD,H,664199,Taylor Clarke,RELIEF_OR_BULK,2.0,13.0,4.0,3.0,0.0,13.0,0.0,4.0,False,False,14,7,3,1,0,1,1,0,0,,,,,,,,https://github.com/geo2343/depuracion-mlb-kernel/blob/main/runtime/hbm26_v17_sheet01_0425.csv,QA_VALIDATED_PBP_V17,RELIEF_OR_BULK,MLB,False
825093-670970,825093,2026-04-25,SD,AZ,A,670970,Adrian Morejon,RELIEF_OR_BULK,1.0,14.0,4.0,3.0,14.0,14.0,4.0,4.0,False,False,29,5,3,0,0,1,1,2,0,,,,,,,,https://github.com/geo2343/depuracion-mlb-kernel/blob/main/runtime/hbm26_v17_sheet01_0425.csv,QA_VALIDATED_PBP_V17,RELIEF_OR_BULK,MLB,False
825093-694297,825093,2026-04-25,AZ,SD,H,694297,Brandon Pfaadt,RELIEF_OR_BULK,5.0,84.0,24.0,19.0,0.0,0.0,0.0,0.0,False,False,56,13,9,4,4,2,3,5,1,,,,,,,,https://github.com/geo2343/depuracion-mlb-kernel/blob/main/runtime/hbm26_v17_sheet01_0425.csv,QA_VALIDATED_PBP_V17,RELIEF_OR_BULK,MLB,False
825093-694851,825093,2026-04-25,AZ,SD,H,694851,Andrew Hoffmann,RELIEF_OR_BULK,5.0,33.0,9.0,7.0,0.0,0.0,0.0,0.0,False,False,24,5,3,1,1,2,1,1,1,,,,,,,,https://github.com/geo2343/depuracion-mlb-kernel/blob/main/runtime/hbm26_v17_sheet01_0425.csv,QA_VALIDATED_PBP_V17,RELIEF_OR_BULK,MLB,False
825093-695243,825093,2026-04-25,SD,AZ,A,695243,Mason Miller,RELIEF_OR_BULK,1.0,7.0,3.0,3.0,7.0,7.0,3.0,3.0,False,False,13,3,3,0,0,0,0,0,0,,,,,,,,https://github.com/geo2343/depuracion-mlb-kernel/blob/main/runtime/hbm26_v17_sheet01_0425.csv,QA_VALIDATED_PBP_V17,RELIEF_OR_BULK,MLB,False
822910-596001,822910,2026-04-25,TEX,ATH,H,596001,Jakob Junis,RELIEF_OR_BULK,1.0,9.0,3.0,3.0,9.0,9.0,3.0,3.0,False,False,12,4,3,0,0,1,0,0,0,,,,,,,,https://github.com/geo2343/depuracion-mlb-kernel/blob/main/runtime/hbm26_v17_sheet01_0425.csv,QA_VALIDATED_PBP_V17,RELIEF_OR_BULK,MLB,False
822910-605130,822910,2026-04-25,ATH,TEX,A,605130,Scott Barlow,RELIEF_OR_BULK,3.0,26.0,6.0,4.0,0.0,0.0,0.0,0.0,False,False,11,3,3,0,0,0,0,0,0,,,,,,,,https://github.com/geo2343/depuracion-mlb-kernel/blob/main/runtime/hbm26_v17_sheet01_0425.csv,QA_VALIDATED_PBP_V17,RELIEF_OR_BULK,MLB,False
822910-643410,822910,2026-04-25,ATH,TEX,A,643410,Mark Leiter Jr.,RELIEF_OR_BULK,2.0,18.0,5.0,3.0,0.0,18.0,0.0,5.0,False,False,13,3,3,0,0,0,0,1,0,,,,,,,,https://github.com/geo2343/depuracion-mlb-kernel/blob/main/runtime/hbm26_v17_sheet01_0425.csv,QA_VALIDATED_PBP_V17,RELIEF_OR_BULK,MLB,False
822910-656222,822910,2026-04-25,TEX,ATH,H,656222,Jalen Beeks,RELIEF_OR_BULK,1.0,13.0,3.0,3.0,13.0,22.0,3.0,6.0,False,False,10,3,3,0,0,0,0,1,0,,,,,,,,https://github.com/geo2343/depuracion-mlb-kernel/blob/main/runtime/hbm26_v17_sheet01_0425.csv,QA_VALIDATED_PBP_V17,RELIEF_OR_BULK,MLB,False
822910-656641,822910,2026-04-25,TEX,ATH,H,656641,Jacob Latz,RELIEF_OR_BULK,3.0,14.0,3.0,3.0,0.0,0.0,0.0,0.0,False,False,14,3,3,0,0,0,0,1,0,,,,,,,,https://github.com/geo2343/depuracion-mlb-kernel/blob/main/runtime/hbm26_v17_sheet01_0425.csv,QA_VALIDATED_PBP_V17,RELIEF_OR_BULK,MLB,False
822910-668390,822910,2026-04-25,TEX,ATH,H,668390,Cole Winn,RELIEF_OR_BULK,2.0,19.0,4.0,1.0,0.0,19.0,0.0,4.0,False,False,10,3,3,0,0,0,0,1,0,,,,,,,,https://github.com/geo2343/depuracion-mlb-kernel/blob/main/runtime/hbm26_v17_sheet01_0425.csv,QA_VALIDATED_PBP_V17,RELIEF_OR_BULK,MLB,False
823799-642397,823799,2026-04-25,PIT,MIL,A,642397,Gregory Soto,RELIEF_OR_BULK,2.0,27.0,6.0,3.0,0.0,27.0,0.0,6.0,False,False,14,3,3,0,0,0,0,1,0,,,,,,,,https://github.com/geo2343/depuracion-mlb-kernel/blob/main/runtime/hbm26_v17_sheet01_0425.csv,QA_VALIDATED_PBP_V17,RELIEF_OR_BULK,MLB,False
823799-642701,823799,2026-04-25,PIT,MIL,A,642701,Dennis Santana,RELIEF_OR_BULK,2.0,9.0,3.0,3.0,0.0,9.0,0.0,3.0,False,False,17,5,3,0,0,1,1,1,0,,,,,,,,https://github.com/geo2343/depuracion-mlb-kernel/blob/main/runtime/hbm26_v17_sheet01_0425.csv,QA_VALIDATED_PBP_V17,RELIEF_OR_BULK,MLB,False
823799-670990,823799,2026-04-25,PIT,MIL,A,670990,Yohan Ramírez,RELIEF_OR_BULK,1.0,10.0,4.0,3.0,10.0,10.0,4.0,4.0,False,False,15,3,3,0,0,0,0,2,0,,,,,,,,https://github.com/geo2343/depuracion-mlb-kernel/blob/main/runtime/hbm26_v17_sheet01_0425.csv,QA_VALIDATED_PBP_V17,RELIEF_OR_BULK,MLB,False
823799-672582,823799,2026-04-25,MIL,PIT,H,672582,Angel Zerpa,RELIEF_OR_BULK,1.0,25.0,4.0,3.0,25.0,25.0,4.0,4.0,False,False,16,4,2,3,1,1,1,1,0,,,,,,,,https://github.com/geo2343/depuracion-mlb-kernel/blob/main/runtime/hbm26_v17_sheet01_0425.csv,QA_VALIDATED_PBP_V17,RELIEF_OR_BULK,MLB,False
823799-676755,823799,2026-04-25,PIT,MIL,A,676755,Isaac Mattson,RELIEF_OR_BULK,0.0,14.0,4.0,3.0,14.0,14.0,4.0,4.0,True,False,4,3,3,0,0,0,0,0,0,,,,,,,,https://github.com/geo2343/depuracion-mlb-kernel/blob/main/runtime/hbm26_v17_sheet01_0425.csv,QA_VALIDATED_PBP_V17,RELIEF_OR_BULK,MLB,False
823799-676879,823799,2026-04-25,MIL,PIT,H,676879,Aaron Ashby,RELIEF_OR_BULK,1.0,15.0,3.0,1.0,15.0,15.0,3.0,3.0,False,False,21,7,6,0,0,1,0,4,0,,,,,,,,https://github.com/geo2343/depuracion-mlb-kernel/blob/main/runtime/hbm26_v17_sheet01_0425.csv,QA_VALIDATED_PBP_V17,RELIEF_OR_BULK,MLB,False
823799-681982,823799,2026-04-25,MIL,PIT,H,681982,Grant Anderson,RELIEF_OR_BULK,1.0,4.0,1.0,1.0,4.0,4.0,1.0,1.0,False,False,4,2,1,0,0,1,0,0,0,,,,,,,,https://github.com/geo2343/depuracion-mlb-kernel/blob/main/runtime/hbm26_v17_sheet01_0425.csv,QA_VALIDATED_PBP_V17,RELIEF_OR_BULK,MLB,False
823799-682254,823799,2026-04-25,PIT,MIL,A,682254,Mason Montgomery,RELIEF_OR_BULK,0.0,9.0,3.0,3.0,9.0,9.0,3.0,3.0,True,False,20,4,3,0,0,0,1,1,0,,,,,,,,https://github.com/geo2343/depuracion-mlb-kernel/blob/main/runtime/hbm26_v17_sheet01_0425.csv,QA_VALIDATED_PBP_V17,RELIEF_OR_BULK,MLB,False
823799-682842,823799,2026-04-25,MIL,PIT,H,682842,Abner Uribe,RELIEF_OR_BULK,1.0,8.0,2.0,1.0,8.0,8.0,2.0,2.0,False,False,8,3,3,0,0,0,0,1,0,,,,,,,,https://github.com/geo2343/depuracion-mlb-kernel/blob/main/runtime/hbm26_v17_sheet01_0425.csv,QA_VALIDATED_PBP_V17,RELIEF_OR_BULK,MLB,False
824121-605447,824121,2026-04-25,LAA,KC,A,605447,Jordan Romano,RELIEF_OR_BULK,2.0,20.0,5.0,3.0,0.0,20.0,0.0,5.0,False,False,36,7,2,4,4,3,1,0,0,,,,,,,,https://github.com/geo2343/depuracion-mlb-kernel/blob/main/runtime/hbm26_v17_sheet01_0425.csv,QA_VALIDATED_PBP_V17,RELIEF_OR_BULK,MLB,False
824121-641312,824121,2026-04-25,LAA,KC,A,641312,Shaun Anderson,RELIEF_OR_BULK,0.0,20.0,5.0,3.0,20.0,20.0,5.0,5.0,True,False,28,7,3,3,2,3,1,1,0,,,,,,,,https://github.com/geo2343/depuracion-mlb-kernel/blob/main/runtime/hbm26_v17_sheet01_0425.csv,QA_VALIDATED_PBP_V17,RELIEF_OR_BULK,MLB,False
824121-663738,824121,2026-04-25,KC,LAA,H,663738,Daniel Lynch IV,RELIEF_OR_BULK,0.0,5.0,1.0,1.0,5.0,5.0,1.0,1.0,True,False,9,3,3,0,0,0,0,0,0,,,,,,,,https://github.com/geo2343/depuracion-mlb-kernel/blob/main/runtime/hbm26_v17_sheet01_0425.csv,QA_VALIDATED_PBP_V17,RELIEF_OR_BULK,MLB,False
824121-670167,824121,2026-04-25,KC,LAA,H,670167,John Schreiber,RELIEF_OR_BULK,4.0,12.0,3.0,2.0,0.0,0.0,0.0,0.0,False,False,18,4,3,0,0,1,0,1,0,,,,,,,,https://github.com/geo2343/depuracion-mlb-kernel/blob/main/runtime/hbm26_v17_sheet01_0425.csv,QA_VALIDATED_PBP_V17,RELIEF_OR_BULK,MLB,False
824121-680704,824121,2026-04-25,LAA,KC,A,680704,Nick Sandlin,RELIEF_OR_BULK,3.0,9.0,3.0,3.0,0.0,0.0,0.0,0.0,False,False,19,4,4,0,0,0,0,2,0,,,,,,,,https://github.com/geo2343/depuracion-mlb-kernel/blob/main/runtime/hbm26_v17_sheet01_0425.csv,QA_VALIDATED_PBP_V17,RELIEF_OR_BULK,MLB,False
824121-681217,824121,2026-04-25,LAA,KC,A,681217,Chase Silseth,RELIEF_OR_BULK,2.0,17.0,4.0,2.0,0.0,17.0,0.0,4.0,False,False,23,6,3,1,1,2,2,0,0,,,,,,,,https://github.com/geo2343/depuracion-mlb-kernel/blob/main/runtime/hbm26_v17_sheet01_0425.csv,QA_VALIDATED_PBP_V17,RELIEF_OR_BULK,MLB,False
824121-696131,824121,2026-04-25,KC,LAA,H,696131,Mason Black,RELIEF_OR_BULK,2.0,24.0,4.0,3.0,0.0,24.0,0.0,4.0,False,False,18,5,3,0,0,2,0,2,0,,,,,,,,https://github.com/geo2343/depuracion-mlb-kernel/blob/main/runtime/hbm26_v17_sheet01_0425.csv,QA_VALIDATED_PBP_V17,RELIEF_OR_BULK,MLB,False
824203-518585,824203,2026-04-25,NYY,HOU,A,518585,Fernando Cruz,RELIEF_OR_BULK,0.0,20.0,6.0,3.0,20.0,20.0,6.0,6.0,True,False,12,3,2,0,0,0,1,2,0,,,,,,,,https://github.com/geo2343/depuracion-mlb-kernel/blob/main/runtime/hbm26_v17_sheet01_0425.csv,QA_VALIDATED_PBP_V17,RELIEF_OR_BULK,MLB,False
824203-595345,824203,2026-04-25,HOU,NYY,H,595345,Steven Okert,RELIEF_OR_BULK,2.0,16.0,3.0,2.0,0.0,16.0,0.0,3.0,False,False,13,3,3,0,0,0,0,0,0,,,,,,,,https://github.com/geo2343/depuracion-mlb-kernel/blob/main/runtime/hbm26_v17_sheet01_0425.csv,QA_VALIDATED_PBP_V17,RELIEF_OR_BULK,MLB,False
824203-656234,824203,2026-04-25,NYY,HOU,A,656234,Jake Bird,RELIEF_OR_BULK,11.0,29.0,7.0,3.0,0.0,0.0,0.0,0.0,False,False,9,3,3,0,0,0,0,1,0,,,,,,,,https://github.com/geo2343/depuracion-mlb-kernel/blob/main/runtime/hbm26_v17_sheet01_0425.csv,QA_VALIDATED_PBP_V17,RELIEF_OR_BULK,MLB,False
824203-656986,824203,2026-04-25,HOU,NYY,H,656986,Bennett Sousa,RELIEF_OR_BULK,,,,,,,,,,,27,5,1,2,2,1,4,0,0,,,,,,,,https://github.com/geo2343/depuracion-mlb-kernel/blob/main/runtime/hbm26_v17_sheet01_0425.csv,QA_VALIDATED_PBP_V17,,,
824203-657612,824203,2026-04-25,NYY,HOU,A,657612,Tim Hill,RELIEF_OR_BULK,3.0,10.0,3.0,3.0,0.0,0.0,0.0,0.0,False,False,11,4,3,1,1,1,0,1,1,,,,,,,,https://github.com/geo2343/depuracion-mlb-kernel/blob/main/runtime/hbm26_v17_sheet01_0425.csv,QA_VALIDATED_PBP_V17,RELIEF_OR_BULK,MLB,False
824203-666808,824203,2026-04-25,NYY,HOU,A,666808,Camilo Doval,RELIEF_OR_BULK,7.0,16.0,4.0,3.0,0.0,0.0,0.0,0.0,False,False,13,4,3,0,0,0,1,1,0,,,,,,,,https://github.com/geo2343/depuracion-mlb-kernel/blob/main/runtime/hbm26_v17_sheet01_0425.csv,QA_VALIDATED_PBP_V17,RELIEF_OR_BULK,MLB,False
824203-678906,824203,2026-04-25,HOU,NYY,H,678906,Kai-Wei Teng,RELIEF_OR_BULK,3.0,31.0,8.0,8.0,0.0,0.0,0.0,0.0,False,False,9,3,1,1,1,2,0,0,1,,,,,,,,https://github.com/geo2343/depuracion-mlb-kernel/blob/main/runtime/hbm26_v17_sheet01_0425.csv,QA_VALIDATED_PBP_V17,RELIEF_OR_BULK,MLB,False
824203-681151,824203,2026-04-25,HOU,NYY,H,681151,Jayden Murray,RELIEF_OR_BULK,0.0,13.0,3.0,3.0,13.0,13.0,3.0,3.0,True,False,19,6,3,2,2,3,1,0,0,,,,,,,,https://github.com/geo2343/depuracion-mlb-kernel/blob/main/runtime/hbm26_v17_sheet01_0425.csv,QA_VALIDATED_PBP_V17,RELIEF_OR_BULK,MLB,False
824203-805123,824203,2026-04-25,HOU,NYY,H,805123,AJ Blubaugh,RELIEF_OR_BULK,2.0,17.0,3.0,3.0,0.0,17.0,0.0,3.0,False,False,29,7,4,1,1,1,2,0,0,,,,,,,,https://github.com/geo2343/depuracion-mlb-kernel/blob/main/runtime/hbm26_v17_sheet01_0425.csv,QA_VALIDATED_PBP_V17,RELIEF_OR_BULK,MLB,False
823960-592826,823960,2026-04-25,CHC,LAD,A,592826,Vince Velasquez,RELIEF_OR_BULK,,,,,,,,,,,31,8,7,0,0,1,0,1,0,,,,,,,,https://github.com/geo2343/depuracion-mlb-kernel/blob/main/runtime/hbm26_v17_sheet01_0425.csv,QA_VALIDATED_PBP_V17,,,
823960-665871,823960,2026-04-25,CHC,LAD,A,665871,Javier Assad,RELIEF_OR_BULK,1.0,7.0,3.0,3.0,7.0,7.0,3.0,3.0,False,False,70,16,7,6,6,7,2,2,0,,,,,,,,https://github.com/geo2343/depuracion-mlb-kernel/blob/main/runtime/hbm26_v17_sheet01_0425.csv,QA_VALIDATED_PBP_V17,RELIEF_OR_BULK,MLB,False
823960-669165,823960,2026-04-25,LAD,CHC,H,669165,Kyle Hurt,RELIEF_OR_BULK,2.0,11.0,3.0,3.0,0.0,11.0,0.0,3.0,False,False,10,4,3,0,0,1,0,1,0,,,,,,,,https://github.com/geo2343/depuracion-mlb-kernel/blob/main/runtime/hbm26_v17_sheet01_0425.csv,QA_VALIDATED_PBP_V17,RELIEF_OR_BULK,MLB,False
823960-671109,823960,2026-04-25,LAD,CHC,H,671109,Jake Eder,RELIEF_OR_BULK,4.0,26.0,5.0,3.0,0.0,0.0,0.0,0.0,False,False,13,3,3,0,0,0,0,1,0,,,,,,,,https://github.com/geo2343/depuracion-mlb-kernel/blob/main/runtime/hbm26_v17_sheet01_0425.csv,QA_VALIDATED_PBP_V17,RELIEF_OR_BULK,MLB,False
823960-676263,823960,2026-04-25,LAD,CHC,H,676263,Jack Dreyer,RELIEF_OR_BULK,2.0,18.0,6.0,3.0,0.0,18.0,0.0,6.0,False,False,19,3,2,0,0,0,1,2,0,,,,,,,,https://github.com/geo2343/depuracion-mlb-kernel/blob/main/runtime/hbm26_v17_sheet01_0425.csv,QA_VALIDATED_PBP_V17,RELIEF_OR_BULK,MLB,False
823960-694361,823960,2026-04-25,LAD,CHC,H,694361,Will Klein,RELIEF_OR_BULK,5.0,21.0,4.0,3.0,0.0,0.0,0.0,0.0,False,False,21,5,4,0,0,1,0,2,0,,,,,,,,https://github.com/geo2343/depuracion-mlb-kernel/blob/main/runtime/hbm26_v17_sheet01_0425.csv,QA_VALIDATED_PBP_V17,RELIEF_OR_BULK,MLB,False
824527-572143,824527,2026-04-25,DET,CIN,A,572143,Burch Smith,RELIEF_OR_BULK,1.0,24.0,6.0,4.0,24.0,24.0,6.0,6.0,False,False,26,8,6,0,0,1,1,3,0,,,,,,,,https://github.com/geo2343/depuracion-mlb-kernel/blob/main/runtime/hbm26_v17_sheet01_0425.csv,QA_VALIDATED_PBP_V17,RELIEF_OR_BULK,MLB,False
824527-594580,824527,2026-04-25,CIN,DET,H,594580,Sam Moll,RELIEF_OR_BULK,3.0,28.0,6.0,4.0,0.0,0.0,0.0,0.0,False,False,12,3,3,0,0,0,1,1,0,,,,,,,,https://github.com/geo2343/depuracion-mlb-kernel/blob/main/runtime/hbm26_v17_sheet01_0425.csv,QA_VALIDATED_PBP_V17,RELIEF_OR_BULK,MLB,False
824527-623454,824527,2026-04-25,DET,CIN,A,623454,Drew Anderson,RELIEF_OR_BULK,0.0,14.0,3.0,3.0,14.0,14.0,3.0,3.0,True,False,42,9,8,1,1,1,1,5,1,,,,,,,,https://github.com/geo2343/depuracion-mlb-kernel/blob/main/runtime/hbm26_v17_sheet01_0425.csv,QA_VALIDATED_PBP_V17,RELIEF_OR_BULK,MLB,False
824527-641941,824527,2026-04-25,CIN,DET,H,641941,Emilio Pagán,RELIEF_OR_BULK,5.0,16.0,5.0,3.0,0.0,0.0,0.0,0.0,False,False,11,4,3,0,0,1,0,0,0,,,,,,,,https://github.com/geo2343/depuracion-mlb-kernel/blob/main/runtime/hbm26_v17_sheet01_0425.csv,QA_VALIDATED_PBP_V17,RELIEF_OR_BULK,MLB,False
824527-657756,824527,2026-04-25,DET,CIN,A,657756,Connor Seabold,RELIEF_OR_BULK,3.0,22.0,6.0,3.0,0.0,0.0,0.0,0.0,False,False,17,4,1,0,0,1,2,0,0,,,,,,,,https://github.com/geo2343/depuracion-mlb-kernel/blob/main/runtime/hbm26_v17_sheet01_0425.csv,QA_VALIDATED_PBP_V17,RELIEF_OR_BULK,MLB,False
824527-663947,824527,2026-04-25,DET,CIN,A,663947,Tyler Holton,RELIEF_OR_BULK,1.0,18.0,5.0,3.0,18.0,18.0,5.0,5.0,False,False,28,6,3,2,2,2,1,0,0,,,,,,,,https://github.com/geo2343/depuracion-mlb-kernel/blob/main/runtime/hbm26_v17_sheet01_0425.csv,QA_VALIDATED_PBP_V17,RELIEF_OR_BULK,MLB,False
824527-668933,824527,2026-04-25,CIN,DET,H,668933,Graham Ashcraft,RELIEF_OR_BULK,0.0,17.0,4.0,3.0,17.0,17.0,4.0,4.0,True,False,13,4,3,0,0,1,1,1,0,,,,,,,,https://github.com/geo2343/depuracion-mlb-kernel/blob/main/runtime/hbm26_v17_sheet01_0425.csv,QA_VALIDATED_PBP_V17,RELIEF_OR_BULK,MLB,False
824527-683175,824527,2026-04-25,CIN,DET,H,683175,Connor Phillips,RELIEF_OR_BULK,2.0,29.0,8.0,6.0,0.0,29.0,0.0,8.0,False,False,7,2,2,0,0,0,0,1,0,,,,,,,,https://github.com/geo2343/depuracion-mlb-kernel/blob/main/runtime/hbm26_v17_sheet01_0425.csv,QA_VALIDATED_PBP_V17,RELIEF_OR_BULK,MLB,False
824933-621237,824933,2026-04-25,PHI,ATL,A,621237,José Alvarado,RELIEF_OR_BULK,1.0,10.0,5.0,3.0,10.0,10.0,5.0,5.0,False,False,17,4,4,0,0,1,0,0,0,,,,,,,,https://github.com/geo2343/depuracion-mlb-kernel/blob/main/runtime/hbm26_v17_sheet01_0425.csv,QA_VALIDATED_PBP_V17,RELIEF_OR_BULK,MLB,False
824933-621383,824933,2026-04-25,PHI,ATL,A,621383,Tanner Banks,RELIEF_OR_BULK,1.0,11.0,4.0,1.0,11.0,11.0,4.0,4.0,False,False,11,3,0,2,2,3,0,0,0,,,,,,,,https://github.com/geo2343/depuracion-mlb-kernel/blob/main/runtime/hbm26_v17_sheet01_0425.csv,QA_VALIDATED_PBP_V17,RELIEF_OR_BULK,MLB,False
824933-641745,824933,2026-04-25,PHI,ATL,A,641745,Brad Keller,RELIEF_OR_BULK,1.0,9.0,4.0,3.0,9.0,9.0,4.0,4.0,False,False,16,4,4,0,0,0,0,1,0,,,,,,,,https://github.com/geo2343/depuracion-mlb-kernel/blob/main/runtime/hbm26_v17_sheet01_0425.csv,QA_VALIDATED_PBP_V17,RELIEF_OR_BULK,MLB,False
824933-641755,824933,2026-04-25,ATL,PHI,H,641755,Tyler Kinley,RELIEF_OR_BULK,2.0,19.0,5.0,3.0,0.0,19.0,0.0,5.0,False,False,24,5,3,2,1,1,1,1,0,,,,,,,,https://github.com/geo2343/depuracion-mlb-kernel/blob/main/runtime/hbm26_v17_sheet01_0425.csv,QA_VALIDATED_PBP_V17,RELIEF_OR_BULK,MLB,False
824933-660761,824933,2026-04-25,ATL,PHI,H,660761,José Suarez,RELIEF_OR_BULK,3.0,59.0,13.0,9.0,0.0,0.0,0.0,0.0,False,False,31,7,3,2,2,3,1,3,0,,,,,,,,https://github.com/geo2343/depuracion-mlb-kernel/blob/main/runtime/hbm26_v17_sheet01_0425.csv,QA_VALIDATED_PBP_V17,RELIEF_OR_BULK,MLB,False
824933-669276,824933,2026-04-25,ATL,PHI,H,669276,Dylan Lee,RELIEF_OR_BULK,1.0,13.0,3.0,3.0,13.0,26.0,3.0,6.0,False,False,16,4,3,1,1,1,0,2,0,,,,,,,,https://github.com/geo2343/depuracion-mlb-kernel/blob/main/runtime/hbm26_v17_sheet01_0425.csv,QA_VALIDATED_PBP_V17,RELIEF_OR_BULK,MLB,False
824933-679775,824933,2026-04-25,PHI,ATL,A,679775,Kyle Backhus,RELIEF_OR_BULK,0.0,7.0,3.0,3.0,7.0,22.0,3.0,8.0,True,False,17,5,3,1,0,2,0,0,0,,,,,,,,https://github.com/geo2343/depuracion-mlb-kernel/blob/main/runtime/hbm26_v17_sheet01_0425.csv,QA_VALIDATED_PBP_V17,RELIEF_OR_BULK,MLB,False
824933-689147,824933,2026-04-25,PHI,ATL,A,689147,Orion Kerkering,RELIEF_OR_BULK,1.0,19.0,5.0,3.0,19.0,19.0,5.0,5.0,False,False,18,5,4,0,0,0,1,1,0,,,,,,,,https://github.com/geo2343/depuracion-mlb-kernel/blob/main/runtime/hbm26_v17_sheet01_0425.csv,QA_VALIDATED_PBP_V17,RELIEF_OR_BULK,MLB,False
824852-547973,824852,2026-04-26,BOS,BAL,A,547973,Aroldis Chapman,RELIEF_OR_BULK,5.0,13.0,3.0,2.0,0.0,0.0,0.0,0.0,False,False,7,3,3,0,0,0,0,2,0,,,,,,,,https://github.com/geo2343/depuracion-mlb-kernel/blob/main/runtime/hbm26_v18_sheet01_0426.csv,QA_VALIDATED_PBP_V18,RELIEF_OR_BULK,MLB,False
824852-552640,824852,2026-04-26,BAL,BOS,H,552640,Andrew Kittredge,RELIEF_OR_BULK,1.0,16.0,3.0,3.0,16.0,16.0,3.0,3.0,False,False,16,3,3,0,0,0,0,1,0,,,,,,,,https://github.com/geo2343/depuracion-mlb-kernel/blob/main/runtime/hbm26_v18_sheet01_0426.csv,QA_VALIDATED_PBP_V18,RELIEF_OR_BULK,MLB,False
824852-664991,824852,2026-04-26,BAL,BOS,H,664991,Grant Wolfram,RELIEF_OR_BULK,4.0,12.0,3.0,2.0,0.0,0.0,0.0,0.0,False,False,10,3,0,2,2,3,0,0,0,,,,,,,,https://github.com/geo2343/depuracion-mlb-kernel/blob/main/runtime/hbm26_v18_sheet01_0426.csv,QA_VALIDATED_PBP_V18,RELIEF_OR_BULK,MLB,False
824852-666974,824852,2026-04-26,BAL,BOS,H,666974,Yennier Cano,RELIEF_OR_BULK,1.0,3.0,1.0,1.0,3.0,3.0,1.0,1.0,False,False,17,3,3,0,0,0,0,0,0,,,,,,,,https://github.com/geo2343/depuracion-mlb-kernel/blob/main/runtime/hbm26_v18_sheet01_0426.csv,QA_VALIDATED_PBP_V18,RELIEF_OR_BULK,MLB,False
824852-670329,824852,2026-04-26,BAL,BOS,H,670329,Rico Garcia,RELIEF_OR_BULK,4.0,18.0,4.0,3.0,0.0,0.0,0.0,0.0,False,False,10,3,3,0,0,0,0,1,0,,,,,,,,https://github.com/geo2343/depuracion-mlb-kernel/blob/main/runtime/hbm26_v18_sheet01_0426.csv,QA_VALIDATED_PBP_V18,RELIEF_OR_BULK,MLB,False
824852-676477,824852,2026-04-26,BOS,BAL,A,676477,Garrett Whitlock,RELIEF_OR_BULK,5.0,12.0,3.0,3.0,0.0,0.0,0.0,0.0,False,False,19,5,3,1,1,2,0,1,0,,,,,,,,https://github.com/geo2343/depuracion-mlb-kernel/blob/main/runtime/hbm26_v18_sheet01_0426.csv,QA_VALIDATED_PBP_V18,RELIEF_OR_BULK,MLB,False
824852-677161,824852,2026-04-26,BOS,BAL,A,677161,Zack Kelly,RELIEF_OR_BULK,3.0,11.0,3.0,3.0,0.0,0.0,0.0,0.0,False,False,4,1,1,0,0,0,0,0,0,,,,,,,,https://github.com/geo2343/depuracion-mlb-kernel/blob/main/runtime/hbm26_v18_sheet01_0426.csv,QA_VALIDATED_PBP_V18,RELIEF_OR_BULK,MLB,False
824852-689296,824852,2026-04-26,BAL,BOS,H,689296,Anthony Nunez,RELIEF_OR_BULK,3.0,22.0,4.0,3.0,0.0,0.0,0.0,0.0,False,False,16,4,3,0,0,0,1,1,0,,,,,,,,https://github.com/geo2343/depuracion-mlb-kernel/blob/main/runtime/hbm26_v18_sheet01_0426.csv,QA_VALIDATED_PBP_V18,RELIEF_OR_BULK,MLB,False
824934-606303,824934,2026-04-26,ATL,PHI,H,606303,Joel Payamps,RELIEF_OR_BULK,1.0,22.0,4.0,3.0,22.0,22.0,4.0,4.0,False,False,14,3,3,0,0,0,0,1,0,,,,,,,,https://github.com/geo2343/depuracion-mlb-kernel/blob/main/runtime/hbm26_v18_sheet01_0426.csv,QA_VALIDATED_PBP_V18,RELIEF_OR_BULK,MLB,False
824934-607481,824934,2026-04-26,ATL,PHI,H,607481,Aaron Bummer,RELIEF_OR_BULK,1.0,22.0,4.0,3.0,22.0,22.0,4.0,4.0,False,False,25,5,3,2,0,1,0,1,1,,,,,,,,https://github.com/geo2343/depuracion-mlb-kernel/blob/main/runtime/hbm26_v18_sheet01_0426.csv,QA_VALIDATED_PBP_V18,RELIEF_OR_BULK,MLB,False
824934-641835,824934,2026-04-26,PHI,ATL,A,641835,Tim Mayza,RELIEF_OR_BULK,1.0,21.0,6.0,3.0,21.0,21.0,6.0,6.0,False,False,17,4,3,0,0,1,0,0,0,,,,,,,,https://github.com/geo2343/depuracion-mlb-kernel/blob/main/runtime/hbm26_v18_sheet01_0426.csv,QA_VALIDATED_PBP_V18,RELIEF_OR_BULK,MLB,False
824934-663158,824934,2026-04-26,ATL,PHI,H,663158,Robert Suarez,RELIEF_OR_BULK,1.0,17.0,5.0,3.0,17.0,17.0,5.0,5.0,False,False,10,3,3,0,0,0,0,1,0,,,,,,,,https://github.com/geo2343/depuracion-mlb-kernel/blob/main/runtime/hbm26_v18_sheet01_0426.csv,QA_VALIDATED_PBP_V18,RELIEF_OR_BULK,MLB,False
824934-663767,824934,2026-04-26,PHI,ATL,A,663767,Chase Shugart,RELIEF_OR_BULK,1.0,6.0,2.0,1.0,6.0,13.0,2.0,6.0,False,False,7,3,3,0,0,1,0,1,0,,,,,,,,https://github.com/geo2343/depuracion-mlb-kernel/blob/main/runtime/hbm26_v18_sheet01_0426.csv,QA_VALIDATED_PBP_V18,RELIEF_OR_BULK,MLB,False
824934-676510,824934,2026-04-26,PHI,ATL,A,676510,Nolan Hoffman,RELIEF_OR_BULK,,,,,,,,,,,15,4,4,0,0,1,0,1,0,,,,,,,,https://github.com/geo2343/depuracion-mlb-kernel/blob/main/runtime/hbm26_v18_sheet01_0426.csv,QA_VALIDATED_PBP_V18,,,
822824-643511,822824,2026-04-26,TOR,CLE,H,643511,Tyler Rogers,RELIEF_OR_BULK,0.0,14.0,3.0,3.0,14.0,14.0,3.0,3.0,True,False,11,3,3,0,0,0,0,1,0,,,,,,,,https://github.com/geo2343/depuracion-mlb-kernel/blob/main/runtime/hbm26_v18_sheet01_0426.csv,QA_VALIDATED_PBP_V18,RELIEF_OR_BULK,MLB,False
822824-656546,822824,2026-04-26,TOR,CLE,H,656546,Jeff Hoffman,RELIEF_OR_BULK,4.0,18.0,5.0,1.0,0.0,0.0,0.0,0.0,False,False,24,4,3,0,0,0,1,1,0,,,,,,,,https://github.com/geo2343/depuracion-mlb-kernel/blob/main/runtime/hbm26_v18_sheet01_0426.csv,QA_VALIDATED_PBP_V18,RELIEF_OR_BULK,MLB,False
822824-670059,822824,2026-04-26,CLE,TOR,A,670059,Colin Holderman,RELIEF_OR_BULK,27.0,35.0,9.0,6.0,0.0,0.0,0.0,0.0,False,False,12,4,4,0,0,0,0,2,0,,,,,,,,https://github.com/geo2343/depuracion-mlb-kernel/blob/main/runtime/hbm26_v18_sheet01_0426.csv,QA_VALIDATED_PBP_V18,RELIEF_OR_BULK,MLB,False
822824-680755,822824,2026-04-26,TOR,CLE,H,680755,Braydon Fisher,RELIEF_OR_BULK,1.0,14.0,4.0,3.0,14.0,14.0,4.0,4.0,False,False,19,7,4,0,0,1,2,2,0,,,,,,,,https://github.com/geo2343/depuracion-mlb-kernel/blob/main/runtime/hbm26_v18_sheet01_0426.csv,QA_VALIDATED_PBP_V18,RELIEF_OR_BULK,MLB,False
822824-682120,822824,2026-04-26,CLE,TOR,A,682120,Tim Herrin,RELIEF_OR_BULK,4.0,16.0,4.0,2.0,0.0,0.0,0.0,0.0,False,False,15,3,3,0,0,0,0,1,0,,,,,,,,https://github.com/geo2343/depuracion-mlb-kernel/blob/main/runtime/hbm26_v18_sheet01_0426.csv,QA_VALIDATED_PBP_V18,RELIEF_OR_BULK,MLB,False
822824-686973,822824,2026-04-26,TOR,CLE,H,686973,Louis Varland,RELIEF_OR_BULK,0.0,30.0,7.0,3.0,30.0,30.0,7.0,7.0,True,False,20,4,3,0,0,1,0,2,0,,,,,,,,https://github.com/geo2343/depuracion-mlb-kernel/blob/main/runtime/hbm26_v18_sheet01_0426.csv,QA_VALIDATED_PBP_V18,RELIEF_OR_BULK,MLB,False
822991-607455,822991,2026-04-26,MIN,TB,A,607455,Anthony Banda,RELIEF_OR_BULK,1.0,7.0,2.0,2.0,7.0,16.0,2.0,5.0,False,False,9,2,2,0,0,0,0,1,0,,,,,,,,https://github.com/geo2343/depuracion-mlb-kernel/blob/main/runtime/hbm26_v18_sheet01_0426.csv,QA_VALIDATED_PBP_V18,RELIEF_OR_BULK,MLB,False
822991-623437,822991,2026-04-26,MIN,TB,A,623437,Justin Topa,RELIEF_OR_BULK,3.0,17.0,3.0,1.0,0.0,0.0,0.0,0.0,False,False,10,4,3,0,0,1,0,1,0,,,,,,,,https://github.com/geo2343/depuracion-mlb-kernel/blob/main/runtime/hbm26_v18_sheet01_0426.csv,QA_VALIDATED_PBP_V18,RELIEF_OR_BULK,MLB,False
822991-641329,822991,2026-04-26,TB,MIN,H,641329,Bryan Baker,RELIEF_OR_BULK,1.0,18.0,3.0,3.0,18.0,18.0,3.0,3.0,False,False,16,3,3,0,0,0,0,1,0,,,,,,,,https://github.com/geo2343/depuracion-mlb-kernel/blob/main/runtime/hbm26_v18_sheet01_0426.csv,QA_VALIDATED_PBP_V18,RELIEF_OR_BULK,MLB,False
822991-642121,822991,2026-04-26,TB,MIN,H,642121,Cole Sulser,RELIEF_OR_BULK,1.0,16.0,4.0,3.0,16.0,16.0,4.0,4.0,False,False,26,5,4,0,0,1,0,2,0,,,,,,,,https://github.com/geo2343/depuracion-mlb-kernel/blob/main/runtime/hbm26_v18_sheet01_0426.csv,QA_VALIDATED_PBP_V18,RELIEF_OR_BULK,MLB,False
822991-663485,822991,2026-04-26,MIN,TB,A,663485,Cole Sands,RELIEF_OR_BULK,4.0,23.0,6.0,6.0,0.0,0.0,0.0,0.0,False,False,7,2,2,0,0,0,0,0,0,,,,,,,,https://github.com/geo2343/depuracion-mlb-kernel/blob/main/runtime/hbm26_v18_sheet01_0426.csv,QA_VALIDATED_PBP_V18,RELIEF_OR_BULK,MLB,False
822991-669947,822991,2026-04-26,TB,MIN,H,669947,Jesse Scholtens,RELIEF_OR_BULK,5.0,95.0,26.0,17.0,0.0,0.0,0.0,0.0,False,False,72,20,13,2,2,3,3,1,1,,,,,,,,https://github.com/geo2343/depuracion-mlb-kernel/blob/main/runtime/hbm26_v18_sheet01_0426.csv,QA_VALIDATED_PBP_V18,STARTER,MLB,False
822991-681892,822991,2026-04-26,MIN,TB,A,681892,Kody Funderburk,RELIEF_OR_BULK,7.0,10.0,3.0,1.0,0.0,0.0,0.0,0.0,False,False,20,4,4,0,0,0,1,0,0,,,,,,,,https://github.com/geo2343/depuracion-mlb-kernel/blob/main/runtime/hbm26_v18_sheet01_0426.csv,QA_VALIDATED_PBP_V18,RELIEF_OR_BULK,MLB,False
823635-623211,823635,2026-04-26,NYM,COL,H,623211,Huascar Brazobán,RELIEF_OR_BULK,2.0,10.0,3.0,2.0,0.0,10.0,0.0,3.0,False,False,31,7,6,1,1,2,1,1,0,,,,,,,,https://github.com/geo2343/depuracion-mlb-kernel/blob/main/runtime/hbm26_v18_sheet01_0426.csv,QA_VALIDATED_PBP_V18,RELIEF_OR_BULK,MLB,False
823635-675848,823635,2026-04-26,COL,NYM,A,675848,Juan Mejia,RELIEF_OR_BULK,2.0,45.0,9.0,5.0,0.0,45.0,0.0,9.0,False,False,30,5,5,0,0,0,0,2,0,,,,,,,,https://github.com/geo2343/depuracion-mlb-kernel/blob/main/runtime/hbm26_v18_sheet01_0426.csv,QA_VALIDATED_PBP_V18,RELIEF_OR_BULK,MLB,False
823635-677955,823635,2026-04-26,COL,NYM,A,677955,Jaden Hill,RELIEF_OR_BULK,1.0,12.0,5.0,1.0,12.0,12.0,5.0,5.0,False,False,25,6,3,0,0,2,1,1,0,,,,,,,,https://github.com/geo2343/depuracion-mlb-kernel/blob/main/runtime/hbm26_v18_sheet01_0426.csv,QA_VALIDATED_PBP_V18,RELIEF_OR_BULK,MLB,False
823635-680767,823635,2026-04-26,COL,NYM,A,680767,Victor Vodnik,RELIEF_OR_BULK,2.0,22.0,7.0,2.0,0.0,22.0,0.0,7.0,False,False,15,3,3,0,0,0,0,2,0,,,,,,,,https://github.com/geo2343/depuracion-mlb-kernel/blob/main/runtime/hbm26_v18_sheet01_0426.csv,QA_VALIDATED_PBP_V18,RELIEF_OR_BULK,MLB,False
823635-681810,823635,2026-04-26,NYM,COL,H,681810,Austin Warren,RELIEF_OR_BULK,4.0,12.0,3.0,3.0,0.0,0.0,0.0,0.0,False,False,20,6,6,0,0,0,0,1,0,,,,,,,,https://github.com/geo2343/depuracion-mlb-kernel/blob/main/runtime/hbm26_v18_sheet01_0426.csv,QA_VALIDATED_PBP_V18,RELIEF_OR_BULK,MLB,False
824528-572955,824528,2026-04-26,CIN,DET,H,572955,Pierce Johnson,RELIEF_OR_BULK,1.0,6.0,2.0,3.0,6.0,6.0,2.0,2.0,False,False,14,4,2,2,2,2,0,1,1,,,,,,,,https://github.com/geo2343/depuracion-mlb-kernel/blob/main/runtime/hbm26_v18_sheet01_0426.csv,QA_VALIDATED_PBP_V18,RELIEF_OR_BULK,MLB,False
824528-594580,824528,2026-04-26,CIN,DET,H,594580,Sam Moll,RELIEF_OR_BULK,0.0,12.0,3.0,3.0,12.0,12.0,3.0,3.0,True,False,10,3,1,2,1,1,0,1,1,,,,,,,,https://github.com/geo2343/depuracion-mlb-kernel/blob/main/runtime/hbm26_v18_sheet01_0426.csv,QA_VALIDATED_PBP_V18,RELIEF_OR_BULK,MLB,False
824528-640448,824528,2026-04-26,DET,CIN,A,640448,Kyle Finnegan,RELIEF_OR_BULK,1.0,28.0,6.0,5.0,28.0,28.0,6.0,6.0,False,False,16,4,3,0,0,1,0,1,0,,,,,,,,https://github.com/geo2343/depuracion-mlb-kernel/blob/main/runtime/hbm26_v18_sheet01_0426.csv,QA_VALIDATED_PBP_V18,RELIEF_OR_BULK,MLB,False
824528-656271,824528,2026-04-26,CIN,DET,H,656271,Brock Burke,RELIEF_OR_BULK,1.0,20.0,4.0,3.0,20.0,20.0,4.0,4.0,False,False,23,6,3,0,0,1,2,1,0,,,,,,,,https://github.com/geo2343/depuracion-mlb-kernel/blob/main/runtime/hbm26_v18_sheet01_0426.csv,QA_VALIDATED_PBP_V18,RELIEF_OR_BULK,MLB,False
824528-669724,824528,2026-04-26,DET,CIN,A,669724,Brenan Hanifee,RELIEF_OR_BULK,,,,,,,,,,,18,4,3,0,0,1,0,0,0,,,,,,,,https://github.com/geo2343/depuracion-mlb-kernel/blob/main/runtime/hbm26_v18_sheet01_0426.csv,QA_VALIDATED_PBP_V18,,,
824528-676428,824528,2026-04-26,DET,CIN,A,676428,Brant Hurter,RELIEF_OR_BULK,1.0,11.0,3.0,1.0,11.0,15.0,3.0,4.0,False,False,13,3,3,0,0,0,0,0,0,,,,,,,,https://github.com/geo2343/depuracion-mlb-kernel/blob/main/runtime/hbm26_v18_sheet01_0426.csv,QA_VALIDATED_PBP_V18,RELIEF_OR_BULK,MLB,False
824528-676684,824528,2026-04-26,DET,CIN,A,676684,Will Vest,RELIEF_OR_BULK,1.0,22.0,5.0,2.0,22.0,22.0,5.0,5.0,False,False,8,3,3,0,0,0,0,1,0,,,,,,,,https://github.com/geo2343/depuracion-mlb-kernel/blob/main/runtime/hbm26_v18_sheet01_0426.csv,QA_VALIDATED_PBP_V18,RELIEF_OR_BULK,MLB,False
824528-683742,824528,2026-04-26,CIN,DET,H,683742,Jose Franco,RELIEF_OR_BULK,16.0,43.0,12.0,6.0,0.0,0.0,0.0,0.0,False,False,34,9,6,2,2,2,2,2,1,,,,,,,,https://github.com/geo2343/depuracion-mlb-kernel/blob/main/runtime/hbm26_v18_sheet01_0426.csv,QA_VALIDATED_PBP_V18,RELIEF_OR_BULK,MLB,False
823637-548384,823637,2026-04-26,NYM,COL,H,548384,Brooks Raley,RELIEF_OR_BULK,3.0,16.0,4.0,2.0,0.0,0.0,0.0,0.0,False,False,11,3,3,0,0,0,0,1,0,,,,,,,,https://github.com/geo2343/depuracion-mlb-kernel/blob/main/runtime/hbm26_v18_sheet01_0426.csv,QA_VALIDATED_PBP_V18,RELIEF_OR_BULK,MLB,False
823637-596133,823637,2026-04-26,NYM,COL,H,596133,Luke Weaver,RELIEF_OR_BULK,3.0,30.0,6.0,4.0,0.0,0.0,0.0,0.0,False,False,9,3,3,0,0,1,0,0,0,,,,,,,,https://github.com/geo2343/depuracion-mlb-kernel/blob/main/runtime/hbm26_v18_sheet01_0426.csv,QA_VALIDATED_PBP_V18,RELIEF_OR_BULK,MLB,False
823637-605218,823637,2026-04-26,NYM,COL,H,605218,Carl Edwards Jr.,RELIEF_OR_BULK,,,,,,,,,,,49,13,10,0,0,0,3,5,0,,,,,,,,https://github.com/geo2343/depuracion-mlb-kernel/blob/main/runtime/hbm26_v18_sheet01_0426.csv,QA_VALIDATED_PBP_V18,,,
823637-642207,823637,2026-04-26,NYM,COL,H,642207,Devin Williams,RELIEF_OR_BULK,2.0,22.0,5.0,2.0,0.0,22.0,0.0,5.0,False,False,14,3,3,0,0,0,0,2,0,,,,,,,,https://github.com/geo2343/depuracion-mlb-kernel/blob/main/runtime/hbm26_v18_sheet01_0426.csv,QA_VALIDATED_PBP_V18,RELIEF_OR_BULK,MLB,False
823637-678020,823637,2026-04-26,COL,NYM,A,678020,Seth Halvorsen,RELIEF_OR_BULK,2.0,19.0,4.0,3.0,0.0,19.0,0.0,4.0,False,False,15,4,3,0,0,0,1,0,0,,,,,,,,https://github.com/geo2343/depuracion-mlb-kernel/blob/main/runtime/hbm26_v18_sheet01_0426.csv,QA_VALIDATED_PBP_V18,RELIEF_OR_BULK,MLB,False
823637-688642,823637,2026-04-26,COL,NYM,A,688642,Zach Agnos,RELIEF_OR_BULK,2.0,67.0,15.0,9.0,0.0,67.0,0.0,15.0,False,False,11,4,3,0,0,1,0,0,0,,,,,,,,https://github.com/geo2343/depuracion-mlb-kernel/blob/main/runtime/hbm26_v18_sheet01_0426.csv,QA_VALIDATED_PBP_V18,RELIEF_OR_BULK,MLB,False
823797-656730,823797,2026-04-26,MIL,PIT,H,656730,Trevor Megill,RELIEF_OR_BULK,2.0,8.0,3.0,3.0,0.0,8.0,0.0,3.0,False,False,26,5,3,0,0,1,1,2,0,,,,,,,,https://github.com/geo2343/depuracion-mlb-kernel/blob/main/runtime/hbm26_v18_sheet01_0426.csv,QA_VALIDATED_PBP_V18,RELIEF_OR_BULK,MLB,False
823797-664875,823797,2026-04-26,PIT,MIL,A,664875,Justin Lawrence,RELIEF_OR_BULK,2.0,17.0,4.0,3.0,0.0,17.0,0.0,4.0,False,False,9,3,3,0,0,0,0,0,0,,,,,,,,https://github.com/geo2343/depuracion-mlb-kernel/blob/main/runtime/hbm26_v18_sheet01_0426.csv,QA_VALIDATED_PBP_V18,RELIEF_OR_BULK,MLB,False
823797-676742,823797,2026-04-26,PIT,MIL,A,676742,Cam Sanders,RELIEF_OR_BULK,7.0,20.0,6.0,2.0,0.0,0.0,0.0,0.0,False,False,32,8,6,0,0,1,1,1,0,,,,,,,,https://github.com/geo2343/depuracion-mlb-kernel/blob/main/runtime/hbm26_v18_sheet01_0426.csv,QA_VALIDATED_PBP_V18,RELIEF_OR_BULK,MLB,False
823797-676879,823797,2026-04-26,MIL,PIT,H,676879,Aaron Ashby,RELIEF_OR_BULK,0.0,21.0,7.0,6.0,21.0,36.0,7.0,10.0,True,False,28,6,3,0,0,0,2,2,0,,,,,,,,https://github.com/geo2343/depuracion-mlb-kernel/blob/main/runtime/hbm26_v18_sheet01_0426.csv,QA_VALIDATED_PBP_V18,RELIEF_OR_BULK,MLB,False
823797-681895,823797,2026-04-26,PIT,MIL,A,681895,Evan Sisk,RELIEF_OR_BULK,2.0,32.0,7.0,6.0,0.0,32.0,0.0,7.0,False,False,23,6,4,0,0,1,0,2,0,,,,,,,,https://github.com/geo2343/depuracion-mlb-kernel/blob/main/runtime/hbm26_v18_sheet01_0426.csv,QA_VALIDATED_PBP_V18,RELIEF_OR_BULK,MLB,False
823797-682842,823797,2026-04-26,MIL,PIT,H,682842,Abner Uribe,RELIEF_OR_BULK,0.0,8.0,3.0,3.0,8.0,16.0,3.0,5.0,True,False,13,3,3,0,0,0,0,2,0,,,,,,,,https://github.com/geo2343/depuracion-mlb-kernel/blob/main/runtime/hbm26_v18_sheet01_0426.csv,QA_VALIDATED_PBP_V18,RELIEF_OR_BULK,MLB,False
824202-621112,824202,2026-04-26,NYY,HOU,A,621112,Paul Blackburn,RELIEF_OR_BULK,7.0,32.0,9.0,6.0,0.0,0.0,0.0,0.0,False,False,43,10,9,1,1,2,0,2,0,,,,,,,,https://github.com/geo2343/depuracion-mlb-kernel/blob/main/runtime/hbm26_v18_sheet01_0426.csv,QA_VALIDATED_PBP_V18,RELIEF_OR_BULK,MLB,False
824202-642232,824202,2026-04-26,NYY,HOU,A,642232,Ryan Yarbrough,RELIEF_OR_BULK,1.0,37.0,8.0,6.0,37.0,37.0,8.0,8.0,False,False,11,4,3,0,0,0,0,2,0,,,,,,,,https://github.com/geo2343/depuracion-mlb-kernel/blob/main/runtime/hbm26_v18_sheet01_0426.csv,QA_VALIDATED_PBP_V18,RELIEF_OR_BULK,MLB,False
824202-660853,824202,2026-04-26,HOU,NYY,H,660853,Enyel De Los Santos,RELIEF_OR_BULK,3.0,24.0,6.0,4.0,0.0,0.0,0.0,0.0,False,False,24,7,3,3,3,4,0,0,0,,,,,,,,https://github.com/geo2343/depuracion-mlb-kernel/blob/main/runtime/hbm26_v18_sheet01_0426.csv,QA_VALIDATED_PBP_V18,RELIEF_OR_BULK,MLB,False
824202-687911,824202,2026-04-26,HOU,NYY,H,687911,Bryan King,RELIEF_OR_BULK,4.0,15.0,5.0,2.0,0.0,0.0,0.0,0.0,False,False,11,3,3,0,0,0,0,1,0,,,,,,,,https://github.com/geo2343/depuracion-mlb-kernel/blob/main/runtime/hbm26_v18_sheet01_0426.csv,QA_VALIDATED_PBP_V18,RELIEF_OR_BULK,MLB,False
824612-622554,824612,2026-04-26,CWS,WSH,H,622554,Seranthony Domínguez,RELIEF_OR_BULK,1.0,18.0,4.0,3.0,18.0,30.0,4.0,7.0,False,False,18,4,3,2,1,1,0,0,1,,,,,,,,https://github.com/geo2343/depuracion-mlb-kernel/blob/main/runtime/hbm26_v18_sheet01_0426.csv,QA_VALIDATED_PBP_V18,RELIEF_OR_BULK,MLB,False
824612-656794,824612,2026-04-26,CWS,WSH,H,656794,Sean Newcomb,RELIEF_OR_BULK,1.0,4.0,1.0,1.0,4.0,4.0,1.0,1.0,False,False,10,3,2,0,0,0,1,0,0,,,,,,,,https://github.com/geo2343/depuracion-mlb-kernel/blob/main/runtime/hbm26_v18_sheet01_0426.csv,QA_VALIDATED_PBP_V18,RELIEF_OR_BULK,MLB,False
824612-663992,824612,2026-04-26,WSH,CWS,A,663992,Richard Lovelady,RELIEF_OR_BULK,1.0,10.0,4.0,2.0,10.0,21.0,4.0,8.0,False,False,14,5,3,0,0,1,1,2,0,,,,,,,,https://github.com/geo2343/depuracion-mlb-kernel/blob/main/runtime/hbm26_v18_sheet01_0426.csv,QA_VALIDATED_PBP_V18,RELIEF_OR_BULK,MLB,False
824612-680732,824612,2026-04-26,CWS,WSH,H,680732,Sean Burke,RELIEF_OR_BULK,4.0,101.0,22.0,18.0,0.0,0.0,0.0,0.0,False,False,76,24,22,0,0,3,0,4,0,,,,,,,,https://github.com/geo2343/depuracion-mlb-kernel/blob/main/runtime/hbm26_v18_sheet01_0426.csv,QA_VALIDATED_PBP_V18,STARTER,MLB,False
824612-681402,824612,2026-04-26,WSH,CWS,A,681402,Gus Varland,RELIEF_OR_BULK,0.0,8.0,4.0,3.0,8.0,21.0,4.0,9.0,True,False,10,3,3,0,0,0,0,1,0,,,,,,,,https://github.com/geo2343/depuracion-mlb-kernel/blob/main/runtime/hbm26_v18_sheet01_0426.csv,QA_VALIDATED_PBP_V18,RELIEF_OR_BULK,MLB,False
824612-687606,824612,2026-04-26,WSH,CWS,A,687606,Paxton Schultz,RELIEF_OR_BULK,8.0,48.0,11.0,9.0,0.0,0.0,0.0,0.0,False,False,17,4,3,1,0,1,0,2,0,,,,,,,,https://github.com/geo2343/depuracion-mlb-kernel/blob/main/runtime/hbm26_v18_sheet01_0426.csv,QA_VALIDATED_PBP_V18,RELIEF_OR_BULK,MLB,False
823068-592773,823068,2026-04-26,STL,SEA,H,592773,Ryne Stanek,RELIEF_OR_BULK,0.0,10.0,3.0,2.0,10.0,10.0,3.0,3.0,True,False,22,3,3,0,0,0,0,3,0,,,,,,,,https://github.com/geo2343/depuracion-mlb-kernel/blob/main/runtime/hbm26_v18_sheet01_0426.csv,QA_VALIDATED_PBP_V18,RELIEF_OR_BULK,MLB,False
823068-642100,823068,2026-04-26,SEA,STL,A,642100,Gabe Speier,RELIEF_OR_BULK,1.0,11.0,3.0,1.0,11.0,11.0,3.0,3.0,False,False,15,3,2,0,0,0,1,0,0,,,,,,,,https://github.com/geo2343/depuracion-mlb-kernel/blob/main/runtime/hbm26_v18_sheet01_0426.csv,QA_VALIDATED_PBP_V18,RELIEF_OR_BULK,MLB,False
823068-660825,823068,2026-04-26,SEA,STL,A,660825,Eduard Bazardo,RELIEF_OR_BULK,1.0,4.0,1.0,2.0,4.0,4.0,1.0,1.0,False,False,12,4,4,0,0,0,0,1,0,,,,,,,,https://github.com/geo2343/depuracion-mlb-kernel/blob/main/runtime/hbm26_v18_sheet01_0426.csv,QA_VALIDATED_PBP_V18,RELIEF_OR_BULK,MLB,False
823068-668941,823068,2026-04-26,STL,SEA,H,668941,JoJo Romero,RELIEF_OR_BULK,0.0,12.0,4.0,2.0,12.0,12.0,4.0,4.0,True,False,21,4,3,1,1,1,0,2,1,,,,,,,,https://github.com/geo2343/depuracion-mlb-kernel/blob/main/runtime/hbm26_v18_sheet01_0426.csv,QA_VALIDATED_PBP_V18,RELIEF_OR_BULK,MLB,False
823068-678606,823068,2026-04-26,SEA,STL,A,678606,José A. Ferrer,RELIEF_OR_BULK,0.0,29.0,10.0,6.0,29.0,29.0,10.0,10.0,True,False,11,3,3,0,0,0,0,0,0,,,,,,,,https://github.com/geo2343/depuracion-mlb-kernel/blob/main/runtime/hbm26_v18_sheet01_0426.csv,QA_VALIDATED_PBP_V18,RELIEF_OR_BULK,MLB,False
823068-694335,823068,2026-04-26,STL,SEA,H,694335,Matt Svanson,RELIEF_OR_BULK,0.0,18.0,3.0,2.0,18.0,18.0,3.0,3.0,True,False,16,5,3,1,1,2,0,1,0,,,,,,,,https://github.com/geo2343/depuracion-mlb-kernel/blob/main/runtime/hbm26_v18_sheet01_0426.csv,QA_VALIDATED_PBP_V18,RELIEF_OR_BULK,MLB,False
822911-641302,822911,2026-04-26,TEX,ATH,H,641302,Tyler Alexander,RELIEF_OR_BULK,3.0,29.0,7.0,6.0,0.0,0.0,0.0,0.0,False,False,11,5,3,0,0,2,0,0,0,,,,,,,,https://github.com/geo2343/depuracion-mlb-kernel/blob/main/runtime/hbm26_v18_sheet01_0426.csv,QA_VALIDATED_PBP_V18,RELIEF_OR_BULK,MLB,False
822911-663687,822911,2026-04-26,ATH,TEX,A,663687,Hogan Harris,RELIEF_OR_BULK,1.0,16.0,4.0,2.0,16.0,16.0,4.0,4.0,False,False,19,4,3,0,0,0,1,1,0,,,,,,,,https://github.com/geo2343/depuracion-mlb-kernel/blob/main/runtime/hbm26_v18_sheet01_0426.csv,QA_VALIDATED_PBP_V18,RELIEF_OR_BULK,MLB,False
822911-669270,822911,2026-04-26,ATH,TEX,A,669270,Joel Kuhnel,RELIEF_OR_BULK,3.0,11.0,5.0,2.0,0.0,0.0,0.0,0.0,False,False,9,3,2,0,0,0,1,1,0,,,,,,,,https://github.com/geo2343/depuracion-mlb-kernel/blob/main/runtime/hbm26_v18_sheet01_0426.csv,QA_VALIDATED_PBP_V18,RELIEF_OR_BULK,MLB,False
822911-678022,822911,2026-04-26,ATH,TEX,A,678022,Jack Perkins,RELIEF_OR_BULK,4.0,26.0,6.0,6.0,0.0,0.0,0.0,0.0,False,False,26,7,6,0,0,1,0,3,0,,,,,,,,https://github.com/geo2343/depuracion-mlb-kernel/blob/main/runtime/hbm26_v18_sheet01_0426.csv,QA_VALIDATED_PBP_V18,RELIEF_OR_BULK,MLB,False
822911-682052,822911,2026-04-26,ATH,TEX,A,682052,Jacob Lopez,RELIEF_OR_BULK,4.0,86.0,24.0,16.0,0.0,0.0,0.0,0.0,False,False,25,7,3,1,1,1,2,1,0,,,,,,,,https://github.com/geo2343/depuracion-mlb-kernel/blob/main/runtime/hbm26_v18_sheet01_0426.csv,QA_VALIDATED_PBP_V18,STARTER,MLB,False
822911-682608,822911,2026-04-26,TEX,ATH,H,682608,Peyton Gray,RELIEF_OR_BULK,2.0,10.0,3.0,3.0,0.0,10.0,0.0,3.0,False,False,21,6,3,0,0,1,2,1,0,,,,,,,,https://github.com/geo2343/depuracion-mlb-kernel/blob/main/runtime/hbm26_v18_sheet01_0426.csv,QA_VALIDATED_PBP_V18,RELIEF_OR_BULK,MLB,False
822911-686560,822911,2026-04-26,TEX,ATH,H,686560,Gavin Collyer,RELIEF_OR_BULK,2.0,15.0,3.0,1.0,0.0,15.0,0.0,3.0,False,False,16,4,3,0,0,1,0,1,0,,,,,,,,https://github.com/geo2343/depuracion-mlb-kernel/blob/main/runtime/hbm26_v18_sheet01_0426.csv,QA_VALIDATED_PBP_V18,RELIEF_OR_BULK,MLB,False
822911-686993,822911,2026-04-26,ATH,TEX,A,686993,Justin Sterner,RELIEF_OR_BULK,1.0,9.0,2.0,2.0,9.0,9.0,2.0,2.0,False,False,13,4,3,0,0,1,0,2,0,,,,,,,,https://github.com/geo2343/depuracion-mlb-kernel/blob/main/runtime/hbm26_v18_sheet01_0426.csv,QA_VALIDATED_PBP_V18,RELIEF_OR_BULK,MLB,False
823230-669062,823230,2026-04-26,SF,MIA,H,669062,Erik Miller,RELIEF_OR_BULK,0.0,21.0,4.0,3.0,21.0,21.0,4.0,4.0,True,False,12,4,4,0,0,0,0,1,0,,,,,,,,https://github.com/geo2343/depuracion-mlb-kernel/blob/main/runtime/hbm26_v18_sheet01_0426.csv,QA_VALIDATED_PBP_V18,RELIEF_OR_BULK,MLB,False
823230-669622,823230,2026-04-26,MIA,SF,A,669622,Anthony Bender,RELIEF_OR_BULK,0.0,7.0,4.0,2.0,7.0,7.0,4.0,4.0,True,False,12,3,3,0,0,0,0,0,0,,,,,,,,https://github.com/geo2343/depuracion-mlb-kernel/blob/main/runtime/hbm26_v18_sheet01_0426.csv,QA_VALIDATED_PBP_V18,RELIEF_OR_BULK,MLB,False
823230-676534,823230,2026-04-26,MIA,SF,A,676534,Calvin Faucher,RELIEF_OR_BULK,5.0,7.0,3.0,2.0,0.0,0.0,0.0,0.0,False,False,18,6,3,2,2,2,1,0,0,,,,,,,,https://github.com/geo2343/depuracion-mlb-kernel/blob/main/runtime/hbm26_v18_sheet01_0426.csv,QA_VALIDATED_PBP_V18,RELIEF_OR_BULK,MLB,False
823230-677053,823230,2026-04-26,MIA,SF,A,677053,Andrew Nardi,RELIEF_OR_BULK,3.0,13.0,4.0,3.0,0.0,0.0,0.0,0.0,False,False,20,7,3,3,3,2,2,1,1,,,,,,,,https://github.com/geo2343/depuracion-mlb-kernel/blob/main/runtime/hbm26_v18_sheet01_0426.csv,QA_VALIDATED_PBP_V18,RELIEF_OR_BULK,MLB,False
825094-593974,825094,2026-04-26,SD,AZ,A,593974,Wandy Peralta,RELIEF_OR_BULK,3.0,17.0,5.0,5.0,0.0,0.0,0.0,0.0,False,False,16,3,2,0,0,1,1,0,0,,,,,,,,https://github.com/geo2343/depuracion-mlb-kernel/blob/main/runtime/hbm26_v18_sheet01_0426.csv,QA_VALIDATED_PBP_V18,RELIEF_OR_BULK,MLB,False
825094-642528,825094,2026-04-26,AZ,SD,H,642528,Jonathan Loáisiga,RELIEF_OR_BULK,0.0,18.0,3.0,3.0,18.0,22.0,3.0,4.0,True,False,16,4,3,0,0,1,0,0,0,,,,,,,,https://github.com/geo2343/depuracion-mlb-kernel/blob/main/runtime/hbm26_v18_sheet01_0426.csv,QA_VALIDATED_PBP_V18,RELIEF_OR_BULK,MLB,False
825094-656464,825094,2026-04-26,AZ,SD,H,656464,Kevin Ginkel,RELIEF_OR_BULK,2.0,18.0,6.0,5.0,0.0,18.0,0.0,6.0,False,False,10,4,3,1,1,1,0,0,1,,,,,,,,https://github.com/geo2343/depuracion-mlb-kernel/blob/main/runtime/hbm26_v18_sheet01_0426.csv,QA_VALIDATED_PBP_V18,RELIEF_OR_BULK,MLB,False
825094-657044,825094,2026-04-26,AZ,SD,H,657044,Ryan Thompson,RELIEF_OR_BULK,3.0,19.0,5.0,3.0,0.0,0.0,0.0,0.0,False,False,6,4,3,0,0,2,0,0,0,,,,,,,,https://github.com/geo2343/depuracion-mlb-kernel/blob/main/runtime/hbm26_v18_sheet01_0426.csv,QA_VALIDATED_PBP_V18,RELIEF_OR_BULK,MLB,False
825094-666661,825094,2026-04-26,AZ,SD,H,666661,Juan Morillo,RELIEF_OR_BULK,2.0,14.0,5.0,4.0,0.0,14.0,0.0,5.0,False,False,21,4,3,0,0,0,0,2,0,,,,,,,,https://github.com/geo2343/depuracion-mlb-kernel/blob/main/runtime/hbm26_v18_sheet01_0426.csv,QA_VALIDATED_PBP_V18,RELIEF_OR_BULK,MLB,False
825094-676760,825094,2026-04-26,SD,AZ,A,676760,Ron Marinaccio,RELIEF_OR_BULK,2.0,30.0,9.0,6.0,0.0,30.0,0.0,9.0,False,False,24,6,1,4,4,5,0,0,0,,,,,,,,https://github.com/geo2343/depuracion-mlb-kernel/blob/main/runtime/hbm26_v18_sheet01_0426.csv,QA_VALIDATED_PBP_V18,RELIEF_OR_BULK,MLB,False
825094-688158,825094,2026-04-26,SD,AZ,A,688158,David Morgan,RELIEF_OR_BULK,3.0,38.0,9.0,4.0,0.0,0.0,0.0,0.0,False,False,10,5,1,4,4,4,0,0,1,,,,,,,,https://github.com/geo2343/depuracion-mlb-kernel/blob/main/runtime/hbm26_v18_sheet01_0426.csv,QA_VALIDATED_PBP_V18,RELIEF_OR_BULK,MLB,False
825094-699134,825094,2026-04-26,SD,AZ,A,699134,Bradgley Rodriguez,RELIEF_OR_BULK,6.0,24.0,6.0,5.0,0.0,0.0,0.0,0.0,False,False,20,5,2,2,2,2,1,0,0,,,,,,,,https://github.com/geo2343/depuracion-mlb-kernel/blob/main/runtime/hbm26_v18_sheet01_0426.csv,QA_VALIDATED_PBP_V18,RELIEF_OR_BULK,MLB,False
823959-571948,823959,2026-04-26,CHC,LAD,A,571948,Hoby Milner,RELIEF_OR_BULK,2.0,25.0,4.0,2.0,0.0,25.0,0.0,4.0,False,False,14,4,3,1,1,1,0,0,1,,,,,,,,https://github.com/geo2343/depuracion-mlb-kernel/blob/main/runtime/hbm26_v18_sheet01_0426.csv,QA_VALIDATED_PBP_V18,RELIEF_OR_BULK,MLB,False
823959-605441,823959,2026-04-26,CHC,LAD,A,605441,Yacksel Ríos,RELIEF_OR_BULK,,,,,,,,,,,13,5,5,0,0,0,0,2,0,,,,,,,,https://github.com/geo2343/depuracion-mlb-kernel/blob/main/runtime/hbm26_v18_sheet01_0426.csv,QA_VALIDATED_PBP_V18,,,
823959-669165,823959,2026-04-26,LAD,CHC,H,669165,Kyle Hurt,RELIEF_OR_BULK,0.0,10.0,4.0,3.0,10.0,10.0,4.0,4.0,True,False,5,3,3,0,0,0,0,0,0,,,,,,,,https://github.com/geo2343/depuracion-mlb-kernel/blob/main/runtime/hbm26_v18_sheet01_0426.csv,QA_VALIDATED_PBP_V18,RELIEF_OR_BULK,MLB,False
823959-676263,823959,2026-04-26,LAD,CHC,H,676263,Jack Dreyer,RELIEF_OR_BULK,0.0,19.0,3.0,2.0,19.0,19.0,3.0,3.0,True,False,15,4,3,0,0,0,0,1,0,,,,,,,,https://github.com/geo2343/depuracion-mlb-kernel/blob/main/runtime/hbm26_v18_sheet01_0426.csv,QA_VALIDATED_PBP_V18,RELIEF_OR_BULK,MLB,False
823959-683618,823959,2026-04-26,LAD,CHC,H,683618,Edgardo Henriquez,RELIEF_OR_BULK,1.0,1.0,1.0,1.0,1.0,1.0,1.0,1.0,False,False,24,5,3,0,0,0,2,1,0,,,,,,,,https://github.com/geo2343/depuracion-mlb-kernel/blob/main/runtime/hbm26_v18_sheet01_0426.csv,QA_VALIDATED_PBP_V18,RELIEF_OR_BULK,MLB,False
824122-519141,824122,2026-04-26,LAA,KC,A,519141,Drew Pomeranz,RELIEF_OR_BULK,1.0,30.0,6.0,3.0,30.0,30.0,6.0,6.0,False,False,6,2,1,1,1,1,0,0,1,,,,,,,,https://github.com/geo2343/depuracion-mlb-kernel/blob/main/runtime/hbm26_v18_sheet01_0426.csv,QA_VALIDATED_PBP_V18,RELIEF_OR_BULK,MLB,False
824122-608718,824122,2026-04-26,LAA,KC,A,608718,Brent Suter,RELIEF_OR_BULK,3.0,12.0,3.0,3.0,0.0,0.0,0.0,0.0,False,False,29,6,3,2,2,2,1,0,0,,,,,,,,https://github.com/geo2343/depuracion-mlb-kernel/blob/main/runtime/hbm26_v18_sheet01_0426.csv,QA_VALIDATED_PBP_V18,RELIEF_OR_BULK,MLB,False
824122-656638,824122,2026-04-26,KC,LAA,H,656638,Alex Lange,RELIEF_OR_BULK,3.0,18.0,3.0,3.0,0.0,0.0,0.0,0.0,False,False,34,7,3,1,1,1,3,2,0,,,,,,,,https://github.com/geo2343/depuracion-mlb-kernel/blob/main/runtime/hbm26_v18_sheet01_0426.csv,QA_VALIDATED_PBP_V18,RELIEF_OR_BULK,MLB,False
824122-664192,824122,2026-04-26,LAA,KC,A,664192,Joey Lucchesi,RELIEF_OR_BULK,21.0,11.0,3.0,1.0,0.0,0.0,0.0,0.0,False,False,22,4,2,3,2,1,1,1,1,,,,,,,,https://github.com/geo2343/depuracion-mlb-kernel/blob/main/runtime/hbm26_v18_sheet01_0426.csv,QA_VALIDATED_PBP_V18,RELIEF_OR_BULK,MLB,False
824122-666171,824122,2026-04-26,LAA,KC,A,666171,Ryan Zeferjahn,RELIEF_OR_BULK,1.0,13.0,3.0,3.0,13.0,13.0,3.0,3.0,False,False,20,6,5,0,0,0,1,1,0,,,,,,,,https://github.com/geo2343/depuracion-mlb-kernel/blob/main/runtime/hbm26_v18_sheet01_0426.csv,QA_VALIDATED_PBP_V18,RELIEF_OR_BULK,MLB,False
824122-668674,824122,2026-04-26,KC,LAA,H,668674,Lucas Erceg,RELIEF_OR_BULK,1.0,18.0,4.0,3.0,18.0,18.0,4.0,4.0,False,False,21,4,3,1,0,0,1,2,0,,,,,,,,https://github.com/geo2343/depuracion-mlb-kernel/blob/main/runtime/hbm26_v18_sheet01_0426.csv,QA_VALIDATED_PBP_V18,RELIEF_OR_BULK,MLB,False
824122-669212,824122,2026-04-26,KC,LAA,H,669212,Eli Morgan,RELIEF_OR_BULK,3.0,22.0,8.0,5.0,0.0,0.0,0.0,0.0,False,False,14,2,2,0,0,1,0,0,0,,,,,,,,https://github.com/geo2343/depuracion-mlb-kernel/blob/main/runtime/hbm26_v18_sheet01_0426.csv,QA_VALIDATED_PBP_V18,RELIEF_OR_BULK,MLB,False
824122-683232,824122,2026-04-26,KC,LAA,H,683232,Nick Mears,RELIEF_OR_BULK,1.0,14.0,3.0,1.0,14.0,14.0,3.0,3.0,False,False,12,3,3,0,0,0,0,1,0,,,,,,,,https://github.com/geo2343/depuracion-mlb-kernel/blob/main/runtime/hbm26_v18_sheet01_0426.csv,QA_VALIDATED_PBP_V18,RELIEF_OR_BULK,MLB,False
824122-696147,824122,2026-04-26,LAA,KC,A,696147,Sam Bachman,RELIEF_OR_BULK,4.0,13.0,4.0,4.0,0.0,0.0,0.0,0.0,False,False,23,7,3,2,2,3,2,0,1,,,,,,,,https://github.com/geo2343/depuracion-mlb-kernel/blob/main/runtime/hbm26_v18_sheet01_0426.csv,QA_VALIDATED_PBP_V18,RELIEF_OR_BULK,MLB,False
824446-641329,824446,2026-04-27,TB,CLE,A,641329,Bryan Baker,RELIEF_OR_BULK,0.0,16.0,3.0,3.0,16.0,34.0,3.0,6.0,True,False,23,5,3,0,0,2,0,2,0,,,,,,,,https://github.com/geo2343/depuracion-mlb-kernel/blob/main/runtime/hbm26_v19_sheet01_0427.csv,QA_VALIDATED_PBP_V19,RELIEF_OR_BULK,MLB,False
824446-670036,824446,2026-04-27,CLE,TB,H,670036,Matt Festa,RELIEF_OR_BULK,1.0,17.0,5.0,3.0,17.0,17.0,5.0,5.0,False,False,3,1,1,0,0,0,0,0,0,,,,,,,,https://github.com/geo2343/depuracion-mlb-kernel/blob/main/runtime/hbm26_v19_sheet01_0427.csv,QA_VALIDATED_PBP_V19,RELIEF_OR_BULK,MLB,False
824446-670059,824446,2026-04-27,CLE,TB,H,670059,Colin Holderman,RELIEF_OR_BULK,0.0,12.0,4.0,4.0,12.0,12.0,4.0,4.0,True,False,23,6,6,0,0,0,0,1,0,,,,,,,,https://github.com/geo2343/depuracion-mlb-kernel/blob/main/runtime/hbm26_v19_sheet01_0427.csv,QA_VALIDATED_PBP_V19,RELIEF_OR_BULK,MLB,False
824446-681870,824446,2026-04-27,CLE,TB,H,681870,Erik Sabrowski,RELIEF_OR_BULK,2.0,13.0,3.0,3.0,0.0,13.0,0.0,3.0,False,False,20,4,2,0,0,1,1,1,0,,,,,,,,https://github.com/geo2343/depuracion-mlb-kernel/blob/main/runtime/hbm26_v19_sheet01_0427.csv,QA_VALIDATED_PBP_V19,RELIEF_OR_BULK,MLB,False
824446-683769,824446,2026-04-27,CLE,TB,H,683769,Hunter Gaddis,RELIEF_OR_BULK,2.0,8.0,3.0,3.0,0.0,8.0,0.0,3.0,False,False,13,4,1,2,2,3,0,0,1,,,,,,,,https://github.com/geo2343/depuracion-mlb-kernel/blob/main/runtime/hbm26_v19_sheet01_0427.csv,QA_VALIDATED_PBP_V19,RELIEF_OR_BULK,MLB,False
824446-693855,824446,2026-04-27,TB,CLE,A,693855,Ian Seymour,RELIEF_OR_BULK,5.0,15.0,4.0,3.0,0.0,0.0,0.0,0.0,False,False,18,4,3,0,0,0,1,2,0,,,,,,,,https://github.com/geo2343/depuracion-mlb-kernel/blob/main/runtime/hbm26_v19_sheet01_0427.csv,QA_VALIDATED_PBP_V19,RELIEF_OR_BULK,MLB,False
823395-642397,823395,2026-04-27,PIT,STL,H,642397,Gregory Soto,RELIEF_OR_BULK,1.0,14.0,3.0,3.0,14.0,14.0,3.0,3.0,False,False,18,3,3,0,0,1,0,0,0,,,,,,,,https://github.com/geo2343/depuracion-mlb-kernel/blob/main/runtime/hbm26_v19_sheet01_0427.csv,QA_VALIDATED_PBP_V19,RELIEF_OR_BULK,MLB,False
823395-642701,823395,2026-04-27,PIT,STL,H,642701,Dennis Santana,RELIEF_OR_BULK,1.0,17.0,5.0,3.0,17.0,17.0,5.0,5.0,False,False,27,8,2,4,4,4,2,0,2,,,,,,,,https://github.com/geo2343/depuracion-mlb-kernel/blob/main/runtime/hbm26_v19_sheet01_0427.csv,QA_VALIDATED_PBP_V19,RELIEF_OR_BULK,MLB,False
823395-664875,823395,2026-04-27,PIT,STL,H,664875,Justin Lawrence,RELIEF_OR_BULK,0.0,9.0,3.0,3.0,9.0,9.0,3.0,3.0,True,False,9,3,3,0,0,0,0,1,0,,,,,,,,https://github.com/geo2343/depuracion-mlb-kernel/blob/main/runtime/hbm26_v19_sheet01_0427.csv,QA_VALIDATED_PBP_V19,RELIEF_OR_BULK,MLB,False
823395-666277,823395,2026-04-27,STL,PIT,A,666277,George Soriano,RELIEF_OR_BULK,1.0,15.0,5.0,3.0,15.0,26.0,5.0,7.0,False,False,21,4,3,0,0,1,0,1,0,,,,,,,,https://github.com/geo2343/depuracion-mlb-kernel/blob/main/runtime/hbm26_v19_sheet01_0427.csv,QA_VALIDATED_PBP_V19,RELIEF_OR_BULK,MLB,False
823395-676742,823395,2026-04-27,PIT,STL,H,676742,Cam Sanders,RELIEF_OR_BULK,0.0,32.0,8.0,6.0,32.0,32.0,8.0,8.0,True,False,5,1,1,0,0,0,0,1,0,,,,,,,,https://github.com/geo2343/depuracion-mlb-kernel/blob/main/runtime/hbm26_v19_sheet01_0427.csv,QA_VALIDATED_PBP_V19,RELIEF_OR_BULK,MLB,False
823395-676755,823395,2026-04-27,PIT,STL,H,676755,Isaac Mattson,RELIEF_OR_BULK,1.0,4.0,3.0,3.0,4.0,18.0,3.0,7.0,False,False,3,1,1,0,0,0,0,1,0,,,,,,,,https://github.com/geo2343/depuracion-mlb-kernel/blob/main/runtime/hbm26_v19_sheet01_0427.csv,QA_VALIDATED_PBP_V19,RELIEF_OR_BULK,MLB,False
823395-681676,823395,2026-04-27,STL,PIT,A,681676,Ryan Fernandez,RELIEF_OR_BULK,4.0,17.0,6.0,3.0,0.0,0.0,0.0,0.0,False,False,23,6,6,0,0,0,0,4,0,,,,,,,,https://github.com/geo2343/depuracion-mlb-kernel/blob/main/runtime/hbm26_v19_sheet01_0427.csv,QA_VALIDATED_PBP_V19,RELIEF_OR_BULK,MLB,False
823395-681895,823395,2026-04-27,PIT,STL,H,681895,Evan Sisk,RELIEF_OR_BULK,0.0,23.0,6.0,4.0,23.0,23.0,6.0,6.0,True,False,16,3,2,0,0,1,0,0,0,,,,,,,,https://github.com/geo2343/depuracion-mlb-kernel/blob/main/runtime/hbm26_v19_sheet01_0427.csv,QA_VALIDATED_PBP_V19,RELIEF_OR_BULK,MLB,False
823395-696062,823395,2026-04-27,PIT,STL,H,696062,Wilber Dotel,RELIEF_OR_BULK,5.0,33.0,9.0,5.0,0.0,0.0,0.0,0.0,False,False,44,12,12,0,0,0,0,3,0,,,,,,,,https://github.com/geo2343/depuracion-mlb-kernel/blob/main/runtime/hbm26_v19_sheet01_0427.csv,QA_VALIDATED_PBP_V19,RELIEF_OR_BULK,MLB,False
822825-573009,822825,2026-04-27,TOR,BOS,H,573009,Joe Mantiply,RELIEF_OR_BULK,2.0,19.0,6.0,5.0,0.0,19.0,0.0,6.0,False,False,12,4,3,0,0,1,0,2,0,,,,,,,,https://github.com/geo2343/depuracion-mlb-kernel/blob/main/runtime/hbm26_v19_sheet01_0427.csv,QA_VALIDATED_PBP_V19,RELIEF_OR_BULK,MLB,False
822825-667297,822825,2026-04-27,TOR,BOS,H,667297,Tommy Nance,RELIEF_OR_BULK,2.0,13.0,3.0,3.0,0.0,13.0,0.0,3.0,False,False,16,4,3,0,0,0,1,0,0,,,,,,,,https://github.com/geo2343/depuracion-mlb-kernel/blob/main/runtime/hbm26_v19_sheet01_0427.csv,QA_VALIDATED_PBP_V19,RELIEF_OR_BULK,MLB,False
822825-669711,822825,2026-04-27,BOS,TOR,A,669711,Greg Weissert,RELIEF_OR_BULK,1.0,21.0,5.0,3.0,21.0,21.0,5.0,5.0,False,False,10,4,3,0,0,1,0,0,0,,,,,,,,https://github.com/geo2343/depuracion-mlb-kernel/blob/main/runtime/hbm26_v19_sheet01_0427.csv,QA_VALIDATED_PBP_V19,RELIEF_OR_BULK,MLB,False
822825-695445,822825,2026-04-27,TOR,BOS,H,695445,Chase Lee,RELIEF_OR_BULK,,,,,,,,,,,21,5,4,1,1,1,0,1,1,,,,,,,,https://github.com/geo2343/depuracion-mlb-kernel/blob/main/runtime/hbm26_v19_sheet01_0427.csv,QA_VALIDATED_PBP_V19,,,
823719-573124,823719,2026-04-27,MIN,SEA,H,573124,Taylor Rogers,RELIEF_OR_BULK,1.0,15.0,3.0,0.0,15.0,15.0,3.0,3.0,False,False,14,3,3,0,0,0,1,0,0,,,,,,,,https://github.com/geo2343/depuracion-mlb-kernel/blob/main/runtime/hbm26_v19_sheet01_0427.csv,QA_VALIDATED_PBP_V19,RELIEF_OR_BULK,MLB,False
823719-677961,823719,2026-04-27,SEA,MIN,A,677961,Cole Wilcox,RELIEF_OR_BULK,5.0,45.0,12.0,6.0,0.0,0.0,0.0,0.0,False,False,40,9,4,1,1,3,2,1,0,,,,,,,,https://github.com/geo2343/depuracion-mlb-kernel/blob/main/runtime/hbm26_v19_sheet01_0427.csv,QA_VALIDATED_PBP_V19,RELIEF_OR_BULK,MLB,False
823719-695380,823719,2026-04-27,SEA,MIN,A,695380,Alex Hoppe,RELIEF_OR_BULK,,,,,,,,,,,42,10,5,3,3,2,3,3,0,,,,,,,,https://github.com/geo2343/depuracion-mlb-kernel/blob/main/runtime/hbm26_v19_sheet01_0427.csv,QA_VALIDATED_PBP_V19,,,
823719-702193,823719,2026-04-27,MIN,SEA,H,702193,Andrew Morris,RELIEF_OR_BULK,3.0,37.0,10.0,8.0,0.0,0.0,0.0,0.0,False,False,40,13,9,2,2,4,1,2,1,,,,,,,,https://github.com/geo2343/depuracion-mlb-kernel/blob/main/runtime/hbm26_v19_sheet01_0427.csv,QA_VALIDATED_PBP_V19,RELIEF_OR_BULK,MLB,False
824609-519141,824609,2026-04-27,LAA,CWS,A,519141,Drew Pomeranz,RELIEF_OR_BULK,0.0,6.0,2.0,1.0,6.0,36.0,2.0,8.0,True,False,21,5,3,2,2,2,0,2,2,,,,,,,,https://github.com/geo2343/depuracion-mlb-kernel/blob/main/runtime/hbm26_v19_sheet01_0427.csv,QA_VALIDATED_PBP_V19,RELIEF_OR_BULK,MLB,False
824609-663542,824609,2026-04-27,CWS,LAA,H,663542,Bryan Hudson,RELIEF_OR_BULK,0.0,8.0,3.0,3.0,8.0,25.0,3.0,7.0,True,False,4,1,1,0,0,0,0,0,0,,,,,,,,https://github.com/geo2343/depuracion-mlb-kernel/blob/main/runtime/hbm26_v19_sheet01_0427.csv,QA_VALIDATED_PBP_V19,STARTER,MLB,False
824609-663855,824609,2026-04-27,CWS,LAA,H,663855,Jordan Hicks,RELIEF_OR_BULK,1.0,19.0,5.0,3.0,19.0,19.0,5.0,5.0,False,False,8,3,1,0,0,2,0,0,0,,,,,,,,https://github.com/geo2343/depuracion-mlb-kernel/blob/main/runtime/hbm26_v19_sheet01_0427.csv,QA_VALIDATED_PBP_V19,RELIEF_OR_BULK,MLB,False
824609-674370,824609,2026-04-27,CWS,LAA,H,674370,Osvaldo Bido,RELIEF_OR_BULK,1.0,8.0,1.0,1.0,8.0,8.0,1.0,1.0,False,False,43,10,9,1,1,2,0,2,1,,,,,,,,https://github.com/geo2343/depuracion-mlb-kernel/blob/main/runtime/hbm26_v19_sheet01_0427.csv,QA_VALIDATED_PBP_V19,RELIEF_OR_BULK,MLB,False
824609-680704,824609,2026-04-27,LAA,CWS,A,680704,Nick Sandlin,RELIEF_OR_BULK,1.0,19.0,4.0,4.0,19.0,19.0,4.0,4.0,False,False,7,3,0,3,3,2,0,0,0,,,,,,,,https://github.com/geo2343/depuracion-mlb-kernel/blob/main/runtime/hbm26_v19_sheet01_0427.csv,QA_VALIDATED_PBP_V19,RELIEF_OR_BULK,MLB,False
824609-691799,824609,2026-04-27,CWS,LAA,H,691799,Grant Taylor,RELIEF_OR_BULK,1.0,9.0,3.0,3.0,9.0,9.0,3.0,3.0,False,False,35,8,4,2,0,3,0,2,0,,,,,,,,https://github.com/geo2343/depuracion-mlb-kernel/blob/main/runtime/hbm26_v19_sheet01_0427.csv,QA_VALIDATED_PBP_V19,RELIEF_OR_BULK,MLB,False
824609-820862,824609,2026-04-27,LAA,CWS,A,820862,José Fermin,RELIEF_OR_BULK,,,,,,,,,,,14,3,3,0,0,0,0,2,0,,,,,,,,https://github.com/geo2343/depuracion-mlb-kernel/blob/main/runtime/hbm26_v19_sheet01_0427.csv,QA_VALIDATED_PBP_V19,,,
822906-657612,822906,2026-04-27,NYY,TEX,A,657612,Tim Hill,RELIEF_OR_BULK,1.0,11.0,4.0,3.0,11.0,11.0,4.0,4.0,False,False,24,5,3,0,0,0,2,0,0,,,,,,,,https://github.com/geo2343/depuracion-mlb-kernel/blob/main/runtime/hbm26_v19_sheet01_0427.csv,QA_VALIDATED_PBP_V19,RELIEF_OR_BULK,MLB,False
822906-666808,822906,2026-04-27,NYY,TEX,A,666808,Camilo Doval,RELIEF_OR_BULK,1.0,13.0,4.0,3.0,13.0,13.0,4.0,4.0,False,False,16,4,3,1,1,1,0,2,1,,,,,,,,https://github.com/geo2343/depuracion-mlb-kernel/blob/main/runtime/hbm26_v19_sheet01_0427.csv,QA_VALIDATED_PBP_V19,RELIEF_OR_BULK,MLB,False
822906-670280,822906,2026-04-27,NYY,TEX,A,670280,David Bednar,RELIEF_OR_BULK,3.0,11.0,3.0,3.0,0.0,0.0,0.0,0.0,False,False,18,6,3,1,0,2,0,1,0,,,,,,,,https://github.com/geo2343/depuracion-mlb-kernel/blob/main/runtime/hbm26_v19_sheet01_0427.csv,QA_VALIDATED_PBP_V19,RELIEF_OR_BULK,MLB,False
822906-682608,822906,2026-04-27,TEX,NYY,H,682608,Peyton Gray,RELIEF_OR_BULK,0.0,21.0,6.0,3.0,21.0,21.0,6.0,6.0,True,False,41,9,6,0,0,1,2,1,0,,,,,,,,https://github.com/geo2343/depuracion-mlb-kernel/blob/main/runtime/hbm26_v19_sheet01_0427.csv,QA_VALIDATED_PBP_V19,RELIEF_OR_BULK,MLB,False
822906-686560,822906,2026-04-27,TEX,NYY,H,686560,Gavin Collyer,RELIEF_OR_BULK,0.0,16.0,4.0,3.0,16.0,16.0,4.0,4.0,True,False,15,3,3,0,0,0,0,0,0,,,,,,,,https://github.com/geo2343/depuracion-mlb-kernel/blob/main/runtime/hbm26_v19_sheet01_0427.csv,QA_VALIDATED_PBP_V19,RELIEF_OR_BULK,MLB,False
823311-592094,823311,2026-04-27,SD,CHC,H,592094,Jason Adam,RELIEF_OR_BULK,1.0,15.0,4.0,3.0,15.0,15.0,4.0,4.0,False,False,17,4,4,0,0,0,0,1,0,,,,,,,,https://github.com/geo2343/depuracion-mlb-kernel/blob/main/runtime/hbm26_v19_sheet01_0427.csv,QA_VALIDATED_PBP_V19,RELIEF_OR_BULK,MLB,False
823311-657097,823311,2026-04-27,CHC,SD,A,657097,Jacob Webb,RELIEF_OR_BULK,3.0,11.0,3.0,1.0,0.0,0.0,0.0,0.0,False,False,15,4,3,1,1,1,0,1,1,,,,,,,,https://github.com/geo2343/depuracion-mlb-kernel/blob/main/runtime/hbm26_v19_sheet01_0427.csv,QA_VALIDATED_PBP_V19,RELIEF_OR_BULK,MLB,False
823311-664208,823311,2026-04-27,CHC,SD,A,664208,Phil Maton,RELIEF_OR_BULK,19.0,26.0,6.0,2.0,0.0,0.0,0.0,0.0,False,False,28,6,3,2,2,3,0,2,0,,,,,,,,https://github.com/geo2343/depuracion-mlb-kernel/blob/main/runtime/hbm26_v19_sheet01_0427.csv,QA_VALIDATED_PBP_V19,RELIEF_OR_BULK,MLB,False
823311-670970,823311,2026-04-27,SD,CHC,H,670970,Adrian Morejon,RELIEF_OR_BULK,1.0,29.0,5.0,3.0,29.0,29.0,5.0,5.0,False,False,27,6,5,0,0,0,1,2,0,,,,,,,,https://github.com/geo2343/depuracion-mlb-kernel/blob/main/runtime/hbm26_v19_sheet01_0427.csv,QA_VALIDATED_PBP_V19,RELIEF_OR_BULK,MLB,False
823311-676962,823311,2026-04-27,CHC,SD,A,676962,Ben Brown,RELIEF_OR_BULK,4.0,37.0,10.0,7.0,0.0,0.0,0.0,0.0,False,False,43,9,6,1,0,2,1,1,0,,,,,,,,https://github.com/geo2343/depuracion-mlb-kernel/blob/main/runtime/hbm26_v19_sheet01_0427.csv,QA_VALIDATED_PBP_V19,RELIEF_OR_BULK,MLB,False
823311-695243,823311,2026-04-27,SD,CHC,H,695243,Mason Miller,RELIEF_OR_BULK,1.0,13.0,3.0,3.0,13.0,13.0,3.0,3.0,False,False,21,6,3,2,2,3,0,1,0,,,,,,,,https://github.com/geo2343/depuracion-mlb-kernel/blob/main/runtime/hbm26_v19_sheet01_0427.csv,QA_VALIDATED_PBP_V19,RELIEF_OR_BULK,MLB,False
823961-656848,823961,2026-04-27,MIA,LAD,A,656848,Michael Petersen,RELIEF_OR_BULK,4.0,13.0,3.0,3.0,0.0,0.0,0.0,0.0,False,False,26,5,4,0,0,0,1,2,0,,,,,,,,https://github.com/geo2343/depuracion-mlb-kernel/blob/main/runtime/hbm26_v19_sheet01_0427.csv,QA_VALIDATED_PBP_V19,RELIEF_OR_BULK,MLB,False
823961-656945,823961,2026-04-27,LAD,MIA,H,656945,Tanner Scott,RELIEF_OR_BULK,2.0,17.0,4.0,2.0,0.0,17.0,0.0,4.0,False,False,17,4,3,0,0,0,1,3,0,,,,,,,,https://github.com/geo2343/depuracion-mlb-kernel/blob/main/runtime/hbm26_v19_sheet01_0427.csv,QA_VALIDATED_PBP_V19,RELIEF_OR_BULK,MLB,False
823961-663969,823961,2026-04-27,MIA,LAD,A,663969,Tyler Phillips,RELIEF_OR_BULK,1.0,46.0,11.0,6.0,46.0,46.0,11.0,11.0,False,False,6,2,1,0,0,1,0,1,0,,,,,,,,https://github.com/geo2343/depuracion-mlb-kernel/blob/main/runtime/hbm26_v19_sheet01_0427.csv,QA_VALIDATED_PBP_V19,RELIEF_OR_BULK,MLB,False
823961-664126,823961,2026-04-27,MIA,LAD,A,664126,Pete Fairbanks,RELIEF_OR_BULK,4.0,12.0,2.0,2.0,0.0,0.0,0.0,0.0,False,False,23,5,1,3,3,1,3,0,0,,,,,,,,https://github.com/geo2343/depuracion-mlb-kernel/blob/main/runtime/hbm26_v19_sheet01_0427.csv,QA_VALIDATED_PBP_V19,RELIEF_OR_BULK,MLB,False
823961-667463,823961,2026-04-27,MIA,LAD,A,667463,John King,RELIEF_OR_BULK,2.0,14.0,4.0,3.0,0.0,14.0,0.0,4.0,False,False,7,3,3,0,0,0,0,0,0,,,,,,,,https://github.com/geo2343/depuracion-mlb-kernel/blob/main/runtime/hbm26_v19_sheet01_0427.csv,QA_VALIDATED_PBP_V19,RELIEF_OR_BULK,MLB,False
823961-671109,823961,2026-04-27,LAD,MIA,H,671109,Jake Eder,RELIEF_OR_BULK,1.0,13.0,3.0,3.0,13.0,13.0,3.0,3.0,False,False,4,3,3,0,0,1,0,0,0,,,,,,,,https://github.com/geo2343/depuracion-mlb-kernel/blob/main/runtime/hbm26_v19_sheet01_0427.csv,QA_VALIDATED_PBP_V19,RELIEF_OR_BULK,MLB,False
823961-676534,823961,2026-04-27,MIA,LAD,A,676534,Calvin Faucher,RELIEF_OR_BULK,0.0,18.0,6.0,3.0,18.0,18.0,6.0,6.0,True,False,10,3,3,0,0,0,0,1,0,,,,,,,,https://github.com/geo2343/depuracion-mlb-kernel/blob/main/runtime/hbm26_v19_sheet01_0427.csv,QA_VALIDATED_PBP_V19,RELIEF_OR_BULK,MLB,False
823961-677053,823961,2026-04-27,MIA,LAD,A,677053,Andrew Nardi,RELIEF_OR_BULK,0.0,20.0,7.0,3.0,20.0,20.0,7.0,7.0,True,False,24,5,2,0,0,2,1,1,0,,,,,,,,https://github.com/geo2343/depuracion-mlb-kernel/blob/main/runtime/hbm26_v19_sheet01_0427.csv,QA_VALIDATED_PBP_V19,RELIEF_OR_BULK,MLB,False
823961-681911,823961,2026-04-27,LAD,MIA,H,681911,Alex Vesia,RELIEF_OR_BULK,2.0,20.0,5.0,2.0,0.0,20.0,0.0,5.0,False,False,23,4,3,0,0,0,1,3,0,,,,,,,,https://github.com/geo2343/depuracion-mlb-kernel/blob/main/runtime/hbm26_v19_sheet01_0427.csv,QA_VALIDATED_PBP_V19,RELIEF_OR_BULK,MLB,False
823961-683618,823961,2026-04-27,LAD,MIA,H,683618,Edgardo Henriquez,RELIEF_OR_BULK,0.0,24.0,5.0,3.0,24.0,25.0,5.0,6.0,True,False,9,3,3,0,0,0,0,1,0,,,,,,,,https://github.com/geo2343/depuracion-mlb-kernel/blob/main/runtime/hbm26_v19_sheet01_0427.csv,QA_VALIDATED_PBP_V19,RELIEF_OR_BULK,MLB,False
824447-641401,824447,2026-04-28,CLE,TB,H,641401,Connor Brogdon,RELIEF_OR_BULK,2.0,12.0,3.0,3.0,0.0,12.0,0.0,3.0,False,False,19,5,4,0,0,1,0,0,0,,,,,,,,https://github.com/geo2343/depuracion-mlb-kernel/blob/main/runtime/hbm26_v20_sheet01_0428.csv,QA_VALIDATED_PBP_V20,RELIEF_OR_BULK,MLB,False
824447-642121,824447,2026-04-28,TB,CLE,A,642121,Cole Sulser,RELIEF_OR_BULK,1.0,26.0,5.0,4.0,26.0,26.0,5.0,5.0,False,False,16,5,3,0,0,1,1,2,0,,,,,,,,https://github.com/geo2343/depuracion-mlb-kernel/blob/main/runtime/hbm26_v20_sheet01_0428.csv,QA_VALIDATED_PBP_V20,RELIEF_OR_BULK,MLB,False
824447-682120,824447,2026-04-28,CLE,TB,H,682120,Tim Herrin,RELIEF_OR_BULK,1.0,15.0,3.0,3.0,15.0,15.0,3.0,3.0,False,False,22,6,5,0,0,0,1,0,0,,,,,,,,https://github.com/geo2343/depuracion-mlb-kernel/blob/main/runtime/hbm26_v20_sheet01_0428.csv,QA_VALIDATED_PBP_V20,RELIEF_OR_BULK,MLB,False
824447-687330,824447,2026-04-28,TB,CLE,A,687330,Kevin Kelly,RELIEF_OR_BULK,2.0,32.0,7.0,6.0,0.0,32.0,0.0,7.0,False,False,2,1,1,0,0,0,0,0,0,,,,,,,,https://github.com/geo2343/depuracion-mlb-kernel/blob/main/runtime/hbm26_v20_sheet01_0428.csv,QA_VALIDATED_PBP_V20,RELIEF_OR_BULK,MLB,False
824447-688883,824447,2026-04-28,CLE,TB,H,688883,Peyton Pallette,RELIEF_OR_BULK,2.0,35.0,7.0,3.0,0.0,35.0,0.0,7.0,False,False,17,4,3,0,0,0,1,1,0,,,,,,,,https://github.com/geo2343/depuracion-mlb-kernel/blob/main/runtime/hbm26_v20_sheet01_0428.csv,QA_VALIDATED_PBP_V20,RELIEF_OR_BULK,MLB,False
824447-693855,824447,2026-04-28,TB,CLE,A,693855,Ian Seymour,RELIEF_OR_BULK,0.0,18.0,4.0,3.0,18.0,18.0,4.0,4.0,True,False,10,4,2,0,0,0,2,1,0,,,,,,,,https://github.com/geo2343/depuracion-mlb-kernel/blob/main/runtime/hbm26_v20_sheet01_0428.csv,QA_VALIDATED_PBP_V20,RELIEF_OR_BULK,MLB,False
824849-552640,824849,2026-04-28,BAL,HOU,H,552640,Andrew Kittredge,RELIEF_OR_BULK,1.0,16.0,3.0,3.0,16.0,16.0,3.0,3.0,False,False,22,6,3,0,0,2,1,3,0,,,,,,,,https://github.com/geo2343/depuracion-mlb-kernel/blob/main/runtime/hbm26_v20_sheet01_0428.csv,QA_VALIDATED_PBP_V20,RELIEF_OR_BULK,MLB,False
824849-595345,824849,2026-04-28,HOU,BAL,A,595345,Steven Okert,RELIEF_OR_BULK,2.0,13.0,3.0,3.0,0.0,13.0,0.0,3.0,False,False,10,3,1,0,0,2,0,0,0,,,,,,,,https://github.com/geo2343/depuracion-mlb-kernel/blob/main/runtime/hbm26_v20_sheet01_0428.csv,QA_VALIDATED_PBP_V20,RELIEF_OR_BULK,MLB,False
824849-656986,824849,2026-04-28,HOU,BAL,A,656986,Bennett Sousa,RELIEF_OR_BULK,2.0,27.0,5.0,1.0,0.0,27.0,0.0,5.0,False,False,13,3,3,0,0,0,0,3,0,,,,,,,,https://github.com/geo2343/depuracion-mlb-kernel/blob/main/runtime/hbm26_v20_sheet01_0428.csv,QA_VALIDATED_PBP_V20,RELIEF_OR_BULK,MLB,False
824849-664854,824849,2026-04-28,BAL,HOU,H,664854,Ryan Helsley,RELIEF_OR_BULK,6.0,22.0,3.0,1.0,0.0,0.0,0.0,0.0,False,False,12,3,3,0,0,0,0,0,0,,,,,,,,https://github.com/geo2343/depuracion-mlb-kernel/blob/main/runtime/hbm26_v20_sheet01_0428.csv,QA_VALIDATED_PBP_V20,RELIEF_OR_BULK,MLB,False
824849-670329,824849,2026-04-28,BAL,HOU,H,670329,Rico Garcia,RELIEF_OR_BULK,1.0,10.0,3.0,3.0,10.0,10.0,3.0,3.0,False,False,5,1,1,0,0,0,0,1,0,,,,,,,,https://github.com/geo2343/depuracion-mlb-kernel/blob/main/runtime/hbm26_v20_sheet01_0428.csv,QA_VALIDATED_PBP_V20,RELIEF_OR_BULK,MLB,False
824849-680802,824849,2026-04-28,HOU,BAL,A,680802,Ryan Weiss,RELIEF_OR_BULK,6.0,86.0,19.0,10.0,0.0,0.0,0.0,0.0,False,False,54,15,11,3,3,2,2,3,1,,,,,,,,https://github.com/geo2343/depuracion-mlb-kernel/blob/main/runtime/hbm26_v20_sheet01_0428.csv,QA_VALIDATED_PBP_V20,STARTER,MLB,False
824849-689296,824849,2026-04-28,BAL,HOU,H,689296,Anthony Nunez,RELIEF_OR_BULK,1.0,16.0,4.0,3.0,16.0,16.0,4.0,4.0,False,False,19,6,3,2,2,3,0,2,0,,,,,,,,https://github.com/geo2343/depuracion-mlb-kernel/blob/main/runtime/hbm26_v20_sheet01_0428.csv,QA_VALIDATED_PBP_V20,RELIEF_OR_BULK,MLB,False
823390-677865,823390,2026-04-28,STL,PIT,A,677865,Justin Bruihl,RELIEF_OR_BULK,2.0,13.0,3.0,3.0,0.0,13.0,0.0,3.0,False,False,25,6,3,3,2,3,1,1,0,,,,,,,,https://github.com/geo2343/depuracion-mlb-kernel/blob/main/runtime/hbm26_v20_sheet01_0428.csv,QA_VALIDATED_PBP_V20,RELIEF_OR_BULK,MLB,False
823390-682995,823390,2026-04-28,PIT,STL,H,682995,Hunter Barco,RELIEF_OR_BULK,15.0,32.0,8.0,5.0,0.0,0.0,0.0,0.0,False,False,84,23,14,5,5,6,2,3,0,,,,,,,,https://github.com/geo2343/depuracion-mlb-kernel/blob/main/runtime/hbm26_v20_sheet01_0428.csv,QA_VALIDATED_PBP_V20,RELIEF_OR_BULK,MLB,False
823390-694335,823390,2026-04-28,STL,PIT,A,694335,Matt Svanson,RELIEF_OR_BULK,1.0,16.0,5.0,3.0,16.0,34.0,5.0,8.0,False,False,18,4,3,1,1,1,0,3,1,,,,,,,,https://github.com/geo2343/depuracion-mlb-kernel/blob/main/runtime/hbm26_v20_sheet01_0428.csv,QA_VALIDATED_PBP_V20,RELIEF_OR_BULK,MLB,False
823390-700669,823390,2026-04-28,STL,PIT,A,700669,Gordon Graceffo,RELIEF_OR_BULK,2.0,6.0,3.0,2.0,0.0,6.0,0.0,3.0,False,False,11,4,5,0,0,0,0,0,0,,,,,,,,https://github.com/geo2343/depuracion-mlb-kernel/blob/main/runtime/hbm26_v20_sheet01_0428.csv,QA_VALIDATED_PBP_V20,RELIEF_OR_BULK,MLB,False
823473-641835,823473,2026-04-28,PHI,SF,H,641835,Tim Mayza,RELIEF_OR_BULK,1.0,17.0,4.0,3.0,17.0,17.0,4.0,4.0,False,False,17,3,3,0,0,0,0,2,0,,,,,,,,https://github.com/geo2343/depuracion-mlb-kernel/blob/main/runtime/hbm26_v20_sheet01_0428.csv,QA_VALIDATED_PBP_V20,RELIEF_OR_BULK,MLB,False
823473-657424,823473,2026-04-28,SF,PHI,A,657424,Matt Gage,RELIEF_OR_BULK,2.0,23.0,5.0,3.0,0.0,23.0,0.0,5.0,False,False,20,5,3,0,0,1,1,1,0,,,,,,,,https://github.com/geo2343/depuracion-mlb-kernel/blob/main/runtime/hbm26_v20_sheet01_0428.csv,QA_VALIDATED_PBP_V20,RELIEF_OR_BULK,MLB,False
823473-689147,823473,2026-04-28,PHI,SF,H,689147,Orion Kerkering,RELIEF_OR_BULK,2.0,18.0,5.0,4.0,0.0,18.0,0.0,5.0,False,False,20,3,3,0,0,0,0,2,0,,,,,,,,https://github.com/geo2343/depuracion-mlb-kernel/blob/main/runtime/hbm26_v20_sheet01_0428.csv,QA_VALIDATED_PBP_V20,RELIEF_OR_BULK,MLB,False
823473-694918,823473,2026-04-28,SF,PHI,A,694918,Blade Tidwell,RELIEF_OR_BULK,4.0,25.0,8.0,6.0,0.0,0.0,0.0,0.0,False,False,47,11,6,2,2,4,1,2,0,,,,,,,,https://github.com/geo2343/depuracion-mlb-kernel/blob/main/runtime/hbm26_v20_sheet01_0428.csv,QA_VALIDATED_PBP_V20,RELIEF_OR_BULK,MLB,False
824526-656271,824526,2026-04-28,CIN,COL,H,656271,Brock Burke,RELIEF_OR_BULK,1.0,23.0,6.0,3.0,23.0,23.0,6.0,6.0,False,False,11,4,3,0,0,1,0,2,0,,,,,,,,https://github.com/geo2343/depuracion-mlb-kernel/blob/main/runtime/hbm26_v20_sheet01_0428.csv,QA_VALIDATED_PBP_V20,RELIEF_OR_BULK,MLB,False
824526-663574,824526,2026-04-28,CIN,COL,H,663574,Tony Santillan,RELIEF_OR_BULK,3.0,18.0,6.0,3.0,0.0,0.0,0.0,0.0,False,False,19,5,3,0,0,1,1,1,0,,,,,,,,https://github.com/geo2343/depuracion-mlb-kernel/blob/main/runtime/hbm26_v20_sheet01_0428.csv,QA_VALIDATED_PBP_V20,RELIEF_OR_BULK,MLB,False
824526-668933,824526,2026-04-28,CIN,COL,H,668933,Graham Ashcraft,RELIEF_OR_BULK,2.0,13.0,4.0,3.0,0.0,13.0,0.0,4.0,False,False,16,4,3,0,0,2,0,0,0,,,,,,,,https://github.com/geo2343/depuracion-mlb-kernel/blob/main/runtime/hbm26_v20_sheet01_0428.csv,QA_VALIDATED_PBP_V20,RELIEF_OR_BULK,MLB,False
824526-685299,824526,2026-04-28,COL,CIN,A,685299,Tanner Gordon,RELIEF_OR_BULK,7.0,84.0,22.0,12.0,0.0,0.0,0.0,0.0,False,False,50,15,9,3,3,6,0,3,1,,,,,,,,https://github.com/geo2343/depuracion-mlb-kernel/blob/main/runtime/hbm26_v20_sheet01_0428.csv,QA_VALIDATED_PBP_V20,RELIEF_OR_BULK,MLB,False
822823-643511,822823,2026-04-28,TOR,BOS,H,643511,Tyler Rogers,RELIEF_OR_BULK,1.0,11.0,3.0,3.0,11.0,25.0,3.0,6.0,False,False,14,3,3,0,0,0,0,1,0,,,,,,,,https://github.com/geo2343/depuracion-mlb-kernel/blob/main/runtime/hbm26_v20_sheet01_0428.csv,QA_VALIDATED_PBP_V20,RELIEF_OR_BULK,MLB,False
822823-656546,822823,2026-04-28,TOR,BOS,H,656546,Jeff Hoffman,RELIEF_OR_BULK,1.0,24.0,4.0,3.0,24.0,24.0,4.0,4.0,False,False,10,3,3,0,0,0,0,2,0,,,,,,,,https://github.com/geo2343/depuracion-mlb-kernel/blob/main/runtime/hbm26_v20_sheet01_0428.csv,QA_VALIDATED_PBP_V20,RELIEF_OR_BULK,MLB,False
822823-670245,822823,2026-04-28,BOS,TOR,A,670245,Ryan Watson,RELIEF_OR_BULK,3.0,43.0,10.0,6.0,0.0,0.0,0.0,0.0,False,False,18,6,5,0,0,1,0,1,0,,,,,,,,https://github.com/geo2343/depuracion-mlb-kernel/blob/main/runtime/hbm26_v20_sheet01_0428.csv,QA_VALIDATED_PBP_V20,RELIEF_OR_BULK,MLB,False
822823-677161,822823,2026-04-28,BOS,TOR,A,677161,Zack Kelly,RELIEF_OR_BULK,1.0,4.0,1.0,1.0,4.0,4.0,1.0,1.0,False,False,20,5,3,0,0,1,1,2,0,,,,,,,,https://github.com/geo2343/depuracion-mlb-kernel/blob/main/runtime/hbm26_v20_sheet01_0428.csv,QA_VALIDATED_PBP_V20,RELIEF_OR_BULK,MLB,False
822823-686973,822823,2026-04-28,TOR,BOS,H,686973,Louis Varland,RELIEF_OR_BULK,1.0,20.0,4.0,3.0,20.0,50.0,4.0,11.0,False,False,15,3,3,0,0,0,0,3,0,,,,,,,,https://github.com/geo2343/depuracion-mlb-kernel/blob/main/runtime/hbm26_v20_sheet01_0428.csv,QA_VALIDATED_PBP_V20,RELIEF_OR_BULK,MLB,False
822823-689254,822823,2026-04-28,TOR,BOS,H,689254,Mason Fluharty,RELIEF_OR_BULK,2.0,8.0,1.0,1.0,0.0,8.0,0.0,1.0,False,False,13,3,2,0,0,0,1,0,0,,,,,,,,https://github.com/geo2343/depuracion-mlb-kernel/blob/main/runtime/hbm26_v20_sheet01_0428.csv,QA_VALIDATED_PBP_V20,RELIEF_OR_BULK,MLB,False
822823-701719,822823,2026-04-28,BOS,TOR,A,701719,Tyler Samaniego,RELIEF_OR_BULK,2.0,12.0,3.0,3.0,0.0,12.0,0.0,3.0,False,False,8,3,2,0,0,1,0,0,0,,,,,,,,https://github.com/geo2343/depuracion-mlb-kernel/blob/main/runtime/hbm26_v20_sheet01_0428.csv,QA_VALIDATED_PBP_V20,RELIEF_OR_BULK,MLB,False
823636-518886,823636,2026-04-28,NYM,WSH,H,518886,Craig Kimbrel,RELIEF_OR_BULK,4.0,19.0,5.0,2.0,0.0,0.0,0.0,0.0,False,False,14,3,3,0,0,0,0,3,0,,,,,,,,https://github.com/geo2343/depuracion-mlb-kernel/blob/main/runtime/hbm26_v20_sheet01_0428.csv,QA_VALIDATED_PBP_V20,RELIEF_OR_BULK,MLB,False
823636-668964,823636,2026-04-28,NYM,WSH,H,668964,Tobias Myers,RELIEF_OR_BULK,4.0,40.0,9.0,7.0,0.0,0.0,0.0,0.0,False,False,25,7,6,0,0,0,1,2,0,,,,,,,,https://github.com/geo2343/depuracion-mlb-kernel/blob/main/runtime/hbm26_v20_sheet01_0428.csv,QA_VALIDATED_PBP_V20,RELIEF_OR_BULK,MLB,False
823636-695418,823636,2026-04-28,WSH,NYM,A,695418,Brad Lord,RELIEF_OR_BULK,2.0,18.0,4.0,3.0,0.0,18.0,0.0,4.0,False,False,27,8,7,0,0,1,0,1,0,,,,,,,,https://github.com/geo2343/depuracion-mlb-kernel/blob/main/runtime/hbm26_v20_sheet01_0428.csv,QA_VALIDATED_PBP_V20,RELIEF_OR_BULK,MLB,False
823636-701552,823636,2026-04-28,WSH,NYM,A,701552,Andre Granillo,RELIEF_OR_BULK,21.0,29.0,6.0,2.0,0.0,0.0,0.0,0.0,False,False,32,8,6,0,0,0,2,1,0,,,,,,,,https://github.com/geo2343/depuracion-mlb-kernel/blob/main/runtime/hbm26_v20_sheet01_0428.csv,QA_VALIDATED_PBP_V20,RELIEF_OR_BULK,MLB,False
824931-572143,824931,2026-04-28,DET,ATL,A,572143,Burch Smith,RELIEF_OR_BULK,2.0,26.0,8.0,6.0,0.0,26.0,0.0,8.0,False,False,33,8,6,1,1,2,1,4,0,,,,,,,,https://github.com/geo2343/depuracion-mlb-kernel/blob/main/runtime/hbm26_v20_sheet01_0428.csv,QA_VALIDATED_PBP_V20,RELIEF_OR_BULK,MLB,False
824931-607481,824931,2026-04-28,ATL,DET,H,607481,Aaron Bummer,RELIEF_OR_BULK,1.0,25.0,5.0,3.0,25.0,25.0,5.0,5.0,False,False,12,5,3,2,2,2,0,0,1,,,,,,,,https://github.com/geo2343/depuracion-mlb-kernel/blob/main/runtime/hbm26_v20_sheet01_0428.csv,QA_VALIDATED_PBP_V20,RELIEF_OR_BULK,MLB,False
824931-641755,824931,2026-04-28,ATL,DET,H,641755,Tyler Kinley,RELIEF_OR_BULK,2.0,24.0,5.0,3.0,0.0,24.0,0.0,5.0,False,False,23,5,3,0,0,2,0,2,0,,,,,,,,https://github.com/geo2343/depuracion-mlb-kernel/blob/main/runtime/hbm26_v20_sheet01_0428.csv,QA_VALIDATED_PBP_V20,RELIEF_OR_BULK,MLB,False
824931-663947,824931,2026-04-28,DET,ATL,A,663947,Tyler Holton,RELIEF_OR_BULK,2.0,28.0,6.0,3.0,0.0,28.0,0.0,6.0,False,False,20,7,3,2,2,4,0,1,1,,,,,,,,https://github.com/geo2343/depuracion-mlb-kernel/blob/main/runtime/hbm26_v20_sheet01_0428.csv,QA_VALIDATED_PBP_V20,RELIEF_OR_BULK,MLB,False
824931-676428,824931,2026-04-28,DET,ATL,A,676428,Brant Hurter,RELIEF_OR_BULK,1.0,13.0,3.0,3.0,13.0,13.0,3.0,3.0,False,False,30,9,8,0,0,0,0,1,0,,,,,,,,https://github.com/geo2343/depuracion-mlb-kernel/blob/main/runtime/hbm26_v20_sheet01_0428.csv,QA_VALIDATED_PBP_V20,RELIEF_OR_BULK,MLB,False
824931-800311,824931,2026-04-28,ATL,DET,H,800311,Didier Fuentes,RELIEF_OR_BULK,5.0,74.0,18.0,9.0,0.0,0.0,0.0,0.0,False,False,22,7,6,0,0,0,1,1,0,,,,,,,,https://github.com/geo2343/depuracion-mlb-kernel/blob/main/runtime/hbm26_v20_sheet01_0428.csv,QA_VALIDATED_PBP_V20,STARTER,MLB,False
823716-472610,823716,2026-04-28,MIN,SEA,H,472610,Luis García,RELIEF_OR_BULK,16.0,18.0,4.0,3.0,0.0,0.0,0.0,0.0,False,False,23,6,3,2,2,2,0,0,0,,,,,,,,https://github.com/geo2343/depuracion-mlb-kernel/blob/main/runtime/hbm26_v20_sheet01_0428.csv,QA_VALIDATED_PBP_V20,RELIEF_OR_BULK,MLB,False
823716-642100,823716,2026-04-28,SEA,MIN,A,642100,Gabe Speier,RELIEF_OR_BULK,1.0,15.0,3.0,2.0,15.0,15.0,3.0,3.0,False,False,17,3,3,0,0,0,0,0,0,,,,,,,,https://github.com/geo2343/depuracion-mlb-kernel/blob/main/runtime/hbm26_v20_sheet01_0428.csv,QA_VALIDATED_PBP_V20,RELIEF_OR_BULK,MLB,False
823716-660825,823716,2026-04-28,SEA,MIN,A,660825,Eduard Bazardo,RELIEF_OR_BULK,1.0,12.0,4.0,4.0,12.0,12.0,4.0,4.0,False,False,12,4,3,0,0,1,0,0,0,,,,,,,,https://github.com/geo2343/depuracion-mlb-kernel/blob/main/runtime/hbm26_v20_sheet01_0428.csv,QA_VALIDATED_PBP_V20,RELIEF_OR_BULK,MLB,False
823716-663485,823716,2026-04-28,MIN,SEA,H,663485,Cole Sands,RELIEF_OR_BULK,1.0,7.0,2.0,2.0,7.0,7.0,2.0,2.0,False,False,13,5,2,2,2,3,0,1,1,,,,,,,,https://github.com/geo2343/depuracion-mlb-kernel/blob/main/runtime/hbm26_v20_sheet01_0428.csv,QA_VALIDATED_PBP_V20,RELIEF_OR_BULK,MLB,False
823716-666374,823716,2026-04-28,SEA,MIN,A,666374,Matt Brash,RELIEF_OR_BULK,2.0,13.0,3.0,3.0,0.0,13.0,0.0,3.0,False,False,13,3,3,0,0,0,0,2,0,,,,,,,,https://github.com/geo2343/depuracion-mlb-kernel/blob/main/runtime/hbm26_v20_sheet01_0428.csv,QA_VALIDATED_PBP_V20,RELIEF_OR_BULK,MLB,False
823716-681867,823716,2026-04-28,SEA,MIN,A,681867,Cooper Criswell,RELIEF_OR_BULK,2.0,36.0,9.0,6.0,0.0,36.0,0.0,9.0,False,False,13,3,3,0,0,0,0,1,0,,,,,,,,https://github.com/geo2343/depuracion-mlb-kernel/blob/main/runtime/hbm26_v20_sheet01_0428.csv,QA_VALIDATED_PBP_V20,RELIEF_OR_BULK,MLB,False
823716-681892,823716,2026-04-28,MIN,SEA,H,681892,Kody Funderburk,RELIEF_OR_BULK,1.0,20.0,4.0,4.0,20.0,20.0,4.0,4.0,False,False,15,6,4,1,1,1,1,0,0,,,,,,,,https://github.com/geo2343/depuracion-mlb-kernel/blob/main/runtime/hbm26_v20_sheet01_0428.csv,QA_VALIDATED_PBP_V20,RELIEF_OR_BULK,MLB,False
823798-657044,823798,2026-04-28,AZ,MIL,A,657044,Ryan Thompson,RELIEF_OR_BULK,1.0,6.0,4.0,3.0,6.0,6.0,4.0,4.0,False,False,8,2,2,0,0,0,0,1,0,,,,,,,,https://github.com/geo2343/depuracion-mlb-kernel/blob/main/runtime/hbm26_v20_sheet01_0428.csv,QA_VALIDATED_PBP_V20,RELIEF_OR_BULK,MLB,False
823798-663765,823798,2026-04-28,MIL,AZ,H,663765,Jake Woodford,RELIEF_OR_BULK,6.0,42.0,11.0,6.0,0.0,0.0,0.0,0.0,False,False,35,11,9,0,0,2,0,2,0,,,,,,,,https://github.com/geo2343/depuracion-mlb-kernel/blob/main/runtime/hbm26_v20_sheet01_0428.csv,QA_VALIDATED_PBP_V20,RELIEF_OR_BULK,MLB,False
823798-664199,823798,2026-04-28,AZ,MIL,A,664199,Taylor Clarke,RELIEF_OR_BULK,2.0,14.0,7.0,3.0,0.0,14.0,0.0,7.0,False,False,12,4,3,0,0,1,0,0,0,,,,,,,,https://github.com/geo2343/depuracion-mlb-kernel/blob/main/runtime/hbm26_v20_sheet01_0428.csv,QA_VALIDATED_PBP_V20,RELIEF_OR_BULK,MLB,False
823798-675660,823798,2026-04-28,MIL,AZ,H,675660,Shane Drohan,RELIEF_OR_BULK,3.0,71.0,19.0,12.0,0.0,0.0,0.0,0.0,False,False,10,3,3,0,0,0,0,1,0,,,,,,,,https://github.com/geo2343/depuracion-mlb-kernel/blob/main/runtime/hbm26_v20_sheet01_0428.csv,QA_VALIDATED_PBP_V20,RELIEF_OR_BULK,MLB,False
823798-694851,823798,2026-04-28,AZ,MIL,A,694851,Andrew Hoffmann,RELIEF_OR_BULK,2.0,24.0,5.0,3.0,0.0,24.0,0.0,5.0,False,False,38,11,1,8,7,8,1,0,0,,,,,,,,https://github.com/geo2343/depuracion-mlb-kernel/blob/main/runtime/hbm26_v20_sheet01_0428.csv,QA_VALIDATED_PBP_V20,RELIEF_OR_BULK,MLB,False
824610-608718,824610,2026-04-28,LAA,CWS,A,608718,Brent Suter,RELIEF_OR_BULK,1.0,29.0,6.0,3.0,29.0,29.0,6.0,6.0,False,False,17,4,3,1,1,1,0,1,1,,,,,,,,https://github.com/geo2343/depuracion-mlb-kernel/blob/main/runtime/hbm26_v20_sheet01_0428.csv,QA_VALIDATED_PBP_V20,RELIEF_OR_BULK,MLB,False
824610-622554,824610,2026-04-28,CWS,LAA,H,622554,Seranthony Domínguez,RELIEF_OR_BULK,1.0,18.0,4.0,3.0,18.0,18.0,4.0,4.0,False,False,12,3,3,0,0,0,1,1,0,,,,,,,,https://github.com/geo2343/depuracion-mlb-kernel/blob/main/runtime/hbm26_v20_sheet01_0428.csv,QA_VALIDATED_PBP_V20,RELIEF_OR_BULK,MLB,False
824610-656794,824610,2026-04-28,CWS,LAA,H,656794,Sean Newcomb,RELIEF_OR_BULK,1.0,10.0,3.0,2.0,10.0,10.0,3.0,3.0,False,False,29,6,4,0,0,1,1,3,0,,,,,,,,https://github.com/geo2343/depuracion-mlb-kernel/blob/main/runtime/hbm26_v20_sheet01_0428.csv,QA_VALIDATED_PBP_V20,RELIEF_OR_BULK,MLB,False
824610-664192,824610,2026-04-28,LAA,CWS,A,664192,Joey Lucchesi,RELIEF_OR_BULK,1.0,22.0,4.0,2.0,22.0,22.0,4.0,4.0,False,False,24,4,1,1,1,2,1,1,0,,,,,,,,https://github.com/geo2343/depuracion-mlb-kernel/blob/main/runtime/hbm26_v20_sheet01_0428.csv,QA_VALIDATED_PBP_V20,RELIEF_OR_BULK,MLB,False
824610-673929,824610,2026-04-28,CWS,LAA,H,673929,Jordan Leasure,RELIEF_OR_BULK,2.0,30.0,7.0,2.0,0.0,30.0,0.0,7.0,False,False,12,4,3,1,1,1,0,2,1,,,,,,,,https://github.com/geo2343/depuracion-mlb-kernel/blob/main/runtime/hbm26_v20_sheet01_0428.csv,QA_VALIDATED_PBP_V20,RELIEF_OR_BULK,MLB,False
824610-820862,824610,2026-04-28,LAA,CWS,A,820862,José Fermin,RELIEF_OR_BULK,0.0,14.0,3.0,3.0,14.0,14.0,3.0,3.0,True,False,20,7,5,0,0,0,0,1,0,,,,,,,,https://github.com/geo2343/depuracion-mlb-kernel/blob/main/runtime/hbm26_v20_sheet01_0428.csv,QA_VALIDATED_PBP_V20,RELIEF_OR_BULK,MLB,False
822908-518585,822908,2026-04-28,NYY,TEX,A,518585,Fernando Cruz,RELIEF_OR_BULK,2.0,12.0,3.0,2.0,0.0,12.0,0.0,3.0,False,False,17,5,3,0,0,1,1,2,0,,,,,,,,https://github.com/geo2343/depuracion-mlb-kernel/blob/main/runtime/hbm26_v20_sheet01_0428.csv,QA_VALIDATED_PBP_V20,RELIEF_OR_BULK,MLB,False
822908-596001,822908,2026-04-28,TEX,NYY,H,596001,Jakob Junis,RELIEF_OR_BULK,2.0,12.0,4.0,3.0,0.0,12.0,0.0,4.0,False,False,11,3,3,0,0,0,0,0,0,,,,,,,,https://github.com/geo2343/depuracion-mlb-kernel/blob/main/runtime/hbm26_v20_sheet01_0428.csv,QA_VALIDATED_PBP_V20,RELIEF_OR_BULK,MLB,False
822908-656222,822908,2026-04-28,TEX,NYY,H,656222,Jalen Beeks,RELIEF_OR_BULK,2.0,10.0,3.0,3.0,0.0,10.0,0.0,3.0,False,False,15,4,3,1,1,1,0,1,1,,,,,,,,https://github.com/geo2343/depuracion-mlb-kernel/blob/main/runtime/hbm26_v20_sheet01_0428.csv,QA_VALIDATED_PBP_V20,RELIEF_OR_BULK,MLB,False
822908-668390,822908,2026-04-28,TEX,NYY,H,668390,Cole Winn,RELIEF_OR_BULK,2.0,10.0,3.0,3.0,0.0,10.0,0.0,3.0,False,False,20,4,3,1,1,1,0,1,1,,,,,,,,https://github.com/geo2343/depuracion-mlb-kernel/blob/main/runtime/hbm26_v20_sheet01_0428.csv,QA_VALIDATED_PBP_V20,RELIEF_OR_BULK,MLB,False
822908-670280,822908,2026-04-28,NYY,TEX,A,670280,David Bednar,RELIEF_OR_BULK,0.0,18.0,6.0,3.0,18.0,18.0,6.0,6.0,True,False,22,6,3,2,1,2,0,0,0,,,,,,,,https://github.com/geo2343/depuracion-mlb-kernel/blob/main/runtime/hbm26_v20_sheet01_0428.csv,QA_VALIDATED_PBP_V20,RELIEF_OR_BULK,MLB,False
822908-687396,822908,2026-04-28,NYY,TEX,A,687396,Brent Headrick,RELIEF_OR_BULK,5.0,26.0,5.0,3.0,0.0,0.0,0.0,0.0,False,False,19,5,3,0,0,1,1,1,0,,,,,,,,https://github.com/geo2343/depuracion-mlb-kernel/blob/main/runtime/hbm26_v20_sheet01_0428.csv,QA_VALIDATED_PBP_V20,RELIEF_OR_BULK,MLB,False
823310-571948,823310,2026-04-28,CHC,SD,A,571948,Hoby Milner,RELIEF_OR_BULK,1.0,14.0,4.0,3.0,14.0,14.0,4.0,4.0,False,False,22,4,4,0,0,0,0,1,0,,,,,,,,https://github.com/geo2343/depuracion-mlb-kernel/blob/main/runtime/hbm26_v20_sheet01_0428.csv,QA_VALIDATED_PBP_V20,RELIEF_OR_BULK,MLB,False
823310-593974,823310,2026-04-28,SD,CHC,H,593974,Wandy Peralta,RELIEF_OR_BULK,1.0,16.0,3.0,2.0,16.0,16.0,3.0,3.0,False,False,26,6,3,3,3,2,0,0,1,,,,,,,,https://github.com/geo2343/depuracion-mlb-kernel/blob/main/runtime/hbm26_v20_sheet01_0428.csv,QA_VALIDATED_PBP_V20,RELIEF_OR_BULK,MLB,False
823310-606996,823310,2026-04-28,SD,CHC,H,606996,Kyle Hart,RELIEF_OR_BULK,5.0,42.0,9.0,7.0,0.0,0.0,0.0,0.0,False,False,14,4,2,2,2,1,1,1,0,,,,,,,,https://github.com/geo2343/depuracion-mlb-kernel/blob/main/runtime/hbm26_v20_sheet01_0428.csv,QA_VALIDATED_PBP_V20,RELIEF_OR_BULK,MLB,False
823310-669020,823310,2026-04-28,CHC,SD,A,669020,Ryan Rolison,RELIEF_OR_BULK,3.0,35.0,10.0,9.0,0.0,0.0,0.0,0.0,False,False,22,6,6,0,0,0,0,2,0,,,,,,,,https://github.com/geo2343/depuracion-mlb-kernel/blob/main/runtime/hbm26_v20_sheet01_0428.csv,QA_VALIDATED_PBP_V20,RELIEF_OR_BULK,MLB,False
823310-676760,823310,2026-04-28,SD,CHC,H,676760,Ron Marinaccio,RELIEF_OR_BULK,1.0,24.0,6.0,1.0,24.0,24.0,6.0,6.0,False,False,30,8,6,0,0,1,1,1,0,,,,,,,,https://github.com/geo2343/depuracion-mlb-kernel/blob/main/runtime/hbm26_v20_sheet01_0428.csv,QA_VALIDATED_PBP_V20,RELIEF_OR_BULK,MLB,False
823310-688158,823310,2026-04-28,SD,CHC,H,688158,David Morgan,RELIEF_OR_BULK,1.0,10.0,5.0,1.0,10.0,10.0,5.0,5.0,False,False,20,4,2,1,1,1,1,1,0,,,,,,,,https://github.com/geo2343/depuracion-mlb-kernel/blob/main/runtime/hbm26_v20_sheet01_0428.csv,QA_VALIDATED_PBP_V20,RELIEF_OR_BULK,MLB,False
825017-605130,825017,2026-04-28,ATH,KC,H,605130,Scott Barlow,RELIEF_OR_BULK,2.0,11.0,3.0,3.0,0.0,11.0,0.0,3.0,False,False,11,4,4,0,0,0,0,1,0,,,,,,,,https://github.com/geo2343/depuracion-mlb-kernel/blob/main/runtime/hbm26_v20_sheet01_0428.csv,QA_VALIDATED_PBP_V20,RELIEF_OR_BULK,MLB,False
825017-621381,825017,2026-04-28,KC,ATH,A,621381,Matt Strahm,RELIEF_OR_BULK,3.0,8.0,3.0,3.0,0.0,0.0,0.0,0.0,False,False,26,6,3,0,0,2,1,2,0,,,,,,,,https://github.com/geo2343/depuracion-mlb-kernel/blob/main/runtime/hbm26_v20_sheet01_0428.csv,QA_VALIDATED_PBP_V20,RELIEF_OR_BULK,MLB,False
825017-643410,825017,2026-04-28,ATH,KC,H,643410,Mark Leiter Jr.,RELIEF_OR_BULK,2.0,13.0,3.0,3.0,0.0,13.0,0.0,3.0,False,False,9,3,3,0,0,0,0,1,0,,,,,,,,https://github.com/geo2343/depuracion-mlb-kernel/blob/main/runtime/hbm26_v20_sheet01_0428.csv,QA_VALIDATED_PBP_V20,RELIEF_OR_BULK,MLB,False
825017-663687,825017,2026-04-28,ATH,KC,H,663687,Hogan Harris,RELIEF_OR_BULK,1.0,19.0,4.0,3.0,19.0,19.0,4.0,4.0,False,False,22,5,2,1,1,1,2,1,1,,,,,,,,https://github.com/geo2343/depuracion-mlb-kernel/blob/main/runtime/hbm26_v20_sheet01_0428.csv,QA_VALIDATED_PBP_V20,RELIEF_OR_BULK,MLB,False
825017-663738,825017,2026-04-28,KC,ATH,A,663738,Daniel Lynch IV,RELIEF_OR_BULK,2.0,9.0,3.0,3.0,0.0,9.0,0.0,3.0,False,False,20,4,3,0,0,1,0,0,0,,,,,,,,https://github.com/geo2343/depuracion-mlb-kernel/blob/main/runtime/hbm26_v20_sheet01_0428.csv,QA_VALIDATED_PBP_V20,RELIEF_OR_BULK,MLB,False
825017-668674,825017,2026-04-28,KC,ATH,A,668674,Lucas Erceg,RELIEF_OR_BULK,1.0,21.0,4.0,3.0,21.0,21.0,4.0,4.0,False,False,23,5,3,0,0,1,1,1,0,,,,,,,,https://github.com/geo2343/depuracion-mlb-kernel/blob/main/runtime/hbm26_v20_sheet01_0428.csv,QA_VALIDATED_PBP_V20,RELIEF_OR_BULK,MLB,False
825017-670167,825017,2026-04-28,KC,ATH,A,670167,John Schreiber,RELIEF_OR_BULK,2.0,18.0,4.0,3.0,0.0,18.0,0.0,4.0,False,False,13,2,3,0,0,0,0,0,0,,,,,,,,https://github.com/geo2343/depuracion-mlb-kernel/blob/main/runtime/hbm26_v20_sheet01_0428.csv,QA_VALIDATED_PBP_V20,RELIEF_OR_BULK,MLB,False
825017-678022,825017,2026-04-28,ATH,KC,H,678022,Jack Perkins,RELIEF_OR_BULK,1.0,26.0,7.0,6.0,26.0,26.0,7.0,7.0,False,False,12,3,3,0,0,0,0,1,0,,,,,,,,https://github.com/geo2343/depuracion-mlb-kernel/blob/main/runtime/hbm26_v20_sheet01_0428.csv,QA_VALIDATED_PBP_V20,RELIEF_OR_BULK,MLB,False
825017-683232,825017,2026-04-28,KC,ATH,A,683232,Nick Mears,RELIEF_OR_BULK,1.0,12.0,3.0,3.0,12.0,12.0,3.0,3.0,False,False,14,3,3,0,0,0,0,2,0,,,,,,,,https://github.com/geo2343/depuracion-mlb-kernel/blob/main/runtime/hbm26_v20_sheet01_0428.csv,QA_VALIDATED_PBP_V20,RELIEF_OR_BULK,MLB,False
825017-686993,825017,2026-04-28,ATH,KC,H,686993,Justin Sterner,RELIEF_OR_BULK,1.0,13.0,4.0,3.0,13.0,13.0,4.0,4.0,False,False,12,5,3,3,2,2,0,0,1,,,,,,,,https://github.com/geo2343/depuracion-mlb-kernel/blob/main/runtime/hbm26_v20_sheet01_0428.csv,QA_VALIDATED_PBP_V20,RELIEF_OR_BULK,MLB,False
823956-595014,823956,2026-04-28,LAD,MIA,H,595014,Blake Treinen,RELIEF_OR_BULK,3.0,17.0,5.0,3.0,0.0,0.0,0.0,0.0,False,False,21,4,3,0,0,1,0,1,0,,,,,,,,https://github.com/geo2343/depuracion-mlb-kernel/blob/main/runtime/hbm26_v20_sheet01_0428.csv,QA_VALIDATED_PBP_V20,RELIEF_OR_BULK,MLB,False
823956-656848,823956,2026-04-28,MIA,LAD,A,656848,Michael Petersen,RELIEF_OR_BULK,0.0,26.0,5.0,4.0,26.0,26.0,5.0,5.0,True,False,9,4,1,1,1,3,0,0,0,,,,,,,,https://github.com/geo2343/depuracion-mlb-kernel/blob/main/runtime/hbm26_v20_sheet01_0428.csv,QA_VALIDATED_PBP_V20,RELIEF_OR_BULK,MLB,False
823956-656945,823956,2026-04-28,LAD,MIA,H,656945,Tanner Scott,RELIEF_OR_BULK,0.0,17.0,4.0,3.0,17.0,17.0,4.0,4.0,True,False,16,4,3,0,0,1,0,1,0,,,,,,,,https://github.com/geo2343/depuracion-mlb-kernel/blob/main/runtime/hbm26_v20_sheet01_0428.csv,QA_VALIDATED_PBP_V20,RELIEF_OR_BULK,MLB,False
823956-663969,823956,2026-04-28,MIA,LAD,A,663969,Tyler Phillips,RELIEF_OR_BULK,0.0,6.0,2.0,1.0,6.0,52.0,2.0,13.0,True,False,16,4,3,0,0,1,0,0,0,,,,,,,,https://github.com/geo2343/depuracion-mlb-kernel/blob/main/runtime/hbm26_v20_sheet01_0428.csv,QA_VALIDATED_PBP_V20,RELIEF_OR_BULK,MLB,False
823956-667463,823956,2026-04-28,MIA,LAD,A,667463,John King,RELIEF_OR_BULK,0.0,7.0,3.0,3.0,7.0,7.0,3.0,3.0,True,False,3,2,2,0,0,0,0,0,0,,,,,,,,https://github.com/geo2343/depuracion-mlb-kernel/blob/main/runtime/hbm26_v20_sheet01_0428.csv,QA_VALIDATED_PBP_V20,RELIEF_OR_BULK,MLB,False
823956-669622,823956,2026-04-28,MIA,LAD,A,669622,Anthony Bender,RELIEF_OR_BULK,1.0,12.0,3.0,3.0,12.0,19.0,3.0,7.0,False,False,8,3,3,0,0,0,0,0,0,,,,,,,,https://github.com/geo2343/depuracion-mlb-kernel/blob/main/runtime/hbm26_v20_sheet01_0428.csv,QA_VALIDATED_PBP_V20,RELIEF_OR_BULK,MLB,False
823956-676263,823956,2026-04-28,LAD,MIA,H,676263,Jack Dreyer,RELIEF_OR_BULK,1.0,15.0,4.0,3.0,15.0,34.0,4.0,7.0,False,False,23,4,3,0,0,1,0,2,0,,,,,,,,https://github.com/geo2343/depuracion-mlb-kernel/blob/main/runtime/hbm26_v20_sheet01_0428.csv,QA_VALIDATED_PBP_V20,RELIEF_OR_BULK,MLB,False
824445-668984,824445,2026-04-29,TB,CLE,A,668984,Casey Legumina,RELIEF_OR_BULK,8.0,23.0,6.0,3.0,0.0,0.0,0.0,0.0,False,False,18,5,3,0,0,1,1,0,0,,,,,,,,https://github.com/geo2343/depuracion-mlb-kernel/blob/main/runtime/hbm26_v21_sheet01_0429.csv,QA_VALIDATED_PBP_V21,RELIEF_OR_BULK,MLB,False
824445-671922,824445,2026-04-29,CLE,TB,H,671922,Cade Smith,RELIEF_OR_BULK,4.0,16.0,4.0,3.0,0.0,0.0,0.0,0.0,False,False,12,4,3,0,0,1,0,2,0,,,,,,,,https://github.com/geo2343/depuracion-mlb-kernel/blob/main/runtime/hbm26_v21_sheet01_0429.csv,QA_VALIDATED_PBP_V21,RELIEF_OR_BULK,MLB,False
824445-672782,824445,2026-04-29,TB,CLE,A,672782,Yoendrys Gómez,RELIEF_OR_BULK,7.0,40.0,11.0,6.0,0.0,0.0,0.0,0.0,False,False,29,8,6,0,0,2,0,1,0,,,,,,,,https://github.com/geo2343/depuracion-mlb-kernel/blob/main/runtime/hbm26_v21_sheet01_0429.csv,QA_VALIDATED_PBP_V21,RELIEF_OR_BULK,MLB,False
824445-681870,824445,2026-04-29,CLE,TB,H,681870,Erik Sabrowski,RELIEF_OR_BULK,1.0,20.0,4.0,2.0,20.0,20.0,4.0,4.0,False,False,5,1,1,0,0,0,0,1,0,,,,,,,,https://github.com/geo2343/depuracion-mlb-kernel/blob/main/runtime/hbm26_v21_sheet01_0429.csv,QA_VALIDATED_PBP_V21,RELIEF_OR_BULK,MLB,False
824608-519141,824608,2026-04-29,LAA,CWS,A,519141,Drew Pomeranz,RELIEF_OR_BULK,1.0,21.0,5.0,3.0,21.0,27.0,5.0,7.0,False,False,6,4,1,1,1,1,2,0,0,,,,,,,,https://github.com/geo2343/depuracion-mlb-kernel/blob/main/runtime/hbm26_v21_sheet01_0429.csv,QA_VALIDATED_PBP_V21,RELIEF_OR_BULK,MLB,False
824608-622554,824608,2026-04-29,CWS,LAA,H,622554,Seranthony Domínguez,RELIEF_OR_BULK,0.0,12.0,3.0,3.0,12.0,30.0,3.0,7.0,True,False,16,3,3,0,0,0,0,1,0,,,,,,,,https://github.com/geo2343/depuracion-mlb-kernel/blob/main/runtime/hbm26_v21_sheet01_0429.csv,QA_VALIDATED_PBP_V21,RELIEF_OR_BULK,MLB,False
824608-663542,824608,2026-04-29,CWS,LAA,H,663542,Bryan Hudson,RELIEF_OR_BULK,1.0,4.0,1.0,1.0,4.0,12.0,1.0,4.0,False,False,20,4,3,0,0,1,0,2,0,,,,,,,,https://github.com/geo2343/depuracion-mlb-kernel/blob/main/runtime/hbm26_v21_sheet01_0429.csv,QA_VALIDATED_PBP_V21,RELIEF_OR_BULK,MLB,False
824608-666171,824608,2026-04-29,LAA,CWS,A,666171,Ryan Zeferjahn,RELIEF_OR_BULK,2.0,20.0,6.0,5.0,0.0,20.0,0.0,6.0,False,False,36,8,6,1,1,1,0,4,0,,,,,,,,https://github.com/geo2343/depuracion-mlb-kernel/blob/main/runtime/hbm26_v21_sheet01_0429.csv,QA_VALIDATED_PBP_V21,RELIEF_OR_BULK,MLB,False
824608-681217,824608,2026-04-29,LAA,CWS,A,681217,Chase Silseth,RELIEF_OR_BULK,3.0,23.0,6.0,3.0,0.0,0.0,0.0,0.0,False,False,13,4,2,0,0,0,2,0,0,,,,,,,,https://github.com/geo2343/depuracion-mlb-kernel/blob/main/runtime/hbm26_v21_sheet01_0429.csv,QA_VALIDATED_PBP_V21,RELIEF_OR_BULK,MLB,False
824608-696147,824608,2026-04-29,LAA,CWS,A,696147,Sam Bachman,RELIEF_OR_BULK,2.0,23.0,7.0,3.0,0.0,23.0,0.0,7.0,False,False,14,2,2,0,0,0,0,0,0,,,,,,,,https://github.com/geo2343/depuracion-mlb-kernel/blob/main/runtime/hbm26_v21_sheet01_0429.csv,QA_VALIDATED_PBP_V21,RELIEF_OR_BULK,MLB,False
824608-699823,824608,2026-04-29,CWS,LAA,H,699823,Tyler Davis,RELIEF_OR_BULK,3.0,14.0,4.0,3.0,0.0,0.0,0.0,0.0,False,False,3,2,3,0,0,0,0,0,0,,,,,,,,https://github.com/geo2343/depuracion-mlb-kernel/blob/main/runtime/hbm26_v21_sheet01_0429.csv,QA_VALIDATED_PBP_V21,RELIEF_OR_BULK,MLB,False
824608-815083,824608,2026-04-29,LAA,CWS,A,815083,Mitch Farris,RELIEF_OR_BULK,15.0,33.0,6.0,4.0,0.0,0.0,0.0,0.0,False,False,62,14,11,1,1,3,2,3,0,,,,,,,,https://github.com/geo2343/depuracion-mlb-kernel/blob/main/runtime/hbm26_v21_sheet01_0429.csv,QA_VALIDATED_PBP_V21,RELIEF_OR_BULK,MLB,False
823717-573124,823717,2026-04-29,MIN,SEA,H,573124,Taylor Rogers,RELIEF_OR_BULK,1.0,14.0,3.0,3.0,14.0,14.0,3.0,3.0,False,False,13,3,2,0,0,1,0,0,0,,,,,,,,https://github.com/geo2343/depuracion-mlb-kernel/blob/main/runtime/hbm26_v21_sheet01_0429.csv,QA_VALIDATED_PBP_V21,RELIEF_OR_BULK,MLB,False
823717-607455,823717,2026-04-29,MIN,SEA,H,607455,Anthony Banda,RELIEF_OR_BULK,2.0,9.0,2.0,2.0,0.0,9.0,0.0,2.0,False,False,22,4,3,0,0,0,1,2,0,,,,,,,,https://github.com/geo2343/depuracion-mlb-kernel/blob/main/runtime/hbm26_v21_sheet01_0429.csv,QA_VALIDATED_PBP_V21,RELIEF_OR_BULK,MLB,False
823717-642100,823717,2026-04-29,SEA,MIN,A,642100,Gabe Speier,RELIEF_OR_BULK,0.0,17.0,3.0,3.0,17.0,32.0,3.0,6.0,True,False,30,6,2,1,1,3,1,2,0,,,,,,,,https://github.com/geo2343/depuracion-mlb-kernel/blob/main/runtime/hbm26_v21_sheet01_0429.csv,QA_VALIDATED_PBP_V21,RELIEF_OR_BULK,MLB,False
823717-660825,823717,2026-04-29,SEA,MIN,A,660825,Eduard Bazardo,RELIEF_OR_BULK,0.0,12.0,4.0,3.0,12.0,24.0,4.0,8.0,True,False,10,3,2,0,0,1,0,0,0,,,,,,,,https://github.com/geo2343/depuracion-mlb-kernel/blob/main/runtime/hbm26_v21_sheet01_0429.csv,QA_VALIDATED_PBP_V21,RELIEF_OR_BULK,MLB,False
823717-662253,823717,2026-04-29,SEA,MIN,A,662253,Andrés Muñoz,RELIEF_OR_BULK,3.0,14.0,3.0,3.0,0.0,0.0,0.0,0.0,False,False,15,3,3,0,0,0,0,2,0,,,,,,,,https://github.com/geo2343/depuracion-mlb-kernel/blob/main/runtime/hbm26_v21_sheet01_0429.csv,QA_VALIDATED_PBP_V21,RELIEF_OR_BULK,MLB,False
823717-666374,823717,2026-04-29,SEA,MIN,A,666374,Matt Brash,RELIEF_OR_BULK,0.0,13.0,3.0,3.0,13.0,13.0,3.0,3.0,True,False,2,0,0,0,0,0,0,0,0,,,,,,,,https://github.com/geo2343/depuracion-mlb-kernel/blob/main/runtime/hbm26_v21_sheet01_0429.csv,QA_VALIDATED_PBP_V21,RELIEF_OR_BULK,MLB,False
823717-678606,823717,2026-04-29,SEA,MIN,A,678606,José A. Ferrer,RELIEF_OR_BULK,2.0,11.0,3.0,3.0,0.0,11.0,0.0,3.0,False,False,11,2,2,0,0,0,0,1,0,,,,,,,,https://github.com/geo2343/depuracion-mlb-kernel/blob/main/runtime/hbm26_v21_sheet01_0429.csv,QA_VALIDATED_PBP_V21,RELIEF_OR_BULK,MLB,False
823717-679358,823717,2026-04-29,MIN,SEA,H,679358,Eric Orze,RELIEF_OR_BULK,3.0,9.0,4.0,3.0,0.0,0.0,0.0,0.0,False,False,28,5,1,3,3,2,2,1,0,,,,,,,,https://github.com/geo2343/depuracion-mlb-kernel/blob/main/runtime/hbm26_v21_sheet01_0429.csv,QA_VALIDATED_PBP_V21,RELIEF_OR_BULK,MLB,False
823717-681867,823717,2026-04-29,SEA,MIN,A,681867,Cooper Criswell,RELIEF_OR_BULK,0.0,13.0,3.0,3.0,13.0,13.0,3.0,3.0,True,False,3,1,1,0,0,0,0,0,0,,,,,,,,https://github.com/geo2343/depuracion-mlb-kernel/blob/main/runtime/hbm26_v21_sheet01_0429.csv,QA_VALIDATED_PBP_V21,RELIEF_OR_BULK,MLB,False
822907-518585,822907,2026-04-29,NYY,TEX,A,518585,Fernando Cruz,RELIEF_OR_BULK,0.0,17.0,5.0,3.0,17.0,17.0,5.0,5.0,True,False,21,4,3,0,0,1,0,2,0,,,,,,,,https://github.com/geo2343/depuracion-mlb-kernel/blob/main/runtime/hbm26_v21_sheet01_0429.csv,QA_VALIDATED_PBP_V21,RELIEF_OR_BULK,MLB,False
822907-656234,822907,2026-04-29,NYY,TEX,A,656234,Jake Bird,RELIEF_OR_BULK,3.0,9.0,3.0,3.0,0.0,0.0,0.0,0.0,False,False,15,5,3,1,1,2,0,0,0,,,,,,,,https://github.com/geo2343/depuracion-mlb-kernel/blob/main/runtime/hbm26_v21_sheet01_0429.csv,QA_VALIDATED_PBP_V21,RELIEF_OR_BULK,MLB,False
822907-656641,822907,2026-04-29,TEX,NYY,H,656641,Jacob Latz,RELIEF_OR_BULK,3.0,14.0,3.0,3.0,0.0,0.0,0.0,0.0,False,False,27,7,6,0,0,1,0,1,0,,,,,,,,https://github.com/geo2343/depuracion-mlb-kernel/blob/main/runtime/hbm26_v21_sheet01_0429.csv,QA_VALIDATED_PBP_V21,RELIEF_OR_BULK,MLB,False
822907-657612,822907,2026-04-29,NYY,TEX,A,657612,Tim Hill,RELIEF_OR_BULK,1.0,24.0,5.0,3.0,24.0,24.0,5.0,5.0,False,False,3,1,2,0,0,0,0,0,0,,,,,,,,https://github.com/geo2343/depuracion-mlb-kernel/blob/main/runtime/hbm26_v21_sheet01_0429.csv,QA_VALIDATED_PBP_V21,RELIEF_OR_BULK,MLB,False
822907-687396,822907,2026-04-29,NYY,TEX,A,687396,Brent Headrick,RELIEF_OR_BULK,0.0,19.0,5.0,3.0,19.0,19.0,5.0,5.0,True,False,22,4,4,0,0,0,0,1,0,,,,,,,,https://github.com/geo2343/depuracion-mlb-kernel/blob/main/runtime/hbm26_v21_sheet01_0429.csv,QA_VALIDATED_PBP_V21,RELIEF_OR_BULK,MLB,False
822821-573009,822821,2026-04-29,TOR,BOS,H,573009,Joe Mantiply,RELIEF_OR_BULK,1.0,12.0,4.0,3.0,12.0,12.0,4.0,4.0,False,False,10,3,1,0,0,2,0,1,0,,,,,,,,https://github.com/geo2343/depuracion-mlb-kernel/blob/main/runtime/hbm26_v21_sheet01_0429.csv,QA_VALIDATED_PBP_V21,RELIEF_OR_BULK,MLB,False
822821-663558,822821,2026-04-29,BOS,TOR,A,663558,Jovani Morán,RELIEF_OR_BULK,4.0,36.0,11.0,8.0,0.0,0.0,0.0,0.0,False,False,39,11,8,1,1,1,1,0,0,,,,,,,,https://github.com/geo2343/depuracion-mlb-kernel/blob/main/runtime/hbm26_v21_sheet01_0429.csv,QA_VALIDATED_PBP_V21,RELIEF_OR_BULK,MLB,False
822821-667297,822821,2026-04-29,TOR,BOS,H,667297,Tommy Nance,RELIEF_OR_BULK,1.0,16.0,4.0,3.0,16.0,16.0,4.0,4.0,False,False,7,3,2,0,0,1,0,0,0,,,,,,,,https://github.com/geo2343/depuracion-mlb-kernel/blob/main/runtime/hbm26_v21_sheet01_0429.csv,QA_VALIDATED_PBP_V21,RELIEF_OR_BULK,MLB,False
822821-669711,822821,2026-04-29,BOS,TOR,A,669711,Greg Weissert,RELIEF_OR_BULK,1.0,10.0,4.0,3.0,10.0,10.0,4.0,4.0,False,False,13,4,2,2,2,2,0,1,1,,,,,,,,https://github.com/geo2343/depuracion-mlb-kernel/blob/main/runtime/hbm26_v21_sheet01_0429.csv,QA_VALIDATED_PBP_V21,RELIEF_OR_BULK,MLB,False
822821-676477,822821,2026-04-29,BOS,TOR,A,676477,Garrett Whitlock,RELIEF_OR_BULK,2.0,19.0,5.0,3.0,0.0,19.0,0.0,5.0,False,False,15,4,3,1,1,1,0,0,1,,,,,,,,https://github.com/geo2343/depuracion-mlb-kernel/blob/main/runtime/hbm26_v21_sheet01_0429.csv,QA_VALIDATED_PBP_V21,RELIEF_OR_BULK,MLB,False
822821-680755,822821,2026-04-29,TOR,BOS,H,680755,Braydon Fisher,RELIEF_OR_BULK,2.0,19.0,7.0,4.0,0.0,19.0,0.0,7.0,False,False,17,5,5,0,0,1,0,1,0,,,,,,,,https://github.com/geo2343/depuracion-mlb-kernel/blob/main/runtime/hbm26_v21_sheet01_0429.csv,QA_VALIDATED_PBP_V21,RELIEF_OR_BULK,MLB,False
822821-693686,822821,2026-04-29,TOR,BOS,H,693686,Spencer Miles,RELIEF_OR_BULK,4.0,28.0,9.0,6.0,0.0,0.0,0.0,0.0,False,False,26,7,6,0,0,0,1,3,0,,,,,,,,https://github.com/geo2343/depuracion-mlb-kernel/blob/main/runtime/hbm26_v21_sheet01_0429.csv,QA_VALIDATED_PBP_V21,RELIEF_OR_BULK,MLB,False
823958-667463,823958,2026-04-29,MIA,LAD,A,667463,John King,RELIEF_OR_BULK,0.0,3.0,2.0,2.0,10.0,10.0,5.0,5.0,True,True,15,3,3,0,0,0,0,1,0,,,,,,,,https://github.com/geo2343/depuracion-mlb-kernel/blob/main/runtime/hbm26_v21_sheet01_0429.csv,QA_VALIDATED_PBP_V21,RELIEF_OR_BULK,MLB,False
823958-669165,823958,2026-04-29,LAD,MIA,H,669165,Kyle Hurt,RELIEF_OR_BULK,2.0,5.0,3.0,3.0,0.0,5.0,0.0,3.0,False,False,5,3,3,0,0,0,0,1,0,,,,,,,,https://github.com/geo2343/depuracion-mlb-kernel/blob/main/runtime/hbm26_v21_sheet01_0429.csv,QA_VALIDATED_PBP_V21,RELIEF_OR_BULK,MLB,False
823958-676534,823958,2026-04-29,MIA,LAD,A,676534,Calvin Faucher,RELIEF_OR_BULK,1.0,10.0,3.0,3.0,10.0,28.0,3.0,9.0,False,False,16,5,3,0,0,0,3,0,0,,,,,,,,https://github.com/geo2343/depuracion-mlb-kernel/blob/main/runtime/hbm26_v21_sheet01_0429.csv,QA_VALIDATED_PBP_V21,RELIEF_OR_BULK,MLB,False
823958-677053,823958,2026-04-29,MIA,LAD,A,677053,Andrew Nardi,RELIEF_OR_BULK,1.0,24.0,5.0,2.0,24.0,44.0,5.0,12.0,False,False,12,3,3,0,0,0,1,1,0,,,,,,,,https://github.com/geo2343/depuracion-mlb-kernel/blob/main/runtime/hbm26_v21_sheet01_0429.csv,QA_VALIDATED_PBP_V21,RELIEF_OR_BULK,MLB,False
823958-681911,823958,2026-04-29,LAD,MIA,H,681911,Alex Vesia,RELIEF_OR_BULK,1.0,23.0,4.0,3.0,23.0,23.0,4.0,4.0,False,False,5,1,1,0,0,0,0,0,0,,,,,,,,https://github.com/geo2343/depuracion-mlb-kernel/blob/main/runtime/hbm26_v21_sheet01_0429.csv,QA_VALIDATED_PBP_V21,RELIEF_OR_BULK,MLB,False
823958-694361,823958,2026-04-29,LAD,MIA,H,694361,Will Klein,RELIEF_OR_BULK,3.0,21.0,5.0,4.0,0.0,0.0,0.0,0.0,False,False,26,10,6,1,1,3,1,3,0,,,,,,,,https://github.com/geo2343/depuracion-mlb-kernel/blob/main/runtime/hbm26_v21_sheet01_0429.csv,QA_VALIDATED_PBP_V21,RELIEF_OR_BULK,MLB,False
823312-571948,823312,2026-04-29,CHC,SD,A,571948,Hoby Milner,RELIEF_OR_BULK,0.0,22.0,4.0,4.0,22.0,36.0,4.0,8.0,True,False,3,1,1,0,0,0,0,1,0,,,,,,,,https://github.com/geo2343/depuracion-mlb-kernel/blob/main/runtime/hbm26_v21_sheet01_0429.csv,QA_VALIDATED_PBP_V21,RELIEF_OR_BULK,MLB,False
823312-592094,823312,2026-04-29,SD,CHC,H,592094,Jason Adam,RELIEF_OR_BULK,1.0,17.0,4.0,4.0,17.0,17.0,4.0,4.0,False,False,25,5,3,1,1,1,1,1,1,,,,,,,,https://github.com/geo2343/depuracion-mlb-kernel/blob/main/runtime/hbm26_v21_sheet01_0429.csv,QA_VALIDATED_PBP_V21,RELIEF_OR_BULK,MLB,False
823312-656686,823312,2026-04-29,CHC,SD,A,656686,Corbin Martin,RELIEF_OR_BULK,4.0,14.0,3.0,3.0,0.0,0.0,0.0,0.0,False,False,19,3,0,1,1,0,3,0,0,,,,,,,,https://github.com/geo2343/depuracion-mlb-kernel/blob/main/runtime/hbm26_v21_sheet01_0429.csv,QA_VALIDATED_PBP_V21,RELIEF_OR_BULK,MLB,False
823312-670970,823312,2026-04-29,SD,CHC,H,670970,Adrian Morejon,RELIEF_OR_BULK,1.0,27.0,6.0,5.0,27.0,27.0,6.0,6.0,False,False,16,4,2,1,1,1,1,0,0,,,,,,,,https://github.com/geo2343/depuracion-mlb-kernel/blob/main/runtime/hbm26_v21_sheet01_0429.csv,QA_VALIDATED_PBP_V21,RELIEF_OR_BULK,MLB,False
823312-676962,823312,2026-04-29,CHC,SD,A,676962,Ben Brown,RELIEF_OR_BULK,1.0,43.0,9.0,6.0,43.0,43.0,9.0,9.0,False,False,11,4,5,0,0,0,0,1,0,,,,,,,,https://github.com/geo2343/depuracion-mlb-kernel/blob/main/runtime/hbm26_v21_sheet01_0429.csv,QA_VALIDATED_PBP_V21,RELIEF_OR_BULK,MLB,False
823312-695243,823312,2026-04-29,SD,CHC,H,695243,Mason Miller,RELIEF_OR_BULK,1.0,21.0,6.0,3.0,21.0,21.0,6.0,6.0,False,False,19,4,3,0,0,0,1,1,0,,,,,,,,https://github.com/geo2343/depuracion-mlb-kernel/blob/main/runtime/hbm26_v21_sheet01_0429.csv,QA_VALIDATED_PBP_V21,RELIEF_OR_BULK,MLB,False
823312-699134,823312,2026-04-29,SD,CHC,H,699134,Bradgley Rodriguez,RELIEF_OR_BULK,2.0,20.0,5.0,2.0,0.0,20.0,0.0,5.0,False,False,22,6,4,0,0,1,1,0,0,,,,,,,,https://github.com/geo2343/depuracion-mlb-kernel/blob/main/runtime/hbm26_v21_sheet01_0429.csv,QA_VALIDATED_PBP_V21,RELIEF_OR_BULK,MLB,False
823392-592773,823392,2026-04-29,STL,PIT,A,592773,Ryne Stanek,RELIEF_OR_BULK,2.0,22.0,3.0,3.0,0.0,22.0,0.0,3.0,False,False,22,4,1,2,2,1,2,0,0,,,,,,,,https://github.com/geo2343/depuracion-mlb-kernel/blob/main/runtime/hbm26_v21_sheet01_0429.csv,QA_VALIDATED_PBP_V21,RELIEF_OR_BULK,MLB,False
823392-606965,823392,2026-04-29,PIT,STL,H,606965,Chris Devenski,RELIEF_OR_BULK,,,,,,,,,,,14,4,2,1,1,2,0,1,0,,,,,,,,https://github.com/geo2343/depuracion-mlb-kernel/blob/main/runtime/hbm26_v21_sheet01_0429.csv,QA_VALIDATED_PBP_V21,,,
823392-642701,823392,2026-04-29,PIT,STL,H,642701,Dennis Santana,RELIEF_OR_BULK,1.0,27.0,8.0,2.0,27.0,27.0,8.0,8.0,False,False,9,3,3,0,0,0,0,0,0,,,,,,,,https://github.com/geo2343/depuracion-mlb-kernel/blob/main/runtime/hbm26_v21_sheet01_0429.csv,QA_VALIDATED_PBP_V21,RELIEF_OR_BULK,MLB,False
823392-666277,823392,2026-04-29,STL,PIT,A,666277,George Soriano,RELIEF_OR_BULK,1.0,21.0,4.0,3.0,21.0,21.0,4.0,4.0,False,False,29,6,3,1,0,1,1,1,0,,,,,,,,https://github.com/geo2343/depuracion-mlb-kernel/blob/main/runtime/hbm26_v21_sheet01_0429.csv,QA_VALIDATED_PBP_V21,RELIEF_OR_BULK,MLB,False
823392-668941,823392,2026-04-29,STL,PIT,A,668941,JoJo Romero,RELIEF_OR_BULK,2.0,21.0,4.0,3.0,0.0,21.0,0.0,4.0,False,False,17,4,2,0,0,1,1,1,0,,,,,,,,https://github.com/geo2343/depuracion-mlb-kernel/blob/main/runtime/hbm26_v21_sheet01_0429.csv,QA_VALIDATED_PBP_V21,RELIEF_OR_BULK,MLB,False
823392-670990,823392,2026-04-29,PIT,STL,H,670990,Yohan Ramírez,RELIEF_OR_BULK,3.0,15.0,3.0,3.0,0.0,0.0,0.0,0.0,False,False,16,5,3,0,0,1,1,2,0,,,,,,,,https://github.com/geo2343/depuracion-mlb-kernel/blob/main/runtime/hbm26_v21_sheet01_0429.csv,QA_VALIDATED_PBP_V21,RELIEF_OR_BULK,MLB,False
823392-676617,823392,2026-04-29,STL,PIT,A,676617,Riley O'Brien,RELIEF_OR_BULK,3.0,39.0,9.0,3.0,0.0,0.0,0.0,0.0,False,False,11,4,3,0,0,1,0,1,0,,,,,,,,https://github.com/geo2343/depuracion-mlb-kernel/blob/main/runtime/hbm26_v21_sheet01_0429.csv,QA_VALIDATED_PBP_V21,RELIEF_OR_BULK,MLB,False
823392-681895,823392,2026-04-29,PIT,STL,H,681895,Evan Sisk,RELIEF_OR_BULK,1.0,16.0,3.0,2.0,16.0,39.0,3.0,9.0,False,False,27,6,4,1,1,0,1,2,0,,,,,,,,https://github.com/geo2343/depuracion-mlb-kernel/blob/main/runtime/hbm26_v21_sheet01_0429.csv,QA_VALIDATED_PBP_V21,RELIEF_OR_BULK,MLB,False
824525-623474,824525,2026-04-29,COL,CIN,A,623474,Jimmy Herget,RELIEF_OR_BULK,7.0,14.0,3.0,3.0,0.0,0.0,0.0,0.0,False,False,26,7,3,2,2,4,0,3,1,,,,,,,,https://github.com/geo2343/depuracion-mlb-kernel/blob/main/runtime/hbm26_v21_sheet01_0429.csv,QA_VALIDATED_PBP_V21,STARTER,MLB,False
824525-657514,824525,2026-04-29,COL,CIN,A,657514,Brennan Bernardino,RELIEF_OR_BULK,5.0,6.0,2.0,2.0,0.0,0.0,0.0,0.0,False,False,21,5,5,0,0,1,0,1,0,,,,,,,,https://github.com/geo2343/depuracion-mlb-kernel/blob/main/runtime/hbm26_v21_sheet01_0429.csv,QA_VALIDATED_PBP_V21,RELIEF_OR_BULK,MLB,False
824525-675848,824525,2026-04-29,COL,CIN,A,675848,Juan Mejia,RELIEF_OR_BULK,2.0,30.0,5.0,5.0,0.0,30.0,0.0,5.0,False,False,15,4,3,0,0,1,0,3,0,,,,,,,,https://github.com/geo2343/depuracion-mlb-kernel/blob/main/runtime/hbm26_v21_sheet01_0429.csv,QA_VALIDATED_PBP_V21,RELIEF_OR_BULK,MLB,False
824525-682825,824525,2026-04-29,CIN,COL,H,682825,Luis Mey,RELIEF_OR_BULK,,,,,,,,,,,32,9,6,1,1,1,1,4,1,,,,,,,,https://github.com/geo2343/depuracion-mlb-kernel/blob/main/runtime/hbm26_v21_sheet01_0429.csv,QA_VALIDATED_PBP_V21,,,
824525-683742,824525,2026-04-29,CIN,COL,H,683742,Jose Franco,RELIEF_OR_BULK,2.0,34.0,9.0,6.0,0.0,34.0,0.0,9.0,False,False,41,14,9,3,3,4,1,3,1,,,,,,,,https://github.com/geo2343/depuracion-mlb-kernel/blob/main/runtime/hbm26_v21_sheet01_0429.csv,QA_VALIDATED_PBP_V21,RELIEF_OR_BULK,MLB,False
823633-605218,823633,2026-04-29,NYM,WSH,H,605218,Carl Edwards Jr.,RELIEF_OR_BULK,2.0,49.0,13.0,10.0,0.0,49.0,0.0,13.0,False,False,50,12,8,1,1,3,1,6,1,,,,,,,,https://github.com/geo2343/depuracion-mlb-kernel/blob/main/runtime/hbm26_v21_sheet01_0429.csv,QA_VALIDATED_PBP_V21,RELIEF_OR_BULK,MLB,False
823633-640455,823633,2026-04-29,NYM,WSH,H,640455,Sean Manaea,RELIEF_OR_BULK,4.0,61.0,15.0,10.0,0.0,0.0,0.0,0.0,False,False,73,18,8,6,6,7,2,4,1,,,,,,,,https://github.com/geo2343/depuracion-mlb-kernel/blob/main/runtime/hbm26_v21_sheet01_0429.csv,QA_VALIDATED_PBP_V21,RELIEF_OR_BULK,MLB,False
823633-672335,823633,2026-04-29,WSH,NYM,A,672335,Cionel Pérez,RELIEF_OR_BULK,3.0,22.0,5.0,3.0,0.0,0.0,0.0,0.0,False,False,16,3,3,0,0,0,0,0,0,,,,,,,,https://github.com/geo2343/depuracion-mlb-kernel/blob/main/runtime/hbm26_v21_sheet01_0429.csv,QA_VALIDATED_PBP_V21,RELIEF_OR_BULK,MLB,False
823633-676571,823633,2026-04-29,WSH,NYM,A,676571,PJ Poulin,RELIEF_OR_BULK,4.0,28.0,7.0,5.0,0.0,0.0,0.0,0.0,False,False,10,3,3,0,0,0,0,1,0,,,,,,,,https://github.com/geo2343/depuracion-mlb-kernel/blob/main/runtime/hbm26_v21_sheet01_0429.csv,QA_VALIDATED_PBP_V21,STARTER,MLB,False
823633-687606,823633,2026-04-29,WSH,NYM,A,687606,Paxton Schultz,RELIEF_OR_BULK,2.0,17.0,4.0,3.0,0.0,17.0,0.0,4.0,False,False,14,5,3,0,0,2,0,1,0,,,,,,,,https://github.com/geo2343/depuracion-mlb-kernel/blob/main/runtime/hbm26_v21_sheet01_0429.csv,QA_VALIDATED_PBP_V21,RELIEF_OR_BULK,MLB,False
824930-445276,824930,2026-04-29,DET,ATL,A,445276,Kenley Jansen,RELIEF_OR_BULK,4.0,14.0,4.0,2.0,0.0,0.0,0.0,0.0,False,False,11,2,0,2,2,1,1,0,1,,,,,,,,https://github.com/geo2343/depuracion-mlb-kernel/blob/main/runtime/hbm26_v21_sheet01_0429.csv,QA_VALIDATED_PBP_V21,RELIEF_OR_BULK,MLB,False
824930-625643,824930,2026-04-29,ATL,DET,H,625643,Reynaldo López,RELIEF_OR_BULK,7.0,58.0,11.0,3.0,0.0,0.0,0.0,0.0,False,False,17,6,6,0,0,0,0,2,0,,,,,,,,https://github.com/geo2343/depuracion-mlb-kernel/blob/main/runtime/hbm26_v21_sheet01_0429.csv,QA_VALIDATED_PBP_V21,STARTER,MLB,False
824930-640448,824930,2026-04-29,DET,ATL,A,640448,Kyle Finnegan,RELIEF_OR_BULK,2.0,16.0,4.0,3.0,0.0,16.0,0.0,4.0,False,False,29,5,3,0,0,0,2,1,0,,,,,,,,https://github.com/geo2343/depuracion-mlb-kernel/blob/main/runtime/hbm26_v21_sheet01_0429.csv,QA_VALIDATED_PBP_V21,RELIEF_OR_BULK,MLB,False
824930-669276,824930,2026-04-29,ATL,DET,H,669276,Dylan Lee,RELIEF_OR_BULK,3.0,16.0,4.0,3.0,0.0,0.0,0.0,0.0,False,False,28,5,5,0,0,0,0,4,0,,,,,,,,https://github.com/geo2343/depuracion-mlb-kernel/blob/main/runtime/hbm26_v21_sheet01_0429.csv,QA_VALIDATED_PBP_V21,RELIEF_OR_BULK,MLB,False
823796-623149,823796,2026-04-29,AZ,MIL,A,623149,Paul Sewald,RELIEF_OR_BULK,5.0,19.0,5.0,2.0,0.0,0.0,0.0,0.0,False,False,13,3,3,0,0,0,0,1,0,,,,,,,,https://github.com/geo2343/depuracion-mlb-kernel/blob/main/runtime/hbm26_v21_sheet01_0429.csv,QA_VALIDATED_PBP_V21,RELIEF_OR_BULK,MLB,False
823796-656464,823796,2026-04-29,AZ,MIL,A,656464,Kevin Ginkel,RELIEF_OR_BULK,2.0,10.0,4.0,3.0,0.0,10.0,0.0,4.0,False,False,26,5,4,0,0,1,0,3,0,,,,,,,,https://github.com/geo2343/depuracion-mlb-kernel/blob/main/runtime/hbm26_v21_sheet01_0429.csv,QA_VALIDATED_PBP_V21,RELIEF_OR_BULK,MLB,False
823796-664199,823796,2026-04-29,AZ,MIL,A,664199,Taylor Clarke,RELIEF_OR_BULK,0.0,12.0,4.0,3.0,12.0,12.0,4.0,4.0,True,False,14,3,3,0,0,0,0,1,0,,,,,,,,https://github.com/geo2343/depuracion-mlb-kernel/blob/main/runtime/hbm26_v21_sheet01_0429.csv,QA_VALIDATED_PBP_V21,RELIEF_OR_BULK,MLB,False
823796-666661,823796,2026-04-29,AZ,MIL,A,666661,Juan Morillo,RELIEF_OR_BULK,2.0,21.0,4.0,3.0,0.0,21.0,0.0,4.0,False,False,14,3,3,0,0,0,0,1,0,,,,,,,,https://github.com/geo2343/depuracion-mlb-kernel/blob/main/runtime/hbm26_v21_sheet01_0429.csv,QA_VALIDATED_PBP_V21,RELIEF_OR_BULK,MLB,False
823796-669084,823796,2026-04-29,MIL,AZ,H,669084,DL Hall,RELIEF_OR_BULK,6.0,32.0,7.0,6.0,0.0,0.0,0.0,0.0,False,False,42,9,7,0,0,1,1,3,0,,,,,,,,https://github.com/geo2343/depuracion-mlb-kernel/blob/main/runtime/hbm26_v21_sheet01_0429.csv,QA_VALIDATED_PBP_V21,STARTER,MLB,False
823796-681982,823796,2026-04-29,MIL,AZ,H,681982,Grant Anderson,RELIEF_OR_BULK,3.0,4.0,2.0,1.0,0.0,0.0,0.0,0.0,False,False,25,5,3,2,2,2,0,2,2,,,,,,,,https://github.com/geo2343/depuracion-mlb-kernel/blob/main/runtime/hbm26_v21_sheet01_0429.csv,QA_VALIDATED_PBP_V21,RELIEF_OR_BULK,MLB,False
823796-702153,823796,2026-04-29,MIL,AZ,H,702153,Brian Fitzpatrick,RELIEF_OR_BULK,,,,,,,,,,,24,7,4,0,0,2,1,0,0,,,,,,,,https://github.com/geo2343/depuracion-mlb-kernel/blob/main/runtime/hbm26_v21_sheet01_0429.csv,QA_VALIDATED_PBP_V21,,,
825015-643410,825015,2026-04-29,ATH,KC,H,643410,Mark Leiter Jr.,RELIEF_OR_BULK,0.0,9.0,3.0,3.0,9.0,9.0,3.0,3.0,True,False,11,2,1,0,0,0,1,1,0,,,,,,,,https://github.com/geo2343/depuracion-mlb-kernel/blob/main/runtime/hbm26_v21_sheet01_0429.csv,QA_VALIDATED_PBP_V21,RELIEF_OR_BULK,MLB,False
825015-656638,825015,2026-04-29,KC,ATH,A,656638,Alex Lange,RELIEF_OR_BULK,2.0,34.0,7.0,3.0,0.0,34.0,0.0,7.0,False,False,15,4,3,0,0,0,1,0,0,,,,,,,,https://github.com/geo2343/depuracion-mlb-kernel/blob/main/runtime/hbm26_v21_sheet01_0429.csv,QA_VALIDATED_PBP_V21,RELIEF_OR_BULK,MLB,False
825015-669270,825015,2026-04-29,ATH,KC,H,669270,Joel Kuhnel,RELIEF_OR_BULK,2.0,9.0,3.0,2.0,0.0,9.0,0.0,3.0,False,False,31,7,5,1,1,2,1,0,0,,,,,,,,https://github.com/geo2343/depuracion-mlb-kernel/blob/main/runtime/hbm26_v21_sheet01_0429.csv,QA_VALIDATED_PBP_V21,RELIEF_OR_BULK,MLB,False
825015-679883,825015,2026-04-29,KC,ATH,A,679883,Luinder Avila,RELIEF_OR_BULK,20.0,62.0,15.0,9.0,0.0,0.0,0.0,0.0,False,False,20,5,3,1,1,2,0,2,0,,,,,,,,https://github.com/geo2343/depuracion-mlb-kernel/blob/main/runtime/hbm26_v21_sheet01_0429.csv,QA_VALIDATED_PBP_V21,RELIEF_OR_BULK,MLB,False
825015-696131,825015,2026-04-29,KC,ATH,A,696131,Mason Black,RELIEF_OR_BULK,3.0,18.0,5.0,3.0,0.0,0.0,0.0,0.0,False,False,20,4,3,0,0,1,0,0,0,,,,,,,,https://github.com/geo2343/depuracion-mlb-kernel/blob/main/runtime/hbm26_v21_sheet01_0429.csv,QA_VALIDATED_PBP_V21,RELIEF_OR_BULK,MLB,False
824929-606303,824929,2026-04-30,ATL,DET,H,606303,Joel Payamps,RELIEF_OR_BULK,3.0,14.0,3.0,3.0,0.0,0.0,0.0,0.0,False,False,17,4,1,2,2,2,1,1,0,,,,,,,,https://github.com/geo2343/depuracion-mlb-kernel/blob/main/runtime/hbm26_v22_sheet01_0430.csv,QA_VALIDATED_PBP_V22,RELIEF_OR_BULK,MLB,False
824929-607481,824929,2026-04-30,ATL,DET,H,607481,Aaron Bummer,RELIEF_OR_BULK,1.0,12.0,5.0,3.0,12.0,12.0,5.0,5.0,False,False,12,3,2,0,0,0,1,1,0,,,,,,,,https://github.com/geo2343/depuracion-mlb-kernel/blob/main/runtime/hbm26_v22_sheet01_0430.csv,QA_VALIDATED_PBP_V22,RELIEF_OR_BULK,MLB,False
824929-623454,824929,2026-04-30,DET,ATL,A,623454,Drew Anderson,RELIEF_OR_BULK,4.0,42.0,9.0,8.0,0.0,0.0,0.0,0.0,False,False,31,8,6,0,0,1,1,2,0,,,,,,,,https://github.com/geo2343/depuracion-mlb-kernel/blob/main/runtime/hbm26_v22_sheet01_0430.csv,QA_VALIDATED_PBP_V22,RELIEF_OR_BULK,MLB,False
824929-640448,824929,2026-04-30,DET,ATL,A,640448,Kyle Finnegan,RELIEF_OR_BULK,0.0,29.0,5.0,3.0,29.0,29.0,5.0,5.0,True,False,17,4,3,0,0,1,0,1,0,,,,,,,,https://github.com/geo2343/depuracion-mlb-kernel/blob/main/runtime/hbm26_v22_sheet01_0430.csv,QA_VALIDATED_PBP_V22,RELIEF_OR_BULK,MLB,False
824929-641755,824929,2026-04-30,ATL,DET,H,641755,Tyler Kinley,RELIEF_OR_BULK,1.0,23.0,5.0,3.0,23.0,23.0,5.0,5.0,False,False,27,6,3,0,0,2,1,1,0,,,,,,,,https://github.com/geo2343/depuracion-mlb-kernel/blob/main/runtime/hbm26_v22_sheet01_0430.csv,QA_VALIDATED_PBP_V22,RELIEF_OR_BULK,MLB,False
824929-660761,824929,2026-04-30,ATL,DET,H,660761,José Suarez,RELIEF_OR_BULK,4.0,31.0,7.0,3.0,0.0,0.0,0.0,0.0,False,False,31,6,3,2,2,2,2,2,0,,,,,,,,https://github.com/geo2343/depuracion-mlb-kernel/blob/main/runtime/hbm26_v22_sheet01_0430.csv,QA_VALIDATED_PBP_V22,RELIEF_OR_BULK,MLB,False
823391-592773,823391,2026-04-30,STL,PIT,A,592773,Ryne Stanek,RELIEF_OR_BULK,0.0,22.0,4.0,1.0,22.0,22.0,4.0,4.0,True,False,15,4,3,0,0,1,0,1,0,,,,,,,,https://github.com/geo2343/depuracion-mlb-kernel/blob/main/runtime/hbm26_v22_sheet01_0430.csv,QA_VALIDATED_PBP_V22,RELIEF_OR_BULK,MLB,False
823391-606965,823391,2026-04-30,PIT,STL,H,606965,Chris Devenski,RELIEF_OR_BULK,0.0,14.0,4.0,2.0,14.0,14.0,4.0,4.0,True,False,19,6,4,0,0,2,0,2,0,,,,,,,,https://github.com/geo2343/depuracion-mlb-kernel/blob/main/runtime/hbm26_v22_sheet01_0430.csv,QA_VALIDATED_PBP_V22,RELIEF_OR_BULK,MLB,False
823391-668941,823391,2026-04-30,STL,PIT,A,668941,JoJo Romero,RELIEF_OR_BULK,0.0,17.0,4.0,2.0,17.0,17.0,4.0,4.0,True,False,21,4,2,1,1,1,1,2,1,,,,,,,,https://github.com/geo2343/depuracion-mlb-kernel/blob/main/runtime/hbm26_v22_sheet01_0430.csv,QA_VALIDATED_PBP_V22,RELIEF_OR_BULK,MLB,False
823391-670990,823391,2026-04-30,PIT,STL,H,670990,Yohan Ramírez,RELIEF_OR_BULK,0.0,16.0,5.0,3.0,16.0,16.0,5.0,5.0,True,False,16,4,3,0,0,1,0,1,0,,,,,,,,https://github.com/geo2343/depuracion-mlb-kernel/blob/main/runtime/hbm26_v22_sheet01_0430.csv,QA_VALIDATED_PBP_V22,RELIEF_OR_BULK,MLB,False
823391-676755,823391,2026-04-30,PIT,STL,H,676755,Isaac Mattson,RELIEF_OR_BULK,2.0,3.0,1.0,1.0,0.0,3.0,0.0,1.0,False,False,31,7,2,5,5,3,2,0,0,,,,,,,,https://github.com/geo2343/depuracion-mlb-kernel/blob/main/runtime/hbm26_v22_sheet01_0430.csv,QA_VALIDATED_PBP_V22,RELIEF_OR_BULK,MLB,False
823391-677865,823391,2026-04-30,STL,PIT,A,677865,Justin Bruihl,RELIEF_OR_BULK,1.0,25.0,6.0,3.0,25.0,25.0,6.0,6.0,False,False,18,3,2,0,0,1,0,0,0,,,,,,,,https://github.com/geo2343/depuracion-mlb-kernel/blob/main/runtime/hbm26_v22_sheet01_0430.csv,QA_VALIDATED_PBP_V22,RELIEF_OR_BULK,MLB,False
823391-682254,823391,2026-04-30,PIT,STL,H,682254,Mason Montgomery,RELIEF_OR_BULK,2.0,7.0,3.0,3.0,0.0,7.0,0.0,3.0,False,False,12,4,3,0,0,0,1,0,0,,,,,,,,https://github.com/geo2343/depuracion-mlb-kernel/blob/main/runtime/hbm26_v22_sheet01_0430.csv,QA_VALIDATED_PBP_V22,STARTER,MLB,False
823391-694335,823391,2026-04-30,STL,PIT,A,694335,Matt Svanson,RELIEF_OR_BULK,1.0,18.0,4.0,3.0,18.0,18.0,4.0,4.0,False,False,17,5,3,1,1,2,0,0,0,,,,,,,,https://github.com/geo2343/depuracion-mlb-kernel/blob/main/runtime/hbm26_v22_sheet01_0430.csv,QA_VALIDATED_PBP_V22,RELIEF_OR_BULK,MLB,False
823391-700669,823391,2026-04-30,STL,PIT,A,700669,Gordon Graceffo,RELIEF_OR_BULK,1.0,11.0,4.0,5.0,11.0,11.0,4.0,4.0,False,False,24,5,4,0,0,0,0,1,0,,,,,,,,https://github.com/geo2343/depuracion-mlb-kernel/blob/main/runtime/hbm26_v22_sheet01_0430.csv,QA_VALIDATED_PBP_V22,RELIEF_OR_BULK,MLB,False
823472-621383,823472,2026-04-30,PHI,SF,H,621383,Tanner Banks,RELIEF_OR_BULK,4.0,11.0,3.0,0.0,0.0,0.0,0.0,0.0,False,False,27,6,4,0,0,2,0,2,0,,,,,,,,https://github.com/geo2343/depuracion-mlb-kernel/blob/main/runtime/hbm26_v22_sheet01_0430.csv,QA_VALIDATED_PBP_V22,RELIEF_OR_BULK,MLB,False
823472-663767,823472,2026-04-30,PHI,SF,H,663767,Chase Shugart,RELIEF_OR_BULK,3.0,7.0,3.0,3.0,0.0,0.0,0.0,0.0,False,False,4,1,1,0,0,0,0,1,0,,,,,,,,https://github.com/geo2343/depuracion-mlb-kernel/blob/main/runtime/hbm26_v22_sheet01_0430.csv,QA_VALIDATED_PBP_V22,RELIEF_OR_BULK,MLB,False
823472-669062,823472,2026-04-30,SF,PHI,A,669062,Erik Miller,RELIEF_OR_BULK,3.0,12.0,4.0,4.0,0.0,0.0,0.0,0.0,False,False,19,3,3,0,0,0,0,1,0,,,,,,,,https://github.com/geo2343/depuracion-mlb-kernel/blob/main/runtime/hbm26_v22_sheet01_0430.csv,QA_VALIDATED_PBP_V22,RELIEF_OR_BULK,MLB,False
823472-676254,823472,2026-04-30,SF,PHI,A,676254,Ryan Walker,RELIEF_OR_BULK,4.0,12.0,4.0,3.0,0.0,0.0,0.0,0.0,False,False,21,5,2,2,2,3,0,1,0,,,,,,,,https://github.com/geo2343/depuracion-mlb-kernel/blob/main/runtime/hbm26_v22_sheet01_0430.csv,QA_VALIDATED_PBP_V22,RELIEF_OR_BULK,MLB,False
823472-689147,823472,2026-04-30,PHI,SF,H,689147,Orion Kerkering,RELIEF_OR_BULK,1.0,20.0,3.0,3.0,20.0,20.0,3.0,3.0,False,False,17,4,2,0,0,2,0,0,0,,,,,,,,https://github.com/geo2343/depuracion-mlb-kernel/blob/main/runtime/hbm26_v22_sheet01_0430.csv,QA_VALIDATED_PBP_V22,RELIEF_OR_BULK,MLB,False
824848-595345,824848,2026-04-30,HOU,BAL,A,595345,Steven Okert,RELIEF_OR_BULK,1.0,10.0,3.0,1.0,10.0,10.0,3.0,3.0,False,False,16,5,2,3,3,2,1,0,1,,,,,,,,https://github.com/geo2343/depuracion-mlb-kernel/blob/main/runtime/hbm26_v22_sheet01_0430.csv,QA_VALIDATED_PBP_V22,RELIEF_OR_BULK,MLB,False
824848-664744,824848,2026-04-30,BAL,HOU,H,664744,Jose Espada,RELIEF_OR_BULK,,,,,,,,,,,15,4,3,0,0,2,0,0,0,,,,,,,,https://github.com/geo2343/depuracion-mlb-kernel/blob/main/runtime/hbm26_v22_sheet01_0430.csv,QA_VALIDATED_PBP_V22,,,
824848-669920,824848,2026-04-30,HOU,BAL,A,669920,Jason Alexander,RELIEF_OR_BULK,,,,,,,,,,,31,11,6,5,5,2,3,1,1,,,,,,,,https://github.com/geo2343/depuracion-mlb-kernel/blob/main/runtime/hbm26_v22_sheet01_0430.csv,QA_VALIDATED_PBP_V22,,,
824848-670329,824848,2026-04-30,BAL,HOU,H,670329,Rico Garcia,RELIEF_OR_BULK,1.0,5.0,1.0,1.0,5.0,5.0,1.0,1.0,False,False,2,1,1,0,0,0,0,0,0,,,,,,,,https://github.com/geo2343/depuracion-mlb-kernel/blob/main/runtime/hbm26_v22_sheet01_0430.csv,QA_VALIDATED_PBP_V22,RELIEF_OR_BULK,MLB,False
824848-689296,824848,2026-04-30,BAL,HOU,H,689296,Anthony Nunez,RELIEF_OR_BULK,1.0,19.0,6.0,3.0,19.0,19.0,6.0,6.0,False,False,13,7,3,2,0,3,0,0,0,,,,,,,,https://github.com/geo2343/depuracion-mlb-kernel/blob/main/runtime/hbm26_v22_sheet01_0430.csv,QA_VALIDATED_PBP_V22,RELIEF_OR_BULK,MLB,False
824848-805123,824848,2026-04-30,HOU,BAL,A,805123,AJ Blubaugh,RELIEF_OR_BULK,4.0,29.0,7.0,4.0,0.0,0.0,0.0,0.0,False,False,13,3,3,0,0,0,0,1,0,,,,,,,,https://github.com/geo2343/depuracion-mlb-kernel/blob/main/runtime/hbm26_v22_sheet01_0430.csv,QA_VALIDATED_PBP_V22,RELIEF_OR_BULK,MLB,False
824524-622608,824524,2026-04-30,COL,CIN,A,622608,Antonio Senzatela,RELIEF_OR_BULK,5.0,10.0,4.0,5.0,0.0,0.0,0.0,0.0,False,False,16,7,5,0,0,1,1,1,0,,,,,,,,https://github.com/geo2343/depuracion-mlb-kernel/blob/main/runtime/hbm26_v22_sheet01_0430.csv,QA_VALIDATED_PBP_V22,RELIEF_OR_BULK,MLB,False
824524-641941,824524,2026-04-30,CIN,COL,H,641941,Emilio Pagán,RELIEF_OR_BULK,4.0,11.0,4.0,3.0,0.0,0.0,0.0,0.0,False,False,11,6,3,2,2,3,0,0,0,,,,,,,,https://github.com/geo2343/depuracion-mlb-kernel/blob/main/runtime/hbm26_v22_sheet01_0430.csv,QA_VALIDATED_PBP_V22,RELIEF_OR_BULK,MLB,False
824524-663574,824524,2026-04-30,CIN,COL,H,663574,Tony Santillan,RELIEF_OR_BULK,1.0,19.0,5.0,3.0,19.0,19.0,5.0,5.0,False,False,5,3,3,0,0,1,0,1,0,,,,,,,,https://github.com/geo2343/depuracion-mlb-kernel/blob/main/runtime/hbm26_v22_sheet01_0430.csv,QA_VALIDATED_PBP_V22,RELIEF_OR_BULK,MLB,False
824524-680767,824524,2026-04-30,COL,CIN,A,680767,Victor Vodnik,RELIEF_OR_BULK,3.0,15.0,3.0,3.0,0.0,0.0,0.0,0.0,False,False,25,6,3,2,2,2,1,1,0,,,,,,,,https://github.com/geo2343/depuracion-mlb-kernel/blob/main/runtime/hbm26_v22_sheet01_0430.csv,QA_VALIDATED_PBP_V22,RELIEF_OR_BULK,MLB,False
824524-683175,824524,2026-04-30,CIN,COL,H,683175,Connor Phillips,RELIEF_OR_BULK,4.0,7.0,2.0,2.0,0.0,0.0,0.0,0.0,False,False,23,5,3,0,0,0,1,3,0,,,,,,,,https://github.com/geo2343/depuracion-mlb-kernel/blob/main/runtime/hbm26_v22_sheet01_0430.csv,QA_VALIDATED_PBP_V22,RELIEF_OR_BULK,MLB,False
824850-650556,824850,2026-04-30,HOU,BAL,A,650556,Bryan Abreu,RELIEF_OR_BULK,5.0,14.0,3.0,3.0,0.0,0.0,0.0,0.0,False,False,27,7,3,1,1,2,2,3,0,,,,,,,,https://github.com/geo2343/depuracion-mlb-kernel/blob/main/runtime/hbm26_v22_sheet01_0430.csv,QA_VALIDATED_PBP_V22,RELIEF_OR_BULK,MLB,False
824850-660853,824850,2026-04-30,HOU,BAL,A,660853,Enyel De Los Santos,RELIEF_OR_BULK,3.0,24.0,7.0,3.0,0.0,0.0,0.0,0.0,False,False,25,5,3,0,0,1,1,2,0,,,,,,,,https://github.com/geo2343/depuracion-mlb-kernel/blob/main/runtime/hbm26_v22_sheet01_0430.csv,QA_VALIDATED_PBP_V22,RELIEF_OR_BULK,MLB,False
824850-666974,824850,2026-04-30,BAL,HOU,H,666974,Yennier Cano,RELIEF_OR_BULK,3.0,17.0,3.0,3.0,0.0,0.0,0.0,0.0,False,False,10,3,3,0,0,0,0,2,0,,,,,,,,https://github.com/geo2343/depuracion-mlb-kernel/blob/main/runtime/hbm26_v22_sheet01_0430.csv,QA_VALIDATED_PBP_V22,RELIEF_OR_BULK,MLB,False
824850-669211,824850,2026-04-30,BAL,HOU,H,669211,Keegan Akin,RELIEF_OR_BULK,4.0,32.0,9.0,3.0,0.0,0.0,0.0,0.0,False,False,14,4,3,0,0,1,0,1,0,,,,,,,,https://github.com/geo2343/depuracion-mlb-kernel/blob/main/runtime/hbm26_v22_sheet01_0430.csv,QA_VALIDATED_PBP_V22,RELIEF_OR_BULK,MLB,False
824850-669330,824850,2026-04-30,BAL,HOU,H,669330,Tyler Wells,RELIEF_OR_BULK,4.0,23.0,5.0,4.0,0.0,0.0,0.0,0.0,False,False,16,4,3,0,0,1,0,0,0,,,,,,,,https://github.com/geo2343/depuracion-mlb-kernel/blob/main/runtime/hbm26_v22_sheet01_0430.csv,QA_VALIDATED_PBP_V22,RELIEF_OR_BULK,MLB,False
824850-671382,824850,2026-04-30,BAL,HOU,H,671382,Cameron Foster,RELIEF_OR_BULK,5.0,27.0,8.0,6.0,0.0,0.0,0.0,0.0,False,False,32,10,6,1,1,3,1,2,0,,,,,,,,https://github.com/geo2343/depuracion-mlb-kernel/blob/main/runtime/hbm26_v22_sheet01_0430.csv,QA_VALIDATED_PBP_V22,RELIEF_OR_BULK,MLB,False
824850-675989,824850,2026-04-30,HOU,BAL,A,675989,Cody Bolton,RELIEF_OR_BULK,17.0,42.0,9.0,3.0,0.0,0.0,0.0,0.0,False,False,18,5,3,1,1,1,1,0,0,,,,,,,,https://github.com/geo2343/depuracion-mlb-kernel/blob/main/runtime/hbm26_v22_sheet01_0430.csv,QA_VALIDATED_PBP_V22,STARTER,MLB,False
823634-548384,823634,2026-04-30,NYM,WSH,H,548384,Brooks Raley,RELIEF_OR_BULK,3.0,11.0,3.0,3.0,0.0,0.0,0.0,0.0,False,False,12,3,3,0,0,0,0,2,0,,,,,,,,https://github.com/geo2343/depuracion-mlb-kernel/blob/main/runtime/hbm26_v22_sheet01_0430.csv,QA_VALIDATED_PBP_V22,RELIEF_OR_BULK,MLB,False
823634-596133,823634,2026-04-30,NYM,WSH,H,596133,Luke Weaver,RELIEF_OR_BULK,3.0,9.0,3.0,3.0,0.0,0.0,0.0,0.0,False,False,13,5,3,2,2,2,0,1,1,,,,,,,,https://github.com/geo2343/depuracion-mlb-kernel/blob/main/runtime/hbm26_v22_sheet01_0430.csv,QA_VALIDATED_PBP_V22,RELIEF_OR_BULK,MLB,False
823634-642207,823634,2026-04-30,NYM,WSH,H,642207,Devin Williams,RELIEF_OR_BULK,3.0,14.0,3.0,3.0,0.0,0.0,0.0,0.0,False,False,14,3,3,0,0,1,0,0,0,,,,,,,,https://github.com/geo2343/depuracion-mlb-kernel/blob/main/runtime/hbm26_v22_sheet01_0430.csv,QA_VALIDATED_PBP_V22,RELIEF_OR_BULK,MLB,False
823634-663992,823634,2026-04-30,WSH,NYM,A,663992,Richard Lovelady,RELIEF_OR_BULK,3.0,14.0,5.0,3.0,0.0,0.0,0.0,0.0,False,False,12,3,2,0,0,1,0,0,0,,,,,,,,https://github.com/geo2343/depuracion-mlb-kernel/blob/main/runtime/hbm26_v22_sheet01_0430.csv,QA_VALIDATED_PBP_V22,RELIEF_OR_BULK,MLB,False
823634-680730,823634,2026-04-30,WSH,NYM,A,680730,Mitchell Parker,RELIEF_OR_BULK,4.0,23.0,8.0,4.0,0.0,0.0,0.0,0.0,False,False,34,12,9,1,1,2,1,0,0,,,,,,,,https://github.com/geo2343/depuracion-mlb-kernel/blob/main/runtime/hbm26_v22_sheet01_0430.csv,QA_VALIDATED_PBP_V22,RELIEF_OR_BULK,MLB,False
823634-681402,823634,2026-04-30,WSH,NYM,A,681402,Gus Varland,RELIEF_OR_BULK,3.0,10.0,3.0,3.0,0.0,0.0,0.0,0.0,False,False,22,5,4,0,0,1,0,1,0,,,,,,,,https://github.com/geo2343/depuracion-mlb-kernel/blob/main/runtime/hbm26_v22_sheet01_0430.csv,QA_VALIDATED_PBP_V22,RELIEF_OR_BULK,MLB,False
823795-642528,823795,2026-04-30,AZ,MIL,A,642528,Jonathan Loáisiga,RELIEF_OR_BULK,3.0,16.0,4.0,3.0,0.0,0.0,0.0,0.0,False,False,17,4,2,1,1,1,1,1,0,,,,,,,,https://github.com/geo2343/depuracion-mlb-kernel/blob/main/runtime/hbm26_v22_sheet01_0430.csv,QA_VALIDATED_PBP_V22,RELIEF_OR_BULK,MLB,False
823795-656730,823795,2026-04-30,MIL,AZ,H,656730,Trevor Megill,RELIEF_OR_BULK,3.0,26.0,5.0,3.0,0.0,0.0,0.0,0.0,False,False,12,3,3,0,0,0,0,1,0,,,,,,,,https://github.com/geo2343/depuracion-mlb-kernel/blob/main/runtime/hbm26_v22_sheet01_0430.csv,QA_VALIDATED_PBP_V22,RELIEF_OR_BULK,MLB,False
823795-663765,823795,2026-04-30,MIL,AZ,H,663765,Jake Woodford,RELIEF_OR_BULK,1.0,35.0,11.0,9.0,35.0,35.0,11.0,11.0,False,False,10,3,3,0,0,0,0,2,0,,,,,,,,https://github.com/geo2343/depuracion-mlb-kernel/blob/main/runtime/hbm26_v22_sheet01_0430.csv,QA_VALIDATED_PBP_V22,RELIEF_OR_BULK,MLB,False
823795-675660,823795,2026-04-30,MIL,AZ,H,675660,Shane Drohan,RELIEF_OR_BULK,1.0,10.0,3.0,3.0,10.0,10.0,3.0,3.0,False,False,60,16,12,1,1,5,0,4,0,,,,,,,,https://github.com/geo2343/depuracion-mlb-kernel/blob/main/runtime/hbm26_v22_sheet01_0430.csv,QA_VALIDATED_PBP_V22,RELIEF_OR_BULK,MLB,False
823795-681982,823795,2026-04-30,MIL,AZ,H,681982,Grant Anderson,RELIEF_OR_BULK,0.0,25.0,5.0,3.0,25.0,25.0,5.0,5.0,True,False,8,2,2,0,0,0,0,2,0,,,,,,,,https://github.com/geo2343/depuracion-mlb-kernel/blob/main/runtime/hbm26_v22_sheet01_0430.csv,QA_VALIDATED_PBP_V22,RELIEF_OR_BULK,MLB,False
823795-691769,823795,2026-04-30,AZ,MIL,A,691769,Philip Abner,RELIEF_OR_BULK,,,,,,,,,,,34,8,7,2,2,1,1,1,0,,,,,,,,https://github.com/geo2343/depuracion-mlb-kernel/blob/main/runtime/hbm26_v22_sheet01_0430.csv,QA_VALIDATED_PBP_V22,,,
823795-694297,823795,2026-04-30,AZ,MIL,A,694297,Brandon Pfaadt,RELIEF_OR_BULK,4.0,56.0,13.0,9.0,0.0,0.0,0.0,0.0,False,False,15,4,3,1,1,1,0,2,1,,,,,,,,https://github.com/geo2343/depuracion-mlb-kernel/blob/main/runtime/hbm26_v22_sheet01_0430.csv,QA_VALIDATED_PBP_V22,RELIEF_OR_BULK,MLB,False
823795-702153,823795,2026-04-30,MIL,AZ,H,702153,Brian Fitzpatrick,RELIEF_OR_BULK,0.0,24.0,7.0,4.0,24.0,24.0,7.0,7.0,True,False,20,4,3,0,0,0,1,2,0,,,,,,,,https://github.com/geo2343/depuracion-mlb-kernel/blob/main/runtime/hbm26_v22_sheet01_0430.csv,QA_VALIDATED_PBP_V22,RELIEF_OR_BULK,MLB,False
825016-605130,825016,2026-04-30,ATH,KC,H,605130,Scott Barlow,RELIEF_OR_BULK,1.0,11.0,4.0,4.0,11.0,11.0,4.0,4.0,False,False,21,4,3,0,0,0,1,0,0,,,,,,,,https://github.com/geo2343/depuracion-mlb-kernel/blob/main/runtime/hbm26_v22_sheet01_0430.csv,QA_VALIDATED_PBP_V22,RELIEF_OR_BULK,MLB,False
825016-656638,825016,2026-04-30,KC,ATH,A,656638,Alex Lange,RELIEF_OR_BULK,0.0,15.0,4.0,3.0,15.0,15.0,4.0,4.0,True,False,5,3,3,0,0,0,0,0,0,,,,,,,,https://github.com/geo2343/depuracion-mlb-kernel/blob/main/runtime/hbm26_v22_sheet01_0430.csv,QA_VALIDATED_PBP_V22,RELIEF_OR_BULK,MLB,False
825016-665622,825016,2026-04-30,ATH,KC,H,665622,Luis Medina,RELIEF_OR_BULK,5.0,12.0,3.0,3.0,0.0,0.0,0.0,0.0,False,False,52,13,8,0,0,3,2,1,0,,,,,,,,https://github.com/geo2343/depuracion-mlb-kernel/blob/main/runtime/hbm26_v22_sheet01_0430.csv,QA_VALIDATED_PBP_V22,RELIEF_OR_BULK,MLB,False
825016-669620,825016,2026-04-30,ATH,KC,H,669620,Brady Basso,RELIEF_OR_BULK,7.0,6.0,3.0,2.0,0.0,0.0,0.0,0.0,False,False,12,5,4,1,1,1,0,0,1,,,,,,,,https://github.com/geo2343/depuracion-mlb-kernel/blob/main/runtime/hbm26_v22_sheet01_0430.csv,QA_VALIDATED_PBP_V22,RELIEF_OR_BULK,MLB,False
825016-670167,825016,2026-04-30,KC,ATH,A,670167,John Schreiber,RELIEF_OR_BULK,1.0,13.0,2.0,3.0,13.0,13.0,2.0,2.0,False,False,20,7,5,1,1,2,1,0,0,,,,,,,,https://github.com/geo2343/depuracion-mlb-kernel/blob/main/runtime/hbm26_v22_sheet01_0430.csv,QA_VALIDATED_PBP_V22,RELIEF_OR_BULK,MLB,False
825016-678022,825016,2026-04-30,ATH,KC,H,678022,Jack Perkins,RELIEF_OR_BULK,1.0,12.0,3.0,3.0,12.0,12.0,3.0,3.0,False,False,16,4,3,0,0,1,0,1,0,,,,,,,,https://github.com/geo2343/depuracion-mlb-kernel/blob/main/runtime/hbm26_v22_sheet01_0430.csv,QA_VALIDATED_PBP_V22,RELIEF_OR_BULK,MLB,False
823471-621237,823471,2026-04-30,PHI,SF,H,621237,José Alvarado,RELIEF_OR_BULK,4.0,17.0,4.0,4.0,0.0,0.0,0.0,0.0,False,False,17,5,2,0,0,2,1,1,0,,,,,,,,https://github.com/geo2343/depuracion-mlb-kernel/blob/main/runtime/hbm26_v22_sheet01_0430.csv,QA_VALIDATED_PBP_V22,RELIEF_OR_BULK,MLB,False
823471-621366,823471,2026-04-30,SF,PHI,A,621366,Ryan Borucki,RELIEF_OR_BULK,5.0,24.0,5.0,3.0,0.0,0.0,0.0,0.0,False,False,16,4,1,1,1,2,1,0,0,,,,,,,,https://github.com/geo2343/depuracion-mlb-kernel/blob/main/runtime/hbm26_v22_sheet01_0430.csv,QA_VALIDATED_PBP_V22,RELIEF_OR_BULK,MLB,False
823471-641745,823471,2026-04-30,PHI,SF,H,641745,Brad Keller,RELIEF_OR_BULK,4.0,16.0,4.0,4.0,0.0,0.0,0.0,0.0,False,False,20,4,3,1,1,0,0,3,0,,,,,,,,https://github.com/geo2343/depuracion-mlb-kernel/blob/main/runtime/hbm26_v22_sheet01_0430.csv,QA_VALIDATED_PBP_V22,RELIEF_OR_BULK,MLB,False
823471-657424,823471,2026-04-30,SF,PHI,A,657424,Matt Gage,RELIEF_OR_BULK,1.0,20.0,5.0,3.0,20.0,20.0,5.0,5.0,False,False,3,2,2,1,0,0,0,0,0,,,,,,,,https://github.com/geo2343/depuracion-mlb-kernel/blob/main/runtime/hbm26_v22_sheet01_0430.csv,QA_VALIDATED_PBP_V22,RELIEF_OR_BULK,MLB,False
823471-663767,823471,2026-04-30,PHI,SF,H,663767,Chase Shugart,RELIEF_OR_BULK,,4.0,1.0,1.0,4.0,4.0,1.0,1.0,False,False,16,4,3,0,0,1,0,1,0,,,,,,,,https://github.com/geo2343/depuracion-mlb-kernel/blob/main/runtime/hbm26_v22_sheet01_0430.csv,QA_VALIDATED_PBP_V22,RELIEF_OR_BULK,MLB,True
823471-668873,823471,2026-04-30,SF,PHI,A,668873,Caleb Kilian,RELIEF_OR_BULK,5.0,18.0,5.0,3.0,0.0,0.0,0.0,0.0,False,False,22,7,6,0,0,1,0,2,0,,,,,,,,https://github.com/geo2343/depuracion-mlb-kernel/blob/main/runtime/hbm26_v22_sheet01_0430.csv,QA_VALIDATED_PBP_V22,RELIEF_OR_BULK,MLB,False
823471-670950,823471,2026-04-30,PHI,SF,H,670950,Trevor Richards,RELIEF_OR_BULK,,,,,,,,,,,45,11,7,1,1,3,1,3,0,,,,,,,,https://github.com/geo2343/depuracion-mlb-kernel/blob/main/runtime/hbm26_v22_sheet01_0430.csv,QA_VALIDATED_PBP_V22,,,
823471-676510,823471,2026-04-30,PHI,SF,H,676510,Nolan Hoffman,RELIEF_OR_BULK,3.0,15.0,4.0,4.0,0.0,0.0,0.0,0.0,False,False,40,11,6,1,1,4,1,1,0,,,,,,,,https://github.com/geo2343/depuracion-mlb-kernel/blob/main/runtime/hbm26_v22_sheet01_0430.csv,QA_VALIDATED_PBP_V22,RELIEF_OR_BULK,MLB,False
823471-676775,823471,2026-04-30,SF,PHI,A,676775,Keaton Winn,RELIEF_OR_BULK,4.0,11.0,3.0,3.0,0.0,0.0,0.0,0.0,False,False,39,10,6,1,1,2,3,0,0,,,,,,,,https://github.com/geo2343/depuracion-mlb-kernel/blob/main/runtime/hbm26_v22_sheet01_0430.csv,QA_VALIDATED_PBP_V22,RELIEF_OR_BULK,MLB,False
823471-680742,823471,2026-04-30,PHI,SF,H,680742,Jonathan Bowlan,RELIEF_OR_BULK,17.0,18.0,4.0,2.0,0.0,0.0,0.0,0.0,False,False,22,5,3,2,2,1,1,1,0,,,,,,,,https://github.com/geo2343/depuracion-mlb-kernel/blob/main/runtime/hbm26_v22_sheet01_0430.csv,QA_VALIDATED_PBP_V22,RELIEF_OR_BULK,MLB,False
823714-573009,823714,2026-04-30,TOR,MIN,A,573009,Joe Mantiply,RELIEF_OR_BULK,0.0,10.0,3.0,1.0,10.0,22.0,3.0,7.0,True,False,5,2,2,0,0,0,0,0,0,,,,,,,,https://github.com/geo2343/depuracion-mlb-kernel/blob/main/runtime/hbm26_v22_sheet01_0430.csv,QA_VALIDATED_PBP_V22,RELIEF_OR_BULK,MLB,False
823714-607455,823714,2026-04-30,MIN,TOR,H,607455,Anthony Banda,RELIEF_OR_BULK,0.0,22.0,4.0,3.0,22.0,22.0,4.0,4.0,True,False,14,3,2,0,0,1,0,0,0,,,,,,,,https://github.com/geo2343/depuracion-mlb-kernel/blob/main/runtime/hbm26_v22_sheet01_0430.csv,QA_VALIDATED_PBP_V22,RELIEF_OR_BULK,MLB,False
823714-623437,823714,2026-04-30,MIN,TOR,H,623437,Justin Topa,RELIEF_OR_BULK,3.0,10.0,4.0,3.0,0.0,0.0,0.0,0.0,False,False,12,3,3,0,0,0,1,0,0,,,,,,,,https://github.com/geo2343/depuracion-mlb-kernel/blob/main/runtime/hbm26_v22_sheet01_0430.csv,QA_VALIDATED_PBP_V22,RELIEF_OR_BULK,MLB,False
823714-667297,823714,2026-04-30,TOR,MIN,A,667297,Tommy Nance,RELIEF_OR_BULK,0.0,7.0,3.0,2.0,7.0,23.0,3.0,7.0,True,False,18,4,4,0,0,0,0,3,0,,,,,,,,https://github.com/geo2343/depuracion-mlb-kernel/blob/main/runtime/hbm26_v22_sheet01_0430.csv,QA_VALIDATED_PBP_V22,RELIEF_OR_BULK,MLB,False
823714-689254,823714,2026-04-30,TOR,MIN,A,689254,Mason Fluharty,RELIEF_OR_BULK,1.0,13.0,3.0,2.0,13.0,13.0,3.0,3.0,False,False,27,6,1,3,3,3,2,1,0,,,,,,,,https://github.com/geo2343/depuracion-mlb-kernel/blob/main/runtime/hbm26_v22_sheet01_0430.csv,QA_VALIDATED_PBP_V22,RELIEF_OR_BULK,MLB,False
823714-702193,823714,2026-04-30,MIN,TOR,H,702193,Andrew Morris,RELIEF_OR_BULK,2.0,40.0,13.0,9.0,0.0,40.0,0.0,13.0,False,False,19,5,4,0,0,1,0,0,0,,,,,,,,https://github.com/geo2343/depuracion-mlb-kernel/blob/main/runtime/hbm26_v22_sheet01_0430.csv,QA_VALIDATED_PBP_V22,RELIEF_OR_BULK,MLB,False
