RELIEVER_APPEARANCE_ID,GAME_PK,FECHA,TEAM,OPP,HOME_AWAY,MLBAM_ID,PITCHER,ROLE,DAYS_REST,PREV_PITCHES,PREV_BF,PREV_OUTS,PITCHES_2D,PITCHES_3D,BF_2D,BF_3D,B2B,THREE_DAYS_3,CURRENT_PITCHES,CURRENT_BF,CURRENT_OUTS,R,ER,H,BB,K,HR,SOURCE_URL,QA_STATUS,PREV_ROLE,PREV_APPEARANCE_LEVEL,SAME_DAY_REPEAT,PITCHER_CLASS,PRIMARY_POSITION,PBP_SOURCE,BOXSCORE_SOURCE,PITCH_COUNT_MATCH,ENTRY_INNING,ENTRY_HALF,FIRST_PLAY_INDEX,LAST_PLAY_INDEX
823244-656234,823244,2026-03-25,NYY,SF,A,656234,Jake Bird,RELIEF_OR_BULK,,,,,0,0,0,0,False,False,7,2,2,0,0,0,0,1,0,https://raw.githubusercontent.com/lancebroz/mlb-pitcher-data/main/data/raw/2026/daily/2026-03-25.parquet,QA_VALIDATED_CANONICAL_V2,,,False,BULLPEN_PITCHER,P,https://raw.githubusercontent.com/lancebroz/mlb-pitcher-data/main/data/raw/2026/daily/2026-03-25.parquet,https://statsapi.mlb.com/api/v1.1/game/823244/feed/live,True,7,Bot,57,58
823244-664141,823244,2026-03-25,SF,NYY,H,664141,JT Brubaker,RELIEF_OR_BULK,,,,,0,0,0,0,False,False,22,7,6,0,0,1,1,2,0,https://raw.githubusercontent.com/lancebroz/mlb-pitcher-data/main/data/raw/2026/daily/2026-03-25.parquet,QA_VALIDATED_CANONICAL_V2,,,False,BULLPEN_PITCHER,P,https://raw.githubusercontent.com/lancebroz/mlb-pitcher-data/main/data/raw/2026/daily/2026-03-25.parquet,https://statsapi.mlb.com/api/v1.1/game/823244/feed/live,True,7,Top,52,61
823244-666808,823244,2026-03-25,NYY,SF,A,666808,Camilo Doval,RELIEF_OR_BULK,,,,,0,0,0,0,False,False,13,4,3,0,0,0,0,0,0,https://raw.githubusercontent.com/lancebroz/mlb-pitcher-data/main/data/raw/2026/daily/2026-03-25.parquet,QA_VALIDATED_CANONICAL_V2,,,False,BULLPEN_PITCHER,P,https://raw.githubusercontent.com/lancebroz/mlb-pitcher-data/main/data/raw/2026/daily/2026-03-25.parquet,https://statsapi.mlb.com/api/v1.1/game/823244/feed/live,True,9,Bot,70,73
823244-668873,823244,2026-03-25,SF,NYY,H,668873,Caleb Kilian,RELIEF_OR_BULK,,,,,0,0,0,0,False,False,10,3,3,0,0,0,0,1,0,https://raw.githubusercontent.com/lancebroz/mlb-pitcher-data/main/data/raw/2026/daily/2026-03-25.parquet,QA_VALIDATED_CANONICAL_V2,,,False,BULLPEN_PITCHER,P,https://raw.githubusercontent.com/lancebroz/mlb-pitcher-data/main/data/raw/2026/daily/2026-03-25.parquet,https://statsapi.mlb.com/api/v1.1/game/823244/feed/live,True,9,Top,67,69
823244-676775,823244,2026-03-25,SF,NYY,H,676775,Keaton Winn,RELIEF_OR_BULK,,,,,0,0,0,0,False,False,19,4,3,0,0,0,1,2,0,https://raw.githubusercontent.com/lancebroz/mlb-pitcher-data/main/data/raw/2026/daily/2026-03-25.parquet,QA_VALIDATED_CANONICAL_V2,,,False,BULLPEN_PITCHER,P,https://raw.githubusercontent.com/lancebroz/mlb-pitcher-data/main/data/raw/2026/daily/2026-03-25.parquet,https://statsapi.mlb.com/api/v1.1/game/823244/feed/live,True,6,Top,45,48
823244-687396,823244,2026-03-25,NYY,SF,A,687396,Brent Headrick,RELIEF_OR_BULK,,,,,0,0,0,0,False,False,15,5,3,0,0,1,1,1,0,https://raw.githubusercontent.com/lancebroz/mlb-pitcher-data/main/data/raw/2026/daily/2026-03-25.parquet,QA_VALIDATED_CANONICAL_V2,,,False,BULLPEN_PITCHER,P,https://raw.githubusercontent.com/lancebroz/mlb-pitcher-data/main/data/raw/2026/daily/2026-03-25.parquet,https://statsapi.mlb.com/api/v1.1/game/823244/feed/live,True,8,Bot,62,66
823649-472610,823649,2026-03-26,NYM,PIT,H,472610,Luis García,RELIEF_OR_BULK,,,,,0,0,0,0,False,False,20,6,3,2,2,3,0,2,0,https://raw.githubusercontent.com/lancebroz/mlb-pitcher-data/main/data/raw/2026/daily/2026-03-26.parquet,QA_VALIDATED_CANONICAL_V2,,,False,BULLPEN_PITCHER,P,https://raw.githubusercontent.com/lancebroz/mlb-pitcher-data/main/data/raw/2026/daily/2026-03-26.parquet,https://statsapi.mlb.com/api/v1.1/game/823649/feed/live,True,9,Top,76,81
823649-642397,823649,2026-03-26,PIT,NYM,A,642397,Gregory Soto,RELIEF_OR_BULK,,,,,0,0,0,0,False,False,8,3,3,0,0,0,0,2,0,https://raw.githubusercontent.com/lancebroz/mlb-pitcher-data/main/data/raw/2026/daily/2026-03-26.parquet,QA_VALIDATED_CANONICAL_V2,,,False,BULLPEN_PITCHER,P,https://raw.githubusercontent.com/lancebroz/mlb-pitcher-data/main/data/raw/2026/daily/2026-03-26.parquet,https://statsapi.mlb.com/api/v1.1/game/823649/feed/live,True,7,Bot,66,68
823649-642701,823649,2026-03-26,PIT,NYM,A,642701,Dennis Santana,RELIEF_OR_BULK,,,,,0,0,0,0,False,False,18,4,3,0,0,0,1,1,0,https://raw.githubusercontent.com/lancebroz/mlb-pitcher-data/main/data/raw/2026/daily/2026-03-26.parquet,QA_VALIDATED_CANONICAL_V2,,,False,BULLPEN_PITCHER,P,https://raw.githubusercontent.com/lancebroz/mlb-pitcher-data/main/data/raw/2026/daily/2026-03-26.parquet,https://statsapi.mlb.com/api/v1.1/game/823649/feed/live,True,8,Bot,72,75
823649-664875,823649,2026-03-26,PIT,NYM,A,664875,Justin Lawrence,RELIEF_OR_BULK,,,,,0,0,0,0,False,False,14,5,3,2,2,2,0,0,2,https://raw.githubusercontent.com/lancebroz/mlb-pitcher-data/main/data/raw/2026/daily/2026-03-26.parquet,QA_VALIDATED_CANONICAL_V2,,,False,BULLPEN_PITCHER,P,https://raw.githubusercontent.com/lancebroz/mlb-pitcher-data/main/data/raw/2026/daily/2026-03-26.parquet,https://statsapi.mlb.com/api/v1.1/game/823649/feed/live,True,6,Bot,58,62
823649-668964,823649,2026-03-26,NYM,PIT,H,668964,Tobias Myers,RELIEF_OR_BULK,,,,,0,0,0,0,False,False,39,10,9,1,1,1,0,1,1,https://raw.githubusercontent.com/lancebroz/mlb-pitcher-data/main/data/raw/2026/daily/2026-03-26.parquet,QA_VALIDATED_CANONICAL_V2,,,False,BULLPEN_PITCHER,P,https://raw.githubusercontent.com/lancebroz/mlb-pitcher-data/main/data/raw/2026/daily/2026-03-26.parquet,https://statsapi.mlb.com/api/v1.1/game/823649/feed/live,True,6,Top,54,71
823649-670990,823649,2026-03-26,PIT,NYM,A,670990,Yohan Ramírez,RELIEF_OR_BULK,,,,,0,0,0,0,False,False,37,9,7,0,0,1,1,3,0,https://raw.githubusercontent.com/lancebroz/mlb-pitcher-data/main/data/raw/2026/daily/2026-03-26.parquet,QA_VALIDATED_CANONICAL_V2,,,False,BULLPEN_PITCHER,P,https://raw.githubusercontent.com/lancebroz/mlb-pitcher-data/main/data/raw/2026/daily/2026-03-26.parquet,https://statsapi.mlb.com/api/v1.1/game/823649/feed/live,True,1,Bot,14,30
823649-676755,823649,2026-03-26,PIT,NYM,A,676755,Isaac Mattson,RELIEF_OR_BULK,,,,,0,0,0,0,False,False,36,7,2,2,2,3,2,1,0,https://raw.githubusercontent.com/lancebroz/mlb-pitcher-data/main/data/raw/2026/daily/2026-03-26.parquet,QA_VALIDATED_CANONICAL_V2,,,False,BULLPEN_PITCHER,P,https://raw.githubusercontent.com/lancebroz/mlb-pitcher-data/main/data/raw/2026/daily/2026-03-26.parquet,https://statsapi.mlb.com/api/v1.1/game/823649/feed/live,True,5,Bot,47,53
823649-682254,823649,2026-03-26,PIT,NYM,A,682254,Mason Montgomery,RELIEF_OR_BULK,,,,,0,0,0,0,False,False,42,8,4,2,2,1,3,2,0,https://raw.githubusercontent.com/lancebroz/mlb-pitcher-data/main/data/raw/2026/daily/2026-03-26.parquet,QA_VALIDATED_CANONICAL_V2,,,False,BULLPEN_PITCHER,P,https://raw.githubusercontent.com/lancebroz/mlb-pitcher-data/main/data/raw/2026/daily/2026-03-26.parquet,https://statsapi.mlb.com/api/v1.1/game/823649/feed/live,True,4,Bot,34,46
823812-656457,823812,2026-03-26,CWS,MIL,A,656457,Tyler Gilbert,RELIEF_OR_BULK,,,,,0,0,0,0,False,False,18,6,3,2,2,2,1,0,1,https://raw.githubusercontent.com/lancebroz/mlb-pitcher-data/main/data/raw/2026/daily/2026-03-26.parquet,QA_VALIDATED_CANONICAL_V2,,,False,BULLPEN_PITCHER,P,https://raw.githubusercontent.com/lancebroz/mlb-pitcher-data/main/data/raw/2026/daily/2026-03-26.parquet,https://statsapi.mlb.com/api/v1.1/game/823812/feed/live,True,5,Bot,41,46
823812-656794,823812,2026-03-26,CWS,MIL,A,656794,Sean Newcomb,RELIEF_OR_BULK,,,,,0,0,0,0,False,False,33,10,7,2,2,3,1,1,0,https://raw.githubusercontent.com/lancebroz/mlb-pitcher-data/main/data/raw/2026/daily/2026-03-26.parquet,QA_VALIDATED_CANONICAL_V2,,,False,BULLPEN_PITCHER,P,https://raw.githubusercontent.com/lancebroz/mlb-pitcher-data/main/data/raw/2026/daily/2026-03-26.parquet,https://statsapi.mlb.com/api/v1.1/game/823812/feed/live,True,2,Bot,19,37
823812-663765,823812,2026-03-26,MIL,CWS,H,663765,Jake Woodford,RELIEF_OR_BULK,,,,,0,0,0,0,False,False,16,4,3,1,1,1,0,3,1,https://raw.githubusercontent.com/lancebroz/mlb-pitcher-data/main/data/raw/2026/daily/2026-03-26.parquet,QA_VALIDATED_CANONICAL_V2,,,False,BULLPEN_PITCHER,P,https://raw.githubusercontent.com/lancebroz/mlb-pitcher-data/main/data/raw/2026/daily/2026-03-26.parquet,https://statsapi.mlb.com/api/v1.1/game/823812/feed/live,True,9,Top,77,80
823812-663855,823812,2026-03-26,CWS,MIL,A,663855,Jordan Hicks,RELIEF_OR_BULK,,,,,0,0,0,0,False,False,34,7,2,3,3,2,4,0,0,https://raw.githubusercontent.com/lancebroz/mlb-pitcher-data/main/data/raw/2026/daily/2026-03-26.parquet,QA_VALIDATED_CANONICAL_V2,,,False,BULLPEN_PITCHER,P,https://raw.githubusercontent.com/lancebroz/mlb-pitcher-data/main/data/raw/2026/daily/2026-03-26.parquet,https://statsapi.mlb.com/api/v1.1/game/823812/feed/live,True,6,Bot,50,56
823812-669084,823812,2026-03-26,MIL,CWS,H,669084,DL Hall,RELIEF_OR_BULK,,,,,0,0,0,0,False,False,27,6,3,0,0,1,2,3,0,https://raw.githubusercontent.com/lancebroz/mlb-pitcher-data/main/data/raw/2026/daily/2026-03-26.parquet,QA_VALIDATED_CANONICAL_V2,,,False,BULLPEN_PITCHER,P,https://raw.githubusercontent.com/lancebroz/mlb-pitcher-data/main/data/raw/2026/daily/2026-03-26.parquet,https://statsapi.mlb.com/api/v1.1/game/823812/feed/live,True,8,Top,68,73
823812-673929,823812,2026-03-26,CWS,MIL,A,673929,Jordan Leasure,RELIEF_OR_BULK,,,,,0,0,0,0,False,False,11,3,3,0,0,0,0,0,0,https://raw.githubusercontent.com/lancebroz/mlb-pitcher-data/main/data/raw/2026/daily/2026-03-26.parquet,QA_VALIDATED_CANONICAL_V2,,,False,BULLPEN_PITCHER,P,https://raw.githubusercontent.com/lancebroz/mlb-pitcher-data/main/data/raw/2026/daily/2026-03-26.parquet,https://statsapi.mlb.com/api/v1.1/game/823812/feed/live,True,8,Bot,74,76
823812-676879,823812,2026-03-26,MIL,CWS,H,676879,Aaron Ashby,RELIEF_OR_BULK,,,,,0,0,0,0,False,False,11,3,3,0,0,0,0,2,0,https://raw.githubusercontent.com/lancebroz/mlb-pitcher-data/main/data/raw/2026/daily/2026-03-26.parquet,QA_VALIDATED_CANONICAL_V2,,,False,BULLPEN_PITCHER,P,https://raw.githubusercontent.com/lancebroz/mlb-pitcher-data/main/data/raw/2026/daily/2026-03-26.parquet,https://statsapi.mlb.com/api/v1.1/game/823812/feed/live,True,6,Top,47,49
823812-681982,823812,2026-03-26,MIL,CWS,H,681982,Grant Anderson,RELIEF_OR_BULK,,,,,0,0,0,0,False,False,7,3,3,0,0,0,0,1,0,https://raw.githubusercontent.com/lancebroz/mlb-pitcher-data/main/data/raw/2026/daily/2026-03-26.parquet,QA_VALIDATED_CANONICAL_V2,,,False,BULLPEN_PITCHER,P,https://raw.githubusercontent.com/lancebroz/mlb-pitcher-data/main/data/raw/2026/daily/2026-03-26.parquet,https://statsapi.mlb.com/api/v1.1/game/823812/feed/live,True,7,Top,59,61
823812-699151,823812,2026-03-26,CWS,MIL,A,699151,Jedixson Paez,RELIEF_OR_BULK,,,,,0,0,0,0,False,False,36,8,4,3,3,2,2,0,1,https://raw.githubusercontent.com/lancebroz/mlb-pitcher-data/main/data/raw/2026/daily/2026-03-26.parquet,QA_VALIDATED_CANONICAL_V2,,,False,BULLPEN_PITCHER,P,https://raw.githubusercontent.com/lancebroz/mlb-pitcher-data/main/data/raw/2026/daily/2026-03-26.parquet,https://statsapi.mlb.com/api/v1.1/game/823812/feed/live,True,6,Bot,57,67
824704-571948,824704,2026-03-26,CHC,WSH,H,571948,Hoby Milner,RELIEF_OR_BULK,,,,,0,0,0,0,False,False,11,5,3,0,0,1,0,0,0,https://raw.githubusercontent.com/lancebroz/mlb-pitcher-data/main/data/raw/2026/daily/2026-03-26.parquet,QA_VALIDATED_CANONICAL_V2,,,False,BULLPEN_PITCHER,P,https://raw.githubusercontent.com/lancebroz/mlb-pitcher-data/main/data/raw/2026/daily/2026-03-26.parquet,https://statsapi.mlb.com/api/v1.1/game/824704/feed/live,True,8,Top,62,66
824704-657097,824704,2026-03-26,CHC,WSH,H,657097,Jacob Webb,RELIEF_OR_BULK,,,,,0,0,0,0,False,False,15,5,3,2,0,1,0,2,1,https://raw.githubusercontent.com/lancebroz/mlb-pitcher-data/main/data/raw/2026/daily/2026-03-26.parquet,QA_VALIDATED_CANONICAL_V2,,,False,BULLPEN_PITCHER,P,https://raw.githubusercontent.com/lancebroz/mlb-pitcher-data/main/data/raw/2026/daily/2026-03-26.parquet,https://statsapi.mlb.com/api/v1.1/game/824704/feed/live,True,9,Top,72,76
824704-672335,824704,2026-03-26,WSH,CHC,A,672335,Cionel Pérez,RELIEF_OR_BULK,,,,,0,0,0,0,False,False,12,3,3,0,0,0,0,2,0,https://raw.githubusercontent.com/lancebroz/mlb-pitcher-data/main/data/raw/2026/daily/2026-03-26.parquet,QA_VALIDATED_CANONICAL_V2,,,False,BULLPEN_PITCHER,P,https://raw.githubusercontent.com/lancebroz/mlb-pitcher-data/main/data/raw/2026/daily/2026-03-26.parquet,https://statsapi.mlb.com/api/v1.1/game/824704/feed/live,True,9,Bot,77,79
824704-676571,824704,2026-03-26,WSH,CHC,A,676571,PJ Poulin,RELIEF_OR_BULK,,,,,0,0,0,0,False,False,24,5,3,0,0,1,1,0,0,https://raw.githubusercontent.com/lancebroz/mlb-pitcher-data/main/data/raw/2026/daily/2026-03-26.parquet,QA_VALIDATED_CANONICAL_V2,,,False,BULLPEN_PITCHER,P,https://raw.githubusercontent.com/lancebroz/mlb-pitcher-data/main/data/raw/2026/daily/2026-03-26.parquet,https://statsapi.mlb.com/api/v1.1/game/824704/feed/live,True,4,Bot,36,44
824704-676962,824704,2026-03-26,CHC,WSH,H,676962,Ben Brown,RELIEF_OR_BULK,,,,,0,0,0,0,False,False,49,13,10,2,2,3,1,3,1,https://raw.githubusercontent.com/lancebroz/mlb-pitcher-data/main/data/raw/2026/daily/2026-03-26.parquet,QA_VALIDATED_CANONICAL_V2,,,False,BULLPEN_PITCHER,P,https://raw.githubusercontent.com/lancebroz/mlb-pitcher-data/main/data/raw/2026/daily/2026-03-26.parquet,https://statsapi.mlb.com/api/v1.1/game/824704/feed/live,True,4,Top,30,56
824704-690925,824704,2026-03-26,WSH,CHC,A,690925,Clayton Beeter,RELIEF_OR_BULK,,,,,0,0,0,0,False,False,24,5,3,0,0,0,2,1,0,https://raw.githubusercontent.com/lancebroz/mlb-pitcher-data/main/data/raw/2026/daily/2026-03-26.parquet,QA_VALIDATED_CANONICAL_V2,,,False,BULLPEN_PITCHER,P,https://raw.githubusercontent.com/lancebroz/mlb-pitcher-data/main/data/raw/2026/daily/2026-03-26.parquet,https://statsapi.mlb.com/api/v1.1/game/824704/feed/live,True,8,Bot,67,71
824704-695418,824704,2026-03-26,WSH,CHC,A,695418,Brad Lord,RELIEF_OR_BULK,,,,,0,0,0,0,False,False,47,10,7,1,1,4,0,1,0,https://raw.githubusercontent.com/lancebroz/mlb-pitcher-data/main/data/raw/2026/daily/2026-03-26.parquet,QA_VALIDATED_CANONICAL_V2,,,False,BULLPEN_PITCHER,P,https://raw.githubusercontent.com/lancebroz/mlb-pitcher-data/main/data/raw/2026/daily/2026-03-26.parquet,https://statsapi.mlb.com/api/v1.1/game/824704/feed/live,True,5,Bot,45,61
824865-573124,824865,2026-03-26,MIN,BAL,A,573124,Taylor Rogers,RELIEF_OR_BULK,,,,,0,0,0,0,False,False,10,4,3,0,0,1,0,1,0,https://raw.githubusercontent.com/lancebroz/mlb-pitcher-data/main/data/raw/2026/daily/2026-03-26.parquet,QA_VALIDATED_CANONICAL_V2,,,False,BULLPEN_PITCHER,P,https://raw.githubusercontent.com/lancebroz/mlb-pitcher-data/main/data/raw/2026/daily/2026-03-26.parquet,https://statsapi.mlb.com/api/v1.1/game/824865/feed/live,True,8,Bot,59,62
824865-623437,824865,2026-03-26,MIN,BAL,A,623437,Justin Topa,RELIEF_OR_BULK,,,,,0,0,0,0,False,False,18,5,3,1,1,2,0,0,0,https://raw.githubusercontent.com/lancebroz/mlb-pitcher-data/main/data/raw/2026/daily/2026-03-26.parquet,QA_VALIDATED_CANONICAL_V2,,,False,BULLPEN_PITCHER,P,https://raw.githubusercontent.com/lancebroz/mlb-pitcher-data/main/data/raw/2026/daily/2026-03-26.parquet,https://statsapi.mlb.com/api/v1.1/game/824865/feed/live,True,7,Bot,50,54
824865-664854,824865,2026-03-26,BAL,MIN,H,664854,Ryan Helsley,RELIEF_OR_BULK,,,,,0,0,0,0,False,False,19,4,3,0,0,1,0,3,0,https://raw.githubusercontent.com/lancebroz/mlb-pitcher-data/main/data/raw/2026/daily/2026-03-26.parquet,QA_VALIDATED_CANONICAL_V2,,,False,BULLPEN_PITCHER,P,https://raw.githubusercontent.com/lancebroz/mlb-pitcher-data/main/data/raw/2026/daily/2026-03-26.parquet,https://statsapi.mlb.com/api/v1.1/game/824865/feed/live,True,9,Top,63,66
824865-669330,824865,2026-03-26,BAL,MIN,H,669330,Tyler Wells,RELIEF_OR_BULK,,,,,0,0,0,0,False,False,14,4,3,1,1,1,0,1,0,https://raw.githubusercontent.com/lancebroz/mlb-pitcher-data/main/data/raw/2026/daily/2026-03-26.parquet,QA_VALIDATED_CANONICAL_V2,,,False,BULLPEN_PITCHER,P,https://raw.githubusercontent.com/lancebroz/mlb-pitcher-data/main/data/raw/2026/daily/2026-03-26.parquet,https://statsapi.mlb.com/api/v1.1/game/824865/feed/live,True,8,Top,55,58
824865-681892,824865,2026-03-26,MIN,BAL,A,681892,Kody Funderburk,RELIEF_OR_BULK,,,,,0,0,0,0,False,False,17,4,2,1,1,1,1,0,0,https://raw.githubusercontent.com/lancebroz/mlb-pitcher-data/main/data/raw/2026/daily/2026-03-26.parquet,QA_VALIDATED_CANONICAL_V2,,,False,BULLPEN_PITCHER,P,https://raw.githubusercontent.com/lancebroz/mlb-pitcher-data/main/data/raw/2026/daily/2026-03-26.parquet,https://statsapi.mlb.com/api/v1.1/game/824865/feed/live,True,6,Bot,43,49
823325-593974,823325,2026-03-26,SD,DET,H,593974,Wandy Peralta,RELIEF_OR_BULK,,,,,0,0,0,0,False,False,15,4,3,0,0,1,0,0,0,https://raw.githubusercontent.com/lancebroz/mlb-pitcher-data/main/data/raw/2026/daily/2026-03-26.parquet,QA_VALIDATED_CANONICAL_V2,,,False,BULLPEN_PITCHER,P,https://raw.githubusercontent.com/lancebroz/mlb-pitcher-data/main/data/raw/2026/daily/2026-03-26.parquet,https://statsapi.mlb.com/api/v1.1/game/823325/feed/live,True,9,Top,72,75
823325-623454,823325,2026-03-26,DET,SD,A,623454,Drew Anderson,RELIEF_OR_BULK,,,,,0,0,0,0,False,False,36,8,4,1,1,2,2,0,1,https://raw.githubusercontent.com/lancebroz/mlb-pitcher-data/main/data/raw/2026/daily/2026-03-26.parquet,QA_VALIDATED_CANONICAL_V2,,,False,BULLPEN_PITCHER,P,https://raw.githubusercontent.com/lancebroz/mlb-pitcher-data/main/data/raw/2026/daily/2026-03-26.parquet,https://statsapi.mlb.com/api/v1.1/game/823325/feed/live,True,7,Bot,56,68
823325-663947,823325,2026-03-26,DET,SD,A,663947,Tyler Holton,RELIEF_OR_BULK,,,,,0,0,0,0,False,False,11,3,2,0,0,0,1,0,0,https://raw.githubusercontent.com/lancebroz/mlb-pitcher-data/main/data/raw/2026/daily/2026-03-26.parquet,QA_VALIDATED_CANONICAL_V2,,,False,BULLPEN_PITCHER,P,https://raw.githubusercontent.com/lancebroz/mlb-pitcher-data/main/data/raw/2026/daily/2026-03-26.parquet,https://statsapi.mlb.com/api/v1.1/game/823325/feed/live,True,8,Bot,69,71
823325-676684,823325,2026-03-26,DET,SD,A,676684,Will Vest,RELIEF_OR_BULK,,,,,0,0,0,0,False,False,7,3,3,0,0,0,0,1,0,https://raw.githubusercontent.com/lancebroz/mlb-pitcher-data/main/data/raw/2026/daily/2026-03-26.parquet,QA_VALIDATED_CANONICAL_V2,,,False,BULLPEN_PITCHER,P,https://raw.githubusercontent.com/lancebroz/mlb-pitcher-data/main/data/raw/2026/daily/2026-03-26.parquet,https://statsapi.mlb.com/api/v1.1/game/823325/feed/live,True,9,Bot,76,78
823325-676760,823325,2026-03-26,SD,DET,H,676760,Ron Marinaccio,RELIEF_OR_BULK,,,,,0,0,0,0,False,False,43,9,6,2,2,3,0,2,1,https://raw.githubusercontent.com/lancebroz/mlb-pitcher-data/main/data/raw/2026/daily/2026-03-26.parquet,QA_VALIDATED_CANONICAL_V2,,,False,BULLPEN_PITCHER,P,https://raw.githubusercontent.com/lancebroz/mlb-pitcher-data/main/data/raw/2026/daily/2026-03-26.parquet,https://statsapi.mlb.com/api/v1.1/game/823325/feed/live,True,4,Top,30,41
823325-688158,823325,2026-03-26,SD,DET,H,688158,David Morgan,RELIEF_OR_BULK,,,,,0,0,0,0,False,False,19,5,3,0,0,1,1,1,0,https://raw.githubusercontent.com/lancebroz/mlb-pitcher-data/main/data/raw/2026/daily/2026-03-26.parquet,QA_VALIDATED_CANONICAL_V2,,,False,BULLPEN_PITCHER,P,https://raw.githubusercontent.com/lancebroz/mlb-pitcher-data/main/data/raw/2026/daily/2026-03-26.parquet,https://statsapi.mlb.com/api/v1.1/game/823325/feed/live,True,8,Top,61,65
823325-699134,823325,2026-03-26,SD,DET,H,699134,Bradgley Rodriguez,RELIEF_OR_BULK,,,,,0,0,0,0,False,False,20,6,6,0,0,0,0,3,0,https://raw.githubusercontent.com/lancebroz/mlb-pitcher-data/main/data/raw/2026/daily/2026-03-26.parquet,QA_VALIDATED_CANONICAL_V2,,,False,BULLPEN_PITCHER,P,https://raw.githubusercontent.com/lancebroz/mlb-pitcher-data/main/data/raw/2026/daily/2026-03-26.parquet,https://statsapi.mlb.com/api/v1.1/game/823325/feed/live,True,6,Top,45,55
824218-519141,824218,2026-03-26,LAA,HOU,A,519141,Drew Pomeranz,RELIEF_OR_BULK,,,,,0,0,0,0,False,False,12,3,3,0,0,0,0,0,0,https://raw.githubusercontent.com/lancebroz/mlb-pitcher-data/main/data/raw/2026/daily/2026-03-26.parquet,QA_VALIDATED_CANONICAL_V2,,,False,BULLPEN_PITCHER,P,https://raw.githubusercontent.com/lancebroz/mlb-pitcher-data/main/data/raw/2026/daily/2026-03-26.parquet,https://statsapi.mlb.com/api/v1.1/game/824218/feed/live,True,8,Bot,66,68
824218-605447,824218,2026-03-26,LAA,HOU,A,605447,Jordan Romano,RELIEF_OR_BULK,,,,,0,0,0,0,False,False,12,4,3,0,0,0,1,1,0,https://raw.githubusercontent.com/lancebroz/mlb-pitcher-data/main/data/raw/2026/daily/2026-03-26.parquet,QA_VALIDATED_CANONICAL_V2,,,False,BULLPEN_PITCHER,P,https://raw.githubusercontent.com/lancebroz/mlb-pitcher-data/main/data/raw/2026/daily/2026-03-26.parquet,https://statsapi.mlb.com/api/v1.1/game/824218/feed/live,True,9,Bot,75,78
824218-681217,824218,2026-03-26,LAA,HOU,A,681217,Chase Silseth,RELIEF_OR_BULK,,,,,0,0,0,0,False,False,1,1,1,0,0,0,0,0,0,https://raw.githubusercontent.com/lancebroz/mlb-pitcher-data/main/data/raw/2026/daily/2026-03-26.parquet,QA_VALIDATED_CANONICAL_V2,,,False,BULLPEN_PITCHER,P,https://raw.githubusercontent.com/lancebroz/mlb-pitcher-data/main/data/raw/2026/daily/2026-03-26.parquet,https://statsapi.mlb.com/api/v1.1/game/824218/feed/live,True,7,Bot,59,59
824218-685005,824218,2026-03-26,HOU,LAA,H,685005,Christian Roa,RELIEF_OR_BULK,,,,,0,0,0,0,False,False,33,6,3,1,1,1,2,1,1,https://raw.githubusercontent.com/lancebroz/mlb-pitcher-data/main/data/raw/2026/daily/2026-03-26.parquet,QA_VALIDATED_CANONICAL_V2,,,False,BULLPEN_PITCHER,P,https://raw.githubusercontent.com/lancebroz/mlb-pitcher-data/main/data/raw/2026/daily/2026-03-26.parquet,https://statsapi.mlb.com/api/v1.1/game/824218/feed/live,True,9,Top,69,74
824218-687911,824218,2026-03-26,HOU,LAA,H,687911,Bryan King,RELIEF_OR_BULK,,,,,0,0,0,0,False,False,17,6,3,1,1,2,0,1,0,https://raw.githubusercontent.com/lancebroz/mlb-pitcher-data/main/data/raw/2026/daily/2026-03-26.parquet,QA_VALIDATED_CANONICAL_V2,,,False,BULLPEN_PITCHER,P,https://raw.githubusercontent.com/lancebroz/mlb-pitcher-data/main/data/raw/2026/daily/2026-03-26.parquet,https://statsapi.mlb.com/api/v1.1/game/824218/feed/live,True,8,Top,60,65
824218-700712,824218,2026-03-26,LAA,HOU,A,700712,Walbert Ureña,RELIEF_OR_BULK,,,,,0,0,0,0,False,False,14,4,2,0,0,1,1,1,0,https://raw.githubusercontent.com/lancebroz/mlb-pitcher-data/main/data/raw/2026/daily/2026-03-26.parquet,QA_VALIDATED_CANONICAL_V2,,,False,BULLPEN_PITCHER,P,https://raw.githubusercontent.com/lancebroz/mlb-pitcher-data/main/data/raw/2026/daily/2026-03-26.parquet,https://statsapi.mlb.com/api/v1.1/game/824218/feed/live,True,7,Bot,55,58
824218-805123,824218,2026-03-26,HOU,LAA,H,805123,AJ Blubaugh,RELIEF_OR_BULK,,,,,0,0,0,0,False,False,41,9,7,1,1,2,0,3,1,https://raw.githubusercontent.com/lancebroz/mlb-pitcher-data/main/data/raw/2026/daily/2026-03-26.parquet,QA_VALIDATED_CANONICAL_V2,,,False,BULLPEN_PITCHER,P,https://raw.githubusercontent.com/lancebroz/mlb-pitcher-data/main/data/raw/2026/daily/2026-03-26.parquet,https://statsapi.mlb.com/api/v1.1/game/824218/feed/live,True,5,Top,39,54
824541-547973,824541,2026-03-26,BOS,CIN,A,547973,Aroldis Chapman,RELIEF_OR_BULK,,,,,0,0,0,0,False,False,11,3,3,0,0,0,0,0,0,https://raw.githubusercontent.com/lancebroz/mlb-pitcher-data/main/data/raw/2026/daily/2026-03-26.parquet,QA_VALIDATED_CANONICAL_V2,,,False,BULLPEN_PITCHER,P,https://raw.githubusercontent.com/lancebroz/mlb-pitcher-data/main/data/raw/2026/daily/2026-03-26.parquet,https://statsapi.mlb.com/api/v1.1/game/824541/feed/live,True,9,Bot,72,74
824541-572955,824541,2026-03-26,CIN,BOS,H,572955,Pierce Johnson,RELIEF_OR_BULK,,,,,0,0,0,0,False,False,9,3,1,1,1,2,0,0,0,https://raw.githubusercontent.com/lancebroz/mlb-pitcher-data/main/data/raw/2026/daily/2026-03-26.parquet,QA_VALIDATED_CANONICAL_V2,,,False,BULLPEN_PITCHER,P,https://raw.githubusercontent.com/lancebroz/mlb-pitcher-data/main/data/raw/2026/daily/2026-03-26.parquet,https://statsapi.mlb.com/api/v1.1/game/824541/feed/live,True,7,Top,48,50
824541-594580,824541,2026-03-26,CIN,BOS,H,594580,Sam Moll,RELIEF_OR_BULK,,,,,0,0,0,0,False,False,6,3,3,0,0,0,0,1,0,https://raw.githubusercontent.com/lancebroz/mlb-pitcher-data/main/data/raw/2026/daily/2026-03-26.parquet,QA_VALIDATED_CANONICAL_V2,,,False,BULLPEN_PITCHER,P,https://raw.githubusercontent.com/lancebroz/mlb-pitcher-data/main/data/raw/2026/daily/2026-03-26.parquet,https://statsapi.mlb.com/api/v1.1/game/824541/feed/live,True,7,Top,51,57
824541-656271,824541,2026-03-26,CIN,BOS,H,656271,Brock Burke,RELIEF_OR_BULK,,,,,0,0,0,0,False,False,3,2,1,0,0,1,0,0,0,https://raw.githubusercontent.com/lancebroz/mlb-pitcher-data/main/data/raw/2026/daily/2026-03-26.parquet,QA_VALIDATED_CANONICAL_V2,,,False,BULLPEN_PITCHER,P,https://raw.githubusercontent.com/lancebroz/mlb-pitcher-data/main/data/raw/2026/daily/2026-03-26.parquet,https://statsapi.mlb.com/api/v1.1/game/824541/feed/live,True,9,Top,70,71
824541-668933,824541,2026-03-26,CIN,BOS,H,668933,Graham Ashcraft,RELIEF_OR_BULK,,,,,0,0,0,0,False,False,14,3,2,0,0,0,1,1,0,https://raw.githubusercontent.com/lancebroz/mlb-pitcher-data/main/data/raw/2026/daily/2026-03-26.parquet,QA_VALIDATED_CANONICAL_V2,,,False,BULLPEN_PITCHER,P,https://raw.githubusercontent.com/lancebroz/mlb-pitcher-data/main/data/raw/2026/daily/2026-03-26.parquet,https://statsapi.mlb.com/api/v1.1/game/824541/feed/live,True,8,Top,58,60
824541-676477,824541,2026-03-26,BOS,CIN,A,676477,Garrett Whitlock,RELIEF_OR_BULK,,,,,0,0,0,0,False,False,18,4,3,0,0,1,0,2,0,https://raw.githubusercontent.com/lancebroz/mlb-pitcher-data/main/data/raw/2026/daily/2026-03-26.parquet,QA_VALIDATED_CANONICAL_V2,,,False,BULLPEN_PITCHER,P,https://raw.githubusercontent.com/lancebroz/mlb-pitcher-data/main/data/raw/2026/daily/2026-03-26.parquet,https://statsapi.mlb.com/api/v1.1/game/824541/feed/live,True,8,Bot,61,64
824541-683175,824541,2026-03-26,CIN,BOS,H,683175,Connor Phillips,RELIEF_OR_BULK,,,,,0,0,0,0,False,False,16,5,2,2,2,2,1,1,0,https://raw.githubusercontent.com/lancebroz/mlb-pitcher-data/main/data/raw/2026/daily/2026-03-26.parquet,QA_VALIDATED_CANONICAL_V2,,,False,BULLPEN_PITCHER,P,https://raw.githubusercontent.com/lancebroz/mlb-pitcher-data/main/data/raw/2026/daily/2026-03-26.parquet,https://statsapi.mlb.com/api/v1.1/game/824541/feed/live,True,9,Top,65,69
824541-686580,824541,2026-03-26,BOS,CIN,A,686580,Justin Slaten,RELIEF_OR_BULK,,,,,0,0,0,0,False,False,17,4,3,0,0,0,1,2,0,https://raw.githubusercontent.com/lancebroz/mlb-pitcher-data/main/data/raw/2026/daily/2026-03-26.parquet,QA_VALIDATED_CANONICAL_V2,,,False,BULLPEN_PITCHER,P,https://raw.githubusercontent.com/lancebroz/mlb-pitcher-data/main/data/raw/2026/daily/2026-03-26.parquet,https://statsapi.mlb.com/api/v1.1/game/824541/feed/live,True,7,Bot,53,56
823081-592773,823081,2026-03-26,STL,TB,H,592773,Ryne Stanek,RELIEF_OR_BULK,,,,,0,0,0,0,False,False,26,6,3,0,0,0,3,1,0,https://raw.githubusercontent.com/lancebroz/mlb-pitcher-data/main/data/raw/2026/daily/2026-03-26.parquet,QA_VALIDATED_CANONICAL_V2,,,False,BULLPEN_PITCHER,P,https://raw.githubusercontent.com/lancebroz/mlb-pitcher-data/main/data/raw/2026/daily/2026-03-26.parquet,https://statsapi.mlb.com/api/v1.1/game/823081/feed/live,True,9,Top,84,89
823081-643377,823081,2026-03-26,TB,STL,A,643377,Griffin Jax,RELIEF_OR_BULK,,,,,0,0,0,0,False,False,14,3,2,1,1,1,0,0,1,https://raw.githubusercontent.com/lancebroz/mlb-pitcher-data/main/data/raw/2026/daily/2026-03-26.parquet,QA_VALIDATED_CANONICAL_V2,,,False,BULLPEN_PITCHER,P,https://raw.githubusercontent.com/lancebroz/mlb-pitcher-data/main/data/raw/2026/daily/2026-03-26.parquet,https://statsapi.mlb.com/api/v1.1/game/823081/feed/live,True,6,Bot,63,65
823081-664076,823081,2026-03-26,TB,STL,A,664076,Garrett Cleavinger,RELIEF_OR_BULK,,,,,0,0,0,0,False,False,9,3,1,2,2,2,0,0,0,https://raw.githubusercontent.com/lancebroz/mlb-pitcher-data/main/data/raw/2026/daily/2026-03-26.parquet,QA_VALIDATED_CANONICAL_V2,,,False,BULLPEN_PITCHER,P,https://raw.githubusercontent.com/lancebroz/mlb-pitcher-data/main/data/raw/2026/daily/2026-03-26.parquet,https://statsapi.mlb.com/api/v1.1/game/823081/feed/live,True,6,Bot,60,62
823081-668941,823081,2026-03-26,STL,TB,H,668941,JoJo Romero,RELIEF_OR_BULK,,,,,0,0,0,0,False,False,9,4,2,0,0,2,0,0,0,https://raw.githubusercontent.com/lancebroz/mlb-pitcher-data/main/data/raw/2026/daily/2026-03-26.parquet,QA_VALIDATED_CANONICAL_V2,,,False,BULLPEN_PITCHER,P,https://raw.githubusercontent.com/lancebroz/mlb-pitcher-data/main/data/raw/2026/daily/2026-03-26.parquet,https://statsapi.mlb.com/api/v1.1/game/823081/feed/live,True,7,Top,66,69
823081-672782,823081,2026-03-26,TB,STL,A,672782,Yoendrys Gómez,RELIEF_OR_BULK,,,,,0,0,0,0,False,False,28,9,6,0,0,2,1,1,0,https://raw.githubusercontent.com/lancebroz/mlb-pitcher-data/main/data/raw/2026/daily/2026-03-26.parquet,QA_VALIDATED_CANONICAL_V2,,,False,BULLPEN_PITCHER,P,https://raw.githubusercontent.com/lancebroz/mlb-pitcher-data/main/data/raw/2026/daily/2026-03-26.parquet,https://statsapi.mlb.com/api/v1.1/game/823081/feed/live,True,7,Bot,71,83
823081-676617,823081,2026-03-26,STL,TB,H,676617,Riley O'Brien,RELIEF_OR_BULK,,,,,0,0,0,0,False,False,17,5,4,0,0,1,0,2,0,https://raw.githubusercontent.com/lancebroz/mlb-pitcher-data/main/data/raw/2026/daily/2026-03-26.parquet,QA_VALIDATED_CANONICAL_V2,,,False,BULLPEN_PITCHER,P,https://raw.githubusercontent.com/lancebroz/mlb-pitcher-data/main/data/raw/2026/daily/2026-03-26.parquet,https://statsapi.mlb.com/api/v1.1/game/823081/feed/live,True,7,Top,70,78
823081-677865,823081,2026-03-26,STL,TB,H,677865,Justin Bruihl,RELIEF_OR_BULK,,,,,0,0,0,0,False,False,9,3,1,2,2,1,1,0,0,https://raw.githubusercontent.com/lancebroz/mlb-pitcher-data/main/data/raw/2026/daily/2026-03-26.parquet,QA_VALIDATED_CANONICAL_V2,,,False,BULLPEN_PITCHER,P,https://raw.githubusercontent.com/lancebroz/mlb-pitcher-data/main/data/raw/2026/daily/2026-03-26.parquet,https://statsapi.mlb.com/api/v1.1/game/823081/feed/live,True,6,Top,48,50
823081-688297,823081,2026-03-26,STL,TB,H,688297,Chris Roycroft,RELIEF_OR_BULK,,,,,0,0,0,0,False,False,13,4,1,1,1,3,0,0,0,https://raw.githubusercontent.com/lancebroz/mlb-pitcher-data/main/data/raw/2026/daily/2026-03-26.parquet,QA_VALIDATED_CANONICAL_V2,,,False,BULLPEN_PITCHER,P,https://raw.githubusercontent.com/lancebroz/mlb-pitcher-data/main/data/raw/2026/daily/2026-03-26.parquet,https://statsapi.mlb.com/api/v1.1/game/823081/feed/live,True,6,Top,51,54
823081-693855,823081,2026-03-26,TB,STL,A,693855,Ian Seymour,RELIEF_OR_BULK,,,,,0,0,0,0,False,False,21,5,0,5,5,5,0,0,0,https://raw.githubusercontent.com/lancebroz/mlb-pitcher-data/main/data/raw/2026/daily/2026-03-26.parquet,QA_VALIDATED_CANONICAL_V2,,,False,BULLPEN_PITCHER,P,https://raw.githubusercontent.com/lancebroz/mlb-pitcher-data/main/data/raw/2026/daily/2026-03-26.parquet,https://statsapi.mlb.com/api/v1.1/game/823081/feed/live,True,6,Bot,55,59
823081-694335,823081,2026-03-26,STL,TB,H,694335,Matt Svanson,RELIEF_OR_BULK,,,,,0,0,0,0,False,False,16,4,1,3,3,3,0,0,0,https://raw.githubusercontent.com/lancebroz/mlb-pitcher-data/main/data/raw/2026/daily/2026-03-26.parquet,QA_VALIDATED_CANONICAL_V2,,,False,BULLPEN_PITCHER,P,https://raw.githubusercontent.com/lancebroz/mlb-pitcher-data/main/data/raw/2026/daily/2026-03-26.parquet,https://statsapi.mlb.com/api/v1.1/game/823081/feed/live,True,6,Top,44,47
823486-641302,823486,2026-03-26,TEX,PHI,A,641302,Tyler Alexander,RELIEF_OR_BULK,,,,,0,0,0,0,False,False,9,3,3,0,0,0,0,0,0,https://raw.githubusercontent.com/lancebroz/mlb-pitcher-data/main/data/raw/2026/daily/2026-03-26.parquet,QA_VALIDATED_CANONICAL_V2,,,False,BULLPEN_PITCHER,P,https://raw.githubusercontent.com/lancebroz/mlb-pitcher-data/main/data/raw/2026/daily/2026-03-26.parquet,https://statsapi.mlb.com/api/v1.1/game/823486/feed/live,True,7,Bot,52,54
823486-647315,823486,2026-03-26,PHI,TEX,H,647315,Zach Pop,RELIEF_OR_BULK,,,,,0,0,0,0,False,False,21,4,3,0,0,0,1,0,0,https://raw.githubusercontent.com/lancebroz/mlb-pitcher-data/main/data/raw/2026/daily/2026-03-26.parquet,QA_VALIDATED_CANONICAL_V2,,,False,BULLPEN_PITCHER,P,https://raw.githubusercontent.com/lancebroz/mlb-pitcher-data/main/data/raw/2026/daily/2026-03-26.parquet,https://statsapi.mlb.com/api/v1.1/game/823486/feed/live,True,8,Top,55,58
823486-656222,823486,2026-03-26,TEX,PHI,A,656222,Jalen Beeks,RELIEF_OR_BULK,,,,,0,0,0,0,False,False,28,5,4,0,0,1,0,2,0,https://raw.githubusercontent.com/lancebroz/mlb-pitcher-data/main/data/raw/2026/daily/2026-03-26.parquet,QA_VALIDATED_CANONICAL_V2,,,False,BULLPEN_PITCHER,P,https://raw.githubusercontent.com/lancebroz/mlb-pitcher-data/main/data/raw/2026/daily/2026-03-26.parquet,https://statsapi.mlb.com/api/v1.1/game/823486/feed/live,True,5,Bot,40,47
823486-661395,823486,2026-03-26,PHI,TEX,H,661395,Jhoan Duran,RELIEF_OR_BULK,,,,,0,0,0,0,False,False,12,3,2,0,0,1,0,1,0,https://raw.githubusercontent.com/lancebroz/mlb-pitcher-data/main/data/raw/2026/daily/2026-03-26.parquet,QA_VALIDATED_CANONICAL_V2,,,False,BULLPEN_PITCHER,P,https://raw.githubusercontent.com/lancebroz/mlb-pitcher-data/main/data/raw/2026/daily/2026-03-26.parquet,https://statsapi.mlb.com/api/v1.1/game/823486/feed/live,True,9,Top,69,71
823486-679775,823486,2026-03-26,PHI,TEX,H,679775,Kyle Backhus,RELIEF_OR_BULK,,,,,0,0,0,0,False,False,20,4,1,3,3,3,0,0,1,https://raw.githubusercontent.com/lancebroz/mlb-pitcher-data/main/data/raw/2026/daily/2026-03-26.parquet,QA_VALIDATED_CANONICAL_V2,,,False,BULLPEN_PITCHER,P,https://raw.githubusercontent.com/lancebroz/mlb-pitcher-data/main/data/raw/2026/daily/2026-03-26.parquet,https://statsapi.mlb.com/api/v1.1/game/823486/feed/live,True,9,Top,65,68
823486-680742,823486,2026-03-26,PHI,TEX,H,680742,Jonathan Bowlan,RELIEF_OR_BULK,,,,,0,0,0,0,False,False,8,4,3,0,0,1,0,0,0,https://raw.githubusercontent.com/lancebroz/mlb-pitcher-data/main/data/raw/2026/daily/2026-03-26.parquet,QA_VALIDATED_CANONICAL_V2,,,False,BULLPEN_PITCHER,P,https://raw.githubusercontent.com/lancebroz/mlb-pitcher-data/main/data/raw/2026/daily/2026-03-26.parquet,https://statsapi.mlb.com/api/v1.1/game/823486/feed/live,True,7,Top,48,51
823486-691945,823486,2026-03-26,TEX,PHI,A,691945,Carter Baumler,RELIEF_OR_BULK,,,,,0,0,0,0,False,False,26,6,3,0,0,1,1,1,0,https://raw.githubusercontent.com/lancebroz/mlb-pitcher-data/main/data/raw/2026/daily/2026-03-26.parquet,QA_VALIDATED_CANONICAL_V2,,,False,BULLPEN_PITCHER,P,https://raw.githubusercontent.com/lancebroz/mlb-pitcher-data/main/data/raw/2026/daily/2026-03-26.parquet,https://statsapi.mlb.com/api/v1.1/game/823486/feed/live,True,8,Bot,59,64
823974-595014,823974,2026-03-26,LAD,AZ,H,595014,Blake Treinen,RELIEF_OR_BULK,,,,,0,0,0,0,False,False,15,4,3,0,0,1,0,1,0,https://raw.githubusercontent.com/lancebroz/mlb-pitcher-data/main/data/raw/2026/daily/2026-03-26.parquet,QA_VALIDATED_CANONICAL_V2,,,False,BULLPEN_PITCHER,P,https://raw.githubusercontent.com/lancebroz/mlb-pitcher-data/main/data/raw/2026/daily/2026-03-26.parquet,https://statsapi.mlb.com/api/v1.1/game/823974/feed/live,True,7,Top,49,52
823974-656945,823974,2026-03-26,LAD,AZ,H,656945,Tanner Scott,RELIEF_OR_BULK,,,,,0,0,0,0,False,False,8,3,3,0,0,0,0,0,0,https://raw.githubusercontent.com/lancebroz/mlb-pitcher-data/main/data/raw/2026/daily/2026-03-26.parquet,QA_VALIDATED_CANONICAL_V2,,,False,BULLPEN_PITCHER,P,https://raw.githubusercontent.com/lancebroz/mlb-pitcher-data/main/data/raw/2026/daily/2026-03-26.parquet,https://statsapi.mlb.com/api/v1.1/game/823974/feed/live,True,9,Top,69,71
823974-657044,823974,2026-03-26,AZ,LAD,A,657044,Ryan Thompson,RELIEF_OR_BULK,,,,,0,0,0,0,False,False,11,3,3,0,0,0,0,1,0,https://raw.githubusercontent.com/lancebroz/mlb-pitcher-data/main/data/raw/2026/daily/2026-03-26.parquet,QA_VALIDATED_CANONICAL_V2,,,False,BULLPEN_PITCHER,P,https://raw.githubusercontent.com/lancebroz/mlb-pitcher-data/main/data/raw/2026/daily/2026-03-26.parquet,https://statsapi.mlb.com/api/v1.1/game/823974/feed/live,True,6,Bot,46,48
823974-664199,823974,2026-03-26,AZ,LAD,A,664199,Taylor Clarke,RELIEF_OR_BULK,,,,,0,0,0,0,False,False,16,5,1,4,4,3,0,0,1,https://raw.githubusercontent.com/lancebroz/mlb-pitcher-data/main/data/raw/2026/daily/2026-03-26.parquet,QA_VALIDATED_CANONICAL_V2,,,False,BULLPEN_PITCHER,P,https://raw.githubusercontent.com/lancebroz/mlb-pitcher-data/main/data/raw/2026/daily/2026-03-26.parquet,https://statsapi.mlb.com/api/v1.1/game/823974/feed/live,True,7,Bot,53,57
823974-666661,823974,2026-03-26,AZ,LAD,A,666661,Juan Morillo,RELIEF_OR_BULK,,,,,0,0,0,0,False,False,17,5,3,0,0,1,1,1,0,https://raw.githubusercontent.com/lancebroz/mlb-pitcher-data/main/data/raw/2026/daily/2026-03-26.parquet,QA_VALIDATED_CANONICAL_V2,,,False,BULLPEN_PITCHER,P,https://raw.githubusercontent.com/lancebroz/mlb-pitcher-data/main/data/raw/2026/daily/2026-03-26.parquet,https://statsapi.mlb.com/api/v1.1/game/823974/feed/live,True,5,Bot,38,42
823974-694361,823974,2026-03-26,LAD,AZ,H,694361,Will Klein,RELIEF_OR_BULK,,,,,0,0,0,0,False,False,9,3,3,0,0,0,0,1,0,https://raw.githubusercontent.com/lancebroz/mlb-pitcher-data/main/data/raw/2026/daily/2026-03-26.parquet,QA_VALIDATED_CANONICAL_V2,,,False,BULLPEN_PITCHER,P,https://raw.githubusercontent.com/lancebroz/mlb-pitcher-data/main/data/raw/2026/daily/2026-03-26.parquet,https://statsapi.mlb.com/api/v1.1/game/823974/feed/live,True,8,Top,60,62
823974-694851,823974,2026-03-26,AZ,LAD,A,694851,Andrew Hoffmann,RELIEF_OR_BULK,,,,,0,0,0,0,False,False,33,8,5,0,0,1,2,0,0,https://raw.githubusercontent.com/lancebroz/mlb-pitcher-data/main/data/raw/2026/daily/2026-03-26.parquet,QA_VALIDATED_CANONICAL_V2,,,False,BULLPEN_PITCHER,P,https://raw.githubusercontent.com/lancebroz/mlb-pitcher-data/main/data/raw/2026/daily/2026-03-26.parquet,https://statsapi.mlb.com/api/v1.1/game/823974/feed/live,True,7,Bot,58,68
823163-542888,823163,2026-03-26,CLE,SEA,A,542888,Shawn Armstrong,RELIEF_OR_BULK,,,,,0,0,0,0,False,False,10,3,2,1,1,1,0,2,1,https://raw.githubusercontent.com/lancebroz/mlb-pitcher-data/main/data/raw/2026/daily/2026-03-26.parquet,QA_VALIDATED_CANONICAL_V2,,,False,BULLPEN_PITCHER,P,https://raw.githubusercontent.com/lancebroz/mlb-pitcher-data/main/data/raw/2026/daily/2026-03-26.parquet,https://statsapi.mlb.com/api/v1.1/game/823163/feed/live,True,7,Bot,55,57
823163-641401,823163,2026-03-26,CLE,SEA,A,641401,Connor Brogdon,RELIEF_OR_BULK,,,,,0,0,0,0,False,False,16,4,3,0,0,1,0,1,0,https://raw.githubusercontent.com/lancebroz/mlb-pitcher-data/main/data/raw/2026/daily/2026-03-26.parquet,QA_VALIDATED_CANONICAL_V2,,,False,BULLPEN_PITCHER,P,https://raw.githubusercontent.com/lancebroz/mlb-pitcher-data/main/data/raw/2026/daily/2026-03-26.parquet,https://statsapi.mlb.com/api/v1.1/game/823163/feed/live,True,6,Bot,45,48
823163-642100,823163,2026-03-26,SEA,CLE,H,642100,Gabe Speier,RELIEF_OR_BULK,,,,,0,0,0,0,False,False,20,6,3,2,2,3,0,1,0,https://raw.githubusercontent.com/lancebroz/mlb-pitcher-data/main/data/raw/2026/daily/2026-03-26.parquet,QA_VALIDATED_CANONICAL_V2,,,False,BULLPEN_PITCHER,P,https://raw.githubusercontent.com/lancebroz/mlb-pitcher-data/main/data/raw/2026/daily/2026-03-26.parquet,https://statsapi.mlb.com/api/v1.1/game/823163/feed/live,True,7,Top,49,54
823163-668984,823163,2026-03-26,SEA,CLE,H,668984,Casey Legumina,RELIEF_OR_BULK,,,,,0,0,0,0,False,False,29,6,3,0,0,1,1,2,0,https://raw.githubusercontent.com/lancebroz/mlb-pitcher-data/main/data/raw/2026/daily/2026-03-26.parquet,QA_VALIDATED_CANONICAL_V2,,,False,BULLPEN_PITCHER,P,https://raw.githubusercontent.com/lancebroz/mlb-pitcher-data/main/data/raw/2026/daily/2026-03-26.parquet,https://statsapi.mlb.com/api/v1.1/game/823163/feed/live,True,8,Top,59,64
823163-671922,823163,2026-03-26,CLE,SEA,A,671922,Cade Smith,RELIEF_OR_BULK,,,,,0,0,0,0,False,False,13,3,3,0,0,0,0,1,0,https://raw.githubusercontent.com/lancebroz/mlb-pitcher-data/main/data/raw/2026/daily/2026-03-26.parquet,QA_VALIDATED_CANONICAL_V2,,,False,BULLPEN_PITCHER,P,https://raw.githubusercontent.com/lancebroz/mlb-pitcher-data/main/data/raw/2026/daily/2026-03-26.parquet,https://statsapi.mlb.com/api/v1.1/game/823163/feed/live,True,9,Bot,72,74
823163-678606,823163,2026-03-26,SEA,CLE,H,678606,José A. Ferrer,RELIEF_OR_BULK,,,,,0,0,0,0,False,False,11,4,2,0,0,2,0,0,0,https://raw.githubusercontent.com/lancebroz/mlb-pitcher-data/main/data/raw/2026/daily/2026-03-26.parquet,QA_VALIDATED_CANONICAL_V2,,,False,BULLPEN_PITCHER,P,https://raw.githubusercontent.com/lancebroz/mlb-pitcher-data/main/data/raw/2026/daily/2026-03-26.parquet,https://statsapi.mlb.com/api/v1.1/game/823163/feed/live,True,6,Top,41,44
823163-681867,823163,2026-03-26,SEA,CLE,H,681867,Cooper Criswell,RELIEF_OR_BULK,,,,,0,0,0,0,False,False,17,4,3,1,1,1,1,1,1,https://raw.githubusercontent.com/lancebroz/mlb-pitcher-data/main/data/raw/2026/daily/2026-03-26.parquet,QA_VALIDATED_CANONICAL_V2,,,False,BULLPEN_PITCHER,P,https://raw.githubusercontent.com/lancebroz/mlb-pitcher-data/main/data/raw/2026/daily/2026-03-26.parquet,https://statsapi.mlb.com/api/v1.1/game/823163/feed/live,True,9,Top,68,71
823163-681870,823163,2026-03-26,CLE,SEA,A,681870,Erik Sabrowski,RELIEF_OR_BULK,,,,,0,0,0,0,False,False,16,4,4,0,0,0,0,3,0,https://raw.githubusercontent.com/lancebroz/mlb-pitcher-data/main/data/raw/2026/daily/2026-03-26.parquet,QA_VALIDATED_CANONICAL_V2,,,False,BULLPEN_PITCHER,P,https://raw.githubusercontent.com/lancebroz/mlb-pitcher-data/main/data/raw/2026/daily/2026-03-26.parquet,https://statsapi.mlb.com/api/v1.1/game/823163/feed/live,True,7,Bot,58,67
823243-518585,823243,2026-03-27,NYY,SF,A,518585,Fernando Cruz,RELIEF_OR_BULK,,,,,0,0,0,0,False,False,10,3,2,0,0,0,1,0,0,https://raw.githubusercontent.com/lancebroz/mlb-pitcher-data/main/data/raw/2026/daily/2026-03-27.parquet,QA_VALIDATED_CANONICAL_V2,,,False,BULLPEN_PITCHER,P,https://raw.githubusercontent.com/lancebroz/mlb-pitcher-data/main/data/raw/2026/daily/2026-03-27.parquet,https://statsapi.mlb.com/api/v1.1/game/823243/feed/live,True,6,Bot,41,47
823243-621366,823243,2026-03-27,SF,NYY,H,621366,Ryan Borucki,RELIEF_OR_BULK,,,,,0,0,0,0,False,False,12,3,2,0,0,0,1,0,0,https://raw.githubusercontent.com/lancebroz/mlb-pitcher-data/main/data/raw/2026/daily/2026-03-27.parquet,QA_VALIDATED_CANONICAL_V2,,,False,BULLPEN_PITCHER,P,https://raw.githubusercontent.com/lancebroz/mlb-pitcher-data/main/data/raw/2026/daily/2026-03-27.parquet,https://statsapi.mlb.com/api/v1.1/game/823243/feed/live,True,8,Top,54,56
823243-657424,823243,2026-03-27,SF,NYY,H,657424,Matt Gage,RELIEF_OR_BULK,,,,,0,0,0,0,False,False,14,3,3,0,0,0,1,0,0,https://raw.githubusercontent.com/lancebroz/mlb-pitcher-data/main/data/raw/2026/daily/2026-03-27.parquet,QA_VALIDATED_CANONICAL_V2,,,False,BULLPEN_PITCHER,P,https://raw.githubusercontent.com/lancebroz/mlb-pitcher-data/main/data/raw/2026/daily/2026-03-27.parquet,https://statsapi.mlb.com/api/v1.1/game/823243/feed/live,True,9,Top,60,62
823243-657612,823243,2026-03-27,NYY,SF,A,657612,Tim Hill,RELIEF_OR_BULK,,,,,0,0,0,0,False,False,12,3,3,0,0,0,0,2,0,https://raw.githubusercontent.com/lancebroz/mlb-pitcher-data/main/data/raw/2026/daily/2026-03-27.parquet,QA_VALIDATED_CANONICAL_V2,,,False,BULLPEN_PITCHER,P,https://raw.githubusercontent.com/lancebroz/mlb-pitcher-data/main/data/raw/2026/daily/2026-03-27.parquet,https://statsapi.mlb.com/api/v1.1/game/823243/feed/live,True,7,Bot,48,50
823243-666808,823243,2026-03-27,NYY,SF,A,666808,Camilo Doval,RELIEF_OR_BULK,1.0,13.0,4.0,3.0,13,13,4,4,False,False,12,3,3,0,0,0,0,3,0,https://raw.githubusercontent.com/lancebroz/mlb-pitcher-data/main/data/raw/2026/daily/2026-03-27.parquet,QA_VALIDATED_CANONICAL_V2,RELIEF_OR_BULK,MLB,False,BULLPEN_PITCHER,P,https://raw.githubusercontent.com/lancebroz/mlb-pitcher-data/main/data/raw/2026/daily/2026-03-27.parquet,https://statsapi.mlb.com/api/v1.1/game/823243/feed/live,True,8,Bot,57,59
823243-669062,823243,2026-03-27,SF,NYY,H,669062,Erik Miller,RELIEF_OR_BULK,,,,,0,0,0,0,False,False,10,3,3,0,0,0,0,0,0,https://raw.githubusercontent.com/lancebroz/mlb-pitcher-data/main/data/raw/2026/daily/2026-03-27.parquet,QA_VALIDATED_CANONICAL_V2,,,False,BULLPEN_PITCHER,P,https://raw.githubusercontent.com/lancebroz/mlb-pitcher-data/main/data/raw/2026/daily/2026-03-27.parquet,https://statsapi.mlb.com/api/v1.1/game/823243/feed/live,True,7,Top,44,46
823243-670280,823243,2026-03-27,NYY,SF,A,670280,David Bednar,RELIEF_OR_BULK,,,,,0,0,0,0,False,False,19,4,3,0,0,0,1,0,0,https://raw.githubusercontent.com/lancebroz/mlb-pitcher-data/main/data/raw/2026/daily/2026-03-27.parquet,QA_VALIDATED_CANONICAL_V2,,,False,BULLPEN_PITCHER,P,https://raw.githubusercontent.com/lancebroz/mlb-pitcher-data/main/data/raw/2026/daily/2026-03-27.parquet,https://statsapi.mlb.com/api/v1.1/game/823243/feed/live,True,9,Bot,63,66
823243-676130,823243,2026-03-27,SF,NYY,H,676130,José Buttó,RELIEF_OR_BULK,,,,,0,0,0,0,False,False,17,4,2,1,1,2,0,2,1,https://raw.githubusercontent.com/lancebroz/mlb-pitcher-data/main/data/raw/2026/daily/2026-03-27.parquet,QA_VALIDATED_CANONICAL_V2,,,False,BULLPEN_PITCHER,P,https://raw.githubusercontent.com/lancebroz/mlb-pitcher-data/main/data/raw/2026/daily/2026-03-27.parquet,https://statsapi.mlb.com/api/v1.1/game/823243/feed/live,True,6,Top,37,43
823243-676254,823243,2026-03-27,SF,NYY,H,676254,Ryan Walker,RELIEF_OR_BULK,,,,,0,0,0,0,False,False,12,3,1,0,0,1,1,1,0,https://raw.githubusercontent.com/lancebroz/mlb-pitcher-data/main/data/raw/2026/daily/2026-03-27.parquet,QA_VALIDATED_CANONICAL_V2,,,False,BULLPEN_PITCHER,P,https://raw.githubusercontent.com/lancebroz/mlb-pitcher-data/main/data/raw/2026/daily/2026-03-27.parquet,https://statsapi.mlb.com/api/v1.1/game/823243/feed/live,True,8,Top,51,53
822839-605130,822839,2026-03-27,ATH,TOR,A,605130,Scott Barlow,RELIEF_OR_BULK,,,,,0,0,0,0,False,False,15,6,5,0,0,1,0,0,0,https://raw.githubusercontent.com/lancebroz/mlb-pitcher-data/main/data/raw/2026/daily/2026-03-27.parquet,QA_VALIDATED_CANONICAL_V2,,,False,BULLPEN_PITCHER,P,https://raw.githubusercontent.com/lancebroz/mlb-pitcher-data/main/data/raw/2026/daily/2026-03-27.parquet,https://statsapi.mlb.com/api/v1.1/game/822839/feed/live,True,6,Bot,39,48
822839-643511,822839,2026-03-27,TOR,ATH,H,643511,Tyler Rogers,RELIEF_OR_BULK,,,,,0,0,0,0,False,False,13,4,3,0,0,0,1,0,0,https://raw.githubusercontent.com/lancebroz/mlb-pitcher-data/main/data/raw/2026/daily/2026-03-27.parquet,QA_VALIDATED_CANONICAL_V2,,,False,BULLPEN_PITCHER,P,https://raw.githubusercontent.com/lancebroz/mlb-pitcher-data/main/data/raw/2026/daily/2026-03-27.parquet,https://statsapi.mlb.com/api/v1.1/game/822839/feed/live,True,8,Top,51,54
822839-656546,822839,2026-03-27,TOR,ATH,H,656546,Jeff Hoffman,RELIEF_OR_BULK,,,,,0,0,0,0,False,False,22,5,3,1,1,1,0,4,1,https://raw.githubusercontent.com/lancebroz/mlb-pitcher-data/main/data/raw/2026/daily/2026-03-27.parquet,QA_VALIDATED_CANONICAL_V2,,,False,BULLPEN_PITCHER,P,https://raw.githubusercontent.com/lancebroz/mlb-pitcher-data/main/data/raw/2026/daily/2026-03-27.parquet,https://statsapi.mlb.com/api/v1.1/game/822839/feed/live,True,9,Top,58,62
822839-663687,822839,2026-03-27,ATH,TOR,A,663687,Hogan Harris,RELIEF_OR_BULK,,,,,0,0,0,0,False,False,17,5,4,0,0,0,1,0,0,https://raw.githubusercontent.com/lancebroz/mlb-pitcher-data/main/data/raw/2026/daily/2026-03-27.parquet,QA_VALIDATED_CANONICAL_V2,,,False,BULLPEN_PITCHER,P,https://raw.githubusercontent.com/lancebroz/mlb-pitcher-data/main/data/raw/2026/daily/2026-03-27.parquet,https://statsapi.mlb.com/api/v1.1/game/822839/feed/live,True,7,Bot,49,57
822839-686973,822839,2026-03-27,TOR,ATH,H,686973,Louis Varland,RELIEF_OR_BULK,,,,,0,0,0,0,False,False,16,4,3,0,0,1,1,1,0,https://raw.githubusercontent.com/lancebroz/mlb-pitcher-data/main/data/raw/2026/daily/2026-03-27.parquet,QA_VALIDATED_CANONICAL_V2,,,False,BULLPEN_PITCHER,P,https://raw.githubusercontent.com/lancebroz/mlb-pitcher-data/main/data/raw/2026/daily/2026-03-27.parquet,https://statsapi.mlb.com/api/v1.1/game/822839/feed/live,True,7,Top,42,45
822839-686993,822839,2026-03-27,ATH,TOR,A,686993,Justin Sterner,RELIEF_OR_BULK,,,,,0,0,0,0,False,False,15,5,2,1,1,3,0,0,0,https://raw.githubusercontent.com/lancebroz/mlb-pitcher-data/main/data/raw/2026/daily/2026-03-27.parquet,QA_VALIDATED_CANONICAL_V2,,,False,BULLPEN_PITCHER,P,https://raw.githubusercontent.com/lancebroz/mlb-pitcher-data/main/data/raw/2026/daily/2026-03-27.parquet,https://statsapi.mlb.com/api/v1.1/game/822839/feed/live,True,9,Bot,63,67
823893-623474,823893,2026-03-27,COL,MIA,A,623474,Jimmy Herget,RELIEF_OR_BULK,,,,,0,0,0,0,False,False,20,6,4,0,0,2,0,1,0,https://raw.githubusercontent.com/lancebroz/mlb-pitcher-data/main/data/raw/2026/daily/2026-03-27.parquet,QA_VALIDATED_CANONICAL_V2,,,False,BULLPEN_PITCHER,P,https://raw.githubusercontent.com/lancebroz/mlb-pitcher-data/main/data/raw/2026/daily/2026-03-27.parquet,https://statsapi.mlb.com/api/v1.1/game/823893/feed/live,True,5,Bot,40,48
823893-657514,823893,2026-03-27,COL,MIA,A,657514,Brennan Bernardino,RELIEF_OR_BULK,,,,,0,0,0,0,False,False,2,1,1,0,0,0,0,0,0,https://raw.githubusercontent.com/lancebroz/mlb-pitcher-data/main/data/raw/2026/daily/2026-03-27.parquet,QA_VALIDATED_CANONICAL_V2,,,False,BULLPEN_PITCHER,P,https://raw.githubusercontent.com/lancebroz/mlb-pitcher-data/main/data/raw/2026/daily/2026-03-27.parquet,https://statsapi.mlb.com/api/v1.1/game/823893/feed/live,True,6,Bot,49,49
823893-664126,823893,2026-03-27,MIA,COL,H,664126,Pete Fairbanks,RELIEF_OR_BULK,,,,,0,0,0,0,False,False,12,4,3,0,0,1,0,1,0,https://raw.githubusercontent.com/lancebroz/mlb-pitcher-data/main/data/raw/2026/daily/2026-03-27.parquet,QA_VALIDATED_CANONICAL_V2,,,False,BULLPEN_PITCHER,P,https://raw.githubusercontent.com/lancebroz/mlb-pitcher-data/main/data/raw/2026/daily/2026-03-27.parquet,https://statsapi.mlb.com/api/v1.1/game/823893/feed/live,True,9,Top,65,68
823893-669622,823893,2026-03-27,MIA,COL,H,669622,Anthony Bender,RELIEF_OR_BULK,,,,,0,0,0,0,False,False,12,2,1,0,0,1,0,1,0,https://raw.githubusercontent.com/lancebroz/mlb-pitcher-data/main/data/raw/2026/daily/2026-03-27.parquet,QA_VALIDATED_CANONICAL_V2,,,False,BULLPEN_PITCHER,P,https://raw.githubusercontent.com/lancebroz/mlb-pitcher-data/main/data/raw/2026/daily/2026-03-27.parquet,https://statsapi.mlb.com/api/v1.1/game/823893/feed/live,True,8,Top,59,60
823893-675848,823893,2026-03-27,COL,MIA,A,675848,Juan Mejia,RELIEF_OR_BULK,,,,,0,0,0,0,False,False,22,7,6,0,0,1,0,1,0,https://raw.githubusercontent.com/lancebroz/mlb-pitcher-data/main/data/raw/2026/daily/2026-03-27.parquet,QA_VALIDATED_CANONICAL_V2,,,False,BULLPEN_PITCHER,P,https://raw.githubusercontent.com/lancebroz/mlb-pitcher-data/main/data/raw/2026/daily/2026-03-27.parquet,https://statsapi.mlb.com/api/v1.1/game/823893/feed/live,True,7,Bot,53,64
823893-677053,823893,2026-03-27,MIA,COL,H,677053,Andrew Nardi,RELIEF_OR_BULK,,,,,0,0,0,0,False,False,11,3,2,0,0,1,0,2,0,https://raw.githubusercontent.com/lancebroz/mlb-pitcher-data/main/data/raw/2026/daily/2026-03-27.parquet,QA_VALIDATED_CANONICAL_V2,,,False,BULLPEN_PITCHER,P,https://raw.githubusercontent.com/lancebroz/mlb-pitcher-data/main/data/raw/2026/daily/2026-03-27.parquet,https://statsapi.mlb.com/api/v1.1/game/823893/feed/live,True,8,Top,56,58
824946-641755,824946,2026-03-27,ATL,KC,H,641755,Tyler Kinley,RELIEF_OR_BULK,,,,,0,0,0,0,False,False,13,3,3,0,0,0,0,1,0,https://raw.githubusercontent.com/lancebroz/mlb-pitcher-data/main/data/raw/2026/daily/2026-03-27.parquet,QA_VALIDATED_CANONICAL_V2,,,False,BULLPEN_PITCHER,P,https://raw.githubusercontent.com/lancebroz/mlb-pitcher-data/main/data/raw/2026/daily/2026-03-27.parquet,https://statsapi.mlb.com/api/v1.1/game/824946/feed/live,True,9,Top,69,71
824946-656638,824946,2026-03-27,KC,ATL,A,656638,Alex Lange,RELIEF_OR_BULK,,,,,0,0,0,0,False,False,11,3,3,0,0,0,0,1,0,https://raw.githubusercontent.com/lancebroz/mlb-pitcher-data/main/data/raw/2026/daily/2026-03-27.parquet,QA_VALIDATED_CANONICAL_V2,,,False,BULLPEN_PITCHER,P,https://raw.githubusercontent.com/lancebroz/mlb-pitcher-data/main/data/raw/2026/daily/2026-03-27.parquet,https://statsapi.mlb.com/api/v1.1/game/824946/feed/live,True,8,Bot,66,68
824946-663158,824946,2026-03-27,ATL,KC,H,663158,Robert Suarez,RELIEF_OR_BULK,,,,,0,0,0,0,False,False,17,5,3,0,0,2,0,1,0,https://raw.githubusercontent.com/lancebroz/mlb-pitcher-data/main/data/raw/2026/daily/2026-03-27.parquet,QA_VALIDATED_CANONICAL_V2,,,False,BULLPEN_PITCHER,P,https://raw.githubusercontent.com/lancebroz/mlb-pitcher-data/main/data/raw/2026/daily/2026-03-27.parquet,https://statsapi.mlb.com/api/v1.1/game/824946/feed/live,True,8,Top,61,65
824946-663559,824946,2026-03-27,KC,ATL,A,663559,Bailey Falter,RELIEF_OR_BULK,,,,,0,0,0,0,False,False,48,14,9,2,2,5,0,4,0,https://raw.githubusercontent.com/lancebroz/mlb-pitcher-data/main/data/raw/2026/daily/2026-03-27.parquet,QA_VALIDATED_CANONICAL_V2,,,False,BULLPEN_PITCHER,P,https://raw.githubusercontent.com/lancebroz/mlb-pitcher-data/main/data/raw/2026/daily/2026-03-27.parquet,https://statsapi.mlb.com/api/v1.1/game/824946/feed/live,True,5,Bot,40,60
824946-669276,824946,2026-03-27,ATL,KC,H,669276,Dylan Lee,RELIEF_OR_BULK,,,,,0,0,0,0,False,False,9,3,3,0,0,0,0,0,0,https://raw.githubusercontent.com/lancebroz/mlb-pitcher-data/main/data/raw/2026/daily/2026-03-27.parquet,QA_VALIDATED_CANONICAL_V2,,,False,BULLPEN_PITCHER,P,https://raw.githubusercontent.com/lancebroz/mlb-pitcher-data/main/data/raw/2026/daily/2026-03-27.parquet,https://statsapi.mlb.com/api/v1.1/game/824946/feed/live,True,7,Top,52,54
824216-595345,824216,2026-03-27,HOU,LAA,H,595345,Steven Okert,RELIEF_OR_BULK,,,,,0,0,0,0,False,False,20,5,5,0,0,0,0,3,0,https://raw.githubusercontent.com/lancebroz/mlb-pitcher-data/main/data/raw/2026/daily/2026-03-27.parquet,QA_VALIDATED_CANONICAL_V2,,,False,BULLPEN_PITCHER,P,https://raw.githubusercontent.com/lancebroz/mlb-pitcher-data/main/data/raw/2026/daily/2026-03-27.parquet,https://statsapi.mlb.com/api/v1.1/game/824216/feed/live,True,7,Top,58,65
824216-605447,824216,2026-03-27,LAA,HOU,A,605447,Jordan Romano,RELIEF_OR_BULK,0.0,12.0,4.0,3.0,12,12,4,4,True,False,13,3,3,0,0,0,0,2,0,https://raw.githubusercontent.com/lancebroz/mlb-pitcher-data/main/data/raw/2026/daily/2026-03-27.parquet,QA_VALIDATED_CANONICAL_V2,RELIEF_OR_BULK,MLB,False,BULLPEN_PITCHER,P,https://raw.githubusercontent.com/lancebroz/mlb-pitcher-data/main/data/raw/2026/daily/2026-03-27.parquet,https://statsapi.mlb.com/api/v1.1/game/824216/feed/live,True,9,Bot,77,79
824216-666171,824216,2026-03-27,LAA,HOU,A,666171,Ryan Zeferjahn,RELIEF_OR_BULK,,,,,0,0,0,0,False,False,23,6,6,0,0,0,0,2,0,https://raw.githubusercontent.com/lancebroz/mlb-pitcher-data/main/data/raw/2026/daily/2026-03-27.parquet,QA_VALIDATED_CANONICAL_V2,,,False,BULLPEN_PITCHER,P,https://raw.githubusercontent.com/lancebroz/mlb-pitcher-data/main/data/raw/2026/daily/2026-03-27.parquet,https://statsapi.mlb.com/api/v1.1/game/824216/feed/live,True,6,Bot,52,62
824216-680802,824216,2026-03-27,HOU,LAA,H,680802,Ryan Weiss,RELIEF_OR_BULK,,,,,0,0,0,0,False,False,22,6,3,1,1,2,1,2,1,https://raw.githubusercontent.com/lancebroz/mlb-pitcher-data/main/data/raw/2026/daily/2026-03-27.parquet,QA_VALIDATED_CANONICAL_V2,,,False,BULLPEN_PITCHER,P,https://raw.githubusercontent.com/lancebroz/mlb-pitcher-data/main/data/raw/2026/daily/2026-03-27.parquet,https://statsapi.mlb.com/api/v1.1/game/824216/feed/live,True,9,Top,71,76
824216-681217,824216,2026-03-27,LAA,HOU,A,681217,Chase Silseth,RELIEF_OR_BULK,0.0,1.0,1.0,1.0,1,1,1,1,True,False,10,2,2,0,0,0,0,0,0,https://raw.githubusercontent.com/lancebroz/mlb-pitcher-data/main/data/raw/2026/daily/2026-03-27.parquet,QA_VALIDATED_CANONICAL_V2,RELIEF_OR_BULK,MLB,False,BULLPEN_PITCHER,P,https://raw.githubusercontent.com/lancebroz/mlb-pitcher-data/main/data/raw/2026/daily/2026-03-27.parquet,https://statsapi.mlb.com/api/v1.1/game/824216/feed/live,True,5,Bot,45,46
824216-682610,824216,2026-03-27,HOU,LAA,H,682610,Roddery Muñoz,RELIEF_OR_BULK,,,,,0,0,0,0,False,False,26,5,2,0,0,0,3,0,0,https://raw.githubusercontent.com/lancebroz/mlb-pitcher-data/main/data/raw/2026/daily/2026-03-27.parquet,QA_VALIDATED_CANONICAL_V2,,,False,BULLPEN_PITCHER,P,https://raw.githubusercontent.com/lancebroz/mlb-pitcher-data/main/data/raw/2026/daily/2026-03-27.parquet,https://statsapi.mlb.com/api/v1.1/game/824216/feed/live,True,6,Top,50,57
824216-696147,824216,2026-03-27,LAA,HOU,A,696147,Sam Bachman,RELIEF_OR_BULK,,,,,0,0,0,0,False,False,27,5,3,0,0,0,2,3,0,https://raw.githubusercontent.com/lancebroz/mlb-pitcher-data/main/data/raw/2026/daily/2026-03-27.parquet,QA_VALIDATED_CANONICAL_V2,,,False,BULLPEN_PITCHER,P,https://raw.githubusercontent.com/lancebroz/mlb-pitcher-data/main/data/raw/2026/daily/2026-03-27.parquet,https://statsapi.mlb.com/api/v1.1/game/824216/feed/live,True,8,Bot,66,70
823324-445276,823324,2026-03-27,DET,SD,A,445276,Kenley Jansen,RELIEF_OR_BULK,,,,,0,0,0,0,False,False,11,3,3,0,0,0,0,3,0,https://raw.githubusercontent.com/lancebroz/mlb-pitcher-data/main/data/raw/2026/daily/2026-03-27.parquet,QA_VALIDATED_CANONICAL_V2,,,False,BULLPEN_PITCHER,P,https://raw.githubusercontent.com/lancebroz/mlb-pitcher-data/main/data/raw/2026/daily/2026-03-27.parquet,https://statsapi.mlb.com/api/v1.1/game/823324/feed/live,True,9,Bot,74,76
823324-593974,823324,2026-03-27,SD,DET,H,593974,Wandy Peralta,RELIEF_OR_BULK,0.0,15.0,4.0,3.0,15,15,4,4,True,False,17,3,1,0,0,2,0,0,0,https://raw.githubusercontent.com/lancebroz/mlb-pitcher-data/main/data/raw/2026/daily/2026-03-27.parquet,QA_VALIDATED_CANONICAL_V2,RELIEF_OR_BULK,MLB,False,BULLPEN_PITCHER,P,https://raw.githubusercontent.com/lancebroz/mlb-pitcher-data/main/data/raw/2026/daily/2026-03-27.parquet,https://statsapi.mlb.com/api/v1.1/game/823324/feed/live,True,8,Top,62,64
823324-640448,823324,2026-03-27,DET,SD,A,640448,Kyle Finnegan,RELIEF_OR_BULK,,,,,0,0,0,0,False,False,20,4,3,0,0,0,1,2,0,https://raw.githubusercontent.com/lancebroz/mlb-pitcher-data/main/data/raw/2026/daily/2026-03-27.parquet,QA_VALIDATED_CANONICAL_V2,,,False,BULLPEN_PITCHER,P,https://raw.githubusercontent.com/lancebroz/mlb-pitcher-data/main/data/raw/2026/daily/2026-03-27.parquet,https://statsapi.mlb.com/api/v1.1/game/823324/feed/live,True,8,Bot,65,68
823324-646241,823324,2026-03-27,DET,SD,A,646241,Enmanuel De Jesus,RELIEF_OR_BULK,,,,,0,0,0,0,False,False,13,4,3,0,0,1,0,2,0,https://raw.githubusercontent.com/lancebroz/mlb-pitcher-data/main/data/raw/2026/daily/2026-03-27.parquet,QA_VALIDATED_CANONICAL_V2,,,False,BULLPEN_PITCHER,P,https://raw.githubusercontent.com/lancebroz/mlb-pitcher-data/main/data/raw/2026/daily/2026-03-27.parquet,https://statsapi.mlb.com/api/v1.1/game/823324/feed/live,True,7,Bot,52,55
823324-669093,823324,2026-03-27,SD,DET,H,669093,Jeremiah Estrada,RELIEF_OR_BULK,,,,,0,0,0,0,False,False,27,6,2,4,4,1,3,2,0,https://raw.githubusercontent.com/lancebroz/mlb-pitcher-data/main/data/raw/2026/daily/2026-03-27.parquet,QA_VALIDATED_CANONICAL_V2,,,False,BULLPEN_PITCHER,P,https://raw.githubusercontent.com/lancebroz/mlb-pitcher-data/main/data/raw/2026/daily/2026-03-27.parquet,https://statsapi.mlb.com/api/v1.1/game/823324/feed/live,True,8,Top,56,61
823324-670970,823324,2026-03-27,SD,DET,H,670970,Adrian Morejon,RELIEF_OR_BULK,,,,,0,0,0,0,False,False,23,6,6,0,0,1,0,1,0,https://raw.githubusercontent.com/lancebroz/mlb-pitcher-data/main/data/raw/2026/daily/2026-03-27.parquet,QA_VALIDATED_CANONICAL_V2,,,False,BULLPEN_PITCHER,P,https://raw.githubusercontent.com/lancebroz/mlb-pitcher-data/main/data/raw/2026/daily/2026-03-27.parquet,https://statsapi.mlb.com/api/v1.1/game/823324/feed/live,True,6,Top,40,51
823324-688158,823324,2026-03-27,SD,DET,H,688158,David Morgan,RELIEF_OR_BULK,0.0,19.0,5.0,3.0,19,19,5,5,True,False,12,5,3,0,0,1,1,0,0,https://raw.githubusercontent.com/lancebroz/mlb-pitcher-data/main/data/raw/2026/daily/2026-03-27.parquet,QA_VALIDATED_CANONICAL_V2,RELIEF_OR_BULK,MLB,False,BULLPEN_PITCHER,P,https://raw.githubusercontent.com/lancebroz/mlb-pitcher-data/main/data/raw/2026/daily/2026-03-27.parquet,https://statsapi.mlb.com/api/v1.1/game/823324/feed/live,True,9,Top,69,73
823162-660825,823162,2026-03-27,SEA,CLE,H,660825,Eduard Bazardo,RELIEF_OR_BULK,,,,,0,0,0,0,False,False,17,4,3,0,0,0,1,1,0,https://raw.githubusercontent.com/lancebroz/mlb-pitcher-data/main/data/raw/2026/daily/2026-03-27.parquet,QA_VALIDATED_CANONICAL_V2,,,False,BULLPEN_PITCHER,P,https://raw.githubusercontent.com/lancebroz/mlb-pitcher-data/main/data/raw/2026/daily/2026-03-27.parquet,https://statsapi.mlb.com/api/v1.1/game/823162/feed/live,True,7,Top,49,52
823162-662253,823162,2026-03-27,SEA,CLE,H,662253,Andrés Muñoz,RELIEF_OR_BULK,,,,,0,0,0,0,False,False,17,4,3,0,0,1,0,2,0,https://raw.githubusercontent.com/lancebroz/mlb-pitcher-data/main/data/raw/2026/daily/2026-03-27.parquet,QA_VALIDATED_CANONICAL_V2,,,False,BULLPEN_PITCHER,P,https://raw.githubusercontent.com/lancebroz/mlb-pitcher-data/main/data/raw/2026/daily/2026-03-27.parquet,https://statsapi.mlb.com/api/v1.1/game/823162/feed/live,True,9,Top,63,66
823162-666374,823162,2026-03-27,SEA,CLE,H,666374,Matt Brash,RELIEF_OR_BULK,,,,,0,0,0,0,False,False,17,4,3,0,0,1,0,0,0,https://raw.githubusercontent.com/lancebroz/mlb-pitcher-data/main/data/raw/2026/daily/2026-03-27.parquet,QA_VALIDATED_CANONICAL_V2,,,False,BULLPEN_PITCHER,P,https://raw.githubusercontent.com/lancebroz/mlb-pitcher-data/main/data/raw/2026/daily/2026-03-27.parquet,https://statsapi.mlb.com/api/v1.1/game/823162/feed/live,True,8,Top,56,59
823162-670059,823162,2026-03-27,CLE,SEA,A,670059,Colin Holderman,RELIEF_OR_BULK,,,,,0,0,0,0,False,False,27,5,3,2,2,1,1,1,1,https://raw.githubusercontent.com/lancebroz/mlb-pitcher-data/main/data/raw/2026/daily/2026-03-27.parquet,QA_VALIDATED_CANONICAL_V2,,,False,BULLPEN_PITCHER,P,https://raw.githubusercontent.com/lancebroz/mlb-pitcher-data/main/data/raw/2026/daily/2026-03-27.parquet,https://statsapi.mlb.com/api/v1.1/game/823162/feed/live,True,6,Bot,44,48
823162-688883,823162,2026-03-27,CLE,SEA,A,688883,Peyton Pallette,RELIEF_OR_BULK,,,,,0,0,0,0,False,False,21,6,6,0,0,0,0,2,0,https://raw.githubusercontent.com/lancebroz/mlb-pitcher-data/main/data/raw/2026/daily/2026-03-27.parquet,QA_VALIDATED_CANONICAL_V2,,,False,BULLPEN_PITCHER,P,https://raw.githubusercontent.com/lancebroz/mlb-pitcher-data/main/data/raw/2026/daily/2026-03-27.parquet,https://statsapi.mlb.com/api/v1.1/game/823162/feed/live,True,7,Bot,53,62
823971-621242,823971,2026-03-27,LAD,AZ,H,621242,Edwin Díaz,RELIEF_OR_BULK,,,,,0,0,0,0,False,False,17,4,3,0,0,0,1,2,0,https://raw.githubusercontent.com/lancebroz/mlb-pitcher-data/main/data/raw/2026/daily/2026-03-27.parquet,QA_VALIDATED_CANONICAL_V2,,,False,BULLPEN_PITCHER,P,https://raw.githubusercontent.com/lancebroz/mlb-pitcher-data/main/data/raw/2026/daily/2026-03-27.parquet,https://statsapi.mlb.com/api/v1.1/game/823971/feed/live,True,9,Top,64,67
823971-642528,823971,2026-03-27,AZ,LAD,A,642528,Jonathan Loáisiga,RELIEF_OR_BULK,,,,,0,0,0,0,False,False,14,4,4,0,0,0,0,1,0,https://raw.githubusercontent.com/lancebroz/mlb-pitcher-data/main/data/raw/2026/daily/2026-03-27.parquet,QA_VALIDATED_CANONICAL_V2,,,False,BULLPEN_PITCHER,P,https://raw.githubusercontent.com/lancebroz/mlb-pitcher-data/main/data/raw/2026/daily/2026-03-27.parquet,https://statsapi.mlb.com/api/v1.1/game/823971/feed/live,True,5,Bot,40,48
823971-656464,823971,2026-03-27,AZ,LAD,A,656464,Kevin Ginkel,RELIEF_OR_BULK,,,,,0,0,0,0,False,False,21,5,3,1,1,2,0,0,0,https://raw.githubusercontent.com/lancebroz/mlb-pitcher-data/main/data/raw/2026/daily/2026-03-27.parquet,QA_VALIDATED_CANONICAL_V2,,,False,BULLPEN_PITCHER,P,https://raw.githubusercontent.com/lancebroz/mlb-pitcher-data/main/data/raw/2026/daily/2026-03-27.parquet,https://statsapi.mlb.com/api/v1.1/game/823971/feed/live,True,8,Bot,59,63
823971-656945,823971,2026-03-27,LAD,AZ,H,656945,Tanner Scott,RELIEF_OR_BULK,0.0,8.0,3.0,3.0,8,8,3,3,True,False,6,1,1,0,0,0,0,1,0,https://raw.githubusercontent.com/lancebroz/mlb-pitcher-data/main/data/raw/2026/daily/2026-03-27.parquet,QA_VALIDATED_CANONICAL_V2,RELIEF_OR_BULK,MLB,False,BULLPEN_PITCHER,P,https://raw.githubusercontent.com/lancebroz/mlb-pitcher-data/main/data/raw/2026/daily/2026-03-27.parquet,https://statsapi.mlb.com/api/v1.1/game/823971/feed/live,True,6,Top,45,45
823971-657044,823971,2026-03-27,AZ,LAD,A,657044,Ryan Thompson,RELIEF_OR_BULK,0.0,11.0,3.0,3.0,11,11,3,3,True,False,7,3,3,0,0,0,0,0,0,https://raw.githubusercontent.com/lancebroz/mlb-pitcher-data/main/data/raw/2026/daily/2026-03-27.parquet,QA_VALIDATED_CANONICAL_V2,RELIEF_OR_BULK,MLB,False,BULLPEN_PITCHER,P,https://raw.githubusercontent.com/lancebroz/mlb-pitcher-data/main/data/raw/2026/daily/2026-03-27.parquet,https://statsapi.mlb.com/api/v1.1/game/823971/feed/live,True,7,Bot,53,55
823971-676263,823971,2026-03-27,LAD,AZ,H,676263,Jack Dreyer,RELIEF_OR_BULK,,,,,0,0,0,0,False,False,26,5,5,0,0,1,0,1,0,https://raw.githubusercontent.com/lancebroz/mlb-pitcher-data/main/data/raw/2026/daily/2026-03-27.parquet,QA_VALIDATED_CANONICAL_V2,,,False,BULLPEN_PITCHER,P,https://raw.githubusercontent.com/lancebroz/mlb-pitcher-data/main/data/raw/2026/daily/2026-03-27.parquet,https://statsapi.mlb.com/api/v1.1/game/823971/feed/live,True,4,Top,30,37
823971-676508,823971,2026-03-27,LAD,AZ,H,676508,Ben Casparius,RELIEF_OR_BULK,,,,,0,0,0,0,False,False,24,4,2,0,0,1,1,1,0,https://raw.githubusercontent.com/lancebroz/mlb-pitcher-data/main/data/raw/2026/daily/2026-03-27.parquet,QA_VALIDATED_CANONICAL_V2,,,False,BULLPEN_PITCHER,P,https://raw.githubusercontent.com/lancebroz/mlb-pitcher-data/main/data/raw/2026/daily/2026-03-27.parquet,https://statsapi.mlb.com/api/v1.1/game/823971/feed/live,True,6,Top,41,44
823971-681911,823971,2026-03-27,LAD,AZ,H,681911,Alex Vesia,RELIEF_OR_BULK,,,,,0,0,0,0,False,False,16,4,3,0,0,1,0,0,0,https://raw.githubusercontent.com/lancebroz/mlb-pitcher-data/main/data/raw/2026/daily/2026-03-27.parquet,QA_VALIDATED_CANONICAL_V2,,,False,BULLPEN_PITCHER,P,https://raw.githubusercontent.com/lancebroz/mlb-pitcher-data/main/data/raw/2026/daily/2026-03-27.parquet,https://statsapi.mlb.com/api/v1.1/game/823971/feed/live,True,7,Top,49,52
823971-683618,823971,2026-03-27,LAD,AZ,H,683618,Edgardo Henriquez,RELIEF_OR_BULK,,,,,0,0,0,0,False,False,13,3,3,0,0,0,0,1,0,https://raw.githubusercontent.com/lancebroz/mlb-pitcher-data/main/data/raw/2026/daily/2026-03-27.parquet,QA_VALIDATED_CANONICAL_V2,,,False,BULLPEN_PITCHER,P,https://raw.githubusercontent.com/lancebroz/mlb-pitcher-data/main/data/raw/2026/daily/2026-03-27.parquet,https://statsapi.mlb.com/api/v1.1/game/823971/feed/live,True,8,Top,56,58
823082-592773,823082,2026-03-28,STL,TB,H,592773,Ryne Stanek,RELIEF_OR_BULK,1.0,26.0,6.0,3.0,26,26,6,6,False,False,27,6,4,2,1,3,0,2,0,https://raw.githubusercontent.com/lancebroz/mlb-pitcher-data/main/data/raw/2026/daily/2026-03-28.parquet,QA_VALIDATED_CANONICAL_V2,RELIEF_OR_BULK,MLB,False,BULLPEN_PITCHER,P,https://raw.githubusercontent.com/lancebroz/mlb-pitcher-data/main/data/raw/2026/daily/2026-03-28.parquet,https://statsapi.mlb.com/api/v1.1/game/823082/feed/live,True,9,Top,64,72
823082-641329,823082,2026-03-28,TB,STL,A,641329,Bryan Baker,RELIEF_OR_BULK,,,,,0,0,0,0,False,False,13,3,3,0,0,0,0,2,0,https://raw.githubusercontent.com/lancebroz/mlb-pitcher-data/main/data/raw/2026/daily/2026-03-28.parquet,QA_VALIDATED_CANONICAL_V2,,,False,BULLPEN_PITCHER,P,https://raw.githubusercontent.com/lancebroz/mlb-pitcher-data/main/data/raw/2026/daily/2026-03-28.parquet,https://statsapi.mlb.com/api/v1.1/game/823082/feed/live,True,9,Bot,67,69
823082-642121,823082,2026-03-28,TB,STL,A,642121,Cole Sulser,RELIEF_OR_BULK,,,,,0,0,0,0,False,False,41,10,6,2,1,2,1,2,0,https://raw.githubusercontent.com/lancebroz/mlb-pitcher-data/main/data/raw/2026/daily/2026-03-28.parquet,QA_VALIDATED_CANONICAL_V2,,,False,BULLPEN_PITCHER,P,https://raw.githubusercontent.com/lancebroz/mlb-pitcher-data/main/data/raw/2026/daily/2026-03-28.parquet,https://statsapi.mlb.com/api/v1.1/game/823082/feed/live,True,7,Bot,46,58
823082-643377,823082,2026-03-28,TB,STL,A,643377,Griffin Jax,RELIEF_OR_BULK,1.0,14.0,3.0,2.0,14,14,3,3,False,False,9,3,1,2,1,1,1,0,0,https://raw.githubusercontent.com/lancebroz/mlb-pitcher-data/main/data/raw/2026/daily/2026-03-28.parquet,QA_VALIDATED_CANONICAL_V2,RELIEF_OR_BULK,MLB,False,BULLPEN_PITCHER,P,https://raw.githubusercontent.com/lancebroz/mlb-pitcher-data/main/data/raw/2026/daily/2026-03-28.parquet,https://statsapi.mlb.com/api/v1.1/game/823082/feed/live,True,10,Bot,73,75
823082-668941,823082,2026-03-28,STL,TB,H,668941,JoJo Romero,RELIEF_OR_BULK,1.0,9.0,4.0,2.0,9,9,4,4,False,False,17,3,3,0,0,0,0,1,0,https://raw.githubusercontent.com/lancebroz/mlb-pitcher-data/main/data/raw/2026/daily/2026-03-28.parquet,QA_VALIDATED_CANONICAL_V2,RELIEF_OR_BULK,MLB,False,BULLPEN_PITCHER,P,https://raw.githubusercontent.com/lancebroz/mlb-pitcher-data/main/data/raw/2026/daily/2026-03-28.parquet,https://statsapi.mlb.com/api/v1.1/game/823082/feed/live,True,8,Top,50,52
823082-676617,823082,2026-03-28,STL,TB,H,676617,Riley O'Brien,RELIEF_OR_BULK,1.0,17.0,5.0,4.0,17,17,5,5,False,False,9,4,3,0,0,2,0,0,0,https://raw.githubusercontent.com/lancebroz/mlb-pitcher-data/main/data/raw/2026/daily/2026-03-28.parquet,QA_VALIDATED_CANONICAL_V2,RELIEF_OR_BULK,MLB,False,BULLPEN_PITCHER,P,https://raw.githubusercontent.com/lancebroz/mlb-pitcher-data/main/data/raw/2026/daily/2026-03-28.parquet,https://statsapi.mlb.com/api/v1.1/game/823082/feed/live,True,7,Top,42,45
823082-694335,823082,2026-03-28,STL,TB,H,694335,Matt Svanson,RELIEF_OR_BULK,1.0,16.0,4.0,1.0,16,16,4,4,False,False,20,5,2,3,3,2,1,0,0,https://raw.githubusercontent.com/lancebroz/mlb-pitcher-data/main/data/raw/2026/daily/2026-03-28.parquet,QA_VALIDATED_CANONICAL_V2,RELIEF_OR_BULK,MLB,False,BULLPEN_PITCHER,P,https://raw.githubusercontent.com/lancebroz/mlb-pitcher-data/main/data/raw/2026/daily/2026-03-28.parquet,https://statsapi.mlb.com/api/v1.1/game/823082/feed/live,True,9,Top,59,63
824701-573204,824701,2026-03-28,CHC,WSH,H,573204,Caleb Thielbar,RELIEF_OR_BULK,,,,,0,0,0,0,False,False,16,4,3,0,0,0,1,1,0,https://raw.githubusercontent.com/lancebroz/mlb-pitcher-data/main/data/raw/2026/daily/2026-03-28.parquet,QA_VALIDATED_CANONICAL_V2,,,False,BULLPEN_PITCHER,P,https://raw.githubusercontent.com/lancebroz/mlb-pitcher-data/main/data/raw/2026/daily/2026-03-28.parquet,https://statsapi.mlb.com/api/v1.1/game/824701/feed/live,True,8,Top,62,65
824701-657097,824701,2026-03-28,CHC,WSH,H,657097,Jacob Webb,RELIEF_OR_BULK,1.0,15.0,5.0,3.0,15,15,5,5,False,False,16,4,3,0,0,0,2,0,0,https://raw.githubusercontent.com/lancebroz/mlb-pitcher-data/main/data/raw/2026/daily/2026-03-28.parquet,QA_VALIDATED_CANONICAL_V2,RELIEF_OR_BULK,MLB,False,BULLPEN_PITCHER,P,https://raw.githubusercontent.com/lancebroz/mlb-pitcher-data/main/data/raw/2026/daily/2026-03-28.parquet,https://statsapi.mlb.com/api/v1.1/game/824701/feed/live,True,9,Top,69,72
824701-664208,824701,2026-03-28,CHC,WSH,H,664208,Phil Maton,RELIEF_OR_BULK,,,,,0,0,0,0,False,False,9,2,2,0,0,0,0,1,0,https://raw.githubusercontent.com/lancebroz/mlb-pitcher-data/main/data/raw/2026/daily/2026-03-28.parquet,QA_VALIDATED_CANONICAL_V2,,,False,BULLPEN_PITCHER,P,https://raw.githubusercontent.com/lancebroz/mlb-pitcher-data/main/data/raw/2026/daily/2026-03-28.parquet,https://statsapi.mlb.com/api/v1.1/game/824701/feed/live,True,7,Top,57,58
824701-669371,824701,2026-03-28,WSH,CHC,A,669371,Cole Henry,RELIEF_OR_BULK,,,,,0,0,0,0,False,False,11,3,3,0,0,0,0,1,0,https://raw.githubusercontent.com/lancebroz/mlb-pitcher-data/main/data/raw/2026/daily/2026-03-28.parquet,QA_VALIDATED_CANONICAL_V2,,,False,BULLPEN_PITCHER,P,https://raw.githubusercontent.com/lancebroz/mlb-pitcher-data/main/data/raw/2026/daily/2026-03-28.parquet,https://statsapi.mlb.com/api/v1.1/game/824701/feed/live,True,8,Bot,66,68
824701-686610,824701,2026-03-28,WSH,CHC,A,686610,Ken Waldichuk,RELIEF_OR_BULK,,,,,0,0,0,0,False,False,32,9,4,2,2,3,2,2,1,https://raw.githubusercontent.com/lancebroz/mlb-pitcher-data/main/data/raw/2026/daily/2026-03-28.parquet,QA_VALIDATED_CANONICAL_V2,,,False,BULLPEN_PITCHER,P,https://raw.githubusercontent.com/lancebroz/mlb-pitcher-data/main/data/raw/2026/daily/2026-03-28.parquet,https://statsapi.mlb.com/api/v1.1/game/824701/feed/live,True,6,Bot,49,61
824701-701552,824701,2026-03-28,WSH,CHC,A,701552,Andre Granillo,RELIEF_OR_BULK,,,,,0,0,0,0,False,False,18,4,2,2,2,1,1,0,0,https://raw.githubusercontent.com/lancebroz/mlb-pitcher-data/main/data/raw/2026/daily/2026-03-28.parquet,QA_VALIDATED_CANONICAL_V2,,,False,BULLPEN_PITCHER,P,https://raw.githubusercontent.com/lancebroz/mlb-pitcher-data/main/data/raw/2026/daily/2026-03-28.parquet,https://statsapi.mlb.com/api/v1.1/game/824701/feed/live,True,6,Bot,45,48
822838-547184,822838,2026-03-28,ATH,TOR,A,547184,Michael Kelly,RELIEF_OR_BULK,,,,,0,0,0,0,False,False,15,6,4,1,1,2,0,1,1,https://raw.githubusercontent.com/lancebroz/mlb-pitcher-data/main/data/raw/2026/daily/2026-03-28.parquet,QA_VALIDATED_CANONICAL_V2,,,False,BULLPEN_PITCHER,P,https://raw.githubusercontent.com/lancebroz/mlb-pitcher-data/main/data/raw/2026/daily/2026-03-28.parquet,https://statsapi.mlb.com/api/v1.1/game/822838/feed/live,True,8,Bot,72,80
822838-605130,822838,2026-03-28,ATH,TOR,A,605130,Scott Barlow,RELIEF_OR_BULK,0.0,15.0,6.0,5.0,15,15,6,6,True,False,14,5,3,1,0,1,1,1,0,https://raw.githubusercontent.com/lancebroz/mlb-pitcher-data/main/data/raw/2026/daily/2026-03-28.parquet,QA_VALIDATED_CANONICAL_V2,RELIEF_OR_BULK,MLB,False,BULLPEN_PITCHER,P,https://raw.githubusercontent.com/lancebroz/mlb-pitcher-data/main/data/raw/2026/daily/2026-03-28.parquet,https://statsapi.mlb.com/api/v1.1/game/822838/feed/live,True,10,Bot,85,89
822838-643410,822838,2026-03-28,ATH,TOR,A,643410,Mark Leiter Jr.,RELIEF_OR_BULK,,,,,0,0,0,0,False,False,17,5,2,1,1,2,0,0,0,https://raw.githubusercontent.com/lancebroz/mlb-pitcher-data/main/data/raw/2026/daily/2026-03-28.parquet,QA_VALIDATED_CANONICAL_V2,,,False,BULLPEN_PITCHER,P,https://raw.githubusercontent.com/lancebroz/mlb-pitcher-data/main/data/raw/2026/daily/2026-03-28.parquet,https://statsapi.mlb.com/api/v1.1/game/822838/feed/live,True,6,Bot,45,57
822838-643511,822838,2026-03-28,TOR,ATH,H,643511,Tyler Rogers,RELIEF_OR_BULK,0.0,13.0,4.0,3.0,13,13,4,4,True,False,7,3,3,0,0,0,0,2,0,https://raw.githubusercontent.com/lancebroz/mlb-pitcher-data/main/data/raw/2026/daily/2026-03-28.parquet,QA_VALIDATED_CANONICAL_V2,RELIEF_OR_BULK,MLB,False,BULLPEN_PITCHER,P,https://raw.githubusercontent.com/lancebroz/mlb-pitcher-data/main/data/raw/2026/daily/2026-03-28.parquet,https://statsapi.mlb.com/api/v1.1/game/822838/feed/live,True,9,Top,73,75
822838-663687,822838,2026-03-28,ATH,TOR,A,663687,Hogan Harris,RELIEF_OR_BULK,0.0,17.0,5.0,4.0,17,17,5,5,True,False,19,5,2,0,0,2,1,0,0,https://raw.githubusercontent.com/lancebroz/mlb-pitcher-data/main/data/raw/2026/daily/2026-03-28.parquet,QA_VALIDATED_CANONICAL_V2,RELIEF_OR_BULK,MLB,False,BULLPEN_PITCHER,P,https://raw.githubusercontent.com/lancebroz/mlb-pitcher-data/main/data/raw/2026/daily/2026-03-28.parquet,https://statsapi.mlb.com/api/v1.1/game/822838/feed/live,True,8,Bot,67,71
822838-663893,822838,2026-03-28,TOR,ATH,H,663893,Brendon Little,RELIEF_OR_BULK,,,,,0,0,0,0,False,False,23,5,2,3,3,2,1,2,1,https://raw.githubusercontent.com/lancebroz/mlb-pitcher-data/main/data/raw/2026/daily/2026-03-28.parquet,QA_VALIDATED_CANONICAL_V2,,,False,BULLPEN_PITCHER,P,https://raw.githubusercontent.com/lancebroz/mlb-pitcher-data/main/data/raw/2026/daily/2026-03-28.parquet,https://statsapi.mlb.com/api/v1.1/game/822838/feed/live,True,7,Top,50,54
822838-665622,822838,2026-03-28,ATH,TOR,A,665622,Luis Medina,RELIEF_OR_BULK,,,,,0,0,0,0,False,False,10,3,1,1,0,1,1,1,0,https://raw.githubusercontent.com/lancebroz/mlb-pitcher-data/main/data/raw/2026/daily/2026-03-28.parquet,QA_VALIDATED_CANONICAL_V2,,,False,BULLPEN_PITCHER,P,https://raw.githubusercontent.com/lancebroz/mlb-pitcher-data/main/data/raw/2026/daily/2026-03-28.parquet,https://statsapi.mlb.com/api/v1.1/game/822838/feed/live,True,11,Bot,94,96
822838-665660,822838,2026-03-28,ATH,TOR,A,665660,Elvis Alvarado,RELIEF_OR_BULK,,,,,0,0,0,0,False,False,26,6,3,2,2,1,2,2,0,https://raw.githubusercontent.com/lancebroz/mlb-pitcher-data/main/data/raw/2026/daily/2026-03-28.parquet,QA_VALIDATED_CANONICAL_V2,,,False,BULLPEN_PITCHER,P,https://raw.githubusercontent.com/lancebroz/mlb-pitcher-data/main/data/raw/2026/daily/2026-03-28.parquet,https://statsapi.mlb.com/api/v1.1/game/822838/feed/live,True,7,Bot,58,66
822838-667297,822838,2026-03-28,TOR,ATH,H,667297,Tommy Nance,RELIEF_OR_BULK,,,,,0,0,0,0,False,False,11,4,4,0,0,0,0,1,0,https://raw.githubusercontent.com/lancebroz/mlb-pitcher-data/main/data/raw/2026/daily/2026-03-28.parquet,QA_VALIDATED_CANONICAL_V2,,,False,BULLPEN_PITCHER,P,https://raw.githubusercontent.com/lancebroz/mlb-pitcher-data/main/data/raw/2026/daily/2026-03-28.parquet,https://statsapi.mlb.com/api/v1.1/game/822838/feed/live,True,7,Top,55,64
822838-680755,822838,2026-03-28,TOR,ATH,H,680755,Braydon Fisher,RELIEF_OR_BULK,,,,,0,0,0,0,False,False,4,1,2,0,0,0,0,0,0,https://raw.githubusercontent.com/lancebroz/mlb-pitcher-data/main/data/raw/2026/daily/2026-03-28.parquet,QA_VALIDATED_CANONICAL_V2,,,False,BULLPEN_PITCHER,P,https://raw.githubusercontent.com/lancebroz/mlb-pitcher-data/main/data/raw/2026/daily/2026-03-28.parquet,https://statsapi.mlb.com/api/v1.1/game/822838/feed/live,True,6,Top,42,42
822838-686973,822838,2026-03-28,TOR,ATH,H,686973,Louis Varland,RELIEF_OR_BULK,0.0,16.0,4.0,3.0,16,16,4,4,True,False,14,4,3,1,0,1,1,1,0,https://raw.githubusercontent.com/lancebroz/mlb-pitcher-data/main/data/raw/2026/daily/2026-03-28.parquet,QA_VALIDATED_CANONICAL_V2,RELIEF_OR_BULK,MLB,False,BULLPEN_PITCHER,P,https://raw.githubusercontent.com/lancebroz/mlb-pitcher-data/main/data/raw/2026/daily/2026-03-28.parquet,https://statsapi.mlb.com/api/v1.1/game/822838/feed/live,True,10,Top,81,84
822838-689254,822838,2026-03-28,TOR,ATH,H,689254,Mason Fluharty,RELIEF_OR_BULK,,,,,0,0,0,0,False,False,9,2,0,2,2,2,0,0,0,https://raw.githubusercontent.com/lancebroz/mlb-pitcher-data/main/data/raw/2026/daily/2026-03-28.parquet,QA_VALIDATED_CANONICAL_V2,,,False,BULLPEN_PITCHER,P,https://raw.githubusercontent.com/lancebroz/mlb-pitcher-data/main/data/raw/2026/daily/2026-03-28.parquet,https://statsapi.mlb.com/api/v1.1/game/822838/feed/live,True,7,Top,48,49
822838-693686,822838,2026-03-28,TOR,ATH,H,693686,Spencer Miles,RELIEF_OR_BULK,,,,,0,0,0,0,False,False,16,4,3,0,0,0,1,1,0,https://raw.githubusercontent.com/lancebroz/mlb-pitcher-data/main/data/raw/2026/daily/2026-03-28.parquet,QA_VALIDATED_CANONICAL_V2,,,False,BULLPEN_PITCHER,P,https://raw.githubusercontent.com/lancebroz/mlb-pitcher-data/main/data/raw/2026/daily/2026-03-28.parquet,https://statsapi.mlb.com/api/v1.1/game/822838/feed/live,True,11,Top,90,93
823488-455119,823488,2026-03-28,TEX,PHI,A,455119,Chris Martin,RELIEF_OR_BULK,,,,,0,0,0,0,False,False,12,3,1,1,0,2,0,1,0,https://raw.githubusercontent.com/lancebroz/mlb-pitcher-data/main/data/raw/2026/daily/2026-03-28.parquet,QA_VALIDATED_CANONICAL_V2,,,False,BULLPEN_PITCHER,P,https://raw.githubusercontent.com/lancebroz/mlb-pitcher-data/main/data/raw/2026/daily/2026-03-28.parquet,https://statsapi.mlb.com/api/v1.1/game/823488/feed/live,True,9,Bot,69,71
823488-596001,823488,2026-03-28,TEX,PHI,A,596001,Jakob Junis,RELIEF_OR_BULK,,,,,0,0,0,0,False,False,23,6,6,0,0,0,0,2,0,https://raw.githubusercontent.com/lancebroz/mlb-pitcher-data/main/data/raw/2026/daily/2026-03-28.parquet,QA_VALIDATED_CANONICAL_V2,,,False,BULLPEN_PITCHER,P,https://raw.githubusercontent.com/lancebroz/mlb-pitcher-data/main/data/raw/2026/daily/2026-03-28.parquet,https://statsapi.mlb.com/api/v1.1/game/823488/feed/live,True,7,Bot,51,61
823488-621237,823488,2026-03-28,PHI,TEX,H,621237,José Alvarado,RELIEF_OR_BULK,,,,,0,0,0,0,False,False,18,4,3,0,0,1,0,2,0,https://raw.githubusercontent.com/lancebroz/mlb-pitcher-data/main/data/raw/2026/daily/2026-03-28.parquet,QA_VALIDATED_CANONICAL_V2,,,False,BULLPEN_PITCHER,P,https://raw.githubusercontent.com/lancebroz/mlb-pitcher-data/main/data/raw/2026/daily/2026-03-28.parquet,https://statsapi.mlb.com/api/v1.1/game/823488/feed/live,True,7,Top,47,50
823488-621383,823488,2026-03-28,PHI,TEX,H,621383,Tanner Banks,RELIEF_OR_BULK,,,,,0,0,0,0,False,False,10,3,3,0,0,1,0,0,0,https://raw.githubusercontent.com/lancebroz/mlb-pitcher-data/main/data/raw/2026/daily/2026-03-28.parquet,QA_VALIDATED_CANONICAL_V2,,,False,BULLPEN_PITCHER,P,https://raw.githubusercontent.com/lancebroz/mlb-pitcher-data/main/data/raw/2026/daily/2026-03-28.parquet,https://statsapi.mlb.com/api/v1.1/game/823488/feed/live,True,6,Top,41,43
823488-641302,823488,2026-03-28,TEX,PHI,A,641302,Tyler Alexander,RELIEF_OR_BULK,1.0,9.0,3.0,3.0,9,9,3,3,False,False,21,5,3,1,0,1,0,1,0,https://raw.githubusercontent.com/lancebroz/mlb-pitcher-data/main/data/raw/2026/daily/2026-03-28.parquet,QA_VALIDATED_CANONICAL_V2,RELIEF_OR_BULK,MLB,False,BULLPEN_PITCHER,P,https://raw.githubusercontent.com/lancebroz/mlb-pitcher-data/main/data/raw/2026/daily/2026-03-28.parquet,https://statsapi.mlb.com/api/v1.1/game/823488/feed/live,True,10,Bot,77,81
823488-641835,823488,2026-03-28,PHI,TEX,H,641835,Tim Mayza,RELIEF_OR_BULK,,,,,0,0,0,0,False,False,32,8,6,0,0,1,1,2,0,https://raw.githubusercontent.com/lancebroz/mlb-pitcher-data/main/data/raw/2026/daily/2026-03-28.parquet,QA_VALIDATED_CANONICAL_V2,,,False,BULLPEN_PITCHER,P,https://raw.githubusercontent.com/lancebroz/mlb-pitcher-data/main/data/raw/2026/daily/2026-03-28.parquet,https://statsapi.mlb.com/api/v1.1/game/823488/feed/live,True,8,Top,54,64
823488-656222,823488,2026-03-28,TEX,PHI,A,656222,Jalen Beeks,RELIEF_OR_BULK,1.0,28.0,5.0,4.0,28,28,5,5,False,False,7,3,3,0,0,0,0,1,0,https://raw.githubusercontent.com/lancebroz/mlb-pitcher-data/main/data/raw/2026/daily/2026-03-28.parquet,QA_VALIDATED_CANONICAL_V2,RELIEF_OR_BULK,MLB,False,BULLPEN_PITCHER,P,https://raw.githubusercontent.com/lancebroz/mlb-pitcher-data/main/data/raw/2026/daily/2026-03-28.parquet,https://statsapi.mlb.com/api/v1.1/game/823488/feed/live,True,6,Bot,44,46
823488-661395,823488,2026-03-28,PHI,TEX,H,661395,Jhoan Duran,RELIEF_OR_BULK,1.0,12.0,3.0,2.0,12,12,3,3,False,False,22,5,3,2,1,2,0,2,0,https://raw.githubusercontent.com/lancebroz/mlb-pitcher-data/main/data/raw/2026/daily/2026-03-28.parquet,QA_VALIDATED_CANONICAL_V2,RELIEF_OR_BULK,MLB,False,BULLPEN_PITCHER,P,https://raw.githubusercontent.com/lancebroz/mlb-pitcher-data/main/data/raw/2026/daily/2026-03-28.parquet,https://statsapi.mlb.com/api/v1.1/game/823488/feed/live,True,10,Top,72,76
823488-668390,823488,2026-03-28,TEX,PHI,A,668390,Cole Winn,RELIEF_OR_BULK,,,,,0,0,0,0,False,False,19,5,3,0,0,1,1,2,0,https://raw.githubusercontent.com/lancebroz/mlb-pitcher-data/main/data/raw/2026/daily/2026-03-28.parquet,QA_VALIDATED_CANONICAL_V2,,,False,BULLPEN_PITCHER,P,https://raw.githubusercontent.com/lancebroz/mlb-pitcher-data/main/data/raw/2026/daily/2026-03-28.parquet,https://statsapi.mlb.com/api/v1.1/game/823488/feed/live,True,5,Bot,36,40
823488-676395,823488,2026-03-28,TEX,PHI,A,676395,Robert Garcia,RELIEF_OR_BULK,,,,,0,0,0,0,False,False,18,4,2,2,0,1,1,1,0,https://raw.githubusercontent.com/lancebroz/mlb-pitcher-data/main/data/raw/2026/daily/2026-03-28.parquet,QA_VALIDATED_CANONICAL_V2,,,False,BULLPEN_PITCHER,P,https://raw.githubusercontent.com/lancebroz/mlb-pitcher-data/main/data/raw/2026/daily/2026-03-28.parquet,https://statsapi.mlb.com/api/v1.1/game/823488/feed/live,True,9,Bot,65,68
824862-607455,824862,2026-03-28,MIN,BAL,A,607455,Anthony Banda,RELIEF_OR_BULK,,,,,0,0,0,0,False,False,15,4,2,0,0,0,1,2,0,https://raw.githubusercontent.com/lancebroz/mlb-pitcher-data/main/data/raw/2026/daily/2026-03-28.parquet,QA_VALIDATED_CANONICAL_V2,,,False,BULLPEN_PITCHER,P,https://raw.githubusercontent.com/lancebroz/mlb-pitcher-data/main/data/raw/2026/daily/2026-03-28.parquet,https://statsapi.mlb.com/api/v1.1/game/824862/feed/live,True,5,Bot,40,43
824862-608650,824862,2026-03-28,BAL,MIN,H,608650,Dietrich Enns,RELIEF_OR_BULK,,,,,0,0,0,0,False,False,33,7,5,1,1,1,1,1,0,https://raw.githubusercontent.com/lancebroz/mlb-pitcher-data/main/data/raw/2026/daily/2026-03-28.parquet,QA_VALIDATED_CANONICAL_V2,,,False,BULLPEN_PITCHER,P,https://raw.githubusercontent.com/lancebroz/mlb-pitcher-data/main/data/raw/2026/daily/2026-03-28.parquet,https://statsapi.mlb.com/api/v1.1/game/824862/feed/live,True,6,Top,44,56
824862-623437,824862,2026-03-28,MIN,BAL,A,623437,Justin Topa,RELIEF_OR_BULK,1.0,18.0,5.0,3.0,18,18,5,5,False,False,12,3,3,0,0,0,0,1,0,https://raw.githubusercontent.com/lancebroz/mlb-pitcher-data/main/data/raw/2026/daily/2026-03-28.parquet,QA_VALIDATED_CANONICAL_V2,RELIEF_OR_BULK,MLB,False,BULLPEN_PITCHER,P,https://raw.githubusercontent.com/lancebroz/mlb-pitcher-data/main/data/raw/2026/daily/2026-03-28.parquet,https://statsapi.mlb.com/api/v1.1/game/824862/feed/live,True,8,Bot,64,66
824862-663485,824862,2026-03-28,MIN,BAL,A,663485,Cole Sands,RELIEF_OR_BULK,,,,,0,0,0,0,False,False,16,4,3,0,0,0,1,2,0,https://raw.githubusercontent.com/lancebroz/mlb-pitcher-data/main/data/raw/2026/daily/2026-03-28.parquet,QA_VALIDATED_CANONICAL_V2,,,False,BULLPEN_PITCHER,P,https://raw.githubusercontent.com/lancebroz/mlb-pitcher-data/main/data/raw/2026/daily/2026-03-28.parquet,https://statsapi.mlb.com/api/v1.1/game/824862/feed/live,True,9,Bot,70,73
824862-666974,824862,2026-03-28,BAL,MIN,H,666974,Yennier Cano,RELIEF_OR_BULK,,,,,0,0,0,0,False,False,8,2,1,0,0,1,0,1,0,https://raw.githubusercontent.com/lancebroz/mlb-pitcher-data/main/data/raw/2026/daily/2026-03-28.parquet,QA_VALIDATED_CANONICAL_V2,,,False,BULLPEN_PITCHER,P,https://raw.githubusercontent.com/lancebroz/mlb-pitcher-data/main/data/raw/2026/daily/2026-03-28.parquet,https://statsapi.mlb.com/api/v1.1/game/824862/feed/live,True,5,Top,37,38
824862-679358,824862,2026-03-28,MIN,BAL,A,679358,Eric Orze,RELIEF_OR_BULK,,,,,0,0,0,0,False,False,21,5,4,0,0,0,1,0,0,https://raw.githubusercontent.com/lancebroz/mlb-pitcher-data/main/data/raw/2026/daily/2026-03-28.parquet,QA_VALIDATED_CANONICAL_V2,,,False,BULLPEN_PITCHER,P,https://raw.githubusercontent.com/lancebroz/mlb-pitcher-data/main/data/raw/2026/daily/2026-03-28.parquet,https://statsapi.mlb.com/api/v1.1/game/824862/feed/live,True,6,Bot,51,60
824862-681892,824862,2026-03-28,MIN,BAL,A,681892,Kody Funderburk,RELIEF_OR_BULK,1.0,17.0,4.0,2.0,17,17,4,4,False,False,13,4,2,0,0,2,0,2,0,https://raw.githubusercontent.com/lancebroz/mlb-pitcher-data/main/data/raw/2026/daily/2026-03-28.parquet,QA_VALIDATED_CANONICAL_V2,RELIEF_OR_BULK,MLB,False,BULLPEN_PITCHER,P,https://raw.githubusercontent.com/lancebroz/mlb-pitcher-data/main/data/raw/2026/daily/2026-03-28.parquet,https://statsapi.mlb.com/api/v1.1/game/824862/feed/live,True,6,Bot,47,50
824862-682274,824862,2026-03-28,BAL,MIN,H,682274,Yaramil Hiraldo,RELIEF_OR_BULK,,,,,0,0,0,0,False,False,3,1,1,0,0,0,0,1,0,https://raw.githubusercontent.com/lancebroz/mlb-pitcher-data/main/data/raw/2026/daily/2026-03-28.parquet,QA_VALIDATED_CANONICAL_V2,,,False,BULLPEN_PITCHER,P,https://raw.githubusercontent.com/lancebroz/mlb-pitcher-data/main/data/raw/2026/daily/2026-03-28.parquet,https://statsapi.mlb.com/api/v1.1/game/824862/feed/live,True,7,Top,57,57
824862-689296,824862,2026-03-28,BAL,MIN,H,689296,Anthony Nunez,RELIEF_OR_BULK,,,,,0,0,0,0,False,False,22,6,6,0,0,0,0,3,0,https://raw.githubusercontent.com/lancebroz/mlb-pitcher-data/main/data/raw/2026/daily/2026-03-28.parquet,QA_VALIDATED_CANONICAL_V2,,,False,BULLPEN_PITCHER,P,https://raw.githubusercontent.com/lancebroz/mlb-pitcher-data/main/data/raw/2026/daily/2026-03-28.parquet,https://statsapi.mlb.com/api/v1.1/game/824862/feed/live,True,8,Top,61,69
823651-472610,823651,2026-03-28,NYM,PIT,H,472610,Luis García,RELIEF_OR_BULK,1.0,20.0,6.0,3.0,20,20,6,6,False,False,19,6,3,1,0,2,1,0,0,https://raw.githubusercontent.com/lancebroz/mlb-pitcher-data/main/data/raw/2026/daily/2026-03-28.parquet,QA_VALIDATED_CANONICAL_V2,RELIEF_OR_BULK,MLB,False,BULLPEN_PITCHER,P,https://raw.githubusercontent.com/lancebroz/mlb-pitcher-data/main/data/raw/2026/daily/2026-03-28.parquet,https://statsapi.mlb.com/api/v1.1/game/823651/feed/live,True,10,Top,72,77
823651-548384,823651,2026-03-28,NYM,PIT,H,548384,Brooks Raley,RELIEF_OR_BULK,,,,,0,0,0,0,False,False,11,3,3,0,0,0,0,2,0,https://raw.githubusercontent.com/lancebroz/mlb-pitcher-data/main/data/raw/2026/daily/2026-03-28.parquet,QA_VALIDATED_CANONICAL_V2,,,False,BULLPEN_PITCHER,P,https://raw.githubusercontent.com/lancebroz/mlb-pitcher-data/main/data/raw/2026/daily/2026-03-28.parquet,https://statsapi.mlb.com/api/v1.1/game/823651/feed/live,True,8,Top,57,59
823651-596133,823651,2026-03-28,NYM,PIT,H,596133,Luke Weaver,RELIEF_OR_BULK,,,,,0,0,0,0,False,False,16,4,3,0,0,1,0,0,0,https://raw.githubusercontent.com/lancebroz/mlb-pitcher-data/main/data/raw/2026/daily/2026-03-28.parquet,QA_VALIDATED_CANONICAL_V2,,,False,BULLPEN_PITCHER,P,https://raw.githubusercontent.com/lancebroz/mlb-pitcher-data/main/data/raw/2026/daily/2026-03-28.parquet,https://statsapi.mlb.com/api/v1.1/game/823651/feed/live,True,7,Top,48,51
823651-623211,823651,2026-03-28,NYM,PIT,H,623211,Huascar Brazobán,RELIEF_OR_BULK,,,,,0,0,0,0,False,False,4,2,2,0,0,0,0,1,0,https://raw.githubusercontent.com/lancebroz/mlb-pitcher-data/main/data/raw/2026/daily/2026-03-28.parquet,QA_VALIDATED_CANONICAL_V2,,,False,BULLPEN_PITCHER,P,https://raw.githubusercontent.com/lancebroz/mlb-pitcher-data/main/data/raw/2026/daily/2026-03-28.parquet,https://statsapi.mlb.com/api/v1.1/game/823651/feed/live,True,6,Top,42,43
823651-642207,823651,2026-03-28,NYM,PIT,H,642207,Devin Williams,RELIEF_OR_BULK,,,,,0,0,0,0,False,False,19,5,3,0,0,1,1,2,0,https://raw.githubusercontent.com/lancebroz/mlb-pitcher-data/main/data/raw/2026/daily/2026-03-28.parquet,QA_VALIDATED_CANONICAL_V2,,,False,BULLPEN_PITCHER,P,https://raw.githubusercontent.com/lancebroz/mlb-pitcher-data/main/data/raw/2026/daily/2026-03-28.parquet,https://statsapi.mlb.com/api/v1.1/game/823651/feed/live,True,9,Top,64,68
823651-642397,823651,2026-03-28,PIT,NYM,A,642397,Gregory Soto,RELIEF_OR_BULK,1.0,8.0,3.0,3.0,8,8,3,3,False,False,27,5,4,0,0,0,1,3,0,https://raw.githubusercontent.com/lancebroz/mlb-pitcher-data/main/data/raw/2026/daily/2026-03-28.parquet,QA_VALIDATED_CANONICAL_V2,RELIEF_OR_BULK,MLB,False,BULLPEN_PITCHER,P,https://raw.githubusercontent.com/lancebroz/mlb-pitcher-data/main/data/raw/2026/daily/2026-03-28.parquet,https://statsapi.mlb.com/api/v1.1/game/823651/feed/live,True,7,Bot,56,63
823651-642701,823651,2026-03-28,PIT,NYM,A,642701,Dennis Santana,RELIEF_OR_BULK,1.0,18.0,4.0,3.0,18,18,4,4,False,False,18,3,3,0,0,0,1,0,0,https://raw.githubusercontent.com/lancebroz/mlb-pitcher-data/main/data/raw/2026/daily/2026-03-28.parquet,QA_VALIDATED_CANONICAL_V2,RELIEF_OR_BULK,MLB,False,BULLPEN_PITCHER,P,https://raw.githubusercontent.com/lancebroz/mlb-pitcher-data/main/data/raw/2026/daily/2026-03-28.parquet,https://statsapi.mlb.com/api/v1.1/game/823651/feed/live,True,9,Bot,69,71
823651-663992,823651,2026-03-28,NYM,PIT,H,663992,Richard Lovelady,RELIEF_OR_BULK,,,,,0,0,0,0,False,False,21,5,3,1,0,2,0,1,0,https://raw.githubusercontent.com/lancebroz/mlb-pitcher-data/main/data/raw/2026/daily/2026-03-28.parquet,QA_VALIDATED_CANONICAL_V2,,,False,BULLPEN_PITCHER,P,https://raw.githubusercontent.com/lancebroz/mlb-pitcher-data/main/data/raw/2026/daily/2026-03-28.parquet,https://statsapi.mlb.com/api/v1.1/game/823651/feed/live,True,11,Top,84,88
823651-664875,823651,2026-03-28,PIT,NYM,A,664875,Justin Lawrence,RELIEF_OR_BULK,1.0,14.0,5.0,3.0,14,14,5,5,False,False,23,4,2,0,0,0,2,2,0,https://raw.githubusercontent.com/lancebroz/mlb-pitcher-data/main/data/raw/2026/daily/2026-03-28.parquet,QA_VALIDATED_CANONICAL_V2,RELIEF_OR_BULK,MLB,False,BULLPEN_PITCHER,P,https://raw.githubusercontent.com/lancebroz/mlb-pitcher-data/main/data/raw/2026/daily/2026-03-28.parquet,https://statsapi.mlb.com/api/v1.1/game/823651/feed/live,True,7,Bot,52,55
823651-682995,823651,2026-03-28,PIT,NYM,A,682995,Hunter Barco,RELIEF_OR_BULK,,,,,0,0,0,0,False,False,24,8,3,4,2,3,1,0,1,https://raw.githubusercontent.com/lancebroz/mlb-pitcher-data/main/data/raw/2026/daily/2026-03-28.parquet,QA_VALIDATED_CANONICAL_V2,,,False,BULLPEN_PITCHER,P,https://raw.githubusercontent.com/lancebroz/mlb-pitcher-data/main/data/raw/2026/daily/2026-03-28.parquet,https://statsapi.mlb.com/api/v1.1/game/823651/feed/live,True,10,Bot,78,90
823892-657514,823892,2026-03-28,COL,MIA,A,657514,Brennan Bernardino,RELIEF_OR_BULK,0.0,2.0,1.0,1.0,2,2,1,1,True,False,12,3,2,0,0,1,0,0,0,https://raw.githubusercontent.com/lancebroz/mlb-pitcher-data/main/data/raw/2026/daily/2026-03-28.parquet,QA_VALIDATED_CANONICAL_V2,RELIEF_OR_BULK,MLB,False,BULLPEN_PITCHER,P,https://raw.githubusercontent.com/lancebroz/mlb-pitcher-data/main/data/raw/2026/daily/2026-03-28.parquet,https://statsapi.mlb.com/api/v1.1/game/823892/feed/live,True,5,Bot,42,44
823892-664126,823892,2026-03-28,MIA,COL,H,664126,Pete Fairbanks,RELIEF_OR_BULK,0.0,12.0,4.0,3.0,12,12,4,4,True,False,9,3,3,0,0,0,0,1,0,https://raw.githubusercontent.com/lancebroz/mlb-pitcher-data/main/data/raw/2026/daily/2026-03-28.parquet,QA_VALIDATED_CANONICAL_V2,RELIEF_OR_BULK,MLB,False,BULLPEN_PITCHER,P,https://raw.githubusercontent.com/lancebroz/mlb-pitcher-data/main/data/raw/2026/daily/2026-03-28.parquet,https://statsapi.mlb.com/api/v1.1/game/823892/feed/live,True,9,Top,67,69
823892-676534,823892,2026-03-28,MIA,COL,H,676534,Calvin Faucher,RELIEF_OR_BULK,,,,,0,0,0,0,False,False,12,4,3,0,0,1,0,1,0,https://raw.githubusercontent.com/lancebroz/mlb-pitcher-data/main/data/raw/2026/daily/2026-03-28.parquet,QA_VALIDATED_CANONICAL_V2,,,False,BULLPEN_PITCHER,P,https://raw.githubusercontent.com/lancebroz/mlb-pitcher-data/main/data/raw/2026/daily/2026-03-28.parquet,https://statsapi.mlb.com/api/v1.1/game/823892/feed/live,True,8,Top,58,61
823892-677955,823892,2026-03-28,COL,MIA,A,677955,Jaden Hill,RELIEF_OR_BULK,,,,,0,0,0,0,False,False,23,6,5,1,1,2,0,1,0,https://raw.githubusercontent.com/lancebroz/mlb-pitcher-data/main/data/raw/2026/daily/2026-03-28.parquet,QA_VALIDATED_CANONICAL_V2,,,False,BULLPEN_PITCHER,P,https://raw.githubusercontent.com/lancebroz/mlb-pitcher-data/main/data/raw/2026/daily/2026-03-28.parquet,https://statsapi.mlb.com/api/v1.1/game/823892/feed/live,True,7,Bot,57,66
823892-688642,823892,2026-03-28,COL,MIA,A,688642,Zach Agnos,RELIEF_OR_BULK,,,,,0,0,0,0,False,False,30,5,4,0,0,0,1,2,0,https://raw.githubusercontent.com/lancebroz/mlb-pitcher-data/main/data/raw/2026/daily/2026-03-28.parquet,QA_VALIDATED_CANONICAL_V2,,,False,BULLPEN_PITCHER,P,https://raw.githubusercontent.com/lancebroz/mlb-pitcher-data/main/data/raw/2026/daily/2026-03-28.parquet,https://statsapi.mlb.com/api/v1.1/game/823892/feed/live,True,6,Bot,48,56
824540-543056,824540,2026-03-28,BOS,CIN,A,543056,Danny Coulombe,RELIEF_OR_BULK,,,,,0,0,0,0,False,False,14,4,2,0,0,1,1,1,0,https://raw.githubusercontent.com/lancebroz/mlb-pitcher-data/main/data/raw/2026/daily/2026-03-28.parquet,QA_VALIDATED_CANONICAL_V2,,,False,BULLPEN_PITCHER,P,https://raw.githubusercontent.com/lancebroz/mlb-pitcher-data/main/data/raw/2026/daily/2026-03-28.parquet,https://statsapi.mlb.com/api/v1.1/game/824540/feed/live,True,6,Bot,55,58
824540-547973,824540,2026-03-28,BOS,CIN,A,547973,Aroldis Chapman,RELIEF_OR_BULK,1.0,11.0,3.0,3.0,11,11,3,3,False,False,9,3,3,0,0,0,0,1,0,https://raw.githubusercontent.com/lancebroz/mlb-pitcher-data/main/data/raw/2026/daily/2026-03-28.parquet,QA_VALIDATED_CANONICAL_V2,RELIEF_OR_BULK,MLB,False,BULLPEN_PITCHER,P,https://raw.githubusercontent.com/lancebroz/mlb-pitcher-data/main/data/raw/2026/daily/2026-03-28.parquet,https://statsapi.mlb.com/api/v1.1/game/824540/feed/live,True,9,Bot,83,85
824540-572955,824540,2026-03-28,CIN,BOS,H,572955,Pierce Johnson,RELIEF_OR_BULK,1.0,9.0,3.0,1.0,9,9,3,3,False,False,7,3,2,0,0,1,0,0,0,https://raw.githubusercontent.com/lancebroz/mlb-pitcher-data/main/data/raw/2026/daily/2026-03-28.parquet,QA_VALIDATED_CANONICAL_V2,RELIEF_OR_BULK,MLB,False,BULLPEN_PITCHER,P,https://raw.githubusercontent.com/lancebroz/mlb-pitcher-data/main/data/raw/2026/daily/2026-03-28.parquet,https://statsapi.mlb.com/api/v1.1/game/824540/feed/live,True,6,Top,51,53
824540-594580,824540,2026-03-28,CIN,BOS,H,594580,Sam Moll,RELIEF_OR_BULK,1.0,6.0,3.0,3.0,6,6,3,3,False,False,15,4,3,0,0,0,0,0,0,https://raw.githubusercontent.com/lancebroz/mlb-pitcher-data/main/data/raw/2026/daily/2026-03-28.parquet,QA_VALIDATED_CANONICAL_V2,RELIEF_OR_BULK,MLB,False,BULLPEN_PITCHER,P,https://raw.githubusercontent.com/lancebroz/mlb-pitcher-data/main/data/raw/2026/daily/2026-03-28.parquet,https://statsapi.mlb.com/api/v1.1/game/824540/feed/live,True,5,Top,41,44
824540-641941,824540,2026-03-28,CIN,BOS,H,641941,Emilio Pagán,RELIEF_OR_BULK,,,,,0,0,0,0,False,False,22,5,4,1,1,1,0,2,1,https://raw.githubusercontent.com/lancebroz/mlb-pitcher-data/main/data/raw/2026/daily/2026-03-28.parquet,QA_VALIDATED_CANONICAL_V2,,,False,BULLPEN_PITCHER,P,https://raw.githubusercontent.com/lancebroz/mlb-pitcher-data/main/data/raw/2026/daily/2026-03-28.parquet,https://statsapi.mlb.com/api/v1.1/game/824540/feed/live,True,8,Top,74,82
824540-663574,824540,2026-03-28,CIN,BOS,H,663574,Tony Santillan,RELIEF_OR_BULK,,,,,0,0,0,0,False,False,25,5,3,0,0,0,2,3,0,https://raw.githubusercontent.com/lancebroz/mlb-pitcher-data/main/data/raw/2026/daily/2026-03-28.parquet,QA_VALIDATED_CANONICAL_V2,,,False,BULLPEN_PITCHER,P,https://raw.githubusercontent.com/lancebroz/mlb-pitcher-data/main/data/raw/2026/daily/2026-03-28.parquet,https://statsapi.mlb.com/api/v1.1/game/824540/feed/live,True,7,Top,65,73
824540-668933,824540,2026-03-28,CIN,BOS,H,668933,Graham Ashcraft,RELIEF_OR_BULK,1.0,14.0,3.0,2.0,14,14,3,3,False,False,19,5,3,1,1,1,1,2,0,https://raw.githubusercontent.com/lancebroz/mlb-pitcher-data/main/data/raw/2026/daily/2026-03-28.parquet,QA_VALIDATED_CANONICAL_V2,RELIEF_OR_BULK,MLB,False,BULLPEN_PITCHER,P,https://raw.githubusercontent.com/lancebroz/mlb-pitcher-data/main/data/raw/2026/daily/2026-03-28.parquet,https://statsapi.mlb.com/api/v1.1/game/824540/feed/live,True,6,Top,54,64
824540-669711,824540,2026-03-28,BOS,CIN,A,669711,Greg Weissert,RELIEF_OR_BULK,,,,,0,0,0,0,False,False,27,6,3,1,1,2,1,2,1,https://raw.githubusercontent.com/lancebroz/mlb-pitcher-data/main/data/raw/2026/daily/2026-03-28.parquet,QA_VALIDATED_CANONICAL_V2,,,False,BULLPEN_PITCHER,P,https://raw.githubusercontent.com/lancebroz/mlb-pitcher-data/main/data/raw/2026/daily/2026-03-28.parquet,https://statsapi.mlb.com/api/v1.1/game/824540/feed/live,True,5,Bot,45,50
824540-670245,824540,2026-03-28,BOS,CIN,A,670245,Ryan Watson,RELIEF_OR_BULK,,,,,0,0,0,0,False,False,51,10,7,0,0,0,3,1,0,https://raw.githubusercontent.com/lancebroz/mlb-pitcher-data/main/data/raw/2026/daily/2026-03-28.parquet,QA_VALIDATED_CANONICAL_V2,,,False,BULLPEN_PITCHER,P,https://raw.githubusercontent.com/lancebroz/mlb-pitcher-data/main/data/raw/2026/daily/2026-03-28.parquet,https://statsapi.mlb.com/api/v1.1/game/824540/feed/live,True,6,Bot,59,78
824540-676477,824540,2026-03-28,BOS,CIN,A,676477,Garrett Whitlock,RELIEF_OR_BULK,1.0,18.0,4.0,3.0,18,18,4,4,False,False,6,3,3,0,0,0,0,1,0,https://raw.githubusercontent.com/lancebroz/mlb-pitcher-data/main/data/raw/2026/daily/2026-03-28.parquet,QA_VALIDATED_CANONICAL_V2,RELIEF_OR_BULK,MLB,False,BULLPEN_PITCHER,P,https://raw.githubusercontent.com/lancebroz/mlb-pitcher-data/main/data/raw/2026/daily/2026-03-28.parquet,https://statsapi.mlb.com/api/v1.1/game/824540/feed/live,True,10,Bot,89,91
824540-683175,824540,2026-03-28,CIN,BOS,H,683175,Connor Phillips,RELIEF_OR_BULK,1.0,16.0,5.0,2.0,16,16,5,5,False,False,23,5,6,0,0,0,0,3,0,https://raw.githubusercontent.com/lancebroz/mlb-pitcher-data/main/data/raw/2026/daily/2026-03-28.parquet,QA_VALIDATED_CANONICAL_V2,RELIEF_OR_BULK,MLB,False,BULLPEN_PITCHER,P,https://raw.githubusercontent.com/lancebroz/mlb-pitcher-data/main/data/raw/2026/daily/2026-03-28.parquet,https://statsapi.mlb.com/api/v1.1/game/824540/feed/live,True,10,Top,86,93
824540-686580,824540,2026-03-28,BOS,CIN,A,686580,Justin Slaten,RELIEF_OR_BULK,1.0,17.0,4.0,3.0,17,17,4,4,False,False,11,3,1,1,0,1,1,1,0,https://raw.githubusercontent.com/lancebroz/mlb-pitcher-data/main/data/raw/2026/daily/2026-03-28.parquet,QA_VALIDATED_CANONICAL_V2,RELIEF_OR_BULK,MLB,False,BULLPEN_PITCHER,P,https://raw.githubusercontent.com/lancebroz/mlb-pitcher-data/main/data/raw/2026/daily/2026-03-28.parquet,https://statsapi.mlb.com/api/v1.1/game/824540/feed/live,True,11,Bot,94,96
823811-622554,823811,2026-03-28,CWS,MIL,A,622554,Seranthony Domínguez,RELIEF_OR_BULK,,,,,0,0,0,0,False,False,13,4,3,0,0,1,0,0,0,https://raw.githubusercontent.com/lancebroz/mlb-pitcher-data/main/data/raw/2026/daily/2026-03-28.parquet,QA_VALIDATED_CANONICAL_V2,,,False,BULLPEN_PITCHER,P,https://raw.githubusercontent.com/lancebroz/mlb-pitcher-data/main/data/raw/2026/daily/2026-03-28.parquet,https://statsapi.mlb.com/api/v1.1/game/823811/feed/live,True,8,Bot,70,73
823811-663542,823811,2026-03-28,CWS,MIL,A,663542,Bryan Hudson,RELIEF_OR_BULK,,,,,0,0,0,0,False,False,33,6,2,1,1,2,2,2,0,https://raw.githubusercontent.com/lancebroz/mlb-pitcher-data/main/data/raw/2026/daily/2026-03-28.parquet,QA_VALIDATED_CANONICAL_V2,,,False,BULLPEN_PITCHER,P,https://raw.githubusercontent.com/lancebroz/mlb-pitcher-data/main/data/raw/2026/daily/2026-03-28.parquet,https://statsapi.mlb.com/api/v1.1/game/823811/feed/live,True,7,Bot,60,65
823811-669084,823811,2026-03-28,MIL,CWS,H,669084,DL Hall,RELIEF_OR_BULK,1.0,27.0,6.0,3.0,27,27,6,6,False,False,18,3,3,0,0,0,1,1,0,https://raw.githubusercontent.com/lancebroz/mlb-pitcher-data/main/data/raw/2026/daily/2026-03-28.parquet,QA_VALIDATED_CANONICAL_V2,RELIEF_OR_BULK,MLB,False,BULLPEN_PITCHER,P,https://raw.githubusercontent.com/lancebroz/mlb-pitcher-data/main/data/raw/2026/daily/2026-03-28.parquet,https://statsapi.mlb.com/api/v1.1/game/823811/feed/live,True,9,Top,74,76
823811-669684,823811,2026-03-28,CWS,MIL,A,669684,Chris Murphy,RELIEF_OR_BULK,,,,,0,0,0,0,False,False,15,4,3,0,0,0,1,1,0,https://raw.githubusercontent.com/lancebroz/mlb-pitcher-data/main/data/raw/2026/daily/2026-03-28.parquet,QA_VALIDATED_CANONICAL_V2,,,False,BULLPEN_PITCHER,P,https://raw.githubusercontent.com/lancebroz/mlb-pitcher-data/main/data/raw/2026/daily/2026-03-28.parquet,https://statsapi.mlb.com/api/v1.1/game/823811/feed/live,True,5,Bot,42,45
823811-672582,823811,2026-03-28,MIL,CWS,H,672582,Angel Zerpa,RELIEF_OR_BULK,,,,,0,0,0,0,False,False,17,4,3,0,0,2,0,0,0,https://raw.githubusercontent.com/lancebroz/mlb-pitcher-data/main/data/raw/2026/daily/2026-03-28.parquet,QA_VALIDATED_CANONICAL_V2,,,False,BULLPEN_PITCHER,P,https://raw.githubusercontent.com/lancebroz/mlb-pitcher-data/main/data/raw/2026/daily/2026-03-28.parquet,https://statsapi.mlb.com/api/v1.1/game/823811/feed/live,True,7,Top,56,59
823811-676879,823811,2026-03-28,MIL,CWS,H,676879,Aaron Ashby,RELIEF_OR_BULK,1.0,11.0,3.0,3.0,11,11,3,3,False,False,33,7,5,0,0,0,2,4,0,https://raw.githubusercontent.com/lancebroz/mlb-pitcher-data/main/data/raw/2026/daily/2026-03-28.parquet,QA_VALIDATED_CANONICAL_V2,RELIEF_OR_BULK,MLB,False,BULLPEN_PITCHER,P,https://raw.githubusercontent.com/lancebroz/mlb-pitcher-data/main/data/raw/2026/daily/2026-03-28.parquet,https://statsapi.mlb.com/api/v1.1/game/823811/feed/live,True,5,Top,39,49
823811-682842,823811,2026-03-28,MIL,CWS,H,682842,Abner Uribe,RELIEF_OR_BULK,,,,,0,0,0,0,False,False,14,3,3,0,0,0,0,2,0,https://raw.githubusercontent.com/lancebroz/mlb-pitcher-data/main/data/raw/2026/daily/2026-03-28.parquet,QA_VALIDATED_CANONICAL_V2,,,False,BULLPEN_PITCHER,P,https://raw.githubusercontent.com/lancebroz/mlb-pitcher-data/main/data/raw/2026/daily/2026-03-28.parquet,https://statsapi.mlb.com/api/v1.1/game/823811/feed/live,True,8,Top,67,69
823811-691799,823811,2026-03-28,CWS,MIL,A,691799,Grant Taylor,RELIEF_OR_BULK,,,,,0,0,0,0,False,False,26,6,3,1,1,2,1,1,0,https://raw.githubusercontent.com/lancebroz/mlb-pitcher-data/main/data/raw/2026/daily/2026-03-28.parquet,QA_VALIDATED_CANONICAL_V2,,,False,BULLPEN_PITCHER,P,https://raw.githubusercontent.com/lancebroz/mlb-pitcher-data/main/data/raw/2026/daily/2026-03-28.parquet,https://statsapi.mlb.com/api/v1.1/game/823811/feed/live,True,6,Bot,50,55
823811-699151,823811,2026-03-28,CWS,MIL,A,699151,Jedixson Paez,RELIEF_OR_BULK,1.0,36.0,8.0,4.0,36,36,8,8,False,False,1,1,1,0,0,0,0,0,0,https://raw.githubusercontent.com/lancebroz/mlb-pitcher-data/main/data/raw/2026/daily/2026-03-28.parquet,QA_VALIDATED_CANONICAL_V2,RELIEF_OR_BULK,MLB,False,BULLPEN_PITCHER,P,https://raw.githubusercontent.com/lancebroz/mlb-pitcher-data/main/data/raw/2026/daily/2026-03-28.parquet,https://statsapi.mlb.com/api/v1.1/game/823811/feed/live,True,7,Bot,66,66
824213-608718,824213,2026-03-28,LAA,HOU,A,608718,Brent Suter,RELIEF_OR_BULK,,,,,0,0,0,0,False,False,24,6,6,0,0,0,1,2,0,https://raw.githubusercontent.com/lancebroz/mlb-pitcher-data/main/data/raw/2026/daily/2026-03-28.parquet,QA_VALIDATED_CANONICAL_V2,,,False,BULLPEN_PITCHER,P,https://raw.githubusercontent.com/lancebroz/mlb-pitcher-data/main/data/raw/2026/daily/2026-03-28.parquet,https://statsapi.mlb.com/api/v1.1/game/824213/feed/live,True,7,Bot,68,77
824213-650556,824213,2026-03-28,HOU,LAA,H,650556,Bryan Abreu,RELIEF_OR_BULK,,,,,0,0,0,0,False,False,26,6,3,3,3,1,2,3,1,https://raw.githubusercontent.com/lancebroz/mlb-pitcher-data/main/data/raw/2026/daily/2026-03-28.parquet,QA_VALIDATED_CANONICAL_V2,,,False,BULLPEN_PITCHER,P,https://raw.githubusercontent.com/lancebroz/mlb-pitcher-data/main/data/raw/2026/daily/2026-03-28.parquet,https://statsapi.mlb.com/api/v1.1/game/824213/feed/live,True,9,Top,78,83
824213-664192,824213,2026-03-28,LAA,HOU,A,664192,Joey Lucchesi,RELIEF_OR_BULK,,,,,0,0,0,0,False,False,25,6,1,2,2,3,2,0,0,https://raw.githubusercontent.com/lancebroz/mlb-pitcher-data/main/data/raw/2026/daily/2026-03-28.parquet,QA_VALIDATED_CANONICAL_V2,,,False,BULLPEN_PITCHER,P,https://raw.githubusercontent.com/lancebroz/mlb-pitcher-data/main/data/raw/2026/daily/2026-03-28.parquet,https://statsapi.mlb.com/api/v1.1/game/824213/feed/live,True,6,Bot,58,67
824213-678906,824213,2026-03-28,HOU,LAA,H,678906,Kai-Wei Teng,RELIEF_OR_BULK,,,,,0,0,0,0,False,False,39,9,7,0,0,1,1,2,0,https://raw.githubusercontent.com/lancebroz/mlb-pitcher-data/main/data/raw/2026/daily/2026-03-28.parquet,QA_VALIDATED_CANONICAL_V2,,,False,BULLPEN_PITCHER,P,https://raw.githubusercontent.com/lancebroz/mlb-pitcher-data/main/data/raw/2026/daily/2026-03-28.parquet,https://statsapi.mlb.com/api/v1.1/game/824213/feed/live,True,5,Top,37,65
824213-687911,824213,2026-03-28,HOU,LAA,H,687911,Bryan King,RELIEF_OR_BULK,1.0,17.0,6.0,3.0,17,17,6,6,False,False,17,4,3,0,0,0,1,2,0,https://raw.githubusercontent.com/lancebroz/mlb-pitcher-data/main/data/raw/2026/daily/2026-03-28.parquet,QA_VALIDATED_CANONICAL_V2,RELIEF_OR_BULK,MLB,False,BULLPEN_PITCHER,P,https://raw.githubusercontent.com/lancebroz/mlb-pitcher-data/main/data/raw/2026/daily/2026-03-28.parquet,https://statsapi.mlb.com/api/v1.1/game/824213/feed/live,True,8,Top,70,73
824213-700712,824213,2026-03-28,LAA,HOU,A,700712,Walbert Ureña,RELIEF_OR_BULK,1.0,14.0,4.0,2.0,14,14,4,4,False,False,48,11,3,6,0,4,2,1,0,https://raw.githubusercontent.com/lancebroz/mlb-pitcher-data/main/data/raw/2026/daily/2026-03-28.parquet,QA_VALIDATED_CANONICAL_V2,RELIEF_OR_BULK,MLB,False,BULLPEN_PITCHER,P,https://raw.githubusercontent.com/lancebroz/mlb-pitcher-data/main/data/raw/2026/daily/2026-03-28.parquet,https://statsapi.mlb.com/api/v1.1/game/824213/feed/live,True,5,Bot,44,57
823241-621366,823241,2026-03-28,SF,NYY,H,621366,Ryan Borucki,RELIEF_OR_BULK,0.0,12.0,3.0,2.0,12,12,3,3,True,False,15,4,3,1,1,1,0,1,1,https://raw.githubusercontent.com/lancebroz/mlb-pitcher-data/main/data/raw/2026/daily/2026-03-28.parquet,QA_VALIDATED_CANONICAL_V2,RELIEF_OR_BULK,MLB,False,BULLPEN_PITCHER,P,https://raw.githubusercontent.com/lancebroz/mlb-pitcher-data/main/data/raw/2026/daily/2026-03-28.parquet,https://statsapi.mlb.com/api/v1.1/game/823241/feed/live,True,5,Top,34,37
823241-656234,823241,2026-03-28,NYY,SF,A,656234,Jake Bird,RELIEF_OR_BULK,2.0,7.0,2.0,2.0,0,7,0,2,False,False,18,5,5,0,0,1,0,2,0,https://raw.githubusercontent.com/lancebroz/mlb-pitcher-data/main/data/raw/2026/daily/2026-03-28.parquet,QA_VALIDATED_CANONICAL_V2,RELIEF_OR_BULK,MLB,False,BULLPEN_PITCHER,P,https://raw.githubusercontent.com/lancebroz/mlb-pitcher-data/main/data/raw/2026/daily/2026-03-28.parquet,https://statsapi.mlb.com/api/v1.1/game/823241/feed/live,True,6,Bot,46,53
823241-657424,823241,2026-03-28,SF,NYY,H,657424,Matt Gage,RELIEF_OR_BULK,0.0,14.0,3.0,3.0,14,14,3,3,True,False,8,3,3,0,0,0,0,1,0,https://raw.githubusercontent.com/lancebroz/mlb-pitcher-data/main/data/raw/2026/daily/2026-03-28.parquet,QA_VALIDATED_CANONICAL_V2,RELIEF_OR_BULK,MLB,False,BULLPEN_PITCHER,P,https://raw.githubusercontent.com/lancebroz/mlb-pitcher-data/main/data/raw/2026/daily/2026-03-28.parquet,https://statsapi.mlb.com/api/v1.1/game/823241/feed/live,True,6,Top,42,44
823241-657612,823241,2026-03-28,NYY,SF,A,657612,Tim Hill,RELIEF_OR_BULK,0.0,12.0,3.0,3.0,12,12,3,3,True,False,11,4,4,0,0,1,0,1,0,https://raw.githubusercontent.com/lancebroz/mlb-pitcher-data/main/data/raw/2026/daily/2026-03-28.parquet,QA_VALIDATED_CANONICAL_V2,RELIEF_OR_BULK,MLB,False,BULLPEN_PITCHER,P,https://raw.githubusercontent.com/lancebroz/mlb-pitcher-data/main/data/raw/2026/daily/2026-03-28.parquet,https://statsapi.mlb.com/api/v1.1/game/823241/feed/live,True,7,Bot,54,62
823241-664141,823241,2026-03-28,SF,NYY,H,664141,JT Brubaker,RELIEF_OR_BULK,2.0,22.0,7.0,6.0,0,22,0,7,False,False,2,1,1,0,0,0,0,0,0,https://raw.githubusercontent.com/lancebroz/mlb-pitcher-data/main/data/raw/2026/daily/2026-03-28.parquet,QA_VALIDATED_CANONICAL_V2,RELIEF_OR_BULK,MLB,False,BULLPEN_PITCHER,P,https://raw.githubusercontent.com/lancebroz/mlb-pitcher-data/main/data/raw/2026/daily/2026-03-28.parquet,https://statsapi.mlb.com/api/v1.1/game/823241/feed/live,True,8,Top,59,59
823241-669062,823241,2026-03-28,SF,NYY,H,669062,Erik Miller,RELIEF_OR_BULK,0.0,10.0,3.0,3.0,10,10,3,3,True,False,20,4,2,0,0,1,1,1,0,https://raw.githubusercontent.com/lancebroz/mlb-pitcher-data/main/data/raw/2026/daily/2026-03-28.parquet,QA_VALIDATED_CANONICAL_V2,RELIEF_OR_BULK,MLB,False,BULLPEN_PITCHER,P,https://raw.githubusercontent.com/lancebroz/mlb-pitcher-data/main/data/raw/2026/daily/2026-03-28.parquet,https://statsapi.mlb.com/api/v1.1/game/823241/feed/live,True,8,Top,55,58
823241-670280,823241,2026-03-28,NYY,SF,A,670280,David Bednar,RELIEF_OR_BULK,0.0,19.0,4.0,3.0,19,19,4,4,True,False,20,4,3,0,0,1,1,1,0,https://raw.githubusercontent.com/lancebroz/mlb-pitcher-data/main/data/raw/2026/daily/2026-03-28.parquet,QA_VALIDATED_CANONICAL_V2,RELIEF_OR_BULK,MLB,False,BULLPEN_PITCHER,P,https://raw.githubusercontent.com/lancebroz/mlb-pitcher-data/main/data/raw/2026/daily/2026-03-28.parquet,https://statsapi.mlb.com/api/v1.1/game/823241/feed/live,True,9,Bot,66,69
823241-676254,823241,2026-03-28,SF,NYY,H,676254,Ryan Walker,RELIEF_OR_BULK,0.0,12.0,3.0,1.0,12,12,3,3,True,False,15,3,3,0,0,0,0,1,0,https://raw.githubusercontent.com/lancebroz/mlb-pitcher-data/main/data/raw/2026/daily/2026-03-28.parquet,QA_VALIDATED_CANONICAL_V2,RELIEF_OR_BULK,MLB,False,BULLPEN_PITCHER,P,https://raw.githubusercontent.com/lancebroz/mlb-pitcher-data/main/data/raw/2026/daily/2026-03-28.parquet,https://statsapi.mlb.com/api/v1.1/game/823241/feed/live,True,9,Top,63,65
823241-676775,823241,2026-03-28,SF,NYY,H,676775,Keaton Winn,RELIEF_OR_BULK,2.0,19.0,4.0,3.0,0,19,0,4,False,False,9,3,3,0,0,0,0,1,0,https://raw.githubusercontent.com/lancebroz/mlb-pitcher-data/main/data/raw/2026/daily/2026-03-28.parquet,QA_VALIDATED_CANONICAL_V2,RELIEF_OR_BULK,MLB,False,BULLPEN_PITCHER,P,https://raw.githubusercontent.com/lancebroz/mlb-pitcher-data/main/data/raw/2026/daily/2026-03-28.parquet,https://statsapi.mlb.com/api/v1.1/game/823241/feed/live,True,7,Top,49,51
823241-687396,823241,2026-03-28,NYY,SF,A,687396,Brent Headrick,RELIEF_OR_BULK,2.0,15.0,5.0,3.0,0,15,0,5,False,False,14,3,2,0,0,1,0,1,0,https://raw.githubusercontent.com/lancebroz/mlb-pitcher-data/main/data/raw/2026/daily/2026-03-28.parquet,QA_VALIDATED_CANONICAL_V2,RELIEF_OR_BULK,MLB,False,BULLPEN_PITCHER,P,https://raw.githubusercontent.com/lancebroz/mlb-pitcher-data/main/data/raw/2026/daily/2026-03-28.parquet,https://statsapi.mlb.com/api/v1.1/game/823241/feed/live,True,5,Bot,40,45
824945-606303,824945,2026-03-28,ATL,KC,H,606303,Joel Payamps,RELIEF_OR_BULK,,,,,0,0,0,0,False,False,15,3,1,1,0,1,1,0,0,https://raw.githubusercontent.com/lancebroz/mlb-pitcher-data/main/data/raw/2026/daily/2026-03-28.parquet,QA_VALIDATED_CANONICAL_V2,,,False,BULLPEN_PITCHER,P,https://raw.githubusercontent.com/lancebroz/mlb-pitcher-data/main/data/raw/2026/daily/2026-03-28.parquet,https://statsapi.mlb.com/api/v1.1/game/824945/feed/live,True,8,Top,50,52
824945-607481,824945,2026-03-28,ATL,KC,H,607481,Aaron Bummer,RELIEF_OR_BULK,,,,,0,0,0,0,False,False,12,3,2,0,0,0,0,0,0,https://raw.githubusercontent.com/lancebroz/mlb-pitcher-data/main/data/raw/2026/daily/2026-03-28.parquet,QA_VALIDATED_CANONICAL_V2,,,False,BULLPEN_PITCHER,P,https://raw.githubusercontent.com/lancebroz/mlb-pitcher-data/main/data/raw/2026/daily/2026-03-28.parquet,https://statsapi.mlb.com/api/v1.1/game/824945/feed/live,True,8,Top,53,55
824945-608032,824945,2026-03-28,KC,ATL,A,608032,Carlos Estévez,RELIEF_OR_BULK,,,,,0,0,0,0,False,False,27,7,1,6,6,4,2,0,1,https://raw.githubusercontent.com/lancebroz/mlb-pitcher-data/main/data/raw/2026/daily/2026-03-28.parquet,QA_VALIDATED_CANONICAL_V2,,,False,BULLPEN_PITCHER,P,https://raw.githubusercontent.com/lancebroz/mlb-pitcher-data/main/data/raw/2026/daily/2026-03-28.parquet,https://statsapi.mlb.com/api/v1.1/game/824945/feed/live,True,9,Bot,63,69
824945-621381,824945,2026-03-28,KC,ATL,A,621381,Matt Strahm,RELIEF_OR_BULK,,,,,0,0,0,0,False,False,13,4,3,0,0,1,0,1,0,https://raw.githubusercontent.com/lancebroz/mlb-pitcher-data/main/data/raw/2026/daily/2026-03-28.parquet,QA_VALIDATED_CANONICAL_V2,,,False,BULLPEN_PITCHER,P,https://raw.githubusercontent.com/lancebroz/mlb-pitcher-data/main/data/raw/2026/daily/2026-03-28.parquet,https://statsapi.mlb.com/api/v1.1/game/824945/feed/live,True,7,Bot,46,49
824945-668674,824945,2026-03-28,KC,ATL,A,668674,Lucas Erceg,RELIEF_OR_BULK,,,,,0,0,0,0,False,False,12,4,3,0,0,1,1,0,0,https://raw.githubusercontent.com/lancebroz/mlb-pitcher-data/main/data/raw/2026/daily/2026-03-28.parquet,QA_VALIDATED_CANONICAL_V2,,,False,BULLPEN_PITCHER,P,https://raw.githubusercontent.com/lancebroz/mlb-pitcher-data/main/data/raw/2026/daily/2026-03-28.parquet,https://statsapi.mlb.com/api/v1.1/game/824945/feed/live,True,8,Bot,56,59
824945-669276,824945,2026-03-28,ATL,KC,H,669276,Dylan Lee,RELIEF_OR_BULK,0.0,9.0,3.0,3.0,9,9,3,3,True,False,18,4,3,0,0,1,0,2,0,https://raw.githubusercontent.com/lancebroz/mlb-pitcher-data/main/data/raw/2026/daily/2026-03-28.parquet,QA_VALIDATED_CANONICAL_V2,RELIEF_OR_BULK,MLB,False,BULLPEN_PITCHER,P,https://raw.githubusercontent.com/lancebroz/mlb-pitcher-data/main/data/raw/2026/daily/2026-03-28.parquet,https://statsapi.mlb.com/api/v1.1/game/824945/feed/live,True,7,Top,42,45
824945-674370,824945,2026-03-28,ATL,KC,H,674370,Osvaldo Bido,RELIEF_OR_BULK,,,,,0,0,0,0,False,False,16,3,3,0,0,0,0,3,0,https://raw.githubusercontent.com/lancebroz/mlb-pitcher-data/main/data/raw/2026/daily/2026-03-28.parquet,QA_VALIDATED_CANONICAL_V2,,,False,BULLPEN_PITCHER,P,https://raw.githubusercontent.com/lancebroz/mlb-pitcher-data/main/data/raw/2026/daily/2026-03-28.parquet,https://statsapi.mlb.com/api/v1.1/game/824945/feed/live,True,9,Top,60,62
823323-606996,823323,2026-03-28,SD,DET,H,606996,Kyle Hart,RELIEF_OR_BULK,,,,,0,0,0,0,False,False,23,6,6,0,0,0,0,3,0,https://raw.githubusercontent.com/lancebroz/mlb-pitcher-data/main/data/raw/2026/daily/2026-03-28.parquet,QA_VALIDATED_CANONICAL_V2,,,False,BULLPEN_PITCHER,P,https://raw.githubusercontent.com/lancebroz/mlb-pitcher-data/main/data/raw/2026/daily/2026-03-28.parquet,https://statsapi.mlb.com/api/v1.1/game/823323/feed/live,True,7,Top,51,59
823323-657756,823323,2026-03-28,DET,SD,A,657756,Connor Seabold,RELIEF_OR_BULK,,,,,0,0,0,0,False,False,50,8,7,0,0,1,0,3,0,https://raw.githubusercontent.com/lancebroz/mlb-pitcher-data/main/data/raw/2026/daily/2026-03-28.parquet,QA_VALIDATED_CANONICAL_V2,,,False,BULLPEN_PITCHER,P,https://raw.githubusercontent.com/lancebroz/mlb-pitcher-data/main/data/raw/2026/daily/2026-03-28.parquet,https://statsapi.mlb.com/api/v1.1/game/823323/feed/live,True,6,Bot,49,62
823323-676428,823323,2026-03-28,DET,SD,A,676428,Brant Hurter,RELIEF_OR_BULK,,,,,0,0,0,0,False,False,12,5,3,0,0,2,0,1,0,https://raw.githubusercontent.com/lancebroz/mlb-pitcher-data/main/data/raw/2026/daily/2026-03-28.parquet,QA_VALIDATED_CANONICAL_V2,,,False,BULLPEN_PITCHER,P,https://raw.githubusercontent.com/lancebroz/mlb-pitcher-data/main/data/raw/2026/daily/2026-03-28.parquet,https://statsapi.mlb.com/api/v1.1/game/823323/feed/live,True,5,Bot,39,48
823323-676684,823323,2026-03-28,DET,SD,A,676684,Will Vest,RELIEF_OR_BULK,1.0,7.0,3.0,3.0,7,7,3,3,False,False,4,1,1,0,0,0,0,0,0,https://raw.githubusercontent.com/lancebroz/mlb-pitcher-data/main/data/raw/2026/daily/2026-03-28.parquet,QA_VALIDATED_CANONICAL_V2,RELIEF_OR_BULK,MLB,False,BULLPEN_PITCHER,P,https://raw.githubusercontent.com/lancebroz/mlb-pitcher-data/main/data/raw/2026/daily/2026-03-28.parquet,https://statsapi.mlb.com/api/v1.1/game/823323/feed/live,True,8,Bot,63,63
823323-695243,823323,2026-03-28,SD,DET,H,695243,Mason Miller,RELIEF_OR_BULK,,,,,0,0,0,0,False,False,18,4,3,0,0,0,1,2,0,https://raw.githubusercontent.com/lancebroz/mlb-pitcher-data/main/data/raw/2026/daily/2026-03-28.parquet,QA_VALIDATED_CANONICAL_V2,,,False,BULLPEN_PITCHER,P,https://raw.githubusercontent.com/lancebroz/mlb-pitcher-data/main/data/raw/2026/daily/2026-03-28.parquet,https://statsapi.mlb.com/api/v1.1/game/823323/feed/live,True,9,Top,64,67
823973-605452,823973,2026-03-28,AZ,LAD,A,605452,Joe Ross,RELIEF_OR_BULK,,,,,0,0,0,0,False,False,14,3,3,0,0,0,0,0,0,https://raw.githubusercontent.com/lancebroz/mlb-pitcher-data/main/data/raw/2026/daily/2026-03-28.parquet,QA_VALIDATED_CANONICAL_V2,,,False,BULLPEN_PITCHER,P,https://raw.githubusercontent.com/lancebroz/mlb-pitcher-data/main/data/raw/2026/daily/2026-03-28.parquet,https://statsapi.mlb.com/api/v1.1/game/823973/feed/live,True,7,Bot,50,52
823973-621242,823973,2026-03-28,LAD,AZ,H,621242,Edwin Díaz,RELIEF_OR_BULK,0.0,17.0,4.0,3.0,17,17,4,4,True,False,10,3,3,0,0,0,0,0,0,https://raw.githubusercontent.com/lancebroz/mlb-pitcher-data/main/data/raw/2026/daily/2026-03-28.parquet,QA_VALIDATED_CANONICAL_V2,RELIEF_OR_BULK,MLB,False,BULLPEN_PITCHER,P,https://raw.githubusercontent.com/lancebroz/mlb-pitcher-data/main/data/raw/2026/daily/2026-03-28.parquet,https://statsapi.mlb.com/api/v1.1/game/823973/feed/live,True,9,Top,62,64
823973-623149,823973,2026-03-28,AZ,LAD,A,623149,Paul Sewald,RELIEF_OR_BULK,,,,,0,0,0,0,False,False,5,1,1,0,0,0,0,0,0,https://raw.githubusercontent.com/lancebroz/mlb-pitcher-data/main/data/raw/2026/daily/2026-03-28.parquet,QA_VALIDATED_CANONICAL_V2,,,False,BULLPEN_PITCHER,P,https://raw.githubusercontent.com/lancebroz/mlb-pitcher-data/main/data/raw/2026/daily/2026-03-28.parquet,https://statsapi.mlb.com/api/v1.1/game/823973/feed/live,True,8,Bot,61,61
823973-642528,823973,2026-03-28,AZ,LAD,A,642528,Jonathan Loáisiga,RELIEF_OR_BULK,0.0,14.0,4.0,4.0,14,14,4,4,True,False,18,4,3,0,0,1,0,1,0,https://raw.githubusercontent.com/lancebroz/mlb-pitcher-data/main/data/raw/2026/daily/2026-03-28.parquet,QA_VALIDATED_CANONICAL_V2,RELIEF_OR_BULK,MLB,False,BULLPEN_PITCHER,P,https://raw.githubusercontent.com/lancebroz/mlb-pitcher-data/main/data/raw/2026/daily/2026-03-28.parquet,https://statsapi.mlb.com/api/v1.1/game/823973/feed/live,True,6,Bot,43,46
823973-666661,823973,2026-03-28,AZ,LAD,A,666661,Juan Morillo,RELIEF_OR_BULK,1.0,17.0,5.0,3.0,17,17,5,5,False,False,22,4,2,2,2,1,1,0,1,https://raw.githubusercontent.com/lancebroz/mlb-pitcher-data/main/data/raw/2026/daily/2026-03-28.parquet,QA_VALIDATED_CANONICAL_V2,RELIEF_OR_BULK,MLB,False,BULLPEN_PITCHER,P,https://raw.githubusercontent.com/lancebroz/mlb-pitcher-data/main/data/raw/2026/daily/2026-03-28.parquet,https://statsapi.mlb.com/api/v1.1/game/823973/feed/live,True,8,Bot,57,60
823973-681911,823973,2026-03-28,LAD,AZ,H,681911,Alex Vesia,RELIEF_OR_BULK,0.0,16.0,4.0,3.0,16,16,4,4,True,False,12,3,3,0,0,0,0,0,0,https://raw.githubusercontent.com/lancebroz/mlb-pitcher-data/main/data/raw/2026/daily/2026-03-28.parquet,QA_VALIDATED_CANONICAL_V2,RELIEF_OR_BULK,MLB,False,BULLPEN_PITCHER,P,https://raw.githubusercontent.com/lancebroz/mlb-pitcher-data/main/data/raw/2026/daily/2026-03-28.parquet,https://statsapi.mlb.com/api/v1.1/game/823973/feed/live,True,7,Top,47,49
823973-694361,823973,2026-03-28,LAD,AZ,H,694361,Will Klein,RELIEF_OR_BULK,1.0,9.0,3.0,3.0,9,9,3,3,False,False,15,4,3,0,0,1,0,1,0,https://raw.githubusercontent.com/lancebroz/mlb-pitcher-data/main/data/raw/2026/daily/2026-03-28.parquet,QA_VALIDATED_CANONICAL_V2,RELIEF_OR_BULK,MLB,False,BULLPEN_PITCHER,P,https://raw.githubusercontent.com/lancebroz/mlb-pitcher-data/main/data/raw/2026/daily/2026-03-28.parquet,https://statsapi.mlb.com/api/v1.1/game/823973/feed/live,True,8,Top,53,56
823161-542888,823161,2026-03-28,CLE,SEA,A,542888,Shawn Armstrong,RELIEF_OR_BULK,1.0,10.0,3.0,2.0,10,10,3,3,False,False,19,4,4,0,0,0,1,1,0,https://raw.githubusercontent.com/lancebroz/mlb-pitcher-data/main/data/raw/2026/daily/2026-03-28.parquet,QA_VALIDATED_CANONICAL_V2,RELIEF_OR_BULK,MLB,False,BULLPEN_PITCHER,P,https://raw.githubusercontent.com/lancebroz/mlb-pitcher-data/main/data/raw/2026/daily/2026-03-28.parquet,https://statsapi.mlb.com/api/v1.1/game/823161/feed/live,True,7,Bot,60,67
823161-641401,823161,2026-03-28,CLE,SEA,A,641401,Connor Brogdon,RELIEF_OR_BULK,1.0,16.0,4.0,3.0,16,16,4,4,False,False,17,4,3,2,1,1,0,2,1,https://raw.githubusercontent.com/lancebroz/mlb-pitcher-data/main/data/raw/2026/daily/2026-03-28.parquet,QA_VALIDATED_CANONICAL_V2,RELIEF_OR_BULK,MLB,False,BULLPEN_PITCHER,P,https://raw.githubusercontent.com/lancebroz/mlb-pitcher-data/main/data/raw/2026/daily/2026-03-28.parquet,https://statsapi.mlb.com/api/v1.1/game/823161/feed/live,True,10,Bot,82,85
823161-642100,823161,2026-03-28,SEA,CLE,H,642100,Gabe Speier,RELIEF_OR_BULK,1.0,20.0,6.0,3.0,20,20,6,6,False,False,3,1,1,0,0,0,0,0,0,https://raw.githubusercontent.com/lancebroz/mlb-pitcher-data/main/data/raw/2026/daily/2026-03-28.parquet,QA_VALIDATED_CANONICAL_V2,RELIEF_OR_BULK,MLB,False,BULLPEN_PITCHER,P,https://raw.githubusercontent.com/lancebroz/mlb-pitcher-data/main/data/raw/2026/daily/2026-03-28.parquet,https://statsapi.mlb.com/api/v1.1/game/823161/feed/live,True,7,Top,55,55
823161-660825,823161,2026-03-28,SEA,CLE,H,660825,Eduard Bazardo,RELIEF_OR_BULK,0.0,17.0,4.0,3.0,17,17,4,4,True,False,24,5,2,1,1,1,2,1,0,https://raw.githubusercontent.com/lancebroz/mlb-pitcher-data/main/data/raw/2026/daily/2026-03-28.parquet,QA_VALIDATED_CANONICAL_V2,RELIEF_OR_BULK,MLB,False,BULLPEN_PITCHER,P,https://raw.githubusercontent.com/lancebroz/mlb-pitcher-data/main/data/raw/2026/daily/2026-03-28.parquet,https://statsapi.mlb.com/api/v1.1/game/823161/feed/live,True,7,Top,50,54
823161-662253,823161,2026-03-28,SEA,CLE,H,662253,Andrés Muñoz,RELIEF_OR_BULK,0.0,17.0,4.0,3.0,17,17,4,4,True,False,20,5,3,3,2,2,0,1,1,https://raw.githubusercontent.com/lancebroz/mlb-pitcher-data/main/data/raw/2026/daily/2026-03-28.parquet,QA_VALIDATED_CANONICAL_V2,RELIEF_OR_BULK,MLB,False,BULLPEN_PITCHER,P,https://raw.githubusercontent.com/lancebroz/mlb-pitcher-data/main/data/raw/2026/daily/2026-03-28.parquet,https://statsapi.mlb.com/api/v1.1/game/823161/feed/live,True,10,Top,77,81
823161-668984,823161,2026-03-28,SEA,CLE,H,668984,Casey Legumina,RELIEF_OR_BULK,1.0,29.0,6.0,3.0,29,29,6,6,False,False,23,4,3,0,0,1,0,1,0,https://raw.githubusercontent.com/lancebroz/mlb-pitcher-data/main/data/raw/2026/daily/2026-03-28.parquet,QA_VALIDATED_CANONICAL_V2,RELIEF_OR_BULK,MLB,False,BULLPEN_PITCHER,P,https://raw.githubusercontent.com/lancebroz/mlb-pitcher-data/main/data/raw/2026/daily/2026-03-28.parquet,https://statsapi.mlb.com/api/v1.1/game/823161/feed/live,True,8,Top,61,64
823161-670036,823161,2026-03-28,CLE,SEA,A,670036,Matt Festa,RELIEF_OR_BULK,,,,,0,0,0,0,False,False,14,5,5,0,0,0,0,1,0,https://raw.githubusercontent.com/lancebroz/mlb-pitcher-data/main/data/raw/2026/daily/2026-03-28.parquet,QA_VALIDATED_CANONICAL_V2,,,False,BULLPEN_PITCHER,P,https://raw.githubusercontent.com/lancebroz/mlb-pitcher-data/main/data/raw/2026/daily/2026-03-28.parquet,https://statsapi.mlb.com/api/v1.1/game/823161/feed/live,True,4,Bot,31,45
823161-671922,823161,2026-03-28,CLE,SEA,A,671922,Cade Smith,RELIEF_OR_BULK,1.0,13.0,3.0,3.0,13,13,3,3,False,False,28,6,3,1,1,2,1,2,0,https://raw.githubusercontent.com/lancebroz/mlb-pitcher-data/main/data/raw/2026/daily/2026-03-28.parquet,QA_VALIDATED_CANONICAL_V2,RELIEF_OR_BULK,MLB,False,BULLPEN_PITCHER,P,https://raw.githubusercontent.com/lancebroz/mlb-pitcher-data/main/data/raw/2026/daily/2026-03-28.parquet,https://statsapi.mlb.com/api/v1.1/game/823161/feed/live,True,9,Bot,71,76
823161-677961,823161,2026-03-28,SEA,CLE,H,677961,Cole Wilcox,RELIEF_OR_BULK,,,,,0,0,0,0,False,False,10,3,3,0,0,0,0,1,0,https://raw.githubusercontent.com/lancebroz/mlb-pitcher-data/main/data/raw/2026/daily/2026-03-28.parquet,QA_VALIDATED_CANONICAL_V2,,,False,BULLPEN_PITCHER,P,https://raw.githubusercontent.com/lancebroz/mlb-pitcher-data/main/data/raw/2026/daily/2026-03-28.parquet,https://statsapi.mlb.com/api/v1.1/game/823161/feed/live,True,9,Top,68,70
823161-681870,823161,2026-03-28,CLE,SEA,A,681870,Erik Sabrowski,RELIEF_OR_BULK,1.0,16.0,4.0,4.0,16,16,4,4,False,False,20,4,2,0,0,0,2,1,0,https://raw.githubusercontent.com/lancebroz/mlb-pitcher-data/main/data/raw/2026/daily/2026-03-28.parquet,QA_VALIDATED_CANONICAL_V2,RELIEF_OR_BULK,MLB,False,BULLPEN_PITCHER,P,https://raw.githubusercontent.com/lancebroz/mlb-pitcher-data/main/data/raw/2026/daily/2026-03-28.parquet,https://statsapi.mlb.com/api/v1.1/game/823161/feed/live,True,7,Bot,56,59
823161-682120,823161,2026-03-28,CLE,SEA,A,682120,Tim Herrin,RELIEF_OR_BULK,,,,,0,0,0,0,False,False,19,4,2,0,0,2,0,0,0,https://raw.githubusercontent.com/lancebroz/mlb-pitcher-data/main/data/raw/2026/daily/2026-03-28.parquet,QA_VALIDATED_CANONICAL_V2,,,False,BULLPEN_PITCHER,P,https://raw.githubusercontent.com/lancebroz/mlb-pitcher-data/main/data/raw/2026/daily/2026-03-28.parquet,https://statsapi.mlb.com/api/v1.1/game/823161/feed/live,True,6,Bot,46,49
823487-455119,823487,2026-03-29,TEX,PHI,A,455119,Chris Martin,RELIEF_OR_BULK,0.0,12.0,3.0,1.0,12,12,3,3,True,False,3,1,1,0,0,0,0,0,0,https://raw.githubusercontent.com/lancebroz/mlb-pitcher-data/main/data/raw/2026/daily/2026-03-29.parquet,QA_VALIDATED_CANONICAL_V2,RELIEF_OR_BULK,MLB,False,BULLPEN_PITCHER,P,https://raw.githubusercontent.com/lancebroz/mlb-pitcher-data/main/data/raw/2026/daily/2026-03-29.parquet,https://statsapi.mlb.com/api/v1.1/game/823487/feed/live,True,8,Bot,67,67
823487-641745,823487,2026-03-29,PHI,TEX,H,641745,Brad Keller,RELIEF_OR_BULK,,,,,0,0,0,0,False,False,16,3,3,0,0,0,0,1,0,https://raw.githubusercontent.com/lancebroz/mlb-pitcher-data/main/data/raw/2026/daily/2026-03-29.parquet,QA_VALIDATED_CANONICAL_V2,,,False,BULLPEN_PITCHER,P,https://raw.githubusercontent.com/lancebroz/mlb-pitcher-data/main/data/raw/2026/daily/2026-03-29.parquet,https://statsapi.mlb.com/api/v1.1/game/823487/feed/live,True,8,Top,59,61
823487-647315,823487,2026-03-29,PHI,TEX,H,647315,Zach Pop,RELIEF_OR_BULK,2.0,21.0,4.0,3.0,0,21,0,4,False,False,25,6,3,2,2,1,1,1,0,https://raw.githubusercontent.com/lancebroz/mlb-pitcher-data/main/data/raw/2026/daily/2026-03-29.parquet,QA_VALIDATED_CANONICAL_V2,RELIEF_OR_BULK,MLB,False,BULLPEN_PITCHER,P,https://raw.githubusercontent.com/lancebroz/mlb-pitcher-data/main/data/raw/2026/daily/2026-03-29.parquet,https://statsapi.mlb.com/api/v1.1/game/823487/feed/live,True,7,Top,49,54
823487-668390,823487,2026-03-29,TEX,PHI,A,668390,Cole Winn,RELIEF_OR_BULK,0.0,19.0,5.0,3.0,19,19,5,5,True,False,11,2,2,0,0,0,0,0,0,https://raw.githubusercontent.com/lancebroz/mlb-pitcher-data/main/data/raw/2026/daily/2026-03-29.parquet,QA_VALIDATED_CANONICAL_V2,RELIEF_OR_BULK,MLB,False,BULLPEN_PITCHER,P,https://raw.githubusercontent.com/lancebroz/mlb-pitcher-data/main/data/raw/2026/daily/2026-03-29.parquet,https://statsapi.mlb.com/api/v1.1/game/823487/feed/live,True,6,Bot,47,48
823487-676395,823487,2026-03-29,TEX,PHI,A,676395,Robert Garcia,RELIEF_OR_BULK,0.0,18.0,4.0,2.0,18,18,4,4,True,False,14,3,3,0,0,0,1,1,0,https://raw.githubusercontent.com/lancebroz/mlb-pitcher-data/main/data/raw/2026/daily/2026-03-29.parquet,QA_VALIDATED_CANONICAL_V2,RELIEF_OR_BULK,MLB,False,BULLPEN_PITCHER,P,https://raw.githubusercontent.com/lancebroz/mlb-pitcher-data/main/data/raw/2026/daily/2026-03-29.parquet,https://statsapi.mlb.com/api/v1.1/game/823487/feed/live,True,9,Bot,73,75
823487-679775,823487,2026-03-29,PHI,TEX,H,679775,Kyle Backhus,RELIEF_OR_BULK,2.0,20.0,4.0,1.0,0,20,0,4,False,False,21,5,3,0,0,1,1,1,0,https://raw.githubusercontent.com/lancebroz/mlb-pitcher-data/main/data/raw/2026/daily/2026-03-29.parquet,QA_VALIDATED_CANONICAL_V2,RELIEF_OR_BULK,MLB,False,BULLPEN_PITCHER,P,https://raw.githubusercontent.com/lancebroz/mlb-pitcher-data/main/data/raw/2026/daily/2026-03-29.parquet,https://statsapi.mlb.com/api/v1.1/game/823487/feed/live,True,9,Top,68,72
823487-691945,823487,2026-03-29,TEX,PHI,A,691945,Carter Baumler,RELIEF_OR_BULK,2.0,26.0,6.0,3.0,0,26,0,6,False,False,43,9,5,1,1,1,4,2,0,https://raw.githubusercontent.com/lancebroz/mlb-pitcher-data/main/data/raw/2026/daily/2026-03-29.parquet,QA_VALIDATED_CANONICAL_V2,RELIEF_OR_BULK,MLB,False,BULLPEN_PITCHER,P,https://raw.githubusercontent.com/lancebroz/mlb-pitcher-data/main/data/raw/2026/daily/2026-03-29.parquet,https://statsapi.mlb.com/api/v1.1/game/823487/feed/live,True,7,Bot,55,66
824864-607455,824864,2026-03-29,MIN,BAL,A,607455,Anthony Banda,RELIEF_OR_BULK,0.0,15.0,4.0,2.0,15,15,4,4,True,False,3,1,2,0,0,0,0,0,0,https://raw.githubusercontent.com/lancebroz/mlb-pitcher-data/main/data/raw/2026/daily/2026-03-29.parquet,QA_VALIDATED_CANONICAL_V2,RELIEF_OR_BULK,MLB,False,BULLPEN_PITCHER,P,https://raw.githubusercontent.com/lancebroz/mlb-pitcher-data/main/data/raw/2026/daily/2026-03-29.parquet,https://statsapi.mlb.com/api/v1.1/game/824864/feed/live,True,8,Bot,75,75
824864-664854,824864,2026-03-29,BAL,MIN,H,664854,Ryan Helsley,RELIEF_OR_BULK,2.0,19.0,4.0,3.0,0,19,0,4,False,False,20,5,3,0,0,1,0,1,0,https://raw.githubusercontent.com/lancebroz/mlb-pitcher-data/main/data/raw/2026/daily/2026-03-29.parquet,QA_VALIDATED_CANONICAL_V2,RELIEF_OR_BULK,MLB,False,BULLPEN_PITCHER,P,https://raw.githubusercontent.com/lancebroz/mlb-pitcher-data/main/data/raw/2026/daily/2026-03-29.parquet,https://statsapi.mlb.com/api/v1.1/game/824864/feed/live,True,9,Top,77,81
824864-664991,824864,2026-03-29,BAL,MIN,H,664991,Grant Wolfram,RELIEF_OR_BULK,,,,,0,0,0,0,False,False,19,4,3,0,0,1,0,2,0,https://raw.githubusercontent.com/lancebroz/mlb-pitcher-data/main/data/raw/2026/daily/2026-03-29.parquet,QA_VALIDATED_CANONICAL_V2,,,False,BULLPEN_PITCHER,P,https://raw.githubusercontent.com/lancebroz/mlb-pitcher-data/main/data/raw/2026/daily/2026-03-29.parquet,https://statsapi.mlb.com/api/v1.1/game/824864/feed/live,True,6,Top,42,51
824864-666974,824864,2026-03-29,BAL,MIN,H,666974,Yennier Cano,RELIEF_OR_BULK,0.0,8.0,2.0,1.0,8,8,2,2,True,False,9,1,1,0,0,0,0,1,0,https://raw.githubusercontent.com/lancebroz/mlb-pitcher-data/main/data/raw/2026/daily/2026-03-29.parquet,QA_VALIDATED_CANONICAL_V2,RELIEF_OR_BULK,MLB,False,BULLPEN_PITCHER,P,https://raw.githubusercontent.com/lancebroz/mlb-pitcher-data/main/data/raw/2026/daily/2026-03-29.parquet,https://statsapi.mlb.com/api/v1.1/game/824864/feed/live,True,8,Top,72,72
824864-669330,824864,2026-03-29,BAL,MIN,H,669330,Tyler Wells,RELIEF_OR_BULK,2.0,14.0,4.0,3.0,0,14,0,4,False,False,27,6,2,1,1,2,2,2,0,https://raw.githubusercontent.com/lancebroz/mlb-pitcher-data/main/data/raw/2026/daily/2026-03-29.parquet,QA_VALIDATED_CANONICAL_V2,RELIEF_OR_BULK,MLB,False,BULLPEN_PITCHER,P,https://raw.githubusercontent.com/lancebroz/mlb-pitcher-data/main/data/raw/2026/daily/2026-03-29.parquet,https://statsapi.mlb.com/api/v1.1/game/824864/feed/live,True,8,Top,66,71
824864-670329,824864,2026-03-29,BAL,MIN,H,670329,Rico Garcia,RELIEF_OR_BULK,,,,,0,0,0,0,False,False,8,1,1,0,0,0,0,1,0,https://raw.githubusercontent.com/lancebroz/mlb-pitcher-data/main/data/raw/2026/daily/2026-03-29.parquet,QA_VALIDATED_CANONICAL_V2,,,False,BULLPEN_PITCHER,P,https://raw.githubusercontent.com/lancebroz/mlb-pitcher-data/main/data/raw/2026/daily/2026-03-29.parquet,https://statsapi.mlb.com/api/v1.1/game/824864/feed/live,True,7,Top,57,57
824864-682274,824864,2026-03-29,BAL,MIN,H,682274,Yaramil Hiraldo,RELIEF_OR_BULK,0.0,3.0,1.0,1.0,3,3,1,1,True,False,20,5,1,1,1,1,3,1,1,https://raw.githubusercontent.com/lancebroz/mlb-pitcher-data/main/data/raw/2026/daily/2026-03-29.parquet,QA_VALIDATED_CANONICAL_V2,RELIEF_OR_BULK,MLB,False,BULLPEN_PITCHER,P,https://raw.githubusercontent.com/lancebroz/mlb-pitcher-data/main/data/raw/2026/daily/2026-03-29.parquet,https://statsapi.mlb.com/api/v1.1/game/824864/feed/live,True,7,Top,52,56
824864-690953,824864,2026-03-29,MIN,BAL,A,690953,Mick Abel,RELIEF_OR_BULK,,,,,0,0,0,0,False,False,81,20,10,5,5,8,4,4,0,https://raw.githubusercontent.com/lancebroz/mlb-pitcher-data/main/data/raw/2026/daily/2026-03-29.parquet,QA_VALIDATED_CANONICAL_V2,,,False,BULLPEN_PITCHER,P,https://raw.githubusercontent.com/lancebroz/mlb-pitcher-data/main/data/raw/2026/daily/2026-03-29.parquet,https://statsapi.mlb.com/api/v1.1/game/824864/feed/live,True,5,Bot,37,74
824944-621381,824944,2026-03-29,KC,ATL,A,621381,Matt Strahm,RELIEF_OR_BULK,0.0,13.0,4.0,3.0,13,13,4,4,True,False,4,2,2,0,0,0,0,0,0,https://raw.githubusercontent.com/lancebroz/mlb-pitcher-data/main/data/raw/2026/daily/2026-03-29.parquet,QA_VALIDATED_CANONICAL_V2,RELIEF_OR_BULK,MLB,False,BULLPEN_PITCHER,P,https://raw.githubusercontent.com/lancebroz/mlb-pitcher-data/main/data/raw/2026/daily/2026-03-29.parquet,https://statsapi.mlb.com/api/v1.1/game/824944/feed/live,True,7,Bot,52,53
824944-668674,824944,2026-03-29,KC,ATL,A,668674,Lucas Erceg,RELIEF_OR_BULK,0.0,12.0,4.0,3.0,12,12,4,4,True,False,12,3,3,0,0,1,0,1,0,https://raw.githubusercontent.com/lancebroz/mlb-pitcher-data/main/data/raw/2026/daily/2026-03-29.parquet,QA_VALIDATED_CANONICAL_V2,RELIEF_OR_BULK,MLB,False,BULLPEN_PITCHER,P,https://raw.githubusercontent.com/lancebroz/mlb-pitcher-data/main/data/raw/2026/daily/2026-03-29.parquet,https://statsapi.mlb.com/api/v1.1/game/824944/feed/live,True,9,Bot,67,69
824944-670167,824944,2026-03-29,KC,ATL,A,670167,John Schreiber,RELIEF_OR_BULK,,,,,0,0,0,0,False,False,23,4,3,1,1,1,0,1,1,https://raw.githubusercontent.com/lancebroz/mlb-pitcher-data/main/data/raw/2026/daily/2026-03-29.parquet,QA_VALIDATED_CANONICAL_V2,,,False,BULLPEN_PITCHER,P,https://raw.githubusercontent.com/lancebroz/mlb-pitcher-data/main/data/raw/2026/daily/2026-03-29.parquet,https://statsapi.mlb.com/api/v1.1/game/824944/feed/live,True,8,Bot,59,62
824944-800311,824944,2026-03-29,ATL,KC,H,800311,Didier Fuentes,RELIEF_OR_BULK,,,,,0,0,0,0,False,False,56,15,12,1,1,2,1,4,0,https://raw.githubusercontent.com/lancebroz/mlb-pitcher-data/main/data/raw/2026/daily/2026-03-29.parquet,QA_VALIDATED_CANONICAL_V2,,,False,BULLPEN_PITCHER,P,https://raw.githubusercontent.com/lancebroz/mlb-pitcher-data/main/data/raw/2026/daily/2026-03-29.parquet,https://statsapi.mlb.com/api/v1.1/game/824944/feed/live,True,6,Top,40,66
822837-656546,822837,2026-03-29,TOR,ATH,H,656546,Jeff Hoffman,RELIEF_OR_BULK,1.0,22.0,5.0,3.0,22,22,5,5,False,False,10,4,3,0,0,1,0,2,0,https://raw.githubusercontent.com/lancebroz/mlb-pitcher-data/main/data/raw/2026/daily/2026-03-29.parquet,QA_VALIDATED_CANONICAL_V2,RELIEF_OR_BULK,MLB,False,BULLPEN_PITCHER,P,https://raw.githubusercontent.com/lancebroz/mlb-pitcher-data/main/data/raw/2026/daily/2026-03-29.parquet,https://statsapi.mlb.com/api/v1.1/game/822837/feed/live,True,9,Top,61,64
822837-667297,822837,2026-03-29,TOR,ATH,H,667297,Tommy Nance,RELIEF_OR_BULK,0.0,11.0,4.0,4.0,11,11,4,4,True,False,9,3,2,0,0,1,0,1,0,https://raw.githubusercontent.com/lancebroz/mlb-pitcher-data/main/data/raw/2026/daily/2026-03-29.parquet,QA_VALIDATED_CANONICAL_V2,RELIEF_OR_BULK,MLB,False,BULLPEN_PITCHER,P,https://raw.githubusercontent.com/lancebroz/mlb-pitcher-data/main/data/raw/2026/daily/2026-03-29.parquet,https://statsapi.mlb.com/api/v1.1/game/822837/feed/live,True,8,Top,54,56
822837-669372,822837,2026-03-29,ATH,TOR,A,669372,J.T. Ginn,RELIEF_OR_BULK,,,,,0,0,0,0,False,False,45,12,11,0,0,1,1,2,0,https://raw.githubusercontent.com/lancebroz/mlb-pitcher-data/main/data/raw/2026/daily/2026-03-29.parquet,QA_VALIDATED_CANONICAL_V2,,,False,BULLPEN_PITCHER,P,https://raw.githubusercontent.com/lancebroz/mlb-pitcher-data/main/data/raw/2026/daily/2026-03-29.parquet,https://statsapi.mlb.com/api/v1.1/game/822837/feed/live,True,5,Bot,38,60
822837-680755,822837,2026-03-29,TOR,ATH,H,680755,Braydon Fisher,RELIEF_OR_BULK,0.0,4.0,1.0,2.0,4,4,1,1,True,False,22,5,5,0,0,0,0,2,0,https://raw.githubusercontent.com/lancebroz/mlb-pitcher-data/main/data/raw/2026/daily/2026-03-29.parquet,QA_VALIDATED_CANONICAL_V2,RELIEF_OR_BULK,MLB,False,BULLPEN_PITCHER,P,https://raw.githubusercontent.com/lancebroz/mlb-pitcher-data/main/data/raw/2026/daily/2026-03-29.parquet,https://statsapi.mlb.com/api/v1.1/game/822837/feed/live,True,6,Top,43,50
822837-689254,822837,2026-03-29,TOR,ATH,H,689254,Mason Fluharty,RELIEF_OR_BULK,0.0,9.0,2.0,0.0,9,9,2,2,True,False,5,1,1,0,0,0,0,1,0,https://raw.githubusercontent.com/lancebroz/mlb-pitcher-data/main/data/raw/2026/daily/2026-03-29.parquet,QA_VALIDATED_CANONICAL_V2,RELIEF_OR_BULK,MLB,False,BULLPEN_PITCHER,P,https://raw.githubusercontent.com/lancebroz/mlb-pitcher-data/main/data/raw/2026/daily/2026-03-29.parquet,https://statsapi.mlb.com/api/v1.1/game/822837/feed/live,True,8,Top,57,57
823647-596133,823647,2026-03-29,NYM,PIT,H,596133,Luke Weaver,RELIEF_OR_BULK,0.0,16.0,4.0,3.0,16,16,4,4,True,False,22,5,3,0,0,0,2,1,0,https://raw.githubusercontent.com/lancebroz/mlb-pitcher-data/main/data/raw/2026/daily/2026-03-29.parquet,QA_VALIDATED_CANONICAL_V2,RELIEF_OR_BULK,MLB,False,BULLPEN_PITCHER,P,https://raw.githubusercontent.com/lancebroz/mlb-pitcher-data/main/data/raw/2026/daily/2026-03-29.parquet,https://statsapi.mlb.com/api/v1.1/game/823647/feed/live,True,9,Top,67,71
823647-623211,823647,2026-03-29,NYM,PIT,H,623211,Huascar Brazobán,RELIEF_OR_BULK,0.0,4.0,2.0,2.0,4,4,2,2,True,False,14,5,5,0,0,0,0,0,0,https://raw.githubusercontent.com/lancebroz/mlb-pitcher-data/main/data/raw/2026/daily/2026-03-29.parquet,QA_VALIDATED_CANONICAL_V2,RELIEF_OR_BULK,MLB,False,BULLPEN_PITCHER,P,https://raw.githubusercontent.com/lancebroz/mlb-pitcher-data/main/data/raw/2026/daily/2026-03-29.parquet,https://statsapi.mlb.com/api/v1.1/game/823647/feed/live,True,6,Top,44,51
823647-640455,823647,2026-03-29,NYM,PIT,H,640455,Sean Manaea,RELIEF_OR_BULK,,,,,0,0,0,0,False,False,29,7,4,0,0,1,2,2,0,https://raw.githubusercontent.com/lancebroz/mlb-pitcher-data/main/data/raw/2026/daily/2026-03-29.parquet,QA_VALIDATED_CANONICAL_V2,,,False,BULLPEN_PITCHER,P,https://raw.githubusercontent.com/lancebroz/mlb-pitcher-data/main/data/raw/2026/daily/2026-03-29.parquet,https://statsapi.mlb.com/api/v1.1/game/823647/feed/live,True,7,Top,52,63
823647-642701,823647,2026-03-29,PIT,NYM,A,642701,Dennis Santana,RELIEF_OR_BULK,0.0,18.0,3.0,3.0,18,36,3,7,True,False,13,3,3,0,0,0,0,1,0,https://raw.githubusercontent.com/lancebroz/mlb-pitcher-data/main/data/raw/2026/daily/2026-03-29.parquet,QA_VALIDATED_CANONICAL_V2,RELIEF_OR_BULK,MLB,False,BULLPEN_PITCHER,P,https://raw.githubusercontent.com/lancebroz/mlb-pitcher-data/main/data/raw/2026/daily/2026-03-29.parquet,https://statsapi.mlb.com/api/v1.1/game/823647/feed/live,True,9,Bot,72,74
823647-663992,823647,2026-03-29,NYM,PIT,H,663992,Richard Lovelady,RELIEF_OR_BULK,0.0,21.0,5.0,3.0,21,21,5,5,True,False,26,6,3,2,1,2,2,1,0,https://raw.githubusercontent.com/lancebroz/mlb-pitcher-data/main/data/raw/2026/daily/2026-03-29.parquet,QA_VALIDATED_CANONICAL_V2,RELIEF_OR_BULK,MLB,False,BULLPEN_PITCHER,P,https://raw.githubusercontent.com/lancebroz/mlb-pitcher-data/main/data/raw/2026/daily/2026-03-29.parquet,https://statsapi.mlb.com/api/v1.1/game/823647/feed/live,True,10,Top,75,80
823647-664353,823647,2026-03-29,PIT,NYM,A,664353,José Urquidy,RELIEF_OR_BULK,,,,,0,0,0,0,False,False,11,4,3,1,0,1,1,0,0,https://raw.githubusercontent.com/lancebroz/mlb-pitcher-data/main/data/raw/2026/daily/2026-03-29.parquet,QA_VALIDATED_CANONICAL_V2,,,False,BULLPEN_PITCHER,P,https://raw.githubusercontent.com/lancebroz/mlb-pitcher-data/main/data/raw/2026/daily/2026-03-29.parquet,https://statsapi.mlb.com/api/v1.1/game/823647/feed/live,True,10,Bot,81,84
823647-670990,823647,2026-03-29,PIT,NYM,A,670990,Yohan Ramírez,RELIEF_OR_BULK,2.0,37.0,9.0,7.0,0,37,0,9,False,False,22,5,5,0,0,0,1,2,0,https://raw.githubusercontent.com/lancebroz/mlb-pitcher-data/main/data/raw/2026/daily/2026-03-29.parquet,QA_VALIDATED_CANONICAL_V2,RELIEF_OR_BULK,MLB,False,BULLPEN_PITCHER,P,https://raw.githubusercontent.com/lancebroz/mlb-pitcher-data/main/data/raw/2026/daily/2026-03-29.parquet,https://statsapi.mlb.com/api/v1.1/game/823647/feed/live,True,5,Bot,42,49
823647-676755,823647,2026-03-29,PIT,NYM,A,676755,Isaac Mattson,RELIEF_OR_BULK,2.0,36.0,7.0,2.0,0,36,0,7,False,False,13,3,3,0,0,0,0,2,0,https://raw.githubusercontent.com/lancebroz/mlb-pitcher-data/main/data/raw/2026/daily/2026-03-29.parquet,QA_VALIDATED_CANONICAL_V2,RELIEF_OR_BULK,MLB,False,BULLPEN_PITCHER,P,https://raw.githubusercontent.com/lancebroz/mlb-pitcher-data/main/data/raw/2026/daily/2026-03-29.parquet,https://statsapi.mlb.com/api/v1.1/game/823647/feed/live,True,8,Bot,64,66
823647-682254,823647,2026-03-29,PIT,NYM,A,682254,Mason Montgomery,RELIEF_OR_BULK,2.0,42.0,8.0,4.0,0,42,0,8,False,False,20,5,3,0,0,2,0,3,0,https://raw.githubusercontent.com/lancebroz/mlb-pitcher-data/main/data/raw/2026/daily/2026-03-29.parquet,QA_VALIDATED_CANONICAL_V2,RELIEF_OR_BULK,MLB,False,BULLPEN_PITCHER,P,https://raw.githubusercontent.com/lancebroz/mlb-pitcher-data/main/data/raw/2026/daily/2026-03-29.parquet,https://statsapi.mlb.com/api/v1.1/game/823647/feed/live,True,7,Bot,54,58
823891-622608,823891,2026-03-29,COL,MIA,A,622608,Antonio Senzatela,RELIEF_OR_BULK,,,,,0,0,0,0,False,False,43,10,8,0,0,1,1,3,0,https://raw.githubusercontent.com/lancebroz/mlb-pitcher-data/main/data/raw/2026/daily/2026-03-29.parquet,QA_VALIDATED_CANONICAL_V2,,,False,BULLPEN_PITCHER,P,https://raw.githubusercontent.com/lancebroz/mlb-pitcher-data/main/data/raw/2026/daily/2026-03-29.parquet,https://statsapi.mlb.com/api/v1.1/game/823891/feed/live,True,6,Bot,48,65
823891-623474,823891,2026-03-29,COL,MIA,A,623474,Jimmy Herget,RELIEF_OR_BULK,1.0,20.0,6.0,4.0,20,20,6,6,False,False,8,2,2,0,0,0,0,2,0,https://raw.githubusercontent.com/lancebroz/mlb-pitcher-data/main/data/raw/2026/daily/2026-03-29.parquet,QA_VALIDATED_CANONICAL_V2,RELIEF_OR_BULK,MLB,False,BULLPEN_PITCHER,P,https://raw.githubusercontent.com/lancebroz/mlb-pitcher-data/main/data/raw/2026/daily/2026-03-29.parquet,https://statsapi.mlb.com/api/v1.1/game/823891/feed/live,True,5,Bot,43,44
823891-656848,823891,2026-03-29,MIA,COL,H,656848,Michael Petersen,RELIEF_OR_BULK,,,,,0,0,0,0,False,False,11,3,3,0,0,0,0,2,0,https://raw.githubusercontent.com/lancebroz/mlb-pitcher-data/main/data/raw/2026/daily/2026-03-29.parquet,QA_VALIDATED_CANONICAL_V2,,,False,BULLPEN_PITCHER,P,https://raw.githubusercontent.com/lancebroz/mlb-pitcher-data/main/data/raw/2026/daily/2026-03-29.parquet,https://statsapi.mlb.com/api/v1.1/game/823891/feed/live,True,9,Top,68,70
823891-663969,823891,2026-03-29,MIA,COL,H,663969,Tyler Phillips,RELIEF_OR_BULK,,,,,0,0,0,0,False,False,22,8,6,0,0,1,0,2,0,https://raw.githubusercontent.com/lancebroz/mlb-pitcher-data/main/data/raw/2026/daily/2026-03-29.parquet,QA_VALIDATED_CANONICAL_V2,,,False,BULLPEN_PITCHER,P,https://raw.githubusercontent.com/lancebroz/mlb-pitcher-data/main/data/raw/2026/daily/2026-03-29.parquet,https://statsapi.mlb.com/api/v1.1/game/823891/feed/live,True,6,Top,45,55
823891-667463,823891,2026-03-29,MIA,COL,H,667463,John King,RELIEF_OR_BULK,,,,,0,0,0,0,False,False,14,3,3,0,0,0,0,2,0,https://raw.githubusercontent.com/lancebroz/mlb-pitcher-data/main/data/raw/2026/daily/2026-03-29.parquet,QA_VALIDATED_CANONICAL_V2,,,False,BULLPEN_PITCHER,P,https://raw.githubusercontent.com/lancebroz/mlb-pitcher-data/main/data/raw/2026/daily/2026-03-29.parquet,https://statsapi.mlb.com/api/v1.1/game/823891/feed/live,True,8,Top,59,61
823891-680767,823891,2026-03-29,COL,MIA,A,680767,Victor Vodnik,RELIEF_OR_BULK,,,,,0,0,0,0,False,False,11,6,3,2,2,3,0,1,1,https://raw.githubusercontent.com/lancebroz/mlb-pitcher-data/main/data/raw/2026/daily/2026-03-29.parquet,QA_VALIDATED_CANONICAL_V2,,,False,BULLPEN_PITCHER,P,https://raw.githubusercontent.com/lancebroz/mlb-pitcher-data/main/data/raw/2026/daily/2026-03-29.parquet,https://statsapi.mlb.com/api/v1.1/game/823891/feed/live,True,8,Bot,66,74
824538-572955,824538,2026-03-29,CIN,BOS,H,572955,Pierce Johnson,RELIEF_OR_BULK,0.0,7.0,3.0,2.0,7,16,3,6,True,False,13,3,2,0,0,1,0,0,0,https://raw.githubusercontent.com/lancebroz/mlb-pitcher-data/main/data/raw/2026/daily/2026-03-29.parquet,QA_VALIDATED_CANONICAL_V2,RELIEF_OR_BULK,MLB,False,BULLPEN_PITCHER,P,https://raw.githubusercontent.com/lancebroz/mlb-pitcher-data/main/data/raw/2026/daily/2026-03-29.parquet,https://statsapi.mlb.com/api/v1.1/game/824538/feed/live,True,7,Top,50,52
824538-641941,824538,2026-03-29,CIN,BOS,H,641941,Emilio Pagán,RELIEF_OR_BULK,0.0,22.0,5.0,4.0,22,22,5,5,True,False,12,5,3,0,0,1,1,0,0,https://raw.githubusercontent.com/lancebroz/mlb-pitcher-data/main/data/raw/2026/daily/2026-03-29.parquet,QA_VALIDATED_CANONICAL_V2,RELIEF_OR_BULK,MLB,False,BULLPEN_PITCHER,P,https://raw.githubusercontent.com/lancebroz/mlb-pitcher-data/main/data/raw/2026/daily/2026-03-29.parquet,https://statsapi.mlb.com/api/v1.1/game/824538/feed/live,True,9,Top,66,70
824538-656271,824538,2026-03-29,CIN,BOS,H,656271,Brock Burke,RELIEF_OR_BULK,2.0,3.0,2.0,1.0,0,3,0,2,False,False,27,5,4,0,0,1,1,0,0,https://raw.githubusercontent.com/lancebroz/mlb-pitcher-data/main/data/raw/2026/daily/2026-03-29.parquet,QA_VALIDATED_CANONICAL_V2,RELIEF_OR_BULK,MLB,False,BULLPEN_PITCHER,P,https://raw.githubusercontent.com/lancebroz/mlb-pitcher-data/main/data/raw/2026/daily/2026-03-29.parquet,https://statsapi.mlb.com/api/v1.1/game/824538/feed/live,True,6,Top,39,49
824538-663558,824538,2026-03-29,BOS,CIN,A,663558,Jovani Morán,RELIEF_OR_BULK,,,,,0,0,0,0,False,False,25,8,6,0,0,1,1,2,0,https://raw.githubusercontent.com/lancebroz/mlb-pitcher-data/main/data/raw/2026/daily/2026-03-29.parquet,QA_VALIDATED_CANONICAL_V2,,,False,BULLPEN_PITCHER,P,https://raw.githubusercontent.com/lancebroz/mlb-pitcher-data/main/data/raw/2026/daily/2026-03-29.parquet,https://statsapi.mlb.com/api/v1.1/game/824538/feed/live,True,7,Bot,53,65
824538-663574,824538,2026-03-29,CIN,BOS,H,663574,Tony Santillan,RELIEF_OR_BULK,0.0,25.0,5.0,3.0,25,25,5,5,True,False,27,5,3,0,0,1,2,2,0,https://raw.githubusercontent.com/lancebroz/mlb-pitcher-data/main/data/raw/2026/daily/2026-03-29.parquet,QA_VALIDATED_CANONICAL_V2,RELIEF_OR_BULK,MLB,False,BULLPEN_PITCHER,P,https://raw.githubusercontent.com/lancebroz/mlb-pitcher-data/main/data/raw/2026/daily/2026-03-29.parquet,https://statsapi.mlb.com/api/v1.1/game/824538/feed/live,True,8,Top,56,60
824538-669711,824538,2026-03-29,BOS,CIN,A,669711,Greg Weissert,RELIEF_OR_BULK,0.0,27.0,6.0,3.0,27,27,6,6,True,False,15,4,2,2,2,1,1,1,1,https://raw.githubusercontent.com/lancebroz/mlb-pitcher-data/main/data/raw/2026/daily/2026-03-29.parquet,QA_VALIDATED_CANONICAL_V2,RELIEF_OR_BULK,MLB,False,BULLPEN_PITCHER,P,https://raw.githubusercontent.com/lancebroz/mlb-pitcher-data/main/data/raw/2026/daily/2026-03-29.parquet,https://statsapi.mlb.com/api/v1.1/game/824538/feed/live,True,6,Bot,45,48
823810-622554,823810,2026-03-29,CWS,MIL,A,622554,Seranthony Domínguez,RELIEF_OR_BULK,0.0,13.0,4.0,3.0,13,13,4,4,True,False,19,4,1,2,2,2,1,0,1,https://raw.githubusercontent.com/lancebroz/mlb-pitcher-data/main/data/raw/2026/daily/2026-03-29.parquet,QA_VALIDATED_CANONICAL_V2,RELIEF_OR_BULK,MLB,False,BULLPEN_PITCHER,P,https://raw.githubusercontent.com/lancebroz/mlb-pitcher-data/main/data/raw/2026/daily/2026-03-29.parquet,https://statsapi.mlb.com/api/v1.1/game/823810/feed/live,True,8,Bot,72,75
823810-656730,823810,2026-03-29,MIL,CWS,H,656730,Trevor Megill,RELIEF_OR_BULK,,,,,0,0,0,0,False,False,15,4,3,0,0,1,0,2,0,https://raw.githubusercontent.com/lancebroz/mlb-pitcher-data/main/data/raw/2026/daily/2026-03-29.parquet,QA_VALIDATED_CANONICAL_V2,,,False,BULLPEN_PITCHER,P,https://raw.githubusercontent.com/lancebroz/mlb-pitcher-data/main/data/raw/2026/daily/2026-03-29.parquet,https://statsapi.mlb.com/api/v1.1/game/823810/feed/live,True,9,Top,77,80
823810-657649,823810,2026-03-29,MIL,CWS,H,657649,Jared Koenig,RELIEF_OR_BULK,,,,,0,0,0,0,False,False,13,3,3,0,0,0,0,3,0,https://raw.githubusercontent.com/lancebroz/mlb-pitcher-data/main/data/raw/2026/daily/2026-03-29.parquet,QA_VALIDATED_CANONICAL_V2,,,False,BULLPEN_PITCHER,P,https://raw.githubusercontent.com/lancebroz/mlb-pitcher-data/main/data/raw/2026/daily/2026-03-29.parquet,https://statsapi.mlb.com/api/v1.1/game/823810/feed/live,True,6,Top,48,50
823810-663765,823810,2026-03-29,MIL,CWS,H,663765,Jake Woodford,RELIEF_OR_BULK,2.0,16.0,4.0,3.0,0,16,0,4,False,False,22,6,6,0,0,1,0,1,0,https://raw.githubusercontent.com/lancebroz/mlb-pitcher-data/main/data/raw/2026/daily/2026-03-29.parquet,QA_VALIDATED_CANONICAL_V2,RELIEF_OR_BULK,MLB,False,BULLPEN_PITCHER,P,https://raw.githubusercontent.com/lancebroz/mlb-pitcher-data/main/data/raw/2026/daily/2026-03-29.parquet,https://statsapi.mlb.com/api/v1.1/game/823810/feed/live,True,7,Top,56,66
823810-663855,823810,2026-03-29,CWS,MIL,A,663855,Jordan Hicks,RELIEF_OR_BULK,2.0,34.0,7.0,2.0,0,34,0,7,False,False,3,1,1,0,0,0,0,1,0,https://raw.githubusercontent.com/lancebroz/mlb-pitcher-data/main/data/raw/2026/daily/2026-03-29.parquet,QA_VALIDATED_CANONICAL_V2,RELIEF_OR_BULK,MLB,False,BULLPEN_PITCHER,P,https://raw.githubusercontent.com/lancebroz/mlb-pitcher-data/main/data/raw/2026/daily/2026-03-29.parquet,https://statsapi.mlb.com/api/v1.1/game/823810/feed/live,True,8,Bot,76,76
823810-669684,823810,2026-03-29,CWS,MIL,A,669684,Chris Murphy,RELIEF_OR_BULK,0.0,15.0,4.0,3.0,15,15,4,4,True,False,17,5,1,4,4,3,1,1,0,https://raw.githubusercontent.com/lancebroz/mlb-pitcher-data/main/data/raw/2026/daily/2026-03-29.parquet,QA_VALIDATED_CANONICAL_V2,RELIEF_OR_BULK,MLB,False,BULLPEN_PITCHER,P,https://raw.githubusercontent.com/lancebroz/mlb-pitcher-data/main/data/raw/2026/daily/2026-03-29.parquet,https://statsapi.mlb.com/api/v1.1/game/823810/feed/live,True,8,Bot,67,71
823810-673929,823810,2026-03-29,CWS,MIL,A,673929,Jordan Leasure,RELIEF_OR_BULK,2.0,11.0,3.0,3.0,0,11,0,3,False,False,26,6,4,1,1,2,0,2,0,https://raw.githubusercontent.com/lancebroz/mlb-pitcher-data/main/data/raw/2026/daily/2026-03-29.parquet,QA_VALIDATED_CANONICAL_V2,RELIEF_OR_BULK,MLB,False,BULLPEN_PITCHER,P,https://raw.githubusercontent.com/lancebroz/mlb-pitcher-data/main/data/raw/2026/daily/2026-03-29.parquet,https://statsapi.mlb.com/api/v1.1/game/823810/feed/live,True,5,Bot,47,55
823810-681982,823810,2026-03-29,MIL,CWS,H,681982,Grant Anderson,RELIEF_OR_BULK,2.0,7.0,3.0,3.0,0,7,0,3,False,False,31,8,6,0,0,1,1,3,0,https://raw.githubusercontent.com/lancebroz/mlb-pitcher-data/main/data/raw/2026/daily/2026-03-29.parquet,QA_VALIDATED_CANONICAL_V2,RELIEF_OR_BULK,MLB,False,BULLPEN_PITCHER,P,https://raw.githubusercontent.com/lancebroz/mlb-pitcher-data/main/data/raw/2026/daily/2026-03-29.parquet,https://statsapi.mlb.com/api/v1.1/game/823810/feed/live,True,4,Top,31,42
823810-691799,823810,2026-03-29,CWS,MIL,A,691799,Grant Taylor,RELIEF_OR_BULK,0.0,26.0,6.0,3.0,26,26,6,6,True,False,24,5,3,0,0,1,1,3,0,https://raw.githubusercontent.com/lancebroz/mlb-pitcher-data/main/data/raw/2026/daily/2026-03-29.parquet,QA_VALIDATED_CANONICAL_V2,RELIEF_OR_BULK,MLB,False,BULLPEN_PITCHER,P,https://raw.githubusercontent.com/lancebroz/mlb-pitcher-data/main/data/raw/2026/daily/2026-03-29.parquet,https://statsapi.mlb.com/api/v1.1/game/823810/feed/live,True,7,Bot,59,63
824215-519141,824215,2026-03-29,LAA,HOU,A,519141,Drew Pomeranz,RELIEF_OR_BULK,2.0,12.0,3.0,3.0,0,12,0,3,False,False,17,8,3,3,3,2,2,0,0,https://raw.githubusercontent.com/lancebroz/mlb-pitcher-data/main/data/raw/2026/daily/2026-03-29.parquet,QA_VALIDATED_CANONICAL_V2,RELIEF_OR_BULK,MLB,False,BULLPEN_PITCHER,P,https://raw.githubusercontent.com/lancebroz/mlb-pitcher-data/main/data/raw/2026/daily/2026-03-29.parquet,https://statsapi.mlb.com/api/v1.1/game/824215/feed/live,True,8,Bot,69,76
824215-595345,824215,2026-03-29,HOU,LAA,H,595345,Steven Okert,RELIEF_OR_BULK,1.0,20.0,5.0,5.0,20,20,5,5,False,False,15,3,3,0,0,0,1,0,0,https://raw.githubusercontent.com/lancebroz/mlb-pitcher-data/main/data/raw/2026/daily/2026-03-29.parquet,QA_VALIDATED_CANONICAL_V2,RELIEF_OR_BULK,MLB,False,BULLPEN_PITCHER,P,https://raw.githubusercontent.com/lancebroz/mlb-pitcher-data/main/data/raw/2026/daily/2026-03-29.parquet,https://statsapi.mlb.com/api/v1.1/game/824215/feed/live,True,6,Top,52,54
824215-650556,824215,2026-03-29,HOU,LAA,H,650556,Bryan Abreu,RELIEF_OR_BULK,0.0,26.0,6.0,3.0,26,26,6,6,True,False,14,3,1,1,1,0,2,0,0,https://raw.githubusercontent.com/lancebroz/mlb-pitcher-data/main/data/raw/2026/daily/2026-03-29.parquet,QA_VALIDATED_CANONICAL_V2,RELIEF_OR_BULK,MLB,False,BULLPEN_PITCHER,P,https://raw.githubusercontent.com/lancebroz/mlb-pitcher-data/main/data/raw/2026/daily/2026-03-29.parquet,https://statsapi.mlb.com/api/v1.1/game/824215/feed/live,True,9,Top,77,79
824215-681217,824215,2026-03-29,LAA,HOU,A,681217,Chase Silseth,RELIEF_OR_BULK,1.0,10.0,2.0,2.0,10,11,2,3,False,False,14,4,3,0,0,1,0,1,0,https://raw.githubusercontent.com/lancebroz/mlb-pitcher-data/main/data/raw/2026/daily/2026-03-29.parquet,QA_VALIDATED_CANONICAL_V2,RELIEF_OR_BULK,MLB,False,BULLPEN_PITCHER,P,https://raw.githubusercontent.com/lancebroz/mlb-pitcher-data/main/data/raw/2026/daily/2026-03-29.parquet,https://statsapi.mlb.com/api/v1.1/game/824215/feed/live,True,5,Bot,48,51
824215-682610,824215,2026-03-29,HOU,LAA,H,682610,Roddery Muñoz,RELIEF_OR_BULK,1.0,26.0,5.0,2.0,26,26,5,5,False,False,47,10,6,2,2,3,1,4,1,https://raw.githubusercontent.com/lancebroz/mlb-pitcher-data/main/data/raw/2026/daily/2026-03-29.parquet,QA_VALIDATED_CANONICAL_V2,RELIEF_OR_BULK,MLB,False,BULLPEN_PITCHER,P,https://raw.githubusercontent.com/lancebroz/mlb-pitcher-data/main/data/raw/2026/daily/2026-03-29.parquet,https://statsapi.mlb.com/api/v1.1/game/824215/feed/live,True,3,Top,29,44
824215-685005,824215,2026-03-29,HOU,LAA,H,685005,Christian Roa,RELIEF_OR_BULK,2.0,33.0,6.0,3.0,0,33,0,6,False,False,3,1,1,0,0,0,0,1,0,https://raw.githubusercontent.com/lancebroz/mlb-pitcher-data/main/data/raw/2026/daily/2026-03-29.parquet,QA_VALIDATED_CANONICAL_V2,RELIEF_OR_BULK,MLB,False,BULLPEN_PITCHER,P,https://raw.githubusercontent.com/lancebroz/mlb-pitcher-data/main/data/raw/2026/daily/2026-03-29.parquet,https://statsapi.mlb.com/api/v1.1/game/824215/feed/live,True,5,Top,45,45
824215-687911,824215,2026-03-29,HOU,LAA,H,687911,Bryan King,RELIEF_OR_BULK,0.0,17.0,4.0,3.0,17,34,4,10,True,False,18,3,2,0,0,1,0,2,0,https://raw.githubusercontent.com/lancebroz/mlb-pitcher-data/main/data/raw/2026/daily/2026-03-29.parquet,QA_VALIDATED_CANONICAL_V2,RELIEF_OR_BULK,MLB,False,BULLPEN_PITCHER,P,https://raw.githubusercontent.com/lancebroz/mlb-pitcher-data/main/data/raw/2026/daily/2026-03-29.parquet,https://statsapi.mlb.com/api/v1.1/game/824215/feed/live,True,9,Top,80,82
824215-696147,824215,2026-03-29,LAA,HOU,A,696147,Sam Bachman,RELIEF_OR_BULK,1.0,27.0,5.0,3.0,27,27,5,5,False,False,34,8,6,0,0,0,2,2,0,https://raw.githubusercontent.com/lancebroz/mlb-pitcher-data/main/data/raw/2026/daily/2026-03-29.parquet,QA_VALIDATED_CANONICAL_V2,RELIEF_OR_BULK,MLB,False,BULLPEN_PITCHER,P,https://raw.githubusercontent.com/lancebroz/mlb-pitcher-data/main/data/raw/2026/daily/2026-03-29.parquet,https://statsapi.mlb.com/api/v1.1/game/824215/feed/live,True,6,Bot,55,65
824215-805123,824215,2026-03-29,HOU,LAA,H,805123,AJ Blubaugh,RELIEF_OR_BULK,2.0,41.0,9.0,7.0,0,41,0,9,False,False,23,6,6,0,0,0,0,2,0,https://raw.githubusercontent.com/lancebroz/mlb-pitcher-data/main/data/raw/2026/daily/2026-03-29.parquet,QA_VALIDATED_CANONICAL_V2,RELIEF_OR_BULK,MLB,False,BULLPEN_PITCHER,P,https://raw.githubusercontent.com/lancebroz/mlb-pitcher-data/main/data/raw/2026/daily/2026-03-29.parquet,https://statsapi.mlb.com/api/v1.1/game/824215/feed/live,True,7,Top,60,68
823079-641329,823079,2026-03-29,TB,STL,A,641329,Bryan Baker,RELIEF_OR_BULK,0.0,13.0,3.0,3.0,13,13,3,3,True,False,10,3,3,0,0,0,0,0,0,https://raw.githubusercontent.com/lancebroz/mlb-pitcher-data/main/data/raw/2026/daily/2026-03-29.parquet,QA_VALIDATED_CANONICAL_V2,RELIEF_OR_BULK,MLB,False,BULLPEN_PITCHER,P,https://raw.githubusercontent.com/lancebroz/mlb-pitcher-data/main/data/raw/2026/daily/2026-03-29.parquet,https://statsapi.mlb.com/api/v1.1/game/823079/feed/live,True,9,Bot,86,88
823079-664076,823079,2026-03-29,TB,STL,A,664076,Garrett Cleavinger,RELIEF_OR_BULK,2.0,9.0,3.0,1.0,0,9,0,3,False,False,23,6,3,0,0,1,2,1,0,https://raw.githubusercontent.com/lancebroz/mlb-pitcher-data/main/data/raw/2026/daily/2026-03-29.parquet,QA_VALIDATED_CANONICAL_V2,RELIEF_OR_BULK,MLB,False,BULLPEN_PITCHER,P,https://raw.githubusercontent.com/lancebroz/mlb-pitcher-data/main/data/raw/2026/daily/2026-03-29.parquet,https://statsapi.mlb.com/api/v1.1/game/823079/feed/live,True,7,Bot,59,64
823079-666277,823079,2026-03-29,STL,TB,H,666277,George Soriano,RELIEF_OR_BULK,,,,,0,0,0,0,False,False,12,3,3,0,0,0,0,0,0,https://raw.githubusercontent.com/lancebroz/mlb-pitcher-data/main/data/raw/2026/daily/2026-03-29.parquet,QA_VALIDATED_CANONICAL_V2,,,False,BULLPEN_PITCHER,P,https://raw.githubusercontent.com/lancebroz/mlb-pitcher-data/main/data/raw/2026/daily/2026-03-29.parquet,https://statsapi.mlb.com/api/v1.1/game/823079/feed/live,True,7,Top,56,58
823079-669438,823079,2026-03-29,TB,STL,A,669438,Mason Englert,RELIEF_OR_BULK,,,,,0,0,0,0,False,False,24,6,3,3,3,3,0,1,2,https://raw.githubusercontent.com/lancebroz/mlb-pitcher-data/main/data/raw/2026/daily/2026-03-29.parquet,QA_VALIDATED_CANONICAL_V2,,,False,BULLPEN_PITCHER,P,https://raw.githubusercontent.com/lancebroz/mlb-pitcher-data/main/data/raw/2026/daily/2026-03-29.parquet,https://statsapi.mlb.com/api/v1.1/game/823079/feed/live,True,8,Bot,72,77
823079-677865,823079,2026-03-29,STL,TB,H,677865,Justin Bruihl,RELIEF_OR_BULK,2.0,9.0,3.0,1.0,0,9,0,3,False,False,29,8,6,0,0,1,1,2,0,https://raw.githubusercontent.com/lancebroz/mlb-pitcher-data/main/data/raw/2026/daily/2026-03-29.parquet,QA_VALIDATED_CANONICAL_V2,RELIEF_OR_BULK,MLB,False,BULLPEN_PITCHER,P,https://raw.githubusercontent.com/lancebroz/mlb-pitcher-data/main/data/raw/2026/daily/2026-03-29.parquet,https://statsapi.mlb.com/api/v1.1/game/823079/feed/live,True,5,Top,40,51
823079-687330,823079,2026-03-29,TB,STL,A,687330,Kevin Kelly,RELIEF_OR_BULK,,,,,0,0,0,0,False,False,10,4,3,0,0,1,0,1,0,https://raw.githubusercontent.com/lancebroz/mlb-pitcher-data/main/data/raw/2026/daily/2026-03-29.parquet,QA_VALIDATED_CANONICAL_V2,,,False,BULLPEN_PITCHER,P,https://raw.githubusercontent.com/lancebroz/mlb-pitcher-data/main/data/raw/2026/daily/2026-03-29.parquet,https://statsapi.mlb.com/api/v1.1/game/823079/feed/live,True,6,Bot,52,55
823079-688297,823079,2026-03-29,STL,TB,H,688297,Chris Roycroft,RELIEF_OR_BULK,2.0,13.0,4.0,1.0,0,13,0,4,False,False,29,8,3,2,2,3,1,0,0,https://raw.githubusercontent.com/lancebroz/mlb-pitcher-data/main/data/raw/2026/daily/2026-03-29.parquet,QA_VALIDATED_CANONICAL_V2,RELIEF_OR_BULK,MLB,False,BULLPEN_PITCHER,P,https://raw.githubusercontent.com/lancebroz/mlb-pitcher-data/main/data/raw/2026/daily/2026-03-29.parquet,https://statsapi.mlb.com/api/v1.1/game/823079/feed/live,True,9,Top,78,85
823079-690155,823079,2026-03-29,STL,TB,H,690155,Matt Pushard,RELIEF_OR_BULK,,,,,0,0,0,0,False,False,31,7,3,3,3,3,1,1,0,https://raw.githubusercontent.com/lancebroz/mlb-pitcher-data/main/data/raw/2026/daily/2026-03-29.parquet,QA_VALIDATED_CANONICAL_V2,,,False,BULLPEN_PITCHER,P,https://raw.githubusercontent.com/lancebroz/mlb-pitcher-data/main/data/raw/2026/daily/2026-03-29.parquet,https://statsapi.mlb.com/api/v1.1/game/823079/feed/live,True,8,Top,65,71
824700-571948,824700,2026-03-29,CHC,WSH,H,571948,Hoby Milner,RELIEF_OR_BULK,2.0,11.0,5.0,3.0,0,11,0,5,False,False,17,5,3,2,2,2,0,0,1,https://raw.githubusercontent.com/lancebroz/mlb-pitcher-data/main/data/raw/2026/daily/2026-03-29.parquet,QA_VALIDATED_CANONICAL_V2,RELIEF_OR_BULK,MLB,False,BULLPEN_PITCHER,P,https://raw.githubusercontent.com/lancebroz/mlb-pitcher-data/main/data/raw/2026/daily/2026-03-29.parquet,https://statsapi.mlb.com/api/v1.1/game/824700/feed/live,True,8,Top,58,62
824700-640451,824700,2026-03-29,CHC,WSH,H,640451,Hunter Harvey,RELIEF_OR_BULK,,,,,0,0,0,0,False,False,10,4,3,0,0,1,0,0,0,https://raw.githubusercontent.com/lancebroz/mlb-pitcher-data/main/data/raw/2026/daily/2026-03-29.parquet,QA_VALIDATED_CANONICAL_V2,,,False,BULLPEN_PITCHER,P,https://raw.githubusercontent.com/lancebroz/mlb-pitcher-data/main/data/raw/2026/daily/2026-03-29.parquet,https://statsapi.mlb.com/api/v1.1/game/824700/feed/live,True,7,Top,51,54
824700-664208,824700,2026-03-29,CHC,WSH,H,664208,Phil Maton,RELIEF_OR_BULK,0.0,9.0,2.0,2.0,9,9,2,2,True,False,23,5,3,0,0,0,1,1,0,https://raw.githubusercontent.com/lancebroz/mlb-pitcher-data/main/data/raw/2026/daily/2026-03-29.parquet,QA_VALIDATED_CANONICAL_V2,RELIEF_OR_BULK,MLB,False,BULLPEN_PITCHER,P,https://raw.githubusercontent.com/lancebroz/mlb-pitcher-data/main/data/raw/2026/daily/2026-03-29.parquet,https://statsapi.mlb.com/api/v1.1/game/824700/feed/live,True,6,Top,42,46
824700-672335,824700,2026-03-29,WSH,CHC,A,672335,Cionel Pérez,RELIEF_OR_BULK,2.0,12.0,3.0,3.0,0,12,0,3,False,False,11,4,3,1,1,1,0,1,1,https://raw.githubusercontent.com/lancebroz/mlb-pitcher-data/main/data/raw/2026/daily/2026-03-29.parquet,QA_VALIDATED_CANONICAL_V2,RELIEF_OR_BULK,MLB,False,BULLPEN_PITCHER,P,https://raw.githubusercontent.com/lancebroz/mlb-pitcher-data/main/data/raw/2026/daily/2026-03-29.parquet,https://statsapi.mlb.com/api/v1.1/game/824700/feed/live,True,8,Bot,63,66
824700-676571,824700,2026-03-29,WSH,CHC,A,676571,PJ Poulin,RELIEF_OR_BULK,2.0,24.0,5.0,3.0,0,24,0,5,False,False,14,3,2,0,0,0,1,1,0,https://raw.githubusercontent.com/lancebroz/mlb-pitcher-data/main/data/raw/2026/daily/2026-03-29.parquet,QA_VALIDATED_CANONICAL_V2,RELIEF_OR_BULK,MLB,False,BULLPEN_PITCHER,P,https://raw.githubusercontent.com/lancebroz/mlb-pitcher-data/main/data/raw/2026/daily/2026-03-29.parquet,https://statsapi.mlb.com/api/v1.1/game/824700/feed/live,True,6,Bot,47,49
824700-681402,824700,2026-03-29,WSH,CHC,A,681402,Gus Varland,RELIEF_OR_BULK,,,,,0,0,0,0,False,False,9,4,4,0,0,0,0,1,0,https://raw.githubusercontent.com/lancebroz/mlb-pitcher-data/main/data/raw/2026/daily/2026-03-29.parquet,QA_VALIDATED_CANONICAL_V2,,,False,BULLPEN_PITCHER,P,https://raw.githubusercontent.com/lancebroz/mlb-pitcher-data/main/data/raw/2026/daily/2026-03-29.parquet,https://statsapi.mlb.com/api/v1.1/game/824700/feed/live,True,6,Bot,50,57
824700-690925,824700,2026-03-29,WSH,CHC,A,690925,Clayton Beeter,RELIEF_OR_BULK,2.0,24.0,5.0,3.0,0,24,0,5,False,False,6,3,3,0,0,0,0,0,0,https://raw.githubusercontent.com/lancebroz/mlb-pitcher-data/main/data/raw/2026/daily/2026-03-29.parquet,QA_VALIDATED_CANONICAL_V2,RELIEF_OR_BULK,MLB,False,BULLPEN_PITCHER,P,https://raw.githubusercontent.com/lancebroz/mlb-pitcher-data/main/data/raw/2026/daily/2026-03-29.parquet,https://statsapi.mlb.com/api/v1.1/game/824700/feed/live,True,9,Bot,71,73
824700-694037,824700,2026-03-29,CHC,WSH,H,694037,Daniel Palencia,RELIEF_OR_BULK,,,,,0,0,0,0,False,False,16,4,3,0,0,2,0,1,0,https://raw.githubusercontent.com/lancebroz/mlb-pitcher-data/main/data/raw/2026/daily/2026-03-29.parquet,QA_VALIDATED_CANONICAL_V2,,,False,BULLPEN_PITCHER,P,https://raw.githubusercontent.com/lancebroz/mlb-pitcher-data/main/data/raw/2026/daily/2026-03-29.parquet,https://statsapi.mlb.com/api/v1.1/game/824700/feed/live,True,9,Top,67,70
823160-670059,823160,2026-03-29,CLE,SEA,A,670059,Colin Holderman,RELIEF_OR_BULK,1.0,27.0,5.0,3.0,27,27,5,5,False,False,35,9,6,1,0,1,1,2,0,https://raw.githubusercontent.com/lancebroz/mlb-pitcher-data/main/data/raw/2026/daily/2026-03-29.parquet,QA_VALIDATED_CANONICAL_V2,RELIEF_OR_BULK,MLB,False,BULLPEN_PITCHER,P,https://raw.githubusercontent.com/lancebroz/mlb-pitcher-data/main/data/raw/2026/daily/2026-03-29.parquet,https://statsapi.mlb.com/api/v1.1/game/823160/feed/live,True,7,Bot,55,67
823160-681867,823160,2026-03-29,SEA,CLE,H,681867,Cooper Criswell,RELIEF_OR_BULK,2.0,17.0,4.0,3.0,0,17,0,4,False,False,44,10,9,0,0,2,0,5,0,https://raw.githubusercontent.com/lancebroz/mlb-pitcher-data/main/data/raw/2026/daily/2026-03-29.parquet,QA_VALIDATED_CANONICAL_V2,RELIEF_OR_BULK,MLB,False,BULLPEN_PITCHER,P,https://raw.githubusercontent.com/lancebroz/mlb-pitcher-data/main/data/raw/2026/daily/2026-03-29.parquet,https://statsapi.mlb.com/api/v1.1/game/823160/feed/live,True,7,Top,52,70
823160-688883,823160,2026-03-29,CLE,SEA,A,688883,Peyton Pallette,RELIEF_OR_BULK,1.0,21.0,6.0,6.0,21,21,6,6,False,False,38,9,5,1,1,2,1,1,0,https://raw.githubusercontent.com/lancebroz/mlb-pitcher-data/main/data/raw/2026/daily/2026-03-29.parquet,QA_VALIDATED_CANONICAL_V2,RELIEF_OR_BULK,MLB,False,BULLPEN_PITCHER,P,https://raw.githubusercontent.com/lancebroz/mlb-pitcher-data/main/data/raw/2026/daily/2026-03-29.parquet,https://statsapi.mlb.com/api/v1.1/game/823160/feed/live,True,5,Bot,40,51
824135-573124,824135,2026-03-30,MIN,KC,A,573124,Taylor Rogers,RELIEF_OR_BULK,3.0,10.0,4.0,3.0,0,0,0,0,False,False,14,3,3,0,0,0,0,1,0,https://raw.githubusercontent.com/lancebroz/mlb-pitcher-data/main/data/raw/2026/daily/2026-03-30.parquet,QA_VALIDATED_CANONICAL_V2,RELIEF_OR_BULK,MLB,False,BULLPEN_PITCHER,P,https://raw.githubusercontent.com/lancebroz/mlb-pitcher-data/main/data/raw/2026/daily/2026-03-30.parquet,https://statsapi.mlb.com/api/v1.1/game/824135/feed/live,True,8,Bot,57,59
824135-623437,824135,2026-03-30,MIN,KC,A,623437,Justin Topa,RELIEF_OR_BULK,1.0,12.0,3.0,3.0,12,12,3,3,False,False,10,2,2,0,0,0,0,1,0,https://raw.githubusercontent.com/lancebroz/mlb-pitcher-data/main/data/raw/2026/daily/2026-03-30.parquet,QA_VALIDATED_CANONICAL_V2,RELIEF_OR_BULK,MLB,False,BULLPEN_PITCHER,P,https://raw.githubusercontent.com/lancebroz/mlb-pitcher-data/main/data/raw/2026/daily/2026-03-30.parquet,https://statsapi.mlb.com/api/v1.1/game/824135/feed/live,True,7,Bot,52,53
824135-663738,824135,2026-03-30,KC,MIN,H,663738,Daniel Lynch IV,RELIEF_OR_BULK,,,,,0,0,0,0,False,False,9,3,3,0,0,0,0,1,0,https://raw.githubusercontent.com/lancebroz/mlb-pitcher-data/main/data/raw/2026/daily/2026-03-30.parquet,QA_VALIDATED_CANONICAL_V2,,,False,BULLPEN_PITCHER,P,https://raw.githubusercontent.com/lancebroz/mlb-pitcher-data/main/data/raw/2026/daily/2026-03-30.parquet,https://statsapi.mlb.com/api/v1.1/game/824135/feed/live,True,7,Top,46,48
824135-670167,824135,2026-03-30,KC,MIN,H,670167,John Schreiber,RELIEF_OR_BULK,0.0,23.0,4.0,3.0,23,23,4,4,True,False,15,4,3,0,0,1,0,0,0,https://raw.githubusercontent.com/lancebroz/mlb-pitcher-data/main/data/raw/2026/daily/2026-03-30.parquet,QA_VALIDATED_CANONICAL_V2,RELIEF_OR_BULK,MLB,False,BULLPEN_PITCHER,P,https://raw.githubusercontent.com/lancebroz/mlb-pitcher-data/main/data/raw/2026/daily/2026-03-30.parquet,https://statsapi.mlb.com/api/v1.1/game/824135/feed/live,True,9,Top,60,63
824135-681892,824135,2026-03-30,MIN,KC,A,681892,Kody Funderburk,RELIEF_OR_BULK,1.0,13.0,4.0,2.0,13,13,4,4,False,False,26,7,4,1,1,2,1,3,1,https://raw.githubusercontent.com/lancebroz/mlb-pitcher-data/main/data/raw/2026/daily/2026-03-30.parquet,QA_VALIDATED_CANONICAL_V2,RELIEF_OR_BULK,MLB,False,BULLPEN_PITCHER,P,https://raw.githubusercontent.com/lancebroz/mlb-pitcher-data/main/data/raw/2026/daily/2026-03-30.parquet,https://statsapi.mlb.com/api/v1.1/game/824135/feed/live,True,6,Bot,42,51
824135-683232,824135,2026-03-30,KC,MIN,H,683232,Nick Mears,RELIEF_OR_BULK,,,,,0,0,0,0,False,False,8,3,3,0,0,1,0,1,0,https://raw.githubusercontent.com/lancebroz/mlb-pitcher-data/main/data/raw/2026/daily/2026-03-30.parquet,QA_VALIDATED_CANONICAL_V2,,,False,BULLPEN_PITCHER,P,https://raw.githubusercontent.com/lancebroz/mlb-pitcher-data/main/data/raw/2026/daily/2026-03-30.parquet,https://statsapi.mlb.com/api/v1.1/game/824135/feed/live,True,8,Top,54,56
824863-596001,824863,2026-03-30,TEX,BAL,A,596001,Jakob Junis,RELIEF_OR_BULK,1.0,23.0,6.0,6.0,23,23,6,6,False,False,8,3,3,0,0,0,0,0,0,https://raw.githubusercontent.com/lancebroz/mlb-pitcher-data/main/data/raw/2026/daily/2026-03-30.parquet,QA_VALIDATED_CANONICAL_V2,RELIEF_OR_BULK,MLB,False,BULLPEN_PITCHER,P,https://raw.githubusercontent.com/lancebroz/mlb-pitcher-data/main/data/raw/2026/daily/2026-03-30.parquet,https://statsapi.mlb.com/api/v1.1/game/824863/feed/live,True,7,Bot,59,61
824863-608650,824863,2026-03-30,BAL,TEX,H,608650,Dietrich Enns,RELIEF_OR_BULK,1.0,33.0,7.0,5.0,33,33,7,7,False,False,34,7,5,0,0,1,1,4,0,https://raw.githubusercontent.com/lancebroz/mlb-pitcher-data/main/data/raw/2026/daily/2026-03-30.parquet,QA_VALIDATED_CANONICAL_V2,RELIEF_OR_BULK,MLB,False,BULLPEN_PITCHER,P,https://raw.githubusercontent.com/lancebroz/mlb-pitcher-data/main/data/raw/2026/daily/2026-03-30.parquet,https://statsapi.mlb.com/api/v1.1/game/824863/feed/live,True,5,Top,40,52
824863-641302,824863,2026-03-30,TEX,BAL,A,641302,Tyler Alexander,RELIEF_OR_BULK,1.0,21.0,5.0,3.0,21,21,5,5,False,False,10,3,3,0,0,0,0,2,0,https://raw.githubusercontent.com/lancebroz/mlb-pitcher-data/main/data/raw/2026/daily/2026-03-30.parquet,QA_VALIDATED_CANONICAL_V2,RELIEF_OR_BULK,MLB,False,BULLPEN_PITCHER,P,https://raw.githubusercontent.com/lancebroz/mlb-pitcher-data/main/data/raw/2026/daily/2026-03-30.parquet,https://statsapi.mlb.com/api/v1.1/game/824863/feed/live,True,9,Bot,76,78
824863-656222,824863,2026-03-30,TEX,BAL,A,656222,Jalen Beeks,RELIEF_OR_BULK,1.0,7.0,3.0,3.0,7,7,3,3,False,False,13,5,3,0,0,2,0,1,0,https://raw.githubusercontent.com/lancebroz/mlb-pitcher-data/main/data/raw/2026/daily/2026-03-30.parquet,QA_VALIDATED_CANONICAL_V2,RELIEF_OR_BULK,MLB,False,BULLPEN_PITCHER,P,https://raw.githubusercontent.com/lancebroz/mlb-pitcher-data/main/data/raw/2026/daily/2026-03-30.parquet,https://statsapi.mlb.com/api/v1.1/game/824863/feed/live,True,8,Bot,65,69
824863-669330,824863,2026-03-30,BAL,TEX,H,669330,Tyler Wells,RELIEF_OR_BULK,0.0,27.0,6.0,2.0,27,27,6,6,True,False,26,6,3,1,1,3,0,1,0,https://raw.githubusercontent.com/lancebroz/mlb-pitcher-data/main/data/raw/2026/daily/2026-03-30.parquet,QA_VALIDATED_CANONICAL_V2,RELIEF_OR_BULK,MLB,False,BULLPEN_PITCHER,P,https://raw.githubusercontent.com/lancebroz/mlb-pitcher-data/main/data/raw/2026/daily/2026-03-30.parquet,https://statsapi.mlb.com/api/v1.1/game/824863/feed/live,True,9,Top,70,75
824863-670329,824863,2026-03-30,BAL,TEX,H,670329,Rico Garcia,RELIEF_OR_BULK,0.0,8.0,1.0,1.0,8,8,1,1,True,False,21,6,6,0,0,0,0,3,0,https://raw.githubusercontent.com/lancebroz/mlb-pitcher-data/main/data/raw/2026/daily/2026-03-30.parquet,QA_VALIDATED_CANONICAL_V2,RELIEF_OR_BULK,MLB,False,BULLPEN_PITCHER,P,https://raw.githubusercontent.com/lancebroz/mlb-pitcher-data/main/data/raw/2026/daily/2026-03-30.parquet,https://statsapi.mlb.com/api/v1.1/game/824863/feed/live,True,7,Top,56,64
823484-621237,823484,2026-03-30,PHI,WSH,H,621237,José Alvarado,RELIEF_OR_BULK,1.0,18.0,4.0,3.0,18,18,4,4,False,False,29,6,1,4,4,3,2,1,0,https://baseballsavant.mlb.com/statcast_search/csv?all=true&type=details&game_pk=823484,QA_VALIDATED_CANONICAL_V2,RELIEF_OR_BULK,MLB,False,BULLPEN_PITCHER,P,https://baseballsavant.mlb.com/statcast_search/csv?all=true&type=details&game_pk=823484,https://statsapi.mlb.com/api/v1.1/game/823484/feed/live,True,9,Top,77,82
823484-641835,823484,2026-03-30,PHI,WSH,H,641835,Tim Mayza,RELIEF_OR_BULK,1.0,32.0,8.0,6.0,32,32,8,8,False,False,23,6,6,0,0,0,0,2,0,https://baseballsavant.mlb.com/statcast_search/csv?all=true&type=details&game_pk=823484,QA_VALIDATED_CANONICAL_V2,RELIEF_OR_BULK,MLB,False,BULLPEN_PITCHER,P,https://baseballsavant.mlb.com/statcast_search/csv?all=true&type=details&game_pk=823484,https://statsapi.mlb.com/api/v1.1/game/823484/feed/live,True,7,Top,62,72
823484-664238,823484,2026-03-30,PHI,WSH,H,664238,Dylan Moore,RELIEF_OR_BULK,,,,,0,0,0,0,False,False,8,3,2,0,0,1,0,0,0,https://baseballsavant.mlb.com/statcast_search/csv?all=true&type=details&game_pk=823484,EXCLUIR_POSITION_PLAYER_PITCHING,,,False,POSITION_PLAYER_PITCHING,CF,https://baseballsavant.mlb.com/statcast_search/csv?all=true&type=details&game_pk=823484,https://statsapi.mlb.com/api/v1.1/game/823484/feed/live,True,9,Top,83,85
823484-669371,823484,2026-03-30,WSH,PHI,A,669371,Cole Henry,RELIEF_OR_BULK,1.0,11.0,3.0,3.0,11,11,3,3,False,False,18,5,3,0,0,1,1,1,0,https://baseballsavant.mlb.com/statcast_search/csv?all=true&type=details&game_pk=823484,QA_VALIDATED_CANONICAL_V2,RELIEF_OR_BULK,MLB,False,BULLPEN_PITCHER,P,https://baseballsavant.mlb.com/statcast_search/csv?all=true&type=details&game_pk=823484,https://statsapi.mlb.com/api/v1.1/game/823484/feed/live,True,9,Bot,86,90
823484-680742,823484,2026-03-30,PHI,WSH,H,680742,Jonathan Bowlan,RELIEF_OR_BULK,3.0,8.0,4.0,3.0,0,0,0,0,False,False,26,6,4,2,2,3,0,1,0,https://baseballsavant.mlb.com/statcast_search/csv?all=true&type=details&game_pk=823484,QA_VALIDATED_CANONICAL_V2,RELIEF_OR_BULK,MLB,False,BULLPEN_PITCHER,P,https://baseballsavant.mlb.com/statcast_search/csv?all=true&type=details&game_pk=823484,https://statsapi.mlb.com/api/v1.1/game/823484/feed/live,True,5,Top,44,57
823484-695418,823484,2026-03-30,WSH,PHI,A,695418,Brad Lord,RELIEF_OR_BULK,3.0,47.0,10.0,7.0,0,0,0,0,False,False,51,13,9,0,0,1,1,3,0,https://baseballsavant.mlb.com/statcast_search/csv?all=true&type=details&game_pk=823484,QA_VALIDATED_CANONICAL_V2,RELIEF_OR_BULK,MLB,False,BULLPEN_PITCHER,P,https://baseballsavant.mlb.com/statcast_search/csv?all=true&type=details&game_pk=823484,https://statsapi.mlb.com/api/v1.1/game/823484/feed/live,True,6,Bot,58,76
823890-656794,823890,2026-03-30,CWS,MIA,A,656794,Sean Newcomb,RELIEF_OR_BULK,3.0,33.0,10.0,7.0,0,0,0,0,False,False,51,12,8,1,1,3,1,5,0,https://raw.githubusercontent.com/lancebroz/mlb-pitcher-data/main/data/raw/2026/daily/2026-03-30.parquet,QA_VALIDATED_CANONICAL_V2,RELIEF_OR_BULK,MLB,False,BULLPEN_PITCHER,P,https://raw.githubusercontent.com/lancebroz/mlb-pitcher-data/main/data/raw/2026/daily/2026-03-30.parquet,https://statsapi.mlb.com/api/v1.1/game/823890/feed/live,True,6,Bot,50,68
823890-656848,823890,2026-03-30,MIA,CWS,H,656848,Michael Petersen,RELIEF_OR_BULK,0.0,11.0,3.0,3.0,11,11,3,3,True,False,11,3,3,0,0,0,0,1,0,https://raw.githubusercontent.com/lancebroz/mlb-pitcher-data/main/data/raw/2026/daily/2026-03-30.parquet,QA_VALIDATED_CANONICAL_V2,RELIEF_OR_BULK,MLB,False,BULLPEN_PITCHER,P,https://raw.githubusercontent.com/lancebroz/mlb-pitcher-data/main/data/raw/2026/daily/2026-03-30.parquet,https://statsapi.mlb.com/api/v1.1/game/823890/feed/live,True,9,Top,70,72
823890-663855,823890,2026-03-30,CWS,MIA,A,663855,Jordan Hicks,RELIEF_OR_BULK,0.0,3.0,1.0,1.0,3,3,1,1,True,False,13,5,4,0,0,0,1,1,0,https://raw.githubusercontent.com/lancebroz/mlb-pitcher-data/main/data/raw/2026/daily/2026-03-30.parquet,QA_VALIDATED_CANONICAL_V2,RELIEF_OR_BULK,MLB,False,BULLPEN_PITCHER,P,https://raw.githubusercontent.com/lancebroz/mlb-pitcher-data/main/data/raw/2026/daily/2026-03-30.parquet,https://statsapi.mlb.com/api/v1.1/game/823890/feed/live,True,8,Bot,69,76
823890-667463,823890,2026-03-30,MIA,CWS,H,667463,John King,RELIEF_OR_BULK,0.0,14.0,3.0,3.0,14,14,3,3,True,False,11,4,3,0,0,0,1,0,0,https://raw.githubusercontent.com/lancebroz/mlb-pitcher-data/main/data/raw/2026/daily/2026-03-30.parquet,QA_VALIDATED_CANONICAL_V2,RELIEF_OR_BULK,MLB,False,BULLPEN_PITCHER,P,https://raw.githubusercontent.com/lancebroz/mlb-pitcher-data/main/data/raw/2026/daily/2026-03-30.parquet,https://statsapi.mlb.com/api/v1.1/game/823890/feed/live,True,8,Top,59,62
823890-669199,823890,2026-03-30,MIA,CWS,H,669199,Lake Bachar,RELIEF_OR_BULK,,,,,0,0,0,0,False,False,42,11,9,1,1,1,1,3,0,https://raw.githubusercontent.com/lancebroz/mlb-pitcher-data/main/data/raw/2026/daily/2026-03-30.parquet,QA_VALIDATED_CANONICAL_V2,,,False,BULLPEN_PITCHER,P,https://raw.githubusercontent.com/lancebroz/mlb-pitcher-data/main/data/raw/2026/daily/2026-03-30.parquet,https://statsapi.mlb.com/api/v1.1/game/823890/feed/live,True,5,Top,36,55
824539-664875,824539,2026-03-30,PIT,CIN,A,664875,Justin Lawrence,RELIEF_OR_BULK,1.0,23.0,4.0,2.0,23,23,4,4,False,False,16,3,3,0,0,0,0,3,0,https://raw.githubusercontent.com/lancebroz/mlb-pitcher-data/main/data/raw/2026/daily/2026-03-30.parquet,QA_VALIDATED_CANONICAL_V2,RELIEF_OR_BULK,MLB,False,BULLPEN_PITCHER,P,https://raw.githubusercontent.com/lancebroz/mlb-pitcher-data/main/data/raw/2026/daily/2026-03-30.parquet,https://statsapi.mlb.com/api/v1.1/game/824539/feed/live,True,8,Bot,59,61
824539-668933,824539,2026-03-30,CIN,PIT,H,668933,Graham Ashcraft,RELIEF_OR_BULK,1.0,19.0,5.0,3.0,19,19,5,5,False,False,18,4,4,0,0,0,0,3,0,https://raw.githubusercontent.com/lancebroz/mlb-pitcher-data/main/data/raw/2026/daily/2026-03-30.parquet,QA_VALIDATED_CANONICAL_V2,RELIEF_OR_BULK,MLB,False,BULLPEN_PITCHER,P,https://raw.githubusercontent.com/lancebroz/mlb-pitcher-data/main/data/raw/2026/daily/2026-03-30.parquet,https://statsapi.mlb.com/api/v1.1/game/824539/feed/live,True,7,Top,51,58
824539-676755,824539,2026-03-30,PIT,CIN,A,676755,Isaac Mattson,RELIEF_OR_BULK,0.0,13.0,3.0,3.0,13,13,3,3,True,False,15,4,3,0,0,0,1,1,0,https://raw.githubusercontent.com/lancebroz/mlb-pitcher-data/main/data/raw/2026/daily/2026-03-30.parquet,QA_VALIDATED_CANONICAL_V2,RELIEF_OR_BULK,MLB,False,BULLPEN_PITCHER,P,https://raw.githubusercontent.com/lancebroz/mlb-pitcher-data/main/data/raw/2026/daily/2026-03-30.parquet,https://statsapi.mlb.com/api/v1.1/game/824539/feed/live,True,7,Bot,52,55
824539-683175,824539,2026-03-30,CIN,PIT,H,683175,Connor Phillips,RELIEF_OR_BULK,1.0,23.0,5.0,6.0,23,23,5,5,False,False,20,5,3,0,0,0,2,1,0,https://raw.githubusercontent.com/lancebroz/mlb-pitcher-data/main/data/raw/2026/daily/2026-03-30.parquet,QA_VALIDATED_CANONICAL_V2,RELIEF_OR_BULK,MLB,False,BULLPEN_PITCHER,P,https://raw.githubusercontent.com/lancebroz/mlb-pitcher-data/main/data/raw/2026/daily/2026-03-30.parquet,https://statsapi.mlb.com/api/v1.1/game/824539/feed/live,True,9,Top,62,66
824539-683742,824539,2026-03-30,CIN,PIT,H,683742,Jose Franco,RELIEF_OR_BULK,,,,,0,0,0,0,False,False,35,7,5,0,0,3,0,0,0,https://raw.githubusercontent.com/lancebroz/mlb-pitcher-data/main/data/raw/2026/daily/2026-03-30.parquet,QA_VALIDATED_CANONICAL_V2,,,False,BULLPEN_PITCHER,P,https://raw.githubusercontent.com/lancebroz/mlb-pitcher-data/main/data/raw/2026/daily/2026-03-30.parquet,https://statsapi.mlb.com/api/v1.1/game/824539/feed/live,True,6,Top,40,50
822834-623168,822834,2026-03-30,TOR,COL,H,623168,Tyler Heineman,RELIEF_OR_BULK,,,,,0,0,0,0,False,False,27,14,6,5,5,7,1,0,1,https://raw.githubusercontent.com/lancebroz/mlb-pitcher-data/main/data/raw/2026/daily/2026-03-30.parquet,EXCLUIR_POSITION_PLAYER_PITCHING,,,False,POSITION_PLAYER_PITCHING,C,https://raw.githubusercontent.com/lancebroz/mlb-pitcher-data/main/data/raw/2026/daily/2026-03-30.parquet,https://statsapi.mlb.com/api/v1.1/game/822834/feed/live,True,8,Top,62,81
822834-643511,822834,2026-03-30,TOR,COL,H,643511,Tyler Rogers,RELIEF_OR_BULK,1.0,7.0,3.0,3.0,7,20,3,7,False,False,10,3,3,0,0,0,0,1,0,https://raw.githubusercontent.com/lancebroz/mlb-pitcher-data/main/data/raw/2026/daily/2026-03-30.parquet,QA_VALIDATED_CANONICAL_V2,RELIEF_OR_BULK,MLB,False,BULLPEN_PITCHER,P,https://raw.githubusercontent.com/lancebroz/mlb-pitcher-data/main/data/raw/2026/daily/2026-03-30.parquet,https://statsapi.mlb.com/api/v1.1/game/822834/feed/live,True,7,Top,56,58
822834-663893,822834,2026-03-30,TOR,COL,H,663893,Brendon Little,RELIEF_OR_BULK,1.0,23.0,5.0,2.0,23,23,5,5,False,False,30,7,2,4,4,4,1,1,0,https://raw.githubusercontent.com/lancebroz/mlb-pitcher-data/main/data/raw/2026/daily/2026-03-30.parquet,QA_VALIDATED_CANONICAL_V2,RELIEF_OR_BULK,MLB,False,BULLPEN_PITCHER,P,https://raw.githubusercontent.com/lancebroz/mlb-pitcher-data/main/data/raw/2026/daily/2026-03-30.parquet,https://statsapi.mlb.com/api/v1.1/game/822834/feed/live,True,6,Top,45,51
822834-677955,822834,2026-03-30,COL,TOR,A,677955,Jaden Hill,RELIEF_OR_BULK,1.0,23.0,6.0,5.0,23,23,6,6,False,False,1,1,1,0,0,0,0,0,0,https://raw.githubusercontent.com/lancebroz/mlb-pitcher-data/main/data/raw/2026/daily/2026-03-30.parquet,QA_VALIDATED_CANONICAL_V2,RELIEF_OR_BULK,MLB,False,BULLPEN_PITCHER,P,https://raw.githubusercontent.com/lancebroz/mlb-pitcher-data/main/data/raw/2026/daily/2026-03-30.parquet,https://statsapi.mlb.com/api/v1.1/game/822834/feed/live,True,5,Bot,40,40
822834-686973,822834,2026-03-30,TOR,COL,H,686973,Louis Varland,RELIEF_OR_BULK,1.0,14.0,4.0,3.0,14,30,4,8,False,False,30,7,4,1,0,2,0,3,0,https://raw.githubusercontent.com/lancebroz/mlb-pitcher-data/main/data/raw/2026/daily/2026-03-30.parquet,QA_VALIDATED_CANONICAL_V2,RELIEF_OR_BULK,MLB,False,BULLPEN_PITCHER,P,https://raw.githubusercontent.com/lancebroz/mlb-pitcher-data/main/data/raw/2026/daily/2026-03-30.parquet,https://statsapi.mlb.com/api/v1.1/game/822834/feed/live,True,3,Top,17,27
822834-693686,822834,2026-03-30,TOR,COL,H,693686,Spencer Miles,RELIEF_OR_BULK,1.0,16.0,4.0,3.0,16,16,4,4,False,False,41,8,5,3,3,3,1,2,1,https://raw.githubusercontent.com/lancebroz/mlb-pitcher-data/main/data/raw/2026/daily/2026-03-30.parquet,QA_VALIDATED_CANONICAL_V2,RELIEF_OR_BULK,MLB,False,BULLPEN_PITCHER,P,https://raw.githubusercontent.com/lancebroz/mlb-pitcher-data/main/data/raw/2026/daily/2026-03-30.parquet,https://statsapi.mlb.com/api/v1.1/game/822834/feed/live,True,4,Top,28,44
822834-801403,822834,2026-03-30,COL,TOR,A,801403,Chase Dollander,RELIEF_OR_BULK,,,,,0,0,0,0,False,False,74,19,12,4,4,5,2,5,3,https://raw.githubusercontent.com/lancebroz/mlb-pitcher-data/main/data/raw/2026/daily/2026-03-30.parquet,QA_VALIDATED_CANONICAL_V2,,,False,BULLPEN_PITCHER,P,https://raw.githubusercontent.com/lancebroz/mlb-pitcher-data/main/data/raw/2026/daily/2026-03-30.parquet,https://statsapi.mlb.com/api/v1.1/game/822834/feed/live,True,6,Bot,52,87
824943-547184,824943,2026-03-30,ATH,ATL,A,547184,Michael Kelly,RELIEF_OR_BULK,1.0,15.0,6.0,4.0,15,15,6,6,False,False,15,4,3,1,1,2,0,1,0,https://raw.githubusercontent.com/lancebroz/mlb-pitcher-data/main/data/raw/2026/daily/2026-03-30.parquet,QA_VALIDATED_CANONICAL_V2,RELIEF_OR_BULK,MLB,False,BULLPEN_PITCHER,P,https://raw.githubusercontent.com/lancebroz/mlb-pitcher-data/main/data/raw/2026/daily/2026-03-30.parquet,https://statsapi.mlb.com/api/v1.1/game/824943/feed/live,True,8,Bot,64,67
824943-607481,824943,2026-03-30,ATL,ATH,H,607481,Aaron Bummer,RELIEF_OR_BULK,1.0,12.0,3.0,2.0,12,12,3,3,False,False,13,4,3,0,0,1,0,2,0,https://raw.githubusercontent.com/lancebroz/mlb-pitcher-data/main/data/raw/2026/daily/2026-03-30.parquet,QA_VALIDATED_CANONICAL_V2,RELIEF_OR_BULK,MLB,False,BULLPEN_PITCHER,P,https://raw.githubusercontent.com/lancebroz/mlb-pitcher-data/main/data/raw/2026/daily/2026-03-30.parquet,https://statsapi.mlb.com/api/v1.1/game/824943/feed/live,True,7,Top,53,56
824943-628452,824943,2026-03-30,ATL,ATH,H,628452,Raisel Iglesias,RELIEF_OR_BULK,,,,,0,0,0,0,False,False,8,3,3,0,0,0,0,0,0,https://raw.githubusercontent.com/lancebroz/mlb-pitcher-data/main/data/raw/2026/daily/2026-03-30.parquet,QA_VALIDATED_CANONICAL_V2,,,False,BULLPEN_PITCHER,P,https://raw.githubusercontent.com/lancebroz/mlb-pitcher-data/main/data/raw/2026/daily/2026-03-30.parquet,https://statsapi.mlb.com/api/v1.1/game/824943/feed/live,True,9,Top,68,70
824943-643410,824943,2026-03-30,ATH,ATL,A,643410,Mark Leiter Jr.,RELIEF_OR_BULK,1.0,17.0,5.0,2.0,17,17,5,5,False,False,8,3,3,0,0,1,0,0,0,https://raw.githubusercontent.com/lancebroz/mlb-pitcher-data/main/data/raw/2026/daily/2026-03-30.parquet,QA_VALIDATED_CANONICAL_V2,RELIEF_OR_BULK,MLB,False,BULLPEN_PITCHER,P,https://raw.githubusercontent.com/lancebroz/mlb-pitcher-data/main/data/raw/2026/daily/2026-03-30.parquet,https://statsapi.mlb.com/api/v1.1/game/824943/feed/live,True,7,Bot,57,59
824943-663158,824943,2026-03-30,ATL,ATH,H,663158,Robert Suarez,RELIEF_OR_BULK,2.0,17.0,5.0,3.0,0,17,0,5,False,False,18,4,3,0,0,1,0,0,0,https://raw.githubusercontent.com/lancebroz/mlb-pitcher-data/main/data/raw/2026/daily/2026-03-30.parquet,QA_VALIDATED_CANONICAL_V2,RELIEF_OR_BULK,MLB,False,BULLPEN_PITCHER,P,https://raw.githubusercontent.com/lancebroz/mlb-pitcher-data/main/data/raw/2026/daily/2026-03-30.parquet,https://statsapi.mlb.com/api/v1.1/game/824943/feed/live,True,8,Top,60,63
824943-665660,824943,2026-03-30,ATH,ATL,A,665660,Elvis Alvarado,RELIEF_OR_BULK,1.0,26.0,6.0,3.0,26,26,6,6,False,False,16,4,3,0,0,1,0,1,0,https://raw.githubusercontent.com/lancebroz/mlb-pitcher-data/main/data/raw/2026/daily/2026-03-30.parquet,QA_VALIDATED_CANONICAL_V2,RELIEF_OR_BULK,MLB,False,BULLPEN_PITCHER,P,https://raw.githubusercontent.com/lancebroz/mlb-pitcher-data/main/data/raw/2026/daily/2026-03-30.parquet,https://statsapi.mlb.com/api/v1.1/game/824943/feed/live,True,6,Bot,49,52
824943-686993,824943,2026-03-30,ATH,ATL,A,686993,Justin Sterner,RELIEF_OR_BULK,2.0,15.0,5.0,2.0,0,15,0,5,False,False,11,3,3,0,0,0,0,2,0,https://raw.githubusercontent.com/lancebroz/mlb-pitcher-data/main/data/raw/2026/daily/2026-03-30.parquet,QA_VALIDATED_CANONICAL_V2,RELIEF_OR_BULK,MLB,False,BULLPEN_PITCHER,P,https://raw.githubusercontent.com/lancebroz/mlb-pitcher-data/main/data/raw/2026/daily/2026-03-30.parquet,https://statsapi.mlb.com/api/v1.1/game/824943/feed/live,True,5,Bot,42,44
823809-643377,823809,2026-03-30,TB,MIL,A,643377,Griffin Jax,RELIEF_OR_BULK,1.0,9.0,3.0,1.0,9,9,3,3,False,False,15,3,3,0,0,0,0,1,0,https://raw.githubusercontent.com/lancebroz/mlb-pitcher-data/main/data/raw/2026/daily/2026-03-30.parquet,QA_VALIDATED_CANONICAL_V2,RELIEF_OR_BULK,MLB,False,BULLPEN_PITCHER,P,https://raw.githubusercontent.com/lancebroz/mlb-pitcher-data/main/data/raw/2026/daily/2026-03-30.parquet,https://statsapi.mlb.com/api/v1.1/game/823809/feed/live,True,7,Bot,51,53
823809-656730,823809,2026-03-30,MIL,TB,H,656730,Trevor Megill,RELIEF_OR_BULK,0.0,15.0,4.0,3.0,15,15,4,4,True,False,20,5,3,1,1,1,1,1,0,https://raw.githubusercontent.com/lancebroz/mlb-pitcher-data/main/data/raw/2026/daily/2026-03-30.parquet,QA_VALIDATED_CANONICAL_V2,RELIEF_OR_BULK,MLB,False,BULLPEN_PITCHER,P,https://raw.githubusercontent.com/lancebroz/mlb-pitcher-data/main/data/raw/2026/daily/2026-03-30.parquet,https://statsapi.mlb.com/api/v1.1/game/823809/feed/live,True,9,Top,62,66
823809-664076,823809,2026-03-30,TB,MIL,A,664076,Garrett Cleavinger,RELIEF_OR_BULK,0.0,23.0,6.0,3.0,23,23,6,6,True,False,16,5,3,0,0,0,2,2,0,https://raw.githubusercontent.com/lancebroz/mlb-pitcher-data/main/data/raw/2026/daily/2026-03-30.parquet,QA_VALIDATED_CANONICAL_V2,RELIEF_OR_BULK,MLB,False,BULLPEN_PITCHER,P,https://raw.githubusercontent.com/lancebroz/mlb-pitcher-data/main/data/raw/2026/daily/2026-03-30.parquet,https://statsapi.mlb.com/api/v1.1/game/823809/feed/live,True,8,Bot,57,61
823809-672582,823809,2026-03-30,MIL,TB,H,672582,Angel Zerpa,RELIEF_OR_BULK,1.0,17.0,4.0,3.0,17,17,4,4,False,False,10,3,3,0,0,0,0,2,0,https://raw.githubusercontent.com/lancebroz/mlb-pitcher-data/main/data/raw/2026/daily/2026-03-30.parquet,QA_VALIDATED_CANONICAL_V2,RELIEF_OR_BULK,MLB,False,BULLPEN_PITCHER,P,https://raw.githubusercontent.com/lancebroz/mlb-pitcher-data/main/data/raw/2026/daily/2026-03-30.parquet,https://statsapi.mlb.com/api/v1.1/game/823809/feed/live,True,8,Top,54,56
823809-676879,823809,2026-03-30,MIL,TB,H,676879,Aaron Ashby,RELIEF_OR_BULK,1.0,33.0,7.0,5.0,33,33,7,7,False,False,24,7,6,1,1,2,0,3,1,https://raw.githubusercontent.com/lancebroz/mlb-pitcher-data/main/data/raw/2026/daily/2026-03-30.parquet,QA_VALIDATED_CANONICAL_V2,RELIEF_OR_BULK,MLB,False,BULLPEN_PITCHER,P,https://raw.githubusercontent.com/lancebroz/mlb-pitcher-data/main/data/raw/2026/daily/2026-03-30.parquet,https://statsapi.mlb.com/api/v1.1/game/823809/feed/live,True,6,Top,38,50
823809-687330,823809,2026-03-30,TB,MIL,A,687330,Kevin Kelly,RELIEF_OR_BULK,0.0,10.0,4.0,3.0,10,10,4,4,True,False,5,1,1,0,0,0,0,0,0,https://raw.githubusercontent.com/lancebroz/mlb-pitcher-data/main/data/raw/2026/daily/2026-03-30.parquet,QA_VALIDATED_CANONICAL_V2,RELIEF_OR_BULK,MLB,False,BULLPEN_PITCHER,P,https://raw.githubusercontent.com/lancebroz/mlb-pitcher-data/main/data/raw/2026/daily/2026-03-30.parquet,https://statsapi.mlb.com/api/v1.1/game/823809/feed/live,True,9,Bot,70,70
823809-693855,823809,2026-03-30,TB,MIL,A,693855,Ian Seymour,RELIEF_OR_BULK,3.0,21.0,5.0,0.0,0,0,0,0,False,False,8,3,2,0,0,0,0,1,0,https://raw.githubusercontent.com/lancebroz/mlb-pitcher-data/main/data/raw/2026/daily/2026-03-30.parquet,QA_VALIDATED_CANONICAL_V2,RELIEF_OR_BULK,MLB,False,BULLPEN_PITCHER,P,https://raw.githubusercontent.com/lancebroz/mlb-pitcher-data/main/data/raw/2026/daily/2026-03-30.parquet,https://statsapi.mlb.com/api/v1.1/game/823809/feed/live,True,9,Bot,67,69
824702-607067,824702,2026-03-30,CHC,LAA,H,607067,Colin Rea,RELIEF_OR_BULK,,,,,0,0,0,0,False,False,42,13,9,2,2,4,0,4,1,https://baseballsavant.mlb.com/statcast_search/csv?all=true&type=details&game_pk=824702,QA_VALIDATED_CANONICAL_V2,,,False,BULLPEN_PITCHER,P,https://baseballsavant.mlb.com/statcast_search/csv?all=true&type=details&game_pk=824702,https://statsapi.mlb.com/api/v1.1/game/824702/feed/live,True,7,Top,51,71
824702-641312,824702,2026-03-30,LAA,CHC,A,641312,Shaun Anderson,RELIEF_OR_BULK,,,,,0,0,0,0,False,False,40,11,9,1,1,1,2,1,0,https://baseballsavant.mlb.com/statcast_search/csv?all=true&type=details&game_pk=824702,QA_VALIDATED_CANONICAL_V2,,,False,BULLPEN_PITCHER,P,https://baseballsavant.mlb.com/statcast_search/csv?all=true&type=details&game_pk=824702,https://statsapi.mlb.com/api/v1.1/game/824702/feed/live,True,6,Bot,48,66
824702-664192,824702,2026-03-30,LAA,CHC,A,664192,Joey Lucchesi,RELIEF_OR_BULK,1.0,25.0,6.0,1.0,25,25,6,6,False,False,29,7,5,0,0,1,1,2,0,https://baseballsavant.mlb.com/statcast_search/csv?all=true&type=details&game_pk=824702,QA_VALIDATED_CANONICAL_V2,RELIEF_OR_BULK,MLB,False,BULLPEN_PITCHER,P,https://baseballsavant.mlb.com/statcast_search/csv?all=true&type=details&game_pk=824702,https://statsapi.mlb.com/api/v1.1/game/824702/feed/live,True,4,Bot,35,44
823080-548384,823080,2026-03-30,NYM,STL,A,548384,Brooks Raley,RELIEF_OR_BULK,1.0,11.0,3.0,3.0,11,11,3,3,False,False,17,4,3,0,0,1,0,0,0,https://raw.githubusercontent.com/lancebroz/mlb-pitcher-data/main/data/raw/2026/daily/2026-03-30.parquet,QA_VALIDATED_CANONICAL_V2,RELIEF_OR_BULK,MLB,False,BULLPEN_PITCHER,P,https://raw.githubusercontent.com/lancebroz/mlb-pitcher-data/main/data/raw/2026/daily/2026-03-30.parquet,https://statsapi.mlb.com/api/v1.1/game/823080/feed/live,True,8,Bot,66,69
823080-642207,823080,2026-03-30,NYM,STL,A,642207,Devin Williams,RELIEF_OR_BULK,1.0,19.0,5.0,3.0,19,19,5,5,False,False,12,3,3,0,0,0,0,1,0,https://raw.githubusercontent.com/lancebroz/mlb-pitcher-data/main/data/raw/2026/daily/2026-03-30.parquet,QA_VALIDATED_CANONICAL_V2,RELIEF_OR_BULK,MLB,False,BULLPEN_PITCHER,P,https://raw.githubusercontent.com/lancebroz/mlb-pitcher-data/main/data/raw/2026/daily/2026-03-30.parquet,https://statsapi.mlb.com/api/v1.1/game/823080/feed/live,True,9,Bot,73,75
823080-666277,823080,2026-03-30,STL,NYM,H,666277,George Soriano,RELIEF_OR_BULK,0.0,12.0,3.0,3.0,12,12,3,3,True,False,21,8,6,0,0,1,1,0,0,https://raw.githubusercontent.com/lancebroz/mlb-pitcher-data/main/data/raw/2026/daily/2026-03-30.parquet,QA_VALIDATED_CANONICAL_V2,RELIEF_OR_BULK,MLB,False,BULLPEN_PITCHER,P,https://raw.githubusercontent.com/lancebroz/mlb-pitcher-data/main/data/raw/2026/daily/2026-03-30.parquet,https://statsapi.mlb.com/api/v1.1/game/823080/feed/live,True,8,Top,61,72
823080-668964,823080,2026-03-30,NYM,STL,A,668964,Tobias Myers,RELIEF_OR_BULK,3.0,39.0,10.0,9.0,0,0,0,0,False,False,14,4,4,0,0,0,0,3,0,https://raw.githubusercontent.com/lancebroz/mlb-pitcher-data/main/data/raw/2026/daily/2026-03-30.parquet,QA_VALIDATED_CANONICAL_V2,RELIEF_OR_BULK,MLB,False,BULLPEN_PITCHER,P,https://raw.githubusercontent.com/lancebroz/mlb-pitcher-data/main/data/raw/2026/daily/2026-03-30.parquet,https://statsapi.mlb.com/api/v1.1/game/823080/feed/live,True,6,Bot,53,60
823080-694335,823080,2026-03-30,STL,NYM,H,694335,Matt Svanson,RELIEF_OR_BULK,1.0,20.0,5.0,2.0,20,20,5,5,False,False,36,10,6,0,0,1,2,3,0,https://raw.githubusercontent.com/lancebroz/mlb-pitcher-data/main/data/raw/2026/daily/2026-03-30.parquet,QA_VALIDATED_CANONICAL_V2,RELIEF_OR_BULK,MLB,False,BULLPEN_PITCHER,P,https://raw.githubusercontent.com/lancebroz/mlb-pitcher-data/main/data/raw/2026/daily/2026-03-30.parquet,https://statsapi.mlb.com/api/v1.1/game/823080/feed/live,True,6,Top,44,57
824214-670912,824214,2026-03-30,BOS,HOU,A,670912,Johan Oviedo,RELIEF_OR_BULK,,,,,0,0,0,0,False,False,72,18,11,4,4,6,1,3,2,https://raw.githubusercontent.com/lancebroz/mlb-pitcher-data/main/data/raw/2026/daily/2026-03-30.parquet,QA_VALIDATED_CANONICAL_V2,,,False,BULLPEN_PITCHER,P,https://raw.githubusercontent.com/lancebroz/mlb-pitcher-data/main/data/raw/2026/daily/2026-03-30.parquet,https://statsapi.mlb.com/api/v1.1/game/824214/feed/live,True,5,Bot,35,66
824214-680802,824214,2026-03-30,HOU,BOS,H,680802,Ryan Weiss,RELIEF_OR_BULK,2.0,22.0,6.0,3.0,0,22,0,6,False,False,33,7,6,0,0,0,1,3,0,https://raw.githubusercontent.com/lancebroz/mlb-pitcher-data/main/data/raw/2026/daily/2026-03-30.parquet,QA_VALIDATED_CANONICAL_V2,RELIEF_OR_BULK,MLB,False,BULLPEN_PITCHER,P,https://raw.githubusercontent.com/lancebroz/mlb-pitcher-data/main/data/raw/2026/daily/2026-03-30.parquet,https://statsapi.mlb.com/api/v1.1/game/824214/feed/live,True,8,Top,59,69
823159-518585,823159,2026-03-30,NYY,SEA,A,518585,Fernando Cruz,RELIEF_OR_BULK,2.0,10.0,3.0,2.0,0,10,0,3,False,False,11,2,2,0,0,0,0,2,0,https://raw.githubusercontent.com/lancebroz/mlb-pitcher-data/main/data/raw/2026/daily/2026-03-30.parquet,QA_VALIDATED_CANONICAL_V2,RELIEF_OR_BULK,MLB,False,BULLPEN_PITCHER,P,https://raw.githubusercontent.com/lancebroz/mlb-pitcher-data/main/data/raw/2026/daily/2026-03-30.parquet,https://statsapi.mlb.com/api/v1.1/game/823159/feed/live,True,5,Bot,38,39
823159-621112,823159,2026-03-30,NYY,SEA,A,621112,Paul Blackburn,RELIEF_OR_BULK,,,,,0,0,0,0,False,False,22,8,4,1,1,3,1,0,0,https://raw.githubusercontent.com/lancebroz/mlb-pitcher-data/main/data/raw/2026/daily/2026-03-30.parquet,QA_VALIDATED_CANONICAL_V2,,,False,BULLPEN_PITCHER,P,https://raw.githubusercontent.com/lancebroz/mlb-pitcher-data/main/data/raw/2026/daily/2026-03-30.parquet,https://statsapi.mlb.com/api/v1.1/game/823159/feed/live,True,8,Bot,61,72
823159-642100,823159,2026-03-30,SEA,NYY,H,642100,Gabe Speier,RELIEF_OR_BULK,1.0,3.0,1.0,1.0,3,3,1,1,False,False,16,4,3,0,0,1,0,2,0,https://raw.githubusercontent.com/lancebroz/mlb-pitcher-data/main/data/raw/2026/daily/2026-03-30.parquet,QA_VALIDATED_CANONICAL_V2,RELIEF_OR_BULK,MLB,False,BULLPEN_PITCHER,P,https://raw.githubusercontent.com/lancebroz/mlb-pitcher-data/main/data/raw/2026/daily/2026-03-30.parquet,https://statsapi.mlb.com/api/v1.1/game/823159/feed/live,True,8,Top,57,60
823159-656234,823159,2026-03-30,NYY,SEA,A,656234,Jake Bird,RELIEF_OR_BULK,1.0,18.0,5.0,5.0,18,18,5,5,False,False,14,4,3,0,0,0,0,0,0,https://raw.githubusercontent.com/lancebroz/mlb-pitcher-data/main/data/raw/2026/daily/2026-03-30.parquet,QA_VALIDATED_CANONICAL_V2,RELIEF_OR_BULK,MLB,False,BULLPEN_PITCHER,P,https://raw.githubusercontent.com/lancebroz/mlb-pitcher-data/main/data/raw/2026/daily/2026-03-30.parquet,https://statsapi.mlb.com/api/v1.1/game/823159/feed/live,True,6,Bot,43,46
823159-660825,823159,2026-03-30,SEA,NYY,H,660825,Eduard Bazardo,RELIEF_OR_BULK,1.0,24.0,5.0,2.0,24,41,5,9,False,False,6,2,2,0,0,0,0,0,0,https://raw.githubusercontent.com/lancebroz/mlb-pitcher-data/main/data/raw/2026/daily/2026-03-30.parquet,QA_VALIDATED_CANONICAL_V2,RELIEF_OR_BULK,MLB,False,BULLPEN_PITCHER,P,https://raw.githubusercontent.com/lancebroz/mlb-pitcher-data/main/data/raw/2026/daily/2026-03-30.parquet,https://statsapi.mlb.com/api/v1.1/game/823159/feed/live,True,7,Top,50,51
823159-666374,823159,2026-03-30,SEA,NYY,H,666374,Matt Brash,RELIEF_OR_BULK,2.0,17.0,4.0,3.0,0,17,0,4,False,False,17,4,3,0,0,1,0,1,0,https://raw.githubusercontent.com/lancebroz/mlb-pitcher-data/main/data/raw/2026/daily/2026-03-30.parquet,QA_VALIDATED_CANONICAL_V2,RELIEF_OR_BULK,MLB,False,BULLPEN_PITCHER,P,https://raw.githubusercontent.com/lancebroz/mlb-pitcher-data/main/data/raw/2026/daily/2026-03-30.parquet,https://statsapi.mlb.com/api/v1.1/game/823159/feed/live,True,9,Top,65,68
823159-666808,823159,2026-03-30,NYY,SEA,A,666808,Camilo Doval,RELIEF_OR_BULK,2.0,12.0,3.0,3.0,0,12,0,3,False,False,2,1,1,0,0,0,0,0,0,https://raw.githubusercontent.com/lancebroz/mlb-pitcher-data/main/data/raw/2026/daily/2026-03-30.parquet,QA_VALIDATED_CANONICAL_V2,RELIEF_OR_BULK,MLB,False,BULLPEN_PITCHER,P,https://raw.githubusercontent.com/lancebroz/mlb-pitcher-data/main/data/raw/2026/daily/2026-03-30.parquet,https://statsapi.mlb.com/api/v1.1/game/823159/feed/live,True,7,Bot,56,56
823159-678606,823159,2026-03-30,SEA,NYY,H,678606,José A. Ferrer,RELIEF_OR_BULK,3.0,11.0,4.0,2.0,0,0,0,0,False,False,15,3,1,1,0,1,0,0,0,https://raw.githubusercontent.com/lancebroz/mlb-pitcher-data/main/data/raw/2026/daily/2026-03-30.parquet,QA_VALIDATED_CANONICAL_V2,RELIEF_OR_BULK,MLB,False,BULLPEN_PITCHER,P,https://raw.githubusercontent.com/lancebroz/mlb-pitcher-data/main/data/raw/2026/daily/2026-03-30.parquet,https://statsapi.mlb.com/api/v1.1/game/823159/feed/live,True,7,Top,47,49
823159-687396,823159,2026-03-30,NYY,SEA,A,687396,Brent Headrick,RELIEF_OR_BULK,1.0,14.0,3.0,2.0,14,14,3,3,False,False,16,4,2,0,0,2,0,2,0,https://raw.githubusercontent.com/lancebroz/mlb-pitcher-data/main/data/raw/2026/daily/2026-03-30.parquet,QA_VALIDATED_CANONICAL_V2,RELIEF_OR_BULK,MLB,False,BULLPEN_PITCHER,P,https://raw.githubusercontent.com/lancebroz/mlb-pitcher-data/main/data/raw/2026/daily/2026-03-30.parquet,https://statsapi.mlb.com/api/v1.1/game/823159/feed/live,True,7,Bot,52,55
823320-593974,823320,2026-03-30,SD,SF,H,593974,Wandy Peralta,RELIEF_OR_BULK,2.0,17.0,3.0,1.0,0,17,0,3,False,False,14,3,3,0,0,0,0,0,0,https://raw.githubusercontent.com/lancebroz/mlb-pitcher-data/main/data/raw/2026/daily/2026-03-30.parquet,QA_VALIDATED_CANONICAL_V2,RELIEF_OR_BULK,MLB,False,BULLPEN_PITCHER,P,https://raw.githubusercontent.com/lancebroz/mlb-pitcher-data/main/data/raw/2026/daily/2026-03-30.parquet,https://statsapi.mlb.com/api/v1.1/game/823320/feed/live,True,5,Top,33,35
823320-657424,823320,2026-03-30,SF,SD,A,657424,Matt Gage,RELIEF_OR_BULK,1.0,8.0,3.0,3.0,8,22,3,6,False,False,15,3,3,0,0,0,0,0,0,https://raw.githubusercontent.com/lancebroz/mlb-pitcher-data/main/data/raw/2026/daily/2026-03-30.parquet,QA_VALIDATED_CANONICAL_V2,RELIEF_OR_BULK,MLB,False,BULLPEN_PITCHER,P,https://raw.githubusercontent.com/lancebroz/mlb-pitcher-data/main/data/raw/2026/daily/2026-03-30.parquet,https://statsapi.mlb.com/api/v1.1/game/823320/feed/live,True,7,Bot,51,53
823320-676254,823320,2026-03-30,SF,SD,A,676254,Ryan Walker,RELIEF_OR_BULK,1.0,15.0,3.0,3.0,15,27,3,6,False,False,22,5,3,2,2,1,1,1,1,https://raw.githubusercontent.com/lancebroz/mlb-pitcher-data/main/data/raw/2026/daily/2026-03-30.parquet,QA_VALIDATED_CANONICAL_V2,RELIEF_OR_BULK,MLB,False,BULLPEN_PITCHER,P,https://raw.githubusercontent.com/lancebroz/mlb-pitcher-data/main/data/raw/2026/daily/2026-03-30.parquet,https://statsapi.mlb.com/api/v1.1/game/823320/feed/live,True,9,Bot,63,67
823320-676760,823320,2026-03-30,SD,SF,H,676760,Ron Marinaccio,RELIEF_OR_BULK,3.0,43.0,9.0,6.0,0,0,0,0,False,False,29,6,6,0,0,0,0,2,0,https://raw.githubusercontent.com/lancebroz/mlb-pitcher-data/main/data/raw/2026/daily/2026-03-30.parquet,QA_VALIDATED_CANONICAL_V2,RELIEF_OR_BULK,MLB,False,BULLPEN_PITCHER,P,https://raw.githubusercontent.com/lancebroz/mlb-pitcher-data/main/data/raw/2026/daily/2026-03-30.parquet,https://statsapi.mlb.com/api/v1.1/game/823320/feed/live,True,8,Top,54,62
823320-676775,823320,2026-03-30,SF,SD,A,676775,Keaton Winn,RELIEF_OR_BULK,1.0,9.0,3.0,3.0,9,9,3,3,False,False,13,3,3,0,0,0,0,3,0,https://raw.githubusercontent.com/lancebroz/mlb-pitcher-data/main/data/raw/2026/daily/2026-03-30.parquet,QA_VALIDATED_CANONICAL_V2,RELIEF_OR_BULK,MLB,False,BULLPEN_PITCHER,P,https://raw.githubusercontent.com/lancebroz/mlb-pitcher-data/main/data/raw/2026/daily/2026-03-30.parquet,https://statsapi.mlb.com/api/v1.1/game/823320/feed/live,True,8,Bot,57,59
823320-688158,823320,2026-03-30,SD,SF,H,688158,David Morgan,RELIEF_OR_BULK,2.0,12.0,5.0,3.0,0,12,0,5,False,False,20,8,6,0,0,1,1,2,0,https://raw.githubusercontent.com/lancebroz/mlb-pitcher-data/main/data/raw/2026/daily/2026-03-30.parquet,QA_VALIDATED_CANONICAL_V2,RELIEF_OR_BULK,MLB,False,BULLPEN_PITCHER,P,https://raw.githubusercontent.com/lancebroz/mlb-pitcher-data/main/data/raw/2026/daily/2026-03-30.parquet,https://statsapi.mlb.com/api/v1.1/game/823320/feed/live,True,6,Top,40,50
823972-542888,823972,2026-03-30,CLE,LAD,A,542888,Shawn Armstrong,RELIEF_OR_BULK,1.0,19.0,4.0,4.0,19,19,4,4,False,False,12,4,2,0,0,2,0,0,0,https://raw.githubusercontent.com/lancebroz/mlb-pitcher-data/main/data/raw/2026/daily/2026-03-30.parquet,QA_VALIDATED_CANONICAL_V2,RELIEF_OR_BULK,MLB,False,BULLPEN_PITCHER,P,https://raw.githubusercontent.com/lancebroz/mlb-pitcher-data/main/data/raw/2026/daily/2026-03-30.parquet,https://statsapi.mlb.com/api/v1.1/game/823972/feed/live,True,7,Bot,53,56
823972-656945,823972,2026-03-30,LAD,CLE,H,656945,Tanner Scott,RELIEF_OR_BULK,2.0,6.0,1.0,1.0,0,6,0,1,False,False,16,4,3,0,0,1,0,2,0,https://raw.githubusercontent.com/lancebroz/mlb-pitcher-data/main/data/raw/2026/daily/2026-03-30.parquet,QA_VALIDATED_CANONICAL_V2,RELIEF_OR_BULK,MLB,False,BULLPEN_PITCHER,P,https://raw.githubusercontent.com/lancebroz/mlb-pitcher-data/main/data/raw/2026/daily/2026-03-30.parquet,https://statsapi.mlb.com/api/v1.1/game/823972/feed/live,True,5,Top,32,35
823972-671922,823972,2026-03-30,CLE,LAD,A,671922,Cade Smith,RELIEF_OR_BULK,1.0,28.0,6.0,3.0,28,28,6,6,False,False,29,5,3,2,2,2,0,0,0,https://raw.githubusercontent.com/lancebroz/mlb-pitcher-data/main/data/raw/2026/daily/2026-03-30.parquet,QA_VALIDATED_CANONICAL_V2,RELIEF_OR_BULK,MLB,False,BULLPEN_PITCHER,P,https://raw.githubusercontent.com/lancebroz/mlb-pitcher-data/main/data/raw/2026/daily/2026-03-30.parquet,https://statsapi.mlb.com/api/v1.1/game/823972/feed/live,True,9,Bot,67,71
823972-680736,823972,2026-03-30,LAD,CLE,H,680736,Justin Wrobleski,RELIEF_OR_BULK,,,,,0,0,0,0,False,False,60,17,12,3,3,4,1,2,0,https://raw.githubusercontent.com/lancebroz/mlb-pitcher-data/main/data/raw/2026/daily/2026-03-30.parquet,QA_VALIDATED_CANONICAL_V2,,,False,BULLPEN_PITCHER,P,https://raw.githubusercontent.com/lancebroz/mlb-pitcher-data/main/data/raw/2026/daily/2026-03-30.parquet,https://statsapi.mlb.com/api/v1.1/game/823972/feed/live,True,6,Top,39,66
823972-681870,823972,2026-03-30,CLE,LAD,A,681870,Erik Sabrowski,RELIEF_OR_BULK,1.0,20.0,4.0,2.0,20,20,4,4,False,False,20,4,4,0,0,0,0,1,0,https://raw.githubusercontent.com/lancebroz/mlb-pitcher-data/main/data/raw/2026/daily/2026-03-30.parquet,QA_VALIDATED_CANONICAL_V2,RELIEF_OR_BULK,MLB,False,BULLPEN_PITCHER,P,https://raw.githubusercontent.com/lancebroz/mlb-pitcher-data/main/data/raw/2026/daily/2026-03-30.parquet,https://statsapi.mlb.com/api/v1.1/game/823972/feed/live,True,7,Bot,57,63
825108-605452,825108,2026-03-30,AZ,DET,H,605452,Joe Ross,RELIEF_OR_BULK,1.0,14.0,3.0,3.0,14,14,3,3,False,False,26,8,2,6,6,5,1,1,0,https://raw.githubusercontent.com/lancebroz/mlb-pitcher-data/main/data/raw/2026/daily/2026-03-30.parquet,QA_VALIDATED_CANONICAL_V2,RELIEF_OR_BULK,MLB,False,BULLPEN_PITCHER,P,https://raw.githubusercontent.com/lancebroz/mlb-pitcher-data/main/data/raw/2026/daily/2026-03-30.parquet,https://statsapi.mlb.com/api/v1.1/game/825108/feed/live,True,7,Top,55,62
825108-623149,825108,2026-03-30,AZ,DET,H,623149,Paul Sewald,RELIEF_OR_BULK,1.0,5.0,1.0,1.0,5,5,1,1,False,False,12,3,3,0,0,0,0,1,0,https://raw.githubusercontent.com/lancebroz/mlb-pitcher-data/main/data/raw/2026/daily/2026-03-30.parquet,QA_VALIDATED_CANONICAL_V2,RELIEF_OR_BULK,MLB,False,BULLPEN_PITCHER,P,https://raw.githubusercontent.com/lancebroz/mlb-pitcher-data/main/data/raw/2026/daily/2026-03-30.parquet,https://statsapi.mlb.com/api/v1.1/game/825108/feed/live,True,9,Top,80,82
825108-640448,825108,2026-03-30,DET,AZ,A,640448,Kyle Finnegan,RELIEF_OR_BULK,2.0,20.0,4.0,3.0,0,20,0,4,False,False,5,1,1,0,0,0,0,0,0,https://raw.githubusercontent.com/lancebroz/mlb-pitcher-data/main/data/raw/2026/daily/2026-03-30.parquet,QA_VALIDATED_CANONICAL_V2,RELIEF_OR_BULK,MLB,False,BULLPEN_PITCHER,P,https://raw.githubusercontent.com/lancebroz/mlb-pitcher-data/main/data/raw/2026/daily/2026-03-30.parquet,https://statsapi.mlb.com/api/v1.1/game/825108/feed/live,True,7,Bot,71,71
825108-646241,825108,2026-03-30,DET,AZ,A,646241,Enmanuel De Jesus,RELIEF_OR_BULK,2.0,13.0,4.0,3.0,0,13,0,4,False,False,38,9,3,3,3,3,2,1,0,https://raw.githubusercontent.com/lancebroz/mlb-pitcher-data/main/data/raw/2026/daily/2026-03-30.parquet,QA_VALIDATED_CANONICAL_V2,RELIEF_OR_BULK,MLB,False,BULLPEN_PITCHER,P,https://raw.githubusercontent.com/lancebroz/mlb-pitcher-data/main/data/raw/2026/daily/2026-03-30.parquet,https://statsapi.mlb.com/api/v1.1/game/825108/feed/live,True,4,Bot,36,47
825108-656464,825108,2026-03-30,AZ,DET,H,656464,Kevin Ginkel,RELIEF_OR_BULK,2.0,21.0,5.0,3.0,0,21,0,5,False,False,13,3,3,0,0,0,0,1,0,https://raw.githubusercontent.com/lancebroz/mlb-pitcher-data/main/data/raw/2026/daily/2026-03-30.parquet,QA_VALIDATED_CANONICAL_V2,RELIEF_OR_BULK,MLB,False,BULLPEN_PITCHER,P,https://raw.githubusercontent.com/lancebroz/mlb-pitcher-data/main/data/raw/2026/daily/2026-03-30.parquet,https://statsapi.mlb.com/api/v1.1/game/825108/feed/live,True,6,Top,49,51
825108-657044,825108,2026-03-30,AZ,DET,H,657044,Ryan Thompson,RELIEF_OR_BULK,2.0,7.0,3.0,3.0,0,7,0,3,False,False,13,3,0,0,0,1,2,0,0,https://raw.githubusercontent.com/lancebroz/mlb-pitcher-data/main/data/raw/2026/daily/2026-03-30.parquet,QA_VALIDATED_CANONICAL_V2,RELIEF_OR_BULK,MLB,False,BULLPEN_PITCHER,P,https://raw.githubusercontent.com/lancebroz/mlb-pitcher-data/main/data/raw/2026/daily/2026-03-30.parquet,https://statsapi.mlb.com/api/v1.1/game/825108/feed/live,True,7,Top,63,65
825108-663947,825108,2026-03-30,DET,AZ,A,663947,Tyler Holton,RELIEF_OR_BULK,3.0,11.0,3.0,2.0,0,0,0,0,False,False,19,5,3,0,0,0,2,1,0,https://raw.githubusercontent.com/lancebroz/mlb-pitcher-data/main/data/raw/2026/daily/2026-03-30.parquet,QA_VALIDATED_CANONICAL_V2,RELIEF_OR_BULK,MLB,False,BULLPEN_PITCHER,P,https://raw.githubusercontent.com/lancebroz/mlb-pitcher-data/main/data/raw/2026/daily/2026-03-30.parquet,https://statsapi.mlb.com/api/v1.1/game/825108/feed/live,True,8,Bot,75,79
825108-664199,825108,2026-03-30,AZ,DET,H,664199,Taylor Clarke,RELIEF_OR_BULK,3.0,16.0,5.0,1.0,0,0,0,0,False,False,16,3,3,0,0,0,0,1,0,https://raw.githubusercontent.com/lancebroz/mlb-pitcher-data/main/data/raw/2026/daily/2026-03-30.parquet,QA_VALIDATED_CANONICAL_V2,RELIEF_OR_BULK,MLB,False,BULLPEN_PITCHER,P,https://raw.githubusercontent.com/lancebroz/mlb-pitcher-data/main/data/raw/2026/daily/2026-03-30.parquet,https://statsapi.mlb.com/api/v1.1/game/825108/feed/live,True,8,Top,72,74
825108-666661,825108,2026-03-30,AZ,DET,H,666661,Juan Morillo,RELIEF_OR_BULK,1.0,22.0,4.0,2.0,22,22,4,4,False,False,5,1,1,0,0,0,0,0,0,https://raw.githubusercontent.com/lancebroz/mlb-pitcher-data/main/data/raw/2026/daily/2026-03-30.parquet,QA_VALIDATED_CANONICAL_V2,RELIEF_OR_BULK,MLB,False,BULLPEN_PITCHER,P,https://raw.githubusercontent.com/lancebroz/mlb-pitcher-data/main/data/raw/2026/daily/2026-03-30.parquet,https://statsapi.mlb.com/api/v1.1/game/825108/feed/live,True,7,Top,66,66
825108-676428,825108,2026-03-30,DET,AZ,A,676428,Brant Hurter,RELIEF_OR_BULK,1.0,12.0,5.0,3.0,12,12,5,5,False,False,26,8,6,1,1,2,0,0,1,https://raw.githubusercontent.com/lancebroz/mlb-pitcher-data/main/data/raw/2026/daily/2026-03-30.parquet,QA_VALIDATED_CANONICAL_V2,RELIEF_OR_BULK,MLB,False,BULLPEN_PITCHER,P,https://raw.githubusercontent.com/lancebroz/mlb-pitcher-data/main/data/raw/2026/daily/2026-03-30.parquet,https://statsapi.mlb.com/api/v1.1/game/825108/feed/live,True,5,Bot,48,70
824861-455119,824861,2026-03-31,TEX,BAL,A,455119,Chris Martin,RELIEF_OR_BULK,1.0,3.0,1.0,1.0,3,15,1,4,False,False,19,6,3,2,2,2,0,1,0,https://baseballsavant.mlb.com/statcast_search/csv?all=true&type=details&game_pk=824861,QA_VALIDATED_CANONICAL_V2,RELIEF_OR_BULK,MLB,False,BULLPEN_PITCHER,P,https://baseballsavant.mlb.com/statcast_search/csv?all=true&type=details&game_pk=824861,https://statsapi.mlb.com/api/v1.1/game/824861/feed/live,True,9,Bot,76,81
824861-596001,824861,2026-03-31,TEX,BAL,A,596001,Jakob Junis,RELIEF_OR_BULK,0.0,8.0,3.0,3.0,8,31,3,9,True,False,15,4,3,0,0,1,0,1,0,https://baseballsavant.mlb.com/statcast_search/csv?all=true&type=details&game_pk=824861,QA_VALIDATED_CANONICAL_V2,RELIEF_OR_BULK,MLB,False,BULLPEN_PITCHER,P,https://baseballsavant.mlb.com/statcast_search/csv?all=true&type=details&game_pk=824861,https://statsapi.mlb.com/api/v1.1/game/824861/feed/live,True,7,Bot,61,64
824861-664991,824861,2026-03-31,BAL,TEX,H,664991,Grant Wolfram,RELIEF_OR_BULK,1.0,19.0,4.0,3.0,19,19,4,4,False,False,23,7,4,2,2,3,0,2,0,https://baseballsavant.mlb.com/statcast_search/csv?all=true&type=details&game_pk=824861,QA_VALIDATED_CANONICAL_V2,RELIEF_OR_BULK,MLB,False,BULLPEN_PITCHER,P,https://baseballsavant.mlb.com/statcast_search/csv?all=true&type=details&game_pk=824861,https://statsapi.mlb.com/api/v1.1/game/824861/feed/live,True,4,Top,29,39
824861-666974,824861,2026-03-31,BAL,TEX,H,666974,Yennier Cano,RELIEF_OR_BULK,1.0,9.0,1.0,1.0,9,17,1,3,False,False,9,5,3,1,1,2,0,0,0,https://baseballsavant.mlb.com/statcast_search/csv?all=true&type=details&game_pk=824861,QA_VALIDATED_CANONICAL_V2,RELIEF_OR_BULK,MLB,False,BULLPEN_PITCHER,P,https://baseballsavant.mlb.com/statcast_search/csv?all=true&type=details&game_pk=824861,https://statsapi.mlb.com/api/v1.1/game/824861/feed/live,True,6,Top,46,50
824861-668390,824861,2026-03-31,TEX,BAL,A,668390,Cole Winn,RELIEF_OR_BULK,1.0,11.0,2.0,2.0,11,30,2,7,False,False,14,5,4,0,0,0,1,1,0,https://baseballsavant.mlb.com/statcast_search/csv?all=true&type=details&game_pk=824861,QA_VALIDATED_CANONICAL_V2,RELIEF_OR_BULK,MLB,False,BULLPEN_PITCHER,P,https://baseballsavant.mlb.com/statcast_search/csv?all=true&type=details&game_pk=824861,https://statsapi.mlb.com/api/v1.1/game/824861/feed/live,True,5,Bot,45,54
824861-676395,824861,2026-03-31,TEX,BAL,A,676395,Robert Garcia,RELIEF_OR_BULK,1.0,14.0,3.0,3.0,14,32,3,7,False,False,15,3,3,0,0,0,0,1,0,https://baseballsavant.mlb.com/statcast_search/csv?all=true&type=details&game_pk=824861,QA_VALIDATED_CANONICAL_V2,RELIEF_OR_BULK,MLB,False,BULLPEN_PITCHER,P,https://baseballsavant.mlb.com/statcast_search/csv?all=true&type=details&game_pk=824861,https://statsapi.mlb.com/api/v1.1/game/824861/feed/live,True,8,Bot,68,70
824861-682274,824861,2026-03-31,BAL,TEX,H,682274,Yaramil Hiraldo,RELIEF_OR_BULK,1.0,20.0,5.0,1.0,20,23,5,6,False,False,24,6,3,3,3,2,1,0,1,https://baseballsavant.mlb.com/statcast_search/csv?all=true&type=details&game_pk=824861,QA_VALIDATED_CANONICAL_V2,RELIEF_OR_BULK,MLB,False,BULLPEN_PITCHER,P,https://baseballsavant.mlb.com/statcast_search/csv?all=true&type=details&game_pk=824861,https://statsapi.mlb.com/api/v1.1/game/824861/feed/live,True,7,Top,55,60
824861-689296,824861,2026-03-31,BAL,TEX,H,689296,Anthony Nunez,RELIEF_OR_BULK,2.0,22.0,6.0,6.0,0,22,0,6,False,False,21,8,6,1,1,2,0,2,1,https://baseballsavant.mlb.com/statcast_search/csv?all=true&type=details&game_pk=824861,QA_VALIDATED_CANONICAL_V2,RELIEF_OR_BULK,MLB,False,BULLPEN_PITCHER,P,https://baseballsavant.mlb.com/statcast_search/csv?all=true&type=details&game_pk=824861,https://statsapi.mlb.com/api/v1.1/game/824861/feed/live,True,8,Top,65,75
823485-621383,823485,2026-03-31,PHI,WSH,H,621383,Tanner Banks,RELIEF_OR_BULK,2.0,10.0,3.0,3.0,0,10,0,3,False,False,37,8,5,1,1,3,0,2,0,https://raw.githubusercontent.com/lancebroz/mlb-pitcher-data/main/data/raw/2026/daily/2026-03-31.parquet,QA_VALIDATED_CANONICAL_V2,RELIEF_OR_BULK,MLB,False,BULLPEN_PITCHER,P,https://raw.githubusercontent.com/lancebroz/mlb-pitcher-data/main/data/raw/2026/daily/2026-03-31.parquet,https://statsapi.mlb.com/api/v1.1/game/823485/feed/live,True,6,Top,43,54
823485-641745,823485,2026-03-31,PHI,WSH,H,641745,Brad Keller,RELIEF_OR_BULK,1.0,16.0,3.0,3.0,16,16,3,3,False,False,15,4,3,0,0,0,1,0,0,https://raw.githubusercontent.com/lancebroz/mlb-pitcher-data/main/data/raw/2026/daily/2026-03-31.parquet,QA_VALIDATED_CANONICAL_V2,RELIEF_OR_BULK,MLB,False,BULLPEN_PITCHER,P,https://raw.githubusercontent.com/lancebroz/mlb-pitcher-data/main/data/raw/2026/daily/2026-03-31.parquet,https://statsapi.mlb.com/api/v1.1/game/823485/feed/live,True,8,Top,58,61
823485-641793,823485,2026-03-31,WSH,PHI,A,641793,Zack Littell,RELIEF_OR_BULK,,,,,0,0,0,0,False,False,75,23,15,3,3,6,2,1,2,https://raw.githubusercontent.com/lancebroz/mlb-pitcher-data/main/data/raw/2026/daily/2026-03-31.parquet,QA_VALIDATED_CANONICAL_V2,,,False,BULLPEN_PITCHER,P,https://raw.githubusercontent.com/lancebroz/mlb-pitcher-data/main/data/raw/2026/daily/2026-03-31.parquet,https://statsapi.mlb.com/api/v1.1/game/823485/feed/live,True,2,Bot,11,49
823485-661395,823485,2026-03-31,PHI,WSH,H,661395,Jhoan Duran,RELIEF_OR_BULK,2.0,22.0,5.0,3.0,0,22,0,5,False,False,20,4,3,0,0,1,0,2,0,https://raw.githubusercontent.com/lancebroz/mlb-pitcher-data/main/data/raw/2026/daily/2026-03-31.parquet,QA_VALIDATED_CANONICAL_V2,RELIEF_OR_BULK,MLB,False,BULLPEN_PITCHER,P,https://raw.githubusercontent.com/lancebroz/mlb-pitcher-data/main/data/raw/2026/daily/2026-03-31.parquet,https://statsapi.mlb.com/api/v1.1/game/823485/feed/live,True,9,Top,65,68
823485-686610,823485,2026-03-31,WSH,PHI,A,686610,Ken Waldichuk,RELIEF_OR_BULK,2.0,32.0,9.0,4.0,0,32,0,9,False,False,23,6,6,0,0,1,0,0,0,https://raw.githubusercontent.com/lancebroz/mlb-pitcher-data/main/data/raw/2026/daily/2026-03-31.parquet,QA_VALIDATED_CANONICAL_V2,RELIEF_OR_BULK,MLB,False,BULLPEN_PITCHER,P,https://raw.githubusercontent.com/lancebroz/mlb-pitcher-data/main/data/raw/2026/daily/2026-03-31.parquet,https://statsapi.mlb.com/api/v1.1/game/823485/feed/live,True,7,Bot,55,64
823888-663542,823888,2026-03-31,CWS,MIA,A,663542,Bryan Hudson,RELIEF_OR_BULK,2.0,33.0,6.0,2.0,0,33,0,6,False,False,25,8,5,2,1,1,1,1,0,https://raw.githubusercontent.com/lancebroz/mlb-pitcher-data/main/data/raw/2026/daily/2026-03-31.parquet,QA_VALIDATED_CANONICAL_V2,RELIEF_OR_BULK,MLB,False,BULLPEN_PITCHER,P,https://raw.githubusercontent.com/lancebroz/mlb-pitcher-data/main/data/raw/2026/daily/2026-03-31.parquet,https://statsapi.mlb.com/api/v1.1/game/823888/feed/live,True,6,Bot,45,56
823888-664126,823888,2026-03-31,MIA,CWS,H,664126,Pete Fairbanks,RELIEF_OR_BULK,2.0,9.0,3.0,3.0,0,9,0,3,False,False,15,3,3,0,0,0,0,3,0,https://raw.githubusercontent.com/lancebroz/mlb-pitcher-data/main/data/raw/2026/daily/2026-03-31.parquet,QA_VALIDATED_CANONICAL_V2,RELIEF_OR_BULK,MLB,False,BULLPEN_PITCHER,P,https://raw.githubusercontent.com/lancebroz/mlb-pitcher-data/main/data/raw/2026/daily/2026-03-31.parquet,https://statsapi.mlb.com/api/v1.1/game/823888/feed/live,True,9,Top,67,69
823888-669622,823888,2026-03-31,MIA,CWS,H,669622,Anthony Bender,RELIEF_OR_BULK,3.0,12.0,2.0,1.0,0,0,0,0,False,False,27,6,5,0,0,0,1,1,0,https://raw.githubusercontent.com/lancebroz/mlb-pitcher-data/main/data/raw/2026/daily/2026-03-31.parquet,QA_VALIDATED_CANONICAL_V2,RELIEF_OR_BULK,MLB,False,BULLPEN_PITCHER,P,https://raw.githubusercontent.com/lancebroz/mlb-pitcher-data/main/data/raw/2026/daily/2026-03-31.parquet,https://statsapi.mlb.com/api/v1.1/game/823888/feed/live,True,6,Top,43,51
823888-676534,823888,2026-03-31,MIA,CWS,H,676534,Calvin Faucher,RELIEF_OR_BULK,2.0,12.0,4.0,3.0,0,12,0,4,False,False,17,3,3,0,0,0,0,2,0,https://raw.githubusercontent.com/lancebroz/mlb-pitcher-data/main/data/raw/2026/daily/2026-03-31.parquet,QA_VALIDATED_CANONICAL_V2,RELIEF_OR_BULK,MLB,False,BULLPEN_PITCHER,P,https://raw.githubusercontent.com/lancebroz/mlb-pitcher-data/main/data/raw/2026/daily/2026-03-31.parquet,https://statsapi.mlb.com/api/v1.1/game/823888/feed/live,True,8,Top,58,60
823888-677053,823888,2026-03-31,MIA,CWS,H,677053,Andrew Nardi,RELIEF_OR_BULK,3.0,11.0,3.0,2.0,0,0,0,0,False,False,14,3,3,0,0,0,0,2,0,https://raw.githubusercontent.com/lancebroz/mlb-pitcher-data/main/data/raw/2026/daily/2026-03-31.parquet,QA_VALIDATED_CANONICAL_V2,RELIEF_OR_BULK,MLB,False,BULLPEN_PITCHER,P,https://raw.githubusercontent.com/lancebroz/mlb-pitcher-data/main/data/raw/2026/daily/2026-03-31.parquet,https://statsapi.mlb.com/api/v1.1/game/823888/feed/live,True,5,Top,37,42
823888-699151,823888,2026-03-31,CWS,MIA,A,699151,Jedixson Paez,RELIEF_OR_BULK,2.0,1.0,1.0,1.0,0,1,0,1,False,False,28,7,4,3,3,2,1,0,1,https://raw.githubusercontent.com/lancebroz/mlb-pitcher-data/main/data/raw/2026/daily/2026-03-31.parquet,QA_VALIDATED_CANONICAL_V2,RELIEF_OR_BULK,MLB,False,BULLPEN_PITCHER,P,https://raw.githubusercontent.com/lancebroz/mlb-pitcher-data/main/data/raw/2026/daily/2026-03-31.parquet,https://statsapi.mlb.com/api/v1.1/game/823888/feed/live,True,7,Bot,57,66
824537-572955,824537,2026-03-31,CIN,PIT,H,572955,Pierce Johnson,RELIEF_OR_BULK,1.0,13.0,3.0,2.0,13,20,3,6,False,False,20,5,3,2,2,2,0,1,1,https://raw.githubusercontent.com/lancebroz/mlb-pitcher-data/main/data/raw/2026/daily/2026-03-31.parquet,QA_VALIDATED_CANONICAL_V2,RELIEF_OR_BULK,MLB,False,BULLPEN_PITCHER,P,https://raw.githubusercontent.com/lancebroz/mlb-pitcher-data/main/data/raw/2026/daily/2026-03-31.parquet,https://statsapi.mlb.com/api/v1.1/game/824537/feed/live,True,9,Top,67,71
824537-594580,824537,2026-03-31,CIN,PIT,H,594580,Sam Moll,RELIEF_OR_BULK,2.0,15.0,4.0,3.0,0,15,0,4,False,False,15,3,3,0,0,0,0,1,0,https://raw.githubusercontent.com/lancebroz/mlb-pitcher-data/main/data/raw/2026/daily/2026-03-31.parquet,QA_VALIDATED_CANONICAL_V2,RELIEF_OR_BULK,MLB,False,BULLPEN_PITCHER,P,https://raw.githubusercontent.com/lancebroz/mlb-pitcher-data/main/data/raw/2026/daily/2026-03-31.parquet,https://statsapi.mlb.com/api/v1.1/game/824537/feed/live,True,8,Top,58,60
824537-642397,824537,2026-03-31,PIT,CIN,A,642397,Gregory Soto,RELIEF_OR_BULK,2.0,27.0,5.0,4.0,0,27,0,5,False,False,17,6,3,0,0,1,1,1,0,https://raw.githubusercontent.com/lancebroz/mlb-pitcher-data/main/data/raw/2026/daily/2026-03-31.parquet,QA_VALIDATED_CANONICAL_V2,RELIEF_OR_BULK,MLB,False,BULLPEN_PITCHER,P,https://raw.githubusercontent.com/lancebroz/mlb-pitcher-data/main/data/raw/2026/daily/2026-03-31.parquet,https://statsapi.mlb.com/api/v1.1/game/824537/feed/live,True,9,Bot,72,77
824537-642701,824537,2026-03-31,PIT,CIN,A,642701,Dennis Santana,RELIEF_OR_BULK,1.0,13.0,3.0,3.0,13,31,3,6,False,False,17,3,3,0,0,1,0,0,0,https://raw.githubusercontent.com/lancebroz/mlb-pitcher-data/main/data/raw/2026/daily/2026-03-31.parquet,QA_VALIDATED_CANONICAL_V2,RELIEF_OR_BULK,MLB,False,BULLPEN_PITCHER,P,https://raw.githubusercontent.com/lancebroz/mlb-pitcher-data/main/data/raw/2026/daily/2026-03-31.parquet,https://statsapi.mlb.com/api/v1.1/game/824537/feed/live,True,8,Bot,64,66
824537-656271,824537,2026-03-31,CIN,PIT,H,656271,Brock Burke,RELIEF_OR_BULK,1.0,27.0,5.0,4.0,27,27,5,5,False,False,20,7,7,0,0,0,1,2,0,https://raw.githubusercontent.com/lancebroz/mlb-pitcher-data/main/data/raw/2026/daily/2026-03-31.parquet,QA_VALIDATED_CANONICAL_V2,RELIEF_OR_BULK,MLB,False,BULLPEN_PITCHER,P,https://raw.githubusercontent.com/lancebroz/mlb-pitcher-data/main/data/raw/2026/daily/2026-03-31.parquet,https://statsapi.mlb.com/api/v1.1/game/824537/feed/live,True,5,Top,37,52
824537-670990,824537,2026-03-31,PIT,CIN,A,670990,Yohan Ramírez,RELIEF_OR_BULK,1.0,22.0,5.0,5.0,22,22,5,5,False,False,10,2,2,0,0,0,0,2,0,https://raw.githubusercontent.com/lancebroz/mlb-pitcher-data/main/data/raw/2026/daily/2026-03-31.parquet,QA_VALIDATED_CANONICAL_V2,RELIEF_OR_BULK,MLB,False,BULLPEN_PITCHER,P,https://raw.githubusercontent.com/lancebroz/mlb-pitcher-data/main/data/raw/2026/daily/2026-03-31.parquet,https://statsapi.mlb.com/api/v1.1/game/824537/feed/live,True,5,Bot,42,43
824537-682995,824537,2026-03-31,PIT,CIN,A,682995,Hunter Barco,RELIEF_OR_BULK,2.0,24.0,8.0,3.0,0,24,0,8,False,False,47,11,6,2,2,4,1,3,2,https://raw.githubusercontent.com/lancebroz/mlb-pitcher-data/main/data/raw/2026/daily/2026-03-31.parquet,QA_VALIDATED_CANONICAL_V2,RELIEF_OR_BULK,MLB,False,BULLPEN_PITCHER,P,https://raw.githubusercontent.com/lancebroz/mlb-pitcher-data/main/data/raw/2026/daily/2026-03-31.parquet,https://statsapi.mlb.com/api/v1.1/game/824537/feed/live,True,6,Bot,47,63
822836-656546,822836,2026-03-31,TOR,COL,H,656546,Jeff Hoffman,RELIEF_OR_BULK,1.0,10.0,4.0,3.0,10,10,4,4,False,False,15,4,3,0,0,1,0,1,0,https://raw.githubusercontent.com/lancebroz/mlb-pitcher-data/main/data/raw/2026/daily/2026-03-31.parquet,QA_VALIDATED_CANONICAL_V2,RELIEF_OR_BULK,MLB,False,BULLPEN_PITCHER,P,https://raw.githubusercontent.com/lancebroz/mlb-pitcher-data/main/data/raw/2026/daily/2026-03-31.parquet,https://statsapi.mlb.com/api/v1.1/game/822836/feed/live,True,9,Top,70,73
822836-657514,822836,2026-03-31,COL,TOR,A,657514,Brennan Bernardino,RELIEF_OR_BULK,2.0,12.0,3.0,2.0,0,12,0,3,False,False,15,4,3,0,0,1,0,1,0,https://raw.githubusercontent.com/lancebroz/mlb-pitcher-data/main/data/raw/2026/daily/2026-03-31.parquet,QA_VALIDATED_CANONICAL_V2,RELIEF_OR_BULK,MLB,False,BULLPEN_PITCHER,P,https://raw.githubusercontent.com/lancebroz/mlb-pitcher-data/main/data/raw/2026/daily/2026-03-31.parquet,https://statsapi.mlb.com/api/v1.1/game/822836/feed/live,True,6,Bot,45,48
822836-675848,822836,2026-03-31,COL,TOR,A,675848,Juan Mejia,RELIEF_OR_BULK,3.0,22.0,7.0,6.0,0,0,0,0,False,False,38,8,4,2,2,4,1,0,0,https://raw.githubusercontent.com/lancebroz/mlb-pitcher-data/main/data/raw/2026/daily/2026-03-31.parquet,QA_VALIDATED_CANONICAL_V2,RELIEF_OR_BULK,MLB,False,BULLPEN_PITCHER,P,https://raw.githubusercontent.com/lancebroz/mlb-pitcher-data/main/data/raw/2026/daily/2026-03-31.parquet,https://statsapi.mlb.com/api/v1.1/game/822836/feed/live,True,4,Bot,26,36
822836-677955,822836,2026-03-31,COL,TOR,A,677955,Jaden Hill,RELIEF_OR_BULK,0.0,1.0,1.0,1.0,1,24,1,7,True,False,16,4,2,0,0,1,1,2,0,https://raw.githubusercontent.com/lancebroz/mlb-pitcher-data/main/data/raw/2026/daily/2026-03-31.parquet,QA_VALIDATED_CANONICAL_V2,RELIEF_OR_BULK,MLB,False,BULLPEN_PITCHER,P,https://raw.githubusercontent.com/lancebroz/mlb-pitcher-data/main/data/raw/2026/daily/2026-03-31.parquet,https://statsapi.mlb.com/api/v1.1/game/822836/feed/live,True,5,Bot,37,40
822836-680755,822836,2026-03-31,TOR,COL,H,680755,Braydon Fisher,RELIEF_OR_BULK,1.0,22.0,5.0,5.0,22,26,5,6,False,False,23,4,4,0,0,1,0,0,0,https://raw.githubusercontent.com/lancebroz/mlb-pitcher-data/main/data/raw/2026/daily/2026-03-31.parquet,QA_VALIDATED_CANONICAL_V2,RELIEF_OR_BULK,MLB,False,BULLPEN_PITCHER,P,https://raw.githubusercontent.com/lancebroz/mlb-pitcher-data/main/data/raw/2026/daily/2026-03-31.parquet,https://statsapi.mlb.com/api/v1.1/game/822836/feed/live,True,7,Top,52,63
822836-688642,822836,2026-03-31,COL,TOR,A,688642,Zach Agnos,RELIEF_OR_BULK,2.0,30.0,5.0,4.0,0,30,0,5,False,False,45,13,6,3,3,7,1,3,0,https://raw.githubusercontent.com/lancebroz/mlb-pitcher-data/main/data/raw/2026/daily/2026-03-31.parquet,QA_VALIDATED_CANONICAL_V2,RELIEF_OR_BULK,MLB,False,BULLPEN_PITCHER,P,https://raw.githubusercontent.com/lancebroz/mlb-pitcher-data/main/data/raw/2026/daily/2026-03-31.parquet,https://statsapi.mlb.com/api/v1.1/game/822836/feed/live,True,7,Bot,53,69
822836-689254,822836,2026-03-31,TOR,COL,H,689254,Mason Fluharty,RELIEF_OR_BULK,1.0,5.0,1.0,1.0,5,14,1,3,False,False,15,3,2,0,0,1,0,1,0,https://raw.githubusercontent.com/lancebroz/mlb-pitcher-data/main/data/raw/2026/daily/2026-03-31.parquet,QA_VALIDATED_CANONICAL_V2,RELIEF_OR_BULK,MLB,False,BULLPEN_PITCHER,P,https://raw.githubusercontent.com/lancebroz/mlb-pitcher-data/main/data/raw/2026/daily/2026-03-31.parquet,https://statsapi.mlb.com/api/v1.1/game/822836/feed/live,True,7,Top,49,51
824942-527048,824942,2026-03-31,ATL,ATH,H,527048,Martín Pérez,RELIEF_OR_BULK,,,,,0,0,0,0,False,False,47,14,13,0,0,2,0,3,0,https://raw.githubusercontent.com/lancebroz/mlb-pitcher-data/main/data/raw/2026/daily/2026-03-31.parquet,QA_VALIDATED_CANONICAL_V2,,,False,BULLPEN_PITCHER,P,https://raw.githubusercontent.com/lancebroz/mlb-pitcher-data/main/data/raw/2026/daily/2026-03-31.parquet,https://statsapi.mlb.com/api/v1.1/game/824942/feed/live,True,5,Top,37,68
824942-605130,824942,2026-03-31,ATH,ATL,A,605130,Scott Barlow,RELIEF_OR_BULK,2.0,14.0,5.0,3.0,0,14,0,5,False,False,10,3,3,0,0,0,0,0,0,https://raw.githubusercontent.com/lancebroz/mlb-pitcher-data/main/data/raw/2026/daily/2026-03-31.parquet,QA_VALIDATED_CANONICAL_V2,RELIEF_OR_BULK,MLB,False,BULLPEN_PITCHER,P,https://raw.githubusercontent.com/lancebroz/mlb-pitcher-data/main/data/raw/2026/daily/2026-03-31.parquet,https://statsapi.mlb.com/api/v1.1/game/824942/feed/live,True,8,Bot,63,65
824942-606303,824942,2026-03-31,ATL,ATH,H,606303,Joel Payamps,RELIEF_OR_BULK,2.0,15.0,3.0,1.0,0,15,0,3,False,False,14,4,3,1,1,1,0,2,1,https://raw.githubusercontent.com/lancebroz/mlb-pitcher-data/main/data/raw/2026/daily/2026-03-31.parquet,QA_VALIDATED_CANONICAL_V2,RELIEF_OR_BULK,MLB,False,BULLPEN_PITCHER,P,https://raw.githubusercontent.com/lancebroz/mlb-pitcher-data/main/data/raw/2026/daily/2026-03-31.parquet,https://statsapi.mlb.com/api/v1.1/game/824942/feed/live,True,4,Top,30,36
824942-643410,824942,2026-03-31,ATH,ATL,A,643410,Mark Leiter Jr.,RELIEF_OR_BULK,0.0,8.0,3.0,3.0,8,25,3,8,True,False,13,5,3,0,0,2,0,1,0,https://raw.githubusercontent.com/lancebroz/mlb-pitcher-data/main/data/raw/2026/daily/2026-03-31.parquet,QA_VALIDATED_CANONICAL_V2,RELIEF_OR_BULK,MLB,False,BULLPEN_PITCHER,P,https://raw.githubusercontent.com/lancebroz/mlb-pitcher-data/main/data/raw/2026/daily/2026-03-31.parquet,https://statsapi.mlb.com/api/v1.1/game/824942/feed/live,True,9,Bot,69,73
824942-663687,824942,2026-03-31,ATH,ATL,A,663687,Hogan Harris,RELIEF_OR_BULK,2.0,19.0,5.0,2.0,0,19,0,5,False,False,23,5,3,0,0,0,2,0,0,https://raw.githubusercontent.com/lancebroz/mlb-pitcher-data/main/data/raw/2026/daily/2026-03-31.parquet,QA_VALIDATED_CANONICAL_V2,RELIEF_OR_BULK,MLB,False,BULLPEN_PITCHER,P,https://raw.githubusercontent.com/lancebroz/mlb-pitcher-data/main/data/raw/2026/daily/2026-03-31.parquet,https://statsapi.mlb.com/api/v1.1/game/824942/feed/live,True,6,Bot,46,50
824942-686993,824942,2026-03-31,ATH,ATL,A,686993,Justin Sterner,RELIEF_OR_BULK,0.0,11.0,3.0,3.0,11,11,3,3,True,False,28,5,3,0,0,0,1,2,0,https://raw.githubusercontent.com/lancebroz/mlb-pitcher-data/main/data/raw/2026/daily/2026-03-31.parquet,QA_VALIDATED_CANONICAL_V2,RELIEF_OR_BULK,MLB,False,BULLPEN_PITCHER,P,https://raw.githubusercontent.com/lancebroz/mlb-pitcher-data/main/data/raw/2026/daily/2026-03-31.parquet,https://statsapi.mlb.com/api/v1.1/game/824942/feed/live,True,7,Bot,55,59
823807-642121,823807,2026-03-31,TB,MIL,A,642121,Cole Sulser,RELIEF_OR_BULK,2.0,41.0,10.0,6.0,0,41,0,10,False,False,31,8,4,2,2,4,0,0,1,https://raw.githubusercontent.com/lancebroz/mlb-pitcher-data/main/data/raw/2026/daily/2026-03-31.parquet,QA_VALIDATED_CANONICAL_V2,RELIEF_OR_BULK,MLB,False,BULLPEN_PITCHER,P,https://raw.githubusercontent.com/lancebroz/mlb-pitcher-data/main/data/raw/2026/daily/2026-03-31.parquet,https://statsapi.mlb.com/api/v1.1/game/823807/feed/live,True,5,Bot,38,49
823807-657649,823807,2026-03-31,MIL,TB,H,657649,Jared Koenig,RELIEF_OR_BULK,1.0,13.0,3.0,3.0,13,13,3,3,False,False,16,4,3,0,0,1,0,1,0,https://raw.githubusercontent.com/lancebroz/mlb-pitcher-data/main/data/raw/2026/daily/2026-03-31.parquet,QA_VALIDATED_CANONICAL_V2,RELIEF_OR_BULK,MLB,False,BULLPEN_PITCHER,P,https://raw.githubusercontent.com/lancebroz/mlb-pitcher-data/main/data/raw/2026/daily/2026-03-31.parquet,https://statsapi.mlb.com/api/v1.1/game/823807/feed/live,True,6,Top,39,42
823807-672582,823807,2026-03-31,MIL,TB,H,672582,Angel Zerpa,RELIEF_OR_BULK,0.0,10.0,3.0,3.0,10,27,3,7,True,False,14,4,3,0,0,0,1,0,0,https://raw.githubusercontent.com/lancebroz/mlb-pitcher-data/main/data/raw/2026/daily/2026-03-31.parquet,QA_VALIDATED_CANONICAL_V2,RELIEF_OR_BULK,MLB,False,BULLPEN_PITCHER,P,https://raw.githubusercontent.com/lancebroz/mlb-pitcher-data/main/data/raw/2026/daily/2026-03-31.parquet,https://statsapi.mlb.com/api/v1.1/game/823807/feed/live,True,9,Top,68,71
823807-672782,823807,2026-03-31,TB,MIL,A,672782,Yoendrys Gómez,RELIEF_OR_BULK,4.0,28.0,9.0,6.0,0,0,0,0,False,False,30,9,6,1,1,1,2,2,1,https://raw.githubusercontent.com/lancebroz/mlb-pitcher-data/main/data/raw/2026/daily/2026-03-31.parquet,QA_VALIDATED_CANONICAL_V2,RELIEF_OR_BULK,MLB,False,BULLPEN_PITCHER,P,https://raw.githubusercontent.com/lancebroz/mlb-pitcher-data/main/data/raw/2026/daily/2026-03-31.parquet,https://statsapi.mlb.com/api/v1.1/game/823807/feed/live,True,7,Bot,54,67
823807-681982,823807,2026-03-31,MIL,TB,H,681982,Grant Anderson,RELIEF_OR_BULK,1.0,31.0,8.0,6.0,31,31,8,8,False,False,19,4,3,0,0,1,0,1,0,https://raw.githubusercontent.com/lancebroz/mlb-pitcher-data/main/data/raw/2026/daily/2026-03-31.parquet,QA_VALIDATED_CANONICAL_V2,RELIEF_OR_BULK,MLB,False,BULLPEN_PITCHER,P,https://raw.githubusercontent.com/lancebroz/mlb-pitcher-data/main/data/raw/2026/daily/2026-03-31.parquet,https://statsapi.mlb.com/api/v1.1/game/823807/feed/live,True,7,Top,50,53
823807-682842,823807,2026-03-31,MIL,TB,H,682842,Abner Uribe,RELIEF_OR_BULK,2.0,14.0,3.0,3.0,0,14,0,3,False,False,22,5,3,0,0,1,1,0,0,https://raw.githubusercontent.com/lancebroz/mlb-pitcher-data/main/data/raw/2026/daily/2026-03-31.parquet,QA_VALIDATED_CANONICAL_V2,RELIEF_OR_BULK,MLB,False,BULLPEN_PITCHER,P,https://raw.githubusercontent.com/lancebroz/mlb-pitcher-data/main/data/raw/2026/daily/2026-03-31.parquet,https://statsapi.mlb.com/api/v1.1/game/823807/feed/live,True,8,Top,59,63
824699-519141,824699,2026-03-31,LAA,CHC,A,519141,Drew Pomeranz,RELIEF_OR_BULK,1.0,17.0,8.0,3.0,17,17,8,8,False,False,20,5,4,0,0,1,0,2,0,https://raw.githubusercontent.com/lancebroz/mlb-pitcher-data/main/data/raw/2026/daily/2026-03-31.parquet,QA_VALIDATED_CANONICAL_V2,RELIEF_OR_BULK,MLB,False,BULLPEN_PITCHER,P,https://raw.githubusercontent.com/lancebroz/mlb-pitcher-data/main/data/raw/2026/daily/2026-03-31.parquet,https://statsapi.mlb.com/api/v1.1/game/824699/feed/live,True,8,Bot,61,69
824699-571948,824699,2026-03-31,CHC,LAA,H,571948,Hoby Milner,RELIEF_OR_BULK,1.0,17.0,5.0,3.0,17,17,5,5,False,False,3,1,1,0,0,0,0,0,0,https://raw.githubusercontent.com/lancebroz/mlb-pitcher-data/main/data/raw/2026/daily/2026-03-31.parquet,QA_VALIDATED_CANONICAL_V2,RELIEF_OR_BULK,MLB,False,BULLPEN_PITCHER,P,https://raw.githubusercontent.com/lancebroz/mlb-pitcher-data/main/data/raw/2026/daily/2026-03-31.parquet,https://statsapi.mlb.com/api/v1.1/game/824699/feed/live,True,5,Top,35,35
824699-605447,824699,2026-03-31,LAA,CHC,A,605447,Jordan Romano,RELIEF_OR_BULK,3.0,13.0,3.0,3.0,0,0,0,0,False,False,12,3,2,0,0,0,1,1,0,https://raw.githubusercontent.com/lancebroz/mlb-pitcher-data/main/data/raw/2026/daily/2026-03-31.parquet,QA_VALIDATED_CANONICAL_V2,RELIEF_OR_BULK,MLB,False,BULLPEN_PITCHER,P,https://raw.githubusercontent.com/lancebroz/mlb-pitcher-data/main/data/raw/2026/daily/2026-03-31.parquet,https://statsapi.mlb.com/api/v1.1/game/824699/feed/live,True,9,Bot,70,72
824699-664208,824699,2026-03-31,CHC,LAA,H,664208,Phil Maton,RELIEF_OR_BULK,1.0,23.0,5.0,3.0,23,32,5,7,False,False,28,6,2,2,2,2,2,1,0,https://raw.githubusercontent.com/lancebroz/mlb-pitcher-data/main/data/raw/2026/daily/2026-03-31.parquet,QA_VALIDATED_CANONICAL_V2,RELIEF_OR_BULK,MLB,False,BULLPEN_PITCHER,P,https://raw.githubusercontent.com/lancebroz/mlb-pitcher-data/main/data/raw/2026/daily/2026-03-31.parquet,https://statsapi.mlb.com/api/v1.1/game/824699/feed/live,True,6,Top,39,44
824699-676962,824699,2026-03-31,CHC,LAA,H,676962,Ben Brown,RELIEF_OR_BULK,4.0,49.0,13.0,10.0,0,0,0,0,False,False,50,12,10,0,0,1,1,5,0,https://raw.githubusercontent.com/lancebroz/mlb-pitcher-data/main/data/raw/2026/daily/2026-03-31.parquet,QA_VALIDATED_CANONICAL_V2,RELIEF_OR_BULK,MLB,False,BULLPEN_PITCHER,P,https://raw.githubusercontent.com/lancebroz/mlb-pitcher-data/main/data/raw/2026/daily/2026-03-31.parquet,https://statsapi.mlb.com/api/v1.1/game/824699/feed/live,True,6,Top,45,68
824699-681217,824699,2026-03-31,LAA,CHC,A,681217,Chase Silseth,RELIEF_OR_BULK,1.0,14.0,4.0,3.0,14,14,4,4,False,False,14,5,3,0,0,1,1,1,0,https://raw.githubusercontent.com/lancebroz/mlb-pitcher-data/main/data/raw/2026/daily/2026-03-31.parquet,QA_VALIDATED_CANONICAL_V2,RELIEF_OR_BULK,MLB,False,BULLPEN_PITCHER,P,https://raw.githubusercontent.com/lancebroz/mlb-pitcher-data/main/data/raw/2026/daily/2026-03-31.parquet,https://statsapi.mlb.com/api/v1.1/game/824699/feed/live,True,7,Bot,53,57
823077-592773,823077,2026-03-31,STL,NYM,H,592773,Ryne Stanek,RELIEF_OR_BULK,2.0,27.0,6.0,4.0,0,27,0,6,False,False,22,4,3,0,0,0,1,1,0,https://raw.githubusercontent.com/lancebroz/mlb-pitcher-data/main/data/raw/2026/daily/2026-03-31.parquet,QA_VALIDATED_CANONICAL_V2,RELIEF_OR_BULK,MLB,False,BULLPEN_PITCHER,P,https://raw.githubusercontent.com/lancebroz/mlb-pitcher-data/main/data/raw/2026/daily/2026-03-31.parquet,https://statsapi.mlb.com/api/v1.1/game/823077/feed/live,True,7,Top,48,51
823077-663992,823077,2026-03-31,NYM,STL,A,663992,Richard Lovelady,RELIEF_OR_BULK,1.0,26.0,6.0,3.0,26,47,6,11,False,False,29,9,6,1,1,2,1,2,1,https://raw.githubusercontent.com/lancebroz/mlb-pitcher-data/main/data/raw/2026/daily/2026-03-31.parquet,QA_VALIDATED_CANONICAL_V2,RELIEF_OR_BULK,MLB,False,BULLPEN_PITCHER,P,https://raw.githubusercontent.com/lancebroz/mlb-pitcher-data/main/data/raw/2026/daily/2026-03-31.parquet,https://statsapi.mlb.com/api/v1.1/game/823077/feed/live,True,7,Bot,52,63
823077-668941,823077,2026-03-31,STL,NYM,H,668941,JoJo Romero,RELIEF_OR_BULK,2.0,17.0,3.0,3.0,0,17,0,3,False,False,13,3,3,0,0,0,0,1,0,https://raw.githubusercontent.com/lancebroz/mlb-pitcher-data/main/data/raw/2026/daily/2026-03-31.parquet,QA_VALIDATED_CANONICAL_V2,RELIEF_OR_BULK,MLB,False,BULLPEN_PITCHER,P,https://raw.githubusercontent.com/lancebroz/mlb-pitcher-data/main/data/raw/2026/daily/2026-03-31.parquet,https://statsapi.mlb.com/api/v1.1/game/823077/feed/live,True,8,Top,58,60
823077-676617,823077,2026-03-31,STL,NYM,H,676617,Riley O'Brien,RELIEF_OR_BULK,2.0,9.0,4.0,3.0,0,9,0,4,False,False,11,3,3,0,0,0,0,0,0,https://raw.githubusercontent.com/lancebroz/mlb-pitcher-data/main/data/raw/2026/daily/2026-03-31.parquet,QA_VALIDATED_CANONICAL_V2,RELIEF_OR_BULK,MLB,False,BULLPEN_PITCHER,P,https://raw.githubusercontent.com/lancebroz/mlb-pitcher-data/main/data/raw/2026/daily/2026-03-31.parquet,https://statsapi.mlb.com/api/v1.1/game/823077/feed/live,True,9,Top,64,66
823077-700669,823077,2026-03-31,STL,NYM,H,700669,Gordon Graceffo,RELIEF_OR_BULK,,,,,0,0,0,0,False,False,3,2,3,0,0,0,0,0,0,https://raw.githubusercontent.com/lancebroz/mlb-pitcher-data/main/data/raw/2026/daily/2026-03-31.parquet,QA_VALIDATED_CANONICAL_V2,,,False,BULLPEN_PITCHER,P,https://raw.githubusercontent.com/lancebroz/mlb-pitcher-data/main/data/raw/2026/daily/2026-03-31.parquet,https://statsapi.mlb.com/api/v1.1/game/823077/feed/live,True,6,Top,43,44
824212-663558,824212,2026-03-31,BOS,HOU,A,663558,Jovani Morán,RELIEF_OR_BULK,1.0,25.0,8.0,6.0,25,25,8,8,False,False,26,7,6,1,1,1,0,2,1,https://raw.githubusercontent.com/lancebroz/mlb-pitcher-data/main/data/raw/2026/daily/2026-03-31.parquet,QA_VALIDATED_CANONICAL_V2,RELIEF_OR_BULK,MLB,False,BULLPEN_PITCHER,P,https://raw.githubusercontent.com/lancebroz/mlb-pitcher-data/main/data/raw/2026/daily/2026-03-31.parquet,https://statsapi.mlb.com/api/v1.1/game/824212/feed/live,True,7,Bot,58,70
824212-670245,824212,2026-03-31,BOS,HOU,A,670245,Ryan Watson,RELIEF_OR_BULK,2.0,51.0,10.0,7.0,0,51,0,10,False,False,27,8,4,2,2,2,2,2,0,https://raw.githubusercontent.com/lancebroz/mlb-pitcher-data/main/data/raw/2026/daily/2026-03-31.parquet,QA_VALIDATED_CANONICAL_V2,RELIEF_OR_BULK,MLB,False,BULLPEN_PITCHER,P,https://raw.githubusercontent.com/lancebroz/mlb-pitcher-data/main/data/raw/2026/daily/2026-03-31.parquet,https://statsapi.mlb.com/api/v1.1/game/824212/feed/live,True,5,Bot,43,53
824212-675989,824212,2026-03-31,HOU,BOS,H,675989,Cody Bolton,RELIEF_OR_BULK,,,,,0,0,0,0,False,False,50,13,9,1,1,3,1,5,1,https://raw.githubusercontent.com/lancebroz/mlb-pitcher-data/main/data/raw/2026/daily/2026-03-31.parquet,QA_VALIDATED_CANONICAL_V2,,,False,BULLPEN_PITCHER,P,https://raw.githubusercontent.com/lancebroz/mlb-pitcher-data/main/data/raw/2026/daily/2026-03-31.parquet,https://statsapi.mlb.com/api/v1.1/game/824212/feed/live,True,7,Top,54,73
823158-657612,823158,2026-03-31,NYY,SEA,A,657612,Tim Hill,RELIEF_OR_BULK,2.0,11.0,4.0,4.0,0,11,0,4,False,False,7,3,3,0,0,0,0,0,0,https://raw.githubusercontent.com/lancebroz/mlb-pitcher-data/main/data/raw/2026/daily/2026-03-31.parquet,QA_VALIDATED_CANONICAL_V2,RELIEF_OR_BULK,MLB,False,BULLPEN_PITCHER,P,https://raw.githubusercontent.com/lancebroz/mlb-pitcher-data/main/data/raw/2026/daily/2026-03-31.parquet,https://statsapi.mlb.com/api/v1.1/game/823158/feed/live,True,9,Bot,66,68
823158-668984,823158,2026-03-31,SEA,NYY,H,668984,Casey Legumina,RELIEF_OR_BULK,2.0,23.0,4.0,3.0,0,23,0,4,False,False,18,5,5,0,0,0,0,1,0,https://raw.githubusercontent.com/lancebroz/mlb-pitcher-data/main/data/raw/2026/daily/2026-03-31.parquet,QA_VALIDATED_CANONICAL_V2,RELIEF_OR_BULK,MLB,False,BULLPEN_PITCHER,P,https://raw.githubusercontent.com/lancebroz/mlb-pitcher-data/main/data/raw/2026/daily/2026-03-31.parquet,https://statsapi.mlb.com/api/v1.1/game/823158/feed/live,True,8,Top,57,65
823158-677961,823158,2026-03-31,SEA,NYY,H,677961,Cole Wilcox,RELIEF_OR_BULK,2.0,10.0,3.0,3.0,0,10,0,3,False,False,31,8,6,0,0,2,0,3,0,https://raw.githubusercontent.com/lancebroz/mlb-pitcher-data/main/data/raw/2026/daily/2026-03-31.parquet,QA_VALIDATED_CANONICAL_V2,RELIEF_OR_BULK,MLB,False,BULLPEN_PITCHER,P,https://raw.githubusercontent.com/lancebroz/mlb-pitcher-data/main/data/raw/2026/daily/2026-03-31.parquet,https://statsapi.mlb.com/api/v1.1/game/823158/feed/live,True,6,Top,41,56
823158-687396,823158,2026-03-31,NYY,SEA,A,687396,Brent Headrick,RELIEF_OR_BULK,0.0,16.0,4.0,2.0,16,30,4,7,True,False,10,4,3,0,0,1,0,1,0,https://raw.githubusercontent.com/lancebroz/mlb-pitcher-data/main/data/raw/2026/daily/2026-03-31.parquet,QA_VALIDATED_CANONICAL_V2,RELIEF_OR_BULK,MLB,False,BULLPEN_PITCHER,P,https://raw.githubusercontent.com/lancebroz/mlb-pitcher-data/main/data/raw/2026/daily/2026-03-31.parquet,https://statsapi.mlb.com/api/v1.1/game/823158/feed/live,True,8,Bot,59,62
823322-606996,823322,2026-03-31,SD,SF,H,606996,Kyle Hart,RELIEF_OR_BULK,2.0,23.0,6.0,6.0,0,23,0,6,False,False,42,11,7,4,4,4,1,2,0,https://raw.githubusercontent.com/lancebroz/mlb-pitcher-data/main/data/raw/2026/daily/2026-03-31.parquet,QA_VALIDATED_CANONICAL_V2,RELIEF_OR_BULK,MLB,False,BULLPEN_PITCHER,P,https://raw.githubusercontent.com/lancebroz/mlb-pitcher-data/main/data/raw/2026/daily/2026-03-31.parquet,https://statsapi.mlb.com/api/v1.1/game/823322/feed/live,True,4,Top,34,50
823322-664141,823322,2026-03-31,SF,SD,A,664141,JT Brubaker,RELIEF_OR_BULK,2.0,2.0,1.0,1.0,0,2,0,1,False,False,28,7,6,0,0,2,0,1,0,https://raw.githubusercontent.com/lancebroz/mlb-pitcher-data/main/data/raw/2026/daily/2026-03-31.parquet,QA_VALIDATED_CANONICAL_V2,RELIEF_OR_BULK,MLB,False,BULLPEN_PITCHER,P,https://raw.githubusercontent.com/lancebroz/mlb-pitcher-data/main/data/raw/2026/daily/2026-03-31.parquet,https://statsapi.mlb.com/api/v1.1/game/823322/feed/live,True,7,Bot,60,70
823322-669093,823322,2026-03-31,SD,SF,H,669093,Jeremiah Estrada,RELIEF_OR_BULK,3.0,27.0,6.0,2.0,0,0,0,0,False,False,18,4,3,0,0,1,0,2,0,https://raw.githubusercontent.com/lancebroz/mlb-pitcher-data/main/data/raw/2026/daily/2026-03-31.parquet,QA_VALIDATED_CANONICAL_V2,RELIEF_OR_BULK,MLB,False,BULLPEN_PITCHER,P,https://raw.githubusercontent.com/lancebroz/mlb-pitcher-data/main/data/raw/2026/daily/2026-03-31.parquet,https://statsapi.mlb.com/api/v1.1/game/823322/feed/live,True,8,Top,64,67
823322-676130,823322,2026-03-31,SF,SD,A,676130,José Buttó,RELIEF_OR_BULK,3.0,17.0,4.0,2.0,0,0,0,0,False,False,18,4,3,0,0,1,0,2,0,https://raw.githubusercontent.com/lancebroz/mlb-pitcher-data/main/data/raw/2026/daily/2026-03-31.parquet,QA_VALIDATED_CANONICAL_V2,RELIEF_OR_BULK,MLB,False,BULLPEN_PITCHER,P,https://raw.githubusercontent.com/lancebroz/mlb-pitcher-data/main/data/raw/2026/daily/2026-03-31.parquet,https://statsapi.mlb.com/api/v1.1/game/823322/feed/live,True,9,Bot,75,78
823322-688158,823322,2026-03-31,SD,SF,H,688158,David Morgan,RELIEF_OR_BULK,0.0,20.0,8.0,6.0,20,20,8,8,True,False,13,4,3,1,0,2,0,1,0,https://raw.githubusercontent.com/lancebroz/mlb-pitcher-data/main/data/raw/2026/daily/2026-03-31.parquet,QA_VALIDATED_CANONICAL_V2,RELIEF_OR_BULK,MLB,False,BULLPEN_PITCHER,P,https://raw.githubusercontent.com/lancebroz/mlb-pitcher-data/main/data/raw/2026/daily/2026-03-31.parquet,https://statsapi.mlb.com/api/v1.1/game/823322/feed/live,True,9,Top,71,74
823322-699134,823322,2026-03-31,SD,SF,H,699134,Bradgley Rodriguez,RELIEF_OR_BULK,4.0,20.0,6.0,6.0,0,0,0,0,False,False,17,6,5,0,0,1,0,1,0,https://raw.githubusercontent.com/lancebroz/mlb-pitcher-data/main/data/raw/2026/daily/2026-03-31.parquet,QA_VALIDATED_CANONICAL_V2,RELIEF_OR_BULK,MLB,False,BULLPEN_PITCHER,P,https://raw.githubusercontent.com/lancebroz/mlb-pitcher-data/main/data/raw/2026/daily/2026-03-31.parquet,https://statsapi.mlb.com/api/v1.1/game/823322/feed/live,True,6,Top,51,59
825107-445276,825107,2026-03-31,DET,AZ,A,445276,Kenley Jansen,RELIEF_OR_BULK,3.0,11.0,3.0,3.0,0,0,0,0,False,False,8,2,1,1,1,1,0,1,1,https://raw.githubusercontent.com/lancebroz/mlb-pitcher-data/main/data/raw/2026/daily/2026-03-31.parquet,QA_VALIDATED_CANONICAL_V2,RELIEF_OR_BULK,MLB,False,BULLPEN_PITCHER,P,https://raw.githubusercontent.com/lancebroz/mlb-pitcher-data/main/data/raw/2026/daily/2026-03-31.parquet,https://statsapi.mlb.com/api/v1.1/game/825107/feed/live,True,8,Bot,64,65
825107-623149,825107,2026-03-31,AZ,DET,H,623149,Paul Sewald,RELIEF_OR_BULK,0.0,12.0,3.0,3.0,12,17,3,4,True,False,13,3,3,0,0,0,0,3,0,https://raw.githubusercontent.com/lancebroz/mlb-pitcher-data/main/data/raw/2026/daily/2026-03-31.parquet,QA_VALIDATED_CANONICAL_V2,RELIEF_OR_BULK,MLB,False,BULLPEN_PITCHER,P,https://raw.githubusercontent.com/lancebroz/mlb-pitcher-data/main/data/raw/2026/daily/2026-03-31.parquet,https://statsapi.mlb.com/api/v1.1/game/825107/feed/live,True,9,Top,66,68
825107-623454,825107,2026-03-31,DET,AZ,A,623454,Drew Anderson,RELIEF_OR_BULK,4.0,36.0,8.0,4.0,0,0,0,0,False,False,16,5,3,2,2,2,0,2,0,https://raw.githubusercontent.com/lancebroz/mlb-pitcher-data/main/data/raw/2026/daily/2026-03-31.parquet,QA_VALIDATED_CANONICAL_V2,RELIEF_OR_BULK,MLB,False,BULLPEN_PITCHER,P,https://raw.githubusercontent.com/lancebroz/mlb-pitcher-data/main/data/raw/2026/daily/2026-03-31.parquet,https://statsapi.mlb.com/api/v1.1/game/825107/feed/live,True,7,Bot,50,58
825107-676684,825107,2026-03-31,DET,AZ,A,676684,Will Vest,RELIEF_OR_BULK,2.0,4.0,1.0,1.0,0,4,0,1,False,False,27,5,2,3,3,1,2,0,0,https://raw.githubusercontent.com/lancebroz/mlb-pitcher-data/main/data/raw/2026/daily/2026-03-31.parquet,QA_VALIDATED_CANONICAL_V2,RELIEF_OR_BULK,MLB,False,BULLPEN_PITCHER,P,https://raw.githubusercontent.com/lancebroz/mlb-pitcher-data/main/data/raw/2026/daily/2026-03-31.parquet,https://statsapi.mlb.com/api/v1.1/game/825107/feed/live,True,8,Bot,59,63
825107-694851,825107,2026-03-31,AZ,DET,H,694851,Andrew Hoffmann,RELIEF_OR_BULK,4.0,33.0,8.0,5.0,0,0,0,0,False,False,32,7,6,0,0,0,1,3,0,https://raw.githubusercontent.com/lancebroz/mlb-pitcher-data/main/data/raw/2026/daily/2026-03-31.parquet,QA_VALIDATED_CANONICAL_V2,RELIEF_OR_BULK,MLB,False,BULLPEN_PITCHER,P,https://raw.githubusercontent.com/lancebroz/mlb-pitcher-data/main/data/raw/2026/daily/2026-03-31.parquet,https://statsapi.mlb.com/api/v1.1/game/825107/feed/live,True,7,Top,47,56
823969-621242,823969,2026-03-31,LAD,CLE,H,621242,Edwin Díaz,RELIEF_OR_BULK,2.0,10.0,3.0,3.0,0,10,0,3,False,False,33,6,3,1,1,1,1,2,0,https://raw.githubusercontent.com/lancebroz/mlb-pitcher-data/main/data/raw/2026/daily/2026-03-31.parquet,QA_VALIDATED_CANONICAL_V2,RELIEF_OR_BULK,MLB,False,BULLPEN_PITCHER,P,https://raw.githubusercontent.com/lancebroz/mlb-pitcher-data/main/data/raw/2026/daily/2026-03-31.parquet,https://statsapi.mlb.com/api/v1.1/game/823969/feed/live,True,9,Top,67,72
823969-663465,823969,2026-03-31,CLE,LAD,A,663465,Kolby Allard,RELIEF_OR_BULK,,,,,0,0,0,0,False,False,55,11,8,1,1,2,1,5,1,https://raw.githubusercontent.com/lancebroz/mlb-pitcher-data/main/data/raw/2026/daily/2026-03-31.parquet,QA_VALIDATED_CANONICAL_V2,,,False,BULLPEN_PITCHER,P,https://raw.githubusercontent.com/lancebroz/mlb-pitcher-data/main/data/raw/2026/daily/2026-03-31.parquet,https://statsapi.mlb.com/api/v1.1/game/823969/feed/live,True,5,Bot,37,54
823969-670036,823969,2026-03-31,CLE,LAD,A,670036,Matt Festa,RELIEF_OR_BULK,2.0,14.0,5.0,5.0,0,14,0,5,False,False,29,8,4,2,2,4,0,2,0,https://raw.githubusercontent.com/lancebroz/mlb-pitcher-data/main/data/raw/2026/daily/2026-03-31.parquet,QA_VALIDATED_CANONICAL_V2,RELIEF_OR_BULK,MLB,False,BULLPEN_PITCHER,P,https://raw.githubusercontent.com/lancebroz/mlb-pitcher-data/main/data/raw/2026/daily/2026-03-31.parquet,https://statsapi.mlb.com/api/v1.1/game/823969/feed/live,True,7,Bot,55,66
823969-676263,823969,2026-03-31,LAD,CLE,H,676263,Jack Dreyer,RELIEF_OR_BULK,3.0,26.0,5.0,5.0,0,0,0,0,False,False,15,4,3,0,0,0,1,1,0,https://raw.githubusercontent.com/lancebroz/mlb-pitcher-data/main/data/raw/2026/daily/2026-03-31.parquet,QA_VALIDATED_CANONICAL_V2,RELIEF_OR_BULK,MLB,False,BULLPEN_PITCHER,P,https://raw.githubusercontent.com/lancebroz/mlb-pitcher-data/main/data/raw/2026/daily/2026-03-31.parquet,https://statsapi.mlb.com/api/v1.1/game/823969/feed/live,True,8,Top,56,59
823969-681911,823969,2026-03-31,LAD,CLE,H,681911,Alex Vesia,RELIEF_OR_BULK,2.0,12.0,3.0,3.0,0,12,0,3,False,False,14,3,3,0,0,0,0,1,0,https://raw.githubusercontent.com/lancebroz/mlb-pitcher-data/main/data/raw/2026/daily/2026-03-31.parquet,QA_VALIDATED_CANONICAL_V2,RELIEF_OR_BULK,MLB,False,BULLPEN_PITCHER,P,https://raw.githubusercontent.com/lancebroz/mlb-pitcher-data/main/data/raw/2026/daily/2026-03-31.parquet,https://statsapi.mlb.com/api/v1.1/game/823969/feed/live,True,7,Top,49,51
824940-628452,824940,2026-04-01,ATL,ATH,H,628452,Raisel Iglesias,RELIEF_OR_BULK,1.0,8.0,3.0,3.0,8,8,3,3,False,False,17,4,3,0,0,1,0,1,0,https://raw.githubusercontent.com/lancebroz/mlb-pitcher-data/main/data/raw/2026/daily/2026-04-01.parquet,QA_VALIDATED_CANONICAL_V2,RELIEF_OR_BULK,MLB,False,BULLPEN_PITCHER,P,https://raw.githubusercontent.com/lancebroz/mlb-pitcher-data/main/data/raw/2026/daily/2026-04-01.parquet,https://statsapi.mlb.com/api/v1.1/game/824940/feed/live,True,9,Top,61,64
824940-663158,824940,2026-04-01,ATL,ATH,H,663158,Robert Suarez,RELIEF_OR_BULK,1.0,18.0,4.0,3.0,18,18,4,4,False,False,6,3,3,0,0,1,0,1,0,https://raw.githubusercontent.com/lancebroz/mlb-pitcher-data/main/data/raw/2026/daily/2026-04-01.parquet,QA_VALIDATED_CANONICAL_V2,RELIEF_OR_BULK,MLB,False,BULLPEN_PITCHER,P,https://raw.githubusercontent.com/lancebroz/mlb-pitcher-data/main/data/raw/2026/daily/2026-04-01.parquet,https://statsapi.mlb.com/api/v1.1/game/824940/feed/live,True,7,Top,47,49
824940-663687,824940,2026-04-01,ATH,ATL,A,663687,Hogan Harris,RELIEF_OR_BULK,0.0,23.0,5.0,3.0,23,23,5,5,True,False,19,6,6,0,0,0,0,2,0,https://raw.githubusercontent.com/lancebroz/mlb-pitcher-data/main/data/raw/2026/daily/2026-04-01.parquet,QA_VALIDATED_CANONICAL_V2,RELIEF_OR_BULK,MLB,False,BULLPEN_PITCHER,P,https://raw.githubusercontent.com/lancebroz/mlb-pitcher-data/main/data/raw/2026/daily/2026-04-01.parquet,https://statsapi.mlb.com/api/v1.1/game/824940/feed/live,True,5,Bot,38,46
824940-665622,824940,2026-04-01,ATH,ATL,A,665622,Luis Medina,RELIEF_OR_BULK,3.0,10.0,3.0,1.0,0,0,0,0,False,False,27,7,6,0,0,1,0,1,0,https://raw.githubusercontent.com/lancebroz/mlb-pitcher-data/main/data/raw/2026/daily/2026-04-01.parquet,QA_VALIDATED_CANONICAL_V2,RELIEF_OR_BULK,MLB,False,BULLPEN_PITCHER,P,https://raw.githubusercontent.com/lancebroz/mlb-pitcher-data/main/data/raw/2026/daily/2026-04-01.parquet,https://statsapi.mlb.com/api/v1.1/game/824940/feed/live,True,7,Bot,50,60
824940-665660,824940,2026-04-01,ATH,ATL,A,665660,Elvis Alvarado,RELIEF_OR_BULK,1.0,16.0,4.0,3.0,16,16,4,4,False,False,20,4,2,1,1,2,0,0,0,https://raw.githubusercontent.com/lancebroz/mlb-pitcher-data/main/data/raw/2026/daily/2026-04-01.parquet,QA_VALIDATED_CANONICAL_V2,RELIEF_OR_BULK,MLB,False,BULLPEN_PITCHER,P,https://raw.githubusercontent.com/lancebroz/mlb-pitcher-data/main/data/raw/2026/daily/2026-04-01.parquet,https://statsapi.mlb.com/api/v1.1/game/824940/feed/live,True,4,Bot,31,34
824940-669276,824940,2026-04-01,ATL,ATH,H,669276,Dylan Lee,RELIEF_OR_BULK,3.0,18.0,4.0,3.0,0,0,0,0,False,False,15,4,3,0,0,1,0,1,0,https://raw.githubusercontent.com/lancebroz/mlb-pitcher-data/main/data/raw/2026/daily/2026-04-01.parquet,QA_VALIDATED_CANONICAL_V2,RELIEF_OR_BULK,MLB,False,BULLPEN_PITCHER,P,https://raw.githubusercontent.com/lancebroz/mlb-pitcher-data/main/data/raw/2026/daily/2026-04-01.parquet,https://statsapi.mlb.com/api/v1.1/game/824940/feed/live,True,8,Top,54,57
824860-544150,824860,2026-04-01,BAL,TEX,H,544150,Albert Suárez,RELIEF_OR_BULK,,,,,0,0,0,0,False,False,42,12,9,1,1,2,1,2,1,https://raw.githubusercontent.com/lancebroz/mlb-pitcher-data/main/data/raw/2026/daily/2026-04-01.parquet,QA_VALIDATED_CANONICAL_V2,,,False,BULLPEN_PITCHER,P,https://raw.githubusercontent.com/lancebroz/mlb-pitcher-data/main/data/raw/2026/daily/2026-04-01.parquet,https://statsapi.mlb.com/api/v1.1/game/824860/feed/live,True,7,Top,58,77
824860-641302,824860,2026-04-01,TEX,BAL,A,641302,Tyler Alexander,RELIEF_OR_BULK,1.0,10.0,3.0,3.0,10,10,3,3,False,False,25,7,3,1,1,2,2,0,0,https://raw.githubusercontent.com/lancebroz/mlb-pitcher-data/main/data/raw/2026/daily/2026-04-01.parquet,QA_VALIDATED_CANONICAL_V2,RELIEF_OR_BULK,MLB,False,BULLPEN_PITCHER,P,https://raw.githubusercontent.com/lancebroz/mlb-pitcher-data/main/data/raw/2026/daily/2026-04-01.parquet,https://statsapi.mlb.com/api/v1.1/game/824860/feed/live,True,5,Bot,44,50
824860-656641,824860,2026-04-01,TEX,BAL,A,656641,Jacob Latz,RELIEF_OR_BULK,3.0,68.0,14.0,12.0,0,0,0,0,False,False,14,3,3,0,0,0,0,0,0,https://raw.githubusercontent.com/lancebroz/mlb-pitcher-data/main/data/raw/2026/daily/2026-04-01.parquet,QA_VALIDATED_CANONICAL_V2,STARTER,MLB,False,BULLPEN_PITCHER,P,https://raw.githubusercontent.com/lancebroz/mlb-pitcher-data/main/data/raw/2026/daily/2026-04-01.parquet,https://statsapi.mlb.com/api/v1.1/game/824860/feed/live,True,8,Bot,72,74
824860-691945,824860,2026-04-01,TEX,BAL,A,691945,Carter Baumler,RELIEF_OR_BULK,2.0,43.0,9.0,5.0,0,43,0,9,False,False,36,9,6,1,1,2,1,2,1,https://raw.githubusercontent.com/lancebroz/mlb-pitcher-data/main/data/raw/2026/daily/2026-04-01.parquet,QA_VALIDATED_CANONICAL_V2,RELIEF_OR_BULK,MLB,False,BULLPEN_PITCHER,P,https://raw.githubusercontent.com/lancebroz/mlb-pitcher-data/main/data/raw/2026/daily/2026-04-01.parquet,https://statsapi.mlb.com/api/v1.1/game/824860/feed/live,True,6,Bot,54,67
824536-641941,824536,2026-04-01,CIN,PIT,H,641941,Emilio Pagán,RELIEF_OR_BULK,2.0,12.0,5.0,3.0,0,12,0,5,False,False,33,7,3,4,4,3,0,2,1,https://raw.githubusercontent.com/lancebroz/mlb-pitcher-data/main/data/raw/2026/daily/2026-04-01.parquet,QA_VALIDATED_CANONICAL_V2,RELIEF_OR_BULK,MLB,False,BULLPEN_PITCHER,P,https://raw.githubusercontent.com/lancebroz/mlb-pitcher-data/main/data/raw/2026/daily/2026-04-01.parquet,https://statsapi.mlb.com/api/v1.1/game/824536/feed/live,True,9,Top,66,72
824536-642397,824536,2026-04-01,PIT,CIN,A,642397,Gregory Soto,RELIEF_OR_BULK,0.0,17.0,6.0,3.0,17,17,6,6,True,False,13,3,3,0,0,0,0,2,0,https://raw.githubusercontent.com/lancebroz/mlb-pitcher-data/main/data/raw/2026/daily/2026-04-01.parquet,QA_VALIDATED_CANONICAL_V2,RELIEF_OR_BULK,MLB,False,BULLPEN_PITCHER,P,https://raw.githubusercontent.com/lancebroz/mlb-pitcher-data/main/data/raw/2026/daily/2026-04-01.parquet,https://statsapi.mlb.com/api/v1.1/game/824536/feed/live,True,9,Bot,73,75
824536-663574,824536,2026-04-01,CIN,PIT,H,663574,Tony Santillan,RELIEF_OR_BULK,2.0,27.0,5.0,3.0,0,27,0,5,False,False,11,3,3,0,0,0,0,1,0,https://raw.githubusercontent.com/lancebroz/mlb-pitcher-data/main/data/raw/2026/daily/2026-04-01.parquet,QA_VALIDATED_CANONICAL_V2,RELIEF_OR_BULK,MLB,False,BULLPEN_PITCHER,P,https://raw.githubusercontent.com/lancebroz/mlb-pitcher-data/main/data/raw/2026/daily/2026-04-01.parquet,https://statsapi.mlb.com/api/v1.1/game/824536/feed/live,True,8,Top,60,62
824536-664875,824536,2026-04-01,PIT,CIN,A,664875,Justin Lawrence,RELIEF_OR_BULK,1.0,16.0,3.0,3.0,16,16,3,3,False,False,12,3,3,0,0,0,0,1,0,https://raw.githubusercontent.com/lancebroz/mlb-pitcher-data/main/data/raw/2026/daily/2026-04-01.parquet,QA_VALIDATED_CANONICAL_V2,RELIEF_OR_BULK,MLB,False,BULLPEN_PITCHER,P,https://raw.githubusercontent.com/lancebroz/mlb-pitcher-data/main/data/raw/2026/daily/2026-04-01.parquet,https://statsapi.mlb.com/api/v1.1/game/824536/feed/live,True,8,Bot,63,65
824536-668933,824536,2026-04-01,CIN,PIT,H,668933,Graham Ashcraft,RELIEF_OR_BULK,1.0,18.0,4.0,4.0,18,18,4,4,False,False,21,4,3,0,0,1,0,2,0,https://raw.githubusercontent.com/lancebroz/mlb-pitcher-data/main/data/raw/2026/daily/2026-04-01.parquet,QA_VALIDATED_CANONICAL_V2,RELIEF_OR_BULK,MLB,False,BULLPEN_PITCHER,P,https://raw.githubusercontent.com/lancebroz/mlb-pitcher-data/main/data/raw/2026/daily/2026-04-01.parquet,https://statsapi.mlb.com/api/v1.1/game/824536/feed/live,True,7,Top,53,56
824536-676755,824536,2026-04-01,PIT,CIN,A,676755,Isaac Mattson,RELIEF_OR_BULK,1.0,15.0,4.0,3.0,15,28,4,7,False,False,22,5,4,0,0,1,0,0,0,https://raw.githubusercontent.com/lancebroz/mlb-pitcher-data/main/data/raw/2026/daily/2026-04-01.parquet,QA_VALIDATED_CANONICAL_V2,RELIEF_OR_BULK,MLB,False,BULLPEN_PITCHER,P,https://raw.githubusercontent.com/lancebroz/mlb-pitcher-data/main/data/raw/2026/daily/2026-04-01.parquet,https://statsapi.mlb.com/api/v1.1/game/824536/feed/live,True,6,Bot,51,59
824536-682254,824536,2026-04-01,PIT,CIN,A,682254,Mason Montgomery,RELIEF_OR_BULK,2.0,20.0,5.0,3.0,0,20,0,5,False,False,15,4,2,2,2,1,1,1,1,https://raw.githubusercontent.com/lancebroz/mlb-pitcher-data/main/data/raw/2026/daily/2026-04-01.parquet,QA_VALIDATED_CANONICAL_V2,RELIEF_OR_BULK,MLB,False,BULLPEN_PITCHER,P,https://raw.githubusercontent.com/lancebroz/mlb-pitcher-data/main/data/raw/2026/daily/2026-04-01.parquet,https://statsapi.mlb.com/api/v1.1/game/824536/feed/live,True,6,Bot,47,50
824536-683175,824536,2026-04-01,CIN,PIT,H,683175,Connor Phillips,RELIEF_OR_BULK,1.0,20.0,5.0,3.0,20,20,5,5,False,False,13,3,1,0,0,0,2,0,0,https://raw.githubusercontent.com/lancebroz/mlb-pitcher-data/main/data/raw/2026/daily/2026-04-01.parquet,QA_VALIDATED_CANONICAL_V2,RELIEF_OR_BULK,MLB,False,BULLPEN_PITCHER,P,https://raw.githubusercontent.com/lancebroz/mlb-pitcher-data/main/data/raw/2026/daily/2026-04-01.parquet,https://statsapi.mlb.com/api/v1.1/game/824536/feed/live,True,6,Top,44,46
823483-621237,823483,2026-04-01,PHI,WSH,H,621237,José Alvarado,RELIEF_OR_BULK,1.0,29.0,6.0,1.0,29,29,6,6,False,False,8,3,3,0,0,1,0,0,0,https://raw.githubusercontent.com/lancebroz/mlb-pitcher-data/main/data/raw/2026/daily/2026-04-01.parquet,QA_VALIDATED_CANONICAL_V2,RELIEF_OR_BULK,MLB,False,BULLPEN_PITCHER,P,https://raw.githubusercontent.com/lancebroz/mlb-pitcher-data/main/data/raw/2026/daily/2026-04-01.parquet,https://statsapi.mlb.com/api/v1.1/game/823483/feed/live,True,9,Top,72,75
823483-641745,823483,2026-04-01,PHI,WSH,H,641745,Brad Keller,RELIEF_OR_BULK,0.0,15.0,4.0,3.0,15,31,4,7,True,False,22,6,3,3,3,3,0,1,1,https://raw.githubusercontent.com/lancebroz/mlb-pitcher-data/main/data/raw/2026/daily/2026-04-01.parquet,QA_VALIDATED_CANONICAL_V2,RELIEF_OR_BULK,MLB,False,BULLPEN_PITCHER,P,https://raw.githubusercontent.com/lancebroz/mlb-pitcher-data/main/data/raw/2026/daily/2026-04-01.parquet,https://statsapi.mlb.com/api/v1.1/game/823483/feed/live,True,7,Top,53,58
823483-647315,823483,2026-04-01,PHI,WSH,H,647315,Zach Pop,RELIEF_OR_BULK,2.0,25.0,6.0,3.0,0,25,0,6,False,False,12,3,3,0,0,0,0,1,0,https://raw.githubusercontent.com/lancebroz/mlb-pitcher-data/main/data/raw/2026/daily/2026-04-01.parquet,QA_VALIDATED_CANONICAL_V2,RELIEF_OR_BULK,MLB,False,BULLPEN_PITCHER,P,https://raw.githubusercontent.com/lancebroz/mlb-pitcher-data/main/data/raw/2026/daily/2026-04-01.parquet,https://statsapi.mlb.com/api/v1.1/game/823483/feed/live,True,8,Top,63,65
823483-661395,823483,2026-04-01,PHI,WSH,H,661395,Jhoan Duran,RELIEF_OR_BULK,0.0,20.0,4.0,3.0,20,20,4,4,True,False,6,2,3,0,0,0,0,1,0,https://raw.githubusercontent.com/lancebroz/mlb-pitcher-data/main/data/raw/2026/daily/2026-04-01.parquet,QA_VALIDATED_CANONICAL_V2,RELIEF_OR_BULK,MLB,False,BULLPEN_PITCHER,P,https://raw.githubusercontent.com/lancebroz/mlb-pitcher-data/main/data/raw/2026/daily/2026-04-01.parquet,https://statsapi.mlb.com/api/v1.1/game/823483/feed/live,True,10,Top,84,85
823483-669371,823483,2026-04-01,WSH,PHI,A,669371,Cole Henry,RELIEF_OR_BULK,1.0,18.0,5.0,3.0,18,18,5,5,False,False,15,5,1,1,0,3,1,0,0,https://raw.githubusercontent.com/lancebroz/mlb-pitcher-data/main/data/raw/2026/daily/2026-04-01.parquet,QA_VALIDATED_CANONICAL_V2,RELIEF_OR_BULK,MLB,False,BULLPEN_PITCHER,P,https://raw.githubusercontent.com/lancebroz/mlb-pitcher-data/main/data/raw/2026/daily/2026-04-01.parquet,https://statsapi.mlb.com/api/v1.1/game/823483/feed/live,True,9,Bot,81,87
823483-672335,823483,2026-04-01,WSH,PHI,A,672335,Cionel Pérez,RELIEF_OR_BULK,2.0,11.0,4.0,3.0,0,11,0,4,False,False,21,5,2,1,1,2,0,0,1,https://raw.githubusercontent.com/lancebroz/mlb-pitcher-data/main/data/raw/2026/daily/2026-04-01.parquet,QA_VALIDATED_CANONICAL_V2,RELIEF_OR_BULK,MLB,False,BULLPEN_PITCHER,P,https://raw.githubusercontent.com/lancebroz/mlb-pitcher-data/main/data/raw/2026/daily/2026-04-01.parquet,https://statsapi.mlb.com/api/v1.1/game/823483/feed/live,True,7,Bot,62,69
823483-676571,823483,2026-04-01,WSH,PHI,A,676571,PJ Poulin,RELIEF_OR_BULK,0.0,9.0,3.0,3.0,9,23,3,6,True,False,15,3,1,1,1,0,2,0,0,https://raw.githubusercontent.com/lancebroz/mlb-pitcher-data/main/data/raw/2026/daily/2026-04-01.parquet,QA_VALIDATED_CANONICAL_V2,STARTER,MLB,False,BULLPEN_PITCHER,P,https://raw.githubusercontent.com/lancebroz/mlb-pitcher-data/main/data/raw/2026/daily/2026-04-01.parquet,https://statsapi.mlb.com/api/v1.1/game/823483/feed/live,True,9,Bot,78,80
823483-680742,823483,2026-04-01,PHI,WSH,H,680742,Jonathan Bowlan,RELIEF_OR_BULK,1.0,26.0,6.0,4.0,26,26,6,6,False,False,17,4,2,1,1,2,0,1,0,https://raw.githubusercontent.com/lancebroz/mlb-pitcher-data/main/data/raw/2026/daily/2026-04-01.parquet,QA_VALIDATED_CANONICAL_V2,RELIEF_OR_BULK,MLB,False,BULLPEN_PITCHER,P,https://raw.githubusercontent.com/lancebroz/mlb-pitcher-data/main/data/raw/2026/daily/2026-04-01.parquet,https://statsapi.mlb.com/api/v1.1/game/823483/feed/live,True,6,Top,46,49
823483-690925,823483,2026-04-01,WSH,PHI,A,690925,Clayton Beeter,RELIEF_OR_BULK,2.0,6.0,3.0,3.0,0,6,0,3,False,False,16,4,3,1,1,1,0,0,0,https://raw.githubusercontent.com/lancebroz/mlb-pitcher-data/main/data/raw/2026/daily/2026-04-01.parquet,QA_VALIDATED_CANONICAL_V2,RELIEF_OR_BULK,MLB,False,BULLPEN_PITCHER,P,https://raw.githubusercontent.com/lancebroz/mlb-pitcher-data/main/data/raw/2026/daily/2026-04-01.parquet,https://statsapi.mlb.com/api/v1.1/game/823483/feed/live,True,8,Bot,70,77
823483-701552,823483,2026-04-01,WSH,PHI,A,701552,Andre Granillo,RELIEF_OR_BULK,3.0,18.0,4.0,2.0,0,0,0,0,False,False,11,3,2,1,1,1,0,1,1,https://raw.githubusercontent.com/lancebroz/mlb-pitcher-data/main/data/raw/2026/daily/2026-04-01.parquet,QA_VALIDATED_CANONICAL_V2,RELIEF_OR_BULK,MLB,False,BULLPEN_PITCHER,P,https://raw.githubusercontent.com/lancebroz/mlb-pitcher-data/main/data/raw/2026/daily/2026-04-01.parquet,https://statsapi.mlb.com/api/v1.1/game/823483/feed/live,True,7,Bot,59,61
822835-622608,822835,2026-04-01,COL,TOR,A,622608,Antonio Senzatela,RELIEF_OR_BULK,2.0,43.0,10.0,8.0,0,43,0,10,False,False,26,7,6,0,0,1,0,3,0,https://raw.githubusercontent.com/lancebroz/mlb-pitcher-data/main/data/raw/2026/daily/2026-04-01.parquet,QA_VALIDATED_CANONICAL_V2,RELIEF_OR_BULK,MLB,False,BULLPEN_PITCHER,P,https://raw.githubusercontent.com/lancebroz/mlb-pitcher-data/main/data/raw/2026/daily/2026-04-01.parquet,https://statsapi.mlb.com/api/v1.1/game/822835/feed/live,True,6,Bot,43,54
822835-623474,822835,2026-04-01,COL,TOR,A,623474,Jimmy Herget,RELIEF_OR_BULK,2.0,8.0,2.0,2.0,0,8,0,2,False,False,16,3,3,0,0,0,0,0,0,https://raw.githubusercontent.com/lancebroz/mlb-pitcher-data/main/data/raw/2026/daily/2026-04-01.parquet,QA_VALIDATED_CANONICAL_V2,RELIEF_OR_BULK,MLB,False,BULLPEN_PITCHER,P,https://raw.githubusercontent.com/lancebroz/mlb-pitcher-data/main/data/raw/2026/daily/2026-04-01.parquet,https://statsapi.mlb.com/api/v1.1/game/822835/feed/live,True,10,Bot,76,78
822835-643511,822835,2026-04-01,TOR,COL,H,643511,Tyler Rogers,RELIEF_OR_BULK,1.0,10.0,3.0,3.0,10,10,3,3,False,False,18,5,3,0,0,2,0,0,0,https://raw.githubusercontent.com/lancebroz/mlb-pitcher-data/main/data/raw/2026/daily/2026-04-01.parquet,QA_VALIDATED_CANONICAL_V2,RELIEF_OR_BULK,MLB,False,BULLPEN_PITCHER,P,https://raw.githubusercontent.com/lancebroz/mlb-pitcher-data/main/data/raw/2026/daily/2026-04-01.parquet,https://statsapi.mlb.com/api/v1.1/game/822835/feed/live,True,7,Top,47,51
822835-656546,822835,2026-04-01,TOR,COL,H,656546,Jeff Hoffman,RELIEF_OR_BULK,0.0,15.0,4.0,3.0,15,25,4,8,True,False,16,3,3,0,0,0,0,3,0,https://raw.githubusercontent.com/lancebroz/mlb-pitcher-data/main/data/raw/2026/daily/2026-04-01.parquet,QA_VALIDATED_CANONICAL_V2,RELIEF_OR_BULK,MLB,False,BULLPEN_PITCHER,P,https://raw.githubusercontent.com/lancebroz/mlb-pitcher-data/main/data/raw/2026/daily/2026-04-01.parquet,https://statsapi.mlb.com/api/v1.1/game/822835/feed/live,True,9,Top,65,67
822835-657514,822835,2026-04-01,COL,TOR,A,657514,Brennan Bernardino,RELIEF_OR_BULK,0.0,15.0,4.0,3.0,15,15,4,4,True,False,11,3,3,0,0,0,0,0,0,https://raw.githubusercontent.com/lancebroz/mlb-pitcher-data/main/data/raw/2026/daily/2026-04-01.parquet,QA_VALIDATED_CANONICAL_V2,RELIEF_OR_BULK,MLB,False,BULLPEN_PITCHER,P,https://raw.githubusercontent.com/lancebroz/mlb-pitcher-data/main/data/raw/2026/daily/2026-04-01.parquet,https://statsapi.mlb.com/api/v1.1/game/822835/feed/live,True,9,Bot,68,70
822835-663893,822835,2026-04-01,TOR,COL,H,663893,Brendon Little,RELIEF_OR_BULK,1.0,30.0,7.0,2.0,30,30,7,7,False,False,10,5,3,1,0,1,1,1,0,https://raw.githubusercontent.com/lancebroz/mlb-pitcher-data/main/data/raw/2026/daily/2026-04-01.parquet,QA_VALIDATED_CANONICAL_V2,RELIEF_OR_BULK,MLB,False,BULLPEN_PITCHER,P,https://raw.githubusercontent.com/lancebroz/mlb-pitcher-data/main/data/raw/2026/daily/2026-04-01.parquet,https://statsapi.mlb.com/api/v1.1/game/822835/feed/live,True,10,Top,71,75
822835-667297,822835,2026-04-01,TOR,COL,H,667297,Tommy Nance,RELIEF_OR_BULK,2.0,9.0,3.0,2.0,0,9,0,3,False,False,16,4,1,1,1,1,2,1,0,https://raw.githubusercontent.com/lancebroz/mlb-pitcher-data/main/data/raw/2026/daily/2026-04-01.parquet,QA_VALIDATED_CANONICAL_V2,RELIEF_OR_BULK,MLB,False,BULLPEN_PITCHER,P,https://raw.githubusercontent.com/lancebroz/mlb-pitcher-data/main/data/raw/2026/daily/2026-04-01.parquet,https://statsapi.mlb.com/api/v1.1/game/822835/feed/live,True,8,Top,55,58
822835-680767,822835,2026-04-01,COL,TOR,A,680767,Victor Vodnik,RELIEF_OR_BULK,2.0,11.0,6.0,3.0,0,11,0,6,False,False,17,4,3,0,0,1,0,0,0,https://raw.githubusercontent.com/lancebroz/mlb-pitcher-data/main/data/raw/2026/daily/2026-04-01.parquet,QA_VALIDATED_CANONICAL_V2,RELIEF_OR_BULK,MLB,False,BULLPEN_PITCHER,P,https://raw.githubusercontent.com/lancebroz/mlb-pitcher-data/main/data/raw/2026/daily/2026-04-01.parquet,https://statsapi.mlb.com/api/v1.1/game/822835/feed/live,True,8,Bot,61,64
822835-689254,822835,2026-04-01,TOR,COL,H,689254,Mason Fluharty,RELIEF_OR_BULK,0.0,15.0,3.0,2.0,15,20,3,4,True,False,9,2,2,0,0,0,0,2,0,https://raw.githubusercontent.com/lancebroz/mlb-pitcher-data/main/data/raw/2026/daily/2026-04-01.parquet,QA_VALIDATED_CANONICAL_V2,RELIEF_OR_BULK,MLB,False,BULLPEN_PITCHER,P,https://raw.githubusercontent.com/lancebroz/mlb-pitcher-data/main/data/raw/2026/daily/2026-04-01.parquet,https://statsapi.mlb.com/api/v1.1/game/822835/feed/live,True,8,Top,59,60
823889-608371,823889,2026-04-01,CWS,MIA,A,608371,Lucas Sims,RELIEF_OR_BULK,,,,,0,0,0,0,False,False,31,9,6,0,0,1,1,1,0,https://raw.githubusercontent.com/lancebroz/mlb-pitcher-data/main/data/raw/2026/daily/2026-04-01.parquet,QA_VALIDATED_CANONICAL_V2,,,False,BULLPEN_PITCHER,P,https://raw.githubusercontent.com/lancebroz/mlb-pitcher-data/main/data/raw/2026/daily/2026-04-01.parquet,https://statsapi.mlb.com/api/v1.1/game/823889/feed/live,True,4,Bot,34,45
823889-669684,823889,2026-04-01,CWS,MIA,A,669684,Chris Murphy,RELIEF_OR_BULK,2.0,17.0,5.0,1.0,0,17,0,5,False,False,39,10,6,1,1,3,1,3,0,https://raw.githubusercontent.com/lancebroz/mlb-pitcher-data/main/data/raw/2026/daily/2026-04-01.parquet,QA_VALIDATED_CANONICAL_V2,RELIEF_OR_BULK,MLB,False,BULLPEN_PITCHER,P,https://raw.githubusercontent.com/lancebroz/mlb-pitcher-data/main/data/raw/2026/daily/2026-04-01.parquet,https://statsapi.mlb.com/api/v1.1/game/823889/feed/live,True,6,Bot,49,61
823889-673929,823889,2026-04-01,CWS,MIA,A,673929,Jordan Leasure,RELIEF_OR_BULK,2.0,26.0,6.0,4.0,0,26,0,6,False,False,12,4,3,1,1,1,0,1,1,https://raw.githubusercontent.com/lancebroz/mlb-pitcher-data/main/data/raw/2026/daily/2026-04-01.parquet,QA_VALIDATED_CANONICAL_V2,RELIEF_OR_BULK,MLB,False,BULLPEN_PITCHER,P,https://raw.githubusercontent.com/lancebroz/mlb-pitcher-data/main/data/raw/2026/daily/2026-04-01.parquet,https://statsapi.mlb.com/api/v1.1/game/823889/feed/live,True,8,Bot,66,69
823078-548384,823078,2026-04-01,NYM,STL,A,548384,Brooks Raley,RELIEF_OR_BULK,1.0,17.0,4.0,3.0,17,17,4,4,False,False,12,3,3,0,0,0,0,2,0,https://raw.githubusercontent.com/lancebroz/mlb-pitcher-data/main/data/raw/2026/daily/2026-04-01.parquet,QA_VALIDATED_CANONICAL_V2,RELIEF_OR_BULK,MLB,False,BULLPEN_PITCHER,P,https://raw.githubusercontent.com/lancebroz/mlb-pitcher-data/main/data/raw/2026/daily/2026-04-01.parquet,https://statsapi.mlb.com/api/v1.1/game/823078/feed/live,True,7,Bot,51,53
823078-592773,823078,2026-04-01,STL,NYM,H,592773,Ryne Stanek,RELIEF_OR_BULK,0.0,22.0,4.0,3.0,22,22,4,4,True,False,16,4,2,0,0,1,0,1,0,https://raw.githubusercontent.com/lancebroz/mlb-pitcher-data/main/data/raw/2026/daily/2026-04-01.parquet,QA_VALIDATED_CANONICAL_V2,RELIEF_OR_BULK,MLB,False,BULLPEN_PITCHER,P,https://raw.githubusercontent.com/lancebroz/mlb-pitcher-data/main/data/raw/2026/daily/2026-04-01.parquet,https://statsapi.mlb.com/api/v1.1/game/823078/feed/live,True,7,Top,46,49
823078-596133,823078,2026-04-01,NYM,STL,A,596133,Luke Weaver,RELIEF_OR_BULK,2.0,22.0,5.0,3.0,0,22,0,5,False,False,11,3,3,0,0,0,0,1,0,https://raw.githubusercontent.com/lancebroz/mlb-pitcher-data/main/data/raw/2026/daily/2026-04-01.parquet,QA_VALIDATED_CANONICAL_V2,RELIEF_OR_BULK,MLB,False,BULLPEN_PITCHER,P,https://raw.githubusercontent.com/lancebroz/mlb-pitcher-data/main/data/raw/2026/daily/2026-04-01.parquet,https://statsapi.mlb.com/api/v1.1/game/823078/feed/live,True,8,Bot,57,59
823078-623211,823078,2026-04-01,NYM,STL,A,623211,Huascar Brazobán,RELIEF_OR_BULK,2.0,14.0,5.0,5.0,0,14,0,5,False,False,13,3,2,0,0,1,0,1,0,https://raw.githubusercontent.com/lancebroz/mlb-pitcher-data/main/data/raw/2026/daily/2026-04-01.parquet,QA_VALIDATED_CANONICAL_V2,RELIEF_OR_BULK,MLB,False,BULLPEN_PITCHER,P,https://raw.githubusercontent.com/lancebroz/mlb-pitcher-data/main/data/raw/2026/daily/2026-04-01.parquet,https://statsapi.mlb.com/api/v1.1/game/823078/feed/live,True,6,Bot,43,45
823078-642207,823078,2026-04-01,NYM,STL,A,642207,Devin Williams,RELIEF_OR_BULK,1.0,12.0,3.0,3.0,12,12,3,3,False,False,18,4,3,0,0,0,1,1,0,https://raw.githubusercontent.com/lancebroz/mlb-pitcher-data/main/data/raw/2026/daily/2026-04-01.parquet,QA_VALIDATED_CANONICAL_V2,RELIEF_OR_BULK,MLB,False,BULLPEN_PITCHER,P,https://raw.githubusercontent.com/lancebroz/mlb-pitcher-data/main/data/raw/2026/daily/2026-04-01.parquet,https://statsapi.mlb.com/api/v1.1/game/823078/feed/live,True,9,Bot,64,67
823078-668941,823078,2026-04-01,STL,NYM,H,668941,JoJo Romero,RELIEF_OR_BULK,0.0,13.0,3.0,3.0,13,13,3,3,True,False,16,4,4,0,0,0,0,1,0,https://raw.githubusercontent.com/lancebroz/mlb-pitcher-data/main/data/raw/2026/daily/2026-04-01.parquet,QA_VALIDATED_CANONICAL_V2,RELIEF_OR_BULK,MLB,False,BULLPEN_PITCHER,P,https://raw.githubusercontent.com/lancebroz/mlb-pitcher-data/main/data/raw/2026/daily/2026-04-01.parquet,https://statsapi.mlb.com/api/v1.1/game/823078/feed/live,True,7,Top,50,56
823078-668964,823078,2026-04-01,NYM,STL,A,668964,Tobias Myers,RELIEF_OR_BULK,1.0,14.0,4.0,4.0,14,14,4,4,False,False,20,6,5,1,0,1,1,1,0,https://raw.githubusercontent.com/lancebroz/mlb-pitcher-data/main/data/raw/2026/daily/2026-04-01.parquet,QA_VALIDATED_CANONICAL_V2,RELIEF_OR_BULK,MLB,False,BULLPEN_PITCHER,P,https://raw.githubusercontent.com/lancebroz/mlb-pitcher-data/main/data/raw/2026/daily/2026-04-01.parquet,https://statsapi.mlb.com/api/v1.1/game/823078/feed/live,True,10,Bot,72,82
823078-676617,823078,2026-04-01,STL,NYM,H,676617,Riley O'Brien,RELIEF_OR_BULK,0.0,11.0,3.0,3.0,11,11,3,3,True,False,16,4,3,0,0,1,0,2,0,https://raw.githubusercontent.com/lancebroz/mlb-pitcher-data/main/data/raw/2026/daily/2026-04-01.parquet,QA_VALIDATED_CANONICAL_V2,RELIEF_OR_BULK,MLB,False,BULLPEN_PITCHER,P,https://raw.githubusercontent.com/lancebroz/mlb-pitcher-data/main/data/raw/2026/daily/2026-04-01.parquet,https://statsapi.mlb.com/api/v1.1/game/823078/feed/live,True,9,Top,60,63
823078-677865,823078,2026-04-01,STL,NYM,H,677865,Justin Bruihl,RELIEF_OR_BULK,2.0,29.0,8.0,6.0,0,29,0,8,False,False,12,4,3,0,0,0,1,0,0,https://raw.githubusercontent.com/lancebroz/mlb-pitcher-data/main/data/raw/2026/daily/2026-04-01.parquet,QA_VALIDATED_CANONICAL_V2,RELIEF_OR_BULK,MLB,False,BULLPEN_PITCHER,P,https://raw.githubusercontent.com/lancebroz/mlb-pitcher-data/main/data/raw/2026/daily/2026-04-01.parquet,https://statsapi.mlb.com/api/v1.1/game/823078/feed/live,True,10,Top,68,71
823078-688297,823078,2026-04-01,STL,NYM,H,688297,Chris Roycroft,RELIEF_OR_BULK,2.0,29.0,8.0,3.0,0,29,0,8,False,False,11,3,1,0,0,0,2,0,0,https://raw.githubusercontent.com/lancebroz/mlb-pitcher-data/main/data/raw/2026/daily/2026-04-01.parquet,QA_VALIDATED_CANONICAL_V2,RELIEF_OR_BULK,MLB,False,BULLPEN_PITCHER,P,https://raw.githubusercontent.com/lancebroz/mlb-pitcher-data/main/data/raw/2026/daily/2026-04-01.parquet,https://statsapi.mlb.com/api/v1.1/game/823078/feed/live,True,11,Top,75,77
823078-700669,823078,2026-04-01,STL,NYM,H,700669,Gordon Graceffo,RELIEF_OR_BULK,0.0,3.0,2.0,3.0,3,3,2,2,True,False,6,2,2,0,0,0,0,0,0,https://raw.githubusercontent.com/lancebroz/mlb-pitcher-data/main/data/raw/2026/daily/2026-04-01.parquet,QA_VALIDATED_CANONICAL_V2,RELIEF_OR_BULK,MLB,False,BULLPEN_PITCHER,P,https://raw.githubusercontent.com/lancebroz/mlb-pitcher-data/main/data/raw/2026/daily/2026-04-01.parquet,https://statsapi.mlb.com/api/v1.1/game/823078/feed/live,True,11,Top,78,79
823806-643377,823806,2026-04-01,TB,MIL,A,643377,Griffin Jax,RELIEF_OR_BULK,1.0,15.0,3.0,3.0,15,15,3,3,False,False,20,5,0,5,3,3,1,0,0,https://raw.githubusercontent.com/lancebroz/mlb-pitcher-data/main/data/raw/2026/daily/2026-04-01.parquet,QA_VALIDATED_CANONICAL_V2,RELIEF_OR_BULK,MLB,False,BULLPEN_PITCHER,P,https://raw.githubusercontent.com/lancebroz/mlb-pitcher-data/main/data/raw/2026/daily/2026-04-01.parquet,https://statsapi.mlb.com/api/v1.1/game/823806/feed/live,True,8,Bot,57,61
823806-669084,823806,2026-04-01,MIL,TB,H,669084,DL Hall,RELIEF_OR_BULK,3.0,18.0,3.0,3.0,0,0,0,0,False,False,19,5,3,0,0,1,0,3,0,https://raw.githubusercontent.com/lancebroz/mlb-pitcher-data/main/data/raw/2026/daily/2026-04-01.parquet,QA_VALIDATED_CANONICAL_V2,RELIEF_OR_BULK,MLB,False,BULLPEN_PITCHER,P,https://raw.githubusercontent.com/lancebroz/mlb-pitcher-data/main/data/raw/2026/daily/2026-04-01.parquet,https://statsapi.mlb.com/api/v1.1/game/823806/feed/live,True,9,Top,67,71
823806-669438,823806,2026-04-01,TB,MIL,A,669438,Mason Englert,RELIEF_OR_BULK,2.0,24.0,6.0,3.0,0,24,0,6,False,False,13,5,3,1,1,2,0,0,0,https://raw.githubusercontent.com/lancebroz/mlb-pitcher-data/main/data/raw/2026/daily/2026-04-01.parquet,QA_VALIDATED_CANONICAL_V2,RELIEF_OR_BULK,MLB,False,BULLPEN_PITCHER,P,https://raw.githubusercontent.com/lancebroz/mlb-pitcher-data/main/data/raw/2026/daily/2026-04-01.parquet,https://statsapi.mlb.com/api/v1.1/game/823806/feed/live,True,8,Bot,62,66
823806-676879,823806,2026-04-01,MIL,TB,H,676879,Aaron Ashby,RELIEF_OR_BULK,1.0,24.0,7.0,6.0,24,24,7,7,False,False,9,3,3,0,0,0,1,0,0,https://raw.githubusercontent.com/lancebroz/mlb-pitcher-data/main/data/raw/2026/daily/2026-04-01.parquet,QA_VALIDATED_CANONICAL_V2,RELIEF_OR_BULK,MLB,False,BULLPEN_PITCHER,P,https://raw.githubusercontent.com/lancebroz/mlb-pitcher-data/main/data/raw/2026/daily/2026-04-01.parquet,https://statsapi.mlb.com/api/v1.1/game/823806/feed/live,True,8,Top,54,56
823806-681982,823806,2026-04-01,MIL,TB,H,681982,Grant Anderson,RELIEF_OR_BULK,0.0,19.0,4.0,3.0,19,50,4,12,True,False,15,3,3,0,0,0,0,1,0,https://raw.githubusercontent.com/lancebroz/mlb-pitcher-data/main/data/raw/2026/daily/2026-04-01.parquet,QA_VALIDATED_CANONICAL_V2,RELIEF_OR_BULK,MLB,False,BULLPEN_PITCHER,P,https://raw.githubusercontent.com/lancebroz/mlb-pitcher-data/main/data/raw/2026/daily/2026-04-01.parquet,https://statsapi.mlb.com/api/v1.1/game/823806/feed/live,True,7,Top,48,50
823806-693855,823806,2026-04-01,TB,MIL,A,693855,Ian Seymour,RELIEF_OR_BULK,1.0,8.0,3.0,2.0,8,8,3,3,False,False,32,6,6,0,0,1,0,2,0,https://raw.githubusercontent.com/lancebroz/mlb-pitcher-data/main/data/raw/2026/daily/2026-04-01.parquet,QA_VALIDATED_CANONICAL_V2,RELIEF_OR_BULK,MLB,False,BULLPEN_PITCHER,P,https://raw.githubusercontent.com/lancebroz/mlb-pitcher-data/main/data/raw/2026/daily/2026-04-01.parquet,https://statsapi.mlb.com/api/v1.1/game/823806/feed/live,True,6,Bot,45,53
824211-543056,824211,2026-04-01,BOS,HOU,A,543056,Danny Coulombe,RELIEF_OR_BULK,3.0,14.0,4.0,2.0,0,0,0,0,False,False,16,4,3,1,1,1,0,0,1,https://raw.githubusercontent.com/lancebroz/mlb-pitcher-data/main/data/raw/2026/daily/2026-04-01.parquet,QA_VALIDATED_CANONICAL_V2,RELIEF_OR_BULK,MLB,False,BULLPEN_PITCHER,P,https://raw.githubusercontent.com/lancebroz/mlb-pitcher-data/main/data/raw/2026/daily/2026-04-01.parquet,https://statsapi.mlb.com/api/v1.1/game/824211/feed/live,True,7,Bot,56,59
824211-650556,824211,2026-04-01,HOU,BOS,H,650556,Bryan Abreu,RELIEF_OR_BULK,2.0,14.0,3.0,1.0,0,14,0,3,False,False,16,4,3,1,1,1,0,3,1,https://raw.githubusercontent.com/lancebroz/mlb-pitcher-data/main/data/raw/2026/daily/2026-04-01.parquet,QA_VALIDATED_CANONICAL_V2,RELIEF_OR_BULK,MLB,False,BULLPEN_PITCHER,P,https://raw.githubusercontent.com/lancebroz/mlb-pitcher-data/main/data/raw/2026/daily/2026-04-01.parquet,https://statsapi.mlb.com/api/v1.1/game/824211/feed/live,True,9,Top,70,73
824211-669711,824211,2026-04-01,BOS,HOU,A,669711,Greg Weissert,RELIEF_OR_BULK,2.0,15.0,4.0,2.0,0,15,0,4,False,False,16,3,3,0,0,0,0,1,0,https://raw.githubusercontent.com/lancebroz/mlb-pitcher-data/main/data/raw/2026/daily/2026-04-01.parquet,QA_VALIDATED_CANONICAL_V2,RELIEF_OR_BULK,MLB,False,BULLPEN_PITCHER,P,https://raw.githubusercontent.com/lancebroz/mlb-pitcher-data/main/data/raw/2026/daily/2026-04-01.parquet,https://statsapi.mlb.com/api/v1.1/game/824211/feed/live,True,6,Bot,50,52
824211-676477,824211,2026-04-01,BOS,HOU,A,676477,Garrett Whitlock,RELIEF_OR_BULK,3.0,6.0,3.0,3.0,0,0,0,0,False,False,37,6,3,0,0,1,2,1,0,https://raw.githubusercontent.com/lancebroz/mlb-pitcher-data/main/data/raw/2026/daily/2026-04-01.parquet,QA_VALIDATED_CANONICAL_V2,RELIEF_OR_BULK,MLB,False,BULLPEN_PITCHER,P,https://raw.githubusercontent.com/lancebroz/mlb-pitcher-data/main/data/raw/2026/daily/2026-04-01.parquet,https://statsapi.mlb.com/api/v1.1/game/824211/feed/live,True,8,Bot,64,69
824211-678906,824211,2026-04-01,HOU,BOS,H,678906,Kai-Wei Teng,RELIEF_OR_BULK,3.0,39.0,9.0,7.0,0,0,0,0,False,False,14,4,3,1,1,1,0,1,1,https://raw.githubusercontent.com/lancebroz/mlb-pitcher-data/main/data/raw/2026/daily/2026-04-01.parquet,QA_VALIDATED_CANONICAL_V2,RELIEF_OR_BULK,MLB,False,BULLPEN_PITCHER,P,https://raw.githubusercontent.com/lancebroz/mlb-pitcher-data/main/data/raw/2026/daily/2026-04-01.parquet,https://statsapi.mlb.com/api/v1.1/game/824211/feed/live,True,8,Top,60,63
824211-687911,824211,2026-04-01,HOU,BOS,H,687911,Bryan King,RELIEF_OR_BULK,2.0,18.0,3.0,2.0,0,18,0,3,False,False,12,3,3,0,0,0,0,2,0,https://raw.githubusercontent.com/lancebroz/mlb-pitcher-data/main/data/raw/2026/daily/2026-04-01.parquet,QA_VALIDATED_CANONICAL_V2,RELIEF_OR_BULK,MLB,False,BULLPEN_PITCHER,P,https://raw.githubusercontent.com/lancebroz/mlb-pitcher-data/main/data/raw/2026/daily/2026-04-01.parquet,https://statsapi.mlb.com/api/v1.1/game/824211/feed/live,True,7,Top,53,55
824211-805123,824211,2026-04-01,HOU,BOS,H,805123,AJ Blubaugh,RELIEF_OR_BULK,2.0,23.0,6.0,6.0,0,23,0,6,False,False,14,3,3,0,0,0,0,1,0,https://raw.githubusercontent.com/lancebroz/mlb-pitcher-data/main/data/raw/2026/daily/2026-04-01.parquet,QA_VALIDATED_CANONICAL_V2,RELIEF_OR_BULK,MLB,False,BULLPEN_PITCHER,P,https://raw.githubusercontent.com/lancebroz/mlb-pitcher-data/main/data/raw/2026/daily/2026-04-01.parquet,https://statsapi.mlb.com/api/v1.1/game/824211/feed/live,True,6,Top,47,49
824698-573204,824698,2026-04-01,CHC,LAA,H,573204,Caleb Thielbar,RELIEF_OR_BULK,3.0,16.0,4.0,3.0,0,0,0,0,False,False,13,3,3,0,0,0,0,2,0,https://raw.githubusercontent.com/lancebroz/mlb-pitcher-data/main/data/raw/2026/daily/2026-04-01.parquet,QA_VALIDATED_CANONICAL_V2,RELIEF_OR_BULK,MLB,False,BULLPEN_PITCHER,P,https://raw.githubusercontent.com/lancebroz/mlb-pitcher-data/main/data/raw/2026/daily/2026-04-01.parquet,https://statsapi.mlb.com/api/v1.1/game/824698/feed/live,True,8,Top,62,64
824698-608718,824698,2026-04-01,LAA,CHC,A,608718,Brent Suter,RELIEF_OR_BULK,3.0,24.0,6.0,6.0,0,0,0,0,False,False,44,9,6,0,0,3,0,4,0,https://raw.githubusercontent.com/lancebroz/mlb-pitcher-data/main/data/raw/2026/daily/2026-04-01.parquet,QA_VALIDATED_CANONICAL_V2,RELIEF_OR_BULK,MLB,False,BULLPEN_PITCHER,P,https://raw.githubusercontent.com/lancebroz/mlb-pitcher-data/main/data/raw/2026/daily/2026-04-01.parquet,https://statsapi.mlb.com/api/v1.1/game/824698/feed/live,True,7,Bot,57,68
824698-640451,824698,2026-04-01,CHC,LAA,H,640451,Hunter Harvey,RELIEF_OR_BULK,2.0,10.0,4.0,3.0,0,10,0,4,False,False,20,6,4,0,0,1,0,3,0,https://raw.githubusercontent.com/lancebroz/mlb-pitcher-data/main/data/raw/2026/daily/2026-04-01.parquet,QA_VALIDATED_CANONICAL_V2,RELIEF_OR_BULK,MLB,False,BULLPEN_PITCHER,P,https://raw.githubusercontent.com/lancebroz/mlb-pitcher-data/main/data/raw/2026/daily/2026-04-01.parquet,https://statsapi.mlb.com/api/v1.1/game/824698/feed/live,True,6,Top,45,55
824698-666171,824698,2026-04-01,LAA,CHC,A,666171,Ryan Zeferjahn,RELIEF_OR_BULK,4.0,23.0,6.0,6.0,0,0,0,0,False,False,21,5,2,1,0,1,1,1,0,https://raw.githubusercontent.com/lancebroz/mlb-pitcher-data/main/data/raw/2026/daily/2026-04-01.parquet,QA_VALIDATED_CANONICAL_V2,RELIEF_OR_BULK,MLB,False,BULLPEN_PITCHER,P,https://raw.githubusercontent.com/lancebroz/mlb-pitcher-data/main/data/raw/2026/daily/2026-04-01.parquet,https://statsapi.mlb.com/api/v1.1/game/824698/feed/live,True,6,Bot,49,56
824698-694037,824698,2026-04-01,CHC,LAA,H,694037,Daniel Palencia,RELIEF_OR_BULK,2.0,16.0,4.0,3.0,0,16,0,4,False,False,9,4,3,0,0,1,0,1,0,https://raw.githubusercontent.com/lancebroz/mlb-pitcher-data/main/data/raw/2026/daily/2026-04-01.parquet,QA_VALIDATED_CANONICAL_V2,RELIEF_OR_BULK,MLB,False,BULLPEN_PITCHER,P,https://raw.githubusercontent.com/lancebroz/mlb-pitcher-data/main/data/raw/2026/daily/2026-04-01.parquet,https://statsapi.mlb.com/api/v1.1/game/824698/feed/live,True,9,Top,69,72
825106-640448,825106,2026-04-01,DET,AZ,A,640448,Kyle Finnegan,RELIEF_OR_BULK,1.0,5.0,1.0,1.0,5,5,1,1,False,False,20,5,3,0,0,0,2,0,0,https://raw.githubusercontent.com/lancebroz/mlb-pitcher-data/main/data/raw/2026/daily/2026-04-01.parquet,QA_VALIDATED_CANONICAL_V2,RELIEF_OR_BULK,MLB,False,BULLPEN_PITCHER,P,https://raw.githubusercontent.com/lancebroz/mlb-pitcher-data/main/data/raw/2026/daily/2026-04-01.parquet,https://statsapi.mlb.com/api/v1.1/game/825106/feed/live,True,8,Bot,53,57
825106-642528,825106,2026-04-01,AZ,DET,H,642528,Jonathan Loáisiga,RELIEF_OR_BULK,3.0,18.0,4.0,3.0,0,0,0,0,False,False,16,4,3,0,0,2,0,0,0,https://raw.githubusercontent.com/lancebroz/mlb-pitcher-data/main/data/raw/2026/daily/2026-04-01.parquet,QA_VALIDATED_CANONICAL_V2,RELIEF_OR_BULK,MLB,False,BULLPEN_PITCHER,P,https://raw.githubusercontent.com/lancebroz/mlb-pitcher-data/main/data/raw/2026/daily/2026-04-01.parquet,https://statsapi.mlb.com/api/v1.1/game/825106/feed/live,True,9,Top,58,61
825106-664199,825106,2026-04-01,AZ,DET,H,664199,Taylor Clarke,RELIEF_OR_BULK,1.0,16.0,3.0,3.0,16,16,3,3,False,False,18,4,3,0,0,1,0,2,0,https://raw.githubusercontent.com/lancebroz/mlb-pitcher-data/main/data/raw/2026/daily/2026-04-01.parquet,QA_VALIDATED_CANONICAL_V2,RELIEF_OR_BULK,MLB,False,BULLPEN_PITCHER,P,https://raw.githubusercontent.com/lancebroz/mlb-pitcher-data/main/data/raw/2026/daily/2026-04-01.parquet,https://statsapi.mlb.com/api/v1.1/game/825106/feed/live,True,7,Top,43,46
825106-666661,825106,2026-04-01,AZ,DET,H,666661,Juan Morillo,RELIEF_OR_BULK,1.0,5.0,1.0,1.0,5,5,1,1,False,False,11,3,3,0,0,0,0,1,0,https://raw.githubusercontent.com/lancebroz/mlb-pitcher-data/main/data/raw/2026/daily/2026-04-01.parquet,QA_VALIDATED_CANONICAL_V2,RELIEF_OR_BULK,MLB,False,BULLPEN_PITCHER,P,https://raw.githubusercontent.com/lancebroz/mlb-pitcher-data/main/data/raw/2026/daily/2026-04-01.parquet,https://statsapi.mlb.com/api/v1.1/game/825106/feed/live,True,8,Top,50,52
823157-518585,823157,2026-04-01,NYY,SEA,A,518585,Fernando Cruz,RELIEF_OR_BULK,1.0,11.0,2.0,2.0,11,11,2,2,False,False,12,2,2,0,0,0,0,1,0,https://raw.githubusercontent.com/lancebroz/mlb-pitcher-data/main/data/raw/2026/daily/2026-04-01.parquet,QA_VALIDATED_CANONICAL_V2,RELIEF_OR_BULK,MLB,False,BULLPEN_PITCHER,P,https://raw.githubusercontent.com/lancebroz/mlb-pitcher-data/main/data/raw/2026/daily/2026-04-01.parquet,https://statsapi.mlb.com/api/v1.1/game/823157/feed/live,True,7,Bot,48,49
823157-666808,823157,2026-04-01,NYY,SEA,A,666808,Camilo Doval,RELIEF_OR_BULK,1.0,2.0,1.0,1.0,2,2,1,1,False,False,19,5,2,2,2,2,1,1,0,https://raw.githubusercontent.com/lancebroz/mlb-pitcher-data/main/data/raw/2026/daily/2026-04-01.parquet,QA_VALIDATED_CANONICAL_V2,RELIEF_OR_BULK,MLB,False,BULLPEN_PITCHER,P,https://raw.githubusercontent.com/lancebroz/mlb-pitcher-data/main/data/raw/2026/daily/2026-04-01.parquet,https://statsapi.mlb.com/api/v1.1/game/823157/feed/live,True,8,Bot,54,58
823157-670280,823157,2026-04-01,NYY,SEA,A,670280,David Bednar,RELIEF_OR_BULK,3.0,20.0,4.0,3.0,0,0,0,0,False,False,40,7,4,1,1,3,0,1,0,https://raw.githubusercontent.com/lancebroz/mlb-pitcher-data/main/data/raw/2026/daily/2026-04-01.parquet,QA_VALIDATED_CANONICAL_V2,RELIEF_OR_BULK,MLB,False,BULLPEN_PITCHER,P,https://raw.githubusercontent.com/lancebroz/mlb-pitcher-data/main/data/raw/2026/daily/2026-04-01.parquet,https://statsapi.mlb.com/api/v1.1/game/823157/feed/live,True,8,Bot,59,69
823157-678606,823157,2026-04-01,SEA,NYY,H,678606,José A. Ferrer,RELIEF_OR_BULK,1.0,15.0,3.0,1.0,15,15,3,3,False,False,13,3,3,0,0,0,0,2,0,https://raw.githubusercontent.com/lancebroz/mlb-pitcher-data/main/data/raw/2026/daily/2026-04-01.parquet,QA_VALIDATED_CANONICAL_V2,RELIEF_OR_BULK,MLB,False,BULLPEN_PITCHER,P,https://raw.githubusercontent.com/lancebroz/mlb-pitcher-data/main/data/raw/2026/daily/2026-04-01.parquet,https://statsapi.mlb.com/api/v1.1/game/823157/feed/live,True,7,Top,44,46
823157-681867,823157,2026-04-01,SEA,NYY,H,681867,Cooper Criswell,RELIEF_OR_BULK,2.0,44.0,10.0,9.0,0,44,0,10,False,False,30,7,6,1,1,1,0,1,1,https://raw.githubusercontent.com/lancebroz/mlb-pitcher-data/main/data/raw/2026/daily/2026-04-01.parquet,QA_VALIDATED_CANONICAL_V2,RELIEF_OR_BULK,MLB,False,BULLPEN_PITCHER,P,https://raw.githubusercontent.com/lancebroz/mlb-pitcher-data/main/data/raw/2026/daily/2026-04-01.parquet,https://statsapi.mlb.com/api/v1.1/game/823157/feed/live,True,8,Top,50,64
823321-621366,823321,2026-04-01,SF,SD,A,621366,Ryan Borucki,RELIEF_OR_BULK,3.0,15.0,4.0,3.0,0,0,0,0,False,False,3,1,2,0,0,0,0,0,0,https://raw.githubusercontent.com/lancebroz/mlb-pitcher-data/main/data/raw/2026/daily/2026-04-01.parquet,QA_VALIDATED_CANONICAL_V2,RELIEF_OR_BULK,MLB,False,BULLPEN_PITCHER,P,https://raw.githubusercontent.com/lancebroz/mlb-pitcher-data/main/data/raw/2026/daily/2026-04-01.parquet,https://statsapi.mlb.com/api/v1.1/game/823321/feed/live,True,8,Bot,68,68
823321-668873,823321,2026-04-01,SF,SD,A,668873,Caleb Kilian,RELIEF_OR_BULK,6.0,10.0,3.0,3.0,0,0,0,0,False,False,15,5,5,0,0,0,0,2,0,https://raw.githubusercontent.com/lancebroz/mlb-pitcher-data/main/data/raw/2026/daily/2026-04-01.parquet,QA_VALIDATED_CANONICAL_V2,RELIEF_OR_BULK,MLB,False,BULLPEN_PITCHER,P,https://raw.githubusercontent.com/lancebroz/mlb-pitcher-data/main/data/raw/2026/daily/2026-04-01.parquet,https://statsapi.mlb.com/api/v1.1/game/823321/feed/live,True,6,Bot,46,55
823321-669093,823321,2026-04-01,SD,SF,H,669093,Jeremiah Estrada,RELIEF_OR_BULK,0.0,18.0,4.0,3.0,18,18,4,4,True,False,13,3,3,0,0,0,0,2,0,https://raw.githubusercontent.com/lancebroz/mlb-pitcher-data/main/data/raw/2026/daily/2026-04-01.parquet,QA_VALIDATED_CANONICAL_V2,RELIEF_OR_BULK,MLB,False,BULLPEN_PITCHER,P,https://raw.githubusercontent.com/lancebroz/mlb-pitcher-data/main/data/raw/2026/daily/2026-04-01.parquet,https://statsapi.mlb.com/api/v1.1/game/823321/feed/live,True,6,Top,39,41
823321-670970,823321,2026-04-01,SD,SF,H,670970,Adrian Morejon,RELIEF_OR_BULK,4.0,23.0,6.0,6.0,0,0,0,0,False,False,32,8,5,1,1,2,1,1,0,https://raw.githubusercontent.com/lancebroz/mlb-pitcher-data/main/data/raw/2026/daily/2026-04-01.parquet,QA_VALIDATED_CANONICAL_V2,RELIEF_OR_BULK,MLB,False,BULLPEN_PITCHER,P,https://raw.githubusercontent.com/lancebroz/mlb-pitcher-data/main/data/raw/2026/daily/2026-04-01.parquet,https://statsapi.mlb.com/api/v1.1/game/823321/feed/live,True,7,Top,48,58
823321-676130,823321,2026-04-01,SF,SD,A,676130,José Buttó,RELIEF_OR_BULK,0.0,18.0,4.0,3.0,18,18,4,4,True,False,28,8,1,4,4,3,4,1,1,https://raw.githubusercontent.com/lancebroz/mlb-pitcher-data/main/data/raw/2026/daily/2026-04-01.parquet,QA_VALIDATED_CANONICAL_V2,RELIEF_OR_BULK,MLB,False,BULLPEN_PITCHER,P,https://raw.githubusercontent.com/lancebroz/mlb-pitcher-data/main/data/raw/2026/daily/2026-04-01.parquet,https://statsapi.mlb.com/api/v1.1/game/823321/feed/live,True,8,Bot,60,67
823321-695243,823321,2026-04-01,SD,SF,H,695243,Mason Miller,RELIEF_OR_BULK,3.0,18.0,4.0,3.0,0,0,0,0,False,False,19,5,4,0,0,1,0,3,0,https://raw.githubusercontent.com/lancebroz/mlb-pitcher-data/main/data/raw/2026/daily/2026-04-01.parquet,QA_VALIDATED_CANONICAL_V2,RELIEF_OR_BULK,MLB,False,BULLPEN_PITCHER,P,https://raw.githubusercontent.com/lancebroz/mlb-pitcher-data/main/data/raw/2026/daily/2026-04-01.parquet,https://statsapi.mlb.com/api/v1.1/game/823321/feed/live,True,8,Top,59,72
824136-607455,824136,2026-04-01,MIN,KC,A,607455,Anthony Banda,RELIEF_OR_BULK,2.0,3.0,1.0,2.0,0,3,0,1,False,False,12,4,3,0,0,1,0,1,0,https://raw.githubusercontent.com/lancebroz/mlb-pitcher-data/main/data/raw/2026/daily/2026-04-01.parquet,QA_VALIDATED_CANONICAL_V2,RELIEF_OR_BULK,MLB,False,BULLPEN_PITCHER,P,https://raw.githubusercontent.com/lancebroz/mlb-pitcher-data/main/data/raw/2026/daily/2026-04-01.parquet,https://statsapi.mlb.com/api/v1.1/game/824136/feed/live,True,8,Bot,79,82
824136-656638,824136,2026-04-01,KC,MIN,H,656638,Alex Lange,RELIEF_OR_BULK,4.0,11.0,3.0,3.0,0,0,0,0,False,False,34,6,1,2,2,1,3,1,0,https://raw.githubusercontent.com/lancebroz/mlb-pitcher-data/main/data/raw/2026/daily/2026-04-01.parquet,QA_VALIDATED_CANONICAL_V2,RELIEF_OR_BULK,MLB,False,BULLPEN_PITCHER,P,https://raw.githubusercontent.com/lancebroz/mlb-pitcher-data/main/data/raw/2026/daily/2026-04-01.parquet,https://statsapi.mlb.com/api/v1.1/game/824136/feed/live,True,8,Top,71,76
824136-663559,824136,2026-04-01,KC,MIN,H,663559,Bailey Falter,RELIEF_OR_BULK,4.0,48.0,14.0,9.0,0,0,0,0,False,False,20,6,1,3,3,3,2,0,1,https://raw.githubusercontent.com/lancebroz/mlb-pitcher-data/main/data/raw/2026/daily/2026-04-01.parquet,QA_VALIDATED_CANONICAL_V2,RELIEF_OR_BULK,MLB,False,BULLPEN_PITCHER,P,https://raw.githubusercontent.com/lancebroz/mlb-pitcher-data/main/data/raw/2026/daily/2026-04-01.parquet,https://statsapi.mlb.com/api/v1.1/game/824136/feed/live,True,9,Top,83,88
824136-663738,824136,2026-04-01,KC,MIN,H,663738,Daniel Lynch IV,RELIEF_OR_BULK,1.0,9.0,3.0,3.0,9,9,3,3,False,False,37,8,3,3,1,1,3,2,0,https://raw.githubusercontent.com/lancebroz/mlb-pitcher-data/main/data/raw/2026/daily/2026-04-01.parquet,QA_VALIDATED_CANONICAL_V2,RELIEF_OR_BULK,MLB,False,BULLPEN_PITCHER,P,https://raw.githubusercontent.com/lancebroz/mlb-pitcher-data/main/data/raw/2026/daily/2026-04-01.parquet,https://statsapi.mlb.com/api/v1.1/game/824136/feed/live,True,7,Top,58,65
824136-668674,824136,2026-04-01,KC,MIN,H,668674,Lucas Erceg,RELIEF_OR_BULK,2.0,12.0,3.0,3.0,0,12,0,3,False,False,7,2,2,0,0,0,0,0,0,https://raw.githubusercontent.com/lancebroz/mlb-pitcher-data/main/data/raw/2026/daily/2026-04-01.parquet,QA_VALIDATED_CANONICAL_V2,RELIEF_OR_BULK,MLB,False,BULLPEN_PITCHER,P,https://raw.githubusercontent.com/lancebroz/mlb-pitcher-data/main/data/raw/2026/daily/2026-04-01.parquet,https://statsapi.mlb.com/api/v1.1/game/824136/feed/live,True,9,Top,89,90
824136-674444,824136,2026-04-01,KC,MIN,H,674444,Steven Cruz,RELIEF_OR_BULK,,,,,0,0,0,0,False,False,7,2,2,0,0,0,0,1,0,https://raw.githubusercontent.com/lancebroz/mlb-pitcher-data/main/data/raw/2026/daily/2026-04-01.parquet,QA_VALIDATED_CANONICAL_V2,,,False,BULLPEN_PITCHER,P,https://raw.githubusercontent.com/lancebroz/mlb-pitcher-data/main/data/raw/2026/daily/2026-04-01.parquet,https://statsapi.mlb.com/api/v1.1/game/824136/feed/live,True,8,Top,77,78
824136-683232,824136,2026-04-01,KC,MIN,H,683232,Nick Mears,RELIEF_OR_BULK,1.0,8.0,3.0,3.0,8,8,3,3,False,False,18,3,3,0,0,0,0,2,0,https://raw.githubusercontent.com/lancebroz/mlb-pitcher-data/main/data/raw/2026/daily/2026-04-01.parquet,QA_VALIDATED_CANONICAL_V2,RELIEF_OR_BULK,MLB,False,BULLPEN_PITCHER,P,https://raw.githubusercontent.com/lancebroz/mlb-pitcher-data/main/data/raw/2026/daily/2026-04-01.parquet,https://statsapi.mlb.com/api/v1.1/game/824136/feed/live,True,6,Top,44,46
824136-687849,824136,2026-04-01,MIN,KC,A,687849,Zak Kent,RELIEF_OR_BULK,,,,,0,0,0,0,False,False,47,11,5,4,1,3,3,2,2,https://raw.githubusercontent.com/lancebroz/mlb-pitcher-data/main/data/raw/2026/daily/2026-04-01.parquet,QA_VALIDATED_CANONICAL_V2,,,False,BULLPEN_PITCHER,P,https://raw.githubusercontent.com/lancebroz/mlb-pitcher-data/main/data/raw/2026/daily/2026-04-01.parquet,https://statsapi.mlb.com/api/v1.1/game/824136/feed/live,True,6,Bot,52,70
824136-689520,824136,2026-04-01,MIN,KC,A,689520,Cody Laweryson,RELIEF_OR_BULK,,,,,0,0,0,0,False,False,36,9,4,4,3,2,2,2,0,https://raw.githubusercontent.com/lancebroz/mlb-pitcher-data/main/data/raw/2026/daily/2026-04-01.parquet,QA_VALIDATED_CANONICAL_V2,,,False,BULLPEN_PITCHER,P,https://raw.githubusercontent.com/lancebroz/mlb-pitcher-data/main/data/raw/2026/daily/2026-04-01.parquet,https://statsapi.mlb.com/api/v1.1/game/824136/feed/live,True,5,Bot,40,51
823970-542888,823970,2026-04-01,CLE,LAD,A,542888,Shawn Armstrong,RELIEF_OR_BULK,1.0,12.0,4.0,2.0,12,12,4,4,False,False,19,4,2,0,0,2,0,1,0,https://raw.githubusercontent.com/lancebroz/mlb-pitcher-data/main/data/raw/2026/daily/2026-04-01.parquet,QA_VALIDATED_CANONICAL_V2,RELIEF_OR_BULK,MLB,False,BULLPEN_PITCHER,P,https://raw.githubusercontent.com/lancebroz/mlb-pitcher-data/main/data/raw/2026/daily/2026-04-01.parquet,https://statsapi.mlb.com/api/v1.1/game/823970/feed/live,True,8,Bot,54,57
823970-595014,823970,2026-04-01,LAD,CLE,H,595014,Blake Treinen,RELIEF_OR_BULK,5.0,15.0,4.0,3.0,0,0,0,0,False,False,17,3,3,0,0,0,0,1,0,https://raw.githubusercontent.com/lancebroz/mlb-pitcher-data/main/data/raw/2026/daily/2026-04-01.parquet,QA_VALIDATED_CANONICAL_V2,RELIEF_OR_BULK,MLB,False,BULLPEN_PITCHER,P,https://raw.githubusercontent.com/lancebroz/mlb-pitcher-data/main/data/raw/2026/daily/2026-04-01.parquet,https://statsapi.mlb.com/api/v1.1/game/823970/feed/live,True,9,Top,59,61
823970-656945,823970,2026-04-01,LAD,CLE,H,656945,Tanner Scott,RELIEF_OR_BULK,1.0,16.0,4.0,3.0,16,16,4,4,False,False,9,2,1,1,1,1,0,1,1,https://raw.githubusercontent.com/lancebroz/mlb-pitcher-data/main/data/raw/2026/daily/2026-04-01.parquet,QA_VALIDATED_CANONICAL_V2,RELIEF_OR_BULK,MLB,False,BULLPEN_PITCHER,P,https://raw.githubusercontent.com/lancebroz/mlb-pitcher-data/main/data/raw/2026/daily/2026-04-01.parquet,https://statsapi.mlb.com/api/v1.1/game/823970/feed/live,True,8,Top,52,53
823970-671922,823970,2026-04-01,CLE,LAD,A,671922,Cade Smith,RELIEF_OR_BULK,1.0,29.0,5.0,3.0,29,29,5,5,False,False,19,4,3,1,1,1,0,0,1,https://raw.githubusercontent.com/lancebroz/mlb-pitcher-data/main/data/raw/2026/daily/2026-04-01.parquet,QA_VALIDATED_CANONICAL_V2,RELIEF_OR_BULK,MLB,False,BULLPEN_PITCHER,P,https://raw.githubusercontent.com/lancebroz/mlb-pitcher-data/main/data/raw/2026/daily/2026-04-01.parquet,https://statsapi.mlb.com/api/v1.1/game/823970/feed/live,True,9,Bot,62,65
823970-681870,823970,2026-04-01,CLE,LAD,A,681870,Erik Sabrowski,RELIEF_OR_BULK,1.0,20.0,4.0,4.0,20,20,4,4,False,False,3,1,1,0,0,0,0,1,0,https://raw.githubusercontent.com/lancebroz/mlb-pitcher-data/main/data/raw/2026/daily/2026-04-01.parquet,QA_VALIDATED_CANONICAL_V2,RELIEF_OR_BULK,MLB,False,BULLPEN_PITCHER,P,https://raw.githubusercontent.com/lancebroz/mlb-pitcher-data/main/data/raw/2026/daily/2026-04-01.parquet,https://statsapi.mlb.com/api/v1.1/game/823970/feed/live,True,8,Bot,58,58
823970-694361,823970,2026-04-01,LAD,CLE,H,694361,Will Klein,RELIEF_OR_BULK,3.0,15.0,4.0,3.0,0,0,0,0,False,False,35,7,5,1,1,1,2,1,0,https://raw.githubusercontent.com/lancebroz/mlb-pitcher-data/main/data/raw/2026/daily/2026-04-01.parquet,QA_VALIDATED_CANONICAL_V2,RELIEF_OR_BULK,MLB,False,BULLPEN_PITCHER,P,https://raw.githubusercontent.com/lancebroz/mlb-pitcher-data/main/data/raw/2026/daily/2026-04-01.parquet,https://statsapi.mlb.com/api/v1.1/game/823970/feed/live,True,7,Top,42,51
824133-573124,824133,2026-04-02,MIN,KC,A,573124,Taylor Rogers,RELIEF_OR_BULK,2.0,14.0,3.0,3.0,0,14,0,3,False,False,4,1,1,0,0,0,0,1,0,https://raw.githubusercontent.com/lancebroz/mlb-pitcher-data/main/data/raw/2026/daily/2026-04-02.parquet,QA_VALIDATED_CANONICAL_V2,RELIEF_OR_BULK,MLB,False,BULLPEN_PITCHER,P,https://raw.githubusercontent.com/lancebroz/mlb-pitcher-data/main/data/raw/2026/daily/2026-04-02.parquet,https://statsapi.mlb.com/api/v1.1/game/824133/feed/live,True,8,Bot,62,62
824133-621381,824133,2026-04-02,KC,MIN,H,621381,Matt Strahm,RELIEF_OR_BULK,3.0,4.0,2.0,2.0,0,0,0,0,False,False,19,4,3,0,0,0,0,2,0,https://raw.githubusercontent.com/lancebroz/mlb-pitcher-data/main/data/raw/2026/daily/2026-04-02.parquet,QA_VALIDATED_CANONICAL_V2,RELIEF_OR_BULK,MLB,False,BULLPEN_PITCHER,P,https://raw.githubusercontent.com/lancebroz/mlb-pitcher-data/main/data/raw/2026/daily/2026-04-02.parquet,https://statsapi.mlb.com/api/v1.1/game/824133/feed/live,True,7,Top,45,48
824133-623437,824133,2026-04-02,MIN,KC,A,623437,Justin Topa,RELIEF_OR_BULK,2.0,10.0,2.0,2.0,0,10,0,2,False,False,13,4,3,0,0,0,1,1,0,https://raw.githubusercontent.com/lancebroz/mlb-pitcher-data/main/data/raw/2026/daily/2026-04-02.parquet,QA_VALIDATED_CANONICAL_V2,RELIEF_OR_BULK,MLB,False,BULLPEN_PITCHER,P,https://raw.githubusercontent.com/lancebroz/mlb-pitcher-data/main/data/raw/2026/daily/2026-04-02.parquet,https://statsapi.mlb.com/api/v1.1/game/824133/feed/live,True,9,Bot,69,72
824133-663485,824133,2026-04-02,MIN,KC,A,663485,Cole Sands,RELIEF_OR_BULK,4.0,16.0,4.0,3.0,0,0,0,0,False,False,11,4,2,1,1,2,0,0,0,https://raw.githubusercontent.com/lancebroz/mlb-pitcher-data/main/data/raw/2026/daily/2026-04-02.parquet,QA_VALIDATED_CANONICAL_V2,RELIEF_OR_BULK,MLB,False,BULLPEN_PITCHER,P,https://raw.githubusercontent.com/lancebroz/mlb-pitcher-data/main/data/raw/2026/daily/2026-04-02.parquet,https://statsapi.mlb.com/api/v1.1/game/824133/feed/live,True,8,Bot,58,61
824133-670167,824133,2026-04-02,KC,MIN,H,670167,John Schreiber,RELIEF_OR_BULK,2.0,15.0,4.0,3.0,0,15,0,4,False,False,27,6,3,1,1,1,2,1,0,https://raw.githubusercontent.com/lancebroz/mlb-pitcher-data/main/data/raw/2026/daily/2026-04-02.parquet,QA_VALIDATED_CANONICAL_V2,RELIEF_OR_BULK,MLB,False,BULLPEN_PITCHER,P,https://raw.githubusercontent.com/lancebroz/mlb-pitcher-data/main/data/raw/2026/daily/2026-04-02.parquet,https://statsapi.mlb.com/api/v1.1/game/824133/feed/live,True,8,Top,52,57
824133-674444,824133,2026-04-02,KC,MIN,H,674444,Steven Cruz,RELIEF_OR_BULK,0.0,7.0,2.0,2.0,7,7,2,2,True,False,27,6,3,3,3,3,0,1,3,https://raw.githubusercontent.com/lancebroz/mlb-pitcher-data/main/data/raw/2026/daily/2026-04-02.parquet,QA_VALIDATED_CANONICAL_V2,RELIEF_OR_BULK,MLB,False,BULLPEN_PITCHER,P,https://raw.githubusercontent.com/lancebroz/mlb-pitcher-data/main/data/raw/2026/daily/2026-04-02.parquet,https://statsapi.mlb.com/api/v1.1/game/824133/feed/live,True,9,Top,63,68
824133-681892,824133,2026-04-02,MIN,KC,A,681892,Kody Funderburk,RELIEF_OR_BULK,2.0,26.0,7.0,4.0,0,26,0,7,False,False,15,3,3,0,0,0,0,1,0,https://raw.githubusercontent.com/lancebroz/mlb-pitcher-data/main/data/raw/2026/daily/2026-04-02.parquet,QA_VALIDATED_CANONICAL_V2,RELIEF_OR_BULK,MLB,False,BULLPEN_PITCHER,P,https://raw.githubusercontent.com/lancebroz/mlb-pitcher-data/main/data/raw/2026/daily/2026-04-02.parquet,https://statsapi.mlb.com/api/v1.1/game/824133/feed/live,True,7,Bot,49,51
825105-543510,825105,2026-04-02,AZ,ATL,H,543510,James McCann,RELIEF_OR_BULK,,,,,0,0,0,0,False,False,20,10,3,5,5,7,0,0,1,https://raw.githubusercontent.com/lancebroz/mlb-pitcher-data/main/data/raw/2026/daily/2026-04-02.parquet,EXCLUIR_POSITION_PLAYER_PITCHING,,,False,POSITION_PLAYER_PITCHING,C,https://raw.githubusercontent.com/lancebroz/mlb-pitcher-data/main/data/raw/2026/daily/2026-04-02.parquet,https://statsapi.mlb.com/api/v1.1/game/825105/feed/live,True,9,Top,72,81
825105-605452,825105,2026-04-02,AZ,ATL,H,605452,Joe Ross,RELIEF_OR_BULK,2.0,26.0,8.0,2.0,0,26,0,8,False,False,52,11,6,2,2,2,3,1,1,https://raw.githubusercontent.com/lancebroz/mlb-pitcher-data/main/data/raw/2026/daily/2026-04-02.parquet,QA_VALIDATED_CANONICAL_V2,RELIEF_OR_BULK,MLB,False,BULLPEN_PITCHER,P,https://raw.githubusercontent.com/lancebroz/mlb-pitcher-data/main/data/raw/2026/daily/2026-04-02.parquet,https://statsapi.mlb.com/api/v1.1/game/825105/feed/live,True,6,Top,46,59
825105-641755,825105,2026-04-02,ATL,AZ,A,641755,Tyler Kinley,RELIEF_OR_BULK,5.0,13.0,3.0,3.0,0,0,0,0,False,False,10,3,3,0,0,0,0,1,0,https://raw.githubusercontent.com/lancebroz/mlb-pitcher-data/main/data/raw/2026/daily/2026-04-02.parquet,QA_VALIDATED_CANONICAL_V2,RELIEF_OR_BULK,MLB,False,BULLPEN_PITCHER,P,https://raw.githubusercontent.com/lancebroz/mlb-pitcher-data/main/data/raw/2026/daily/2026-04-02.parquet,https://statsapi.mlb.com/api/v1.1/game/825105/feed/live,True,6,Bot,53,55
825105-656464,825105,2026-04-02,AZ,ATL,H,656464,Kevin Ginkel,RELIEF_OR_BULK,2.0,13.0,3.0,3.0,0,13,0,3,False,False,22,5,1,3,3,3,1,0,0,https://raw.githubusercontent.com/lancebroz/mlb-pitcher-data/main/data/raw/2026/daily/2026-04-02.parquet,QA_VALIDATED_CANONICAL_V2,RELIEF_OR_BULK,MLB,False,BULLPEN_PITCHER,P,https://raw.githubusercontent.com/lancebroz/mlb-pitcher-data/main/data/raw/2026/daily/2026-04-02.parquet,https://statsapi.mlb.com/api/v1.1/game/825105/feed/live,True,5,Top,37,41
825105-674370,825105,2026-04-02,ATL,AZ,A,674370,Osvaldo Bido,RELIEF_OR_BULK,4.0,16.0,3.0,3.0,0,0,0,0,False,False,42,12,9,1,1,2,1,1,0,https://raw.githubusercontent.com/lancebroz/mlb-pitcher-data/main/data/raw/2026/daily/2026-04-02.parquet,QA_VALIDATED_CANONICAL_V2,RELIEF_OR_BULK,MLB,False,BULLPEN_PITCHER,P,https://raw.githubusercontent.com/lancebroz/mlb-pitcher-data/main/data/raw/2026/daily/2026-04-02.parquet,https://statsapi.mlb.com/api/v1.1/game/825105/feed/live,True,7,Bot,60,86
825105-694851,825105,2026-04-02,AZ,ATL,H,694851,Andrew Hoffmann,RELIEF_OR_BULK,1.0,32.0,7.0,6.0,32,32,7,7,False,False,23,5,3,0,0,1,1,2,0,https://raw.githubusercontent.com/lancebroz/mlb-pitcher-data/main/data/raw/2026/daily/2026-04-02.parquet,QA_VALIDATED_CANONICAL_V2,RELIEF_OR_BULK,MLB,False,BULLPEN_PITCHER,P,https://raw.githubusercontent.com/lancebroz/mlb-pitcher-data/main/data/raw/2026/daily/2026-04-02.parquet,https://statsapi.mlb.com/api/v1.1/game/825105/feed/live,True,8,Top,64,68
823242-640455,823242,2026-04-02,NYM,SF,A,640455,Sean Manaea,RELIEF_OR_BULK,3.0,29.0,7.0,4.0,0,0,0,0,False,False,74,17,11,1,1,4,2,2,1,https://raw.githubusercontent.com/lancebroz/mlb-pitcher-data/main/data/raw/2026/daily/2026-04-02.parquet,QA_VALIDATED_CANONICAL_V2,RELIEF_OR_BULK,MLB,False,BULLPEN_PITCHER,P,https://raw.githubusercontent.com/lancebroz/mlb-pitcher-data/main/data/raw/2026/daily/2026-04-02.parquet,https://statsapi.mlb.com/api/v1.1/game/823242/feed/live,True,5,Bot,45,70
823242-676254,823242,2026-04-02,SF,NYM,H,676254,Ryan Walker,RELIEF_OR_BULK,2.0,22.0,5.0,3.0,0,22,0,5,False,False,12,2,2,0,0,0,0,1,0,https://raw.githubusercontent.com/lancebroz/mlb-pitcher-data/main/data/raw/2026/daily/2026-04-02.parquet,QA_VALIDATED_CANONICAL_V2,RELIEF_OR_BULK,MLB,False,BULLPEN_PITCHER,P,https://raw.githubusercontent.com/lancebroz/mlb-pitcher-data/main/data/raw/2026/daily/2026-04-02.parquet,https://statsapi.mlb.com/api/v1.1/game/823242/feed/live,True,6,Top,50,51
823242-694918,823242,2026-04-02,SF,NYM,H,694918,Blade Tidwell,RELIEF_OR_BULK,,,,,0,0,0,0,False,False,37,9,9,0,0,2,0,2,0,https://raw.githubusercontent.com/lancebroz/mlb-pitcher-data/main/data/raw/2026/daily/2026-04-02.parquet,QA_VALIDATED_CANONICAL_V2,,,False,BULLPEN_PITCHER,P,https://raw.githubusercontent.com/lancebroz/mlb-pitcher-data/main/data/raw/2026/daily/2026-04-02.parquet,https://statsapi.mlb.com/api/v1.1/game/823242/feed/live,True,7,Top,56,73
822758-595014,822758,2026-04-03,LAD,WSH,A,595014,Blake Treinen,RELIEF_OR_BULK,1.0,17.0,3.0,3.0,17,17,3,3,False,False,11,4,3,0,0,1,1,0,0,https://raw.githubusercontent.com/lancebroz/mlb-pitcher-data/main/data/raw/2026/daily/2026-04-03.parquet,QA_VALIDATED_CANONICAL_V2,RELIEF_OR_BULK,MLB,False,BULLPEN_PITCHER,P,https://raw.githubusercontent.com/lancebroz/mlb-pitcher-data/main/data/raw/2026/daily/2026-04-03.parquet,https://statsapi.mlb.com/api/v1.1/game/822758/feed/live,True,7,Bot,67,70
822758-676263,822758,2026-04-03,LAD,WSH,A,676263,Jack Dreyer,RELIEF_OR_BULK,2.0,15.0,4.0,3.0,0,15,0,4,False,False,4,1,1,0,0,0,0,1,0,https://raw.githubusercontent.com/lancebroz/mlb-pitcher-data/main/data/raw/2026/daily/2026-04-03.parquet,QA_VALIDATED_CANONICAL_V2,RELIEF_OR_BULK,MLB,False,BULLPEN_PITCHER,P,https://raw.githubusercontent.com/lancebroz/mlb-pitcher-data/main/data/raw/2026/daily/2026-04-03.parquet,https://statsapi.mlb.com/api/v1.1/game/822758/feed/live,True,6,Bot,62,62
822758-676508,822758,2026-04-03,LAD,WSH,A,676508,Ben Casparius,RELIEF_OR_BULK,6.0,24.0,4.0,2.0,0,0,0,0,False,False,13,3,3,0,0,0,0,1,0,https://raw.githubusercontent.com/lancebroz/mlb-pitcher-data/main/data/raw/2026/daily/2026-04-03.parquet,QA_VALIDATED_CANONICAL_V2,RELIEF_OR_BULK,MLB,False,BULLPEN_PITCHER,P,https://raw.githubusercontent.com/lancebroz/mlb-pitcher-data/main/data/raw/2026/daily/2026-04-03.parquet,https://statsapi.mlb.com/api/v1.1/game/822758/feed/live,True,9,Bot,87,89
822758-681402,822758,2026-04-03,WSH,LAD,H,681402,Gus Varland,RELIEF_OR_BULK,4.0,9.0,4.0,4.0,0,0,0,0,False,False,20,5,2,0,0,2,1,1,0,https://raw.githubusercontent.com/lancebroz/mlb-pitcher-data/main/data/raw/2026/daily/2026-04-03.parquet,QA_VALIDATED_CANONICAL_V2,RELIEF_OR_BULK,MLB,False,BULLPEN_PITCHER,P,https://raw.githubusercontent.com/lancebroz/mlb-pitcher-data/main/data/raw/2026/daily/2026-04-03.parquet,https://statsapi.mlb.com/api/v1.1/game/822758/feed/live,True,5,Top,44,48
822758-683618,822758,2026-04-03,LAD,WSH,A,683618,Edgardo Henriquez,RELIEF_OR_BULK,6.0,13.0,3.0,3.0,0,0,0,0,False,False,25,7,3,2,2,3,1,1,0,https://raw.githubusercontent.com/lancebroz/mlb-pitcher-data/main/data/raw/2026/daily/2026-04-03.parquet,QA_VALIDATED_CANONICAL_V2,RELIEF_OR_BULK,MLB,False,BULLPEN_PITCHER,P,https://raw.githubusercontent.com/lancebroz/mlb-pitcher-data/main/data/raw/2026/daily/2026-04-03.parquet,https://statsapi.mlb.com/api/v1.1/game/822758/feed/live,True,8,Bot,74,80
822758-686610,822758,2026-04-03,WSH,LAD,H,686610,Ken Waldichuk,RELIEF_OR_BULK,2.0,23.0,6.0,6.0,0,23,0,6,False,False,36,9,6,1,1,1,1,3,1,https://raw.githubusercontent.com/lancebroz/mlb-pitcher-data/main/data/raw/2026/daily/2026-04-03.parquet,QA_VALIDATED_CANONICAL_V2,RELIEF_OR_BULK,MLB,False,BULLPEN_PITCHER,P,https://raw.githubusercontent.com/lancebroz/mlb-pitcher-data/main/data/raw/2026/daily/2026-04-03.parquet,https://statsapi.mlb.com/api/v1.1/game/822758/feed/live,True,6,Top,54,66
822758-701552,822758,2026-04-03,WSH,LAD,H,701552,Andre Granillo,RELIEF_OR_BULK,1.0,11.0,3.0,2.0,11,11,3,3,False,False,27,9,6,1,1,2,2,0,0,https://raw.githubusercontent.com/lancebroz/mlb-pitcher-data/main/data/raw/2026/daily/2026-04-03.parquet,QA_VALIDATED_CANONICAL_V2,RELIEF_OR_BULK,MLB,False,BULLPEN_PITCHER,P,https://raw.githubusercontent.com/lancebroz/mlb-pitcher-data/main/data/raw/2026/daily/2026-04-03.parquet,https://statsapi.mlb.com/api/v1.1/game/822758/feed/live,True,8,Top,71,86
824299-640448,824299,2026-04-03,DET,STL,H,640448,Kyle Finnegan,RELIEF_OR_BULK,1.0,20.0,5.0,3.0,20,20,5,5,False,False,16,5,3,0,0,1,1,1,0,https://raw.githubusercontent.com/lancebroz/mlb-pitcher-data/main/data/raw/2026/daily/2026-04-03.parquet,QA_VALIDATED_CANONICAL_V2,RELIEF_OR_BULK,MLB,False,BULLPEN_PITCHER,P,https://raw.githubusercontent.com/lancebroz/mlb-pitcher-data/main/data/raw/2026/daily/2026-04-03.parquet,https://statsapi.mlb.com/api/v1.1/game/824299/feed/live,True,8,Top,60,64
824299-663947,824299,2026-04-03,DET,STL,H,663947,Tyler Holton,RELIEF_OR_BULK,3.0,19.0,5.0,3.0,0,0,0,0,False,False,7,3,3,0,0,0,0,1,0,https://raw.githubusercontent.com/lancebroz/mlb-pitcher-data/main/data/raw/2026/daily/2026-04-03.parquet,QA_VALIDATED_CANONICAL_V2,RELIEF_OR_BULK,MLB,False,BULLPEN_PITCHER,P,https://raw.githubusercontent.com/lancebroz/mlb-pitcher-data/main/data/raw/2026/daily/2026-04-03.parquet,https://statsapi.mlb.com/api/v1.1/game/824299/feed/live,True,9,Top,68,70
824299-666277,824299,2026-04-03,STL,DET,A,666277,George Soriano,RELIEF_OR_BULK,3.0,21.0,8.0,6.0,0,0,0,0,False,False,16,4,2,1,1,1,0,0,0,https://raw.githubusercontent.com/lancebroz/mlb-pitcher-data/main/data/raw/2026/daily/2026-04-03.parquet,QA_VALIDATED_CANONICAL_V2,RELIEF_OR_BULK,MLB,False,BULLPEN_PITCHER,P,https://raw.githubusercontent.com/lancebroz/mlb-pitcher-data/main/data/raw/2026/daily/2026-04-03.parquet,https://statsapi.mlb.com/api/v1.1/game/824299/feed/live,True,6,Bot,48,51
824299-676684,824299,2026-04-03,DET,STL,H,676684,Will Vest,RELIEF_OR_BULK,2.0,27.0,5.0,2.0,0,27,0,5,False,False,17,4,3,0,0,1,0,2,0,https://raw.githubusercontent.com/lancebroz/mlb-pitcher-data/main/data/raw/2026/daily/2026-04-03.parquet,QA_VALIDATED_CANONICAL_V2,RELIEF_OR_BULK,MLB,False,BULLPEN_PITCHER,P,https://raw.githubusercontent.com/lancebroz/mlb-pitcher-data/main/data/raw/2026/daily/2026-04-03.parquet,https://statsapi.mlb.com/api/v1.1/game/824299/feed/live,True,7,Top,52,55
824299-677865,824299,2026-04-03,STL,DET,A,677865,Justin Bruihl,RELIEF_OR_BULK,1.0,12.0,4.0,3.0,12,12,4,4,False,False,15,4,2,0,0,2,0,0,0,https://raw.githubusercontent.com/lancebroz/mlb-pitcher-data/main/data/raw/2026/daily/2026-04-03.parquet,QA_VALIDATED_CANONICAL_V2,RELIEF_OR_BULK,MLB,False,BULLPEN_PITCHER,P,https://raw.githubusercontent.com/lancebroz/mlb-pitcher-data/main/data/raw/2026/daily/2026-04-03.parquet,https://statsapi.mlb.com/api/v1.1/game/824299/feed/live,True,5,Bot,41,47
824299-688297,824299,2026-04-03,STL,DET,A,688297,Chris Roycroft,RELIEF_OR_BULK,1.0,11.0,3.0,1.0,11,11,3,3,False,False,11,3,3,0,0,0,0,1,0,https://raw.githubusercontent.com/lancebroz/mlb-pitcher-data/main/data/raw/2026/daily/2026-04-03.parquet,QA_VALIDATED_CANONICAL_V2,RELIEF_OR_BULK,MLB,False,BULLPEN_PITCHER,P,https://raw.githubusercontent.com/lancebroz/mlb-pitcher-data/main/data/raw/2026/daily/2026-04-03.parquet,https://statsapi.mlb.com/api/v1.1/game/824299/feed/live,True,8,Bot,65,67
824299-700669,824299,2026-04-03,STL,DET,A,700669,Gordon Graceffo,RELIEF_OR_BULK,1.0,6.0,2.0,2.0,6,9,2,4,False,False,16,4,3,0,0,0,2,0,0,https://raw.githubusercontent.com/lancebroz/mlb-pitcher-data/main/data/raw/2026/daily/2026-04-03.parquet,QA_VALIDATED_CANONICAL_V2,RELIEF_OR_BULK,MLB,False,BULLPEN_PITCHER,P,https://raw.githubusercontent.com/lancebroz/mlb-pitcher-data/main/data/raw/2026/daily/2026-04-03.parquet,https://statsapi.mlb.com/api/v1.1/game/824299/feed/live,True,7,Bot,56,59
823568-642232,823568,2026-04-03,NYY,MIA,H,642232,Ryan Yarbrough,RELIEF_OR_BULK,,,,,0,0,0,0,False,False,10,3,3,0,0,0,0,0,0,https://raw.githubusercontent.com/lancebroz/mlb-pitcher-data/main/data/raw/2026/daily/2026-04-03.parquet,QA_VALIDATED_CANONICAL_V2,,,False,BULLPEN_PITCHER,P,https://raw.githubusercontent.com/lancebroz/mlb-pitcher-data/main/data/raw/2026/daily/2026-04-03.parquet,https://statsapi.mlb.com/api/v1.1/game/823568/feed/live,True,9,Top,69,71
823568-656234,823568,2026-04-03,NYY,MIA,H,656234,Jake Bird,RELIEF_OR_BULK,3.0,14.0,4.0,3.0,0,0,0,0,False,False,11,3,3,0,0,0,0,2,0,https://raw.githubusercontent.com/lancebroz/mlb-pitcher-data/main/data/raw/2026/daily/2026-04-03.parquet,QA_VALIDATED_CANONICAL_V2,RELIEF_OR_BULK,MLB,False,BULLPEN_PITCHER,P,https://raw.githubusercontent.com/lancebroz/mlb-pitcher-data/main/data/raw/2026/daily/2026-04-03.parquet,https://statsapi.mlb.com/api/v1.1/game/823568/feed/live,True,7,Top,52,54
823568-656848,823568,2026-04-03,MIA,NYY,A,656848,Michael Petersen,RELIEF_OR_BULK,3.0,11.0,3.0,3.0,0,0,0,0,False,False,20,5,3,1,1,1,1,1,1,https://raw.githubusercontent.com/lancebroz/mlb-pitcher-data/main/data/raw/2026/daily/2026-04-03.parquet,QA_VALIDATED_CANONICAL_V2,RELIEF_OR_BULK,MLB,False,BULLPEN_PITCHER,P,https://raw.githubusercontent.com/lancebroz/mlb-pitcher-data/main/data/raw/2026/daily/2026-04-03.parquet,https://statsapi.mlb.com/api/v1.1/game/823568/feed/live,True,7,Bot,55,59
823568-657612,823568,2026-04-03,NYY,MIA,H,657612,Tim Hill,RELIEF_OR_BULK,2.0,7.0,3.0,3.0,0,7,0,3,False,False,2,1,1,0,0,0,0,0,0,https://raw.githubusercontent.com/lancebroz/mlb-pitcher-data/main/data/raw/2026/daily/2026-04-03.parquet,QA_VALIDATED_CANONICAL_V2,RELIEF_OR_BULK,MLB,False,BULLPEN_PITCHER,P,https://raw.githubusercontent.com/lancebroz/mlb-pitcher-data/main/data/raw/2026/daily/2026-04-03.parquet,https://statsapi.mlb.com/api/v1.1/game/823568/feed/live,True,6,Top,45,45
823568-663969,823568,2026-04-03,MIA,NYY,A,663969,Tyler Phillips,RELIEF_OR_BULK,4.0,22.0,8.0,6.0,0,0,0,0,False,False,52,10,6,1,0,1,2,3,0,https://raw.githubusercontent.com/lancebroz/mlb-pitcher-data/main/data/raw/2026/daily/2026-04-03.parquet,QA_VALIDATED_CANONICAL_V2,RELIEF_OR_BULK,MLB,False,BULLPEN_PITCHER,P,https://raw.githubusercontent.com/lancebroz/mlb-pitcher-data/main/data/raw/2026/daily/2026-04-03.parquet,https://statsapi.mlb.com/api/v1.1/game/823568/feed/live,True,5,Bot,37,51
823568-669199,823568,2026-04-03,MIA,NYY,A,669199,Lake Bachar,RELIEF_OR_BULK,3.0,42.0,11.0,9.0,0,0,0,0,False,False,24,6,3,2,2,2,2,2,0,https://raw.githubusercontent.com/lancebroz/mlb-pitcher-data/main/data/raw/2026/daily/2026-04-03.parquet,QA_VALIDATED_CANONICAL_V2,RELIEF_OR_BULK,MLB,False,BULLPEN_PITCHER,P,https://raw.githubusercontent.com/lancebroz/mlb-pitcher-data/main/data/raw/2026/daily/2026-04-03.parquet,https://statsapi.mlb.com/api/v1.1/game/823568/feed/live,True,8,Bot,63,68
823568-687396,823568,2026-04-03,NYY,MIA,H,687396,Brent Headrick,RELIEF_OR_BULK,2.0,10.0,4.0,3.0,0,10,0,4,False,False,10,3,3,0,0,0,0,2,0,https://raw.githubusercontent.com/lancebroz/mlb-pitcher-data/main/data/raw/2026/daily/2026-04-03.parquet,QA_VALIDATED_CANONICAL_V2,RELIEF_OR_BULK,MLB,False,BULLPEN_PITCHER,P,https://raw.githubusercontent.com/lancebroz/mlb-pitcher-data/main/data/raw/2026/daily/2026-04-03.parquet,https://statsapi.mlb.com/api/v1.1/game/823568/feed/live,True,8,Top,60,62
824621-622554,824621,2026-04-03,CWS,TOR,H,622554,Seranthony Domínguez,RELIEF_OR_BULK,4.0,19.0,4.0,1.0,0,0,0,0,False,False,22,5,4,1,0,0,0,2,0,https://raw.githubusercontent.com/lancebroz/mlb-pitcher-data/main/data/raw/2026/daily/2026-04-03.parquet,QA_VALIDATED_CANONICAL_V2,RELIEF_OR_BULK,MLB,False,BULLPEN_PITCHER,P,https://raw.githubusercontent.com/lancebroz/mlb-pitcher-data/main/data/raw/2026/daily/2026-04-03.parquet,https://statsapi.mlb.com/api/v1.1/game/824621/feed/live,True,9,Top,67,76
824621-643511,824621,2026-04-03,TOR,CWS,A,643511,Tyler Rogers,RELIEF_OR_BULK,1.0,18.0,5.0,3.0,18,18,5,5,False,False,12,5,3,0,0,1,1,0,0,https://raw.githubusercontent.com/lancebroz/mlb-pitcher-data/main/data/raw/2026/daily/2026-04-03.parquet,QA_VALIDATED_CANONICAL_V2,RELIEF_OR_BULK,MLB,False,BULLPEN_PITCHER,P,https://raw.githubusercontent.com/lancebroz/mlb-pitcher-data/main/data/raw/2026/daily/2026-04-03.parquet,https://statsapi.mlb.com/api/v1.1/game/824621/feed/live,True,9,Bot,68,72
824621-656546,824621,2026-04-03,TOR,CWS,A,656546,Jeff Hoffman,RELIEF_OR_BULK,1.0,16.0,3.0,3.0,16,31,3,7,False,False,14,4,2,2,0,2,0,1,0,https://raw.githubusercontent.com/lancebroz/mlb-pitcher-data/main/data/raw/2026/daily/2026-04-03.parquet,QA_VALIDATED_CANONICAL_V2,RELIEF_OR_BULK,MLB,False,BULLPEN_PITCHER,P,https://raw.githubusercontent.com/lancebroz/mlb-pitcher-data/main/data/raw/2026/daily/2026-04-03.parquet,https://statsapi.mlb.com/api/v1.1/game/824621/feed/live,True,10,Bot,77,80
824621-656794,824621,2026-04-03,CWS,TOR,H,656794,Sean Newcomb,RELIEF_OR_BULK,3.0,51.0,12.0,8.0,0,0,0,0,False,False,8,3,2,0,0,1,0,0,0,https://raw.githubusercontent.com/lancebroz/mlb-pitcher-data/main/data/raw/2026/daily/2026-04-03.parquet,QA_VALIDATED_CANONICAL_V2,RELIEF_OR_BULK,MLB,False,BULLPEN_PITCHER,P,https://raw.githubusercontent.com/lancebroz/mlb-pitcher-data/main/data/raw/2026/daily/2026-04-03.parquet,https://statsapi.mlb.com/api/v1.1/game/824621/feed/live,True,9,Top,64,66
824621-663893,824621,2026-04-03,TOR,CWS,A,663893,Brendon Little,RELIEF_OR_BULK,1.0,10.0,5.0,3.0,10,10,5,5,False,False,17,3,3,0,0,0,0,1,0,https://raw.githubusercontent.com/lancebroz/mlb-pitcher-data/main/data/raw/2026/daily/2026-04-03.parquet,QA_VALIDATED_CANONICAL_V2,RELIEF_OR_BULK,MLB,False,BULLPEN_PITCHER,P,https://raw.githubusercontent.com/lancebroz/mlb-pitcher-data/main/data/raw/2026/daily/2026-04-03.parquet,https://statsapi.mlb.com/api/v1.1/game/824621/feed/live,True,7,Bot,53,55
824621-673929,824621,2026-04-03,CWS,TOR,H,673929,Jordan Leasure,RELIEF_OR_BULK,1.0,12.0,4.0,3.0,12,12,4,4,False,False,17,5,3,2,2,2,1,1,1,https://raw.githubusercontent.com/lancebroz/mlb-pitcher-data/main/data/raw/2026/daily/2026-04-03.parquet,QA_VALIDATED_CANONICAL_V2,RELIEF_OR_BULK,MLB,False,BULLPEN_PITCHER,P,https://raw.githubusercontent.com/lancebroz/mlb-pitcher-data/main/data/raw/2026/daily/2026-04-03.parquet,https://statsapi.mlb.com/api/v1.1/game/824621/feed/live,True,8,Top,56,60
824621-680732,824621,2026-04-03,CWS,TOR,H,680732,Sean Burke,RELIEF_OR_BULK,5.0,91.0,20.0,12.0,0,0,0,0,False,False,85,22,18,1,1,4,0,7,0,https://raw.githubusercontent.com/lancebroz/mlb-pitcher-data/main/data/raw/2026/daily/2026-04-03.parquet,QA_VALIDATED_CANONICAL_V2,STARTER,MLB,False,BULLPEN_PITCHER,P,https://raw.githubusercontent.com/lancebroz/mlb-pitcher-data/main/data/raw/2026/daily/2026-04-03.parquet,https://statsapi.mlb.com/api/v1.1/game/824621/feed/live,True,2,Top,9,52
824621-680755,824621,2026-04-03,TOR,CWS,A,680755,Braydon Fisher,RELIEF_OR_BULK,2.0,23.0,4.0,4.0,0,23,0,4,False,False,21,6,5,0,0,2,0,3,0,https://raw.githubusercontent.com/lancebroz/mlb-pitcher-data/main/data/raw/2026/daily/2026-04-03.parquet,QA_VALIDATED_CANONICAL_V2,RELIEF_OR_BULK,MLB,False,BULLPEN_PITCHER,P,https://raw.githubusercontent.com/lancebroz/mlb-pitcher-data/main/data/raw/2026/daily/2026-04-03.parquet,https://statsapi.mlb.com/api/v1.1/game/824621/feed/live,True,5,Bot,40,49
824621-686973,824621,2026-04-03,TOR,CWS,A,686973,Louis Varland,RELIEF_OR_BULK,3.0,30.0,7.0,4.0,0,0,0,0,False,False,15,3,3,0,0,1,0,1,0,https://raw.githubusercontent.com/lancebroz/mlb-pitcher-data/main/data/raw/2026/daily/2026-04-03.parquet,QA_VALIDATED_CANONICAL_V2,RELIEF_OR_BULK,MLB,False,BULLPEN_PITCHER,P,https://raw.githubusercontent.com/lancebroz/mlb-pitcher-data/main/data/raw/2026/daily/2026-04-03.parquet,https://statsapi.mlb.com/api/v1.1/game/824621/feed/live,True,8,Bot,61,63
824786-547973,824786,2026-04-03,BOS,SD,H,547973,Aroldis Chapman,RELIEF_OR_BULK,5.0,9.0,3.0,3.0,0,0,0,0,False,False,21,4,3,0,0,0,1,1,0,https://raw.githubusercontent.com/lancebroz/mlb-pitcher-data/main/data/raw/2026/daily/2026-04-03.parquet,QA_VALIDATED_CANONICAL_V2,RELIEF_OR_BULK,MLB,False,BULLPEN_PITCHER,P,https://raw.githubusercontent.com/lancebroz/mlb-pitcher-data/main/data/raw/2026/daily/2026-04-03.parquet,https://statsapi.mlb.com/api/v1.1/game/824786/feed/live,True,9,Top,61,64
824786-593974,824786,2026-04-03,SD,BOS,A,593974,Wandy Peralta,RELIEF_OR_BULK,3.0,14.0,3.0,3.0,0,0,0,0,False,False,20,6,4,1,1,2,0,2,1,https://raw.githubusercontent.com/lancebroz/mlb-pitcher-data/main/data/raw/2026/daily/2026-04-03.parquet,QA_VALIDATED_CANONICAL_V2,RELIEF_OR_BULK,MLB,False,BULLPEN_PITCHER,P,https://raw.githubusercontent.com/lancebroz/mlb-pitcher-data/main/data/raw/2026/daily/2026-04-03.parquet,https://statsapi.mlb.com/api/v1.1/game/824786/feed/live,True,6,Bot,46,54
824786-669711,824786,2026-04-03,BOS,SD,H,669711,Greg Weissert,RELIEF_OR_BULK,1.0,16.0,3.0,3.0,16,16,3,3,False,False,17,3,3,0,0,0,0,1,0,https://raw.githubusercontent.com/lancebroz/mlb-pitcher-data/main/data/raw/2026/daily/2026-04-03.parquet,QA_VALIDATED_CANONICAL_V2,RELIEF_OR_BULK,MLB,False,BULLPEN_PITCHER,P,https://raw.githubusercontent.com/lancebroz/mlb-pitcher-data/main/data/raw/2026/daily/2026-04-03.parquet,https://statsapi.mlb.com/api/v1.1/game/824786/feed/live,True,7,Top,49,51
824786-676760,824786,2026-04-03,SD,BOS,A,676760,Ron Marinaccio,RELIEF_OR_BULK,3.0,29.0,6.0,6.0,0,0,0,0,False,False,10,3,3,0,0,0,0,1,0,https://raw.githubusercontent.com/lancebroz/mlb-pitcher-data/main/data/raw/2026/daily/2026-04-03.parquet,QA_VALIDATED_CANONICAL_V2,RELIEF_OR_BULK,MLB,False,BULLPEN_PITCHER,P,https://raw.githubusercontent.com/lancebroz/mlb-pitcher-data/main/data/raw/2026/daily/2026-04-03.parquet,https://statsapi.mlb.com/api/v1.1/game/824786/feed/live,True,8,Bot,58,60
824786-686580,824786,2026-04-03,BOS,SD,H,686580,Justin Slaten,RELIEF_OR_BULK,5.0,11.0,3.0,1.0,0,0,0,0,False,False,9,3,3,0,0,0,0,1,0,https://raw.githubusercontent.com/lancebroz/mlb-pitcher-data/main/data/raw/2026/daily/2026-04-03.parquet,QA_VALIDATED_CANONICAL_V2,RELIEF_OR_BULK,MLB,False,BULLPEN_PITCHER,P,https://raw.githubusercontent.com/lancebroz/mlb-pitcher-data/main/data/raw/2026/daily/2026-04-03.parquet,https://statsapi.mlb.com/api/v1.1/game/824786/feed/live,True,8,Top,55,57
822919-455119,822919,2026-04-03,TEX,CIN,H,455119,Chris Martin,RELIEF_OR_BULK,2.0,19.0,6.0,3.0,0,19,0,6,False,False,23,5,3,2,2,2,0,0,1,https://raw.githubusercontent.com/lancebroz/mlb-pitcher-data/main/data/raw/2026/daily/2026-04-03.parquet,QA_VALIDATED_CANONICAL_V2,RELIEF_OR_BULK,MLB,False,BULLPEN_PITCHER,P,https://raw.githubusercontent.com/lancebroz/mlb-pitcher-data/main/data/raw/2026/daily/2026-04-03.parquet,https://statsapi.mlb.com/api/v1.1/game/822919/feed/live,True,9,Top,66,70
822919-594580,822919,2026-04-03,CIN,TEX,A,594580,Sam Moll,RELIEF_OR_BULK,2.0,15.0,3.0,3.0,0,15,0,3,False,False,12,4,3,0,0,0,1,1,0,https://raw.githubusercontent.com/lancebroz/mlb-pitcher-data/main/data/raw/2026/daily/2026-04-03.parquet,QA_VALIDATED_CANONICAL_V2,RELIEF_OR_BULK,MLB,False,BULLPEN_PITCHER,P,https://raw.githubusercontent.com/lancebroz/mlb-pitcher-data/main/data/raw/2026/daily/2026-04-03.parquet,https://statsapi.mlb.com/api/v1.1/game/822919/feed/live,True,6,Bot,46,49
822919-596001,822919,2026-04-03,TEX,CIN,H,596001,Jakob Junis,RELIEF_OR_BULK,2.0,15.0,4.0,3.0,0,15,0,4,False,False,12,3,3,0,0,0,0,1,0,https://raw.githubusercontent.com/lancebroz/mlb-pitcher-data/main/data/raw/2026/daily/2026-04-03.parquet,QA_VALIDATED_CANONICAL_V2,RELIEF_OR_BULK,MLB,False,BULLPEN_PITCHER,P,https://raw.githubusercontent.com/lancebroz/mlb-pitcher-data/main/data/raw/2026/daily/2026-04-03.parquet,https://statsapi.mlb.com/api/v1.1/game/822919/feed/live,True,8,Top,60,62
822919-641941,822919,2026-04-03,CIN,TEX,A,641941,Emilio Pagán,RELIEF_OR_BULK,1.0,33.0,7.0,3.0,33,33,7,7,False,False,13,3,3,0,0,0,0,1,0,https://raw.githubusercontent.com/lancebroz/mlb-pitcher-data/main/data/raw/2026/daily/2026-04-03.parquet,QA_VALIDATED_CANONICAL_V2,RELIEF_OR_BULK,MLB,False,BULLPEN_PITCHER,P,https://raw.githubusercontent.com/lancebroz/mlb-pitcher-data/main/data/raw/2026/daily/2026-04-03.parquet,https://statsapi.mlb.com/api/v1.1/game/822919/feed/live,True,9,Bot,71,73
822919-663574,822919,2026-04-03,CIN,TEX,A,663574,Tony Santillan,RELIEF_OR_BULK,1.0,11.0,3.0,3.0,11,11,3,3,False,False,10,3,3,0,0,0,0,0,0,https://raw.githubusercontent.com/lancebroz/mlb-pitcher-data/main/data/raw/2026/daily/2026-04-03.parquet,QA_VALIDATED_CANONICAL_V2,RELIEF_OR_BULK,MLB,False,BULLPEN_PITCHER,P,https://raw.githubusercontent.com/lancebroz/mlb-pitcher-data/main/data/raw/2026/daily/2026-04-03.parquet,https://statsapi.mlb.com/api/v1.1/game/822919/feed/live,True,8,Bot,63,65
822919-668390,822919,2026-04-03,TEX,CIN,H,668390,Cole Winn,RELIEF_OR_BULK,2.0,14.0,5.0,4.0,0,14,0,5,False,False,17,5,3,0,0,2,0,1,0,https://raw.githubusercontent.com/lancebroz/mlb-pitcher-data/main/data/raw/2026/daily/2026-04-03.parquet,QA_VALIDATED_CANONICAL_V2,RELIEF_OR_BULK,MLB,False,BULLPEN_PITCHER,P,https://raw.githubusercontent.com/lancebroz/mlb-pitcher-data/main/data/raw/2026/daily/2026-04-03.parquet,https://statsapi.mlb.com/api/v1.1/game/822919/feed/live,True,7,Top,50,54
822919-668933,822919,2026-04-03,CIN,TEX,A,668933,Graham Ashcraft,RELIEF_OR_BULK,1.0,21.0,4.0,3.0,21,21,4,4,False,False,17,5,3,1,1,2,0,2,0,https://raw.githubusercontent.com/lancebroz/mlb-pitcher-data/main/data/raw/2026/daily/2026-04-03.parquet,QA_VALIDATED_CANONICAL_V2,RELIEF_OR_BULK,MLB,False,BULLPEN_PITCHER,P,https://raw.githubusercontent.com/lancebroz/mlb-pitcher-data/main/data/raw/2026/daily/2026-04-03.parquet,https://statsapi.mlb.com/api/v1.1/game/822919/feed/live,True,7,Bot,55,59
823732-607455,823732,2026-04-03,MIN,TB,H,607455,Anthony Banda,RELIEF_OR_BULK,1.0,12.0,4.0,3.0,12,12,4,4,False,False,17,5,3,1,1,1,0,0,0,https://raw.githubusercontent.com/lancebroz/mlb-pitcher-data/main/data/raw/2026/daily/2026-04-03.parquet,QA_VALIDATED_CANONICAL_V2,RELIEF_OR_BULK,MLB,False,BULLPEN_PITCHER,P,https://raw.githubusercontent.com/lancebroz/mlb-pitcher-data/main/data/raw/2026/daily/2026-04-03.parquet,https://statsapi.mlb.com/api/v1.1/game/823732/feed/live,True,8,Top,69,73
823732-623437,823732,2026-04-03,MIN,TB,H,623437,Justin Topa,RELIEF_OR_BULK,0.0,13.0,4.0,3.0,13,13,4,4,True,False,17,4,2,0,0,2,0,2,0,https://raw.githubusercontent.com/lancebroz/mlb-pitcher-data/main/data/raw/2026/daily/2026-04-03.parquet,QA_VALIDATED_CANONICAL_V2,RELIEF_OR_BULK,MLB,False,BULLPEN_PITCHER,P,https://raw.githubusercontent.com/lancebroz/mlb-pitcher-data/main/data/raw/2026/daily/2026-04-03.parquet,https://statsapi.mlb.com/api/v1.1/game/823732/feed/live,True,7,Top,54,57
823732-672782,823732,2026-04-03,TB,MIN,A,672782,Yoendrys Gómez,RELIEF_OR_BULK,2.0,30.0,9.0,6.0,0,30,0,9,False,False,23,6,5,1,1,1,0,1,1,https://raw.githubusercontent.com/lancebroz/mlb-pitcher-data/main/data/raw/2026/daily/2026-04-03.parquet,QA_VALIDATED_CANONICAL_V2,RELIEF_OR_BULK,MLB,False,BULLPEN_PITCHER,P,https://raw.githubusercontent.com/lancebroz/mlb-pitcher-data/main/data/raw/2026/daily/2026-04-03.parquet,https://statsapi.mlb.com/api/v1.1/game/823732/feed/live,True,7,Bot,66,76
823732-679358,823732,2026-04-03,MIN,TB,H,679358,Eric Orze,RELIEF_OR_BULK,5.0,21.0,5.0,4.0,0,0,0,0,False,False,37,8,6,0,0,1,1,0,0,https://raw.githubusercontent.com/lancebroz/mlb-pitcher-data/main/data/raw/2026/daily/2026-04-03.parquet,QA_VALIDATED_CANONICAL_V2,RELIEF_OR_BULK,MLB,False,BULLPEN_PITCHER,P,https://raw.githubusercontent.com/lancebroz/mlb-pitcher-data/main/data/raw/2026/daily/2026-04-03.parquet,https://statsapi.mlb.com/api/v1.1/game/823732/feed/live,True,5,Top,37,47
823732-681892,823732,2026-04-03,MIN,TB,H,681892,Kody Funderburk,RELIEF_OR_BULK,0.0,15.0,3.0,3.0,15,15,3,3,True,False,2,1,1,0,0,0,0,0,0,https://raw.githubusercontent.com/lancebroz/mlb-pitcher-data/main/data/raw/2026/daily/2026-04-03.parquet,QA_VALIDATED_CANONICAL_V2,RELIEF_OR_BULK,MLB,False,BULLPEN_PITCHER,P,https://raw.githubusercontent.com/lancebroz/mlb-pitcher-data/main/data/raw/2026/daily/2026-04-03.parquet,https://statsapi.mlb.com/api/v1.1/game/823732/feed/live,True,7,Top,58,58
823732-685801,823732,2026-04-03,TB,MIN,A,685801,Hunter Bigge,RELIEF_OR_BULK,,,,,0,0,0,0,False,False,16,3,2,0,0,0,1,1,0,https://raw.githubusercontent.com/lancebroz/mlb-pitcher-data/main/data/raw/2026/daily/2026-04-03.parquet,QA_VALIDATED_CANONICAL_V2,,,False,BULLPEN_PITCHER,P,https://raw.githubusercontent.com/lancebroz/mlb-pitcher-data/main/data/raw/2026/daily/2026-04-03.parquet,https://statsapi.mlb.com/api/v1.1/game/823732/feed/live,True,6,Bot,51,53
823732-687330,823732,2026-04-03,TB,MIN,A,687330,Kevin Kelly,RELIEF_OR_BULK,3.0,5.0,1.0,1.0,0,0,0,0,False,False,33,7,1,6,5,2,2,1,0,https://raw.githubusercontent.com/lancebroz/mlb-pitcher-data/main/data/raw/2026/daily/2026-04-03.parquet,QA_VALIDATED_CANONICAL_V2,RELIEF_OR_BULK,MLB,False,BULLPEN_PITCHER,P,https://raw.githubusercontent.com/lancebroz/mlb-pitcher-data/main/data/raw/2026/daily/2026-04-03.parquet,https://statsapi.mlb.com/api/v1.1/game/823732/feed/live,True,7,Bot,59,65
823732-689520,823732,2026-04-03,MIN,TB,H,689520,Cody Laweryson,RELIEF_OR_BULK,1.0,36.0,9.0,4.0,36,36,9,9,False,False,10,3,3,0,0,0,0,1,0,https://raw.githubusercontent.com/lancebroz/mlb-pitcher-data/main/data/raw/2026/daily/2026-04-03.parquet,QA_VALIDATED_CANONICAL_V2,RELIEF_OR_BULK,MLB,False,BULLPEN_PITCHER,P,https://raw.githubusercontent.com/lancebroz/mlb-pitcher-data/main/data/raw/2026/daily/2026-04-03.parquet,https://statsapi.mlb.com/api/v1.1/game/823732/feed/live,True,9,Top,77,79
824377-641835,824377,2026-04-03,PHI,COL,A,641835,Tim Mayza,RELIEF_OR_BULK,3.0,23.0,6.0,6.0,0,0,0,0,False,False,13,3,3,0,0,0,0,2,0,https://raw.githubusercontent.com/lancebroz/mlb-pitcher-data/main/data/raw/2026/daily/2026-04-03.parquet,QA_VALIDATED_CANONICAL_V2,RELIEF_OR_BULK,MLB,False,BULLPEN_PITCHER,P,https://raw.githubusercontent.com/lancebroz/mlb-pitcher-data/main/data/raw/2026/daily/2026-04-03.parquet,https://statsapi.mlb.com/api/v1.1/game/824377/feed/live,True,8,Bot,67,69
824377-647315,824377,2026-04-03,PHI,COL,A,647315,Zach Pop,RELIEF_OR_BULK,1.0,12.0,3.0,3.0,12,12,3,3,False,False,17,4,3,0,0,0,1,3,0,https://raw.githubusercontent.com/lancebroz/mlb-pitcher-data/main/data/raw/2026/daily/2026-04-03.parquet,QA_VALIDATED_CANONICAL_V2,RELIEF_OR_BULK,MLB,False,BULLPEN_PITCHER,P,https://raw.githubusercontent.com/lancebroz/mlb-pitcher-data/main/data/raw/2026/daily/2026-04-03.parquet,https://statsapi.mlb.com/api/v1.1/game/824377/feed/live,True,9,Bot,73,76
824377-678368,824377,2026-04-03,COL,PHI,H,678368,Valente Bellozo,RELIEF_OR_BULK,,,,,0,0,0,0,False,False,77,20,18,1,1,1,1,7,1,https://raw.githubusercontent.com/lancebroz/mlb-pitcher-data/main/data/raw/2026/daily/2026-04-03.parquet,QA_VALIDATED_CANONICAL_V2,,,False,BULLPEN_PITCHER,P,https://raw.githubusercontent.com/lancebroz/mlb-pitcher-data/main/data/raw/2026/daily/2026-04-03.parquet,https://statsapi.mlb.com/api/v1.1/game/824377/feed/live,True,4,Top,34,72
824377-679775,824377,2026-04-03,PHI,COL,A,679775,Kyle Backhus,RELIEF_OR_BULK,4.0,21.0,5.0,3.0,0,0,0,0,False,False,9,2,2,0,0,0,0,1,0,https://raw.githubusercontent.com/lancebroz/mlb-pitcher-data/main/data/raw/2026/daily/2026-04-03.parquet,QA_VALIDATED_CANONICAL_V2,RELIEF_OR_BULK,MLB,False,BULLPEN_PITCHER,P,https://raw.githubusercontent.com/lancebroz/mlb-pitcher-data/main/data/raw/2026/daily/2026-04-03.parquet,https://statsapi.mlb.com/api/v1.1/game/824377/feed/live,True,7,Bot,61,62
824458-542888,824458,2026-04-03,CLE,CHC,H,542888,Shawn Armstrong,RELIEF_OR_BULK,1.0,19.0,4.0,2.0,19,19,4,4,False,False,13,3,3,0,0,0,0,1,0,https://baseballsavant.mlb.com/statcast_search/csv?all=true&type=details&game_pk=824458,QA_VALIDATED_CANONICAL_V2,RELIEF_OR_BULK,MLB,False,BULLPEN_PITCHER,P,https://baseballsavant.mlb.com/statcast_search/csv?all=true&type=details&game_pk=824458,https://statsapi.mlb.com/api/v1.1/game/824458/feed/live,True,8,Top,58,60
824458-571948,824458,2026-04-03,CHC,CLE,A,571948,Hoby Milner,RELIEF_OR_BULK,2.0,3.0,1.0,1.0,0,3,0,1,False,False,10,6,5,0,0,2,0,0,0,https://baseballsavant.mlb.com/statcast_search/csv?all=true&type=details&game_pk=824458,QA_VALIDATED_CANONICAL_V2,RELIEF_OR_BULK,MLB,False,BULLPEN_PITCHER,P,https://baseballsavant.mlb.com/statcast_search/csv?all=true&type=details&game_pk=824458,https://statsapi.mlb.com/api/v1.1/game/824458/feed/live,True,5,Bot,37,47
824458-607067,824458,2026-04-03,CHC,CLE,A,607067,Colin Rea,RELIEF_OR_BULK,3.0,42.0,13.0,9.0,0,0,0,0,False,False,57,14,10,1,1,4,1,4,0,https://baseballsavant.mlb.com/statcast_search/csv?all=true&type=details&game_pk=824458,QA_VALIDATED_CANONICAL_V2,RELIEF_OR_BULK,MLB,False,BULLPEN_PITCHER,P,https://baseballsavant.mlb.com/statcast_search/csv?all=true&type=details&game_pk=824458,https://statsapi.mlb.com/api/v1.1/game/824458/feed/live,True,2,Bot,11,36
824458-640451,824458,2026-04-03,CHC,CLE,A,640451,Hunter Harvey,RELIEF_OR_BULK,1.0,20.0,6.0,4.0,20,20,6,6,False,False,30,5,2,3,3,2,1,0,2,https://baseballsavant.mlb.com/statcast_search/csv?all=true&type=details&game_pk=824458,QA_VALIDATED_CANONICAL_V2,RELIEF_OR_BULK,MLB,False,BULLPEN_PITCHER,P,https://baseballsavant.mlb.com/statcast_search/csv?all=true&type=details&game_pk=824458,https://statsapi.mlb.com/api/v1.1/game/824458/feed/live,True,7,Bot,51,55
824458-641401,824458,2026-04-03,CLE,CHC,H,641401,Connor Brogdon,RELIEF_OR_BULK,5.0,17.0,4.0,3.0,0,0,0,0,False,False,13,3,3,0,0,0,0,0,0,https://baseballsavant.mlb.com/statcast_search/csv?all=true&type=details&game_pk=824458,QA_VALIDATED_CANONICAL_V2,RELIEF_OR_BULK,MLB,False,BULLPEN_PITCHER,P,https://baseballsavant.mlb.com/statcast_search/csv?all=true&type=details&game_pk=824458,https://statsapi.mlb.com/api/v1.1/game/824458/feed/live,True,7,Top,48,50
824458-657097,824458,2026-04-03,CHC,CLE,A,657097,Jacob Webb,RELIEF_OR_BULK,5.0,16.0,4.0,3.0,0,0,0,0,False,False,29,5,4,0,0,1,1,1,0,https://baseballsavant.mlb.com/statcast_search/csv?all=true&type=details&game_pk=824458,QA_VALIDATED_CANONICAL_V2,RELIEF_OR_BULK,MLB,False,BULLPEN_PITCHER,P,https://baseballsavant.mlb.com/statcast_search/csv?all=true&type=details&game_pk=824458,https://statsapi.mlb.com/api/v1.1/game/824458/feed/live,True,7,Bot,56,63
824458-670036,824458,2026-04-03,CLE,CHC,H,670036,Matt Festa,RELIEF_OR_BULK,2.0,29.0,8.0,4.0,0,29,0,8,False,False,4,2,2,0,0,0,0,0,0,https://baseballsavant.mlb.com/statcast_search/csv?all=true&type=details&game_pk=824458,QA_VALIDATED_CANONICAL_V2,RELIEF_OR_BULK,MLB,False,BULLPEN_PITCHER,P,https://baseballsavant.mlb.com/statcast_search/csv?all=true&type=details&game_pk=824458,https://statsapi.mlb.com/api/v1.1/game/824458/feed/live,True,6,Top,42,43
824458-671922,824458,2026-04-03,CLE,CHC,H,671922,Cade Smith,RELIEF_OR_BULK,1.0,19.0,4.0,3.0,19,19,4,4,False,False,22,4,3,0,0,1,0,3,0,https://baseballsavant.mlb.com/statcast_search/csv?all=true&type=details&game_pk=824458,QA_VALIDATED_CANONICAL_V2,RELIEF_OR_BULK,MLB,False,BULLPEN_PITCHER,P,https://baseballsavant.mlb.com/statcast_search/csv?all=true&type=details&game_pk=824458,https://statsapi.mlb.com/api/v1.1/game/824458/feed/live,True,9,Top,64,67
823406-608650,823406,2026-04-03,BAL,PIT,A,608650,Dietrich Enns,RELIEF_OR_BULK,3.0,34.0,7.0,5.0,0,0,0,0,False,False,39,6,3,1,1,0,3,2,0,https://raw.githubusercontent.com/lancebroz/mlb-pitcher-data/main/data/raw/2026/daily/2026-04-03.parquet,QA_VALIDATED_CANONICAL_V2,RELIEF_OR_BULK,MLB,False,BULLPEN_PITCHER,P,https://raw.githubusercontent.com/lancebroz/mlb-pitcher-data/main/data/raw/2026/daily/2026-04-03.parquet,https://statsapi.mlb.com/api/v1.1/game/823406/feed/live,True,5,Bot,42,47
823406-642397,823406,2026-04-03,PIT,BAL,H,642397,Gregory Soto,RELIEF_OR_BULK,1.0,13.0,3.0,3.0,13,30,3,9,False,False,20,4,3,1,1,1,0,3,1,https://raw.githubusercontent.com/lancebroz/mlb-pitcher-data/main/data/raw/2026/daily/2026-04-03.parquet,QA_VALIDATED_CANONICAL_V2,RELIEF_OR_BULK,MLB,False,BULLPEN_PITCHER,P,https://raw.githubusercontent.com/lancebroz/mlb-pitcher-data/main/data/raw/2026/daily/2026-04-03.parquet,https://statsapi.mlb.com/api/v1.1/game/823406/feed/live,True,9,Top,69,72
823406-642701,823406,2026-04-03,PIT,BAL,H,642701,Dennis Santana,RELIEF_OR_BULK,2.0,17.0,3.0,3.0,0,17,0,3,False,False,10,3,3,0,0,0,0,1,0,https://raw.githubusercontent.com/lancebroz/mlb-pitcher-data/main/data/raw/2026/daily/2026-04-03.parquet,QA_VALIDATED_CANONICAL_V2,RELIEF_OR_BULK,MLB,False,BULLPEN_PITCHER,P,https://raw.githubusercontent.com/lancebroz/mlb-pitcher-data/main/data/raw/2026/daily/2026-04-03.parquet,https://statsapi.mlb.com/api/v1.1/game/823406/feed/live,True,8,Top,63,65
823406-669330,823406,2026-04-03,BAL,PIT,A,669330,Tyler Wells,RELIEF_OR_BULK,3.0,26.0,6.0,3.0,0,0,0,0,False,False,23,6,6,0,0,0,0,2,0,https://raw.githubusercontent.com/lancebroz/mlb-pitcher-data/main/data/raw/2026/daily/2026-04-03.parquet,QA_VALIDATED_CANONICAL_V2,RELIEF_OR_BULK,MLB,False,BULLPEN_PITCHER,P,https://raw.githubusercontent.com/lancebroz/mlb-pitcher-data/main/data/raw/2026/daily/2026-04-03.parquet,https://statsapi.mlb.com/api/v1.1/game/823406/feed/live,True,6,Bot,51,62
823406-670329,823406,2026-04-03,BAL,PIT,A,670329,Rico Garcia,RELIEF_OR_BULK,3.0,21.0,6.0,6.0,0,0,0,0,False,False,8,3,3,0,0,0,0,0,0,https://raw.githubusercontent.com/lancebroz/mlb-pitcher-data/main/data/raw/2026/daily/2026-04-03.parquet,QA_VALIDATED_CANONICAL_V2,RELIEF_OR_BULK,MLB,False,BULLPEN_PITCHER,P,https://raw.githubusercontent.com/lancebroz/mlb-pitcher-data/main/data/raw/2026/daily/2026-04-03.parquet,https://statsapi.mlb.com/api/v1.1/game/823406/feed/live,True,8,Bot,66,68
823406-670990,823406,2026-04-03,PIT,BAL,H,670990,Yohan Ramírez,RELIEF_OR_BULK,2.0,10.0,2.0,2.0,0,10,0,2,False,False,19,4,1,1,1,2,1,0,0,https://raw.githubusercontent.com/lancebroz/mlb-pitcher-data/main/data/raw/2026/daily/2026-04-03.parquet,QA_VALIDATED_CANONICAL_V2,RELIEF_OR_BULK,MLB,False,BULLPEN_PITCHER,P,https://raw.githubusercontent.com/lancebroz/mlb-pitcher-data/main/data/raw/2026/daily/2026-04-03.parquet,https://statsapi.mlb.com/api/v1.1/game/823406/feed/live,True,7,Top,54,57
823406-682254,823406,2026-04-03,PIT,BAL,H,682254,Mason Montgomery,RELIEF_OR_BULK,1.0,15.0,4.0,2.0,15,15,4,4,False,False,9,2,2,0,0,0,0,1,0,https://raw.githubusercontent.com/lancebroz/mlb-pitcher-data/main/data/raw/2026/daily/2026-04-03.parquet,QA_VALIDATED_CANONICAL_V2,RELIEF_OR_BULK,MLB,False,BULLPEN_PITCHER,P,https://raw.githubusercontent.com/lancebroz/mlb-pitcher-data/main/data/raw/2026/daily/2026-04-03.parquet,https://statsapi.mlb.com/api/v1.1/game/823406/feed/live,True,7,Top,58,59
824056-519141,824056,2026-04-03,LAA,SEA,H,519141,Drew Pomeranz,RELIEF_OR_BULK,2.0,20.0,5.0,4.0,0,20,0,5,False,False,17,5,3,0,0,1,1,0,0,https://raw.githubusercontent.com/lancebroz/mlb-pitcher-data/main/data/raw/2026/daily/2026-04-03.parquet,QA_VALIDATED_CANONICAL_V2,RELIEF_OR_BULK,MLB,False,BULLPEN_PITCHER,P,https://raw.githubusercontent.com/lancebroz/mlb-pitcher-data/main/data/raw/2026/daily/2026-04-03.parquet,https://statsapi.mlb.com/api/v1.1/game/824056/feed/live,True,8,Top,50,54
824056-605447,824056,2026-04-03,LAA,SEA,H,605447,Jordan Romano,RELIEF_OR_BULK,2.0,12.0,3.0,2.0,0,12,0,3,False,False,16,3,3,0,0,0,0,2,0,https://raw.githubusercontent.com/lancebroz/mlb-pitcher-data/main/data/raw/2026/daily/2026-04-03.parquet,QA_VALIDATED_CANONICAL_V2,RELIEF_OR_BULK,MLB,False,BULLPEN_PITCHER,P,https://raw.githubusercontent.com/lancebroz/mlb-pitcher-data/main/data/raw/2026/daily/2026-04-03.parquet,https://statsapi.mlb.com/api/v1.1/game/824056/feed/live,True,9,Top,58,60
824056-608718,824056,2026-04-03,LAA,SEA,H,608718,Brent Suter,RELIEF_OR_BULK,1.0,44.0,9.0,6.0,44,44,9,9,False,False,26,7,3,3,2,3,1,0,0,https://raw.githubusercontent.com/lancebroz/mlb-pitcher-data/main/data/raw/2026/daily/2026-04-03.parquet,QA_VALIDATED_CANONICAL_V2,RELIEF_OR_BULK,MLB,False,BULLPEN_PITCHER,P,https://raw.githubusercontent.com/lancebroz/mlb-pitcher-data/main/data/raw/2026/daily/2026-04-03.parquet,https://statsapi.mlb.com/api/v1.1/game/824056/feed/live,True,10,Top,64,70
824056-642100,824056,2026-04-03,SEA,LAA,A,642100,Gabe Speier,RELIEF_OR_BULK,3.0,16.0,4.0,3.0,0,0,0,0,False,False,12,3,3,1,0,0,0,1,0,https://raw.githubusercontent.com/lancebroz/mlb-pitcher-data/main/data/raw/2026/daily/2026-04-03.parquet,QA_VALIDATED_CANONICAL_V2,RELIEF_OR_BULK,MLB,False,BULLPEN_PITCHER,P,https://raw.githubusercontent.com/lancebroz/mlb-pitcher-data/main/data/raw/2026/daily/2026-04-03.parquet,https://statsapi.mlb.com/api/v1.1/game/824056/feed/live,True,10,Bot,71,73
824056-662253,824056,2026-04-03,SEA,LAA,A,662253,Andrés Muñoz,RELIEF_OR_BULK,5.0,20.0,5.0,3.0,0,0,0,0,False,False,16,3,3,0,0,0,0,3,0,https://raw.githubusercontent.com/lancebroz/mlb-pitcher-data/main/data/raw/2026/daily/2026-04-03.parquet,QA_VALIDATED_CANONICAL_V2,RELIEF_OR_BULK,MLB,False,BULLPEN_PITCHER,P,https://raw.githubusercontent.com/lancebroz/mlb-pitcher-data/main/data/raw/2026/daily/2026-04-03.parquet,https://statsapi.mlb.com/api/v1.1/game/824056/feed/live,True,9,Bot,61,63
824056-666374,824056,2026-04-03,SEA,LAA,A,666374,Matt Brash,RELIEF_OR_BULK,3.0,17.0,4.0,3.0,0,0,0,0,False,False,12,3,3,0,0,0,0,2,0,https://raw.githubusercontent.com/lancebroz/mlb-pitcher-data/main/data/raw/2026/daily/2026-04-03.parquet,QA_VALIDATED_CANONICAL_V2,RELIEF_OR_BULK,MLB,False,BULLPEN_PITCHER,P,https://raw.githubusercontent.com/lancebroz/mlb-pitcher-data/main/data/raw/2026/daily/2026-04-03.parquet,https://statsapi.mlb.com/api/v1.1/game/824056/feed/live,True,8,Bot,55,57
824056-681217,824056,2026-04-03,LAA,SEA,H,681217,Chase Silseth,RELIEF_OR_BULK,2.0,14.0,5.0,3.0,0,14,0,5,False,False,5,1,1,0,0,0,0,1,0,https://raw.githubusercontent.com/lancebroz/mlb-pitcher-data/main/data/raw/2026/daily/2026-04-03.parquet,QA_VALIDATED_CANONICAL_V2,RELIEF_OR_BULK,MLB,False,BULLPEN_PITCHER,P,https://raw.githubusercontent.com/lancebroz/mlb-pitcher-data/main/data/raw/2026/daily/2026-04-03.parquet,https://statsapi.mlb.com/api/v1.1/game/824056/feed/live,True,7,Top,46,46
825026-547184,825026,2026-04-03,ATH,HOU,H,547184,Michael Kelly,RELIEF_OR_BULK,3.0,15.0,4.0,3.0,0,0,0,0,False,False,32,7,3,1,1,1,3,2,0,https://raw.githubusercontent.com/lancebroz/mlb-pitcher-data/main/data/raw/2026/daily/2026-04-03.parquet,QA_VALIDATED_CANONICAL_V2,RELIEF_OR_BULK,MLB,False,BULLPEN_PITCHER,P,https://raw.githubusercontent.com/lancebroz/mlb-pitcher-data/main/data/raw/2026/daily/2026-04-03.parquet,https://statsapi.mlb.com/api/v1.1/game/825026/feed/live,True,7,Top,56,62
825026-669372,825026,2026-04-03,ATH,HOU,H,669372,J.T. Ginn,RELIEF_OR_BULK,4.0,45.0,12.0,11.0,0,0,0,0,False,False,32,10,6,2,2,3,1,1,0,https://raw.githubusercontent.com/lancebroz/mlb-pitcher-data/main/data/raw/2026/daily/2026-04-03.parquet,QA_VALIDATED_CANONICAL_V2,RELIEF_OR_BULK,MLB,False,BULLPEN_PITCHER,P,https://raw.githubusercontent.com/lancebroz/mlb-pitcher-data/main/data/raw/2026/daily/2026-04-03.parquet,https://statsapi.mlb.com/api/v1.1/game/825026/feed/live,True,8,Top,66,79
825026-680802,825026,2026-04-03,HOU,ATH,A,680802,Ryan Weiss,RELIEF_OR_BULK,3.0,33.0,7.0,6.0,0,0,0,0,False,False,38,11,9,0,0,3,0,2,0,https://raw.githubusercontent.com/lancebroz/mlb-pitcher-data/main/data/raw/2026/daily/2026-04-03.parquet,QA_VALIDATED_CANONICAL_V2,RELIEF_OR_BULK,MLB,False,BULLPEN_PITCHER,P,https://raw.githubusercontent.com/lancebroz/mlb-pitcher-data/main/data/raw/2026/daily/2026-04-03.parquet,https://statsapi.mlb.com/api/v1.1/game/825026/feed/live,True,6,Bot,52,72
825026-682610,825026,2026-04-03,HOU,ATH,A,682610,Roddery Muñoz,RELIEF_OR_BULK,4.0,47.0,10.0,6.0,0,0,0,0,False,False,39,10,4,5,5,4,2,2,2,https://raw.githubusercontent.com/lancebroz/mlb-pitcher-data/main/data/raw/2026/daily/2026-04-03.parquet,QA_VALIDATED_CANONICAL_V2,RELIEF_OR_BULK,MLB,False,BULLPEN_PITCHER,P,https://raw.githubusercontent.com/lancebroz/mlb-pitcher-data/main/data/raw/2026/daily/2026-04-03.parquet,https://statsapi.mlb.com/api/v1.1/game/825026/feed/live,True,4,Bot,36,48
825103-623149,825103,2026-04-03,AZ,ATL,H,623149,Paul Sewald,RELIEF_OR_BULK,2.0,13.0,3.0,3.0,0,13,0,3,False,False,16,4,2,2,2,2,0,1,2,https://raw.githubusercontent.com/lancebroz/mlb-pitcher-data/main/data/raw/2026/daily/2026-04-03.parquet,QA_VALIDATED_CANONICAL_V2,RELIEF_OR_BULK,MLB,False,BULLPEN_PITCHER,P,https://raw.githubusercontent.com/lancebroz/mlb-pitcher-data/main/data/raw/2026/daily/2026-04-03.parquet,https://statsapi.mlb.com/api/v1.1/game/825103/feed/live,True,9,Top,57,60
825103-628452,825103,2026-04-03,ATL,AZ,A,628452,Raisel Iglesias,RELIEF_OR_BULK,1.0,17.0,4.0,3.0,17,17,4,4,False,False,16,3,3,0,0,0,0,0,0,https://raw.githubusercontent.com/lancebroz/mlb-pitcher-data/main/data/raw/2026/daily/2026-04-03.parquet,QA_VALIDATED_CANONICAL_V2,RELIEF_OR_BULK,MLB,False,BULLPEN_PITCHER,P,https://raw.githubusercontent.com/lancebroz/mlb-pitcher-data/main/data/raw/2026/daily/2026-04-03.parquet,https://statsapi.mlb.com/api/v1.1/game/825103/feed/live,True,9,Bot,62,64
825103-657044,825103,2026-04-03,AZ,ATL,H,657044,Ryan Thompson,RELIEF_OR_BULK,3.0,13.0,3.0,0.0,0,0,0,0,False,False,2,1,1,0,0,0,0,0,0,https://raw.githubusercontent.com/lancebroz/mlb-pitcher-data/main/data/raw/2026/daily/2026-04-03.parquet,QA_VALIDATED_CANONICAL_V2,RELIEF_OR_BULK,MLB,False,BULLPEN_PITCHER,P,https://raw.githubusercontent.com/lancebroz/mlb-pitcher-data/main/data/raw/2026/daily/2026-04-03.parquet,https://statsapi.mlb.com/api/v1.1/game/825103/feed/live,True,9,Top,61,61
825103-663158,825103,2026-04-03,ATL,AZ,A,663158,Robert Suarez,RELIEF_OR_BULK,1.0,6.0,3.0,3.0,6,6,3,3,False,False,8,3,3,0,0,0,0,0,0,https://raw.githubusercontent.com/lancebroz/mlb-pitcher-data/main/data/raw/2026/daily/2026-04-03.parquet,QA_VALIDATED_CANONICAL_V2,RELIEF_OR_BULK,MLB,False,BULLPEN_PITCHER,P,https://raw.githubusercontent.com/lancebroz/mlb-pitcher-data/main/data/raw/2026/daily/2026-04-03.parquet,https://statsapi.mlb.com/api/v1.1/game/825103/feed/live,True,8,Bot,54,56
825103-666661,825103,2026-04-03,AZ,ATL,H,666661,Juan Morillo,RELIEF_OR_BULK,1.0,11.0,3.0,3.0,11,11,3,3,False,False,6,3,3,0,0,0,0,1,0,https://raw.githubusercontent.com/lancebroz/mlb-pitcher-data/main/data/raw/2026/daily/2026-04-03.parquet,QA_VALIDATED_CANONICAL_V2,RELIEF_OR_BULK,MLB,False,BULLPEN_PITCHER,P,https://raw.githubusercontent.com/lancebroz/mlb-pitcher-data/main/data/raw/2026/daily/2026-04-03.parquet,https://statsapi.mlb.com/api/v1.1/game/825103/feed/live,True,8,Top,51,53
825103-669276,825103,2026-04-03,ATL,AZ,A,669276,Dylan Lee,RELIEF_OR_BULK,1.0,15.0,4.0,3.0,15,15,4,4,False,False,11,4,3,0,0,1,0,1,0,https://raw.githubusercontent.com/lancebroz/mlb-pitcher-data/main/data/raw/2026/daily/2026-04-03.parquet,QA_VALIDATED_CANONICAL_V2,RELIEF_OR_BULK,MLB,False,BULLPEN_PITCHER,P,https://raw.githubusercontent.com/lancebroz/mlb-pitcher-data/main/data/raw/2026/daily/2026-04-03.parquet,https://statsapi.mlb.com/api/v1.1/game/825103/feed/live,True,7,Bot,47,50
823240-472610,823240,2026-04-03,NYM,SF,A,472610,Luis García,RELIEF_OR_BULK,5.0,19.0,6.0,3.0,0,0,0,0,False,False,14,4,3,0,0,1,0,1,0,https://raw.githubusercontent.com/lancebroz/mlb-pitcher-data/main/data/raw/2026/daily/2026-04-03.parquet,QA_VALIDATED_CANONICAL_V2,RELIEF_OR_BULK,MLB,False,BULLPEN_PITCHER,P,https://raw.githubusercontent.com/lancebroz/mlb-pitcher-data/main/data/raw/2026/daily/2026-04-03.parquet,https://statsapi.mlb.com/api/v1.1/game/823240/feed/live,True,9,Bot,76,79
823240-548384,823240,2026-04-03,NYM,SF,A,548384,Brooks Raley,RELIEF_OR_BULK,1.0,12.0,3.0,3.0,12,12,3,3,False,False,16,2,2,0,0,0,0,1,0,https://raw.githubusercontent.com/lancebroz/mlb-pitcher-data/main/data/raw/2026/daily/2026-04-03.parquet,QA_VALIDATED_CANONICAL_V2,RELIEF_OR_BULK,MLB,False,BULLPEN_PITCHER,P,https://raw.githubusercontent.com/lancebroz/mlb-pitcher-data/main/data/raw/2026/daily/2026-04-03.parquet,https://statsapi.mlb.com/api/v1.1/game/823240/feed/live,True,6,Bot,45,46
823240-623211,823240,2026-04-03,NYM,SF,A,623211,Huascar Brazobán,RELIEF_OR_BULK,1.0,13.0,3.0,2.0,13,13,3,3,False,False,24,4,3,0,0,1,0,1,0,https://raw.githubusercontent.com/lancebroz/mlb-pitcher-data/main/data/raw/2026/daily/2026-04-03.parquet,QA_VALIDATED_CANONICAL_V2,RELIEF_OR_BULK,MLB,False,BULLPEN_PITCHER,P,https://raw.githubusercontent.com/lancebroz/mlb-pitcher-data/main/data/raw/2026/daily/2026-04-03.parquet,https://statsapi.mlb.com/api/v1.1/game/823240/feed/live,True,7,Bot,55,58
823240-657424,823240,2026-04-03,SF,NYM,H,657424,Matt Gage,RELIEF_OR_BULK,3.0,15.0,3.0,3.0,0,0,0,0,False,False,37,8,5,0,0,2,1,2,0,https://raw.githubusercontent.com/lancebroz/mlb-pitcher-data/main/data/raw/2026/daily/2026-04-03.parquet,QA_VALIDATED_CANONICAL_V2,RELIEF_OR_BULK,MLB,False,BULLPEN_PITCHER,P,https://raw.githubusercontent.com/lancebroz/mlb-pitcher-data/main/data/raw/2026/daily/2026-04-03.parquet,https://statsapi.mlb.com/api/v1.1/game/823240/feed/live,True,7,Top,52,63
823240-663992,823240,2026-04-03,NYM,SF,A,663992,Richard Lovelady,RELIEF_OR_BULK,2.0,29.0,9.0,6.0,0,29,0,9,False,False,28,6,3,1,1,2,1,1,0,https://raw.githubusercontent.com/lancebroz/mlb-pitcher-data/main/data/raw/2026/daily/2026-04-03.parquet,QA_VALIDATED_CANONICAL_V2,RELIEF_OR_BULK,MLB,False,BULLPEN_PITCHER,P,https://raw.githubusercontent.com/lancebroz/mlb-pitcher-data/main/data/raw/2026/daily/2026-04-03.parquet,https://statsapi.mlb.com/api/v1.1/game/823240/feed/live,True,8,Bot,64,69
823240-664141,823240,2026-04-03,SF,NYM,H,664141,JT Brubaker,RELIEF_OR_BULK,2.0,28.0,7.0,6.0,0,28,0,7,False,False,38,8,4,3,3,3,2,2,1,https://raw.githubusercontent.com/lancebroz/mlb-pitcher-data/main/data/raw/2026/daily/2026-04-03.parquet,QA_VALIDATED_CANONICAL_V2,RELIEF_OR_BULK,MLB,False,BULLPEN_PITCHER,P,https://raw.githubusercontent.com/lancebroz/mlb-pitcher-data/main/data/raw/2026/daily/2026-04-03.parquet,https://statsapi.mlb.com/api/v1.1/game/823240/feed/live,True,6,Top,38,51
823240-668873,823240,2026-04-03,SF,NYM,H,668873,Caleb Kilian,RELIEF_OR_BULK,1.0,15.0,5.0,5.0,15,15,5,5,False,False,5,1,1,0,0,0,0,1,0,https://raw.githubusercontent.com/lancebroz/mlb-pitcher-data/main/data/raw/2026/daily/2026-04-03.parquet,QA_VALIDATED_CANONICAL_V2,RELIEF_OR_BULK,MLB,False,BULLPEN_PITCHER,P,https://raw.githubusercontent.com/lancebroz/mlb-pitcher-data/main/data/raw/2026/daily/2026-04-03.parquet,https://statsapi.mlb.com/api/v1.1/game/823240/feed/live,True,9,Top,75,75
823240-669062,823240,2026-04-03,SF,NYM,H,669062,Erik Miller,RELIEF_OR_BULK,5.0,20.0,4.0,2.0,0,0,0,0,False,False,26,5,2,2,2,2,1,1,0,https://raw.githubusercontent.com/lancebroz/mlb-pitcher-data/main/data/raw/2026/daily/2026-04-03.parquet,QA_VALIDATED_CANONICAL_V2,RELIEF_OR_BULK,MLB,False,BULLPEN_PITCHER,P,https://raw.githubusercontent.com/lancebroz/mlb-pitcher-data/main/data/raw/2026/daily/2026-04-03.parquet,https://statsapi.mlb.com/api/v1.1/game/823240/feed/live,True,9,Top,70,74
824295-445276,824295,2026-04-04,DET,STL,H,445276,Kenley Jansen,RELIEF_OR_BULK,3.0,8.0,2.0,1.0,0,0,0,0,False,False,8,2,1,0,0,0,1,1,0,https://raw.githubusercontent.com/lancebroz/mlb-pitcher-data/main/data/raw/2026/daily/2026-04-04.parquet,QA_VALIDATED_CANONICAL_V2,RELIEF_OR_BULK,MLB,False,BULLPEN_PITCHER,P,https://raw.githubusercontent.com/lancebroz/mlb-pitcher-data/main/data/raw/2026/daily/2026-04-04.parquet,https://statsapi.mlb.com/api/v1.1/game/824295/feed/live,True,9,Top,79,80
824295-623454,824295,2026-04-04,DET,STL,H,623454,Drew Anderson,RELIEF_OR_BULK,3.0,16.0,5.0,3.0,0,0,0,0,False,False,17,5,3,1,1,1,0,1,1,https://raw.githubusercontent.com/lancebroz/mlb-pitcher-data/main/data/raw/2026/daily/2026-04-04.parquet,QA_VALIDATED_CANONICAL_V2,RELIEF_OR_BULK,MLB,False,BULLPEN_PITCHER,P,https://raw.githubusercontent.com/lancebroz/mlb-pitcher-data/main/data/raw/2026/daily/2026-04-04.parquet,https://statsapi.mlb.com/api/v1.1/game/824295/feed/live,True,5,Top,43,47
824295-663947,824295,2026-04-04,DET,STL,H,663947,Tyler Holton,RELIEF_OR_BULK,0.0,7.0,3.0,3.0,7,7,3,3,True,False,19,4,3,0,0,1,0,0,0,https://raw.githubusercontent.com/lancebroz/mlb-pitcher-data/main/data/raw/2026/daily/2026-04-04.parquet,QA_VALIDATED_CANONICAL_V2,RELIEF_OR_BULK,MLB,False,BULLPEN_PITCHER,P,https://raw.githubusercontent.com/lancebroz/mlb-pitcher-data/main/data/raw/2026/daily/2026-04-04.parquet,https://statsapi.mlb.com/api/v1.1/game/824295/feed/live,True,8,Top,68,71
824295-676428,824295,2026-04-04,DET,STL,H,676428,Brant Hurter,RELIEF_OR_BULK,4.0,26.0,8.0,6.0,0,0,0,0,False,False,13,3,3,0,0,0,1,0,0,https://raw.githubusercontent.com/lancebroz/mlb-pitcher-data/main/data/raw/2026/daily/2026-04-04.parquet,QA_VALIDATED_CANONICAL_V2,RELIEF_OR_BULK,MLB,False,BULLPEN_PITCHER,P,https://raw.githubusercontent.com/lancebroz/mlb-pitcher-data/main/data/raw/2026/daily/2026-04-04.parquet,https://statsapi.mlb.com/api/v1.1/game/824295/feed/live,True,6,Top,54,56
824295-676684,824295,2026-04-04,DET,STL,H,676684,Will Vest,RELIEF_OR_BULK,0.0,17.0,4.0,3.0,17,17,4,4,True,False,19,4,3,0,0,1,0,1,0,https://raw.githubusercontent.com/lancebroz/mlb-pitcher-data/main/data/raw/2026/daily/2026-04-04.parquet,QA_VALIDATED_CANONICAL_V2,RELIEF_OR_BULK,MLB,False,BULLPEN_PITCHER,P,https://raw.githubusercontent.com/lancebroz/mlb-pitcher-data/main/data/raw/2026/daily/2026-04-04.parquet,https://statsapi.mlb.com/api/v1.1/game/824295/feed/live,True,7,Top,60,63
824295-677865,824295,2026-04-04,STL,DET,A,677865,Justin Bruihl,RELIEF_OR_BULK,0.0,15.0,4.0,2.0,15,27,4,8,True,False,27,5,4,1,1,0,1,1,0,https://raw.githubusercontent.com/lancebroz/mlb-pitcher-data/main/data/raw/2026/daily/2026-04-04.parquet,QA_VALIDATED_CANONICAL_V2,RELIEF_OR_BULK,MLB,False,BULLPEN_PITCHER,P,https://raw.githubusercontent.com/lancebroz/mlb-pitcher-data/main/data/raw/2026/daily/2026-04-04.parquet,https://statsapi.mlb.com/api/v1.1/game/824295/feed/live,True,4,Bot,37,50
824295-688297,824295,2026-04-04,STL,DET,A,688297,Chris Roycroft,RELIEF_OR_BULK,0.0,11.0,3.0,3.0,11,22,3,6,True,False,33,7,3,2,2,2,2,2,1,https://raw.githubusercontent.com/lancebroz/mlb-pitcher-data/main/data/raw/2026/daily/2026-04-04.parquet,QA_VALIDATED_CANONICAL_V2,RELIEF_OR_BULK,MLB,False,BULLPEN_PITCHER,P,https://raw.githubusercontent.com/lancebroz/mlb-pitcher-data/main/data/raw/2026/daily/2026-04-04.parquet,https://statsapi.mlb.com/api/v1.1/game/824295/feed/live,True,8,Bot,72,78
824295-694335,824295,2026-04-04,STL,DET,A,694335,Matt Svanson,RELIEF_OR_BULK,4.0,36.0,10.0,6.0,0,0,0,0,False,False,30,10,7,1,1,3,1,1,1,https://raw.githubusercontent.com/lancebroz/mlb-pitcher-data/main/data/raw/2026/daily/2026-04-04.parquet,QA_VALIDATED_CANONICAL_V2,RELIEF_OR_BULK,MLB,False,BULLPEN_PITCHER,P,https://raw.githubusercontent.com/lancebroz/mlb-pitcher-data/main/data/raw/2026/daily/2026-04-04.parquet,https://statsapi.mlb.com/api/v1.1/game/824295/feed/live,True,5,Bot,51,67
824132-656638,824132,2026-04-04,KC,MIL,H,656638,Alex Lange,RELIEF_OR_BULK,2.0,34.0,6.0,1.0,0,34,0,6,False,False,38,8,6,0,0,1,1,4,0,https://raw.githubusercontent.com/lancebroz/mlb-pitcher-data/main/data/raw/2026/daily/2026-04-04.parquet,QA_VALIDATED_CANONICAL_V2,RELIEF_OR_BULK,MLB,False,BULLPEN_PITCHER,P,https://raw.githubusercontent.com/lancebroz/mlb-pitcher-data/main/data/raw/2026/daily/2026-04-04.parquet,https://statsapi.mlb.com/api/v1.1/game/824132/feed/live,True,6,Top,48,60
824132-656730,824132,2026-04-04,MIL,KC,A,656730,Trevor Megill,RELIEF_OR_BULK,4.0,20.0,5.0,3.0,0,0,0,0,False,False,22,5,3,0,0,0,2,2,0,https://raw.githubusercontent.com/lancebroz/mlb-pitcher-data/main/data/raw/2026/daily/2026-04-04.parquet,QA_VALIDATED_CANONICAL_V2,RELIEF_OR_BULK,MLB,False,BULLPEN_PITCHER,P,https://raw.githubusercontent.com/lancebroz/mlb-pitcher-data/main/data/raw/2026/daily/2026-04-04.parquet,https://statsapi.mlb.com/api/v1.1/game/824132/feed/live,True,9,Bot,77,81
824132-663738,824132,2026-04-04,KC,MIL,H,663738,Daniel Lynch IV,RELIEF_OR_BULK,2.0,37.0,8.0,3.0,0,37,0,8,False,False,27,7,6,0,0,1,0,3,0,https://raw.githubusercontent.com/lancebroz/mlb-pitcher-data/main/data/raw/2026/daily/2026-04-04.parquet,QA_VALIDATED_CANONICAL_V2,RELIEF_OR_BULK,MLB,False,BULLPEN_PITCHER,P,https://raw.githubusercontent.com/lancebroz/mlb-pitcher-data/main/data/raw/2026/daily/2026-04-04.parquet,https://statsapi.mlb.com/api/v1.1/game/824132/feed/live,True,4,Top,33,44
824132-670167,824132,2026-04-04,KC,MIL,H,670167,John Schreiber,RELIEF_OR_BULK,1.0,27.0,6.0,3.0,27,27,6,6,False,False,19,4,3,0,0,0,2,0,0,https://raw.githubusercontent.com/lancebroz/mlb-pitcher-data/main/data/raw/2026/daily/2026-04-04.parquet,QA_VALIDATED_CANONICAL_V2,RELIEF_OR_BULK,MLB,False,BULLPEN_PITCHER,P,https://raw.githubusercontent.com/lancebroz/mlb-pitcher-data/main/data/raw/2026/daily/2026-04-04.parquet,https://statsapi.mlb.com/api/v1.1/game/824132/feed/live,True,8,Top,67,70
824132-674444,824132,2026-04-04,KC,MIL,H,674444,Steven Cruz,RELIEF_OR_BULK,1.0,27.0,6.0,3.0,27,34,6,8,False,False,18,3,3,0,0,0,0,1,0,https://raw.githubusercontent.com/lancebroz/mlb-pitcher-data/main/data/raw/2026/daily/2026-04-04.parquet,QA_VALIDATED_CANONICAL_V2,RELIEF_OR_BULK,MLB,False,BULLPEN_PITCHER,P,https://raw.githubusercontent.com/lancebroz/mlb-pitcher-data/main/data/raw/2026/daily/2026-04-04.parquet,https://statsapi.mlb.com/api/v1.1/game/824132/feed/live,True,9,Top,74,76
824132-676879,824132,2026-04-04,MIL,KC,A,676879,Aaron Ashby,RELIEF_OR_BULK,2.0,9.0,3.0,3.0,0,9,0,3,False,False,41,10,5,2,2,4,1,3,0,https://raw.githubusercontent.com/lancebroz/mlb-pitcher-data/main/data/raw/2026/daily/2026-04-04.parquet,QA_VALIDATED_CANONICAL_V2,RELIEF_OR_BULK,MLB,False,BULLPEN_PITCHER,P,https://raw.githubusercontent.com/lancebroz/mlb-pitcher-data/main/data/raw/2026/daily/2026-04-04.parquet,https://statsapi.mlb.com/api/v1.1/game/824132/feed/live,True,6,Bot,53,65
824132-682842,824132,2026-04-04,MIL,KC,A,682842,Abner Uribe,RELIEF_OR_BULK,3.0,22.0,5.0,3.0,0,0,0,0,False,False,14,4,4,0,0,0,0,1,0,https://raw.githubusercontent.com/lancebroz/mlb-pitcher-data/main/data/raw/2026/daily/2026-04-04.parquet,QA_VALIDATED_CANONICAL_V2,RELIEF_OR_BULK,MLB,False,BULLPEN_PITCHER,P,https://raw.githubusercontent.com/lancebroz/mlb-pitcher-data/main/data/raw/2026/daily/2026-04-04.parquet,https://statsapi.mlb.com/api/v1.1/game/824132/feed/live,True,7,Bot,66,73
824622-622554,824622,2026-04-04,CWS,TOR,H,622554,Seranthony Domínguez,RELIEF_OR_BULK,0.0,22.0,5.0,4.0,22,22,5,5,True,False,24,5,3,0,0,1,1,1,0,https://raw.githubusercontent.com/lancebroz/mlb-pitcher-data/main/data/raw/2026/daily/2026-04-04.parquet,QA_VALIDATED_CANONICAL_V2,RELIEF_OR_BULK,MLB,False,BULLPEN_PITCHER,P,https://raw.githubusercontent.com/lancebroz/mlb-pitcher-data/main/data/raw/2026/daily/2026-04-04.parquet,https://statsapi.mlb.com/api/v1.1/game/824622/feed/live,True,9,Top,67,71
824622-641743,824622,2026-04-04,CWS,TOR,H,641743,Anthony Kay,RELIEF_OR_BULK,5.0,92.0,21.0,14.0,0,0,0,0,False,False,76,19,13,2,2,3,2,0,1,https://raw.githubusercontent.com/lancebroz/mlb-pitcher-data/main/data/raw/2026/daily/2026-04-04.parquet,QA_VALIDATED_CANONICAL_V2,STARTER,MLB,False,BULLPEN_PITCHER,P,https://raw.githubusercontent.com/lancebroz/mlb-pitcher-data/main/data/raw/2026/daily/2026-04-04.parquet,https://statsapi.mlb.com/api/v1.1/game/824622/feed/live,True,2,Top,9,41
824622-656794,824622,2026-04-04,CWS,TOR,H,656794,Sean Newcomb,RELIEF_OR_BULK,0.0,8.0,3.0,2.0,8,8,3,3,True,False,16,2,1,0,0,0,1,0,0,https://raw.githubusercontent.com/lancebroz/mlb-pitcher-data/main/data/raw/2026/daily/2026-04-04.parquet,QA_VALIDATED_CANONICAL_V2,RELIEF_OR_BULK,MLB,False,BULLPEN_PITCHER,P,https://raw.githubusercontent.com/lancebroz/mlb-pitcher-data/main/data/raw/2026/daily/2026-04-04.parquet,https://statsapi.mlb.com/api/v1.1/game/824622/feed/live,True,8,Top,60,61
824622-663855,824622,2026-04-04,CWS,TOR,H,663855,Jordan Hicks,RELIEF_OR_BULK,4.0,13.0,5.0,4.0,0,0,0,0,False,False,19,4,4,0,0,0,1,0,0,https://raw.githubusercontent.com/lancebroz/mlb-pitcher-data/main/data/raw/2026/daily/2026-04-04.parquet,QA_VALIDATED_CANONICAL_V2,RELIEF_OR_BULK,MLB,False,BULLPEN_PITCHER,P,https://raw.githubusercontent.com/lancebroz/mlb-pitcher-data/main/data/raw/2026/daily/2026-04-04.parquet,https://statsapi.mlb.com/api/v1.1/game/824622/feed/live,True,7,Top,53,59
824622-663893,824622,2026-04-04,TOR,CWS,A,663893,Brendon Little,RELIEF_OR_BULK,0.0,17.0,3.0,3.0,17,27,3,8,True,False,13,4,1,3,3,3,0,1,2,https://raw.githubusercontent.com/lancebroz/mlb-pitcher-data/main/data/raw/2026/daily/2026-04-04.parquet,QA_VALIDATED_CANONICAL_V2,RELIEF_OR_BULK,MLB,False,BULLPEN_PITCHER,P,https://raw.githubusercontent.com/lancebroz/mlb-pitcher-data/main/data/raw/2026/daily/2026-04-04.parquet,https://statsapi.mlb.com/api/v1.1/game/824622/feed/live,True,6,Bot,44,47
824622-667297,824622,2026-04-04,TOR,CWS,A,667297,Tommy Nance,RELIEF_OR_BULK,2.0,16.0,4.0,1.0,0,16,0,4,False,False,20,5,5,0,0,0,0,1,0,https://raw.githubusercontent.com/lancebroz/mlb-pitcher-data/main/data/raw/2026/daily/2026-04-04.parquet,QA_VALIDATED_CANONICAL_V2,RELIEF_OR_BULK,MLB,False,BULLPEN_PITCHER,P,https://raw.githubusercontent.com/lancebroz/mlb-pitcher-data/main/data/raw/2026/daily/2026-04-04.parquet,https://statsapi.mlb.com/api/v1.1/game/824622/feed/live,True,6,Bot,48,57
824622-669684,824622,2026-04-04,CWS,TOR,H,669684,Chris Murphy,RELIEF_OR_BULK,2.0,39.0,10.0,6.0,0,39,0,10,False,False,10,5,3,1,1,2,0,0,0,https://raw.githubusercontent.com/lancebroz/mlb-pitcher-data/main/data/raw/2026/daily/2026-04-04.parquet,QA_VALIDATED_CANONICAL_V2,RELIEF_OR_BULK,MLB,False,BULLPEN_PITCHER,P,https://raw.githubusercontent.com/lancebroz/mlb-pitcher-data/main/data/raw/2026/daily/2026-04-04.parquet,https://statsapi.mlb.com/api/v1.1/game/824622/feed/live,True,6,Top,42,52
824622-680755,824622,2026-04-04,TOR,CWS,A,680755,Braydon Fisher,RELIEF_OR_BULK,0.0,21.0,6.0,5.0,21,21,6,6,True,False,25,5,3,2,0,2,1,1,0,https://raw.githubusercontent.com/lancebroz/mlb-pitcher-data/main/data/raw/2026/daily/2026-04-04.parquet,QA_VALIDATED_CANONICAL_V2,RELIEF_OR_BULK,MLB,False,BULLPEN_PITCHER,P,https://raw.githubusercontent.com/lancebroz/mlb-pitcher-data/main/data/raw/2026/daily/2026-04-04.parquet,https://statsapi.mlb.com/api/v1.1/game/824622/feed/live,True,8,Bot,62,66
824622-681751,824622,2026-04-04,TOR,CWS,A,681751,Lazaro Estrada,RELIEF_OR_BULK,,,,,0,0,0,0,False,False,66,14,12,0,0,0,2,3,0,https://raw.githubusercontent.com/lancebroz/mlb-pitcher-data/main/data/raw/2026/daily/2026-04-04.parquet,QA_VALIDATED_CANONICAL_V2,,,False,BULLPEN_PITCHER,P,https://raw.githubusercontent.com/lancebroz/mlb-pitcher-data/main/data/raw/2026/daily/2026-04-04.parquet,https://statsapi.mlb.com/api/v1.1/game/824622/feed/live,True,2,Bot,13,38
822757-656945,822757,2026-04-04,LAD,WSH,A,656945,Tanner Scott,RELIEF_OR_BULK,2.0,9.0,2.0,1.0,0,9,0,2,False,False,14,4,3,0,0,1,0,1,0,https://raw.githubusercontent.com/lancebroz/mlb-pitcher-data/main/data/raw/2026/daily/2026-04-04.parquet,QA_VALIDATED_CANONICAL_V2,RELIEF_OR_BULK,MLB,False,BULLPEN_PITCHER,P,https://raw.githubusercontent.com/lancebroz/mlb-pitcher-data/main/data/raw/2026/daily/2026-04-04.parquet,https://statsapi.mlb.com/api/v1.1/game/822757/feed/live,True,7,Bot,63,66
822757-669371,822757,2026-04-04,WSH,LAD,H,669371,Cole Henry,RELIEF_OR_BULK,2.0,15.0,5.0,1.0,0,15,0,5,False,False,23,7,6,0,0,1,0,2,0,https://raw.githubusercontent.com/lancebroz/mlb-pitcher-data/main/data/raw/2026/daily/2026-04-04.parquet,QA_VALIDATED_CANONICAL_V2,RELIEF_OR_BULK,MLB,False,BULLPEN_PITCHER,P,https://raw.githubusercontent.com/lancebroz/mlb-pitcher-data/main/data/raw/2026/daily/2026-04-04.parquet,https://statsapi.mlb.com/api/v1.1/game/822757/feed/live,True,8,Top,67,78
822757-676508,822757,2026-04-04,LAD,WSH,A,676508,Ben Casparius,RELIEF_OR_BULK,0.0,13.0,3.0,3.0,13,13,3,3,True,False,20,5,3,2,2,2,0,1,1,https://raw.githubusercontent.com/lancebroz/mlb-pitcher-data/main/data/raw/2026/daily/2026-04-04.parquet,QA_VALIDATED_CANONICAL_V2,RELIEF_OR_BULK,MLB,False,BULLPEN_PITCHER,P,https://raw.githubusercontent.com/lancebroz/mlb-pitcher-data/main/data/raw/2026/daily/2026-04-04.parquet,https://statsapi.mlb.com/api/v1.1/game/822757/feed/live,True,8,Bot,70,74
822757-681402,822757,2026-04-04,WSH,LAD,H,681402,Gus Varland,RELIEF_OR_BULK,0.0,20.0,5.0,2.0,20,20,5,5,True,False,19,5,3,1,1,2,0,2,0,https://raw.githubusercontent.com/lancebroz/mlb-pitcher-data/main/data/raw/2026/daily/2026-04-04.parquet,QA_VALIDATED_CANONICAL_V2,RELIEF_OR_BULK,MLB,False,BULLPEN_PITCHER,P,https://raw.githubusercontent.com/lancebroz/mlb-pitcher-data/main/data/raw/2026/daily/2026-04-04.parquet,https://statsapi.mlb.com/api/v1.1/game/822757/feed/live,True,7,Top,58,62
822757-683618,822757,2026-04-04,LAD,WSH,A,683618,Edgardo Henriquez,RELIEF_OR_BULK,0.0,25.0,7.0,3.0,25,25,7,7,True,False,22,4,3,1,1,1,0,0,0,https://raw.githubusercontent.com/lancebroz/mlb-pitcher-data/main/data/raw/2026/daily/2026-04-04.parquet,QA_VALIDATED_CANONICAL_V2,RELIEF_OR_BULK,MLB,False,BULLPEN_PITCHER,P,https://raw.githubusercontent.com/lancebroz/mlb-pitcher-data/main/data/raw/2026/daily/2026-04-04.parquet,https://statsapi.mlb.com/api/v1.1/game/822757/feed/live,True,9,Bot,79,82
822757-695418,822757,2026-04-04,WSH,LAD,H,695418,Brad Lord,RELIEF_OR_BULK,4.0,51.0,13.0,9.0,0,0,0,0,False,False,49,12,6,3,3,5,1,0,1,https://raw.githubusercontent.com/lancebroz/mlb-pitcher-data/main/data/raw/2026/daily/2026-04-04.parquet,QA_VALIDATED_CANONICAL_V2,RELIEF_OR_BULK,MLB,False,BULLPEN_PITCHER,P,https://raw.githubusercontent.com/lancebroz/mlb-pitcher-data/main/data/raw/2026/daily/2026-04-04.parquet,https://statsapi.mlb.com/api/v1.1/game/822757/feed/live,True,5,Top,39,53
823404-642701,823404,2026-04-04,PIT,BAL,H,642701,Dennis Santana,RELIEF_OR_BULK,0.0,10.0,3.0,3.0,10,10,3,3,True,False,13,3,3,0,0,0,0,1,0,https://raw.githubusercontent.com/lancebroz/mlb-pitcher-data/main/data/raw/2026/daily/2026-04-04.parquet,QA_VALIDATED_CANONICAL_V2,RELIEF_OR_BULK,MLB,False,BULLPEN_PITCHER,P,https://raw.githubusercontent.com/lancebroz/mlb-pitcher-data/main/data/raw/2026/daily/2026-04-04.parquet,https://statsapi.mlb.com/api/v1.1/game/823404/feed/live,True,9,Top,72,74
823404-664854,823404,2026-04-04,BAL,PIT,A,664854,Ryan Helsley,RELIEF_OR_BULK,5.0,20.0,5.0,3.0,0,0,0,0,False,False,13,4,1,1,1,2,1,0,0,https://raw.githubusercontent.com/lancebroz/mlb-pitcher-data/main/data/raw/2026/daily/2026-04-04.parquet,QA_VALIDATED_CANONICAL_V2,RELIEF_OR_BULK,MLB,False,BULLPEN_PITCHER,P,https://raw.githubusercontent.com/lancebroz/mlb-pitcher-data/main/data/raw/2026/daily/2026-04-04.parquet,https://statsapi.mlb.com/api/v1.1/game/823404/feed/live,True,9,Bot,75,78
823404-664991,823404,2026-04-04,BAL,PIT,A,664991,Grant Wolfram,RELIEF_OR_BULK,3.0,23.0,7.0,4.0,0,0,0,0,False,False,21,4,3,0,0,1,0,2,0,https://raw.githubusercontent.com/lancebroz/mlb-pitcher-data/main/data/raw/2026/daily/2026-04-04.parquet,QA_VALIDATED_CANONICAL_V2,RELIEF_OR_BULK,MLB,False,BULLPEN_PITCHER,P,https://raw.githubusercontent.com/lancebroz/mlb-pitcher-data/main/data/raw/2026/daily/2026-04-04.parquet,https://statsapi.mlb.com/api/v1.1/game/823404/feed/live,True,7,Bot,58,61
823404-670329,823404,2026-04-04,BAL,PIT,A,670329,Rico Garcia,RELIEF_OR_BULK,0.0,8.0,3.0,3.0,8,8,3,3,True,False,10,2,1,0,0,0,1,0,0,https://raw.githubusercontent.com/lancebroz/mlb-pitcher-data/main/data/raw/2026/daily/2026-04-04.parquet,QA_VALIDATED_CANONICAL_V2,RELIEF_OR_BULK,MLB,False,BULLPEN_PITCHER,P,https://raw.githubusercontent.com/lancebroz/mlb-pitcher-data/main/data/raw/2026/daily/2026-04-04.parquet,https://statsapi.mlb.com/api/v1.1/game/823404/feed/live,True,6,Bot,51,52
823404-676755,823404,2026-04-04,PIT,BAL,H,676755,Isaac Mattson,RELIEF_OR_BULK,2.0,22.0,5.0,4.0,0,22,0,5,False,False,17,4,3,0,0,1,1,1,0,https://raw.githubusercontent.com/lancebroz/mlb-pitcher-data/main/data/raw/2026/daily/2026-04-04.parquet,QA_VALIDATED_CANONICAL_V2,RELIEF_OR_BULK,MLB,False,BULLPEN_PITCHER,P,https://raw.githubusercontent.com/lancebroz/mlb-pitcher-data/main/data/raw/2026/daily/2026-04-04.parquet,https://statsapi.mlb.com/api/v1.1/game/823404/feed/live,True,8,Top,62,65
823404-682995,823404,2026-04-04,PIT,BAL,H,682995,Hunter Barco,RELIEF_OR_BULK,3.0,47.0,11.0,6.0,0,0,0,0,False,False,45,10,7,0,0,0,3,1,0,https://raw.githubusercontent.com/lancebroz/mlb-pitcher-data/main/data/raw/2026/daily/2026-04-04.parquet,QA_VALIDATED_CANONICAL_V2,RELIEF_OR_BULK,MLB,False,BULLPEN_PITCHER,P,https://raw.githubusercontent.com/lancebroz/mlb-pitcher-data/main/data/raw/2026/daily/2026-04-04.parquet,https://statsapi.mlb.com/api/v1.1/game/823404/feed/live,True,5,Top,38,57
823404-689296,823404,2026-04-04,BAL,PIT,A,689296,Anthony Nunez,RELIEF_OR_BULK,3.0,21.0,8.0,6.0,0,0,0,0,False,False,27,6,3,1,0,1,1,0,0,https://raw.githubusercontent.com/lancebroz/mlb-pitcher-data/main/data/raw/2026/daily/2026-04-04.parquet,QA_VALIDATED_CANONICAL_V2,RELIEF_OR_BULK,MLB,False,BULLPEN_PITCHER,P,https://raw.githubusercontent.com/lancebroz/mlb-pitcher-data/main/data/raw/2026/daily/2026-04-04.parquet,https://statsapi.mlb.com/api/v1.1/game/823404/feed/live,True,8,Bot,66,71
825027-547184,825027,2026-04-04,ATH,HOU,H,547184,Michael Kelly,RELIEF_OR_BULK,0.0,32.0,7.0,3.0,32,32,7,7,True,False,17,5,3,0,0,1,1,0,0,https://raw.githubusercontent.com/lancebroz/mlb-pitcher-data/main/data/raw/2026/daily/2026-04-04.parquet,QA_VALIDATED_CANONICAL_V2,RELIEF_OR_BULK,MLB,False,BULLPEN_PITCHER,P,https://raw.githubusercontent.com/lancebroz/mlb-pitcher-data/main/data/raw/2026/daily/2026-04-04.parquet,https://statsapi.mlb.com/api/v1.1/game/825027/feed/live,True,9,Top,81,85
825027-595345,825027,2026-04-04,HOU,ATH,A,595345,Steven Okert,RELIEF_OR_BULK,5.0,15.0,3.0,3.0,0,0,0,0,False,False,16,3,3,0,0,0,0,1,0,https://raw.githubusercontent.com/lancebroz/mlb-pitcher-data/main/data/raw/2026/daily/2026-04-04.parquet,QA_VALIDATED_CANONICAL_V2,RELIEF_OR_BULK,MLB,False,BULLPEN_PITCHER,P,https://raw.githubusercontent.com/lancebroz/mlb-pitcher-data/main/data/raw/2026/daily/2026-04-04.parquet,https://statsapi.mlb.com/api/v1.1/game/825027/feed/live,True,9,Bot,86,88
825027-663687,825027,2026-04-04,ATH,HOU,H,663687,Hogan Harris,RELIEF_OR_BULK,2.0,19.0,6.0,6.0,0,19,0,6,False,False,34,9,3,3,3,4,2,1,0,https://raw.githubusercontent.com/lancebroz/mlb-pitcher-data/main/data/raw/2026/daily/2026-04-04.parquet,QA_VALIDATED_CANONICAL_V2,RELIEF_OR_BULK,MLB,False,BULLPEN_PITCHER,P,https://raw.githubusercontent.com/lancebroz/mlb-pitcher-data/main/data/raw/2026/daily/2026-04-04.parquet,https://statsapi.mlb.com/api/v1.1/game/825027/feed/live,True,6,Top,49,57
825027-665622,825027,2026-04-04,ATH,HOU,H,665622,Luis Medina,RELIEF_OR_BULK,2.0,27.0,7.0,6.0,0,27,0,7,False,False,43,10,6,1,1,2,2,4,1,https://raw.githubusercontent.com/lancebroz/mlb-pitcher-data/main/data/raw/2026/daily/2026-04-04.parquet,QA_VALIDATED_CANONICAL_V2,RELIEF_OR_BULK,MLB,False,BULLPEN_PITCHER,P,https://raw.githubusercontent.com/lancebroz/mlb-pitcher-data/main/data/raw/2026/daily/2026-04-04.parquet,https://statsapi.mlb.com/api/v1.1/game/825027/feed/live,True,7,Top,63,76
825027-665660,825027,2026-04-04,ATH,HOU,H,665660,Elvis Alvarado,RELIEF_OR_BULK,2.0,20.0,4.0,2.0,0,20,0,4,False,False,29,9,6,2,2,3,2,0,0,https://raw.githubusercontent.com/lancebroz/mlb-pitcher-data/main/data/raw/2026/daily/2026-04-04.parquet,QA_VALIDATED_CANONICAL_V2,RELIEF_OR_BULK,MLB,False,BULLPEN_PITCHER,P,https://raw.githubusercontent.com/lancebroz/mlb-pitcher-data/main/data/raw/2026/daily/2026-04-04.parquet,https://statsapi.mlb.com/api/v1.1/game/825027/feed/live,True,4,Top,33,44
825027-678906,825027,2026-04-04,HOU,ATH,A,678906,Kai-Wei Teng,RELIEF_OR_BULK,2.0,14.0,4.0,3.0,0,14,0,4,False,False,33,9,7,0,0,2,0,3,0,https://raw.githubusercontent.com/lancebroz/mlb-pitcher-data/main/data/raw/2026/daily/2026-04-04.parquet,QA_VALIDATED_CANONICAL_V2,RELIEF_OR_BULK,MLB,False,BULLPEN_PITCHER,P,https://raw.githubusercontent.com/lancebroz/mlb-pitcher-data/main/data/raw/2026/daily/2026-04-04.parquet,https://statsapi.mlb.com/api/v1.1/game/825027/feed/live,True,6,Bot,62,80
824782-543056,824782,2026-04-04,BOS,SD,H,543056,Danny Coulombe,RELIEF_OR_BULK,2.0,16.0,4.0,3.0,0,16,0,4,False,False,8,2,2,0,0,0,0,1,0,https://raw.githubusercontent.com/lancebroz/mlb-pitcher-data/main/data/raw/2026/daily/2026-04-04.parquet,QA_VALIDATED_CANONICAL_V2,RELIEF_OR_BULK,MLB,False,BULLPEN_PITCHER,P,https://raw.githubusercontent.com/lancebroz/mlb-pitcher-data/main/data/raw/2026/daily/2026-04-04.parquet,https://statsapi.mlb.com/api/v1.1/game/824782/feed/live,True,6,Top,45,46
824782-547973,824782,2026-04-04,BOS,SD,H,547973,Aroldis Chapman,RELIEF_OR_BULK,0.0,21.0,4.0,3.0,21,21,4,4,True,False,17,5,3,1,1,2,0,1,0,https://raw.githubusercontent.com/lancebroz/mlb-pitcher-data/main/data/raw/2026/daily/2026-04-04.parquet,QA_VALIDATED_CANONICAL_V2,RELIEF_OR_BULK,MLB,False,BULLPEN_PITCHER,P,https://raw.githubusercontent.com/lancebroz/mlb-pitcher-data/main/data/raw/2026/daily/2026-04-04.parquet,https://statsapi.mlb.com/api/v1.1/game/824782/feed/live,True,9,Top,65,69
824782-669093,824782,2026-04-04,SD,BOS,A,669093,Jeremiah Estrada,RELIEF_OR_BULK,2.0,13.0,3.0,3.0,0,13,0,3,False,False,10,3,3,0,0,0,0,0,0,https://raw.githubusercontent.com/lancebroz/mlb-pitcher-data/main/data/raw/2026/daily/2026-04-04.parquet,QA_VALIDATED_CANONICAL_V2,RELIEF_OR_BULK,MLB,False,BULLPEN_PITCHER,P,https://raw.githubusercontent.com/lancebroz/mlb-pitcher-data/main/data/raw/2026/daily/2026-04-04.parquet,https://statsapi.mlb.com/api/v1.1/game/824782/feed/live,True,7,Bot,54,56
824782-670245,824782,2026-04-04,BOS,SD,H,670245,Ryan Watson,RELIEF_OR_BULK,3.0,27.0,8.0,4.0,0,0,0,0,False,False,26,6,4,0,0,1,1,1,0,https://raw.githubusercontent.com/lancebroz/mlb-pitcher-data/main/data/raw/2026/daily/2026-04-04.parquet,QA_VALIDATED_CANONICAL_V2,RELIEF_OR_BULK,MLB,False,BULLPEN_PITCHER,P,https://raw.githubusercontent.com/lancebroz/mlb-pitcher-data/main/data/raw/2026/daily/2026-04-04.parquet,https://statsapi.mlb.com/api/v1.1/game/824782/feed/live,True,5,Top,35,44
824782-670970,824782,2026-04-04,SD,BOS,A,670970,Adrian Morejon,RELIEF_OR_BULK,2.0,32.0,8.0,5.0,0,32,0,8,False,False,29,5,3,1,1,2,0,2,0,https://raw.githubusercontent.com/lancebroz/mlb-pitcher-data/main/data/raw/2026/daily/2026-04-04.parquet,QA_VALIDATED_CANONICAL_V2,RELIEF_OR_BULK,MLB,False,BULLPEN_PITCHER,P,https://raw.githubusercontent.com/lancebroz/mlb-pitcher-data/main/data/raw/2026/daily/2026-04-04.parquet,https://statsapi.mlb.com/api/v1.1/game/824782/feed/live,True,8,Bot,60,64
824782-677161,824782,2026-04-04,BOS,SD,H,677161,Zack Kelly,RELIEF_OR_BULK,,,,,0,0,0,0,False,False,9,3,3,0,0,0,0,1,0,https://raw.githubusercontent.com/lancebroz/mlb-pitcher-data/main/data/raw/2026/daily/2026-04-04.parquet,QA_VALIDATED_CANONICAL_V2,,,False,BULLPEN_PITCHER,P,https://raw.githubusercontent.com/lancebroz/mlb-pitcher-data/main/data/raw/2026/daily/2026-04-04.parquet,https://statsapi.mlb.com/api/v1.1/game/824782/feed/live,True,8,Top,57,59
824782-686580,824782,2026-04-04,BOS,SD,H,686580,Justin Slaten,RELIEF_OR_BULK,0.0,9.0,3.0,3.0,9,9,3,3,True,False,19,4,3,0,0,1,0,1,0,https://raw.githubusercontent.com/lancebroz/mlb-pitcher-data/main/data/raw/2026/daily/2026-04-04.parquet,QA_VALIDATED_CANONICAL_V2,RELIEF_OR_BULK,MLB,False,BULLPEN_PITCHER,P,https://raw.githubusercontent.com/lancebroz/mlb-pitcher-data/main/data/raw/2026/daily/2026-04-04.parquet,https://statsapi.mlb.com/api/v1.1/game/824782/feed/live,True,7,Top,50,53
824782-695243,824782,2026-04-04,SD,BOS,A,695243,Mason Miller,RELIEF_OR_BULK,2.0,19.0,5.0,4.0,0,19,0,5,False,False,11,3,3,0,0,0,0,3,0,https://raw.githubusercontent.com/lancebroz/mlb-pitcher-data/main/data/raw/2026/daily/2026-04-04.parquet,QA_VALIDATED_CANONICAL_V2,RELIEF_OR_BULK,MLB,False,BULLPEN_PITCHER,P,https://raw.githubusercontent.com/lancebroz/mlb-pitcher-data/main/data/raw/2026/daily/2026-04-04.parquet,https://statsapi.mlb.com/api/v1.1/game/824782/feed/live,True,9,Bot,70,72
822920-641302,822920,2026-04-04,TEX,CIN,H,641302,Tyler Alexander,RELIEF_OR_BULK,2.0,25.0,7.0,3.0,0,25,0,7,False,False,13,4,3,0,0,1,0,1,0,https://raw.githubusercontent.com/lancebroz/mlb-pitcher-data/main/data/raw/2026/daily/2026-04-04.parquet,QA_VALIDATED_CANONICAL_V2,RELIEF_OR_BULK,MLB,False,BULLPEN_PITCHER,P,https://raw.githubusercontent.com/lancebroz/mlb-pitcher-data/main/data/raw/2026/daily/2026-04-04.parquet,https://statsapi.mlb.com/api/v1.1/game/822920/feed/live,True,9,Top,63,66
822920-641941,822920,2026-04-04,CIN,TEX,A,641941,Emilio Pagán,RELIEF_OR_BULK,0.0,13.0,3.0,3.0,13,46,3,10,True,False,23,5,3,0,0,1,2,1,0,https://raw.githubusercontent.com/lancebroz/mlb-pitcher-data/main/data/raw/2026/daily/2026-04-04.parquet,QA_VALIDATED_CANONICAL_V2,RELIEF_OR_BULK,MLB,False,BULLPEN_PITCHER,P,https://raw.githubusercontent.com/lancebroz/mlb-pitcher-data/main/data/raw/2026/daily/2026-04-04.parquet,https://statsapi.mlb.com/api/v1.1/game/822920/feed/live,True,9,Bot,67,71
822920-656222,822920,2026-04-04,TEX,CIN,H,656222,Jalen Beeks,RELIEF_OR_BULK,4.0,13.0,5.0,3.0,0,0,0,0,False,False,16,4,3,0,0,1,0,0,0,https://raw.githubusercontent.com/lancebroz/mlb-pitcher-data/main/data/raw/2026/daily/2026-04-04.parquet,QA_VALIDATED_CANONICAL_V2,RELIEF_OR_BULK,MLB,False,BULLPEN_PITCHER,P,https://raw.githubusercontent.com/lancebroz/mlb-pitcher-data/main/data/raw/2026/daily/2026-04-04.parquet,https://statsapi.mlb.com/api/v1.1/game/822920/feed/live,True,6,Top,43,46
822920-656641,822920,2026-04-04,TEX,CIN,H,656641,Jacob Latz,RELIEF_OR_BULK,2.0,14.0,3.0,3.0,0,14,0,3,False,False,15,3,3,0,0,0,0,2,0,https://raw.githubusercontent.com/lancebroz/mlb-pitcher-data/main/data/raw/2026/daily/2026-04-04.parquet,QA_VALIDATED_CANONICAL_V2,RELIEF_OR_BULK,MLB,False,BULLPEN_PITCHER,P,https://raw.githubusercontent.com/lancebroz/mlb-pitcher-data/main/data/raw/2026/daily/2026-04-04.parquet,https://statsapi.mlb.com/api/v1.1/game/822920/feed/live,True,7,Top,50,52
822920-663574,822920,2026-04-04,CIN,TEX,A,663574,Tony Santillan,RELIEF_OR_BULK,0.0,10.0,3.0,3.0,10,21,3,6,True,False,11,3,3,0,0,0,0,1,0,https://raw.githubusercontent.com/lancebroz/mlb-pitcher-data/main/data/raw/2026/daily/2026-04-04.parquet,QA_VALIDATED_CANONICAL_V2,RELIEF_OR_BULK,MLB,False,BULLPEN_PITCHER,P,https://raw.githubusercontent.com/lancebroz/mlb-pitcher-data/main/data/raw/2026/daily/2026-04-04.parquet,https://statsapi.mlb.com/api/v1.1/game/822920/feed/live,True,8,Bot,60,62
822920-668933,822920,2026-04-04,CIN,TEX,A,668933,Graham Ashcraft,RELIEF_OR_BULK,0.0,17.0,5.0,3.0,17,38,5,9,True,False,18,4,3,0,0,0,1,1,0,https://raw.githubusercontent.com/lancebroz/mlb-pitcher-data/main/data/raw/2026/daily/2026-04-04.parquet,QA_VALIDATED_CANONICAL_V2,RELIEF_OR_BULK,MLB,False,BULLPEN_PITCHER,P,https://raw.githubusercontent.com/lancebroz/mlb-pitcher-data/main/data/raw/2026/daily/2026-04-04.parquet,https://statsapi.mlb.com/api/v1.1/game/822920/feed/live,True,7,Bot,53,56
822920-691945,822920,2026-04-04,TEX,CIN,H,691945,Carter Baumler,RELIEF_OR_BULK,2.0,36.0,9.0,6.0,0,36,0,9,False,False,12,3,3,0,0,0,0,1,0,https://raw.githubusercontent.com/lancebroz/mlb-pitcher-data/main/data/raw/2026/daily/2026-04-04.parquet,QA_VALIDATED_CANONICAL_V2,RELIEF_OR_BULK,MLB,False,BULLPEN_PITCHER,P,https://raw.githubusercontent.com/lancebroz/mlb-pitcher-data/main/data/raw/2026/daily/2026-04-04.parquet,https://statsapi.mlb.com/api/v1.1/game/822920/feed/live,True,8,Top,57,59
823569-518585,823569,2026-04-04,NYY,MIA,H,518585,Fernando Cruz,RELIEF_OR_BULK,2.0,12.0,2.0,2.0,0,12,0,2,False,False,5,2,2,0,0,0,0,1,0,https://raw.githubusercontent.com/lancebroz/mlb-pitcher-data/main/data/raw/2026/daily/2026-04-04.parquet,QA_VALIDATED_CANONICAL_V2,RELIEF_OR_BULK,MLB,False,BULLPEN_PITCHER,P,https://raw.githubusercontent.com/lancebroz/mlb-pitcher-data/main/data/raw/2026/daily/2026-04-04.parquet,https://statsapi.mlb.com/api/v1.1/game/823569/feed/live,True,7,Top,61,62
823569-621112,823569,2026-04-04,NYY,MIA,H,621112,Paul Blackburn,RELIEF_OR_BULK,4.0,22.0,8.0,4.0,0,0,0,0,False,False,28,8,5,1,0,3,0,2,0,https://raw.githubusercontent.com/lancebroz/mlb-pitcher-data/main/data/raw/2026/daily/2026-04-04.parquet,QA_VALIDATED_CANONICAL_V2,RELIEF_OR_BULK,MLB,False,BULLPEN_PITCHER,P,https://raw.githubusercontent.com/lancebroz/mlb-pitcher-data/main/data/raw/2026/daily/2026-04-04.parquet,https://statsapi.mlb.com/api/v1.1/game/823569/feed/live,True,4,Top,33,50
823569-656848,823569,2026-04-04,MIA,NYY,A,656848,Michael Petersen,RELIEF_OR_BULK,0.0,20.0,5.0,3.0,20,20,5,5,True,False,30,7,3,3,2,1,3,0,0,https://raw.githubusercontent.com/lancebroz/mlb-pitcher-data/main/data/raw/2026/daily/2026-04-04.parquet,QA_VALIDATED_CANONICAL_V2,RELIEF_OR_BULK,MLB,False,BULLPEN_PITCHER,P,https://raw.githubusercontent.com/lancebroz/mlb-pitcher-data/main/data/raw/2026/daily/2026-04-04.parquet,https://statsapi.mlb.com/api/v1.1/game/823569/feed/live,True,8,Bot,74,80
823569-657612,823569,2026-04-04,NYY,MIA,H,657612,Tim Hill,RELIEF_OR_BULK,0.0,2.0,1.0,1.0,2,2,1,1,True,False,14,3,3,0,0,0,0,0,0,https://raw.githubusercontent.com/lancebroz/mlb-pitcher-data/main/data/raw/2026/daily/2026-04-04.parquet,QA_VALIDATED_CANONICAL_V2,RELIEF_OR_BULK,MLB,False,BULLPEN_PITCHER,P,https://raw.githubusercontent.com/lancebroz/mlb-pitcher-data/main/data/raw/2026/daily/2026-04-04.parquet,https://statsapi.mlb.com/api/v1.1/game/823569/feed/live,True,6,Top,51,60
823569-666808,823569,2026-04-04,NYY,MIA,H,666808,Camilo Doval,RELIEF_OR_BULK,2.0,19.0,5.0,2.0,0,19,0,5,False,False,23,4,1,2,2,3,0,1,0,https://raw.githubusercontent.com/lancebroz/mlb-pitcher-data/main/data/raw/2026/daily/2026-04-04.parquet,QA_VALIDATED_CANONICAL_V2,RELIEF_OR_BULK,MLB,False,BULLPEN_PITCHER,P,https://raw.githubusercontent.com/lancebroz/mlb-pitcher-data/main/data/raw/2026/daily/2026-04-04.parquet,https://statsapi.mlb.com/api/v1.1/game/823569/feed/live,True,8,Top,67,70
823569-667463,823569,2026-04-04,MIA,NYY,A,667463,John King,RELIEF_OR_BULK,4.0,11.0,4.0,3.0,0,0,0,0,False,False,10,2,2,0,0,0,0,1,0,https://raw.githubusercontent.com/lancebroz/mlb-pitcher-data/main/data/raw/2026/daily/2026-04-04.parquet,QA_VALIDATED_CANONICAL_V2,RELIEF_OR_BULK,MLB,False,BULLPEN_PITCHER,P,https://raw.githubusercontent.com/lancebroz/mlb-pitcher-data/main/data/raw/2026/daily/2026-04-04.parquet,https://statsapi.mlb.com/api/v1.1/game/823569/feed/live,True,6,Bot,58,59
823569-669622,823569,2026-04-04,MIA,NYY,A,669622,Anthony Bender,RELIEF_OR_BULK,3.0,27.0,6.0,5.0,0,0,0,0,False,False,15,4,1,2,2,2,0,1,0,https://raw.githubusercontent.com/lancebroz/mlb-pitcher-data/main/data/raw/2026/daily/2026-04-04.parquet,QA_VALIDATED_CANONICAL_V2,RELIEF_OR_BULK,MLB,False,BULLPEN_PITCHER,P,https://raw.githubusercontent.com/lancebroz/mlb-pitcher-data/main/data/raw/2026/daily/2026-04-04.parquet,https://statsapi.mlb.com/api/v1.1/game/823569/feed/live,True,6,Bot,54,57
823569-670280,823569,2026-04-04,NYY,MIA,H,670280,David Bednar,RELIEF_OR_BULK,2.0,40.0,7.0,4.0,0,40,0,7,False,False,33,7,3,1,1,3,1,2,0,https://raw.githubusercontent.com/lancebroz/mlb-pitcher-data/main/data/raw/2026/daily/2026-04-04.parquet,QA_VALIDATED_CANONICAL_V2,RELIEF_OR_BULK,MLB,False,BULLPEN_PITCHER,P,https://raw.githubusercontent.com/lancebroz/mlb-pitcher-data/main/data/raw/2026/daily/2026-04-04.parquet,https://statsapi.mlb.com/api/v1.1/game/823569/feed/live,True,9,Top,81,87
823569-676534,823569,2026-04-04,MIA,NYY,A,676534,Calvin Faucher,RELIEF_OR_BULK,3.0,17.0,3.0,3.0,0,0,0,0,False,False,16,4,3,1,0,0,1,2,0,https://raw.githubusercontent.com/lancebroz/mlb-pitcher-data/main/data/raw/2026/daily/2026-04-04.parquet,QA_VALIDATED_CANONICAL_V2,RELIEF_OR_BULK,MLB,False,BULLPEN_PITCHER,P,https://raw.githubusercontent.com/lancebroz/mlb-pitcher-data/main/data/raw/2026/daily/2026-04-04.parquet,https://statsapi.mlb.com/api/v1.1/game/823569/feed/live,True,7,Bot,63,66
823569-677053,823569,2026-04-04,MIA,NYY,A,677053,Andrew Nardi,RELIEF_OR_BULK,3.0,14.0,3.0,3.0,0,0,0,0,False,False,21,4,1,1,1,0,3,1,0,https://raw.githubusercontent.com/lancebroz/mlb-pitcher-data/main/data/raw/2026/daily/2026-04-04.parquet,QA_VALIDATED_CANONICAL_V2,RELIEF_OR_BULK,MLB,False,BULLPEN_PITCHER,P,https://raw.githubusercontent.com/lancebroz/mlb-pitcher-data/main/data/raw/2026/daily/2026-04-04.parquet,https://statsapi.mlb.com/api/v1.1/game/823569/feed/live,True,5,Bot,46,53
823569-687396,823569,2026-04-04,NYY,MIA,H,687396,Brent Headrick,RELIEF_OR_BULK,0.0,10.0,3.0,3.0,10,10,3,3,True,False,7,3,2,0,0,0,1,0,0,https://raw.githubusercontent.com/lancebroz/mlb-pitcher-data/main/data/raw/2026/daily/2026-04-04.parquet,QA_VALIDATED_CANONICAL_V2,RELIEF_OR_BULK,MLB,False,BULLPEN_PITCHER,P,https://raw.githubusercontent.com/lancebroz/mlb-pitcher-data/main/data/raw/2026/daily/2026-04-04.parquet,https://statsapi.mlb.com/api/v1.1/game/823569/feed/live,True,8,Top,71,73
823730-573124,823730,2026-04-04,MIN,TB,H,573124,Taylor Rogers,RELIEF_OR_BULK,1.0,4.0,1.0,1.0,4,4,1,1,False,False,23,5,3,2,2,3,0,0,0,https://raw.githubusercontent.com/lancebroz/mlb-pitcher-data/main/data/raw/2026/daily/2026-04-04.parquet,QA_VALIDATED_CANONICAL_V2,RELIEF_OR_BULK,MLB,False,BULLPEN_PITCHER,P,https://raw.githubusercontent.com/lancebroz/mlb-pitcher-data/main/data/raw/2026/daily/2026-04-04.parquet,https://statsapi.mlb.com/api/v1.1/game/823730/feed/live,True,5,Top,38,43
823730-607455,823730,2026-04-04,MIN,TB,H,607455,Anthony Banda,RELIEF_OR_BULK,0.0,17.0,5.0,3.0,17,29,5,9,True,False,15,4,3,0,0,0,0,1,0,https://raw.githubusercontent.com/lancebroz/mlb-pitcher-data/main/data/raw/2026/daily/2026-04-04.parquet,QA_VALIDATED_CANONICAL_V2,RELIEF_OR_BULK,MLB,False,BULLPEN_PITCHER,P,https://raw.githubusercontent.com/lancebroz/mlb-pitcher-data/main/data/raw/2026/daily/2026-04-04.parquet,https://statsapi.mlb.com/api/v1.1/game/823730/feed/live,True,6,Top,47,50
823730-642121,823730,2026-04-04,TB,MIN,A,642121,Cole Sulser,RELIEF_OR_BULK,3.0,31.0,8.0,4.0,0,0,0,0,False,False,35,9,6,0,0,1,2,3,0,https://raw.githubusercontent.com/lancebroz/mlb-pitcher-data/main/data/raw/2026/daily/2026-04-04.parquet,QA_VALIDATED_CANONICAL_V2,RELIEF_OR_BULK,MLB,False,BULLPEN_PITCHER,P,https://raw.githubusercontent.com/lancebroz/mlb-pitcher-data/main/data/raw/2026/daily/2026-04-04.parquet,https://statsapi.mlb.com/api/v1.1/game/823730/feed/live,True,7,Bot,57,71
823730-669438,823730,2026-04-04,TB,MIN,A,669438,Mason Englert,RELIEF_OR_BULK,2.0,13.0,5.0,3.0,0,13,0,5,False,False,14,3,3,0,0,0,0,1,0,https://raw.githubusercontent.com/lancebroz/mlb-pitcher-data/main/data/raw/2026/daily/2026-04-04.parquet,QA_VALIDATED_CANONICAL_V2,RELIEF_OR_BULK,MLB,False,BULLPEN_PITCHER,P,https://raw.githubusercontent.com/lancebroz/mlb-pitcher-data/main/data/raw/2026/daily/2026-04-04.parquet,https://statsapi.mlb.com/api/v1.1/game/823730/feed/live,True,9,Bot,75,77
823730-687849,823730,2026-04-04,MIN,TB,H,687849,Zak Kent,RELIEF_OR_BULK,2.0,47.0,11.0,5.0,0,47,0,11,False,False,34,9,6,1,1,1,2,0,0,https://raw.githubusercontent.com/lancebroz/mlb-pitcher-data/main/data/raw/2026/daily/2026-04-04.parquet,QA_VALIDATED_CANONICAL_V2,RELIEF_OR_BULK,MLB,False,BULLPEN_PITCHER,P,https://raw.githubusercontent.com/lancebroz/mlb-pitcher-data/main/data/raw/2026/daily/2026-04-04.parquet,https://statsapi.mlb.com/api/v1.1/game/823730/feed/live,True,7,Top,54,66
823730-689520,823730,2026-04-04,MIN,TB,H,689520,Cody Laweryson,RELIEF_OR_BULK,0.0,10.0,3.0,3.0,10,46,3,12,True,False,9,3,3,0,0,0,0,1,0,https://raw.githubusercontent.com/lancebroz/mlb-pitcher-data/main/data/raw/2026/daily/2026-04-04.parquet,QA_VALIDATED_CANONICAL_V2,RELIEF_OR_BULK,MLB,False,BULLPEN_PITCHER,P,https://raw.githubusercontent.com/lancebroz/mlb-pitcher-data/main/data/raw/2026/daily/2026-04-04.parquet,https://statsapi.mlb.com/api/v1.1/game/823730/feed/live,True,9,Top,72,74
824134-657649,824134,2026-04-04,MIL,KC,A,657649,Jared Koenig,RELIEF_OR_BULK,3.0,16.0,4.0,3.0,0,0,0,0,False,False,17,6,1,2,0,2,2,0,0,https://raw.githubusercontent.com/lancebroz/mlb-pitcher-data/main/data/raw/2026/daily/2026-04-04.parquet,QA_VALIDATED_CANONICAL_V2,RELIEF_OR_BULK,MLB,False,BULLPEN_PITCHER,P,https://raw.githubusercontent.com/lancebroz/mlb-pitcher-data/main/data/raw/2026/daily/2026-04-04.parquet,https://statsapi.mlb.com/api/v1.1/game/824134/feed/live,True,6,Bot,50,55
824134-669084,824134,2026-04-04,MIL,KC,A,669084,DL Hall,RELIEF_OR_BULK,2.0,19.0,5.0,3.0,0,19,0,5,False,False,38,7,6,0,0,1,1,2,0,https://raw.githubusercontent.com/lancebroz/mlb-pitcher-data/main/data/raw/2026/daily/2026-04-04.parquet,QA_VALIDATED_CANONICAL_V2,RELIEF_OR_BULK,MLB,False,BULLPEN_PITCHER,P,https://raw.githubusercontent.com/lancebroz/mlb-pitcher-data/main/data/raw/2026/daily/2026-04-04.parquet,https://statsapi.mlb.com/api/v1.1/game/824134/feed/live,True,7,Bot,61,71
824134-669212,824134,2026-04-04,KC,MIL,H,669212,Eli Morgan,RELIEF_OR_BULK,,,,,0,0,0,0,False,False,42,12,9,0,0,1,1,5,0,https://raw.githubusercontent.com/lancebroz/mlb-pitcher-data/main/data/raw/2026/daily/2026-04-04.parquet,QA_VALIDATED_CANONICAL_V2,,,False,BULLPEN_PITCHER,P,https://raw.githubusercontent.com/lancebroz/mlb-pitcher-data/main/data/raw/2026/daily/2026-04-04.parquet,https://statsapi.mlb.com/api/v1.1/game/824134/feed/live,True,7,Top,56,74
824134-683232,824134,2026-04-04,KC,MIL,H,683232,Nick Mears,RELIEF_OR_BULK,2.0,18.0,3.0,3.0,0,18,0,3,False,False,14,3,3,0,0,0,0,0,0,https://raw.githubusercontent.com/lancebroz/mlb-pitcher-data/main/data/raw/2026/daily/2026-04-04.parquet,QA_VALIDATED_CANONICAL_V2,RELIEF_OR_BULK,MLB,False,BULLPEN_PITCHER,P,https://raw.githubusercontent.com/lancebroz/mlb-pitcher-data/main/data/raw/2026/daily/2026-04-04.parquet,https://statsapi.mlb.com/api/v1.1/game/824134/feed/live,True,6,Top,41,43
824134-687075,824134,2026-04-04,MIL,KC,A,687075,Brandon Sproat,RELIEF_OR_BULK,5.0,86.0,18.0,9.0,0,0,0,0,False,False,70,17,11,4,4,4,3,4,1,https://raw.githubusercontent.com/lancebroz/mlb-pitcher-data/main/data/raw/2026/daily/2026-04-04.parquet,QA_VALIDATED_CANONICAL_V2,STARTER,MLB,False,BULLPEN_PITCHER,P,https://raw.githubusercontent.com/lancebroz/mlb-pitcher-data/main/data/raw/2026/daily/2026-04-04.parquet,https://statsapi.mlb.com/api/v1.1/game/824134/feed/live,True,3,Bot,21,49
825104-623149,825104,2026-04-04,AZ,ATL,H,623149,Paul Sewald,RELIEF_OR_BULK,0.0,16.0,4.0,2.0,16,16,4,4,True,False,21,3,3,0,0,0,0,2,0,https://raw.githubusercontent.com/lancebroz/mlb-pitcher-data/main/data/raw/2026/daily/2026-04-04.parquet,QA_VALIDATED_CANONICAL_V2,RELIEF_OR_BULK,MLB,False,BULLPEN_PITCHER,P,https://raw.githubusercontent.com/lancebroz/mlb-pitcher-data/main/data/raw/2026/daily/2026-04-04.parquet,https://statsapi.mlb.com/api/v1.1/game/825104/feed/live,True,9,Top,58,60
825104-641755,825104,2026-04-04,ATL,AZ,A,641755,Tyler Kinley,RELIEF_OR_BULK,1.0,10.0,3.0,3.0,10,10,3,3,False,False,7,3,3,0,0,0,0,1,0,https://raw.githubusercontent.com/lancebroz/mlb-pitcher-data/main/data/raw/2026/daily/2026-04-04.parquet,QA_VALIDATED_CANONICAL_V2,RELIEF_OR_BULK,MLB,False,BULLPEN_PITCHER,P,https://raw.githubusercontent.com/lancebroz/mlb-pitcher-data/main/data/raw/2026/daily/2026-04-04.parquet,https://statsapi.mlb.com/api/v1.1/game/825104/feed/live,True,8,Bot,55,57
825104-642528,825104,2026-04-04,AZ,ATL,H,642528,Jonathan Loáisiga,RELIEF_OR_BULK,2.0,16.0,4.0,3.0,0,16,0,4,False,False,10,3,3,0,0,0,0,0,0,https://raw.githubusercontent.com/lancebroz/mlb-pitcher-data/main/data/raw/2026/daily/2026-04-04.parquet,QA_VALIDATED_CANONICAL_V2,RELIEF_OR_BULK,MLB,False,BULLPEN_PITCHER,P,https://raw.githubusercontent.com/lancebroz/mlb-pitcher-data/main/data/raw/2026/daily/2026-04-04.parquet,https://statsapi.mlb.com/api/v1.1/game/825104/feed/live,True,7,Top,46,48
825104-664199,825104,2026-04-04,AZ,ATL,H,664199,Taylor Clarke,RELIEF_OR_BULK,2.0,18.0,4.0,3.0,0,18,0,4,False,False,12,3,3,0,0,0,0,1,0,https://raw.githubusercontent.com/lancebroz/mlb-pitcher-data/main/data/raw/2026/daily/2026-04-04.parquet,QA_VALIDATED_CANONICAL_V2,RELIEF_OR_BULK,MLB,False,BULLPEN_PITCHER,P,https://raw.githubusercontent.com/lancebroz/mlb-pitcher-data/main/data/raw/2026/daily/2026-04-04.parquet,https://statsapi.mlb.com/api/v1.1/game/825104/feed/live,True,6,Top,40,42
825104-666661,825104,2026-04-04,AZ,ATL,H,666661,Juan Morillo,RELIEF_OR_BULK,0.0,6.0,3.0,3.0,6,17,3,6,True,False,14,3,3,0,0,0,0,1,0,https://raw.githubusercontent.com/lancebroz/mlb-pitcher-data/main/data/raw/2026/daily/2026-04-04.parquet,QA_VALIDATED_CANONICAL_V2,RELIEF_OR_BULK,MLB,False,BULLPEN_PITCHER,P,https://raw.githubusercontent.com/lancebroz/mlb-pitcher-data/main/data/raw/2026/daily/2026-04-04.parquet,https://statsapi.mlb.com/api/v1.1/game/825104/feed/live,True,8,Top,52,54
824378-621237,824378,2026-04-04,PHI,COL,A,621237,José Alvarado,RELIEF_OR_BULK,2.0,8.0,3.0,3.0,0,8,0,3,False,False,12,2,1,0,0,0,1,1,0,https://raw.githubusercontent.com/lancebroz/mlb-pitcher-data/main/data/raw/2026/daily/2026-04-04.parquet,QA_VALIDATED_CANONICAL_V2,RELIEF_OR_BULK,MLB,False,BULLPEN_PITCHER,P,https://raw.githubusercontent.com/lancebroz/mlb-pitcher-data/main/data/raw/2026/daily/2026-04-04.parquet,https://statsapi.mlb.com/api/v1.1/game/824378/feed/live,True,7,Bot,55,56
824378-623474,824378,2026-04-04,COL,PHI,H,623474,Jimmy Herget,RELIEF_OR_BULK,2.0,16.0,3.0,3.0,0,16,0,3,False,False,15,4,4,0,0,0,0,2,0,https://raw.githubusercontent.com/lancebroz/mlb-pitcher-data/main/data/raw/2026/daily/2026-04-04.parquet,QA_VALIDATED_CANONICAL_V2,RELIEF_OR_BULK,MLB,False,BULLPEN_PITCHER,P,https://raw.githubusercontent.com/lancebroz/mlb-pitcher-data/main/data/raw/2026/daily/2026-04-04.parquet,https://statsapi.mlb.com/api/v1.1/game/824378/feed/live,True,1,Top,5,12
824378-641745,824378,2026-04-04,PHI,COL,A,641745,Brad Keller,RELIEF_OR_BULK,2.0,22.0,6.0,3.0,0,22,0,6,False,False,13,4,3,0,0,1,0,0,0,https://raw.githubusercontent.com/lancebroz/mlb-pitcher-data/main/data/raw/2026/daily/2026-04-04.parquet,QA_VALIDATED_CANONICAL_V2,RELIEF_OR_BULK,MLB,False,BULLPEN_PITCHER,P,https://raw.githubusercontent.com/lancebroz/mlb-pitcher-data/main/data/raw/2026/daily/2026-04-04.parquet,https://statsapi.mlb.com/api/v1.1/game/824378/feed/live,True,8,Bot,61,64
824378-661395,824378,2026-04-04,PHI,COL,A,661395,Jhoan Duran,RELIEF_OR_BULK,2.0,6.0,2.0,3.0,0,6,0,2,False,False,8,3,3,0,0,0,0,1,0,https://raw.githubusercontent.com/lancebroz/mlb-pitcher-data/main/data/raw/2026/daily/2026-04-04.parquet,QA_VALIDATED_CANONICAL_V2,RELIEF_OR_BULK,MLB,False,BULLPEN_PITCHER,P,https://raw.githubusercontent.com/lancebroz/mlb-pitcher-data/main/data/raw/2026/daily/2026-04-04.parquet,https://statsapi.mlb.com/api/v1.1/game/824378/feed/live,True,9,Bot,69,71
824378-675848,824378,2026-04-04,COL,PHI,H,675848,Juan Mejia,RELIEF_OR_BULK,3.0,38.0,8.0,4.0,0,0,0,0,False,False,14,4,3,0,0,1,0,1,0,https://raw.githubusercontent.com/lancebroz/mlb-pitcher-data/main/data/raw/2026/daily/2026-04-04.parquet,QA_VALIDATED_CANONICAL_V2,RELIEF_OR_BULK,MLB,False,BULLPEN_PITCHER,P,https://raw.githubusercontent.com/lancebroz/mlb-pitcher-data/main/data/raw/2026/daily/2026-04-04.parquet,https://statsapi.mlb.com/api/v1.1/game/824378/feed/live,True,8,Top,57,60
824378-677955,824378,2026-04-04,COL,PHI,H,677955,Jaden Hill,RELIEF_OR_BULK,3.0,16.0,4.0,2.0,0,0,0,0,False,False,14,3,2,0,0,0,1,1,0,https://raw.githubusercontent.com/lancebroz/mlb-pitcher-data/main/data/raw/2026/daily/2026-04-04.parquet,QA_VALIDATED_CANONICAL_V2,RELIEF_OR_BULK,MLB,False,BULLPEN_PITCHER,P,https://raw.githubusercontent.com/lancebroz/mlb-pitcher-data/main/data/raw/2026/daily/2026-04-04.parquet,https://statsapi.mlb.com/api/v1.1/game/824378/feed/live,True,7,Top,49,51
824378-680767,824378,2026-04-04,COL,PHI,H,680767,Victor Vodnik,RELIEF_OR_BULK,2.0,17.0,4.0,3.0,0,17,0,4,False,False,12,4,3,0,0,1,0,0,0,https://raw.githubusercontent.com/lancebroz/mlb-pitcher-data/main/data/raw/2026/daily/2026-04-04.parquet,QA_VALIDATED_CANONICAL_V2,RELIEF_OR_BULK,MLB,False,BULLPEN_PITCHER,P,https://raw.githubusercontent.com/lancebroz/mlb-pitcher-data/main/data/raw/2026/daily/2026-04-04.parquet,https://statsapi.mlb.com/api/v1.1/game/824378/feed/live,True,9,Top,65,68
824378-801403,824378,2026-04-04,COL,PHI,H,801403,Chase Dollander,RELIEF_OR_BULK,4.0,74.0,19.0,12.0,0,0,0,0,False,False,71,18,13,1,1,4,1,6,0,https://raw.githubusercontent.com/lancebroz/mlb-pitcher-data/main/data/raw/2026/daily/2026-04-04.parquet,QA_VALIDATED_CANONICAL_V2,RELIEF_OR_BULK,MLB,False,BULLPEN_PITCHER,P,https://raw.githubusercontent.com/lancebroz/mlb-pitcher-data/main/data/raw/2026/daily/2026-04-04.parquet,https://statsapi.mlb.com/api/v1.1/game/824378/feed/live,True,3,Top,16,48
823239-621366,823239,2026-04-04,SF,NYM,H,621366,Ryan Borucki,RELIEF_OR_BULK,2.0,3.0,1.0,2.0,0,3,0,1,False,False,22,7,4,1,1,3,0,1,1,https://raw.githubusercontent.com/lancebroz/mlb-pitcher-data/main/data/raw/2026/daily/2026-04-04.parquet,QA_VALIDATED_CANONICAL_V2,RELIEF_OR_BULK,MLB,False,BULLPEN_PITCHER,P,https://raw.githubusercontent.com/lancebroz/mlb-pitcher-data/main/data/raw/2026/daily/2026-04-04.parquet,https://statsapi.mlb.com/api/v1.1/game/823239/feed/live,True,5,Top,39,48
823239-668873,823239,2026-04-04,SF,NYM,H,668873,Caleb Kilian,RELIEF_OR_BULK,0.0,5.0,1.0,1.0,5,20,1,6,True,False,12,3,3,0,0,0,0,1,0,https://raw.githubusercontent.com/lancebroz/mlb-pitcher-data/main/data/raw/2026/daily/2026-04-04.parquet,QA_VALIDATED_CANONICAL_V2,RELIEF_OR_BULK,MLB,False,BULLPEN_PITCHER,P,https://raw.githubusercontent.com/lancebroz/mlb-pitcher-data/main/data/raw/2026/daily/2026-04-04.parquet,https://statsapi.mlb.com/api/v1.1/game/823239/feed/live,True,8,Top,62,64
823239-668964,823239,2026-04-04,NYM,SF,A,668964,Tobias Myers,RELIEF_OR_BULK,2.0,20.0,6.0,5.0,0,20,0,6,False,False,30,6,6,0,0,0,0,1,0,https://raw.githubusercontent.com/lancebroz/mlb-pitcher-data/main/data/raw/2026/daily/2026-04-04.parquet,QA_VALIDATED_CANONICAL_V2,RELIEF_OR_BULK,MLB,False,BULLPEN_PITCHER,P,https://raw.githubusercontent.com/lancebroz/mlb-pitcher-data/main/data/raw/2026/daily/2026-04-04.parquet,https://statsapi.mlb.com/api/v1.1/game/823239/feed/live,True,8,Bot,65,73
823239-676775,823239,2026-04-04,SF,NYM,H,676775,Keaton Winn,RELIEF_OR_BULK,4.0,13.0,3.0,3.0,0,0,0,0,False,False,23,6,3,1,1,2,1,1,0,https://raw.githubusercontent.com/lancebroz/mlb-pitcher-data/main/data/raw/2026/daily/2026-04-04.parquet,QA_VALIDATED_CANONICAL_V2,RELIEF_OR_BULK,MLB,False,BULLPEN_PITCHER,P,https://raw.githubusercontent.com/lancebroz/mlb-pitcher-data/main/data/raw/2026/daily/2026-04-04.parquet,https://statsapi.mlb.com/api/v1.1/game/823239/feed/live,True,7,Top,52,57
823239-683766,823239,2026-04-04,SF,NYM,H,683766,Christian Koss,RELIEF_OR_BULK,,,,,0,0,0,0,False,False,9,3,3,0,0,0,0,0,0,https://raw.githubusercontent.com/lancebroz/mlb-pitcher-data/main/data/raw/2026/daily/2026-04-04.parquet,EXCLUIR_POSITION_PLAYER_PITCHING,,,False,POSITION_PLAYER_PITCHING,3B,https://raw.githubusercontent.com/lancebroz/mlb-pitcher-data/main/data/raw/2026/daily/2026-04-04.parquet,https://statsapi.mlb.com/api/v1.1/game/823239/feed/live,True,9,Top,68,70
824054-519141,824054,2026-04-04,LAA,SEA,H,519141,Drew Pomeranz,RELIEF_OR_BULK,0.0,17.0,5.0,3.0,17,17,5,5,True,False,4,1,1,0,0,0,0,0,0,https://raw.githubusercontent.com/lancebroz/mlb-pitcher-data/main/data/raw/2026/daily/2026-04-04.parquet,QA_VALIDATED_CANONICAL_V2,RELIEF_OR_BULK,MLB,False,BULLPEN_PITCHER,P,https://raw.githubusercontent.com/lancebroz/mlb-pitcher-data/main/data/raw/2026/daily/2026-04-04.parquet,https://statsapi.mlb.com/api/v1.1/game/824054/feed/live,True,8,Top,59,59
824054-605447,824054,2026-04-04,LAA,SEA,H,605447,Jordan Romano,RELIEF_OR_BULK,0.0,16.0,3.0,3.0,16,16,3,3,True,False,15,3,3,0,0,0,0,1,0,https://raw.githubusercontent.com/lancebroz/mlb-pitcher-data/main/data/raw/2026/daily/2026-04-04.parquet,QA_VALIDATED_CANONICAL_V2,RELIEF_OR_BULK,MLB,False,BULLPEN_PITCHER,P,https://raw.githubusercontent.com/lancebroz/mlb-pitcher-data/main/data/raw/2026/daily/2026-04-04.parquet,https://statsapi.mlb.com/api/v1.1/game/824054/feed/live,True,9,Top,63,65
824054-660825,824054,2026-04-04,SEA,LAA,A,660825,Eduard Bazardo,RELIEF_OR_BULK,4.0,6.0,2.0,2.0,0,0,0,0,False,False,25,5,4,0,0,1,0,2,0,https://raw.githubusercontent.com/lancebroz/mlb-pitcher-data/main/data/raw/2026/daily/2026-04-04.parquet,QA_VALIDATED_CANONICAL_V2,RELIEF_OR_BULK,MLB,False,BULLPEN_PITCHER,P,https://raw.githubusercontent.com/lancebroz/mlb-pitcher-data/main/data/raw/2026/daily/2026-04-04.parquet,https://statsapi.mlb.com/api/v1.1/game/824054/feed/live,True,7,Bot,54,62
824054-664192,824054,2026-04-04,LAA,SEA,H,664192,Joey Lucchesi,RELIEF_OR_BULK,4.0,29.0,7.0,5.0,0,0,0,0,False,False,11,3,1,0,0,0,1,0,0,https://raw.githubusercontent.com/lancebroz/mlb-pitcher-data/main/data/raw/2026/daily/2026-04-04.parquet,QA_VALIDATED_CANONICAL_V2,RELIEF_OR_BULK,MLB,False,BULLPEN_PITCHER,P,https://raw.githubusercontent.com/lancebroz/mlb-pitcher-data/main/data/raw/2026/daily/2026-04-04.parquet,https://statsapi.mlb.com/api/v1.1/game/824054/feed/live,True,6,Top,42,47
824054-681217,824054,2026-04-04,LAA,SEA,H,681217,Chase Silseth,RELIEF_OR_BULK,0.0,5.0,1.0,1.0,5,5,1,1,True,False,16,3,3,0,0,0,0,2,0,https://raw.githubusercontent.com/lancebroz/mlb-pitcher-data/main/data/raw/2026/daily/2026-04-04.parquet,QA_VALIDATED_CANONICAL_V2,RELIEF_OR_BULK,MLB,False,BULLPEN_PITCHER,P,https://raw.githubusercontent.com/lancebroz/mlb-pitcher-data/main/data/raw/2026/daily/2026-04-04.parquet,https://statsapi.mlb.com/api/v1.1/game/824054/feed/live,True,7,Top,48,50
824054-696147,824054,2026-04-04,LAA,SEA,H,696147,Sam Bachman,RELIEF_OR_BULK,5.0,34.0,8.0,6.0,0,0,0,0,False,False,8,3,2,0,0,1,0,0,0,https://raw.githubusercontent.com/lancebroz/mlb-pitcher-data/main/data/raw/2026/daily/2026-04-04.parquet,QA_VALIDATED_CANONICAL_V2,RELIEF_OR_BULK,MLB,False,BULLPEN_PITCHER,P,https://raw.githubusercontent.com/lancebroz/mlb-pitcher-data/main/data/raw/2026/daily/2026-04-04.parquet,https://statsapi.mlb.com/api/v1.1/game/824054/feed/live,True,8,Top,56,58
824459-571948,824459,2026-04-05,CHC,CLE,A,571948,Hoby Milner,RELIEF_OR_BULK,1.0,10.0,6.0,5.0,10,10,6,6,False,False,14,3,3,0,0,0,0,0,0,https://raw.githubusercontent.com/lancebroz/mlb-pitcher-data/main/data/raw/2026/daily/2026-04-05.parquet,QA_VALIDATED_CANONICAL_V2,RELIEF_OR_BULK,MLB,False,BULLPEN_PITCHER,P,https://raw.githubusercontent.com/lancebroz/mlb-pitcher-data/main/data/raw/2026/daily/2026-04-05.parquet,https://statsapi.mlb.com/api/v1.1/game/824459/feed/live,True,8,Bot,56,58
824459-573204,824459,2026-04-05,CHC,CLE,A,573204,Caleb Thielbar,RELIEF_OR_BULK,3.0,13.0,3.0,3.0,0,0,0,0,False,False,28,5,4,0,0,0,1,0,0,https://raw.githubusercontent.com/lancebroz/mlb-pitcher-data/main/data/raw/2026/daily/2026-04-05.parquet,QA_VALIDATED_CANONICAL_V2,RELIEF_OR_BULK,MLB,False,BULLPEN_PITCHER,P,https://raw.githubusercontent.com/lancebroz/mlb-pitcher-data/main/data/raw/2026/daily/2026-04-05.parquet,https://statsapi.mlb.com/api/v1.1/game/824459/feed/live,True,6,Bot,43,50
824459-641401,824459,2026-04-05,CLE,CHC,H,641401,Connor Brogdon,RELIEF_OR_BULK,1.0,13.0,3.0,3.0,13,13,3,3,False,False,19,5,3,1,1,1,1,0,0,https://raw.githubusercontent.com/lancebroz/mlb-pitcher-data/main/data/raw/2026/daily/2026-04-05.parquet,QA_VALIDATED_CANONICAL_V2,RELIEF_OR_BULK,MLB,False,BULLPEN_PITCHER,P,https://raw.githubusercontent.com/lancebroz/mlb-pitcher-data/main/data/raw/2026/daily/2026-04-05.parquet,https://statsapi.mlb.com/api/v1.1/game/824459/feed/live,True,8,Top,51,55
824459-682120,824459,2026-04-05,CLE,CHC,H,682120,Tim Herrin,RELIEF_OR_BULK,7.0,19.0,4.0,2.0,0,0,0,0,False,False,17,3,3,0,0,0,0,2,0,https://raw.githubusercontent.com/lancebroz/mlb-pitcher-data/main/data/raw/2026/daily/2026-04-05.parquet,QA_VALIDATED_CANONICAL_V2,RELIEF_OR_BULK,MLB,False,BULLPEN_PITCHER,P,https://raw.githubusercontent.com/lancebroz/mlb-pitcher-data/main/data/raw/2026/daily/2026-04-05.parquet,https://statsapi.mlb.com/api/v1.1/game/824459/feed/live,True,7,Top,44,46
824459-688883,824459,2026-04-05,CLE,CHC,H,688883,Peyton Pallette,RELIEF_OR_BULK,6.0,38.0,9.0,5.0,0,0,0,0,False,False,15,4,3,0,0,0,0,2,0,https://raw.githubusercontent.com/lancebroz/mlb-pitcher-data/main/data/raw/2026/daily/2026-04-05.parquet,QA_VALIDATED_CANONICAL_V2,RELIEF_OR_BULK,MLB,False,BULLPEN_PITCHER,P,https://raw.githubusercontent.com/lancebroz/mlb-pitcher-data/main/data/raw/2026/daily/2026-04-05.parquet,https://statsapi.mlb.com/api/v1.1/game/824459/feed/live,True,9,Top,59,62
824459-694037,824459,2026-04-05,CHC,CLE,A,694037,Daniel Palencia,RELIEF_OR_BULK,3.0,9.0,4.0,3.0,0,0,0,0,False,False,13,3,3,0,0,0,0,1,0,https://raw.githubusercontent.com/lancebroz/mlb-pitcher-data/main/data/raw/2026/daily/2026-04-05.parquet,QA_VALIDATED_CANONICAL_V2,RELIEF_OR_BULK,MLB,False,BULLPEN_PITCHER,P,https://raw.githubusercontent.com/lancebroz/mlb-pitcher-data/main/data/raw/2026/daily/2026-04-05.parquet,https://statsapi.mlb.com/api/v1.1/game/824459/feed/live,True,9,Bot,63,65
824460-542888,824460,2026-04-05,CLE,CHC,H,542888,Shawn Armstrong,RELIEF_OR_BULK,1.0,13.0,3.0,3.0,13,13,3,3,False,False,29,6,4,1,1,1,1,2,1,https://raw.githubusercontent.com/lancebroz/mlb-pitcher-data/main/data/raw/2026/daily/2026-04-05.parquet,QA_VALIDATED_CANONICAL_V2,RELIEF_OR_BULK,MLB,False,BULLPEN_PITCHER,P,https://raw.githubusercontent.com/lancebroz/mlb-pitcher-data/main/data/raw/2026/daily/2026-04-05.parquet,https://statsapi.mlb.com/api/v1.1/game/824460/feed/live,True,7,Top,54,62
824460-657097,824460,2026-04-05,CHC,CLE,A,657097,Jacob Webb,RELIEF_OR_BULK,1.0,29.0,5.0,4.0,29,29,5,5,False,False,20,5,1,3,3,3,1,0,1,https://raw.githubusercontent.com/lancebroz/mlb-pitcher-data/main/data/raw/2026/daily/2026-04-05.parquet,QA_VALIDATED_CANONICAL_V2,RELIEF_OR_BULK,MLB,False,BULLPEN_PITCHER,P,https://raw.githubusercontent.com/lancebroz/mlb-pitcher-data/main/data/raw/2026/daily/2026-04-05.parquet,https://statsapi.mlb.com/api/v1.1/game/824460/feed/live,True,8,Bot,63,67
824460-670036,824460,2026-04-05,CLE,CHC,H,670036,Matt Festa,RELIEF_OR_BULK,1.0,4.0,2.0,2.0,4,4,2,2,False,False,13,5,3,2,2,2,0,1,1,https://raw.githubusercontent.com/lancebroz/mlb-pitcher-data/main/data/raw/2026/daily/2026-04-05.parquet,QA_VALIDATED_CANONICAL_V2,RELIEF_OR_BULK,MLB,False,BULLPEN_PITCHER,P,https://raw.githubusercontent.com/lancebroz/mlb-pitcher-data/main/data/raw/2026/daily/2026-04-05.parquet,https://statsapi.mlb.com/api/v1.1/game/824460/feed/live,True,6,Top,38,42
824460-671922,824460,2026-04-05,CLE,CHC,H,671922,Cade Smith,RELIEF_OR_BULK,1.0,22.0,4.0,3.0,22,22,4,4,False,False,33,6,3,1,1,1,2,2,0,https://raw.githubusercontent.com/lancebroz/mlb-pitcher-data/main/data/raw/2026/daily/2026-04-05.parquet,QA_VALIDATED_CANONICAL_V2,RELIEF_OR_BULK,MLB,False,BULLPEN_PITCHER,P,https://raw.githubusercontent.com/lancebroz/mlb-pitcher-data/main/data/raw/2026/daily/2026-04-05.parquet,https://statsapi.mlb.com/api/v1.1/game/824460/feed/live,True,9,Top,71,76
824460-676962,824460,2026-04-05,CHC,CLE,A,676962,Ben Brown,RELIEF_OR_BULK,4.0,50.0,12.0,10.0,0,0,0,0,False,False,42,10,6,2,2,2,2,0,0,https://raw.githubusercontent.com/lancebroz/mlb-pitcher-data/main/data/raw/2026/daily/2026-04-05.parquet,QA_VALIDATED_CANONICAL_V2,RELIEF_OR_BULK,MLB,False,BULLPEN_PITCHER,P,https://raw.githubusercontent.com/lancebroz/mlb-pitcher-data/main/data/raw/2026/daily/2026-04-05.parquet,https://statsapi.mlb.com/api/v1.1/game/824460/feed/live,True,6,Bot,44,57
824460-681799,824460,2026-04-05,CHC,CLE,A,681799,Ethan Roberts,RELIEF_OR_BULK,,,,,0,0,0,0,False,False,13,3,2,0,0,1,0,0,0,https://raw.githubusercontent.com/lancebroz/mlb-pitcher-data/main/data/raw/2026/daily/2026-04-05.parquet,QA_VALIDATED_CANONICAL_V2,,,False,BULLPEN_PITCHER,P,https://raw.githubusercontent.com/lancebroz/mlb-pitcher-data/main/data/raw/2026/daily/2026-04-05.parquet,https://statsapi.mlb.com/api/v1.1/game/824460/feed/live,True,8,Bot,68,70
824460-681870,824460,2026-04-05,CLE,CHC,H,681870,Erik Sabrowski,RELIEF_OR_BULK,3.0,3.0,1.0,1.0,0,0,0,0,False,False,14,3,2,0,0,1,0,1,0,https://raw.githubusercontent.com/lancebroz/mlb-pitcher-data/main/data/raw/2026/daily/2026-04-05.parquet,QA_VALIDATED_CANONICAL_V2,RELIEF_OR_BULK,MLB,False,BULLPEN_PITCHER,P,https://raw.githubusercontent.com/lancebroz/mlb-pitcher-data/main/data/raw/2026/daily/2026-04-05.parquet,https://statsapi.mlb.com/api/v1.1/game/824460/feed/live,True,7,Top,51,53
822756-621242,822756,2026-04-05,LAD,WSH,A,621242,Edwin Díaz,RELIEF_OR_BULK,4.0,33.0,6.0,3.0,0,0,0,0,False,False,13,3,3,0,0,0,0,1,0,https://raw.githubusercontent.com/lancebroz/mlb-pitcher-data/main/data/raw/2026/daily/2026-04-05.parquet,QA_VALIDATED_CANONICAL_V2,RELIEF_OR_BULK,MLB,False,BULLPEN_PITCHER,P,https://raw.githubusercontent.com/lancebroz/mlb-pitcher-data/main/data/raw/2026/daily/2026-04-05.parquet,https://statsapi.mlb.com/api/v1.1/game/822756/feed/live,True,9,Bot,78,80
822756-656945,822756,2026-04-05,LAD,WSH,A,656945,Tanner Scott,RELIEF_OR_BULK,0.0,14.0,4.0,3.0,14,14,4,4,True,False,15,4,3,0,0,1,0,1,0,https://raw.githubusercontent.com/lancebroz/mlb-pitcher-data/main/data/raw/2026/daily/2026-04-05.parquet,QA_VALIDATED_CANONICAL_V2,RELIEF_OR_BULK,MLB,False,BULLPEN_PITCHER,P,https://raw.githubusercontent.com/lancebroz/mlb-pitcher-data/main/data/raw/2026/daily/2026-04-05.parquet,https://statsapi.mlb.com/api/v1.1/game/822756/feed/live,True,8,Bot,70,73
822756-672335,822756,2026-04-05,WSH,LAD,H,672335,Cionel Pérez,RELIEF_OR_BULK,3.0,21.0,5.0,2.0,0,0,0,0,False,False,20,5,0,4,4,3,2,0,0,https://raw.githubusercontent.com/lancebroz/mlb-pitcher-data/main/data/raw/2026/daily/2026-04-05.parquet,QA_VALIDATED_CANONICAL_V2,RELIEF_OR_BULK,MLB,False,BULLPEN_PITCHER,P,https://raw.githubusercontent.com/lancebroz/mlb-pitcher-data/main/data/raw/2026/daily/2026-04-05.parquet,https://statsapi.mlb.com/api/v1.1/game/822756/feed/live,True,8,Top,62,66
822756-676263,822756,2026-04-05,LAD,WSH,A,676263,Jack Dreyer,RELIEF_OR_BULK,1.0,4.0,1.0,1.0,4,4,1,1,False,False,16,4,3,0,0,0,1,1,0,https://raw.githubusercontent.com/lancebroz/mlb-pitcher-data/main/data/raw/2026/daily/2026-04-05.parquet,QA_VALIDATED_CANONICAL_V2,RELIEF_OR_BULK,MLB,False,BULLPEN_PITCHER,P,https://raw.githubusercontent.com/lancebroz/mlb-pitcher-data/main/data/raw/2026/daily/2026-04-05.parquet,https://statsapi.mlb.com/api/v1.1/game/822756/feed/live,True,7,Bot,58,61
822756-676571,822756,2026-04-05,WSH,LAD,H,676571,PJ Poulin,RELIEF_OR_BULK,3.0,15.0,3.0,1.0,0,0,0,0,False,False,34,8,6,2,2,2,0,2,1,https://raw.githubusercontent.com/lancebroz/mlb-pitcher-data/main/data/raw/2026/daily/2026-04-05.parquet,QA_VALIDATED_CANONICAL_V2,RELIEF_OR_BULK,MLB,False,BULLPEN_PITCHER,P,https://raw.githubusercontent.com/lancebroz/mlb-pitcher-data/main/data/raw/2026/daily/2026-04-05.parquet,https://statsapi.mlb.com/api/v1.1/game/822756/feed/live,True,6,Top,45,57
822756-681911,822756,2026-04-05,LAD,WSH,A,681911,Alex Vesia,RELIEF_OR_BULK,4.0,14.0,3.0,3.0,0,0,0,0,False,False,17,5,3,0,0,1,1,0,0,https://raw.githubusercontent.com/lancebroz/mlb-pitcher-data/main/data/raw/2026/daily/2026-04-05.parquet,QA_VALIDATED_CANONICAL_V2,RELIEF_OR_BULK,MLB,False,BULLPEN_PITCHER,P,https://raw.githubusercontent.com/lancebroz/mlb-pitcher-data/main/data/raw/2026/daily/2026-04-05.parquet,https://statsapi.mlb.com/api/v1.1/game/822756/feed/live,True,6,Bot,50,54
822756-690925,822756,2026-04-05,WSH,LAD,H,690925,Clayton Beeter,RELIEF_OR_BULK,3.0,16.0,4.0,3.0,0,0,0,0,False,False,25,6,5,1,1,1,0,2,1,https://raw.githubusercontent.com/lancebroz/mlb-pitcher-data/main/data/raw/2026/daily/2026-04-05.parquet,QA_VALIDATED_CANONICAL_V2,RELIEF_OR_BULK,MLB,False,BULLPEN_PITCHER,P,https://raw.githubusercontent.com/lancebroz/mlb-pitcher-data/main/data/raw/2026/daily/2026-04-05.parquet,https://statsapi.mlb.com/api/v1.1/game/822756/feed/live,True,8,Top,67,76
822756-701552,822756,2026-04-05,WSH,LAD,H,701552,Andre Granillo,RELIEF_OR_BULK,1.0,27.0,9.0,6.0,27,27,9,9,False,False,8,1,1,0,0,0,0,0,0,https://raw.githubusercontent.com/lancebroz/mlb-pitcher-data/main/data/raw/2026/daily/2026-04-05.parquet,QA_VALIDATED_CANONICAL_V2,RELIEF_OR_BULK,MLB,False,BULLPEN_PITCHER,P,https://raw.githubusercontent.com/lancebroz/mlb-pitcher-data/main/data/raw/2026/daily/2026-04-05.parquet,https://statsapi.mlb.com/api/v1.1/game/822756/feed/live,True,9,Top,77,77
823405-664353,823405,2026-04-05,PIT,BAL,H,664353,José Urquidy,RELIEF_OR_BULK,6.0,11.0,4.0,3.0,0,0,0,0,False,False,31,6,6,0,0,1,0,3,0,https://raw.githubusercontent.com/lancebroz/mlb-pitcher-data/main/data/raw/2026/daily/2026-04-05.parquet,QA_VALIDATED_CANONICAL_V2,RELIEF_OR_BULK,MLB,False,BULLPEN_PITCHER,P,https://raw.githubusercontent.com/lancebroz/mlb-pitcher-data/main/data/raw/2026/daily/2026-04-05.parquet,https://statsapi.mlb.com/api/v1.1/game/823405/feed/live,True,8,Top,63,72
823405-666974,823405,2026-04-05,BAL,PIT,A,666974,Yennier Cano,RELIEF_OR_BULK,4.0,9.0,5.0,3.0,0,0,0,0,False,False,7,1,1,0,0,0,0,1,0,https://raw.githubusercontent.com/lancebroz/mlb-pitcher-data/main/data/raw/2026/daily/2026-04-05.parquet,QA_VALIDATED_CANONICAL_V2,RELIEF_OR_BULK,MLB,False,BULLPEN_PITCHER,P,https://raw.githubusercontent.com/lancebroz/mlb-pitcher-data/main/data/raw/2026/daily/2026-04-05.parquet,https://statsapi.mlb.com/api/v1.1/game/823405/feed/live,True,8,Bot,69,69
823405-682254,823405,2026-04-05,PIT,BAL,H,682254,Mason Montgomery,RELIEF_OR_BULK,1.0,9.0,2.0,2.0,9,9,2,2,False,False,25,6,3,1,1,3,0,3,0,https://raw.githubusercontent.com/lancebroz/mlb-pitcher-data/main/data/raw/2026/daily/2026-04-05.parquet,QA_VALIDATED_CANONICAL_V2,RELIEF_OR_BULK,MLB,False,BULLPEN_PITCHER,P,https://raw.githubusercontent.com/lancebroz/mlb-pitcher-data/main/data/raw/2026/daily/2026-04-05.parquet,https://statsapi.mlb.com/api/v1.1/game/823405/feed/live,True,7,Top,53,58
823405-700249,823405,2026-04-05,BAL,PIT,A,700249,Cade Povich,RELIEF_OR_BULK,,,,,0,0,0,0,False,False,87,24,17,2,2,4,3,2,1,https://raw.githubusercontent.com/lancebroz/mlb-pitcher-data/main/data/raw/2026/daily/2026-04-05.parquet,QA_VALIDATED_CANONICAL_V2,,,False,BULLPEN_PITCHER,P,https://raw.githubusercontent.com/lancebroz/mlb-pitcher-data/main/data/raw/2026/daily/2026-04-05.parquet,https://statsapi.mlb.com/api/v1.1/game/823405/feed/live,True,3,Bot,24,68
823566-518585,823566,2026-04-05,NYY,MIA,H,518585,Fernando Cruz,RELIEF_OR_BULK,0.0,5.0,2.0,2.0,5,5,2,2,True,False,16,3,2,1,1,0,1,2,0,https://raw.githubusercontent.com/lancebroz/mlb-pitcher-data/main/data/raw/2026/daily/2026-04-05.parquet,QA_VALIDATED_CANONICAL_V2,RELIEF_OR_BULK,MLB,False,BULLPEN_PITCHER,P,https://raw.githubusercontent.com/lancebroz/mlb-pitcher-data/main/data/raw/2026/daily/2026-04-05.parquet,https://statsapi.mlb.com/api/v1.1/game/823566/feed/live,True,7,Top,55,62
823566-642232,823566,2026-04-05,NYY,MIA,H,642232,Ryan Yarbrough,RELIEF_OR_BULK,1.0,10.0,3.0,3.0,10,10,3,3,False,False,23,6,5,0,0,1,0,3,0,https://raw.githubusercontent.com/lancebroz/mlb-pitcher-data/main/data/raw/2026/daily/2026-04-05.parquet,QA_VALIDATED_CANONICAL_V2,RELIEF_OR_BULK,MLB,False,BULLPEN_PITCHER,P,https://raw.githubusercontent.com/lancebroz/mlb-pitcher-data/main/data/raw/2026/daily/2026-04-05.parquet,https://statsapi.mlb.com/api/v1.1/game/823566/feed/live,True,8,Top,66,75
823566-656234,823566,2026-04-05,NYY,MIA,H,656234,Jake Bird,RELIEF_OR_BULK,1.0,11.0,3.0,3.0,11,11,3,3,False,False,10,3,0,3,3,1,1,0,0,https://raw.githubusercontent.com/lancebroz/mlb-pitcher-data/main/data/raw/2026/daily/2026-04-05.parquet,QA_VALIDATED_CANONICAL_V2,RELIEF_OR_BULK,MLB,False,BULLPEN_PITCHER,P,https://raw.githubusercontent.com/lancebroz/mlb-pitcher-data/main/data/raw/2026/daily/2026-04-05.parquet,https://statsapi.mlb.com/api/v1.1/game/823566/feed/live,True,8,Top,63,65
823566-663978,823566,2026-04-05,MIA,NYY,A,663978,Chris Paddack,RELIEF_OR_BULK,5.0,79.0,21.0,12.0,0,0,0,0,False,False,88,22,14,1,0,3,4,4,0,https://raw.githubusercontent.com/lancebroz/mlb-pitcher-data/main/data/raw/2026/daily/2026-04-05.parquet,QA_VALIDATED_CANONICAL_V2,STARTER,MLB,False,BULLPEN_PITCHER,P,https://raw.githubusercontent.com/lancebroz/mlb-pitcher-data/main/data/raw/2026/daily/2026-04-05.parquet,https://statsapi.mlb.com/api/v1.1/game/823566/feed/live,True,3,Bot,22,59
823566-667463,823566,2026-04-05,MIA,NYY,A,667463,John King,RELIEF_OR_BULK,0.0,10.0,2.0,2.0,10,10,2,2,True,False,5,1,1,0,0,0,0,0,0,https://raw.githubusercontent.com/lancebroz/mlb-pitcher-data/main/data/raw/2026/daily/2026-04-05.parquet,QA_VALIDATED_CANONICAL_V2,RELIEF_OR_BULK,MLB,False,BULLPEN_PITCHER,P,https://raw.githubusercontent.com/lancebroz/mlb-pitcher-data/main/data/raw/2026/daily/2026-04-05.parquet,https://statsapi.mlb.com/api/v1.1/game/823566/feed/live,True,7,Bot,60,60
823566-669622,823566,2026-04-05,MIA,NYY,A,669622,Anthony Bender,RELIEF_OR_BULK,0.0,15.0,4.0,1.0,15,15,4,4,True,False,31,7,3,2,2,1,3,2,0,https://raw.githubusercontent.com/lancebroz/mlb-pitcher-data/main/data/raw/2026/daily/2026-04-05.parquet,QA_VALIDATED_CANONICAL_V2,RELIEF_OR_BULK,MLB,False,BULLPEN_PITCHER,P,https://raw.githubusercontent.com/lancebroz/mlb-pitcher-data/main/data/raw/2026/daily/2026-04-05.parquet,https://statsapi.mlb.com/api/v1.1/game/823566/feed/live,True,9,Bot,76,82
823566-676534,823566,2026-04-05,MIA,NYY,A,676534,Calvin Faucher,RELIEF_OR_BULK,0.0,16.0,4.0,3.0,16,16,4,4,True,False,23,4,3,0,0,0,1,1,0,https://raw.githubusercontent.com/lancebroz/mlb-pitcher-data/main/data/raw/2026/daily/2026-04-05.parquet,QA_VALIDATED_CANONICAL_V2,RELIEF_OR_BULK,MLB,False,BULLPEN_PITCHER,P,https://raw.githubusercontent.com/lancebroz/mlb-pitcher-data/main/data/raw/2026/daily/2026-04-05.parquet,https://statsapi.mlb.com/api/v1.1/game/823566/feed/live,True,8,Bot,69,72
823566-677053,823566,2026-04-05,MIA,NYY,A,677053,Andrew Nardi,RELIEF_OR_BULK,0.0,21.0,4.0,1.0,21,21,4,4,True,False,12,3,3,0,0,0,0,1,0,https://raw.githubusercontent.com/lancebroz/mlb-pitcher-data/main/data/raw/2026/daily/2026-04-05.parquet,QA_VALIDATED_CANONICAL_V2,RELIEF_OR_BULK,MLB,False,BULLPEN_PITCHER,P,https://raw.githubusercontent.com/lancebroz/mlb-pitcher-data/main/data/raw/2026/daily/2026-04-05.parquet,https://statsapi.mlb.com/api/v1.1/game/823566/feed/live,True,2,Bot,15,17
824781-543056,824781,2026-04-05,BOS,SD,H,543056,Danny Coulombe,RELIEF_OR_BULK,0.0,8.0,2.0,2.0,8,8,2,2,True,False,2,1,1,0,0,0,0,0,0,https://raw.githubusercontent.com/lancebroz/mlb-pitcher-data/main/data/raw/2026/daily/2026-04-05.parquet,QA_VALIDATED_CANONICAL_V2,RELIEF_OR_BULK,MLB,False,BULLPEN_PITCHER,P,https://raw.githubusercontent.com/lancebroz/mlb-pitcher-data/main/data/raw/2026/daily/2026-04-05.parquet,https://statsapi.mlb.com/api/v1.1/game/824781/feed/live,True,8,Top,68,68
824781-593974,824781,2026-04-05,SD,BOS,A,593974,Wandy Peralta,RELIEF_OR_BULK,1.0,20.0,6.0,4.0,20,20,6,6,False,False,10,3,1,1,1,2,0,0,0,https://raw.githubusercontent.com/lancebroz/mlb-pitcher-data/main/data/raw/2026/daily/2026-04-05.parquet,QA_VALIDATED_CANONICAL_V2,RELIEF_OR_BULK,MLB,False,BULLPEN_PITCHER,P,https://raw.githubusercontent.com/lancebroz/mlb-pitcher-data/main/data/raw/2026/daily/2026-04-05.parquet,https://statsapi.mlb.com/api/v1.1/game/824781/feed/live,True,7,Bot,60,62
824781-606996,824781,2026-04-05,SD,BOS,A,606996,Kyle Hart,RELIEF_OR_BULK,4.0,42.0,11.0,7.0,0,0,0,0,False,False,28,9,7,0,0,1,1,0,0,https://raw.githubusercontent.com/lancebroz/mlb-pitcher-data/main/data/raw/2026/daily/2026-04-05.parquet,QA_VALIDATED_CANONICAL_V2,RELIEF_OR_BULK,MLB,False,BULLPEN_PITCHER,P,https://raw.githubusercontent.com/lancebroz/mlb-pitcher-data/main/data/raw/2026/daily/2026-04-05.parquet,https://statsapi.mlb.com/api/v1.1/game/824781/feed/live,True,3,Bot,23,45
824781-669093,824781,2026-04-05,SD,BOS,A,669093,Jeremiah Estrada,RELIEF_OR_BULK,0.0,10.0,3.0,3.0,10,10,3,3,True,False,13,3,3,0,0,0,0,1,0,https://raw.githubusercontent.com/lancebroz/mlb-pitcher-data/main/data/raw/2026/daily/2026-04-05.parquet,QA_VALIDATED_CANONICAL_V2,RELIEF_OR_BULK,MLB,False,BULLPEN_PITCHER,P,https://raw.githubusercontent.com/lancebroz/mlb-pitcher-data/main/data/raw/2026/daily/2026-04-05.parquet,https://statsapi.mlb.com/api/v1.1/game/824781/feed/live,True,8,Bot,69,71
824781-669711,824781,2026-04-05,BOS,SD,H,669711,Greg Weissert,RELIEF_OR_BULK,1.0,17.0,3.0,3.0,17,17,3,3,False,False,18,5,3,2,2,2,0,3,1,https://raw.githubusercontent.com/lancebroz/mlb-pitcher-data/main/data/raw/2026/daily/2026-04-05.parquet,QA_VALIDATED_CANONICAL_V2,RELIEF_OR_BULK,MLB,False,BULLPEN_PITCHER,P,https://raw.githubusercontent.com/lancebroz/mlb-pitcher-data/main/data/raw/2026/daily/2026-04-05.parquet,https://statsapi.mlb.com/api/v1.1/game/824781/feed/live,True,5,Top,37,41
824781-677161,824781,2026-04-05,BOS,SD,H,677161,Zack Kelly,RELIEF_OR_BULK,0.0,9.0,3.0,3.0,9,9,3,3,True,False,17,4,3,1,1,1,0,0,0,https://raw.githubusercontent.com/lancebroz/mlb-pitcher-data/main/data/raw/2026/daily/2026-04-05.parquet,QA_VALIDATED_CANONICAL_V2,RELIEF_OR_BULK,MLB,False,BULLPEN_PITCHER,P,https://raw.githubusercontent.com/lancebroz/mlb-pitcher-data/main/data/raw/2026/daily/2026-04-05.parquet,https://statsapi.mlb.com/api/v1.1/game/824781/feed/live,True,9,Top,72,75
824781-695243,824781,2026-04-05,SD,BOS,A,695243,Mason Miller,RELIEF_OR_BULK,0.0,11.0,3.0,3.0,11,11,3,3,True,False,12,3,3,0,0,0,0,3,0,https://raw.githubusercontent.com/lancebroz/mlb-pitcher-data/main/data/raw/2026/daily/2026-04-05.parquet,QA_VALIDATED_CANONICAL_V2,RELIEF_OR_BULK,MLB,False,BULLPEN_PITCHER,P,https://raw.githubusercontent.com/lancebroz/mlb-pitcher-data/main/data/raw/2026/daily/2026-04-05.parquet,https://statsapi.mlb.com/api/v1.1/game/824781/feed/live,True,9,Bot,76,78
824781-699134,824781,2026-04-05,SD,BOS,A,699134,Bradgley Rodriguez,RELIEF_OR_BULK,4.0,17.0,6.0,5.0,0,0,0,0,False,False,25,8,5,1,1,3,0,2,0,https://raw.githubusercontent.com/lancebroz/mlb-pitcher-data/main/data/raw/2026/daily/2026-04-05.parquet,QA_VALIDATED_CANONICAL_V2,RELIEF_OR_BULK,MLB,False,BULLPEN_PITCHER,P,https://raw.githubusercontent.com/lancebroz/mlb-pitcher-data/main/data/raw/2026/daily/2026-04-05.parquet,https://statsapi.mlb.com/api/v1.1/game/824781/feed/live,True,6,Bot,49,59
824781-700413,824781,2026-04-05,BOS,SD,H,700413,Tyler Uberstine,RELIEF_OR_BULK,,,,,0,0,0,0,False,False,45,11,8,1,1,3,1,2,1,https://raw.githubusercontent.com/lancebroz/mlb-pitcher-data/main/data/raw/2026/daily/2026-04-05.parquet,QA_VALIDATED_CANONICAL_V2,,,False,BULLPEN_PITCHER,P,https://raw.githubusercontent.com/lancebroz/mlb-pitcher-data/main/data/raw/2026/daily/2026-04-05.parquet,https://statsapi.mlb.com/api/v1.1/game/824781/feed/live,True,6,Top,46,67
823729-573124,823729,2026-04-05,MIN,TB,H,573124,Taylor Rogers,RELIEF_OR_BULK,0.0,23.0,5.0,3.0,23,27,5,6,True,False,18,4,2,0,0,0,2,0,0,https://raw.githubusercontent.com/lancebroz/mlb-pitcher-data/main/data/raw/2026/daily/2026-04-05.parquet,QA_VALIDATED_CANONICAL_V2,RELIEF_OR_BULK,MLB,False,BULLPEN_PITCHER,P,https://raw.githubusercontent.com/lancebroz/mlb-pitcher-data/main/data/raw/2026/daily/2026-04-05.parquet,https://statsapi.mlb.com/api/v1.1/game/823729/feed/live,True,10,Top,69,72
823729-623437,823729,2026-04-05,MIN,TB,H,623437,Justin Topa,RELIEF_OR_BULK,1.0,17.0,4.0,2.0,17,30,4,8,False,False,15,4,1,3,2,2,1,0,1,https://raw.githubusercontent.com/lancebroz/mlb-pitcher-data/main/data/raw/2026/daily/2026-04-05.parquet,QA_VALIDATED_CANONICAL_V2,RELIEF_OR_BULK,MLB,False,BULLPEN_PITCHER,P,https://raw.githubusercontent.com/lancebroz/mlb-pitcher-data/main/data/raw/2026/daily/2026-04-05.parquet,https://statsapi.mlb.com/api/v1.1/game/823729/feed/live,True,10,Top,65,68
823729-641329,823729,2026-04-05,TB,MIN,A,641329,Bryan Baker,RELIEF_OR_BULK,6.0,10.0,3.0,3.0,0,0,0,0,False,False,14,3,3,0,0,0,0,2,0,https://raw.githubusercontent.com/lancebroz/mlb-pitcher-data/main/data/raw/2026/daily/2026-04-05.parquet,QA_VALIDATED_CANONICAL_V2,RELIEF_OR_BULK,MLB,False,BULLPEN_PITCHER,P,https://raw.githubusercontent.com/lancebroz/mlb-pitcher-data/main/data/raw/2026/daily/2026-04-05.parquet,https://statsapi.mlb.com/api/v1.1/game/823729/feed/live,True,9,Bot,62,64
823729-643377,823729,2026-04-05,TB,MIN,A,643377,Griffin Jax,RELIEF_OR_BULK,3.0,20.0,5.0,0.0,0,0,0,0,False,False,30,8,6,0,0,2,1,0,0,https://raw.githubusercontent.com/lancebroz/mlb-pitcher-data/main/data/raw/2026/daily/2026-04-05.parquet,QA_VALIDATED_CANONICAL_V2,RELIEF_OR_BULK,MLB,False,BULLPEN_PITCHER,P,https://raw.githubusercontent.com/lancebroz/mlb-pitcher-data/main/data/raw/2026/daily/2026-04-05.parquet,https://statsapi.mlb.com/api/v1.1/game/823729/feed/live,True,7,Bot,47,58
823729-663485,823729,2026-04-05,MIN,TB,H,663485,Cole Sands,RELIEF_OR_BULK,2.0,11.0,4.0,2.0,0,11,0,4,False,False,21,6,6,0,0,1,0,1,0,https://raw.githubusercontent.com/lancebroz/mlb-pitcher-data/main/data/raw/2026/daily/2026-04-05.parquet,QA_VALIDATED_CANONICAL_V2,RELIEF_OR_BULK,MLB,False,BULLPEN_PITCHER,P,https://raw.githubusercontent.com/lancebroz/mlb-pitcher-data/main/data/raw/2026/daily/2026-04-05.parquet,https://statsapi.mlb.com/api/v1.1/game/823729/feed/live,True,8,Top,51,61
823729-681892,823729,2026-04-05,MIN,TB,H,681892,Kody Funderburk,RELIEF_OR_BULK,1.0,2.0,1.0,1.0,2,17,1,4,False,False,3,1,1,0,0,0,0,0,0,https://raw.githubusercontent.com/lancebroz/mlb-pitcher-data/main/data/raw/2026/daily/2026-04-05.parquet,QA_VALIDATED_CANONICAL_V2,RELIEF_OR_BULK,MLB,False,BULLPEN_PITCHER,P,https://raw.githubusercontent.com/lancebroz/mlb-pitcher-data/main/data/raw/2026/daily/2026-04-05.parquet,https://statsapi.mlb.com/api/v1.1/game/823729/feed/live,True,7,Top,46,46
823729-687330,823729,2026-04-05,TB,MIN,A,687330,Kevin Kelly,RELIEF_OR_BULK,1.0,33.0,7.0,1.0,33,33,7,7,False,False,19,3,3,0,0,0,0,1,0,https://raw.githubusercontent.com/lancebroz/mlb-pitcher-data/main/data/raw/2026/daily/2026-04-05.parquet,QA_VALIDATED_CANONICAL_V2,RELIEF_OR_BULK,MLB,False,BULLPEN_PITCHER,P,https://raw.githubusercontent.com/lancebroz/mlb-pitcher-data/main/data/raw/2026/daily/2026-04-05.parquet,https://statsapi.mlb.com/api/v1.1/game/823729/feed/live,True,10,Bot,73,75
824131-621381,824131,2026-04-05,KC,MIL,H,621381,Matt Strahm,RELIEF_OR_BULK,2.0,19.0,4.0,3.0,0,19,0,4,False,False,29,6,3,2,2,2,1,1,0,https://raw.githubusercontent.com/lancebroz/mlb-pitcher-data/main/data/raw/2026/daily/2026-04-05.parquet,QA_VALIDATED_CANONICAL_V2,RELIEF_OR_BULK,MLB,False,BULLPEN_PITCHER,P,https://raw.githubusercontent.com/lancebroz/mlb-pitcher-data/main/data/raw/2026/daily/2026-04-05.parquet,https://statsapi.mlb.com/api/v1.1/game/824131/feed/live,True,7,Top,51,56
824131-656730,824131,2026-04-05,MIL,KC,A,656730,Trevor Megill,RELIEF_OR_BULK,0.0,22.0,5.0,3.0,22,22,5,5,True,False,12,4,3,0,0,1,0,0,0,https://raw.githubusercontent.com/lancebroz/mlb-pitcher-data/main/data/raw/2026/daily/2026-04-05.parquet,QA_VALIDATED_CANONICAL_V2,RELIEF_OR_BULK,MLB,False,BULLPEN_PITCHER,P,https://raw.githubusercontent.com/lancebroz/mlb-pitcher-data/main/data/raw/2026/daily/2026-04-05.parquet,https://statsapi.mlb.com/api/v1.1/game/824131/feed/live,True,9,Bot,80,83
824131-668674,824131,2026-04-05,KC,MIL,H,668674,Lucas Erceg,RELIEF_OR_BULK,3.0,7.0,2.0,2.0,0,0,0,0,False,False,30,6,3,2,2,3,1,1,0,https://raw.githubusercontent.com/lancebroz/mlb-pitcher-data/main/data/raw/2026/daily/2026-04-05.parquet,QA_VALIDATED_CANONICAL_V2,RELIEF_OR_BULK,MLB,False,BULLPEN_PITCHER,P,https://raw.githubusercontent.com/lancebroz/mlb-pitcher-data/main/data/raw/2026/daily/2026-04-05.parquet,https://statsapi.mlb.com/api/v1.1/game/824131/feed/live,True,9,Top,74,79
824131-672582,824131,2026-04-05,MIL,KC,A,672582,Angel Zerpa,RELIEF_OR_BULK,4.0,14.0,4.0,3.0,0,0,0,0,False,False,23,6,5,0,0,1,1,1,0,https://raw.githubusercontent.com/lancebroz/mlb-pitcher-data/main/data/raw/2026/daily/2026-04-05.parquet,QA_VALIDATED_CANONICAL_V2,RELIEF_OR_BULK,MLB,False,BULLPEN_PITCHER,P,https://raw.githubusercontent.com/lancebroz/mlb-pitcher-data/main/data/raw/2026/daily/2026-04-05.parquet,https://statsapi.mlb.com/api/v1.1/game/824131/feed/live,True,7,Bot,62,73
824131-674444,824131,2026-04-05,KC,MIL,H,674444,Steven Cruz,RELIEF_OR_BULK,0.0,18.0,3.0,3.0,18,45,3,9,True,False,16,5,3,0,0,0,2,1,0,https://raw.githubusercontent.com/lancebroz/mlb-pitcher-data/main/data/raw/2026/daily/2026-04-05.parquet,QA_VALIDATED_CANONICAL_V2,RELIEF_OR_BULK,MLB,False,BULLPEN_PITCHER,P,https://raw.githubusercontent.com/lancebroz/mlb-pitcher-data/main/data/raw/2026/daily/2026-04-05.parquet,https://statsapi.mlb.com/api/v1.1/game/824131/feed/live,True,8,Top,65,69
824131-681982,824131,2026-04-05,MIL,KC,A,681982,Grant Anderson,RELIEF_OR_BULK,3.0,15.0,3.0,3.0,0,0,0,0,False,False,12,5,2,2,2,2,1,1,0,https://raw.githubusercontent.com/lancebroz/mlb-pitcher-data/main/data/raw/2026/daily/2026-04-05.parquet,QA_VALIDATED_CANONICAL_V2,RELIEF_OR_BULK,MLB,False,BULLPEN_PITCHER,P,https://raw.githubusercontent.com/lancebroz/mlb-pitcher-data/main/data/raw/2026/daily/2026-04-05.parquet,https://statsapi.mlb.com/api/v1.1/game/824131/feed/live,True,6,Bot,48,58
824131-682842,824131,2026-04-05,MIL,KC,A,682842,Abner Uribe,RELIEF_OR_BULK,0.0,14.0,4.0,4.0,14,14,4,4,True,False,14,3,1,1,1,2,0,1,0,https://raw.githubusercontent.com/lancebroz/mlb-pitcher-data/main/data/raw/2026/daily/2026-04-05.parquet,QA_VALIDATED_CANONICAL_V2,RELIEF_OR_BULK,MLB,False,BULLPEN_PITCHER,P,https://raw.githubusercontent.com/lancebroz/mlb-pitcher-data/main/data/raw/2026/daily/2026-04-05.parquet,https://statsapi.mlb.com/api/v1.1/game/824131/feed/live,True,7,Bot,59,61
824131-683232,824131,2026-04-05,KC,MIL,H,683232,Nick Mears,RELIEF_OR_BULK,0.0,14.0,3.0,3.0,14,14,3,3,True,False,14,5,3,0,0,1,1,0,0,https://raw.githubusercontent.com/lancebroz/mlb-pitcher-data/main/data/raw/2026/daily/2026-04-05.parquet,QA_VALIDATED_CANONICAL_V2,RELIEF_OR_BULK,MLB,False,BULLPEN_PITCHER,P,https://raw.githubusercontent.com/lancebroz/mlb-pitcher-data/main/data/raw/2026/daily/2026-04-05.parquet,https://statsapi.mlb.com/api/v1.1/game/824131/feed/live,True,6,Top,42,46
824620-573009,824620,2026-04-05,TOR,CWS,A,573009,Joe Mantiply,RELIEF_OR_BULK,,,,,0,0,0,0,False,False,17,4,4,0,0,0,0,3,0,https://raw.githubusercontent.com/lancebroz/mlb-pitcher-data/main/data/raw/2026/daily/2026-04-05.parquet,QA_VALIDATED_CANONICAL_V2,,,False,BULLPEN_PITCHER,P,https://raw.githubusercontent.com/lancebroz/mlb-pitcher-data/main/data/raw/2026/daily/2026-04-05.parquet,https://statsapi.mlb.com/api/v1.1/game/824620/feed/live,True,5,Bot,44,50
824620-608723,824620,2026-04-05,TOR,CWS,A,608723,Austin Voth,RELIEF_OR_BULK,,,,,0,0,0,0,False,False,49,12,8,1,1,3,1,1,0,https://raw.githubusercontent.com/lancebroz/mlb-pitcher-data/main/data/raw/2026/daily/2026-04-05.parquet,QA_VALIDATED_CANONICAL_V2,,,False,BULLPEN_PITCHER,P,https://raw.githubusercontent.com/lancebroz/mlb-pitcher-data/main/data/raw/2026/daily/2026-04-05.parquet,https://statsapi.mlb.com/api/v1.1/game/824620/feed/live,True,3,Bot,25,43
824620-663542,824620,2026-04-05,CWS,TOR,H,663542,Bryan Hudson,RELIEF_OR_BULK,4.0,25.0,8.0,5.0,0,0,0,0,False,False,19,4,2,0,0,2,0,1,0,https://raw.githubusercontent.com/lancebroz/mlb-pitcher-data/main/data/raw/2026/daily/2026-04-05.parquet,QA_VALIDATED_CANONICAL_V2,RELIEF_OR_BULK,MLB,False,BULLPEN_PITCHER,P,https://raw.githubusercontent.com/lancebroz/mlb-pitcher-data/main/data/raw/2026/daily/2026-04-05.parquet,https://statsapi.mlb.com/api/v1.1/game/824620/feed/live,True,7,Top,51,54
824620-669684,824620,2026-04-05,CWS,TOR,H,669684,Chris Murphy,RELIEF_OR_BULK,0.0,10.0,5.0,3.0,10,10,5,5,True,False,15,4,3,0,0,0,1,1,0,https://raw.githubusercontent.com/lancebroz/mlb-pitcher-data/main/data/raw/2026/daily/2026-04-05.parquet,QA_VALIDATED_CANONICAL_V2,RELIEF_OR_BULK,MLB,False,BULLPEN_PITCHER,P,https://raw.githubusercontent.com/lancebroz/mlb-pitcher-data/main/data/raw/2026/daily/2026-04-05.parquet,https://statsapi.mlb.com/api/v1.1/game/824620/feed/live,True,9,Top,67,70
824620-673929,824620,2026-04-05,CWS,TOR,H,673929,Jordan Leasure,RELIEF_OR_BULK,1.0,17.0,5.0,3.0,17,17,5,5,False,False,19,4,4,0,0,0,0,1,0,https://raw.githubusercontent.com/lancebroz/mlb-pitcher-data/main/data/raw/2026/daily/2026-04-05.parquet,QA_VALIDATED_CANONICAL_V2,RELIEF_OR_BULK,MLB,False,BULLPEN_PITCHER,P,https://raw.githubusercontent.com/lancebroz/mlb-pitcher-data/main/data/raw/2026/daily/2026-04-05.parquet,https://statsapi.mlb.com/api/v1.1/game/824620/feed/live,True,7,Top,55,61
824620-693686,824620,2026-04-05,TOR,CWS,A,693686,Spencer Miles,RELIEF_OR_BULK,5.0,41.0,8.0,5.0,0,0,0,0,False,False,27,8,6,0,0,2,0,2,0,https://raw.githubusercontent.com/lancebroz/mlb-pitcher-data/main/data/raw/2026/daily/2026-04-05.parquet,QA_VALIDATED_CANONICAL_V2,RELIEF_OR_BULK,MLB,False,BULLPEN_PITCHER,P,https://raw.githubusercontent.com/lancebroz/mlb-pitcher-data/main/data/raw/2026/daily/2026-04-05.parquet,https://statsapi.mlb.com/api/v1.1/game/824620/feed/live,True,7,Bot,56,66
822917-455119,822917,2026-04-05,TEX,CIN,H,455119,Chris Martin,RELIEF_OR_BULK,1.0,23.0,5.0,3.0,23,23,5,5,False,False,13,6,4,0,0,3,0,1,0,https://raw.githubusercontent.com/lancebroz/mlb-pitcher-data/main/data/raw/2026/daily/2026-04-05.parquet,QA_VALIDATED_CANONICAL_V2,RELIEF_OR_BULK,MLB,False,BULLPEN_PITCHER,P,https://raw.githubusercontent.com/lancebroz/mlb-pitcher-data/main/data/raw/2026/daily/2026-04-05.parquet,https://statsapi.mlb.com/api/v1.1/game/822917/feed/live,True,8,Top,60,70
822917-572955,822917,2026-04-05,CIN,TEX,A,572955,Pierce Johnson,RELIEF_OR_BULK,4.0,20.0,5.0,3.0,0,0,0,0,False,False,20,3,2,0,0,0,1,1,0,https://raw.githubusercontent.com/lancebroz/mlb-pitcher-data/main/data/raw/2026/daily/2026-04-05.parquet,QA_VALIDATED_CANONICAL_V2,RELIEF_OR_BULK,MLB,False,BULLPEN_PITCHER,P,https://raw.githubusercontent.com/lancebroz/mlb-pitcher-data/main/data/raw/2026/daily/2026-04-05.parquet,https://statsapi.mlb.com/api/v1.1/game/822917/feed/live,True,7,Bot,52,54
822917-594580,822917,2026-04-05,CIN,TEX,A,594580,Sam Moll,RELIEF_OR_BULK,1.0,12.0,4.0,3.0,12,12,4,4,False,False,6,1,1,0,0,0,0,1,0,https://raw.githubusercontent.com/lancebroz/mlb-pitcher-data/main/data/raw/2026/daily/2026-04-05.parquet,QA_VALIDATED_CANONICAL_V2,RELIEF_OR_BULK,MLB,False,BULLPEN_PITCHER,P,https://raw.githubusercontent.com/lancebroz/mlb-pitcher-data/main/data/raw/2026/daily/2026-04-05.parquet,https://statsapi.mlb.com/api/v1.1/game/822917/feed/live,True,7,Bot,55,55
822917-656222,822917,2026-04-05,TEX,CIN,H,656222,Jalen Beeks,RELIEF_OR_BULK,0.0,16.0,4.0,3.0,16,16,4,4,True,False,2,1,1,0,0,0,0,0,0,https://raw.githubusercontent.com/lancebroz/mlb-pitcher-data/main/data/raw/2026/daily/2026-04-05.parquet,QA_VALIDATED_CANONICAL_V2,RELIEF_OR_BULK,MLB,False,BULLPEN_PITCHER,P,https://raw.githubusercontent.com/lancebroz/mlb-pitcher-data/main/data/raw/2026/daily/2026-04-05.parquet,https://statsapi.mlb.com/api/v1.1/game/822917/feed/live,True,9,Top,71,71
822917-656271,822917,2026-04-05,CIN,TEX,A,656271,Brock Burke,RELIEF_OR_BULK,4.0,20.0,7.0,7.0,0,0,0,0,False,False,14,3,3,0,0,0,0,3,0,https://raw.githubusercontent.com/lancebroz/mlb-pitcher-data/main/data/raw/2026/daily/2026-04-05.parquet,QA_VALIDATED_CANONICAL_V2,RELIEF_OR_BULK,MLB,False,BULLPEN_PITCHER,P,https://raw.githubusercontent.com/lancebroz/mlb-pitcher-data/main/data/raw/2026/daily/2026-04-05.parquet,https://statsapi.mlb.com/api/v1.1/game/822917/feed/live,True,9,Bot,72,74
822917-656641,822917,2026-04-05,TEX,CIN,H,656641,Jacob Latz,RELIEF_OR_BULK,0.0,15.0,3.0,3.0,15,15,3,3,True,False,19,4,3,0,0,0,1,1,0,https://raw.githubusercontent.com/lancebroz/mlb-pitcher-data/main/data/raw/2026/daily/2026-04-05.parquet,QA_VALIDATED_CANONICAL_V2,RELIEF_OR_BULK,MLB,False,BULLPEN_PITCHER,P,https://raw.githubusercontent.com/lancebroz/mlb-pitcher-data/main/data/raw/2026/daily/2026-04-05.parquet,https://statsapi.mlb.com/api/v1.1/game/822917/feed/live,True,6,Top,38,41
822917-668390,822917,2026-04-05,TEX,CIN,H,668390,Cole Winn,RELIEF_OR_BULK,1.0,17.0,5.0,3.0,17,17,5,5,False,False,14,4,3,0,0,1,0,1,0,https://raw.githubusercontent.com/lancebroz/mlb-pitcher-data/main/data/raw/2026/daily/2026-04-05.parquet,QA_VALIDATED_CANONICAL_V2,RELIEF_OR_BULK,MLB,False,BULLPEN_PITCHER,P,https://raw.githubusercontent.com/lancebroz/mlb-pitcher-data/main/data/raw/2026/daily/2026-04-05.parquet,https://statsapi.mlb.com/api/v1.1/game/822917/feed/live,True,7,Top,46,49
822917-676395,822917,2026-04-05,TEX,CIN,H,676395,Robert Garcia,RELIEF_OR_BULK,4.0,15.0,3.0,3.0,0,0,0,0,False,False,20,4,1,1,1,1,2,0,0,https://raw.githubusercontent.com/lancebroz/mlb-pitcher-data/main/data/raw/2026/daily/2026-04-05.parquet,QA_VALIDATED_CANONICAL_V2,RELIEF_OR_BULK,MLB,False,BULLPEN_PITCHER,P,https://raw.githubusercontent.com/lancebroz/mlb-pitcher-data/main/data/raw/2026/daily/2026-04-05.parquet,https://statsapi.mlb.com/api/v1.1/game/822917/feed/live,True,8,Top,56,59
822917-683175,822917,2026-04-05,CIN,TEX,A,683175,Connor Phillips,RELIEF_OR_BULK,3.0,13.0,3.0,1.0,0,0,0,0,False,False,28,5,3,0,0,1,1,1,0,https://raw.githubusercontent.com/lancebroz/mlb-pitcher-data/main/data/raw/2026/daily/2026-04-05.parquet,QA_VALIDATED_CANONICAL_V2,RELIEF_OR_BULK,MLB,False,BULLPEN_PITCHER,P,https://raw.githubusercontent.com/lancebroz/mlb-pitcher-data/main/data/raw/2026/daily/2026-04-05.parquet,https://statsapi.mlb.com/api/v1.1/game/822917/feed/live,True,8,Bot,62,66
824379-621383,824379,2026-04-05,PHI,COL,A,621383,Tanner Banks,RELIEF_OR_BULK,4.0,37.0,8.0,5.0,0,0,0,0,False,False,8,3,3,0,0,0,0,1,0,https://raw.githubusercontent.com/lancebroz/mlb-pitcher-data/main/data/raw/2026/daily/2026-04-05.parquet,QA_VALIDATED_CANONICAL_V2,RELIEF_OR_BULK,MLB,False,BULLPEN_PITCHER,P,https://raw.githubusercontent.com/lancebroz/mlb-pitcher-data/main/data/raw/2026/daily/2026-04-05.parquet,https://statsapi.mlb.com/api/v1.1/game/824379/feed/live,True,7,Bot,53,55
824379-641835,824379,2026-04-05,PHI,COL,A,641835,Tim Mayza,RELIEF_OR_BULK,1.0,13.0,3.0,3.0,13,13,3,3,False,False,13,3,3,0,0,0,0,1,0,https://raw.githubusercontent.com/lancebroz/mlb-pitcher-data/main/data/raw/2026/daily/2026-04-05.parquet,QA_VALIDATED_CANONICAL_V2,RELIEF_OR_BULK,MLB,False,BULLPEN_PITCHER,P,https://raw.githubusercontent.com/lancebroz/mlb-pitcher-data/main/data/raw/2026/daily/2026-04-05.parquet,https://statsapi.mlb.com/api/v1.1/game/824379/feed/live,True,6,Bot,46,48
824379-657514,824379,2026-04-05,COL,PHI,H,657514,Brennan Bernardino,RELIEF_OR_BULK,0.0,21.0,5.0,2.0,21,21,5,5,True,False,14,3,3,0,0,0,0,2,0,https://raw.githubusercontent.com/lancebroz/mlb-pitcher-data/main/data/raw/2026/daily/2026-04-05.parquet,QA_VALIDATED_CANONICAL_V2,STARTER,MLB,False,BULLPEN_PITCHER,P,https://raw.githubusercontent.com/lancebroz/mlb-pitcher-data/main/data/raw/2026/daily/2026-04-05.parquet,https://statsapi.mlb.com/api/v1.1/game/824379/feed/live,True,8,Top,56,58
824379-677955,824379,2026-04-05,COL,PHI,H,677955,Jaden Hill,RELIEF_OR_BULK,0.0,14.0,3.0,2.0,14,14,3,3,True,False,10,4,3,0,0,0,0,0,0,https://raw.githubusercontent.com/lancebroz/mlb-pitcher-data/main/data/raw/2026/daily/2026-04-05.parquet,QA_VALIDATED_CANONICAL_V2,RELIEF_OR_BULK,MLB,False,BULLPEN_PITCHER,P,https://raw.githubusercontent.com/lancebroz/mlb-pitcher-data/main/data/raw/2026/daily/2026-04-05.parquet,https://statsapi.mlb.com/api/v1.1/game/824379/feed/live,True,7,Top,49,52
824379-679775,824379,2026-04-05,PHI,COL,A,679775,Kyle Backhus,RELIEF_OR_BULK,1.0,9.0,2.0,2.0,9,9,2,2,False,False,12,3,3,0,0,0,0,2,0,https://raw.githubusercontent.com/lancebroz/mlb-pitcher-data/main/data/raw/2026/daily/2026-04-05.parquet,QA_VALIDATED_CANONICAL_V2,RELIEF_OR_BULK,MLB,False,BULLPEN_PITCHER,P,https://raw.githubusercontent.com/lancebroz/mlb-pitcher-data/main/data/raw/2026/daily/2026-04-05.parquet,https://statsapi.mlb.com/api/v1.1/game/824379/feed/live,True,8,Bot,59,61
824379-680767,824379,2026-04-05,COL,PHI,H,680767,Victor Vodnik,RELIEF_OR_BULK,0.0,12.0,4.0,3.0,12,12,4,4,True,False,22,5,3,0,0,2,0,3,0,https://raw.githubusercontent.com/lancebroz/mlb-pitcher-data/main/data/raw/2026/daily/2026-04-05.parquet,QA_VALIDATED_CANONICAL_V2,RELIEF_OR_BULK,MLB,False,BULLPEN_PITCHER,P,https://raw.githubusercontent.com/lancebroz/mlb-pitcher-data/main/data/raw/2026/daily/2026-04-05.parquet,https://statsapi.mlb.com/api/v1.1/game/824379/feed/live,True,9,Top,62,66
823238-596133,823238,2026-04-05,NYM,SF,A,596133,Luke Weaver,RELIEF_OR_BULK,3.0,11.0,3.0,3.0,0,0,0,0,False,False,12,3,3,0,0,0,0,0,0,https://raw.githubusercontent.com/lancebroz/mlb-pitcher-data/main/data/raw/2026/daily/2026-04-05.parquet,QA_VALIDATED_CANONICAL_V2,RELIEF_OR_BULK,MLB,False,BULLPEN_PITCHER,P,https://raw.githubusercontent.com/lancebroz/mlb-pitcher-data/main/data/raw/2026/daily/2026-04-05.parquet,https://statsapi.mlb.com/api/v1.1/game/823238/feed/live,True,8,Bot,62,64
823238-623211,823238,2026-04-05,NYM,SF,A,623211,Huascar Brazobán,RELIEF_OR_BULK,1.0,24.0,4.0,3.0,24,24,4,4,False,False,10,4,4,0,0,0,0,0,0,https://raw.githubusercontent.com/lancebroz/mlb-pitcher-data/main/data/raw/2026/daily/2026-04-05.parquet,QA_VALIDATED_CANONICAL_V2,RELIEF_OR_BULK,MLB,False,BULLPEN_PITCHER,P,https://raw.githubusercontent.com/lancebroz/mlb-pitcher-data/main/data/raw/2026/daily/2026-04-05.parquet,https://statsapi.mlb.com/api/v1.1/game/823238/feed/live,True,6,Bot,44,53
823238-642207,823238,2026-04-05,NYM,SF,A,642207,Devin Williams,RELIEF_OR_BULK,3.0,18.0,4.0,3.0,0,0,0,0,False,False,21,4,3,0,0,2,0,1,0,https://raw.githubusercontent.com/lancebroz/mlb-pitcher-data/main/data/raw/2026/daily/2026-04-05.parquet,QA_VALIDATED_CANONICAL_V2,RELIEF_OR_BULK,MLB,False,BULLPEN_PITCHER,P,https://raw.githubusercontent.com/lancebroz/mlb-pitcher-data/main/data/raw/2026/daily/2026-04-05.parquet,https://statsapi.mlb.com/api/v1.1/game/823238/feed/live,True,9,Bot,70,73
823238-664141,823238,2026-04-05,SF,NYM,H,664141,JT Brubaker,RELIEF_OR_BULK,1.0,38.0,8.0,4.0,38,38,8,8,False,False,19,5,3,0,0,1,1,0,0,https://raw.githubusercontent.com/lancebroz/mlb-pitcher-data/main/data/raw/2026/daily/2026-04-05.parquet,QA_VALIDATED_CANONICAL_V2,RELIEF_OR_BULK,MLB,False,BULLPEN_PITCHER,P,https://raw.githubusercontent.com/lancebroz/mlb-pitcher-data/main/data/raw/2026/daily/2026-04-05.parquet,https://statsapi.mlb.com/api/v1.1/game/823238/feed/live,True,9,Top,65,69
823238-669062,823238,2026-04-05,SF,NYM,H,669062,Erik Miller,RELIEF_OR_BULK,1.0,26.0,5.0,2.0,26,26,5,5,False,False,24,5,2,2,2,3,0,2,0,https://raw.githubusercontent.com/lancebroz/mlb-pitcher-data/main/data/raw/2026/daily/2026-04-05.parquet,QA_VALIDATED_CANONICAL_V2,RELIEF_OR_BULK,MLB,False,BULLPEN_PITCHER,P,https://raw.githubusercontent.com/lancebroz/mlb-pitcher-data/main/data/raw/2026/daily/2026-04-05.parquet,https://statsapi.mlb.com/api/v1.1/game/823238/feed/live,True,8,Top,57,61
823238-676775,823238,2026-04-05,SF,NYM,H,676775,Keaton Winn,RELIEF_OR_BULK,0.0,23.0,6.0,3.0,23,23,6,6,True,False,8,3,1,2,2,2,0,0,0,https://raw.githubusercontent.com/lancebroz/mlb-pitcher-data/main/data/raw/2026/daily/2026-04-05.parquet,QA_VALIDATED_CANONICAL_V2,RELIEF_OR_BULK,MLB,False,BULLPEN_PITCHER,P,https://raw.githubusercontent.com/lancebroz/mlb-pitcher-data/main/data/raw/2026/daily/2026-04-05.parquet,https://statsapi.mlb.com/api/v1.1/game/823238/feed/live,True,8,Top,54,56
825025-595345,825025,2026-04-05,HOU,ATH,A,595345,Steven Okert,RELIEF_OR_BULK,0.0,16.0,3.0,3.0,16,16,3,3,True,False,9,3,1,2,2,1,1,0,0,https://raw.githubusercontent.com/lancebroz/mlb-pitcher-data/main/data/raw/2026/daily/2026-04-05.parquet,QA_VALIDATED_CANONICAL_V2,RELIEF_OR_BULK,MLB,False,BULLPEN_PITCHER,P,https://raw.githubusercontent.com/lancebroz/mlb-pitcher-data/main/data/raw/2026/daily/2026-04-05.parquet,https://statsapi.mlb.com/api/v1.1/game/825025/feed/live,True,5,Bot,41,43
825025-605130,825025,2026-04-05,ATH,HOU,H,605130,Scott Barlow,RELIEF_OR_BULK,4.0,10.0,3.0,3.0,0,0,0,0,False,False,16,4,0,4,4,2,2,0,1,https://raw.githubusercontent.com/lancebroz/mlb-pitcher-data/main/data/raw/2026/daily/2026-04-05.parquet,QA_VALIDATED_CANONICAL_V2,RELIEF_OR_BULK,MLB,False,BULLPEN_PITCHER,P,https://raw.githubusercontent.com/lancebroz/mlb-pitcher-data/main/data/raw/2026/daily/2026-04-05.parquet,https://statsapi.mlb.com/api/v1.1/game/825025/feed/live,True,8,Top,72,75
825025-643410,825025,2026-04-05,ATH,HOU,H,643410,Mark Leiter Jr.,RELIEF_OR_BULK,4.0,13.0,5.0,3.0,0,0,0,0,False,False,26,5,3,0,0,1,1,0,0,https://raw.githubusercontent.com/lancebroz/mlb-pitcher-data/main/data/raw/2026/daily/2026-04-05.parquet,QA_VALIDATED_CANONICAL_V2,RELIEF_OR_BULK,MLB,False,BULLPEN_PITCHER,P,https://raw.githubusercontent.com/lancebroz/mlb-pitcher-data/main/data/raw/2026/daily/2026-04-05.parquet,https://statsapi.mlb.com/api/v1.1/game/825025/feed/live,True,8,Top,76,80
825025-650556,825025,2026-04-05,HOU,ATH,A,650556,Bryan Abreu,RELIEF_OR_BULK,3.0,16.0,4.0,3.0,0,0,0,0,False,False,16,3,1,3,2,2,1,0,1,https://raw.githubusercontent.com/lancebroz/mlb-pitcher-data/main/data/raw/2026/daily/2026-04-05.parquet,QA_VALIDATED_CANONICAL_V2,RELIEF_OR_BULK,MLB,False,BULLPEN_PITCHER,P,https://raw.githubusercontent.com/lancebroz/mlb-pitcher-data/main/data/raw/2026/daily/2026-04-05.parquet,https://statsapi.mlb.com/api/v1.1/game/825025/feed/live,True,9,Bot,91,99
825025-663687,825025,2026-04-05,ATH,HOU,H,663687,Hogan Harris,RELIEF_OR_BULK,0.0,34.0,9.0,3.0,34,34,9,9,True,False,21,7,4,1,0,1,2,2,0,https://raw.githubusercontent.com/lancebroz/mlb-pitcher-data/main/data/raw/2026/daily/2026-04-05.parquet,QA_VALIDATED_CANONICAL_V2,RELIEF_OR_BULK,MLB,False,BULLPEN_PITCHER,P,https://raw.githubusercontent.com/lancebroz/mlb-pitcher-data/main/data/raw/2026/daily/2026-04-05.parquet,https://statsapi.mlb.com/api/v1.1/game/825025/feed/live,True,9,Top,84,94
825025-665660,825025,2026-04-05,ATH,HOU,H,665660,Elvis Alvarado,RELIEF_OR_BULK,0.0,29.0,9.0,6.0,29,29,9,9,True,False,8,2,2,0,0,0,0,1,0,https://raw.githubusercontent.com/lancebroz/mlb-pitcher-data/main/data/raw/2026/daily/2026-04-05.parquet,QA_VALIDATED_CANONICAL_V2,RELIEF_OR_BULK,MLB,False,BULLPEN_PITCHER,P,https://raw.githubusercontent.com/lancebroz/mlb-pitcher-data/main/data/raw/2026/daily/2026-04-05.parquet,https://statsapi.mlb.com/api/v1.1/game/825025/feed/live,True,10,Top,96,97
825025-669372,825025,2026-04-05,ATH,HOU,H,669372,J.T. Ginn,RELIEF_OR_BULK,1.0,32.0,10.0,6.0,32,32,10,10,False,False,27,6,4,2,2,2,0,1,1,https://raw.githubusercontent.com/lancebroz/mlb-pitcher-data/main/data/raw/2026/daily/2026-04-05.parquet,QA_VALIDATED_CANONICAL_V2,RELIEF_OR_BULK,MLB,False,BULLPEN_PITCHER,P,https://raw.githubusercontent.com/lancebroz/mlb-pitcher-data/main/data/raw/2026/daily/2026-04-05.parquet,https://statsapi.mlb.com/api/v1.1/game/825025/feed/live,True,6,Top,51,61
825025-685005,825025,2026-04-05,HOU,ATH,A,685005,Christian Roa,RELIEF_OR_BULK,6.0,3.0,1.0,1.0,0,0,0,0,False,False,27,5,2,0,0,2,1,0,0,https://raw.githubusercontent.com/lancebroz/mlb-pitcher-data/main/data/raw/2026/daily/2026-04-05.parquet,QA_VALIDATED_CANONICAL_V2,RELIEF_OR_BULK,MLB,False,BULLPEN_PITCHER,P,https://raw.githubusercontent.com/lancebroz/mlb-pitcher-data/main/data/raw/2026/daily/2026-04-05.parquet,https://statsapi.mlb.com/api/v1.1/game/825025/feed/live,True,7,Bot,67,71
825025-686993,825025,2026-04-05,ATH,HOU,H,686993,Justin Sterner,RELIEF_OR_BULK,4.0,28.0,5.0,3.0,0,0,0,0,False,False,22,6,4,0,0,2,1,1,0,https://raw.githubusercontent.com/lancebroz/mlb-pitcher-data/main/data/raw/2026/daily/2026-04-05.parquet,QA_VALIDATED_CANONICAL_V2,RELIEF_OR_BULK,MLB,False,BULLPEN_PITCHER,P,https://raw.githubusercontent.com/lancebroz/mlb-pitcher-data/main/data/raw/2026/daily/2026-04-05.parquet,https://statsapi.mlb.com/api/v1.1/game/825025/feed/live,True,5,Top,36,50
825025-687911,825025,2026-04-05,HOU,ATH,A,687911,Bryan King,RELIEF_OR_BULK,3.0,12.0,3.0,3.0,0,0,0,0,False,False,23,7,5,0,0,1,1,1,0,https://raw.githubusercontent.com/lancebroz/mlb-pitcher-data/main/data/raw/2026/daily/2026-04-05.parquet,QA_VALIDATED_CANONICAL_V2,RELIEF_OR_BULK,MLB,False,BULLPEN_PITCHER,P,https://raw.githubusercontent.com/lancebroz/mlb-pitcher-data/main/data/raw/2026/daily/2026-04-05.parquet,https://statsapi.mlb.com/api/v1.1/game/825025/feed/live,True,8,Bot,81,90
825025-805123,825025,2026-04-05,HOU,ATH,A,805123,AJ Blubaugh,RELIEF_OR_BULK,3.0,14.0,3.0,3.0,0,0,0,0,False,False,44,13,6,4,4,5,2,1,1,https://raw.githubusercontent.com/lancebroz/mlb-pitcher-data/main/data/raw/2026/daily/2026-04-05.parquet,QA_VALIDATED_CANONICAL_V2,RELIEF_OR_BULK,MLB,False,BULLPEN_PITCHER,P,https://raw.githubusercontent.com/lancebroz/mlb-pitcher-data/main/data/raw/2026/daily/2026-04-05.parquet,https://statsapi.mlb.com/api/v1.1/game/825025/feed/live,True,5,Bot,44,66
824053-608718,824053,2026-04-05,LAA,SEA,H,608718,Brent Suter,RELIEF_OR_BULK,1.0,26.0,7.0,3.0,26,26,7,7,False,False,39,8,7,1,1,1,1,3,1,https://baseballsavant.mlb.com/statcast_search/csv?all=true&type=details&game_pk=824053,QA_VALIDATED_CANONICAL_V2,RELIEF_OR_BULK,MLB,False,BULLPEN_PITCHER,P,https://baseballsavant.mlb.com/statcast_search/csv?all=true&type=details&game_pk=824053,https://statsapi.mlb.com/api/v1.1/game/824053/feed/live,True,5,Top,46,64
824053-641312,824053,2026-04-05,LAA,SEA,H,641312,Shaun Anderson,RELIEF_OR_BULK,5.0,40.0,11.0,9.0,0,0,0,0,False,False,27,8,6,1,0,1,1,1,0,https://baseballsavant.mlb.com/statcast_search/csv?all=true&type=details&game_pk=824053,QA_VALIDATED_CANONICAL_V2,RELIEF_OR_BULK,MLB,False,BULLPEN_PITCHER,P,https://baseballsavant.mlb.com/statcast_search/csv?all=true&type=details&game_pk=824053,https://statsapi.mlb.com/api/v1.1/game/824053/feed/live,True,10,Top,83,93
824053-642100,824053,2026-04-05,SEA,LAA,A,642100,Gabe Speier,RELIEF_OR_BULK,1.0,12.0,3.0,3.0,12,12,3,3,False,False,3,3,2,1,0,0,1,0,0,https://baseballsavant.mlb.com/statcast_search/csv?all=true&type=details&game_pk=824053,QA_VALIDATED_CANONICAL_V2,RELIEF_OR_BULK,MLB,False,BULLPEN_PITCHER,P,https://baseballsavant.mlb.com/statcast_search/csv?all=true&type=details&game_pk=824053,https://statsapi.mlb.com/api/v1.1/game/824053/feed/live,True,11,Bot,95,96
824053-662253,824053,2026-04-05,SEA,LAA,A,662253,Andrés Muñoz,RELIEF_OR_BULK,1.0,16.0,3.0,3.0,16,16,3,3,False,False,16,3,3,0,0,0,0,1,0,https://baseballsavant.mlb.com/statcast_search/csv?all=true&type=details&game_pk=824053,QA_VALIDATED_CANONICAL_V2,RELIEF_OR_BULK,MLB,False,BULLPEN_PITCHER,P,https://baseballsavant.mlb.com/statcast_search/csv?all=true&type=details&game_pk=824053,https://statsapi.mlb.com/api/v1.1/game/824053/feed/live,True,9,Bot,80,82
824053-666171,824053,2026-04-05,LAA,SEA,H,666171,Ryan Zeferjahn,RELIEF_OR_BULK,3.0,21.0,5.0,2.0,0,0,0,0,False,False,27,8,6,2,2,0,1,5,0,https://baseballsavant.mlb.com/statcast_search/csv?all=true&type=details&game_pk=824053,QA_VALIDATED_CANONICAL_V2,RELIEF_OR_BULK,MLB,False,BULLPEN_PITCHER,P,https://baseballsavant.mlb.com/statcast_search/csv?all=true&type=details&game_pk=824053,https://statsapi.mlb.com/api/v1.1/game/824053/feed/live,True,3,Top,27,46
824053-666374,824053,2026-04-05,SEA,LAA,A,666374,Matt Brash,RELIEF_OR_BULK,1.0,12.0,3.0,3.0,12,12,3,3,False,False,10,3,3,1,0,0,0,1,0,https://baseballsavant.mlb.com/statcast_search/csv?all=true&type=details&game_pk=824053,QA_VALIDATED_CANONICAL_V2,RELIEF_OR_BULK,MLB,False,BULLPEN_PITCHER,P,https://baseballsavant.mlb.com/statcast_search/csv?all=true&type=details&game_pk=824053,https://statsapi.mlb.com/api/v1.1/game/824053/feed/live,True,10,Bot,86,88
824053-668984,824053,2026-04-05,SEA,LAA,A,668984,Casey Legumina,RELIEF_OR_BULK,4.0,18.0,5.0,5.0,0,0,0,0,False,False,26,7,6,0,0,1,0,0,0,https://baseballsavant.mlb.com/statcast_search/csv?all=true&type=details&game_pk=824053,QA_VALIDATED_CANONICAL_V2,RELIEF_OR_BULK,MLB,False,BULLPEN_PITCHER,P,https://baseballsavant.mlb.com/statcast_search/csv?all=true&type=details&game_pk=824053,https://statsapi.mlb.com/api/v1.1/game/824053/feed/live,True,7,Bot,65,74
824053-677961,824053,2026-04-05,SEA,LAA,A,677961,Cole Wilcox,RELIEF_OR_BULK,4.0,31.0,8.0,6.0,0,0,0,0,False,False,23,5,4,0,0,0,1,2,0,https://baseballsavant.mlb.com/statcast_search/csv?all=true&type=details&game_pk=824053,QA_VALIDATED_CANONICAL_V2,RELIEF_OR_BULK,MLB,False,BULLPEN_PITCHER,P,https://baseballsavant.mlb.com/statcast_search/csv?all=true&type=details&game_pk=824053,https://statsapi.mlb.com/api/v1.1/game/824053/feed/live,True,5,Bot,54,61
824053-678606,824053,2026-04-05,SEA,LAA,A,678606,José A. Ferrer,RELIEF_OR_BULK,3.0,13.0,3.0,3.0,0,0,0,0,False,False,19,7,3,2,2,4,0,1,0,https://baseballsavant.mlb.com/statcast_search/csv?all=true&type=details&game_pk=824053,QA_VALIDATED_CANONICAL_V2,RELIEF_OR_BULK,MLB,False,BULLPEN_PITCHER,P,https://baseballsavant.mlb.com/statcast_search/csv?all=true&type=details&game_pk=824053,https://statsapi.mlb.com/api/v1.1/game/824053/feed/live,True,4,Bot,41,53
824053-696147,824053,2026-04-05,LAA,SEA,H,696147,Sam Bachman,RELIEF_OR_BULK,0.0,8.0,3.0,2.0,8,8,3,3,True,False,28,7,6,1,1,2,0,2,0,https://baseballsavant.mlb.com/statcast_search/csv?all=true&type=details&game_pk=824053,QA_VALIDATED_CANONICAL_V2,RELIEF_OR_BULK,MLB,False,BULLPEN_PITCHER,P,https://baseballsavant.mlb.com/statcast_search/csv?all=true&type=details&game_pk=824053,https://statsapi.mlb.com/api/v1.1/game/824053/feed/live,True,8,Top,68,79
825102-606303,825102,2026-04-05,ATL,AZ,A,606303,Joel Payamps,RELIEF_OR_BULK,4.0,14.0,4.0,3.0,0,0,0,0,False,False,1,1,0,1,0,1,0,0,0,https://raw.githubusercontent.com/lancebroz/mlb-pitcher-data/main/data/raw/2026/daily/2026-04-05.parquet,QA_VALIDATED_CANONICAL_V2,RELIEF_OR_BULK,MLB,False,BULLPEN_PITCHER,P,https://raw.githubusercontent.com/lancebroz/mlb-pitcher-data/main/data/raw/2026/daily/2026-04-05.parquet,https://statsapi.mlb.com/api/v1.1/game/825102/feed/live,True,10,Bot,80,80
825102-628452,825102,2026-04-05,ATL,AZ,A,628452,Raisel Iglesias,RELIEF_OR_BULK,1.0,16.0,3.0,3.0,16,16,3,3,False,False,14,3,3,0,0,0,0,1,0,https://raw.githubusercontent.com/lancebroz/mlb-pitcher-data/main/data/raw/2026/daily/2026-04-05.parquet,QA_VALIDATED_CANONICAL_V2,RELIEF_OR_BULK,MLB,False,BULLPEN_PITCHER,P,https://raw.githubusercontent.com/lancebroz/mlb-pitcher-data/main/data/raw/2026/daily/2026-04-05.parquet,https://statsapi.mlb.com/api/v1.1/game/825102/feed/live,True,9,Bot,74,76
825102-641755,825102,2026-04-05,ATL,AZ,A,641755,Tyler Kinley,RELIEF_OR_BULK,0.0,7.0,3.0,3.0,7,17,3,6,True,False,19,5,3,0,0,1,1,0,0,https://raw.githubusercontent.com/lancebroz/mlb-pitcher-data/main/data/raw/2026/daily/2026-04-05.parquet,QA_VALIDATED_CANONICAL_V2,RELIEF_OR_BULK,MLB,False,BULLPEN_PITCHER,P,https://raw.githubusercontent.com/lancebroz/mlb-pitcher-data/main/data/raw/2026/daily/2026-04-05.parquet,https://statsapi.mlb.com/api/v1.1/game/825102/feed/live,True,6,Bot,45,49
825102-642528,825102,2026-04-05,AZ,ATL,H,642528,Jonathan Loáisiga,RELIEF_OR_BULK,0.0,10.0,3.0,3.0,10,10,3,3,True,False,25,6,3,1,1,3,0,1,0,https://raw.githubusercontent.com/lancebroz/mlb-pitcher-data/main/data/raw/2026/daily/2026-04-05.parquet,QA_VALIDATED_CANONICAL_V2,RELIEF_OR_BULK,MLB,False,BULLPEN_PITCHER,P,https://raw.githubusercontent.com/lancebroz/mlb-pitcher-data/main/data/raw/2026/daily/2026-04-05.parquet,https://statsapi.mlb.com/api/v1.1/game/825102/feed/live,True,9,Top,68,73
825102-656464,825102,2026-04-05,AZ,ATL,H,656464,Kevin Ginkel,RELIEF_OR_BULK,2.0,22.0,5.0,1.0,0,22,0,5,False,False,13,4,3,0,0,1,0,1,0,https://raw.githubusercontent.com/lancebroz/mlb-pitcher-data/main/data/raw/2026/daily/2026-04-05.parquet,QA_VALIDATED_CANONICAL_V2,RELIEF_OR_BULK,MLB,False,BULLPEN_PITCHER,P,https://raw.githubusercontent.com/lancebroz/mlb-pitcher-data/main/data/raw/2026/daily/2026-04-05.parquet,https://statsapi.mlb.com/api/v1.1/game/825102/feed/live,True,8,Top,61,64
825102-657044,825102,2026-04-05,AZ,ATL,H,657044,Ryan Thompson,RELIEF_OR_BULK,1.0,2.0,1.0,1.0,2,2,1,1,False,False,14,6,3,1,0,1,1,1,0,https://raw.githubusercontent.com/lancebroz/mlb-pitcher-data/main/data/raw/2026/daily/2026-04-05.parquet,QA_VALIDATED_CANONICAL_V2,RELIEF_OR_BULK,MLB,False,BULLPEN_PITCHER,P,https://raw.githubusercontent.com/lancebroz/mlb-pitcher-data/main/data/raw/2026/daily/2026-04-05.parquet,https://statsapi.mlb.com/api/v1.1/game/825102/feed/live,True,7,Top,50,55
825102-663158,825102,2026-04-05,ATL,AZ,A,663158,Robert Suarez,RELIEF_OR_BULK,1.0,8.0,3.0,3.0,8,8,3,3,False,False,14,3,3,0,0,0,0,3,0,https://raw.githubusercontent.com/lancebroz/mlb-pitcher-data/main/data/raw/2026/daily/2026-04-05.parquet,QA_VALIDATED_CANONICAL_V2,RELIEF_OR_BULK,MLB,False,BULLPEN_PITCHER,P,https://raw.githubusercontent.com/lancebroz/mlb-pitcher-data/main/data/raw/2026/daily/2026-04-05.parquet,https://statsapi.mlb.com/api/v1.1/game/825102/feed/live,True,8,Bot,65,67
825102-664199,825102,2026-04-05,AZ,ATL,H,664199,Taylor Clarke,RELIEF_OR_BULK,0.0,12.0,3.0,3.0,12,12,3,3,True,False,17,4,4,0,0,0,0,1,0,https://raw.githubusercontent.com/lancebroz/mlb-pitcher-data/main/data/raw/2026/daily/2026-04-05.parquet,QA_VALIDATED_CANONICAL_V2,RELIEF_OR_BULK,MLB,False,BULLPEN_PITCHER,P,https://raw.githubusercontent.com/lancebroz/mlb-pitcher-data/main/data/raw/2026/daily/2026-04-05.parquet,https://statsapi.mlb.com/api/v1.1/game/825102/feed/live,True,5,Top,37,43
825102-669276,825102,2026-04-05,ATL,AZ,A,669276,Dylan Lee,RELIEF_OR_BULK,1.0,11.0,4.0,3.0,11,11,4,4,False,False,18,5,3,1,1,2,0,0,0,https://raw.githubusercontent.com/lancebroz/mlb-pitcher-data/main/data/raw/2026/daily/2026-04-05.parquet,QA_VALIDATED_CANONICAL_V2,RELIEF_OR_BULK,MLB,False,BULLPEN_PITCHER,P,https://raw.githubusercontent.com/lancebroz/mlb-pitcher-data/main/data/raw/2026/daily/2026-04-05.parquet,https://statsapi.mlb.com/api/v1.1/game/825102/feed/live,True,7,Bot,56,60
825102-688497,825102,2026-04-05,AZ,ATL,H,688497,Taylor Rashi,RELIEF_OR_BULK,,,,,0,0,0,0,False,False,9,3,3,0,0,0,0,0,0,https://raw.githubusercontent.com/lancebroz/mlb-pitcher-data/main/data/raw/2026/daily/2026-04-05.parquet,QA_VALIDATED_CANONICAL_V2,,,False,BULLPEN_PITCHER,P,https://raw.githubusercontent.com/lancebroz/mlb-pitcher-data/main/data/raw/2026/daily/2026-04-05.parquet,https://statsapi.mlb.com/api/v1.1/game/825102/feed/live,True,10,Top,77,79
824296-592773,824296,2026-04-05,STL,DET,A,592773,Ryne Stanek,RELIEF_OR_BULK,3.0,16.0,4.0,2.0,0,0,0,0,False,False,23,4,3,0,0,0,1,2,0,https://raw.githubusercontent.com/lancebroz/mlb-pitcher-data/main/data/raw/2026/daily/2026-04-05.parquet,QA_VALIDATED_CANONICAL_V2,RELIEF_OR_BULK,MLB,False,BULLPEN_PITCHER,P,https://raw.githubusercontent.com/lancebroz/mlb-pitcher-data/main/data/raw/2026/daily/2026-04-05.parquet,https://statsapi.mlb.com/api/v1.1/game/824296/feed/live,True,8,Bot,66,69
824296-646241,824296,2026-04-05,DET,STL,H,646241,Enmanuel De Jesus,RELIEF_OR_BULK,5.0,38.0,9.0,3.0,0,0,0,0,False,False,38,11,8,2,1,2,0,3,0,https://raw.githubusercontent.com/lancebroz/mlb-pitcher-data/main/data/raw/2026/daily/2026-04-05.parquet,QA_VALIDATED_CANONICAL_V2,RELIEF_OR_BULK,MLB,False,BULLPEN_PITCHER,P,https://raw.githubusercontent.com/lancebroz/mlb-pitcher-data/main/data/raw/2026/daily/2026-04-05.parquet,https://statsapi.mlb.com/api/v1.1/game/824296/feed/live,True,5,Top,36,60
824296-657756,824296,2026-04-05,DET,STL,H,657756,Connor Seabold,RELIEF_OR_BULK,7.0,50.0,8.0,7.0,0,0,0,0,False,False,31,8,6,0,0,1,2,1,0,https://raw.githubusercontent.com/lancebroz/mlb-pitcher-data/main/data/raw/2026/daily/2026-04-05.parquet,QA_VALIDATED_CANONICAL_V2,RELIEF_OR_BULK,MLB,False,BULLPEN_PITCHER,P,https://raw.githubusercontent.com/lancebroz/mlb-pitcher-data/main/data/raw/2026/daily/2026-04-05.parquet,https://statsapi.mlb.com/api/v1.1/game/824296/feed/live,True,8,Top,61,73
824296-666277,824296,2026-04-05,STL,DET,A,666277,George Soriano,RELIEF_OR_BULK,1.0,16.0,4.0,2.0,16,16,4,4,False,False,19,4,1,1,1,1,2,0,0,https://raw.githubusercontent.com/lancebroz/mlb-pitcher-data/main/data/raw/2026/daily/2026-04-05.parquet,QA_VALIDATED_CANONICAL_V2,RELIEF_OR_BULK,MLB,False,BULLPEN_PITCHER,P,https://raw.githubusercontent.com/lancebroz/mlb-pitcher-data/main/data/raw/2026/daily/2026-04-05.parquet,https://statsapi.mlb.com/api/v1.1/game/824296/feed/live,True,6,Bot,47,50
824296-668941,824296,2026-04-05,STL,DET,A,668941,JoJo Romero,RELIEF_OR_BULK,3.0,16.0,4.0,4.0,0,0,0,0,False,False,19,6,5,0,0,0,1,1,0,https://raw.githubusercontent.com/lancebroz/mlb-pitcher-data/main/data/raw/2026/daily/2026-04-05.parquet,QA_VALIDATED_CANONICAL_V2,RELIEF_OR_BULK,MLB,False,BULLPEN_PITCHER,P,https://raw.githubusercontent.com/lancebroz/mlb-pitcher-data/main/data/raw/2026/daily/2026-04-05.parquet,https://statsapi.mlb.com/api/v1.1/game/824296/feed/live,True,6,Bot,51,59
824296-676617,824296,2026-04-05,STL,DET,A,676617,Riley O'Brien,RELIEF_OR_BULK,3.0,16.0,4.0,3.0,0,0,0,0,False,False,13,3,3,0,0,0,0,1,0,https://raw.githubusercontent.com/lancebroz/mlb-pitcher-data/main/data/raw/2026/daily/2026-04-05.parquet,QA_VALIDATED_CANONICAL_V2,RELIEF_OR_BULK,MLB,False,BULLPEN_PITCHER,P,https://raw.githubusercontent.com/lancebroz/mlb-pitcher-data/main/data/raw/2026/daily/2026-04-05.parquet,https://statsapi.mlb.com/api/v1.1/game/824296/feed/live,True,9,Bot,74,76
823002-641329,823002,2026-04-06,TB,CHC,H,641329,Bryan Baker,RELIEF_OR_BULK,0.0,14.0,3.0,3.0,14,14,3,3,True,False,14,4,3,1,1,1,0,2,1,https://raw.githubusercontent.com/lancebroz/mlb-pitcher-data/main/data/raw/2026/daily/2026-04-06.parquet,QA_VALIDATED_CANONICAL_V2,RELIEF_OR_BULK,MLB,False,BULLPEN_PITCHER,P,https://raw.githubusercontent.com/lancebroz/mlb-pitcher-data/main/data/raw/2026/daily/2026-04-06.parquet,https://statsapi.mlb.com/api/v1.1/game/823002/feed/live,True,9,Top,64,67
823002-664208,823002,2026-04-06,CHC,TB,A,664208,Phil Maton,RELIEF_OR_BULK,5.0,28.0,6.0,2.0,0,0,0,0,False,False,19,5,3,2,2,1,1,1,1,https://raw.githubusercontent.com/lancebroz/mlb-pitcher-data/main/data/raw/2026/daily/2026-04-06.parquet,QA_VALIDATED_CANONICAL_V2,RELIEF_OR_BULK,MLB,False,BULLPEN_PITCHER,P,https://raw.githubusercontent.com/lancebroz/mlb-pitcher-data/main/data/raw/2026/daily/2026-04-06.parquet,https://statsapi.mlb.com/api/v1.1/game/823002/feed/live,True,7,Bot,53,57
823002-685801,823002,2026-04-06,TB,CHC,H,685801,Hunter Bigge,RELIEF_OR_BULK,2.0,16.0,3.0,2.0,0,16,0,3,False,False,20,5,5,0,0,0,0,0,0,https://raw.githubusercontent.com/lancebroz/mlb-pitcher-data/main/data/raw/2026/daily/2026-04-06.parquet,QA_VALIDATED_CANONICAL_V2,RELIEF_OR_BULK,MLB,False,BULLPEN_PITCHER,P,https://raw.githubusercontent.com/lancebroz/mlb-pitcher-data/main/data/raw/2026/daily/2026-04-06.parquet,https://statsapi.mlb.com/api/v1.1/game/823002/feed/live,True,7,Top,51,60
823002-687330,823002,2026-04-06,TB,CHC,H,687330,Kevin Kelly,RELIEF_OR_BULK,0.0,19.0,3.0,3.0,19,52,3,10,True,False,14,3,3,0,0,0,0,1,0,https://raw.githubusercontent.com/lancebroz/mlb-pitcher-data/main/data/raw/2026/daily/2026-04-06.parquet,QA_VALIDATED_CANONICAL_V2,RELIEF_OR_BULK,MLB,False,BULLPEN_PITCHER,P,https://raw.githubusercontent.com/lancebroz/mlb-pitcher-data/main/data/raw/2026/daily/2026-04-06.parquet,https://statsapi.mlb.com/api/v1.1/game/823002/feed/live,True,5,Top,35,37
823002-693855,823002,2026-04-06,TB,CHC,H,693855,Ian Seymour,RELIEF_OR_BULK,4.0,32.0,6.0,6.0,0,0,0,0,False,False,21,6,4,1,1,2,0,1,0,https://raw.githubusercontent.com/lancebroz/mlb-pitcher-data/main/data/raw/2026/daily/2026-04-06.parquet,QA_VALIDATED_CANONICAL_V2,RELIEF_OR_BULK,MLB,False,BULLPEN_PITCHER,P,https://raw.githubusercontent.com/lancebroz/mlb-pitcher-data/main/data/raw/2026/daily/2026-04-06.parquet,https://statsapi.mlb.com/api/v1.1/game/823002/feed/live,True,6,Top,41,50
823002-702303,823002,2026-04-06,CHC,TB,A,702303,Riley Martin,RELIEF_OR_BULK,,,,,0,0,0,0,False,False,10,3,3,0,0,1,0,0,0,https://raw.githubusercontent.com/lancebroz/mlb-pitcher-data/main/data/raw/2026/daily/2026-04-06.parquet,QA_VALIDATED_CANONICAL_V2,,,False,BULLPEN_PITCHER,P,https://raw.githubusercontent.com/lancebroz/mlb-pitcher-data/main/data/raw/2026/daily/2026-04-06.parquet,https://statsapi.mlb.com/api/v1.1/game/823002/feed/live,True,8,Bot,61,63
824456-621381,824456,2026-04-06,KC,CLE,A,621381,Matt Strahm,RELIEF_OR_BULK,0.0,29.0,6.0,3.0,29,29,6,6,True,False,24,5,3,1,1,1,1,1,1,https://raw.githubusercontent.com/lancebroz/mlb-pitcher-data/main/data/raw/2026/daily/2026-04-06.parquet,QA_VALIDATED_CANONICAL_V2,RELIEF_OR_BULK,MLB,False,BULLPEN_PITCHER,P,https://raw.githubusercontent.com/lancebroz/mlb-pitcher-data/main/data/raw/2026/daily/2026-04-06.parquet,https://statsapi.mlb.com/api/v1.1/game/824456/feed/live,True,8,Bot,60,64
824456-663465,824456,2026-04-06,CLE,KC,H,663465,Kolby Allard,RELIEF_OR_BULK,5.0,55.0,11.0,8.0,0,0,0,0,False,False,35,10,6,2,2,3,1,2,1,https://raw.githubusercontent.com/lancebroz/mlb-pitcher-data/main/data/raw/2026/daily/2026-04-06.parquet,QA_VALIDATED_CANONICAL_V2,RELIEF_OR_BULK,MLB,False,BULLPEN_PITCHER,P,https://raw.githubusercontent.com/lancebroz/mlb-pitcher-data/main/data/raw/2026/daily/2026-04-06.parquet,https://statsapi.mlb.com/api/v1.1/game/824456/feed/live,True,8,Top,55,69
824456-668674,824456,2026-04-06,KC,CLE,A,668674,Lucas Erceg,RELIEF_OR_BULK,0.0,30.0,6.0,3.0,30,30,6,6,True,False,14,3,3,0,0,0,0,1,0,https://raw.githubusercontent.com/lancebroz/mlb-pitcher-data/main/data/raw/2026/daily/2026-04-06.parquet,QA_VALIDATED_CANONICAL_V2,RELIEF_OR_BULK,MLB,False,BULLPEN_PITCHER,P,https://raw.githubusercontent.com/lancebroz/mlb-pitcher-data/main/data/raw/2026/daily/2026-04-06.parquet,https://statsapi.mlb.com/api/v1.1/game/824456/feed/live,True,9,Bot,70,72
824456-682120,824456,2026-04-06,CLE,KC,H,682120,Tim Herrin,RELIEF_OR_BULK,0.0,17.0,3.0,3.0,17,17,3,3,True,False,5,1,1,0,0,0,0,0,0,https://raw.githubusercontent.com/lancebroz/mlb-pitcher-data/main/data/raw/2026/daily/2026-04-06.parquet,QA_VALIDATED_CANONICAL_V2,RELIEF_OR_BULK,MLB,False,BULLPEN_PITCHER,P,https://raw.githubusercontent.com/lancebroz/mlb-pitcher-data/main/data/raw/2026/daily/2026-04-06.parquet,https://statsapi.mlb.com/api/v1.1/game/824456/feed/live,True,5,Top,34,34
824456-688883,824456,2026-04-06,CLE,KC,H,688883,Peyton Pallette,RELIEF_OR_BULK,0.0,15.0,4.0,3.0,15,15,4,4,True,False,30,8,6,1,1,3,0,3,1,https://raw.githubusercontent.com/lancebroz/mlb-pitcher-data/main/data/raw/2026/daily/2026-04-06.parquet,QA_VALIDATED_CANONICAL_V2,RELIEF_OR_BULK,MLB,False,BULLPEN_PITCHER,P,https://raw.githubusercontent.com/lancebroz/mlb-pitcher-data/main/data/raw/2026/daily/2026-04-06.parquet,https://statsapi.mlb.com/api/v1.1/game/824456/feed/live,True,6,Top,39,50
823401-642397,823401,2026-04-06,PIT,SD,H,642397,Gregory Soto,RELIEF_OR_BULK,2.0,20.0,4.0,3.0,0,20,0,4,False,False,18,4,3,0,0,0,1,1,0,https://raw.githubusercontent.com/lancebroz/mlb-pitcher-data/main/data/raw/2026/daily/2026-04-06.parquet,QA_VALIDATED_CANONICAL_V2,RELIEF_OR_BULK,MLB,False,BULLPEN_PITCHER,P,https://raw.githubusercontent.com/lancebroz/mlb-pitcher-data/main/data/raw/2026/daily/2026-04-06.parquet,https://statsapi.mlb.com/api/v1.1/game/823401/feed/live,True,9,Top,70,73
823401-664875,823401,2026-04-06,PIT,SD,H,664875,Justin Lawrence,RELIEF_OR_BULK,4.0,12.0,3.0,3.0,0,0,0,0,False,False,13,5,3,1,1,2,0,2,0,https://raw.githubusercontent.com/lancebroz/mlb-pitcher-data/main/data/raw/2026/daily/2026-04-06.parquet,QA_VALIDATED_CANONICAL_V2,RELIEF_OR_BULK,MLB,False,BULLPEN_PITCHER,P,https://raw.githubusercontent.com/lancebroz/mlb-pitcher-data/main/data/raw/2026/daily/2026-04-06.parquet,https://statsapi.mlb.com/api/v1.1/game/823401/feed/live,True,8,Top,61,65
823401-670990,823401,2026-04-06,PIT,SD,H,670990,Yohan Ramírez,RELIEF_OR_BULK,2.0,19.0,4.0,1.0,0,19,0,4,False,False,27,7,5,1,1,2,0,0,0,https://raw.githubusercontent.com/lancebroz/mlb-pitcher-data/main/data/raw/2026/daily/2026-04-06.parquet,QA_VALIDATED_CANONICAL_V2,RELIEF_OR_BULK,MLB,False,BULLPEN_PITCHER,P,https://raw.githubusercontent.com/lancebroz/mlb-pitcher-data/main/data/raw/2026/daily/2026-04-06.parquet,https://statsapi.mlb.com/api/v1.1/game/823401/feed/live,True,5,Top,38,48
823401-676755,823401,2026-04-06,PIT,SD,H,676755,Isaac Mattson,RELIEF_OR_BULK,1.0,17.0,4.0,3.0,17,17,4,4,False,False,21,5,3,0,0,2,0,2,0,https://raw.githubusercontent.com/lancebroz/mlb-pitcher-data/main/data/raw/2026/daily/2026-04-06.parquet,QA_VALIDATED_CANONICAL_V2,RELIEF_OR_BULK,MLB,False,BULLPEN_PITCHER,P,https://raw.githubusercontent.com/lancebroz/mlb-pitcher-data/main/data/raw/2026/daily/2026-04-06.parquet,https://statsapi.mlb.com/api/v1.1/game/823401/feed/live,True,7,Top,53,57
823401-676760,823401,2026-04-06,SD,PIT,A,676760,Ron Marinaccio,RELIEF_OR_BULK,2.0,10.0,3.0,3.0,0,10,0,3,False,False,30,7,6,0,0,1,1,1,0,https://raw.githubusercontent.com/lancebroz/mlb-pitcher-data/main/data/raw/2026/daily/2026-04-06.parquet,QA_VALIDATED_CANONICAL_V2,RELIEF_OR_BULK,MLB,False,BULLPEN_PITCHER,P,https://raw.githubusercontent.com/lancebroz/mlb-pitcher-data/main/data/raw/2026/daily/2026-04-06.parquet,https://statsapi.mlb.com/api/v1.1/game/823401/feed/live,True,6,Bot,49,60
823401-688158,823401,2026-04-06,SD,PIT,A,688158,David Morgan,RELIEF_OR_BULK,5.0,13.0,4.0,3.0,0,0,0,0,False,False,39,8,6,0,0,0,3,1,0,https://raw.githubusercontent.com/lancebroz/mlb-pitcher-data/main/data/raw/2026/daily/2026-04-06.parquet,QA_VALIDATED_CANONICAL_V2,RELIEF_OR_BULK,MLB,False,BULLPEN_PITCHER,P,https://raw.githubusercontent.com/lancebroz/mlb-pitcher-data/main/data/raw/2026/daily/2026-04-06.parquet,https://statsapi.mlb.com/api/v1.1/game/823401/feed/live,True,8,Bot,66,77
823886-641941,823886,2026-04-06,CIN,MIA,A,641941,Emilio Pagán,RELIEF_OR_BULK,1.0,23.0,5.0,3.0,23,36,5,8,False,False,13,3,3,0,0,0,0,0,0,https://raw.githubusercontent.com/lancebroz/mlb-pitcher-data/main/data/raw/2026/daily/2026-04-06.parquet,QA_VALIDATED_CANONICAL_V2,RELIEF_OR_BULK,MLB,False,BULLPEN_PITCHER,P,https://raw.githubusercontent.com/lancebroz/mlb-pitcher-data/main/data/raw/2026/daily/2026-04-06.parquet,https://statsapi.mlb.com/api/v1.1/game/823886/feed/live,True,9,Bot,64,66
823886-656271,823886,2026-04-06,CIN,MIA,A,656271,Brock Burke,RELIEF_OR_BULK,0.0,14.0,3.0,3.0,14,14,3,3,True,False,6,1,1,0,0,0,0,1,0,https://raw.githubusercontent.com/lancebroz/mlb-pitcher-data/main/data/raw/2026/daily/2026-04-06.parquet,QA_VALIDATED_CANONICAL_V2,RELIEF_OR_BULK,MLB,False,BULLPEN_PITCHER,P,https://raw.githubusercontent.com/lancebroz/mlb-pitcher-data/main/data/raw/2026/daily/2026-04-06.parquet,https://statsapi.mlb.com/api/v1.1/game/823886/feed/live,True,7,Bot,50,50
823886-663574,823886,2026-04-06,CIN,MIA,A,663574,Tony Santillan,RELIEF_OR_BULK,1.0,11.0,3.0,3.0,11,21,3,6,False,False,15,4,3,0,0,0,1,1,0,https://raw.githubusercontent.com/lancebroz/mlb-pitcher-data/main/data/raw/2026/daily/2026-04-06.parquet,QA_VALIDATED_CANONICAL_V2,RELIEF_OR_BULK,MLB,False,BULLPEN_PITCHER,P,https://raw.githubusercontent.com/lancebroz/mlb-pitcher-data/main/data/raw/2026/daily/2026-04-06.parquet,https://statsapi.mlb.com/api/v1.1/game/823886/feed/live,True,8,Bot,56,59
823886-663969,823886,2026-04-06,MIA,CIN,H,663969,Tyler Phillips,RELIEF_OR_BULK,2.0,52.0,10.0,6.0,0,52,0,10,False,False,23,6,5,0,0,0,1,1,0,https://raw.githubusercontent.com/lancebroz/mlb-pitcher-data/main/data/raw/2026/daily/2026-04-06.parquet,QA_VALIDATED_CANONICAL_V2,RELIEF_OR_BULK,MLB,False,BULLPEN_PITCHER,P,https://raw.githubusercontent.com/lancebroz/mlb-pitcher-data/main/data/raw/2026/daily/2026-04-06.parquet,https://statsapi.mlb.com/api/v1.1/game/823886/feed/live,True,8,Top,54,63
822755-592773,822755,2026-04-06,STL,WSH,A,592773,Ryne Stanek,RELIEF_OR_BULK,0.0,23.0,4.0,3.0,23,23,4,4,True,False,23,5,2,3,3,3,0,1,1,https://raw.githubusercontent.com/lancebroz/mlb-pitcher-data/main/data/raw/2026/daily/2026-04-06.parquet,QA_VALIDATED_CANONICAL_V2,RELIEF_OR_BULK,MLB,False,BULLPEN_PITCHER,P,https://raw.githubusercontent.com/lancebroz/mlb-pitcher-data/main/data/raw/2026/daily/2026-04-06.parquet,https://statsapi.mlb.com/api/v1.1/game/822755/feed/live,True,7,Bot,62,74
822755-668941,822755,2026-04-06,STL,WSH,A,668941,JoJo Romero,RELIEF_OR_BULK,0.0,19.0,6.0,5.0,19,19,6,6,True,False,21,5,3,0,0,2,1,0,0,https://raw.githubusercontent.com/lancebroz/mlb-pitcher-data/main/data/raw/2026/daily/2026-04-06.parquet,QA_VALIDATED_CANONICAL_V2,RELIEF_OR_BULK,MLB,False,BULLPEN_PITCHER,P,https://raw.githubusercontent.com/lancebroz/mlb-pitcher-data/main/data/raw/2026/daily/2026-04-06.parquet,https://statsapi.mlb.com/api/v1.1/game/822755/feed/live,True,6,Bot,54,61
822755-672335,822755,2026-04-06,WSH,STL,H,672335,Cionel Pérez,RELIEF_OR_BULK,0.0,20.0,5.0,0.0,20,20,5,5,True,False,21,4,3,0,0,1,0,0,0,https://raw.githubusercontent.com/lancebroz/mlb-pitcher-data/main/data/raw/2026/daily/2026-04-06.parquet,QA_VALIDATED_CANONICAL_V2,RELIEF_OR_BULK,MLB,False,BULLPEN_PITCHER,P,https://raw.githubusercontent.com/lancebroz/mlb-pitcher-data/main/data/raw/2026/daily/2026-04-06.parquet,https://statsapi.mlb.com/api/v1.1/game/822755/feed/live,True,9,Top,80,83
822755-677865,822755,2026-04-06,STL,WSH,A,677865,Justin Bruihl,RELIEF_OR_BULK,1.0,27.0,5.0,4.0,27,42,5,9,False,False,23,5,2,1,1,1,2,0,0,https://raw.githubusercontent.com/lancebroz/mlb-pitcher-data/main/data/raw/2026/daily/2026-04-06.parquet,QA_VALIDATED_CANONICAL_V2,RELIEF_OR_BULK,MLB,False,BULLPEN_PITCHER,P,https://raw.githubusercontent.com/lancebroz/mlb-pitcher-data/main/data/raw/2026/daily/2026-04-06.parquet,https://statsapi.mlb.com/api/v1.1/game/822755/feed/live,True,6,Bot,49,53
822755-686610,822755,2026-04-06,WSH,STL,H,686610,Ken Waldichuk,RELIEF_OR_BULK,2.0,36.0,9.0,6.0,0,36,0,9,False,False,33,10,7,3,3,2,2,2,2,https://raw.githubusercontent.com/lancebroz/mlb-pitcher-data/main/data/raw/2026/daily/2026-04-06.parquet,QA_VALIDATED_CANONICAL_V2,RELIEF_OR_BULK,MLB,False,BULLPEN_PITCHER,P,https://raw.githubusercontent.com/lancebroz/mlb-pitcher-data/main/data/raw/2026/daily/2026-04-06.parquet,https://statsapi.mlb.com/api/v1.1/game/822755/feed/live,True,6,Top,44,64
822755-694335,822755,2026-04-06,STL,WSH,A,694335,Matt Svanson,RELIEF_OR_BULK,1.0,30.0,10.0,7.0,30,30,10,10,False,False,13,5,2,3,3,3,0,1,2,https://raw.githubusercontent.com/lancebroz/mlb-pitcher-data/main/data/raw/2026/daily/2026-04-06.parquet,QA_VALIDATED_CANONICAL_V2,RELIEF_OR_BULK,MLB,False,BULLPEN_PITCHER,P,https://raw.githubusercontent.com/lancebroz/mlb-pitcher-data/main/data/raw/2026/daily/2026-04-06.parquet,https://statsapi.mlb.com/api/v1.1/game/822755/feed/live,True,8,Bot,75,79
822755-701552,822755,2026-04-06,WSH,STL,H,701552,Andre Granillo,RELIEF_OR_BULK,0.0,8.0,1.0,1.0,8,35,1,10,True,False,29,6,2,2,2,2,2,0,0,https://raw.githubusercontent.com/lancebroz/mlb-pitcher-data/main/data/raw/2026/daily/2026-04-06.parquet,QA_VALIDATED_CANONICAL_V2,RELIEF_OR_BULK,MLB,False,BULLPEN_PITCHER,P,https://raw.githubusercontent.com/lancebroz/mlb-pitcher-data/main/data/raw/2026/daily/2026-04-06.parquet,https://statsapi.mlb.com/api/v1.1/game/822755/feed/live,True,8,Top,65,70
824783-543056,824783,2026-04-06,BOS,MIL,H,543056,Danny Coulombe,RELIEF_OR_BULK,0.0,2.0,1.0,1.0,10,10,3,3,True,True,23,4,2,0,0,2,1,0,0,https://raw.githubusercontent.com/lancebroz/mlb-pitcher-data/main/data/raw/2026/daily/2026-04-06.parquet,QA_VALIDATED_CANONICAL_V2,RELIEF_OR_BULK,MLB,False,BULLPEN_PITCHER,P,https://raw.githubusercontent.com/lancebroz/mlb-pitcher-data/main/data/raw/2026/daily/2026-04-06.parquet,https://statsapi.mlb.com/api/v1.1/game/824783/feed/live,True,4,Top,36,39
824783-663558,824783,2026-04-06,BOS,MIL,H,663558,Jovani Morán,RELIEF_OR_BULK,5.0,26.0,7.0,6.0,0,0,0,0,False,False,45,11,9,1,1,1,1,4,0,https://raw.githubusercontent.com/lancebroz/mlb-pitcher-data/main/data/raw/2026/daily/2026-04-06.parquet,QA_VALIDATED_CANONICAL_V2,RELIEF_OR_BULK,MLB,False,BULLPEN_PITCHER,P,https://raw.githubusercontent.com/lancebroz/mlb-pitcher-data/main/data/raw/2026/daily/2026-04-06.parquet,https://statsapi.mlb.com/api/v1.1/game/824783/feed/live,True,5,Top,47,63
824783-670245,824783,2026-04-06,BOS,MIL,H,670245,Ryan Watson,RELIEF_OR_BULK,1.0,26.0,6.0,4.0,26,26,6,6,False,False,10,5,3,1,1,2,0,0,0,https://raw.githubusercontent.com/lancebroz/mlb-pitcher-data/main/data/raw/2026/daily/2026-04-06.parquet,QA_VALIDATED_CANONICAL_V2,RELIEF_OR_BULK,MLB,False,BULLPEN_PITCHER,P,https://raw.githubusercontent.com/lancebroz/mlb-pitcher-data/main/data/raw/2026/daily/2026-04-06.parquet,https://statsapi.mlb.com/api/v1.1/game/824783/feed/live,True,9,Top,78,82
824783-672582,824783,2026-04-06,MIL,BOS,A,672582,Angel Zerpa,RELIEF_OR_BULK,0.0,23.0,6.0,5.0,23,23,6,6,True,False,16,5,3,1,1,2,0,0,1,https://raw.githubusercontent.com/lancebroz/mlb-pitcher-data/main/data/raw/2026/daily/2026-04-06.parquet,QA_VALIDATED_CANONICAL_V2,RELIEF_OR_BULK,MLB,False,BULLPEN_PITCHER,P,https://raw.githubusercontent.com/lancebroz/mlb-pitcher-data/main/data/raw/2026/daily/2026-04-06.parquet,https://statsapi.mlb.com/api/v1.1/game/824783/feed/live,True,9,Bot,83,87
824783-676477,824783,2026-04-06,BOS,MIL,H,676477,Garrett Whitlock,RELIEF_OR_BULK,4.0,37.0,6.0,3.0,0,0,0,0,False,False,27,6,3,2,1,1,2,2,0,https://raw.githubusercontent.com/lancebroz/mlb-pitcher-data/main/data/raw/2026/daily/2026-04-06.parquet,QA_VALIDATED_CANONICAL_V2,RELIEF_OR_BULK,MLB,False,BULLPEN_PITCHER,P,https://raw.githubusercontent.com/lancebroz/mlb-pitcher-data/main/data/raw/2026/daily/2026-04-06.parquet,https://statsapi.mlb.com/api/v1.1/game/824783/feed/live,True,8,Top,69,74
824783-676879,824783,2026-04-06,MIL,BOS,A,676879,Aaron Ashby,RELIEF_OR_BULK,1.0,41.0,10.0,5.0,41,41,10,10,False,False,23,6,4,0,0,1,1,0,0,https://raw.githubusercontent.com/lancebroz/mlb-pitcher-data/main/data/raw/2026/daily/2026-04-06.parquet,QA_VALIDATED_CANONICAL_V2,RELIEF_OR_BULK,MLB,False,BULLPEN_PITCHER,P,https://raw.githubusercontent.com/lancebroz/mlb-pitcher-data/main/data/raw/2026/daily/2026-04-06.parquet,https://statsapi.mlb.com/api/v1.1/game/824783/feed/live,True,6,Bot,60,68
824783-681982,824783,2026-04-06,MIL,BOS,A,681982,Grant Anderson,RELIEF_OR_BULK,0.0,12.0,5.0,2.0,12,12,5,5,True,False,15,3,3,0,0,0,0,0,0,https://raw.githubusercontent.com/lancebroz/mlb-pitcher-data/main/data/raw/2026/daily/2026-04-06.parquet,QA_VALIDATED_CANONICAL_V2,RELIEF_OR_BULK,MLB,False,BULLPEN_PITCHER,P,https://raw.githubusercontent.com/lancebroz/mlb-pitcher-data/main/data/raw/2026/daily/2026-04-06.parquet,https://statsapi.mlb.com/api/v1.1/game/824783/feed/live,True,8,Bot,75,77
822832-500743,822832,2026-04-06,LAD,TOR,A,500743,Miguel Rojas,RELIEF_OR_BULK,,,,,0,0,0,0,False,False,18,6,3,1,1,1,1,0,0,https://raw.githubusercontent.com/lancebroz/mlb-pitcher-data/main/data/raw/2026/daily/2026-04-06.parquet,EXCLUIR_POSITION_PLAYER_PITCHING,,,False,POSITION_PLAYER_PITCHING,2B,https://raw.githubusercontent.com/lancebroz/mlb-pitcher-data/main/data/raw/2026/daily/2026-04-06.parquet,https://statsapi.mlb.com/api/v1.1/game/822832/feed/live,True,9,Bot,82,87
822832-573009,822832,2026-04-06,TOR,LAD,H,573009,Joe Mantiply,RELIEF_OR_BULK,0.0,17.0,4.0,4.0,17,17,4,4,True,False,25,5,2,3,3,1,2,1,1,https://raw.githubusercontent.com/lancebroz/mlb-pitcher-data/main/data/raw/2026/daily/2026-04-06.parquet,QA_VALIDATED_CANONICAL_V2,RELIEF_OR_BULK,MLB,False,BULLPEN_PITCHER,P,https://raw.githubusercontent.com/lancebroz/mlb-pitcher-data/main/data/raw/2026/daily/2026-04-06.parquet,https://statsapi.mlb.com/api/v1.1/game/822832/feed/live,True,6,Top,48,52
822832-623168,822832,2026-04-06,TOR,LAD,H,623168,Tyler Heineman,RELIEF_OR_BULK,6.0,27.0,14.0,6.0,0,0,0,0,False,False,11,3,3,0,0,0,0,0,0,https://raw.githubusercontent.com/lancebroz/mlb-pitcher-data/main/data/raw/2026/daily/2026-04-06.parquet,EXCLUIR_POSITION_PLAYER_PITCHING,RELIEF_OR_BULK,MLB,False,POSITION_PLAYER_PITCHING,C,https://raw.githubusercontent.com/lancebroz/mlb-pitcher-data/main/data/raw/2026/daily/2026-04-06.parquet,https://statsapi.mlb.com/api/v1.1/game/822832/feed/live,True,9,Top,79,81
822832-667297,822832,2026-04-06,TOR,LAD,H,667297,Tommy Nance,RELIEF_OR_BULK,1.0,20.0,5.0,5.0,20,20,5,5,False,False,36,10,4,4,4,6,0,3,1,https://raw.githubusercontent.com/lancebroz/mlb-pitcher-data/main/data/raw/2026/daily/2026-04-06.parquet,QA_VALIDATED_CANONICAL_V2,RELIEF_OR_BULK,MLB,False,BULLPEN_PITCHER,P,https://raw.githubusercontent.com/lancebroz/mlb-pitcher-data/main/data/raw/2026/daily/2026-04-06.parquet,https://statsapi.mlb.com/api/v1.1/game/822832/feed/live,True,6,Top,53,66
822832-676596,822832,2026-04-06,TOR,LAD,H,676596,Josh Fleming,RELIEF_OR_BULK,,,,,0,0,0,0,False,False,77,18,9,4,4,6,2,1,1,https://raw.githubusercontent.com/lancebroz/mlb-pitcher-data/main/data/raw/2026/daily/2026-04-06.parquet,QA_VALIDATED_CANONICAL_V2,,,False,BULLPEN_PITCHER,P,https://raw.githubusercontent.com/lancebroz/mlb-pitcher-data/main/data/raw/2026/daily/2026-04-06.parquet,https://statsapi.mlb.com/api/v1.1/game/822832/feed/live,True,3,Top,19,43
822832-683618,822832,2026-04-06,LAD,TOR,A,683618,Edgardo Henriquez,RELIEF_OR_BULK,1.0,22.0,4.0,3.0,22,47,4,11,False,False,11,3,3,0,0,0,0,2,0,https://raw.githubusercontent.com/lancebroz/mlb-pitcher-data/main/data/raw/2026/daily/2026-04-06.parquet,QA_VALIDATED_CANONICAL_V2,RELIEF_OR_BULK,MLB,False,BULLPEN_PITCHER,P,https://raw.githubusercontent.com/lancebroz/mlb-pitcher-data/main/data/raw/2026/daily/2026-04-06.parquet,https://statsapi.mlb.com/api/v1.1/game/822832/feed/live,True,8,Bot,76,78
822832-693686,822832,2026-04-06,TOR,LAD,H,693686,Spencer Miles,RELIEF_OR_BULK,0.0,27.0,8.0,6.0,27,27,8,8,True,False,16,5,3,1,1,2,0,1,1,https://raw.githubusercontent.com/lancebroz/mlb-pitcher-data/main/data/raw/2026/daily/2026-04-06.parquet,QA_VALIDATED_CANONICAL_V2,RELIEF_OR_BULK,MLB,False,BULLPEN_PITCHER,P,https://raw.githubusercontent.com/lancebroz/mlb-pitcher-data/main/data/raw/2026/daily/2026-04-06.parquet,https://statsapi.mlb.com/api/v1.1/game/822832/feed/live,True,8,Top,71,75
822832-694361,822832,2026-04-06,LAD,TOR,A,694361,Will Klein,RELIEF_OR_BULK,4.0,35.0,7.0,5.0,0,0,0,0,False,False,27,8,6,0,0,2,0,2,0,https://raw.githubusercontent.com/lancebroz/mlb-pitcher-data/main/data/raw/2026/daily/2026-04-06.parquet,QA_VALIDATED_CANONICAL_V2,RELIEF_OR_BULK,MLB,False,BULLPEN_PITCHER,P,https://raw.githubusercontent.com/lancebroz/mlb-pitcher-data/main/data/raw/2026/daily/2026-04-06.parquet,https://statsapi.mlb.com/api/v1.1/game/822832/feed/live,True,6,Bot,55,70
823728-607455,823728,2026-04-06,MIN,DET,H,607455,Anthony Banda,RELIEF_OR_BULK,1.0,15.0,4.0,3.0,15,32,4,9,False,False,17,4,3,0,0,1,0,1,0,https://raw.githubusercontent.com/lancebroz/mlb-pitcher-data/main/data/raw/2026/daily/2026-04-06.parquet,QA_VALIDATED_CANONICAL_V2,RELIEF_OR_BULK,MLB,False,BULLPEN_PITCHER,P,https://raw.githubusercontent.com/lancebroz/mlb-pitcher-data/main/data/raw/2026/daily/2026-04-06.parquet,https://statsapi.mlb.com/api/v1.1/game/823728/feed/live,True,6,Top,50,53
823728-623454,823728,2026-04-06,DET,MIN,A,623454,Drew Anderson,RELIEF_OR_BULK,1.0,17.0,5.0,3.0,17,17,5,5,False,False,49,13,9,1,1,2,2,4,0,https://raw.githubusercontent.com/lancebroz/mlb-pitcher-data/main/data/raw/2026/daily/2026-04-06.parquet,QA_VALIDATED_CANONICAL_V2,RELIEF_OR_BULK,MLB,False,BULLPEN_PITCHER,P,https://raw.githubusercontent.com/lancebroz/mlb-pitcher-data/main/data/raw/2026/daily/2026-04-06.parquet,https://statsapi.mlb.com/api/v1.1/game/823728/feed/live,True,5,Bot,46,71
823728-676428,823728,2026-04-06,DET,MIN,A,676428,Brant Hurter,RELIEF_OR_BULK,1.0,13.0,3.0,3.0,13,13,3,3,False,False,23,5,2,1,1,1,2,2,0,https://raw.githubusercontent.com/lancebroz/mlb-pitcher-data/main/data/raw/2026/daily/2026-04-06.parquet,QA_VALIDATED_CANONICAL_V2,RELIEF_OR_BULK,MLB,False,BULLPEN_PITCHER,P,https://raw.githubusercontent.com/lancebroz/mlb-pitcher-data/main/data/raw/2026/daily/2026-04-06.parquet,https://statsapi.mlb.com/api/v1.1/game/823728/feed/live,True,8,Bot,72,76
823728-679358,823728,2026-04-06,MIN,DET,H,679358,Eric Orze,RELIEF_OR_BULK,2.0,37.0,8.0,6.0,0,37,0,8,False,False,12,3,2,0,0,0,1,1,0,https://raw.githubusercontent.com/lancebroz/mlb-pitcher-data/main/data/raw/2026/daily/2026-04-06.parquet,QA_VALIDATED_CANONICAL_V2,RELIEF_OR_BULK,MLB,False,BULLPEN_PITCHER,P,https://raw.githubusercontent.com/lancebroz/mlb-pitcher-data/main/data/raw/2026/daily/2026-04-06.parquet,https://statsapi.mlb.com/api/v1.1/game/823728/feed/live,True,7,Top,57,59
823728-681892,823728,2026-04-06,MIN,DET,H,681892,Kody Funderburk,RELIEF_OR_BULK,0.0,3.0,1.0,1.0,3,5,1,2,True,False,20,4,2,0,0,0,3,0,0,https://raw.githubusercontent.com/lancebroz/mlb-pitcher-data/main/data/raw/2026/daily/2026-04-06.parquet,QA_VALIDATED_CANONICAL_V2,RELIEF_OR_BULK,MLB,False,BULLPEN_PITCHER,P,https://raw.githubusercontent.com/lancebroz/mlb-pitcher-data/main/data/raw/2026/daily/2026-04-06.parquet,https://statsapi.mlb.com/api/v1.1/game/823728/feed/live,True,7,Top,60,67
823728-689520,823728,2026-04-06,MIN,DET,H,689520,Cody Laweryson,RELIEF_OR_BULK,1.0,9.0,3.0,3.0,9,19,3,6,False,False,14,5,5,0,0,0,0,2,0,https://raw.githubusercontent.com/lancebroz/mlb-pitcher-data/main/data/raw/2026/daily/2026-04-06.parquet,QA_VALIDATED_CANONICAL_V2,RELIEF_OR_BULK,MLB,False,BULLPEN_PITCHER,P,https://raw.githubusercontent.com/lancebroz/mlb-pitcher-data/main/data/raw/2026/daily/2026-04-06.parquet,https://statsapi.mlb.com/api/v1.1/game/823728/feed/live,True,8,Top,68,79
824619-607200,824619,2026-04-06,CWS,BAL,H,607200,Erick Fedde,RELIEF_OR_BULK,5.0,80.0,21.0,15.0,0,0,0,0,False,False,86,22,18,2,2,5,1,4,1,https://raw.githubusercontent.com/lancebroz/mlb-pitcher-data/main/data/raw/2026/daily/2026-04-06.parquet,QA_VALIDATED_CANONICAL_V2,STARTER,MLB,False,BULLPEN_PITCHER,P,https://raw.githubusercontent.com/lancebroz/mlb-pitcher-data/main/data/raw/2026/daily/2026-04-06.parquet,https://statsapi.mlb.com/api/v1.1/game/824619/feed/live,True,2,Top,8,47
824619-608371,824619,2026-04-06,CWS,BAL,H,608371,Lucas Sims,RELIEF_OR_BULK,4.0,31.0,9.0,6.0,0,0,0,0,False,False,21,6,6,0,0,1,0,2,0,https://raw.githubusercontent.com/lancebroz/mlb-pitcher-data/main/data/raw/2026/daily/2026-04-06.parquet,QA_VALIDATED_CANONICAL_V2,RELIEF_OR_BULK,MLB,False,BULLPEN_PITCHER,P,https://raw.githubusercontent.com/lancebroz/mlb-pitcher-data/main/data/raw/2026/daily/2026-04-06.parquet,https://statsapi.mlb.com/api/v1.1/game/824619/feed/live,True,8,Top,51,60
824619-664854,824619,2026-04-06,BAL,CWS,A,664854,Ryan Helsley,RELIEF_OR_BULK,1.0,13.0,4.0,1.0,13,13,4,4,False,False,24,6,3,1,1,1,2,1,0,https://raw.githubusercontent.com/lancebroz/mlb-pitcher-data/main/data/raw/2026/daily/2026-04-06.parquet,QA_VALIDATED_CANONICAL_V2,RELIEF_OR_BULK,MLB,False,BULLPEN_PITCHER,P,https://raw.githubusercontent.com/lancebroz/mlb-pitcher-data/main/data/raw/2026/daily/2026-04-06.parquet,https://statsapi.mlb.com/api/v1.1/game/824619/feed/live,True,9,Bot,61,66
824619-669330,824619,2026-04-06,BAL,CWS,A,669330,Tyler Wells,RELIEF_OR_BULK,2.0,23.0,6.0,6.0,0,23,0,6,False,False,32,7,6,0,0,1,1,2,0,https://raw.githubusercontent.com/lancebroz/mlb-pitcher-data/main/data/raw/2026/daily/2026-04-06.parquet,QA_VALIDATED_CANONICAL_V2,RELIEF_OR_BULK,MLB,False,BULLPEN_PITCHER,P,https://raw.githubusercontent.com/lancebroz/mlb-pitcher-data/main/data/raw/2026/daily/2026-04-06.parquet,https://statsapi.mlb.com/api/v1.1/game/824619/feed/live,True,6,Bot,41,50
824619-670329,824619,2026-04-06,BAL,CWS,A,670329,Rico Garcia,RELIEF_OR_BULK,1.0,10.0,2.0,1.0,10,18,2,5,False,False,10,3,3,0,0,0,0,1,0,https://raw.githubusercontent.com/lancebroz/mlb-pitcher-data/main/data/raw/2026/daily/2026-04-06.parquet,QA_VALIDATED_CANONICAL_V2,RELIEF_OR_BULK,MLB,False,BULLPEN_PITCHER,P,https://raw.githubusercontent.com/lancebroz/mlb-pitcher-data/main/data/raw/2026/daily/2026-04-06.parquet,https://statsapi.mlb.com/api/v1.1/game/824619/feed/live,True,8,Bot,55,57
822918-596001,822918,2026-04-06,TEX,SEA,H,596001,Jakob Junis,RELIEF_OR_BULK,2.0,12.0,3.0,3.0,0,12,0,3,False,False,4,3,3,0,0,0,0,0,0,https://raw.githubusercontent.com/lancebroz/mlb-pitcher-data/main/data/raw/2026/daily/2026-04-06.parquet,QA_VALIDATED_CANONICAL_V2,RELIEF_OR_BULK,MLB,False,BULLPEN_PITCHER,P,https://raw.githubusercontent.com/lancebroz/mlb-pitcher-data/main/data/raw/2026/daily/2026-04-06.parquet,https://statsapi.mlb.com/api/v1.1/game/822918/feed/live,True,9,Top,60,62
822918-641302,822918,2026-04-06,TEX,SEA,H,641302,Tyler Alexander,RELIEF_OR_BULK,1.0,13.0,4.0,3.0,13,13,4,4,False,False,17,3,2,0,0,1,0,1,0,https://raw.githubusercontent.com/lancebroz/mlb-pitcher-data/main/data/raw/2026/daily/2026-04-06.parquet,QA_VALIDATED_CANONICAL_V2,RELIEF_OR_BULK,MLB,False,BULLPEN_PITCHER,P,https://raw.githubusercontent.com/lancebroz/mlb-pitcher-data/main/data/raw/2026/daily/2026-04-06.parquet,https://statsapi.mlb.com/api/v1.1/game/822918/feed/live,True,7,Top,45,47
822918-656222,822918,2026-04-06,TEX,SEA,H,656222,Jalen Beeks,RELIEF_OR_BULK,0.0,2.0,1.0,1.0,18,18,5,5,True,True,16,4,3,0,0,0,1,0,0,https://raw.githubusercontent.com/lancebroz/mlb-pitcher-data/main/data/raw/2026/daily/2026-04-06.parquet,QA_VALIDATED_CANONICAL_V2,RELIEF_OR_BULK,MLB,False,BULLPEN_PITCHER,P,https://raw.githubusercontent.com/lancebroz/mlb-pitcher-data/main/data/raw/2026/daily/2026-04-06.parquet,https://statsapi.mlb.com/api/v1.1/game/822918/feed/live,True,6,Top,36,39
822918-668390,822918,2026-04-06,TEX,SEA,H,668390,Cole Winn,RELIEF_OR_BULK,0.0,14.0,4.0,3.0,14,31,4,9,True,False,3,1,1,0,0,0,0,0,0,https://raw.githubusercontent.com/lancebroz/mlb-pitcher-data/main/data/raw/2026/daily/2026-04-06.parquet,QA_VALIDATED_CANONICAL_V2,RELIEF_OR_BULK,MLB,False,BULLPEN_PITCHER,P,https://raw.githubusercontent.com/lancebroz/mlb-pitcher-data/main/data/raw/2026/daily/2026-04-06.parquet,https://statsapi.mlb.com/api/v1.1/game/822918/feed/live,True,7,Top,48,48
822918-676395,822918,2026-04-06,TEX,SEA,H,676395,Robert Garcia,RELIEF_OR_BULK,0.0,20.0,4.0,1.0,20,20,4,4,True,False,14,3,3,0,0,0,0,0,0,https://raw.githubusercontent.com/lancebroz/mlb-pitcher-data/main/data/raw/2026/daily/2026-04-06.parquet,QA_VALIDATED_CANONICAL_V2,RELIEF_OR_BULK,MLB,False,BULLPEN_PITCHER,P,https://raw.githubusercontent.com/lancebroz/mlb-pitcher-data/main/data/raw/2026/daily/2026-04-06.parquet,https://statsapi.mlb.com/api/v1.1/game/822918/feed/live,True,8,Top,52,54
822918-678606,822918,2026-04-06,SEA,TEX,A,678606,José A. Ferrer,RELIEF_OR_BULK,0.0,19.0,7.0,3.0,19,19,7,7,True,False,12,3,3,0,0,0,0,2,0,https://raw.githubusercontent.com/lancebroz/mlb-pitcher-data/main/data/raw/2026/daily/2026-04-06.parquet,QA_VALIDATED_CANONICAL_V2,RELIEF_OR_BULK,MLB,False,BULLPEN_PITCHER,P,https://raw.githubusercontent.com/lancebroz/mlb-pitcher-data/main/data/raw/2026/daily/2026-04-06.parquet,https://statsapi.mlb.com/api/v1.1/game/822918/feed/live,True,7,Bot,49,51
822918-681867,822918,2026-04-06,SEA,TEX,A,681867,Cooper Criswell,RELIEF_OR_BULK,4.0,30.0,7.0,6.0,0,0,0,0,False,False,23,5,3,0,0,1,2,0,0,https://raw.githubusercontent.com/lancebroz/mlb-pitcher-data/main/data/raw/2026/daily/2026-04-06.parquet,QA_VALIDATED_CANONICAL_V2,RELIEF_OR_BULK,MLB,False,BULLPEN_PITCHER,P,https://raw.githubusercontent.com/lancebroz/mlb-pitcher-data/main/data/raw/2026/daily/2026-04-06.parquet,https://statsapi.mlb.com/api/v1.1/game/822918/feed/live,True,8,Bot,55,59
824376-623474,824376,2026-04-06,COL,HOU,H,623474,Jimmy Herget,RELIEF_OR_BULK,1.0,15.0,4.0,4.0,15,15,4,4,False,False,33,7,5,1,1,2,0,1,0,https://raw.githubusercontent.com/lancebroz/mlb-pitcher-data/main/data/raw/2026/daily/2026-04-06.parquet,QA_VALIDATED_CANONICAL_V2,RELIEF_OR_BULK,MLB,False,BULLPEN_PITCHER,P,https://raw.githubusercontent.com/lancebroz/mlb-pitcher-data/main/data/raw/2026/daily/2026-04-06.parquet,https://statsapi.mlb.com/api/v1.1/game/824376/feed/live,True,6,Top,52,63
824376-660853,824376,2026-04-06,HOU,COL,A,660853,Enyel De Los Santos,RELIEF_OR_BULK,,,,,0,0,0,0,False,False,8,4,3,0,0,1,0,0,0,https://raw.githubusercontent.com/lancebroz/mlb-pitcher-data/main/data/raw/2026/daily/2026-04-06.parquet,QA_VALIDATED_CANONICAL_V2,,,False,BULLPEN_PITCHER,P,https://raw.githubusercontent.com/lancebroz/mlb-pitcher-data/main/data/raw/2026/daily/2026-04-06.parquet,https://statsapi.mlb.com/api/v1.1/game/824376/feed/live,True,8,Bot,75,78
824376-675848,824376,2026-04-06,COL,HOU,H,675848,Juan Mejia,RELIEF_OR_BULK,1.0,14.0,4.0,3.0,14,14,4,4,False,False,21,6,5,0,0,0,1,1,0,https://raw.githubusercontent.com/lancebroz/mlb-pitcher-data/main/data/raw/2026/daily/2026-04-06.parquet,QA_VALIDATED_CANONICAL_V2,RELIEF_OR_BULK,MLB,False,BULLPEN_PITCHER,P,https://raw.githubusercontent.com/lancebroz/mlb-pitcher-data/main/data/raw/2026/daily/2026-04-06.parquet,https://statsapi.mlb.com/api/v1.1/game/824376/feed/live,True,8,Top,72,81
824376-680802,824376,2026-04-06,HOU,COL,A,680802,Ryan Weiss,RELIEF_OR_BULK,2.0,38.0,11.0,9.0,0,38,0,11,False,False,62,19,8,7,6,8,2,4,1,https://raw.githubusercontent.com/lancebroz/mlb-pitcher-data/main/data/raw/2026/daily/2026-04-06.parquet,QA_VALIDATED_CANONICAL_V2,RELIEF_OR_BULK,MLB,False,BULLPEN_PITCHER,P,https://raw.githubusercontent.com/lancebroz/mlb-pitcher-data/main/data/raw/2026/daily/2026-04-06.parquet,https://statsapi.mlb.com/api/v1.1/game/824376/feed/live,True,5,Bot,37,66
824376-688642,824376,2026-04-06,COL,HOU,H,688642,Zach Agnos,RELIEF_OR_BULK,5.0,45.0,13.0,6.0,0,0,0,0,False,False,18,5,1,2,2,4,0,0,0,https://raw.githubusercontent.com/lancebroz/mlb-pitcher-data/main/data/raw/2026/daily/2026-04-06.parquet,QA_VALIDATED_CANONICAL_V2,RELIEF_OR_BULK,MLB,False,BULLPEN_PITCHER,P,https://raw.githubusercontent.com/lancebroz/mlb-pitcher-data/main/data/raw/2026/daily/2026-04-06.parquet,https://statsapi.mlb.com/api/v1.1/game/824376/feed/live,True,8,Top,67,71
824052-605447,824052,2026-04-06,LAA,ATL,H,605447,Jordan Romano,RELIEF_OR_BULK,1.0,15.0,3.0,3.0,15,31,3,6,False,False,3,1,1,0,0,0,0,0,0,https://raw.githubusercontent.com/lancebroz/mlb-pitcher-data/main/data/raw/2026/daily/2026-04-06.parquet,QA_VALIDATED_CANONICAL_V2,RELIEF_OR_BULK,MLB,False,BULLPEN_PITCHER,P,https://raw.githubusercontent.com/lancebroz/mlb-pitcher-data/main/data/raw/2026/daily/2026-04-06.parquet,https://statsapi.mlb.com/api/v1.1/game/824052/feed/live,True,9,Top,64,64
824052-606303,824052,2026-04-06,ATL,LAA,A,606303,Joel Payamps,RELIEF_OR_BULK,0.0,1.0,1.0,0.0,1,1,1,1,True,False,11,3,3,0,0,0,0,1,0,https://raw.githubusercontent.com/lancebroz/mlb-pitcher-data/main/data/raw/2026/daily/2026-04-06.parquet,QA_VALIDATED_CANONICAL_V2,RELIEF_OR_BULK,MLB,False,BULLPEN_PITCHER,P,https://raw.githubusercontent.com/lancebroz/mlb-pitcher-data/main/data/raw/2026/daily/2026-04-06.parquet,https://statsapi.mlb.com/api/v1.1/game/824052/feed/live,True,5,Bot,37,39
824052-607481,824052,2026-04-06,ATL,LAA,A,607481,Aaron Bummer,RELIEF_OR_BULK,6.0,13.0,4.0,3.0,0,0,0,0,False,False,7,3,3,0,0,0,0,1,0,https://raw.githubusercontent.com/lancebroz/mlb-pitcher-data/main/data/raw/2026/daily/2026-04-06.parquet,QA_VALIDATED_CANONICAL_V2,RELIEF_OR_BULK,MLB,False,BULLPEN_PITCHER,P,https://raw.githubusercontent.com/lancebroz/mlb-pitcher-data/main/data/raw/2026/daily/2026-04-06.parquet,https://statsapi.mlb.com/api/v1.1/game/824052/feed/live,True,6,Bot,43,45
824052-674370,824052,2026-04-06,ATL,LAA,A,674370,Osvaldo Bido,RELIEF_OR_BULK,3.0,42.0,12.0,9.0,0,0,0,0,False,False,18,6,6,0,0,0,0,1,0,https://raw.githubusercontent.com/lancebroz/mlb-pitcher-data/main/data/raw/2026/daily/2026-04-06.parquet,QA_VALIDATED_CANONICAL_V2,RELIEF_OR_BULK,MLB,False,BULLPEN_PITCHER,P,https://raw.githubusercontent.com/lancebroz/mlb-pitcher-data/main/data/raw/2026/daily/2026-04-06.parquet,https://statsapi.mlb.com/api/v1.1/game/824052/feed/live,True,7,Bot,49,58
824052-681217,824052,2026-04-06,LAA,ATL,H,681217,Chase Silseth,RELIEF_OR_BULK,1.0,16.0,3.0,3.0,16,21,3,4,False,False,28,5,2,1,1,2,1,1,1,https://raw.githubusercontent.com/lancebroz/mlb-pitcher-data/main/data/raw/2026/daily/2026-04-06.parquet,QA_VALIDATED_CANONICAL_V2,RELIEF_OR_BULK,MLB,False,BULLPEN_PITCHER,P,https://raw.githubusercontent.com/lancebroz/mlb-pitcher-data/main/data/raw/2026/daily/2026-04-06.parquet,https://statsapi.mlb.com/api/v1.1/game/824052/feed/live,True,9,Top,59,63
823237-621237,823237,2026-04-06,PHI,SF,A,621237,José Alvarado,RELIEF_OR_BULK,1.0,12.0,2.0,1.0,12,12,2,2,False,False,22,3,3,0,0,0,0,1,0,https://raw.githubusercontent.com/lancebroz/mlb-pitcher-data/main/data/raw/2026/daily/2026-04-06.parquet,QA_VALIDATED_CANONICAL_V2,RELIEF_OR_BULK,MLB,False,BULLPEN_PITCHER,P,https://raw.githubusercontent.com/lancebroz/mlb-pitcher-data/main/data/raw/2026/daily/2026-04-06.parquet,https://statsapi.mlb.com/api/v1.1/game/823237/feed/live,True,7,Bot,63,65
823237-621366,823237,2026-04-06,SF,PHI,H,621366,Ryan Borucki,RELIEF_OR_BULK,1.0,22.0,7.0,4.0,22,22,7,7,False,False,12,4,1,2,2,2,1,0,0,https://raw.githubusercontent.com/lancebroz/mlb-pitcher-data/main/data/raw/2026/daily/2026-04-06.parquet,QA_VALIDATED_CANONICAL_V2,RELIEF_OR_BULK,MLB,False,BULLPEN_PITCHER,P,https://raw.githubusercontent.com/lancebroz/mlb-pitcher-data/main/data/raw/2026/daily/2026-04-06.parquet,https://statsapi.mlb.com/api/v1.1/game/823237/feed/live,True,7,Top,55,58
823237-641745,823237,2026-04-06,PHI,SF,A,641745,Brad Keller,RELIEF_OR_BULK,1.0,13.0,4.0,3.0,13,13,4,4,False,False,20,4,3,0,0,1,0,2,0,https://raw.githubusercontent.com/lancebroz/mlb-pitcher-data/main/data/raw/2026/daily/2026-04-06.parquet,QA_VALIDATED_CANONICAL_V2,RELIEF_OR_BULK,MLB,False,BULLPEN_PITCHER,P,https://raw.githubusercontent.com/lancebroz/mlb-pitcher-data/main/data/raw/2026/daily/2026-04-06.parquet,https://statsapi.mlb.com/api/v1.1/game/823237/feed/live,True,8,Bot,70,73
823237-641835,823237,2026-04-06,PHI,SF,A,641835,Tim Mayza,RELIEF_OR_BULK,0.0,13.0,3.0,3.0,13,26,3,6,True,False,9,3,3,0,0,0,0,1,0,https://raw.githubusercontent.com/lancebroz/mlb-pitcher-data/main/data/raw/2026/daily/2026-04-06.parquet,QA_VALIDATED_CANONICAL_V2,RELIEF_OR_BULK,MLB,False,BULLPEN_PITCHER,P,https://raw.githubusercontent.com/lancebroz/mlb-pitcher-data/main/data/raw/2026/daily/2026-04-06.parquet,https://statsapi.mlb.com/api/v1.1/game/823237/feed/live,True,5,Bot,44,46
823237-657424,823237,2026-04-06,SF,PHI,H,657424,Matt Gage,RELIEF_OR_BULK,2.0,37.0,8.0,5.0,0,37,0,8,False,False,15,3,3,0,0,0,1,1,0,https://raw.githubusercontent.com/lancebroz/mlb-pitcher-data/main/data/raw/2026/daily/2026-04-06.parquet,QA_VALIDATED_CANONICAL_V2,RELIEF_OR_BULK,MLB,False,BULLPEN_PITCHER,P,https://raw.githubusercontent.com/lancebroz/mlb-pitcher-data/main/data/raw/2026/daily/2026-04-06.parquet,https://statsapi.mlb.com/api/v1.1/game/823237/feed/live,True,8,Top,66,69
823237-661395,823237,2026-04-06,PHI,SF,A,661395,Jhoan Duran,RELIEF_OR_BULK,1.0,8.0,3.0,3.0,8,8,3,3,False,False,16,4,3,0,0,1,0,0,0,https://raw.githubusercontent.com/lancebroz/mlb-pitcher-data/main/data/raw/2026/daily/2026-04-06.parquet,QA_VALIDATED_CANONICAL_V2,RELIEF_OR_BULK,MLB,False,BULLPEN_PITCHER,P,https://raw.githubusercontent.com/lancebroz/mlb-pitcher-data/main/data/raw/2026/daily/2026-04-06.parquet,https://statsapi.mlb.com/api/v1.1/game/823237/feed/live,True,9,Bot,78,81
823237-668873,823237,2026-04-06,SF,PHI,H,668873,Caleb Kilian,RELIEF_OR_BULK,1.0,12.0,3.0,3.0,12,17,3,4,False,False,17,4,2,0,0,0,1,1,0,https://raw.githubusercontent.com/lancebroz/mlb-pitcher-data/main/data/raw/2026/daily/2026-04-06.parquet,QA_VALIDATED_CANONICAL_V2,RELIEF_OR_BULK,MLB,False,BULLPEN_PITCHER,P,https://raw.githubusercontent.com/lancebroz/mlb-pitcher-data/main/data/raw/2026/daily/2026-04-06.parquet,https://statsapi.mlb.com/api/v1.1/game/823237/feed/live,True,7,Top,59,62
823237-680742,823237,2026-04-06,PHI,SF,A,680742,Jonathan Bowlan,RELIEF_OR_BULK,4.0,17.0,4.0,2.0,0,0,0,0,False,False,15,3,3,0,0,0,0,2,0,https://raw.githubusercontent.com/lancebroz/mlb-pitcher-data/main/data/raw/2026/daily/2026-04-06.parquet,QA_VALIDATED_CANONICAL_V2,RELIEF_OR_BULK,MLB,False,BULLPEN_PITCHER,P,https://raw.githubusercontent.com/lancebroz/mlb-pitcher-data/main/data/raw/2026/daily/2026-04-06.parquet,https://statsapi.mlb.com/api/v1.1/game/823237/feed/live,True,6,Bot,50,52
823237-694918,823237,2026-04-06,SF,PHI,H,694918,Blade Tidwell,RELIEF_OR_BULK,3.0,37.0,9.0,9.0,0,0,0,0,False,False,19,4,3,0,0,0,1,2,0,https://raw.githubusercontent.com/lancebroz/mlb-pitcher-data/main/data/raw/2026/daily/2026-04-06.parquet,QA_VALIDATED_CANONICAL_V2,RELIEF_OR_BULK,MLB,False,BULLPEN_PITCHER,P,https://raw.githubusercontent.com/lancebroz/mlb-pitcher-data/main/data/raw/2026/daily/2026-04-06.parquet,https://statsapi.mlb.com/api/v1.1/game/823237/feed/live,True,9,Top,74,77
824457-542888,824457,2026-04-07,CLE,KC,H,542888,Shawn Armstrong,RELIEF_OR_BULK,1.0,29.0,6.0,4.0,29,29,6,6,False,False,25,5,3,0,0,0,2,2,0,https://raw.githubusercontent.com/lancebroz/mlb-pitcher-data/main/data/raw/2026/daily/2026-04-07.parquet,QA_VALIDATED_CANONICAL_V2,RELIEF_OR_BULK,MLB,False,BULLPEN_PITCHER,P,https://raw.githubusercontent.com/lancebroz/mlb-pitcher-data/main/data/raw/2026/daily/2026-04-07.parquet,https://statsapi.mlb.com/api/v1.1/game/824457/feed/live,True,8,Top,55,59
824457-663738,824457,2026-04-07,KC,CLE,A,663738,Daniel Lynch IV,RELIEF_OR_BULK,2.0,27.0,7.0,6.0,0,27,0,7,False,False,13,4,4,0,0,0,0,1,0,https://raw.githubusercontent.com/lancebroz/mlb-pitcher-data/main/data/raw/2026/daily/2026-04-07.parquet,QA_VALIDATED_CANONICAL_V2,RELIEF_OR_BULK,MLB,False,BULLPEN_PITCHER,P,https://raw.githubusercontent.com/lancebroz/mlb-pitcher-data/main/data/raw/2026/daily/2026-04-07.parquet,https://statsapi.mlb.com/api/v1.1/game/824457/feed/live,True,6,Bot,48,54
824457-670167,824457,2026-04-07,KC,CLE,A,670167,John Schreiber,RELIEF_OR_BULK,2.0,19.0,4.0,3.0,0,19,0,4,False,False,19,4,1,1,1,2,1,0,0,https://raw.githubusercontent.com/lancebroz/mlb-pitcher-data/main/data/raw/2026/daily/2026-04-07.parquet,QA_VALIDATED_CANONICAL_V2,RELIEF_OR_BULK,MLB,False,BULLPEN_PITCHER,P,https://raw.githubusercontent.com/lancebroz/mlb-pitcher-data/main/data/raw/2026/daily/2026-04-07.parquet,https://statsapi.mlb.com/api/v1.1/game/824457/feed/live,True,9,Bot,67,70
824457-671922,824457,2026-04-07,CLE,KC,H,671922,Cade Smith,RELIEF_OR_BULK,1.0,33.0,6.0,3.0,33,33,6,6,False,False,10,3,3,0,0,0,0,2,0,https://raw.githubusercontent.com/lancebroz/mlb-pitcher-data/main/data/raw/2026/daily/2026-04-07.parquet,QA_VALIDATED_CANONICAL_V2,RELIEF_OR_BULK,MLB,False,BULLPEN_PITCHER,P,https://raw.githubusercontent.com/lancebroz/mlb-pitcher-data/main/data/raw/2026/daily/2026-04-07.parquet,https://statsapi.mlb.com/api/v1.1/game/824457/feed/live,True,9,Top,64,66
824457-681870,824457,2026-04-07,CLE,KC,H,681870,Erik Sabrowski,RELIEF_OR_BULK,1.0,14.0,3.0,2.0,14,14,3,3,False,False,15,3,3,0,0,0,0,2,0,https://raw.githubusercontent.com/lancebroz/mlb-pitcher-data/main/data/raw/2026/daily/2026-04-07.parquet,QA_VALIDATED_CANONICAL_V2,RELIEF_OR_BULK,MLB,False,BULLPEN_PITCHER,P,https://raw.githubusercontent.com/lancebroz/mlb-pitcher-data/main/data/raw/2026/daily/2026-04-07.parquet,https://statsapi.mlb.com/api/v1.1/game/824457/feed/live,True,7,Top,49,51
824457-682120,824457,2026-04-07,CLE,KC,H,682120,Tim Herrin,RELIEF_OR_BULK,0.0,5.0,1.0,1.0,22,22,4,4,True,True,11,2,1,0,0,0,1,0,0,https://raw.githubusercontent.com/lancebroz/mlb-pitcher-data/main/data/raw/2026/daily/2026-04-07.parquet,QA_VALIDATED_CANONICAL_V2,RELIEF_OR_BULK,MLB,False,BULLPEN_PITCHER,P,https://raw.githubusercontent.com/lancebroz/mlb-pitcher-data/main/data/raw/2026/daily/2026-04-07.parquet,https://statsapi.mlb.com/api/v1.1/game/824457/feed/live,True,6,Top,43,44
824457-683232,824457,2026-04-07,KC,CLE,A,683232,Nick Mears,RELIEF_OR_BULK,1.0,14.0,5.0,3.0,14,28,5,8,False,False,24,4,3,0,0,0,1,2,0,https://raw.githubusercontent.com/lancebroz/mlb-pitcher-data/main/data/raw/2026/daily/2026-04-07.parquet,QA_VALIDATED_CANONICAL_V2,RELIEF_OR_BULK,MLB,False,BULLPEN_PITCHER,P,https://raw.githubusercontent.com/lancebroz/mlb-pitcher-data/main/data/raw/2026/daily/2026-04-07.parquet,https://statsapi.mlb.com/api/v1.1/game/824457/feed/live,True,8,Bot,60,63
824618-656794,824618,2026-04-07,CWS,BAL,H,656794,Sean Newcomb,RELIEF_OR_BULK,2.0,16.0,2.0,1.0,0,16,0,2,False,False,26,7,4,1,1,2,1,1,0,https://raw.githubusercontent.com/lancebroz/mlb-pitcher-data/main/data/raw/2026/daily/2026-04-07.parquet,QA_VALIDATED_CANONICAL_V2,RELIEF_OR_BULK,MLB,False,BULLPEN_PITCHER,P,https://raw.githubusercontent.com/lancebroz/mlb-pitcher-data/main/data/raw/2026/daily/2026-04-07.parquet,https://statsapi.mlb.com/api/v1.1/game/824618/feed/live,True,4,Top,31,40
824618-663542,824618,2026-04-07,CWS,BAL,H,663542,Bryan Hudson,RELIEF_OR_BULK,1.0,19.0,4.0,2.0,19,19,4,4,False,False,15,4,3,0,0,0,1,0,0,https://raw.githubusercontent.com/lancebroz/mlb-pitcher-data/main/data/raw/2026/daily/2026-04-07.parquet,QA_VALIDATED_CANONICAL_V2,RELIEF_OR_BULK,MLB,False,BULLPEN_PITCHER,P,https://raw.githubusercontent.com/lancebroz/mlb-pitcher-data/main/data/raw/2026/daily/2026-04-07.parquet,https://statsapi.mlb.com/api/v1.1/game/824618/feed/live,True,9,Top,73,76
824618-663855,824618,2026-04-07,CWS,BAL,H,663855,Jordan Hicks,RELIEF_OR_BULK,2.0,19.0,4.0,4.0,0,19,0,4,False,False,23,7,4,2,2,3,0,2,0,https://raw.githubusercontent.com/lancebroz/mlb-pitcher-data/main/data/raw/2026/daily/2026-04-07.parquet,QA_VALIDATED_CANONICAL_V2,RELIEF_OR_BULK,MLB,False,BULLPEN_PITCHER,P,https://raw.githubusercontent.com/lancebroz/mlb-pitcher-data/main/data/raw/2026/daily/2026-04-07.parquet,https://statsapi.mlb.com/api/v1.1/game/824618/feed/live,True,7,Top,55,64
824618-664854,824618,2026-04-07,BAL,CWS,A,664854,Ryan Helsley,RELIEF_OR_BULK,0.0,24.0,6.0,3.0,24,37,6,10,True,False,18,4,3,0,0,0,1,2,0,https://raw.githubusercontent.com/lancebroz/mlb-pitcher-data/main/data/raw/2026/daily/2026-04-07.parquet,QA_VALIDATED_CANONICAL_V2,RELIEF_OR_BULK,MLB,False,BULLPEN_PITCHER,P,https://raw.githubusercontent.com/lancebroz/mlb-pitcher-data/main/data/raw/2026/daily/2026-04-07.parquet,https://statsapi.mlb.com/api/v1.1/game/824618/feed/live,True,9,Bot,77,80
824618-664991,824618,2026-04-07,BAL,CWS,A,664991,Grant Wolfram,RELIEF_OR_BULK,2.0,21.0,4.0,3.0,0,21,0,4,False,False,16,3,2,0,0,0,0,2,0,https://raw.githubusercontent.com/lancebroz/mlb-pitcher-data/main/data/raw/2026/daily/2026-04-07.parquet,QA_VALIDATED_CANONICAL_V2,RELIEF_OR_BULK,MLB,False,BULLPEN_PITCHER,P,https://raw.githubusercontent.com/lancebroz/mlb-pitcher-data/main/data/raw/2026/daily/2026-04-07.parquet,https://statsapi.mlb.com/api/v1.1/game/824618/feed/live,True,8,Bot,69,71
824618-666974,824618,2026-04-07,BAL,CWS,A,666974,Yennier Cano,RELIEF_OR_BULK,1.0,7.0,1.0,1.0,7,7,1,1,False,False,10,3,3,0,0,0,0,1,0,https://raw.githubusercontent.com/lancebroz/mlb-pitcher-data/main/data/raw/2026/daily/2026-04-07.parquet,QA_VALIDATED_CANONICAL_V2,RELIEF_OR_BULK,MLB,False,BULLPEN_PITCHER,P,https://raw.githubusercontent.com/lancebroz/mlb-pitcher-data/main/data/raw/2026/daily/2026-04-07.parquet,https://statsapi.mlb.com/api/v1.1/game/824618/feed/live,True,7,Bot,59,61
824618-669684,824618,2026-04-07,CWS,BAL,H,669684,Chris Murphy,RELIEF_OR_BULK,1.0,15.0,4.0,3.0,15,25,4,9,False,False,13,4,2,1,1,1,1,0,1,https://raw.githubusercontent.com/lancebroz/mlb-pitcher-data/main/data/raw/2026/daily/2026-04-07.parquet,QA_VALIDATED_CANONICAL_V2,RELIEF_OR_BULK,MLB,False,BULLPEN_PITCHER,P,https://raw.githubusercontent.com/lancebroz/mlb-pitcher-data/main/data/raw/2026/daily/2026-04-07.parquet,https://statsapi.mlb.com/api/v1.1/game/824618/feed/live,True,8,Top,65,68
824618-673929,824618,2026-04-07,CWS,BAL,H,673929,Jordan Leasure,RELIEF_OR_BULK,1.0,19.0,4.0,4.0,19,19,4,4,False,False,21,4,3,0,0,1,0,2,0,https://raw.githubusercontent.com/lancebroz/mlb-pitcher-data/main/data/raw/2026/daily/2026-04-07.parquet,QA_VALIDATED_CANONICAL_V2,RELIEF_OR_BULK,MLB,False,BULLPEN_PITCHER,P,https://raw.githubusercontent.com/lancebroz/mlb-pitcher-data/main/data/raw/2026/daily/2026-04-07.parquet,https://statsapi.mlb.com/api/v1.1/game/824618/feed/live,True,6,Top,46,49
824618-689296,824618,2026-04-07,BAL,CWS,A,689296,Anthony Nunez,RELIEF_OR_BULK,2.0,27.0,6.0,3.0,0,27,0,6,False,False,6,1,1,0,0,0,0,1,0,https://raw.githubusercontent.com/lancebroz/mlb-pitcher-data/main/data/raw/2026/daily/2026-04-07.parquet,QA_VALIDATED_CANONICAL_V2,RELIEF_OR_BULK,MLB,False,BULLPEN_PITCHER,P,https://raw.githubusercontent.com/lancebroz/mlb-pitcher-data/main/data/raw/2026/daily/2026-04-07.parquet,https://statsapi.mlb.com/api/v1.1/game/824618/feed/live,True,8,Bot,72,72
823648-472610,823648,2026-04-07,NYM,AZ,H,472610,Luis García,RELIEF_OR_BULK,3.0,14.0,4.0,3.0,0,0,0,0,False,False,23,7,6,0,0,1,0,0,0,https://raw.githubusercontent.com/lancebroz/mlb-pitcher-data/main/data/raw/2026/daily/2026-04-07.parquet,QA_VALIDATED_CANONICAL_V2,RELIEF_OR_BULK,MLB,False,BULLPEN_PITCHER,P,https://raw.githubusercontent.com/lancebroz/mlb-pitcher-data/main/data/raw/2026/daily/2026-04-07.parquet,https://statsapi.mlb.com/api/v1.1/game/823648/feed/live,True,6,Top,48,57
823648-548384,823648,2026-04-07,NYM,AZ,H,548384,Brooks Raley,RELIEF_OR_BULK,3.0,16.0,2.0,2.0,0,0,0,0,False,False,20,4,3,0,0,1,0,2,0,https://raw.githubusercontent.com/lancebroz/mlb-pitcher-data/main/data/raw/2026/daily/2026-04-07.parquet,QA_VALIDATED_CANONICAL_V2,RELIEF_OR_BULK,MLB,False,BULLPEN_PITCHER,P,https://raw.githubusercontent.com/lancebroz/mlb-pitcher-data/main/data/raw/2026/daily/2026-04-07.parquet,https://statsapi.mlb.com/api/v1.1/game/823648/feed/live,True,8,Top,61,64
823648-596133,823648,2026-04-07,NYM,AZ,H,596133,Luke Weaver,RELIEF_OR_BULK,1.0,12.0,3.0,3.0,12,12,3,3,False,False,13,3,3,0,0,0,0,1,0,https://raw.githubusercontent.com/lancebroz/mlb-pitcher-data/main/data/raw/2026/daily/2026-04-07.parquet,QA_VALIDATED_CANONICAL_V2,RELIEF_OR_BULK,MLB,False,BULLPEN_PITCHER,P,https://raw.githubusercontent.com/lancebroz/mlb-pitcher-data/main/data/raw/2026/daily/2026-04-07.parquet,https://statsapi.mlb.com/api/v1.1/game/823648/feed/live,True,10,Top,78,80
823648-623149,823648,2026-04-07,AZ,NYM,A,623149,Paul Sewald,RELIEF_OR_BULK,2.0,21.0,3.0,3.0,0,21,0,3,False,False,6,2,1,1,0,1,0,0,0,https://raw.githubusercontent.com/lancebroz/mlb-pitcher-data/main/data/raw/2026/daily/2026-04-07.parquet,QA_VALIDATED_CANONICAL_V2,RELIEF_OR_BULK,MLB,False,BULLPEN_PITCHER,P,https://raw.githubusercontent.com/lancebroz/mlb-pitcher-data/main/data/raw/2026/daily/2026-04-07.parquet,https://statsapi.mlb.com/api/v1.1/game/823648/feed/live,True,10,Bot,81,82
823648-623211,823648,2026-04-07,NYM,AZ,H,623211,Huascar Brazobán,RELIEF_OR_BULK,1.0,10.0,4.0,4.0,10,10,4,4,False,False,14,3,1,0,0,2,0,0,0,https://raw.githubusercontent.com/lancebroz/mlb-pitcher-data/main/data/raw/2026/daily/2026-04-07.parquet,QA_VALIDATED_CANONICAL_V2,RELIEF_OR_BULK,MLB,False,BULLPEN_PITCHER,P,https://raw.githubusercontent.com/lancebroz/mlb-pitcher-data/main/data/raw/2026/daily/2026-04-07.parquet,https://statsapi.mlb.com/api/v1.1/game/823648/feed/live,True,5,Top,41,43
823648-642207,823648,2026-04-07,NYM,AZ,H,642207,Devin Williams,RELIEF_OR_BULK,1.0,21.0,4.0,3.0,21,21,4,4,False,False,16,5,3,0,0,2,0,2,0,https://raw.githubusercontent.com/lancebroz/mlb-pitcher-data/main/data/raw/2026/daily/2026-04-07.parquet,QA_VALIDATED_CANONICAL_V2,RELIEF_OR_BULK,MLB,False,BULLPEN_PITCHER,P,https://raw.githubusercontent.com/lancebroz/mlb-pitcher-data/main/data/raw/2026/daily/2026-04-07.parquet,https://statsapi.mlb.com/api/v1.1/game/823648/feed/live,True,9,Top,70,74
823648-642528,823648,2026-04-07,AZ,NYM,A,642528,Jonathan Loáisiga,RELIEF_OR_BULK,1.0,25.0,6.0,3.0,25,35,6,9,False,False,21,5,3,1,1,2,0,1,0,https://raw.githubusercontent.com/lancebroz/mlb-pitcher-data/main/data/raw/2026/daily/2026-04-07.parquet,QA_VALIDATED_CANONICAL_V2,RELIEF_OR_BULK,MLB,False,BULLPEN_PITCHER,P,https://raw.githubusercontent.com/lancebroz/mlb-pitcher-data/main/data/raw/2026/daily/2026-04-07.parquet,https://statsapi.mlb.com/api/v1.1/game/823648/feed/live,True,8,Bot,65,69
823648-656464,823648,2026-04-07,AZ,NYM,A,656464,Kevin Ginkel,RELIEF_OR_BULK,1.0,13.0,4.0,3.0,13,13,4,4,False,False,12,3,3,0,0,0,0,1,0,https://raw.githubusercontent.com/lancebroz/mlb-pitcher-data/main/data/raw/2026/daily/2026-04-07.parquet,QA_VALIDATED_CANONICAL_V2,RELIEF_OR_BULK,MLB,False,BULLPEN_PITCHER,P,https://raw.githubusercontent.com/lancebroz/mlb-pitcher-data/main/data/raw/2026/daily/2026-04-07.parquet,https://statsapi.mlb.com/api/v1.1/game/823648/feed/live,True,9,Bot,75,77
823648-657044,823648,2026-04-07,AZ,NYM,A,657044,Ryan Thompson,RELIEF_OR_BULK,1.0,14.0,6.0,3.0,14,14,6,6,False,False,8,3,3,0,0,0,0,0,0,https://raw.githubusercontent.com/lancebroz/mlb-pitcher-data/main/data/raw/2026/daily/2026-04-07.parquet,QA_VALIDATED_CANONICAL_V2,RELIEF_OR_BULK,MLB,False,BULLPEN_PITCHER,P,https://raw.githubusercontent.com/lancebroz/mlb-pitcher-data/main/data/raw/2026/daily/2026-04-07.parquet,https://statsapi.mlb.com/api/v1.1/game/823648/feed/live,True,6,Bot,51,53
823648-666661,823648,2026-04-07,AZ,NYM,A,666661,Juan Morillo,RELIEF_OR_BULK,2.0,14.0,3.0,3.0,0,14,0,3,False,False,10,3,3,0,0,0,0,0,0,https://raw.githubusercontent.com/lancebroz/mlb-pitcher-data/main/data/raw/2026/daily/2026-04-07.parquet,QA_VALIDATED_CANONICAL_V2,RELIEF_OR_BULK,MLB,False,BULLPEN_PITCHER,P,https://raw.githubusercontent.com/lancebroz/mlb-pitcher-data/main/data/raw/2026/daily/2026-04-07.parquet,https://statsapi.mlb.com/api/v1.1/game/823648/feed/live,True,7,Bot,58,60
822999-571948,822999,2026-04-07,CHC,TB,A,571948,Hoby Milner,RELIEF_OR_BULK,1.0,14.0,3.0,3.0,14,14,3,3,False,False,17,6,4,0,0,2,0,0,0,https://raw.githubusercontent.com/lancebroz/mlb-pitcher-data/main/data/raw/2026/daily/2026-04-07.parquet,QA_VALIDATED_CANONICAL_V2,RELIEF_OR_BULK,MLB,False,BULLPEN_PITCHER,P,https://raw.githubusercontent.com/lancebroz/mlb-pitcher-data/main/data/raw/2026/daily/2026-04-07.parquet,https://statsapi.mlb.com/api/v1.1/game/822999/feed/live,True,6,Bot,48,57
822999-573204,822999,2026-04-07,CHC,TB,A,573204,Caleb Thielbar,RELIEF_OR_BULK,1.0,28.0,5.0,4.0,28,28,5,5,False,False,2,1,1,0,0,0,0,0,0,https://raw.githubusercontent.com/lancebroz/mlb-pitcher-data/main/data/raw/2026/daily/2026-04-07.parquet,QA_VALIDATED_CANONICAL_V2,RELIEF_OR_BULK,MLB,False,BULLPEN_PITCHER,P,https://raw.githubusercontent.com/lancebroz/mlb-pitcher-data/main/data/raw/2026/daily/2026-04-07.parquet,https://statsapi.mlb.com/api/v1.1/game/822999/feed/live,True,8,Bot,70,70
822999-642121,822999,2026-04-07,TB,CHC,H,642121,Cole Sulser,RELIEF_OR_BULK,2.0,35.0,9.0,6.0,0,35,0,9,False,False,37,10,7,1,1,3,1,2,0,https://raw.githubusercontent.com/lancebroz/mlb-pitcher-data/main/data/raw/2026/daily/2026-04-07.parquet,QA_VALIDATED_CANONICAL_V2,RELIEF_OR_BULK,MLB,False,BULLPEN_PITCHER,P,https://raw.githubusercontent.com/lancebroz/mlb-pitcher-data/main/data/raw/2026/daily/2026-04-07.parquet,https://statsapi.mlb.com/api/v1.1/game/822999/feed/live,True,4,Top,28,44
822999-657097,822999,2026-04-07,CHC,TB,A,657097,Jacob Webb,RELIEF_OR_BULK,1.0,20.0,5.0,1.0,20,20,5,5,False,False,14,4,3,0,0,0,1,1,0,https://raw.githubusercontent.com/lancebroz/mlb-pitcher-data/main/data/raw/2026/daily/2026-04-07.parquet,QA_VALIDATED_CANONICAL_V2,RELIEF_OR_BULK,MLB,False,BULLPEN_PITCHER,P,https://raw.githubusercontent.com/lancebroz/mlb-pitcher-data/main/data/raw/2026/daily/2026-04-07.parquet,https://statsapi.mlb.com/api/v1.1/game/822999/feed/live,True,9,Bot,77,80
822999-664208,822999,2026-04-07,CHC,TB,A,664208,Phil Maton,RELIEF_OR_BULK,0.0,19.0,5.0,3.0,19,19,5,5,True,False,26,6,2,2,2,3,0,1,0,https://raw.githubusercontent.com/lancebroz/mlb-pitcher-data/main/data/raw/2026/daily/2026-04-07.parquet,QA_VALIDATED_CANONICAL_V2,RELIEF_OR_BULK,MLB,False,BULLPEN_PITCHER,P,https://raw.githubusercontent.com/lancebroz/mlb-pitcher-data/main/data/raw/2026/daily/2026-04-07.parquet,https://statsapi.mlb.com/api/v1.1/game/822999/feed/live,True,8,Bot,64,69
822999-672782,822999,2026-04-07,TB,CHC,H,672782,Yoendrys Gómez,RELIEF_OR_BULK,3.0,23.0,6.0,5.0,0,0,0,0,False,False,58,16,9,4,4,6,1,1,2,https://raw.githubusercontent.com/lancebroz/mlb-pitcher-data/main/data/raw/2026/daily/2026-04-07.parquet,QA_VALIDATED_CANONICAL_V2,RELIEF_OR_BULK,MLB,False,BULLPEN_PITCHER,P,https://raw.githubusercontent.com/lancebroz/mlb-pitcher-data/main/data/raw/2026/daily/2026-04-07.parquet,https://statsapi.mlb.com/api/v1.1/game/822999/feed/live,True,7,Top,50,76
823402-593974,823402,2026-04-07,SD,PIT,A,593974,Wandy Peralta,RELIEF_OR_BULK,1.0,10.0,3.0,1.0,10,10,3,3,False,False,13,4,3,0,0,1,1,1,0,https://raw.githubusercontent.com/lancebroz/mlb-pitcher-data/main/data/raw/2026/daily/2026-04-07.parquet,QA_VALIDATED_CANONICAL_V2,RELIEF_OR_BULK,MLB,False,BULLPEN_PITCHER,P,https://raw.githubusercontent.com/lancebroz/mlb-pitcher-data/main/data/raw/2026/daily/2026-04-07.parquet,https://statsapi.mlb.com/api/v1.1/game/823402/feed/live,True,7,Bot,50,53
823402-642397,823402,2026-04-07,PIT,SD,H,642397,Gregory Soto,RELIEF_OR_BULK,0.0,18.0,4.0,3.0,18,18,4,4,True,False,10,3,3,0,0,0,0,1,0,https://raw.githubusercontent.com/lancebroz/mlb-pitcher-data/main/data/raw/2026/daily/2026-04-07.parquet,QA_VALIDATED_CANONICAL_V2,RELIEF_OR_BULK,MLB,False,BULLPEN_PITCHER,P,https://raw.githubusercontent.com/lancebroz/mlb-pitcher-data/main/data/raw/2026/daily/2026-04-07.parquet,https://statsapi.mlb.com/api/v1.1/game/823402/feed/live,True,8,Top,54,56
823402-670970,823402,2026-04-07,SD,PIT,A,670970,Adrian Morejon,RELIEF_OR_BULK,2.0,29.0,5.0,3.0,0,29,0,5,False,False,20,7,1,5,4,5,0,1,0,https://raw.githubusercontent.com/lancebroz/mlb-pitcher-data/main/data/raw/2026/daily/2026-04-07.parquet,QA_VALIDATED_CANONICAL_V2,RELIEF_OR_BULK,MLB,False,BULLPEN_PITCHER,P,https://raw.githubusercontent.com/lancebroz/mlb-pitcher-data/main/data/raw/2026/daily/2026-04-07.parquet,https://statsapi.mlb.com/api/v1.1/game/823402/feed/live,True,8,Bot,57,63
823402-670990,823402,2026-04-07,PIT,SD,H,670990,Yohan Ramírez,RELIEF_OR_BULK,0.0,27.0,7.0,5.0,27,27,7,7,True,False,12,3,3,0,0,0,0,2,0,https://raw.githubusercontent.com/lancebroz/mlb-pitcher-data/main/data/raw/2026/daily/2026-04-07.parquet,QA_VALIDATED_CANONICAL_V2,RELIEF_OR_BULK,MLB,False,BULLPEN_PITCHER,P,https://raw.githubusercontent.com/lancebroz/mlb-pitcher-data/main/data/raw/2026/daily/2026-04-07.parquet,https://statsapi.mlb.com/api/v1.1/game/823402/feed/live,True,9,Top,66,68
823402-676755,823402,2026-04-07,PIT,SD,H,676755,Isaac Mattson,RELIEF_OR_BULK,0.0,21.0,5.0,3.0,21,38,5,9,True,False,9,3,2,0,0,1,0,0,0,https://raw.githubusercontent.com/lancebroz/mlb-pitcher-data/main/data/raw/2026/daily/2026-04-07.parquet,QA_VALIDATED_CANONICAL_V2,RELIEF_OR_BULK,MLB,False,BULLPEN_PITCHER,P,https://raw.githubusercontent.com/lancebroz/mlb-pitcher-data/main/data/raw/2026/daily/2026-04-07.parquet,https://statsapi.mlb.com/api/v1.1/game/823402/feed/live,True,7,Top,47,49
823402-676760,823402,2026-04-07,SD,PIT,A,676760,Ron Marinaccio,RELIEF_OR_BULK,0.0,30.0,7.0,6.0,30,30,7,7,True,False,6,2,2,0,0,0,0,0,0,https://raw.githubusercontent.com/lancebroz/mlb-pitcher-data/main/data/raw/2026/daily/2026-04-07.parquet,QA_VALIDATED_CANONICAL_V2,RELIEF_OR_BULK,MLB,False,BULLPEN_PITCHER,P,https://raw.githubusercontent.com/lancebroz/mlb-pitcher-data/main/data/raw/2026/daily/2026-04-07.parquet,https://statsapi.mlb.com/api/v1.1/game/823402/feed/live,True,8,Bot,64,65
823402-699134,823402,2026-04-07,SD,PIT,A,699134,Bradgley Rodriguez,RELIEF_OR_BULK,1.0,25.0,8.0,5.0,25,25,8,8,False,False,23,4,3,0,0,2,0,0,0,https://raw.githubusercontent.com/lancebroz/mlb-pitcher-data/main/data/raw/2026/daily/2026-04-07.parquet,QA_VALIDATED_CANONICAL_V2,RELIEF_OR_BULK,MLB,False,BULLPEN_PITCHER,P,https://raw.githubusercontent.com/lancebroz/mlb-pitcher-data/main/data/raw/2026/daily/2026-04-07.parquet,https://statsapi.mlb.com/api/v1.1/game/823402/feed/live,True,6,Bot,41,44
823887-572955,823887,2026-04-07,CIN,MIA,A,572955,Pierce Johnson,RELIEF_OR_BULK,1.0,20.0,3.0,2.0,20,20,3,3,False,False,7,2,2,0,0,0,0,1,0,https://raw.githubusercontent.com/lancebroz/mlb-pitcher-data/main/data/raw/2026/daily/2026-04-07.parquet,QA_VALIDATED_CANONICAL_V2,RELIEF_OR_BULK,MLB,False,BULLPEN_PITCHER,P,https://raw.githubusercontent.com/lancebroz/mlb-pitcher-data/main/data/raw/2026/daily/2026-04-07.parquet,https://statsapi.mlb.com/api/v1.1/game/823887/feed/live,True,6,Bot,44,45
823887-641941,823887,2026-04-07,CIN,MIA,A,641941,Emilio Pagán,RELIEF_OR_BULK,0.0,13.0,3.0,3.0,13,36,3,8,True,False,24,5,3,0,0,0,2,2,0,https://raw.githubusercontent.com/lancebroz/mlb-pitcher-data/main/data/raw/2026/daily/2026-04-07.parquet,QA_VALIDATED_CANONICAL_V2,RELIEF_OR_BULK,MLB,False,BULLPEN_PITCHER,P,https://raw.githubusercontent.com/lancebroz/mlb-pitcher-data/main/data/raw/2026/daily/2026-04-07.parquet,https://statsapi.mlb.com/api/v1.1/game/823887/feed/live,True,9,Bot,67,71
823887-667463,823887,2026-04-07,MIA,CIN,H,667463,John King,RELIEF_OR_BULK,1.0,5.0,1.0,1.0,5,15,1,3,False,False,7,3,2,0,0,0,1,0,0,https://raw.githubusercontent.com/lancebroz/mlb-pitcher-data/main/data/raw/2026/daily/2026-04-07.parquet,QA_VALIDATED_CANONICAL_V2,RELIEF_OR_BULK,MLB,False,BULLPEN_PITCHER,P,https://raw.githubusercontent.com/lancebroz/mlb-pitcher-data/main/data/raw/2026/daily/2026-04-07.parquet,https://statsapi.mlb.com/api/v1.1/game/823887/feed/live,True,10,Top,77,79
823887-668933,823887,2026-04-07,CIN,MIA,A,668933,Graham Ashcraft,RELIEF_OR_BULK,2.0,18.0,4.0,3.0,0,18,0,4,False,False,10,3,3,1,0,1,0,0,0,https://raw.githubusercontent.com/lancebroz/mlb-pitcher-data/main/data/raw/2026/daily/2026-04-07.parquet,QA_VALIDATED_CANONICAL_V2,RELIEF_OR_BULK,MLB,False,BULLPEN_PITCHER,P,https://raw.githubusercontent.com/lancebroz/mlb-pitcher-data/main/data/raw/2026/daily/2026-04-07.parquet,https://statsapi.mlb.com/api/v1.1/game/823887/feed/live,True,10,Bot,80,82
823887-669622,823887,2026-04-07,MIA,CIN,H,669622,Anthony Bender,RELIEF_OR_BULK,1.0,31.0,7.0,3.0,31,46,7,11,False,False,21,3,2,0,0,0,1,1,0,https://raw.githubusercontent.com/lancebroz/mlb-pitcher-data/main/data/raw/2026/daily/2026-04-07.parquet,QA_VALIDATED_CANONICAL_V2,RELIEF_OR_BULK,MLB,False,BULLPEN_PITCHER,P,https://raw.githubusercontent.com/lancebroz/mlb-pitcher-data/main/data/raw/2026/daily/2026-04-07.parquet,https://statsapi.mlb.com/api/v1.1/game/823887/feed/live,True,9,Top,64,66
823887-676534,823887,2026-04-07,MIA,CIN,H,676534,Calvin Faucher,RELIEF_OR_BULK,1.0,23.0,4.0,3.0,23,39,4,8,False,False,28,5,1,4,3,2,2,1,0,https://raw.githubusercontent.com/lancebroz/mlb-pitcher-data/main/data/raw/2026/daily/2026-04-07.parquet,QA_VALIDATED_CANONICAL_V2,RELIEF_OR_BULK,MLB,False,BULLPEN_PITCHER,P,https://raw.githubusercontent.com/lancebroz/mlb-pitcher-data/main/data/raw/2026/daily/2026-04-07.parquet,https://statsapi.mlb.com/api/v1.1/game/823887/feed/live,True,10,Top,72,76
823887-683742,823887,2026-04-07,CIN,MIA,A,683742,Jose Franco,RELIEF_OR_BULK,7.0,35.0,7.0,5.0,0,0,0,0,False,False,31,8,6,0,0,0,2,2,0,https://raw.githubusercontent.com/lancebroz/mlb-pitcher-data/main/data/raw/2026/daily/2026-04-07.parquet,QA_VALIDATED_CANONICAL_V2,RELIEF_OR_BULK,MLB,False,BULLPEN_PITCHER,P,https://raw.githubusercontent.com/lancebroz/mlb-pitcher-data/main/data/raw/2026/daily/2026-04-07.parquet,https://statsapi.mlb.com/api/v1.1/game/823887/feed/live,True,7,Bot,50,60
822754-666277,822754,2026-04-07,STL,WSH,A,666277,George Soriano,RELIEF_OR_BULK,1.0,19.0,4.0,1.0,19,19,4,4,False,False,20,6,6,0,0,0,0,3,0,https://raw.githubusercontent.com/lancebroz/mlb-pitcher-data/main/data/raw/2026/daily/2026-04-07.parquet,QA_VALIDATED_CANONICAL_V2,RELIEF_OR_BULK,MLB,False,BULLPEN_PITCHER,P,https://raw.githubusercontent.com/lancebroz/mlb-pitcher-data/main/data/raw/2026/daily/2026-04-07.parquet,https://statsapi.mlb.com/api/v1.1/game/822754/feed/live,True,8,Bot,71,81
822754-669371,822754,2026-04-07,WSH,STL,H,669371,Cole Henry,RELIEF_OR_BULK,2.0,23.0,7.0,6.0,0,23,0,7,False,False,16,5,3,2,1,2,0,1,0,https://raw.githubusercontent.com/lancebroz/mlb-pitcher-data/main/data/raw/2026/daily/2026-04-07.parquet,QA_VALIDATED_CANONICAL_V2,RELIEF_OR_BULK,MLB,False,BULLPEN_PITCHER,P,https://raw.githubusercontent.com/lancebroz/mlb-pitcher-data/main/data/raw/2026/daily/2026-04-07.parquet,https://statsapi.mlb.com/api/v1.1/game/822754/feed/live,True,10,Top,82,86
822754-676571,822754,2026-04-07,WSH,STL,H,676571,PJ Poulin,RELIEF_OR_BULK,1.0,34.0,8.0,6.0,34,34,8,8,False,False,27,6,4,1,1,1,2,2,1,https://raw.githubusercontent.com/lancebroz/mlb-pitcher-data/main/data/raw/2026/daily/2026-04-07.parquet,QA_VALIDATED_CANONICAL_V2,RELIEF_OR_BULK,MLB,False,BULLPEN_PITCHER,P,https://raw.githubusercontent.com/lancebroz/mlb-pitcher-data/main/data/raw/2026/daily/2026-04-07.parquet,https://statsapi.mlb.com/api/v1.1/game/822754/feed/live,True,6,Top,51,61
822754-676617,822754,2026-04-07,STL,WSH,A,676617,Riley O'Brien,RELIEF_OR_BULK,1.0,13.0,3.0,3.0,13,13,3,3,False,False,16,4,3,1,0,0,0,2,0,https://raw.githubusercontent.com/lancebroz/mlb-pitcher-data/main/data/raw/2026/daily/2026-04-07.parquet,QA_VALIDATED_CANONICAL_V2,RELIEF_OR_BULK,MLB,False,BULLPEN_PITCHER,P,https://raw.githubusercontent.com/lancebroz/mlb-pitcher-data/main/data/raw/2026/daily/2026-04-07.parquet,https://statsapi.mlb.com/api/v1.1/game/822754/feed/live,True,10,Bot,87,90
822754-681402,822754,2026-04-07,WSH,STL,H,681402,Gus Varland,RELIEF_OR_BULK,2.0,19.0,5.0,3.0,0,19,0,5,False,False,22,5,3,2,2,1,1,1,1,https://raw.githubusercontent.com/lancebroz/mlb-pitcher-data/main/data/raw/2026/daily/2026-04-07.parquet,QA_VALIDATED_CANONICAL_V2,RELIEF_OR_BULK,MLB,False,BULLPEN_PITCHER,P,https://raw.githubusercontent.com/lancebroz/mlb-pitcher-data/main/data/raw/2026/daily/2026-04-07.parquet,https://statsapi.mlb.com/api/v1.1/game/822754/feed/live,True,8,Top,66,70
822754-687606,822754,2026-04-07,WSH,STL,H,687606,Paxton Schultz,RELIEF_OR_BULK,,,,,0,0,0,0,False,False,26,6,3,0,0,1,1,1,0,https://raw.githubusercontent.com/lancebroz/mlb-pitcher-data/main/data/raw/2026/daily/2026-04-07.parquet,QA_VALIDATED_CANONICAL_V2,,,False,BULLPEN_PITCHER,P,https://raw.githubusercontent.com/lancebroz/mlb-pitcher-data/main/data/raw/2026/daily/2026-04-07.parquet,https://statsapi.mlb.com/api/v1.1/game/822754/feed/live,True,5,Top,38,50
822754-690925,822754,2026-04-07,WSH,STL,H,690925,Clayton Beeter,RELIEF_OR_BULK,1.0,25.0,6.0,5.0,25,25,6,6,False,False,15,5,3,0,0,0,2,0,0,https://raw.githubusercontent.com/lancebroz/mlb-pitcher-data/main/data/raw/2026/daily/2026-04-07.parquet,QA_VALIDATED_CANONICAL_V2,RELIEF_OR_BULK,MLB,False,BULLPEN_PITCHER,P,https://raw.githubusercontent.com/lancebroz/mlb-pitcher-data/main/data/raw/2026/daily/2026-04-07.parquet,https://statsapi.mlb.com/api/v1.1/game/822754/feed/live,True,9,Top,74,78
822754-700669,822754,2026-04-07,STL,WSH,A,700669,Gordon Graceffo,RELIEF_OR_BULK,3.0,16.0,4.0,3.0,0,0,0,0,False,False,35,9,6,1,1,1,2,2,0,https://raw.githubusercontent.com/lancebroz/mlb-pitcher-data/main/data/raw/2026/daily/2026-04-07.parquet,QA_VALIDATED_CANONICAL_V2,RELIEF_OR_BULK,MLB,False,BULLPEN_PITCHER,P,https://raw.githubusercontent.com/lancebroz/mlb-pitcher-data/main/data/raw/2026/daily/2026-04-07.parquet,https://statsapi.mlb.com/api/v1.1/game/822754/feed/live,True,6,Bot,53,65
824780-547973,824780,2026-04-07,BOS,MIL,H,547973,Aroldis Chapman,RELIEF_OR_BULK,2.0,17.0,5.0,3.0,0,17,0,5,False,False,6,3,3,0,0,0,1,0,0,https://raw.githubusercontent.com/lancebroz/mlb-pitcher-data/main/data/raw/2026/daily/2026-04-07.parquet,QA_VALIDATED_CANONICAL_V2,RELIEF_OR_BULK,MLB,False,BULLPEN_PITCHER,P,https://raw.githubusercontent.com/lancebroz/mlb-pitcher-data/main/data/raw/2026/daily/2026-04-07.parquet,https://statsapi.mlb.com/api/v1.1/game/824780/feed/live,True,9,Top,64,66
824780-663765,824780,2026-04-07,MIL,BOS,A,663765,Jake Woodford,RELIEF_OR_BULK,8.0,22.0,6.0,6.0,0,0,0,0,False,False,3,1,1,0,0,0,0,0,0,https://raw.githubusercontent.com/lancebroz/mlb-pitcher-data/main/data/raw/2026/daily/2026-04-07.parquet,QA_VALIDATED_CANONICAL_V2,RELIEF_OR_BULK,MLB,False,BULLPEN_PITCHER,P,https://raw.githubusercontent.com/lancebroz/mlb-pitcher-data/main/data/raw/2026/daily/2026-04-07.parquet,https://statsapi.mlb.com/api/v1.1/game/824780/feed/live,True,8,Bot,63,63
824780-669084,824780,2026-04-07,MIL,BOS,A,669084,DL Hall,RELIEF_OR_BULK,2.0,38.0,7.0,6.0,0,38,0,7,False,False,39,9,7,0,0,1,1,1,0,https://raw.githubusercontent.com/lancebroz/mlb-pitcher-data/main/data/raw/2026/daily/2026-04-07.parquet,QA_VALIDATED_CANONICAL_V2,RELIEF_OR_BULK,MLB,False,BULLPEN_PITCHER,P,https://raw.githubusercontent.com/lancebroz/mlb-pitcher-data/main/data/raw/2026/daily/2026-04-07.parquet,https://statsapi.mlb.com/api/v1.1/game/824780/feed/live,True,6,Bot,44,62
824780-676477,824780,2026-04-07,BOS,MIL,H,676477,Garrett Whitlock,RELIEF_OR_BULK,0.0,27.0,6.0,3.0,27,27,6,6,True,False,15,3,3,0,0,0,0,1,0,https://raw.githubusercontent.com/lancebroz/mlb-pitcher-data/main/data/raw/2026/daily/2026-04-07.parquet,QA_VALIDATED_CANONICAL_V2,RELIEF_OR_BULK,MLB,False,BULLPEN_PITCHER,P,https://raw.githubusercontent.com/lancebroz/mlb-pitcher-data/main/data/raw/2026/daily/2026-04-07.parquet,https://statsapi.mlb.com/api/v1.1/game/824780/feed/live,True,8,Top,57,59
824780-677161,824780,2026-04-07,BOS,MIL,H,677161,Zack Kelly,RELIEF_OR_BULK,1.0,17.0,4.0,3.0,17,26,4,7,False,False,11,2,2,0,0,0,0,0,0,https://raw.githubusercontent.com/lancebroz/mlb-pitcher-data/main/data/raw/2026/daily/2026-04-07.parquet,QA_VALIDATED_CANONICAL_V2,RELIEF_OR_BULK,MLB,False,BULLPEN_PITCHER,P,https://raw.githubusercontent.com/lancebroz/mlb-pitcher-data/main/data/raw/2026/daily/2026-04-07.parquet,https://statsapi.mlb.com/api/v1.1/game/824780/feed/live,True,7,Top,52,53
823567-518585,823567,2026-04-07,NYY,ATH,H,518585,Fernando Cruz,RELIEF_OR_BULK,1.0,16.0,3.0,2.0,16,21,3,5,False,False,20,6,4,0,0,0,2,1,0,https://raw.githubusercontent.com/lancebroz/mlb-pitcher-data/main/data/raw/2026/daily/2026-04-07.parquet,QA_VALIDATED_CANONICAL_V2,RELIEF_OR_BULK,MLB,False,BULLPEN_PITCHER,P,https://raw.githubusercontent.com/lancebroz/mlb-pitcher-data/main/data/raw/2026/daily/2026-04-07.parquet,https://statsapi.mlb.com/api/v1.1/game/823567/feed/live,True,7,Top,53,62
823567-643410,823567,2026-04-07,ATH,NYY,A,643410,Mark Leiter Jr.,RELIEF_OR_BULK,1.0,26.0,5.0,3.0,26,26,5,5,False,False,28,7,2,4,4,5,0,0,1,https://raw.githubusercontent.com/lancebroz/mlb-pitcher-data/main/data/raw/2026/daily/2026-04-07.parquet,QA_VALIDATED_CANONICAL_V2,RELIEF_OR_BULK,MLB,False,BULLPEN_PITCHER,P,https://raw.githubusercontent.com/lancebroz/mlb-pitcher-data/main/data/raw/2026/daily/2026-04-07.parquet,https://statsapi.mlb.com/api/v1.1/game/823567/feed/live,True,8,Bot,63,69
823567-656234,823567,2026-04-07,NYY,ATH,H,656234,Jake Bird,RELIEF_OR_BULK,1.0,10.0,3.0,0.0,10,10,3,3,False,False,10,3,2,0,0,1,0,1,0,https://raw.githubusercontent.com/lancebroz/mlb-pitcher-data/main/data/raw/2026/daily/2026-04-07.parquet,QA_VALIDATED_CANONICAL_V2,RELIEF_OR_BULK,MLB,False,BULLPEN_PITCHER,P,https://raw.githubusercontent.com/lancebroz/mlb-pitcher-data/main/data/raw/2026/daily/2026-04-07.parquet,https://statsapi.mlb.com/api/v1.1/game/823567/feed/live,True,6,Top,42,44
823567-669270,823567,2026-04-07,ATH,NYY,A,669270,Joel Kuhnel,RELIEF_OR_BULK,,,,,0,0,0,0,False,False,5,1,1,0,0,0,0,0,0,https://raw.githubusercontent.com/lancebroz/mlb-pitcher-data/main/data/raw/2026/daily/2026-04-07.parquet,QA_VALIDATED_CANONICAL_V2,,,False,BULLPEN_PITCHER,P,https://raw.githubusercontent.com/lancebroz/mlb-pitcher-data/main/data/raw/2026/daily/2026-04-07.parquet,https://statsapi.mlb.com/api/v1.1/game/823567/feed/live,True,8,Bot,70,70
823567-670280,823567,2026-04-07,NYY,ATH,H,670280,David Bednar,RELIEF_OR_BULK,2.0,33.0,7.0,3.0,0,33,0,7,False,False,14,3,3,0,0,0,0,1,0,https://raw.githubusercontent.com/lancebroz/mlb-pitcher-data/main/data/raw/2026/daily/2026-04-07.parquet,QA_VALIDATED_CANONICAL_V2,RELIEF_OR_BULK,MLB,False,BULLPEN_PITCHER,P,https://raw.githubusercontent.com/lancebroz/mlb-pitcher-data/main/data/raw/2026/daily/2026-04-07.parquet,https://statsapi.mlb.com/api/v1.1/game/823567/feed/live,True,9,Top,71,73
823567-686993,823567,2026-04-07,ATH,NYY,A,686993,Justin Sterner,RELIEF_OR_BULK,1.0,22.0,6.0,4.0,22,22,6,6,False,False,27,7,6,0,0,2,0,1,0,https://raw.githubusercontent.com/lancebroz/mlb-pitcher-data/main/data/raw/2026/daily/2026-04-07.parquet,QA_VALIDATED_CANONICAL_V2,RELIEF_OR_BULK,MLB,False,BULLPEN_PITCHER,P,https://raw.githubusercontent.com/lancebroz/mlb-pitcher-data/main/data/raw/2026/daily/2026-04-07.parquet,https://statsapi.mlb.com/api/v1.1/game/823567/feed/live,True,6,Bot,47,57
823567-687396,823567,2026-04-07,NYY,ATH,H,687396,Brent Headrick,RELIEF_OR_BULK,2.0,7.0,3.0,2.0,0,7,0,3,False,False,22,5,3,0,0,0,2,3,0,https://raw.githubusercontent.com/lancebroz/mlb-pitcher-data/main/data/raw/2026/daily/2026-04-07.parquet,QA_VALIDATED_CANONICAL_V2,RELIEF_OR_BULK,MLB,False,BULLPEN_PITCHER,P,https://raw.githubusercontent.com/lancebroz/mlb-pitcher-data/main/data/raw/2026/daily/2026-04-07.parquet,https://statsapi.mlb.com/api/v1.1/game/823567/feed/live,True,6,Top,45,52
822831-595014,822831,2026-04-07,LAD,TOR,A,595014,Blake Treinen,RELIEF_OR_BULK,3.0,11.0,4.0,3.0,0,0,0,0,False,False,10,3,3,0,0,0,0,0,0,https://raw.githubusercontent.com/lancebroz/mlb-pitcher-data/main/data/raw/2026/daily/2026-04-07.parquet,QA_VALIDATED_CANONICAL_V2,RELIEF_OR_BULK,MLB,False,BULLPEN_PITCHER,P,https://raw.githubusercontent.com/lancebroz/mlb-pitcher-data/main/data/raw/2026/daily/2026-04-07.parquet,https://statsapi.mlb.com/api/v1.1/game/822831/feed/live,True,8,Bot,61,63
822831-621242,822831,2026-04-07,LAD,TOR,A,621242,Edwin Díaz,RELIEF_OR_BULK,1.0,13.0,3.0,3.0,13,13,3,3,False,False,23,5,3,0,0,1,1,3,0,https://raw.githubusercontent.com/lancebroz/mlb-pitcher-data/main/data/raw/2026/daily/2026-04-07.parquet,QA_VALIDATED_CANONICAL_V2,RELIEF_OR_BULK,MLB,False,BULLPEN_PITCHER,P,https://raw.githubusercontent.com/lancebroz/mlb-pitcher-data/main/data/raw/2026/daily/2026-04-07.parquet,https://statsapi.mlb.com/api/v1.1/game/822831/feed/live,True,9,Bot,70,74
822831-656546,822831,2026-04-07,TOR,LAD,H,656546,Jeff Hoffman,RELIEF_OR_BULK,3.0,14.0,4.0,2.0,0,0,0,0,False,False,14,6,3,1,1,2,1,2,0,https://raw.githubusercontent.com/lancebroz/mlb-pitcher-data/main/data/raw/2026/daily/2026-04-07.parquet,QA_VALIDATED_CANONICAL_V2,RELIEF_OR_BULK,MLB,False,BULLPEN_PITCHER,P,https://raw.githubusercontent.com/lancebroz/mlb-pitcher-data/main/data/raw/2026/daily/2026-04-07.parquet,https://statsapi.mlb.com/api/v1.1/game/822831/feed/live,True,9,Top,64,69
822831-681911,822831,2026-04-07,LAD,TOR,A,681911,Alex Vesia,RELIEF_OR_BULK,1.0,17.0,5.0,3.0,17,17,5,5,False,False,15,4,3,0,0,0,1,1,0,https://raw.githubusercontent.com/lancebroz/mlb-pitcher-data/main/data/raw/2026/daily/2026-04-07.parquet,QA_VALIDATED_CANONICAL_V2,RELIEF_OR_BULK,MLB,False,BULLPEN_PITCHER,P,https://raw.githubusercontent.com/lancebroz/mlb-pitcher-data/main/data/raw/2026/daily/2026-04-07.parquet,https://statsapi.mlb.com/api/v1.1/game/822831/feed/live,True,7,Bot,54,57
822831-686973,822831,2026-04-07,TOR,LAD,H,686973,Louis Varland,RELIEF_OR_BULK,3.0,15.0,3.0,3.0,0,0,0,0,False,False,23,4,4,0,0,0,0,2,0,https://raw.githubusercontent.com/lancebroz/mlb-pitcher-data/main/data/raw/2026/daily/2026-04-07.parquet,QA_VALIDATED_CANONICAL_V2,RELIEF_OR_BULK,MLB,False,BULLPEN_PITCHER,P,https://raw.githubusercontent.com/lancebroz/mlb-pitcher-data/main/data/raw/2026/daily/2026-04-07.parquet,https://statsapi.mlb.com/api/v1.1/game/822831/feed/live,True,7,Top,51,60
822831-689254,822831,2026-04-07,TOR,LAD,H,689254,Mason Fluharty,RELIEF_OR_BULK,2.0,20.0,6.0,3.0,0,20,0,6,False,False,20,5,4,0,0,1,0,2,0,https://raw.githubusercontent.com/lancebroz/mlb-pitcher-data/main/data/raw/2026/daily/2026-04-07.parquet,QA_VALIDATED_CANONICAL_V2,STARTER,MLB,False,BULLPEN_PITCHER,P,https://raw.githubusercontent.com/lancebroz/mlb-pitcher-data/main/data/raw/2026/daily/2026-04-07.parquet,https://statsapi.mlb.com/api/v1.1/game/822831/feed/live,True,6,Top,40,50
823727-573124,823727,2026-04-07,MIN,DET,H,573124,Taylor Rogers,RELIEF_OR_BULK,1.0,18.0,4.0,2.0,18,41,4,9,False,False,12,4,3,0,0,1,0,2,0,https://raw.githubusercontent.com/lancebroz/mlb-pitcher-data/main/data/raw/2026/daily/2026-04-07.parquet,QA_VALIDATED_CANONICAL_V2,RELIEF_OR_BULK,MLB,False,BULLPEN_PITCHER,P,https://raw.githubusercontent.com/lancebroz/mlb-pitcher-data/main/data/raw/2026/daily/2026-04-07.parquet,https://statsapi.mlb.com/api/v1.1/game/823727/feed/live,True,7,Top,55,61
823727-623437,823727,2026-04-07,MIN,DET,H,623437,Justin Topa,RELIEF_OR_BULK,1.0,15.0,4.0,1.0,15,15,4,4,False,False,14,3,2,0,0,0,1,0,0,https://raw.githubusercontent.com/lancebroz/mlb-pitcher-data/main/data/raw/2026/daily/2026-04-07.parquet,QA_VALIDATED_CANONICAL_V2,RELIEF_OR_BULK,MLB,False,BULLPEN_PITCHER,P,https://raw.githubusercontent.com/lancebroz/mlb-pitcher-data/main/data/raw/2026/daily/2026-04-07.parquet,https://statsapi.mlb.com/api/v1.1/game/823727/feed/live,True,9,Top,75,77
823727-657756,823727,2026-04-07,DET,MIN,A,657756,Connor Seabold,RELIEF_OR_BULK,1.0,31.0,8.0,6.0,31,31,8,8,False,False,35,9,6,0,0,2,1,2,0,https://raw.githubusercontent.com/lancebroz/mlb-pitcher-data/main/data/raw/2026/daily/2026-04-07.parquet,QA_VALIDATED_CANONICAL_V2,RELIEF_OR_BULK,MLB,False,BULLPEN_PITCHER,P,https://raw.githubusercontent.com/lancebroz/mlb-pitcher-data/main/data/raw/2026/daily/2026-04-07.parquet,https://statsapi.mlb.com/api/v1.1/game/823727/feed/live,True,7,Bot,58,71
823727-663485,823727,2026-04-07,MIN,DET,H,663485,Cole Sands,RELIEF_OR_BULK,1.0,21.0,6.0,6.0,21,21,6,6,False,False,12,3,1,0,0,0,2,0,0,https://raw.githubusercontent.com/lancebroz/mlb-pitcher-data/main/data/raw/2026/daily/2026-04-07.parquet,QA_VALIDATED_CANONICAL_V2,RELIEF_OR_BULK,MLB,False,BULLPEN_PITCHER,P,https://raw.githubusercontent.com/lancebroz/mlb-pitcher-data/main/data/raw/2026/daily/2026-04-07.parquet,https://statsapi.mlb.com/api/v1.1/game/823727/feed/live,True,8,Top,62,64
823727-663947,823727,2026-04-07,DET,MIN,A,663947,Tyler Holton,RELIEF_OR_BULK,2.0,19.0,4.0,3.0,0,19,0,4,False,False,16,4,4,0,0,0,0,1,0,https://raw.githubusercontent.com/lancebroz/mlb-pitcher-data/main/data/raw/2026/daily/2026-04-07.parquet,QA_VALIDATED_CANONICAL_V2,RELIEF_OR_BULK,MLB,False,BULLPEN_PITCHER,P,https://raw.githubusercontent.com/lancebroz/mlb-pitcher-data/main/data/raw/2026/daily/2026-04-07.parquet,https://statsapi.mlb.com/api/v1.1/game/823727/feed/live,True,5,Bot,44,51
823727-679358,823727,2026-04-07,MIN,DET,H,679358,Eric Orze,RELIEF_OR_BULK,0.0,12.0,3.0,2.0,12,12,3,3,True,False,19,4,2,1,1,2,0,2,0,https://raw.githubusercontent.com/lancebroz/mlb-pitcher-data/main/data/raw/2026/daily/2026-04-07.parquet,QA_VALIDATED_CANONICAL_V2,RELIEF_OR_BULK,MLB,False,BULLPEN_PITCHER,P,https://raw.githubusercontent.com/lancebroz/mlb-pitcher-data/main/data/raw/2026/daily/2026-04-07.parquet,https://statsapi.mlb.com/api/v1.1/game/823727/feed/live,True,8,Top,65,74
822916-596001,822916,2026-04-07,TEX,SEA,H,596001,Jakob Junis,RELIEF_OR_BULK,0.0,4.0,3.0,3.0,4,4,3,3,True,False,15,5,3,0,0,2,0,0,0,https://raw.githubusercontent.com/lancebroz/mlb-pitcher-data/main/data/raw/2026/daily/2026-04-07.parquet,QA_VALIDATED_CANONICAL_V2,RELIEF_OR_BULK,MLB,False,BULLPEN_PITCHER,P,https://raw.githubusercontent.com/lancebroz/mlb-pitcher-data/main/data/raw/2026/daily/2026-04-07.parquet,https://statsapi.mlb.com/api/v1.1/game/822916/feed/live,True,9,Top,60,64
822916-656641,822916,2026-04-07,TEX,SEA,H,656641,Jacob Latz,RELIEF_OR_BULK,1.0,19.0,4.0,3.0,19,34,4,7,False,False,23,6,6,0,0,0,0,2,0,https://raw.githubusercontent.com/lancebroz/mlb-pitcher-data/main/data/raw/2026/daily/2026-04-07.parquet,QA_VALIDATED_CANONICAL_V2,RELIEF_OR_BULK,MLB,False,BULLPEN_PITCHER,P,https://raw.githubusercontent.com/lancebroz/mlb-pitcher-data/main/data/raw/2026/daily/2026-04-07.parquet,https://statsapi.mlb.com/api/v1.1/game/822916/feed/live,True,7,Top,48,56
824375-595345,824375,2026-04-07,HOU,COL,A,595345,Steven Okert,RELIEF_OR_BULK,1.0,9.0,3.0,1.0,9,25,3,6,False,False,13,4,3,1,1,1,1,0,0,https://raw.githubusercontent.com/lancebroz/mlb-pitcher-data/main/data/raw/2026/daily/2026-04-07.parquet,QA_VALIDATED_CANONICAL_V2,RELIEF_OR_BULK,MLB,False,BULLPEN_PITCHER,P,https://raw.githubusercontent.com/lancebroz/mlb-pitcher-data/main/data/raw/2026/daily/2026-04-07.parquet,https://statsapi.mlb.com/api/v1.1/game/824375/feed/live,True,6,Bot,45,52
824375-622608,824375,2026-04-07,COL,HOU,H,622608,Antonio Senzatela,RELIEF_OR_BULK,5.0,26.0,7.0,6.0,0,0,0,0,False,False,26,8,8,0,0,0,0,3,0,https://raw.githubusercontent.com/lancebroz/mlb-pitcher-data/main/data/raw/2026/daily/2026-04-07.parquet,QA_VALIDATED_CANONICAL_V2,RELIEF_OR_BULK,MLB,False,BULLPEN_PITCHER,P,https://raw.githubusercontent.com/lancebroz/mlb-pitcher-data/main/data/raw/2026/daily/2026-04-07.parquet,https://statsapi.mlb.com/api/v1.1/game/824375/feed/live,True,7,Top,49,64
824375-678906,824375,2026-04-07,HOU,COL,A,678906,Kai-Wei Teng,RELIEF_OR_BULK,2.0,33.0,9.0,7.0,0,33,0,9,False,False,7,3,2,1,1,1,0,0,1,https://raw.githubusercontent.com/lancebroz/mlb-pitcher-data/main/data/raw/2026/daily/2026-04-07.parquet,QA_VALIDATED_CANONICAL_V2,RELIEF_OR_BULK,MLB,False,BULLPEN_PITCHER,P,https://raw.githubusercontent.com/lancebroz/mlb-pitcher-data/main/data/raw/2026/daily/2026-04-07.parquet,https://statsapi.mlb.com/api/v1.1/game/824375/feed/live,True,7,Bot,53,55
824375-685005,824375,2026-04-07,HOU,COL,A,685005,Christian Roa,RELIEF_OR_BULK,1.0,27.0,5.0,2.0,27,27,5,5,False,False,15,3,3,0,0,0,0,1,0,https://raw.githubusercontent.com/lancebroz/mlb-pitcher-data/main/data/raw/2026/daily/2026-04-07.parquet,QA_VALIDATED_CANONICAL_V2,RELIEF_OR_BULK,MLB,False,BULLPEN_PITCHER,P,https://raw.githubusercontent.com/lancebroz/mlb-pitcher-data/main/data/raw/2026/daily/2026-04-07.parquet,https://statsapi.mlb.com/api/v1.1/game/824375/feed/live,True,8,Bot,59,61
824051-607481,824051,2026-04-07,ATL,LAA,A,607481,Aaron Bummer,RELIEF_OR_BULK,0.0,7.0,3.0,3.0,7,7,3,3,True,False,17,3,1,0,0,0,1,0,0,https://baseballsavant.mlb.com/statcast_search/csv?all=true&type=details&game_pk=824051,QA_VALIDATED_CANONICAL_V2,RELIEF_OR_BULK,MLB,False,BULLPEN_PITCHER,P,https://baseballsavant.mlb.com/statcast_search/csv?all=true&type=details&game_pk=824051,https://statsapi.mlb.com/api/v1.1/game/824051/feed/live,True,8,Bot,66,68
824051-628452,824051,2026-04-07,ATL,LAA,A,628452,Raisel Iglesias,RELIEF_OR_BULK,1.0,14.0,3.0,3.0,14,14,3,3,False,False,22,6,5,0,0,2,0,3,0,https://baseballsavant.mlb.com/statcast_search/csv?all=true&type=details&game_pk=824051,QA_VALIDATED_CANONICAL_V2,RELIEF_OR_BULK,MLB,False,BULLPEN_PITCHER,P,https://baseballsavant.mlb.com/statcast_search/csv?all=true&type=details&game_pk=824051,https://statsapi.mlb.com/api/v1.1/game/824051/feed/live,True,8,Bot,69,80
824051-641312,824051,2026-04-07,LAA,ATL,H,641312,Shaun Anderson,RELIEF_OR_BULK,1.0,27.0,8.0,6.0,27,27,8,8,False,False,62,15,9,3,3,5,1,4,1,https://baseballsavant.mlb.com/statcast_search/csv?all=true&type=details&game_pk=824051,QA_VALIDATED_CANONICAL_V2,RELIEF_OR_BULK,MLB,False,BULLPEN_PITCHER,P,https://baseballsavant.mlb.com/statcast_search/csv?all=true&type=details&game_pk=824051,https://statsapi.mlb.com/api/v1.1/game/824051/feed/live,True,6,Top,45,72
824051-641755,824051,2026-04-07,ATL,LAA,A,641755,Tyler Kinley,RELIEF_OR_BULK,1.0,19.0,5.0,3.0,19,26,5,8,False,False,13,3,2,0,0,1,0,2,0,https://baseballsavant.mlb.com/statcast_search/csv?all=true&type=details&game_pk=824051,QA_VALIDATED_CANONICAL_V2,RELIEF_OR_BULK,MLB,False,BULLPEN_PITCHER,P,https://baseballsavant.mlb.com/statcast_search/csv?all=true&type=details&game_pk=824051,https://statsapi.mlb.com/api/v1.1/game/824051/feed/live,True,5,Bot,44,50
824051-663158,824051,2026-04-07,ATL,LAA,A,663158,Robert Suarez,RELIEF_OR_BULK,1.0,14.0,3.0,3.0,14,14,3,3,False,False,26,4,3,0,0,0,1,2,0,https://baseballsavant.mlb.com/statcast_search/csv?all=true&type=details&game_pk=824051,QA_VALIDATED_CANONICAL_V2,RELIEF_OR_BULK,MLB,False,BULLPEN_PITCHER,P,https://baseballsavant.mlb.com/statcast_search/csv?all=true&type=details&game_pk=824051,https://statsapi.mlb.com/api/v1.1/game/824051/feed/live,True,7,Bot,56,59
824051-669276,824051,2026-04-07,ATL,LAA,A,669276,Dylan Lee,RELIEF_OR_BULK,1.0,18.0,5.0,3.0,18,18,5,5,False,False,9,2,2,0,0,0,0,0,0,https://baseballsavant.mlb.com/statcast_search/csv?all=true&type=details&game_pk=824051,QA_VALIDATED_CANONICAL_V2,RELIEF_OR_BULK,MLB,False,BULLPEN_PITCHER,P,https://baseballsavant.mlb.com/statcast_search/csv?all=true&type=details&game_pk=824051,https://statsapi.mlb.com/api/v1.1/game/824051/feed/live,True,6,Bot,51,52
824051-815083,824051,2026-04-07,LAA,ATL,H,815083,Mitch Farris,RELIEF_OR_BULK,,,,,0,0,0,0,False,False,14,4,3,0,0,1,1,0,0,https://baseballsavant.mlb.com/statcast_search/csv?all=true&type=details&game_pk=824051,QA_VALIDATED_CANONICAL_V2,,,False,BULLPEN_PITCHER,P,https://baseballsavant.mlb.com/statcast_search/csv?all=true&type=details&game_pk=824051,https://statsapi.mlb.com/api/v1.1/game/824051/feed/live,True,9,Top,73,76
823235-621383,823235,2026-04-07,PHI,SF,A,621383,Tanner Banks,RELIEF_OR_BULK,1.0,8.0,3.0,3.0,8,8,3,3,False,False,18,3,3,0,0,0,0,2,0,https://raw.githubusercontent.com/lancebroz/mlb-pitcher-data/main/data/raw/2026/daily/2026-04-07.parquet,QA_VALIDATED_CANONICAL_V2,RELIEF_OR_BULK,MLB,False,BULLPEN_PITCHER,P,https://raw.githubusercontent.com/lancebroz/mlb-pitcher-data/main/data/raw/2026/daily/2026-04-07.parquet,https://statsapi.mlb.com/api/v1.1/game/823235/feed/live,True,7,Bot,54,56
823235-647315,823235,2026-04-07,PHI,SF,A,647315,Zach Pop,RELIEF_OR_BULK,3.0,17.0,4.0,3.0,0,0,0,0,False,False,13,3,3,0,0,0,0,0,0,https://raw.githubusercontent.com/lancebroz/mlb-pitcher-data/main/data/raw/2026/daily/2026-04-07.parquet,QA_VALIDATED_CANONICAL_V2,RELIEF_OR_BULK,MLB,False,BULLPEN_PITCHER,P,https://raw.githubusercontent.com/lancebroz/mlb-pitcher-data/main/data/raw/2026/daily/2026-04-07.parquet,https://statsapi.mlb.com/api/v1.1/game/823235/feed/live,True,6,Bot,46,48
823235-676254,823235,2026-04-07,SF,PHI,H,676254,Ryan Walker,RELIEF_OR_BULK,4.0,12.0,2.0,2.0,0,0,0,0,False,False,25,6,4,0,0,1,1,1,0,https://raw.githubusercontent.com/lancebroz/mlb-pitcher-data/main/data/raw/2026/daily/2026-04-07.parquet,QA_VALIDATED_CANONICAL_V2,RELIEF_OR_BULK,MLB,False,BULLPEN_PITCHER,P,https://raw.githubusercontent.com/lancebroz/mlb-pitcher-data/main/data/raw/2026/daily/2026-04-07.parquet,https://statsapi.mlb.com/api/v1.1/game/823235/feed/live,True,7,Top,53,61
823235-676775,823235,2026-04-07,SF,PHI,H,676775,Keaton Winn,RELIEF_OR_BULK,1.0,8.0,3.0,1.0,8,31,3,9,False,False,11,3,3,0,0,0,0,0,0,https://raw.githubusercontent.com/lancebroz/mlb-pitcher-data/main/data/raw/2026/daily/2026-04-07.parquet,QA_VALIDATED_CANONICAL_V2,RELIEF_OR_BULK,MLB,False,BULLPEN_PITCHER,P,https://raw.githubusercontent.com/lancebroz/mlb-pitcher-data/main/data/raw/2026/daily/2026-04-07.parquet,https://statsapi.mlb.com/api/v1.1/game/823235/feed/live,True,9,Top,68,70
823235-689147,823235,2026-04-07,PHI,SF,A,689147,Orion Kerkering,RELIEF_OR_BULK,,,,,0,0,0,0,False,False,26,6,3,2,2,2,1,0,0,https://raw.githubusercontent.com/lancebroz/mlb-pitcher-data/main/data/raw/2026/daily/2026-04-07.parquet,QA_VALIDATED_CANONICAL_V2,,,False,BULLPEN_PITCHER,P,https://raw.githubusercontent.com/lancebroz/mlb-pitcher-data/main/data/raw/2026/daily/2026-04-07.parquet,https://statsapi.mlb.com/api/v1.1/game/823235/feed/live,True,8,Bot,62,67
823403-606996,823403,2026-04-08,SD,PIT,A,606996,Kyle Hart,RELIEF_OR_BULK,2.0,28.0,9.0,7.0,0,28,0,9,False,False,21,5,3,0,0,1,1,0,0,https://raw.githubusercontent.com/lancebroz/mlb-pitcher-data/main/data/raw/2026/daily/2026-04-08.parquet,QA_VALIDATED_CANONICAL_V2,RELIEF_OR_BULK,MLB,False,BULLPEN_PITCHER,P,https://raw.githubusercontent.com/lancebroz/mlb-pitcher-data/main/data/raw/2026/daily/2026-04-08.parquet,https://statsapi.mlb.com/api/v1.1/game/823403/feed/live,True,7,Bot,53,57
823403-664353,823403,2026-04-08,PIT,SD,H,664353,José Urquidy,RELIEF_OR_BULK,2.0,31.0,6.0,6.0,0,31,0,6,False,False,36,12,6,4,1,4,0,3,0,https://raw.githubusercontent.com/lancebroz/mlb-pitcher-data/main/data/raw/2026/daily/2026-04-08.parquet,QA_VALIDATED_CANONICAL_V2,RELIEF_OR_BULK,MLB,False,BULLPEN_PITCHER,P,https://raw.githubusercontent.com/lancebroz/mlb-pitcher-data/main/data/raw/2026/daily/2026-04-08.parquet,https://statsapi.mlb.com/api/v1.1/game/823403/feed/live,True,8,Top,58,73
823403-664875,823403,2026-04-08,PIT,SD,H,664875,Justin Lawrence,RELIEF_OR_BULK,1.0,13.0,5.0,3.0,13,13,5,5,False,False,25,7,3,4,3,3,0,2,1,https://raw.githubusercontent.com/lancebroz/mlb-pitcher-data/main/data/raw/2026/daily/2026-04-08.parquet,QA_VALIDATED_CANONICAL_V2,RELIEF_OR_BULK,MLB,False,BULLPEN_PITCHER,P,https://raw.githubusercontent.com/lancebroz/mlb-pitcher-data/main/data/raw/2026/daily/2026-04-08.parquet,https://statsapi.mlb.com/api/v1.1/game/823403/feed/live,True,7,Top,44,50
823403-669093,823403,2026-04-08,SD,PIT,A,669093,Jeremiah Estrada,RELIEF_OR_BULK,2.0,13.0,3.0,3.0,0,13,0,3,False,False,12,4,3,0,0,1,0,0,0,https://raw.githubusercontent.com/lancebroz/mlb-pitcher-data/main/data/raw/2026/daily/2026-04-08.parquet,QA_VALIDATED_CANONICAL_V2,RELIEF_OR_BULK,MLB,False,BULLPEN_PITCHER,P,https://raw.githubusercontent.com/lancebroz/mlb-pitcher-data/main/data/raw/2026/daily/2026-04-08.parquet,https://statsapi.mlb.com/api/v1.1/game/823403/feed/live,True,8,Bot,62,65
823403-695243,823403,2026-04-08,SD,PIT,A,695243,Mason Miller,RELIEF_OR_BULK,2.0,12.0,3.0,3.0,0,12,0,3,False,False,10,3,3,0,0,0,0,2,0,https://raw.githubusercontent.com/lancebroz/mlb-pitcher-data/main/data/raw/2026/daily/2026-04-08.parquet,QA_VALIDATED_CANONICAL_V2,RELIEF_OR_BULK,MLB,False,BULLPEN_PITCHER,P,https://raw.githubusercontent.com/lancebroz/mlb-pitcher-data/main/data/raw/2026/daily/2026-04-08.parquet,https://statsapi.mlb.com/api/v1.1/game/823403/feed/live,True,9,Bot,74,76
824455-641401,824455,2026-04-08,CLE,KC,H,641401,Connor Brogdon,RELIEF_OR_BULK,2.0,19.0,5.0,3.0,0,19,0,5,False,False,24,5,4,0,0,0,0,3,0,https://raw.githubusercontent.com/lancebroz/mlb-pitcher-data/main/data/raw/2026/daily/2026-04-08.parquet,QA_VALIDATED_CANONICAL_V2,RELIEF_OR_BULK,MLB,False,BULLPEN_PITCHER,P,https://raw.githubusercontent.com/lancebroz/mlb-pitcher-data/main/data/raw/2026/daily/2026-04-08.parquet,https://statsapi.mlb.com/api/v1.1/game/824455/feed/live,True,6,Top,47,54
824455-656638,824455,2026-04-08,KC,CLE,A,656638,Alex Lange,RELIEF_OR_BULK,3.0,38.0,8.0,6.0,0,0,0,0,False,False,37,9,7,1,1,3,0,2,0,https://raw.githubusercontent.com/lancebroz/mlb-pitcher-data/main/data/raw/2026/daily/2026-04-08.parquet,QA_VALIDATED_CANONICAL_V2,RELIEF_OR_BULK,MLB,False,BULLPEN_PITCHER,P,https://raw.githubusercontent.com/lancebroz/mlb-pitcher-data/main/data/raw/2026/daily/2026-04-08.parquet,https://statsapi.mlb.com/api/v1.1/game/824455/feed/live,True,4,Bot,34,50
824455-670036,824455,2026-04-08,CLE,KC,H,670036,Matt Festa,RELIEF_OR_BULK,2.0,13.0,5.0,3.0,0,13,0,5,False,False,21,5,4,0,0,0,1,1,0,https://raw.githubusercontent.com/lancebroz/mlb-pitcher-data/main/data/raw/2026/daily/2026-04-08.parquet,QA_VALIDATED_CANONICAL_V2,RELIEF_OR_BULK,MLB,False,BULLPEN_PITCHER,P,https://raw.githubusercontent.com/lancebroz/mlb-pitcher-data/main/data/raw/2026/daily/2026-04-08.parquet,https://statsapi.mlb.com/api/v1.1/game/824455/feed/live,True,8,Top,63,75
824455-674444,824455,2026-04-08,KC,CLE,A,674444,Steven Cruz,RELIEF_OR_BULK,2.0,16.0,5.0,3.0,0,16,0,5,False,False,41,10,4,5,5,4,2,3,1,https://raw.githubusercontent.com/lancebroz/mlb-pitcher-data/main/data/raw/2026/daily/2026-04-08.parquet,QA_VALIDATED_CANONICAL_V2,RELIEF_OR_BULK,MLB,False,BULLPEN_PITCHER,P,https://raw.githubusercontent.com/lancebroz/mlb-pitcher-data/main/data/raw/2026/daily/2026-04-08.parquet,https://statsapi.mlb.com/api/v1.1/game/824455/feed/live,True,7,Bot,55,69
824455-679883,824455,2026-04-08,KC,CLE,A,679883,Luinder Avila,RELIEF_OR_BULK,3.0,73.0,18.0,9.0,0,0,0,0,False,False,62,15,9,1,1,6,1,2,0,https://raw.githubusercontent.com/lancebroz/mlb-pitcher-data/main/data/raw/2026/daily/2026-04-08.parquet,QA_VALIDATED_CANONICAL_V2,STARTER,MLB,False,BULLPEN_PITCHER,P,https://raw.githubusercontent.com/lancebroz/mlb-pitcher-data/main/data/raw/2026/daily/2026-04-08.parquet,https://statsapi.mlb.com/api/v1.1/game/824455/feed/live,True,1,Bot,8,33
824455-681870,824455,2026-04-08,CLE,KC,H,681870,Erik Sabrowski,RELIEF_OR_BULK,0.0,15.0,3.0,3.0,15,29,3,6,True,False,13,4,2,0,0,2,0,1,0,https://raw.githubusercontent.com/lancebroz/mlb-pitcher-data/main/data/raw/2026/daily/2026-04-08.parquet,QA_VALIDATED_CANONICAL_V2,RELIEF_OR_BULK,MLB,False,BULLPEN_PITCHER,P,https://raw.githubusercontent.com/lancebroz/mlb-pitcher-data/main/data/raw/2026/daily/2026-04-08.parquet,https://statsapi.mlb.com/api/v1.1/game/824455/feed/live,True,8,Top,59,62
824455-686475,824455,2026-04-08,KC,CLE,A,686475,Tyler Tolbert,RELIEF_OR_BULK,,,,,0,0,0,0,False,False,5,2,2,0,0,1,0,0,0,https://raw.githubusercontent.com/lancebroz/mlb-pitcher-data/main/data/raw/2026/daily/2026-04-08.parquet,EXCLUIR_POSITION_PLAYER_PITCHING,,,False,POSITION_PLAYER_PITCHING,SS,https://raw.githubusercontent.com/lancebroz/mlb-pitcher-data/main/data/raw/2026/daily/2026-04-08.parquet,https://statsapi.mlb.com/api/v1.1/game/824455/feed/live,True,8,Bot,70,71
824779-663765,824779,2026-04-08,MIL,BOS,A,663765,Jake Woodford,RELIEF_OR_BULK,0.0,3.0,1.0,1.0,3,3,1,1,True,False,41,15,9,2,2,4,2,1,0,https://raw.githubusercontent.com/lancebroz/mlb-pitcher-data/main/data/raw/2026/daily/2026-04-08.parquet,QA_VALIDATED_CANONICAL_V2,RELIEF_OR_BULK,MLB,False,BULLPEN_PITCHER,P,https://raw.githubusercontent.com/lancebroz/mlb-pitcher-data/main/data/raw/2026/daily/2026-04-08.parquet,https://statsapi.mlb.com/api/v1.1/game/824779/feed/live,True,6,Bot,46,69
824779-669711,824779,2026-04-08,BOS,MIL,H,669711,Greg Weissert,RELIEF_OR_BULK,2.0,18.0,5.0,3.0,0,18,0,5,False,False,11,3,2,0,0,1,0,2,0,https://raw.githubusercontent.com/lancebroz/mlb-pitcher-data/main/data/raw/2026/daily/2026-04-08.parquet,QA_VALIDATED_CANONICAL_V2,RELIEF_OR_BULK,MLB,False,BULLPEN_PITCHER,P,https://raw.githubusercontent.com/lancebroz/mlb-pitcher-data/main/data/raw/2026/daily/2026-04-08.parquet,https://statsapi.mlb.com/api/v1.1/game/824779/feed/live,True,7,Top,52,54
824779-670245,824779,2026-04-08,BOS,MIL,H,670245,Ryan Watson,RELIEF_OR_BULK,1.0,10.0,5.0,3.0,10,10,5,5,False,False,12,3,3,0,0,0,0,0,0,https://raw.githubusercontent.com/lancebroz/mlb-pitcher-data/main/data/raw/2026/daily/2026-04-08.parquet,QA_VALIDATED_CANONICAL_V2,RELIEF_OR_BULK,MLB,False,BULLPEN_PITCHER,P,https://raw.githubusercontent.com/lancebroz/mlb-pitcher-data/main/data/raw/2026/daily/2026-04-08.parquet,https://statsapi.mlb.com/api/v1.1/game/824779/feed/live,True,9,Top,70,72
824779-676879,824779,2026-04-08,MIL,BOS,A,676879,Aaron Ashby,RELIEF_OR_BULK,1.0,23.0,6.0,4.0,23,23,6,6,False,False,11,3,3,0,0,0,0,2,0,https://raw.githubusercontent.com/lancebroz/mlb-pitcher-data/main/data/raw/2026/daily/2026-04-08.parquet,QA_VALIDATED_CANONICAL_V2,RELIEF_OR_BULK,MLB,False,BULLPEN_PITCHER,P,https://raw.githubusercontent.com/lancebroz/mlb-pitcher-data/main/data/raw/2026/daily/2026-04-08.parquet,https://statsapi.mlb.com/api/v1.1/game/824779/feed/live,True,5,Bot,40,42
824779-681982,824779,2026-04-08,MIL,BOS,A,681982,Grant Anderson,RELIEF_OR_BULK,1.0,15.0,3.0,3.0,15,27,3,8,False,False,31,6,4,0,0,0,2,1,0,https://raw.githubusercontent.com/lancebroz/mlb-pitcher-data/main/data/raw/2026/daily/2026-04-08.parquet,QA_VALIDATED_CANONICAL_V2,RELIEF_OR_BULK,MLB,False,BULLPEN_PITCHER,P,https://raw.githubusercontent.com/lancebroz/mlb-pitcher-data/main/data/raw/2026/daily/2026-04-08.parquet,https://statsapi.mlb.com/api/v1.1/game/824779/feed/live,True,3,Bot,28,36
824779-701719,824779,2026-04-08,BOS,MIL,H,701719,Tyler Samaniego,RELIEF_OR_BULK,,,,,0,0,0,0,False,False,19,4,3,0,0,0,1,3,0,https://raw.githubusercontent.com/lancebroz/mlb-pitcher-data/main/data/raw/2026/daily/2026-04-08.parquet,QA_VALIDATED_CANONICAL_V2,,,False,BULLPEN_PITCHER,P,https://raw.githubusercontent.com/lancebroz/mlb-pitcher-data/main/data/raw/2026/daily/2026-04-08.parquet,https://statsapi.mlb.com/api/v1.1/game/824779/feed/live,True,8,Top,61,64
824617-608371,824617,2026-04-08,CWS,BAL,H,608371,Lucas Sims,RELIEF_OR_BULK,1.0,21.0,6.0,6.0,21,21,6,6,False,False,16,4,1,2,1,2,1,1,0,https://raw.githubusercontent.com/lancebroz/mlb-pitcher-data/main/data/raw/2026/daily/2026-04-08.parquet,QA_VALIDATED_CANONICAL_V2,RELIEF_OR_BULK,MLB,False,BULLPEN_PITCHER,P,https://raw.githubusercontent.com/lancebroz/mlb-pitcher-data/main/data/raw/2026/daily/2026-04-08.parquet,https://statsapi.mlb.com/api/v1.1/game/824617/feed/live,True,6,Top,43,46
824617-656794,824617,2026-04-08,CWS,BAL,H,656794,Sean Newcomb,RELIEF_OR_BULK,0.0,26.0,7.0,4.0,26,26,7,7,True,False,14,4,3,0,0,1,0,2,0,https://raw.githubusercontent.com/lancebroz/mlb-pitcher-data/main/data/raw/2026/daily/2026-04-08.parquet,QA_VALIDATED_CANONICAL_V2,RELIEF_OR_BULK,MLB,False,BULLPEN_PITCHER,P,https://raw.githubusercontent.com/lancebroz/mlb-pitcher-data/main/data/raw/2026/daily/2026-04-08.parquet,https://statsapi.mlb.com/api/v1.1/game/824617/feed/live,True,7,Top,54,57
824617-663542,824617,2026-04-08,CWS,BAL,H,663542,Bryan Hudson,RELIEF_OR_BULK,0.0,15.0,4.0,3.0,15,34,4,8,True,False,10,2,2,0,0,0,0,0,0,https://raw.githubusercontent.com/lancebroz/mlb-pitcher-data/main/data/raw/2026/daily/2026-04-08.parquet,QA_VALIDATED_CANONICAL_V2,RELIEF_OR_BULK,MLB,False,BULLPEN_PITCHER,P,https://raw.githubusercontent.com/lancebroz/mlb-pitcher-data/main/data/raw/2026/daily/2026-04-08.parquet,https://statsapi.mlb.com/api/v1.1/game/824617/feed/live,True,6,Top,47,48
824617-663855,824617,2026-04-08,CWS,BAL,H,663855,Jordan Hicks,RELIEF_OR_BULK,0.0,23.0,7.0,4.0,23,23,7,7,True,False,13,3,2,0,0,0,1,0,0,https://raw.githubusercontent.com/lancebroz/mlb-pitcher-data/main/data/raw/2026/daily/2026-04-08.parquet,QA_VALIDATED_CANONICAL_V2,RELIEF_OR_BULK,MLB,False,BULLPEN_PITCHER,P,https://raw.githubusercontent.com/lancebroz/mlb-pitcher-data/main/data/raw/2026/daily/2026-04-08.parquet,https://statsapi.mlb.com/api/v1.1/game/824617/feed/live,True,8,Top,62,64
824617-664991,824617,2026-04-08,BAL,CWS,A,664991,Grant Wolfram,RELIEF_OR_BULK,0.0,16.0,3.0,2.0,16,16,3,3,True,False,10,4,3,0,0,1,0,1,0,https://raw.githubusercontent.com/lancebroz/mlb-pitcher-data/main/data/raw/2026/daily/2026-04-08.parquet,QA_VALIDATED_CANONICAL_V2,RELIEF_OR_BULK,MLB,False,BULLPEN_PITCHER,P,https://raw.githubusercontent.com/lancebroz/mlb-pitcher-data/main/data/raw/2026/daily/2026-04-08.parquet,https://statsapi.mlb.com/api/v1.1/game/824617/feed/live,True,7,Bot,58,61
824617-669330,824617,2026-04-08,BAL,CWS,A,669330,Tyler Wells,RELIEF_OR_BULK,1.0,32.0,7.0,6.0,32,32,7,7,False,False,22,5,3,0,0,0,1,1,0,https://raw.githubusercontent.com/lancebroz/mlb-pitcher-data/main/data/raw/2026/daily/2026-04-08.parquet,QA_VALIDATED_CANONICAL_V2,RELIEF_OR_BULK,MLB,False,BULLPEN_PITCHER,P,https://raw.githubusercontent.com/lancebroz/mlb-pitcher-data/main/data/raw/2026/daily/2026-04-08.parquet,https://statsapi.mlb.com/api/v1.1/game/824617/feed/live,True,6,Bot,49,53
824617-670329,824617,2026-04-08,BAL,CWS,A,670329,Rico Garcia,RELIEF_OR_BULK,1.0,10.0,3.0,3.0,10,10,3,3,False,False,22,5,3,0,0,0,2,2,0,https://raw.githubusercontent.com/lancebroz/mlb-pitcher-data/main/data/raw/2026/daily/2026-04-08.parquet,QA_VALIDATED_CANONICAL_V2,RELIEF_OR_BULK,MLB,False,BULLPEN_PITCHER,P,https://raw.githubusercontent.com/lancebroz/mlb-pitcher-data/main/data/raw/2026/daily/2026-04-08.parquet,https://statsapi.mlb.com/api/v1.1/game/824617/feed/live,True,9,Bot,75,79
824617-689296,824617,2026-04-08,BAL,CWS,A,689296,Anthony Nunez,RELIEF_OR_BULK,0.0,6.0,1.0,1.0,6,6,1,1,True,False,10,3,3,0,0,0,0,1,0,https://raw.githubusercontent.com/lancebroz/mlb-pitcher-data/main/data/raw/2026/daily/2026-04-08.parquet,QA_VALIDATED_CANONICAL_V2,RELIEF_OR_BULK,MLB,False,BULLPEN_PITCHER,P,https://raw.githubusercontent.com/lancebroz/mlb-pitcher-data/main/data/raw/2026/daily/2026-04-08.parquet,https://statsapi.mlb.com/api/v1.1/game/824617/feed/live,True,8,Bot,67,69
824617-805326,824617,2026-04-08,CWS,BAL,H,805326,Tyler Schweitzer,RELIEF_OR_BULK,,,,,0,0,0,0,False,False,26,7,4,1,1,2,1,1,0,https://raw.githubusercontent.com/lancebroz/mlb-pitcher-data/main/data/raw/2026/daily/2026-04-08.parquet,QA_VALIDATED_CANONICAL_V2,,,False,BULLPEN_PITCHER,P,https://raw.githubusercontent.com/lancebroz/mlb-pitcher-data/main/data/raw/2026/daily/2026-04-08.parquet,https://statsapi.mlb.com/api/v1.1/game/824617/feed/live,True,8,Top,65,74
822915-455119,822915,2026-04-08,TEX,SEA,H,455119,Chris Martin,RELIEF_OR_BULK,2.0,13.0,6.0,4.0,0,13,0,6,False,False,8,3,3,0,0,0,0,1,0,https://raw.githubusercontent.com/lancebroz/mlb-pitcher-data/main/data/raw/2026/daily/2026-04-08.parquet,QA_VALIDATED_CANONICAL_V2,RELIEF_OR_BULK,MLB,False,BULLPEN_PITCHER,P,https://raw.githubusercontent.com/lancebroz/mlb-pitcher-data/main/data/raw/2026/daily/2026-04-08.parquet,https://statsapi.mlb.com/api/v1.1/game/822915/feed/live,True,6,Top,39,41
822915-642100,822915,2026-04-08,SEA,TEX,A,642100,Gabe Speier,RELIEF_OR_BULK,2.0,3.0,3.0,2.0,0,3,0,3,False,False,9,3,3,0,0,0,0,2,0,https://raw.githubusercontent.com/lancebroz/mlb-pitcher-data/main/data/raw/2026/daily/2026-04-08.parquet,QA_VALIDATED_CANONICAL_V2,RELIEF_OR_BULK,MLB,False,BULLPEN_PITCHER,P,https://raw.githubusercontent.com/lancebroz/mlb-pitcher-data/main/data/raw/2026/daily/2026-04-08.parquet,https://statsapi.mlb.com/api/v1.1/game/822915/feed/live,True,8,Bot,55,57
822915-660825,822915,2026-04-08,SEA,TEX,A,660825,Eduard Bazardo,RELIEF_OR_BULK,3.0,25.0,5.0,4.0,0,0,0,0,False,False,8,3,3,0,0,1,0,0,0,https://raw.githubusercontent.com/lancebroz/mlb-pitcher-data/main/data/raw/2026/daily/2026-04-08.parquet,QA_VALIDATED_CANONICAL_V2,RELIEF_OR_BULK,MLB,False,BULLPEN_PITCHER,P,https://raw.githubusercontent.com/lancebroz/mlb-pitcher-data/main/data/raw/2026/daily/2026-04-08.parquet,https://statsapi.mlb.com/api/v1.1/game/822915/feed/live,True,7,Bot,49,51
822915-668390,822915,2026-04-08,TEX,SEA,H,668390,Cole Winn,RELIEF_OR_BULK,1.0,3.0,1.0,1.0,3,17,1,5,False,False,16,4,3,0,0,1,0,1,0,https://raw.githubusercontent.com/lancebroz/mlb-pitcher-data/main/data/raw/2026/daily/2026-04-08.parquet,QA_VALIDATED_CANONICAL_V2,RELIEF_OR_BULK,MLB,False,BULLPEN_PITCHER,P,https://raw.githubusercontent.com/lancebroz/mlb-pitcher-data/main/data/raw/2026/daily/2026-04-08.parquet,https://statsapi.mlb.com/api/v1.1/game/822915/feed/live,True,9,Top,58,61
822915-678606,822915,2026-04-08,SEA,TEX,A,678606,José A. Ferrer,RELIEF_OR_BULK,1.0,12.0,3.0,3.0,12,31,3,10,False,False,16,3,3,0,0,0,1,0,0,https://raw.githubusercontent.com/lancebroz/mlb-pitcher-data/main/data/raw/2026/daily/2026-04-08.parquet,QA_VALIDATED_CANONICAL_V2,RELIEF_OR_BULK,MLB,False,BULLPEN_PITCHER,P,https://raw.githubusercontent.com/lancebroz/mlb-pitcher-data/main/data/raw/2026/daily/2026-04-08.parquet,https://statsapi.mlb.com/api/v1.1/game/822915/feed/live,True,6,Bot,42,45
822915-681168,822915,2026-04-08,TEX,SEA,H,681168,Luis Curvelo,RELIEF_OR_BULK,,,,,0,0,0,0,False,False,25,6,6,0,0,0,0,2,0,https://raw.githubusercontent.com/lancebroz/mlb-pitcher-data/main/data/raw/2026/daily/2026-04-08.parquet,QA_VALIDATED_CANONICAL_V2,,,False,BULLPEN_PITCHER,P,https://raw.githubusercontent.com/lancebroz/mlb-pitcher-data/main/data/raw/2026/daily/2026-04-08.parquet,https://statsapi.mlb.com/api/v1.1/game/822915/feed/live,True,7,Top,46,54
822833-595014,822833,2026-04-08,LAD,TOR,A,595014,Blake Treinen,RELIEF_OR_BULK,0.0,10.0,3.0,3.0,10,10,3,3,True,False,9,3,2,0,0,0,1,1,0,https://raw.githubusercontent.com/lancebroz/mlb-pitcher-data/main/data/raw/2026/daily/2026-04-08.parquet,QA_VALIDATED_CANONICAL_V2,RELIEF_OR_BULK,MLB,False,BULLPEN_PITCHER,P,https://raw.githubusercontent.com/lancebroz/mlb-pitcher-data/main/data/raw/2026/daily/2026-04-08.parquet,https://statsapi.mlb.com/api/v1.1/game/822833/feed/live,True,7,Bot,62,64
822833-643511,822833,2026-04-08,TOR,LAD,H,643511,Tyler Rogers,RELIEF_OR_BULK,4.0,12.0,5.0,3.0,0,0,0,0,False,False,20,7,5,0,0,1,1,2,0,https://raw.githubusercontent.com/lancebroz/mlb-pitcher-data/main/data/raw/2026/daily/2026-04-08.parquet,QA_VALIDATED_CANONICAL_V2,RELIEF_OR_BULK,MLB,False,BULLPEN_PITCHER,P,https://raw.githubusercontent.com/lancebroz/mlb-pitcher-data/main/data/raw/2026/daily/2026-04-08.parquet,https://statsapi.mlb.com/api/v1.1/game/822833/feed/live,True,7,Top,53,67
822833-656546,822833,2026-04-08,TOR,LAD,H,656546,Jeff Hoffman,RELIEF_OR_BULK,0.0,14.0,6.0,3.0,14,14,6,6,True,False,21,5,3,0,0,1,1,2,0,https://raw.githubusercontent.com/lancebroz/mlb-pitcher-data/main/data/raw/2026/daily/2026-04-08.parquet,QA_VALIDATED_CANONICAL_V2,RELIEF_OR_BULK,MLB,False,BULLPEN_PITCHER,P,https://raw.githubusercontent.com/lancebroz/mlb-pitcher-data/main/data/raw/2026/daily/2026-04-08.parquet,https://statsapi.mlb.com/api/v1.1/game/822833/feed/live,True,9,Top,73,77
822833-676263,822833,2026-04-08,LAD,TOR,A,676263,Jack Dreyer,RELIEF_OR_BULK,2.0,16.0,4.0,3.0,0,16,0,4,False,False,19,5,1,2,2,3,1,0,0,https://raw.githubusercontent.com/lancebroz/mlb-pitcher-data/main/data/raw/2026/daily/2026-04-08.parquet,QA_VALIDATED_CANONICAL_V2,RELIEF_OR_BULK,MLB,False,BULLPEN_PITCHER,P,https://raw.githubusercontent.com/lancebroz/mlb-pitcher-data/main/data/raw/2026/daily/2026-04-08.parquet,https://statsapi.mlb.com/api/v1.1/game/822833/feed/live,True,7,Bot,57,61
822833-676508,822833,2026-04-08,LAD,TOR,A,676508,Ben Casparius,RELIEF_OR_BULK,3.0,20.0,5.0,3.0,0,0,0,0,False,False,16,5,3,1,1,1,1,0,0,https://raw.githubusercontent.com/lancebroz/mlb-pitcher-data/main/data/raw/2026/daily/2026-04-08.parquet,QA_VALIDATED_CANONICAL_V2,RELIEF_OR_BULK,MLB,False,BULLPEN_PITCHER,P,https://raw.githubusercontent.com/lancebroz/mlb-pitcher-data/main/data/raw/2026/daily/2026-04-08.parquet,https://statsapi.mlb.com/api/v1.1/game/822833/feed/live,True,8,Bot,68,72
822833-686973,822833,2026-04-08,TOR,LAD,H,686973,Louis Varland,RELIEF_OR_BULK,0.0,23.0,4.0,4.0,23,23,4,4,True,False,13,3,3,0,0,0,0,1,0,https://raw.githubusercontent.com/lancebroz/mlb-pitcher-data/main/data/raw/2026/daily/2026-04-08.parquet,QA_VALIDATED_CANONICAL_V2,RELIEF_OR_BULK,MLB,False,BULLPEN_PITCHER,P,https://raw.githubusercontent.com/lancebroz/mlb-pitcher-data/main/data/raw/2026/daily/2026-04-08.parquet,https://statsapi.mlb.com/api/v1.1/game/822833/feed/live,True,6,Top,43,45
822833-689254,822833,2026-04-08,TOR,LAD,H,689254,Mason Fluharty,RELIEF_OR_BULK,0.0,20.0,5.0,4.0,20,20,5,5,True,False,14,3,1,1,1,0,2,0,0,https://raw.githubusercontent.com/lancebroz/mlb-pitcher-data/main/data/raw/2026/daily/2026-04-08.parquet,QA_VALIDATED_CANONICAL_V2,RELIEF_OR_BULK,MLB,False,BULLPEN_PITCHER,P,https://raw.githubusercontent.com/lancebroz/mlb-pitcher-data/main/data/raw/2026/daily/2026-04-08.parquet,https://statsapi.mlb.com/api/v1.1/game/822833/feed/live,True,7,Top,50,52
824374-650556,824374,2026-04-08,HOU,COL,A,650556,Bryan Abreu,RELIEF_OR_BULK,2.0,16.0,3.0,1.0,0,16,0,3,False,False,22,6,3,1,1,1,2,2,0,https://raw.githubusercontent.com/lancebroz/mlb-pitcher-data/main/data/raw/2026/daily/2026-04-08.parquet,QA_VALIDATED_CANONICAL_V2,RELIEF_OR_BULK,MLB,False,BULLPEN_PITCHER,P,https://raw.githubusercontent.com/lancebroz/mlb-pitcher-data/main/data/raw/2026/daily/2026-04-08.parquet,https://statsapi.mlb.com/api/v1.1/game/824374/feed/live,True,8,Bot,72,77
824374-660853,824374,2026-04-08,HOU,COL,A,660853,Enyel De Los Santos,RELIEF_OR_BULK,1.0,8.0,4.0,3.0,8,8,4,4,False,False,42,9,6,1,1,2,1,2,1,https://raw.githubusercontent.com/lancebroz/mlb-pitcher-data/main/data/raw/2026/daily/2026-04-08.parquet,QA_VALIDATED_CANONICAL_V2,RELIEF_OR_BULK,MLB,False,BULLPEN_PITCHER,P,https://raw.githubusercontent.com/lancebroz/mlb-pitcher-data/main/data/raw/2026/daily/2026-04-08.parquet,https://statsapi.mlb.com/api/v1.1/game/824374/feed/live,True,3,Bot,29,40
824374-678906,824374,2026-04-08,HOU,COL,A,678906,Kai-Wei Teng,RELIEF_OR_BULK,0.0,7.0,3.0,2.0,7,7,3,3,True,False,18,4,4,0,0,0,0,1,0,https://raw.githubusercontent.com/lancebroz/mlb-pitcher-data/main/data/raw/2026/daily/2026-04-08.parquet,QA_VALIDATED_CANONICAL_V2,RELIEF_OR_BULK,MLB,False,BULLPEN_PITCHER,P,https://raw.githubusercontent.com/lancebroz/mlb-pitcher-data/main/data/raw/2026/daily/2026-04-08.parquet,https://statsapi.mlb.com/api/v1.1/game/824374/feed/live,True,6,Bot,62,68
824374-685005,824374,2026-04-08,HOU,COL,A,685005,Christian Roa,RELIEF_OR_BULK,0.0,15.0,3.0,3.0,15,42,3,8,True,False,34,9,5,1,1,0,3,1,0,https://raw.githubusercontent.com/lancebroz/mlb-pitcher-data/main/data/raw/2026/daily/2026-04-08.parquet,QA_VALIDATED_CANONICAL_V2,RELIEF_OR_BULK,MLB,False,BULLPEN_PITCHER,P,https://raw.githubusercontent.com/lancebroz/mlb-pitcher-data/main/data/raw/2026/daily/2026-04-08.parquet,https://statsapi.mlb.com/api/v1.1/game/824374/feed/live,True,5,Bot,46,61
824374-688642,824374,2026-04-08,COL,HOU,H,688642,Zach Agnos,RELIEF_OR_BULK,1.0,18.0,5.0,1.0,18,18,5,5,False,False,44,11,10,0,0,1,0,2,0,https://raw.githubusercontent.com/lancebroz/mlb-pitcher-data/main/data/raw/2026/daily/2026-04-08.parquet,QA_VALIDATED_CANONICAL_V2,RELIEF_OR_BULK,MLB,False,BULLPEN_PITCHER,P,https://raw.githubusercontent.com/lancebroz/mlb-pitcher-data/main/data/raw/2026/daily/2026-04-08.parquet,https://statsapi.mlb.com/api/v1.1/game/824374/feed/live,True,6,Top,55,81
824374-805123,824374,2026-04-08,HOU,COL,A,805123,AJ Blubaugh,RELIEF_OR_BULK,2.0,44.0,13.0,6.0,0,44,0,13,False,False,39,10,3,5,5,4,3,0,0,https://raw.githubusercontent.com/lancebroz/mlb-pitcher-data/main/data/raw/2026/daily/2026-04-08.parquet,QA_VALIDATED_CANONICAL_V2,RELIEF_OR_BULK,MLB,False,BULLPEN_PITCHER,P,https://raw.githubusercontent.com/lancebroz/mlb-pitcher-data/main/data/raw/2026/daily/2026-04-08.parquet,https://statsapi.mlb.com/api/v1.1/game/824374/feed/live,True,2,Bot,15,24
823234-621237,823234,2026-04-08,PHI,SF,A,621237,José Alvarado,RELIEF_OR_BULK,1.0,22.0,3.0,3.0,22,22,3,3,False,False,17,5,2,2,1,2,0,2,0,https://raw.githubusercontent.com/lancebroz/mlb-pitcher-data/main/data/raw/2026/daily/2026-04-08.parquet,QA_VALIDATED_CANONICAL_V2,RELIEF_OR_BULK,MLB,False,BULLPEN_PITCHER,P,https://raw.githubusercontent.com/lancebroz/mlb-pitcher-data/main/data/raw/2026/daily/2026-04-08.parquet,https://statsapi.mlb.com/api/v1.1/game/823234/feed/live,True,8,Bot,60,64
823234-647315,823234,2026-04-08,PHI,SF,A,647315,Zach Pop,RELIEF_OR_BULK,0.0,13.0,3.0,3.0,13,13,3,3,True,False,5,2,1,0,0,1,0,0,0,https://raw.githubusercontent.com/lancebroz/mlb-pitcher-data/main/data/raw/2026/daily/2026-04-08.parquet,QA_VALIDATED_CANONICAL_V2,RELIEF_OR_BULK,MLB,False,BULLPEN_PITCHER,P,https://raw.githubusercontent.com/lancebroz/mlb-pitcher-data/main/data/raw/2026/daily/2026-04-08.parquet,https://statsapi.mlb.com/api/v1.1/game/823234/feed/live,True,8,Bot,65,66
823234-657424,823234,2026-04-08,SF,PHI,H,657424,Matt Gage,RELIEF_OR_BULK,1.0,15.0,3.0,3.0,15,15,3,3,False,False,13,3,2,0,0,1,0,1,0,https://raw.githubusercontent.com/lancebroz/mlb-pitcher-data/main/data/raw/2026/daily/2026-04-08.parquet,QA_VALIDATED_CANONICAL_V2,RELIEF_OR_BULK,MLB,False,BULLPEN_PITCHER,P,https://raw.githubusercontent.com/lancebroz/mlb-pitcher-data/main/data/raw/2026/daily/2026-04-08.parquet,https://statsapi.mlb.com/api/v1.1/game/823234/feed/live,True,6,Top,41,49
823234-668873,823234,2026-04-08,SF,PHI,H,668873,Caleb Kilian,RELIEF_OR_BULK,1.0,17.0,4.0,2.0,17,17,4,4,False,False,13,3,2,0,0,0,1,1,0,https://raw.githubusercontent.com/lancebroz/mlb-pitcher-data/main/data/raw/2026/daily/2026-04-08.parquet,QA_VALIDATED_CANONICAL_V2,RELIEF_OR_BULK,MLB,False,BULLPEN_PITCHER,P,https://raw.githubusercontent.com/lancebroz/mlb-pitcher-data/main/data/raw/2026/daily/2026-04-08.parquet,https://statsapi.mlb.com/api/v1.1/game/823234/feed/live,True,7,Top,50,52
823234-669062,823234,2026-04-08,SF,PHI,H,669062,Erik Miller,RELIEF_OR_BULK,2.0,24.0,5.0,2.0,0,24,0,5,False,False,17,3,3,0,0,0,0,2,0,https://raw.githubusercontent.com/lancebroz/mlb-pitcher-data/main/data/raw/2026/daily/2026-04-08.parquet,QA_VALIDATED_CANONICAL_V2,RELIEF_OR_BULK,MLB,False,BULLPEN_PITCHER,P,https://raw.githubusercontent.com/lancebroz/mlb-pitcher-data/main/data/raw/2026/daily/2026-04-08.parquet,https://statsapi.mlb.com/api/v1.1/game/823234/feed/live,True,9,Top,67,69
823234-680742,823234,2026-04-08,PHI,SF,A,680742,Jonathan Bowlan,RELIEF_OR_BULK,1.0,15.0,3.0,3.0,15,15,3,3,False,False,18,4,3,0,0,1,0,1,0,https://raw.githubusercontent.com/lancebroz/mlb-pitcher-data/main/data/raw/2026/daily/2026-04-08.parquet,QA_VALIDATED_CANONICAL_V2,RELIEF_OR_BULK,MLB,False,BULLPEN_PITCHER,P,https://raw.githubusercontent.com/lancebroz/mlb-pitcher-data/main/data/raw/2026/daily/2026-04-08.parquet,https://statsapi.mlb.com/api/v1.1/game/823234/feed/live,True,7,Bot,53,56
823234-694918,823234,2026-04-08,SF,PHI,H,694918,Blade Tidwell,RELIEF_OR_BULK,1.0,19.0,4.0,3.0,19,19,4,4,False,False,13,3,3,0,0,0,0,0,0,https://raw.githubusercontent.com/lancebroz/mlb-pitcher-data/main/data/raw/2026/daily/2026-04-08.parquet,QA_VALIDATED_CANONICAL_V2,RELIEF_OR_BULK,MLB,False,BULLPEN_PITCHER,P,https://raw.githubusercontent.com/lancebroz/mlb-pitcher-data/main/data/raw/2026/daily/2026-04-08.parquet,https://statsapi.mlb.com/api/v1.1/game/823234/feed/live,True,8,Top,57,59
822753-669371,822753,2026-04-08,WSH,STL,H,669371,Cole Henry,RELIEF_OR_BULK,0.0,16.0,5.0,3.0,16,16,5,5,True,False,43,7,5,2,2,0,1,3,0,https://raw.githubusercontent.com/lancebroz/mlb-pitcher-data/main/data/raw/2026/daily/2026-04-08.parquet,QA_VALIDATED_CANONICAL_V2,RELIEF_OR_BULK,MLB,False,BULLPEN_PITCHER,P,https://raw.githubusercontent.com/lancebroz/mlb-pitcher-data/main/data/raw/2026/daily/2026-04-08.parquet,https://statsapi.mlb.com/api/v1.1/game/822753/feed/live,True,8,Top,57,66
822753-672335,822753,2026-04-08,WSH,STL,H,672335,Cionel Pérez,RELIEF_OR_BULK,1.0,21.0,4.0,3.0,21,41,4,9,False,False,24,5,3,1,1,1,2,1,0,https://raw.githubusercontent.com/lancebroz/mlb-pitcher-data/main/data/raw/2026/daily/2026-04-08.parquet,QA_VALIDATED_CANONICAL_V2,RELIEF_OR_BULK,MLB,False,BULLPEN_PITCHER,P,https://raw.githubusercontent.com/lancebroz/mlb-pitcher-data/main/data/raw/2026/daily/2026-04-08.parquet,https://statsapi.mlb.com/api/v1.1/game/822753/feed/live,True,7,Top,48,52
822753-676571,822753,2026-04-08,WSH,STL,H,676571,PJ Poulin,RELIEF_OR_BULK,0.0,27.0,6.0,4.0,27,61,6,14,True,False,15,3,1,0,0,1,1,0,0,https://raw.githubusercontent.com/lancebroz/mlb-pitcher-data/main/data/raw/2026/daily/2026-04-08.parquet,QA_VALIDATED_CANONICAL_V2,RELIEF_OR_BULK,MLB,False,BULLPEN_PITCHER,P,https://raw.githubusercontent.com/lancebroz/mlb-pitcher-data/main/data/raw/2026/daily/2026-04-08.parquet,https://statsapi.mlb.com/api/v1.1/game/822753/feed/live,True,9,Top,67,69
822753-676617,822753,2026-04-08,STL,WSH,A,676617,Riley O'Brien,RELIEF_OR_BULK,0.0,16.0,4.0,3.0,16,29,4,7,True,False,15,3,3,0,0,0,0,0,0,https://raw.githubusercontent.com/lancebroz/mlb-pitcher-data/main/data/raw/2026/daily/2026-04-08.parquet,QA_VALIDATED_CANONICAL_V2,RELIEF_OR_BULK,MLB,False,BULLPEN_PITCHER,P,https://raw.githubusercontent.com/lancebroz/mlb-pitcher-data/main/data/raw/2026/daily/2026-04-08.parquet,https://statsapi.mlb.com/api/v1.1/game/822753/feed/live,True,9,Bot,70,72
822753-677865,822753,2026-04-08,STL,WSH,A,677865,Justin Bruihl,RELIEF_OR_BULK,1.0,23.0,5.0,2.0,23,23,5,5,False,False,2,1,1,0,0,0,0,0,0,https://raw.githubusercontent.com/lancebroz/mlb-pitcher-data/main/data/raw/2026/daily/2026-04-08.parquet,QA_VALIDATED_CANONICAL_V2,RELIEF_OR_BULK,MLB,False,BULLPEN_PITCHER,P,https://raw.githubusercontent.com/lancebroz/mlb-pitcher-data/main/data/raw/2026/daily/2026-04-08.parquet,https://statsapi.mlb.com/api/v1.1/game/822753/feed/live,True,8,Bot,62,62
822753-694335,822753,2026-04-08,STL,WSH,A,694335,Matt Svanson,RELIEF_OR_BULK,1.0,13.0,5.0,2.0,13,13,5,5,False,False,18,6,5,0,0,0,1,1,0,https://raw.githubusercontent.com/lancebroz/mlb-pitcher-data/main/data/raw/2026/daily/2026-04-08.parquet,QA_VALIDATED_CANONICAL_V2,RELIEF_OR_BULK,MLB,False,BULLPEN_PITCHER,P,https://raw.githubusercontent.com/lancebroz/mlb-pitcher-data/main/data/raw/2026/daily/2026-04-08.parquet,https://statsapi.mlb.com/api/v1.1/game/822753/feed/live,True,7,Bot,53,61
822753-695418,822753,2026-04-08,WSH,STL,H,695418,Brad Lord,RELIEF_OR_BULK,3.0,49.0,12.0,6.0,0,0,0,0,False,False,52,10,9,1,1,1,0,2,1,https://raw.githubusercontent.com/lancebroz/mlb-pitcher-data/main/data/raw/2026/daily/2026-04-08.parquet,QA_VALIDATED_CANONICAL_V2,RELIEF_OR_BULK,MLB,False,BULLPEN_PITCHER,P,https://raw.githubusercontent.com/lancebroz/mlb-pitcher-data/main/data/raw/2026/daily/2026-04-08.parquet,https://statsapi.mlb.com/api/v1.1/game/822753/feed/live,True,4,Top,29,44
824050-606303,824050,2026-04-08,ATL,LAA,A,606303,Joel Payamps,RELIEF_OR_BULK,1.0,11.0,3.0,3.0,11,12,3,4,False,False,7,1,1,0,0,0,0,1,0,https://raw.githubusercontent.com/lancebroz/mlb-pitcher-data/main/data/raw/2026/daily/2026-04-08.parquet,QA_VALIDATED_CANONICAL_V2,RELIEF_OR_BULK,MLB,False,BULLPEN_PITCHER,P,https://raw.githubusercontent.com/lancebroz/mlb-pitcher-data/main/data/raw/2026/daily/2026-04-08.parquet,https://statsapi.mlb.com/api/v1.1/game/824050/feed/live,True,7,Bot,63,63
824050-608718,824050,2026-04-08,LAA,ATL,H,608718,Brent Suter,RELIEF_OR_BULK,2.0,39.0,8.0,7.0,0,39,0,8,False,False,32,7,6,0,0,1,1,2,0,https://raw.githubusercontent.com/lancebroz/mlb-pitcher-data/main/data/raw/2026/daily/2026-04-08.parquet,QA_VALIDATED_CANONICAL_V2,RELIEF_OR_BULK,MLB,False,BULLPEN_PITCHER,P,https://raw.githubusercontent.com/lancebroz/mlb-pitcher-data/main/data/raw/2026/daily/2026-04-08.parquet,https://statsapi.mlb.com/api/v1.1/game/824050/feed/live,True,8,Top,64,73
824050-660761,824050,2026-04-08,ATL,LAA,A,660761,José Suarez,RELIEF_OR_BULK,7.0,66.0,18.0,11.0,0,0,0,0,False,False,24,7,6,0,0,2,0,3,0,https://raw.githubusercontent.com/lancebroz/mlb-pitcher-data/main/data/raw/2026/daily/2026-04-08.parquet,QA_VALIDATED_CANONICAL_V2,STARTER,MLB,False,BULLPEN_PITCHER,P,https://raw.githubusercontent.com/lancebroz/mlb-pitcher-data/main/data/raw/2026/daily/2026-04-08.parquet,https://statsapi.mlb.com/api/v1.1/game/824050/feed/live,True,8,Bot,68,77
824050-666171,824050,2026-04-08,LAA,ATL,H,666171,Ryan Zeferjahn,RELIEF_OR_BULK,2.0,27.0,8.0,6.0,0,27,0,8,False,False,42,9,5,2,2,2,2,2,0,https://raw.githubusercontent.com/lancebroz/mlb-pitcher-data/main/data/raw/2026/daily/2026-04-08.parquet,QA_VALIDATED_CANONICAL_V2,RELIEF_OR_BULK,MLB,False,BULLPEN_PITCHER,P,https://raw.githubusercontent.com/lancebroz/mlb-pitcher-data/main/data/raw/2026/daily/2026-04-08.parquet,https://statsapi.mlb.com/api/v1.1/game/824050/feed/live,True,5,Top,40,51
824050-696147,824050,2026-04-08,LAA,ATL,H,696147,Sam Bachman,RELIEF_OR_BULK,2.0,28.0,7.0,6.0,0,28,0,7,False,False,15,4,3,0,0,0,1,1,0,https://raw.githubusercontent.com/lancebroz/mlb-pitcher-data/main/data/raw/2026/daily/2026-04-08.parquet,QA_VALIDATED_CANONICAL_V2,RELIEF_OR_BULK,MLB,False,BULLPEN_PITCHER,P,https://raw.githubusercontent.com/lancebroz/mlb-pitcher-data/main/data/raw/2026/daily/2026-04-08.parquet,https://statsapi.mlb.com/api/v1.1/game/824050/feed/live,True,7,Top,55,58
823646-640455,823646,2026-04-08,NYM,AZ,H,640455,Sean Manaea,RELIEF_OR_BULK,5.0,74.0,17.0,11.0,0,0,0,0,False,False,70,18,12,2,2,5,2,2,0,https://raw.githubusercontent.com/lancebroz/mlb-pitcher-data/main/data/raw/2026/daily/2026-04-08.parquet,QA_VALIDATED_CANONICAL_V2,RELIEF_OR_BULK,MLB,False,BULLPEN_PITCHER,P,https://raw.githubusercontent.com/lancebroz/mlb-pitcher-data/main/data/raw/2026/daily/2026-04-08.parquet,https://statsapi.mlb.com/api/v1.1/game/823646/feed/live,True,6,Top,42,74
823646-657044,823646,2026-04-08,AZ,NYM,A,657044,Ryan Thompson,RELIEF_OR_BULK,0.0,8.0,3.0,3.0,8,22,3,9,True,False,3,1,1,0,0,0,0,0,0,https://raw.githubusercontent.com/lancebroz/mlb-pitcher-data/main/data/raw/2026/daily/2026-04-08.parquet,QA_VALIDATED_CANONICAL_V2,RELIEF_OR_BULK,MLB,False,BULLPEN_PITCHER,P,https://raw.githubusercontent.com/lancebroz/mlb-pitcher-data/main/data/raw/2026/daily/2026-04-08.parquet,https://statsapi.mlb.com/api/v1.1/game/823646/feed/live,True,6,Bot,51,51
823646-664199,823646,2026-04-08,AZ,NYM,A,664199,Taylor Clarke,RELIEF_OR_BULK,2.0,17.0,4.0,4.0,0,17,0,4,False,False,16,3,3,0,0,1,0,0,0,https://raw.githubusercontent.com/lancebroz/mlb-pitcher-data/main/data/raw/2026/daily/2026-04-08.parquet,QA_VALIDATED_CANONICAL_V2,RELIEF_OR_BULK,MLB,False,BULLPEN_PITCHER,P,https://raw.githubusercontent.com/lancebroz/mlb-pitcher-data/main/data/raw/2026/daily/2026-04-08.parquet,https://statsapi.mlb.com/api/v1.1/game/823646/feed/live,True,9,Bot,75,77
823646-694851,823646,2026-04-08,AZ,NYM,A,694851,Andrew Hoffmann,RELIEF_OR_BULK,5.0,23.0,5.0,3.0,0,0,0,0,False,False,33,9,6,1,0,1,1,2,0,https://raw.githubusercontent.com/lancebroz/mlb-pitcher-data/main/data/raw/2026/daily/2026-04-08.parquet,QA_VALIDATED_CANONICAL_V2,RELIEF_OR_BULK,MLB,False,BULLPEN_PITCHER,P,https://raw.githubusercontent.com/lancebroz/mlb-pitcher-data/main/data/raw/2026/daily/2026-04-08.parquet,https://statsapi.mlb.com/api/v1.1/game/823646/feed/live,True,7,Bot,56,71
823000-571948,823000,2026-04-08,CHC,TB,A,571948,Hoby Milner,RELIEF_OR_BULK,0.0,17.0,6.0,4.0,17,31,6,9,True,False,10,3,3,0,0,0,0,1,0,https://raw.githubusercontent.com/lancebroz/mlb-pitcher-data/main/data/raw/2026/daily/2026-04-08.parquet,QA_VALIDATED_CANONICAL_V2,RELIEF_OR_BULK,MLB,False,BULLPEN_PITCHER,P,https://raw.githubusercontent.com/lancebroz/mlb-pitcher-data/main/data/raw/2026/daily/2026-04-08.parquet,https://statsapi.mlb.com/api/v1.1/game/823000/feed/live,True,6,Bot,47,49
823000-640451,823000,2026-04-08,CHC,TB,A,640451,Hunter Harvey,RELIEF_OR_BULK,4.0,30.0,5.0,2.0,0,0,0,0,False,False,16,3,3,0,0,1,0,1,0,https://raw.githubusercontent.com/lancebroz/mlb-pitcher-data/main/data/raw/2026/daily/2026-04-08.parquet,QA_VALIDATED_CANONICAL_V2,RELIEF_OR_BULK,MLB,False,BULLPEN_PITCHER,P,https://raw.githubusercontent.com/lancebroz/mlb-pitcher-data/main/data/raw/2026/daily/2026-04-08.parquet,https://statsapi.mlb.com/api/v1.1/game/823000/feed/live,True,9,Bot,69,71
823000-669947,823000,2026-04-08,TB,CHC,H,669947,Jesse Scholtens,RELIEF_OR_BULK,,,,,0,0,0,0,False,False,61,17,14,0,0,4,1,4,0,https://raw.githubusercontent.com/lancebroz/mlb-pitcher-data/main/data/raw/2026/daily/2026-04-08.parquet,QA_VALIDATED_CANONICAL_V2,,,False,BULLPEN_PITCHER,P,https://raw.githubusercontent.com/lancebroz/mlb-pitcher-data/main/data/raw/2026/daily/2026-04-08.parquet,https://statsapi.mlb.com/api/v1.1/game/823000/feed/live,True,5,Top,38,68
823000-676962,823000,2026-04-08,CHC,TB,A,676962,Ben Brown,RELIEF_OR_BULK,2.0,42.0,10.0,6.0,0,42,0,10,False,False,31,8,6,1,1,2,0,3,0,https://raw.githubusercontent.com/lancebroz/mlb-pitcher-data/main/data/raw/2026/daily/2026-04-08.parquet,QA_VALIDATED_CANONICAL_V2,RELIEF_OR_BULK,MLB,False,BULLPEN_PITCHER,P,https://raw.githubusercontent.com/lancebroz/mlb-pitcher-data/main/data/raw/2026/daily/2026-04-08.parquet,https://statsapi.mlb.com/api/v1.1/game/823000/feed/live,True,7,Bot,53,63
823885-572955,823885,2026-04-08,CIN,MIA,A,572955,Pierce Johnson,RELIEF_OR_BULK,0.0,7.0,2.0,2.0,7,27,2,5,True,False,10,4,3,0,0,1,0,1,0,https://raw.githubusercontent.com/lancebroz/mlb-pitcher-data/main/data/raw/2026/daily/2026-04-08.parquet,QA_VALIDATED_CANONICAL_V2,RELIEF_OR_BULK,MLB,False,BULLPEN_PITCHER,P,https://raw.githubusercontent.com/lancebroz/mlb-pitcher-data/main/data/raw/2026/daily/2026-04-08.parquet,https://statsapi.mlb.com/api/v1.1/game/823885/feed/live,True,8,Bot,68,71
823885-594580,823885,2026-04-08,CIN,MIA,A,594580,Sam Moll,RELIEF_OR_BULK,2.0,6.0,1.0,1.0,0,6,0,1,False,False,28,8,7,0,0,0,0,2,0,https://raw.githubusercontent.com/lancebroz/mlb-pitcher-data/main/data/raw/2026/daily/2026-04-08.parquet,QA_VALIDATED_CANONICAL_V2,RELIEF_OR_BULK,MLB,False,BULLPEN_PITCHER,P,https://raw.githubusercontent.com/lancebroz/mlb-pitcher-data/main/data/raw/2026/daily/2026-04-08.parquet,https://statsapi.mlb.com/api/v1.1/game/823885/feed/live,True,3,Bot,33,49
823885-656848,823885,2026-04-08,MIA,CIN,H,656848,Michael Petersen,RELIEF_OR_BULK,3.0,30.0,7.0,3.0,0,0,0,0,False,False,22,5,3,0,0,2,0,2,0,https://raw.githubusercontent.com/lancebroz/mlb-pitcher-data/main/data/raw/2026/daily/2026-04-08.parquet,QA_VALIDATED_CANONICAL_V2,RELIEF_OR_BULK,MLB,False,BULLPEN_PITCHER,P,https://raw.githubusercontent.com/lancebroz/mlb-pitcher-data/main/data/raw/2026/daily/2026-04-08.parquet,https://statsapi.mlb.com/api/v1.1/game/823885/feed/live,True,9,Top,72,76
823885-669199,823885,2026-04-08,MIA,CIN,H,669199,Lake Bachar,RELIEF_OR_BULK,4.0,24.0,6.0,3.0,0,0,0,0,False,False,18,3,3,0,0,0,0,2,0,https://raw.githubusercontent.com/lancebroz/mlb-pitcher-data/main/data/raw/2026/daily/2026-04-08.parquet,QA_VALIDATED_CANONICAL_V2,RELIEF_OR_BULK,MLB,False,BULLPEN_PITCHER,P,https://raw.githubusercontent.com/lancebroz/mlb-pitcher-data/main/data/raw/2026/daily/2026-04-08.parquet,https://statsapi.mlb.com/api/v1.1/game/823885/feed/live,True,8,Top,65,67
823885-677053,823885,2026-04-08,MIA,CIN,H,677053,Andrew Nardi,RELIEF_OR_BULK,2.0,12.0,3.0,3.0,0,12,0,3,False,False,10,3,3,0,0,1,0,0,0,https://raw.githubusercontent.com/lancebroz/mlb-pitcher-data/main/data/raw/2026/daily/2026-04-08.parquet,QA_VALIDATED_CANONICAL_V2,RELIEF_OR_BULK,MLB,False,BULLPEN_PITCHER,P,https://raw.githubusercontent.com/lancebroz/mlb-pitcher-data/main/data/raw/2026/daily/2026-04-08.parquet,https://statsapi.mlb.com/api/v1.1/game/823885/feed/live,True,7,Top,58,60
823885-683175,823885,2026-04-08,CIN,MIA,A,683175,Connor Phillips,RELIEF_OR_BULK,2.0,28.0,5.0,3.0,0,28,0,5,False,False,39,9,6,1,1,1,2,0,1,https://raw.githubusercontent.com/lancebroz/mlb-pitcher-data/main/data/raw/2026/daily/2026-04-08.parquet,QA_VALIDATED_CANONICAL_V2,RELIEF_OR_BULK,MLB,False,BULLPEN_PITCHER,P,https://raw.githubusercontent.com/lancebroz/mlb-pitcher-data/main/data/raw/2026/daily/2026-04-08.parquet,https://statsapi.mlb.com/api/v1.1/game/823885/feed/live,True,6,Bot,53,64
823885-687473,823885,2026-04-08,MIA,CIN,H,687473,Ryan Gusto,RELIEF_OR_BULK,,,,,0,0,0,0,False,False,12,3,3,0,0,0,0,1,0,https://raw.githubusercontent.com/lancebroz/mlb-pitcher-data/main/data/raw/2026/daily/2026-04-08.parquet,QA_VALIDATED_CANONICAL_V2,,,False,BULLPEN_PITCHER,P,https://raw.githubusercontent.com/lancebroz/mlb-pitcher-data/main/data/raw/2026/daily/2026-04-08.parquet,https://statsapi.mlb.com/api/v1.1/game/823885/feed/live,True,6,Top,50,52
823564-605130,823564,2026-04-08,ATH,NYY,A,605130,Scott Barlow,RELIEF_OR_BULK,2.0,16.0,4.0,0.0,0,16,0,4,False,False,17,5,5,0,0,0,0,4,0,https://raw.githubusercontent.com/lancebroz/mlb-pitcher-data/main/data/raw/2026/daily/2026-04-08.parquet,QA_VALIDATED_CANONICAL_V2,RELIEF_OR_BULK,MLB,False,BULLPEN_PITCHER,P,https://raw.githubusercontent.com/lancebroz/mlb-pitcher-data/main/data/raw/2026/daily/2026-04-08.parquet,https://statsapi.mlb.com/api/v1.1/game/823564/feed/live,True,6,Bot,50,58
823564-657612,823564,2026-04-08,NYY,ATH,H,657612,Tim Hill,RELIEF_OR_BULK,3.0,14.0,3.0,3.0,0,0,0,0,False,False,17,5,4,0,0,1,0,0,0,https://raw.githubusercontent.com/lancebroz/mlb-pitcher-data/main/data/raw/2026/daily/2026-04-08.parquet,QA_VALIDATED_CANONICAL_V2,RELIEF_OR_BULK,MLB,False,BULLPEN_PITCHER,P,https://raw.githubusercontent.com/lancebroz/mlb-pitcher-data/main/data/raw/2026/daily/2026-04-08.parquet,https://statsapi.mlb.com/api/v1.1/game/823564/feed/live,True,5,Top,41,49
823564-663687,823564,2026-04-08,ATH,NYY,A,663687,Hogan Harris,RELIEF_OR_BULK,2.0,21.0,7.0,4.0,0,21,0,7,False,False,20,4,2,0,0,0,2,2,0,https://raw.githubusercontent.com/lancebroz/mlb-pitcher-data/main/data/raw/2026/daily/2026-04-08.parquet,QA_VALIDATED_CANONICAL_V2,RELIEF_OR_BULK,MLB,False,BULLPEN_PITCHER,P,https://raw.githubusercontent.com/lancebroz/mlb-pitcher-data/main/data/raw/2026/daily/2026-04-08.parquet,https://statsapi.mlb.com/api/v1.1/game/823564/feed/live,True,7,Bot,59,66
823564-665660,823564,2026-04-08,ATH,NYY,A,665660,Elvis Alvarado,RELIEF_OR_BULK,2.0,8.0,2.0,2.0,0,8,0,2,False,False,11,2,2,0,0,0,0,1,0,https://raw.githubusercontent.com/lancebroz/mlb-pitcher-data/main/data/raw/2026/daily/2026-04-08.parquet,QA_VALIDATED_CANONICAL_V2,RELIEF_OR_BULK,MLB,False,BULLPEN_PITCHER,P,https://raw.githubusercontent.com/lancebroz/mlb-pitcher-data/main/data/raw/2026/daily/2026-04-08.parquet,https://statsapi.mlb.com/api/v1.1/game/823564/feed/live,True,8,Bot,67,68
823564-666808,823564,2026-04-08,NYY,ATH,H,666808,Camilo Doval,RELIEF_OR_BULK,3.0,23.0,4.0,1.0,0,0,0,0,False,False,12,4,3,0,0,0,0,1,0,https://raw.githubusercontent.com/lancebroz/mlb-pitcher-data/main/data/raw/2026/daily/2026-04-08.parquet,QA_VALIDATED_CANONICAL_V2,RELIEF_OR_BULK,MLB,False,BULLPEN_PITCHER,P,https://raw.githubusercontent.com/lancebroz/mlb-pitcher-data/main/data/raw/2026/daily/2026-04-08.parquet,https://statsapi.mlb.com/api/v1.1/game/823564/feed/live,True,7,Top,53,56
823564-669270,823564,2026-04-08,ATH,NYY,A,669270,Joel Kuhnel,RELIEF_OR_BULK,0.0,5.0,1.0,1.0,5,5,1,1,True,False,12,3,3,0,0,0,0,1,0,https://raw.githubusercontent.com/lancebroz/mlb-pitcher-data/main/data/raw/2026/daily/2026-04-08.parquet,QA_VALIDATED_CANONICAL_V2,RELIEF_OR_BULK,MLB,False,BULLPEN_PITCHER,P,https://raw.githubusercontent.com/lancebroz/mlb-pitcher-data/main/data/raw/2026/daily/2026-04-08.parquet,https://statsapi.mlb.com/api/v1.1/game/823564/feed/live,True,9,Bot,74,76
823564-670280,823564,2026-04-08,NYY,ATH,H,670280,David Bednar,RELIEF_OR_BULK,0.0,14.0,3.0,3.0,14,14,3,3,True,False,21,5,3,1,1,2,0,2,0,https://raw.githubusercontent.com/lancebroz/mlb-pitcher-data/main/data/raw/2026/daily/2026-04-08.parquet,QA_VALIDATED_CANONICAL_V2,RELIEF_OR_BULK,MLB,False,BULLPEN_PITCHER,P,https://raw.githubusercontent.com/lancebroz/mlb-pitcher-data/main/data/raw/2026/daily/2026-04-08.parquet,https://statsapi.mlb.com/api/v1.1/game/823564/feed/live,True,9,Top,69,73
823564-687396,823564,2026-04-08,NYY,ATH,H,687396,Brent Headrick,RELIEF_OR_BULK,0.0,22.0,5.0,3.0,22,22,5,5,True,False,14,4,3,0,0,1,0,1,0,https://raw.githubusercontent.com/lancebroz/mlb-pitcher-data/main/data/raw/2026/daily/2026-04-08.parquet,QA_VALIDATED_CANONICAL_V2,RELIEF_OR_BULK,MLB,False,BULLPEN_PITCHER,P,https://raw.githubusercontent.com/lancebroz/mlb-pitcher-data/main/data/raw/2026/daily/2026-04-08.parquet,https://statsapi.mlb.com/api/v1.1/game/823564/feed/live,True,8,Top,62,65
823726-607455,823726,2026-04-08,MIN,DET,H,607455,Anthony Banda,RELIEF_OR_BULK,1.0,17.0,4.0,3.0,17,17,4,4,False,False,21,6,2,4,4,4,0,1,0,https://raw.githubusercontent.com/lancebroz/mlb-pitcher-data/main/data/raw/2026/daily/2026-04-08.parquet,QA_VALIDATED_CANONICAL_V2,RELIEF_OR_BULK,MLB,False,BULLPEN_PITCHER,P,https://raw.githubusercontent.com/lancebroz/mlb-pitcher-data/main/data/raw/2026/daily/2026-04-08.parquet,https://statsapi.mlb.com/api/v1.1/game/823726/feed/live,True,7,Top,60,65
823726-623437,823726,2026-04-08,MIN,DET,H,623437,Justin Topa,RELIEF_OR_BULK,0.0,14.0,3.0,2.0,14,29,3,7,True,False,10,2,1,0,0,1,0,0,0,https://raw.githubusercontent.com/lancebroz/mlb-pitcher-data/main/data/raw/2026/daily/2026-04-08.parquet,QA_VALIDATED_CANONICAL_V2,RELIEF_OR_BULK,MLB,False,BULLPEN_PITCHER,P,https://raw.githubusercontent.com/lancebroz/mlb-pitcher-data/main/data/raw/2026/daily/2026-04-08.parquet,https://statsapi.mlb.com/api/v1.1/game/823726/feed/live,True,6,Top,51,52
823726-640448,823726,2026-04-08,DET,MIN,A,640448,Kyle Finnegan,RELIEF_OR_BULK,4.0,16.0,5.0,3.0,0,0,0,0,False,False,16,4,3,0,0,0,2,0,0,https://raw.githubusercontent.com/lancebroz/mlb-pitcher-data/main/data/raw/2026/daily/2026-04-08.parquet,QA_VALIDATED_CANONICAL_V2,RELIEF_OR_BULK,MLB,False,BULLPEN_PITCHER,P,https://raw.githubusercontent.com/lancebroz/mlb-pitcher-data/main/data/raw/2026/daily/2026-04-08.parquet,https://statsapi.mlb.com/api/v1.1/game/823726/feed/live,True,7,Bot,68,71
823726-646241,823726,2026-04-08,DET,MIN,A,646241,Enmanuel De Jesus,RELIEF_OR_BULK,2.0,38.0,11.0,8.0,0,38,0,11,False,False,21,5,3,0,0,1,2,1,0,https://raw.githubusercontent.com/lancebroz/mlb-pitcher-data/main/data/raw/2026/daily/2026-04-08.parquet,QA_VALIDATED_CANONICAL_V2,RELIEF_OR_BULK,MLB,False,BULLPEN_PITCHER,P,https://raw.githubusercontent.com/lancebroz/mlb-pitcher-data/main/data/raw/2026/daily/2026-04-08.parquet,https://statsapi.mlb.com/api/v1.1/game/823726/feed/live,True,6,Bot,55,59
823726-663485,823726,2026-04-08,MIN,DET,H,663485,Cole Sands,RELIEF_OR_BULK,0.0,12.0,3.0,1.0,12,33,3,9,True,False,9,2,1,0,0,1,0,1,0,https://raw.githubusercontent.com/lancebroz/mlb-pitcher-data/main/data/raw/2026/daily/2026-04-08.parquet,QA_VALIDATED_CANONICAL_V2,RELIEF_OR_BULK,MLB,False,BULLPEN_PITCHER,P,https://raw.githubusercontent.com/lancebroz/mlb-pitcher-data/main/data/raw/2026/daily/2026-04-08.parquet,https://statsapi.mlb.com/api/v1.1/game/823726/feed/live,True,7,Top,66,67
823726-676684,823726,2026-04-08,DET,MIN,A,676684,Will Vest,RELIEF_OR_BULK,3.0,19.0,4.0,3.0,0,0,0,0,False,False,15,3,3,0,0,0,0,1,0,https://raw.githubusercontent.com/lancebroz/mlb-pitcher-data/main/data/raw/2026/daily/2026-04-08.parquet,QA_VALIDATED_CANONICAL_V2,RELIEF_OR_BULK,MLB,False,BULLPEN_PITCHER,P,https://raw.githubusercontent.com/lancebroz/mlb-pitcher-data/main/data/raw/2026/daily/2026-04-08.parquet,https://statsapi.mlb.com/api/v1.1/game/823726/feed/live,True,8,Bot,77,79
823726-681892,823726,2026-04-08,MIN,DET,H,681892,Kody Funderburk,RELIEF_OR_BULK,1.0,20.0,4.0,2.0,20,23,4,5,False,False,20,4,2,0,0,0,1,0,0,https://raw.githubusercontent.com/lancebroz/mlb-pitcher-data/main/data/raw/2026/daily/2026-04-08.parquet,QA_VALIDATED_CANONICAL_V2,RELIEF_OR_BULK,MLB,False,BULLPEN_PITCHER,P,https://raw.githubusercontent.com/lancebroz/mlb-pitcher-data/main/data/raw/2026/daily/2026-04-08.parquet,https://statsapi.mlb.com/api/v1.1/game/823726/feed/live,True,9,Top,81,84
823726-689520,823726,2026-04-08,MIN,DET,H,689520,Cody Laweryson,RELIEF_OR_BULK,1.0,14.0,5.0,5.0,14,14,5,5,False,False,26,6,4,0,0,1,0,2,0,https://raw.githubusercontent.com/lancebroz/mlb-pitcher-data/main/data/raw/2026/daily/2026-04-08.parquet,QA_VALIDATED_CANONICAL_V2,RELIEF_OR_BULK,MLB,False,BULLPEN_PITCHER,P,https://raw.githubusercontent.com/lancebroz/mlb-pitcher-data/main/data/raw/2026/daily/2026-04-08.parquet,https://statsapi.mlb.com/api/v1.1/game/823726/feed/live,True,8,Top,72,80
823884-656271,823884,2026-04-09,CIN,MIA,A,656271,Brock Burke,RELIEF_OR_BULK,2.0,6.0,1.0,1.0,0,6,0,1,False,False,8,2,2,0,0,0,0,1,0,https://raw.githubusercontent.com/lancebroz/mlb-pitcher-data/main/data/raw/2026/daily/2026-04-09.parquet,QA_VALIDATED_CANONICAL_V2,RELIEF_OR_BULK,MLB,False,BULLPEN_PITCHER,P,https://raw.githubusercontent.com/lancebroz/mlb-pitcher-data/main/data/raw/2026/daily/2026-04-09.parquet,https://statsapi.mlb.com/api/v1.1/game/823884/feed/live,True,6,Bot,53,54
823884-663969,823884,2026-04-09,MIA,CIN,H,663969,Tyler Phillips,RELIEF_OR_BULK,2.0,23.0,6.0,5.0,0,23,0,6,False,False,37,12,9,0,0,2,1,4,0,https://raw.githubusercontent.com/lancebroz/mlb-pitcher-data/main/data/raw/2026/daily/2026-04-09.parquet,QA_VALIDATED_CANONICAL_V2,RELIEF_OR_BULK,MLB,False,BULLPEN_PITCHER,P,https://raw.githubusercontent.com/lancebroz/mlb-pitcher-data/main/data/raw/2026/daily/2026-04-09.parquet,https://statsapi.mlb.com/api/v1.1/game/823884/feed/live,True,7,Top,55,78
823884-669622,823884,2026-04-09,MIA,CIN,H,669622,Anthony Bender,RELIEF_OR_BULK,1.0,21.0,3.0,2.0,21,21,3,3,False,False,12,4,3,0,0,1,0,1,0,https://raw.githubusercontent.com/lancebroz/mlb-pitcher-data/main/data/raw/2026/daily/2026-04-09.parquet,QA_VALIDATED_CANONICAL_V2,RELIEF_OR_BULK,MLB,False,BULLPEN_PITCHER,P,https://raw.githubusercontent.com/lancebroz/mlb-pitcher-data/main/data/raw/2026/daily/2026-04-09.parquet,https://statsapi.mlb.com/api/v1.1/game/823884/feed/live,True,6,Top,46,49
823884-683742,823884,2026-04-09,CIN,MIA,A,683742,Jose Franco,RELIEF_OR_BULK,1.0,31.0,8.0,6.0,31,31,8,8,False,False,43,12,6,3,2,4,3,2,0,https://raw.githubusercontent.com/lancebroz/mlb-pitcher-data/main/data/raw/2026/daily/2026-04-09.parquet,QA_VALIDATED_CANONICAL_V2,RELIEF_OR_BULK,MLB,False,BULLPEN_PITCHER,P,https://raw.githubusercontent.com/lancebroz/mlb-pitcher-data/main/data/raw/2026/daily/2026-04-09.parquet,https://statsapi.mlb.com/api/v1.1/game/823884/feed/live,True,7,Bot,59,73
823565-621112,823565,2026-04-09,NYY,ATH,H,621112,Paul Blackburn,RELIEF_OR_BULK,4.0,28.0,8.0,5.0,0,0,0,0,False,False,19,4,3,0,0,1,0,1,0,https://baseballsavant.mlb.com/statcast_search/csv?all=true&type=details&game_pk=823565,QA_VALIDATED_CANONICAL_V2,RELIEF_OR_BULK,MLB,False,BULLPEN_PITCHER,P,https://baseballsavant.mlb.com/statcast_search/csv?all=true&type=details&game_pk=823565,https://statsapi.mlb.com/api/v1.1/game/823565/feed/live,True,9,Top,60,63
823565-663687,823565,2026-04-09,ATH,NYY,A,663687,Hogan Harris,RELIEF_OR_BULK,0.0,20.0,4.0,2.0,20,20,4,4,True,False,14,3,3,0,0,0,0,1,0,https://baseballsavant.mlb.com/statcast_search/csv?all=true&type=details&game_pk=823565,QA_VALIDATED_CANONICAL_V2,RELIEF_OR_BULK,MLB,False,BULLPEN_PITCHER,P,https://baseballsavant.mlb.com/statcast_search/csv?all=true&type=details&game_pk=823565,https://statsapi.mlb.com/api/v1.1/game/823565/feed/live,True,9,Bot,64,66
823565-686993,823565,2026-04-09,ATH,NYY,A,686993,Justin Sterner,RELIEF_OR_BULK,1.0,27.0,7.0,6.0,27,27,7,7,False,False,21,4,3,0,0,0,1,1,0,https://baseballsavant.mlb.com/statcast_search/csv?all=true&type=details&game_pk=823565,QA_VALIDATED_CANONICAL_V2,RELIEF_OR_BULK,MLB,False,BULLPEN_PITCHER,P,https://baseballsavant.mlb.com/statcast_search/csv?all=true&type=details&game_pk=823565,https://statsapi.mlb.com/api/v1.1/game/823565/feed/live,True,8,Bot,56,59
823724-663947,823724,2026-04-09,DET,MIN,A,663947,Tyler Holton,RELIEF_OR_BULK,1.0,16.0,4.0,4.0,16,16,4,4,False,False,24,6,4,0,0,1,1,2,0,https://raw.githubusercontent.com/lancebroz/mlb-pitcher-data/main/data/raw/2026/daily/2026-04-09.parquet,QA_VALIDATED_CANONICAL_V2,RELIEF_OR_BULK,MLB,False,BULLPEN_PITCHER,P,https://raw.githubusercontent.com/lancebroz/mlb-pitcher-data/main/data/raw/2026/daily/2026-04-09.parquet,https://statsapi.mlb.com/api/v1.1/game/823724/feed/live,True,6,Bot,48,58
823724-670183,823724,2026-04-09,MIN,DET,H,670183,Garrett Acton,RELIEF_OR_BULK,,,,,0,0,0,0,False,False,35,8,6,1,1,1,0,2,0,https://raw.githubusercontent.com/lancebroz/mlb-pitcher-data/main/data/raw/2026/daily/2026-04-09.parquet,QA_VALIDATED_CANONICAL_V2,,,False,BULLPEN_PITCHER,P,https://raw.githubusercontent.com/lancebroz/mlb-pitcher-data/main/data/raw/2026/daily/2026-04-09.parquet,https://statsapi.mlb.com/api/v1.1/game/823724/feed/live,True,7,Top,49,61
823724-676428,823724,2026-04-09,DET,MIN,A,676428,Brant Hurter,RELIEF_OR_BULK,2.0,23.0,5.0,2.0,0,23,0,5,False,False,1,1,1,0,0,0,0,0,0,https://raw.githubusercontent.com/lancebroz/mlb-pitcher-data/main/data/raw/2026/daily/2026-04-09.parquet,QA_VALIDATED_CANONICAL_V2,RELIEF_OR_BULK,MLB,False,BULLPEN_PITCHER,P,https://raw.githubusercontent.com/lancebroz/mlb-pitcher-data/main/data/raw/2026/daily/2026-04-09.parquet,https://statsapi.mlb.com/api/v1.1/game/823724/feed/live,True,8,Bot,68,68
823724-676684,823724,2026-04-09,DET,MIN,A,676684,Will Vest,RELIEF_OR_BULK,0.0,15.0,3.0,3.0,15,15,3,3,True,False,34,6,2,2,2,3,1,1,0,https://raw.githubusercontent.com/lancebroz/mlb-pitcher-data/main/data/raw/2026/daily/2026-04-09.parquet,QA_VALIDATED_CANONICAL_V2,RELIEF_OR_BULK,MLB,False,BULLPEN_PITCHER,P,https://raw.githubusercontent.com/lancebroz/mlb-pitcher-data/main/data/raw/2026/daily/2026-04-09.parquet,https://statsapi.mlb.com/api/v1.1/game/823724/feed/live,True,8,Bot,62,67
823724-679358,823724,2026-04-09,MIN,DET,H,679358,Eric Orze,RELIEF_OR_BULK,1.0,19.0,4.0,2.0,19,31,4,7,False,False,14,3,3,0,0,0,0,1,0,https://raw.githubusercontent.com/lancebroz/mlb-pitcher-data/main/data/raw/2026/daily/2026-04-09.parquet,QA_VALIDATED_CANONICAL_V2,RELIEF_OR_BULK,MLB,False,BULLPEN_PITCHER,P,https://raw.githubusercontent.com/lancebroz/mlb-pitcher-data/main/data/raw/2026/daily/2026-04-09.parquet,https://statsapi.mlb.com/api/v1.1/game/823724/feed/live,True,9,Top,69,71
823645-472610,823645,2026-04-09,NYM,AZ,H,472610,Luis García,RELIEF_OR_BULK,1.0,23.0,7.0,6.0,23,23,7,7,False,False,21,5,1,3,3,3,1,0,0,https://raw.githubusercontent.com/lancebroz/mlb-pitcher-data/main/data/raw/2026/daily/2026-04-09.parquet,QA_VALIDATED_CANONICAL_V2,RELIEF_OR_BULK,MLB,False,BULLPEN_PITCHER,P,https://raw.githubusercontent.com/lancebroz/mlb-pitcher-data/main/data/raw/2026/daily/2026-04-09.parquet,https://statsapi.mlb.com/api/v1.1/game/823645/feed/live,True,8,Top,57,61
823645-596133,823645,2026-04-09,NYM,AZ,H,596133,Luke Weaver,RELIEF_OR_BULK,1.0,13.0,3.0,3.0,13,13,3,3,False,False,16,5,2,2,2,2,0,0,0,https://raw.githubusercontent.com/lancebroz/mlb-pitcher-data/main/data/raw/2026/daily/2026-04-09.parquet,QA_VALIDATED_CANONICAL_V2,RELIEF_OR_BULK,MLB,False,BULLPEN_PITCHER,P,https://raw.githubusercontent.com/lancebroz/mlb-pitcher-data/main/data/raw/2026/daily/2026-04-09.parquet,https://statsapi.mlb.com/api/v1.1/game/823645/feed/live,True,7,Top,48,52
823645-663992,823645,2026-04-09,NYM,AZ,H,663992,Richard Lovelady,RELIEF_OR_BULK,5.0,28.0,6.0,3.0,0,0,0,0,False,False,18,5,5,0,0,0,0,1,0,https://raw.githubusercontent.com/lancebroz/mlb-pitcher-data/main/data/raw/2026/daily/2026-04-09.parquet,QA_VALIDATED_CANONICAL_V2,RELIEF_OR_BULK,MLB,False,BULLPEN_PITCHER,P,https://raw.githubusercontent.com/lancebroz/mlb-pitcher-data/main/data/raw/2026/daily/2026-04-09.parquet,https://statsapi.mlb.com/api/v1.1/game/823645/feed/live,True,8,Top,62,69
823645-664199,823645,2026-04-09,AZ,NYM,A,664199,Taylor Clarke,RELIEF_OR_BULK,0.0,16.0,3.0,3.0,16,16,3,3,True,False,10,4,3,0,0,1,0,0,0,https://raw.githubusercontent.com/lancebroz/mlb-pitcher-data/main/data/raw/2026/daily/2026-04-09.parquet,QA_VALIDATED_CANONICAL_V2,RELIEF_OR_BULK,MLB,False,BULLPEN_PITCHER,P,https://raw.githubusercontent.com/lancebroz/mlb-pitcher-data/main/data/raw/2026/daily/2026-04-09.parquet,https://statsapi.mlb.com/api/v1.1/game/823645/feed/live,True,7,Bot,53,56
823645-688497,823645,2026-04-09,AZ,NYM,A,688497,Taylor Rashi,RELIEF_OR_BULK,3.0,9.0,3.0,3.0,0,0,0,0,False,False,21,6,6,0,0,0,0,3,0,https://raw.githubusercontent.com/lancebroz/mlb-pitcher-data/main/data/raw/2026/daily/2026-04-09.parquet,QA_VALIDATED_CANONICAL_V2,RELIEF_OR_BULK,MLB,False,BULLPEN_PITCHER,P,https://raw.githubusercontent.com/lancebroz/mlb-pitcher-data/main/data/raw/2026/daily/2026-04-09.parquet,https://statsapi.mlb.com/api/v1.1/game/823645/feed/live,True,8,Bot,64,72
824130-622554,824130,2026-04-09,CWS,KC,A,622554,Seranthony Domínguez,RELIEF_OR_BULK,4.0,24.0,5.0,3.0,0,0,0,0,False,False,15,4,3,0,0,0,1,2,0,https://raw.githubusercontent.com/lancebroz/mlb-pitcher-data/main/data/raw/2026/daily/2026-04-09.parquet,QA_VALIDATED_CANONICAL_V2,RELIEF_OR_BULK,MLB,False,BULLPEN_PITCHER,P,https://raw.githubusercontent.com/lancebroz/mlb-pitcher-data/main/data/raw/2026/daily/2026-04-09.parquet,https://statsapi.mlb.com/api/v1.1/game/824130/feed/live,True,9,Bot,69,72
824130-669212,824130,2026-04-09,KC,CWS,H,669212,Eli Morgan,RELIEF_OR_BULK,4.0,42.0,12.0,9.0,0,0,0,0,False,False,27,8,6,0,0,1,1,1,0,https://raw.githubusercontent.com/lancebroz/mlb-pitcher-data/main/data/raw/2026/daily/2026-04-09.parquet,QA_VALIDATED_CANONICAL_V2,RELIEF_OR_BULK,MLB,False,BULLPEN_PITCHER,P,https://raw.githubusercontent.com/lancebroz/mlb-pitcher-data/main/data/raw/2026/daily/2026-04-09.parquet,https://statsapi.mlb.com/api/v1.1/game/824130/feed/live,True,8,Top,57,68
824130-670167,824130,2026-04-09,KC,CWS,H,670167,John Schreiber,RELIEF_OR_BULK,1.0,19.0,4.0,1.0,19,19,4,4,False,False,11,3,2,0,0,0,0,0,0,https://raw.githubusercontent.com/lancebroz/mlb-pitcher-data/main/data/raw/2026/daily/2026-04-09.parquet,QA_VALIDATED_CANONICAL_V2,RELIEF_OR_BULK,MLB,False,BULLPEN_PITCHER,P,https://raw.githubusercontent.com/lancebroz/mlb-pitcher-data/main/data/raw/2026/daily/2026-04-09.parquet,https://statsapi.mlb.com/api/v1.1/game/824130/feed/live,True,7,Top,49,51
824130-673929,824130,2026-04-09,CWS,KC,A,673929,Jordan Leasure,RELIEF_OR_BULK,1.0,21.0,4.0,3.0,21,21,4,4,False,False,18,4,3,0,0,0,1,2,0,https://raw.githubusercontent.com/lancebroz/mlb-pitcher-data/main/data/raw/2026/daily/2026-04-09.parquet,QA_VALIDATED_CANONICAL_V2,RELIEF_OR_BULK,MLB,False,BULLPEN_PITCHER,P,https://raw.githubusercontent.com/lancebroz/mlb-pitcher-data/main/data/raw/2026/daily/2026-04-09.parquet,https://statsapi.mlb.com/api/v1.1/game/824130/feed/live,True,8,Bot,61,64
824130-691799,824130,2026-04-09,CWS,KC,A,691799,Grant Taylor,RELIEF_OR_BULK,2.0,16.0,4.0,3.0,0,16,0,4,False,False,22,6,4,0,0,2,0,1,0,https://raw.githubusercontent.com/lancebroz/mlb-pitcher-data/main/data/raw/2026/daily/2026-04-09.parquet,QA_VALIDATED_CANONICAL_V2,STARTER,MLB,False,BULLPEN_PITCHER,P,https://raw.githubusercontent.com/lancebroz/mlb-pitcher-data/main/data/raw/2026/daily/2026-04-09.parquet,https://statsapi.mlb.com/api/v1.1/game/824130/feed/live,True,6,Bot,45,56
823319-657514,823319,2026-04-09,COL,SD,A,657514,Brennan Bernardino,RELIEF_OR_BULK,3.0,14.0,3.0,3.0,0,0,0,0,False,False,14,5,3,1,0,2,0,1,0,https://raw.githubusercontent.com/lancebroz/mlb-pitcher-data/main/data/raw/2026/daily/2026-04-09.parquet,QA_VALIDATED_CANONICAL_V2,RELIEF_OR_BULK,MLB,False,BULLPEN_PITCHER,P,https://raw.githubusercontent.com/lancebroz/mlb-pitcher-data/main/data/raw/2026/daily/2026-04-09.parquet,https://statsapi.mlb.com/api/v1.1/game/823319/feed/live,True,11,Bot,84,88
823319-669093,823319,2026-04-09,SD,COL,H,669093,Jeremiah Estrada,RELIEF_OR_BULK,0.0,12.0,4.0,3.0,12,12,4,4,True,False,24,7,4,2,0,2,2,1,0,https://raw.githubusercontent.com/lancebroz/mlb-pitcher-data/main/data/raw/2026/daily/2026-04-09.parquet,QA_VALIDATED_CANONICAL_V2,RELIEF_OR_BULK,MLB,False,BULLPEN_PITCHER,P,https://raw.githubusercontent.com/lancebroz/mlb-pitcher-data/main/data/raw/2026/daily/2026-04-09.parquet,https://statsapi.mlb.com/api/v1.1/game/823319/feed/live,True,10,Top,70,81
823319-670970,823319,2026-04-09,SD,COL,H,670970,Adrian Morejon,RELIEF_OR_BULK,1.0,20.0,7.0,1.0,20,20,7,7,False,False,11,4,3,0,0,1,0,0,0,https://raw.githubusercontent.com/lancebroz/mlb-pitcher-data/main/data/raw/2026/daily/2026-04-09.parquet,QA_VALIDATED_CANONICAL_V2,RELIEF_OR_BULK,MLB,False,BULLPEN_PITCHER,P,https://raw.githubusercontent.com/lancebroz/mlb-pitcher-data/main/data/raw/2026/daily/2026-04-09.parquet,https://statsapi.mlb.com/api/v1.1/game/823319/feed/live,True,8,Top,55,58
823319-675848,823319,2026-04-09,COL,SD,A,675848,Juan Mejia,RELIEF_OR_BULK,2.0,21.0,6.0,5.0,0,21,0,6,False,False,21,4,3,0,0,1,1,1,0,https://raw.githubusercontent.com/lancebroz/mlb-pitcher-data/main/data/raw/2026/daily/2026-04-09.parquet,QA_VALIDATED_CANONICAL_V2,RELIEF_OR_BULK,MLB,False,BULLPEN_PITCHER,P,https://raw.githubusercontent.com/lancebroz/mlb-pitcher-data/main/data/raw/2026/daily/2026-04-09.parquet,https://statsapi.mlb.com/api/v1.1/game/823319/feed/live,True,8,Bot,59,62
823319-677955,823319,2026-04-09,COL,SD,A,677955,Jaden Hill,RELIEF_OR_BULK,3.0,10.0,4.0,3.0,0,0,0,0,False,False,19,5,5,0,0,0,0,2,0,https://raw.githubusercontent.com/lancebroz/mlb-pitcher-data/main/data/raw/2026/daily/2026-04-09.parquet,QA_VALIDATED_CANONICAL_V2,RELIEF_OR_BULK,MLB,False,BULLPEN_PITCHER,P,https://raw.githubusercontent.com/lancebroz/mlb-pitcher-data/main/data/raw/2026/daily/2026-04-09.parquet,https://statsapi.mlb.com/api/v1.1/game/823319/feed/live,True,6,Bot,47,54
823319-678368,823319,2026-04-09,COL,SD,A,678368,Valente Bellozo,RELIEF_OR_BULK,5.0,77.0,20.0,18.0,0,0,0,0,False,False,3,4,1,4,3,1,2,0,1,https://raw.githubusercontent.com/lancebroz/mlb-pitcher-data/main/data/raw/2026/daily/2026-04-09.parquet,QA_VALIDATED_CANONICAL_V2,RELIEF_OR_BULK,MLB,False,BULLPEN_PITCHER,P,https://raw.githubusercontent.com/lancebroz/mlb-pitcher-data/main/data/raw/2026/daily/2026-04-09.parquet,https://statsapi.mlb.com/api/v1.1/game/823319/feed/live,True,12,Bot,93,96
823319-680767,823319,2026-04-09,COL,SD,A,680767,Victor Vodnik,RELIEF_OR_BULK,3.0,22.0,5.0,3.0,0,0,0,0,False,False,32,9,6,1,0,1,2,0,0,https://raw.githubusercontent.com/lancebroz/mlb-pitcher-data/main/data/raw/2026/daily/2026-04-09.parquet,QA_VALIDATED_CANONICAL_V2,RELIEF_OR_BULK,MLB,False,BULLPEN_PITCHER,P,https://raw.githubusercontent.com/lancebroz/mlb-pitcher-data/main/data/raw/2026/daily/2026-04-09.parquet,https://statsapi.mlb.com/api/v1.1/game/823319/feed/live,True,9,Bot,66,78
823319-688158,823319,2026-04-09,SD,COL,H,688158,David Morgan,RELIEF_OR_BULK,2.0,39.0,8.0,6.0,0,39,0,8,False,False,17,6,5,0,0,0,0,1,0,https://raw.githubusercontent.com/lancebroz/mlb-pitcher-data/main/data/raw/2026/daily/2026-04-09.parquet,QA_VALIDATED_CANONICAL_V2,RELIEF_OR_BULK,MLB,False,BULLPEN_PITCHER,P,https://raw.githubusercontent.com/lancebroz/mlb-pitcher-data/main/data/raw/2026/daily/2026-04-09.parquet,https://statsapi.mlb.com/api/v1.1/game/823319/feed/live,True,11,Top,82,92
823319-695243,823319,2026-04-09,SD,COL,H,695243,Mason Miller,RELIEF_OR_BULK,0.0,10.0,3.0,3.0,10,10,3,3,True,False,10,3,3,0,0,0,0,3,0,https://raw.githubusercontent.com/lancebroz/mlb-pitcher-data/main/data/raw/2026/daily/2026-04-09.parquet,QA_VALIDATED_CANONICAL_V2,RELIEF_OR_BULK,MLB,False,BULLPEN_PITCHER,P,https://raw.githubusercontent.com/lancebroz/mlb-pitcher-data/main/data/raw/2026/daily/2026-04-09.parquet,https://statsapi.mlb.com/api/v1.1/game/823319/feed/live,True,9,Top,63,65
823319-699134,823319,2026-04-09,SD,COL,H,699134,Bradgley Rodriguez,RELIEF_OR_BULK,1.0,23.0,4.0,3.0,23,23,4,4,False,False,20,4,4,0,0,0,0,1,0,https://raw.githubusercontent.com/lancebroz/mlb-pitcher-data/main/data/raw/2026/daily/2026-04-09.parquet,QA_VALIDATED_CANONICAL_V2,RELIEF_OR_BULK,MLB,False,BULLPEN_PITCHER,P,https://raw.githubusercontent.com/lancebroz/mlb-pitcher-data/main/data/raw/2026/daily/2026-04-09.parquet,https://statsapi.mlb.com/api/v1.1/game/823319/feed/live,True,6,Top,43,51
823319-801403,823319,2026-04-09,COL,SD,A,801403,Chase Dollander,RELIEF_OR_BULK,4.0,71.0,18.0,13.0,0,0,0,0,False,False,81,20,13,1,1,4,1,3,0,https://raw.githubusercontent.com/lancebroz/mlb-pitcher-data/main/data/raw/2026/daily/2026-04-09.parquet,QA_VALIDATED_CANONICAL_V2,RELIEF_OR_BULK,MLB,False,BULLPEN_PITCHER,P,https://raw.githubusercontent.com/lancebroz/mlb-pitcher-data/main/data/raw/2026/daily/2026-04-09.parquet,https://statsapi.mlb.com/api/v1.1/game/823319/feed/live,True,2,Bot,10,46
824695-573204,824695,2026-04-10,CHC,PIT,H,573204,Caleb Thielbar,RELIEF_OR_BULK,2.0,2.0,1.0,1.0,0,2,0,1,False,False,21,5,2,2,2,3,0,0,1,https://raw.githubusercontent.com/lancebroz/mlb-pitcher-data/main/data/raw/2026/daily/2026-04-10.parquet,QA_VALIDATED_CANONICAL_V2,RELIEF_OR_BULK,MLB,False,BULLPEN_PITCHER,P,https://raw.githubusercontent.com/lancebroz/mlb-pitcher-data/main/data/raw/2026/daily/2026-04-10.parquet,https://statsapi.mlb.com/api/v1.1/game/824695/feed/live,True,7,Top,45,49
824695-642397,824695,2026-04-10,PIT,CHC,A,642397,Gregory Soto,RELIEF_OR_BULK,2.0,10.0,3.0,3.0,0,10,0,3,False,False,24,5,3,0,0,0,2,0,0,https://raw.githubusercontent.com/lancebroz/mlb-pitcher-data/main/data/raw/2026/daily/2026-04-10.parquet,QA_VALIDATED_CANONICAL_V2,RELIEF_OR_BULK,MLB,False,BULLPEN_PITCHER,P,https://raw.githubusercontent.com/lancebroz/mlb-pitcher-data/main/data/raw/2026/daily/2026-04-10.parquet,https://statsapi.mlb.com/api/v1.1/game/824695/feed/live,True,8,Bot,58,62
824695-642701,824695,2026-04-10,PIT,CHC,A,642701,Dennis Santana,RELIEF_OR_BULK,5.0,13.0,3.0,3.0,0,0,0,0,False,False,13,3,3,0,0,0,0,2,0,https://raw.githubusercontent.com/lancebroz/mlb-pitcher-data/main/data/raw/2026/daily/2026-04-10.parquet,QA_VALIDATED_CANONICAL_V2,RELIEF_OR_BULK,MLB,False,BULLPEN_PITCHER,P,https://raw.githubusercontent.com/lancebroz/mlb-pitcher-data/main/data/raw/2026/daily/2026-04-10.parquet,https://statsapi.mlb.com/api/v1.1/game/824695/feed/live,True,9,Bot,66,68
824695-676755,824695,2026-04-10,PIT,CHC,A,676755,Isaac Mattson,RELIEF_OR_BULK,2.0,9.0,3.0,2.0,0,9,0,3,False,False,12,4,3,0,0,0,1,0,0,https://raw.githubusercontent.com/lancebroz/mlb-pitcher-data/main/data/raw/2026/daily/2026-04-10.parquet,QA_VALIDATED_CANONICAL_V2,RELIEF_OR_BULK,MLB,False,BULLPEN_PITCHER,P,https://raw.githubusercontent.com/lancebroz/mlb-pitcher-data/main/data/raw/2026/daily/2026-04-10.parquet,https://statsapi.mlb.com/api/v1.1/game/824695/feed/live,True,7,Bot,51,54
824695-681799,824695,2026-04-10,CHC,PIT,H,681799,Ethan Roberts,RELIEF_OR_BULK,4.0,13.0,3.0,2.0,0,0,0,0,False,False,17,4,4,0,0,0,0,1,0,https://raw.githubusercontent.com/lancebroz/mlb-pitcher-data/main/data/raw/2026/daily/2026-04-10.parquet,QA_VALIDATED_CANONICAL_V2,RELIEF_OR_BULK,MLB,False,BULLPEN_PITCHER,P,https://raw.githubusercontent.com/lancebroz/mlb-pitcher-data/main/data/raw/2026/daily/2026-04-10.parquet,https://statsapi.mlb.com/api/v1.1/game/824695/feed/live,True,7,Top,50,57
824695-682254,824695,2026-04-10,PIT,CHC,A,682254,Mason Montgomery,RELIEF_OR_BULK,4.0,25.0,6.0,3.0,0,0,0,0,False,False,17,3,2,0,0,0,1,2,0,https://raw.githubusercontent.com/lancebroz/mlb-pitcher-data/main/data/raw/2026/daily/2026-04-10.parquet,QA_VALIDATED_CANONICAL_V2,RELIEF_OR_BULK,MLB,False,BULLPEN_PITCHER,P,https://raw.githubusercontent.com/lancebroz/mlb-pitcher-data/main/data/raw/2026/daily/2026-04-10.parquet,https://statsapi.mlb.com/api/v1.1/game/824695/feed/live,True,6,Bot,42,44
824695-702303,824695,2026-04-10,CHC,PIT,H,702303,Riley Martin,RELIEF_OR_BULK,3.0,10.0,3.0,3.0,0,0,0,0,False,False,13,3,3,0,0,0,0,1,0,https://raw.githubusercontent.com/lancebroz/mlb-pitcher-data/main/data/raw/2026/daily/2026-04-10.parquet,QA_VALIDATED_CANONICAL_V2,RELIEF_OR_BULK,MLB,False,BULLPEN_PITCHER,P,https://raw.githubusercontent.com/lancebroz/mlb-pitcher-data/main/data/raw/2026/daily/2026-04-10.parquet,https://statsapi.mlb.com/api/v1.1/game/824695/feed/live,True,9,Top,63,65
823482-621383,823482,2026-04-10,PHI,AZ,H,621383,Tanner Banks,RELIEF_OR_BULK,2.0,18.0,3.0,3.0,0,18,0,3,False,False,14,4,3,0,0,1,0,1,0,https://raw.githubusercontent.com/lancebroz/mlb-pitcher-data/main/data/raw/2026/daily/2026-04-10.parquet,QA_VALIDATED_CANONICAL_V2,RELIEF_OR_BULK,MLB,False,BULLPEN_PITCHER,P,https://raw.githubusercontent.com/lancebroz/mlb-pitcher-data/main/data/raw/2026/daily/2026-04-10.parquet,https://statsapi.mlb.com/api/v1.1/game/823482/feed/live,True,9,Top,67,70
823482-623149,823482,2026-04-10,AZ,PHI,A,623149,Paul Sewald,RELIEF_OR_BULK,2.0,6.0,2.0,1.0,0,6,0,2,False,False,9,4,3,0,0,1,0,0,0,https://raw.githubusercontent.com/lancebroz/mlb-pitcher-data/main/data/raw/2026/daily/2026-04-10.parquet,QA_VALIDATED_CANONICAL_V2,RELIEF_OR_BULK,MLB,False,BULLPEN_PITCHER,P,https://raw.githubusercontent.com/lancebroz/mlb-pitcher-data/main/data/raw/2026/daily/2026-04-10.parquet,https://statsapi.mlb.com/api/v1.1/game/823482/feed/live,True,9,Bot,71,74
823482-641745,823482,2026-04-10,PHI,AZ,H,641745,Brad Keller,RELIEF_OR_BULK,3.0,20.0,4.0,3.0,0,0,0,0,False,False,7,3,3,0,0,0,0,0,0,https://raw.githubusercontent.com/lancebroz/mlb-pitcher-data/main/data/raw/2026/daily/2026-04-10.parquet,QA_VALIDATED_CANONICAL_V2,RELIEF_OR_BULK,MLB,False,BULLPEN_PITCHER,P,https://raw.githubusercontent.com/lancebroz/mlb-pitcher-data/main/data/raw/2026/daily/2026-04-10.parquet,https://statsapi.mlb.com/api/v1.1/game/823482/feed/live,True,7,Top,53,55
823482-642528,823482,2026-04-10,AZ,PHI,A,642528,Jonathan Loáisiga,RELIEF_OR_BULK,2.0,21.0,5.0,3.0,0,21,0,5,False,False,15,3,3,0,0,0,0,3,0,https://raw.githubusercontent.com/lancebroz/mlb-pitcher-data/main/data/raw/2026/daily/2026-04-10.parquet,QA_VALIDATED_CANONICAL_V2,RELIEF_OR_BULK,MLB,False,BULLPEN_PITCHER,P,https://raw.githubusercontent.com/lancebroz/mlb-pitcher-data/main/data/raw/2026/daily/2026-04-10.parquet,https://statsapi.mlb.com/api/v1.1/game/823482/feed/live,True,6,Bot,52,57
823482-666661,823482,2026-04-10,AZ,PHI,A,666661,Juan Morillo,RELIEF_OR_BULK,2.0,10.0,3.0,3.0,0,10,0,3,False,False,26,5,4,0,0,1,0,3,0,https://raw.githubusercontent.com/lancebroz/mlb-pitcher-data/main/data/raw/2026/daily/2026-04-10.parquet,QA_VALIDATED_CANONICAL_V2,RELIEF_OR_BULK,MLB,False,BULLPEN_PITCHER,P,https://raw.githubusercontent.com/lancebroz/mlb-pitcher-data/main/data/raw/2026/daily/2026-04-10.parquet,https://statsapi.mlb.com/api/v1.1/game/823482/feed/live,True,7,Bot,58,66
823482-680742,823482,2026-04-10,PHI,AZ,H,680742,Jonathan Bowlan,RELIEF_OR_BULK,1.0,18.0,4.0,3.0,18,18,4,4,False,False,19,4,4,0,0,0,0,1,0,https://raw.githubusercontent.com/lancebroz/mlb-pitcher-data/main/data/raw/2026/daily/2026-04-10.parquet,QA_VALIDATED_CANONICAL_V2,RELIEF_OR_BULK,MLB,False,BULLPEN_PITCHER,P,https://raw.githubusercontent.com/lancebroz/mlb-pitcher-data/main/data/raw/2026/daily/2026-04-10.parquet,https://statsapi.mlb.com/api/v1.1/game/823482/feed/live,True,5,Top,42,48
823482-689147,823482,2026-04-10,PHI,AZ,H,689147,Orion Kerkering,RELIEF_OR_BULK,2.0,26.0,6.0,3.0,0,26,0,6,False,False,13,4,3,0,0,1,0,0,0,https://raw.githubusercontent.com/lancebroz/mlb-pitcher-data/main/data/raw/2026/daily/2026-04-10.parquet,QA_VALIDATED_CANONICAL_V2,RELIEF_OR_BULK,MLB,False,BULLPEN_PITCHER,P,https://raw.githubusercontent.com/lancebroz/mlb-pitcher-data/main/data/raw/2026/daily/2026-04-10.parquet,https://statsapi.mlb.com/api/v1.1/game/823482/feed/live,True,8,Top,59,62
824297-445276,824297,2026-04-10,DET,MIA,H,445276,Kenley Jansen,RELIEF_OR_BULK,5.0,8.0,2.0,1.0,0,0,0,0,False,False,12,3,3,0,0,0,0,1,0,https://raw.githubusercontent.com/lancebroz/mlb-pitcher-data/main/data/raw/2026/daily/2026-04-10.parquet,QA_VALIDATED_CANONICAL_V2,RELIEF_OR_BULK,MLB,False,BULLPEN_PITCHER,P,https://raw.githubusercontent.com/lancebroz/mlb-pitcher-data/main/data/raw/2026/daily/2026-04-10.parquet,https://statsapi.mlb.com/api/v1.1/game/824297/feed/live,True,9,Top,60,62
824297-640448,824297,2026-04-10,DET,MIA,H,640448,Kyle Finnegan,RELIEF_OR_BULK,1.0,16.0,4.0,3.0,16,16,4,4,False,False,12,3,3,0,0,0,1,0,0,https://raw.githubusercontent.com/lancebroz/mlb-pitcher-data/main/data/raw/2026/daily/2026-04-10.parquet,QA_VALIDATED_CANONICAL_V2,RELIEF_OR_BULK,MLB,False,BULLPEN_PITCHER,P,https://raw.githubusercontent.com/lancebroz/mlb-pitcher-data/main/data/raw/2026/daily/2026-04-10.parquet,https://statsapi.mlb.com/api/v1.1/game/824297/feed/live,True,8,Top,52,54
824297-669199,824297,2026-04-10,MIA,DET,A,669199,Lake Bachar,RELIEF_OR_BULK,1.0,18.0,3.0,3.0,18,18,3,3,False,False,34,8,6,0,0,1,0,3,0,https://raw.githubusercontent.com/lancebroz/mlb-pitcher-data/main/data/raw/2026/daily/2026-04-10.parquet,QA_VALIDATED_CANONICAL_V2,RELIEF_OR_BULK,MLB,False,BULLPEN_PITCHER,P,https://raw.githubusercontent.com/lancebroz/mlb-pitcher-data/main/data/raw/2026/daily/2026-04-10.parquet,https://statsapi.mlb.com/api/v1.1/game/824297/feed/live,True,7,Bot,49,59
824297-676428,824297,2026-04-10,DET,MIA,H,676428,Brant Hurter,RELIEF_OR_BULK,0.0,1.0,1.0,1.0,1,1,1,1,True,False,10,3,3,0,0,0,0,1,0,https://raw.githubusercontent.com/lancebroz/mlb-pitcher-data/main/data/raw/2026/daily/2026-04-10.parquet,QA_VALIDATED_CANONICAL_V2,RELIEF_OR_BULK,MLB,False,BULLPEN_PITCHER,P,https://raw.githubusercontent.com/lancebroz/mlb-pitcher-data/main/data/raw/2026/daily/2026-04-10.parquet,https://statsapi.mlb.com/api/v1.1/game/824297/feed/live,True,7,Top,46,48
824534-594580,824534,2026-04-10,CIN,LAA,H,594580,Sam Moll,RELIEF_OR_BULK,1.0,28.0,8.0,7.0,28,28,8,8,False,False,16,3,1,2,2,0,2,0,0,https://raw.githubusercontent.com/lancebroz/mlb-pitcher-data/main/data/raw/2026/daily/2026-04-10.parquet,QA_VALIDATED_CANONICAL_V2,RELIEF_OR_BULK,MLB,False,BULLPEN_PITCHER,P,https://raw.githubusercontent.com/lancebroz/mlb-pitcher-data/main/data/raw/2026/daily/2026-04-10.parquet,https://statsapi.mlb.com/api/v1.1/game/824534/feed/live,True,8,Top,60,62
824534-664731,824534,2026-04-10,CIN,LAA,H,664731,P.J. Higgins,RELIEF_OR_BULK,,,,,0,0,0,0,False,False,10,3,3,0,0,0,0,1,0,https://raw.githubusercontent.com/lancebroz/mlb-pitcher-data/main/data/raw/2026/daily/2026-04-10.parquet,EXCLUIR_POSITION_PLAYER_PITCHING,,,False,POSITION_PLAYER_PITCHING,C,https://raw.githubusercontent.com/lancebroz/mlb-pitcher-data/main/data/raw/2026/daily/2026-04-10.parquet,https://statsapi.mlb.com/api/v1.1/game/824534/feed/live,True,9,Top,74,76
824534-683175,824534,2026-04-10,CIN,LAA,H,683175,Connor Phillips,RELIEF_OR_BULK,1.0,39.0,9.0,6.0,39,39,9,9,False,False,24,6,5,0,0,1,0,3,0,https://raw.githubusercontent.com/lancebroz/mlb-pitcher-data/main/data/raw/2026/daily/2026-04-10.parquet,QA_VALIDATED_CANONICAL_V2,RELIEF_OR_BULK,MLB,False,BULLPEN_PITCHER,P,https://raw.githubusercontent.com/lancebroz/mlb-pitcher-data/main/data/raw/2026/daily/2026-04-10.parquet,https://statsapi.mlb.com/api/v1.1/game/824534/feed/live,True,6,Top,47,56
824534-693312,824534,2026-04-10,CIN,LAA,H,693312,Kyle Nicolas,RELIEF_OR_BULK,,,,,0,0,0,0,False,False,29,6,2,3,3,2,2,1,1,https://raw.githubusercontent.com/lancebroz/mlb-pitcher-data/main/data/raw/2026/daily/2026-04-10.parquet,QA_VALIDATED_CANONICAL_V2,,,False,BULLPEN_PITCHER,P,https://raw.githubusercontent.com/lancebroz/mlb-pitcher-data/main/data/raw/2026/daily/2026-04-10.parquet,https://statsapi.mlb.com/api/v1.1/game/824534/feed/live,True,8,Top,63,68
824534-815083,824534,2026-04-10,LAA,CIN,A,815083,Mitch Farris,RELIEF_OR_BULK,2.0,14.0,4.0,3.0,0,14,0,4,False,False,37,9,6,1,1,2,1,2,1,https://raw.githubusercontent.com/lancebroz/mlb-pitcher-data/main/data/raw/2026/daily/2026-04-10.parquet,QA_VALIDATED_CANONICAL_V2,RELIEF_OR_BULK,MLB,False,BULLPEN_PITCHER,P,https://raw.githubusercontent.com/lancebroz/mlb-pitcher-data/main/data/raw/2026/daily/2026-04-10.parquet,https://statsapi.mlb.com/api/v1.1/game/824534/feed/live,True,8,Bot,69,80
822829-573009,822829,2026-04-10,TOR,MIN,H,573009,Joe Mantiply,RELIEF_OR_BULK,3.0,25.0,5.0,2.0,0,0,0,0,False,False,15,3,3,0,0,0,0,3,0,https://raw.githubusercontent.com/lancebroz/mlb-pitcher-data/main/data/raw/2026/daily/2026-04-10.parquet,QA_VALIDATED_CANONICAL_V2,RELIEF_OR_BULK,MLB,False,BULLPEN_PITCHER,P,https://raw.githubusercontent.com/lancebroz/mlb-pitcher-data/main/data/raw/2026/daily/2026-04-10.parquet,https://statsapi.mlb.com/api/v1.1/game/822829/feed/live,True,5,Top,44,50
822829-573124,822829,2026-04-10,MIN,TOR,A,573124,Taylor Rogers,RELIEF_OR_BULK,2.0,12.0,4.0,3.0,0,12,0,4,False,False,30,7,4,1,1,3,0,1,0,https://raw.githubusercontent.com/lancebroz/mlb-pitcher-data/main/data/raw/2026/daily/2026-04-10.parquet,QA_VALIDATED_CANONICAL_V2,RELIEF_OR_BULK,MLB,False,BULLPEN_PITCHER,P,https://raw.githubusercontent.com/lancebroz/mlb-pitcher-data/main/data/raw/2026/daily/2026-04-10.parquet,https://statsapi.mlb.com/api/v1.1/game/822829/feed/live,True,6,Bot,57,66
822829-607455,822829,2026-04-10,MIN,TOR,A,607455,Anthony Banda,RELIEF_OR_BULK,1.0,21.0,6.0,2.0,21,21,6,6,False,False,36,9,5,3,3,3,1,1,1,https://raw.githubusercontent.com/lancebroz/mlb-pitcher-data/main/data/raw/2026/daily/2026-04-10.parquet,QA_VALIDATED_CANONICAL_V2,RELIEF_OR_BULK,MLB,False,BULLPEN_PITCHER,P,https://raw.githubusercontent.com/lancebroz/mlb-pitcher-data/main/data/raw/2026/daily/2026-04-10.parquet,https://statsapi.mlb.com/api/v1.1/game/822829/feed/live,True,5,Bot,45,56
822829-623437,822829,2026-04-10,MIN,TOR,A,623437,Justin Topa,RELIEF_OR_BULK,1.0,10.0,2.0,1.0,10,24,2,5,False,False,12,5,3,1,1,2,0,0,0,https://raw.githubusercontent.com/lancebroz/mlb-pitcher-data/main/data/raw/2026/daily/2026-04-10.parquet,QA_VALIDATED_CANONICAL_V2,RELIEF_OR_BULK,MLB,False,BULLPEN_PITCHER,P,https://raw.githubusercontent.com/lancebroz/mlb-pitcher-data/main/data/raw/2026/daily/2026-04-10.parquet,https://statsapi.mlb.com/api/v1.1/game/822829/feed/live,True,8,Bot,71,75
822829-667297,822829,2026-04-10,TOR,MIN,H,667297,Tommy Nance,RELIEF_OR_BULK,3.0,36.0,10.0,4.0,0,0,0,0,False,False,10,3,2,0,0,1,0,1,0,https://raw.githubusercontent.com/lancebroz/mlb-pitcher-data/main/data/raw/2026/daily/2026-04-10.parquet,QA_VALIDATED_CANONICAL_V2,RELIEF_OR_BULK,MLB,False,BULLPEN_PITCHER,P,https://raw.githubusercontent.com/lancebroz/mlb-pitcher-data/main/data/raw/2026/daily/2026-04-10.parquet,https://statsapi.mlb.com/api/v1.1/game/822829/feed/live,True,5,Top,41,43
822829-680755,822829,2026-04-10,TOR,MIN,H,680755,Braydon Fisher,RELIEF_OR_BULK,5.0,25.0,5.0,3.0,0,0,0,0,False,False,32,7,6,0,0,0,0,4,0,https://raw.githubusercontent.com/lancebroz/mlb-pitcher-data/main/data/raw/2026/daily/2026-04-10.parquet,QA_VALIDATED_CANONICAL_V2,RELIEF_OR_BULK,MLB,False,BULLPEN_PITCHER,P,https://raw.githubusercontent.com/lancebroz/mlb-pitcher-data/main/data/raw/2026/daily/2026-04-10.parquet,https://statsapi.mlb.com/api/v1.1/game/822829/feed/live,True,8,Top,67,78
822829-686973,822829,2026-04-10,TOR,MIN,H,686973,Louis Varland,RELIEF_OR_BULK,1.0,13.0,3.0,3.0,13,36,3,7,False,False,23,4,4,0,0,0,1,1,0,https://raw.githubusercontent.com/lancebroz/mlb-pitcher-data/main/data/raw/2026/daily/2026-04-10.parquet,QA_VALIDATED_CANONICAL_V2,RELIEF_OR_BULK,MLB,False,BULLPEN_PITCHER,P,https://raw.githubusercontent.com/lancebroz/mlb-pitcher-data/main/data/raw/2026/daily/2026-04-10.parquet,https://statsapi.mlb.com/api/v1.1/game/822829/feed/live,True,6,Top,51,60
822997-641329,822997,2026-04-10,TB,NYY,H,641329,Bryan Baker,RELIEF_OR_BULK,3.0,14.0,4.0,3.0,0,0,0,0,False,False,16,5,3,0,0,2,0,1,0,https://raw.githubusercontent.com/lancebroz/mlb-pitcher-data/main/data/raw/2026/daily/2026-04-10.parquet,QA_VALIDATED_CANONICAL_V2,RELIEF_OR_BULK,MLB,False,BULLPEN_PITCHER,P,https://raw.githubusercontent.com/lancebroz/mlb-pitcher-data/main/data/raw/2026/daily/2026-04-10.parquet,https://statsapi.mlb.com/api/v1.1/game/822997/feed/live,True,9,Top,69,73
822997-642232,822997,2026-04-10,NYY,TB,A,642232,Ryan Yarbrough,RELIEF_OR_BULK,4.0,23.0,6.0,5.0,0,0,0,0,False,False,28,8,6,0,0,1,2,0,0,https://raw.githubusercontent.com/lancebroz/mlb-pitcher-data/main/data/raw/2026/daily/2026-04-10.parquet,QA_VALIDATED_CANONICAL_V2,RELIEF_OR_BULK,MLB,False,BULLPEN_PITCHER,P,https://raw.githubusercontent.com/lancebroz/mlb-pitcher-data/main/data/raw/2026/daily/2026-04-10.parquet,https://statsapi.mlb.com/api/v1.1/game/822997/feed/live,True,7,Bot,57,68
822997-643377,822997,2026-04-10,TB,NYY,H,643377,Griffin Jax,RELIEF_OR_BULK,4.0,30.0,8.0,6.0,0,0,0,0,False,False,13,3,3,0,0,0,0,2,0,https://raw.githubusercontent.com/lancebroz/mlb-pitcher-data/main/data/raw/2026/daily/2026-04-10.parquet,QA_VALIDATED_CANONICAL_V2,RELIEF_OR_BULK,MLB,False,BULLPEN_PITCHER,P,https://raw.githubusercontent.com/lancebroz/mlb-pitcher-data/main/data/raw/2026/daily/2026-04-10.parquet,https://statsapi.mlb.com/api/v1.1/game/822997/feed/live,True,6,Top,44,46
822997-656234,822997,2026-04-10,NYY,TB,A,656234,Jake Bird,RELIEF_OR_BULK,2.0,10.0,3.0,2.0,0,10,0,3,False,False,20,5,3,0,0,2,0,2,0,https://raw.githubusercontent.com/lancebroz/mlb-pitcher-data/main/data/raw/2026/daily/2026-04-10.parquet,QA_VALIDATED_CANONICAL_V2,RELIEF_OR_BULK,MLB,False,BULLPEN_PITCHER,P,https://raw.githubusercontent.com/lancebroz/mlb-pitcher-data/main/data/raw/2026/daily/2026-04-10.parquet,https://statsapi.mlb.com/api/v1.1/game/822997/feed/live,True,5,Bot,39,43
822997-666808,822997,2026-04-10,NYY,TB,A,666808,Camilo Doval,RELIEF_OR_BULK,1.0,12.0,4.0,3.0,12,12,4,4,False,False,8,3,2,0,0,1,0,0,0,https://raw.githubusercontent.com/lancebroz/mlb-pitcher-data/main/data/raw/2026/daily/2026-04-10.parquet,QA_VALIDATED_CANONICAL_V2,RELIEF_OR_BULK,MLB,False,BULLPEN_PITCHER,P,https://raw.githubusercontent.com/lancebroz/mlb-pitcher-data/main/data/raw/2026/daily/2026-04-10.parquet,https://statsapi.mlb.com/api/v1.1/game/822997/feed/live,True,6,Bot,51,53
822997-685801,822997,2026-04-10,TB,NYY,H,685801,Hunter Bigge,RELIEF_OR_BULK,3.0,20.0,5.0,5.0,0,0,0,0,False,False,14,4,3,1,1,1,0,1,1,https://raw.githubusercontent.com/lancebroz/mlb-pitcher-data/main/data/raw/2026/daily/2026-04-10.parquet,QA_VALIDATED_CANONICAL_V2,RELIEF_OR_BULK,MLB,False,BULLPEN_PITCHER,P,https://raw.githubusercontent.com/lancebroz/mlb-pitcher-data/main/data/raw/2026/daily/2026-04-10.parquet,https://statsapi.mlb.com/api/v1.1/game/822997/feed/live,True,8,Top,61,64
822997-687396,822997,2026-04-10,NYY,TB,A,687396,Brent Headrick,RELIEF_OR_BULK,1.0,14.0,4.0,3.0,14,36,4,9,False,False,16,4,1,2,1,2,0,1,0,https://raw.githubusercontent.com/lancebroz/mlb-pitcher-data/main/data/raw/2026/daily/2026-04-10.parquet,QA_VALIDATED_CANONICAL_V2,RELIEF_OR_BULK,MLB,False,BULLPEN_PITCHER,P,https://raw.githubusercontent.com/lancebroz/mlb-pitcher-data/main/data/raw/2026/daily/2026-04-10.parquet,https://statsapi.mlb.com/api/v1.1/game/822997/feed/live,True,6,Bot,47,50
822997-693855,822997,2026-04-10,TB,NYY,H,693855,Ian Seymour,RELIEF_OR_BULK,3.0,21.0,6.0,4.0,0,0,0,0,False,False,17,3,3,0,0,0,0,1,0,https://raw.githubusercontent.com/lancebroz/mlb-pitcher-data/main/data/raw/2026/daily/2026-04-10.parquet,QA_VALIDATED_CANONICAL_V2,RELIEF_OR_BULK,MLB,False,BULLPEN_PITCHER,P,https://raw.githubusercontent.com/lancebroz/mlb-pitcher-data/main/data/raw/2026/daily/2026-04-10.parquet,https://statsapi.mlb.com/api/v1.1/game/822997/feed/live,True,7,Top,54,56
823643-605130,823643,2026-04-10,ATH,NYM,A,605130,Scott Barlow,RELIEF_OR_BULK,1.0,17.0,5.0,5.0,17,17,5,5,False,False,8,2,2,0,0,0,0,1,0,https://raw.githubusercontent.com/lancebroz/mlb-pitcher-data/main/data/raw/2026/daily/2026-04-10.parquet,QA_VALIDATED_CANONICAL_V2,RELIEF_OR_BULK,MLB,False,BULLPEN_PITCHER,P,https://raw.githubusercontent.com/lancebroz/mlb-pitcher-data/main/data/raw/2026/daily/2026-04-10.parquet,https://statsapi.mlb.com/api/v1.1/game/823643/feed/live,True,8,Bot,58,59
823643-643410,823643,2026-04-10,ATH,NYM,A,643410,Mark Leiter Jr.,RELIEF_OR_BULK,2.0,28.0,7.0,2.0,0,28,0,7,False,False,12,4,3,0,0,1,0,1,0,https://raw.githubusercontent.com/lancebroz/mlb-pitcher-data/main/data/raw/2026/daily/2026-04-10.parquet,QA_VALIDATED_CANONICAL_V2,RELIEF_OR_BULK,MLB,False,BULLPEN_PITCHER,P,https://raw.githubusercontent.com/lancebroz/mlb-pitcher-data/main/data/raw/2026/daily/2026-04-10.parquet,https://statsapi.mlb.com/api/v1.1/game/823643/feed/live,True,5,Bot,35,38
823643-663992,823643,2026-04-10,NYM,ATH,H,663992,Richard Lovelady,RELIEF_OR_BULK,0.0,18.0,5.0,5.0,18,18,5,5,True,False,5,1,2,0,0,0,0,0,0,https://raw.githubusercontent.com/lancebroz/mlb-pitcher-data/main/data/raw/2026/daily/2026-04-10.parquet,QA_VALIDATED_CANONICAL_V2,RELIEF_OR_BULK,MLB,False,BULLPEN_PITCHER,P,https://raw.githubusercontent.com/lancebroz/mlb-pitcher-data/main/data/raw/2026/daily/2026-04-10.parquet,https://statsapi.mlb.com/api/v1.1/game/823643/feed/live,True,9,Top,65,65
823643-665660,823643,2026-04-10,ATH,NYM,A,665660,Elvis Alvarado,RELIEF_OR_BULK,1.0,11.0,2.0,2.0,11,11,2,2,False,False,20,4,3,0,0,1,0,1,0,https://raw.githubusercontent.com/lancebroz/mlb-pitcher-data/main/data/raw/2026/daily/2026-04-10.parquet,QA_VALIDATED_CANONICAL_V2,RELIEF_OR_BULK,MLB,False,BULLPEN_PITCHER,P,https://raw.githubusercontent.com/lancebroz/mlb-pitcher-data/main/data/raw/2026/daily/2026-04-10.parquet,https://statsapi.mlb.com/api/v1.1/game/823643/feed/live,True,9,Bot,66,69
823643-668964,823643,2026-04-10,NYM,ATH,H,668964,Tobias Myers,RELIEF_OR_BULK,5.0,30.0,6.0,6.0,0,0,0,0,False,False,36,13,9,3,3,4,0,1,0,https://raw.githubusercontent.com/lancebroz/mlb-pitcher-data/main/data/raw/2026/daily/2026-04-10.parquet,QA_VALIDATED_CANONICAL_V2,RELIEF_OR_BULK,MLB,False,BULLPEN_PITCHER,P,https://raw.githubusercontent.com/lancebroz/mlb-pitcher-data/main/data/raw/2026/daily/2026-04-10.parquet,https://statsapi.mlb.com/api/v1.1/game/823643/feed/live,True,6,Top,41,64
823643-678022,823643,2026-04-10,ATH,NYM,A,678022,Jack Perkins,RELIEF_OR_BULK,,,,,0,0,0,0,False,False,30,9,7,0,0,3,0,3,0,https://raw.githubusercontent.com/lancebroz/mlb-pitcher-data/main/data/raw/2026/daily/2026-04-10.parquet,QA_VALIDATED_CANONICAL_V2,,,False,BULLPEN_PITCHER,P,https://raw.githubusercontent.com/lancebroz/mlb-pitcher-data/main/data/raw/2026/daily/2026-04-10.parquet,https://statsapi.mlb.com/api/v1.1/game/823643/feed/live,True,6,Bot,43,57
824858-544150,824858,2026-04-10,BAL,SF,H,544150,Albert Suárez,RELIEF_OR_BULK,8.0,42.0,12.0,9.0,0,0,0,0,False,False,18,7,6,0,0,1,0,1,0,https://raw.githubusercontent.com/lancebroz/mlb-pitcher-data/main/data/raw/2026/daily/2026-04-10.parquet,QA_VALIDATED_CANONICAL_V2,RELIEF_OR_BULK,MLB,False,BULLPEN_PITCHER,P,https://raw.githubusercontent.com/lancebroz/mlb-pitcher-data/main/data/raw/2026/daily/2026-04-10.parquet,https://statsapi.mlb.com/api/v1.1/game/824858/feed/live,True,8,Top,62,73
824858-657424,824858,2026-04-10,SF,BAL,A,657424,Matt Gage,RELIEF_OR_BULK,1.0,13.0,3.0,2.0,13,13,3,3,False,False,2,1,1,0,0,0,0,0,0,https://raw.githubusercontent.com/lancebroz/mlb-pitcher-data/main/data/raw/2026/daily/2026-04-10.parquet,QA_VALIDATED_CANONICAL_V2,RELIEF_OR_BULK,MLB,False,BULLPEN_PITCHER,P,https://raw.githubusercontent.com/lancebroz/mlb-pitcher-data/main/data/raw/2026/daily/2026-04-10.parquet,https://statsapi.mlb.com/api/v1.1/game/824858/feed/live,True,8,Bot,69,69
824858-664141,824858,2026-04-10,SF,BAL,A,664141,JT Brubaker,RELIEF_OR_BULK,4.0,19.0,5.0,3.0,0,0,0,0,False,False,15,4,2,0,0,0,2,1,0,https://raw.githubusercontent.com/lancebroz/mlb-pitcher-data/main/data/raw/2026/daily/2026-04-10.parquet,QA_VALIDATED_CANONICAL_V2,RELIEF_OR_BULK,MLB,False,BULLPEN_PITCHER,P,https://raw.githubusercontent.com/lancebroz/mlb-pitcher-data/main/data/raw/2026/daily/2026-04-10.parquet,https://statsapi.mlb.com/api/v1.1/game/824858/feed/live,True,8,Bot,65,68
824858-666974,824858,2026-04-10,BAL,SF,H,666974,Yennier Cano,RELIEF_OR_BULK,2.0,10.0,3.0,3.0,0,10,0,3,False,False,9,3,3,0,0,0,0,1,0,https://raw.githubusercontent.com/lancebroz/mlb-pitcher-data/main/data/raw/2026/daily/2026-04-10.parquet,QA_VALIDATED_CANONICAL_V2,RELIEF_OR_BULK,MLB,False,BULLPEN_PITCHER,P,https://raw.githubusercontent.com/lancebroz/mlb-pitcher-data/main/data/raw/2026/daily/2026-04-10.parquet,https://statsapi.mlb.com/api/v1.1/game/824858/feed/live,True,6,Top,47,49
824858-675919,824858,2026-04-10,BAL,SF,H,675919,Nick Raquet,RELIEF_OR_BULK,,,,,0,0,0,0,False,False,25,6,3,3,3,2,1,0,1,https://raw.githubusercontent.com/lancebroz/mlb-pitcher-data/main/data/raw/2026/daily/2026-04-10.parquet,QA_VALIDATED_CANONICAL_V2,,,False,BULLPEN_PITCHER,P,https://raw.githubusercontent.com/lancebroz/mlb-pitcher-data/main/data/raw/2026/daily/2026-04-10.parquet,https://statsapi.mlb.com/api/v1.1/game/824858/feed/live,True,7,Top,53,58
824858-676775,824858,2026-04-10,SF,BAL,A,676775,Keaton Winn,RELIEF_OR_BULK,2.0,11.0,3.0,3.0,0,11,0,3,False,False,11,3,3,0,0,0,0,0,0,https://raw.githubusercontent.com/lancebroz/mlb-pitcher-data/main/data/raw/2026/daily/2026-04-10.parquet,QA_VALIDATED_CANONICAL_V2,RELIEF_OR_BULK,MLB,False,BULLPEN_PITCHER,P,https://raw.githubusercontent.com/lancebroz/mlb-pitcher-data/main/data/raw/2026/daily/2026-04-10.parquet,https://statsapi.mlb.com/api/v1.1/game/824858/feed/live,True,7,Bot,59,61
824858-694918,824858,2026-04-10,SF,BAL,A,694918,Blade Tidwell,RELIEF_OR_BULK,1.0,13.0,3.0,3.0,13,13,3,3,False,False,18,6,3,2,2,3,0,1,1,https://raw.githubusercontent.com/lancebroz/mlb-pitcher-data/main/data/raw/2026/daily/2026-04-10.parquet,QA_VALIDATED_CANONICAL_V2,RELIEF_OR_BULK,MLB,False,BULLPEN_PITCHER,P,https://raw.githubusercontent.com/lancebroz/mlb-pitcher-data/main/data/raw/2026/daily/2026-04-10.parquet,https://statsapi.mlb.com/api/v1.1/game/824858/feed/live,True,9,Bot,74,79
824941-606303,824941,2026-04-10,ATL,CLE,H,606303,Joel Payamps,RELIEF_OR_BULK,1.0,7.0,1.0,1.0,7,7,1,1,False,False,3,1,1,0,0,0,0,0,0,https://raw.githubusercontent.com/lancebroz/mlb-pitcher-data/main/data/raw/2026/daily/2026-04-10.parquet,QA_VALIDATED_CANONICAL_V2,RELIEF_OR_BULK,MLB,False,BULLPEN_PITCHER,P,https://raw.githubusercontent.com/lancebroz/mlb-pitcher-data/main/data/raw/2026/daily/2026-04-10.parquet,https://statsapi.mlb.com/api/v1.1/game/824941/feed/live,True,8,Top,70,70
824941-607481,824941,2026-04-10,ATL,CLE,H,607481,Aaron Bummer,RELIEF_OR_BULK,2.0,17.0,3.0,1.0,0,17,0,3,False,False,6,1,1,0,0,0,0,0,0,https://raw.githubusercontent.com/lancebroz/mlb-pitcher-data/main/data/raw/2026/daily/2026-04-10.parquet,QA_VALIDATED_CANONICAL_V2,RELIEF_OR_BULK,MLB,False,BULLPEN_PITCHER,P,https://raw.githubusercontent.com/lancebroz/mlb-pitcher-data/main/data/raw/2026/daily/2026-04-10.parquet,https://statsapi.mlb.com/api/v1.1/game/824941/feed/live,True,5,Top,36,36
824941-641755,824941,2026-04-10,ATL,CLE,H,641755,Tyler Kinley,RELIEF_OR_BULK,2.0,13.0,3.0,2.0,0,13,0,3,False,False,10,3,3,0,0,0,0,0,0,https://raw.githubusercontent.com/lancebroz/mlb-pitcher-data/main/data/raw/2026/daily/2026-04-10.parquet,QA_VALIDATED_CANONICAL_V2,RELIEF_OR_BULK,MLB,False,BULLPEN_PITCHER,P,https://raw.githubusercontent.com/lancebroz/mlb-pitcher-data/main/data/raw/2026/daily/2026-04-10.parquet,https://statsapi.mlb.com/api/v1.1/game/824941/feed/live,True,6,Top,40,42
824941-660761,824941,2026-04-10,ATL,CLE,H,660761,José Suarez,RELIEF_OR_BULK,1.0,24.0,7.0,6.0,24,24,7,7,False,False,31,7,2,3,3,4,1,1,0,https://raw.githubusercontent.com/lancebroz/mlb-pitcher-data/main/data/raw/2026/daily/2026-04-10.parquet,QA_VALIDATED_CANONICAL_V2,RELIEF_OR_BULK,MLB,False,BULLPEN_PITCHER,P,https://raw.githubusercontent.com/lancebroz/mlb-pitcher-data/main/data/raw/2026/daily/2026-04-10.parquet,https://statsapi.mlb.com/api/v1.1/game/824941/feed/live,True,8,Top,63,69
824941-663465,824941,2026-04-10,CLE,ATL,A,663465,Kolby Allard,RELIEF_OR_BULK,3.0,35.0,10.0,6.0,0,0,0,0,False,False,18,6,3,2,2,3,0,1,0,https://raw.githubusercontent.com/lancebroz/mlb-pitcher-data/main/data/raw/2026/daily/2026-04-10.parquet,QA_VALIDATED_CANONICAL_V2,RELIEF_OR_BULK,MLB,False,BULLPEN_PITCHER,P,https://raw.githubusercontent.com/lancebroz/mlb-pitcher-data/main/data/raw/2026/daily/2026-04-10.parquet,https://statsapi.mlb.com/api/v1.1/game/824941/feed/live,True,8,Bot,71,76
824941-669276,824941,2026-04-10,ATL,CLE,H,669276,Dylan Lee,RELIEF_OR_BULK,2.0,9.0,2.0,2.0,0,9,0,2,False,False,7,3,3,0,0,0,0,1,0,https://raw.githubusercontent.com/lancebroz/mlb-pitcher-data/main/data/raw/2026/daily/2026-04-10.parquet,QA_VALIDATED_CANONICAL_V2,RELIEF_OR_BULK,MLB,False,BULLPEN_PITCHER,P,https://raw.githubusercontent.com/lancebroz/mlb-pitcher-data/main/data/raw/2026/daily/2026-04-10.parquet,https://statsapi.mlb.com/api/v1.1/game/824941/feed/live,True,7,Top,53,55
824941-670036,824941,2026-04-10,CLE,ATL,A,670036,Matt Festa,RELIEF_OR_BULK,1.0,21.0,5.0,4.0,21,21,5,5,False,False,17,5,2,2,2,3,0,0,1,https://raw.githubusercontent.com/lancebroz/mlb-pitcher-data/main/data/raw/2026/daily/2026-04-10.parquet,QA_VALIDATED_CANONICAL_V2,RELIEF_OR_BULK,MLB,False,BULLPEN_PITCHER,P,https://raw.githubusercontent.com/lancebroz/mlb-pitcher-data/main/data/raw/2026/daily/2026-04-10.parquet,https://statsapi.mlb.com/api/v1.1/game/824941/feed/live,True,6,Bot,48,52
824941-674370,824941,2026-04-10,ATL,CLE,H,674370,Osvaldo Bido,RELIEF_OR_BULK,3.0,18.0,6.0,6.0,0,0,0,0,False,False,14,3,3,0,0,0,1,0,0,https://raw.githubusercontent.com/lancebroz/mlb-pitcher-data/main/data/raw/2026/daily/2026-04-10.parquet,QA_VALIDATED_CANONICAL_V2,RELIEF_OR_BULK,MLB,False,BULLPEN_PITCHER,P,https://raw.githubusercontent.com/lancebroz/mlb-pitcher-data/main/data/raw/2026/daily/2026-04-10.parquet,https://statsapi.mlb.com/api/v1.1/game/824941/feed/live,True,9,Top,77,79
824941-688883,824941,2026-04-10,CLE,ATL,A,688883,Peyton Pallette,RELIEF_OR_BULK,3.0,30.0,8.0,6.0,0,0,0,0,False,False,37,7,3,2,2,2,2,1,0,https://raw.githubusercontent.com/lancebroz/mlb-pitcher-data/main/data/raw/2026/daily/2026-04-10.parquet,QA_VALIDATED_CANONICAL_V2,RELIEF_OR_BULK,MLB,False,BULLPEN_PITCHER,P,https://raw.githubusercontent.com/lancebroz/mlb-pitcher-data/main/data/raw/2026/daily/2026-04-10.parquet,https://statsapi.mlb.com/api/v1.1/game/824941/feed/live,True,7,Bot,56,62
823808-656730,823808,2026-04-10,MIL,WSH,H,656730,Trevor Megill,RELIEF_OR_BULK,4.0,12.0,4.0,3.0,0,0,0,0,False,False,9,5,0,4,4,2,0,0,0,https://raw.githubusercontent.com/lancebroz/mlb-pitcher-data/main/data/raw/2026/daily/2026-04-10.parquet,QA_VALIDATED_CANONICAL_V2,RELIEF_OR_BULK,MLB,False,BULLPEN_PITCHER,P,https://raw.githubusercontent.com/lancebroz/mlb-pitcher-data/main/data/raw/2026/daily/2026-04-10.parquet,https://statsapi.mlb.com/api/v1.1/game/823808/feed/live,True,9,Top,64,68
823808-668834,823808,2026-04-10,MIL,WSH,H,668834,Easton McGee,RELIEF_OR_BULK,,,,,0,0,0,0,False,False,7,3,3,0,0,1,0,0,0,https://raw.githubusercontent.com/lancebroz/mlb-pitcher-data/main/data/raw/2026/daily/2026-04-10.parquet,QA_VALIDATED_CANONICAL_V2,,,False,BULLPEN_PITCHER,P,https://raw.githubusercontent.com/lancebroz/mlb-pitcher-data/main/data/raw/2026/daily/2026-04-10.parquet,https://statsapi.mlb.com/api/v1.1/game/823808/feed/live,True,9,Top,69,71
823808-672335,823808,2026-04-10,WSH,MIL,A,672335,Cionel Pérez,RELIEF_OR_BULK,1.0,24.0,5.0,3.0,24,24,5,5,False,False,14,3,3,0,0,1,0,0,0,https://raw.githubusercontent.com/lancebroz/mlb-pitcher-data/main/data/raw/2026/daily/2026-04-10.parquet,QA_VALIDATED_CANONICAL_V2,RELIEF_OR_BULK,MLB,False,BULLPEN_PITCHER,P,https://raw.githubusercontent.com/lancebroz/mlb-pitcher-data/main/data/raw/2026/daily/2026-04-10.parquet,https://statsapi.mlb.com/api/v1.1/game/823808/feed/live,True,7,Bot,54,56
823808-672582,823808,2026-04-10,MIL,WSH,H,672582,Angel Zerpa,RELIEF_OR_BULK,3.0,16.0,5.0,3.0,0,0,0,0,False,False,22,5,5,1,1,1,1,0,0,https://raw.githubusercontent.com/lancebroz/mlb-pitcher-data/main/data/raw/2026/daily/2026-04-10.parquet,QA_VALIDATED_CANONICAL_V2,RELIEF_OR_BULK,MLB,False,BULLPEN_PITCHER,P,https://raw.githubusercontent.com/lancebroz/mlb-pitcher-data/main/data/raw/2026/daily/2026-04-10.parquet,https://statsapi.mlb.com/api/v1.1/game/823808/feed/live,True,6,Top,44,53
823808-676571,823808,2026-04-10,WSH,MIL,A,676571,PJ Poulin,RELIEF_OR_BULK,1.0,15.0,3.0,1.0,15,42,3,9,False,False,10,3,3,0,0,0,0,0,0,https://raw.githubusercontent.com/lancebroz/mlb-pitcher-data/main/data/raw/2026/daily/2026-04-10.parquet,QA_VALIDATED_CANONICAL_V2,RELIEF_OR_BULK,MLB,False,BULLPEN_PITCHER,P,https://raw.githubusercontent.com/lancebroz/mlb-pitcher-data/main/data/raw/2026/daily/2026-04-10.parquet,https://statsapi.mlb.com/api/v1.1/game/823808/feed/live,True,8,Bot,61,63
823808-682842,823808,2026-04-10,MIL,WSH,H,682842,Abner Uribe,RELIEF_OR_BULK,4.0,14.0,3.0,1.0,0,0,0,0,False,False,14,4,3,0,0,1,0,2,0,https://raw.githubusercontent.com/lancebroz/mlb-pitcher-data/main/data/raw/2026/daily/2026-04-10.parquet,QA_VALIDATED_CANONICAL_V2,RELIEF_OR_BULK,MLB,False,BULLPEN_PITCHER,P,https://raw.githubusercontent.com/lancebroz/mlb-pitcher-data/main/data/raw/2026/daily/2026-04-10.parquet,https://statsapi.mlb.com/api/v1.1/game/823808/feed/live,True,8,Top,57,60
823808-687606,823808,2026-04-10,WSH,MIL,A,687606,Paxton Schultz,RELIEF_OR_BULK,2.0,26.0,6.0,3.0,0,26,0,6,False,False,20,5,3,0,0,1,0,1,0,https://raw.githubusercontent.com/lancebroz/mlb-pitcher-data/main/data/raw/2026/daily/2026-04-10.parquet,QA_VALIDATED_CANONICAL_V2,RELIEF_OR_BULK,MLB,False,BULLPEN_PITCHER,P,https://raw.githubusercontent.com/lancebroz/mlb-pitcher-data/main/data/raw/2026/daily/2026-04-10.parquet,https://statsapi.mlb.com/api/v1.1/game/823808/feed/live,True,6,Bot,45,49
823808-690925,823808,2026-04-10,WSH,MIL,A,690925,Clayton Beeter,RELIEF_OR_BULK,2.0,15.0,5.0,3.0,0,15,0,5,False,False,12,3,3,0,0,0,0,1,0,https://raw.githubusercontent.com/lancebroz/mlb-pitcher-data/main/data/raw/2026/daily/2026-04-10.parquet,QA_VALIDATED_CANONICAL_V2,RELIEF_OR_BULK,MLB,False,BULLPEN_PITCHER,P,https://raw.githubusercontent.com/lancebroz/mlb-pitcher-data/main/data/raw/2026/daily/2026-04-10.parquet,https://statsapi.mlb.com/api/v1.1/game/823808/feed/live,True,9,Bot,72,74
823808-694477,823808,2026-04-10,MIL,WSH,H,694477,Chad Patrick,RELIEF_OR_BULK,5.0,86.0,20.0,15.0,0,0,0,0,False,False,50,12,9,0,0,3,1,0,0,https://raw.githubusercontent.com/lancebroz/mlb-pitcher-data/main/data/raw/2026/daily/2026-04-10.parquet,QA_VALIDATED_CANONICAL_V2,STARTER,MLB,False,BULLPEN_PITCHER,P,https://raw.githubusercontent.com/lancebroz/mlb-pitcher-data/main/data/raw/2026/daily/2026-04-10.parquet,https://statsapi.mlb.com/api/v1.1/game/823808/feed/live,True,3,Top,20,43
824128-621381,824128,2026-04-10,KC,CWS,H,621381,Matt Strahm,RELIEF_OR_BULK,3.0,24.0,5.0,3.0,0,0,0,0,False,False,7,3,3,0,0,0,0,0,0,https://raw.githubusercontent.com/lancebroz/mlb-pitcher-data/main/data/raw/2026/daily/2026-04-10.parquet,QA_VALIDATED_CANONICAL_V2,RELIEF_OR_BULK,MLB,False,BULLPEN_PITCHER,P,https://raw.githubusercontent.com/lancebroz/mlb-pitcher-data/main/data/raw/2026/daily/2026-04-10.parquet,https://statsapi.mlb.com/api/v1.1/game/824128/feed/live,True,8,Top,50,52
824128-668674,824128,2026-04-10,KC,CWS,H,668674,Lucas Erceg,RELIEF_OR_BULK,3.0,14.0,3.0,3.0,0,0,0,0,False,False,10,3,3,0,0,0,0,0,0,https://raw.githubusercontent.com/lancebroz/mlb-pitcher-data/main/data/raw/2026/daily/2026-04-10.parquet,QA_VALIDATED_CANONICAL_V2,RELIEF_OR_BULK,MLB,False,BULLPEN_PITCHER,P,https://raw.githubusercontent.com/lancebroz/mlb-pitcher-data/main/data/raw/2026/daily/2026-04-10.parquet,https://statsapi.mlb.com/api/v1.1/game/824128/feed/live,True,9,Top,56,58
824128-701474,824128,2026-04-10,CWS,KC,A,701474,Duncan Davitt,RELIEF_OR_BULK,,,,,0,0,0,0,False,False,14,3,3,0,0,0,1,0,0,https://raw.githubusercontent.com/lancebroz/mlb-pitcher-data/main/data/raw/2026/daily/2026-04-10.parquet,QA_VALIDATED_CANONICAL_V2,,,False,BULLPEN_PITCHER,P,https://raw.githubusercontent.com/lancebroz/mlb-pitcher-data/main/data/raw/2026/daily/2026-04-10.parquet,https://statsapi.mlb.com/api/v1.1/game/824128/feed/live,True,8,Bot,53,55
823076-592773,823076,2026-04-10,STL,BOS,H,592773,Ryne Stanek,RELIEF_OR_BULK,3.0,23.0,5.0,2.0,0,0,0,0,False,False,10,3,3,0,0,0,0,1,0,https://raw.githubusercontent.com/lancebroz/mlb-pitcher-data/main/data/raw/2026/daily/2026-04-10.parquet,QA_VALIDATED_CANONICAL_V2,RELIEF_OR_BULK,MLB,False,BULLPEN_PITCHER,P,https://raw.githubusercontent.com/lancebroz/mlb-pitcher-data/main/data/raw/2026/daily/2026-04-10.parquet,https://statsapi.mlb.com/api/v1.1/game/823076/feed/live,True,7,Top,54,56
823076-663558,823076,2026-04-10,BOS,STL,A,663558,Jovani Morán,RELIEF_OR_BULK,3.0,45.0,11.0,9.0,0,0,0,0,False,False,17,5,3,0,0,1,1,2,0,https://raw.githubusercontent.com/lancebroz/mlb-pitcher-data/main/data/raw/2026/daily/2026-04-10.parquet,QA_VALIDATED_CANONICAL_V2,RELIEF_OR_BULK,MLB,False,BULLPEN_PITCHER,P,https://raw.githubusercontent.com/lancebroz/mlb-pitcher-data/main/data/raw/2026/daily/2026-04-10.parquet,https://statsapi.mlb.com/api/v1.1/game/823076/feed/live,True,8,Bot,65,69
823076-668941,823076,2026-04-10,STL,BOS,H,668941,JoJo Romero,RELIEF_OR_BULK,3.0,21.0,5.0,3.0,0,0,0,0,False,False,21,5,3,0,0,1,0,1,0,https://raw.githubusercontent.com/lancebroz/mlb-pitcher-data/main/data/raw/2026/daily/2026-04-10.parquet,QA_VALIDATED_CANONICAL_V2,RELIEF_OR_BULK,MLB,False,BULLPEN_PITCHER,P,https://raw.githubusercontent.com/lancebroz/mlb-pitcher-data/main/data/raw/2026/daily/2026-04-10.parquet,https://statsapi.mlb.com/api/v1.1/game/823076/feed/live,True,8,Top,60,64
823076-669711,823076,2026-04-10,BOS,STL,A,669711,Greg Weissert,RELIEF_OR_BULK,1.0,11.0,3.0,2.0,11,11,3,3,False,False,18,4,4,0,0,0,0,1,0,https://raw.githubusercontent.com/lancebroz/mlb-pitcher-data/main/data/raw/2026/daily/2026-04-10.parquet,QA_VALIDATED_CANONICAL_V2,RELIEF_OR_BULK,MLB,False,BULLPEN_PITCHER,P,https://raw.githubusercontent.com/lancebroz/mlb-pitcher-data/main/data/raw/2026/daily/2026-04-10.parquet,https://statsapi.mlb.com/api/v1.1/game/823076/feed/live,True,6,Bot,53,59
823076-676617,823076,2026-04-10,STL,BOS,H,676617,Riley O'Brien,RELIEF_OR_BULK,1.0,15.0,3.0,3.0,15,31,3,7,False,False,8,3,3,0,0,0,0,1,0,https://raw.githubusercontent.com/lancebroz/mlb-pitcher-data/main/data/raw/2026/daily/2026-04-10.parquet,QA_VALIDATED_CANONICAL_V2,RELIEF_OR_BULK,MLB,False,BULLPEN_PITCHER,P,https://raw.githubusercontent.com/lancebroz/mlb-pitcher-data/main/data/raw/2026/daily/2026-04-10.parquet,https://statsapi.mlb.com/api/v1.1/game/823076/feed/live,True,9,Top,70,72
823076-677161,823076,2026-04-10,BOS,STL,A,677161,Zack Kelly,RELIEF_OR_BULK,2.0,11.0,2.0,2.0,0,11,0,2,False,False,18,5,2,2,2,2,1,0,0,https://raw.githubusercontent.com/lancebroz/mlb-pitcher-data/main/data/raw/2026/daily/2026-04-10.parquet,QA_VALIDATED_CANONICAL_V2,RELIEF_OR_BULK,MLB,False,BULLPEN_PITCHER,P,https://raw.githubusercontent.com/lancebroz/mlb-pitcher-data/main/data/raw/2026/daily/2026-04-10.parquet,https://statsapi.mlb.com/api/v1.1/game/823076/feed/live,True,5,Bot,41,45
823076-701719,823076,2026-04-10,BOS,STL,A,701719,Tyler Samaniego,RELIEF_OR_BULK,1.0,19.0,4.0,3.0,19,19,4,4,False,False,22,4,2,0,0,0,2,1,0,https://raw.githubusercontent.com/lancebroz/mlb-pitcher-data/main/data/raw/2026/daily/2026-04-10.parquet,QA_VALIDATED_CANONICAL_V2,RELIEF_OR_BULK,MLB,False,BULLPEN_PITCHER,P,https://raw.githubusercontent.com/lancebroz/mlb-pitcher-data/main/data/raw/2026/daily/2026-04-10.parquet,https://statsapi.mlb.com/api/v1.1/game/823076/feed/live,True,6,Bot,49,52
823156-595345,823156,2026-04-10,HOU,SEA,A,595345,Steven Okert,RELIEF_OR_BULK,2.0,13.0,4.0,3.0,0,13,0,4,False,False,21,5,5,0,0,0,0,2,0,https://raw.githubusercontent.com/lancebroz/mlb-pitcher-data/main/data/raw/2026/daily/2026-04-10.parquet,QA_VALIDATED_CANONICAL_V2,RELIEF_OR_BULK,MLB,False,BULLPEN_PITCHER,P,https://raw.githubusercontent.com/lancebroz/mlb-pitcher-data/main/data/raw/2026/daily/2026-04-10.parquet,https://statsapi.mlb.com/api/v1.1/game/823156/feed/live,True,1,Bot,10,21
823156-641585,823156,2026-04-10,HOU,SEA,A,641585,J.P. France,RELIEF_OR_BULK,,,,,0,0,0,0,False,False,59,15,8,4,4,3,4,3,0,https://raw.githubusercontent.com/lancebroz/mlb-pitcher-data/main/data/raw/2026/daily/2026-04-10.parquet,QA_VALIDATED_CANONICAL_V2,,,False,BULLPEN_PITCHER,P,https://raw.githubusercontent.com/lancebroz/mlb-pitcher-data/main/data/raw/2026/daily/2026-04-10.parquet,https://statsapi.mlb.com/api/v1.1/game/823156/feed/live,True,5,Bot,44,65
823156-642100,823156,2026-04-10,SEA,HOU,H,642100,Gabe Speier,RELIEF_OR_BULK,1.0,9.0,3.0,3.0,9,9,3,3,False,False,12,4,3,0,0,1,0,0,0,https://raw.githubusercontent.com/lancebroz/mlb-pitcher-data/main/data/raw/2026/daily/2026-04-10.parquet,QA_VALIDATED_CANONICAL_V2,RELIEF_OR_BULK,MLB,False,BULLPEN_PITCHER,P,https://raw.githubusercontent.com/lancebroz/mlb-pitcher-data/main/data/raw/2026/daily/2026-04-10.parquet,https://statsapi.mlb.com/api/v1.1/game/823156/feed/live,True,6,Top,47,50
823156-660825,823156,2026-04-10,SEA,HOU,H,660825,Eduard Bazardo,RELIEF_OR_BULK,1.0,8.0,3.0,3.0,8,8,3,3,False,False,17,3,3,0,0,0,0,0,0,https://raw.githubusercontent.com/lancebroz/mlb-pitcher-data/main/data/raw/2026/daily/2026-04-10.parquet,QA_VALIDATED_CANONICAL_V2,RELIEF_OR_BULK,MLB,False,BULLPEN_PITCHER,P,https://raw.githubusercontent.com/lancebroz/mlb-pitcher-data/main/data/raw/2026/daily/2026-04-10.parquet,https://statsapi.mlb.com/api/v1.1/game/823156/feed/live,True,7,Top,55,57
823156-660853,823156,2026-04-10,HOU,SEA,A,660853,Enyel De Los Santos,RELIEF_OR_BULK,1.0,42.0,9.0,6.0,42,42,9,9,False,False,10,4,3,0,0,1,0,1,0,https://raw.githubusercontent.com/lancebroz/mlb-pitcher-data/main/data/raw/2026/daily/2026-04-10.parquet,QA_VALIDATED_CANONICAL_V2,RELIEF_OR_BULK,MLB,False,BULLPEN_PITCHER,P,https://raw.githubusercontent.com/lancebroz/mlb-pitcher-data/main/data/raw/2026/daily/2026-04-10.parquet,https://statsapi.mlb.com/api/v1.1/game/823156/feed/live,True,8,Bot,72,75
823156-662253,823156,2026-04-10,SEA,HOU,H,662253,Andrés Muñoz,RELIEF_OR_BULK,4.0,16.0,3.0,3.0,0,0,0,0,False,False,25,5,3,0,0,0,2,1,0,https://raw.githubusercontent.com/lancebroz/mlb-pitcher-data/main/data/raw/2026/daily/2026-04-10.parquet,QA_VALIDATED_CANONICAL_V2,RELIEF_OR_BULK,MLB,False,BULLPEN_PITCHER,P,https://raw.githubusercontent.com/lancebroz/mlb-pitcher-data/main/data/raw/2026/daily/2026-04-10.parquet,https://statsapi.mlb.com/api/v1.1/game/823156/feed/live,True,9,Top,76,80
823156-666374,823156,2026-04-10,SEA,HOU,H,666374,Matt Brash,RELIEF_OR_BULK,4.0,10.0,3.0,3.0,0,0,0,0,False,False,4,1,2,0,0,0,0,0,0,https://raw.githubusercontent.com/lancebroz/mlb-pitcher-data/main/data/raw/2026/daily/2026-04-10.parquet,QA_VALIDATED_CANONICAL_V2,RELIEF_OR_BULK,MLB,False,BULLPEN_PITCHER,P,https://raw.githubusercontent.com/lancebroz/mlb-pitcher-data/main/data/raw/2026/daily/2026-04-10.parquet,https://statsapi.mlb.com/api/v1.1/game/823156/feed/live,True,8,Top,71,71
823156-677961,823156,2026-04-10,SEA,HOU,H,677961,Cole Wilcox,RELIEF_OR_BULK,4.0,23.0,5.0,4.0,0,0,0,0,False,False,18,5,1,3,3,3,0,0,1,https://raw.githubusercontent.com/lancebroz/mlb-pitcher-data/main/data/raw/2026/daily/2026-04-10.parquet,QA_VALIDATED_CANONICAL_V2,RELIEF_OR_BULK,MLB,False,BULLPEN_PITCHER,P,https://raw.githubusercontent.com/lancebroz/mlb-pitcher-data/main/data/raw/2026/daily/2026-04-10.parquet,https://statsapi.mlb.com/api/v1.1/game/823156/feed/live,True,8,Top,66,70
823156-680802,823156,2026-04-10,HOU,SEA,A,680802,Ryan Weiss,RELIEF_OR_BULK,3.0,62.0,19.0,8.0,0,0,0,0,False,False,64,13,7,2,2,4,2,4,1,https://raw.githubusercontent.com/lancebroz/mlb-pitcher-data/main/data/raw/2026/daily/2026-04-10.parquet,QA_VALIDATED_CANONICAL_V2,RELIEF_OR_BULK,MLB,False,BULLPEN_PITCHER,P,https://raw.githubusercontent.com/lancebroz/mlb-pitcher-data/main/data/raw/2026/daily/2026-04-10.parquet,https://statsapi.mlb.com/api/v1.1/game/823156/feed/live,True,3,Bot,25,43
823318-592094,823318,2026-04-10,SD,COL,H,592094,Jason Adam,RELIEF_OR_BULK,4.0,17.0,,,0,0,0,0,False,False,5,1,1,0,0,0,0,0,0,https://raw.githubusercontent.com/lancebroz/mlb-pitcher-data/main/data/raw/2026/daily/2026-04-10.parquet,QA_VALIDATED_CANONICAL_V2,REHAB_RELIEF,MILB_REHAB,False,BULLPEN_PITCHER,P,https://raw.githubusercontent.com/lancebroz/mlb-pitcher-data/main/data/raw/2026/daily/2026-04-10.parquet,https://statsapi.mlb.com/api/v1.1/game/823318/feed/live,True,8,Top,55,55
823318-606996,823318,2026-04-10,SD,COL,H,606996,Kyle Hart,RELIEF_OR_BULK,1.0,21.0,5.0,3.0,21,21,5,5,False,False,13,4,3,0,0,1,1,0,0,https://raw.githubusercontent.com/lancebroz/mlb-pitcher-data/main/data/raw/2026/daily/2026-04-10.parquet,QA_VALIDATED_CANONICAL_V2,RELIEF_OR_BULK,MLB,False,BULLPEN_PITCHER,P,https://raw.githubusercontent.com/lancebroz/mlb-pitcher-data/main/data/raw/2026/daily/2026-04-10.parquet,https://statsapi.mlb.com/api/v1.1/game/823318/feed/live,True,7,Top,42,45
823318-622608,823318,2026-04-10,COL,SD,A,622608,Antonio Senzatela,RELIEF_OR_BULK,2.0,26.0,8.0,8.0,0,26,0,8,False,False,31,6,5,0,0,0,2,3,0,https://raw.githubusercontent.com/lancebroz/mlb-pitcher-data/main/data/raw/2026/daily/2026-04-10.parquet,QA_VALIDATED_CANONICAL_V2,RELIEF_OR_BULK,MLB,False,BULLPEN_PITCHER,P,https://raw.githubusercontent.com/lancebroz/mlb-pitcher-data/main/data/raw/2026/daily/2026-04-10.parquet,https://statsapi.mlb.com/api/v1.1/game/823318/feed/live,True,7,Bot,46,58
823318-670970,823318,2026-04-10,SD,COL,H,670970,Adrian Morejon,RELIEF_OR_BULK,0.0,11.0,4.0,3.0,11,31,4,11,True,False,21,6,2,2,2,4,0,0,0,https://raw.githubusercontent.com/lancebroz/mlb-pitcher-data/main/data/raw/2026/daily/2026-04-10.parquet,QA_VALIDATED_CANONICAL_V2,RELIEF_OR_BULK,MLB,False,BULLPEN_PITCHER,P,https://raw.githubusercontent.com/lancebroz/mlb-pitcher-data/main/data/raw/2026/daily/2026-04-10.parquet,https://statsapi.mlb.com/api/v1.1/game/823318/feed/live,True,8,Top,49,54
823318-675848,823318,2026-04-10,COL,SD,A,675848,Juan Mejia,RELIEF_OR_BULK,0.0,21.0,4.0,3.0,21,21,4,4,True,False,18,4,1,3,3,2,1,0,1,https://raw.githubusercontent.com/lancebroz/mlb-pitcher-data/main/data/raw/2026/daily/2026-04-10.parquet,QA_VALIDATED_CANONICAL_V2,RELIEF_OR_BULK,MLB,False,BULLPEN_PITCHER,P,https://raw.githubusercontent.com/lancebroz/mlb-pitcher-data/main/data/raw/2026/daily/2026-04-10.parquet,https://statsapi.mlb.com/api/v1.1/game/823318/feed/live,True,9,Bot,63,66
823318-677955,823318,2026-04-10,COL,SD,A,677955,Jaden Hill,RELIEF_OR_BULK,0.0,19.0,5.0,5.0,19,19,5,5,True,False,2,1,1,0,0,0,0,0,0,https://raw.githubusercontent.com/lancebroz/mlb-pitcher-data/main/data/raw/2026/daily/2026-04-10.parquet,QA_VALIDATED_CANONICAL_V2,RELIEF_OR_BULK,MLB,False,BULLPEN_PITCHER,P,https://raw.githubusercontent.com/lancebroz/mlb-pitcher-data/main/data/raw/2026/daily/2026-04-10.parquet,https://statsapi.mlb.com/api/v1.1/game/823318/feed/live,True,8,Bot,59,59
823318-695243,823318,2026-04-10,SD,COL,H,695243,Mason Miller,RELIEF_OR_BULK,0.0,10.0,3.0,3.0,20,20,6,6,True,True,13,3,3,0,0,0,0,3,0,https://raw.githubusercontent.com/lancebroz/mlb-pitcher-data/main/data/raw/2026/daily/2026-04-10.parquet,QA_VALIDATED_CANONICAL_V2,RELIEF_OR_BULK,MLB,False,BULLPEN_PITCHER,P,https://raw.githubusercontent.com/lancebroz/mlb-pitcher-data/main/data/raw/2026/daily/2026-04-10.parquet,https://statsapi.mlb.com/api/v1.1/game/823318/feed/live,True,9,Top,60,62
823968-621242,823968,2026-04-10,LAD,TEX,H,621242,Edwin Díaz,RELIEF_OR_BULK,2.0,23.0,5.0,3.0,0,23,0,5,False,False,23,8,3,3,3,4,1,2,1,https://raw.githubusercontent.com/lancebroz/mlb-pitcher-data/main/data/raw/2026/daily/2026-04-10.parquet,QA_VALIDATED_CANONICAL_V2,RELIEF_OR_BULK,MLB,False,BULLPEN_PITCHER,P,https://raw.githubusercontent.com/lancebroz/mlb-pitcher-data/main/data/raw/2026/daily/2026-04-10.parquet,https://statsapi.mlb.com/api/v1.1/game/823968/feed/live,True,9,Top,69,76
823968-656222,823968,2026-04-10,TEX,LAD,A,656222,Jalen Beeks,RELIEF_OR_BULK,3.0,16.0,4.0,3.0,0,0,0,0,False,False,18,4,3,0,0,2,0,0,0,https://raw.githubusercontent.com/lancebroz/mlb-pitcher-data/main/data/raw/2026/daily/2026-04-10.parquet,QA_VALIDATED_CANONICAL_V2,RELIEF_OR_BULK,MLB,False,BULLPEN_PITCHER,P,https://raw.githubusercontent.com/lancebroz/mlb-pitcher-data/main/data/raw/2026/daily/2026-04-10.parquet,https://statsapi.mlb.com/api/v1.1/game/823968/feed/live,True,7,Bot,55,58
823968-656641,823968,2026-04-10,TEX,LAD,A,656641,Jacob Latz,RELIEF_OR_BULK,2.0,23.0,6.0,6.0,0,23,0,6,False,False,16,3,2,1,1,1,0,2,1,https://raw.githubusercontent.com/lancebroz/mlb-pitcher-data/main/data/raw/2026/daily/2026-04-10.parquet,QA_VALIDATED_CANONICAL_V2,RELIEF_OR_BULK,MLB,False,BULLPEN_PITCHER,P,https://raw.githubusercontent.com/lancebroz/mlb-pitcher-data/main/data/raw/2026/daily/2026-04-10.parquet,https://statsapi.mlb.com/api/v1.1/game/823968/feed/live,True,9,Bot,77,79
823968-656945,823968,2026-04-10,LAD,TEX,H,656945,Tanner Scott,RELIEF_OR_BULK,4.0,15.0,4.0,3.0,0,0,0,0,False,False,10,3,3,0,0,0,0,2,0,https://raw.githubusercontent.com/lancebroz/mlb-pitcher-data/main/data/raw/2026/daily/2026-04-10.parquet,QA_VALIDATED_CANONICAL_V2,RELIEF_OR_BULK,MLB,False,BULLPEN_PITCHER,P,https://raw.githubusercontent.com/lancebroz/mlb-pitcher-data/main/data/raw/2026/daily/2026-04-10.parquet,https://statsapi.mlb.com/api/v1.1/game/823968/feed/live,True,8,Top,59,61
823968-676395,823968,2026-04-10,TEX,LAD,A,676395,Robert Garcia,RELIEF_OR_BULK,3.0,14.0,3.0,3.0,0,0,0,0,False,False,25,6,3,2,2,3,1,0,0,https://raw.githubusercontent.com/lancebroz/mlb-pitcher-data/main/data/raw/2026/daily/2026-04-10.parquet,QA_VALIDATED_CANONICAL_V2,RELIEF_OR_BULK,MLB,False,BULLPEN_PITCHER,P,https://raw.githubusercontent.com/lancebroz/mlb-pitcher-data/main/data/raw/2026/daily/2026-04-10.parquet,https://statsapi.mlb.com/api/v1.1/game/823968/feed/live,True,6,Bot,45,50
823968-681168,823968,2026-04-10,TEX,LAD,A,681168,Luis Curvelo,RELIEF_OR_BULK,1.0,25.0,6.0,6.0,25,25,6,6,False,False,21,7,3,2,2,4,1,0,1,https://raw.githubusercontent.com/lancebroz/mlb-pitcher-data/main/data/raw/2026/daily/2026-04-10.parquet,QA_VALIDATED_CANONICAL_V2,RELIEF_OR_BULK,MLB,False,BULLPEN_PITCHER,P,https://raw.githubusercontent.com/lancebroz/mlb-pitcher-data/main/data/raw/2026/daily/2026-04-10.parquet,https://statsapi.mlb.com/api/v1.1/game/823968/feed/live,True,8,Bot,62,68
823968-681911,823968,2026-04-10,LAD,TEX,H,681911,Alex Vesia,RELIEF_OR_BULK,2.0,15.0,4.0,3.0,0,15,0,4,False,False,19,4,3,0,0,0,1,3,0,https://raw.githubusercontent.com/lancebroz/mlb-pitcher-data/main/data/raw/2026/daily/2026-04-10.parquet,QA_VALIDATED_CANONICAL_V2,RELIEF_OR_BULK,MLB,False,BULLPEN_PITCHER,P,https://raw.githubusercontent.com/lancebroz/mlb-pitcher-data/main/data/raw/2026/daily/2026-04-10.parquet,https://statsapi.mlb.com/api/v1.1/game/823968/feed/live,True,7,Top,51,54
