pitcher_id,pbp_pitches,entry_inning,first_play_index,last_play_index,first_pitch_row,last_pitch_row,entry_half,game_pk,pbp_source,fallback_used,date,game_date_time,team,opp,home_away,pitcher_name,is_starter,role,boxscore_np,bf,outs,r,er,h,bb,k,hr,boxscore_source,_merge,pitch_count_match,primary_position,primary_position_name,pitcher_class,line_stats_match,qa_status,games_pitched,games_started,physical_appearance
571945,55.0,1.0,0.0,24.0,1.0,91.0,Top,822753,https://raw.githubusercontent.com/lancebroz/mlb-pitcher-data/main/data/raw/2026/daily/2026-04-08.parquet,False,2026-04-08,2026-04-08T20:05:00Z,WSH,STL,H,Miles Mikolas,True,STARTER,55,17,9,2,2,5,3,3,0,https://statsapi.mlb.com/api/v1.1/game/822753/feed/live,both,True,P,Pitcher,STARTER/OPENER/BULK,True,QA_VALIDATED_CANONICAL_V3,,,
669371,43.0,8.0,57.0,66.0,238.0,285.0,Top,822753,https://raw.githubusercontent.com/lancebroz/mlb-pitcher-data/main/data/raw/2026/daily/2026-04-08.parquet,False,2026-04-08,2026-04-08T20:05:00Z,WSH,STL,H,Cole Henry,False,RELIEF_OR_BULK,43,7,5,2,2,0,1,3,0,https://statsapi.mlb.com/api/v1.1/game/822753/feed/live,both,True,P,Pitcher,BULLPEN_PITCHER,True,QA_VALIDATED_CANONICAL_V3,,,
672335,24.0,7.0,48.0,52.0,199.0,222.0,Top,822753,https://raw.githubusercontent.com/lancebroz/mlb-pitcher-data/main/data/raw/2026/daily/2026-04-08.parquet,False,2026-04-08,2026-04-08T20:05:00Z,WSH,STL,H,Cionel Pérez,False,RELIEF_OR_BULK,24,5,3,1,1,1,2,1,0,https://statsapi.mlb.com/api/v1.1/game/822753/feed/live,both,True,P,Pitcher,BULLPEN_PITCHER,True,QA_VALIDATED_CANONICAL_V3,,,
676571,15.0,9.0,67.0,69.0,286.0,300.0,Top,822753,https://raw.githubusercontent.com/lancebroz/mlb-pitcher-data/main/data/raw/2026/daily/2026-04-08.parquet,False,2026-04-08,2026-04-08T20:05:00Z,WSH,STL,H,PJ Poulin,False,RELIEF_OR_BULK,15,3,1,0,0,1,1,0,0,https://statsapi.mlb.com/api/v1.1/game/822753/feed/live,both,True,P,Pitcher,BULLPEN_PITCHER,True,QA_VALIDATED_CANONICAL_V3,,,
676617,15.0,9.0,70.0,72.0,301.0,315.0,Bot,822753,https://raw.githubusercontent.com/lancebroz/mlb-pitcher-data/main/data/raw/2026/daily/2026-04-08.parquet,False,2026-04-08,2026-04-08T20:05:00Z,STL,WSH,A,Riley O'Brien,False,RELIEF_OR_BULK,15,3,3,0,0,0,0,0,0,https://statsapi.mlb.com/api/v1.1/game/822753/feed/live,both,True,P,Pitcher,BULLPEN_PITCHER,True,QA_VALIDATED_CANONICAL_V3,,,
677865,2.0,8.0,62.0,62.0,260.0,261.0,Bot,822753,https://raw.githubusercontent.com/lancebroz/mlb-pitcher-data/main/data/raw/2026/daily/2026-04-08.parquet,False,2026-04-08,2026-04-08T20:05:00Z,STL,WSH,A,Justin Bruihl,False,RELIEF_OR_BULK,2,1,1,0,0,0,0,0,0,https://statsapi.mlb.com/api/v1.1/game/822753/feed/live,both,True,P,Pitcher,BULLPEN_PITCHER,True,QA_VALIDATED_CANONICAL_V3,,,
694335,18.0,7.0,53.0,61.0,223.0,259.0,Bot,822753,https://raw.githubusercontent.com/lancebroz/mlb-pitcher-data/main/data/raw/2026/daily/2026-04-08.parquet,False,2026-04-08,2026-04-08T20:05:00Z,STL,WSH,A,Matt Svanson,False,RELIEF_OR_BULK,18,6,5,0,0,0,1,1,0,https://statsapi.mlb.com/api/v1.1/game/822753/feed/live,both,True,P,Pitcher,BULLPEN_PITCHER,True,QA_VALIDATED_CANONICAL_V3,,,
695418,52.0,4.0,29.0,44.0,106.0,179.0,Top,822753,https://raw.githubusercontent.com/lancebroz/mlb-pitcher-data/main/data/raw/2026/daily/2026-04-08.parquet,False,2026-04-08,2026-04-08T20:05:00Z,WSH,STL,H,Brad Lord,False,RELIEF_OR_BULK,52,10,9,1,1,1,0,2,1,https://statsapi.mlb.com/api/v1.1/game/822753/feed/live,both,True,P,Pitcher,BULLPEN_PITCHER,True,QA_VALIDATED_CANONICAL_V3,,,
700241,91.0,1.0,6.0,47.0,18.0,198.0,Bot,822753,https://raw.githubusercontent.com/lancebroz/mlb-pitcher-data/main/data/raw/2026/daily/2026-04-08.parquet,False,2026-04-08,2026-04-08T20:05:00Z,STL,WSH,A,Michael McGreevy,True,STARTER,91,21,18,1,1,4,0,1,0,https://statsapi.mlb.com/api/v1.1/game/822753/feed/live,both,True,P,Pitcher,STARTER/OPENER/BULK,True,QA_VALIDATED_CANONICAL_V3,,,
666277,20.0,8.0,71.0,81.0,297.0,331.0,Bot,822754,https://raw.githubusercontent.com/lancebroz/mlb-pitcher-data/main/data/raw/2026/daily/2026-04-07.parquet,False,2026-04-07,2026-04-07T22:45:00Z,STL,WSH,A,George Soriano,False,RELIEF_OR_BULK,20,6,6,0,0,0,0,3,0,https://statsapi.mlb.com/api/v1.1/game/822754/feed/live,both,True,P,Pitcher,BULLPEN_PITCHER,True,QA_VALIDATED_CANONICAL_V3,,,
669371,16.0,10.0,82.0,86.0,332.0,347.0,Top,822754,https://raw.githubusercontent.com/lancebroz/mlb-pitcher-data/main/data/raw/2026/daily/2026-04-07.parquet,False,2026-04-07,2026-04-07T22:45:00Z,WSH,STL,H,Cole Henry,False,RELIEF_OR_BULK,16,5,3,2,1,2,0,1,0,https://statsapi.mlb.com/api/v1.1/game/822754/feed/live,both,True,P,Pitcher,BULLPEN_PITCHER,True,QA_VALIDATED_CANONICAL_V3,,,
669461,92.0,1.0,6.0,46.0,29.0,193.0,Bot,822754,https://raw.githubusercontent.com/lancebroz/mlb-pitcher-data/main/data/raw/2026/daily/2026-04-07.parquet,False,2026-04-07,2026-04-07T22:45:00Z,STL,WSH,A,Matthew Liberatore,True,STARTER,92,25,15,4,4,9,2,6,2,https://statsapi.mlb.com/api/v1.1/game/822754/feed/live,both,True,P,Pitcher,STARTER/OPENER/BULK,True,QA_VALIDATED_CANONICAL_V3,,,
676571,27.0,6.0,51.0,61.0,213.0,260.0,Top,822754,https://raw.githubusercontent.com/lancebroz/mlb-pitcher-data/main/data/raw/2026/daily/2026-04-07.parquet,False,2026-04-07,2026-04-07T22:45:00Z,WSH,STL,H,PJ Poulin,False,RELIEF_OR_BULK,27,6,4,1,1,1,2,2,1,https://statsapi.mlb.com/api/v1.1/game/822754/feed/live,both,True,P,Pitcher,BULLPEN_PITCHER,True,QA_VALIDATED_CANONICAL_V3,,,
676617,16.0,10.0,87.0,90.0,348.0,363.0,Bot,822754,https://raw.githubusercontent.com/lancebroz/mlb-pitcher-data/main/data/raw/2026/daily/2026-04-07.parquet,False,2026-04-07,2026-04-07T22:45:00Z,STL,WSH,A,Riley O'Brien,False,RELIEF_OR_BULK,16,4,3,1,0,0,0,2,0,https://statsapi.mlb.com/api/v1.1/game/822754/feed/live,both,True,P,Pitcher,BULLPEN_PITCHER,True,QA_VALIDATED_CANONICAL_V3,,,
676917,94.0,1.0,0.0,37.0,1.0,164.0,Top,822754,https://raw.githubusercontent.com/lancebroz/mlb-pitcher-data/main/data/raw/2026/daily/2026-04-07.parquet,False,2026-04-07,2026-04-07T22:45:00Z,WSH,STL,H,Cade Cavalli,True,STARTER,94,20,14,2,1,4,4,3,0,https://statsapi.mlb.com/api/v1.1/game/822754/feed/live,both,True,P,Pitcher,STARTER/OPENER/BULK,True,QA_VALIDATED_CANONICAL_V3,,,
681402,22.0,8.0,66.0,70.0,275.0,296.0,Top,822754,https://raw.githubusercontent.com/lancebroz/mlb-pitcher-data/main/data/raw/2026/daily/2026-04-07.parquet,False,2026-04-07,2026-04-07T22:45:00Z,WSH,STL,H,Gus Varland,False,RELIEF_OR_BULK,22,5,3,2,2,1,1,1,1,https://statsapi.mlb.com/api/v1.1/game/822754/feed/live,both,True,P,Pitcher,BULLPEN_PITCHER,True,QA_VALIDATED_CANONICAL_V3,,,
687606,26.0,5.0,38.0,50.0,165.0,212.0,Top,822754,https://raw.githubusercontent.com/lancebroz/mlb-pitcher-data/main/data/raw/2026/daily/2026-04-07.parquet,False,2026-04-07,2026-04-07T22:45:00Z,WSH,STL,H,Paxton Schultz,False,RELIEF_OR_BULK,26,6,3,0,0,1,1,1,0,https://statsapi.mlb.com/api/v1.1/game/822754/feed/live,both,True,P,Pitcher,BULLPEN_PITCHER,True,QA_VALIDATED_CANONICAL_V3,,,
690925,15.0,9.0,74.0,78.0,306.0,320.0,Top,822754,https://raw.githubusercontent.com/lancebroz/mlb-pitcher-data/main/data/raw/2026/daily/2026-04-07.parquet,False,2026-04-07,2026-04-07T22:45:00Z,WSH,STL,H,Clayton Beeter,False,RELIEF_OR_BULK,15,5,3,0,0,0,2,0,0,https://statsapi.mlb.com/api/v1.1/game/822754/feed/live,both,True,P,Pitcher,BULLPEN_PITCHER,True,QA_VALIDATED_CANONICAL_V3,,,
700669,35.0,6.0,53.0,65.0,222.0,274.0,Bot,822754,https://raw.githubusercontent.com/lancebroz/mlb-pitcher-data/main/data/raw/2026/daily/2026-04-07.parquet,False,2026-04-07,2026-04-07T22:45:00Z,STL,WSH,A,Gordon Graceffo,False,RELIEF_OR_BULK,35,9,6,1,1,1,2,2,0,https://statsapi.mlb.com/api/v1.1/game/822754/feed/live,both,True,P,Pitcher,BULLPEN_PITCHER,True,QA_VALIDATED_CANONICAL_V3,,,
592773,23.0,7.0,62.0,74.0,231.0,287.0,Bot,822755,https://raw.githubusercontent.com/lancebroz/mlb-pitcher-data/main/data/raw/2026/daily/2026-04-06.parquet,False,2026-04-06,2026-04-06T22:45:00Z,STL,WSH,A,Ryne Stanek,False,RELIEF_OR_BULK,23,5,2,3,3,3,0,1,1,https://statsapi.mlb.com/api/v1.1/game/822755/feed/live,both,True,P,Pitcher,BULLPEN_PITCHER,True,QA_VALIDATED_CANONICAL_V3,,,
641793,70.0,1.0,0.0,39.0,1.0,141.0,Top,822755,https://raw.githubusercontent.com/lancebroz/mlb-pitcher-data/main/data/raw/2026/daily/2026-04-06.parquet,False,2026-04-06,2026-04-06T22:45:00Z,WSH,STL,H,Zack Littell,True,STARTER,70,22,15,1,1,4,3,6,0,https://statsapi.mlb.com/api/v1.1/game/822755/feed/live,both,True,P,Pitcher,STARTER/OPENER/BULK,True,QA_VALIDATED_CANONICAL_V3,,,
668941,21.0,6.0,54.0,61.0,199.0,230.0,Bot,822755,https://raw.githubusercontent.com/lancebroz/mlb-pitcher-data/main/data/raw/2026/daily/2026-04-06.parquet,False,2026-04-06,2026-04-06T22:45:00Z,STL,WSH,A,JoJo Romero,False,RELIEF_OR_BULK,21,5,3,0,0,2,1,0,0,https://statsapi.mlb.com/api/v1.1/game/822755/feed/live,both,True,P,Pitcher,BULLPEN_PITCHER,True,QA_VALIDATED_CANONICAL_V3,,,
669467,88.0,1.0,4.0,43.0,17.0,158.0,Bot,822755,https://raw.githubusercontent.com/lancebroz/mlb-pitcher-data/main/data/raw/2026/daily/2026-04-06.parquet,False,2026-04-06,2026-04-06T22:45:00Z,STL,WSH,A,Andre Pallante,True,STARTER,88,22,15,2,2,3,4,2,0,https://statsapi.mlb.com/api/v1.1/game/822755/feed/live,both,True,P,Pitcher,STARTER/OPENER/BULK,True,QA_VALIDATED_CANONICAL_V3,,,
672335,21.0,9.0,80.0,83.0,301.0,321.0,Top,822755,https://raw.githubusercontent.com/lancebroz/mlb-pitcher-data/main/data/raw/2026/daily/2026-04-06.parquet,False,2026-04-06,2026-04-06T22:45:00Z,WSH,STL,H,Cionel Pérez,False,RELIEF_OR_BULK,21,4,3,0,0,1,0,0,0,https://statsapi.mlb.com/api/v1.1/game/822755/feed/live,both,True,P,Pitcher,BULLPEN_PITCHER,True,QA_VALIDATED_CANONICAL_V3,,,
677865,23.0,6.0,49.0,53.0,176.0,198.0,Bot,822755,https://raw.githubusercontent.com/lancebroz/mlb-pitcher-data/main/data/raw/2026/daily/2026-04-06.parquet,False,2026-04-06,2026-04-06T22:45:00Z,STL,WSH,A,Justin Bruihl,False,RELIEF_OR_BULK,23,5,2,1,1,1,2,0,0,https://statsapi.mlb.com/api/v1.1/game/822755/feed/live,both,True,P,Pitcher,BULLPEN_PITCHER,True,QA_VALIDATED_CANONICAL_V3,,,
686610,33.0,6.0,44.0,64.0,159.0,239.0,Top,822755,https://raw.githubusercontent.com/lancebroz/mlb-pitcher-data/main/data/raw/2026/daily/2026-04-06.parquet,False,2026-04-06,2026-04-06T22:45:00Z,WSH,STL,H,Ken Waldichuk,False,RELIEF_OR_BULK,33,10,7,3,3,2,2,2,2,https://statsapi.mlb.com/api/v1.1/game/822755/feed/live,both,True,P,Pitcher,BULLPEN_PITCHER,True,QA_VALIDATED_CANONICAL_V3,,,
694335,13.0,8.0,75.0,79.0,288.0,300.0,Bot,822755,https://raw.githubusercontent.com/lancebroz/mlb-pitcher-data/main/data/raw/2026/daily/2026-04-06.parquet,False,2026-04-06,2026-04-06T22:45:00Z,STL,WSH,A,Matt Svanson,False,RELIEF_OR_BULK,13,5,2,3,3,3,0,1,2,https://statsapi.mlb.com/api/v1.1/game/822755/feed/live,both,True,P,Pitcher,BULLPEN_PITCHER,True,QA_VALIDATED_CANONICAL_V3,,,
701552,29.0,8.0,65.0,70.0,240.0,268.0,Top,822755,https://raw.githubusercontent.com/lancebroz/mlb-pitcher-data/main/data/raw/2026/daily/2026-04-06.parquet,False,2026-04-06,2026-04-06T22:45:00Z,WSH,STL,H,Andre Granillo,False,RELIEF_OR_BULK,29,6,2,2,2,2,2,0,0,https://statsapi.mlb.com/api/v1.1/game/822755/feed/live,both,True,P,Pitcher,BULLPEN_PITCHER,True,QA_VALIDATED_CANONICAL_V3,,,
621242,13.0,9.0,78.0,80.0,321.0,333.0,Bot,822756,https://raw.githubusercontent.com/lancebroz/mlb-pitcher-data/main/data/raw/2026/daily/2026-04-05.parquet,False,2026-04-05,2026-04-05T17:35:00Z,LAD,WSH,A,Edwin Díaz,False,RELIEF_OR_BULK,13,3,3,0,0,0,0,1,0,https://statsapi.mlb.com/api/v1.1/game/822756/feed/live,both,True,P,Pitcher,BULLPEN_PITCHER,True,QA_VALIDATED_CANONICAL_V3,,,
656492,95.0,1.0,0.0,41.0,1.0,174.0,Top,822756,https://raw.githubusercontent.com/lancebroz/mlb-pitcher-data/main/data/raw/2026/daily/2026-04-05.parquet,False,2026-04-05,2026-04-05T17:35:00Z,WSH,LAD,H,Foster Griffin,True,STARTER,95,22,15,1,1,5,3,6,1,https://statsapi.mlb.com/api/v1.1/game/822756/feed/live,both,True,P,Pitcher,STARTER/OPENER/BULK,True,QA_VALIDATED_CANONICAL_V3,,,
656945,15.0,8.0,70.0,73.0,282.0,296.0,Bot,822756,https://raw.githubusercontent.com/lancebroz/mlb-pitcher-data/main/data/raw/2026/daily/2026-04-05.parquet,False,2026-04-05,2026-04-05T17:35:00Z,LAD,WSH,A,Tanner Scott,False,RELIEF_OR_BULK,15,4,3,0,0,1,0,1,0,https://statsapi.mlb.com/api/v1.1/game/822756/feed/live,both,True,P,Pitcher,BULLPEN_PITCHER,True,QA_VALIDATED_CANONICAL_V3,,,
672335,20.0,8.0,62.0,66.0,253.0,272.0,Top,822756,https://raw.githubusercontent.com/lancebroz/mlb-pitcher-data/main/data/raw/2026/daily/2026-04-05.parquet,False,2026-04-05,2026-04-05T17:35:00Z,WSH,LAD,H,Cionel Pérez,False,RELIEF_OR_BULK,20,5,0,4,4,3,2,0,0,https://statsapi.mlb.com/api/v1.1/game/822756/feed/live,both,True,P,Pitcher,BULLPEN_PITCHER,True,QA_VALIDATED_CANONICAL_V3,,,
676263,16.0,7.0,58.0,61.0,237.0,252.0,Bot,822756,https://raw.githubusercontent.com/lancebroz/mlb-pitcher-data/main/data/raw/2026/daily/2026-04-05.parquet,False,2026-04-05,2026-04-05T17:35:00Z,LAD,WSH,A,Jack Dreyer,False,RELIEF_OR_BULK,16,4,3,0,0,0,1,1,0,https://statsapi.mlb.com/api/v1.1/game/822756/feed/live,both,True,P,Pitcher,BULLPEN_PITCHER,True,QA_VALIDATED_CANONICAL_V3,,,
676571,34.0,6.0,45.0,57.0,186.0,236.0,Top,822756,https://raw.githubusercontent.com/lancebroz/mlb-pitcher-data/main/data/raw/2026/daily/2026-04-05.parquet,False,2026-04-05,2026-04-05T17:35:00Z,WSH,LAD,H,PJ Poulin,False,RELIEF_OR_BULK,34,8,6,2,2,2,0,2,1,https://statsapi.mlb.com/api/v1.1/game/822756/feed/live,both,True,P,Pitcher,BULLPEN_PITCHER,True,QA_VALIDATED_CANONICAL_V3,,,
681911,17.0,6.0,50.0,54.0,212.0,228.0,Bot,822756,https://raw.githubusercontent.com/lancebroz/mlb-pitcher-data/main/data/raw/2026/daily/2026-04-05.parquet,False,2026-04-05,2026-04-05T17:35:00Z,LAD,WSH,A,Alex Vesia,False,RELIEF_OR_BULK,17,5,3,0,0,1,1,0,0,https://statsapi.mlb.com/api/v1.1/game/822756/feed/live,both,True,P,Pitcher,BULLPEN_PITCHER,True,QA_VALIDATED_CANONICAL_V3,,,
690925,25.0,8.0,67.0,76.0,273.0,312.0,Top,822756,https://raw.githubusercontent.com/lancebroz/mlb-pitcher-data/main/data/raw/2026/daily/2026-04-05.parquet,False,2026-04-05,2026-04-05T17:35:00Z,WSH,LAD,H,Clayton Beeter,False,RELIEF_OR_BULK,25,6,5,1,1,1,0,2,1,https://statsapi.mlb.com/api/v1.1/game/822756/feed/live,both,True,P,Pitcher,BULLPEN_PITCHER,True,QA_VALIDATED_CANONICAL_V3,,,
701552,8.0,9.0,77.0,77.0,313.0,320.0,Top,822756,https://raw.githubusercontent.com/lancebroz/mlb-pitcher-data/main/data/raw/2026/daily/2026-04-05.parquet,False,2026-04-05,2026-04-05T17:35:00Z,WSH,LAD,H,Andre Granillo,False,RELIEF_OR_BULK,8,1,1,0,0,0,0,0,0,https://statsapi.mlb.com/api/v1.1/game/822756/feed/live,both,True,P,Pitcher,BULLPEN_PITCHER,True,QA_VALIDATED_CANONICAL_V3,,,
808963,90.0,1.0,3.0,44.0,17.0,185.0,Bot,822756,https://raw.githubusercontent.com/lancebroz/mlb-pitcher-data/main/data/raw/2026/daily/2026-04-05.parquet,False,2026-04-05,2026-04-05T17:35:00Z,LAD,WSH,A,Roki Sasaki,True,STARTER,90,23,15,6,6,5,3,5,2,https://statsapi.mlb.com/api/v1.1/game/822756/feed/live,both,True,P,Pitcher,STARTER/OPENER/BULK,True,QA_VALIDATED_CANONICAL_V3,,,
607192,101.0,1.0,7.0,57.0,29.0,235.0,Bot,822757,https://raw.githubusercontent.com/lancebroz/mlb-pitcher-data/main/data/raw/2026/daily/2026-04-04.parquet,False,2026-04-04,2026-04-04T20:05:00Z,LAD,WSH,A,Tyler Glasnow,True,STARTER,101,24,18,2,2,4,2,9,0,https://statsapi.mlb.com/api/v1.1/game/822757/feed/live,both,True,P,Pitcher,STARTER/OPENER/BULK,True,QA_VALIDATED_CANONICAL_V3,,,
656945,14.0,7.0,63.0,66.0,255.0,268.0,Bot,822757,https://raw.githubusercontent.com/lancebroz/mlb-pitcher-data/main/data/raw/2026/daily/2026-04-04.parquet,False,2026-04-04,2026-04-04T20:05:00Z,LAD,WSH,A,Tanner Scott,False,RELIEF_OR_BULK,14,4,3,0,0,1,0,1,0,https://statsapi.mlb.com/api/v1.1/game/822757/feed/live,both,True,P,Pitcher,BULLPEN_PITCHER,True,QA_VALIDATED_CANONICAL_V3,,,
663623,85.0,1.0,0.0,33.0,1.0,128.0,Top,822757,https://raw.githubusercontent.com/lancebroz/mlb-pitcher-data/main/data/raw/2026/daily/2026-04-04.parquet,False,2026-04-04,2026-04-04T20:05:00Z,WSH,LAD,H,Jake Irvin,True,STARTER,85,22,12,6,6,8,2,4,0,https://statsapi.mlb.com/api/v1.1/game/822757/feed/live,both,True,P,Pitcher,STARTER/OPENER/BULK,True,QA_VALIDATED_CANONICAL_V3,,,
669371,23.0,8.0,67.0,78.0,269.0,311.0,Top,822757,https://raw.githubusercontent.com/lancebroz/mlb-pitcher-data/main/data/raw/2026/daily/2026-04-04.parquet,False,2026-04-04,2026-04-04T20:05:00Z,WSH,LAD,H,Cole Henry,False,RELIEF_OR_BULK,23,7,6,0,0,1,0,2,0,https://statsapi.mlb.com/api/v1.1/game/822757/feed/live,both,True,P,Pitcher,BULLPEN_PITCHER,True,QA_VALIDATED_CANONICAL_V3,,,
676508,20.0,8.0,70.0,74.0,278.0,297.0,Bot,822757,https://raw.githubusercontent.com/lancebroz/mlb-pitcher-data/main/data/raw/2026/daily/2026-04-04.parquet,False,2026-04-04,2026-04-04T20:05:00Z,LAD,WSH,A,Ben Casparius,False,RELIEF_OR_BULK,20,5,3,2,2,2,0,1,1,https://statsapi.mlb.com/api/v1.1/game/822757/feed/live,both,True,P,Pitcher,BULLPEN_PITCHER,True,QA_VALIDATED_CANONICAL_V3,,,
681402,19.0,7.0,58.0,62.0,236.0,254.0,Top,822757,https://raw.githubusercontent.com/lancebroz/mlb-pitcher-data/main/data/raw/2026/daily/2026-04-04.parquet,False,2026-04-04,2026-04-04T20:05:00Z,WSH,LAD,H,Gus Varland,False,RELIEF_OR_BULK,19,5,3,1,1,2,0,2,0,https://statsapi.mlb.com/api/v1.1/game/822757/feed/live,both,True,P,Pitcher,BULLPEN_PITCHER,True,QA_VALIDATED_CANONICAL_V3,,,
683618,22.0,9.0,79.0,82.0,312.0,333.0,Bot,822757,https://raw.githubusercontent.com/lancebroz/mlb-pitcher-data/main/data/raw/2026/daily/2026-04-04.parquet,False,2026-04-04,2026-04-04T20:05:00Z,LAD,WSH,A,Edgardo Henriquez,False,RELIEF_OR_BULK,22,4,3,1,1,1,0,0,0,https://statsapi.mlb.com/api/v1.1/game/822757/feed/live,both,True,P,Pitcher,BULLPEN_PITCHER,True,QA_VALIDATED_CANONICAL_V3,,,
695418,49.0,5.0,39.0,53.0,153.0,217.0,Top,822757,https://raw.githubusercontent.com/lancebroz/mlb-pitcher-data/main/data/raw/2026/daily/2026-04-04.parquet,False,2026-04-04,2026-04-04T20:05:00Z,WSH,LAD,H,Brad Lord,False,RELIEF_OR_BULK,49,12,6,3,3,5,1,0,1,https://statsapi.mlb.com/api/v1.1/game/822757/feed/live,both,True,P,Pitcher,BULLPEN_PITCHER,True,QA_VALIDATED_CANONICAL_V3,,,
571945,87.0,1.0,0.0,43.0,1.0,157.0,Top,822758,https://raw.githubusercontent.com/lancebroz/mlb-pitcher-data/main/data/raw/2026/daily/2026-04-03.parquet,False,2026-04-03,2026-04-03T17:05:00Z,WSH,LAD,H,Miles Mikolas,True,STARTER,87,25,13,11,11,11,1,4,4,https://statsapi.mlb.com/api/v1.1/game/822758/feed/live,both,True,P,Pitcher,STARTER/OPENER/BULK,True,QA_VALIDATED_CANONICAL_V3,,,
595014,11.0,7.0,67.0,70.0,246.0,256.0,Bot,822758,https://raw.githubusercontent.com/lancebroz/mlb-pitcher-data/main/data/raw/2026/daily/2026-04-03.parquet,False,2026-04-03,2026-04-03T17:05:00Z,LAD,WSH,A,Blake Treinen,False,RELIEF_OR_BULK,11,4,3,0,0,1,1,0,0,https://statsapi.mlb.com/api/v1.1/game/822758/feed/live,both,True,P,Pitcher,BULLPEN_PITCHER,True,QA_VALIDATED_CANONICAL_V3,,,
676263,4.0,6.0,62.0,62.0,229.0,232.0,Bot,822758,https://raw.githubusercontent.com/lancebroz/mlb-pitcher-data/main/data/raw/2026/daily/2026-04-03.parquet,False,2026-04-03,2026-04-03T17:05:00Z,LAD,WSH,A,Jack Dreyer,False,RELIEF_OR_BULK,4,1,1,0,0,0,0,1,0,https://statsapi.mlb.com/api/v1.1/game/822758/feed/live,both,True,P,Pitcher,BULLPEN_PITCHER,True,QA_VALIDATED_CANONICAL_V3,,,
676508,13.0,9.0,87.0,89.0,309.0,321.0,Bot,822758,https://raw.githubusercontent.com/lancebroz/mlb-pitcher-data/main/data/raw/2026/daily/2026-04-03.parquet,False,2026-04-03,2026-04-03T17:05:00Z,LAD,WSH,A,Ben Casparius,False,RELIEF_OR_BULK,13,3,3,0,0,0,0,1,0,https://statsapi.mlb.com/api/v1.1/game/822758/feed/live,both,True,P,Pitcher,BULLPEN_PITCHER,True,QA_VALIDATED_CANONICAL_V3,,,
681402,20.0,5.0,44.0,48.0,158.0,177.0,Top,822758,https://raw.githubusercontent.com/lancebroz/mlb-pitcher-data/main/data/raw/2026/daily/2026-04-03.parquet,False,2026-04-03,2026-04-03T17:05:00Z,WSH,LAD,H,Gus Varland,False,RELIEF_OR_BULK,20,5,2,0,0,2,1,1,0,https://statsapi.mlb.com/api/v1.1/game/822758/feed/live,both,True,P,Pitcher,BULLPEN_PITCHER,True,QA_VALIDATED_CANONICAL_V3,,,
683618,25.0,8.0,74.0,80.0,268.0,292.0,Bot,822758,https://raw.githubusercontent.com/lancebroz/mlb-pitcher-data/main/data/raw/2026/daily/2026-04-03.parquet,False,2026-04-03,2026-04-03T17:05:00Z,LAD,WSH,A,Edgardo Henriquez,False,RELIEF_OR_BULK,25,7,3,2,2,3,1,1,0,https://statsapi.mlb.com/api/v1.1/game/822758/feed/live,both,True,P,Pitcher,BULLPEN_PITCHER,True,QA_VALIDATED_CANONICAL_V3,,,
686218,98.0,1.0,3.0,61.0,11.0,228.0,Bot,822758,https://raw.githubusercontent.com/lancebroz/mlb-pitcher-data/main/data/raw/2026/daily/2026-04-03.parquet,False,2026-04-03,2026-04-03T17:05:00Z,LAD,WSH,A,Emmet Sheehan,True,STARTER,98,27,17,4,4,7,3,2,1,https://statsapi.mlb.com/api/v1.1/game/822758/feed/live,both,True,P,Pitcher,STARTER/OPENER/BULK,True,QA_VALIDATED_CANONICAL_V3,,,
686610,36.0,6.0,54.0,66.0,189.0,245.0,Top,822758,https://raw.githubusercontent.com/lancebroz/mlb-pitcher-data/main/data/raw/2026/daily/2026-04-03.parquet,False,2026-04-03,2026-04-03T17:05:00Z,WSH,LAD,H,Ken Waldichuk,False,RELIEF_OR_BULK,36,9,6,1,1,1,1,3,1,https://statsapi.mlb.com/api/v1.1/game/822758/feed/live,both,True,P,Pitcher,BULLPEN_PITCHER,True,QA_VALIDATED_CANONICAL_V3,,,
701552,27.0,8.0,71.0,86.0,257.0,308.0,Top,822758,https://raw.githubusercontent.com/lancebroz/mlb-pitcher-data/main/data/raw/2026/daily/2026-04-03.parquet,False,2026-04-03,2026-04-03T17:05:00Z,WSH,LAD,H,Andre Granillo,False,RELIEF_OR_BULK,27,9,6,1,1,2,2,0,0,https://statsapi.mlb.com/api/v1.1/game/822758/feed/live,both,True,P,Pitcher,BULLPEN_PITCHER,True,QA_VALIDATED_CANONICAL_V3,,,
571578,85.0,1.0,0.0,31.0,1.0,129.0,Top,822829,https://raw.githubusercontent.com/lancebroz/mlb-pitcher-data/main/data/raw/2026/daily/2026-04-10.parquet,False,2026-04-10,2026-04-10T23:07:00Z,TOR,MIN,H,Patrick Corbin,True,STARTER,85,21,12,4,4,6,1,3,2,https://statsapi.mlb.com/api/v1.1/game/822829/feed/live,both,True,P,Pitcher,STARTER/OPENER/BULK,True,QA_VALIDATED_CANONICAL_V3,,,
573009,15.0,5.0,44.0,50.0,164.0,194.0,Top,822829,https://raw.githubusercontent.com/lancebroz/mlb-pitcher-data/main/data/raw/2026/daily/2026-04-10.parquet,False,2026-04-10,2026-04-10T23:07:00Z,TOR,MIN,H,Joe Mantiply,False,RELIEF_OR_BULK,15,3,3,0,0,0,0,3,0,https://statsapi.mlb.com/api/v1.1/game/822829/feed/live,both,True,P,Pitcher,BULLPEN_PITCHER,True,QA_VALIDATED_CANONICAL_V3,,,
573124,30.0,6.0,57.0,66.0,220.0,267.0,Bot,822829,https://raw.githubusercontent.com/lancebroz/mlb-pitcher-data/main/data/raw/2026/daily/2026-04-10.parquet,False,2026-04-10,2026-04-10T23:07:00Z,MIN,TOR,A,Taylor Rogers,False,RELIEF_OR_BULK,30,7,4,1,1,3,0,1,0,https://statsapi.mlb.com/api/v1.1/game/822829/feed/live,both,True,P,Pitcher,BULLPEN_PITCHER,True,QA_VALIDATED_CANONICAL_V3,,,
607455,36.0,5.0,45.0,56.0,169.0,219.0,Bot,822829,https://raw.githubusercontent.com/lancebroz/mlb-pitcher-data/main/data/raw/2026/daily/2026-04-10.parquet,False,2026-04-10,2026-04-10T23:07:00Z,MIN,TOR,A,Anthony Banda,False,RELIEF_OR_BULK,36,9,5,3,3,3,1,1,1,https://statsapi.mlb.com/api/v1.1/game/822829/feed/live,both,True,P,Pitcher,BULLPEN_PITCHER,True,QA_VALIDATED_CANONICAL_V3,,,
623437,12.0,8.0,71.0,75.0,287.0,298.0,Bot,822829,https://raw.githubusercontent.com/lancebroz/mlb-pitcher-data/main/data/raw/2026/daily/2026-04-10.parquet,False,2026-04-10,2026-04-10T23:07:00Z,MIN,TOR,A,Justin Topa,False,RELIEF_OR_BULK,12,5,3,1,1,2,0,0,0,https://statsapi.mlb.com/api/v1.1/game/822829/feed/live,both,True,P,Pitcher,BULLPEN_PITCHER,True,QA_VALIDATED_CANONICAL_V3,,,
667297,10.0,5.0,41.0,43.0,154.0,163.0,Top,822829,https://raw.githubusercontent.com/lancebroz/mlb-pitcher-data/main/data/raw/2026/daily/2026-04-10.parquet,False,2026-04-10,2026-04-10T23:07:00Z,TOR,MIN,H,Tommy Nance,False,RELIEF_OR_BULK,10,3,2,0,0,1,0,1,0,https://statsapi.mlb.com/api/v1.1/game/822829/feed/live,both,True,P,Pitcher,BULLPEN_PITCHER,True,QA_VALIDATED_CANONICAL_V3,,,
680573,68.0,1.0,7.0,40.0,34.0,153.0,Bot,822829,https://raw.githubusercontent.com/lancebroz/mlb-pitcher-data/main/data/raw/2026/daily/2026-04-10.parquet,False,2026-04-10,2026-04-10T23:07:00Z,MIN,TOR,A,Simeon Woods Richardson,True,STARTER,68,19,12,5,5,6,1,2,1,https://statsapi.mlb.com/api/v1.1/game/822829/feed/live,both,True,P,Pitcher,STARTER/OPENER/BULK,True,QA_VALIDATED_CANONICAL_V3,,,
680755,32.0,8.0,67.0,78.0,268.0,311.0,Top,822829,https://raw.githubusercontent.com/lancebroz/mlb-pitcher-data/main/data/raw/2026/daily/2026-04-10.parquet,False,2026-04-10,2026-04-10T23:07:00Z,TOR,MIN,H,Braydon Fisher,False,RELIEF_OR_BULK,32,7,6,0,0,0,0,4,0,https://statsapi.mlb.com/api/v1.1/game/822829/feed/live,both,True,P,Pitcher,BULLPEN_PITCHER,True,QA_VALIDATED_CANONICAL_V3,,,
686973,23.0,6.0,51.0,60.0,195.0,242.0,Top,822829,https://raw.githubusercontent.com/lancebroz/mlb-pitcher-data/main/data/raw/2026/daily/2026-04-10.parquet,False,2026-04-10,2026-04-10T23:07:00Z,TOR,MIN,H,Louis Varland,False,RELIEF_OR_BULK,23,4,4,0,0,0,1,1,0,https://statsapi.mlb.com/api/v1.1/game/822829/feed/live,both,True,P,Pitcher,BULLPEN_PITCHER,True,QA_VALIDATED_CANONICAL_V3,,,
641778,95.0,1.0,0.0,43.0,1.0,165.0,Top,822830,https://raw.githubusercontent.com/lancebroz/mlb-pitcher-data/main/data/raw/2026/daily/2026-04-11.parquet,False,2026-04-11,2026-04-11T19:07:00Z,TOR,MIN,H,Eric Lauer,True,STARTER,95,25,16,7,7,5,5,3,2,https://statsapi.mlb.com/api/v1.1/game/822830/feed/live,both,True,P,Pitcher,STARTER/OPENER/BULK,True,QA_VALIDATED_CANONICAL_V3,,,
657746,91.0,1.0,3.0,55.0,11.0,205.0,Bot,822830,https://raw.githubusercontent.com/lancebroz/mlb-pitcher-data/main/data/raw/2026/daily/2026-04-11.parquet,False,2026-04-11,2026-04-11T19:07:00Z,MIN,TOR,A,Joe Ryan,True,STARTER,91,24,21,2,2,2,1,5,1,https://statsapi.mlb.com/api/v1.1/game/822830/feed/live,both,True,P,Pitcher,STARTER/OPENER/BULK,True,QA_VALIDATED_CANONICAL_V3,,,
663485,22.0,9.0,67.0,71.0,247.0,268.0,Bot,822830,https://raw.githubusercontent.com/lancebroz/mlb-pitcher-data/main/data/raw/2026/daily/2026-04-11.parquet,False,2026-04-11,2026-04-11T19:07:00Z,MIN,TOR,A,Cole Sands,False,RELIEF_OR_BULK,22,5,3,2,2,2,0,0,1,https://statsapi.mlb.com/api/v1.1/game/822830/feed/live,both,True,P,Pitcher,BULLPEN_PITCHER,True,QA_VALIDATED_CANONICAL_V3,,,
681892,17.0,8.0,59.0,63.0,216.0,232.0,Bot,822830,https://raw.githubusercontent.com/lancebroz/mlb-pitcher-data/main/data/raw/2026/daily/2026-04-11.parquet,False,2026-04-11,2026-04-11T19:07:00Z,MIN,TOR,A,Kody Funderburk,False,RELIEF_OR_BULK,17,5,3,0,0,1,1,0,0,https://statsapi.mlb.com/api/v1.1/game/822830/feed/live,both,True,P,Pitcher,BULLPEN_PITCHER,True,QA_VALIDATED_CANONICAL_V3,,,
693686,43.0,6.0,44.0,66.0,166.0,246.0,Top,822830,https://raw.githubusercontent.com/lancebroz/mlb-pitcher-data/main/data/raw/2026/daily/2026-04-11.parquet,False,2026-04-11,2026-04-11T19:07:00Z,TOR,MIN,H,Spencer Miles,False,RELIEF_OR_BULK,43,12,11,0,0,1,1,2,0,https://statsapi.mlb.com/api/v1.1/game/822830/feed/live,both,True,P,Pitcher,BULLPEN_PITCHER,True,QA_VALIDATED_CANONICAL_V3,,,
592332,84.0,1.0,0.0,39.0,1.0,146.0,Top,822831,https://raw.githubusercontent.com/lancebroz/mlb-pitcher-data/main/data/raw/2026/daily/2026-04-07.parquet,False,2026-04-07,2026-04-07T23:07:00Z,TOR,LAD,H,Kevin Gausman,True,STARTER,84,24,16,3,2,5,2,5,0,https://statsapi.mlb.com/api/v1.1/game/822831/feed/live,both,True,P,Pitcher,STARTER/OPENER/BULK,True,QA_VALIDATED_CANONICAL_V3,,,
595014,10.0,8.0,61.0,63.0,240.0,249.0,Bot,822831,https://raw.githubusercontent.com/lancebroz/mlb-pitcher-data/main/data/raw/2026/daily/2026-04-07.parquet,False,2026-04-07,2026-04-07T23:07:00Z,LAD,TOR,A,Blake Treinen,False,RELIEF_OR_BULK,10,3,3,0,0,0,0,0,0,https://statsapi.mlb.com/api/v1.1/game/822831/feed/live,both,True,P,Pitcher,BULLPEN_PITCHER,True,QA_VALIDATED_CANONICAL_V3,,,
621242,23.0,9.0,70.0,74.0,264.0,286.0,Bot,822831,https://raw.githubusercontent.com/lancebroz/mlb-pitcher-data/main/data/raw/2026/daily/2026-04-07.parquet,False,2026-04-07,2026-04-07T23:07:00Z,LAD,TOR,A,Edwin Díaz,False,RELIEF_OR_BULK,23,5,3,0,0,1,1,3,0,https://statsapi.mlb.com/api/v1.1/game/822831/feed/live,both,True,P,Pitcher,BULLPEN_PITCHER,True,QA_VALIDATED_CANONICAL_V3,,,
656546,14.0,9.0,64.0,69.0,250.0,263.0,Top,822831,https://raw.githubusercontent.com/lancebroz/mlb-pitcher-data/main/data/raw/2026/daily/2026-04-07.parquet,False,2026-04-07,2026-04-07T23:07:00Z,TOR,LAD,H,Jeff Hoffman,False,RELIEF_OR_BULK,14,6,3,1,1,2,1,2,0,https://statsapi.mlb.com/api/v1.1/game/822831/feed/live,both,True,P,Pitcher,BULLPEN_PITCHER,True,QA_VALIDATED_CANONICAL_V3,,,
681911,15.0,7.0,54.0,57.0,211.0,225.0,Bot,822831,https://raw.githubusercontent.com/lancebroz/mlb-pitcher-data/main/data/raw/2026/daily/2026-04-07.parquet,False,2026-04-07,2026-04-07T23:07:00Z,LAD,TOR,A,Alex Vesia,False,RELIEF_OR_BULK,15,4,3,0,0,0,1,1,0,https://statsapi.mlb.com/api/v1.1/game/822831/feed/live,both,True,P,Pitcher,BULLPEN_PITCHER,True,QA_VALIDATED_CANONICAL_V3,,,
686973,23.0,7.0,51.0,60.0,193.0,239.0,Top,822831,https://raw.githubusercontent.com/lancebroz/mlb-pitcher-data/main/data/raw/2026/daily/2026-04-07.parquet,False,2026-04-07,2026-04-07T23:07:00Z,TOR,LAD,H,Louis Varland,False,RELIEF_OR_BULK,23,4,4,0,0,0,0,2,0,https://statsapi.mlb.com/api/v1.1/game/822831/feed/live,both,True,P,Pitcher,BULLPEN_PITCHER,True,QA_VALIDATED_CANONICAL_V3,,,
689254,20.0,6.0,40.0,50.0,147.0,192.0,Top,822831,https://raw.githubusercontent.com/lancebroz/mlb-pitcher-data/main/data/raw/2026/daily/2026-04-07.parquet,False,2026-04-07,2026-04-07T23:07:00Z,TOR,LAD,H,Mason Fluharty,False,RELIEF_OR_BULK,20,5,4,0,0,1,0,2,0,https://statsapi.mlb.com/api/v1.1/game/822831/feed/live,both,True,P,Pitcher,BULLPEN_PITCHER,True,QA_VALIDATED_CANONICAL_V3,,,
808967,97.0,1.0,4.0,53.0,13.0,210.0,Bot,822831,https://raw.githubusercontent.com/lancebroz/mlb-pitcher-data/main/data/raw/2026/daily/2026-04-07.parquet,False,2026-04-07,2026-04-07T23:07:00Z,LAD,TOR,A,Yoshinobu Yamamoto,True,STARTER,97,24,18,1,1,5,1,6,0,https://statsapi.mlb.com/api/v1.1/game/822831/feed/live,both,True,P,Pitcher,STARTER/OPENER/BULK,True,QA_VALIDATED_CANONICAL_V3,,,
453286,36.0,1.0,0.0,15.0,1.0,65.0,Top,822832,https://raw.githubusercontent.com/lancebroz/mlb-pitcher-data/main/data/raw/2026/daily/2026-04-06.parquet,False,2026-04-06,2026-04-06T23:07:00Z,TOR,LAD,H,Max Scherzer,True,STARTER,36,9,6,2,2,2,1,2,1,https://statsapi.mlb.com/api/v1.1/game/822832/feed/live,both,True,P,Pitcher,STARTER/OPENER/BULK,True,QA_VALIDATED_CANONICAL_V3,,,
500743,18.0,9.0,82.0,87.0,318.0,335.0,Bot,822832,https://raw.githubusercontent.com/lancebroz/mlb-pitcher-data/main/data/raw/2026/daily/2026-04-06.parquet,False,2026-04-06,2026-04-06T23:07:00Z,LAD,TOR,A,Miguel Rojas,False,RELIEF_OR_BULK,18,6,3,1,1,1,1,0,0,https://statsapi.mlb.com/api/v1.1/game/822832/feed/live,both,True,2B,Second Base,POSITION_PLAYER_PITCHING,True,EXCLUIR_POSITION_PLAYER_PITCHING,,,
573009,25.0,6.0,48.0,52.0,192.0,216.0,Top,822832,https://raw.githubusercontent.com/lancebroz/mlb-pitcher-data/main/data/raw/2026/daily/2026-04-06.parquet,False,2026-04-06,2026-04-06T23:07:00Z,TOR,LAD,H,Joe Mantiply,False,RELIEF_OR_BULK,25,5,2,3,3,1,2,1,1,https://statsapi.mlb.com/api/v1.1/game/822832/feed/live,both,True,P,Pitcher,BULLPEN_PITCHER,True,QA_VALIDATED_CANONICAL_V3,,,
623168,11.0,9.0,79.0,81.0,307.0,317.0,Top,822832,https://raw.githubusercontent.com/lancebroz/mlb-pitcher-data/main/data/raw/2026/daily/2026-04-06.parquet,False,2026-04-06,2026-04-06T23:07:00Z,TOR,LAD,H,Tyler Heineman,False,RELIEF_OR_BULK,11,3,3,0,0,0,0,0,0,https://statsapi.mlb.com/api/v1.1/game/822832/feed/live,both,True,C,Catcher,POSITION_PLAYER_PITCHING,True,EXCLUIR_POSITION_PLAYER_PITCHING,,,
667297,36.0,6.0,53.0,66.0,217.0,265.0,Top,822832,https://raw.githubusercontent.com/lancebroz/mlb-pitcher-data/main/data/raw/2026/daily/2026-04-06.parquet,False,2026-04-06,2026-04-06T23:07:00Z,TOR,LAD,H,Tommy Nance,False,RELIEF_OR_BULK,36,10,4,4,4,6,0,3,1,https://statsapi.mlb.com/api/v1.1/game/822832/feed/live,both,True,P,Pitcher,BULLPEN_PITCHER,True,QA_VALIDATED_CANONICAL_V3,,,
676596,77.0,3.0,19.0,43.0,76.0,176.0,Top,822832,https://raw.githubusercontent.com/lancebroz/mlb-pitcher-data/main/data/raw/2026/daily/2026-04-06.parquet,False,2026-04-06,2026-04-06T23:07:00Z,TOR,LAD,H,Josh Fleming,False,RELIEF_OR_BULK,77,18,9,4,4,6,2,1,1,https://statsapi.mlb.com/api/v1.1/game/822832/feed/live,both,True,P,Pitcher,BULLPEN_PITCHER,True,QA_VALIDATED_CANONICAL_V3,,,
680736,78.0,1.0,5.0,47.0,21.0,191.0,Bot,822832,https://raw.githubusercontent.com/lancebroz/mlb-pitcher-data/main/data/raw/2026/daily/2026-04-06.parquet,False,2026-04-06,2026-04-06T23:07:00Z,LAD,TOR,A,Justin Wrobleski,True,STARTER,78,21,15,1,1,2,4,2,0,https://statsapi.mlb.com/api/v1.1/game/822832/feed/live,both,True,P,Pitcher,STARTER/OPENER/BULK,True,QA_VALIDATED_CANONICAL_V3,,,
683618,11.0,8.0,76.0,78.0,296.0,306.0,Bot,822832,https://raw.githubusercontent.com/lancebroz/mlb-pitcher-data/main/data/raw/2026/daily/2026-04-06.parquet,False,2026-04-06,2026-04-06T23:07:00Z,LAD,TOR,A,Edgardo Henriquez,False,RELIEF_OR_BULK,11,3,3,0,0,0,0,2,0,https://statsapi.mlb.com/api/v1.1/game/822832/feed/live,both,True,P,Pitcher,BULLPEN_PITCHER,True,QA_VALIDATED_CANONICAL_V3,,,
693686,16.0,8.0,71.0,75.0,280.0,295.0,Top,822832,https://raw.githubusercontent.com/lancebroz/mlb-pitcher-data/main/data/raw/2026/daily/2026-04-06.parquet,False,2026-04-06,2026-04-06T23:07:00Z,TOR,LAD,H,Spencer Miles,False,RELIEF_OR_BULK,16,5,3,1,1,2,0,1,1,https://statsapi.mlb.com/api/v1.1/game/822832/feed/live,both,True,P,Pitcher,BULLPEN_PITCHER,True,QA_VALIDATED_CANONICAL_V3,,,
694361,27.0,6.0,55.0,70.0,228.0,279.0,Bot,822832,https://raw.githubusercontent.com/lancebroz/mlb-pitcher-data/main/data/raw/2026/daily/2026-04-06.parquet,False,2026-04-06,2026-04-06T23:07:00Z,LAD,TOR,A,Will Klein,False,RELIEF_OR_BULK,27,8,6,0,0,2,0,2,0,https://statsapi.mlb.com/api/v1.1/game/822832/feed/live,both,True,P,Pitcher,BULLPEN_PITCHER,True,QA_VALIDATED_CANONICAL_V3,,,
595014,9.0,7.0,62.0,64.0,247.0,255.0,Bot,822833,https://raw.githubusercontent.com/lancebroz/mlb-pitcher-data/main/data/raw/2026/daily/2026-04-08.parquet,False,2026-04-08,2026-04-08T19:07:00Z,LAD,TOR,A,Blake Treinen,False,RELIEF_OR_BULK,9,3,2,0,0,0,1,1,0,https://statsapi.mlb.com/api/v1.1/game/822833/feed/live,both,True,P,Pitcher,BULLPEN_PITCHER,True,QA_VALIDATED_CANONICAL_V3,,,
643511,20.0,7.0,53.0,67.0,220.0,267.0,Top,822833,https://raw.githubusercontent.com/lancebroz/mlb-pitcher-data/main/data/raw/2026/daily/2026-04-08.parquet,False,2026-04-08,2026-04-08T19:07:00Z,TOR,LAD,H,Tyler Rogers,False,RELIEF_OR_BULK,20,7,5,0,0,1,1,2,0,https://statsapi.mlb.com/api/v1.1/game/822833/feed/live,both,True,P,Pitcher,BULLPEN_PITCHER,True,QA_VALIDATED_CANONICAL_V3,,,
656302,96.0,1.0,0.0,42.0,1.0,178.0,Top,822833,https://raw.githubusercontent.com/lancebroz/mlb-pitcher-data/main/data/raw/2026/daily/2026-04-08.parquet,False,2026-04-08,2026-04-08T19:07:00Z,TOR,LAD,H,Dylan Cease,True,STARTER,96,23,15,2,1,4,4,8,0,https://statsapi.mlb.com/api/v1.1/game/822833/feed/live,both,True,P,Pitcher,STARTER/OPENER/BULK,True,QA_VALIDATED_CANONICAL_V3,,,
656546,21.0,9.0,73.0,77.0,284.0,304.0,Top,822833,https://raw.githubusercontent.com/lancebroz/mlb-pitcher-data/main/data/raw/2026/daily/2026-04-08.parquet,False,2026-04-08,2026-04-08T19:07:00Z,TOR,LAD,H,Jeff Hoffman,False,RELIEF_OR_BULK,21,5,3,0,0,1,1,2,0,https://statsapi.mlb.com/api/v1.1/game/822833/feed/live,both,True,P,Pitcher,BULLPEN_PITCHER,True,QA_VALIDATED_CANONICAL_V3,,,
660271,96.0,1.0,4.0,49.0,24.0,205.0,Bot,822833,https://raw.githubusercontent.com/lancebroz/mlb-pitcher-data/main/data/raw/2026/daily/2026-04-08.parquet,False,2026-04-08,2026-04-08T19:07:00Z,LAD,TOR,A,Shohei Ohtani,True,STARTER,96,24,18,1,0,4,1,2,0,https://statsapi.mlb.com/api/v1.1/game/822833/feed/live,both,True,TWP,Two-Way Player,STARTER/OPENER/BULK,True,QA_VALIDATED_CANONICAL_V3,,,
676263,19.0,7.0,57.0,61.0,228.0,246.0,Bot,822833,https://raw.githubusercontent.com/lancebroz/mlb-pitcher-data/main/data/raw/2026/daily/2026-04-08.parquet,False,2026-04-08,2026-04-08T19:07:00Z,LAD,TOR,A,Jack Dreyer,False,RELIEF_OR_BULK,19,5,1,2,2,3,1,0,0,https://statsapi.mlb.com/api/v1.1/game/822833/feed/live,both,True,P,Pitcher,BULLPEN_PITCHER,True,QA_VALIDATED_CANONICAL_V3,,,
676508,16.0,8.0,68.0,72.0,268.0,283.0,Bot,822833,https://raw.githubusercontent.com/lancebroz/mlb-pitcher-data/main/data/raw/2026/daily/2026-04-08.parquet,False,2026-04-08,2026-04-08T19:07:00Z,LAD,TOR,A,Ben Casparius,False,RELIEF_OR_BULK,16,5,3,1,1,1,1,0,0,https://statsapi.mlb.com/api/v1.1/game/822833/feed/live,both,True,P,Pitcher,BULLPEN_PITCHER,True,QA_VALIDATED_CANONICAL_V3,,,
686973,13.0,6.0,43.0,45.0,179.0,191.0,Top,822833,https://raw.githubusercontent.com/lancebroz/mlb-pitcher-data/main/data/raw/2026/daily/2026-04-08.parquet,False,2026-04-08,2026-04-08T19:07:00Z,TOR,LAD,H,Louis Varland,False,RELIEF_OR_BULK,13,3,3,0,0,0,0,1,0,https://statsapi.mlb.com/api/v1.1/game/822833/feed/live,both,True,P,Pitcher,BULLPEN_PITCHER,True,QA_VALIDATED_CANONICAL_V3,,,
689254,14.0,7.0,50.0,52.0,206.0,219.0,Top,822833,https://raw.githubusercontent.com/lancebroz/mlb-pitcher-data/main/data/raw/2026/daily/2026-04-08.parquet,False,2026-04-08,2026-04-08T19:07:00Z,TOR,LAD,H,Mason Fluharty,False,RELIEF_OR_BULK,14,3,1,1,1,0,2,0,0,https://statsapi.mlb.com/api/v1.1/game/822833/feed/live,both,True,P,Pitcher,BULLPEN_PITCHER,True,QA_VALIDATED_CANONICAL_V3,,,
608372,72.0,1.0,3.0,39.0,16.0,168.0,Bot,822834,https://raw.githubusercontent.com/lancebroz/mlb-pitcher-data/main/data/raw/2026/daily/2026-03-30.parquet,False,2026-03-30,2026-03-30T23:07:00Z,COL,TOR,A,Tomoyuki Sugano,True,STARTER,72,18,14,1,1,2,2,4,1,https://statsapi.mlb.com/api/v1.1/game/822834/feed/live,both,True,P,Pitcher,STARTER/OPENER/BULK,True,QA_VALIDATED_CANONICAL_V3,,,
623168,27.0,8.0,62.0,81.0,256.0,307.0,Top,822834,https://raw.githubusercontent.com/lancebroz/mlb-pitcher-data/main/data/raw/2026/daily/2026-03-30.parquet,False,2026-03-30,2026-03-30T23:07:00Z,TOR,COL,H,Tyler Heineman,False,RELIEF_OR_BULK,27,14,6,5,5,7,1,0,1,https://statsapi.mlb.com/api/v1.1/game/822834/feed/live,both,True,C,Catcher,POSITION_PLAYER_PITCHING,True,EXCLUIR_POSITION_PLAYER_PITCHING,,,
643511,10.0,7.0,56.0,58.0,237.0,246.0,Top,822834,https://raw.githubusercontent.com/lancebroz/mlb-pitcher-data/main/data/raw/2026/daily/2026-03-30.parquet,False,2026-03-30,2026-03-30T23:07:00Z,TOR,COL,H,Tyler Rogers,False,RELIEF_OR_BULK,10,3,3,0,0,0,0,1,0,https://statsapi.mlb.com/api/v1.1/game/822834/feed/live,both,True,P,Pitcher,BULLPEN_PITCHER,True,QA_VALIDATED_CANONICAL_V3,,,
663893,30.0,6.0,45.0,51.0,192.0,221.0,Top,822834,https://raw.githubusercontent.com/lancebroz/mlb-pitcher-data/main/data/raw/2026/daily/2026-03-30.parquet,False,2026-03-30,2026-03-30T23:07:00Z,TOR,COL,H,Brendon Little,False,RELIEF_OR_BULK,30,7,2,4,4,4,1,1,0,https://statsapi.mlb.com/api/v1.1/game/822834/feed/live,both,True,P,Pitcher,BULLPEN_PITCHER,True,QA_VALIDATED_CANONICAL_V3,,,
664074,47.0,1.0,0.0,16.0,1.0,71.0,Top,822834,https://raw.githubusercontent.com/lancebroz/mlb-pitcher-data/main/data/raw/2026/daily/2026-03-30.parquet,False,2026-03-30,2026-03-30T23:07:00Z,TOR,COL,H,Cody Ponce,True,STARTER,47,10,7,1,1,1,1,3,0,https://statsapi.mlb.com/api/v1.1/game/822834/feed/live,both,True,P,Pitcher,STARTER/OPENER/BULK,True,QA_VALIDATED_CANONICAL_V3,,,
677955,1.0,5.0,40.0,40.0,169.0,169.0,Bot,822834,https://raw.githubusercontent.com/lancebroz/mlb-pitcher-data/main/data/raw/2026/daily/2026-03-30.parquet,False,2026-03-30,2026-03-30T23:07:00Z,COL,TOR,A,Jaden Hill,False,RELIEF_OR_BULK,1,1,1,0,0,0,0,0,0,https://statsapi.mlb.com/api/v1.1/game/822834/feed/live,both,True,P,Pitcher,BULLPEN_PITCHER,True,QA_VALIDATED_CANONICAL_V3,,,
686973,30.0,3.0,17.0,27.0,72.0,120.0,Top,822834,https://raw.githubusercontent.com/lancebroz/mlb-pitcher-data/main/data/raw/2026/daily/2026-03-30.parquet,False,2026-03-30,2026-03-30T23:07:00Z,TOR,COL,H,Louis Varland,False,RELIEF_OR_BULK,30,7,4,1,0,2,0,3,0,https://statsapi.mlb.com/api/v1.1/game/822834/feed/live,both,True,P,Pitcher,BULLPEN_PITCHER,True,QA_VALIDATED_CANONICAL_V3,,,
693686,41.0,4.0,28.0,44.0,121.0,191.0,Top,822834,https://raw.githubusercontent.com/lancebroz/mlb-pitcher-data/main/data/raw/2026/daily/2026-03-30.parquet,False,2026-03-30,2026-03-30T23:07:00Z,TOR,COL,H,Spencer Miles,False,RELIEF_OR_BULK,41,8,5,3,3,3,1,2,1,https://statsapi.mlb.com/api/v1.1/game/822834/feed/live,both,True,P,Pitcher,BULLPEN_PITCHER,True,QA_VALIDATED_CANONICAL_V3,,,
801403,74.0,6.0,52.0,87.0,222.0,332.0,Bot,822834,https://raw.githubusercontent.com/lancebroz/mlb-pitcher-data/main/data/raw/2026/daily/2026-03-30.parquet,False,2026-03-30,2026-03-30T23:07:00Z,COL,TOR,A,Chase Dollander,False,RELIEF_OR_BULK,74,19,12,4,4,5,2,5,3,https://statsapi.mlb.com/api/v1.1/game/822834/feed/live,both,True,P,Pitcher,BULLPEN_PITCHER,True,QA_VALIDATED_CANONICAL_V3,,,
592332,89.0,1.0,0.0,42.0,1.0,177.0,Top,822835,https://raw.githubusercontent.com/lancebroz/mlb-pitcher-data/main/data/raw/2026/daily/2026-04-01.parquet,False,2026-04-01,2026-04-01T17:07:00Z,TOR,COL,H,Kevin Gausman,True,STARTER,89,21,18,0,0,2,0,10,0,https://statsapi.mlb.com/api/v1.1/game/822835/feed/live,both,True,P,Pitcher,STARTER/OPENER/BULK,True,QA_VALIDATED_CANONICAL_V3,,,
607536,88.0,1.0,3.0,38.0,11.0,162.0,Bot,822835,https://raw.githubusercontent.com/lancebroz/mlb-pitcher-data/main/data/raw/2026/daily/2026-04-01.parquet,False,2026-04-01,2026-04-01T17:07:00Z,COL,TOR,A,Kyle Freeland,True,STARTER,88,22,15,1,1,5,1,6,0,https://statsapi.mlb.com/api/v1.1/game/822835/feed/live,both,True,P,Pitcher,STARTER/OPENER/BULK,True,QA_VALIDATED_CANONICAL_V3,,,
622608,26.0,6.0,43.0,54.0,178.0,221.0,Bot,822835,https://raw.githubusercontent.com/lancebroz/mlb-pitcher-data/main/data/raw/2026/daily/2026-04-01.parquet,False,2026-04-01,2026-04-01T17:07:00Z,COL,TOR,A,Antonio Senzatela,False,RELIEF_OR_BULK,26,7,6,0,0,1,0,3,0,https://statsapi.mlb.com/api/v1.1/game/822835/feed/live,both,True,P,Pitcher,BULLPEN_PITCHER,True,QA_VALIDATED_CANONICAL_V3,,,
623474,16.0,10.0,76.0,78.0,301.0,316.0,Bot,822835,https://raw.githubusercontent.com/lancebroz/mlb-pitcher-data/main/data/raw/2026/daily/2026-04-01.parquet,False,2026-04-01,2026-04-01T17:07:00Z,COL,TOR,A,Jimmy Herget,False,RELIEF_OR_BULK,16,3,3,0,0,0,0,0,0,https://statsapi.mlb.com/api/v1.1/game/822835/feed/live,both,True,P,Pitcher,BULLPEN_PITCHER,True,QA_VALIDATED_CANONICAL_V3,,,
643511,18.0,7.0,47.0,51.0,195.0,212.0,Top,822835,https://raw.githubusercontent.com/lancebroz/mlb-pitcher-data/main/data/raw/2026/daily/2026-04-01.parquet,False,2026-04-01,2026-04-01T17:07:00Z,TOR,COL,H,Tyler Rogers,False,RELIEF_OR_BULK,18,5,3,0,0,2,0,0,0,https://statsapi.mlb.com/api/v1.1/game/822835/feed/live,both,True,P,Pitcher,BULLPEN_PITCHER,True,QA_VALIDATED_CANONICAL_V3,,,
656546,16.0,9.0,65.0,67.0,264.0,279.0,Top,822835,https://raw.githubusercontent.com/lancebroz/mlb-pitcher-data/main/data/raw/2026/daily/2026-04-01.parquet,False,2026-04-01,2026-04-01T17:07:00Z,TOR,COL,H,Jeff Hoffman,False,RELIEF_OR_BULK,16,3,3,0,0,0,0,3,0,https://statsapi.mlb.com/api/v1.1/game/822835/feed/live,both,True,P,Pitcher,BULLPEN_PITCHER,True,QA_VALIDATED_CANONICAL_V3,,,
657514,11.0,9.0,68.0,70.0,280.0,290.0,Bot,822835,https://raw.githubusercontent.com/lancebroz/mlb-pitcher-data/main/data/raw/2026/daily/2026-04-01.parquet,False,2026-04-01,2026-04-01T17:07:00Z,COL,TOR,A,Brennan Bernardino,False,RELIEF_OR_BULK,11,3,3,0,0,0,0,0,0,https://statsapi.mlb.com/api/v1.1/game/822835/feed/live,both,True,P,Pitcher,BULLPEN_PITCHER,True,QA_VALIDATED_CANONICAL_V3,,,
663893,10.0,10.0,71.0,75.0,291.0,300.0,Top,822835,https://raw.githubusercontent.com/lancebroz/mlb-pitcher-data/main/data/raw/2026/daily/2026-04-01.parquet,False,2026-04-01,2026-04-01T17:07:00Z,TOR,COL,H,Brendon Little,False,RELIEF_OR_BULK,10,5,3,1,0,1,1,1,0,https://statsapi.mlb.com/api/v1.1/game/822835/feed/live,both,True,P,Pitcher,BULLPEN_PITCHER,True,QA_VALIDATED_CANONICAL_V3,,,
667297,16.0,8.0,55.0,58.0,222.0,237.0,Top,822835,https://raw.githubusercontent.com/lancebroz/mlb-pitcher-data/main/data/raw/2026/daily/2026-04-01.parquet,False,2026-04-01,2026-04-01T17:07:00Z,TOR,COL,H,Tommy Nance,False,RELIEF_OR_BULK,16,4,1,1,1,1,2,1,0,https://statsapi.mlb.com/api/v1.1/game/822835/feed/live,both,True,P,Pitcher,BULLPEN_PITCHER,True,QA_VALIDATED_CANONICAL_V3,,,
680767,17.0,8.0,61.0,64.0,247.0,263.0,Bot,822835,https://raw.githubusercontent.com/lancebroz/mlb-pitcher-data/main/data/raw/2026/daily/2026-04-01.parquet,False,2026-04-01,2026-04-01T17:07:00Z,COL,TOR,A,Victor Vodnik,False,RELIEF_OR_BULK,17,4,3,0,0,1,0,0,0,https://statsapi.mlb.com/api/v1.1/game/822835/feed/live,both,True,P,Pitcher,BULLPEN_PITCHER,True,QA_VALIDATED_CANONICAL_V3,,,
689254,9.0,8.0,59.0,60.0,238.0,246.0,Top,822835,https://raw.githubusercontent.com/lancebroz/mlb-pitcher-data/main/data/raw/2026/daily/2026-04-01.parquet,False,2026-04-01,2026-04-01T17:07:00Z,TOR,COL,H,Mason Fluharty,False,RELIEF_OR_BULK,9,2,2,0,0,0,0,2,0,https://statsapi.mlb.com/api/v1.1/game/822835/feed/live,both,True,P,Pitcher,BULLPEN_PITCHER,True,QA_VALIDATED_CANONICAL_V3,,,
453286,83.0,1.0,0.0,44.0,1.0,184.0,Top,822836,https://raw.githubusercontent.com/lancebroz/mlb-pitcher-data/main/data/raw/2026/daily/2026-03-31.parquet,False,2026-03-31,2026-03-31T23:07:00Z,TOR,COL,H,Max Scherzer,True,STARTER,83,22,18,1,1,4,1,4,1,https://statsapi.mlb.com/api/v1.1/game/822836/feed/live,both,True,P,Pitcher,STARTER/OPENER/BULK,True,QA_VALIDATED_CANONICAL_V3,,,
656546,15.0,9.0,70.0,73.0,283.0,297.0,Top,822836,https://raw.githubusercontent.com/lancebroz/mlb-pitcher-data/main/data/raw/2026/daily/2026-03-31.parquet,False,2026-03-31,2026-03-31T23:07:00Z,TOR,COL,H,Jeff Hoffman,False,RELIEF_OR_BULK,15,4,3,0,0,1,0,1,0,https://statsapi.mlb.com/api/v1.1/game/822836/feed/live,both,True,P,Pitcher,BULLPEN_PITCHER,True,QA_VALIDATED_CANONICAL_V3,,,
657514,15.0,6.0,45.0,48.0,185.0,199.0,Bot,822836,https://raw.githubusercontent.com/lancebroz/mlb-pitcher-data/main/data/raw/2026/daily/2026-03-31.parquet,False,2026-03-31,2026-03-31T23:07:00Z,COL,TOR,A,Brennan Bernardino,False,RELIEF_OR_BULK,15,4,3,0,0,1,0,1,0,https://statsapi.mlb.com/api/v1.1/game/822836/feed/live,both,True,P,Pitcher,BULLPEN_PITCHER,True,QA_VALIDATED_CANONICAL_V3,,,
663372,47.0,1.0,3.0,21.0,14.0,89.0,Bot,822836,https://raw.githubusercontent.com/lancebroz/mlb-pitcher-data/main/data/raw/2026/daily/2026-03-31.parquet,False,2026-03-31,2026-03-31T23:07:00Z,COL,TOR,A,Ryan Feltner,True,STARTER,47,11,9,0,0,1,1,4,0,https://statsapi.mlb.com/api/v1.1/game/822836/feed/live,both,True,P,Pitcher,STARTER/OPENER/BULK,True,QA_VALIDATED_CANONICAL_V3,,,
675848,38.0,4.0,26.0,36.0,103.0,154.0,Bot,822836,https://raw.githubusercontent.com/lancebroz/mlb-pitcher-data/main/data/raw/2026/daily/2026-03-31.parquet,False,2026-03-31,2026-03-31T23:07:00Z,COL,TOR,A,Juan Mejia,False,RELIEF_OR_BULK,38,8,4,2,2,4,1,0,0,https://statsapi.mlb.com/api/v1.1/game/822836/feed/live,both,True,P,Pitcher,BULLPEN_PITCHER,True,QA_VALIDATED_CANONICAL_V3,,,
677955,16.0,5.0,37.0,40.0,155.0,170.0,Bot,822836,https://raw.githubusercontent.com/lancebroz/mlb-pitcher-data/main/data/raw/2026/daily/2026-03-31.parquet,False,2026-03-31,2026-03-31T23:07:00Z,COL,TOR,A,Jaden Hill,False,RELIEF_OR_BULK,16,4,2,0,0,1,1,2,0,https://statsapi.mlb.com/api/v1.1/game/822836/feed/live,both,True,P,Pitcher,BULLPEN_PITCHER,True,QA_VALIDATED_CANONICAL_V3,,,
680755,23.0,7.0,52.0,63.0,215.0,268.0,Top,822836,https://raw.githubusercontent.com/lancebroz/mlb-pitcher-data/main/data/raw/2026/daily/2026-03-31.parquet,False,2026-03-31,2026-03-31T23:07:00Z,TOR,COL,H,Braydon Fisher,False,RELIEF_OR_BULK,23,4,4,0,0,1,0,0,0,https://statsapi.mlb.com/api/v1.1/game/822836/feed/live,both,True,P,Pitcher,BULLPEN_PITCHER,True,QA_VALIDATED_CANONICAL_V3,,,
688642,45.0,7.0,53.0,69.0,216.0,282.0,Bot,822836,https://raw.githubusercontent.com/lancebroz/mlb-pitcher-data/main/data/raw/2026/daily/2026-03-31.parquet,False,2026-03-31,2026-03-31T23:07:00Z,COL,TOR,A,Zach Agnos,False,RELIEF_OR_BULK,45,13,6,3,3,7,1,3,0,https://statsapi.mlb.com/api/v1.1/game/822836/feed/live,both,True,P,Pitcher,BULLPEN_PITCHER,True,QA_VALIDATED_CANONICAL_V3,,,
689254,15.0,7.0,49.0,51.0,200.0,214.0,Top,822836,https://raw.githubusercontent.com/lancebroz/mlb-pitcher-data/main/data/raw/2026/daily/2026-03-31.parquet,False,2026-03-31,2026-03-31T23:07:00Z,TOR,COL,H,Mason Fluharty,False,RELIEF_OR_BULK,15,3,2,0,0,1,0,1,0,https://statsapi.mlb.com/api/v1.1/game/822836/feed/live,both,True,P,Pitcher,BULLPEN_PITCHER,True,QA_VALIDATED_CANONICAL_V3,,,
641778,87.0,1.0,0.0,42.0,1.0,172.0,Top,822837,https://raw.githubusercontent.com/lancebroz/mlb-pitcher-data/main/data/raw/2026/daily/2026-03-29.parquet,False,2026-03-29,2026-03-29T17:37:00Z,TOR,ATH,H,Eric Lauer,True,STARTER,87,20,16,2,2,3,1,9,1,https://statsapi.mlb.com/api/v1.1/game/822837/feed/live,both,True,P,Pitcher,STARTER/OPENER/BULK,True,QA_VALIDATED_CANONICAL_V3,,,
656546,10.0,9.0,61.0,64.0,240.0,249.0,Top,822837,https://raw.githubusercontent.com/lancebroz/mlb-pitcher-data/main/data/raw/2026/daily/2026-03-29.parquet,False,2026-03-29,2026-03-29T17:37:00Z,TOR,ATH,H,Jeff Hoffman,False,RELIEF_OR_BULK,10,4,3,0,0,1,0,2,0,https://statsapi.mlb.com/api/v1.1/game/822837/feed/live,both,True,P,Pitcher,BULLPEN_PITCHER,True,QA_VALIDATED_CANONICAL_V3,,,
667297,9.0,8.0,54.0,56.0,216.0,224.0,Top,822837,https://raw.githubusercontent.com/lancebroz/mlb-pitcher-data/main/data/raw/2026/daily/2026-03-29.parquet,False,2026-03-29,2026-03-29T17:37:00Z,TOR,ATH,H,Tommy Nance,False,RELIEF_OR_BULK,9,3,2,0,0,1,0,1,0,https://statsapi.mlb.com/api/v1.1/game/822837/feed/live,both,True,P,Pitcher,BULLPEN_PITCHER,True,QA_VALIDATED_CANONICAL_V3,,,
669372,45.0,5.0,38.0,60.0,151.0,239.0,Bot,822837,https://raw.githubusercontent.com/lancebroz/mlb-pitcher-data/main/data/raw/2026/daily/2026-03-29.parquet,False,2026-03-29,2026-03-29T17:37:00Z,ATH,TOR,A,J.T. Ginn,False,RELIEF_OR_BULK,45,12,11,0,0,1,1,2,0,https://statsapi.mlb.com/api/v1.1/game/822837/feed/live,both,True,P,Pitcher,BULLPEN_PITCHER,True,QA_VALIDATED_CANONICAL_V3,,,
680755,22.0,6.0,43.0,50.0,173.0,203.0,Top,822837,https://raw.githubusercontent.com/lancebroz/mlb-pitcher-data/main/data/raw/2026/daily/2026-03-29.parquet,False,2026-03-29,2026-03-29T17:37:00Z,TOR,ATH,H,Braydon Fisher,False,RELIEF_OR_BULK,22,5,5,0,0,0,0,2,0,https://statsapi.mlb.com/api/v1.1/game/822837/feed/live,both,True,P,Pitcher,BULLPEN_PITCHER,True,QA_VALIDATED_CANONICAL_V3,,,
689254,5.0,8.0,57.0,57.0,225.0,229.0,Top,822837,https://raw.githubusercontent.com/lancebroz/mlb-pitcher-data/main/data/raw/2026/daily/2026-03-29.parquet,False,2026-03-29,2026-03-29T17:37:00Z,TOR,ATH,H,Mason Fluharty,False,RELIEF_OR_BULK,5,1,1,0,0,0,0,1,0,https://statsapi.mlb.com/api/v1.1/game/822837/feed/live,both,True,P,Pitcher,BULLPEN_PITCHER,True,QA_VALIDATED_CANONICAL_V3,,,
806960,71.0,1.0,3.0,37.0,14.0,150.0,Bot,822837,https://raw.githubusercontent.com/lancebroz/mlb-pitcher-data/main/data/raw/2026/daily/2026-03-29.parquet,False,2026-03-29,2026-03-29T17:37:00Z,ATH,TOR,A,Luis Morales,True,STARTER,71,20,13,5,5,5,2,5,3,https://statsapi.mlb.com/api/v1.1/game/822837/feed/live,both,True,P,Pitcher,STARTER/OPENER/BULK,True,QA_VALIDATED_CANONICAL_V3,,,
547184,15.0,8.0,72.0,80.0,283.0,304.0,Bot,822838,https://raw.githubusercontent.com/lancebroz/mlb-pitcher-data/main/data/raw/2026/daily/2026-03-28.parquet,False,2026-03-28,2026-03-28T19:07:00Z,ATH,TOR,A,Michael Kelly,False,RELIEF_OR_BULK,15,6,4,1,1,2,0,1,1,https://statsapi.mlb.com/api/v1.1/game/822838/feed/live,both,True,P,Pitcher,BULLPEN_PITCHER,True,QA_VALIDATED_CANONICAL_V3,,,
605130,14.0,10.0,85.0,89.0,319.0,332.0,Bot,822838,https://raw.githubusercontent.com/lancebroz/mlb-pitcher-data/main/data/raw/2026/daily/2026-03-28.parquet,False,2026-03-28,2026-03-28T19:07:00Z,ATH,TOR,A,Scott Barlow,False,RELIEF_OR_BULK,14,5,3,1,0,1,1,1,0,https://statsapi.mlb.com/api/v1.1/game/822838/feed/live,both,True,P,Pitcher,BULLPEN_PITCHER,True,QA_VALIDATED_CANONICAL_V3,,,
605488,83.0,1.0,4.0,44.0,19.0,177.0,Bot,822838,https://raw.githubusercontent.com/lancebroz/mlb-pitcher-data/main/data/raw/2026/daily/2026-03-28.parquet,False,2026-03-28,2026-03-28T19:07:00Z,ATH,TOR,A,Jeffrey Springs,True,STARTER,83,22,16,2,2,5,3,2,0,https://statsapi.mlb.com/api/v1.1/game/822838/feed/live,both,True,P,Pitcher,STARTER/OPENER/BULK,True,QA_VALIDATED_CANONICAL_V3,,,
643410,17.0,6.0,45.0,57.0,178.0,230.0,Bot,822838,https://raw.githubusercontent.com/lancebroz/mlb-pitcher-data/main/data/raw/2026/daily/2026-03-28.parquet,False,2026-03-28,2026-03-28T19:07:00Z,ATH,TOR,A,Mark Leiter Jr.,False,RELIEF_OR_BULK,17,5,2,1,1,2,0,0,0,https://statsapi.mlb.com/api/v1.1/game/822838/feed/live,both,True,P,Pitcher,BULLPEN_PITCHER,True,QA_VALIDATED_CANONICAL_V3,,,
643511,7.0,9.0,73.0,75.0,287.0,293.0,Top,822838,https://raw.githubusercontent.com/lancebroz/mlb-pitcher-data/main/data/raw/2026/daily/2026-03-28.parquet,False,2026-03-28,2026-03-28T19:07:00Z,TOR,ATH,H,Tyler Rogers,False,RELIEF_OR_BULK,7,3,3,0,0,0,0,2,0,https://statsapi.mlb.com/api/v1.1/game/822838/feed/live,both,True,P,Pitcher,BULLPEN_PITCHER,True,QA_VALIDATED_CANONICAL_V3,,,
656302,90.0,1.0,0.0,41.0,1.0,161.0,Top,822838,https://raw.githubusercontent.com/lancebroz/mlb-pitcher-data/main/data/raw/2026/daily/2026-03-28.parquet,False,2026-03-28,2026-03-28T19:07:00Z,TOR,ATH,H,Dylan Cease,True,STARTER,90,22,16,1,1,3,2,12,0,https://statsapi.mlb.com/api/v1.1/game/822838/feed/live,both,True,P,Pitcher,STARTER/OPENER/BULK,True,QA_VALIDATED_CANONICAL_V3,,,
663687,19.0,8.0,67.0,71.0,264.0,282.0,Bot,822838,https://raw.githubusercontent.com/lancebroz/mlb-pitcher-data/main/data/raw/2026/daily/2026-03-28.parquet,False,2026-03-28,2026-03-28T19:07:00Z,ATH,TOR,A,Hogan Harris,False,RELIEF_OR_BULK,19,5,2,0,0,2,1,0,0,https://statsapi.mlb.com/api/v1.1/game/822838/feed/live,both,True,P,Pitcher,BULLPEN_PITCHER,True,QA_VALIDATED_CANONICAL_V3,,,
663893,23.0,7.0,50.0,54.0,196.0,218.0,Top,822838,https://raw.githubusercontent.com/lancebroz/mlb-pitcher-data/main/data/raw/2026/daily/2026-03-28.parquet,False,2026-03-28,2026-03-28T19:07:00Z,TOR,ATH,H,Brendon Little,False,RELIEF_OR_BULK,23,5,2,3,3,2,1,2,1,https://statsapi.mlb.com/api/v1.1/game/822838/feed/live,both,True,P,Pitcher,BULLPEN_PITCHER,True,QA_VALIDATED_CANONICAL_V3,,,
665622,10.0,11.0,94.0,96.0,349.0,358.0,Bot,822838,https://raw.githubusercontent.com/lancebroz/mlb-pitcher-data/main/data/raw/2026/daily/2026-03-28.parquet,False,2026-03-28,2026-03-28T19:07:00Z,ATH,TOR,A,Luis Medina,False,RELIEF_OR_BULK,10,3,1,1,0,1,1,1,0,https://statsapi.mlb.com/api/v1.1/game/822838/feed/live,both,True,P,Pitcher,BULLPEN_PITCHER,True,QA_VALIDATED_CANONICAL_V3,,,
665660,26.0,7.0,58.0,66.0,231.0,263.0,Bot,822838,https://raw.githubusercontent.com/lancebroz/mlb-pitcher-data/main/data/raw/2026/daily/2026-03-28.parquet,False,2026-03-28,2026-03-28T19:07:00Z,ATH,TOR,A,Elvis Alvarado,False,RELIEF_OR_BULK,26,6,3,2,2,1,2,2,0,https://statsapi.mlb.com/api/v1.1/game/822838/feed/live,both,True,P,Pitcher,BULLPEN_PITCHER,True,QA_VALIDATED_CANONICAL_V3,,,
667297,11.0,7.0,55.0,64.0,219.0,254.0,Top,822838,https://raw.githubusercontent.com/lancebroz/mlb-pitcher-data/main/data/raw/2026/daily/2026-03-28.parquet,False,2026-03-28,2026-03-28T19:07:00Z,TOR,ATH,H,Tommy Nance,False,RELIEF_OR_BULK,11,4,4,0,0,0,0,1,0,https://statsapi.mlb.com/api/v1.1/game/822838/feed/live,both,True,P,Pitcher,BULLPEN_PITCHER,True,QA_VALIDATED_CANONICAL_V3,,,
680755,4.0,6.0,42.0,42.0,162.0,165.0,Top,822838,https://raw.githubusercontent.com/lancebroz/mlb-pitcher-data/main/data/raw/2026/daily/2026-03-28.parquet,False,2026-03-28,2026-03-28T19:07:00Z,TOR,ATH,H,Braydon Fisher,False,RELIEF_OR_BULK,4,1,2,0,0,0,0,0,0,https://statsapi.mlb.com/api/v1.1/game/822838/feed/live,both,True,P,Pitcher,BULLPEN_PITCHER,True,QA_VALIDATED_CANONICAL_V3,,,
686973,14.0,10.0,81.0,84.0,305.0,318.0,Top,822838,https://raw.githubusercontent.com/lancebroz/mlb-pitcher-data/main/data/raw/2026/daily/2026-03-28.parquet,False,2026-03-28,2026-03-28T19:07:00Z,TOR,ATH,H,Louis Varland,False,RELIEF_OR_BULK,14,4,3,1,0,1,1,1,0,https://statsapi.mlb.com/api/v1.1/game/822838/feed/live,both,True,P,Pitcher,BULLPEN_PITCHER,True,QA_VALIDATED_CANONICAL_V3,,,
689254,9.0,7.0,48.0,49.0,187.0,195.0,Top,822838,https://raw.githubusercontent.com/lancebroz/mlb-pitcher-data/main/data/raw/2026/daily/2026-03-28.parquet,False,2026-03-28,2026-03-28T19:07:00Z,TOR,ATH,H,Mason Fluharty,False,RELIEF_OR_BULK,9,2,0,2,2,2,0,0,0,https://statsapi.mlb.com/api/v1.1/game/822838/feed/live,both,True,P,Pitcher,BULLPEN_PITCHER,True,QA_VALIDATED_CANONICAL_V3,,,
693686,16.0,11.0,90.0,93.0,333.0,348.0,Top,822838,https://raw.githubusercontent.com/lancebroz/mlb-pitcher-data/main/data/raw/2026/daily/2026-03-28.parquet,False,2026-03-28,2026-03-28T19:07:00Z,TOR,ATH,H,Spencer Miles,False,RELIEF_OR_BULK,16,4,3,0,0,0,1,1,0,https://statsapi.mlb.com/api/v1.1/game/822838/feed/live,both,True,P,Pitcher,BULLPEN_PITCHER,True,QA_VALIDATED_CANONICAL_V3,,,
592332,83.0,1.0,0.0,38.0,1.0,167.0,Top,822839,https://raw.githubusercontent.com/lancebroz/mlb-pitcher-data/main/data/raw/2026/daily/2026-03-27.parquet,False,2026-03-27,2026-03-27T23:07:00Z,TOR,ATH,H,Kevin Gausman,True,STARTER,83,19,18,1,1,1,0,11,1,https://statsapi.mlb.com/api/v1.1/game/822839/feed/live,both,True,P,Pitcher,STARTER/OPENER/BULK,True,QA_VALIDATED_CANONICAL_V3,,,
605130,15.0,6.0,39.0,48.0,168.0,198.0,Bot,822839,https://raw.githubusercontent.com/lancebroz/mlb-pitcher-data/main/data/raw/2026/daily/2026-03-27.parquet,False,2026-03-27,2026-03-27T23:07:00Z,ATH,TOR,A,Scott Barlow,False,RELIEF_OR_BULK,15,6,5,0,0,1,0,0,0,https://statsapi.mlb.com/api/v1.1/game/822839/feed/live,both,True,P,Pitcher,BULLPEN_PITCHER,True,QA_VALIDATED_CANONICAL_V3,,,
622663,84.0,1.0,3.0,35.0,16.0,152.0,Bot,822839,https://raw.githubusercontent.com/lancebroz/mlb-pitcher-data/main/data/raw/2026/daily/2026-03-27.parquet,False,2026-03-27,2026-03-27T23:07:00Z,ATH,TOR,A,Luis Severino,True,STARTER,84,20,15,2,2,3,3,3,0,https://statsapi.mlb.com/api/v1.1/game/822839/feed/live,both,True,P,Pitcher,STARTER/OPENER/BULK,True,QA_VALIDATED_CANONICAL_V3,,,
643511,13.0,8.0,51.0,54.0,204.0,216.0,Top,822839,https://raw.githubusercontent.com/lancebroz/mlb-pitcher-data/main/data/raw/2026/daily/2026-03-27.parquet,False,2026-03-27,2026-03-27T23:07:00Z,TOR,ATH,H,Tyler Rogers,False,RELIEF_OR_BULK,13,4,3,0,0,0,1,0,0,https://statsapi.mlb.com/api/v1.1/game/822839/feed/live,both,True,P,Pitcher,BULLPEN_PITCHER,True,QA_VALIDATED_CANONICAL_V3,,,
656546,22.0,9.0,58.0,62.0,229.0,250.0,Top,822839,https://raw.githubusercontent.com/lancebroz/mlb-pitcher-data/main/data/raw/2026/daily/2026-03-27.parquet,False,2026-03-27,2026-03-27T23:07:00Z,TOR,ATH,H,Jeff Hoffman,False,RELIEF_OR_BULK,22,5,3,1,1,1,0,4,1,https://statsapi.mlb.com/api/v1.1/game/822839/feed/live,both,True,P,Pitcher,BULLPEN_PITCHER,True,QA_VALIDATED_CANONICAL_V3,,,
663687,17.0,7.0,49.0,57.0,199.0,228.0,Bot,822839,https://raw.githubusercontent.com/lancebroz/mlb-pitcher-data/main/data/raw/2026/daily/2026-03-27.parquet,False,2026-03-27,2026-03-27T23:07:00Z,ATH,TOR,A,Hogan Harris,False,RELIEF_OR_BULK,17,5,4,0,0,0,1,0,0,https://statsapi.mlb.com/api/v1.1/game/822839/feed/live,both,True,P,Pitcher,BULLPEN_PITCHER,True,QA_VALIDATED_CANONICAL_V3,,,
686973,16.0,7.0,42.0,45.0,176.0,191.0,Top,822839,https://raw.githubusercontent.com/lancebroz/mlb-pitcher-data/main/data/raw/2026/daily/2026-03-27.parquet,False,2026-03-27,2026-03-27T23:07:00Z,TOR,ATH,H,Louis Varland,False,RELIEF_OR_BULK,16,4,3,0,0,1,1,1,0,https://statsapi.mlb.com/api/v1.1/game/822839/feed/live,both,True,P,Pitcher,BULLPEN_PITCHER,True,QA_VALIDATED_CANONICAL_V3,,,
686993,15.0,9.0,63.0,67.0,251.0,265.0,Bot,822839,https://raw.githubusercontent.com/lancebroz/mlb-pitcher-data/main/data/raw/2026/daily/2026-03-27.parquet,False,2026-03-27,2026-03-27T23:07:00Z,ATH,TOR,A,Justin Sterner,False,RELIEF_OR_BULK,15,5,2,1,1,3,0,0,0,https://statsapi.mlb.com/api/v1.1/game/822839/feed/live,both,True,P,Pitcher,BULLPEN_PITCHER,True,QA_VALIDATED_CANONICAL_V3,,,
455119,8.0,6.0,39.0,41.0,166.0,173.0,Top,822915,https://raw.githubusercontent.com/lancebroz/mlb-pitcher-data/main/data/raw/2026/daily/2026-04-08.parquet,False,2026-04-08,2026-04-08T18:35:00Z,TEX,SEA,H,Chris Martin,False,RELIEF_OR_BULK,8,3,3,0,0,0,0,1,0,https://statsapi.mlb.com/api/v1.1/game/822915/feed/live,both,True,P,Pitcher,BULLPEN_PITCHER,True,QA_VALIDATED_CANONICAL_V3,,,
642100,9.0,8.0,55.0,57.0,223.0,231.0,Bot,822915,https://raw.githubusercontent.com/lancebroz/mlb-pitcher-data/main/data/raw/2026/daily/2026-04-08.parquet,False,2026-04-08,2026-04-08T18:35:00Z,SEA,TEX,A,Gabe Speier,False,RELIEF_OR_BULK,9,3,3,0,0,0,0,2,0,https://statsapi.mlb.com/api/v1.1/game/822915/feed/live,both,True,P,Pitcher,BULLPEN_PITCHER,True,QA_VALIDATED_CANONICAL_V3,,,
660825,8.0,7.0,49.0,51.0,201.0,208.0,Bot,822915,https://raw.githubusercontent.com/lancebroz/mlb-pitcher-data/main/data/raw/2026/daily/2026-04-08.parquet,False,2026-04-08,2026-04-08T18:35:00Z,SEA,TEX,A,Eduard Bazardo,False,RELIEF_OR_BULK,8,3,3,0,0,1,0,0,0,https://statsapi.mlb.com/api/v1.1/game/822915/feed/live,both,True,P,Pitcher,BULLPEN_PITCHER,True,QA_VALIDATED_CANONICAL_V3,,,
668390,16.0,9.0,58.0,61.0,232.0,247.0,Top,822915,https://raw.githubusercontent.com/lancebroz/mlb-pitcher-data/main/data/raw/2026/daily/2026-04-08.parquet,False,2026-04-08,2026-04-08T18:35:00Z,TEX,SEA,H,Cole Winn,False,RELIEF_OR_BULK,16,4,3,0,0,1,0,1,0,https://statsapi.mlb.com/api/v1.1/game/822915/feed/live,both,True,P,Pitcher,BULLPEN_PITCHER,True,QA_VALIDATED_CANONICAL_V3,,,
669022,82.0,1.0,0.0,30.0,1.0,124.0,Top,822915,https://raw.githubusercontent.com/lancebroz/mlb-pitcher-data/main/data/raw/2026/daily/2026-04-08.parquet,False,2026-04-08,2026-04-08T18:35:00Z,TEX,SEA,H,MacKenzie Gore,True,STARTER,82,17,15,0,0,1,2,9,0,https://statsapi.mlb.com/api/v1.1/game/822915/feed/live,both,True,P,Pitcher,STARTER/OPENER/BULK,True,QA_VALIDATED_CANONICAL_V3,,,
678606,16.0,6.0,42.0,45.0,174.0,189.0,Bot,822915,https://raw.githubusercontent.com/lancebroz/mlb-pitcher-data/main/data/raw/2026/daily/2026-04-08.parquet,False,2026-04-08,2026-04-08T18:35:00Z,SEA,TEX,A,José A. Ferrer,False,RELIEF_OR_BULK,16,3,3,0,0,0,1,0,0,https://statsapi.mlb.com/api/v1.1/game/822915/feed/live,both,True,P,Pitcher,BULLPEN_PITCHER,True,QA_VALIDATED_CANONICAL_V3,,,
681168,25.0,7.0,46.0,54.0,190.0,222.0,Top,822915,https://raw.githubusercontent.com/lancebroz/mlb-pitcher-data/main/data/raw/2026/daily/2026-04-08.parquet,False,2026-04-08,2026-04-08T18:35:00Z,TEX,SEA,H,Luis Curvelo,False,RELIEF_OR_BULK,25,6,6,0,0,0,0,2,0,https://statsapi.mlb.com/api/v1.1/game/822915/feed/live,both,True,P,Pitcher,BULLPEN_PITCHER,True,QA_VALIDATED_CANONICAL_V3,,,
693433,83.0,1.0,5.0,38.0,27.0,165.0,Bot,822915,https://raw.githubusercontent.com/lancebroz/mlb-pitcher-data/main/data/raw/2026/daily/2026-04-08.parquet,False,2026-04-08,2026-04-08T18:35:00Z,SEA,TEX,A,Bryan Woo,True,STARTER,83,22,15,3,1,5,2,2,0,https://statsapi.mlb.com/api/v1.1/game/822915/feed/live,both,True,P,Pitcher,STARTER/OPENER/BULK,True,QA_VALIDATED_CANONICAL_V3,,,
543135,93.0,1.0,0.0,44.0,1.0,151.0,Top,822916,https://raw.githubusercontent.com/lancebroz/mlb-pitcher-data/main/data/raw/2026/daily/2026-04-07.parquet,False,2026-04-07,2026-04-08T00:05:00Z,TEX,SEA,H,Nathan Eovaldi,True,STARTER,93,26,18,2,2,6,2,7,1,https://statsapi.mlb.com/api/v1.1/game/822916/feed/live,both,True,P,Pitcher,STARTER/OPENER/BULK,True,QA_VALIDATED_CANONICAL_V3,,,
596001,15.0,9.0,60.0,64.0,207.0,221.0,Top,822916,https://raw.githubusercontent.com/lancebroz/mlb-pitcher-data/main/data/raw/2026/daily/2026-04-07.parquet,False,2026-04-07,2026-04-08T00:05:00Z,TEX,SEA,H,Jakob Junis,False,RELIEF_OR_BULK,15,5,3,0,0,2,0,0,0,https://statsapi.mlb.com/api/v1.1/game/822916/feed/live,both,True,P,Pitcher,BULLPEN_PITCHER,True,QA_VALIDATED_CANONICAL_V3,,,
656641,23.0,7.0,48.0,56.0,163.0,195.0,Top,822916,https://raw.githubusercontent.com/lancebroz/mlb-pitcher-data/main/data/raw/2026/daily/2026-04-07.parquet,False,2026-04-07,2026-04-08T00:05:00Z,TEX,SEA,H,Jacob Latz,False,RELIEF_OR_BULK,23,6,6,0,0,0,0,2,0,https://statsapi.mlb.com/api/v1.1/game/822916/feed/live,both,True,P,Pitcher,BULLPEN_PITCHER,True,QA_VALIDATED_CANONICAL_V3,,,
669923,90.0,1.0,4.0,59.0,12.0,206.0,Bot,822916,https://raw.githubusercontent.com/lancebroz/mlb-pitcher-data/main/data/raw/2026/daily/2026-04-07.parquet,False,2026-04-07,2026-04-08T00:05:00Z,SEA,TEX,A,George Kirby,True,STARTER,90,28,24,3,3,6,0,4,1,https://statsapi.mlb.com/api/v1.1/game/822916/feed/live,both,True,P,Pitcher,STARTER/OPENER/BULK,True,QA_VALIDATED_CANONICAL_V3,,,
455119,13.0,8.0,60.0,70.0,252.0,292.0,Top,822917,https://raw.githubusercontent.com/lancebroz/mlb-pitcher-data/main/data/raw/2026/daily/2026-04-05.parquet,False,2026-04-05,2026-04-05T18:35:00Z,TEX,CIN,H,Chris Martin,False,RELIEF_OR_BULK,13,6,4,0,0,3,0,1,0,https://statsapi.mlb.com/api/v1.1/game/822917/feed/live,both,True,P,Pitcher,BULLPEN_PITCHER,True,QA_VALIDATED_CANONICAL_V3,,,
572955,20.0,7.0,52.0,54.0,206.0,225.0,Bot,822917,https://raw.githubusercontent.com/lancebroz/mlb-pitcher-data/main/data/raw/2026/daily/2026-04-05.parquet,False,2026-04-05,2026-04-05T18:35:00Z,CIN,TEX,A,Pierce Johnson,False,RELIEF_OR_BULK,20,3,2,0,0,0,1,1,0,https://statsapi.mlb.com/api/v1.1/game/822917/feed/live,both,True,P,Pitcher,BULLPEN_PITCHER,True,QA_VALIDATED_CANONICAL_V3,,,
594580,6.0,7.0,55.0,55.0,226.0,231.0,Bot,822917,https://raw.githubusercontent.com/lancebroz/mlb-pitcher-data/main/data/raw/2026/daily/2026-04-05.parquet,False,2026-04-05,2026-04-05T18:35:00Z,CIN,TEX,A,Sam Moll,False,RELIEF_OR_BULK,6,1,1,0,0,0,0,1,0,https://statsapi.mlb.com/api/v1.1/game/822917/feed/live,both,True,P,Pitcher,BULLPEN_PITCHER,True,QA_VALIDATED_CANONICAL_V3,,,
656222,2.0,9.0,71.0,71.0,293.0,294.0,Top,822917,https://raw.githubusercontent.com/lancebroz/mlb-pitcher-data/main/data/raw/2026/daily/2026-04-05.parquet,False,2026-04-05,2026-04-05T18:35:00Z,TEX,CIN,H,Jalen Beeks,False,RELIEF_OR_BULK,2,1,1,0,0,0,0,0,0,https://statsapi.mlb.com/api/v1.1/game/822917/feed/live,both,True,P,Pitcher,BULLPEN_PITCHER,True,QA_VALIDATED_CANONICAL_V3,,,
656271,14.0,9.0,72.0,74.0,295.0,308.0,Bot,822917,https://raw.githubusercontent.com/lancebroz/mlb-pitcher-data/main/data/raw/2026/daily/2026-04-05.parquet,False,2026-04-05,2026-04-05T18:35:00Z,CIN,TEX,A,Brock Burke,False,RELIEF_OR_BULK,14,3,3,0,0,0,0,3,0,https://statsapi.mlb.com/api/v1.1/game/822917/feed/live,both,True,P,Pitcher,BULLPEN_PITCHER,True,QA_VALIDATED_CANONICAL_V3,,,
656641,19.0,6.0,38.0,41.0,152.0,170.0,Top,822917,https://raw.githubusercontent.com/lancebroz/mlb-pitcher-data/main/data/raw/2026/daily/2026-04-05.parquet,False,2026-04-05,2026-04-05T18:35:00Z,TEX,CIN,H,Jacob Latz,False,RELIEF_OR_BULK,19,4,3,0,0,0,1,1,0,https://statsapi.mlb.com/api/v1.1/game/822917/feed/live,both,True,P,Pitcher,BULLPEN_PITCHER,True,QA_VALIDATED_CANONICAL_V3,,,
668390,14.0,7.0,46.0,49.0,185.0,198.0,Top,822917,https://raw.githubusercontent.com/lancebroz/mlb-pitcher-data/main/data/raw/2026/daily/2026-04-05.parquet,False,2026-04-05,2026-04-05T18:35:00Z,TEX,CIN,H,Cole Winn,False,RELIEF_OR_BULK,14,4,3,0,0,1,0,1,0,https://statsapi.mlb.com/api/v1.1/game/822917/feed/live,both,True,P,Pitcher,BULLPEN_PITCHER,True,QA_VALIDATED_CANONICAL_V3,,,
676395,20.0,8.0,56.0,59.0,232.0,251.0,Top,822917,https://raw.githubusercontent.com/lancebroz/mlb-pitcher-data/main/data/raw/2026/daily/2026-04-05.parquet,False,2026-04-05,2026-04-05T18:35:00Z,TEX,CIN,H,Robert Garcia,False,RELIEF_OR_BULK,20,4,1,1,1,1,2,0,0,https://statsapi.mlb.com/api/v1.1/game/822917/feed/live,both,True,P,Pitcher,BULLPEN_PITCHER,True,QA_VALIDATED_CANONICAL_V3,,,
683004,85.0,1.0,0.0,33.0,1.0,137.0,Top,822917,https://raw.githubusercontent.com/lancebroz/mlb-pitcher-data/main/data/raw/2026/daily/2026-04-05.parquet,False,2026-04-05,2026-04-05T18:35:00Z,TEX,CIN,H,Jack Leiter,True,STARTER,85,20,15,1,1,4,1,9,0,https://statsapi.mlb.com/api/v1.1/game/822917/feed/live,both,True,P,Pitcher,STARTER/OPENER/BULK,True,QA_VALIDATED_CANONICAL_V3,,,
683175,28.0,8.0,62.0,66.0,258.0,285.0,Bot,822917,https://raw.githubusercontent.com/lancebroz/mlb-pitcher-data/main/data/raw/2026/daily/2026-04-05.parquet,False,2026-04-05,2026-04-05T18:35:00Z,CIN,TEX,A,Connor Phillips,False,RELIEF_OR_BULK,28,5,3,0,0,1,1,1,0,https://statsapi.mlb.com/api/v1.1/game/822917/feed/live,both,True,P,Pitcher,BULLPEN_PITCHER,True,QA_VALIDATED_CANONICAL_V3,,,
695505,87.0,1.0,4.0,51.0,23.0,205.0,Bot,822917,https://raw.githubusercontent.com/lancebroz/mlb-pitcher-data/main/data/raw/2026/daily/2026-04-05.parquet,False,2026-04-05,2026-04-05T18:35:00Z,CIN,TEX,A,Chase Burns,True,STARTER,87,24,18,1,1,5,1,9,1,https://statsapi.mlb.com/api/v1.1/game/822917/feed/live,both,True,P,Pitcher,STARTER/OPENER/BULK,True,QA_VALIDATED_CANONICAL_V3,,,
594798,78.0,1.0,0.0,32.0,1.0,144.0,Top,822918,https://raw.githubusercontent.com/lancebroz/mlb-pitcher-data/main/data/raw/2026/daily/2026-04-06.parquet,False,2026-04-06,2026-04-07T00:05:00Z,TEX,SEA,H,Jacob deGrom,True,STARTER,78,17,15,1,1,1,1,6,1,https://statsapi.mlb.com/api/v1.1/game/822918/feed/live,both,True,P,Pitcher,STARTER/OPENER/BULK,True,QA_VALIDATED_CANONICAL_V3,,,
596001,4.0,9.0,60.0,62.0,260.0,263.0,Top,822918,https://raw.githubusercontent.com/lancebroz/mlb-pitcher-data/main/data/raw/2026/daily/2026-04-06.parquet,False,2026-04-06,2026-04-07T00:05:00Z,TEX,SEA,H,Jakob Junis,False,RELIEF_OR_BULK,4,3,3,0,0,0,0,0,0,https://statsapi.mlb.com/api/v1.1/game/822918/feed/live,both,True,P,Pitcher,BULLPEN_PITCHER,True,QA_VALIDATED_CANONICAL_V3,,,
641302,17.0,7.0,45.0,47.0,191.0,207.0,Top,822918,https://raw.githubusercontent.com/lancebroz/mlb-pitcher-data/main/data/raw/2026/daily/2026-04-06.parquet,False,2026-04-06,2026-04-07T00:05:00Z,TEX,SEA,H,Tyler Alexander,False,RELIEF_OR_BULK,17,3,2,0,0,1,0,1,0,https://statsapi.mlb.com/api/v1.1/game/822918/feed/live,both,True,P,Pitcher,BULLPEN_PITCHER,True,QA_VALIDATED_CANONICAL_V3,,,
656222,16.0,6.0,36.0,39.0,155.0,170.0,Top,822918,https://raw.githubusercontent.com/lancebroz/mlb-pitcher-data/main/data/raw/2026/daily/2026-04-06.parquet,False,2026-04-06,2026-04-07T00:05:00Z,TEX,SEA,H,Jalen Beeks,False,RELIEF_OR_BULK,16,4,3,0,0,0,1,0,0,https://statsapi.mlb.com/api/v1.1/game/822918/feed/live,both,True,P,Pitcher,BULLPEN_PITCHER,True,QA_VALIDATED_CANONICAL_V3,,,
668390,3.0,7.0,48.0,48.0,208.0,210.0,Top,822918,https://raw.githubusercontent.com/lancebroz/mlb-pitcher-data/main/data/raw/2026/daily/2026-04-06.parquet,False,2026-04-06,2026-04-07T00:05:00Z,TEX,SEA,H,Cole Winn,False,RELIEF_OR_BULK,3,1,1,0,0,0,0,0,0,https://statsapi.mlb.com/api/v1.1/game/822918/feed/live,both,True,P,Pitcher,BULLPEN_PITCHER,True,QA_VALIDATED_CANONICAL_V3,,,
669302,96.0,1.0,4.0,44.0,25.0,190.0,Bot,822918,https://raw.githubusercontent.com/lancebroz/mlb-pitcher-data/main/data/raw/2026/daily/2026-04-06.parquet,False,2026-04-06,2026-04-07T00:05:00Z,SEA,TEX,A,Logan Gilbert,True,STARTER,96,23,18,2,2,6,0,5,0,https://statsapi.mlb.com/api/v1.1/game/822918/feed/live,both,True,P,Pitcher,STARTER/OPENER/BULK,True,QA_VALIDATED_CANONICAL_V3,,,
676395,14.0,8.0,52.0,54.0,223.0,236.0,Top,822918,https://raw.githubusercontent.com/lancebroz/mlb-pitcher-data/main/data/raw/2026/daily/2026-04-06.parquet,False,2026-04-06,2026-04-07T00:05:00Z,TEX,SEA,H,Robert Garcia,False,RELIEF_OR_BULK,14,3,3,0,0,0,0,0,0,https://statsapi.mlb.com/api/v1.1/game/822918/feed/live,both,True,P,Pitcher,BULLPEN_PITCHER,True,QA_VALIDATED_CANONICAL_V3,,,
678606,12.0,7.0,49.0,51.0,211.0,222.0,Bot,822918,https://raw.githubusercontent.com/lancebroz/mlb-pitcher-data/main/data/raw/2026/daily/2026-04-06.parquet,False,2026-04-06,2026-04-07T00:05:00Z,SEA,TEX,A,José A. Ferrer,False,RELIEF_OR_BULK,12,3,3,0,0,0,0,2,0,https://statsapi.mlb.com/api/v1.1/game/822918/feed/live,both,True,P,Pitcher,BULLPEN_PITCHER,True,QA_VALIDATED_CANONICAL_V3,,,
681867,23.0,8.0,55.0,59.0,237.0,259.0,Bot,822918,https://raw.githubusercontent.com/lancebroz/mlb-pitcher-data/main/data/raw/2026/daily/2026-04-06.parquet,False,2026-04-06,2026-04-07T00:05:00Z,SEA,TEX,A,Cooper Criswell,False,RELIEF_OR_BULK,23,5,3,0,0,1,2,0,0,https://statsapi.mlb.com/api/v1.1/game/822918/feed/live,both,True,P,Pitcher,BULLPEN_PITCHER,True,QA_VALIDATED_CANONICAL_V3,,,
455119,23.0,9.0,66.0,70.0,244.0,266.0,Top,822919,https://raw.githubusercontent.com/lancebroz/mlb-pitcher-data/main/data/raw/2026/daily/2026-04-03.parquet,False,2026-04-03,2026-04-03T20:05:00Z,TEX,CIN,H,Chris Martin,False,RELIEF_OR_BULK,23,5,3,2,2,2,0,0,1,https://statsapi.mlb.com/api/v1.1/game/822919/feed/live,both,True,P,Pitcher,BULLPEN_PITCHER,True,QA_VALIDATED_CANONICAL_V3,,,
594580,12.0,6.0,46.0,49.0,176.0,187.0,Bot,822919,https://raw.githubusercontent.com/lancebroz/mlb-pitcher-data/main/data/raw/2026/daily/2026-04-03.parquet,False,2026-04-03,2026-04-03T20:05:00Z,CIN,TEX,A,Sam Moll,False,RELIEF_OR_BULK,12,4,3,0,0,0,1,1,0,https://statsapi.mlb.com/api/v1.1/game/822919/feed/live,both,True,P,Pitcher,BULLPEN_PITCHER,True,QA_VALIDATED_CANONICAL_V3,,,
596001,12.0,8.0,60.0,62.0,222.0,233.0,Top,822919,https://raw.githubusercontent.com/lancebroz/mlb-pitcher-data/main/data/raw/2026/daily/2026-04-03.parquet,False,2026-04-03,2026-04-03T20:05:00Z,TEX,CIN,H,Jakob Junis,False,RELIEF_OR_BULK,12,3,3,0,0,0,0,1,0,https://statsapi.mlb.com/api/v1.1/game/822919/feed/live,both,True,P,Pitcher,BULLPEN_PITCHER,True,QA_VALIDATED_CANONICAL_V3,,,
641941,13.0,9.0,71.0,73.0,267.0,279.0,Bot,822919,https://raw.githubusercontent.com/lancebroz/mlb-pitcher-data/main/data/raw/2026/daily/2026-04-03.parquet,False,2026-04-03,2026-04-03T20:05:00Z,CIN,TEX,A,Emilio Pagán,False,RELIEF_OR_BULK,13,3,3,0,0,0,0,1,0,https://statsapi.mlb.com/api/v1.1/game/822919/feed/live,both,True,P,Pitcher,BULLPEN_PITCHER,True,QA_VALIDATED_CANONICAL_V3,,,
663574,10.0,8.0,63.0,65.0,234.0,243.0,Bot,822919,https://raw.githubusercontent.com/lancebroz/mlb-pitcher-data/main/data/raw/2026/daily/2026-04-03.parquet,False,2026-04-03,2026-04-03T20:05:00Z,CIN,TEX,A,Tony Santillan,False,RELIEF_OR_BULK,10,3,3,0,0,0,0,0,0,https://statsapi.mlb.com/api/v1.1/game/822919/feed/live,both,True,P,Pitcher,BULLPEN_PITCHER,True,QA_VALIDATED_CANONICAL_V3,,,
663903,87.0,1.0,3.0,45.0,17.0,175.0,Bot,822919,https://raw.githubusercontent.com/lancebroz/mlb-pitcher-data/main/data/raw/2026/daily/2026-04-03.parquet,False,2026-04-03,2026-04-03T20:05:00Z,CIN,TEX,A,Brady Singer,True,STARTER,87,22,15,2,2,6,1,5,0,https://statsapi.mlb.com/api/v1.1/game/822919/feed/live,both,True,P,Pitcher,STARTER/OPENER/BULK,True,QA_VALIDATED_CANONICAL_V3,,,
668390,17.0,7.0,50.0,54.0,188.0,204.0,Top,822919,https://raw.githubusercontent.com/lancebroz/mlb-pitcher-data/main/data/raw/2026/daily/2026-04-03.parquet,False,2026-04-03,2026-04-03T20:05:00Z,TEX,CIN,H,Cole Winn,False,RELIEF_OR_BULK,17,5,3,0,0,2,0,1,0,https://statsapi.mlb.com/api/v1.1/game/822919/feed/live,both,True,P,Pitcher,BULLPEN_PITCHER,True,QA_VALIDATED_CANONICAL_V3,,,
668933,17.0,7.0,55.0,59.0,205.0,221.0,Bot,822919,https://raw.githubusercontent.com/lancebroz/mlb-pitcher-data/main/data/raw/2026/daily/2026-04-03.parquet,False,2026-04-03,2026-04-03T20:05:00Z,CIN,TEX,A,Graham Ashcraft,False,RELIEF_OR_BULK,17,5,3,1,1,2,0,2,0,https://statsapi.mlb.com/api/v1.1/game/822919/feed/live,both,True,P,Pitcher,BULLPEN_PITCHER,True,QA_VALIDATED_CANONICAL_V3,,,
669022,88.0,1.0,0.0,44.0,1.0,173.0,Top,822919,https://raw.githubusercontent.com/lancebroz/mlb-pitcher-data/main/data/raw/2026/daily/2026-04-03.parquet,False,2026-04-03,2026-04-03T20:05:00Z,TEX,CIN,H,MacKenzie Gore,True,STARTER,88,24,18,3,3,6,0,9,2,https://statsapi.mlb.com/api/v1.1/game/822919/feed/live,both,True,P,Pitcher,STARTER/OPENER/BULK,True,QA_VALIDATED_CANONICAL_V3,,,
641302,13.0,9.0,63.0,66.0,235.0,247.0,Top,822920,https://raw.githubusercontent.com/lancebroz/mlb-pitcher-data/main/data/raw/2026/daily/2026-04-04.parquet,False,2026-04-04,2026-04-04T23:05:00Z,TEX,CIN,H,Tyler Alexander,False,RELIEF_OR_BULK,13,4,3,0,0,1,0,1,0,https://statsapi.mlb.com/api/v1.1/game/822920/feed/live,both,True,P,Pitcher,BULLPEN_PITCHER,True,QA_VALIDATED_CANONICAL_V3,,,
641941,23.0,9.0,67.0,71.0,248.0,270.0,Bot,822920,https://raw.githubusercontent.com/lancebroz/mlb-pitcher-data/main/data/raw/2026/daily/2026-04-04.parquet,False,2026-04-04,2026-04-04T23:05:00Z,CIN,TEX,A,Emilio Pagán,False,RELIEF_OR_BULK,23,5,3,0,0,1,2,1,0,https://statsapi.mlb.com/api/v1.1/game/822920/feed/live,both,True,P,Pitcher,BULLPEN_PITCHER,True,QA_VALIDATED_CANONICAL_V3,,,
656222,16.0,6.0,43.0,46.0,154.0,169.0,Top,822920,https://raw.githubusercontent.com/lancebroz/mlb-pitcher-data/main/data/raw/2026/daily/2026-04-04.parquet,False,2026-04-04,2026-04-04T23:05:00Z,TEX,CIN,H,Jalen Beeks,False,RELIEF_OR_BULK,16,4,3,0,0,1,0,0,0,https://statsapi.mlb.com/api/v1.1/game/822920/feed/live,both,True,P,Pitcher,BULLPEN_PITCHER,True,QA_VALIDATED_CANONICAL_V3,,,
656641,15.0,7.0,50.0,52.0,179.0,193.0,Top,822920,https://raw.githubusercontent.com/lancebroz/mlb-pitcher-data/main/data/raw/2026/daily/2026-04-04.parquet,False,2026-04-04,2026-04-04T23:05:00Z,TEX,CIN,H,Jacob Latz,False,RELIEF_OR_BULK,15,3,3,0,0,0,0,2,0,https://statsapi.mlb.com/api/v1.1/game/822920/feed/live,both,True,P,Pitcher,BULLPEN_PITCHER,True,QA_VALIDATED_CANONICAL_V3,,,
663574,11.0,8.0,60.0,62.0,224.0,234.0,Bot,822920,https://raw.githubusercontent.com/lancebroz/mlb-pitcher-data/main/data/raw/2026/daily/2026-04-04.parquet,False,2026-04-04,2026-04-04T23:05:00Z,CIN,TEX,A,Tony Santillan,False,RELIEF_OR_BULK,11,3,3,0,0,0,0,1,0,https://statsapi.mlb.com/api/v1.1/game/822920/feed/live,both,True,P,Pitcher,BULLPEN_PITCHER,True,QA_VALIDATED_CANONICAL_V3,,,
668933,18.0,7.0,53.0,56.0,194.0,211.0,Bot,822920,https://raw.githubusercontent.com/lancebroz/mlb-pitcher-data/main/data/raw/2026/daily/2026-04-04.parquet,False,2026-04-04,2026-04-04T23:05:00Z,CIN,TEX,A,Graham Ashcraft,False,RELIEF_OR_BULK,18,4,3,0,0,0,1,1,0,https://statsapi.mlb.com/api/v1.1/game/822920/feed/live,both,True,P,Pitcher,BULLPEN_PITCHER,True,QA_VALIDATED_CANONICAL_V3,,,
677958,80.0,1.0,0.0,38.0,1.0,142.0,Top,822920,https://raw.githubusercontent.com/lancebroz/mlb-pitcher-data/main/data/raw/2026/daily/2026-04-04.parquet,False,2026-04-04,2026-04-04T23:05:00Z,TEX,CIN,H,Kumar Rocker,True,STARTER,80,23,15,2,2,6,1,3,0,https://statsapi.mlb.com/api/v1.1/game/822920/feed/live,both,True,P,Pitcher,STARTER/OPENER/BULK,True,QA_VALIDATED_CANONICAL_V3,,,
691945,12.0,8.0,57.0,59.0,212.0,223.0,Top,822920,https://raw.githubusercontent.com/lancebroz/mlb-pitcher-data/main/data/raw/2026/daily/2026-04-04.parquet,False,2026-04-04,2026-04-04T23:05:00Z,TEX,CIN,H,Carter Baumler,False,RELIEF_OR_BULK,12,3,3,0,0,0,0,1,0,https://statsapi.mlb.com/api/v1.1/game/822920/feed/live,both,True,P,Pitcher,BULLPEN_PITCHER,True,QA_VALIDATED_CANONICAL_V3,,,
695076,82.0,1.0,7.0,49.0,20.0,178.0,Bot,822920,https://raw.githubusercontent.com/lancebroz/mlb-pitcher-data/main/data/raw/2026/daily/2026-04-04.parquet,False,2026-04-04,2026-04-04T23:05:00Z,CIN,TEX,A,Rhett Lowder,True,STARTER,82,23,18,0,0,3,2,4,0,https://statsapi.mlb.com/api/v1.1/game/822920/feed/live,both,True,P,Pitcher,STARTER/OPENER/BULK,True,QA_VALIDATED_CANONICAL_V3,,,
518585,12.0,9.0,71.0,73.0,248.0,259.0,Bot,822996,https://raw.githubusercontent.com/lancebroz/mlb-pitcher-data/main/data/raw/2026/daily/2026-04-11.parquet,False,2026-04-11,2026-04-11T22:10:00Z,NYY,TB,A,Fernando Cruz,False,RELIEF_OR_BULK,12,3,2,0,0,1,0,1,0,https://statsapi.mlb.com/api/v1.1/game/822996/feed/live,both,True,P,Pitcher,BULLPEN_PITCHER,True,QA_VALIDATED_CANONICAL_V3,,,
607259,87.0,1.0,0.0,35.0,1.0,139.0,Top,822996,https://raw.githubusercontent.com/lancebroz/mlb-pitcher-data/main/data/raw/2026/daily/2026-04-11.parquet,False,2026-04-11,2026-04-11T22:10:00Z,TB,NYY,H,Nick Martinez,True,STARTER,87,22,14,1,1,5,3,4,1,https://statsapi.mlb.com/api/v1.1/game/822996/feed/live,both,True,P,Pitcher,STARTER/OPENER/BULK,True,QA_VALIDATED_CANONICAL_V3,,,
608331,94.0,1.0,5.0,65.0,20.0,234.0,Bot,822996,https://raw.githubusercontent.com/lancebroz/mlb-pitcher-data/main/data/raw/2026/daily/2026-04-11.parquet,False,2026-04-11,2026-04-11T22:10:00Z,NYY,TB,A,Max Fried,True,STARTER,94,30,24,3,3,6,0,6,0,https://statsapi.mlb.com/api/v1.1/game/822996/feed/live,both,True,P,Pitcher,STARTER/OPENER/BULK,True,QA_VALIDATED_CANONICAL_V3,,,
641329,20.0,8.0,55.0,60.0,205.0,224.0,Top,822996,https://raw.githubusercontent.com/lancebroz/mlb-pitcher-data/main/data/raw/2026/daily/2026-04-11.parquet,False,2026-04-11,2026-04-11T22:10:00Z,TB,NYY,H,Bryan Baker,False,RELIEF_OR_BULK,20,6,3,2,2,2,1,0,0,https://statsapi.mlb.com/api/v1.1/game/822996/feed/live,both,True,P,Pitcher,BULLPEN_PITCHER,True,QA_VALIDATED_CANONICAL_V3,,,
642121,11.0,10.0,75.0,78.0,261.0,271.0,Top,822996,https://raw.githubusercontent.com/lancebroz/mlb-pitcher-data/main/data/raw/2026/daily/2026-04-11.parquet,False,2026-04-11,2026-04-11T22:10:00Z,TB,NYY,H,Cole Sulser,False,RELIEF_OR_BULK,11,4,3,1,0,1,0,0,0,https://statsapi.mlb.com/api/v1.1/game/822996/feed/live,both,True,P,Pitcher,BULLPEN_PITCHER,True,QA_VALIDATED_CANONICAL_V3,,,
643377,8.0,7.0,50.0,51.0,187.0,194.0,Top,822996,https://raw.githubusercontent.com/lancebroz/mlb-pitcher-data/main/data/raw/2026/daily/2026-04-11.parquet,False,2026-04-11,2026-04-11T22:10:00Z,TB,NYY,H,Griffin Jax,False,RELIEF_OR_BULK,8,2,1,0,0,0,1,1,0,https://statsapi.mlb.com/api/v1.1/game/822996/feed/live,both,True,P,Pitcher,BULLPEN_PITCHER,True,QA_VALIDATED_CANONICAL_V3,,,
657612,1.0,9.0,74.0,74.0,260.0,260.0,Bot,822996,https://raw.githubusercontent.com/lancebroz/mlb-pitcher-data/main/data/raw/2026/daily/2026-04-11.parquet,False,2026-04-11,2026-04-11T22:10:00Z,NYY,TB,A,Tim Hill,False,RELIEF_OR_BULK,1,1,1,0,0,0,0,0,0,https://statsapi.mlb.com/api/v1.1/game/822996/feed/live,both,True,P,Pitcher,BULLPEN_PITCHER,True,QA_VALIDATED_CANONICAL_V3,,,
670280,13.0,10.0,79.0,83.0,272.0,284.0,Bot,822996,https://raw.githubusercontent.com/lancebroz/mlb-pitcher-data/main/data/raw/2026/daily/2026-04-11.parquet,False,2026-04-11,2026-04-11T22:10:00Z,NYY,TB,A,David Bednar,False,RELIEF_OR_BULK,13,5,1,2,1,2,1,1,0,https://statsapi.mlb.com/api/v1.1/game/822996/feed/live,both,True,P,Pitcher,BULLPEN_PITCHER,True,QA_VALIDATED_CANONICAL_V3,,,
685801,13.0,9.0,66.0,70.0,235.0,247.0,Top,822996,https://raw.githubusercontent.com/lancebroz/mlb-pitcher-data/main/data/raw/2026/daily/2026-04-11.parquet,False,2026-04-11,2026-04-11T22:10:00Z,TB,NYY,H,Hunter Bigge,False,RELIEF_OR_BULK,13,5,3,0,0,0,2,0,0,https://statsapi.mlb.com/api/v1.1/game/822996/feed/live,both,True,P,Pitcher,BULLPEN_PITCHER,True,QA_VALIDATED_CANONICAL_V3,,,
687330,4.0,5.0,36.0,36.0,140.0,143.0,Top,822996,https://raw.githubusercontent.com/lancebroz/mlb-pitcher-data/main/data/raw/2026/daily/2026-04-11.parquet,False,2026-04-11,2026-04-11T22:10:00Z,TB,NYY,H,Kevin Kelly,False,RELIEF_OR_BULK,4,1,1,0,0,0,0,1,0,https://statsapi.mlb.com/api/v1.1/game/822996/feed/live,both,True,P,Pitcher,BULLPEN_PITCHER,True,QA_VALIDATED_CANONICAL_V3,,,
693855,21.0,6.0,40.0,49.0,153.0,186.0,Top,822996,https://raw.githubusercontent.com/lancebroz/mlb-pitcher-data/main/data/raw/2026/daily/2026-04-11.parquet,False,2026-04-11,2026-04-11T22:10:00Z,TB,NYY,H,Ian Seymour,False,RELIEF_OR_BULK,21,5,5,0,0,0,0,3,0,https://statsapi.mlb.com/api/v1.1/game/822996/feed/live,both,True,P,Pitcher,BULLPEN_PITCHER,True,QA_VALIDATED_CANONICAL_V3,,,
571927,88.0,1.0,0.0,38.0,1.0,176.0,Top,822997,https://raw.githubusercontent.com/lancebroz/mlb-pitcher-data/main/data/raw/2026/daily/2026-04-10.parquet,False,2026-04-10,2026-04-10T23:10:00Z,TB,NYY,H,Steven Matz,True,STARTER,88,20,15,2,2,2,2,7,0,https://statsapi.mlb.com/api/v1.1/game/822997/feed/live,both,True,P,Pitcher,STARTER/OPENER/BULK,True,QA_VALIDATED_CANONICAL_V3,,,
641329,16.0,9.0,69.0,73.0,293.0,308.0,Top,822997,https://raw.githubusercontent.com/lancebroz/mlb-pitcher-data/main/data/raw/2026/daily/2026-04-10.parquet,False,2026-04-10,2026-04-10T23:10:00Z,TB,NYY,H,Bryan Baker,False,RELIEF_OR_BULK,16,5,3,0,0,2,0,1,0,https://statsapi.mlb.com/api/v1.1/game/822997/feed/live,both,True,P,Pitcher,BULLPEN_PITCHER,True,QA_VALIDATED_CANONICAL_V3,,,
642232,28.0,7.0,57.0,68.0,251.0,292.0,Bot,822997,https://raw.githubusercontent.com/lancebroz/mlb-pitcher-data/main/data/raw/2026/daily/2026-04-10.parquet,False,2026-04-10,2026-04-10T23:10:00Z,NYY,TB,A,Ryan Yarbrough,False,RELIEF_OR_BULK,28,8,6,0,0,1,2,0,0,https://statsapi.mlb.com/api/v1.1/game/822997/feed/live,both,True,P,Pitcher,BULLPEN_PITCHER,True,QA_VALIDATED_CANONICAL_V3,,,
643377,13.0,6.0,44.0,46.0,197.0,209.0,Top,822997,https://raw.githubusercontent.com/lancebroz/mlb-pitcher-data/main/data/raw/2026/daily/2026-04-10.parquet,False,2026-04-10,2026-04-10T23:10:00Z,TB,NYY,H,Griffin Jax,False,RELIEF_OR_BULK,13,3,3,0,0,0,0,2,0,https://statsapi.mlb.com/api/v1.1/game/822997/feed/live,both,True,P,Pitcher,BULLPEN_PITCHER,True,QA_VALIDATED_CANONICAL_V3,,,
656234,20.0,5.0,39.0,43.0,177.0,196.0,Bot,822997,https://raw.githubusercontent.com/lancebroz/mlb-pitcher-data/main/data/raw/2026/daily/2026-04-10.parquet,False,2026-04-10,2026-04-10T23:10:00Z,NYY,TB,A,Jake Bird,False,RELIEF_OR_BULK,20,5,3,0,0,2,0,2,0,https://statsapi.mlb.com/api/v1.1/game/822997/feed/live,both,True,P,Pitcher,BULLPEN_PITCHER,True,QA_VALIDATED_CANONICAL_V3,,,
661563,88.0,1.0,6.0,34.0,27.0,160.0,Bot,822997,https://raw.githubusercontent.com/lancebroz/mlb-pitcher-data/main/data/raw/2026/daily/2026-04-10.parquet,False,2026-04-10,2026-04-10T23:10:00Z,NYY,TB,A,Luis Gil,True,STARTER,88,19,12,3,3,3,3,2,1,https://statsapi.mlb.com/api/v1.1/game/822997/feed/live,both,True,P,Pitcher,STARTER/OPENER/BULK,True,QA_VALIDATED_CANONICAL_V3,,,
666808,8.0,6.0,51.0,53.0,226.0,233.0,Bot,822997,https://raw.githubusercontent.com/lancebroz/mlb-pitcher-data/main/data/raw/2026/daily/2026-04-10.parquet,False,2026-04-10,2026-04-10T23:10:00Z,NYY,TB,A,Camilo Doval,False,RELIEF_OR_BULK,8,3,2,0,0,1,0,0,0,https://statsapi.mlb.com/api/v1.1/game/822997/feed/live,both,True,P,Pitcher,BULLPEN_PITCHER,True,QA_VALIDATED_CANONICAL_V3,,,
685801,14.0,8.0,61.0,64.0,266.0,279.0,Top,822997,https://raw.githubusercontent.com/lancebroz/mlb-pitcher-data/main/data/raw/2026/daily/2026-04-10.parquet,False,2026-04-10,2026-04-10T23:10:00Z,TB,NYY,H,Hunter Bigge,False,RELIEF_OR_BULK,14,4,3,1,1,1,0,1,1,https://statsapi.mlb.com/api/v1.1/game/822997/feed/live,both,True,P,Pitcher,BULLPEN_PITCHER,True,QA_VALIDATED_CANONICAL_V3,,,
687396,16.0,6.0,47.0,50.0,210.0,225.0,Bot,822997,https://raw.githubusercontent.com/lancebroz/mlb-pitcher-data/main/data/raw/2026/daily/2026-04-10.parquet,False,2026-04-10,2026-04-10T23:10:00Z,NYY,TB,A,Brent Headrick,False,RELIEF_OR_BULK,16,4,1,2,1,2,0,1,0,https://statsapi.mlb.com/api/v1.1/game/822997/feed/live,both,True,P,Pitcher,BULLPEN_PITCHER,True,QA_VALIDATED_CANONICAL_V3,,,
693855,17.0,7.0,54.0,56.0,234.0,250.0,Top,822997,https://raw.githubusercontent.com/lancebroz/mlb-pitcher-data/main/data/raw/2026/daily/2026-04-10.parquet,False,2026-04-10,2026-04-10T23:10:00Z,TB,NYY,H,Ian Seymour,False,RELIEF_OR_BULK,17,3,3,0,0,0,0,1,0,https://statsapi.mlb.com/api/v1.1/game/822997/feed/live,both,True,P,Pitcher,BULLPEN_PITCHER,True,QA_VALIDATED_CANONICAL_V3,,,
571948,17.0,6.0,48.0,57.0,183.0,209.0,Bot,822999,https://raw.githubusercontent.com/lancebroz/mlb-pitcher-data/main/data/raw/2026/daily/2026-04-07.parquet,False,2026-04-07,2026-04-07T22:40:00Z,CHC,TB,A,Hoby Milner,False,RELIEF_OR_BULK,17,6,4,0,0,2,0,0,0,https://statsapi.mlb.com/api/v1.1/game/822999/feed/live,both,True,P,Pitcher,BULLPEN_PITCHER,True,QA_VALIDATED_CANONICAL_V3,,,
573204,2.0,8.0,70.0,70.0,261.0,262.0,Bot,822999,https://raw.githubusercontent.com/lancebroz/mlb-pitcher-data/main/data/raw/2026/daily/2026-04-07.parquet,False,2026-04-07,2026-04-07T22:40:00Z,CHC,TB,A,Caleb Thielbar,False,RELIEF_OR_BULK,2,1,1,0,0,0,0,0,0,https://statsapi.mlb.com/api/v1.1/game/822999/feed/live,both,True,P,Pitcher,BULLPEN_PITCHER,True,QA_VALIDATED_CANONICAL_V3,,,
642121,37.0,4.0,28.0,44.0,98.0,165.0,Top,822999,https://raw.githubusercontent.com/lancebroz/mlb-pitcher-data/main/data/raw/2026/daily/2026-04-07.parquet,False,2026-04-07,2026-04-07T22:40:00Z,TB,CHC,H,Cole Sulser,False,RELIEF_OR_BULK,37,10,7,1,1,3,1,2,0,https://statsapi.mlb.com/api/v1.1/game/822999/feed/live,both,True,P,Pitcher,BULLPEN_PITCHER,True,QA_VALIDATED_CANONICAL_V3,,,
657097,14.0,9.0,77.0,80.0,286.0,299.0,Bot,822999,https://raw.githubusercontent.com/lancebroz/mlb-pitcher-data/main/data/raw/2026/daily/2026-04-07.parquet,False,2026-04-07,2026-04-07T22:40:00Z,CHC,TB,A,Jacob Webb,False,RELIEF_OR_BULK,14,4,3,0,0,0,1,1,0,https://statsapi.mlb.com/api/v1.1/game/822999/feed/live,both,True,P,Pitcher,BULLPEN_PITCHER,True,QA_VALIDATED_CANONICAL_V3,,,
664208,26.0,8.0,64.0,69.0,235.0,260.0,Bot,822999,https://raw.githubusercontent.com/lancebroz/mlb-pitcher-data/main/data/raw/2026/daily/2026-04-07.parquet,False,2026-04-07,2026-04-07T22:40:00Z,CHC,TB,A,Phil Maton,False,RELIEF_OR_BULK,26,6,2,2,2,3,0,1,0,https://statsapi.mlb.com/api/v1.1/game/822999/feed/live,both,True,P,Pitcher,BULLPEN_PITCHER,True,QA_VALIDATED_CANONICAL_V3,,,
665871,80.0,1.0,4.0,47.0,17.0,182.0,Bot,822999,https://raw.githubusercontent.com/lancebroz/mlb-pitcher-data/main/data/raw/2026/daily/2026-04-07.parquet,False,2026-04-07,2026-04-07T22:40:00Z,CHC,TB,A,Javier Assad,True,STARTER,80,19,17,0,0,1,2,3,0,https://statsapi.mlb.com/api/v1.1/game/822999/feed/live,both,True,P,Pitcher,STARTER/OPENER/BULK,True,QA_VALIDATED_CANONICAL_V3,,,
669438,65.0,1.0,0.0,27.0,1.0,97.0,Top,822999,https://raw.githubusercontent.com/lancebroz/mlb-pitcher-data/main/data/raw/2026/daily/2026-04-07.parquet,False,2026-04-07,2026-04-07T22:40:00Z,TB,CHC,H,Mason Englert,True,STARTER,65,19,11,4,3,7,1,2,0,https://statsapi.mlb.com/api/v1.1/game/822999/feed/live,both,True,P,Pitcher,STARTER/OPENER/BULK,True,QA_VALIDATED_CANONICAL_V3,,,
672782,58.0,7.0,50.0,76.0,186.0,285.0,Top,822999,https://raw.githubusercontent.com/lancebroz/mlb-pitcher-data/main/data/raw/2026/daily/2026-04-07.parquet,False,2026-04-07,2026-04-07T22:40:00Z,TB,CHC,H,Yoendrys Gómez,False,RELIEF_OR_BULK,58,16,9,4,4,6,1,1,2,https://statsapi.mlb.com/api/v1.1/game/822999/feed/live,both,True,P,Pitcher,BULLPEN_PITCHER,True,QA_VALIDATED_CANONICAL_V3,,,
571948,10.0,6.0,47.0,49.0,190.0,199.0,Bot,823000,https://raw.githubusercontent.com/lancebroz/mlb-pitcher-data/main/data/raw/2026/daily/2026-04-08.parquet,False,2026-04-08,2026-04-08T22:40:00Z,CHC,TB,A,Hoby Milner,False,RELIEF_OR_BULK,10,3,3,0,0,0,0,1,0,https://statsapi.mlb.com/api/v1.1/game/823000/feed/live,both,True,P,Pitcher,BULLPEN_PITCHER,True,QA_VALIDATED_CANONICAL_V3,,,
607067,79.0,1.0,4.0,42.0,17.0,171.0,Bot,823000,https://raw.githubusercontent.com/lancebroz/mlb-pitcher-data/main/data/raw/2026/daily/2026-04-08.parquet,False,2026-04-08,2026-04-08T22:40:00Z,CHC,TB,A,Colin Rea,True,STARTER,79,20,15,1,1,2,2,2,0,https://statsapi.mlb.com/api/v1.1/game/823000/feed/live,both,True,P,Pitcher,STARTER/OPENER/BULK,True,QA_VALIDATED_CANONICAL_V3,,,
640451,16.0,9.0,69.0,71.0,266.0,281.0,Bot,823000,https://raw.githubusercontent.com/lancebroz/mlb-pitcher-data/main/data/raw/2026/daily/2026-04-08.parquet,False,2026-04-08,2026-04-08T22:40:00Z,CHC,TB,A,Hunter Harvey,False,RELIEF_OR_BULK,16,3,3,0,0,1,0,1,0,https://statsapi.mlb.com/api/v1.1/game/823000/feed/live,both,True,P,Pitcher,BULLPEN_PITCHER,True,QA_VALIDATED_CANONICAL_V3,,,
669947,61.0,5.0,38.0,68.0,153.0,265.0,Top,823000,https://raw.githubusercontent.com/lancebroz/mlb-pitcher-data/main/data/raw/2026/daily/2026-04-08.parquet,False,2026-04-08,2026-04-08T22:40:00Z,TB,CHC,H,Jesse Scholtens,False,RELIEF_OR_BULK,61,17,14,0,0,4,1,4,0,https://statsapi.mlb.com/api/v1.1/game/823000/feed/live,both,True,P,Pitcher,BULLPEN_PITCHER,True,QA_VALIDATED_CANONICAL_V3,,,
671212,84.0,1.0,0.0,37.0,1.0,152.0,Top,823000,https://raw.githubusercontent.com/lancebroz/mlb-pitcher-data/main/data/raw/2026/daily/2026-04-08.parquet,False,2026-04-08,2026-04-08T22:40:00Z,TB,CHC,H,Joe Boyle,True,STARTER,84,20,13,6,5,4,3,3,1,https://statsapi.mlb.com/api/v1.1/game/823000/feed/live,both,True,P,Pitcher,STARTER/OPENER/BULK,True,QA_VALIDATED_CANONICAL_V3,,,
676962,31.0,7.0,53.0,63.0,212.0,251.0,Bot,823000,https://raw.githubusercontent.com/lancebroz/mlb-pitcher-data/main/data/raw/2026/daily/2026-04-08.parquet,False,2026-04-08,2026-04-08T22:40:00Z,CHC,TB,A,Ben Brown,False,RELIEF_OR_BULK,31,8,6,1,1,2,0,3,0,https://statsapi.mlb.com/api/v1.1/game/823000/feed/live,both,True,P,Pitcher,BULLPEN_PITCHER,True,QA_VALIDATED_CANONICAL_V3,,,
592791,83.0,1.0,4.0,49.0,20.0,182.0,Bot,823002,https://raw.githubusercontent.com/lancebroz/mlb-pitcher-data/main/data/raw/2026/daily/2026-04-06.parquet,False,2026-04-06,2026-04-06T20:10:00Z,CHC,TB,A,Jameson Taillon,True,STARTER,83,25,18,4,3,7,0,4,2,https://statsapi.mlb.com/api/v1.1/game/823002/feed/live,both,True,P,Pitcher,STARTER/OPENER/BULK,True,QA_VALIDATED_CANONICAL_V3,,,
641329,14.0,9.0,64.0,67.0,237.0,250.0,Top,823002,https://raw.githubusercontent.com/lancebroz/mlb-pitcher-data/main/data/raw/2026/daily/2026-04-06.parquet,False,2026-04-06,2026-04-06T20:10:00Z,TB,CHC,H,Bryan Baker,False,RELIEF_OR_BULK,14,4,3,1,1,1,0,2,1,https://statsapi.mlb.com/api/v1.1/game/823002/feed/live,both,True,P,Pitcher,BULLPEN_PITCHER,True,QA_VALIDATED_CANONICAL_V3,,,
663556,69.0,1.0,0.0,31.0,1.0,120.0,Top,823002,https://raw.githubusercontent.com/lancebroz/mlb-pitcher-data/main/data/raw/2026/daily/2026-04-06.parquet,False,2026-04-06,2026-04-06T20:10:00Z,TB,CHC,H,Shane McClanahan,True,STARTER,69,17,12,2,2,1,4,5,0,https://statsapi.mlb.com/api/v1.1/game/823002/feed/live,both,True,P,Pitcher,STARTER/OPENER/BULK,True,QA_VALIDATED_CANONICAL_V3,,,
664208,19.0,7.0,53.0,57.0,196.0,214.0,Bot,823002,https://raw.githubusercontent.com/lancebroz/mlb-pitcher-data/main/data/raw/2026/daily/2026-04-06.parquet,False,2026-04-06,2026-04-06T20:10:00Z,CHC,TB,A,Phil Maton,False,RELIEF_OR_BULK,19,5,3,2,2,1,1,1,1,https://statsapi.mlb.com/api/v1.1/game/823002/feed/live,both,True,P,Pitcher,BULLPEN_PITCHER,True,QA_VALIDATED_CANONICAL_V3,,,
685801,20.0,7.0,51.0,60.0,188.0,226.0,Top,823002,https://raw.githubusercontent.com/lancebroz/mlb-pitcher-data/main/data/raw/2026/daily/2026-04-06.parquet,False,2026-04-06,2026-04-06T20:10:00Z,TB,CHC,H,Hunter Bigge,False,RELIEF_OR_BULK,20,5,5,0,0,0,0,0,0,https://statsapi.mlb.com/api/v1.1/game/823002/feed/live,both,True,P,Pitcher,BULLPEN_PITCHER,True,QA_VALIDATED_CANONICAL_V3,,,
687330,14.0,5.0,35.0,37.0,129.0,142.0,Top,823002,https://raw.githubusercontent.com/lancebroz/mlb-pitcher-data/main/data/raw/2026/daily/2026-04-06.parquet,False,2026-04-06,2026-04-06T20:10:00Z,TB,CHC,H,Kevin Kelly,False,RELIEF_OR_BULK,14,3,3,0,0,0,0,1,0,https://statsapi.mlb.com/api/v1.1/game/823002/feed/live,both,True,P,Pitcher,BULLPEN_PITCHER,True,QA_VALIDATED_CANONICAL_V3,,,
693855,21.0,6.0,41.0,50.0,157.0,187.0,Top,823002,https://raw.githubusercontent.com/lancebroz/mlb-pitcher-data/main/data/raw/2026/daily/2026-04-06.parquet,False,2026-04-06,2026-04-06T20:10:00Z,TB,CHC,H,Ian Seymour,False,RELIEF_OR_BULK,21,6,4,1,1,2,0,1,0,https://statsapi.mlb.com/api/v1.1/game/823002/feed/live,both,True,P,Pitcher,BULLPEN_PITCHER,True,QA_VALIDATED_CANONICAL_V3,,,
702303,10.0,8.0,61.0,63.0,227.0,236.0,Bot,823002,https://raw.githubusercontent.com/lancebroz/mlb-pitcher-data/main/data/raw/2026/daily/2026-04-06.parquet,False,2026-04-06,2026-04-06T20:10:00Z,CHC,TB,A,Riley Martin,False,RELIEF_OR_BULK,10,3,3,0,0,1,0,0,0,https://statsapi.mlb.com/api/v1.1/game/823002/feed/live,both,True,P,Pitcher,BULLPEN_PITCHER,True,QA_VALIDATED_CANONICAL_V3,,,
543056,5.0,7.0,55.0,55.0,212.0,216.0,Bot,823074,https://raw.githubusercontent.com/lancebroz/mlb-pitcher-data/main/data/raw/2026/daily/2026-04-11.parquet,False,2026-04-11,2026-04-11T23:15:00Z,BOS,STL,A,Danny Coulombe,False,RELIEF_OR_BULK,5,1,1,0,0,0,0,0,0,https://statsapi.mlb.com/api/v1.1/game/823074/feed/live,both,True,P,Pitcher,BULLPEN_PITCHER,True,QA_VALIDATED_CANONICAL_V3,,,
624133,84.0,1.0,3.0,44.0,14.0,177.0,Bot,823074,https://raw.githubusercontent.com/lancebroz/mlb-pitcher-data/main/data/raw/2026/daily/2026-04-11.parquet,False,2026-04-11,2026-04-11T23:15:00Z,BOS,STL,A,Ranger Suarez,True,STARTER,84,22,18,0,0,3,2,6,0,https://statsapi.mlb.com/api/v1.1/game/823074/feed/live,both,True,P,Pitcher,STARTER/OPENER/BULK,True,QA_VALIDATED_CANONICAL_V3,,,
669711,16.0,7.0,51.0,54.0,196.0,211.0,Bot,823074,https://raw.githubusercontent.com/lancebroz/mlb-pitcher-data/main/data/raw/2026/daily/2026-04-11.parquet,False,2026-04-11,2026-04-11T23:15:00Z,BOS,STL,A,Greg Weissert,False,RELIEF_OR_BULK,16,4,2,0,0,0,1,0,0,https://statsapi.mlb.com/api/v1.1/game/823074/feed/live,both,True,P,Pitcher,BULLPEN_PITCHER,True,QA_VALIDATED_CANONICAL_V3,,,
670245,13.0,9.0,73.0,77.0,283.0,295.0,Bot,823074,https://raw.githubusercontent.com/lancebroz/mlb-pitcher-data/main/data/raw/2026/daily/2026-04-11.parquet,False,2026-04-11,2026-04-11T23:15:00Z,BOS,STL,A,Ryan Watson,False,RELIEF_OR_BULK,13,5,3,0,0,1,0,0,0,https://statsapi.mlb.com/api/v1.1/game/823074/feed/live,both,True,P,Pitcher,BULLPEN_PITCHER,True,QA_VALIDATED_CANONICAL_V3,,,
676477,12.0,8.0,59.0,62.0,230.0,241.0,Bot,823074,https://raw.githubusercontent.com/lancebroz/mlb-pitcher-data/main/data/raw/2026/daily/2026-04-11.parquet,False,2026-04-11,2026-04-11T23:15:00Z,BOS,STL,A,Garrett Whitlock,False,RELIEF_OR_BULK,12,4,3,1,1,1,0,2,1,https://statsapi.mlb.com/api/v1.1/game/823074/feed/live,both,True,P,Pitcher,BULLPEN_PITCHER,True,QA_VALIDATED_CANONICAL_V3,,,
677865,11.0,7.0,49.0,56.0,188.0,219.0,Top,823074,https://raw.githubusercontent.com/lancebroz/mlb-pitcher-data/main/data/raw/2026/daily/2026-04-11.parquet,False,2026-04-11,2026-04-11T23:15:00Z,STL,BOS,H,Justin Bruihl,False,RELIEF_OR_BULK,11,3,3,0,0,0,0,1,0,https://statsapi.mlb.com/api/v1.1/game/823074/feed/live,both,True,P,Pitcher,BULLPEN_PITCHER,True,QA_VALIDATED_CANONICAL_V3,,,
681517,71.0,1.0,0.0,28.0,1.0,119.0,Top,823074,https://raw.githubusercontent.com/lancebroz/mlb-pitcher-data/main/data/raw/2026/daily/2026-04-11.parquet,False,2026-04-11,2026-04-11T23:15:00Z,STL,BOS,H,Kyle Leahy,True,STARTER,71,17,12,2,2,3,3,2,0,https://statsapi.mlb.com/api/v1.1/game/823074/feed/live,both,True,P,Pitcher,STARTER/OPENER/BULK,True,QA_VALIDATED_CANONICAL_V3,,,
694335,43.0,8.0,57.0,70.0,220.0,274.0,Top,823074,https://raw.githubusercontent.com/lancebroz/mlb-pitcher-data/main/data/raw/2026/daily/2026-04-11.parquet,False,2026-04-11,2026-04-11T23:15:00Z,STL,BOS,H,Matt Svanson,False,RELIEF_OR_BULK,43,10,3,5,5,6,1,1,0,https://statsapi.mlb.com/api/v1.1/game/823074/feed/live,both,True,P,Pitcher,BULLPEN_PITCHER,True,QA_VALIDATED_CANONICAL_V3,,,
694363,8.0,9.0,71.0,72.0,275.0,282.0,Top,823074,https://raw.githubusercontent.com/lancebroz/mlb-pitcher-data/main/data/raw/2026/daily/2026-04-11.parquet,False,2026-04-11,2026-04-11T23:15:00Z,STL,BOS,H,Jared Shuster,False,RELIEF_OR_BULK,8,2,2,0,0,0,0,0,0,https://statsapi.mlb.com/api/v1.1/game/823074/feed/live,both,True,P,Pitcher,BULLPEN_PITCHER,True,QA_VALIDATED_CANONICAL_V3,,,
700669,32.0,5.0,33.0,48.0,133.0,187.0,Top,823074,https://raw.githubusercontent.com/lancebroz/mlb-pitcher-data/main/data/raw/2026/daily/2026-04-11.parquet,False,2026-04-11,2026-04-11T23:15:00Z,STL,BOS,H,Gordon Graceffo,False,RELIEF_OR_BULK,32,10,7,0,0,1,1,2,0,https://statsapi.mlb.com/api/v1.1/game/823074/feed/live,both,True,P,Pitcher,BULLPEN_PITCHER,True,QA_VALIDATED_CANONICAL_V3,,,
592773,10.0,7.0,54.0,56.0,203.0,212.0,Top,823076,https://raw.githubusercontent.com/lancebroz/mlb-pitcher-data/main/data/raw/2026/daily/2026-04-10.parquet,False,2026-04-10,2026-04-11T00:15:00Z,STL,BOS,H,Ryne Stanek,False,RELIEF_OR_BULK,10,3,3,0,0,0,0,1,0,https://statsapi.mlb.com/api/v1.1/game/823076/feed/live,both,True,P,Pitcher,BULLPEN_PITCHER,True,QA_VALIDATED_CANONICAL_V3,,,
663558,17.0,8.0,65.0,69.0,251.0,267.0,Bot,823076,https://raw.githubusercontent.com/lancebroz/mlb-pitcher-data/main/data/raw/2026/daily/2026-04-10.parquet,False,2026-04-10,2026-04-11T00:15:00Z,BOS,STL,A,Jovani Morán,False,RELIEF_OR_BULK,17,5,3,0,0,1,1,2,0,https://statsapi.mlb.com/api/v1.1/game/823076/feed/live,both,True,P,Pitcher,BULLPEN_PITCHER,True,QA_VALIDATED_CANONICAL_V3,,,
668941,21.0,8.0,60.0,64.0,230.0,250.0,Top,823076,https://raw.githubusercontent.com/lancebroz/mlb-pitcher-data/main/data/raw/2026/daily/2026-04-10.parquet,False,2026-04-10,2026-04-11T00:15:00Z,STL,BOS,H,JoJo Romero,False,RELIEF_OR_BULK,21,5,3,0,0,1,0,1,0,https://statsapi.mlb.com/api/v1.1/game/823076/feed/live,both,True,P,Pitcher,BULLPEN_PITCHER,True,QA_VALIDATED_CANONICAL_V3,,,
669160,75.0,1.0,0.0,48.0,1.0,179.0,Top,823076,https://raw.githubusercontent.com/lancebroz/mlb-pitcher-data/main/data/raw/2026/daily/2026-04-10.parquet,False,2026-04-10,2026-04-11T00:15:00Z,STL,BOS,H,Dustin May,True,STARTER,75,23,18,2,1,4,0,4,0,https://statsapi.mlb.com/api/v1.1/game/823076/feed/live,both,True,P,Pitcher,STARTER/OPENER/BULK,True,QA_VALIDATED_CANONICAL_V3,,,
669711,18.0,6.0,53.0,59.0,202.0,229.0,Bot,823076,https://raw.githubusercontent.com/lancebroz/mlb-pitcher-data/main/data/raw/2026/daily/2026-04-10.parquet,False,2026-04-10,2026-04-11T00:15:00Z,BOS,STL,A,Greg Weissert,False,RELIEF_OR_BULK,18,4,4,0,0,0,0,1,0,https://statsapi.mlb.com/api/v1.1/game/823076/feed/live,both,True,P,Pitcher,BULLPEN_PITCHER,True,QA_VALIDATED_CANONICAL_V3,,,
676617,8.0,9.0,70.0,72.0,268.0,275.0,Top,823076,https://raw.githubusercontent.com/lancebroz/mlb-pitcher-data/main/data/raw/2026/daily/2026-04-10.parquet,False,2026-04-10,2026-04-11T00:15:00Z,STL,BOS,H,Riley O'Brien,False,RELIEF_OR_BULK,8,3,3,0,0,0,0,1,0,https://statsapi.mlb.com/api/v1.1/game/823076/feed/live,both,True,P,Pitcher,BULLPEN_PITCHER,True,QA_VALIDATED_CANONICAL_V3,,,
677161,18.0,5.0,41.0,45.0,151.0,168.0,Bot,823076,https://raw.githubusercontent.com/lancebroz/mlb-pitcher-data/main/data/raw/2026/daily/2026-04-10.parquet,False,2026-04-10,2026-04-11T00:15:00Z,BOS,STL,A,Zack Kelly,False,RELIEF_OR_BULK,18,5,2,2,2,2,1,0,0,https://statsapi.mlb.com/api/v1.1/game/823076/feed/live,both,True,P,Pitcher,BULLPEN_PITCHER,True,QA_VALIDATED_CANONICAL_V3,,,
701719,22.0,6.0,49.0,52.0,180.0,201.0,Bot,823076,https://raw.githubusercontent.com/lancebroz/mlb-pitcher-data/main/data/raw/2026/daily/2026-04-10.parquet,False,2026-04-10,2026-04-11T00:15:00Z,BOS,STL,A,Tyler Samaniego,False,RELIEF_OR_BULK,22,4,2,0,0,0,2,1,0,https://statsapi.mlb.com/api/v1.1/game/823076/feed/live,both,True,P,Pitcher,BULLPEN_PITCHER,True,QA_VALIDATED_CANONICAL_V3,,,
813349,86.0,1.0,4.0,40.0,13.0,150.0,Bot,823076,https://raw.githubusercontent.com/lancebroz/mlb-pitcher-data/main/data/raw/2026/daily/2026-04-10.parquet,False,2026-04-10,2026-04-11T00:15:00Z,BOS,STL,A,Connelly Early,True,STARTER,86,21,13,1,1,5,2,5,0,https://statsapi.mlb.com/api/v1.1/game/823076/feed/live,both,True,P,Pitcher,STARTER/OPENER/BULK,True,QA_VALIDATED_CANONICAL_V3,,,
592773,22.0,7.0,48.0,51.0,184.0,205.0,Top,823077,https://raw.githubusercontent.com/lancebroz/mlb-pitcher-data/main/data/raw/2026/daily/2026-03-31.parquet,False,2026-03-31,2026-03-31T23:45:00Z,STL,NYM,H,Ryne Stanek,False,RELIEF_OR_BULK,22,4,3,0,0,0,1,1,0,https://statsapi.mlb.com/api/v1.1/game/823077/feed/live,both,True,P,Pitcher,BULLPEN_PITCHER,True,QA_VALIDATED_CANONICAL_V3,,,
663992,29.0,7.0,52.0,63.0,206.0,247.0,Bot,823077,https://raw.githubusercontent.com/lancebroz/mlb-pitcher-data/main/data/raw/2026/daily/2026-03-31.parquet,False,2026-03-31,2026-03-31T23:45:00Z,NYM,STL,A,Richard Lovelady,False,RELIEF_OR_BULK,29,9,6,1,1,2,1,2,1,https://statsapi.mlb.com/api/v1.1/game/823077/feed/live,both,True,P,Pitcher,BULLPEN_PITCHER,True,QA_VALIDATED_CANONICAL_V3,,,
668941,13.0,8.0,58.0,60.0,224.0,236.0,Top,823077,https://raw.githubusercontent.com/lancebroz/mlb-pitcher-data/main/data/raw/2026/daily/2026-03-31.parquet,False,2026-03-31,2026-03-31T23:45:00Z,STL,NYM,H,JoJo Romero,False,RELIEF_OR_BULK,13,3,3,0,0,0,0,1,0,https://statsapi.mlb.com/api/v1.1/game/823077/feed/live,both,True,P,Pitcher,BULLPEN_PITCHER,True,QA_VALIDATED_CANONICAL_V3,,,
669467,88.0,1.0,0.0,42.0,1.0,167.0,Top,823077,https://raw.githubusercontent.com/lancebroz/mlb-pitcher-data/main/data/raw/2026/daily/2026-03-31.parquet,False,2026-03-31,2026-03-31T23:45:00Z,STL,NYM,H,Andre Pallante,True,STARTER,88,21,15,0,0,3,3,3,0,https://statsapi.mlb.com/api/v1.1/game/823077/feed/live,both,True,P,Pitcher,STARTER/OPENER/BULK,True,QA_VALIDATED_CANONICAL_V3,,,
673540,92.0,1.0,5.0,47.0,26.0,183.0,Bot,823077,https://raw.githubusercontent.com/lancebroz/mlb-pitcher-data/main/data/raw/2026/daily/2026-03-31.parquet,False,2026-03-31,2026-03-31T23:45:00Z,NYM,STL,A,Kodai Senga,True,STARTER,92,25,18,2,2,4,3,9,0,https://statsapi.mlb.com/api/v1.1/game/823077/feed/live,both,True,P,Pitcher,STARTER/OPENER/BULK,True,QA_VALIDATED_CANONICAL_V3,,,
676617,11.0,9.0,64.0,66.0,248.0,258.0,Top,823077,https://raw.githubusercontent.com/lancebroz/mlb-pitcher-data/main/data/raw/2026/daily/2026-03-31.parquet,False,2026-03-31,2026-03-31T23:45:00Z,STL,NYM,H,Riley O'Brien,False,RELIEF_OR_BULK,11,3,3,0,0,0,0,0,0,https://statsapi.mlb.com/api/v1.1/game/823077/feed/live,both,True,P,Pitcher,BULLPEN_PITCHER,True,QA_VALIDATED_CANONICAL_V3,,,
700669,3.0,6.0,43.0,44.0,168.0,170.0,Top,823077,https://raw.githubusercontent.com/lancebroz/mlb-pitcher-data/main/data/raw/2026/daily/2026-03-31.parquet,False,2026-03-31,2026-03-31T23:45:00Z,STL,NYM,H,Gordon Graceffo,False,RELIEF_OR_BULK,3,2,3,0,0,0,0,0,0,https://statsapi.mlb.com/api/v1.1/game/823077/feed/live,both,True,P,Pitcher,BULLPEN_PITCHER,True,QA_VALIDATED_CANONICAL_V3,,,
548384,12.0,7.0,51.0,53.0,205.0,216.0,Bot,823078,https://raw.githubusercontent.com/lancebroz/mlb-pitcher-data/main/data/raw/2026/daily/2026-04-01.parquet,False,2026-04-01,2026-04-01T17:15:00Z,NYM,STL,A,Brooks Raley,False,RELIEF_OR_BULK,12,3,3,0,0,0,0,2,0,https://statsapi.mlb.com/api/v1.1/game/823078/feed/live,both,True,P,Pitcher,BULLPEN_PITCHER,True,QA_VALIDATED_CANONICAL_V3,,,
592773,16.0,7.0,46.0,49.0,182.0,197.0,Top,823078,https://raw.githubusercontent.com/lancebroz/mlb-pitcher-data/main/data/raw/2026/daily/2026-04-01.parquet,False,2026-04-01,2026-04-01T17:15:00Z,STL,NYM,H,Ryne Stanek,False,RELIEF_OR_BULK,16,4,2,0,0,1,0,1,0,https://statsapi.mlb.com/api/v1.1/game/823078/feed/live,both,True,P,Pitcher,BULLPEN_PITCHER,True,QA_VALIDATED_CANONICAL_V3,,,
596133,11.0,8.0,57.0,59.0,226.0,236.0,Bot,823078,https://raw.githubusercontent.com/lancebroz/mlb-pitcher-data/main/data/raw/2026/daily/2026-04-01.parquet,False,2026-04-01,2026-04-01T17:15:00Z,NYM,STL,A,Luke Weaver,False,RELIEF_OR_BULK,11,3,3,0,0,0,0,1,0,https://statsapi.mlb.com/api/v1.1/game/823078/feed/live,both,True,P,Pitcher,BULLPEN_PITCHER,True,QA_VALIDATED_CANONICAL_V3,,,
623211,13.0,6.0,43.0,45.0,169.0,181.0,Bot,823078,https://raw.githubusercontent.com/lancebroz/mlb-pitcher-data/main/data/raw/2026/daily/2026-04-01.parquet,False,2026-04-01,2026-04-01T17:15:00Z,NYM,STL,A,Huascar Brazobán,False,RELIEF_OR_BULK,13,3,2,0,0,1,0,1,0,https://statsapi.mlb.com/api/v1.1/game/823078/feed/live,both,True,P,Pitcher,BULLPEN_PITCHER,True,QA_VALIDATED_CANONICAL_V3,,,
642207,18.0,9.0,64.0,67.0,253.0,270.0,Bot,823078,https://raw.githubusercontent.com/lancebroz/mlb-pitcher-data/main/data/raw/2026/daily/2026-04-01.parquet,False,2026-04-01,2026-04-01T17:15:00Z,NYM,STL,A,Devin Williams,False,RELIEF_OR_BULK,18,4,3,0,0,0,1,1,0,https://statsapi.mlb.com/api/v1.1/game/823078/feed/live,both,True,P,Pitcher,BULLPEN_PITCHER,True,QA_VALIDATED_CANONICAL_V3,,,
642547,92.0,1.0,3.0,42.0,19.0,168.0,Bot,823078,https://raw.githubusercontent.com/lancebroz/mlb-pitcher-data/main/data/raw/2026/daily/2026-04-01.parquet,False,2026-04-01,2026-04-01T17:15:00Z,NYM,STL,A,Freddy Peralta,True,STARTER,92,21,16,1,1,3,2,7,0,https://statsapi.mlb.com/api/v1.1/game/823078/feed/live,both,True,P,Pitcher,STARTER/OPENER/BULK,True,QA_VALIDATED_CANONICAL_V3,,,
668941,16.0,7.0,50.0,56.0,198.0,225.0,Top,823078,https://raw.githubusercontent.com/lancebroz/mlb-pitcher-data/main/data/raw/2026/daily/2026-04-01.parquet,False,2026-04-01,2026-04-01T17:15:00Z,STL,NYM,H,JoJo Romero,False,RELIEF_OR_BULK,16,4,4,0,0,0,0,1,0,https://statsapi.mlb.com/api/v1.1/game/823078/feed/live,both,True,P,Pitcher,BULLPEN_PITCHER,True,QA_VALIDATED_CANONICAL_V3,,,
668964,20.0,10.0,72.0,82.0,283.0,319.0,Bot,823078,https://raw.githubusercontent.com/lancebroz/mlb-pitcher-data/main/data/raw/2026/daily/2026-04-01.parquet,False,2026-04-01,2026-04-01T17:15:00Z,NYM,STL,A,Tobias Myers,False,RELIEF_OR_BULK,20,6,5,1,0,1,1,1,0,https://statsapi.mlb.com/api/v1.1/game/823078/feed/live,both,True,P,Pitcher,BULLPEN_PITCHER,True,QA_VALIDATED_CANONICAL_V3,,,
669461,76.0,1.0,0.0,39.0,1.0,152.0,Top,823078,https://raw.githubusercontent.com/lancebroz/mlb-pitcher-data/main/data/raw/2026/daily/2026-04-01.parquet,False,2026-04-01,2026-04-01T17:15:00Z,STL,NYM,H,Matthew Liberatore,True,STARTER,76,22,18,1,1,3,1,2,1,https://statsapi.mlb.com/api/v1.1/game/823078/feed/live,both,True,P,Pitcher,STARTER/OPENER/BULK,True,QA_VALIDATED_CANONICAL_V3,,,
676617,16.0,9.0,60.0,63.0,237.0,252.0,Top,823078,https://raw.githubusercontent.com/lancebroz/mlb-pitcher-data/main/data/raw/2026/daily/2026-04-01.parquet,False,2026-04-01,2026-04-01T17:15:00Z,STL,NYM,H,Riley O'Brien,False,RELIEF_OR_BULK,16,4,3,0,0,1,0,2,0,https://statsapi.mlb.com/api/v1.1/game/823078/feed/live,both,True,P,Pitcher,BULLPEN_PITCHER,True,QA_VALIDATED_CANONICAL_V3,,,
677865,12.0,10.0,68.0,71.0,271.0,282.0,Top,823078,https://raw.githubusercontent.com/lancebroz/mlb-pitcher-data/main/data/raw/2026/daily/2026-04-01.parquet,False,2026-04-01,2026-04-01T17:15:00Z,STL,NYM,H,Justin Bruihl,False,RELIEF_OR_BULK,12,4,3,0,0,0,1,0,0,https://statsapi.mlb.com/api/v1.1/game/823078/feed/live,both,True,P,Pitcher,BULLPEN_PITCHER,True,QA_VALIDATED_CANONICAL_V3,,,
688297,11.0,11.0,75.0,77.0,298.0,308.0,Top,823078,https://raw.githubusercontent.com/lancebroz/mlb-pitcher-data/main/data/raw/2026/daily/2026-04-01.parquet,False,2026-04-01,2026-04-01T17:15:00Z,STL,NYM,H,Chris Roycroft,False,RELIEF_OR_BULK,11,3,1,0,0,0,2,0,0,https://statsapi.mlb.com/api/v1.1/game/823078/feed/live,both,True,P,Pitcher,BULLPEN_PITCHER,True,QA_VALIDATED_CANONICAL_V3,,,
700669,6.0,11.0,78.0,79.0,309.0,314.0,Top,823078,https://raw.githubusercontent.com/lancebroz/mlb-pitcher-data/main/data/raw/2026/daily/2026-04-01.parquet,False,2026-04-01,2026-04-01T17:15:00Z,STL,NYM,H,Gordon Graceffo,False,RELIEF_OR_BULK,6,2,2,0,0,0,0,0,0,https://statsapi.mlb.com/api/v1.1/game/823078/feed/live,both,True,P,Pitcher,BULLPEN_PITCHER,True,QA_VALIDATED_CANONICAL_V3,,,
571927,81.0,1.0,4.0,47.0,14.0,160.0,Bot,823079,https://raw.githubusercontent.com/lancebroz/mlb-pitcher-data/main/data/raw/2026/daily/2026-03-29.parquet,False,2026-03-29,2026-03-29T18:15:00Z,TB,STL,A,Steven Matz,True,STARTER,81,21,15,4,4,6,1,2,1,https://statsapi.mlb.com/api/v1.1/game/823079/feed/live,both,True,P,Pitcher,STARTER/OPENER/BULK,True,QA_VALIDATED_CANONICAL_V3,,,
641329,10.0,9.0,86.0,88.0,301.0,310.0,Bot,823079,https://raw.githubusercontent.com/lancebroz/mlb-pitcher-data/main/data/raw/2026/daily/2026-03-29.parquet,False,2026-03-29,2026-03-29T18:15:00Z,TB,STL,A,Bryan Baker,False,RELIEF_OR_BULK,10,3,3,0,0,0,0,0,0,https://statsapi.mlb.com/api/v1.1/game/823079/feed/live,both,True,P,Pitcher,BULLPEN_PITCHER,True,QA_VALIDATED_CANONICAL_V3,,,
664076,23.0,7.0,59.0,64.0,194.0,216.0,Bot,823079,https://raw.githubusercontent.com/lancebroz/mlb-pitcher-data/main/data/raw/2026/daily/2026-03-29.parquet,False,2026-03-29,2026-03-29T18:15:00Z,TB,STL,A,Garrett Cleavinger,False,RELIEF_OR_BULK,23,6,3,0,0,1,2,1,0,https://statsapi.mlb.com/api/v1.1/game/823079/feed/live,both,True,P,Pitcher,BULLPEN_PITCHER,True,QA_VALIDATED_CANONICAL_V3,,,
666277,12.0,7.0,56.0,58.0,182.0,193.0,Top,823079,https://raw.githubusercontent.com/lancebroz/mlb-pitcher-data/main/data/raw/2026/daily/2026-03-29.parquet,False,2026-03-29,2026-03-29T18:15:00Z,STL,TB,H,George Soriano,False,RELIEF_OR_BULK,12,3,3,0,0,0,0,0,0,https://statsapi.mlb.com/api/v1.1/game/823079/feed/live,both,True,P,Pitcher,BULLPEN_PITCHER,True,QA_VALIDATED_CANONICAL_V3,,,
669160,61.0,1.0,0.0,33.0,1.0,96.0,Top,823079,https://raw.githubusercontent.com/lancebroz/mlb-pitcher-data/main/data/raw/2026/daily/2026-03-29.parquet,False,2026-03-29,2026-03-29T18:15:00Z,STL,TB,H,Dustin May,True,STARTER,61,22,12,6,6,10,1,3,0,https://statsapi.mlb.com/api/v1.1/game/823079/feed/live,both,True,P,Pitcher,STARTER/OPENER/BULK,True,QA_VALIDATED_CANONICAL_V3,,,
669438,24.0,8.0,72.0,77.0,248.0,271.0,Bot,823079,https://raw.githubusercontent.com/lancebroz/mlb-pitcher-data/main/data/raw/2026/daily/2026-03-29.parquet,False,2026-03-29,2026-03-29T18:15:00Z,TB,STL,A,Mason Englert,False,RELIEF_OR_BULK,24,6,3,3,3,3,0,1,2,https://statsapi.mlb.com/api/v1.1/game/823079/feed/live,both,True,P,Pitcher,BULLPEN_PITCHER,True,QA_VALIDATED_CANONICAL_V3,,,
677865,29.0,5.0,40.0,51.0,125.0,171.0,Top,823079,https://raw.githubusercontent.com/lancebroz/mlb-pitcher-data/main/data/raw/2026/daily/2026-03-29.parquet,False,2026-03-29,2026-03-29T18:15:00Z,STL,TB,H,Justin Bruihl,False,RELIEF_OR_BULK,29,8,6,0,0,1,1,2,0,https://statsapi.mlb.com/api/v1.1/game/823079/feed/live,both,True,P,Pitcher,BULLPEN_PITCHER,True,QA_VALIDATED_CANONICAL_V3,,,
687330,10.0,6.0,52.0,55.0,172.0,181.0,Bot,823079,https://raw.githubusercontent.com/lancebroz/mlb-pitcher-data/main/data/raw/2026/daily/2026-03-29.parquet,False,2026-03-29,2026-03-29T18:15:00Z,TB,STL,A,Kevin Kelly,False,RELIEF_OR_BULK,10,4,3,0,0,1,0,1,0,https://statsapi.mlb.com/api/v1.1/game/823079/feed/live,both,True,P,Pitcher,BULLPEN_PITCHER,True,QA_VALIDATED_CANONICAL_V3,,,
688297,29.0,9.0,78.0,85.0,272.0,300.0,Top,823079,https://raw.githubusercontent.com/lancebroz/mlb-pitcher-data/main/data/raw/2026/daily/2026-03-29.parquet,False,2026-03-29,2026-03-29T18:15:00Z,STL,TB,H,Chris Roycroft,False,RELIEF_OR_BULK,29,8,3,2,2,3,1,0,0,https://statsapi.mlb.com/api/v1.1/game/823079/feed/live,both,True,P,Pitcher,BULLPEN_PITCHER,True,QA_VALIDATED_CANONICAL_V3,,,
690155,31.0,8.0,65.0,71.0,217.0,247.0,Top,823079,https://raw.githubusercontent.com/lancebroz/mlb-pitcher-data/main/data/raw/2026/daily/2026-03-29.parquet,False,2026-03-29,2026-03-29T18:15:00Z,STL,TB,H,Matt Pushard,False,RELIEF_OR_BULK,31,7,3,3,3,3,1,1,0,https://statsapi.mlb.com/api/v1.1/game/823079/feed/live,both,True,P,Pitcher,BULLPEN_PITCHER,True,QA_VALIDATED_CANONICAL_V3,,,
548384,17.0,8.0,66.0,69.0,230.0,246.0,Bot,823080,https://raw.githubusercontent.com/lancebroz/mlb-pitcher-data/main/data/raw/2026/daily/2026-03-30.parquet,False,2026-03-30,2026-03-30T23:45:00Z,NYM,STL,A,Brooks Raley,False,RELIEF_OR_BULK,17,4,3,0,0,1,0,0,0,https://statsapi.mlb.com/api/v1.1/game/823080/feed/live,both,True,P,Pitcher,BULLPEN_PITCHER,True,QA_VALIDATED_CANONICAL_V3,,,
605280,90.0,1.0,4.0,52.0,16.0,189.0,Bot,823080,https://raw.githubusercontent.com/lancebroz/mlb-pitcher-data/main/data/raw/2026/daily/2026-03-30.parquet,False,2026-03-30,2026-03-30T23:45:00Z,NYM,STL,A,Clay Holmes,True,STARTER,90,23,17,2,2,4,3,5,1,https://statsapi.mlb.com/api/v1.1/game/823080/feed/live,both,True,P,Pitcher,STARTER/OPENER/BULK,True,QA_VALIDATED_CANONICAL_V3,,,
642207,12.0,9.0,73.0,75.0,258.0,269.0,Bot,823080,https://raw.githubusercontent.com/lancebroz/mlb-pitcher-data/main/data/raw/2026/daily/2026-03-30.parquet,False,2026-03-30,2026-03-30T23:45:00Z,NYM,STL,A,Devin Williams,False,RELIEF_OR_BULK,12,3,3,0,0,0,0,1,0,https://statsapi.mlb.com/api/v1.1/game/823080/feed/live,both,True,P,Pitcher,BULLPEN_PITCHER,True,QA_VALIDATED_CANONICAL_V3,,,
666277,21.0,8.0,61.0,72.0,220.0,257.0,Top,823080,https://raw.githubusercontent.com/lancebroz/mlb-pitcher-data/main/data/raw/2026/daily/2026-03-30.parquet,False,2026-03-30,2026-03-30T23:45:00Z,STL,NYM,H,George Soriano,False,RELIEF_OR_BULK,21,8,6,0,0,1,1,0,0,https://statsapi.mlb.com/api/v1.1/game/823080/feed/live,both,True,P,Pitcher,BULLPEN_PITCHER,True,QA_VALIDATED_CANONICAL_V3,,,
668964,14.0,6.0,53.0,60.0,190.0,219.0,Bot,823080,https://raw.githubusercontent.com/lancebroz/mlb-pitcher-data/main/data/raw/2026/daily/2026-03-30.parquet,False,2026-03-30,2026-03-30T23:45:00Z,NYM,STL,A,Tobias Myers,False,RELIEF_OR_BULK,14,4,4,0,0,0,0,3,0,https://statsapi.mlb.com/api/v1.1/game/823080/feed/live,both,True,P,Pitcher,BULLPEN_PITCHER,True,QA_VALIDATED_CANONICAL_V3,,,
681517,79.0,1.0,0.0,43.0,1.0,160.0,Top,823080,https://raw.githubusercontent.com/lancebroz/mlb-pitcher-data/main/data/raw/2026/daily/2026-03-30.parquet,False,2026-03-30,2026-03-30T23:45:00Z,STL,NYM,H,Kyle Leahy,True,STARTER,79,24,15,4,4,8,2,1,0,https://statsapi.mlb.com/api/v1.1/game/823080/feed/live,both,True,P,Pitcher,STARTER/OPENER/BULK,True,QA_VALIDATED_CANONICAL_V3,,,
694335,36.0,6.0,44.0,57.0,161.0,206.0,Top,823080,https://raw.githubusercontent.com/lancebroz/mlb-pitcher-data/main/data/raw/2026/daily/2026-03-30.parquet,False,2026-03-30,2026-03-30T23:45:00Z,STL,NYM,H,Matt Svanson,False,RELIEF_OR_BULK,36,10,6,0,0,1,2,3,0,https://statsapi.mlb.com/api/v1.1/game/823080/feed/live,both,True,P,Pitcher,BULLPEN_PITCHER,True,QA_VALIDATED_CANONICAL_V3,,,
592773,26.0,9.0,84.0,89.0,288.0,313.0,Top,823081,https://raw.githubusercontent.com/lancebroz/mlb-pitcher-data/main/data/raw/2026/daily/2026-03-26.parquet,False,2026-03-26,2026-03-26T20:15:00Z,STL,TB,H,Ryne Stanek,False,RELIEF_OR_BULK,26,6,3,0,0,0,3,1,0,https://statsapi.mlb.com/api/v1.1/game/823081/feed/live,both,True,P,Pitcher,BULLPEN_PITCHER,True,QA_VALIDATED_CANONICAL_V3,,,
643377,14.0,6.0,63.0,65.0,220.0,233.0,Bot,823081,https://raw.githubusercontent.com/lancebroz/mlb-pitcher-data/main/data/raw/2026/daily/2026-03-26.parquet,False,2026-03-26,2026-03-26T20:15:00Z,TB,STL,A,Griffin Jax,False,RELIEF_OR_BULK,14,3,2,1,1,1,0,0,1,https://statsapi.mlb.com/api/v1.1/game/823081/feed/live,both,True,P,Pitcher,BULLPEN_PITCHER,True,QA_VALIDATED_CANONICAL_V3,,,
656876,73.0,1.0,5.0,43.0,18.0,151.0,Bot,823081,https://raw.githubusercontent.com/lancebroz/mlb-pitcher-data/main/data/raw/2026/daily/2026-03-26.parquet,False,2026-03-26,2026-03-26T20:15:00Z,TB,STL,A,Drew Rasmussen,True,STARTER,73,20,15,1,1,4,0,2,1,https://statsapi.mlb.com/api/v1.1/game/823081/feed/live,both,True,P,Pitcher,STARTER/OPENER/BULK,True,QA_VALIDATED_CANONICAL_V3,,,
664076,9.0,6.0,60.0,62.0,211.0,219.0,Bot,823081,https://raw.githubusercontent.com/lancebroz/mlb-pitcher-data/main/data/raw/2026/daily/2026-03-26.parquet,False,2026-03-26,2026-03-26T20:15:00Z,TB,STL,A,Garrett Cleavinger,False,RELIEF_OR_BULK,9,3,1,2,2,2,0,0,0,https://statsapi.mlb.com/api/v1.1/game/823081/feed/live,both,True,P,Pitcher,BULLPEN_PITCHER,True,QA_VALIDATED_CANONICAL_V3,,,
668941,9.0,7.0,66.0,69.0,234.0,242.0,Top,823081,https://raw.githubusercontent.com/lancebroz/mlb-pitcher-data/main/data/raw/2026/daily/2026-03-26.parquet,False,2026-03-26,2026-03-26T20:15:00Z,STL,TB,H,JoJo Romero,False,RELIEF_OR_BULK,9,4,2,0,0,2,0,0,0,https://statsapi.mlb.com/api/v1.1/game/823081/feed/live,both,True,P,Pitcher,BULLPEN_PITCHER,True,QA_VALIDATED_CANONICAL_V3,,,
669461,78.0,1.0,0.0,39.0,1.0,138.0,Top,823081,https://raw.githubusercontent.com/lancebroz/mlb-pitcher-data/main/data/raw/2026/daily/2026-03-26.parquet,False,2026-03-26,2026-03-26T20:15:00Z,STL,TB,H,Matthew Liberatore,True,STARTER,78,24,15,1,1,7,2,2,1,https://statsapi.mlb.com/api/v1.1/game/823081/feed/live,both,True,P,Pitcher,STARTER/OPENER/BULK,True,QA_VALIDATED_CANONICAL_V3,,,
672782,28.0,7.0,71.0,83.0,250.0,287.0,Bot,823081,https://raw.githubusercontent.com/lancebroz/mlb-pitcher-data/main/data/raw/2026/daily/2026-03-26.parquet,False,2026-03-26,2026-03-26T20:15:00Z,TB,STL,A,Yoendrys Gómez,False,RELIEF_OR_BULK,28,9,6,0,0,2,1,1,0,https://statsapi.mlb.com/api/v1.1/game/823081/feed/live,both,True,P,Pitcher,BULLPEN_PITCHER,True,QA_VALIDATED_CANONICAL_V3,,,
676617,17.0,7.0,70.0,78.0,243.0,271.0,Top,823081,https://raw.githubusercontent.com/lancebroz/mlb-pitcher-data/main/data/raw/2026/daily/2026-03-26.parquet,False,2026-03-26,2026-03-26T20:15:00Z,STL,TB,H,Riley O'Brien,False,RELIEF_OR_BULK,17,5,4,0,0,1,0,2,0,https://statsapi.mlb.com/api/v1.1/game/823081/feed/live,both,True,P,Pitcher,BULLPEN_PITCHER,True,QA_VALIDATED_CANONICAL_V3,,,
677865,9.0,6.0,48.0,50.0,168.0,176.0,Top,823081,https://raw.githubusercontent.com/lancebroz/mlb-pitcher-data/main/data/raw/2026/daily/2026-03-26.parquet,False,2026-03-26,2026-03-26T20:15:00Z,STL,TB,H,Justin Bruihl,False,RELIEF_OR_BULK,9,3,1,2,2,1,1,0,0,https://statsapi.mlb.com/api/v1.1/game/823081/feed/live,both,True,P,Pitcher,BULLPEN_PITCHER,True,QA_VALIDATED_CANONICAL_V3,,,
688297,13.0,6.0,51.0,54.0,177.0,189.0,Top,823081,https://raw.githubusercontent.com/lancebroz/mlb-pitcher-data/main/data/raw/2026/daily/2026-03-26.parquet,False,2026-03-26,2026-03-26T20:15:00Z,STL,TB,H,Chris Roycroft,False,RELIEF_OR_BULK,13,4,1,1,1,3,0,0,0,https://statsapi.mlb.com/api/v1.1/game/823081/feed/live,both,True,P,Pitcher,BULLPEN_PITCHER,True,QA_VALIDATED_CANONICAL_V3,,,
693855,21.0,6.0,55.0,59.0,190.0,210.0,Bot,823081,https://raw.githubusercontent.com/lancebroz/mlb-pitcher-data/main/data/raw/2026/daily/2026-03-26.parquet,False,2026-03-26,2026-03-26T20:15:00Z,TB,STL,A,Ian Seymour,False,RELIEF_OR_BULK,21,5,0,5,5,5,0,0,0,https://statsapi.mlb.com/api/v1.1/game/823081/feed/live,both,True,P,Pitcher,BULLPEN_PITCHER,True,QA_VALIDATED_CANONICAL_V3,,,
694335,16.0,6.0,44.0,47.0,152.0,167.0,Top,823081,https://raw.githubusercontent.com/lancebroz/mlb-pitcher-data/main/data/raw/2026/daily/2026-03-26.parquet,False,2026-03-26,2026-03-26T20:15:00Z,STL,TB,H,Matt Svanson,False,RELIEF_OR_BULK,16,4,1,3,3,3,0,0,0,https://statsapi.mlb.com/api/v1.1/game/823081/feed/live,both,True,P,Pitcher,BULLPEN_PITCHER,True,QA_VALIDATED_CANONICAL_V3,,,
592773,27.0,9.0,64.0,72.0,259.0,298.0,Top,823082,https://raw.githubusercontent.com/lancebroz/mlb-pitcher-data/main/data/raw/2026/daily/2026-03-28.parquet,False,2026-03-28,2026-03-28T18:15:00Z,STL,TB,H,Ryne Stanek,False,RELIEF_OR_BULK,27,6,4,2,1,3,0,2,0,https://statsapi.mlb.com/api/v1.1/game/823082/feed/live,both,True,P,Pitcher,BULLPEN_PITCHER,True,QA_VALIDATED_CANONICAL_V3,,,
641329,13.0,9.0,67.0,69.0,270.0,282.0,Bot,823082,https://raw.githubusercontent.com/lancebroz/mlb-pitcher-data/main/data/raw/2026/daily/2026-03-28.parquet,False,2026-03-28,2026-03-28T18:15:00Z,TB,STL,A,Bryan Baker,False,RELIEF_OR_BULK,13,3,3,0,0,0,0,2,0,https://statsapi.mlb.com/api/v1.1/game/823082/feed/live,both,True,P,Pitcher,BULLPEN_PITCHER,True,QA_VALIDATED_CANONICAL_V3,,,
642121,41.0,7.0,46.0,58.0,181.0,238.0,Bot,823082,https://raw.githubusercontent.com/lancebroz/mlb-pitcher-data/main/data/raw/2026/daily/2026-03-28.parquet,False,2026-03-28,2026-03-28T18:15:00Z,TB,STL,A,Cole Sulser,False,RELIEF_OR_BULK,41,10,6,2,1,2,1,2,0,https://statsapi.mlb.com/api/v1.1/game/823082/feed/live,both,True,P,Pitcher,BULLPEN_PITCHER,True,QA_VALIDATED_CANONICAL_V3,,,
643377,9.0,10.0,73.0,75.0,299.0,307.0,Bot,823082,https://raw.githubusercontent.com/lancebroz/mlb-pitcher-data/main/data/raw/2026/daily/2026-03-28.parquet,False,2026-03-28,2026-03-28T18:15:00Z,TB,STL,A,Griffin Jax,False,RELIEF_OR_BULK,9,3,1,2,1,1,1,0,0,https://statsapi.mlb.com/api/v1.1/game/823082/feed/live,both,True,P,Pitcher,BULLPEN_PITCHER,True,QA_VALIDATED_CANONICAL_V3,,,
668941,17.0,8.0,50.0,52.0,194.0,210.0,Top,823082,https://raw.githubusercontent.com/lancebroz/mlb-pitcher-data/main/data/raw/2026/daily/2026-03-28.parquet,False,2026-03-28,2026-03-28T18:15:00Z,STL,TB,H,JoJo Romero,False,RELIEF_OR_BULK,17,3,3,0,0,0,0,1,0,https://statsapi.mlb.com/api/v1.1/game/823082/feed/live,both,True,P,Pitcher,BULLPEN_PITCHER,True,QA_VALIDATED_CANONICAL_V3,,,
671212,75.0,1.0,3.0,41.0,15.0,171.0,Bot,823082,https://raw.githubusercontent.com/lancebroz/mlb-pitcher-data/main/data/raw/2026/daily/2026-03-28.parquet,False,2026-03-28,2026-03-28T18:15:00Z,TB,STL,A,Joe Boyle,True,STARTER,75,21,18,2,2,3,0,4,0,https://statsapi.mlb.com/api/v1.1/game/823082/feed/live,both,True,P,Pitcher,STARTER/OPENER/BULK,True,QA_VALIDATED_CANONICAL_V3,,,
676617,9.0,7.0,42.0,45.0,172.0,180.0,Top,823082,https://raw.githubusercontent.com/lancebroz/mlb-pitcher-data/main/data/raw/2026/daily/2026-03-28.parquet,False,2026-03-28,2026-03-28T18:15:00Z,STL,TB,H,Riley O'Brien,False,RELIEF_OR_BULK,9,4,3,0,0,2,0,0,0,https://statsapi.mlb.com/api/v1.1/game/823082/feed/live,both,True,P,Pitcher,BULLPEN_PITCHER,True,QA_VALIDATED_CANONICAL_V3,,,
694335,20.0,9.0,59.0,63.0,239.0,258.0,Top,823082,https://raw.githubusercontent.com/lancebroz/mlb-pitcher-data/main/data/raw/2026/daily/2026-03-28.parquet,False,2026-03-28,2026-03-28T18:15:00Z,STL,TB,H,Matt Svanson,False,RELIEF_OR_BULK,20,5,2,3,3,2,1,0,0,https://statsapi.mlb.com/api/v1.1/game/823082/feed/live,both,True,P,Pitcher,BULLPEN_PITCHER,True,QA_VALIDATED_CANONICAL_V3,,,
700241,96.0,1.0,0.0,38.0,1.0,158.0,Top,823082,https://raw.githubusercontent.com/lancebroz/mlb-pitcher-data/main/data/raw/2026/daily/2026-03-28.parquet,False,2026-03-28,2026-03-28T18:15:00Z,STL,TB,H,Michael McGreevy,True,STARTER,96,21,18,0,0,0,2,5,0,https://statsapi.mlb.com/api/v1.1/game/823082/feed/live,both,True,P,Pitcher,STARTER/OPENER/BULK,True,QA_VALIDATED_CANONICAL_V3,,,
595345,11.0,5.0,46.0,48.0,191.0,201.0,Bot,823155,https://raw.githubusercontent.com/lancebroz/mlb-pitcher-data/main/data/raw/2026/daily/2026-04-11.parquet,False,2026-04-11,2026-04-12T01:40:00Z,HOU,SEA,A,Steven Okert,False,RELIEF_OR_BULK,11,3,2,1,1,1,0,0,1,https://statsapi.mlb.com/api/v1.1/game/823155/feed/live,both,True,P,Pitcher,BULLPEN_PITCHER,True,QA_VALIDATED_CANONICAL_V3,,,
621121,79.0,1.0,3.0,45.0,16.0,190.0,Bot,823155,https://raw.githubusercontent.com/lancebroz/mlb-pitcher-data/main/data/raw/2026/daily/2026-04-11.parquet,False,2026-04-11,2026-04-12T01:40:00Z,HOU,SEA,A,Lance McCullers Jr.,True,STARTER,79,19,13,6,6,5,2,4,1,https://statsapi.mlb.com/api/v1.1/game/823155/feed/live,both,True,P,Pitcher,STARTER/OPENER/BULK,True,QA_VALIDATED_CANONICAL_V3,,,
622491,91.0,1.0,0.0,31.0,1.0,142.0,Top,823155,https://raw.githubusercontent.com/lancebroz/mlb-pitcher-data/main/data/raw/2026/daily/2026-04-11.parquet,False,2026-04-11,2026-04-12T01:40:00Z,SEA,HOU,H,Luis Castillo,True,STARTER,91,21,10,7,7,10,1,3,1,https://statsapi.mlb.com/api/v1.1/game/823155/feed/live,both,True,P,Pitcher,STARTER/OPENER/BULK,True,QA_VALIDATED_CANONICAL_V3,,,
650556,23.0,9.0,79.0,83.0,337.0,359.0,Bot,823155,https://raw.githubusercontent.com/lancebroz/mlb-pitcher-data/main/data/raw/2026/daily/2026-04-11.parquet,False,2026-04-11,2026-04-12T01:40:00Z,HOU,SEA,A,Bryan Abreu,False,RELIEF_OR_BULK,23,5,1,1,1,1,3,1,0,https://statsapi.mlb.com/api/v1.1/game/823155/feed/live,both,True,P,Pitcher,BULLPEN_PITCHER,True,QA_VALIDATED_CANONICAL_V3,,,
660825,16.0,7.0,57.0,61.0,252.0,267.0,Top,823155,https://raw.githubusercontent.com/lancebroz/mlb-pitcher-data/main/data/raw/2026/daily/2026-04-11.parquet,False,2026-04-11,2026-04-12T01:40:00Z,SEA,HOU,H,Eduard Bazardo,False,RELIEF_OR_BULK,16,5,3,0,0,2,0,2,0,https://statsapi.mlb.com/api/v1.1/game/823155/feed/live,both,True,P,Pitcher,BULLPEN_PITCHER,True,QA_VALIDATED_CANONICAL_V3,,,
662253,24.0,9.0,73.0,78.0,313.0,336.0,Top,823155,https://raw.githubusercontent.com/lancebroz/mlb-pitcher-data/main/data/raw/2026/daily/2026-04-11.parquet,False,2026-04-11,2026-04-12T01:40:00Z,SEA,HOU,H,Andrés Muñoz,False,RELIEF_OR_BULK,24,6,3,0,0,1,2,1,0,https://statsapi.mlb.com/api/v1.1/game/823155/feed/live,both,True,P,Pitcher,BULLPEN_PITCHER,True,QA_VALIDATED_CANONICAL_V3,,,
666374,12.0,8.0,65.0,69.0,284.0,295.0,Top,823155,https://raw.githubusercontent.com/lancebroz/mlb-pitcher-data/main/data/raw/2026/daily/2026-04-11.parquet,False,2026-04-11,2026-04-12T01:40:00Z,SEA,HOU,H,Matt Brash,False,RELIEF_OR_BULK,12,5,3,0,0,1,1,0,0,https://statsapi.mlb.com/api/v1.1/game/823155/feed/live,both,True,P,Pitcher,BULLPEN_PITCHER,True,QA_VALIDATED_CANONICAL_V3,,,
668984,20.0,4.0,32.0,40.0,143.0,172.0,Top,823155,https://raw.githubusercontent.com/lancebroz/mlb-pitcher-data/main/data/raw/2026/daily/2026-04-11.parquet,False,2026-04-11,2026-04-12T01:40:00Z,SEA,HOU,H,Casey Legumina,False,RELIEF_OR_BULK,20,6,5,0,0,2,0,2,0,https://statsapi.mlb.com/api/v1.1/game/823155/feed/live,both,True,P,Pitcher,BULLPEN_PITCHER,True,QA_VALIDATED_CANONICAL_V3,,,
678606,21.0,6.0,49.0,52.0,202.0,222.0,Top,823155,https://raw.githubusercontent.com/lancebroz/mlb-pitcher-data/main/data/raw/2026/daily/2026-04-11.parquet,False,2026-04-11,2026-04-12T01:40:00Z,SEA,HOU,H,José A. Ferrer,False,RELIEF_OR_BULK,21,4,3,0,0,1,0,1,0,https://statsapi.mlb.com/api/v1.1/game/823155/feed/live,both,True,P,Pitcher,BULLPEN_PITCHER,True,QA_VALIDATED_CANONICAL_V3,,,
678906,20.0,6.0,53.0,55.0,223.0,242.0,Bot,823155,https://raw.githubusercontent.com/lancebroz/mlb-pitcher-data/main/data/raw/2026/daily/2026-04-11.parquet,False,2026-04-11,2026-04-12T01:40:00Z,HOU,SEA,A,Kai-Wei Teng,False,RELIEF_OR_BULK,20,3,2,0,0,0,1,2,0,https://statsapi.mlb.com/api/v1.1/game/823155/feed/live,both,True,P,Pitcher,BULLPEN_PITCHER,True,QA_VALIDATED_CANONICAL_V3,,,
687911,25.0,6.0,56.0,64.0,243.0,283.0,Bot,823155,https://raw.githubusercontent.com/lancebroz/mlb-pitcher-data/main/data/raw/2026/daily/2026-04-11.parquet,False,2026-04-11,2026-04-12T01:40:00Z,HOU,SEA,A,Bryan King,False,RELIEF_OR_BULK,25,4,4,0,0,0,1,1,0,https://statsapi.mlb.com/api/v1.1/game/823155/feed/live,both,True,P,Pitcher,BULLPEN_PITCHER,True,QA_VALIDATED_CANONICAL_V3,,,
805123,17.0,8.0,70.0,72.0,296.0,312.0,Bot,823155,https://raw.githubusercontent.com/lancebroz/mlb-pitcher-data/main/data/raw/2026/daily/2026-04-11.parquet,False,2026-04-11,2026-04-12T01:40:00Z,HOU,SEA,A,AJ Blubaugh,False,RELIEF_OR_BULK,17,3,3,0,0,0,0,0,0,https://statsapi.mlb.com/api/v1.1/game/823155/feed/live,both,True,P,Pitcher,BULLPEN_PITCHER,True,QA_VALIDATED_CANONICAL_V3,,,
595345,21.0,1.0,10.0,21.0,53.0,103.0,Bot,823156,https://raw.githubusercontent.com/lancebroz/mlb-pitcher-data/main/data/raw/2026/daily/2026-04-10.parquet,False,2026-04-10,2026-04-11T01:40:00Z,HOU,SEA,A,Steven Okert,False,RELIEF_OR_BULK,21,5,5,0,0,0,0,2,0,https://statsapi.mlb.com/api/v1.1/game/823156/feed/live,both,True,P,Pitcher,BULLPEN_PITCHER,True,QA_VALIDATED_CANONICAL_V3,,,
641585,59.0,5.0,44.0,65.0,211.0,298.0,Bot,823156,https://raw.githubusercontent.com/lancebroz/mlb-pitcher-data/main/data/raw/2026/daily/2026-04-10.parquet,False,2026-04-10,2026-04-11T01:40:00Z,HOU,SEA,A,J.P. France,False,RELIEF_OR_BULK,59,15,8,4,4,3,4,3,0,https://statsapi.mlb.com/api/v1.1/game/823156/feed/live,both,True,P,Pitcher,BULLPEN_PITCHER,True,QA_VALIDATED_CANONICAL_V3,,,
642100,12.0,6.0,47.0,50.0,224.0,235.0,Top,823156,https://raw.githubusercontent.com/lancebroz/mlb-pitcher-data/main/data/raw/2026/daily/2026-04-10.parquet,False,2026-04-10,2026-04-11T01:40:00Z,SEA,HOU,H,Gabe Speier,False,RELIEF_OR_BULK,12,4,3,0,0,1,0,0,0,https://statsapi.mlb.com/api/v1.1/game/823156/feed/live,both,True,P,Pitcher,BULLPEN_PITCHER,True,QA_VALIDATED_CANONICAL_V3,,,
660825,17.0,7.0,55.0,57.0,250.0,266.0,Top,823156,https://raw.githubusercontent.com/lancebroz/mlb-pitcher-data/main/data/raw/2026/daily/2026-04-10.parquet,False,2026-04-10,2026-04-11T01:40:00Z,SEA,HOU,H,Eduard Bazardo,False,RELIEF_OR_BULK,17,3,3,0,0,0,0,0,0,https://statsapi.mlb.com/api/v1.1/game/823156/feed/live,both,True,P,Pitcher,BULLPEN_PITCHER,True,QA_VALIDATED_CANONICAL_V3,,,
660853,10.0,8.0,72.0,75.0,321.0,330.0,Bot,823156,https://raw.githubusercontent.com/lancebroz/mlb-pitcher-data/main/data/raw/2026/daily/2026-04-10.parquet,False,2026-04-10,2026-04-11T01:40:00Z,HOU,SEA,A,Enyel De Los Santos,False,RELIEF_OR_BULK,10,4,3,0,0,1,0,1,0,https://statsapi.mlb.com/api/v1.1/game/823156/feed/live,both,True,P,Pitcher,BULLPEN_PITCHER,True,QA_VALIDATED_CANONICAL_V3,,,
662253,25.0,9.0,76.0,80.0,331.0,355.0,Top,823156,https://raw.githubusercontent.com/lancebroz/mlb-pitcher-data/main/data/raw/2026/daily/2026-04-10.parquet,False,2026-04-10,2026-04-11T01:40:00Z,SEA,HOU,H,Andrés Muñoz,False,RELIEF_OR_BULK,25,5,3,0,0,0,2,1,0,https://statsapi.mlb.com/api/v1.1/game/823156/feed/live,both,True,P,Pitcher,BULLPEN_PITCHER,True,QA_VALIDATED_CANONICAL_V3,,,
666374,4.0,8.0,71.0,71.0,317.0,320.0,Top,823156,https://raw.githubusercontent.com/lancebroz/mlb-pitcher-data/main/data/raw/2026/daily/2026-04-10.parquet,False,2026-04-10,2026-04-11T01:40:00Z,SEA,HOU,H,Matt Brash,False,RELIEF_OR_BULK,4,1,2,0,0,0,0,0,0,https://statsapi.mlb.com/api/v1.1/game/823156/feed/live,both,True,P,Pitcher,BULLPEN_PITCHER,True,QA_VALIDATED_CANONICAL_V3,,,
676106,88.0,1.0,0.0,39.0,1.0,192.0,Top,823156,https://raw.githubusercontent.com/lancebroz/mlb-pitcher-data/main/data/raw/2026/daily/2026-04-10.parquet,False,2026-04-10,2026-04-11T01:40:00Z,SEA,HOU,H,Emerson Hancock,True,STARTER,88,19,15,3,3,4,2,5,0,https://statsapi.mlb.com/api/v1.1/game/823156/feed/live,both,True,P,Pitcher,STARTER/OPENER/BULK,True,QA_VALIDATED_CANONICAL_V3,,,
677961,18.0,8.0,66.0,70.0,299.0,316.0,Top,823156,https://raw.githubusercontent.com/lancebroz/mlb-pitcher-data/main/data/raw/2026/daily/2026-04-10.parquet,False,2026-04-10,2026-04-11T01:40:00Z,SEA,HOU,H,Cole Wilcox,False,RELIEF_OR_BULK,18,5,1,3,3,3,0,0,1,https://statsapi.mlb.com/api/v1.1/game/823156/feed/live,both,True,P,Pitcher,BULLPEN_PITCHER,True,QA_VALIDATED_CANONICAL_V3,,,
680802,64.0,3.0,25.0,43.0,118.0,210.0,Bot,823156,https://raw.githubusercontent.com/lancebroz/mlb-pitcher-data/main/data/raw/2026/daily/2026-04-10.parquet,False,2026-04-10,2026-04-11T01:40:00Z,HOU,SEA,A,Ryan Weiss,False,RELIEF_OR_BULK,64,13,7,2,2,4,2,4,1,https://statsapi.mlb.com/api/v1.1/game/823156/feed/live,both,True,P,Pitcher,BULLPEN_PITCHER,True,QA_VALIDATED_CANONICAL_V3,,,
837227,37.0,1.0,3.0,9.0,16.0,52.0,Bot,823156,https://raw.githubusercontent.com/lancebroz/mlb-pitcher-data/main/data/raw/2026/daily/2026-04-10.parquet,False,2026-04-10,2026-04-11T01:40:00Z,HOU,SEA,A,Tatsuya Imai,True,STARTER,37,7,1,3,3,1,4,0,0,https://statsapi.mlb.com/api/v1.1/game/823156/feed/live,both,True,P,Pitcher,STARTER/OPENER/BULK,True,QA_VALIDATED_CANONICAL_V3,,,
518585,12.0,7.0,48.0,49.0,182.0,193.0,Bot,823157,https://raw.githubusercontent.com/lancebroz/mlb-pitcher-data/main/data/raw/2026/daily/2026-04-01.parquet,False,2026-04-01,2026-04-01T20:10:00Z,NYY,SEA,A,Fernando Cruz,False,RELIEF_OR_BULK,12,2,2,0,0,0,0,1,0,https://statsapi.mlb.com/api/v1.1/game/823157/feed/live,both,True,P,Pitcher,BULLPEN_PITCHER,True,QA_VALIDATED_CANONICAL_V3,,,
666808,19.0,8.0,54.0,58.0,208.0,226.0,Bot,823157,https://raw.githubusercontent.com/lancebroz/mlb-pitcher-data/main/data/raw/2026/daily/2026-04-01.parquet,False,2026-04-01,2026-04-01T20:10:00Z,NYY,SEA,A,Camilo Doval,False,RELIEF_OR_BULK,19,5,2,2,2,2,1,1,0,https://statsapi.mlb.com/api/v1.1/game/823157/feed/live,both,True,P,Pitcher,BULLPEN_PITCHER,True,QA_VALIDATED_CANONICAL_V3,,,
669923,89.0,1.0,0.0,40.0,1.0,144.0,Top,823157,https://raw.githubusercontent.com/lancebroz/mlb-pitcher-data/main/data/raw/2026/daily/2026-04-01.parquet,False,2026-04-01,2026-04-01T20:10:00Z,SEA,NYY,H,George Kirby,True,STARTER,89,24,18,4,4,5,3,6,1,https://statsapi.mlb.com/api/v1.1/game/823157/feed/live,both,True,P,Pitcher,STARTER/OPENER/BULK,True,QA_VALIDATED_CANONICAL_V3,,,
670280,40.0,8.0,59.0,69.0,227.0,282.0,Bot,823157,https://raw.githubusercontent.com/lancebroz/mlb-pitcher-data/main/data/raw/2026/daily/2026-04-01.parquet,False,2026-04-01,2026-04-01T20:10:00Z,NYY,SEA,A,David Bednar,False,RELIEF_OR_BULK,40,7,4,1,1,3,0,1,0,https://statsapi.mlb.com/api/v1.1/game/823157/feed/live,both,True,P,Pitcher,BULLPEN_PITCHER,True,QA_VALIDATED_CANONICAL_V3,,,
678606,13.0,7.0,44.0,46.0,163.0,175.0,Top,823157,https://raw.githubusercontent.com/lancebroz/mlb-pitcher-data/main/data/raw/2026/daily/2026-04-01.parquet,False,2026-04-01,2026-04-01T20:10:00Z,SEA,NYY,H,José A. Ferrer,False,RELIEF_OR_BULK,13,3,3,0,0,0,0,2,0,https://statsapi.mlb.com/api/v1.1/game/823157/feed/live,both,True,P,Pitcher,BULLPEN_PITCHER,True,QA_VALIDATED_CANONICAL_V3,,,
681867,30.0,8.0,50.0,64.0,194.0,253.0,Top,823157,https://raw.githubusercontent.com/lancebroz/mlb-pitcher-data/main/data/raw/2026/daily/2026-04-01.parquet,False,2026-04-01,2026-04-01T20:10:00Z,SEA,NYY,H,Cooper Criswell,False,RELIEF_OR_BULK,30,7,6,1,1,1,0,1,1,https://statsapi.mlb.com/api/v1.1/game/823157/feed/live,both,True,P,Pitcher,BULLPEN_PITCHER,True,QA_VALIDATED_CANONICAL_V3,,,
693645,79.0,1.0,5.0,47.0,22.0,181.0,Bot,823157,https://raw.githubusercontent.com/lancebroz/mlb-pitcher-data/main/data/raw/2026/daily/2026-04-01.parquet,False,2026-04-01,2026-04-01T20:10:00Z,NYY,SEA,A,Cam Schlittler,True,STARTER,79,21,19,0,0,2,0,7,0,https://statsapi.mlb.com/api/v1.1/game/823157/feed/live,both,True,P,Pitcher,STARTER/OPENER/BULK,True,QA_VALIDATED_CANONICAL_V3,,,
608331,90.0,1.0,6.0,54.0,29.0,209.0,Bot,823158,https://raw.githubusercontent.com/lancebroz/mlb-pitcher-data/main/data/raw/2026/daily/2026-03-31.parquet,False,2026-03-31,2026-04-01T01:40:00Z,NYY,SEA,A,Max Fried,True,STARTER,90,25,21,0,0,3,1,6,0,https://statsapi.mlb.com/api/v1.1/game/823158/feed/live,both,True,P,Pitcher,STARTER/OPENER/BULK,True,QA_VALIDATED_CANONICAL_V3,,,
657612,7.0,9.0,66.0,68.0,245.0,251.0,Bot,823158,https://raw.githubusercontent.com/lancebroz/mlb-pitcher-data/main/data/raw/2026/daily/2026-03-31.parquet,False,2026-03-31,2026-04-01T01:40:00Z,NYY,SEA,A,Tim Hill,False,RELIEF_OR_BULK,7,3,3,0,0,0,0,0,0,https://statsapi.mlb.com/api/v1.1/game/823158/feed/live,both,True,P,Pitcher,BULLPEN_PITCHER,True,QA_VALIDATED_CANONICAL_V3,,,
668984,18.0,8.0,57.0,65.0,217.0,244.0,Top,823158,https://raw.githubusercontent.com/lancebroz/mlb-pitcher-data/main/data/raw/2026/daily/2026-03-31.parquet,False,2026-03-31,2026-04-01T01:40:00Z,SEA,NYY,H,Casey Legumina,False,RELIEF_OR_BULK,18,5,5,0,0,0,0,1,0,https://statsapi.mlb.com/api/v1.1/game/823158/feed/live,both,True,P,Pitcher,BULLPEN_PITCHER,True,QA_VALIDATED_CANONICAL_V3,,,
669302,95.0,1.0,0.0,40.0,1.0,159.0,Top,823158,https://raw.githubusercontent.com/lancebroz/mlb-pitcher-data/main/data/raw/2026/daily/2026-03-31.parquet,False,2026-03-31,2026-04-01T01:40:00Z,SEA,NYY,H,Logan Gilbert,True,STARTER,95,23,16,5,5,7,3,6,0,https://statsapi.mlb.com/api/v1.1/game/823158/feed/live,both,True,P,Pitcher,STARTER/OPENER/BULK,True,QA_VALIDATED_CANONICAL_V3,,,
677961,31.0,6.0,41.0,56.0,160.0,216.0,Top,823158,https://raw.githubusercontent.com/lancebroz/mlb-pitcher-data/main/data/raw/2026/daily/2026-03-31.parquet,False,2026-03-31,2026-04-01T01:40:00Z,SEA,NYY,H,Cole Wilcox,False,RELIEF_OR_BULK,31,8,6,0,0,2,0,3,0,https://statsapi.mlb.com/api/v1.1/game/823158/feed/live,both,True,P,Pitcher,BULLPEN_PITCHER,True,QA_VALIDATED_CANONICAL_V3,,,
687396,10.0,8.0,59.0,62.0,222.0,231.0,Bot,823158,https://raw.githubusercontent.com/lancebroz/mlb-pitcher-data/main/data/raw/2026/daily/2026-03-31.parquet,False,2026-03-31,2026-04-01T01:40:00Z,NYY,SEA,A,Brent Headrick,False,RELIEF_OR_BULK,10,4,3,0,0,1,0,1,0,https://statsapi.mlb.com/api/v1.1/game/823158/feed/live,both,True,P,Pitcher,BULLPEN_PITCHER,True,QA_VALIDATED_CANONICAL_V3,,,
518585,11.0,5.0,38.0,39.0,164.0,174.0,Bot,823159,https://raw.githubusercontent.com/lancebroz/mlb-pitcher-data/main/data/raw/2026/daily/2026-03-30.parquet,False,2026-03-30,2026-03-31T01:40:00Z,NYY,SEA,A,Fernando Cruz,False,RELIEF_OR_BULK,11,2,2,0,0,0,0,2,0,https://statsapi.mlb.com/api/v1.1/game/823159/feed/live,both,True,P,Pitcher,BULLPEN_PITCHER,True,QA_VALIDATED_CANONICAL_V3,,,
621112,22.0,8.0,61.0,72.0,253.0,291.0,Bot,823159,https://raw.githubusercontent.com/lancebroz/mlb-pitcher-data/main/data/raw/2026/daily/2026-03-30.parquet,False,2026-03-30,2026-03-31T01:40:00Z,NYY,SEA,A,Paul Blackburn,False,RELIEF_OR_BULK,22,8,4,1,1,3,1,0,0,https://statsapi.mlb.com/api/v1.1/game/823159/feed/live,both,True,P,Pitcher,BULLPEN_PITCHER,True,QA_VALIDATED_CANONICAL_V3,,,
622491,95.0,1.0,0.0,42.0,1.0,183.0,Top,823159,https://raw.githubusercontent.com/lancebroz/mlb-pitcher-data/main/data/raw/2026/daily/2026-03-30.parquet,False,2026-03-30,2026-03-31T01:40:00Z,SEA,NYY,H,Luis Castillo,True,STARTER,95,21,18,0,0,3,2,7,0,https://statsapi.mlb.com/api/v1.1/game/823159/feed/live,both,True,P,Pitcher,STARTER/OPENER/BULK,True,QA_VALIDATED_CANONICAL_V3,,,
642100,16.0,8.0,57.0,60.0,237.0,252.0,Top,823159,https://raw.githubusercontent.com/lancebroz/mlb-pitcher-data/main/data/raw/2026/daily/2026-03-30.parquet,False,2026-03-30,2026-03-31T01:40:00Z,SEA,NYY,H,Gabe Speier,False,RELIEF_OR_BULK,16,4,3,0,0,1,0,2,0,https://statsapi.mlb.com/api/v1.1/game/823159/feed/live,both,True,P,Pitcher,BULLPEN_PITCHER,True,QA_VALIDATED_CANONICAL_V3,,,
656234,14.0,6.0,43.0,46.0,184.0,197.0,Bot,823159,https://raw.githubusercontent.com/lancebroz/mlb-pitcher-data/main/data/raw/2026/daily/2026-03-30.parquet,False,2026-03-30,2026-03-31T01:40:00Z,NYY,SEA,A,Jake Bird,False,RELIEF_OR_BULK,14,4,3,0,0,0,0,0,0,https://statsapi.mlb.com/api/v1.1/game/823159/feed/live,both,True,P,Pitcher,BULLPEN_PITCHER,True,QA_VALIDATED_CANONICAL_V3,,,
660825,6.0,7.0,50.0,51.0,213.0,218.0,Top,823159,https://raw.githubusercontent.com/lancebroz/mlb-pitcher-data/main/data/raw/2026/daily/2026-03-30.parquet,False,2026-03-30,2026-03-31T01:40:00Z,SEA,NYY,H,Eduard Bazardo,False,RELIEF_OR_BULK,6,2,2,0,0,0,0,0,0,https://statsapi.mlb.com/api/v1.1/game/823159/feed/live,both,True,P,Pitcher,BULLPEN_PITCHER,True,QA_VALIDATED_CANONICAL_V3,,,
666374,17.0,9.0,65.0,68.0,263.0,279.0,Top,823159,https://raw.githubusercontent.com/lancebroz/mlb-pitcher-data/main/data/raw/2026/daily/2026-03-30.parquet,False,2026-03-30,2026-03-31T01:40:00Z,SEA,NYY,H,Matt Brash,False,RELIEF_OR_BULK,17,4,3,0,0,1,0,1,0,https://statsapi.mlb.com/api/v1.1/game/823159/feed/live,both,True,P,Pitcher,BULLPEN_PITCHER,True,QA_VALIDATED_CANONICAL_V3,,,
666808,2.0,7.0,56.0,56.0,235.0,236.0,Bot,823159,https://raw.githubusercontent.com/lancebroz/mlb-pitcher-data/main/data/raw/2026/daily/2026-03-30.parquet,False,2026-03-30,2026-03-31T01:40:00Z,NYY,SEA,A,Camilo Doval,False,RELIEF_OR_BULK,2,1,1,0,0,0,0,0,0,https://statsapi.mlb.com/api/v1.1/game/823159/feed/live,both,True,P,Pitcher,BULLPEN_PITCHER,True,QA_VALIDATED_CANONICAL_V3,,,
677960,77.0,1.0,3.0,37.0,11.0,163.0,Bot,823159,https://raw.githubusercontent.com/lancebroz/mlb-pitcher-data/main/data/raw/2026/daily/2026-03-30.parquet,False,2026-03-30,2026-03-31T01:40:00Z,NYY,SEA,A,Ryan Weathers,True,STARTER,77,19,13,1,1,4,2,7,0,https://statsapi.mlb.com/api/v1.1/game/823159/feed/live,both,True,P,Pitcher,STARTER/OPENER/BULK,True,QA_VALIDATED_CANONICAL_V3,,,
678606,15.0,7.0,47.0,49.0,198.0,212.0,Top,823159,https://raw.githubusercontent.com/lancebroz/mlb-pitcher-data/main/data/raw/2026/daily/2026-03-30.parquet,False,2026-03-30,2026-03-31T01:40:00Z,SEA,NYY,H,José A. Ferrer,False,RELIEF_OR_BULK,15,3,1,1,0,1,0,0,0,https://statsapi.mlb.com/api/v1.1/game/823159/feed/live,both,True,P,Pitcher,BULLPEN_PITCHER,True,QA_VALIDATED_CANONICAL_V3,,,
687396,16.0,7.0,52.0,55.0,219.0,234.0,Bot,823159,https://raw.githubusercontent.com/lancebroz/mlb-pitcher-data/main/data/raw/2026/daily/2026-03-30.parquet,False,2026-03-30,2026-03-31T01:40:00Z,NYY,SEA,A,Brent Headrick,False,RELIEF_OR_BULK,16,4,2,0,0,2,0,2,0,https://statsapi.mlb.com/api/v1.1/game/823159/feed/live,both,True,P,Pitcher,BULLPEN_PITCHER,True,QA_VALIDATED_CANONICAL_V3,,,
670059,35.0,7.0,55.0,67.0,236.0,295.0,Bot,823160,https://raw.githubusercontent.com/lancebroz/mlb-pitcher-data/main/data/raw/2026/daily/2026-03-29.parquet,False,2026-03-29,2026-03-29T23:20:00Z,CLE,SEA,A,Colin Holderman,False,RELIEF_OR_BULK,35,9,6,1,0,1,1,2,0,https://statsapi.mlb.com/api/v1.1/game/823160/feed/live,both,True,P,Pitcher,BULLPEN_PITCHER,True,QA_VALIDATED_CANONICAL_V3,,,
676106,97.0,1.0,0.0,45.0,1.0,201.0,Top,823160,https://raw.githubusercontent.com/lancebroz/mlb-pitcher-data/main/data/raw/2026/daily/2026-03-29.parquet,False,2026-03-29,2026-03-29T23:20:00Z,SEA,CLE,H,Emerson Hancock,True,STARTER,97,19,18,0,0,0,1,9,0,https://statsapi.mlb.com/api/v1.1/game/823160/feed/live,both,True,P,Pitcher,STARTER/OPENER/BULK,True,QA_VALIDATED_CANONICAL_V3,,,
677944,93.0,1.0,4.0,39.0,23.0,176.0,Bot,823160,https://raw.githubusercontent.com/lancebroz/mlb-pitcher-data/main/data/raw/2026/daily/2026-03-29.parquet,False,2026-03-29,2026-03-29T23:20:00Z,CLE,SEA,A,Slade Cecconi,True,STARTER,93,24,13,6,6,6,3,5,1,https://statsapi.mlb.com/api/v1.1/game/823160/feed/live,both,True,P,Pitcher,STARTER/OPENER/BULK,True,QA_VALIDATED_CANONICAL_V3,,,
681867,44.0,7.0,52.0,70.0,229.0,307.0,Top,823160,https://raw.githubusercontent.com/lancebroz/mlb-pitcher-data/main/data/raw/2026/daily/2026-03-29.parquet,False,2026-03-29,2026-03-29T23:20:00Z,SEA,CLE,H,Cooper Criswell,False,RELIEF_OR_BULK,44,10,9,0,0,2,0,5,0,https://statsapi.mlb.com/api/v1.1/game/823160/feed/live,both,True,P,Pitcher,BULLPEN_PITCHER,True,QA_VALIDATED_CANONICAL_V3,,,
688883,38.0,5.0,40.0,51.0,177.0,228.0,Bot,823160,https://raw.githubusercontent.com/lancebroz/mlb-pitcher-data/main/data/raw/2026/daily/2026-03-29.parquet,False,2026-03-29,2026-03-29T23:20:00Z,CLE,SEA,A,Peyton Pallette,False,RELIEF_OR_BULK,38,9,5,1,1,2,1,1,0,https://statsapi.mlb.com/api/v1.1/game/823160/feed/live,both,True,P,Pitcher,BULLPEN_PITCHER,True,QA_VALIDATED_CANONICAL_V3,,,
542888,19.0,7.0,60.0,67.0,255.0,296.0,Bot,823161,https://raw.githubusercontent.com/lancebroz/mlb-pitcher-data/main/data/raw/2026/daily/2026-03-28.parquet,False,2026-03-28,2026-03-29T01:40:00Z,CLE,SEA,A,Shawn Armstrong,False,RELIEF_OR_BULK,19,4,4,0,0,0,1,1,0,https://statsapi.mlb.com/api/v1.1/game/823161/feed/live,both,True,P,Pitcher,BULLPEN_PITCHER,True,QA_VALIDATED_CANONICAL_V3,,,
641401,17.0,10.0,82.0,85.0,355.0,371.0,Bot,823161,https://raw.githubusercontent.com/lancebroz/mlb-pitcher-data/main/data/raw/2026/daily/2026-03-28.parquet,False,2026-03-28,2026-03-29T01:40:00Z,CLE,SEA,A,Connor Brogdon,False,RELIEF_OR_BULK,17,4,3,2,1,1,0,2,1,https://statsapi.mlb.com/api/v1.1/game/823161/feed/live,both,True,P,Pitcher,BULLPEN_PITCHER,True,QA_VALIDATED_CANONICAL_V3,,,
642100,3.0,7.0,55.0,55.0,232.0,234.0,Top,823161,https://raw.githubusercontent.com/lancebroz/mlb-pitcher-data/main/data/raw/2026/daily/2026-03-28.parquet,False,2026-03-28,2026-03-29T01:40:00Z,SEA,CLE,H,Gabe Speier,False,RELIEF_OR_BULK,3,1,1,0,0,0,0,0,0,https://statsapi.mlb.com/api/v1.1/game/823161/feed/live,both,True,P,Pitcher,BULLPEN_PITCHER,True,QA_VALIDATED_CANONICAL_V3,,,
660825,24.0,7.0,50.0,54.0,208.0,231.0,Top,823161,https://raw.githubusercontent.com/lancebroz/mlb-pitcher-data/main/data/raw/2026/daily/2026-03-28.parquet,False,2026-03-28,2026-03-29T01:40:00Z,SEA,CLE,H,Eduard Bazardo,False,RELIEF_OR_BULK,24,5,2,1,1,1,2,1,0,https://statsapi.mlb.com/api/v1.1/game/823161/feed/live,both,True,P,Pitcher,BULLPEN_PITCHER,True,QA_VALIDATED_CANONICAL_V3,,,
662253,20.0,10.0,77.0,81.0,335.0,354.0,Top,823161,https://raw.githubusercontent.com/lancebroz/mlb-pitcher-data/main/data/raw/2026/daily/2026-03-28.parquet,False,2026-03-28,2026-03-29T01:40:00Z,SEA,CLE,H,Andrés Muñoz,False,RELIEF_OR_BULK,20,5,3,3,2,2,0,1,1,https://statsapi.mlb.com/api/v1.1/game/823161/feed/live,both,True,P,Pitcher,BULLPEN_PITCHER,True,QA_VALIDATED_CANONICAL_V3,,,
668984,23.0,8.0,61.0,64.0,260.0,282.0,Top,823161,https://raw.githubusercontent.com/lancebroz/mlb-pitcher-data/main/data/raw/2026/daily/2026-03-28.parquet,False,2026-03-28,2026-03-29T01:40:00Z,SEA,CLE,H,Casey Legumina,False,RELIEF_OR_BULK,23,4,3,0,0,1,0,1,0,https://statsapi.mlb.com/api/v1.1/game/823161/feed/live,both,True,P,Pitcher,BULLPEN_PITCHER,True,QA_VALIDATED_CANONICAL_V3,,,
670036,14.0,4.0,31.0,45.0,134.0,188.0,Bot,823161,https://raw.githubusercontent.com/lancebroz/mlb-pitcher-data/main/data/raw/2026/daily/2026-03-28.parquet,False,2026-03-28,2026-03-29T01:40:00Z,CLE,SEA,A,Matt Festa,False,RELIEF_OR_BULK,14,5,5,0,0,0,0,1,0,https://statsapi.mlb.com/api/v1.1/game/823161/feed/live,both,True,P,Pitcher,BULLPEN_PITCHER,True,QA_VALIDATED_CANONICAL_V3,,,
671922,28.0,9.0,71.0,76.0,307.0,334.0,Bot,823161,https://raw.githubusercontent.com/lancebroz/mlb-pitcher-data/main/data/raw/2026/daily/2026-03-28.parquet,False,2026-03-28,2026-03-29T01:40:00Z,CLE,SEA,A,Cade Smith,False,RELIEF_OR_BULK,28,6,3,1,1,2,1,2,0,https://statsapi.mlb.com/api/v1.1/game/823161/feed/live,both,True,P,Pitcher,BULLPEN_PITCHER,True,QA_VALIDATED_CANONICAL_V3,,,
676282,91.0,1.0,3.0,30.0,11.0,133.0,Bot,823161,https://raw.githubusercontent.com/lancebroz/mlb-pitcher-data/main/data/raw/2026/daily/2026-03-28.parquet,False,2026-03-28,2026-03-29T01:40:00Z,CLE,SEA,A,Joey Cantillo,True,STARTER,91,18,11,2,2,4,3,5,0,https://statsapi.mlb.com/api/v1.1/game/823161/feed/live,both,True,P,Pitcher,STARTER/OPENER/BULK,True,QA_VALIDATED_CANONICAL_V3,,,
677961,10.0,9.0,68.0,70.0,297.0,306.0,Top,823161,https://raw.githubusercontent.com/lancebroz/mlb-pitcher-data/main/data/raw/2026/daily/2026-03-28.parquet,False,2026-03-28,2026-03-29T01:40:00Z,SEA,CLE,H,Cole Wilcox,False,RELIEF_OR_BULK,10,3,3,0,0,0,0,1,0,https://statsapi.mlb.com/api/v1.1/game/823161/feed/live,both,True,P,Pitcher,BULLPEN_PITCHER,True,QA_VALIDATED_CANONICAL_V3,,,
681870,20.0,7.0,56.0,59.0,235.0,254.0,Bot,823161,https://raw.githubusercontent.com/lancebroz/mlb-pitcher-data/main/data/raw/2026/daily/2026-03-28.parquet,False,2026-03-28,2026-03-29T01:40:00Z,CLE,SEA,A,Erik Sabrowski,False,RELIEF_OR_BULK,20,4,2,0,0,0,2,1,0,https://statsapi.mlb.com/api/v1.1/game/823161/feed/live,both,True,P,Pitcher,BULLPEN_PITCHER,True,QA_VALIDATED_CANONICAL_V3,,,
682120,19.0,6.0,46.0,49.0,189.0,207.0,Bot,823161,https://raw.githubusercontent.com/lancebroz/mlb-pitcher-data/main/data/raw/2026/daily/2026-03-28.parquet,False,2026-03-28,2026-03-29T01:40:00Z,CLE,SEA,A,Tim Herrin,False,RELIEF_OR_BULK,19,4,2,0,0,2,0,0,0,https://statsapi.mlb.com/api/v1.1/game/823161/feed/live,both,True,P,Pitcher,BULLPEN_PITCHER,True,QA_VALIDATED_CANONICAL_V3,,,
693433,83.0,1.0,0.0,44.0,1.0,184.0,Top,823161,https://raw.githubusercontent.com/lancebroz/mlb-pitcher-data/main/data/raw/2026/daily/2026-03-28.parquet,False,2026-03-28,2026-03-29T01:40:00Z,SEA,CLE,H,Bryan Woo,True,STARTER,83,23,18,2,2,4,1,9,0,https://statsapi.mlb.com/api/v1.1/game/823161/feed/live,both,True,P,Pitcher,STARTER/OPENER/BULK,True,QA_VALIDATED_CANONICAL_V3,,,
660825,17.0,7.0,49.0,52.0,207.0,223.0,Top,823162,https://raw.githubusercontent.com/lancebroz/mlb-pitcher-data/main/data/raw/2026/daily/2026-03-27.parquet,False,2026-03-27,2026-03-28T01:45:00Z,SEA,CLE,H,Eduard Bazardo,False,RELIEF_OR_BULK,17,4,3,0,0,0,1,1,0,https://statsapi.mlb.com/api/v1.1/game/823162/feed/live,both,True,P,Pitcher,BULLPEN_PITCHER,True,QA_VALIDATED_CANONICAL_V3,,,
662253,17.0,9.0,63.0,66.0,262.0,278.0,Top,823162,https://raw.githubusercontent.com/lancebroz/mlb-pitcher-data/main/data/raw/2026/daily/2026-03-27.parquet,False,2026-03-27,2026-03-28T01:45:00Z,SEA,CLE,H,Andrés Muñoz,False,RELIEF_OR_BULK,17,4,3,0,0,1,0,2,0,https://statsapi.mlb.com/api/v1.1/game/823162/feed/live,both,True,P,Pitcher,BULLPEN_PITCHER,True,QA_VALIDATED_CANONICAL_V3,,,
666374,17.0,8.0,56.0,59.0,239.0,255.0,Top,823162,https://raw.githubusercontent.com/lancebroz/mlb-pitcher-data/main/data/raw/2026/daily/2026-03-27.parquet,False,2026-03-27,2026-03-28T01:45:00Z,SEA,CLE,H,Matt Brash,False,RELIEF_OR_BULK,17,4,3,0,0,1,0,0,0,https://statsapi.mlb.com/api/v1.1/game/823162/feed/live,both,True,P,Pitcher,BULLPEN_PITCHER,True,QA_VALIDATED_CANONICAL_V3,,,
668909,89.0,1.0,4.0,40.0,15.0,168.0,Bot,823162,https://raw.githubusercontent.com/lancebroz/mlb-pitcher-data/main/data/raw/2026/daily/2026-03-27.parquet,False,2026-03-27,2026-03-28T01:45:00Z,CLE,SEA,A,Gavin Williams,True,STARTER,89,22,15,3,3,2,6,7,1,https://statsapi.mlb.com/api/v1.1/game/823162/feed/live,both,True,P,Pitcher,STARTER/OPENER/BULK,True,QA_VALIDATED_CANONICAL_V3,,,
669923,90.0,1.0,0.0,43.0,1.0,179.0,Top,823162,https://raw.githubusercontent.com/lancebroz/mlb-pitcher-data/main/data/raw/2026/daily/2026-03-27.parquet,False,2026-03-27,2026-03-28T01:45:00Z,SEA,CLE,H,George Kirby,True,STARTER,90,22,18,1,1,2,2,6,1,https://statsapi.mlb.com/api/v1.1/game/823162/feed/live,both,True,P,Pitcher,STARTER/OPENER/BULK,True,QA_VALIDATED_CANONICAL_V3,,,
670059,27.0,6.0,44.0,48.0,180.0,206.0,Bot,823162,https://raw.githubusercontent.com/lancebroz/mlb-pitcher-data/main/data/raw/2026/daily/2026-03-27.parquet,False,2026-03-27,2026-03-28T01:45:00Z,CLE,SEA,A,Colin Holderman,False,RELIEF_OR_BULK,27,5,3,2,2,1,1,1,1,https://statsapi.mlb.com/api/v1.1/game/823162/feed/live,both,True,P,Pitcher,BULLPEN_PITCHER,True,QA_VALIDATED_CANONICAL_V3,,,
688883,21.0,7.0,53.0,62.0,224.0,261.0,Bot,823162,https://raw.githubusercontent.com/lancebroz/mlb-pitcher-data/main/data/raw/2026/daily/2026-03-27.parquet,False,2026-03-27,2026-03-28T01:45:00Z,CLE,SEA,A,Peyton Pallette,False,RELIEF_OR_BULK,21,6,6,0,0,0,0,2,0,https://statsapi.mlb.com/api/v1.1/game/823162/feed/live,both,True,P,Pitcher,BULLPEN_PITCHER,True,QA_VALIDATED_CANONICAL_V3,,,
542888,10.0,7.0,55.0,57.0,212.0,221.0,Bot,823163,https://raw.githubusercontent.com/lancebroz/mlb-pitcher-data/main/data/raw/2026/daily/2026-03-26.parquet,False,2026-03-26,2026-03-27T02:10:00Z,CLE,SEA,A,Shawn Armstrong,False,RELIEF_OR_BULK,10,3,2,1,1,1,0,2,1,https://statsapi.mlb.com/api/v1.1/game/823163/feed/live,both,True,P,Pitcher,BULLPEN_PITCHER,True,QA_VALIDATED_CANONICAL_V3,,,
641401,16.0,6.0,45.0,48.0,176.0,191.0,Bot,823163,https://raw.githubusercontent.com/lancebroz/mlb-pitcher-data/main/data/raw/2026/daily/2026-03-26.parquet,False,2026-03-26,2026-03-27T02:10:00Z,CLE,SEA,A,Connor Brogdon,False,RELIEF_OR_BULK,16,4,3,0,0,1,0,1,0,https://statsapi.mlb.com/api/v1.1/game/823163/feed/live,both,True,P,Pitcher,BULLPEN_PITCHER,True,QA_VALIDATED_CANONICAL_V3,,,
642100,20.0,7.0,49.0,54.0,192.0,211.0,Top,823163,https://raw.githubusercontent.com/lancebroz/mlb-pitcher-data/main/data/raw/2026/daily/2026-03-26.parquet,False,2026-03-26,2026-03-27T02:10:00Z,SEA,CLE,H,Gabe Speier,False,RELIEF_OR_BULK,20,6,3,2,2,3,0,1,0,https://statsapi.mlb.com/api/v1.1/game/823163/feed/live,both,True,P,Pitcher,BULLPEN_PITCHER,True,QA_VALIDATED_CANONICAL_V3,,,
668984,29.0,8.0,59.0,64.0,227.0,255.0,Top,823163,https://raw.githubusercontent.com/lancebroz/mlb-pitcher-data/main/data/raw/2026/daily/2026-03-26.parquet,False,2026-03-26,2026-03-27T02:10:00Z,SEA,CLE,H,Casey Legumina,False,RELIEF_OR_BULK,29,6,3,0,0,1,1,2,0,https://statsapi.mlb.com/api/v1.1/game/823163/feed/live,both,True,P,Pitcher,BULLPEN_PITCHER,True,QA_VALIDATED_CANONICAL_V3,,,
669302,86.0,1.0,0.0,40.0,1.0,164.0,Top,823163,https://raw.githubusercontent.com/lancebroz/mlb-pitcher-data/main/data/raw/2026/daily/2026-03-26.parquet,False,2026-03-26,2026-03-27T02:10:00Z,SEA,CLE,H,Logan Gilbert,True,STARTER,86,21,16,3,3,5,0,7,1,https://statsapi.mlb.com/api/v1.1/game/823163/feed/live,both,True,P,Pitcher,STARTER/OPENER/BULK,True,QA_VALIDATED_CANONICAL_V3,,,
671922,13.0,9.0,72.0,74.0,284.0,296.0,Bot,823163,https://raw.githubusercontent.com/lancebroz/mlb-pitcher-data/main/data/raw/2026/daily/2026-03-26.parquet,False,2026-03-26,2026-03-27T02:10:00Z,CLE,SEA,A,Cade Smith,False,RELIEF_OR_BULK,13,3,3,0,0,0,0,1,0,https://statsapi.mlb.com/api/v1.1/game/823163/feed/live,both,True,P,Pitcher,BULLPEN_PITCHER,True,QA_VALIDATED_CANONICAL_V3,,,
676440,78.0,1.0,4.0,39.0,22.0,161.0,Bot,823163,https://raw.githubusercontent.com/lancebroz/mlb-pitcher-data/main/data/raw/2026/daily/2026-03-26.parquet,False,2026-03-26,2026-03-27T02:10:00Z,CLE,SEA,A,Tanner Bibee,True,STARTER,78,20,15,3,3,4,2,7,3,https://statsapi.mlb.com/api/v1.1/game/823163/feed/live,both,True,P,Pitcher,STARTER/OPENER/BULK,True,QA_VALIDATED_CANONICAL_V3,,,
678606,11.0,6.0,41.0,44.0,165.0,175.0,Top,823163,https://raw.githubusercontent.com/lancebroz/mlb-pitcher-data/main/data/raw/2026/daily/2026-03-26.parquet,False,2026-03-26,2026-03-27T02:10:00Z,SEA,CLE,H,José A. Ferrer,False,RELIEF_OR_BULK,11,4,2,0,0,2,0,0,0,https://statsapi.mlb.com/api/v1.1/game/823163/feed/live,both,True,P,Pitcher,BULLPEN_PITCHER,True,QA_VALIDATED_CANONICAL_V3,,,
681867,17.0,9.0,68.0,71.0,267.0,283.0,Top,823163,https://raw.githubusercontent.com/lancebroz/mlb-pitcher-data/main/data/raw/2026/daily/2026-03-26.parquet,False,2026-03-26,2026-03-27T02:10:00Z,SEA,CLE,H,Cooper Criswell,False,RELIEF_OR_BULK,17,4,3,1,1,1,1,1,1,https://statsapi.mlb.com/api/v1.1/game/823163/feed/live,both,True,P,Pitcher,BULLPEN_PITCHER,True,QA_VALIDATED_CANONICAL_V3,,,
681870,16.0,7.0,58.0,67.0,222.0,266.0,Bot,823163,https://raw.githubusercontent.com/lancebroz/mlb-pitcher-data/main/data/raw/2026/daily/2026-03-26.parquet,False,2026-03-26,2026-03-27T02:10:00Z,CLE,SEA,A,Erik Sabrowski,False,RELIEF_OR_BULK,16,4,4,0,0,0,0,3,0,https://statsapi.mlb.com/api/v1.1/game/823163/feed/live,both,True,P,Pitcher,BULLPEN_PITCHER,True,QA_VALIDATED_CANONICAL_V3,,,
605400,84.0,1.0,5.0,47.0,18.0,183.0,Bot,823234,https://raw.githubusercontent.com/lancebroz/mlb-pitcher-data/main/data/raw/2026/daily/2026-04-08.parquet,False,2026-04-08,2026-04-08T19:45:00Z,PHI,SF,A,Aaron Nola,True,STARTER,84,23,18,3,3,5,1,3,1,https://statsapi.mlb.com/api/v1.1/game/823234/feed/live,both,True,P,Pitcher,STARTER/OPENER/BULK,True,QA_VALIDATED_CANONICAL_V3,,,
621237,17.0,8.0,60.0,64.0,236.0,252.0,Bot,823234,https://raw.githubusercontent.com/lancebroz/mlb-pitcher-data/main/data/raw/2026/daily/2026-04-08.parquet,False,2026-04-08,2026-04-08T19:45:00Z,PHI,SF,A,José Alvarado,False,RELIEF_OR_BULK,17,5,2,2,1,2,0,2,0,https://statsapi.mlb.com/api/v1.1/game/823234/feed/live,both,True,P,Pitcher,BULLPEN_PITCHER,True,QA_VALIDATED_CANONICAL_V3,,,
641816,94.0,1.0,0.0,40.0,1.0,159.0,Top,823234,https://raw.githubusercontent.com/lancebroz/mlb-pitcher-data/main/data/raw/2026/daily/2026-04-08.parquet,False,2026-04-08,2026-04-08T19:45:00Z,SF,PHI,H,Tyler Mahle,True,STARTER,94,24,17,0,0,3,4,6,0,https://statsapi.mlb.com/api/v1.1/game/823234/feed/live,both,True,P,Pitcher,STARTER/OPENER/BULK,True,QA_VALIDATED_CANONICAL_V3,,,
647315,5.0,8.0,65.0,66.0,253.0,257.0,Bot,823234,https://raw.githubusercontent.com/lancebroz/mlb-pitcher-data/main/data/raw/2026/daily/2026-04-08.parquet,False,2026-04-08,2026-04-08T19:45:00Z,PHI,SF,A,Zach Pop,False,RELIEF_OR_BULK,5,2,1,0,0,1,0,0,0,https://statsapi.mlb.com/api/v1.1/game/823234/feed/live,both,True,P,Pitcher,BULLPEN_PITCHER,True,QA_VALIDATED_CANONICAL_V3,,,
657424,13.0,6.0,41.0,49.0,160.0,191.0,Top,823234,https://raw.githubusercontent.com/lancebroz/mlb-pitcher-data/main/data/raw/2026/daily/2026-04-08.parquet,False,2026-04-08,2026-04-08T19:45:00Z,SF,PHI,H,Matt Gage,False,RELIEF_OR_BULK,13,3,2,0,0,1,0,1,0,https://statsapi.mlb.com/api/v1.1/game/823234/feed/live,both,True,P,Pitcher,BULLPEN_PITCHER,True,QA_VALIDATED_CANONICAL_V3,,,
668873,13.0,7.0,50.0,52.0,192.0,204.0,Top,823234,https://raw.githubusercontent.com/lancebroz/mlb-pitcher-data/main/data/raw/2026/daily/2026-04-08.parquet,False,2026-04-08,2026-04-08T19:45:00Z,SF,PHI,H,Caleb Kilian,False,RELIEF_OR_BULK,13,3,2,0,0,0,1,1,0,https://statsapi.mlb.com/api/v1.1/game/823234/feed/live,both,True,P,Pitcher,BULLPEN_PITCHER,True,QA_VALIDATED_CANONICAL_V3,,,
669062,17.0,9.0,67.0,69.0,258.0,274.0,Top,823234,https://raw.githubusercontent.com/lancebroz/mlb-pitcher-data/main/data/raw/2026/daily/2026-04-08.parquet,False,2026-04-08,2026-04-08T19:45:00Z,SF,PHI,H,Erik Miller,False,RELIEF_OR_BULK,17,3,3,0,0,0,0,2,0,https://statsapi.mlb.com/api/v1.1/game/823234/feed/live,both,True,P,Pitcher,BULLPEN_PITCHER,True,QA_VALIDATED_CANONICAL_V3,,,
680742,18.0,7.0,53.0,56.0,205.0,222.0,Bot,823234,https://raw.githubusercontent.com/lancebroz/mlb-pitcher-data/main/data/raw/2026/daily/2026-04-08.parquet,False,2026-04-08,2026-04-08T19:45:00Z,PHI,SF,A,Jonathan Bowlan,False,RELIEF_OR_BULK,18,4,3,0,0,1,0,1,0,https://statsapi.mlb.com/api/v1.1/game/823234/feed/live,both,True,P,Pitcher,BULLPEN_PITCHER,True,QA_VALIDATED_CANONICAL_V3,,,
694918,13.0,8.0,57.0,59.0,223.0,235.0,Top,823234,https://raw.githubusercontent.com/lancebroz/mlb-pitcher-data/main/data/raw/2026/daily/2026-04-08.parquet,False,2026-04-08,2026-04-08T19:45:00Z,SF,PHI,H,Blade Tidwell,False,RELIEF_OR_BULK,13,3,3,0,0,0,0,0,0,https://statsapi.mlb.com/api/v1.1/game/823234/feed/live,both,True,P,Pitcher,BULLPEN_PITCHER,True,QA_VALIDATED_CANONICAL_V3,,,
592662,109.0,1.0,0.0,52.0,1.0,214.0,Top,823235,https://raw.githubusercontent.com/lancebroz/mlb-pitcher-data/main/data/raw/2026/daily/2026-04-07.parquet,False,2026-04-07,2026-04-08T01:45:00Z,SF,PHI,H,Robbie Ray,True,STARTER,109,26,20,0,0,3,3,7,0,https://statsapi.mlb.com/api/v1.1/game/823235/feed/live,both,True,P,Pitcher,STARTER/OPENER/BULK,True,QA_VALIDATED_CANONICAL_V3,,,
621383,18.0,7.0,54.0,56.0,221.0,238.0,Bot,823235,https://raw.githubusercontent.com/lancebroz/mlb-pitcher-data/main/data/raw/2026/daily/2026-04-07.parquet,False,2026-04-07,2026-04-08T01:45:00Z,PHI,SF,A,Tanner Banks,False,RELIEF_OR_BULK,18,3,3,0,0,0,0,2,0,https://statsapi.mlb.com/api/v1.1/game/823235/feed/live,both,True,P,Pitcher,BULLPEN_PITCHER,True,QA_VALIDATED_CANONICAL_V3,,,
647315,13.0,6.0,46.0,48.0,183.0,195.0,Bot,823235,https://raw.githubusercontent.com/lancebroz/mlb-pitcher-data/main/data/raw/2026/daily/2026-04-07.parquet,False,2026-04-07,2026-04-08T01:45:00Z,PHI,SF,A,Zach Pop,False,RELIEF_OR_BULK,13,3,3,0,0,0,0,0,0,https://statsapi.mlb.com/api/v1.1/game/823235/feed/live,both,True,P,Pitcher,BULLPEN_PITCHER,True,QA_VALIDATED_CANONICAL_V3,,,
650911,92.0,1.0,4.0,45.0,11.0,182.0,Bot,823235,https://raw.githubusercontent.com/lancebroz/mlb-pitcher-data/main/data/raw/2026/daily/2026-04-07.parquet,False,2026-04-07,2026-04-08T01:45:00Z,PHI,SF,A,Cristopher Sánchez,True,STARTER,92,24,15,4,2,11,0,6,0,https://statsapi.mlb.com/api/v1.1/game/823235/feed/live,both,True,P,Pitcher,STARTER/OPENER/BULK,True,QA_VALIDATED_CANONICAL_V3,,,
676254,25.0,7.0,53.0,61.0,215.0,257.0,Top,823235,https://raw.githubusercontent.com/lancebroz/mlb-pitcher-data/main/data/raw/2026/daily/2026-04-07.parquet,False,2026-04-07,2026-04-08T01:45:00Z,SF,PHI,H,Ryan Walker,False,RELIEF_OR_BULK,25,6,4,0,0,1,1,1,0,https://statsapi.mlb.com/api/v1.1/game/823235/feed/live,both,True,P,Pitcher,BULLPEN_PITCHER,True,QA_VALIDATED_CANONICAL_V3,,,
676775,11.0,9.0,68.0,70.0,284.0,294.0,Top,823235,https://raw.githubusercontent.com/lancebroz/mlb-pitcher-data/main/data/raw/2026/daily/2026-04-07.parquet,False,2026-04-07,2026-04-08T01:45:00Z,SF,PHI,H,Keaton Winn,False,RELIEF_OR_BULK,11,3,3,0,0,0,0,0,0,https://statsapi.mlb.com/api/v1.1/game/823235/feed/live,both,True,P,Pitcher,BULLPEN_PITCHER,True,QA_VALIDATED_CANONICAL_V3,,,
689147,26.0,8.0,62.0,67.0,258.0,283.0,Bot,823235,https://raw.githubusercontent.com/lancebroz/mlb-pitcher-data/main/data/raw/2026/daily/2026-04-07.parquet,False,2026-04-07,2026-04-08T01:45:00Z,PHI,SF,A,Orion Kerkering,False,RELIEF_OR_BULK,26,6,3,2,2,2,1,0,0,https://statsapi.mlb.com/api/v1.1/game/823235/feed/live,both,True,P,Pitcher,BULLPEN_PITCHER,True,QA_VALIDATED_CANONICAL_V3,,,
605288,89.0,1.0,0.0,54.0,1.0,203.0,Top,823237,https://raw.githubusercontent.com/lancebroz/mlb-pitcher-data/main/data/raw/2026/daily/2026-04-06.parquet,False,2026-04-06,2026-04-07T01:45:00Z,SF,PHI,H,Adrian Houser,True,STARTER,89,28,18,4,4,9,2,3,0,https://statsapi.mlb.com/api/v1.1/game/823237/feed/live,both,True,P,Pitcher,STARTER/OPENER/BULK,True,QA_VALIDATED_CANONICAL_V3,,,
621237,22.0,7.0,63.0,65.0,233.0,254.0,Bot,823237,https://raw.githubusercontent.com/lancebroz/mlb-pitcher-data/main/data/raw/2026/daily/2026-04-06.parquet,False,2026-04-06,2026-04-07T01:45:00Z,PHI,SF,A,José Alvarado,False,RELIEF_OR_BULK,22,3,3,0,0,0,0,1,0,https://statsapi.mlb.com/api/v1.1/game/823237/feed/live,both,True,P,Pitcher,BULLPEN_PITCHER,True,QA_VALIDATED_CANONICAL_V3,,,
621366,12.0,7.0,55.0,58.0,204.0,215.0,Top,823237,https://raw.githubusercontent.com/lancebroz/mlb-pitcher-data/main/data/raw/2026/daily/2026-04-06.parquet,False,2026-04-06,2026-04-07T01:45:00Z,SF,PHI,H,Ryan Borucki,False,RELIEF_OR_BULK,12,4,1,2,2,2,1,0,0,https://statsapi.mlb.com/api/v1.1/game/823237/feed/live,both,True,P,Pitcher,BULLPEN_PITCHER,True,QA_VALIDATED_CANONICAL_V3,,,
641745,20.0,8.0,70.0,73.0,270.0,289.0,Bot,823237,https://raw.githubusercontent.com/lancebroz/mlb-pitcher-data/main/data/raw/2026/daily/2026-04-06.parquet,False,2026-04-06,2026-04-07T01:45:00Z,PHI,SF,A,Brad Keller,False,RELIEF_OR_BULK,20,4,3,0,0,1,0,2,0,https://statsapi.mlb.com/api/v1.1/game/823237/feed/live,both,True,P,Pitcher,BULLPEN_PITCHER,True,QA_VALIDATED_CANONICAL_V3,,,
641835,9.0,5.0,44.0,46.0,168.0,176.0,Bot,823237,https://raw.githubusercontent.com/lancebroz/mlb-pitcher-data/main/data/raw/2026/daily/2026-04-06.parquet,False,2026-04-06,2026-04-07T01:45:00Z,PHI,SF,A,Tim Mayza,False,RELIEF_OR_BULK,9,3,3,0,0,0,0,1,0,https://statsapi.mlb.com/api/v1.1/game/823237/feed/live,both,True,P,Pitcher,BULLPEN_PITCHER,True,QA_VALIDATED_CANONICAL_V3,,,
657424,15.0,8.0,66.0,69.0,255.0,269.0,Top,823237,https://raw.githubusercontent.com/lancebroz/mlb-pitcher-data/main/data/raw/2026/daily/2026-04-06.parquet,False,2026-04-06,2026-04-07T01:45:00Z,SF,PHI,H,Matt Gage,False,RELIEF_OR_BULK,15,3,3,0,0,0,1,1,0,https://statsapi.mlb.com/api/v1.1/game/823237/feed/live,both,True,P,Pitcher,BULLPEN_PITCHER,True,QA_VALIDATED_CANONICAL_V3,,,
661395,16.0,9.0,78.0,81.0,309.0,324.0,Bot,823237,https://raw.githubusercontent.com/lancebroz/mlb-pitcher-data/main/data/raw/2026/daily/2026-04-06.parquet,False,2026-04-06,2026-04-07T01:45:00Z,PHI,SF,A,Jhoan Duran,False,RELIEF_OR_BULK,16,4,3,0,0,1,0,0,0,https://statsapi.mlb.com/api/v1.1/game/823237/feed/live,both,True,P,Pitcher,BULLPEN_PITCHER,True,QA_VALIDATED_CANONICAL_V3,,,
668873,17.0,7.0,59.0,62.0,216.0,232.0,Top,823237,https://raw.githubusercontent.com/lancebroz/mlb-pitcher-data/main/data/raw/2026/daily/2026-04-06.parquet,False,2026-04-06,2026-04-07T01:45:00Z,SF,PHI,H,Caleb Kilian,False,RELIEF_OR_BULK,17,4,2,0,0,0,1,1,0,https://statsapi.mlb.com/api/v1.1/game/823237/feed/live,both,True,P,Pitcher,BULLPEN_PITCHER,True,QA_VALIDATED_CANONICAL_V3,,,
680742,15.0,6.0,50.0,52.0,184.0,198.0,Bot,823237,https://raw.githubusercontent.com/lancebroz/mlb-pitcher-data/main/data/raw/2026/daily/2026-04-06.parquet,False,2026-04-06,2026-04-07T01:45:00Z,PHI,SF,A,Jonathan Bowlan,False,RELIEF_OR_BULK,15,3,3,0,0,0,0,2,0,https://statsapi.mlb.com/api/v1.1/game/823237/feed/live,both,True,P,Pitcher,BULLPEN_PITCHER,True,QA_VALIDATED_CANONICAL_V3,,,
691725,90.0,1.0,4.0,36.0,15.0,153.0,Bot,823237,https://raw.githubusercontent.com/lancebroz/mlb-pitcher-data/main/data/raw/2026/daily/2026-04-06.parquet,False,2026-04-06,2026-04-07T01:45:00Z,PHI,SF,A,Andrew Painter,True,STARTER,90,21,12,4,4,9,1,1,0,https://statsapi.mlb.com/api/v1.1/game/823237/feed/live,both,True,P,Pitcher,STARTER/OPENER/BULK,True,QA_VALIDATED_CANONICAL_V3,,,
694918,19.0,9.0,74.0,77.0,290.0,308.0,Top,823237,https://raw.githubusercontent.com/lancebroz/mlb-pitcher-data/main/data/raw/2026/daily/2026-04-06.parquet,False,2026-04-06,2026-04-07T01:45:00Z,SF,PHI,H,Blade Tidwell,False,RELIEF_OR_BULK,19,4,3,0,0,0,1,2,0,https://statsapi.mlb.com/api/v1.1/game/823237/feed/live,both,True,P,Pitcher,BULLPEN_PITCHER,True,QA_VALIDATED_CANONICAL_V3,,,
596133,12.0,8.0,62.0,64.0,223.0,234.0,Bot,823238,https://raw.githubusercontent.com/lancebroz/mlb-pitcher-data/main/data/raw/2026/daily/2026-04-05.parquet,False,2026-04-05,2026-04-05T20:05:00Z,NYM,SF,A,Luke Weaver,False,RELIEF_OR_BULK,12,3,3,0,0,0,0,0,0,https://statsapi.mlb.com/api/v1.1/game/823238/feed/live,both,True,P,Pitcher,BULLPEN_PITCHER,True,QA_VALIDATED_CANONICAL_V3,,,
623211,10.0,6.0,44.0,53.0,156.0,190.0,Bot,823238,https://raw.githubusercontent.com/lancebroz/mlb-pitcher-data/main/data/raw/2026/daily/2026-04-05.parquet,False,2026-04-05,2026-04-05T20:05:00Z,NYM,SF,A,Huascar Brazobán,False,RELIEF_OR_BULK,10,4,4,0,0,0,0,0,0,https://statsapi.mlb.com/api/v1.1/game/823238/feed/live,both,True,P,Pitcher,BULLPEN_PITCHER,True,QA_VALIDATED_CANONICAL_V3,,,
642207,21.0,9.0,70.0,73.0,254.0,274.0,Bot,823238,https://raw.githubusercontent.com/lancebroz/mlb-pitcher-data/main/data/raw/2026/daily/2026-04-05.parquet,False,2026-04-05,2026-04-05T20:05:00Z,NYM,SF,A,Devin Williams,False,RELIEF_OR_BULK,21,4,3,0,0,2,0,1,0,https://statsapi.mlb.com/api/v1.1/game/823238/feed/live,both,True,P,Pitcher,BULLPEN_PITCHER,True,QA_VALIDATED_CANONICAL_V3,,,
657277,92.0,1.0,0.0,50.0,1.0,185.0,Top,823238,https://raw.githubusercontent.com/lancebroz/mlb-pitcher-data/main/data/raw/2026/daily/2026-04-05.parquet,False,2026-04-05,2026-04-05T20:05:00Z,SF,NYM,H,Logan Webb,True,STARTER,92,28,21,1,1,7,1,3,0,https://statsapi.mlb.com/api/v1.1/game/823238/feed/live,both,True,P,Pitcher,STARTER/OPENER/BULK,True,QA_VALIDATED_CANONICAL_V3,,,
664141,19.0,9.0,65.0,69.0,235.0,253.0,Top,823238,https://raw.githubusercontent.com/lancebroz/mlb-pitcher-data/main/data/raw/2026/daily/2026-04-05.parquet,False,2026-04-05,2026-04-05T20:05:00Z,SF,NYM,H,JT Brubaker,False,RELIEF_OR_BULK,19,5,3,0,0,1,1,0,0,https://statsapi.mlb.com/api/v1.1/game/823238/feed/live,both,True,P,Pitcher,BULLPEN_PITCHER,True,QA_VALIDATED_CANONICAL_V3,,,
669062,24.0,8.0,57.0,61.0,199.0,222.0,Top,823238,https://raw.githubusercontent.com/lancebroz/mlb-pitcher-data/main/data/raw/2026/daily/2026-04-05.parquet,False,2026-04-05,2026-04-05T20:05:00Z,SF,NYM,H,Erik Miller,False,RELIEF_OR_BULK,24,5,2,2,2,3,0,2,0,https://statsapi.mlb.com/api/v1.1/game/823238/feed/live,both,True,P,Pitcher,BULLPEN_PITCHER,True,QA_VALIDATED_CANONICAL_V3,,,
673540,88.0,1.0,3.0,43.0,11.0,155.0,Bot,823238,https://raw.githubusercontent.com/lancebroz/mlb-pitcher-data/main/data/raw/2026/daily/2026-04-05.parquet,False,2026-04-05,2026-04-05T20:05:00Z,NYM,SF,A,Kodai Senga,True,STARTER,88,22,17,2,2,5,2,7,0,https://statsapi.mlb.com/api/v1.1/game/823238/feed/live,both,True,P,Pitcher,STARTER/OPENER/BULK,True,QA_VALIDATED_CANONICAL_V3,,,
676775,8.0,8.0,54.0,56.0,191.0,198.0,Top,823238,https://raw.githubusercontent.com/lancebroz/mlb-pitcher-data/main/data/raw/2026/daily/2026-04-05.parquet,False,2026-04-05,2026-04-05T20:05:00Z,SF,NYM,H,Keaton Winn,False,RELIEF_OR_BULK,8,3,1,2,2,2,0,0,0,https://statsapi.mlb.com/api/v1.1/game/823238/feed/live,both,True,P,Pitcher,BULLPEN_PITCHER,True,QA_VALIDATED_CANONICAL_V3,,,
605280,90.0,1.0,3.0,61.0,18.0,230.0,Bot,823239,https://raw.githubusercontent.com/lancebroz/mlb-pitcher-data/main/data/raw/2026/daily/2026-04-04.parquet,False,2026-04-04,2026-04-05T01:05:00Z,NYM,SF,A,Clay Holmes,True,STARTER,90,26,21,0,0,3,2,4,0,https://statsapi.mlb.com/api/v1.1/game/823239/feed/live,both,True,P,Pitcher,STARTER/OPENER/BULK,True,QA_VALIDATED_CANONICAL_V3,,,
621366,22.0,5.0,39.0,48.0,154.0,182.0,Top,823239,https://raw.githubusercontent.com/lancebroz/mlb-pitcher-data/main/data/raw/2026/daily/2026-04-04.parquet,False,2026-04-04,2026-04-05T01:05:00Z,SF,NYM,H,Ryan Borucki,False,RELIEF_OR_BULK,22,7,4,1,1,3,0,1,1,https://statsapi.mlb.com/api/v1.1/game/823239/feed/live,both,True,P,Pitcher,BULLPEN_PITCHER,True,QA_VALIDATED_CANONICAL_V3,,,
668873,12.0,8.0,62.0,64.0,231.0,242.0,Top,823239,https://raw.githubusercontent.com/lancebroz/mlb-pitcher-data/main/data/raw/2026/daily/2026-04-04.parquet,False,2026-04-04,2026-04-05T01:05:00Z,SF,NYM,H,Caleb Kilian,False,RELIEF_OR_BULK,12,3,3,0,0,0,0,1,0,https://statsapi.mlb.com/api/v1.1/game/823239/feed/live,both,True,P,Pitcher,BULLPEN_PITCHER,True,QA_VALIDATED_CANONICAL_V3,,,
668964,30.0,8.0,65.0,73.0,243.0,281.0,Bot,823239,https://raw.githubusercontent.com/lancebroz/mlb-pitcher-data/main/data/raw/2026/daily/2026-04-04.parquet,False,2026-04-04,2026-04-05T01:05:00Z,NYM,SF,A,Tobias Myers,False,RELIEF_OR_BULK,30,6,6,0,0,0,0,1,0,https://statsapi.mlb.com/api/v1.1/game/823239/feed/live,both,True,P,Pitcher,BULLPEN_PITCHER,True,QA_VALIDATED_CANONICAL_V3,,,
676775,23.0,7.0,52.0,57.0,194.0,216.0,Top,823239,https://raw.githubusercontent.com/lancebroz/mlb-pitcher-data/main/data/raw/2026/daily/2026-04-04.parquet,False,2026-04-04,2026-04-05T01:05:00Z,SF,NYM,H,Keaton Winn,False,RELIEF_OR_BULK,23,6,3,1,1,2,1,1,0,https://statsapi.mlb.com/api/v1.1/game/823239/feed/live,both,True,P,Pitcher,BULLPEN_PITCHER,True,QA_VALIDATED_CANONICAL_V3,,,
683766,9.0,9.0,68.0,70.0,259.0,267.0,Top,823239,https://raw.githubusercontent.com/lancebroz/mlb-pitcher-data/main/data/raw/2026/daily/2026-04-04.parquet,False,2026-04-04,2026-04-05T01:05:00Z,SF,NYM,H,Christian Koss,False,RELIEF_OR_BULK,9,3,3,0,0,0,0,0,0,https://statsapi.mlb.com/api/v1.1/game/823239/feed/live,both,True,3B,Third Base,POSITION_PLAYER_PITCHING,True,EXCLUIR_POSITION_PLAYER_PITCHING,,,
694738,95.0,1.0,0.0,38.0,1.0,153.0,Top,823239,https://raw.githubusercontent.com/lancebroz/mlb-pitcher-data/main/data/raw/2026/daily/2026-04-04.parquet,False,2026-04-04,2026-04-05T01:05:00Z,SF,NYM,H,Landen Roupp,True,STARTER,95,23,14,7,5,7,1,7,0,https://statsapi.mlb.com/api/v1.1/game/823239/feed/live,both,True,P,Pitcher,STARTER/OPENER/BULK,True,QA_VALIDATED_CANONICAL_V3,,,
472610,14.0,9.0,76.0,79.0,359.0,372.0,Bot,823240,https://raw.githubusercontent.com/lancebroz/mlb-pitcher-data/main/data/raw/2026/daily/2026-04-03.parquet,False,2026-04-03,2026-04-04T02:15:00Z,NYM,SF,A,Luis García,False,RELIEF_OR_BULK,14,4,3,0,0,1,0,1,0,https://statsapi.mlb.com/api/v1.1/game/823240/feed/live,both,True,P,Pitcher,BULLPEN_PITCHER,True,QA_VALIDATED_CANONICAL_V3,,,
548384,16.0,6.0,45.0,46.0,197.0,212.0,Bot,823240,https://raw.githubusercontent.com/lancebroz/mlb-pitcher-data/main/data/raw/2026/daily/2026-04-03.parquet,False,2026-04-03,2026-04-04T02:15:00Z,NYM,SF,A,Brooks Raley,False,RELIEF_OR_BULK,16,2,2,0,0,0,0,1,0,https://statsapi.mlb.com/api/v1.1/game/823240/feed/live,both,True,P,Pitcher,BULLPEN_PITCHER,True,QA_VALIDATED_CANONICAL_V3,,,
623211,24.0,7.0,55.0,58.0,249.0,272.0,Bot,823240,https://raw.githubusercontent.com/lancebroz/mlb-pitcher-data/main/data/raw/2026/daily/2026-04-03.parquet,False,2026-04-03,2026-04-04T02:15:00Z,NYM,SF,A,Huascar Brazobán,False,RELIEF_OR_BULK,24,4,3,0,0,1,0,1,0,https://statsapi.mlb.com/api/v1.1/game/823240/feed/live,both,True,P,Pitcher,BULLPEN_PITCHER,True,QA_VALIDATED_CANONICAL_V3,,,
641816,91.0,1.0,0.0,34.0,1.0,145.0,Top,823240,https://raw.githubusercontent.com/lancebroz/mlb-pitcher-data/main/data/raw/2026/daily/2026-04-03.parquet,False,2026-04-03,2026-04-04T02:15:00Z,SF,NYM,H,Tyler Mahle,True,STARTER,91,23,15,5,5,8,2,4,2,https://statsapi.mlb.com/api/v1.1/game/823240/feed/live,both,True,P,Pitcher,STARTER/OPENER/BULK,True,QA_VALIDATED_CANONICAL_V3,,,
657424,37.0,7.0,52.0,63.0,239.0,299.0,Top,823240,https://raw.githubusercontent.com/lancebroz/mlb-pitcher-data/main/data/raw/2026/daily/2026-04-03.parquet,False,2026-04-03,2026-04-04T02:15:00Z,SF,NYM,H,Matt Gage,False,RELIEF_OR_BULK,37,8,5,0,0,2,1,2,0,https://statsapi.mlb.com/api/v1.1/game/823240/feed/live,both,True,P,Pitcher,BULLPEN_PITCHER,True,QA_VALIDATED_CANONICAL_V3,,,
663992,28.0,8.0,64.0,69.0,300.0,327.0,Bot,823240,https://raw.githubusercontent.com/lancebroz/mlb-pitcher-data/main/data/raw/2026/daily/2026-04-03.parquet,False,2026-04-03,2026-04-04T02:15:00Z,NYM,SF,A,Richard Lovelady,False,RELIEF_OR_BULK,28,6,3,1,1,2,1,1,0,https://statsapi.mlb.com/api/v1.1/game/823240/feed/live,both,True,P,Pitcher,BULLPEN_PITCHER,True,QA_VALIDATED_CANONICAL_V3,,,
664141,38.0,6.0,38.0,51.0,159.0,238.0,Top,823240,https://raw.githubusercontent.com/lancebroz/mlb-pitcher-data/main/data/raw/2026/daily/2026-04-03.parquet,False,2026-04-03,2026-04-04T02:15:00Z,SF,NYM,H,JT Brubaker,False,RELIEF_OR_BULK,38,8,4,3,3,3,2,2,1,https://statsapi.mlb.com/api/v1.1/game/823240/feed/live,both,True,P,Pitcher,BULLPEN_PITCHER,True,QA_VALIDATED_CANONICAL_V3,,,
668873,5.0,9.0,75.0,75.0,354.0,358.0,Top,823240,https://raw.githubusercontent.com/lancebroz/mlb-pitcher-data/main/data/raw/2026/daily/2026-04-03.parquet,False,2026-04-03,2026-04-04T02:15:00Z,SF,NYM,H,Caleb Kilian,False,RELIEF_OR_BULK,5,1,1,0,0,0,0,1,0,https://statsapi.mlb.com/api/v1.1/game/823240/feed/live,both,True,P,Pitcher,BULLPEN_PITCHER,True,QA_VALIDATED_CANONICAL_V3,,,
669062,26.0,9.0,70.0,74.0,328.0,353.0,Top,823240,https://raw.githubusercontent.com/lancebroz/mlb-pitcher-data/main/data/raw/2026/daily/2026-04-03.parquet,False,2026-04-03,2026-04-04T02:15:00Z,SF,NYM,H,Erik Miller,False,RELIEF_OR_BULK,26,5,2,2,2,2,1,1,0,https://statsapi.mlb.com/api/v1.1/game/823240/feed/live,both,True,P,Pitcher,BULLPEN_PITCHER,True,QA_VALIDATED_CANONICAL_V3,,,
690997,93.0,1.0,8.0,44.0,34.0,196.0,Bot,823240,https://raw.githubusercontent.com/lancebroz/mlb-pitcher-data/main/data/raw/2026/daily/2026-04-03.parquet,False,2026-04-03,2026-04-04T02:15:00Z,NYM,SF,A,Nolan McLean,True,STARTER,93,19,16,2,1,1,2,4,0,https://statsapi.mlb.com/api/v1.1/game/823240/feed/live,both,True,P,Pitcher,STARTER/OPENER/BULK,True,QA_VALIDATED_CANONICAL_V3,,,
621366,15.0,5.0,34.0,37.0,153.0,167.0,Top,823241,https://raw.githubusercontent.com/lancebroz/mlb-pitcher-data/main/data/raw/2026/daily/2026-03-28.parquet,False,2026-03-28,2026-03-28T23:15:00Z,SF,NYY,H,Ryan Borucki,False,RELIEF_OR_BULK,15,4,3,1,1,1,0,1,1,https://statsapi.mlb.com/api/v1.1/game/823241/feed/live,both,True,P,Pitcher,BULLPEN_PITCHER,True,QA_VALIDATED_CANONICAL_V3,,,
641816,80.0,1.0,0.0,30.0,1.0,142.0,Top,823241,https://raw.githubusercontent.com/lancebroz/mlb-pitcher-data/main/data/raw/2026/daily/2026-03-28.parquet,False,2026-03-28,2026-03-28T23:15:00Z,SF,NYY,H,Tyler Mahle,True,STARTER,80,17,12,2,2,5,1,5,0,https://statsapi.mlb.com/api/v1.1/game/823241/feed/live,both,True,P,Pitcher,STARTER/OPENER/BULK,True,QA_VALIDATED_CANONICAL_V3,,,
656234,18.0,6.0,46.0,53.0,201.0,227.0,Bot,823241,https://raw.githubusercontent.com/lancebroz/mlb-pitcher-data/main/data/raw/2026/daily/2026-03-28.parquet,False,2026-03-28,2026-03-28T23:15:00Z,NYY,SF,A,Jake Bird,False,RELIEF_OR_BULK,18,5,5,0,0,1,0,2,0,https://statsapi.mlb.com/api/v1.1/game/823241/feed/live,both,True,P,Pitcher,BULLPEN_PITCHER,True,QA_VALIDATED_CANONICAL_V3,,,
657424,8.0,6.0,42.0,44.0,185.0,192.0,Top,823241,https://raw.githubusercontent.com/lancebroz/mlb-pitcher-data/main/data/raw/2026/daily/2026-03-28.parquet,False,2026-03-28,2026-03-28T23:15:00Z,SF,NYY,H,Matt Gage,False,RELIEF_OR_BULK,8,3,3,0,0,0,0,1,0,https://statsapi.mlb.com/api/v1.1/game/823241/feed/live,both,True,P,Pitcher,BULLPEN_PITCHER,True,QA_VALIDATED_CANONICAL_V3,,,
657612,11.0,7.0,54.0,62.0,228.0,260.0,Bot,823241,https://raw.githubusercontent.com/lancebroz/mlb-pitcher-data/main/data/raw/2026/daily/2026-03-28.parquet,False,2026-03-28,2026-03-28T23:15:00Z,NYY,SF,A,Tim Hill,False,RELIEF_OR_BULK,11,4,4,0,0,1,0,1,0,https://statsapi.mlb.com/api/v1.1/game/823241/feed/live,both,True,P,Pitcher,BULLPEN_PITCHER,True,QA_VALIDATED_CANONICAL_V3,,,
664141,2.0,8.0,59.0,59.0,251.0,252.0,Top,823241,https://raw.githubusercontent.com/lancebroz/mlb-pitcher-data/main/data/raw/2026/daily/2026-03-28.parquet,False,2026-03-28,2026-03-28T23:15:00Z,SF,NYY,H,JT Brubaker,False,RELIEF_OR_BULK,2,1,1,0,0,0,0,0,0,https://statsapi.mlb.com/api/v1.1/game/823241/feed/live,both,True,P,Pitcher,BULLPEN_PITCHER,True,QA_VALIDATED_CANONICAL_V3,,,
669062,20.0,8.0,55.0,58.0,231.0,250.0,Top,823241,https://raw.githubusercontent.com/lancebroz/mlb-pitcher-data/main/data/raw/2026/daily/2026-03-28.parquet,False,2026-03-28,2026-03-28T23:15:00Z,SF,NYY,H,Erik Miller,False,RELIEF_OR_BULK,20,4,2,0,0,1,1,1,0,https://statsapi.mlb.com/api/v1.1/game/823241/feed/live,both,True,P,Pitcher,BULLPEN_PITCHER,True,QA_VALIDATED_CANONICAL_V3,,,
670280,20.0,9.0,66.0,69.0,276.0,295.0,Bot,823241,https://raw.githubusercontent.com/lancebroz/mlb-pitcher-data/main/data/raw/2026/daily/2026-03-28.parquet,False,2026-03-28,2026-03-28T23:15:00Z,NYY,SF,A,David Bednar,False,RELIEF_OR_BULK,20,4,3,0,0,1,1,1,0,https://statsapi.mlb.com/api/v1.1/game/823241/feed/live,both,True,P,Pitcher,BULLPEN_PITCHER,True,QA_VALIDATED_CANONICAL_V3,,,
676254,15.0,9.0,63.0,65.0,261.0,275.0,Top,823241,https://raw.githubusercontent.com/lancebroz/mlb-pitcher-data/main/data/raw/2026/daily/2026-03-28.parquet,False,2026-03-28,2026-03-28T23:15:00Z,SF,NYY,H,Ryan Walker,False,RELIEF_OR_BULK,15,3,3,0,0,0,0,1,0,https://statsapi.mlb.com/api/v1.1/game/823241/feed/live,both,True,P,Pitcher,BULLPEN_PITCHER,True,QA_VALIDATED_CANONICAL_V3,,,
676775,9.0,7.0,49.0,51.0,212.0,220.0,Top,823241,https://raw.githubusercontent.com/lancebroz/mlb-pitcher-data/main/data/raw/2026/daily/2026-03-28.parquet,False,2026-03-28,2026-03-28T23:15:00Z,SF,NYY,H,Keaton Winn,False,RELIEF_OR_BULK,9,3,3,0,0,0,0,1,0,https://statsapi.mlb.com/api/v1.1/game/823241/feed/live,both,True,P,Pitcher,BULLPEN_PITCHER,True,QA_VALIDATED_CANONICAL_V3,,,
687396,14.0,5.0,40.0,45.0,179.0,200.0,Bot,823241,https://raw.githubusercontent.com/lancebroz/mlb-pitcher-data/main/data/raw/2026/daily/2026-03-28.parquet,False,2026-03-28,2026-03-28T23:15:00Z,NYY,SF,A,Brent Headrick,False,RELIEF_OR_BULK,14,3,2,0,0,1,0,1,0,https://statsapi.mlb.com/api/v1.1/game/823241/feed/live,both,True,P,Pitcher,BULLPEN_PITCHER,True,QA_VALIDATED_CANONICAL_V3,,,
701542,83.0,1.0,4.0,39.0,15.0,178.0,Bot,823241,https://raw.githubusercontent.com/lancebroz/mlb-pitcher-data/main/data/raw/2026/daily/2026-03-28.parquet,False,2026-03-28,2026-03-28T23:15:00Z,NYY,SF,A,Will Warren,True,STARTER,83,19,13,1,1,5,2,3,0,https://statsapi.mlb.com/api/v1.1/game/823241/feed/live,both,True,P,Pitcher,STARTER/OPENER/BULK,True,QA_VALIDATED_CANONICAL_V3,,,
592662,96.0,1.0,0.0,49.0,1.0,177.0,Top,823242,https://raw.githubusercontent.com/lancebroz/mlb-pitcher-data/main/data/raw/2026/daily/2026-04-02.parquet,False,2026-04-02,2026-04-03T01:45:00Z,SF,NYM,H,Robbie Ray,True,STARTER,96,22,16,2,2,3,3,7,1,https://statsapi.mlb.com/api/v1.1/game/823242/feed/live,both,True,P,Pitcher,STARTER/OPENER/BULK,True,QA_VALIDATED_CANONICAL_V3,,,
640455,74.0,5.0,45.0,70.0,161.0,273.0,Bot,823242,https://raw.githubusercontent.com/lancebroz/mlb-pitcher-data/main/data/raw/2026/daily/2026-04-02.parquet,False,2026-04-02,2026-04-03T01:45:00Z,NYM,SF,A,Sean Manaea,False,RELIEF_OR_BULK,74,17,11,1,1,4,2,2,1,https://statsapi.mlb.com/api/v1.1/game/823242/feed/live,both,True,P,Pitcher,BULLPEN_PITCHER,True,QA_VALIDATED_CANONICAL_V3,,,
656849,68.0,1.0,5.0,44.0,25.0,160.0,Bot,823242,https://raw.githubusercontent.com/lancebroz/mlb-pitcher-data/main/data/raw/2026/daily/2026-04-02.parquet,False,2026-04-02,2026-04-03T01:45:00Z,NYM,SF,A,David Peterson,True,STARTER,68,24,13,6,5,9,2,5,0,https://statsapi.mlb.com/api/v1.1/game/823242/feed/live,both,True,P,Pitcher,STARTER/OPENER/BULK,True,QA_VALIDATED_CANONICAL_V3,,,
676254,12.0,6.0,50.0,51.0,178.0,189.0,Top,823242,https://raw.githubusercontent.com/lancebroz/mlb-pitcher-data/main/data/raw/2026/daily/2026-04-02.parquet,False,2026-04-02,2026-04-03T01:45:00Z,SF,NYM,H,Ryan Walker,False,RELIEF_OR_BULK,12,2,2,0,0,0,0,1,0,https://statsapi.mlb.com/api/v1.1/game/823242/feed/live,both,True,P,Pitcher,BULLPEN_PITCHER,True,QA_VALIDATED_CANONICAL_V3,,,
694918,37.0,7.0,56.0,73.0,210.0,287.0,Top,823242,https://raw.githubusercontent.com/lancebroz/mlb-pitcher-data/main/data/raw/2026/daily/2026-04-02.parquet,False,2026-04-02,2026-04-03T01:45:00Z,SF,NYM,H,Blade Tidwell,False,RELIEF_OR_BULK,37,9,9,0,0,2,0,2,0,https://statsapi.mlb.com/api/v1.1/game/823242/feed/live,both,True,P,Pitcher,BULLPEN_PITCHER,True,QA_VALIDATED_CANONICAL_V3,,,
518585,10.0,6.0,41.0,47.0,173.0,194.0,Bot,823243,https://raw.githubusercontent.com/lancebroz/mlb-pitcher-data/main/data/raw/2026/daily/2026-03-27.parquet,False,2026-03-27,2026-03-27T20:35:00Z,NYY,SF,A,Fernando Cruz,False,RELIEF_OR_BULK,10,3,2,0,0,0,1,0,0,https://statsapi.mlb.com/api/v1.1/game/823243/feed/live,both,True,P,Pitcher,BULLPEN_PITCHER,True,QA_VALIDATED_CANONICAL_V3,,,
592662,89.0,1.0,0.0,36.0,1.0,156.0,Top,823243,https://raw.githubusercontent.com/lancebroz/mlb-pitcher-data/main/data/raw/2026/daily/2026-03-27.parquet,False,2026-03-27,2026-03-27T20:35:00Z,SF,NYY,H,Robbie Ray,True,STARTER,89,21,16,2,2,5,0,4,1,https://statsapi.mlb.com/api/v1.1/game/823243/feed/live,both,True,P,Pitcher,STARTER/OPENER/BULK,True,QA_VALIDATED_CANONICAL_V3,,,
621366,12.0,8.0,54.0,56.0,219.0,230.0,Top,823243,https://raw.githubusercontent.com/lancebroz/mlb-pitcher-data/main/data/raw/2026/daily/2026-03-27.parquet,False,2026-03-27,2026-03-27T20:35:00Z,SF,NYY,H,Ryan Borucki,False,RELIEF_OR_BULK,12,3,2,0,0,0,1,0,0,https://statsapi.mlb.com/api/v1.1/game/823243/feed/live,both,True,P,Pitcher,BULLPEN_PITCHER,True,QA_VALIDATED_CANONICAL_V3,,,
657424,14.0,9.0,60.0,62.0,243.0,256.0,Top,823243,https://raw.githubusercontent.com/lancebroz/mlb-pitcher-data/main/data/raw/2026/daily/2026-03-27.parquet,False,2026-03-27,2026-03-27T20:35:00Z,SF,NYY,H,Matt Gage,False,RELIEF_OR_BULK,14,3,3,0,0,0,1,0,0,https://statsapi.mlb.com/api/v1.1/game/823243/feed/live,both,True,P,Pitcher,BULLPEN_PITCHER,True,QA_VALIDATED_CANONICAL_V3,,,
657612,12.0,7.0,48.0,50.0,195.0,206.0,Bot,823243,https://raw.githubusercontent.com/lancebroz/mlb-pitcher-data/main/data/raw/2026/daily/2026-03-27.parquet,False,2026-03-27,2026-03-27T20:35:00Z,NYY,SF,A,Tim Hill,False,RELIEF_OR_BULK,12,3,3,0,0,0,0,2,0,https://statsapi.mlb.com/api/v1.1/game/823243/feed/live,both,True,P,Pitcher,BULLPEN_PITCHER,True,QA_VALIDATED_CANONICAL_V3,,,
666808,12.0,8.0,57.0,59.0,231.0,242.0,Bot,823243,https://raw.githubusercontent.com/lancebroz/mlb-pitcher-data/main/data/raw/2026/daily/2026-03-27.parquet,False,2026-03-27,2026-03-27T20:35:00Z,NYY,SF,A,Camilo Doval,False,RELIEF_OR_BULK,12,3,3,0,0,0,0,3,0,https://statsapi.mlb.com/api/v1.1/game/823243/feed/live,both,True,P,Pitcher,BULLPEN_PITCHER,True,QA_VALIDATED_CANONICAL_V3,,,
669062,10.0,7.0,44.0,46.0,179.0,188.0,Top,823243,https://raw.githubusercontent.com/lancebroz/mlb-pitcher-data/main/data/raw/2026/daily/2026-03-27.parquet,False,2026-03-27,2026-03-27T20:35:00Z,SF,NYY,H,Erik Miller,False,RELIEF_OR_BULK,10,3,3,0,0,0,0,0,0,https://statsapi.mlb.com/api/v1.1/game/823243/feed/live,both,True,P,Pitcher,BULLPEN_PITCHER,True,QA_VALIDATED_CANONICAL_V3,,,
670280,19.0,9.0,63.0,66.0,257.0,275.0,Bot,823243,https://raw.githubusercontent.com/lancebroz/mlb-pitcher-data/main/data/raw/2026/daily/2026-03-27.parquet,False,2026-03-27,2026-03-27T20:35:00Z,NYY,SF,A,David Bednar,False,RELIEF_OR_BULK,19,4,3,0,0,0,1,0,0,https://statsapi.mlb.com/api/v1.1/game/823243/feed/live,both,True,P,Pitcher,BULLPEN_PITCHER,True,QA_VALIDATED_CANONICAL_V3,,,
676130,17.0,6.0,37.0,43.0,157.0,178.0,Top,823243,https://raw.githubusercontent.com/lancebroz/mlb-pitcher-data/main/data/raw/2026/daily/2026-03-27.parquet,False,2026-03-27,2026-03-27T20:35:00Z,SF,NYY,H,José Buttó,False,RELIEF_OR_BULK,17,4,2,1,1,2,0,2,1,https://statsapi.mlb.com/api/v1.1/game/823243/feed/live,both,True,P,Pitcher,BULLPEN_PITCHER,True,QA_VALIDATED_CANONICAL_V3,,,
676254,12.0,8.0,51.0,53.0,207.0,218.0,Top,823243,https://raw.githubusercontent.com/lancebroz/mlb-pitcher-data/main/data/raw/2026/daily/2026-03-27.parquet,False,2026-03-27,2026-03-27T20:35:00Z,SF,NYY,H,Ryan Walker,False,RELIEF_OR_BULK,12,3,1,0,0,1,1,1,0,https://statsapi.mlb.com/api/v1.1/game/823243/feed/live,both,True,P,Pitcher,BULLPEN_PITCHER,True,QA_VALIDATED_CANONICAL_V3,,,
693645,68.0,1.0,3.0,40.0,15.0,172.0,Bot,823243,https://raw.githubusercontent.com/lancebroz/mlb-pitcher-data/main/data/raw/2026/daily/2026-03-27.parquet,False,2026-03-27,2026-03-27T20:35:00Z,NYY,SF,A,Cam Schlittler,True,STARTER,68,17,16,0,0,1,0,8,0,https://statsapi.mlb.com/api/v1.1/game/823243/feed/live,both,True,P,Pitcher,STARTER/OPENER/BULK,True,QA_VALIDATED_CANONICAL_V3,,,
608331,86.0,1.0,3.0,56.0,18.0,204.0,Bot,823244,https://raw.githubusercontent.com/lancebroz/mlb-pitcher-data/main/data/raw/2026/daily/2026-03-25.parquet,False,2026-03-25,2026-03-26T00:05:00Z,NYY,SF,A,Max Fried,True,STARTER,86,23,19,0,0,2,1,4,0,https://statsapi.mlb.com/api/v1.1/game/823244/feed/live,both,True,P,Pitcher,STARTER/OPENER/BULK,True,QA_VALIDATED_CANONICAL_V3,,,
656234,7.0,7.0,57.0,58.0,205.0,211.0,Bot,823244,https://raw.githubusercontent.com/lancebroz/mlb-pitcher-data/main/data/raw/2026/daily/2026-03-25.parquet,False,2026-03-25,2026-03-26T00:05:00Z,NYY,SF,A,Jake Bird,False,RELIEF_OR_BULK,7,2,2,0,0,0,0,1,0,https://statsapi.mlb.com/api/v1.1/game/823244/feed/live,both,True,P,Pitcher,BULLPEN_PITCHER,True,QA_VALIDATED_CANONICAL_V3,,,
657277,86.0,1.0,0.0,41.0,1.0,150.0,Top,823244,https://raw.githubusercontent.com/lancebroz/mlb-pitcher-data/main/data/raw/2026/daily/2026-03-25.parquet,False,2026-03-25,2026-03-26T00:05:00Z,SF,NYY,H,Logan Webb,True,STARTER,86,26,15,7,6,9,1,7,0,https://statsapi.mlb.com/api/v1.1/game/823244/feed/live,both,True,P,Pitcher,STARTER/OPENER/BULK,True,QA_VALIDATED_CANONICAL_V3,,,
664141,22.0,7.0,52.0,61.0,188.0,220.0,Top,823244,https://raw.githubusercontent.com/lancebroz/mlb-pitcher-data/main/data/raw/2026/daily/2026-03-25.parquet,False,2026-03-25,2026-03-26T00:05:00Z,SF,NYY,H,JT Brubaker,False,RELIEF_OR_BULK,22,7,6,0,0,1,1,2,0,https://statsapi.mlb.com/api/v1.1/game/823244/feed/live,both,True,P,Pitcher,BULLPEN_PITCHER,True,QA_VALIDATED_CANONICAL_V3,,,
666808,13.0,9.0,70.0,73.0,246.0,258.0,Bot,823244,https://raw.githubusercontent.com/lancebroz/mlb-pitcher-data/main/data/raw/2026/daily/2026-03-25.parquet,False,2026-03-25,2026-03-26T00:05:00Z,NYY,SF,A,Camilo Doval,False,RELIEF_OR_BULK,13,4,3,0,0,0,0,0,0,https://statsapi.mlb.com/api/v1.1/game/823244/feed/live,both,True,P,Pitcher,BULLPEN_PITCHER,True,QA_VALIDATED_CANONICAL_V3,,,
668873,10.0,9.0,67.0,69.0,236.0,245.0,Top,823244,https://raw.githubusercontent.com/lancebroz/mlb-pitcher-data/main/data/raw/2026/daily/2026-03-25.parquet,False,2026-03-25,2026-03-26T00:05:00Z,SF,NYY,H,Caleb Kilian,False,RELIEF_OR_BULK,10,3,3,0,0,0,0,1,0,https://statsapi.mlb.com/api/v1.1/game/823244/feed/live,both,True,P,Pitcher,BULLPEN_PITCHER,True,QA_VALIDATED_CANONICAL_V3,,,
676775,19.0,6.0,45.0,48.0,160.0,178.0,Top,823244,https://raw.githubusercontent.com/lancebroz/mlb-pitcher-data/main/data/raw/2026/daily/2026-03-25.parquet,False,2026-03-25,2026-03-26T00:05:00Z,SF,NYY,H,Keaton Winn,False,RELIEF_OR_BULK,19,4,3,0,0,0,1,2,0,https://statsapi.mlb.com/api/v1.1/game/823244/feed/live,both,True,P,Pitcher,BULLPEN_PITCHER,True,QA_VALIDATED_CANONICAL_V3,,,
687396,15.0,8.0,62.0,66.0,221.0,235.0,Bot,823244,https://raw.githubusercontent.com/lancebroz/mlb-pitcher-data/main/data/raw/2026/daily/2026-03-25.parquet,False,2026-03-25,2026-03-26T00:05:00Z,NYY,SF,A,Brent Headrick,False,RELIEF_OR_BULK,15,5,3,0,0,1,1,1,0,https://statsapi.mlb.com/api/v1.1/game/823244/feed/live,both,True,P,Pitcher,BULLPEN_PITCHER,True,QA_VALIDATED_CANONICAL_V3,,,
547179,11.0,7.0,61.0,64.0,262.0,272.0,Bot,823316,https://raw.githubusercontent.com/lancebroz/mlb-pitcher-data/main/data/raw/2026/daily/2026-04-11.parquet,False,2026-04-11,2026-04-12T00:40:00Z,COL,SD,A,Michael Lorenzen,False,RELIEF_OR_BULK,11,4,3,0,0,0,0,0,0,https://statsapi.mlb.com/api/v1.1/game/823316/feed/live,both,True,P,Pitcher,BULLPEN_PITCHER,True,QA_VALIDATED_CANONICAL_V3,,,
592094,4.0,9.0,78.0,78.0,322.0,325.0,Top,823316,https://raw.githubusercontent.com/lancebroz/mlb-pitcher-data/main/data/raw/2026/daily/2026-04-11.parquet,False,2026-04-11,2026-04-12T00:40:00Z,SD,COL,H,Jason Adam,False,RELIEF_OR_BULK,4,1,1,0,0,0,0,0,0,https://statsapi.mlb.com/api/v1.1/game/823316/feed/live,both,True,P,Pitcher,BULLPEN_PITCHER,True,QA_VALIDATED_CANONICAL_V3,,,
593974,28.0,6.0,45.0,59.0,184.0,255.0,Top,823316,https://raw.githubusercontent.com/lancebroz/mlb-pitcher-data/main/data/raw/2026/daily/2026-04-11.parquet,False,2026-04-11,2026-04-12T00:40:00Z,SD,COL,H,Wandy Peralta,False,RELIEF_OR_BULK,28,6,4,0,0,1,1,2,0,https://statsapi.mlb.com/api/v1.1/game/823316/feed/live,both,True,P,Pitcher,BULLPEN_PITCHER,True,QA_VALIDATED_CANONICAL_V3,,,
608566,86.0,1.0,0.0,41.0,1.0,168.0,Top,823316,https://raw.githubusercontent.com/lancebroz/mlb-pitcher-data/main/data/raw/2026/daily/2026-04-11.parquet,False,2026-04-11,2026-04-12T00:40:00Z,SD,COL,H,Germán Márquez,True,STARTER,86,20,15,4,4,4,2,5,3,https://statsapi.mlb.com/api/v1.1/game/823316/feed/live,both,True,P,Pitcher,STARTER/OPENER/BULK,True,QA_VALIDATED_CANONICAL_V3,,,
623474,8.0,8.0,70.0,72.0,293.0,300.0,Bot,823316,https://raw.githubusercontent.com/lancebroz/mlb-pitcher-data/main/data/raw/2026/daily/2026-04-11.parquet,False,2026-04-11,2026-04-12T00:40:00Z,COL,SD,A,Jimmy Herget,False,RELIEF_OR_BULK,8,3,3,0,0,1,0,0,0,https://statsapi.mlb.com/api/v1.1/game/823316/feed/live,both,True,P,Pitcher,BULLPEN_PITCHER,True,QA_VALIDATED_CANONICAL_V3,,,
657514,20.0,6.0,53.0,56.0,220.0,239.0,Bot,823316,https://raw.githubusercontent.com/lancebroz/mlb-pitcher-data/main/data/raw/2026/daily/2026-04-11.parquet,False,2026-04-11,2026-04-12T00:40:00Z,COL,SD,A,Brennan Bernardino,False,RELIEF_OR_BULK,20,4,2,0,0,1,1,1,0,https://statsapi.mlb.com/api/v1.1/game/823316/feed/live,both,True,P,Pitcher,BULLPEN_PITCHER,True,QA_VALIDATED_CANONICAL_V3,,,
663372,82.0,1.0,5.0,37.0,27.0,155.0,Bot,823316,https://raw.githubusercontent.com/lancebroz/mlb-pitcher-data/main/data/raw/2026/daily/2026-04-11.parquet,False,2026-04-11,2026-04-12T00:40:00Z,COL,SD,A,Ryan Feltner,True,STARTER,82,21,12,6,6,7,3,4,2,https://statsapi.mlb.com/api/v1.1/game/823316/feed/live,both,True,P,Pitcher,STARTER/OPENER/BULK,True,QA_VALIDATED_CANONICAL_V3,,,
676760,26.0,7.0,60.0,69.0,256.0,292.0,Top,823316,https://raw.githubusercontent.com/lancebroz/mlb-pitcher-data/main/data/raw/2026/daily/2026-04-11.parquet,False,2026-04-11,2026-04-12T00:40:00Z,SD,COL,H,Ron Marinaccio,False,RELIEF_OR_BULK,26,6,5,1,1,2,0,2,0,https://statsapi.mlb.com/api/v1.1/game/823316/feed/live,both,True,P,Pitcher,BULLPEN_PITCHER,True,QA_VALIDATED_CANONICAL_V3,,,
688642,39.0,5.0,42.0,52.0,169.0,219.0,Bot,823316,https://raw.githubusercontent.com/lancebroz/mlb-pitcher-data/main/data/raw/2026/daily/2026-04-11.parquet,False,2026-04-11,2026-04-12T00:40:00Z,COL,SD,A,Zach Agnos,False,RELIEF_OR_BULK,39,8,4,3,2,1,3,0,0,https://statsapi.mlb.com/api/v1.1/game/823316/feed/live,both,True,P,Pitcher,BULLPEN_PITCHER,True,QA_VALIDATED_CANONICAL_V3,,,
699134,21.0,9.0,73.0,77.0,301.0,321.0,Top,823316,https://raw.githubusercontent.com/lancebroz/mlb-pitcher-data/main/data/raw/2026/daily/2026-04-11.parquet,False,2026-04-11,2026-04-12T00:40:00Z,SD,COL,H,Bradgley Rodriguez,False,RELIEF_OR_BULK,21,5,2,0,0,2,1,1,0,https://statsapi.mlb.com/api/v1.1/game/823316/feed/live,both,True,P,Pitcher,BULLPEN_PITCHER,True,QA_VALIDATED_CANONICAL_V3,,,
592094,5.0,8.0,55.0,55.0,197.0,201.0,Top,823318,https://raw.githubusercontent.com/lancebroz/mlb-pitcher-data/main/data/raw/2026/daily/2026-04-10.parquet,False,2026-04-10,2026-04-11T01:40:00Z,SD,COL,H,Jason Adam,False,RELIEF_OR_BULK,5,1,1,0,0,0,0,0,0,https://statsapi.mlb.com/api/v1.1/game/823318/feed/live,both,True,P,Pitcher,BULLPEN_PITCHER,True,QA_VALIDATED_CANONICAL_V3,,,
606996,13.0,7.0,42.0,45.0,150.0,162.0,Top,823318,https://raw.githubusercontent.com/lancebroz/mlb-pitcher-data/main/data/raw/2026/daily/2026-04-10.parquet,False,2026-04-10,2026-04-11T01:40:00Z,SD,COL,H,Kyle Hart,False,RELIEF_OR_BULK,13,4,3,0,0,1,1,0,0,https://statsapi.mlb.com/api/v1.1/game/823318/feed/live,both,True,P,Pitcher,BULLPEN_PITCHER,True,QA_VALIDATED_CANONICAL_V3,,,
608372,81.0,1.0,3.0,41.0,12.0,149.0,Bot,823318,https://raw.githubusercontent.com/lancebroz/mlb-pitcher-data/main/data/raw/2026/daily/2026-04-10.parquet,False,2026-04-10,2026-04-11T01:40:00Z,COL,SD,A,Tomoyuki Sugano,True,STARTER,81,22,18,2,2,4,0,3,2,https://statsapi.mlb.com/api/v1.1/game/823318/feed/live,both,True,P,Pitcher,STARTER/OPENER/BULK,True,QA_VALIDATED_CANONICAL_V3,,,
621111,68.0,1.0,0.0,38.0,1.0,140.0,Top,823318,https://raw.githubusercontent.com/lancebroz/mlb-pitcher-data/main/data/raw/2026/daily/2026-04-10.parquet,False,2026-04-10,2026-04-11T01:40:00Z,SD,COL,H,Walker Buehler,True,STARTER,68,20,18,0,0,3,0,4,0,https://statsapi.mlb.com/api/v1.1/game/823318/feed/live,both,True,P,Pitcher,STARTER/OPENER/BULK,True,QA_VALIDATED_CANONICAL_V3,,,
622608,31.0,7.0,46.0,58.0,163.0,219.0,Bot,823318,https://raw.githubusercontent.com/lancebroz/mlb-pitcher-data/main/data/raw/2026/daily/2026-04-10.parquet,False,2026-04-10,2026-04-11T01:40:00Z,COL,SD,A,Antonio Senzatela,False,RELIEF_OR_BULK,31,6,5,0,0,0,2,3,0,https://statsapi.mlb.com/api/v1.1/game/823318/feed/live,both,True,P,Pitcher,BULLPEN_PITCHER,True,QA_VALIDATED_CANONICAL_V3,,,
670970,21.0,8.0,49.0,54.0,176.0,196.0,Top,823318,https://raw.githubusercontent.com/lancebroz/mlb-pitcher-data/main/data/raw/2026/daily/2026-04-10.parquet,False,2026-04-10,2026-04-11T01:40:00Z,SD,COL,H,Adrian Morejon,False,RELIEF_OR_BULK,21,6,2,2,2,4,0,0,0,https://statsapi.mlb.com/api/v1.1/game/823318/feed/live,both,True,P,Pitcher,BULLPEN_PITCHER,True,QA_VALIDATED_CANONICAL_V3,,,
675848,18.0,9.0,63.0,66.0,235.0,252.0,Bot,823318,https://raw.githubusercontent.com/lancebroz/mlb-pitcher-data/main/data/raw/2026/daily/2026-04-10.parquet,False,2026-04-10,2026-04-11T01:40:00Z,COL,SD,A,Juan Mejia,False,RELIEF_OR_BULK,18,4,1,3,3,2,1,0,1,https://statsapi.mlb.com/api/v1.1/game/823318/feed/live,both,True,P,Pitcher,BULLPEN_PITCHER,True,QA_VALIDATED_CANONICAL_V3,,,
677955,2.0,8.0,59.0,59.0,220.0,221.0,Bot,823318,https://raw.githubusercontent.com/lancebroz/mlb-pitcher-data/main/data/raw/2026/daily/2026-04-10.parquet,False,2026-04-10,2026-04-11T01:40:00Z,COL,SD,A,Jaden Hill,False,RELIEF_OR_BULK,2,1,1,0,0,0,0,0,0,https://statsapi.mlb.com/api/v1.1/game/823318/feed/live,both,True,P,Pitcher,BULLPEN_PITCHER,True,QA_VALIDATED_CANONICAL_V3,,,
695243,13.0,9.0,60.0,62.0,222.0,234.0,Top,823318,https://raw.githubusercontent.com/lancebroz/mlb-pitcher-data/main/data/raw/2026/daily/2026-04-10.parquet,False,2026-04-10,2026-04-11T01:40:00Z,SD,COL,H,Mason Miller,False,RELIEF_OR_BULK,13,3,3,0,0,0,0,3,0,https://statsapi.mlb.com/api/v1.1/game/823318/feed/live,both,True,P,Pitcher,BULLPEN_PITCHER,True,QA_VALIDATED_CANONICAL_V3,,,
623474,10.0,1.0,3.0,5.0,21.0,30.0,Bot,823319,https://raw.githubusercontent.com/lancebroz/mlb-pitcher-data/main/data/raw/2026/daily/2026-04-09.parquet,False,2026-04-09,2026-04-10T01:40:00Z,COL,SD,A,Jimmy Herget,True,STARTER,10,3,3,0,0,0,0,0,0,https://statsapi.mlb.com/api/v1.1/game/823319/feed/live,both,True,P,Pitcher,STARTER/OPENER/BULK,True,QA_VALIDATED_CANONICAL_V3,,,
657514,14.0,11.0,84.0,88.0,330.0,343.0,Bot,823319,https://raw.githubusercontent.com/lancebroz/mlb-pitcher-data/main/data/raw/2026/daily/2026-04-09.parquet,False,2026-04-09,2026-04-10T01:40:00Z,COL,SD,A,Brennan Bernardino,False,RELIEF_OR_BULK,14,5,3,1,0,2,0,1,0,https://statsapi.mlb.com/api/v1.1/game/823319/feed/live,both,True,P,Pitcher,BULLPEN_PITCHER,True,QA_VALIDATED_CANONICAL_V3,,,
669093,24.0,10.0,70.0,81.0,279.0,320.0,Top,823319,https://raw.githubusercontent.com/lancebroz/mlb-pitcher-data/main/data/raw/2026/daily/2026-04-09.parquet,False,2026-04-09,2026-04-10T01:40:00Z,SD,COL,H,Jeremiah Estrada,False,RELIEF_OR_BULK,24,7,4,2,0,2,2,1,0,https://statsapi.mlb.com/api/v1.1/game/823319/feed/live,both,True,P,Pitcher,BULLPEN_PITCHER,True,QA_VALIDATED_CANONICAL_V3,,,
670970,11.0,8.0,55.0,58.0,223.0,233.0,Top,823319,https://raw.githubusercontent.com/lancebroz/mlb-pitcher-data/main/data/raw/2026/daily/2026-04-09.parquet,False,2026-04-09,2026-04-10T01:40:00Z,SD,COL,H,Adrian Morejon,False,RELIEF_OR_BULK,11,4,3,0,0,1,0,0,0,https://statsapi.mlb.com/api/v1.1/game/823319/feed/live,both,True,P,Pitcher,BULLPEN_PITCHER,True,QA_VALIDATED_CANONICAL_V3,,,
675848,21.0,8.0,59.0,62.0,234.0,254.0,Bot,823319,https://raw.githubusercontent.com/lancebroz/mlb-pitcher-data/main/data/raw/2026/daily/2026-04-09.parquet,False,2026-04-09,2026-04-10T01:40:00Z,COL,SD,A,Juan Mejia,False,RELIEF_OR_BULK,21,4,3,0,0,1,1,1,0,https://statsapi.mlb.com/api/v1.1/game/823319/feed/live,both,True,P,Pitcher,BULLPEN_PITCHER,True,QA_VALIDATED_CANONICAL_V3,,,
677955,19.0,6.0,47.0,54.0,190.0,222.0,Bot,823319,https://raw.githubusercontent.com/lancebroz/mlb-pitcher-data/main/data/raw/2026/daily/2026-04-09.parquet,False,2026-04-09,2026-04-10T01:40:00Z,COL,SD,A,Jaden Hill,False,RELIEF_OR_BULK,19,5,5,0,0,0,0,2,0,https://statsapi.mlb.com/api/v1.1/game/823319/feed/live,both,True,P,Pitcher,BULLPEN_PITCHER,True,QA_VALIDATED_CANONICAL_V3,,,
678368,3.0,12.0,93.0,96.0,352.0,354.0,Bot,823319,https://raw.githubusercontent.com/lancebroz/mlb-pitcher-data/main/data/raw/2026/daily/2026-04-09.parquet,False,2026-04-09,2026-04-10T01:40:00Z,COL,SD,A,Valente Bellozo,False,RELIEF_OR_BULK,3,4,1,4,3,1,2,0,1,https://statsapi.mlb.com/api/v1.1/game/823319/feed/live,both,True,P,Pitcher,BULLPEN_PITCHER,True,QA_VALIDATED_CANONICAL_V3,,,
680767,32.0,9.0,66.0,78.0,265.0,305.0,Bot,823319,https://raw.githubusercontent.com/lancebroz/mlb-pitcher-data/main/data/raw/2026/daily/2026-04-09.parquet,False,2026-04-09,2026-04-10T01:40:00Z,COL,SD,A,Victor Vodnik,False,RELIEF_OR_BULK,32,9,6,1,0,1,2,0,0,https://statsapi.mlb.com/api/v1.1/game/823319/feed/live,both,True,P,Pitcher,BULLPEN_PITCHER,True,QA_VALIDATED_CANONICAL_V3,,,
681190,92.0,1.0,0.0,42.0,1.0,175.0,Top,823319,https://raw.githubusercontent.com/lancebroz/mlb-pitcher-data/main/data/raw/2026/daily/2026-04-09.parquet,False,2026-04-09,2026-04-10T01:40:00Z,SD,COL,H,Randy Vásquez,True,STARTER,92,23,17,1,1,7,0,8,1,https://statsapi.mlb.com/api/v1.1/game/823319/feed/live,both,True,P,Pitcher,STARTER/OPENER/BULK,True,QA_VALIDATED_CANONICAL_V3,,,
688158,17.0,11.0,82.0,92.0,321.0,351.0,Top,823319,https://raw.githubusercontent.com/lancebroz/mlb-pitcher-data/main/data/raw/2026/daily/2026-04-09.parquet,False,2026-04-09,2026-04-10T01:40:00Z,SD,COL,H,David Morgan,False,RELIEF_OR_BULK,17,6,5,0,0,0,0,1,0,https://statsapi.mlb.com/api/v1.1/game/823319/feed/live,both,True,P,Pitcher,BULLPEN_PITCHER,True,QA_VALIDATED_CANONICAL_V3,,,
695243,10.0,9.0,63.0,65.0,255.0,264.0,Top,823319,https://raw.githubusercontent.com/lancebroz/mlb-pitcher-data/main/data/raw/2026/daily/2026-04-09.parquet,False,2026-04-09,2026-04-10T01:40:00Z,SD,COL,H,Mason Miller,False,RELIEF_OR_BULK,10,3,3,0,0,0,0,3,0,https://statsapi.mlb.com/api/v1.1/game/823319/feed/live,both,True,P,Pitcher,BULLPEN_PITCHER,True,QA_VALIDATED_CANONICAL_V3,,,
699134,20.0,6.0,43.0,51.0,176.0,210.0,Top,823319,https://raw.githubusercontent.com/lancebroz/mlb-pitcher-data/main/data/raw/2026/daily/2026-04-09.parquet,False,2026-04-09,2026-04-10T01:40:00Z,SD,COL,H,Bradgley Rodriguez,False,RELIEF_OR_BULK,20,4,4,0,0,0,0,1,0,https://statsapi.mlb.com/api/v1.1/game/823319/feed/live,both,True,P,Pitcher,BULLPEN_PITCHER,True,QA_VALIDATED_CANONICAL_V3,,,
801403,81.0,2.0,10.0,46.0,50.0,189.0,Bot,823319,https://raw.githubusercontent.com/lancebroz/mlb-pitcher-data/main/data/raw/2026/daily/2026-04-09.parquet,False,2026-04-09,2026-04-10T01:40:00Z,COL,SD,A,Chase Dollander,False,RELIEF_OR_BULK,81,20,13,1,1,4,1,3,0,https://statsapi.mlb.com/api/v1.1/game/823319/feed/live,both,True,P,Pitcher,BULLPEN_PITCHER,True,QA_VALIDATED_CANONICAL_V3,,,
593974,14.0,5.0,33.0,35.0,126.0,139.0,Top,823320,https://raw.githubusercontent.com/lancebroz/mlb-pitcher-data/main/data/raw/2026/daily/2026-03-30.parquet,False,2026-03-30,2026-03-31T01:40:00Z,SD,SF,H,Wandy Peralta,False,RELIEF_OR_BULK,14,3,3,0,0,0,0,0,0,https://statsapi.mlb.com/api/v1.1/game/823320/feed/live,both,True,P,Pitcher,BULLPEN_PITCHER,True,QA_VALIDATED_CANONICAL_V3,,,
621111,72.0,1.0,0.0,28.0,1.0,108.0,Top,823320,https://raw.githubusercontent.com/lancebroz/mlb-pitcher-data/main/data/raw/2026/daily/2026-03-30.parquet,False,2026-03-30,2026-03-31T01:40:00Z,SD,SF,H,Walker Buehler,True,STARTER,72,19,12,3,3,5,2,3,1,https://statsapi.mlb.com/api/v1.1/game/823320/feed/live,both,True,P,Pitcher,STARTER/OPENER/BULK,True,QA_VALIDATED_CANONICAL_V3,,,
657424,15.0,7.0,51.0,53.0,195.0,209.0,Bot,823320,https://raw.githubusercontent.com/lancebroz/mlb-pitcher-data/main/data/raw/2026/daily/2026-03-30.parquet,False,2026-03-30,2026-03-31T01:40:00Z,SF,SD,A,Matt Gage,False,RELIEF_OR_BULK,15,3,3,0,0,0,0,0,0,https://statsapi.mlb.com/api/v1.1/game/823320/feed/live,both,True,P,Pitcher,BULLPEN_PITCHER,True,QA_VALIDATED_CANONICAL_V3,,,
676254,22.0,9.0,63.0,67.0,252.0,273.0,Bot,823320,https://raw.githubusercontent.com/lancebroz/mlb-pitcher-data/main/data/raw/2026/daily/2026-03-30.parquet,False,2026-03-30,2026-03-31T01:40:00Z,SF,SD,A,Ryan Walker,False,RELIEF_OR_BULK,22,5,3,2,2,1,1,1,1,https://statsapi.mlb.com/api/v1.1/game/823320/feed/live,both,True,P,Pitcher,BULLPEN_PITCHER,True,QA_VALIDATED_CANONICAL_V3,,,
676760,29.0,8.0,54.0,62.0,210.0,251.0,Top,823320,https://raw.githubusercontent.com/lancebroz/mlb-pitcher-data/main/data/raw/2026/daily/2026-03-30.parquet,False,2026-03-30,2026-03-31T01:40:00Z,SD,SF,H,Ron Marinaccio,False,RELIEF_OR_BULK,29,6,6,0,0,0,0,2,0,https://statsapi.mlb.com/api/v1.1/game/823320/feed/live,both,True,P,Pitcher,BULLPEN_PITCHER,True,QA_VALIDATED_CANONICAL_V3,,,
676775,13.0,8.0,57.0,59.0,227.0,239.0,Bot,823320,https://raw.githubusercontent.com/lancebroz/mlb-pitcher-data/main/data/raw/2026/daily/2026-03-30.parquet,False,2026-03-30,2026-03-31T01:40:00Z,SF,SD,A,Keaton Winn,False,RELIEF_OR_BULK,13,3,3,0,0,0,0,3,0,https://statsapi.mlb.com/api/v1.1/game/823320/feed/live,both,True,P,Pitcher,BULLPEN_PITCHER,True,QA_VALIDATED_CANONICAL_V3,,,
688158,20.0,6.0,40.0,50.0,161.0,194.0,Top,823320,https://raw.githubusercontent.com/lancebroz/mlb-pitcher-data/main/data/raw/2026/daily/2026-03-30.parquet,False,2026-03-30,2026-03-31T01:40:00Z,SD,SF,H,David Morgan,False,RELIEF_OR_BULK,20,8,6,0,0,1,1,2,0,https://statsapi.mlb.com/api/v1.1/game/823320/feed/live,both,True,P,Pitcher,BULLPEN_PITCHER,True,QA_VALIDATED_CANONICAL_V3,,,
694738,88.0,1.0,3.0,45.0,11.0,184.0,Bot,823320,https://raw.githubusercontent.com/lancebroz/mlb-pitcher-data/main/data/raw/2026/daily/2026-03-30.parquet,False,2026-03-30,2026-03-31T01:40:00Z,SF,SD,A,Landen Roupp,True,STARTER,88,21,18,0,0,2,2,7,0,https://statsapi.mlb.com/api/v1.1/game/823320/feed/live,both,True,P,Pitcher,STARTER/OPENER/BULK,True,QA_VALIDATED_CANONICAL_V3,,,
601713,82.0,1.0,0.0,32.0,1.0,133.0,Top,823321,https://raw.githubusercontent.com/lancebroz/mlb-pitcher-data/main/data/raw/2026/daily/2026-04-01.parquet,False,2026-04-01,2026-04-01T20:10:00Z,SD,SF,H,Nick Pivetta,True,STARTER,82,18,15,0,0,1,2,8,0,https://statsapi.mlb.com/api/v1.1/game/823321/feed/live,both,True,P,Pitcher,STARTER/OPENER/BULK,True,QA_VALIDATED_CANONICAL_V3,,,
605288,86.0,1.0,3.0,45.0,14.0,181.0,Bot,823321,https://raw.githubusercontent.com/lancebroz/mlb-pitcher-data/main/data/raw/2026/daily/2026-04-01.parquet,False,2026-04-01,2026-04-01T20:10:00Z,SF,SD,A,Adrian Houser,True,STARTER,86,25,16,3,1,6,1,4,0,https://statsapi.mlb.com/api/v1.1/game/823321/feed/live,both,True,P,Pitcher,STARTER/OPENER/BULK,True,QA_VALIDATED_CANONICAL_V3,,,
621366,3.0,8.0,68.0,68.0,260.0,262.0,Bot,823321,https://raw.githubusercontent.com/lancebroz/mlb-pitcher-data/main/data/raw/2026/daily/2026-04-01.parquet,False,2026-04-01,2026-04-01T20:10:00Z,SF,SD,A,Ryan Borucki,False,RELIEF_OR_BULK,3,1,2,0,0,0,0,0,0,https://statsapi.mlb.com/api/v1.1/game/823321/feed/live,both,True,P,Pitcher,BULLPEN_PITCHER,True,QA_VALIDATED_CANONICAL_V3,,,
668873,15.0,6.0,46.0,55.0,182.0,215.0,Bot,823321,https://raw.githubusercontent.com/lancebroz/mlb-pitcher-data/main/data/raw/2026/daily/2026-04-01.parquet,False,2026-04-01,2026-04-01T20:10:00Z,SF,SD,A,Caleb Kilian,False,RELIEF_OR_BULK,15,5,5,0,0,0,0,2,0,https://statsapi.mlb.com/api/v1.1/game/823321/feed/live,both,True,P,Pitcher,BULLPEN_PITCHER,True,QA_VALIDATED_CANONICAL_V3,,,
669093,13.0,6.0,39.0,41.0,152.0,164.0,Top,823321,https://raw.githubusercontent.com/lancebroz/mlb-pitcher-data/main/data/raw/2026/daily/2026-04-01.parquet,False,2026-04-01,2026-04-01T20:10:00Z,SD,SF,H,Jeremiah Estrada,False,RELIEF_OR_BULK,13,3,3,0,0,0,0,2,0,https://statsapi.mlb.com/api/v1.1/game/823321/feed/live,both,True,P,Pitcher,BULLPEN_PITCHER,True,QA_VALIDATED_CANONICAL_V3,,,
670970,32.0,7.0,48.0,58.0,188.0,228.0,Top,823321,https://raw.githubusercontent.com/lancebroz/mlb-pitcher-data/main/data/raw/2026/daily/2026-04-01.parquet,False,2026-04-01,2026-04-01T20:10:00Z,SD,SF,H,Adrian Morejon,False,RELIEF_OR_BULK,32,8,5,1,1,2,1,1,0,https://statsapi.mlb.com/api/v1.1/game/823321/feed/live,both,True,P,Pitcher,BULLPEN_PITCHER,True,QA_VALIDATED_CANONICAL_V3,,,
676130,28.0,8.0,60.0,67.0,232.0,259.0,Bot,823321,https://raw.githubusercontent.com/lancebroz/mlb-pitcher-data/main/data/raw/2026/daily/2026-04-01.parquet,False,2026-04-01,2026-04-01T20:10:00Z,SF,SD,A,José Buttó,False,RELIEF_OR_BULK,28,8,1,4,4,3,4,1,1,https://statsapi.mlb.com/api/v1.1/game/823321/feed/live,both,True,P,Pitcher,BULLPEN_PITCHER,True,QA_VALIDATED_CANONICAL_V3,,,
695243,19.0,8.0,59.0,72.0,229.0,278.0,Top,823321,https://raw.githubusercontent.com/lancebroz/mlb-pitcher-data/main/data/raw/2026/daily/2026-04-01.parquet,False,2026-04-01,2026-04-01T20:10:00Z,SD,SF,H,Mason Miller,False,RELIEF_OR_BULK,19,5,4,0,0,1,0,3,0,https://statsapi.mlb.com/api/v1.1/game/823321/feed/live,both,True,P,Pitcher,BULLPEN_PITCHER,True,QA_VALIDATED_CANONICAL_V3,,,
606996,42.0,4.0,34.0,50.0,134.0,199.0,Top,823322,https://raw.githubusercontent.com/lancebroz/mlb-pitcher-data/main/data/raw/2026/daily/2026-03-31.parquet,False,2026-03-31,2026-04-01T01:40:00Z,SD,SF,H,Kyle Hart,False,RELIEF_OR_BULK,42,11,7,4,4,4,1,2,0,https://statsapi.mlb.com/api/v1.1/game/823322/feed/live,both,True,P,Pitcher,BULLPEN_PITCHER,True,QA_VALIDATED_CANONICAL_V3,,,
608566,65.0,1.0,0.0,26.0,1.0,108.0,Top,823322,https://raw.githubusercontent.com/lancebroz/mlb-pitcher-data/main/data/raw/2026/daily/2026-03-31.parquet,False,2026-03-31,2026-04-01T01:40:00Z,SD,SF,H,Germán Márquez,True,STARTER,65,18,9,4,4,8,1,1,2,https://statsapi.mlb.com/api/v1.1/game/823322/feed/live,both,True,P,Pitcher,STARTER/OPENER/BULK,True,QA_VALIDATED_CANONICAL_V3,,,
657277,104.0,1.0,7.0,56.0,28.0,216.0,Bot,823322,https://raw.githubusercontent.com/lancebroz/mlb-pitcher-data/main/data/raw/2026/daily/2026-03-31.parquet,False,2026-03-31,2026-04-01T01:40:00Z,SF,SD,A,Logan Webb,True,STARTER,104,25,18,3,3,3,4,5,0,https://statsapi.mlb.com/api/v1.1/game/823322/feed/live,both,True,P,Pitcher,STARTER/OPENER/BULK,True,QA_VALIDATED_CANONICAL_V3,,,
664141,28.0,7.0,60.0,70.0,229.0,274.0,Bot,823322,https://raw.githubusercontent.com/lancebroz/mlb-pitcher-data/main/data/raw/2026/daily/2026-03-31.parquet,False,2026-03-31,2026-04-01T01:40:00Z,SF,SD,A,JT Brubaker,False,RELIEF_OR_BULK,28,7,6,0,0,2,0,1,0,https://statsapi.mlb.com/api/v1.1/game/823322/feed/live,both,True,P,Pitcher,BULLPEN_PITCHER,True,QA_VALIDATED_CANONICAL_V3,,,
669093,18.0,8.0,64.0,67.0,247.0,264.0,Top,823322,https://raw.githubusercontent.com/lancebroz/mlb-pitcher-data/main/data/raw/2026/daily/2026-03-31.parquet,False,2026-03-31,2026-04-01T01:40:00Z,SD,SF,H,Jeremiah Estrada,False,RELIEF_OR_BULK,18,4,3,0,0,1,0,2,0,https://statsapi.mlb.com/api/v1.1/game/823322/feed/live,both,True,P,Pitcher,BULLPEN_PITCHER,True,QA_VALIDATED_CANONICAL_V3,,,
676130,18.0,9.0,75.0,78.0,288.0,305.0,Bot,823322,https://raw.githubusercontent.com/lancebroz/mlb-pitcher-data/main/data/raw/2026/daily/2026-03-31.parquet,False,2026-03-31,2026-04-01T01:40:00Z,SF,SD,A,José Buttó,False,RELIEF_OR_BULK,18,4,3,0,0,1,0,2,0,https://statsapi.mlb.com/api/v1.1/game/823322/feed/live,both,True,P,Pitcher,BULLPEN_PITCHER,True,QA_VALIDATED_CANONICAL_V3,,,
688158,13.0,9.0,71.0,74.0,275.0,287.0,Top,823322,https://raw.githubusercontent.com/lancebroz/mlb-pitcher-data/main/data/raw/2026/daily/2026-03-31.parquet,False,2026-03-31,2026-04-01T01:40:00Z,SD,SF,H,David Morgan,False,RELIEF_OR_BULK,13,4,3,1,0,2,0,1,0,https://statsapi.mlb.com/api/v1.1/game/823322/feed/live,both,True,P,Pitcher,BULLPEN_PITCHER,True,QA_VALIDATED_CANONICAL_V3,,,
699134,17.0,6.0,51.0,59.0,200.0,228.0,Top,823322,https://raw.githubusercontent.com/lancebroz/mlb-pitcher-data/main/data/raw/2026/daily/2026-03-31.parquet,False,2026-03-31,2026-04-01T01:40:00Z,SD,SF,H,Bradgley Rodriguez,False,RELIEF_OR_BULK,17,6,5,0,0,1,0,1,0,https://statsapi.mlb.com/api/v1.1/game/823322/feed/live,both,True,P,Pitcher,BULLPEN_PITCHER,True,QA_VALIDATED_CANONICAL_V3,,,
606996,23.0,7.0,51.0,59.0,210.0,246.0,Top,823323,https://raw.githubusercontent.com/lancebroz/mlb-pitcher-data/main/data/raw/2026/daily/2026-03-28.parquet,False,2026-03-28,2026-03-29T00:40:00Z,SD,DET,H,Kyle Hart,False,RELIEF_OR_BULK,23,6,6,0,0,0,0,3,0,https://statsapi.mlb.com/api/v1.1/game/823323/feed/live,both,True,P,Pitcher,BULLPEN_PITCHER,True,QA_VALIDATED_CANONICAL_V3,,,
656427,89.0,1.0,5.0,38.0,25.0,166.0,Bot,823323,https://raw.githubusercontent.com/lancebroz/mlb-pitcher-data/main/data/raw/2026/daily/2026-03-28.parquet,False,2026-03-28,2026-03-29T00:40:00Z,DET,SD,A,Jack Flaherty,True,STARTER,89,21,13,3,2,4,4,2,0,https://statsapi.mlb.com/api/v1.1/game/823323/feed/live,both,True,P,Pitcher,STARTER/OPENER/BULK,True,QA_VALIDATED_CANONICAL_V3,,,
657756,50.0,6.0,49.0,62.0,193.0,265.0,Bot,823323,https://raw.githubusercontent.com/lancebroz/mlb-pitcher-data/main/data/raw/2026/daily/2026-03-28.parquet,False,2026-03-28,2026-03-29T00:40:00Z,DET,SD,A,Connor Seabold,False,RELIEF_OR_BULK,50,8,7,0,0,1,0,3,0,https://statsapi.mlb.com/api/v1.1/game/823323/feed/live,both,True,P,Pitcher,BULLPEN_PITCHER,True,QA_VALIDATED_CANONICAL_V3,,,
676428,12.0,5.0,39.0,48.0,167.0,192.0,Bot,823323,https://raw.githubusercontent.com/lancebroz/mlb-pitcher-data/main/data/raw/2026/daily/2026-03-28.parquet,False,2026-03-28,2026-03-29T00:40:00Z,DET,SD,A,Brant Hurter,False,RELIEF_OR_BULK,12,5,3,0,0,2,0,1,0,https://statsapi.mlb.com/api/v1.1/game/823323/feed/live,both,True,P,Pitcher,BULLPEN_PITCHER,True,QA_VALIDATED_CANONICAL_V3,,,
676684,4.0,8.0,63.0,63.0,266.0,269.0,Bot,823323,https://raw.githubusercontent.com/lancebroz/mlb-pitcher-data/main/data/raw/2026/daily/2026-03-28.parquet,False,2026-03-28,2026-03-29T00:40:00Z,DET,SD,A,Will Vest,False,RELIEF_OR_BULK,4,1,1,0,0,0,0,0,0,https://statsapi.mlb.com/api/v1.1/game/823323/feed/live,both,True,P,Pitcher,BULLPEN_PITCHER,True,QA_VALIDATED_CANONICAL_V3,,,
681190,91.0,1.0,0.0,45.0,1.0,183.0,Top,823323,https://raw.githubusercontent.com/lancebroz/mlb-pitcher-data/main/data/raw/2026/daily/2026-03-28.parquet,False,2026-03-28,2026-03-29T00:40:00Z,SD,DET,H,Randy Vásquez,True,STARTER,91,23,18,0,0,2,3,8,0,https://statsapi.mlb.com/api/v1.1/game/823323/feed/live,both,True,P,Pitcher,STARTER/OPENER/BULK,True,QA_VALIDATED_CANONICAL_V3,,,
695243,18.0,9.0,64.0,67.0,270.0,287.0,Top,823323,https://raw.githubusercontent.com/lancebroz/mlb-pitcher-data/main/data/raw/2026/daily/2026-03-28.parquet,False,2026-03-28,2026-03-29T00:40:00Z,SD,DET,H,Mason Miller,False,RELIEF_OR_BULK,18,4,3,0,0,0,1,2,0,https://statsapi.mlb.com/api/v1.1/game/823323/feed/live,both,True,P,Pitcher,BULLPEN_PITCHER,True,QA_VALIDATED_CANONICAL_V3,,,
445276,11.0,9.0,74.0,76.0,278.0,288.0,Bot,823324,https://raw.githubusercontent.com/lancebroz/mlb-pitcher-data/main/data/raw/2026/daily/2026-03-27.parquet,False,2026-03-27,2026-03-28T01:40:00Z,DET,SD,A,Kenley Jansen,False,RELIEF_OR_BULK,11,3,3,0,0,0,0,3,0,https://statsapi.mlb.com/api/v1.1/game/823324/feed/live,both,True,P,Pitcher,BULLPEN_PITCHER,True,QA_VALIDATED_CANONICAL_V3,,,
593974,17.0,8.0,62.0,64.0,229.0,245.0,Top,823324,https://raw.githubusercontent.com/lancebroz/mlb-pitcher-data/main/data/raw/2026/daily/2026-03-27.parquet,False,2026-03-27,2026-03-28T01:40:00Z,SD,DET,H,Wandy Peralta,False,RELIEF_OR_BULK,17,3,1,0,0,2,0,0,0,https://statsapi.mlb.com/api/v1.1/game/823324/feed/live,both,True,P,Pitcher,BULLPEN_PITCHER,True,QA_VALIDATED_CANONICAL_V3,,,
640448,20.0,8.0,65.0,68.0,246.0,265.0,Bot,823324,https://raw.githubusercontent.com/lancebroz/mlb-pitcher-data/main/data/raw/2026/daily/2026-03-27.parquet,False,2026-03-27,2026-03-28T01:40:00Z,DET,SD,A,Kyle Finnegan,False,RELIEF_OR_BULK,20,4,3,0,0,0,1,2,0,https://statsapi.mlb.com/api/v1.1/game/823324/feed/live,both,True,P,Pitcher,BULLPEN_PITCHER,True,QA_VALIDATED_CANONICAL_V3,,,
646241,13.0,7.0,52.0,55.0,189.0,201.0,Bot,823324,https://raw.githubusercontent.com/lancebroz/mlb-pitcher-data/main/data/raw/2026/daily/2026-03-27.parquet,False,2026-03-27,2026-03-28T01:40:00Z,DET,SD,A,Enmanuel De Jesus,False,RELIEF_OR_BULK,13,4,3,0,0,1,0,2,0,https://statsapi.mlb.com/api/v1.1/game/823324/feed/live,both,True,P,Pitcher,BULLPEN_PITCHER,True,QA_VALIDATED_CANONICAL_V3,,,
650633,82.0,1.0,0.0,39.0,1.0,146.0,Top,823324,https://raw.githubusercontent.com/lancebroz/mlb-pitcher-data/main/data/raw/2026/daily/2026-03-27.parquet,False,2026-03-27,2026-03-28T01:40:00Z,SD,DET,H,Michael King,True,STARTER,82,20,15,1,0,1,4,6,0,https://statsapi.mlb.com/api/v1.1/game/823324/feed/live,both,True,P,Pitcher,STARTER/OPENER/BULK,True,QA_VALIDATED_CANONICAL_V3,,,
664285,83.0,1.0,4.0,48.0,21.0,181.0,Bot,823324,https://raw.githubusercontent.com/lancebroz/mlb-pitcher-data/main/data/raw/2026/daily/2026-03-27.parquet,False,2026-03-27,2026-03-28T01:40:00Z,DET,SD,A,Framber Valdez,True,STARTER,83,25,18,2,1,7,1,5,0,https://statsapi.mlb.com/api/v1.1/game/823324/feed/live,both,True,P,Pitcher,STARTER/OPENER/BULK,True,QA_VALIDATED_CANONICAL_V3,,,
669093,27.0,8.0,56.0,61.0,202.0,228.0,Top,823324,https://raw.githubusercontent.com/lancebroz/mlb-pitcher-data/main/data/raw/2026/daily/2026-03-27.parquet,False,2026-03-27,2026-03-28T01:40:00Z,SD,DET,H,Jeremiah Estrada,False,RELIEF_OR_BULK,27,6,2,4,4,1,3,2,0,https://statsapi.mlb.com/api/v1.1/game/823324/feed/live,both,True,P,Pitcher,BULLPEN_PITCHER,True,QA_VALIDATED_CANONICAL_V3,,,
670970,23.0,6.0,40.0,51.0,147.0,188.0,Top,823324,https://raw.githubusercontent.com/lancebroz/mlb-pitcher-data/main/data/raw/2026/daily/2026-03-27.parquet,False,2026-03-27,2026-03-28T01:40:00Z,SD,DET,H,Adrian Morejon,False,RELIEF_OR_BULK,23,6,6,0,0,1,0,1,0,https://statsapi.mlb.com/api/v1.1/game/823324/feed/live,both,True,P,Pitcher,BULLPEN_PITCHER,True,QA_VALIDATED_CANONICAL_V3,,,
688158,12.0,9.0,69.0,73.0,266.0,277.0,Top,823324,https://raw.githubusercontent.com/lancebroz/mlb-pitcher-data/main/data/raw/2026/daily/2026-03-27.parquet,False,2026-03-27,2026-03-28T01:40:00Z,SD,DET,H,David Morgan,False,RELIEF_OR_BULK,12,5,3,0,0,1,1,0,0,https://statsapi.mlb.com/api/v1.1/game/823324/feed/live,both,True,P,Pitcher,BULLPEN_PITCHER,True,QA_VALIDATED_CANONICAL_V3,,,
593974,15.0,9.0,72.0,75.0,273.0,287.0,Top,823325,https://raw.githubusercontent.com/lancebroz/mlb-pitcher-data/main/data/raw/2026/daily/2026-03-26.parquet,False,2026-03-26,2026-03-26T20:10:00Z,SD,DET,H,Wandy Peralta,False,RELIEF_OR_BULK,15,4,3,0,0,1,0,0,0,https://statsapi.mlb.com/api/v1.1/game/823325/feed/live,both,True,P,Pitcher,BULLPEN_PITCHER,True,QA_VALIDATED_CANONICAL_V3,,,
601713,69.0,1.0,0.0,26.0,1.0,94.0,Top,823325,https://raw.githubusercontent.com/lancebroz/mlb-pitcher-data/main/data/raw/2026/daily/2026-03-26.parquet,False,2026-03-26,2026-03-26T20:10:00Z,SD,DET,H,Nick Pivetta,True,STARTER,69,19,9,6,6,7,3,4,0,https://statsapi.mlb.com/api/v1.1/game/823325/feed/live,both,True,P,Pitcher,STARTER/OPENER/BULK,True,QA_VALIDATED_CANONICAL_V3,,,
623454,36.0,7.0,56.0,68.0,207.0,261.0,Bot,823325,https://raw.githubusercontent.com/lancebroz/mlb-pitcher-data/main/data/raw/2026/daily/2026-03-26.parquet,False,2026-03-26,2026-03-26T20:10:00Z,DET,SD,A,Drew Anderson,False,RELIEF_OR_BULK,36,8,4,1,1,2,2,0,1,https://statsapi.mlb.com/api/v1.1/game/823325/feed/live,both,True,P,Pitcher,BULLPEN_PITCHER,True,QA_VALIDATED_CANONICAL_V3,,,
663947,11.0,8.0,69.0,71.0,262.0,272.0,Bot,823325,https://raw.githubusercontent.com/lancebroz/mlb-pitcher-data/main/data/raw/2026/daily/2026-03-26.parquet,False,2026-03-26,2026-03-26T20:10:00Z,DET,SD,A,Tyler Holton,False,RELIEF_OR_BULK,11,3,2,0,0,0,1,0,0,https://statsapi.mlb.com/api/v1.1/game/823325/feed/live,both,True,P,Pitcher,BULLPEN_PITCHER,True,QA_VALIDATED_CANONICAL_V3,,,
669373,74.0,1.0,9.0,52.0,34.0,197.0,Bot,823325,https://raw.githubusercontent.com/lancebroz/mlb-pitcher-data/main/data/raw/2026/daily/2026-03-26.parquet,False,2026-03-26,2026-03-26T20:10:00Z,DET,SD,A,Tarik Skubal,True,STARTER,74,22,18,1,0,3,0,6,0,https://statsapi.mlb.com/api/v1.1/game/823325/feed/live,both,True,P,Pitcher,STARTER/OPENER/BULK,True,QA_VALIDATED_CANONICAL_V3,,,
676684,7.0,9.0,76.0,78.0,288.0,294.0,Bot,823325,https://raw.githubusercontent.com/lancebroz/mlb-pitcher-data/main/data/raw/2026/daily/2026-03-26.parquet,False,2026-03-26,2026-03-26T20:10:00Z,DET,SD,A,Will Vest,False,RELIEF_OR_BULK,7,3,3,0,0,0,0,1,0,https://statsapi.mlb.com/api/v1.1/game/823325/feed/live,both,True,P,Pitcher,BULLPEN_PITCHER,True,QA_VALIDATED_CANONICAL_V3,,,
676760,43.0,4.0,30.0,41.0,105.0,154.0,Top,823325,https://raw.githubusercontent.com/lancebroz/mlb-pitcher-data/main/data/raw/2026/daily/2026-03-26.parquet,False,2026-03-26,2026-03-26T20:10:00Z,SD,DET,H,Ron Marinaccio,False,RELIEF_OR_BULK,43,9,6,2,2,3,0,2,1,https://statsapi.mlb.com/api/v1.1/game/823325/feed/live,both,True,P,Pitcher,BULLPEN_PITCHER,True,QA_VALIDATED_CANONICAL_V3,,,
688158,19.0,8.0,61.0,65.0,231.0,249.0,Top,823325,https://raw.githubusercontent.com/lancebroz/mlb-pitcher-data/main/data/raw/2026/daily/2026-03-26.parquet,False,2026-03-26,2026-03-26T20:10:00Z,SD,DET,H,David Morgan,False,RELIEF_OR_BULK,19,5,3,0,0,1,1,1,0,https://statsapi.mlb.com/api/v1.1/game/823325/feed/live,both,True,P,Pitcher,BULLPEN_PITCHER,True,QA_VALIDATED_CANONICAL_V3,,,
699134,20.0,6.0,45.0,55.0,166.0,206.0,Top,823325,https://raw.githubusercontent.com/lancebroz/mlb-pitcher-data/main/data/raw/2026/daily/2026-03-26.parquet,False,2026-03-26,2026-03-26T20:10:00Z,SD,DET,H,Bradgley Rodriguez,False,RELIEF_OR_BULK,20,6,6,0,0,0,0,3,0,https://statsapi.mlb.com/api/v1.1/game/823325/feed/live,both,True,P,Pitcher,BULLPEN_PITCHER,True,QA_VALIDATED_CANONICAL_V3,,,
608566,92.0,1.0,3.0,43.0,11.0,179.0,Bot,823401,https://raw.githubusercontent.com/lancebroz/mlb-pitcher-data/main/data/raw/2026/daily/2026-04-06.parquet,False,2026-04-06,2026-04-06T22:40:00Z,SD,PIT,A,Germán Márquez,True,STARTER,92,21,15,0,0,6,1,4,0,https://statsapi.mlb.com/api/v1.1/game/823401/feed/live,both,True,P,Pitcher,STARTER/OPENER/BULK,True,QA_VALIDATED_CANONICAL_V3,,,
642397,18.0,9.0,70.0,73.0,287.0,304.0,Top,823401,https://raw.githubusercontent.com/lancebroz/mlb-pitcher-data/main/data/raw/2026/daily/2026-04-06.parquet,False,2026-04-06,2026-04-06T22:40:00Z,PIT,SD,H,Gregory Soto,False,RELIEF_OR_BULK,18,4,3,0,0,0,1,1,0,https://statsapi.mlb.com/api/v1.1/game/823401/feed/live,both,True,P,Pitcher,BULLPEN_PITCHER,True,QA_VALIDATED_CANONICAL_V3,,,
664875,13.0,8.0,61.0,65.0,254.0,266.0,Top,823401,https://raw.githubusercontent.com/lancebroz/mlb-pitcher-data/main/data/raw/2026/daily/2026-04-06.parquet,False,2026-04-06,2026-04-06T22:40:00Z,PIT,SD,H,Justin Lawrence,False,RELIEF_OR_BULK,13,5,3,1,1,2,0,2,0,https://statsapi.mlb.com/api/v1.1/game/823401/feed/live,both,True,P,Pitcher,BULLPEN_PITCHER,True,QA_VALIDATED_CANONICAL_V3,,,
670990,27.0,5.0,38.0,48.0,155.0,202.0,Top,823401,https://raw.githubusercontent.com/lancebroz/mlb-pitcher-data/main/data/raw/2026/daily/2026-04-06.parquet,False,2026-04-06,2026-04-06T22:40:00Z,PIT,SD,H,Yohan Ramírez,False,RELIEF_OR_BULK,27,7,5,1,1,2,0,0,0,https://statsapi.mlb.com/api/v1.1/game/823401/feed/live,both,True,P,Pitcher,BULLPEN_PITCHER,True,QA_VALIDATED_CANONICAL_V3,,,
676755,21.0,7.0,53.0,57.0,218.0,238.0,Top,823401,https://raw.githubusercontent.com/lancebroz/mlb-pitcher-data/main/data/raw/2026/daily/2026-04-06.parquet,False,2026-04-06,2026-04-06T22:40:00Z,PIT,SD,H,Isaac Mattson,False,RELIEF_OR_BULK,21,5,3,0,0,2,0,2,0,https://statsapi.mlb.com/api/v1.1/game/823401/feed/live,both,True,P,Pitcher,BULLPEN_PITCHER,True,QA_VALIDATED_CANONICAL_V3,,,
676760,30.0,6.0,49.0,60.0,203.0,253.0,Bot,823401,https://raw.githubusercontent.com/lancebroz/mlb-pitcher-data/main/data/raw/2026/daily/2026-04-06.parquet,False,2026-04-06,2026-04-06T22:40:00Z,SD,PIT,A,Ron Marinaccio,False,RELIEF_OR_BULK,30,7,6,0,0,1,1,1,0,https://statsapi.mlb.com/api/v1.1/game/823401/feed/live,both,True,P,Pitcher,BULLPEN_PITCHER,True,QA_VALIDATED_CANONICAL_V3,,,
688158,39.0,8.0,66.0,77.0,267.0,323.0,Bot,823401,https://raw.githubusercontent.com/lancebroz/mlb-pitcher-data/main/data/raw/2026/daily/2026-04-06.parquet,False,2026-04-06,2026-04-06T22:40:00Z,SD,PIT,A,David Morgan,False,RELIEF_OR_BULK,39,8,6,0,0,0,3,1,0,https://statsapi.mlb.com/api/v1.1/game/823401/feed/live,both,True,P,Pitcher,BULLPEN_PITCHER,True,QA_VALIDATED_CANONICAL_V3,,,
696149,83.0,1.0,0.0,37.0,1.0,154.0,Top,823401,https://raw.githubusercontent.com/lancebroz/mlb-pitcher-data/main/data/raw/2026/daily/2026-04-06.parquet,False,2026-04-06,2026-04-06T22:40:00Z,PIT,SD,H,Bubba Chandler,True,STARTER,83,21,13,3,3,5,4,4,0,https://statsapi.mlb.com/api/v1.1/game/823401/feed/live,both,True,P,Pitcher,STARTER/OPENER/BULK,True,QA_VALIDATED_CANONICAL_V3,,,
593974,13.0,7.0,50.0,53.0,206.0,218.0,Bot,823402,https://raw.githubusercontent.com/lancebroz/mlb-pitcher-data/main/data/raw/2026/daily/2026-04-07.parquet,False,2026-04-07,2026-04-07T22:40:00Z,SD,PIT,A,Wandy Peralta,False,RELIEF_OR_BULK,13,4,3,0,0,1,1,1,0,https://statsapi.mlb.com/api/v1.1/game/823402/feed/live,both,True,P,Pitcher,BULLPEN_PITCHER,True,QA_VALIDATED_CANONICAL_V3,,,
601713,86.0,1.0,3.0,36.0,17.0,153.0,Bot,823402,https://raw.githubusercontent.com/lancebroz/mlb-pitcher-data/main/data/raw/2026/daily/2026-04-07.parquet,False,2026-04-07,2026-04-07T22:40:00Z,SD,PIT,A,Nick Pivetta,True,STARTER,86,20,15,2,2,4,1,8,0,https://statsapi.mlb.com/api/v1.1/game/823402/feed/live,both,True,P,Pitcher,STARTER/OPENER/BULK,True,QA_VALIDATED_CANONICAL_V3,,,
642397,10.0,8.0,54.0,56.0,219.0,228.0,Top,823402,https://raw.githubusercontent.com/lancebroz/mlb-pitcher-data/main/data/raw/2026/daily/2026-04-07.parquet,False,2026-04-07,2026-04-07T22:40:00Z,PIT,SD,H,Gregory Soto,False,RELIEF_OR_BULK,10,3,3,0,0,0,0,1,0,https://statsapi.mlb.com/api/v1.1/game/823402/feed/live,both,True,P,Pitcher,BULLPEN_PITCHER,True,QA_VALIDATED_CANONICAL_V3,,,
670970,20.0,8.0,57.0,63.0,229.0,248.0,Bot,823402,https://raw.githubusercontent.com/lancebroz/mlb-pitcher-data/main/data/raw/2026/daily/2026-04-07.parquet,False,2026-04-07,2026-04-07T22:40:00Z,SD,PIT,A,Adrian Morejon,False,RELIEF_OR_BULK,20,7,1,5,4,5,0,1,0,https://statsapi.mlb.com/api/v1.1/game/823402/feed/live,both,True,P,Pitcher,BULLPEN_PITCHER,True,QA_VALIDATED_CANONICAL_V3,,,
670990,12.0,9.0,66.0,68.0,255.0,266.0,Top,823402,https://raw.githubusercontent.com/lancebroz/mlb-pitcher-data/main/data/raw/2026/daily/2026-04-07.parquet,False,2026-04-07,2026-04-07T22:40:00Z,PIT,SD,H,Yohan Ramírez,False,RELIEF_OR_BULK,12,3,3,0,0,0,0,2,0,https://statsapi.mlb.com/api/v1.1/game/823402/feed/live,both,True,P,Pitcher,BULLPEN_PITCHER,True,QA_VALIDATED_CANONICAL_V3,,,
676755,9.0,7.0,47.0,49.0,197.0,205.0,Top,823402,https://raw.githubusercontent.com/lancebroz/mlb-pitcher-data/main/data/raw/2026/daily/2026-04-07.parquet,False,2026-04-07,2026-04-07T22:40:00Z,PIT,SD,H,Isaac Mattson,False,RELIEF_OR_BULK,9,3,2,0,0,1,0,0,0,https://statsapi.mlb.com/api/v1.1/game/823402/feed/live,both,True,P,Pitcher,BULLPEN_PITCHER,True,QA_VALIDATED_CANONICAL_V3,,,
676760,6.0,8.0,64.0,65.0,249.0,254.0,Bot,823402,https://raw.githubusercontent.com/lancebroz/mlb-pitcher-data/main/data/raw/2026/daily/2026-04-07.parquet,False,2026-04-07,2026-04-07T22:40:00Z,SD,PIT,A,Ron Marinaccio,False,RELIEF_OR_BULK,6,2,2,0,0,0,0,0,0,https://statsapi.mlb.com/api/v1.1/game/823402/feed/live,both,True,P,Pitcher,BULLPEN_PITCHER,True,QA_VALIDATED_CANONICAL_V3,,,
694973,87.0,1.0,0.0,46.0,1.0,196.0,Top,823402,https://raw.githubusercontent.com/lancebroz/mlb-pitcher-data/main/data/raw/2026/daily/2026-04-07.parquet,False,2026-04-07,2026-04-07T22:40:00Z,PIT,SD,H,Paul Skenes,True,STARTER,87,23,19,1,1,2,2,6,1,https://statsapi.mlb.com/api/v1.1/game/823402/feed/live,both,True,P,Pitcher,STARTER/OPENER/BULK,True,QA_VALIDATED_CANONICAL_V3,,,
699134,23.0,6.0,41.0,44.0,168.0,190.0,Bot,823402,https://raw.githubusercontent.com/lancebroz/mlb-pitcher-data/main/data/raw/2026/daily/2026-04-07.parquet,False,2026-04-07,2026-04-07T22:40:00Z,SD,PIT,A,Bradgley Rodriguez,False,RELIEF_OR_BULK,23,4,3,0,0,2,0,0,0,https://statsapi.mlb.com/api/v1.1/game/823402/feed/live,both,True,P,Pitcher,BULLPEN_PITCHER,True,QA_VALIDATED_CANONICAL_V3,,,
606996,21.0,7.0,53.0,57.0,196.0,216.0,Bot,823403,https://raw.githubusercontent.com/lancebroz/mlb-pitcher-data/main/data/raw/2026/daily/2026-04-08.parquet,False,2026-04-08,2026-04-08T16:35:00Z,SD,PIT,A,Kyle Hart,False,RELIEF_OR_BULK,21,5,3,0,0,1,1,0,0,https://statsapi.mlb.com/api/v1.1/game/823403/feed/live,both,True,P,Pitcher,BULLPEN_PITCHER,True,QA_VALIDATED_CANONICAL_V3,,,
650633,95.0,1.0,3.0,52.0,10.0,195.0,Bot,823403,https://raw.githubusercontent.com/lancebroz/mlb-pitcher-data/main/data/raw/2026/daily/2026-04-08.parquet,False,2026-04-08,2026-04-08T16:35:00Z,SD,PIT,A,Michael King,True,STARTER,95,24,18,2,2,4,3,4,0,https://statsapi.mlb.com/api/v1.1/game/823403/feed/live,both,True,P,Pitcher,STARTER/OPENER/BULK,True,QA_VALIDATED_CANONICAL_V3,,,
656605,75.0,1.0,0.0,40.0,1.0,157.0,Top,823403,https://raw.githubusercontent.com/lancebroz/mlb-pitcher-data/main/data/raw/2026/daily/2026-04-08.parquet,False,2026-04-08,2026-04-08T16:35:00Z,PIT,SD,H,Mitch Keller,True,STARTER,75,22,18,0,0,3,1,4,0,https://statsapi.mlb.com/api/v1.1/game/823403/feed/live,both,True,P,Pitcher,STARTER/OPENER/BULK,True,QA_VALIDATED_CANONICAL_V3,,,
664353,36.0,8.0,58.0,73.0,217.0,264.0,Top,823403,https://raw.githubusercontent.com/lancebroz/mlb-pitcher-data/main/data/raw/2026/daily/2026-04-08.parquet,False,2026-04-08,2026-04-08T16:35:00Z,PIT,SD,H,José Urquidy,False,RELIEF_OR_BULK,36,12,6,4,1,4,0,3,0,https://statsapi.mlb.com/api/v1.1/game/823403/feed/live,both,True,P,Pitcher,BULLPEN_PITCHER,True,QA_VALIDATED_CANONICAL_V3,,,
664875,25.0,7.0,44.0,50.0,168.0,192.0,Top,823403,https://raw.githubusercontent.com/lancebroz/mlb-pitcher-data/main/data/raw/2026/daily/2026-04-08.parquet,False,2026-04-08,2026-04-08T16:35:00Z,PIT,SD,H,Justin Lawrence,False,RELIEF_OR_BULK,25,7,3,4,3,3,0,2,1,https://statsapi.mlb.com/api/v1.1/game/823403/feed/live,both,True,P,Pitcher,BULLPEN_PITCHER,True,QA_VALIDATED_CANONICAL_V3,,,
669093,12.0,8.0,62.0,65.0,225.0,236.0,Bot,823403,https://raw.githubusercontent.com/lancebroz/mlb-pitcher-data/main/data/raw/2026/daily/2026-04-08.parquet,False,2026-04-08,2026-04-08T16:35:00Z,SD,PIT,A,Jeremiah Estrada,False,RELIEF_OR_BULK,12,4,3,0,0,1,0,0,0,https://statsapi.mlb.com/api/v1.1/game/823403/feed/live,both,True,P,Pitcher,BULLPEN_PITCHER,True,QA_VALIDATED_CANONICAL_V3,,,
695243,10.0,9.0,74.0,76.0,265.0,274.0,Bot,823403,https://raw.githubusercontent.com/lancebroz/mlb-pitcher-data/main/data/raw/2026/daily/2026-04-08.parquet,False,2026-04-08,2026-04-08T16:35:00Z,SD,PIT,A,Mason Miller,False,RELIEF_OR_BULK,10,3,3,0,0,0,0,2,0,https://statsapi.mlb.com/api/v1.1/game/823403/feed/live,both,True,P,Pitcher,BULLPEN_PITCHER,True,QA_VALIDATED_CANONICAL_V3,,,
642701,13.0,9.0,72.0,74.0,303.0,315.0,Top,823404,https://raw.githubusercontent.com/lancebroz/mlb-pitcher-data/main/data/raw/2026/daily/2026-04-04.parquet,False,2026-04-04,2026-04-04T20:05:00Z,PIT,BAL,H,Dennis Santana,False,RELIEF_OR_BULK,13,3,3,0,0,0,0,1,0,https://statsapi.mlb.com/api/v1.1/game/823404/feed/live,both,True,P,Pitcher,BULLPEN_PITCHER,True,QA_VALIDATED_CANONICAL_V3,,,
664854,13.0,9.0,75.0,78.0,316.0,328.0,Bot,823404,https://raw.githubusercontent.com/lancebroz/mlb-pitcher-data/main/data/raw/2026/daily/2026-04-04.parquet,False,2026-04-04,2026-04-04T20:05:00Z,BAL,PIT,A,Ryan Helsley,False,RELIEF_OR_BULK,13,4,1,1,1,2,1,0,0,https://statsapi.mlb.com/api/v1.1/game/823404/feed/live,both,True,P,Pitcher,BULLPEN_PITCHER,True,QA_VALIDATED_CANONICAL_V3,,,
664991,21.0,7.0,58.0,61.0,238.0,258.0,Bot,823404,https://raw.githubusercontent.com/lancebroz/mlb-pitcher-data/main/data/raw/2026/daily/2026-04-04.parquet,False,2026-04-04,2026-04-04T20:05:00Z,BAL,PIT,A,Grant Wolfram,False,RELIEF_OR_BULK,21,4,3,0,0,1,0,2,0,https://statsapi.mlb.com/api/v1.1/game/823404/feed/live,both,True,P,Pitcher,BULLPEN_PITCHER,True,QA_VALIDATED_CANONICAL_V3,,,
669358,98.0,1.0,3.0,50.0,13.0,200.0,Bot,823404,https://raw.githubusercontent.com/lancebroz/mlb-pitcher-data/main/data/raw/2026/daily/2026-04-04.parquet,False,2026-04-04,2026-04-04T20:05:00Z,BAL,PIT,A,Shane Baz,True,STARTER,98,25,17,1,1,4,3,5,0,https://statsapi.mlb.com/api/v1.1/game/823404/feed/live,both,True,P,Pitcher,STARTER/OPENER/BULK,True,QA_VALIDATED_CANONICAL_V3,,,
669387,84.0,1.0,0.0,37.0,1.0,149.0,Top,823404,https://raw.githubusercontent.com/lancebroz/mlb-pitcher-data/main/data/raw/2026/daily/2026-04-04.parquet,False,2026-04-04,2026-04-04T20:05:00Z,PIT,BAL,H,Carmen Mlodzinski,True,STARTER,84,21,14,2,2,5,3,5,0,https://statsapi.mlb.com/api/v1.1/game/823404/feed/live,both,True,P,Pitcher,STARTER/OPENER/BULK,True,QA_VALIDATED_CANONICAL_V3,,,
670329,10.0,6.0,51.0,52.0,201.0,210.0,Bot,823404,https://raw.githubusercontent.com/lancebroz/mlb-pitcher-data/main/data/raw/2026/daily/2026-04-04.parquet,False,2026-04-04,2026-04-04T20:05:00Z,BAL,PIT,A,Rico Garcia,False,RELIEF_OR_BULK,10,2,1,0,0,0,1,0,0,https://statsapi.mlb.com/api/v1.1/game/823404/feed/live,both,True,P,Pitcher,BULLPEN_PITCHER,True,QA_VALIDATED_CANONICAL_V3,,,
676755,17.0,8.0,62.0,65.0,259.0,275.0,Top,823404,https://raw.githubusercontent.com/lancebroz/mlb-pitcher-data/main/data/raw/2026/daily/2026-04-04.parquet,False,2026-04-04,2026-04-04T20:05:00Z,PIT,BAL,H,Isaac Mattson,False,RELIEF_OR_BULK,17,4,3,0,0,1,1,1,0,https://statsapi.mlb.com/api/v1.1/game/823404/feed/live,both,True,P,Pitcher,BULLPEN_PITCHER,True,QA_VALIDATED_CANONICAL_V3,,,
682995,45.0,5.0,38.0,57.0,150.0,237.0,Top,823404,https://raw.githubusercontent.com/lancebroz/mlb-pitcher-data/main/data/raw/2026/daily/2026-04-04.parquet,False,2026-04-04,2026-04-04T20:05:00Z,PIT,BAL,H,Hunter Barco,False,RELIEF_OR_BULK,45,10,7,0,0,0,3,1,0,https://statsapi.mlb.com/api/v1.1/game/823404/feed/live,both,True,P,Pitcher,BULLPEN_PITCHER,True,QA_VALIDATED_CANONICAL_V3,,,
689296,27.0,8.0,66.0,71.0,276.0,302.0,Bot,823404,https://raw.githubusercontent.com/lancebroz/mlb-pitcher-data/main/data/raw/2026/daily/2026-04-04.parquet,False,2026-04-04,2026-04-04T20:05:00Z,BAL,PIT,A,Anthony Nunez,False,RELIEF_OR_BULK,27,6,3,1,0,1,1,0,0,https://statsapi.mlb.com/api/v1.1/game/823404/feed/live,both,True,P,Pitcher,BULLPEN_PITCHER,True,QA_VALIDATED_CANONICAL_V3,,,
605135,62.0,1.0,3.0,20.0,11.0,87.0,Bot,823405,https://raw.githubusercontent.com/lancebroz/mlb-pitcher-data/main/data/raw/2026/daily/2026-04-05.parquet,False,2026-04-05,2026-04-05T17:35:00Z,BAL,PIT,A,Chris Bassitt,True,STARTER,62,15,6,6,6,6,2,0,1,https://statsapi.mlb.com/api/v1.1/game/823405/feed/live,both,True,P,Pitcher,STARTER/OPENER/BULK,True,QA_VALIDATED_CANONICAL_V3,,,
664353,31.0,8.0,63.0,72.0,250.0,299.0,Top,823405,https://raw.githubusercontent.com/lancebroz/mlb-pitcher-data/main/data/raw/2026/daily/2026-04-05.parquet,False,2026-04-05,2026-04-05T17:35:00Z,PIT,BAL,H,José Urquidy,False,RELIEF_OR_BULK,31,6,6,0,0,1,0,3,0,https://statsapi.mlb.com/api/v1.1/game/823405/feed/live,both,True,P,Pitcher,BULLPEN_PITCHER,True,QA_VALIDATED_CANONICAL_V3,,,
666974,7.0,8.0,69.0,69.0,279.0,285.0,Bot,823405,https://raw.githubusercontent.com/lancebroz/mlb-pitcher-data/main/data/raw/2026/daily/2026-04-05.parquet,False,2026-04-05,2026-04-05T17:35:00Z,BAL,PIT,A,Yennier Cano,False,RELIEF_OR_BULK,7,1,1,0,0,0,0,1,0,https://statsapi.mlb.com/api/v1.1/game/823405/feed/live,both,True,P,Pitcher,BULLPEN_PITCHER,True,QA_VALIDATED_CANONICAL_V3,,,
677952,87.0,1.0,0.0,46.0,1.0,190.0,Top,823405,https://raw.githubusercontent.com/lancebroz/mlb-pitcher-data/main/data/raw/2026/daily/2026-04-05.parquet,False,2026-04-05,2026-04-05T17:35:00Z,PIT,BAL,H,Braxton Ashcraft,True,STARTER,87,21,18,1,1,4,0,8,0,https://statsapi.mlb.com/api/v1.1/game/823405/feed/live,both,True,P,Pitcher,STARTER/OPENER/BULK,True,QA_VALIDATED_CANONICAL_V3,,,
682254,25.0,7.0,53.0,58.0,210.0,234.0,Top,823405,https://raw.githubusercontent.com/lancebroz/mlb-pitcher-data/main/data/raw/2026/daily/2026-04-05.parquet,False,2026-04-05,2026-04-05T17:35:00Z,PIT,BAL,H,Mason Montgomery,False,RELIEF_OR_BULK,25,6,3,1,1,3,0,3,0,https://statsapi.mlb.com/api/v1.1/game/823405/feed/live,both,True,P,Pitcher,BULLPEN_PITCHER,True,QA_VALIDATED_CANONICAL_V3,,,
700249,87.0,3.0,24.0,68.0,97.0,278.0,Bot,823405,https://raw.githubusercontent.com/lancebroz/mlb-pitcher-data/main/data/raw/2026/daily/2026-04-05.parquet,False,2026-04-05,2026-04-05T17:35:00Z,BAL,PIT,A,Cade Povich,False,RELIEF_OR_BULK,87,24,17,2,2,4,3,2,1,https://statsapi.mlb.com/api/v1.1/game/823405/feed/live,both,True,P,Pitcher,BULLPEN_PITCHER,True,QA_VALIDATED_CANONICAL_V3,,,
608650,39.0,5.0,42.0,47.0,159.0,197.0,Bot,823406,https://raw.githubusercontent.com/lancebroz/mlb-pitcher-data/main/data/raw/2026/daily/2026-04-03.parquet,False,2026-04-03,2026-04-03T20:12:00Z,BAL,PIT,A,Dietrich Enns,False,RELIEF_OR_BULK,39,6,3,1,1,0,3,2,0,https://statsapi.mlb.com/api/v1.1/game/823406/feed/live,both,True,P,Pitcher,BULLPEN_PITCHER,True,QA_VALIDATED_CANONICAL_V3,,,
642397,20.0,9.0,69.0,72.0,278.0,297.0,Top,823406,https://raw.githubusercontent.com/lancebroz/mlb-pitcher-data/main/data/raw/2026/daily/2026-04-03.parquet,False,2026-04-03,2026-04-03T20:12:00Z,PIT,BAL,H,Gregory Soto,False,RELIEF_OR_BULK,20,4,3,1,1,1,0,3,1,https://statsapi.mlb.com/api/v1.1/game/823406/feed/live,both,True,P,Pitcher,BULLPEN_PITCHER,True,QA_VALIDATED_CANONICAL_V3,,,
642701,10.0,8.0,63.0,65.0,260.0,269.0,Top,823406,https://raw.githubusercontent.com/lancebroz/mlb-pitcher-data/main/data/raw/2026/daily/2026-04-03.parquet,False,2026-04-03,2026-04-03T20:12:00Z,PIT,BAL,H,Dennis Santana,False,RELIEF_OR_BULK,10,3,3,0,0,0,0,1,0,https://statsapi.mlb.com/api/v1.1/game/823406/feed/live,both,True,P,Pitcher,BULLPEN_PITCHER,True,QA_VALIDATED_CANONICAL_V3,,,
656605,88.0,1.0,0.0,50.0,1.0,208.0,Top,823406,https://raw.githubusercontent.com/lancebroz/mlb-pitcher-data/main/data/raw/2026/daily/2026-04-03.parquet,False,2026-04-03,2026-04-03T20:12:00Z,PIT,BAL,H,Mitch Keller,True,STARTER,88,26,18,2,2,6,4,4,0,https://statsapi.mlb.com/api/v1.1/game/823406/feed/live,both,True,P,Pitcher,STARTER/OPENER/BULK,True,QA_VALIDATED_CANONICAL_V3,,,
669330,23.0,6.0,51.0,62.0,209.0,259.0,Bot,823406,https://raw.githubusercontent.com/lancebroz/mlb-pitcher-data/main/data/raw/2026/daily/2026-04-03.parquet,False,2026-04-03,2026-04-03T20:12:00Z,BAL,PIT,A,Tyler Wells,False,RELIEF_OR_BULK,23,6,6,0,0,0,0,2,0,https://statsapi.mlb.com/api/v1.1/game/823406/feed/live,both,True,P,Pitcher,BULLPEN_PITCHER,True,QA_VALIDATED_CANONICAL_V3,,,
670329,8.0,8.0,66.0,68.0,270.0,277.0,Bot,823406,https://raw.githubusercontent.com/lancebroz/mlb-pitcher-data/main/data/raw/2026/daily/2026-04-03.parquet,False,2026-04-03,2026-04-03T20:12:00Z,BAL,PIT,A,Rico Garcia,False,RELIEF_OR_BULK,8,3,3,0,0,0,0,0,0,https://statsapi.mlb.com/api/v1.1/game/823406/feed/live,both,True,P,Pitcher,BULLPEN_PITCHER,True,QA_VALIDATED_CANONICAL_V3,,,
670990,19.0,7.0,54.0,57.0,219.0,237.0,Top,823406,https://raw.githubusercontent.com/lancebroz/mlb-pitcher-data/main/data/raw/2026/daily/2026-04-03.parquet,False,2026-04-03,2026-04-03T20:12:00Z,PIT,BAL,H,Yohan Ramírez,False,RELIEF_OR_BULK,19,4,1,1,1,2,1,0,0,https://statsapi.mlb.com/api/v1.1/game/823406/feed/live,both,True,P,Pitcher,BULLPEN_PITCHER,True,QA_VALIDATED_CANONICAL_V3,,,
680694,81.0,1.0,4.0,35.0,17.0,142.0,Bot,823406,https://raw.githubusercontent.com/lancebroz/mlb-pitcher-data/main/data/raw/2026/daily/2026-04-03.parquet,False,2026-04-03,2026-04-03T20:12:00Z,BAL,PIT,A,Kyle Bradish,True,STARTER,81,19,12,4,4,6,3,6,0,https://statsapi.mlb.com/api/v1.1/game/823406/feed/live,both,True,P,Pitcher,STARTER/OPENER/BULK,True,QA_VALIDATED_CANONICAL_V3,,,
682254,9.0,7.0,58.0,59.0,238.0,246.0,Top,823406,https://raw.githubusercontent.com/lancebroz/mlb-pitcher-data/main/data/raw/2026/daily/2026-04-03.parquet,False,2026-04-03,2026-04-03T20:12:00Z,PIT,BAL,H,Mason Montgomery,False,RELIEF_OR_BULK,9,2,2,0,0,0,0,1,0,https://statsapi.mlb.com/api/v1.1/game/823406/feed/live,both,True,P,Pitcher,BULLPEN_PITCHER,True,QA_VALIDATED_CANONICAL_V3,,,
592836,85.0,1.0,0.0,39.0,1.0,156.0,Top,823480,https://raw.githubusercontent.com/lancebroz/mlb-pitcher-data/main/data/raw/2026/daily/2026-04-11.parquet,False,2026-04-11,2026-04-11T17:05:00Z,PHI,AZ,H,Taijuan Walker,True,STARTER,85,19,15,2,2,4,2,6,1,https://statsapi.mlb.com/api/v1.1/game/823480/feed/live,both,True,P,Pitcher,STARTER/OPENER/BULK,True,QA_VALIDATED_CANONICAL_V3,,,
621237,6.0,7.0,54.0,55.0,210.0,215.0,Top,823480,https://raw.githubusercontent.com/lancebroz/mlb-pitcher-data/main/data/raw/2026/daily/2026-04-11.parquet,False,2026-04-11,2026-04-11T17:05:00Z,PHI,AZ,H,José Alvarado,False,RELIEF_OR_BULK,6,2,1,0,0,0,0,0,0,https://statsapi.mlb.com/api/v1.1/game/823480/feed/live,both,True,P,Pitcher,BULLPEN_PITCHER,True,QA_VALIDATED_CANONICAL_V3,,,
641745,28.0,8.0,60.0,65.0,233.0,260.0,Top,823480,https://raw.githubusercontent.com/lancebroz/mlb-pitcher-data/main/data/raw/2026/daily/2026-04-11.parquet,False,2026-04-11,2026-04-11T17:05:00Z,PHI,AZ,H,Brad Keller,False,RELIEF_OR_BULK,28,6,3,1,1,2,1,2,0,https://statsapi.mlb.com/api/v1.1/game/823480/feed/live,both,True,P,Pitcher,BULLPEN_PITCHER,True,QA_VALIDATED_CANONICAL_V3,,,
641835,9.0,6.0,44.0,46.0,170.0,178.0,Top,823480,https://raw.githubusercontent.com/lancebroz/mlb-pitcher-data/main/data/raw/2026/daily/2026-04-11.parquet,False,2026-04-11,2026-04-11T17:05:00Z,PHI,AZ,H,Tim Mayza,False,RELIEF_OR_BULK,9,3,2,0,0,1,0,1,0,https://statsapi.mlb.com/api/v1.1/game/823480/feed/live,both,True,P,Pitcher,BULLPEN_PITCHER,True,QA_VALIDATED_CANONICAL_V3,,,
656464,17.0,7.0,56.0,59.0,216.0,232.0,Bot,823480,https://raw.githubusercontent.com/lancebroz/mlb-pitcher-data/main/data/raw/2026/daily/2026-04-11.parquet,False,2026-04-11,2026-04-11T17:05:00Z,AZ,PHI,A,Kevin Ginkel,False,RELIEF_OR_BULK,17,4,3,0,0,0,1,2,0,https://statsapi.mlb.com/api/v1.1/game/823480/feed/live,both,True,P,Pitcher,BULLPEN_PITCHER,True,QA_VALIDATED_CANONICAL_V3,,,
657044,20.0,8.0,66.0,68.0,261.0,280.0,Bot,823480,https://raw.githubusercontent.com/lancebroz/mlb-pitcher-data/main/data/raw/2026/daily/2026-04-11.parquet,False,2026-04-11,2026-04-11T17:05:00Z,AZ,PHI,A,Ryan Thompson,False,RELIEF_OR_BULK,20,3,3,0,0,0,0,3,0,https://statsapi.mlb.com/api/v1.1/game/823480/feed/live,both,True,P,Pitcher,BULLPEN_PITCHER,True,QA_VALIDATED_CANONICAL_V3,,,
661395,12.0,9.0,69.0,71.0,281.0,292.0,Top,823480,https://raw.githubusercontent.com/lancebroz/mlb-pitcher-data/main/data/raw/2026/daily/2026-04-11.parquet,False,2026-04-11,2026-04-11T17:05:00Z,PHI,AZ,H,Jhoan Duran,False,RELIEF_OR_BULK,12,3,3,0,0,0,0,1,0,https://statsapi.mlb.com/api/v1.1/game/823480/feed/live,both,True,P,Pitcher,BULLPEN_PITCHER,True,QA_VALIDATED_CANONICAL_V3,,,
689147,14.0,6.0,47.0,53.0,179.0,209.0,Top,823480,https://raw.githubusercontent.com/lancebroz/mlb-pitcher-data/main/data/raw/2026/daily/2026-04-11.parquet,False,2026-04-11,2026-04-11T17:05:00Z,PHI,AZ,H,Orion Kerkering,False,RELIEF_OR_BULK,14,3,3,0,0,0,0,1,0,https://statsapi.mlb.com/api/v1.1/game/823480/feed/live,both,True,P,Pitcher,BULLPEN_PITCHER,True,QA_VALIDATED_CANONICAL_V3,,,
694297,101.0,1.0,6.0,51.0,26.0,199.0,Bot,823480,https://raw.githubusercontent.com/lancebroz/mlb-pitcher-data/main/data/raw/2026/daily/2026-04-11.parquet,False,2026-04-11,2026-04-11T17:05:00Z,AZ,PHI,A,Brandon Pfaadt,True,STARTER,101,28,18,4,3,5,3,6,2,https://statsapi.mlb.com/api/v1.1/game/823480/feed/live,both,True,P,Pitcher,STARTER/OPENER/BULK,True,QA_VALIDATED_CANONICAL_V3,,,
621383,14.0,9.0,67.0,70.0,260.0,273.0,Top,823482,https://raw.githubusercontent.com/lancebroz/mlb-pitcher-data/main/data/raw/2026/daily/2026-04-10.parquet,False,2026-04-10,2026-04-10T22:40:00Z,PHI,AZ,H,Tanner Banks,False,RELIEF_OR_BULK,14,4,3,0,0,1,0,1,0,https://statsapi.mlb.com/api/v1.1/game/823482/feed/live,both,True,P,Pitcher,BULLPEN_PITCHER,True,QA_VALIDATED_CANONICAL_V3,,,
623149,9.0,9.0,71.0,74.0,274.0,282.0,Bot,823482,https://raw.githubusercontent.com/lancebroz/mlb-pitcher-data/main/data/raw/2026/daily/2026-04-10.parquet,False,2026-04-10,2026-04-10T22:40:00Z,AZ,PHI,A,Paul Sewald,False,RELIEF_OR_BULK,9,4,3,0,0,1,0,0,0,https://statsapi.mlb.com/api/v1.1/game/823482/feed/live,both,True,P,Pitcher,BULLPEN_PITCHER,True,QA_VALIDATED_CANONICAL_V3,,,
641745,7.0,7.0,53.0,55.0,204.0,210.0,Top,823482,https://raw.githubusercontent.com/lancebroz/mlb-pitcher-data/main/data/raw/2026/daily/2026-04-10.parquet,False,2026-04-10,2026-04-10T22:40:00Z,PHI,AZ,H,Brad Keller,False,RELIEF_OR_BULK,7,3,3,0,0,0,0,0,0,https://statsapi.mlb.com/api/v1.1/game/823482/feed/live,both,True,P,Pitcher,BULLPEN_PITCHER,True,QA_VALIDATED_CANONICAL_V3,,,
642528,15.0,6.0,52.0,57.0,199.0,220.0,Bot,823482,https://raw.githubusercontent.com/lancebroz/mlb-pitcher-data/main/data/raw/2026/daily/2026-04-10.parquet,False,2026-04-10,2026-04-10T22:40:00Z,AZ,PHI,A,Jonathan Loáisiga,False,RELIEF_OR_BULK,15,3,3,0,0,0,0,3,0,https://statsapi.mlb.com/api/v1.1/game/823482/feed/live,both,True,P,Pitcher,BULLPEN_PITCHER,True,QA_VALIDATED_CANONICAL_V3,,,
647336,93.0,1.0,4.0,51.0,20.0,198.0,Bot,823482,https://raw.githubusercontent.com/lancebroz/mlb-pitcher-data/main/data/raw/2026/daily/2026-04-10.parquet,False,2026-04-10,2026-04-10T22:40:00Z,AZ,PHI,A,Michael Soroka,True,STARTER,93,25,17,4,4,5,2,10,1,https://statsapi.mlb.com/api/v1.1/game/823482/feed/live,both,True,P,Pitcher,STARTER/OPENER/BULK,True,QA_VALIDATED_CANONICAL_V3,,,
666200,86.0,1.0,0.0,41.0,1.0,157.0,Top,823482,https://raw.githubusercontent.com/lancebroz/mlb-pitcher-data/main/data/raw/2026/daily/2026-04-10.parquet,False,2026-04-10,2026-04-10T22:40:00Z,PHI,AZ,H,Jesús Luzardo,True,STARTER,86,22,14,5,5,5,3,8,0,https://statsapi.mlb.com/api/v1.1/game/823482/feed/live,both,True,P,Pitcher,STARTER/OPENER/BULK,True,QA_VALIDATED_CANONICAL_V3,,,
666661,26.0,7.0,58.0,66.0,221.0,259.0,Bot,823482,https://raw.githubusercontent.com/lancebroz/mlb-pitcher-data/main/data/raw/2026/daily/2026-04-10.parquet,False,2026-04-10,2026-04-10T22:40:00Z,AZ,PHI,A,Juan Morillo,False,RELIEF_OR_BULK,26,5,4,0,0,1,0,3,0,https://statsapi.mlb.com/api/v1.1/game/823482/feed/live,both,True,P,Pitcher,BULLPEN_PITCHER,True,QA_VALIDATED_CANONICAL_V3,,,
680742,19.0,5.0,42.0,48.0,158.0,186.0,Top,823482,https://raw.githubusercontent.com/lancebroz/mlb-pitcher-data/main/data/raw/2026/daily/2026-04-10.parquet,False,2026-04-10,2026-04-10T22:40:00Z,PHI,AZ,H,Jonathan Bowlan,False,RELIEF_OR_BULK,19,4,4,0,0,0,0,1,0,https://statsapi.mlb.com/api/v1.1/game/823482/feed/live,both,True,P,Pitcher,BULLPEN_PITCHER,True,QA_VALIDATED_CANONICAL_V3,,,
689147,13.0,8.0,59.0,62.0,227.0,239.0,Top,823482,https://raw.githubusercontent.com/lancebroz/mlb-pitcher-data/main/data/raw/2026/daily/2026-04-10.parquet,False,2026-04-10,2026-04-10T22:40:00Z,PHI,AZ,H,Orion Kerkering,False,RELIEF_OR_BULK,13,4,3,0,0,1,0,0,0,https://statsapi.mlb.com/api/v1.1/game/823482/feed/live,both,True,P,Pitcher,BULLPEN_PITCHER,True,QA_VALIDATED_CANONICAL_V3,,,
621237,8.0,9.0,72.0,75.0,272.0,279.0,Top,823483,https://raw.githubusercontent.com/lancebroz/mlb-pitcher-data/main/data/raw/2026/daily/2026-04-01.parquet,False,2026-04-01,2026-04-01T17:05:00Z,PHI,WSH,H,José Alvarado,False,RELIEF_OR_BULK,8,3,3,0,0,1,0,0,0,https://statsapi.mlb.com/api/v1.1/game/823483/feed/live,both,True,P,Pitcher,BULLPEN_PITCHER,True,QA_VALIDATED_CANONICAL_V3,,,
641745,22.0,7.0,53.0,58.0,199.0,220.0,Top,823483,https://raw.githubusercontent.com/lancebroz/mlb-pitcher-data/main/data/raw/2026/daily/2026-04-01.parquet,False,2026-04-01,2026-04-01T17:05:00Z,PHI,WSH,H,Brad Keller,False,RELIEF_OR_BULK,22,6,3,3,3,3,0,1,1,https://statsapi.mlb.com/api/v1.1/game/823483/feed/live,both,True,P,Pitcher,BULLPEN_PITCHER,True,QA_VALIDATED_CANONICAL_V3,,,
647315,12.0,8.0,63.0,65.0,236.0,247.0,Top,823483,https://raw.githubusercontent.com/lancebroz/mlb-pitcher-data/main/data/raw/2026/daily/2026-04-01.parquet,False,2026-04-01,2026-04-01T17:05:00Z,PHI,WSH,H,Zach Pop,False,RELIEF_OR_BULK,12,3,3,0,0,0,0,1,0,https://statsapi.mlb.com/api/v1.1/game/823483/feed/live,both,True,P,Pitcher,BULLPEN_PITCHER,True,QA_VALIDATED_CANONICAL_V3,,,
650911,97.0,1.0,0.0,45.0,1.0,171.0,Top,823483,https://raw.githubusercontent.com/lancebroz/mlb-pitcher-data/main/data/raw/2026/daily/2026-04-01.parquet,False,2026-04-01,2026-04-01T17:05:00Z,PHI,WSH,H,Cristopher Sánchez,True,STARTER,97,24,16,1,1,4,4,7,0,https://statsapi.mlb.com/api/v1.1/game/823483/feed/live,both,True,P,Pitcher,STARTER/OPENER/BULK,True,QA_VALIDATED_CANONICAL_V3,,,
661395,6.0,10.0,84.0,85.0,314.0,319.0,Top,823483,https://raw.githubusercontent.com/lancebroz/mlb-pitcher-data/main/data/raw/2026/daily/2026-04-01.parquet,False,2026-04-01,2026-04-01T17:05:00Z,PHI,WSH,H,Jhoan Duran,False,RELIEF_OR_BULK,6,2,3,0,0,0,0,1,0,https://statsapi.mlb.com/api/v1.1/game/823483/feed/live,both,True,P,Pitcher,BULLPEN_PITCHER,True,QA_VALIDATED_CANONICAL_V3,,,
669371,15.0,9.0,81.0,87.0,304.0,324.0,Bot,823483,https://raw.githubusercontent.com/lancebroz/mlb-pitcher-data/main/data/raw/2026/daily/2026-04-01.parquet,False,2026-04-01,2026-04-01T17:05:00Z,WSH,PHI,A,Cole Henry,False,RELIEF_OR_BULK,15,5,1,1,0,3,1,0,0,https://statsapi.mlb.com/api/v1.1/game/823483/feed/live,both,True,P,Pitcher,BULLPEN_PITCHER,True,QA_VALIDATED_CANONICAL_V3,,,
672335,21.0,7.0,62.0,69.0,232.0,264.0,Bot,823483,https://raw.githubusercontent.com/lancebroz/mlb-pitcher-data/main/data/raw/2026/daily/2026-04-01.parquet,False,2026-04-01,2026-04-01T17:05:00Z,WSH,PHI,A,Cionel Pérez,False,RELIEF_OR_BULK,21,5,2,1,1,2,0,0,1,https://statsapi.mlb.com/api/v1.1/game/823483/feed/live,both,True,P,Pitcher,BULLPEN_PITCHER,True,QA_VALIDATED_CANONICAL_V3,,,
676571,15.0,9.0,78.0,80.0,289.0,303.0,Bot,823483,https://raw.githubusercontent.com/lancebroz/mlb-pitcher-data/main/data/raw/2026/daily/2026-04-01.parquet,False,2026-04-01,2026-04-01T17:05:00Z,WSH,PHI,A,PJ Poulin,False,RELIEF_OR_BULK,15,3,1,1,1,0,2,0,0,https://statsapi.mlb.com/api/v1.1/game/823483/feed/live,both,True,P,Pitcher,BULLPEN_PITCHER,True,QA_VALIDATED_CANONICAL_V3,,,
676917,84.0,1.0,4.0,52.0,11.0,198.0,Bot,823483,https://raw.githubusercontent.com/lancebroz/mlb-pitcher-data/main/data/raw/2026/daily/2026-04-01.parquet,False,2026-04-01,2026-04-01T17:05:00Z,WSH,PHI,A,Cade Cavalli,True,STARTER,84,25,18,1,1,5,2,3,0,https://statsapi.mlb.com/api/v1.1/game/823483/feed/live,both,True,P,Pitcher,STARTER/OPENER/BULK,True,QA_VALIDATED_CANONICAL_V3,,,
680742,17.0,6.0,46.0,49.0,172.0,188.0,Top,823483,https://raw.githubusercontent.com/lancebroz/mlb-pitcher-data/main/data/raw/2026/daily/2026-04-01.parquet,False,2026-04-01,2026-04-01T17:05:00Z,PHI,WSH,H,Jonathan Bowlan,False,RELIEF_OR_BULK,17,4,2,1,1,2,0,1,0,https://statsapi.mlb.com/api/v1.1/game/823483/feed/live,both,True,P,Pitcher,BULLPEN_PITCHER,True,QA_VALIDATED_CANONICAL_V3,,,
690925,16.0,8.0,70.0,77.0,265.0,288.0,Bot,823483,https://raw.githubusercontent.com/lancebroz/mlb-pitcher-data/main/data/raw/2026/daily/2026-04-01.parquet,False,2026-04-01,2026-04-01T17:05:00Z,WSH,PHI,A,Clayton Beeter,False,RELIEF_OR_BULK,16,4,3,1,1,1,0,0,0,https://statsapi.mlb.com/api/v1.1/game/823483/feed/live,both,True,P,Pitcher,BULLPEN_PITCHER,True,QA_VALIDATED_CANONICAL_V3,,,
701552,11.0,7.0,59.0,61.0,221.0,231.0,Bot,823483,https://raw.githubusercontent.com/lancebroz/mlb-pitcher-data/main/data/raw/2026/daily/2026-04-01.parquet,False,2026-04-01,2026-04-01T17:05:00Z,WSH,PHI,A,Andre Granillo,False,RELIEF_OR_BULK,11,3,2,1,1,1,0,1,1,https://statsapi.mlb.com/api/v1.1/game/823483/feed/live,both,True,P,Pitcher,BULLPEN_PITCHER,True,QA_VALIDATED_CANONICAL_V3,,,
592836,99.0,1.0,1.0,43.0,1.0,338.0,Top,823484,https://baseballsavant.mlb.com/statcast_search/csv?all=true&type=details&game_pk=823484,True,2026-03-30,2026-03-30T22:40:00Z,PHI,WSH,H,Taijuan Walker,True,STARTER,99,29,14,7,6,10,3,2,0,https://statsapi.mlb.com/api/v1.1/game/823484/feed/live,both,True,P,Pitcher,STARTER/OPENER/BULK,True,QA_VALIDATED_CANONICAL_V3,,,
621237,29.0,9.0,77.0,82.0,150.0,335.0,Top,823484,https://baseballsavant.mlb.com/statcast_search/csv?all=true&type=details&game_pk=823484,True,2026-03-30,2026-03-30T22:40:00Z,PHI,WSH,H,José Alvarado,False,RELIEF_OR_BULK,29,6,1,4,4,3,2,1,0,https://statsapi.mlb.com/api/v1.1/game/823484/feed/live,both,True,P,Pitcher,BULLPEN_PITCHER,True,QA_VALIDATED_CANONICAL_V3,,,
641835,23.0,7.0,62.0,72.0,179.0,336.0,Top,823484,https://baseballsavant.mlb.com/statcast_search/csv?all=true&type=details&game_pk=823484,True,2026-03-30,2026-03-30T22:40:00Z,PHI,WSH,H,Tim Mayza,False,RELIEF_OR_BULK,23,6,6,0,0,0,0,2,0,https://statsapi.mlb.com/api/v1.1/game/823484/feed/live,both,True,P,Pitcher,BULLPEN_PITCHER,True,QA_VALIDATED_CANONICAL_V3,,,
656492,86.0,1.0,11.0,51.0,14.0,339.0,Bot,823484,https://baseballsavant.mlb.com/statcast_search/csv?all=true&type=details&game_pk=823484,True,2026-03-30,2026-03-30T22:40:00Z,WSH,PHI,A,Foster Griffin,True,STARTER,86,21,15,2,2,5,0,5,1,https://statsapi.mlb.com/api/v1.1/game/823484/feed/live,both,True,P,Pitcher,STARTER/OPENER/BULK,True,QA_VALIDATED_CANONICAL_V3,,,
664238,8.0,9.0,83.0,85.0,284.0,333.0,Top,823484,https://baseballsavant.mlb.com/statcast_search/csv?all=true&type=details&game_pk=823484,True,2026-03-30,2026-03-30T22:40:00Z,PHI,WSH,H,Dylan Moore,False,RELIEF_OR_BULK,8,3,2,0,0,1,0,0,0,https://statsapi.mlb.com/api/v1.1/game/823484/feed/live,both,True,CF,Outfielder,POSITION_PLAYER_PITCHING,True,EXCLUIR_POSITION_PLAYER_PITCHING,,,
669371,18.0,9.0,86.0,90.0,209.0,334.0,Bot,823484,https://baseballsavant.mlb.com/statcast_search/csv?all=true&type=details&game_pk=823484,True,2026-03-30,2026-03-30T22:40:00Z,WSH,PHI,A,Cole Henry,False,RELIEF_OR_BULK,18,5,3,0,0,1,1,1,0,https://statsapi.mlb.com/api/v1.1/game/823484/feed/live,both,True,P,Pitcher,BULLPEN_PITCHER,True,QA_VALIDATED_CANONICAL_V3,,,
680742,26.0,5.0,44.0,57.0,163.0,337.0,Top,823484,https://baseballsavant.mlb.com/statcast_search/csv?all=true&type=details&game_pk=823484,True,2026-03-30,2026-03-30T22:40:00Z,PHI,WSH,H,Jonathan Bowlan,False,RELIEF_OR_BULK,26,6,4,2,2,3,0,1,0,https://statsapi.mlb.com/api/v1.1/game/823484/feed/live,both,True,P,Pitcher,BULLPEN_PITCHER,True,QA_VALIDATED_CANONICAL_V3,,,
695418,51.0,6.0,58.0,76.0,84.0,340.0,Bot,823484,https://baseballsavant.mlb.com/statcast_search/csv?all=true&type=details&game_pk=823484,True,2026-03-30,2026-03-30T22:40:00Z,WSH,PHI,A,Brad Lord,False,RELIEF_OR_BULK,51,13,9,0,0,1,1,3,0,https://statsapi.mlb.com/api/v1.1/game/823484/feed/live,both,True,P,Pitcher,BULLPEN_PITCHER,True,QA_VALIDATED_CANONICAL_V3,,,
621383,37.0,6.0,43.0,54.0,154.0,205.0,Top,823485,https://raw.githubusercontent.com/lancebroz/mlb-pitcher-data/main/data/raw/2026/daily/2026-03-31.parquet,False,2026-03-31,2026-03-31T22:40:00Z,PHI,WSH,H,Tanner Banks,False,RELIEF_OR_BULK,37,8,5,1,1,3,0,2,0,https://statsapi.mlb.com/api/v1.1/game/823485/feed/live,both,True,P,Pitcher,BULLPEN_PITCHER,True,QA_VALIDATED_CANONICAL_V3,,,
641745,15.0,8.0,58.0,61.0,219.0,233.0,Top,823485,https://raw.githubusercontent.com/lancebroz/mlb-pitcher-data/main/data/raw/2026/daily/2026-03-31.parquet,False,2026-03-31,2026-03-31T22:40:00Z,PHI,WSH,H,Brad Keller,False,RELIEF_OR_BULK,15,4,3,0,0,0,1,0,0,https://statsapi.mlb.com/api/v1.1/game/823485/feed/live,both,True,P,Pitcher,BULLPEN_PITCHER,True,QA_VALIDATED_CANONICAL_V3,,,
641793,75.0,2.0,11.0,49.0,35.0,177.0,Bot,823485,https://raw.githubusercontent.com/lancebroz/mlb-pitcher-data/main/data/raw/2026/daily/2026-03-31.parquet,False,2026-03-31,2026-03-31T22:40:00Z,WSH,PHI,A,Zack Littell,False,RELIEF_OR_BULK,75,23,15,3,3,6,2,1,2,https://statsapi.mlb.com/api/v1.1/game/823485/feed/live,both,True,P,Pitcher,BULLPEN_PITCHER,True,QA_VALIDATED_CANONICAL_V3,,,
661395,20.0,9.0,65.0,68.0,244.0,263.0,Top,823485,https://raw.githubusercontent.com/lancebroz/mlb-pitcher-data/main/data/raw/2026/daily/2026-03-31.parquet,False,2026-03-31,2026-03-31T22:40:00Z,PHI,WSH,H,Jhoan Duran,False,RELIEF_OR_BULK,20,4,3,0,0,1,0,2,0,https://statsapi.mlb.com/api/v1.1/game/823485/feed/live,both,True,P,Pitcher,BULLPEN_PITCHER,True,QA_VALIDATED_CANONICAL_V3,,,
676571,9.0,1.0,3.0,5.0,12.0,20.0,Bot,823485,https://raw.githubusercontent.com/lancebroz/mlb-pitcher-data/main/data/raw/2026/daily/2026-03-31.parquet,False,2026-03-31,2026-03-31T22:40:00Z,WSH,PHI,A,PJ Poulin,True,STARTER,9,3,3,0,0,0,0,1,0,https://statsapi.mlb.com/api/v1.1/game/823485/feed/live,both,True,P,Pitcher,STARTER/OPENER/BULK,True,QA_VALIDATED_CANONICAL_V3,,,
686610,23.0,7.0,55.0,64.0,206.0,243.0,Bot,823485,https://raw.githubusercontent.com/lancebroz/mlb-pitcher-data/main/data/raw/2026/daily/2026-03-31.parquet,False,2026-03-31,2026-03-31T22:40:00Z,WSH,PHI,A,Ken Waldichuk,False,RELIEF_OR_BULK,23,6,6,0,0,1,0,0,0,https://statsapi.mlb.com/api/v1.1/game/823485/feed/live,both,True,P,Pitcher,BULLPEN_PITCHER,True,QA_VALIDATED_CANONICAL_V3,,,
691725,84.0,1.0,0.0,42.0,1.0,153.0,Top,823485,https://raw.githubusercontent.com/lancebroz/mlb-pitcher-data/main/data/raw/2026/daily/2026-03-31.parquet,False,2026-03-31,2026-03-31T22:40:00Z,PHI,WSH,H,Andrew Painter,True,STARTER,84,21,16,1,1,4,1,8,0,https://statsapi.mlb.com/api/v1.1/game/823485/feed/live,both,True,P,Pitcher,STARTER/OPENER/BULK,True,QA_VALIDATED_CANONICAL_V3,,,
543135,80.0,1.0,5.0,39.0,20.0,155.0,Bot,823486,https://raw.githubusercontent.com/lancebroz/mlb-pitcher-data/main/data/raw/2026/daily/2026-03-26.parquet,False,2026-03-26,2026-03-26T20:15:00Z,TEX,PHI,A,Nathan Eovaldi,True,STARTER,80,22,14,5,5,8,0,7,2,https://statsapi.mlb.com/api/v1.1/game/823486/feed/live,both,True,P,Pitcher,STARTER/OPENER/BULK,True,QA_VALIDATED_CANONICAL_V3,,,
641302,9.0,7.0,52.0,54.0,204.0,212.0,Bot,823486,https://raw.githubusercontent.com/lancebroz/mlb-pitcher-data/main/data/raw/2026/daily/2026-03-26.parquet,False,2026-03-26,2026-03-26T20:15:00Z,TEX,PHI,A,Tyler Alexander,False,RELIEF_OR_BULK,9,3,3,0,0,0,0,0,0,https://statsapi.mlb.com/api/v1.1/game/823486/feed/live,both,True,P,Pitcher,BULLPEN_PITCHER,True,QA_VALIDATED_CANONICAL_V3,,,
647315,21.0,8.0,55.0,58.0,213.0,233.0,Top,823486,https://raw.githubusercontent.com/lancebroz/mlb-pitcher-data/main/data/raw/2026/daily/2026-03-26.parquet,False,2026-03-26,2026-03-26T20:15:00Z,PHI,TEX,H,Zach Pop,False,RELIEF_OR_BULK,21,4,3,0,0,0,1,0,0,https://statsapi.mlb.com/api/v1.1/game/823486/feed/live,both,True,P,Pitcher,BULLPEN_PITCHER,True,QA_VALIDATED_CANONICAL_V3,,,
650911,87.0,1.0,0.0,44.0,1.0,179.0,Top,823486,https://raw.githubusercontent.com/lancebroz/mlb-pitcher-data/main/data/raw/2026/daily/2026-03-26.parquet,False,2026-03-26,2026-03-26T20:15:00Z,PHI,TEX,H,Cristopher Sánchez,True,STARTER,87,21,18,0,0,3,0,10,0,https://statsapi.mlb.com/api/v1.1/game/823486/feed/live,both,True,P,Pitcher,STARTER/OPENER/BULK,True,QA_VALIDATED_CANONICAL_V3,,,
656222,28.0,5.0,40.0,47.0,156.0,195.0,Bot,823486,https://raw.githubusercontent.com/lancebroz/mlb-pitcher-data/main/data/raw/2026/daily/2026-03-26.parquet,False,2026-03-26,2026-03-26T20:15:00Z,TEX,PHI,A,Jalen Beeks,False,RELIEF_OR_BULK,28,5,4,0,0,1,0,2,0,https://statsapi.mlb.com/api/v1.1/game/823486/feed/live,both,True,P,Pitcher,BULLPEN_PITCHER,True,QA_VALIDATED_CANONICAL_V3,,,
661395,12.0,9.0,69.0,71.0,280.0,291.0,Top,823486,https://raw.githubusercontent.com/lancebroz/mlb-pitcher-data/main/data/raw/2026/daily/2026-03-26.parquet,False,2026-03-26,2026-03-26T20:15:00Z,PHI,TEX,H,Jhoan Duran,False,RELIEF_OR_BULK,12,3,2,0,0,1,0,1,0,https://statsapi.mlb.com/api/v1.1/game/823486/feed/live,both,True,P,Pitcher,BULLPEN_PITCHER,True,QA_VALIDATED_CANONICAL_V3,,,
679775,20.0,9.0,65.0,68.0,260.0,279.0,Top,823486,https://raw.githubusercontent.com/lancebroz/mlb-pitcher-data/main/data/raw/2026/daily/2026-03-26.parquet,False,2026-03-26,2026-03-26T20:15:00Z,PHI,TEX,H,Kyle Backhus,False,RELIEF_OR_BULK,20,4,1,3,3,3,0,0,1,https://statsapi.mlb.com/api/v1.1/game/823486/feed/live,both,True,P,Pitcher,BULLPEN_PITCHER,True,QA_VALIDATED_CANONICAL_V3,,,
680742,8.0,7.0,48.0,51.0,196.0,203.0,Top,823486,https://raw.githubusercontent.com/lancebroz/mlb-pitcher-data/main/data/raw/2026/daily/2026-03-26.parquet,False,2026-03-26,2026-03-26T20:15:00Z,PHI,TEX,H,Jonathan Bowlan,False,RELIEF_OR_BULK,8,4,3,0,0,1,0,0,0,https://statsapi.mlb.com/api/v1.1/game/823486/feed/live,both,True,P,Pitcher,BULLPEN_PITCHER,True,QA_VALIDATED_CANONICAL_V3,,,
691945,26.0,8.0,59.0,64.0,234.0,259.0,Bot,823486,https://raw.githubusercontent.com/lancebroz/mlb-pitcher-data/main/data/raw/2026/daily/2026-03-26.parquet,False,2026-03-26,2026-03-26T20:15:00Z,TEX,PHI,A,Carter Baumler,False,RELIEF_OR_BULK,26,6,3,0,0,1,1,1,0,https://statsapi.mlb.com/api/v1.1/game/823486/feed/live,both,True,P,Pitcher,BULLPEN_PITCHER,True,QA_VALIDATED_CANONICAL_V3,,,
455119,3.0,8.0,67.0,67.0,285.0,287.0,Bot,823487,https://raw.githubusercontent.com/lancebroz/mlb-pitcher-data/main/data/raw/2026/daily/2026-03-29.parquet,False,2026-03-29,2026-03-29T17:35:00Z,TEX,PHI,A,Chris Martin,False,RELIEF_OR_BULK,3,1,1,0,0,0,0,0,0,https://statsapi.mlb.com/api/v1.1/game/823487/feed/live,both,True,P,Pitcher,BULLPEN_PITCHER,True,QA_VALIDATED_CANONICAL_V3,,,
641745,16.0,8.0,59.0,61.0,244.0,259.0,Top,823487,https://raw.githubusercontent.com/lancebroz/mlb-pitcher-data/main/data/raw/2026/daily/2026-03-29.parquet,False,2026-03-29,2026-03-29T17:35:00Z,PHI,TEX,H,Brad Keller,False,RELIEF_OR_BULK,16,3,3,0,0,0,0,1,0,https://statsapi.mlb.com/api/v1.1/game/823487/feed/live,both,True,P,Pitcher,BULLPEN_PITCHER,True,QA_VALIDATED_CANONICAL_V3,,,
647315,25.0,7.0,49.0,54.0,201.0,225.0,Top,823487,https://raw.githubusercontent.com/lancebroz/mlb-pitcher-data/main/data/raw/2026/daily/2026-03-29.parquet,False,2026-03-29,2026-03-29T17:35:00Z,PHI,TEX,H,Zach Pop,False,RELIEF_OR_BULK,25,6,3,2,2,1,1,1,0,https://statsapi.mlb.com/api/v1.1/game/823487/feed/live,both,True,P,Pitcher,BULLPEN_PITCHER,True,QA_VALIDATED_CANONICAL_V3,,,
666200,99.0,1.0,0.0,41.0,1.0,173.0,Top,823487,https://raw.githubusercontent.com/lancebroz/mlb-pitcher-data/main/data/raw/2026/daily/2026-03-29.parquet,False,2026-03-29,2026-03-29T17:35:00Z,PHI,TEX,H,Jesús Luzardo,True,STARTER,99,25,18,6,6,6,1,7,2,https://statsapi.mlb.com/api/v1.1/game/823487/feed/live,both,True,P,Pitcher,STARTER/OPENER/BULK,True,QA_VALIDATED_CANONICAL_V3,,,
668390,11.0,6.0,47.0,48.0,190.0,200.0,Bot,823487,https://raw.githubusercontent.com/lancebroz/mlb-pitcher-data/main/data/raw/2026/daily/2026-03-29.parquet,False,2026-03-29,2026-03-29T17:35:00Z,TEX,PHI,A,Cole Winn,False,RELIEF_OR_BULK,11,2,2,0,0,0,0,0,0,https://statsapi.mlb.com/api/v1.1/game/823487/feed/live,both,True,P,Pitcher,BULLPEN_PITCHER,True,QA_VALIDATED_CANONICAL_V3,,,
669022,90.0,1.0,3.0,46.0,12.0,189.0,Bot,823487,https://raw.githubusercontent.com/lancebroz/mlb-pitcher-data/main/data/raw/2026/daily/2026-03-29.parquet,False,2026-03-29,2026-03-29T17:35:00Z,TEX,PHI,A,MacKenzie Gore,True,STARTER,90,22,16,2,2,2,3,7,0,https://statsapi.mlb.com/api/v1.1/game/823487/feed/live,both,True,P,Pitcher,STARTER/OPENER/BULK,True,QA_VALIDATED_CANONICAL_V3,,,
676395,14.0,9.0,73.0,75.0,309.0,322.0,Bot,823487,https://raw.githubusercontent.com/lancebroz/mlb-pitcher-data/main/data/raw/2026/daily/2026-03-29.parquet,False,2026-03-29,2026-03-29T17:35:00Z,TEX,PHI,A,Robert Garcia,False,RELIEF_OR_BULK,14,3,3,0,0,0,1,1,0,https://statsapi.mlb.com/api/v1.1/game/823487/feed/live,both,True,P,Pitcher,BULLPEN_PITCHER,True,QA_VALIDATED_CANONICAL_V3,,,
679775,21.0,9.0,68.0,72.0,288.0,308.0,Top,823487,https://raw.githubusercontent.com/lancebroz/mlb-pitcher-data/main/data/raw/2026/daily/2026-03-29.parquet,False,2026-03-29,2026-03-29T17:35:00Z,PHI,TEX,H,Kyle Backhus,False,RELIEF_OR_BULK,21,5,3,0,0,1,1,1,0,https://statsapi.mlb.com/api/v1.1/game/823487/feed/live,both,True,P,Pitcher,BULLPEN_PITCHER,True,QA_VALIDATED_CANONICAL_V3,,,
691945,43.0,7.0,55.0,66.0,226.0,284.0,Bot,823487,https://raw.githubusercontent.com/lancebroz/mlb-pitcher-data/main/data/raw/2026/daily/2026-03-29.parquet,False,2026-03-29,2026-03-29T17:35:00Z,TEX,PHI,A,Carter Baumler,False,RELIEF_OR_BULK,43,9,5,1,1,1,4,2,0,https://statsapi.mlb.com/api/v1.1/game/823487/feed/live,both,True,P,Pitcher,BULLPEN_PITCHER,True,QA_VALIDATED_CANONICAL_V3,,,
455119,12.0,9.0,69.0,71.0,287.0,298.0,Bot,823488,https://raw.githubusercontent.com/lancebroz/mlb-pitcher-data/main/data/raw/2026/daily/2026-03-28.parquet,False,2026-03-28,2026-03-28T20:05:00Z,TEX,PHI,A,Chris Martin,False,RELIEF_OR_BULK,12,3,1,1,0,2,0,1,0,https://statsapi.mlb.com/api/v1.1/game/823488/feed/live,both,True,P,Pitcher,BULLPEN_PITCHER,True,QA_VALIDATED_CANONICAL_V3,,,
596001,23.0,7.0,51.0,61.0,214.0,255.0,Bot,823488,https://raw.githubusercontent.com/lancebroz/mlb-pitcher-data/main/data/raw/2026/daily/2026-03-28.parquet,False,2026-03-28,2026-03-28T20:05:00Z,TEX,PHI,A,Jakob Junis,False,RELIEF_OR_BULK,23,6,6,0,0,0,0,2,0,https://statsapi.mlb.com/api/v1.1/game/823488/feed/live,both,True,P,Pitcher,BULLPEN_PITCHER,True,QA_VALIDATED_CANONICAL_V3,,,
605400,91.0,1.0,0.0,34.0,1.0,155.0,Top,823488,https://raw.githubusercontent.com/lancebroz/mlb-pitcher-data/main/data/raw/2026/daily/2026-03-28.parquet,False,2026-03-28,2026-03-28T20:05:00Z,PHI,TEX,H,Aaron Nola,True,STARTER,91,22,15,3,3,5,2,7,2,https://statsapi.mlb.com/api/v1.1/game/823488/feed/live,both,True,P,Pitcher,STARTER/OPENER/BULK,True,QA_VALIDATED_CANONICAL_V3,,,
621237,18.0,7.0,47.0,50.0,196.0,213.0,Top,823488,https://raw.githubusercontent.com/lancebroz/mlb-pitcher-data/main/data/raw/2026/daily/2026-03-28.parquet,False,2026-03-28,2026-03-28T20:05:00Z,PHI,TEX,H,José Alvarado,False,RELIEF_OR_BULK,18,4,3,0,0,1,0,2,0,https://statsapi.mlb.com/api/v1.1/game/823488/feed/live,both,True,P,Pitcher,BULLPEN_PITCHER,True,QA_VALIDATED_CANONICAL_V3,,,
621383,10.0,6.0,41.0,43.0,179.0,188.0,Top,823488,https://raw.githubusercontent.com/lancebroz/mlb-pitcher-data/main/data/raw/2026/daily/2026-03-28.parquet,False,2026-03-28,2026-03-28T20:05:00Z,PHI,TEX,H,Tanner Banks,False,RELIEF_OR_BULK,10,3,3,0,0,1,0,0,0,https://statsapi.mlb.com/api/v1.1/game/823488/feed/live,both,True,P,Pitcher,BULLPEN_PITCHER,True,QA_VALIDATED_CANONICAL_V3,,,
641302,21.0,10.0,77.0,81.0,321.0,341.0,Bot,823488,https://raw.githubusercontent.com/lancebroz/mlb-pitcher-data/main/data/raw/2026/daily/2026-03-28.parquet,False,2026-03-28,2026-03-28T20:05:00Z,TEX,PHI,A,Tyler Alexander,False,RELIEF_OR_BULK,21,5,3,1,0,1,0,1,0,https://statsapi.mlb.com/api/v1.1/game/823488/feed/live,both,True,P,Pitcher,BULLPEN_PITCHER,True,QA_VALIDATED_CANONICAL_V3,,,
641835,32.0,8.0,54.0,64.0,224.0,268.0,Top,823488,https://raw.githubusercontent.com/lancebroz/mlb-pitcher-data/main/data/raw/2026/daily/2026-03-28.parquet,False,2026-03-28,2026-03-28T20:05:00Z,PHI,TEX,H,Tim Mayza,False,RELIEF_OR_BULK,32,8,6,0,0,1,1,2,0,https://statsapi.mlb.com/api/v1.1/game/823488/feed/live,both,True,P,Pitcher,BULLPEN_PITCHER,True,QA_VALIDATED_CANONICAL_V3,,,
656222,7.0,6.0,44.0,46.0,189.0,195.0,Bot,823488,https://raw.githubusercontent.com/lancebroz/mlb-pitcher-data/main/data/raw/2026/daily/2026-03-28.parquet,False,2026-03-28,2026-03-28T20:05:00Z,TEX,PHI,A,Jalen Beeks,False,RELIEF_OR_BULK,7,3,3,0,0,0,0,1,0,https://statsapi.mlb.com/api/v1.1/game/823488/feed/live,both,True,P,Pitcher,BULLPEN_PITCHER,True,QA_VALIDATED_CANONICAL_V3,,,
656641,68.0,1.0,4.0,35.0,11.0,159.0,Bot,823488,https://raw.githubusercontent.com/lancebroz/mlb-pitcher-data/main/data/raw/2026/daily/2026-03-28.parquet,False,2026-03-28,2026-03-28T20:05:00Z,TEX,PHI,A,Jacob Latz,True,STARTER,68,14,12,0,0,0,1,3,0,https://statsapi.mlb.com/api/v1.1/game/823488/feed/live,both,True,P,Pitcher,STARTER/OPENER/BULK,True,QA_VALIDATED_CANONICAL_V3,,,
661395,22.0,10.0,72.0,76.0,299.0,320.0,Top,823488,https://raw.githubusercontent.com/lancebroz/mlb-pitcher-data/main/data/raw/2026/daily/2026-03-28.parquet,False,2026-03-28,2026-03-28T20:05:00Z,PHI,TEX,H,Jhoan Duran,False,RELIEF_OR_BULK,22,5,3,2,1,2,0,2,0,https://statsapi.mlb.com/api/v1.1/game/823488/feed/live,both,True,P,Pitcher,BULLPEN_PITCHER,True,QA_VALIDATED_CANONICAL_V3,,,
668390,19.0,5.0,36.0,40.0,160.0,178.0,Bot,823488,https://raw.githubusercontent.com/lancebroz/mlb-pitcher-data/main/data/raw/2026/daily/2026-03-28.parquet,False,2026-03-28,2026-03-28T20:05:00Z,TEX,PHI,A,Cole Winn,False,RELIEF_OR_BULK,19,5,3,0,0,1,1,2,0,https://statsapi.mlb.com/api/v1.1/game/823488/feed/live,both,True,P,Pitcher,BULLPEN_PITCHER,True,QA_VALIDATED_CANONICAL_V3,,,
676395,18.0,9.0,65.0,68.0,269.0,286.0,Bot,823488,https://raw.githubusercontent.com/lancebroz/mlb-pitcher-data/main/data/raw/2026/daily/2026-03-28.parquet,False,2026-03-28,2026-03-28T20:05:00Z,TEX,PHI,A,Robert Garcia,False,RELIEF_OR_BULK,18,4,2,2,0,1,1,1,0,https://statsapi.mlb.com/api/v1.1/game/823488/feed/live,both,True,P,Pitcher,BULLPEN_PITCHER,True,QA_VALIDATED_CANONICAL_V3,,,
605130,17.0,6.0,50.0,58.0,203.0,231.0,Bot,823564,https://raw.githubusercontent.com/lancebroz/mlb-pitcher-data/main/data/raw/2026/daily/2026-04-08.parquet,False,2026-04-08,2026-04-08T23:05:00Z,ATH,NYY,A,Scott Barlow,False,RELIEF_OR_BULK,17,5,5,0,0,0,0,4,0,https://statsapi.mlb.com/api/v1.1/game/823564/feed/live,both,True,P,Pitcher,BULLPEN_PITCHER,True,QA_VALIDATED_CANONICAL_V3,,,
622663,100.0,1.0,4.0,45.0,13.0,186.0,Bot,823564,https://raw.githubusercontent.com/lancebroz/mlb-pitcher-data/main/data/raw/2026/daily/2026-04-08.parquet,False,2026-04-08,2026-04-08T23:05:00Z,ATH,NYY,A,Luis Severino,True,STARTER,100,22,15,2,2,4,5,7,0,https://statsapi.mlb.com/api/v1.1/game/823564/feed/live,both,True,P,Pitcher,STARTER/OPENER/BULK,True,QA_VALIDATED_CANONICAL_V3,,,
657612,17.0,5.0,41.0,49.0,164.0,202.0,Top,823564,https://raw.githubusercontent.com/lancebroz/mlb-pitcher-data/main/data/raw/2026/daily/2026-04-08.parquet,False,2026-04-08,2026-04-08T23:05:00Z,NYY,ATH,H,Tim Hill,False,RELIEF_OR_BULK,17,5,4,0,0,1,0,0,0,https://statsapi.mlb.com/api/v1.1/game/823564/feed/live,both,True,P,Pitcher,BULLPEN_PITCHER,True,QA_VALIDATED_CANONICAL_V3,,,
663687,20.0,7.0,59.0,66.0,232.0,265.0,Bot,823564,https://raw.githubusercontent.com/lancebroz/mlb-pitcher-data/main/data/raw/2026/daily/2026-04-08.parquet,False,2026-04-08,2026-04-08T23:05:00Z,ATH,NYY,A,Hogan Harris,False,RELIEF_OR_BULK,20,4,2,0,0,0,2,2,0,https://statsapi.mlb.com/api/v1.1/game/823564/feed/live,both,True,P,Pitcher,BULLPEN_PITCHER,True,QA_VALIDATED_CANONICAL_V3,,,
665660,11.0,8.0,67.0,68.0,266.0,276.0,Bot,823564,https://raw.githubusercontent.com/lancebroz/mlb-pitcher-data/main/data/raw/2026/daily/2026-04-08.parquet,False,2026-04-08,2026-04-08T23:05:00Z,ATH,NYY,A,Elvis Alvarado,False,RELIEF_OR_BULK,11,2,2,0,0,0,0,1,0,https://statsapi.mlb.com/api/v1.1/game/823564/feed/live,both,True,P,Pitcher,BULLPEN_PITCHER,True,QA_VALIDATED_CANONICAL_V3,,,
666808,12.0,7.0,53.0,56.0,213.0,224.0,Top,823564,https://raw.githubusercontent.com/lancebroz/mlb-pitcher-data/main/data/raw/2026/daily/2026-04-08.parquet,False,2026-04-08,2026-04-08T23:05:00Z,NYY,ATH,H,Camilo Doval,False,RELIEF_OR_BULK,12,4,3,0,0,0,0,1,0,https://statsapi.mlb.com/api/v1.1/game/823564/feed/live,both,True,P,Pitcher,BULLPEN_PITCHER,True,QA_VALIDATED_CANONICAL_V3,,,
669270,12.0,9.0,74.0,76.0,298.0,309.0,Bot,823564,https://raw.githubusercontent.com/lancebroz/mlb-pitcher-data/main/data/raw/2026/daily/2026-04-08.parquet,False,2026-04-08,2026-04-08T23:05:00Z,ATH,NYY,A,Joel Kuhnel,False,RELIEF_OR_BULK,12,3,3,0,0,0,0,1,0,https://statsapi.mlb.com/api/v1.1/game/823564/feed/live,both,True,P,Pitcher,BULLPEN_PITCHER,True,QA_VALIDATED_CANONICAL_V3,,,
670280,21.0,9.0,69.0,73.0,277.0,297.0,Top,823564,https://raw.githubusercontent.com/lancebroz/mlb-pitcher-data/main/data/raw/2026/daily/2026-04-08.parquet,False,2026-04-08,2026-04-08T23:05:00Z,NYY,ATH,H,David Bednar,False,RELIEF_OR_BULK,21,5,3,1,1,2,0,2,0,https://statsapi.mlb.com/api/v1.1/game/823564/feed/live,both,True,P,Pitcher,BULLPEN_PITCHER,True,QA_VALIDATED_CANONICAL_V3,,,
687396,14.0,8.0,62.0,65.0,247.0,260.0,Top,823564,https://raw.githubusercontent.com/lancebroz/mlb-pitcher-data/main/data/raw/2026/daily/2026-04-08.parquet,False,2026-04-08,2026-04-08T23:05:00Z,NYY,ATH,H,Brent Headrick,False,RELIEF_OR_BULK,14,4,3,0,0,1,0,1,0,https://statsapi.mlb.com/api/v1.1/game/823564/feed/live,both,True,P,Pitcher,BULLPEN_PITCHER,True,QA_VALIDATED_CANONICAL_V3,,,
701542,85.0,1.0,0.0,40.0,1.0,163.0,Top,823564,https://raw.githubusercontent.com/lancebroz/mlb-pitcher-data/main/data/raw/2026/daily/2026-04-08.parquet,False,2026-04-08,2026-04-08T23:05:00Z,NYY,ATH,H,Will Warren,True,STARTER,85,23,14,2,2,5,3,5,0,https://statsapi.mlb.com/api/v1.1/game/823564/feed/live,both,True,P,Pitcher,STARTER/OPENER/BULK,True,QA_VALIDATED_CANONICAL_V3,,,
605488,93.0,1.0,5.0,52.0,9.0,248.0,Bot,823565,https://baseballsavant.mlb.com/statcast_search/csv?all=true&type=details&game_pk=823565,True,2026-04-09,2026-04-09T17:35:00Z,ATH,NYY,A,Jeffrey Springs,True,STARTER,93,25,21,0,0,1,2,6,0,https://statsapi.mlb.com/api/v1.1/game/823565/feed/live,both,True,P,Pitcher,STARTER/OPENER/BULK,True,QA_VALIDATED_CANONICAL_V3,,,
621112,19.0,9.0,60.0,63.0,159.0,245.0,Top,823565,https://baseballsavant.mlb.com/statcast_search/csv?all=true&type=details&game_pk=823565,True,2026-04-09,2026-04-09T17:35:00Z,NYY,ATH,H,Paul Blackburn,False,RELIEF_OR_BULK,19,4,3,0,0,1,0,1,0,https://statsapi.mlb.com/api/v1.1/game/823565/feed/live,both,True,P,Pitcher,BULLPEN_PITCHER,True,QA_VALIDATED_CANONICAL_V3,,,
663687,14.0,9.0,64.0,66.0,181.0,244.0,Bot,823565,https://baseballsavant.mlb.com/statcast_search/csv?all=true&type=details&game_pk=823565,True,2026-04-09,2026-04-09T17:35:00Z,ATH,NYY,A,Hogan Harris,False,RELIEF_OR_BULK,14,3,3,0,0,0,0,1,0,https://statsapi.mlb.com/api/v1.1/game/823565/feed/live,both,True,P,Pitcher,BULLPEN_PITCHER,True,QA_VALIDATED_CANONICAL_V3,,,
677960,101.0,1.0,1.0,55.0,1.0,247.0,Top,823565,https://baseballsavant.mlb.com/statcast_search/csv?all=true&type=details&game_pk=823565,True,2026-04-09,2026-04-09T17:35:00Z,NYY,ATH,H,Ryan Weathers,True,STARTER,101,30,24,1,1,7,0,7,0,https://statsapi.mlb.com/api/v1.1/game/823565/feed/live,both,True,P,Pitcher,STARTER/OPENER/BULK,True,QA_VALIDATED_CANONICAL_V3,,,
686993,21.0,8.0,56.0,59.0,154.0,246.0,Bot,823565,https://baseballsavant.mlb.com/statcast_search/csv?all=true&type=details&game_pk=823565,True,2026-04-09,2026-04-09T17:35:00Z,ATH,NYY,A,Justin Sterner,False,RELIEF_OR_BULK,21,4,3,0,0,0,1,1,0,https://statsapi.mlb.com/api/v1.1/game/823565/feed/live,both,True,P,Pitcher,BULLPEN_PITCHER,True,QA_VALIDATED_CANONICAL_V3,,,
518585,16.0,7.0,55.0,62.0,213.0,251.0,Top,823566,https://raw.githubusercontent.com/lancebroz/mlb-pitcher-data/main/data/raw/2026/daily/2026-04-05.parquet,False,2026-04-05,2026-04-05T17:35:00Z,NYY,MIA,H,Fernando Cruz,False,RELIEF_OR_BULK,16,3,2,1,1,0,1,2,0,https://statsapi.mlb.com/api/v1.1/game/823566/feed/live,both,True,P,Pitcher,BULLPEN_PITCHER,True,QA_VALIDATED_CANONICAL_V3,,,
608331,103.0,1.0,0.0,54.0,1.0,212.0,Top,823566,https://raw.githubusercontent.com/lancebroz/mlb-pitcher-data/main/data/raw/2026/daily/2026-04-05.parquet,False,2026-04-05,2026-04-05T17:35:00Z,NYY,MIA,H,Max Fried,True,STARTER,103,27,20,3,3,5,3,4,0,https://statsapi.mlb.com/api/v1.1/game/823566/feed/live,both,True,P,Pitcher,STARTER/OPENER/BULK,True,QA_VALIDATED_CANONICAL_V3,,,
642232,23.0,8.0,66.0,75.0,262.0,307.0,Top,823566,https://raw.githubusercontent.com/lancebroz/mlb-pitcher-data/main/data/raw/2026/daily/2026-04-05.parquet,False,2026-04-05,2026-04-05T17:35:00Z,NYY,MIA,H,Ryan Yarbrough,False,RELIEF_OR_BULK,23,6,5,0,0,1,0,3,0,https://statsapi.mlb.com/api/v1.1/game/823566/feed/live,both,True,P,Pitcher,BULLPEN_PITCHER,True,QA_VALIDATED_CANONICAL_V3,,,
656234,10.0,8.0,63.0,65.0,252.0,261.0,Top,823566,https://raw.githubusercontent.com/lancebroz/mlb-pitcher-data/main/data/raw/2026/daily/2026-04-05.parquet,False,2026-04-05,2026-04-05T17:35:00Z,NYY,MIA,H,Jake Bird,False,RELIEF_OR_BULK,10,3,0,3,3,1,1,0,0,https://statsapi.mlb.com/api/v1.1/game/823566/feed/live,both,True,P,Pitcher,BULLPEN_PITCHER,True,QA_VALIDATED_CANONICAL_V3,,,
663978,88.0,3.0,22.0,59.0,92.0,237.0,Bot,823566,https://raw.githubusercontent.com/lancebroz/mlb-pitcher-data/main/data/raw/2026/daily/2026-04-05.parquet,False,2026-04-05,2026-04-05T17:35:00Z,MIA,NYY,A,Chris Paddack,False,RELIEF_OR_BULK,88,22,14,1,0,3,4,4,0,https://statsapi.mlb.com/api/v1.1/game/823566/feed/live,both,True,P,Pitcher,BULLPEN_PITCHER,True,QA_VALIDATED_CANONICAL_V3,,,
664126,27.0,1.0,5.0,11.0,17.0,43.0,Bot,823566,https://raw.githubusercontent.com/lancebroz/mlb-pitcher-data/main/data/raw/2026/daily/2026-04-05.parquet,False,2026-04-05,2026-04-05T17:35:00Z,MIA,NYY,A,Pete Fairbanks,True,STARTER,27,7,3,3,3,3,1,1,1,https://statsapi.mlb.com/api/v1.1/game/823566/feed/live,both,True,P,Pitcher,STARTER/OPENER/BULK,True,QA_VALIDATED_CANONICAL_V3,,,
667463,5.0,7.0,60.0,60.0,238.0,242.0,Bot,823566,https://raw.githubusercontent.com/lancebroz/mlb-pitcher-data/main/data/raw/2026/daily/2026-04-05.parquet,False,2026-04-05,2026-04-05T17:35:00Z,MIA,NYY,A,John King,False,RELIEF_OR_BULK,5,1,1,0,0,0,0,0,0,https://statsapi.mlb.com/api/v1.1/game/823566/feed/live,both,True,P,Pitcher,BULLPEN_PITCHER,True,QA_VALIDATED_CANONICAL_V3,,,
669622,31.0,9.0,76.0,82.0,308.0,338.0,Bot,823566,https://raw.githubusercontent.com/lancebroz/mlb-pitcher-data/main/data/raw/2026/daily/2026-04-05.parquet,False,2026-04-05,2026-04-05T17:35:00Z,MIA,NYY,A,Anthony Bender,False,RELIEF_OR_BULK,31,7,3,2,2,1,3,2,0,https://statsapi.mlb.com/api/v1.1/game/823566/feed/live,both,True,P,Pitcher,BULLPEN_PITCHER,True,QA_VALIDATED_CANONICAL_V3,,,
676534,23.0,8.0,69.0,72.0,273.0,295.0,Bot,823566,https://raw.githubusercontent.com/lancebroz/mlb-pitcher-data/main/data/raw/2026/daily/2026-04-05.parquet,False,2026-04-05,2026-04-05T17:35:00Z,MIA,NYY,A,Calvin Faucher,False,RELIEF_OR_BULK,23,4,3,0,0,0,1,1,0,https://statsapi.mlb.com/api/v1.1/game/823566/feed/live,both,True,P,Pitcher,BULLPEN_PITCHER,True,QA_VALIDATED_CANONICAL_V3,,,
677053,12.0,2.0,15.0,17.0,60.0,71.0,Bot,823566,https://raw.githubusercontent.com/lancebroz/mlb-pitcher-data/main/data/raw/2026/daily/2026-04-05.parquet,False,2026-04-05,2026-04-05T17:35:00Z,MIA,NYY,A,Andrew Nardi,False,RELIEF_OR_BULK,12,3,3,0,0,0,0,1,0,https://statsapi.mlb.com/api/v1.1/game/823566/feed/live,both,True,P,Pitcher,BULLPEN_PITCHER,True,QA_VALIDATED_CANONICAL_V3,,,
518585,20.0,7.0,53.0,62.0,216.0,251.0,Top,823567,https://raw.githubusercontent.com/lancebroz/mlb-pitcher-data/main/data/raw/2026/daily/2026-04-07.parquet,False,2026-04-07,2026-04-07T23:05:00Z,NYY,ATH,H,Fernando Cruz,False,RELIEF_OR_BULK,20,6,4,0,0,0,2,1,0,https://statsapi.mlb.com/api/v1.1/game/823567/feed/live,both,True,P,Pitcher,BULLPEN_PITCHER,True,QA_VALIDATED_CANONICAL_V3,,,
643410,28.0,8.0,63.0,69.0,252.0,279.0,Bot,823567,https://raw.githubusercontent.com/lancebroz/mlb-pitcher-data/main/data/raw/2026/daily/2026-04-07.parquet,False,2026-04-07,2026-04-07T23:05:00Z,ATH,NYY,A,Mark Leiter Jr.,False,RELIEF_OR_BULK,28,7,2,4,4,5,0,0,1,https://statsapi.mlb.com/api/v1.1/game/823567/feed/live,both,True,P,Pitcher,BULLPEN_PITCHER,True,QA_VALIDATED_CANONICAL_V3,,,
650644,88.0,1.0,3.0,41.0,15.0,172.0,Bot,823567,https://raw.githubusercontent.com/lancebroz/mlb-pitcher-data/main/data/raw/2026/daily/2026-04-07.parquet,False,2026-04-07,2026-04-07T23:05:00Z,ATH,NYY,A,Aaron Civale,True,STARTER,88,22,15,1,1,2,4,6,1,https://statsapi.mlb.com/api/v1.1/game/823567/feed/live,both,True,P,Pitcher,STARTER/OPENER/BULK,True,QA_VALIDATED_CANONICAL_V3,,,
656234,10.0,6.0,42.0,44.0,173.0,182.0,Top,823567,https://raw.githubusercontent.com/lancebroz/mlb-pitcher-data/main/data/raw/2026/daily/2026-04-07.parquet,False,2026-04-07,2026-04-07T23:05:00Z,NYY,ATH,H,Jake Bird,False,RELIEF_OR_BULK,10,3,2,0,0,1,0,1,0,https://statsapi.mlb.com/api/v1.1/game/823567/feed/live,both,True,P,Pitcher,BULLPEN_PITCHER,True,QA_VALIDATED_CANONICAL_V3,,,
669270,5.0,8.0,70.0,70.0,280.0,284.0,Bot,823567,https://raw.githubusercontent.com/lancebroz/mlb-pitcher-data/main/data/raw/2026/daily/2026-04-07.parquet,False,2026-04-07,2026-04-07T23:05:00Z,ATH,NYY,A,Joel Kuhnel,False,RELIEF_OR_BULK,5,1,1,0,0,0,0,0,0,https://statsapi.mlb.com/api/v1.1/game/823567/feed/live,both,True,P,Pitcher,BULLPEN_PITCHER,True,QA_VALIDATED_CANONICAL_V3,,,
670280,14.0,9.0,71.0,73.0,285.0,298.0,Top,823567,https://raw.githubusercontent.com/lancebroz/mlb-pitcher-data/main/data/raw/2026/daily/2026-04-07.parquet,False,2026-04-07,2026-04-07T23:05:00Z,NYY,ATH,H,David Bednar,False,RELIEF_OR_BULK,14,3,3,0,0,0,0,1,0,https://statsapi.mlb.com/api/v1.1/game/823567/feed/live,both,True,P,Pitcher,BULLPEN_PITCHER,True,QA_VALIDATED_CANONICAL_V3,,,
686993,27.0,6.0,47.0,57.0,193.0,232.0,Bot,823567,https://raw.githubusercontent.com/lancebroz/mlb-pitcher-data/main/data/raw/2026/daily/2026-04-07.parquet,False,2026-04-07,2026-04-07T23:05:00Z,ATH,NYY,A,Justin Sterner,False,RELIEF_OR_BULK,27,7,6,0,0,2,0,1,0,https://statsapi.mlb.com/api/v1.1/game/823567/feed/live,both,True,P,Pitcher,BULLPEN_PITCHER,True,QA_VALIDATED_CANONICAL_V3,,,
687396,22.0,6.0,45.0,52.0,183.0,215.0,Top,823567,https://raw.githubusercontent.com/lancebroz/mlb-pitcher-data/main/data/raw/2026/daily/2026-04-07.parquet,False,2026-04-07,2026-04-07T23:05:00Z,NYY,ATH,H,Brent Headrick,False,RELIEF_OR_BULK,22,5,3,0,0,0,2,3,0,https://statsapi.mlb.com/api/v1.1/game/823567/feed/live,both,True,P,Pitcher,BULLPEN_PITCHER,True,QA_VALIDATED_CANONICAL_V3,,,
693645,84.0,1.0,0.0,36.0,1.0,158.0,Top,823567,https://raw.githubusercontent.com/lancebroz/mlb-pitcher-data/main/data/raw/2026/daily/2026-04-07.parquet,False,2026-04-07,2026-04-07T23:05:00Z,NYY,ATH,H,Cam Schlittler,True,STARTER,84,20,15,3,3,5,0,7,0,https://statsapi.mlb.com/api/v1.1/game/823567/feed/live,both,True,P,Pitcher,STARTER/OPENER/BULK,True,QA_VALIDATED_CANONICAL_V3,,,
642232,10.0,9.0,69.0,71.0,281.0,290.0,Top,823568,https://raw.githubusercontent.com/lancebroz/mlb-pitcher-data/main/data/raw/2026/daily/2026-04-03.parquet,False,2026-04-03,2026-04-03T17:35:00Z,NYY,MIA,H,Ryan Yarbrough,False,RELIEF_OR_BULK,10,3,3,0,0,0,0,0,0,https://statsapi.mlb.com/api/v1.1/game/823568/feed/live,both,True,P,Pitcher,BULLPEN_PITCHER,True,QA_VALIDATED_CANONICAL_V3,,,
656234,11.0,7.0,52.0,54.0,216.0,226.0,Top,823568,https://raw.githubusercontent.com/lancebroz/mlb-pitcher-data/main/data/raw/2026/daily/2026-04-03.parquet,False,2026-04-03,2026-04-03T17:35:00Z,NYY,MIA,H,Jake Bird,False,RELIEF_OR_BULK,11,3,3,0,0,0,0,2,0,https://statsapi.mlb.com/api/v1.1/game/823568/feed/live,both,True,P,Pitcher,BULLPEN_PITCHER,True,QA_VALIDATED_CANONICAL_V3,,,
656848,20.0,7.0,55.0,59.0,227.0,246.0,Bot,823568,https://raw.githubusercontent.com/lancebroz/mlb-pitcher-data/main/data/raw/2026/daily/2026-04-03.parquet,False,2026-04-03,2026-04-03T17:35:00Z,MIA,NYY,A,Michael Petersen,False,RELIEF_OR_BULK,20,5,3,1,1,1,1,1,1,https://statsapi.mlb.com/api/v1.1/game/823568/feed/live,both,True,P,Pitcher,BULLPEN_PITCHER,True,QA_VALIDATED_CANONICAL_V3,,,
657612,2.0,6.0,45.0,45.0,180.0,181.0,Top,823568,https://raw.githubusercontent.com/lancebroz/mlb-pitcher-data/main/data/raw/2026/daily/2026-04-03.parquet,False,2026-04-03,2026-04-03T17:35:00Z,NYY,MIA,H,Tim Hill,False,RELIEF_OR_BULK,2,1,1,0,0,0,0,0,0,https://statsapi.mlb.com/api/v1.1/game/823568/feed/live,both,True,P,Pitcher,BULLPEN_PITCHER,True,QA_VALIDATED_CANONICAL_V3,,,
663969,52.0,5.0,37.0,51.0,153.0,215.0,Bot,823568,https://raw.githubusercontent.com/lancebroz/mlb-pitcher-data/main/data/raw/2026/daily/2026-04-03.parquet,False,2026-04-03,2026-04-03T17:35:00Z,MIA,NYY,A,Tyler Phillips,False,RELIEF_OR_BULK,52,10,6,1,0,1,2,3,0,https://statsapi.mlb.com/api/v1.1/game/823568/feed/live,both,True,P,Pitcher,BULLPEN_PITCHER,True,QA_VALIDATED_CANONICAL_V3,,,
669199,24.0,8.0,63.0,68.0,257.0,280.0,Bot,823568,https://raw.githubusercontent.com/lancebroz/mlb-pitcher-data/main/data/raw/2026/daily/2026-04-03.parquet,False,2026-04-03,2026-04-03T17:35:00Z,MIA,NYY,A,Lake Bachar,False,RELIEF_OR_BULK,24,6,3,2,2,2,2,2,0,https://statsapi.mlb.com/api/v1.1/game/823568/feed/live,both,True,P,Pitcher,BULLPEN_PITCHER,True,QA_VALIDATED_CANONICAL_V3,,,
687396,10.0,8.0,60.0,62.0,247.0,256.0,Top,823568,https://raw.githubusercontent.com/lancebroz/mlb-pitcher-data/main/data/raw/2026/daily/2026-04-03.parquet,False,2026-04-03,2026-04-03T17:35:00Z,NYY,MIA,H,Brent Headrick,False,RELIEF_OR_BULK,10,3,3,0,0,0,0,2,0,https://statsapi.mlb.com/api/v1.1/game/823568/feed/live,both,True,P,Pitcher,BULLPEN_PITCHER,True,QA_VALIDATED_CANONICAL_V3,,,
691587,84.0,1.0,4.0,32.0,16.0,136.0,Bot,823568,https://raw.githubusercontent.com/lancebroz/mlb-pitcher-data/main/data/raw/2026/daily/2026-04-03.parquet,False,2026-04-03,2026-04-03T17:35:00Z,MIA,NYY,A,Eury Pérez,True,STARTER,84,20,12,4,4,2,6,4,1,https://statsapi.mlb.com/api/v1.1/game/823568/feed/live,both,True,P,Pitcher,STARTER/OPENER/BULK,True,QA_VALIDATED_CANONICAL_V3,,,
701542,77.0,1.0,0.0,44.0,1.0,179.0,Top,823568,https://raw.githubusercontent.com/lancebroz/mlb-pitcher-data/main/data/raw/2026/daily/2026-04-03.parquet,False,2026-04-03,2026-04-03T17:35:00Z,NYY,MIA,H,Will Warren,True,STARTER,77,21,17,2,2,4,0,6,2,https://statsapi.mlb.com/api/v1.1/game/823568/feed/live,both,True,P,Pitcher,STARTER/OPENER/BULK,True,QA_VALIDATED_CANONICAL_V3,,,
518585,5.0,7.0,61.0,62.0,266.0,270.0,Top,823569,https://raw.githubusercontent.com/lancebroz/mlb-pitcher-data/main/data/raw/2026/daily/2026-04-04.parquet,False,2026-04-04,2026-04-04T23:05:00Z,NYY,MIA,H,Fernando Cruz,False,RELIEF_OR_BULK,5,2,2,0,0,0,0,1,0,https://statsapi.mlb.com/api/v1.1/game/823569/feed/live,both,True,P,Pitcher,BULLPEN_PITCHER,True,QA_VALIDATED_CANONICAL_V3,,,
621112,28.0,4.0,33.0,50.0,151.0,219.0,Top,823569,https://raw.githubusercontent.com/lancebroz/mlb-pitcher-data/main/data/raw/2026/daily/2026-04-04.parquet,False,2026-04-04,2026-04-04T23:05:00Z,NYY,MIA,H,Paul Blackburn,False,RELIEF_OR_BULK,28,8,5,1,0,3,0,2,0,https://statsapi.mlb.com/api/v1.1/game/823569/feed/live,both,True,P,Pitcher,BULLPEN_PITCHER,True,QA_VALIDATED_CANONICAL_V3,,,
656848,30.0,8.0,74.0,80.0,317.0,346.0,Bot,823569,https://raw.githubusercontent.com/lancebroz/mlb-pitcher-data/main/data/raw/2026/daily/2026-04-04.parquet,False,2026-04-04,2026-04-04T23:05:00Z,MIA,NYY,A,Michael Petersen,False,RELIEF_OR_BULK,30,7,3,3,2,1,3,0,0,https://statsapi.mlb.com/api/v1.1/game/823569/feed/live,both,True,P,Pitcher,BULLPEN_PITCHER,True,QA_VALIDATED_CANONICAL_V3,,,
657612,14.0,6.0,51.0,60.0,220.0,265.0,Top,823569,https://raw.githubusercontent.com/lancebroz/mlb-pitcher-data/main/data/raw/2026/daily/2026-04-04.parquet,False,2026-04-04,2026-04-04T23:05:00Z,NYY,MIA,H,Tim Hill,False,RELIEF_OR_BULK,14,3,3,0,0,0,0,0,0,https://statsapi.mlb.com/api/v1.1/game/823569/feed/live,both,True,P,Pitcher,BULLPEN_PITCHER,True,QA_VALIDATED_CANONICAL_V3,,,
666808,23.0,8.0,67.0,70.0,287.0,309.0,Top,823569,https://raw.githubusercontent.com/lancebroz/mlb-pitcher-data/main/data/raw/2026/daily/2026-04-04.parquet,False,2026-04-04,2026-04-04T23:05:00Z,NYY,MIA,H,Camilo Doval,False,RELIEF_OR_BULK,23,4,1,2,2,3,0,1,0,https://statsapi.mlb.com/api/v1.1/game/823569/feed/live,both,True,P,Pitcher,BULLPEN_PITCHER,True,QA_VALIDATED_CANONICAL_V3,,,
667463,10.0,6.0,58.0,59.0,250.0,259.0,Bot,823569,https://raw.githubusercontent.com/lancebroz/mlb-pitcher-data/main/data/raw/2026/daily/2026-04-04.parquet,False,2026-04-04,2026-04-04T23:05:00Z,MIA,NYY,A,John King,False,RELIEF_OR_BULK,10,2,2,0,0,0,0,1,0,https://statsapi.mlb.com/api/v1.1/game/823569/feed/live,both,True,P,Pitcher,BULLPEN_PITCHER,True,QA_VALIDATED_CANONICAL_V3,,,
669622,15.0,6.0,54.0,57.0,235.0,249.0,Bot,823569,https://raw.githubusercontent.com/lancebroz/mlb-pitcher-data/main/data/raw/2026/daily/2026-04-04.parquet,False,2026-04-04,2026-04-04T23:05:00Z,MIA,NYY,A,Anthony Bender,False,RELIEF_OR_BULK,15,4,1,2,2,2,0,1,0,https://statsapi.mlb.com/api/v1.1/game/823569/feed/live,both,True,P,Pitcher,BULLPEN_PITCHER,True,QA_VALIDATED_CANONICAL_V3,,,
670280,33.0,9.0,81.0,87.0,347.0,379.0,Top,823569,https://raw.githubusercontent.com/lancebroz/mlb-pitcher-data/main/data/raw/2026/daily/2026-04-04.parquet,False,2026-04-04,2026-04-04T23:05:00Z,NYY,MIA,H,David Bednar,False,RELIEF_OR_BULK,33,7,3,1,1,3,1,2,0,https://statsapi.mlb.com/api/v1.1/game/823569/feed/live,both,True,P,Pitcher,BULLPEN_PITCHER,True,QA_VALIDATED_CANONICAL_V3,,,
676534,16.0,7.0,63.0,66.0,271.0,286.0,Bot,823569,https://raw.githubusercontent.com/lancebroz/mlb-pitcher-data/main/data/raw/2026/daily/2026-04-04.parquet,False,2026-04-04,2026-04-04T23:05:00Z,MIA,NYY,A,Calvin Faucher,False,RELIEF_OR_BULK,16,4,3,1,0,0,1,2,0,https://statsapi.mlb.com/api/v1.1/game/823569/feed/live,both,True,P,Pitcher,BULLPEN_PITCHER,True,QA_VALIDATED_CANONICAL_V3,,,
676974,89.0,1.0,6.0,45.0,32.0,200.0,Bot,823569,https://raw.githubusercontent.com/lancebroz/mlb-pitcher-data/main/data/raw/2026/daily/2026-04-04.parquet,False,2026-04-04,2026-04-04T23:05:00Z,MIA,NYY,A,Max Meyer,True,STARTER,89,21,14,2,2,3,3,6,1,https://statsapi.mlb.com/api/v1.1/game/823569/feed/live,both,True,P,Pitcher,STARTER/OPENER/BULK,True,QA_VALIDATED_CANONICAL_V3,,,
677053,21.0,5.0,46.0,53.0,201.0,234.0,Bot,823569,https://raw.githubusercontent.com/lancebroz/mlb-pitcher-data/main/data/raw/2026/daily/2026-04-04.parquet,False,2026-04-04,2026-04-04T23:05:00Z,MIA,NYY,A,Andrew Nardi,False,RELIEF_OR_BULK,21,4,1,1,1,0,3,1,0,https://statsapi.mlb.com/api/v1.1/game/823569/feed/live,both,True,P,Pitcher,BULLPEN_PITCHER,True,QA_VALIDATED_CANONICAL_V3,,,
677960,88.0,1.0,0.0,32.0,1.0,150.0,Top,823569,https://raw.githubusercontent.com/lancebroz/mlb-pitcher-data/main/data/raw/2026/daily/2026-04-04.parquet,False,2026-04-04,2026-04-04T23:05:00Z,NYY,MIA,H,Ryan Weathers,True,STARTER,88,19,11,3,3,6,3,4,0,https://statsapi.mlb.com/api/v1.1/game/823569/feed/live,both,True,P,Pitcher,STARTER/OPENER/BULK,True,QA_VALIDATED_CANONICAL_V3,,,
687396,7.0,8.0,71.0,73.0,310.0,316.0,Top,823569,https://raw.githubusercontent.com/lancebroz/mlb-pitcher-data/main/data/raw/2026/daily/2026-04-04.parquet,False,2026-04-04,2026-04-04T23:05:00Z,NYY,MIA,H,Brent Headrick,False,RELIEF_OR_BULK,7,3,2,0,0,0,1,0,0,https://statsapi.mlb.com/api/v1.1/game/823569/feed/live,both,True,P,Pitcher,BULLPEN_PITCHER,True,QA_VALIDATED_CANONICAL_V3,,,
605130,8.0,8.0,58.0,59.0,221.0,228.0,Bot,823643,https://raw.githubusercontent.com/lancebroz/mlb-pitcher-data/main/data/raw/2026/daily/2026-04-10.parquet,False,2026-04-10,2026-04-10T23:10:00Z,ATH,NYM,A,Scott Barlow,False,RELIEF_OR_BULK,8,2,2,0,0,0,0,1,0,https://statsapi.mlb.com/api/v1.1/game/823643/feed/live,both,True,P,Pitcher,BULLPEN_PITCHER,True,QA_VALIDATED_CANONICAL_V3,,,
605280,81.0,1.0,0.0,40.0,1.0,161.0,Top,823643,https://raw.githubusercontent.com/lancebroz/mlb-pitcher-data/main/data/raw/2026/daily/2026-04-10.parquet,False,2026-04-10,2026-04-10T23:10:00Z,NYM,ATH,H,Clay Holmes,True,STARTER,81,23,16,1,1,5,3,3,0,https://statsapi.mlb.com/api/v1.1/game/823643/feed/live,both,True,P,Pitcher,STARTER/OPENER/BULK,True,QA_VALIDATED_CANONICAL_V3,,,
643410,12.0,5.0,35.0,38.0,145.0,156.0,Bot,823643,https://raw.githubusercontent.com/lancebroz/mlb-pitcher-data/main/data/raw/2026/daily/2026-04-10.parquet,False,2026-04-10,2026-04-10T23:10:00Z,ATH,NYM,A,Mark Leiter Jr.,False,RELIEF_OR_BULK,12,4,3,0,0,1,0,1,0,https://statsapi.mlb.com/api/v1.1/game/823643/feed/live,both,True,P,Pitcher,BULLPEN_PITCHER,True,QA_VALIDATED_CANONICAL_V3,,,
663992,5.0,9.0,65.0,65.0,236.0,240.0,Top,823643,https://raw.githubusercontent.com/lancebroz/mlb-pitcher-data/main/data/raw/2026/daily/2026-04-10.parquet,False,2026-04-10,2026-04-10T23:10:00Z,NYM,ATH,H,Richard Lovelady,False,RELIEF_OR_BULK,5,1,2,0,0,0,0,0,0,https://statsapi.mlb.com/api/v1.1/game/823643/feed/live,both,True,P,Pitcher,BULLPEN_PITCHER,True,QA_VALIDATED_CANONICAL_V3,,,
665660,20.0,9.0,66.0,69.0,241.0,260.0,Bot,823643,https://raw.githubusercontent.com/lancebroz/mlb-pitcher-data/main/data/raw/2026/daily/2026-04-10.parquet,False,2026-04-10,2026-04-10T23:10:00Z,ATH,NYM,A,Elvis Alvarado,False,RELIEF_OR_BULK,20,4,3,0,0,1,0,1,0,https://statsapi.mlb.com/api/v1.1/game/823643/feed/live,both,True,P,Pitcher,BULLPEN_PITCHER,True,QA_VALIDATED_CANONICAL_V3,,,
668964,36.0,6.0,41.0,64.0,162.0,235.0,Top,823643,https://raw.githubusercontent.com/lancebroz/mlb-pitcher-data/main/data/raw/2026/daily/2026-04-10.parquet,False,2026-04-10,2026-04-10T23:10:00Z,NYM,ATH,H,Tobias Myers,False,RELIEF_OR_BULK,36,13,9,3,3,4,0,1,0,https://statsapi.mlb.com/api/v1.1/game/823643/feed/live,both,True,P,Pitcher,BULLPEN_PITCHER,True,QA_VALIDATED_CANONICAL_V3,,,
669372,68.0,1.0,4.0,30.0,12.0,131.0,Bot,823643,https://raw.githubusercontent.com/lancebroz/mlb-pitcher-data/main/data/raw/2026/daily/2026-04-10.parquet,False,2026-04-10,2026-04-10T23:10:00Z,ATH,NYM,A,J.T. Ginn,True,STARTER,68,14,12,0,0,1,1,4,0,https://statsapi.mlb.com/api/v1.1/game/823643/feed/live,both,True,P,Pitcher,STARTER/OPENER/BULK,True,QA_VALIDATED_CANONICAL_V3,,,
678022,30.0,6.0,43.0,57.0,170.0,220.0,Bot,823643,https://raw.githubusercontent.com/lancebroz/mlb-pitcher-data/main/data/raw/2026/daily/2026-04-10.parquet,False,2026-04-10,2026-04-10T23:10:00Z,ATH,NYM,A,Jack Perkins,False,RELIEF_OR_BULK,30,9,7,0,0,3,0,3,0,https://statsapi.mlb.com/api/v1.1/game/823643/feed/live,both,True,P,Pitcher,BULLPEN_PITCHER,True,QA_VALIDATED_CANONICAL_V3,,,
472610,18.0,9.0,79.0,82.0,302.0,319.0,Top,823644,https://raw.githubusercontent.com/lancebroz/mlb-pitcher-data/main/data/raw/2026/daily/2026-04-11.parquet,False,2026-04-11,2026-04-11T20:10:00Z,NYM,ATH,H,Luis García,False,RELIEF_OR_BULK,18,4,3,0,0,1,0,1,0,https://statsapi.mlb.com/api/v1.1/game/823644/feed/live,both,True,P,Pitcher,BULLPEN_PITCHER,True,QA_VALIDATED_CANONICAL_V3,,,
518886,10.0,7.0,59.0,62.0,227.0,236.0,Top,823644,https://raw.githubusercontent.com/lancebroz/mlb-pitcher-data/main/data/raw/2026/daily/2026-04-11.parquet,False,2026-04-11,2026-04-11T20:10:00Z,NYM,ATH,H,Craig Kimbrel,False,RELIEF_OR_BULK,10,4,3,0,0,1,0,2,0,https://statsapi.mlb.com/api/v1.1/game/823644/feed/live,both,True,P,Pitcher,BULLPEN_PITCHER,True,QA_VALIDATED_CANONICAL_V3,,,
548384,13.0,6.0,49.0,52.0,199.0,211.0,Top,823644,https://raw.githubusercontent.com/lancebroz/mlb-pitcher-data/main/data/raw/2026/daily/2026-04-11.parquet,False,2026-04-11,2026-04-11T20:10:00Z,NYM,ATH,H,Brooks Raley,False,RELIEF_OR_BULK,13,4,3,0,0,0,1,1,0,https://statsapi.mlb.com/api/v1.1/game/823644/feed/live,both,True,P,Pitcher,BULLPEN_PITCHER,True,QA_VALIDATED_CANONICAL_V3,,,
596133,27.0,8.0,69.0,75.0,261.0,287.0,Top,823644,https://raw.githubusercontent.com/lancebroz/mlb-pitcher-data/main/data/raw/2026/daily/2026-04-11.parquet,False,2026-04-11,2026-04-11T20:10:00Z,NYM,ATH,H,Luke Weaver,False,RELIEF_OR_BULK,27,7,3,4,4,3,1,1,1,https://statsapi.mlb.com/api/v1.1/game/823644/feed/live,both,True,P,Pitcher,BULLPEN_PITCHER,True,QA_VALIDATED_CANONICAL_V3,,,
623211,38.0,3.0,25.0,43.0,101.0,181.0,Top,823644,https://raw.githubusercontent.com/lancebroz/mlb-pitcher-data/main/data/raw/2026/daily/2026-04-11.parquet,False,2026-04-11,2026-04-11T20:10:00Z,NYM,ATH,H,Huascar Brazobán,False,RELIEF_OR_BULK,38,9,8,0,0,2,0,3,0,https://statsapi.mlb.com/api/v1.1/game/823644/feed/live,both,True,P,Pitcher,BULLPEN_PITCHER,True,QA_VALIDATED_CANONICAL_V3,,,
643410,14.0,8.0,76.0,78.0,288.0,301.0,Bot,823644,https://raw.githubusercontent.com/lancebroz/mlb-pitcher-data/main/data/raw/2026/daily/2026-04-11.parquet,False,2026-04-11,2026-04-11T20:10:00Z,ATH,NYM,A,Mark Leiter Jr.,False,RELIEF_OR_BULK,14,3,3,0,0,0,0,3,0,https://statsapi.mlb.com/api/v1.1/game/823644/feed/live,both,True,P,Pitcher,BULLPEN_PITCHER,True,QA_VALIDATED_CANONICAL_V3,,,
665622,10.0,9.0,83.0,85.0,320.0,329.0,Bot,823644,https://raw.githubusercontent.com/lancebroz/mlb-pitcher-data/main/data/raw/2026/daily/2026-04-11.parquet,False,2026-04-11,2026-04-11T20:10:00Z,ATH,NYM,A,Luis Medina,False,RELIEF_OR_BULK,10,3,3,0,0,0,0,1,0,https://statsapi.mlb.com/api/v1.1/game/823644/feed/live,both,True,P,Pitcher,BULLPEN_PITCHER,True,QA_VALIDATED_CANONICAL_V3,,,
669270,7.0,6.0,55.0,58.0,220.0,226.0,Bot,823644,https://raw.githubusercontent.com/lancebroz/mlb-pitcher-data/main/data/raw/2026/daily/2026-04-11.parquet,False,2026-04-11,2026-04-11T20:10:00Z,ATH,NYM,A,Joel Kuhnel,False,RELIEF_OR_BULK,7,4,3,0,0,1,0,0,0,https://statsapi.mlb.com/api/v1.1/game/823644/feed/live,both,True,P,Pitcher,BULLPEN_PITCHER,True,QA_VALIDATED_CANONICAL_V3,,,
673540,72.0,1.0,0.0,24.0,1.0,100.0,Top,823644,https://raw.githubusercontent.com/lancebroz/mlb-pitcher-data/main/data/raw/2026/daily/2026-04-11.parquet,False,2026-04-11,2026-04-11T20:10:00Z,NYM,ATH,H,Kodai Senga,True,STARTER,72,17,7,7,7,8,2,3,2,https://statsapi.mlb.com/api/v1.1/game/823644/feed/live,both,True,P,Pitcher,STARTER/OPENER/BULK,True,QA_VALIDATED_CANONICAL_V3,,,
682052,96.0,1.0,4.0,54.0,17.0,219.0,Bot,823644,https://raw.githubusercontent.com/lancebroz/mlb-pitcher-data/main/data/raw/2026/daily/2026-04-11.parquet,False,2026-04-11,2026-04-11T20:10:00Z,ATH,NYM,A,Jacob Lopez,True,STARTER,96,25,15,5,5,7,3,5,2,https://statsapi.mlb.com/api/v1.1/game/823644/feed/live,both,True,P,Pitcher,STARTER/OPENER/BULK,True,QA_VALIDATED_CANONICAL_V3,,,
686993,24.0,7.0,63.0,68.0,237.0,260.0,Bot,823644,https://raw.githubusercontent.com/lancebroz/mlb-pitcher-data/main/data/raw/2026/daily/2026-04-11.parquet,False,2026-04-11,2026-04-11T20:10:00Z,ATH,NYM,A,Justin Sterner,False,RELIEF_OR_BULK,24,6,3,1,1,2,1,1,1,https://statsapi.mlb.com/api/v1.1/game/823644/feed/live,both,True,P,Pitcher,BULLPEN_PITCHER,True,QA_VALIDATED_CANONICAL_V3,,,
472610,21.0,8.0,57.0,61.0,229.0,249.0,Top,823645,https://raw.githubusercontent.com/lancebroz/mlb-pitcher-data/main/data/raw/2026/daily/2026-04-09.parquet,False,2026-04-09,2026-04-09T23:10:00Z,NYM,AZ,H,Luis García,False,RELIEF_OR_BULK,21,5,1,3,3,3,1,0,0,https://statsapi.mlb.com/api/v1.1/game/823645/feed/live,both,True,P,Pitcher,BULLPEN_PITCHER,True,QA_VALIDATED_CANONICAL_V3,,,
593958,102.0,1.0,3.0,44.0,13.0,187.0,Bot,823645,https://raw.githubusercontent.com/lancebroz/mlb-pitcher-data/main/data/raw/2026/daily/2026-04-09.parquet,False,2026-04-09,2026-04-09T23:10:00Z,AZ,NYM,A,Eduardo Rodriguez,True,STARTER,102,25,18,1,1,5,2,3,1,https://statsapi.mlb.com/api/v1.1/game/823645/feed/live,both,True,P,Pitcher,STARTER/OPENER/BULK,True,QA_VALIDATED_CANONICAL_V3,,,
596133,16.0,7.0,48.0,52.0,203.0,218.0,Top,823645,https://raw.githubusercontent.com/lancebroz/mlb-pitcher-data/main/data/raw/2026/daily/2026-04-09.parquet,False,2026-04-09,2026-04-09T23:10:00Z,NYM,AZ,H,Luke Weaver,False,RELIEF_OR_BULK,16,5,2,2,2,2,0,0,0,https://statsapi.mlb.com/api/v1.1/game/823645/feed/live,both,True,P,Pitcher,BULLPEN_PITCHER,True,QA_VALIDATED_CANONICAL_V3,,,
663992,18.0,8.0,62.0,69.0,250.0,280.0,Top,823645,https://raw.githubusercontent.com/lancebroz/mlb-pitcher-data/main/data/raw/2026/daily/2026-04-09.parquet,False,2026-04-09,2026-04-09T23:10:00Z,NYM,AZ,H,Richard Lovelady,False,RELIEF_OR_BULK,18,5,5,0,0,0,0,1,0,https://statsapi.mlb.com/api/v1.1/game/823645/feed/live,both,True,P,Pitcher,BULLPEN_PITCHER,True,QA_VALIDATED_CANONICAL_V3,,,
664199,10.0,7.0,53.0,56.0,219.0,228.0,Bot,823645,https://raw.githubusercontent.com/lancebroz/mlb-pitcher-data/main/data/raw/2026/daily/2026-04-09.parquet,False,2026-04-09,2026-04-09T23:10:00Z,AZ,NYM,A,Taylor Clarke,False,RELIEF_OR_BULK,10,4,3,0,0,1,0,0,0,https://statsapi.mlb.com/api/v1.1/game/823645/feed/live,both,True,P,Pitcher,BULLPEN_PITCHER,True,QA_VALIDATED_CANONICAL_V3,,,
688497,21.0,8.0,64.0,72.0,256.0,288.0,Bot,823645,https://raw.githubusercontent.com/lancebroz/mlb-pitcher-data/main/data/raw/2026/daily/2026-04-09.parquet,False,2026-04-09,2026-04-09T23:10:00Z,AZ,NYM,A,Taylor Rashi,False,RELIEF_OR_BULK,21,6,6,0,0,0,0,3,0,https://statsapi.mlb.com/api/v1.1/game/823645/feed/live,both,True,P,Pitcher,BULLPEN_PITCHER,True,QA_VALIDATED_CANONICAL_V3,,,
690997,100.0,1.0,0.0,47.0,1.0,202.0,Top,823645,https://raw.githubusercontent.com/lancebroz/mlb-pitcher-data/main/data/raw/2026/daily/2026-04-09.parquet,False,2026-04-09,2026-04-09T23:10:00Z,NYM,AZ,H,Nolan McLean,True,STARTER,100,23,19,2,2,3,2,8,0,https://statsapi.mlb.com/api/v1.1/game/823645/feed/live,both,True,P,Pitcher,STARTER/OPENER/BULK,True,QA_VALIDATED_CANONICAL_V3,,,
640455,70.0,6.0,42.0,74.0,156.0,277.0,Top,823646,https://raw.githubusercontent.com/lancebroz/mlb-pitcher-data/main/data/raw/2026/daily/2026-04-08.parquet,False,2026-04-08,2026-04-08T20:10:00Z,NYM,AZ,H,Sean Manaea,False,RELIEF_OR_BULK,70,18,12,2,2,5,2,2,0,https://statsapi.mlb.com/api/v1.1/game/823646/feed/live,both,True,P,Pitcher,BULLPEN_PITCHER,True,QA_VALIDATED_CANONICAL_V3,,,
656849,85.0,1.0,0.0,37.0,1.0,139.0,Top,823646,https://raw.githubusercontent.com/lancebroz/mlb-pitcher-data/main/data/raw/2026/daily/2026-04-08.parquet,False,2026-04-08,2026-04-08T20:10:00Z,NYM,AZ,H,David Peterson,True,STARTER,85,23,15,5,5,6,2,6,0,https://statsapi.mlb.com/api/v1.1/game/823646/feed/live,both,True,P,Pitcher,STARTER/OPENER/BULK,True,QA_VALIDATED_CANONICAL_V3,,,
657044,3.0,6.0,51.0,51.0,185.0,187.0,Bot,823646,https://raw.githubusercontent.com/lancebroz/mlb-pitcher-data/main/data/raw/2026/daily/2026-04-08.parquet,False,2026-04-08,2026-04-08T20:10:00Z,AZ,NYM,A,Ryan Thompson,False,RELIEF_OR_BULK,3,1,1,0,0,0,0,0,0,https://statsapi.mlb.com/api/v1.1/game/823646/feed/live,both,True,P,Pitcher,BULLPEN_PITCHER,True,QA_VALIDATED_CANONICAL_V3,,,
664199,16.0,9.0,75.0,77.0,278.0,293.0,Bot,823646,https://raw.githubusercontent.com/lancebroz/mlb-pitcher-data/main/data/raw/2026/daily/2026-04-08.parquet,False,2026-04-08,2026-04-08T20:10:00Z,AZ,NYM,A,Taylor Clarke,False,RELIEF_OR_BULK,16,3,3,0,0,1,0,0,0,https://statsapi.mlb.com/api/v1.1/game/823646/feed/live,both,True,P,Pitcher,BULLPEN_PITCHER,True,QA_VALIDATED_CANONICAL_V3,,,
669194,86.0,1.0,5.0,50.0,18.0,184.0,Bot,823646,https://raw.githubusercontent.com/lancebroz/mlb-pitcher-data/main/data/raw/2026/daily/2026-04-08.parquet,False,2026-04-08,2026-04-08T20:10:00Z,AZ,NYM,A,Ryne Nelson,True,STARTER,86,24,17,1,1,5,0,5,0,https://statsapi.mlb.com/api/v1.1/game/823646/feed/live,both,True,P,Pitcher,STARTER/OPENER/BULK,True,QA_VALIDATED_CANONICAL_V3,,,
694851,33.0,7.0,56.0,71.0,211.0,268.0,Bot,823646,https://raw.githubusercontent.com/lancebroz/mlb-pitcher-data/main/data/raw/2026/daily/2026-04-08.parquet,False,2026-04-08,2026-04-08T20:10:00Z,AZ,NYM,A,Andrew Hoffmann,False,RELIEF_OR_BULK,33,9,6,1,0,1,1,2,0,https://statsapi.mlb.com/api/v1.1/game/823646/feed/live,both,True,P,Pitcher,BULLPEN_PITCHER,True,QA_VALIDATED_CANONICAL_V3,,,
596133,22.0,9.0,67.0,71.0,268.0,289.0,Top,823647,https://raw.githubusercontent.com/lancebroz/mlb-pitcher-data/main/data/raw/2026/daily/2026-03-29.parquet,False,2026-03-29,2026-03-29T17:40:00Z,NYM,PIT,H,Luke Weaver,False,RELIEF_OR_BULK,22,5,3,0,0,0,2,1,0,https://statsapi.mlb.com/api/v1.1/game/823647/feed/live,both,True,P,Pitcher,BULLPEN_PITCHER,True,QA_VALIDATED_CANONICAL_V3,,,
623211,14.0,6.0,44.0,51.0,178.0,205.0,Top,823647,https://raw.githubusercontent.com/lancebroz/mlb-pitcher-data/main/data/raw/2026/daily/2026-03-29.parquet,False,2026-03-29,2026-03-29T17:40:00Z,NYM,PIT,H,Huascar Brazobán,False,RELIEF_OR_BULK,14,5,5,0,0,0,0,0,0,https://statsapi.mlb.com/api/v1.1/game/823647/feed/live,both,True,P,Pitcher,BULLPEN_PITCHER,True,QA_VALIDATED_CANONICAL_V3,,,
640455,29.0,7.0,52.0,63.0,206.0,254.0,Top,823647,https://raw.githubusercontent.com/lancebroz/mlb-pitcher-data/main/data/raw/2026/daily/2026-03-29.parquet,False,2026-03-29,2026-03-29T17:40:00Z,NYM,PIT,H,Sean Manaea,False,RELIEF_OR_BULK,29,7,4,0,0,1,2,2,0,https://statsapi.mlb.com/api/v1.1/game/823647/feed/live,both,True,P,Pitcher,BULLPEN_PITCHER,True,QA_VALIDATED_CANONICAL_V3,,,
642701,13.0,9.0,72.0,74.0,290.0,302.0,Bot,823647,https://raw.githubusercontent.com/lancebroz/mlb-pitcher-data/main/data/raw/2026/daily/2026-03-29.parquet,False,2026-03-29,2026-03-29T17:40:00Z,PIT,NYM,A,Dennis Santana,False,RELIEF_OR_BULK,13,3,3,0,0,0,0,1,0,https://statsapi.mlb.com/api/v1.1/game/823647/feed/live,both,True,P,Pitcher,BULLPEN_PITCHER,True,QA_VALIDATED_CANONICAL_V3,,,
663992,26.0,10.0,75.0,80.0,303.0,328.0,Top,823647,https://raw.githubusercontent.com/lancebroz/mlb-pitcher-data/main/data/raw/2026/daily/2026-03-29.parquet,False,2026-03-29,2026-03-29T17:40:00Z,NYM,PIT,H,Richard Lovelady,False,RELIEF_OR_BULK,26,6,3,2,1,2,2,1,0,https://statsapi.mlb.com/api/v1.1/game/823647/feed/live,both,True,P,Pitcher,BULLPEN_PITCHER,True,QA_VALIDATED_CANONICAL_V3,,,
664353,11.0,10.0,81.0,84.0,329.0,339.0,Bot,823647,https://raw.githubusercontent.com/lancebroz/mlb-pitcher-data/main/data/raw/2026/daily/2026-03-29.parquet,False,2026-03-29,2026-03-29T17:40:00Z,PIT,NYM,A,José Urquidy,False,RELIEF_OR_BULK,11,4,3,1,0,1,1,0,0,https://statsapi.mlb.com/api/v1.1/game/823647/feed/live,both,True,P,Pitcher,BULLPEN_PITCHER,True,QA_VALIDATED_CANONICAL_V3,,,
669387,85.0,1.0,6.0,41.0,25.0,169.0,Bot,823647,https://raw.githubusercontent.com/lancebroz/mlb-pitcher-data/main/data/raw/2026/daily/2026-03-29.parquet,False,2026-03-29,2026-03-29T17:40:00Z,PIT,NYM,A,Carmen Mlodzinski,True,STARTER,85,20,13,2,2,6,0,8,0,https://statsapi.mlb.com/api/v1.1/game/823647/feed/live,both,True,P,Pitcher,STARTER/OPENER/BULK,True,QA_VALIDATED_CANONICAL_V3,,,
670990,22.0,5.0,42.0,49.0,170.0,196.0,Bot,823647,https://raw.githubusercontent.com/lancebroz/mlb-pitcher-data/main/data/raw/2026/daily/2026-03-29.parquet,False,2026-03-29,2026-03-29T17:40:00Z,PIT,NYM,A,Yohan Ramírez,False,RELIEF_OR_BULK,22,5,5,0,0,0,1,2,0,https://statsapi.mlb.com/api/v1.1/game/823647/feed/live,both,True,P,Pitcher,BULLPEN_PITCHER,True,QA_VALIDATED_CANONICAL_V3,,,
676755,13.0,8.0,64.0,66.0,255.0,267.0,Bot,823647,https://raw.githubusercontent.com/lancebroz/mlb-pitcher-data/main/data/raw/2026/daily/2026-03-29.parquet,False,2026-03-29,2026-03-29T17:40:00Z,PIT,NYM,A,Isaac Mattson,False,RELIEF_OR_BULK,13,3,3,0,0,0,0,2,0,https://statsapi.mlb.com/api/v1.1/game/823647/feed/live,both,True,P,Pitcher,BULLPEN_PITCHER,True,QA_VALIDATED_CANONICAL_V3,,,
682254,20.0,7.0,54.0,58.0,214.0,233.0,Bot,823647,https://raw.githubusercontent.com/lancebroz/mlb-pitcher-data/main/data/raw/2026/daily/2026-03-29.parquet,False,2026-03-29,2026-03-29T17:40:00Z,PIT,NYM,A,Mason Montgomery,False,RELIEF_OR_BULK,20,5,3,0,0,2,0,3,0,https://statsapi.mlb.com/api/v1.1/game/823647/feed/live,both,True,P,Pitcher,BULLPEN_PITCHER,True,QA_VALIDATED_CANONICAL_V3,,,
690997,84.0,1.0,0.0,38.0,1.0,160.0,Top,823647,https://raw.githubusercontent.com/lancebroz/mlb-pitcher-data/main/data/raw/2026/daily/2026-03-29.parquet,False,2026-03-29,2026-03-29T17:40:00Z,NYM,PIT,H,Nolan McLean,True,STARTER,84,22,15,2,2,4,2,8,1,https://statsapi.mlb.com/api/v1.1/game/823647/feed/live,both,True,P,Pitcher,STARTER/OPENER/BULK,True,QA_VALIDATED_CANONICAL_V3,,,
472610,23.0,6.0,48.0,57.0,211.0,241.0,Top,823648,https://raw.githubusercontent.com/lancebroz/mlb-pitcher-data/main/data/raw/2026/daily/2026-04-07.parquet,False,2026-04-07,2026-04-07T20:10:00Z,NYM,AZ,H,Luis García,False,RELIEF_OR_BULK,23,7,6,0,0,1,0,0,0,https://statsapi.mlb.com/api/v1.1/game/823648/feed/live,both,True,P,Pitcher,BULLPEN_PITCHER,True,QA_VALIDATED_CANONICAL_V3,,,
548384,20.0,8.0,61.0,64.0,252.0,271.0,Top,823648,https://raw.githubusercontent.com/lancebroz/mlb-pitcher-data/main/data/raw/2026/daily/2026-04-07.parquet,False,2026-04-07,2026-04-07T20:10:00Z,NYM,AZ,H,Brooks Raley,False,RELIEF_OR_BULK,20,4,3,0,0,1,0,2,0,https://statsapi.mlb.com/api/v1.1/game/823648/feed/live,both,True,P,Pitcher,BULLPEN_PITCHER,True,QA_VALIDATED_CANONICAL_V3,,,
596133,13.0,10.0,78.0,80.0,321.0,333.0,Top,823648,https://raw.githubusercontent.com/lancebroz/mlb-pitcher-data/main/data/raw/2026/daily/2026-04-07.parquet,False,2026-04-07,2026-04-07T20:10:00Z,NYM,AZ,H,Luke Weaver,False,RELIEF_OR_BULK,13,3,3,0,0,0,0,1,0,https://statsapi.mlb.com/api/v1.1/game/823648/feed/live,both,True,P,Pitcher,BULLPEN_PITCHER,True,QA_VALIDATED_CANONICAL_V3,,,
623149,6.0,10.0,81.0,82.0,334.0,339.0,Bot,823648,https://raw.githubusercontent.com/lancebroz/mlb-pitcher-data/main/data/raw/2026/daily/2026-04-07.parquet,False,2026-04-07,2026-04-07T20:10:00Z,AZ,NYM,A,Paul Sewald,False,RELIEF_OR_BULK,6,2,1,1,0,1,0,0,0,https://statsapi.mlb.com/api/v1.1/game/823648/feed/live,both,True,P,Pitcher,BULLPEN_PITCHER,True,QA_VALIDATED_CANONICAL_V3,,,
623211,14.0,5.0,41.0,43.0,173.0,186.0,Top,823648,https://raw.githubusercontent.com/lancebroz/mlb-pitcher-data/main/data/raw/2026/daily/2026-04-07.parquet,False,2026-04-07,2026-04-07T20:10:00Z,NYM,AZ,H,Huascar Brazobán,False,RELIEF_OR_BULK,14,3,1,0,0,2,0,0,0,https://statsapi.mlb.com/api/v1.1/game/823648/feed/live,both,True,P,Pitcher,BULLPEN_PITCHER,True,QA_VALIDATED_CANONICAL_V3,,,
642207,16.0,9.0,70.0,74.0,293.0,308.0,Top,823648,https://raw.githubusercontent.com/lancebroz/mlb-pitcher-data/main/data/raw/2026/daily/2026-04-07.parquet,False,2026-04-07,2026-04-07T20:10:00Z,NYM,AZ,H,Devin Williams,False,RELIEF_OR_BULK,16,5,3,0,0,2,0,2,0,https://statsapi.mlb.com/api/v1.1/game/823648/feed/live,both,True,P,Pitcher,BULLPEN_PITCHER,True,QA_VALIDATED_CANONICAL_V3,,,
642528,21.0,8.0,65.0,69.0,272.0,292.0,Bot,823648,https://raw.githubusercontent.com/lancebroz/mlb-pitcher-data/main/data/raw/2026/daily/2026-04-07.parquet,False,2026-04-07,2026-04-07T20:10:00Z,AZ,NYM,A,Jonathan Loáisiga,False,RELIEF_OR_BULK,21,5,3,1,1,2,0,1,0,https://statsapi.mlb.com/api/v1.1/game/823648/feed/live,both,True,P,Pitcher,BULLPEN_PITCHER,True,QA_VALIDATED_CANONICAL_V3,,,
642547,101.0,1.0,0.0,40.0,1.0,172.0,Top,823648,https://raw.githubusercontent.com/lancebroz/mlb-pitcher-data/main/data/raw/2026/daily/2026-04-07.parquet,False,2026-04-07,2026-04-07T20:10:00Z,NYM,AZ,H,Freddy Peralta,True,STARTER,101,22,14,3,3,3,3,5,0,https://statsapi.mlb.com/api/v1.1/game/823648/feed/live,both,True,P,Pitcher,STARTER/OPENER/BULK,True,QA_VALIDATED_CANONICAL_V3,,,
656464,12.0,9.0,75.0,77.0,309.0,320.0,Bot,823648,https://raw.githubusercontent.com/lancebroz/mlb-pitcher-data/main/data/raw/2026/daily/2026-04-07.parquet,False,2026-04-07,2026-04-07T20:10:00Z,AZ,NYM,A,Kevin Ginkel,False,RELIEF_OR_BULK,12,3,3,0,0,0,0,1,0,https://statsapi.mlb.com/api/v1.1/game/823648/feed/live,both,True,P,Pitcher,BULLPEN_PITCHER,True,QA_VALIDATED_CANONICAL_V3,,,
657044,8.0,6.0,51.0,53.0,219.0,226.0,Bot,823648,https://raw.githubusercontent.com/lancebroz/mlb-pitcher-data/main/data/raw/2026/daily/2026-04-07.parquet,False,2026-04-07,2026-04-07T20:10:00Z,AZ,NYM,A,Ryan Thompson,False,RELIEF_OR_BULK,8,3,3,0,0,0,0,0,0,https://statsapi.mlb.com/api/v1.1/game/823648/feed/live,both,True,P,Pitcher,BULLPEN_PITCHER,True,QA_VALIDATED_CANONICAL_V3,,,
666661,10.0,7.0,58.0,60.0,242.0,251.0,Bot,823648,https://raw.githubusercontent.com/lancebroz/mlb-pitcher-data/main/data/raw/2026/daily/2026-04-07.parquet,False,2026-04-07,2026-04-07T20:10:00Z,AZ,NYM,A,Juan Morillo,False,RELIEF_OR_BULK,10,3,3,0,0,0,0,0,0,https://statsapi.mlb.com/api/v1.1/game/823648/feed/live,both,True,P,Pitcher,BULLPEN_PITCHER,True,QA_VALIDATED_CANONICAL_V3,,,
668678,95.0,1.0,5.0,47.0,23.0,210.0,Bot,823648,https://raw.githubusercontent.com/lancebroz/mlb-pitcher-data/main/data/raw/2026/daily/2026-04-07.parquet,False,2026-04-07,2026-04-07T20:10:00Z,AZ,NYM,A,Zac Gallen,True,STARTER,95,23,15,2,1,5,4,5,0,https://statsapi.mlb.com/api/v1.1/game/823648/feed/live,both,True,P,Pitcher,STARTER/OPENER/BULK,True,QA_VALIDATED_CANONICAL_V3,,,
472610,20.0,9.0,76.0,81.0,312.0,331.0,Top,823649,https://raw.githubusercontent.com/lancebroz/mlb-pitcher-data/main/data/raw/2026/daily/2026-03-26.parquet,False,2026-03-26,2026-03-26T17:15:00Z,NYM,PIT,H,Luis García,False,RELIEF_OR_BULK,20,6,3,2,2,3,0,2,0,https://statsapi.mlb.com/api/v1.1/game/823649/feed/live,both,True,P,Pitcher,BULLPEN_PITCHER,True,QA_VALIDATED_CANONICAL_V3,,,
642397,8.0,7.0,66.0,68.0,271.0,278.0,Bot,823649,https://raw.githubusercontent.com/lancebroz/mlb-pitcher-data/main/data/raw/2026/daily/2026-03-26.parquet,False,2026-03-26,2026-03-26T17:15:00Z,PIT,NYM,A,Gregory Soto,False,RELIEF_OR_BULK,8,3,3,0,0,0,0,2,0,https://statsapi.mlb.com/api/v1.1/game/823649/feed/live,both,True,P,Pitcher,BULLPEN_PITCHER,True,QA_VALIDATED_CANONICAL_V3,,,
642547,80.0,1.0,0.0,44.0,1.0,185.0,Top,823649,https://raw.githubusercontent.com/lancebroz/mlb-pitcher-data/main/data/raw/2026/daily/2026-03-26.parquet,False,2026-03-26,2026-03-26T17:15:00Z,NYM,PIT,H,Freddy Peralta,True,STARTER,80,21,15,4,4,6,0,7,2,https://statsapi.mlb.com/api/v1.1/game/823649/feed/live,both,True,P,Pitcher,STARTER/OPENER/BULK,True,QA_VALIDATED_CANONICAL_V3,,,
642701,18.0,8.0,72.0,75.0,294.0,311.0,Bot,823649,https://raw.githubusercontent.com/lancebroz/mlb-pitcher-data/main/data/raw/2026/daily/2026-03-26.parquet,False,2026-03-26,2026-03-26T17:15:00Z,PIT,NYM,A,Dennis Santana,False,RELIEF_OR_BULK,18,4,3,0,0,0,1,1,0,https://statsapi.mlb.com/api/v1.1/game/823649/feed/live,both,True,P,Pitcher,BULLPEN_PITCHER,True,QA_VALIDATED_CANONICAL_V3,,,
664875,14.0,6.0,58.0,62.0,249.0,262.0,Bot,823649,https://raw.githubusercontent.com/lancebroz/mlb-pitcher-data/main/data/raw/2026/daily/2026-03-26.parquet,False,2026-03-26,2026-03-26T17:15:00Z,PIT,NYM,A,Justin Lawrence,False,RELIEF_OR_BULK,14,5,3,2,2,2,0,0,2,https://statsapi.mlb.com/api/v1.1/game/823649/feed/live,both,True,P,Pitcher,BULLPEN_PITCHER,True,QA_VALIDATED_CANONICAL_V3,,,
668964,39.0,6.0,54.0,71.0,233.0,293.0,Top,823649,https://raw.githubusercontent.com/lancebroz/mlb-pitcher-data/main/data/raw/2026/daily/2026-03-26.parquet,False,2026-03-26,2026-03-26T17:15:00Z,NYM,PIT,H,Tobias Myers,False,RELIEF_OR_BULK,39,10,9,1,1,1,0,1,1,https://statsapi.mlb.com/api/v1.1/game/823649/feed/live,both,True,P,Pitcher,BULLPEN_PITCHER,True,QA_VALIDATED_CANONICAL_V3,,,
670990,37.0,1.0,14.0,30.0,57.0,123.0,Bot,823649,https://raw.githubusercontent.com/lancebroz/mlb-pitcher-data/main/data/raw/2026/daily/2026-03-26.parquet,False,2026-03-26,2026-03-26T17:15:00Z,PIT,NYM,A,Yohan Ramírez,False,RELIEF_OR_BULK,37,9,7,0,0,1,1,3,0,https://statsapi.mlb.com/api/v1.1/game/823649/feed/live,both,True,P,Pitcher,BULLPEN_PITCHER,True,QA_VALIDATED_CANONICAL_V3,,,
676755,36.0,5.0,47.0,53.0,197.0,232.0,Bot,823649,https://raw.githubusercontent.com/lancebroz/mlb-pitcher-data/main/data/raw/2026/daily/2026-03-26.parquet,False,2026-03-26,2026-03-26T17:15:00Z,PIT,NYM,A,Isaac Mattson,False,RELIEF_OR_BULK,36,7,2,2,2,3,2,1,0,https://statsapi.mlb.com/api/v1.1/game/823649/feed/live,both,True,P,Pitcher,BULLPEN_PITCHER,True,QA_VALIDATED_CANONICAL_V3,,,
682254,42.0,4.0,34.0,46.0,133.0,196.0,Bot,823649,https://raw.githubusercontent.com/lancebroz/mlb-pitcher-data/main/data/raw/2026/daily/2026-03-26.parquet,False,2026-03-26,2026-03-26T17:15:00Z,PIT,NYM,A,Mason Montgomery,False,RELIEF_OR_BULK,42,8,4,2,2,1,3,2,0,https://statsapi.mlb.com/api/v1.1/game/823649/feed/live,both,True,P,Pitcher,BULLPEN_PITCHER,True,QA_VALIDATED_CANONICAL_V3,,,
694973,37.0,1.0,5.0,13.0,20.0,56.0,Bot,823649,https://raw.githubusercontent.com/lancebroz/mlb-pitcher-data/main/data/raw/2026/daily/2026-03-26.parquet,False,2026-03-26,2026-03-26T17:15:00Z,PIT,NYM,A,Paul Skenes,True,STARTER,37,9,2,5,5,4,2,1,0,https://statsapi.mlb.com/api/v1.1/game/823649/feed/live,both,True,P,Pitcher,STARTER/OPENER/BULK,True,QA_VALIDATED_CANONICAL_V3,,,
472610,19.0,10.0,72.0,77.0,272.0,290.0,Top,823651,https://raw.githubusercontent.com/lancebroz/mlb-pitcher-data/main/data/raw/2026/daily/2026-03-28.parquet,False,2026-03-28,2026-03-28T20:10:00Z,NYM,PIT,H,Luis García,False,RELIEF_OR_BULK,19,6,3,1,0,2,1,0,0,https://statsapi.mlb.com/api/v1.1/game/823651/feed/live,both,True,P,Pitcher,BULLPEN_PITCHER,True,QA_VALIDATED_CANONICAL_V3,,,
548384,11.0,8.0,57.0,59.0,204.0,214.0,Top,823651,https://raw.githubusercontent.com/lancebroz/mlb-pitcher-data/main/data/raw/2026/daily/2026-03-28.parquet,False,2026-03-28,2026-03-28T20:10:00Z,NYM,PIT,H,Brooks Raley,False,RELIEF_OR_BULK,11,3,3,0,0,0,0,2,0,https://statsapi.mlb.com/api/v1.1/game/823651/feed/live,both,True,P,Pitcher,BULLPEN_PITCHER,True,QA_VALIDATED_CANONICAL_V3,,,
596133,16.0,7.0,48.0,51.0,158.0,173.0,Top,823651,https://raw.githubusercontent.com/lancebroz/mlb-pitcher-data/main/data/raw/2026/daily/2026-03-28.parquet,False,2026-03-28,2026-03-28T20:10:00Z,NYM,PIT,H,Luke Weaver,False,RELIEF_OR_BULK,16,4,3,0,0,1,0,0,0,https://statsapi.mlb.com/api/v1.1/game/823651/feed/live,both,True,P,Pitcher,BULLPEN_PITCHER,True,QA_VALIDATED_CANONICAL_V3,,,
623211,4.0,6.0,42.0,43.0,143.0,146.0,Top,823651,https://raw.githubusercontent.com/lancebroz/mlb-pitcher-data/main/data/raw/2026/daily/2026-03-28.parquet,False,2026-03-28,2026-03-28T20:10:00Z,NYM,PIT,H,Huascar Brazobán,False,RELIEF_OR_BULK,4,2,2,0,0,0,0,1,0,https://statsapi.mlb.com/api/v1.1/game/823651/feed/live,both,True,P,Pitcher,BULLPEN_PITCHER,True,QA_VALIDATED_CANONICAL_V3,,,
642207,19.0,9.0,64.0,68.0,235.0,253.0,Top,823651,https://raw.githubusercontent.com/lancebroz/mlb-pitcher-data/main/data/raw/2026/daily/2026-03-28.parquet,False,2026-03-28,2026-03-28T20:10:00Z,NYM,PIT,H,Devin Williams,False,RELIEF_OR_BULK,19,5,3,0,0,1,1,2,0,https://statsapi.mlb.com/api/v1.1/game/823651/feed/live,both,True,P,Pitcher,BULLPEN_PITCHER,True,QA_VALIDATED_CANONICAL_V3,,,
642397,27.0,7.0,56.0,63.0,197.0,234.0,Bot,823651,https://raw.githubusercontent.com/lancebroz/mlb-pitcher-data/main/data/raw/2026/daily/2026-03-28.parquet,False,2026-03-28,2026-03-28T20:10:00Z,PIT,NYM,A,Gregory Soto,False,RELIEF_OR_BULK,27,5,4,0,0,0,1,3,0,https://statsapi.mlb.com/api/v1.1/game/823651/feed/live,both,True,P,Pitcher,BULLPEN_PITCHER,True,QA_VALIDATED_CANONICAL_V3,,,
642701,18.0,9.0,69.0,71.0,254.0,271.0,Bot,823651,https://raw.githubusercontent.com/lancebroz/mlb-pitcher-data/main/data/raw/2026/daily/2026-03-28.parquet,False,2026-03-28,2026-03-28T20:10:00Z,PIT,NYM,A,Dennis Santana,False,RELIEF_OR_BULK,18,3,3,0,0,0,1,0,0,https://statsapi.mlb.com/api/v1.1/game/823651/feed/live,both,True,P,Pitcher,BULLPEN_PITCHER,True,QA_VALIDATED_CANONICAL_V3,,,
656605,77.0,1.0,3.0,47.0,9.0,157.0,Bot,823651,https://raw.githubusercontent.com/lancebroz/mlb-pitcher-data/main/data/raw/2026/daily/2026-03-28.parquet,False,2026-03-28,2026-03-28T20:10:00Z,PIT,NYM,A,Mitch Keller,True,STARTER,77,21,18,0,0,3,0,3,0,https://statsapi.mlb.com/api/v1.1/game/823651/feed/live,both,True,P,Pitcher,STARTER/OPENER/BULK,True,QA_VALIDATED_CANONICAL_V3,,,
656849,76.0,1.0,0.0,41.0,1.0,142.0,Top,823651,https://raw.githubusercontent.com/lancebroz/mlb-pitcher-data/main/data/raw/2026/daily/2026-03-28.parquet,False,2026-03-28,2026-03-28T20:10:00Z,NYM,PIT,H,David Peterson,True,STARTER,76,25,16,0,0,6,2,3,0,https://statsapi.mlb.com/api/v1.1/game/823651/feed/live,both,True,P,Pitcher,STARTER/OPENER/BULK,True,QA_VALIDATED_CANONICAL_V3,,,
663992,21.0,11.0,84.0,88.0,307.0,327.0,Top,823651,https://raw.githubusercontent.com/lancebroz/mlb-pitcher-data/main/data/raw/2026/daily/2026-03-28.parquet,False,2026-03-28,2026-03-28T20:10:00Z,NYM,PIT,H,Richard Lovelady,False,RELIEF_OR_BULK,21,5,3,1,0,2,0,1,0,https://statsapi.mlb.com/api/v1.1/game/823651/feed/live,both,True,P,Pitcher,BULLPEN_PITCHER,True,QA_VALIDATED_CANONICAL_V3,,,
664875,23.0,7.0,52.0,55.0,174.0,196.0,Bot,823651,https://raw.githubusercontent.com/lancebroz/mlb-pitcher-data/main/data/raw/2026/daily/2026-03-28.parquet,False,2026-03-28,2026-03-28T20:10:00Z,PIT,NYM,A,Justin Lawrence,False,RELIEF_OR_BULK,23,4,2,0,0,0,2,2,0,https://statsapi.mlb.com/api/v1.1/game/823651/feed/live,both,True,P,Pitcher,BULLPEN_PITCHER,True,QA_VALIDATED_CANONICAL_V3,,,
682995,24.0,10.0,78.0,90.0,291.0,335.0,Bot,823651,https://raw.githubusercontent.com/lancebroz/mlb-pitcher-data/main/data/raw/2026/daily/2026-03-28.parquet,False,2026-03-28,2026-03-28T20:10:00Z,PIT,NYM,A,Hunter Barco,False,RELIEF_OR_BULK,24,8,3,4,2,3,1,0,1,https://statsapi.mlb.com/api/v1.1/game/823651/feed/live,both,True,P,Pitcher,BULLPEN_PITCHER,True,QA_VALIDATED_CANONICAL_V3,,,
656427,89.0,1.0,5.0,47.0,22.0,191.0,Bot,823724,https://raw.githubusercontent.com/lancebroz/mlb-pitcher-data/main/data/raw/2026/daily/2026-04-09.parquet,False,2026-04-09,2026-04-09T17:40:00Z,DET,MIN,A,Jack Flaherty,True,STARTER,89,23,17,1,1,5,3,6,1,https://statsapi.mlb.com/api/v1.1/game/823724/feed/live,both,True,P,Pitcher,STARTER/OPENER/BULK,True,QA_VALIDATED_CANONICAL_V3,,,
663947,24.0,6.0,48.0,58.0,192.0,238.0,Bot,823724,https://raw.githubusercontent.com/lancebroz/mlb-pitcher-data/main/data/raw/2026/daily/2026-04-09.parquet,False,2026-04-09,2026-04-09T17:40:00Z,DET,MIN,A,Tyler Holton,False,RELIEF_OR_BULK,24,6,4,0,0,1,1,2,0,https://statsapi.mlb.com/api/v1.1/game/823724/feed/live,both,True,P,Pitcher,BULLPEN_PITCHER,True,QA_VALIDATED_CANONICAL_V3,,,
670183,35.0,7.0,49.0,61.0,193.0,250.0,Top,823724,https://raw.githubusercontent.com/lancebroz/mlb-pitcher-data/main/data/raw/2026/daily/2026-04-09.parquet,False,2026-04-09,2026-04-09T17:40:00Z,MIN,DET,H,Garrett Acton,False,RELIEF_OR_BULK,35,8,6,1,1,1,0,2,0,https://statsapi.mlb.com/api/v1.1/game/823724/feed/live,both,True,P,Pitcher,BULLPEN_PITCHER,True,QA_VALIDATED_CANONICAL_V3,,,
676428,1.0,8.0,68.0,68.0,285.0,285.0,Bot,823724,https://raw.githubusercontent.com/lancebroz/mlb-pitcher-data/main/data/raw/2026/daily/2026-04-09.parquet,False,2026-04-09,2026-04-09T17:40:00Z,DET,MIN,A,Brant Hurter,False,RELIEF_OR_BULK,1,1,1,0,0,0,0,0,0,https://statsapi.mlb.com/api/v1.1/game/823724/feed/live,both,True,P,Pitcher,BULLPEN_PITCHER,True,QA_VALIDATED_CANONICAL_V3,,,
676684,34.0,8.0,62.0,67.0,251.0,284.0,Bot,823724,https://raw.githubusercontent.com/lancebroz/mlb-pitcher-data/main/data/raw/2026/daily/2026-04-09.parquet,False,2026-04-09,2026-04-09T17:40:00Z,DET,MIN,A,Will Vest,False,RELIEF_OR_BULK,34,6,2,2,2,3,1,1,0,https://statsapi.mlb.com/api/v1.1/game/823724/feed/live,both,True,P,Pitcher,BULLPEN_PITCHER,True,QA_VALIDATED_CANONICAL_V3,,,
679358,14.0,9.0,69.0,71.0,286.0,299.0,Top,823724,https://raw.githubusercontent.com/lancebroz/mlb-pitcher-data/main/data/raw/2026/daily/2026-04-09.parquet,False,2026-04-09,2026-04-09T17:40:00Z,MIN,DET,H,Eric Orze,False,RELIEF_OR_BULK,14,3,3,0,0,0,0,1,0,https://statsapi.mlb.com/api/v1.1/game/823724/feed/live,both,True,P,Pitcher,BULLPEN_PITCHER,True,QA_VALIDATED_CANONICAL_V3,,,
690953,102.0,1.0,0.0,43.0,1.0,177.0,Top,823724,https://raw.githubusercontent.com/lancebroz/mlb-pitcher-data/main/data/raw/2026/daily/2026-04-09.parquet,False,2026-04-09,2026-04-09T17:40:00Z,MIN,DET,H,Mick Abel,True,STARTER,102,25,18,0,0,4,3,6,0,https://statsapi.mlb.com/api/v1.1/game/823724/feed/live,both,True,P,Pitcher,STARTER/OPENER/BULK,True,QA_VALIDATED_CANONICAL_V3,,,
607455,21.0,7.0,60.0,65.0,218.0,238.0,Top,823726,https://raw.githubusercontent.com/lancebroz/mlb-pitcher-data/main/data/raw/2026/daily/2026-04-08.parquet,False,2026-04-08,2026-04-08T23:40:00Z,MIN,DET,H,Anthony Banda,False,RELIEF_OR_BULK,21,6,2,4,4,4,0,1,0,https://statsapi.mlb.com/api/v1.1/game/823726/feed/live,both,True,P,Pitcher,BULLPEN_PITCHER,True,QA_VALIDATED_CANONICAL_V3,,,
623437,10.0,6.0,51.0,52.0,179.0,188.0,Top,823726,https://raw.githubusercontent.com/lancebroz/mlb-pitcher-data/main/data/raw/2026/daily/2026-04-08.parquet,False,2026-04-08,2026-04-08T23:40:00Z,MIN,DET,H,Justin Topa,False,RELIEF_OR_BULK,10,2,1,0,0,1,0,0,0,https://statsapi.mlb.com/api/v1.1/game/823726/feed/live,both,True,P,Pitcher,BULLPEN_PITCHER,True,QA_VALIDATED_CANONICAL_V3,,,
640448,16.0,7.0,68.0,71.0,248.0,263.0,Bot,823726,https://raw.githubusercontent.com/lancebroz/mlb-pitcher-data/main/data/raw/2026/daily/2026-04-08.parquet,False,2026-04-08,2026-04-08T23:40:00Z,DET,MIN,A,Kyle Finnegan,False,RELIEF_OR_BULK,16,4,3,0,0,0,2,0,0,https://statsapi.mlb.com/api/v1.1/game/823726/feed/live,both,True,P,Pitcher,BULLPEN_PITCHER,True,QA_VALIDATED_CANONICAL_V3,,,
641927,99.0,1.0,0.0,50.0,1.0,178.0,Top,823726,https://raw.githubusercontent.com/lancebroz/mlb-pitcher-data/main/data/raw/2026/daily/2026-04-08.parquet,False,2026-04-08,2026-04-08T23:40:00Z,MIN,DET,H,Bailey Ober,True,STARTER,99,24,17,2,2,5,1,2,0,https://statsapi.mlb.com/api/v1.1/game/823726/feed/live,both,True,P,Pitcher,STARTER/OPENER/BULK,True,QA_VALIDATED_CANONICAL_V3,,,
646241,21.0,6.0,55.0,59.0,197.0,217.0,Bot,823726,https://raw.githubusercontent.com/lancebroz/mlb-pitcher-data/main/data/raw/2026/daily/2026-04-08.parquet,False,2026-04-08,2026-04-08T23:40:00Z,DET,MIN,A,Enmanuel De Jesus,False,RELIEF_OR_BULK,21,5,3,0,0,1,2,1,0,https://statsapi.mlb.com/api/v1.1/game/823726/feed/live,both,True,P,Pitcher,BULLPEN_PITCHER,True,QA_VALIDATED_CANONICAL_V3,,,
663485,9.0,7.0,66.0,67.0,239.0,247.0,Top,823726,https://raw.githubusercontent.com/lancebroz/mlb-pitcher-data/main/data/raw/2026/daily/2026-04-08.parquet,False,2026-04-08,2026-04-08T23:40:00Z,MIN,DET,H,Cole Sands,False,RELIEF_OR_BULK,9,2,1,0,0,1,0,1,0,https://statsapi.mlb.com/api/v1.1/game/823726/feed/live,both,True,P,Pitcher,BULLPEN_PITCHER,True,QA_VALIDATED_CANONICAL_V3,,,
664285,87.0,1.0,3.0,54.0,12.0,196.0,Bot,823726,https://raw.githubusercontent.com/lancebroz/mlb-pitcher-data/main/data/raw/2026/daily/2026-04-08.parquet,False,2026-04-08,2026-04-08T23:40:00Z,DET,MIN,A,Framber Valdez,True,STARTER,87,29,15,8,8,10,2,2,0,https://statsapi.mlb.com/api/v1.1/game/823726/feed/live,both,True,P,Pitcher,STARTER/OPENER/BULK,True,QA_VALIDATED_CANONICAL_V3,,,
676684,15.0,8.0,77.0,79.0,289.0,303.0,Bot,823726,https://raw.githubusercontent.com/lancebroz/mlb-pitcher-data/main/data/raw/2026/daily/2026-04-08.parquet,False,2026-04-08,2026-04-08T23:40:00Z,DET,MIN,A,Will Vest,False,RELIEF_OR_BULK,15,3,3,0,0,0,0,1,0,https://statsapi.mlb.com/api/v1.1/game/823726/feed/live,both,True,P,Pitcher,BULLPEN_PITCHER,True,QA_VALIDATED_CANONICAL_V3,,,
681892,20.0,9.0,81.0,84.0,305.0,324.0,Top,823726,https://raw.githubusercontent.com/lancebroz/mlb-pitcher-data/main/data/raw/2026/daily/2026-04-08.parquet,False,2026-04-08,2026-04-08T23:40:00Z,MIN,DET,H,Kody Funderburk,False,RELIEF_OR_BULK,20,4,2,0,0,0,1,0,0,https://statsapi.mlb.com/api/v1.1/game/823726/feed/live,both,True,P,Pitcher,BULLPEN_PITCHER,True,QA_VALIDATED_CANONICAL_V3,,,
689520,26.0,8.0,72.0,80.0,264.0,304.0,Top,823726,https://raw.githubusercontent.com/lancebroz/mlb-pitcher-data/main/data/raw/2026/daily/2026-04-08.parquet,False,2026-04-08,2026-04-08T23:40:00Z,MIN,DET,H,Cody Laweryson,False,RELIEF_OR_BULK,26,6,4,0,0,1,0,2,0,https://statsapi.mlb.com/api/v1.1/game/823726/feed/live,both,True,P,Pitcher,BULLPEN_PITCHER,True,QA_VALIDATED_CANONICAL_V3,,,
573124,12.0,7.0,55.0,61.0,216.0,239.0,Top,823727,https://raw.githubusercontent.com/lancebroz/mlb-pitcher-data/main/data/raw/2026/daily/2026-04-07.parquet,False,2026-04-07,2026-04-07T23:40:00Z,MIN,DET,H,Taylor Rogers,False,RELIEF_OR_BULK,12,4,3,0,0,1,0,2,0,https://statsapi.mlb.com/api/v1.1/game/823727/feed/live,both,True,P,Pitcher,BULLPEN_PITCHER,True,QA_VALIDATED_CANONICAL_V3,,,
623437,14.0,9.0,75.0,77.0,294.0,307.0,Top,823727,https://raw.githubusercontent.com/lancebroz/mlb-pitcher-data/main/data/raw/2026/daily/2026-04-07.parquet,False,2026-04-07,2026-04-07T23:40:00Z,MIN,DET,H,Justin Topa,False,RELIEF_OR_BULK,14,3,2,0,0,0,1,0,0,https://statsapi.mlb.com/api/v1.1/game/823727/feed/live,both,True,P,Pitcher,BULLPEN_PITCHER,True,QA_VALIDATED_CANONICAL_V3,,,
657756,35.0,7.0,58.0,71.0,222.0,279.0,Bot,823727,https://raw.githubusercontent.com/lancebroz/mlb-pitcher-data/main/data/raw/2026/daily/2026-04-07.parquet,False,2026-04-07,2026-04-07T23:40:00Z,DET,MIN,A,Connor Seabold,False,RELIEF_OR_BULK,35,9,6,0,0,2,1,2,0,https://statsapi.mlb.com/api/v1.1/game/823727/feed/live,both,True,P,Pitcher,BULLPEN_PITCHER,True,QA_VALIDATED_CANONICAL_V3,,,
663485,12.0,8.0,62.0,64.0,240.0,251.0,Top,823727,https://raw.githubusercontent.com/lancebroz/mlb-pitcher-data/main/data/raw/2026/daily/2026-04-07.parquet,False,2026-04-07,2026-04-07T23:40:00Z,MIN,DET,H,Cole Sands,False,RELIEF_OR_BULK,12,3,1,0,0,0,2,0,0,https://statsapi.mlb.com/api/v1.1/game/823727/feed/live,both,True,P,Pitcher,BULLPEN_PITCHER,True,QA_VALIDATED_CANONICAL_V3,,,
663947,16.0,5.0,44.0,51.0,171.0,202.0,Bot,823727,https://raw.githubusercontent.com/lancebroz/mlb-pitcher-data/main/data/raw/2026/daily/2026-04-07.parquet,False,2026-04-07,2026-04-07T23:40:00Z,DET,MIN,A,Tyler Holton,False,RELIEF_OR_BULK,16,4,4,0,0,0,0,1,0,https://statsapi.mlb.com/api/v1.1/game/823727/feed/live,both,True,P,Pitcher,BULLPEN_PITCHER,True,QA_VALIDATED_CANONICAL_V3,,,
669373,95.0,1.0,4.0,43.0,13.0,170.0,Bot,823727,https://raw.githubusercontent.com/lancebroz/mlb-pitcher-data/main/data/raw/2026/daily/2026-04-07.parquet,False,2026-04-07,2026-04-07T23:40:00Z,DET,MIN,A,Tarik Skubal,True,STARTER,95,24,14,4,4,8,2,7,0,https://statsapi.mlb.com/api/v1.1/game/823727/feed/live,both,True,P,Pitcher,STARTER/OPENER/BULK,True,QA_VALIDATED_CANONICAL_V3,,,
671737,104.0,1.0,0.0,54.0,1.0,215.0,Top,823727,https://raw.githubusercontent.com/lancebroz/mlb-pitcher-data/main/data/raw/2026/daily/2026-04-07.parquet,False,2026-04-07,2026-04-07T23:40:00Z,MIN,DET,H,Taj Bradley,True,STARTER,104,27,19,1,1,6,0,10,0,https://statsapi.mlb.com/api/v1.1/game/823727/feed/live,both,True,P,Pitcher,STARTER/OPENER/BULK,True,QA_VALIDATED_CANONICAL_V3,,,
679358,19.0,8.0,65.0,74.0,252.0,293.0,Top,823727,https://raw.githubusercontent.com/lancebroz/mlb-pitcher-data/main/data/raw/2026/daily/2026-04-07.parquet,False,2026-04-07,2026-04-07T23:40:00Z,MIN,DET,H,Eric Orze,False,RELIEF_OR_BULK,19,4,2,1,1,2,0,2,0,https://statsapi.mlb.com/api/v1.1/game/823727/feed/live,both,True,P,Pitcher,BULLPEN_PITCHER,True,QA_VALIDATED_CANONICAL_V3,,,
607455,17.0,6.0,50.0,53.0,207.0,223.0,Top,823728,https://raw.githubusercontent.com/lancebroz/mlb-pitcher-data/main/data/raw/2026/daily/2026-04-06.parquet,False,2026-04-06,2026-04-06T23:40:00Z,MIN,DET,H,Anthony Banda,False,RELIEF_OR_BULK,17,4,3,0,0,1,0,1,0,https://statsapi.mlb.com/api/v1.1/game/823728/feed/live,both,True,P,Pitcher,BULLPEN_PITCHER,True,QA_VALIDATED_CANONICAL_V3,,,
623454,49.0,5.0,46.0,71.0,192.0,295.0,Bot,823728,https://raw.githubusercontent.com/lancebroz/mlb-pitcher-data/main/data/raw/2026/daily/2026-04-06.parquet,False,2026-04-06,2026-04-06T23:40:00Z,DET,MIN,A,Drew Anderson,False,RELIEF_OR_BULK,49,13,9,1,1,2,2,4,0,https://statsapi.mlb.com/api/v1.1/game/823728/feed/live,both,True,P,Pitcher,BULLPEN_PITCHER,True,QA_VALIDATED_CANONICAL_V3,,,
657746,101.0,1.0,0.0,43.0,1.0,183.0,Top,823728,https://raw.githubusercontent.com/lancebroz/mlb-pitcher-data/main/data/raw/2026/daily/2026-04-06.parquet,False,2026-04-06,2026-04-06T23:40:00Z,MIN,DET,H,Joe Ryan,True,STARTER,101,22,15,3,2,3,3,7,0,https://statsapi.mlb.com/api/v1.1/game/823728/feed/live,both,True,P,Pitcher,STARTER/OPENER/BULK,True,QA_VALIDATED_CANONICAL_V3,,,
663554,90.0,1.0,3.0,45.0,12.0,191.0,Bot,823728,https://raw.githubusercontent.com/lancebroz/mlb-pitcher-data/main/data/raw/2026/daily/2026-04-06.parquet,False,2026-04-06,2026-04-06T23:40:00Z,DET,MIN,A,Casey Mize,True,STARTER,90,24,13,5,5,7,3,4,1,https://statsapi.mlb.com/api/v1.1/game/823728/feed/live,both,True,P,Pitcher,STARTER/OPENER/BULK,True,QA_VALIDATED_CANONICAL_V3,,,
676428,23.0,8.0,72.0,76.0,296.0,318.0,Bot,823728,https://raw.githubusercontent.com/lancebroz/mlb-pitcher-data/main/data/raw/2026/daily/2026-04-06.parquet,False,2026-04-06,2026-04-06T23:40:00Z,DET,MIN,A,Brant Hurter,False,RELIEF_OR_BULK,23,5,2,1,1,1,2,2,0,https://statsapi.mlb.com/api/v1.1/game/823728/feed/live,both,True,P,Pitcher,BULLPEN_PITCHER,True,QA_VALIDATED_CANONICAL_V3,,,
679358,12.0,7.0,57.0,59.0,235.0,246.0,Top,823728,https://raw.githubusercontent.com/lancebroz/mlb-pitcher-data/main/data/raw/2026/daily/2026-04-06.parquet,False,2026-04-06,2026-04-06T23:40:00Z,MIN,DET,H,Eric Orze,False,RELIEF_OR_BULK,12,3,2,0,0,0,1,1,0,https://statsapi.mlb.com/api/v1.1/game/823728/feed/live,both,True,P,Pitcher,BULLPEN_PITCHER,True,QA_VALIDATED_CANONICAL_V3,,,
681892,20.0,7.0,60.0,67.0,247.0,280.0,Top,823728,https://raw.githubusercontent.com/lancebroz/mlb-pitcher-data/main/data/raw/2026/daily/2026-04-06.parquet,False,2026-04-06,2026-04-06T23:40:00Z,MIN,DET,H,Kody Funderburk,False,RELIEF_OR_BULK,20,4,2,0,0,0,3,0,0,https://statsapi.mlb.com/api/v1.1/game/823728/feed/live,both,True,P,Pitcher,BULLPEN_PITCHER,True,QA_VALIDATED_CANONICAL_V3,,,
689520,14.0,8.0,68.0,79.0,281.0,326.0,Top,823728,https://raw.githubusercontent.com/lancebroz/mlb-pitcher-data/main/data/raw/2026/daily/2026-04-06.parquet,False,2026-04-06,2026-04-06T23:40:00Z,MIN,DET,H,Cody Laweryson,False,RELIEF_OR_BULK,14,5,5,0,0,0,0,2,0,https://statsapi.mlb.com/api/v1.1/game/823728/feed/live,both,True,P,Pitcher,BULLPEN_PITCHER,True,QA_VALIDATED_CANONICAL_V3,,,
573124,18.0,10.0,69.0,72.0,253.0,270.0,Top,823729,https://raw.githubusercontent.com/lancebroz/mlb-pitcher-data/main/data/raw/2026/daily/2026-04-05.parquet,False,2026-04-05,2026-04-05T18:10:00Z,MIN,TB,H,Taylor Rogers,False,RELIEF_OR_BULK,18,4,2,0,0,0,2,0,0,https://statsapi.mlb.com/api/v1.1/game/823729/feed/live,both,True,P,Pitcher,BULLPEN_PITCHER,True,QA_VALIDATED_CANONICAL_V3,,,
607259,81.0,1.0,4.0,41.0,12.0,159.0,Bot,823729,https://raw.githubusercontent.com/lancebroz/mlb-pitcher-data/main/data/raw/2026/daily/2026-04-05.parquet,False,2026-04-05,2026-04-05T18:10:00Z,TB,MIN,A,Nick Martinez,True,STARTER,81,20,18,1,1,1,1,4,1,https://statsapi.mlb.com/api/v1.1/game/823729/feed/live,both,True,P,Pitcher,STARTER/OPENER/BULK,True,QA_VALIDATED_CANONICAL_V3,,,
623437,15.0,10.0,65.0,68.0,238.0,252.0,Top,823729,https://raw.githubusercontent.com/lancebroz/mlb-pitcher-data/main/data/raw/2026/daily/2026-04-05.parquet,False,2026-04-05,2026-04-05T18:10:00Z,MIN,TB,H,Justin Topa,False,RELIEF_OR_BULK,15,4,1,3,2,2,1,0,1,https://statsapi.mlb.com/api/v1.1/game/823729/feed/live,both,True,P,Pitcher,BULLPEN_PITCHER,True,QA_VALIDATED_CANONICAL_V3,,,
641329,14.0,9.0,62.0,64.0,224.0,237.0,Bot,823729,https://raw.githubusercontent.com/lancebroz/mlb-pitcher-data/main/data/raw/2026/daily/2026-04-05.parquet,False,2026-04-05,2026-04-05T18:10:00Z,TB,MIN,A,Bryan Baker,False,RELIEF_OR_BULK,14,3,3,0,0,0,0,2,0,https://statsapi.mlb.com/api/v1.1/game/823729/feed/live,both,True,P,Pitcher,BULLPEN_PITCHER,True,QA_VALIDATED_CANONICAL_V3,,,
643377,30.0,7.0,47.0,58.0,173.0,214.0,Bot,823729,https://raw.githubusercontent.com/lancebroz/mlb-pitcher-data/main/data/raw/2026/daily/2026-04-05.parquet,False,2026-04-05,2026-04-05T18:10:00Z,TB,MIN,A,Griffin Jax,False,RELIEF_OR_BULK,30,8,6,0,0,2,1,0,0,https://statsapi.mlb.com/api/v1.1/game/823729/feed/live,both,True,P,Pitcher,BULLPEN_PITCHER,True,QA_VALIDATED_CANONICAL_V3,,,
663485,21.0,8.0,51.0,61.0,182.0,223.0,Top,823729,https://raw.githubusercontent.com/lancebroz/mlb-pitcher-data/main/data/raw/2026/daily/2026-04-05.parquet,False,2026-04-05,2026-04-05T18:10:00Z,MIN,TB,H,Cole Sands,False,RELIEF_OR_BULK,21,6,6,0,0,1,0,1,0,https://statsapi.mlb.com/api/v1.1/game/823729/feed/live,both,True,P,Pitcher,BULLPEN_PITCHER,True,QA_VALIDATED_CANONICAL_V3,,,
680573,88.0,1.0,0.0,45.0,1.0,169.0,Top,823729,https://raw.githubusercontent.com/lancebroz/mlb-pitcher-data/main/data/raw/2026/daily/2026-04-05.parquet,False,2026-04-05,2026-04-05T18:10:00Z,MIN,TB,H,Simeon Woods Richardson,True,STARTER,88,26,20,1,1,5,2,4,1,https://statsapi.mlb.com/api/v1.1/game/823729/feed/live,both,True,P,Pitcher,STARTER/OPENER/BULK,True,QA_VALIDATED_CANONICAL_V3,,,
681892,3.0,7.0,46.0,46.0,170.0,172.0,Top,823729,https://raw.githubusercontent.com/lancebroz/mlb-pitcher-data/main/data/raw/2026/daily/2026-04-05.parquet,False,2026-04-05,2026-04-05T18:10:00Z,MIN,TB,H,Kody Funderburk,False,RELIEF_OR_BULK,3,1,1,0,0,0,0,0,0,https://statsapi.mlb.com/api/v1.1/game/823729/feed/live,both,True,P,Pitcher,BULLPEN_PITCHER,True,QA_VALIDATED_CANONICAL_V3,,,
687330,19.0,10.0,73.0,75.0,271.0,289.0,Bot,823729,https://raw.githubusercontent.com/lancebroz/mlb-pitcher-data/main/data/raw/2026/daily/2026-04-05.parquet,False,2026-04-05,2026-04-05T18:10:00Z,TB,MIN,A,Kevin Kelly,False,RELIEF_OR_BULK,19,3,3,0,0,0,0,1,0,https://statsapi.mlb.com/api/v1.1/game/823729/feed/live,both,True,P,Pitcher,BULLPEN_PITCHER,True,QA_VALIDATED_CANONICAL_V3,,,
571927,97.0,1.0,5.0,53.0,28.0,219.0,Bot,823730,https://raw.githubusercontent.com/lancebroz/mlb-pitcher-data/main/data/raw/2026/daily/2026-04-04.parquet,False,2026-04-04,2026-04-04T23:10:00Z,TB,MIN,A,Steven Matz,True,STARTER,97,22,18,1,1,2,2,8,0,https://statsapi.mlb.com/api/v1.1/game/823730/feed/live,both,True,P,Pitcher,STARTER/OPENER/BULK,True,QA_VALIDATED_CANONICAL_V3,,,
573124,23.0,5.0,38.0,43.0,154.0,176.0,Top,823730,https://raw.githubusercontent.com/lancebroz/mlb-pitcher-data/main/data/raw/2026/daily/2026-04-04.parquet,False,2026-04-04,2026-04-04T23:10:00Z,MIN,TB,H,Taylor Rogers,False,RELIEF_OR_BULK,23,5,3,2,2,3,0,0,0,https://statsapi.mlb.com/api/v1.1/game/823730/feed/live,both,True,P,Pitcher,BULLPEN_PITCHER,True,QA_VALIDATED_CANONICAL_V3,,,
607455,15.0,6.0,47.0,50.0,190.0,204.0,Top,823730,https://raw.githubusercontent.com/lancebroz/mlb-pitcher-data/main/data/raw/2026/daily/2026-04-04.parquet,False,2026-04-04,2026-04-04T23:10:00Z,MIN,TB,H,Anthony Banda,False,RELIEF_OR_BULK,15,4,3,0,0,0,0,1,0,https://statsapi.mlb.com/api/v1.1/game/823730/feed/live,both,True,P,Pitcher,BULLPEN_PITCHER,True,QA_VALIDATED_CANONICAL_V3,,,
642121,35.0,7.0,57.0,71.0,234.0,288.0,Bot,823730,https://raw.githubusercontent.com/lancebroz/mlb-pitcher-data/main/data/raw/2026/daily/2026-04-04.parquet,False,2026-04-04,2026-04-04T23:10:00Z,TB,MIN,A,Cole Sulser,False,RELIEF_OR_BULK,35,9,6,0,0,1,2,3,0,https://statsapi.mlb.com/api/v1.1/game/823730/feed/live,both,True,P,Pitcher,BULLPEN_PITCHER,True,QA_VALIDATED_CANONICAL_V3,,,
669438,14.0,9.0,75.0,77.0,298.0,311.0,Bot,823730,https://raw.githubusercontent.com/lancebroz/mlb-pitcher-data/main/data/raw/2026/daily/2026-04-04.parquet,False,2026-04-04,2026-04-04T23:10:00Z,TB,MIN,A,Mason Englert,False,RELIEF_OR_BULK,14,3,3,0,0,0,0,1,0,https://statsapi.mlb.com/api/v1.1/game/823730/feed/live,both,True,P,Pitcher,BULLPEN_PITCHER,True,QA_VALIDATED_CANONICAL_V3,,,
687849,34.0,7.0,54.0,66.0,220.0,268.0,Top,823730,https://raw.githubusercontent.com/lancebroz/mlb-pitcher-data/main/data/raw/2026/daily/2026-04-04.parquet,False,2026-04-04,2026-04-04T23:10:00Z,MIN,TB,H,Zak Kent,False,RELIEF_OR_BULK,34,9,6,1,1,1,2,0,0,https://statsapi.mlb.com/api/v1.1/game/823730/feed/live,both,True,P,Pitcher,BULLPEN_PITCHER,True,QA_VALIDATED_CANONICAL_V3,,,
689520,9.0,9.0,72.0,74.0,289.0,297.0,Top,823730,https://raw.githubusercontent.com/lancebroz/mlb-pitcher-data/main/data/raw/2026/daily/2026-04-04.parquet,False,2026-04-04,2026-04-04T23:10:00Z,MIN,TB,H,Cody Laweryson,False,RELIEF_OR_BULK,9,3,3,0,0,0,0,1,0,https://statsapi.mlb.com/api/v1.1/game/823730/feed/live,both,True,P,Pitcher,BULLPEN_PITCHER,True,QA_VALIDATED_CANONICAL_V3,,,
690953,84.0,1.0,0.0,34.0,1.0,143.0,Top,823730,https://raw.githubusercontent.com/lancebroz/mlb-pitcher-data/main/data/raw/2026/daily/2026-04-04.parquet,False,2026-04-04,2026-04-04T23:10:00Z,MIN,TB,H,Mick Abel,True,STARTER,84,22,12,4,4,6,3,3,0,https://statsapi.mlb.com/api/v1.1/game/823730/feed/live,both,True,P,Pitcher,STARTER/OPENER/BULK,True,QA_VALIDATED_CANONICAL_V3,,,
607455,17.0,8.0,69.0,73.0,302.0,318.0,Top,823732,https://raw.githubusercontent.com/lancebroz/mlb-pitcher-data/main/data/raw/2026/daily/2026-04-03.parquet,False,2026-04-03,2026-04-03T20:10:00Z,MIN,TB,H,Anthony Banda,False,RELIEF_OR_BULK,17,5,3,1,1,1,0,0,0,https://statsapi.mlb.com/api/v1.1/game/823732/feed/live,both,True,P,Pitcher,BULLPEN_PITCHER,True,QA_VALIDATED_CANONICAL_V3,,,
623437,17.0,7.0,54.0,57.0,240.0,256.0,Top,823732,https://raw.githubusercontent.com/lancebroz/mlb-pitcher-data/main/data/raw/2026/daily/2026-04-03.parquet,False,2026-04-03,2026-04-03T20:10:00Z,MIN,TB,H,Justin Topa,False,RELIEF_OR_BULK,17,4,2,0,0,2,0,2,0,https://statsapi.mlb.com/api/v1.1/game/823732/feed/live,both,True,P,Pitcher,BULLPEN_PITCHER,True,QA_VALIDATED_CANONICAL_V3,,,
641927,82.0,1.0,0.0,28.0,1.0,133.0,Top,823732,https://raw.githubusercontent.com/lancebroz/mlb-pitcher-data/main/data/raw/2026/daily/2026-04-03.parquet,False,2026-04-03,2026-04-03T20:10:00Z,MIN,TB,H,Bailey Ober,True,STARTER,82,18,12,3,3,4,2,4,0,https://statsapi.mlb.com/api/v1.1/game/823732/feed/live,both,True,P,Pitcher,STARTER/OPENER/BULK,True,QA_VALIDATED_CANONICAL_V3,,,
671212,104.0,1.0,6.0,50.0,28.0,223.0,Bot,823732,https://raw.githubusercontent.com/lancebroz/mlb-pitcher-data/main/data/raw/2026/daily/2026-04-03.parquet,False,2026-04-03,2026-04-03T20:10:00Z,TB,MIN,A,Joe Boyle,True,STARTER,104,25,16,3,2,4,3,9,0,https://statsapi.mlb.com/api/v1.1/game/823732/feed/live,both,True,P,Pitcher,STARTER/OPENER/BULK,True,QA_VALIDATED_CANONICAL_V3,,,
672782,23.0,7.0,66.0,76.0,292.0,331.0,Bot,823732,https://raw.githubusercontent.com/lancebroz/mlb-pitcher-data/main/data/raw/2026/daily/2026-04-03.parquet,False,2026-04-03,2026-04-03T20:10:00Z,TB,MIN,A,Yoendrys Gómez,False,RELIEF_OR_BULK,23,6,5,1,1,1,0,1,1,https://statsapi.mlb.com/api/v1.1/game/823732/feed/live,both,True,P,Pitcher,BULLPEN_PITCHER,True,QA_VALIDATED_CANONICAL_V3,,,
679358,37.0,5.0,37.0,47.0,164.0,208.0,Top,823732,https://raw.githubusercontent.com/lancebroz/mlb-pitcher-data/main/data/raw/2026/daily/2026-04-03.parquet,False,2026-04-03,2026-04-03T20:10:00Z,MIN,TB,H,Eric Orze,False,RELIEF_OR_BULK,37,8,6,0,0,1,1,0,0,https://statsapi.mlb.com/api/v1.1/game/823732/feed/live,both,True,P,Pitcher,BULLPEN_PITCHER,True,QA_VALIDATED_CANONICAL_V3,,,
681892,2.0,7.0,58.0,58.0,257.0,258.0,Top,823732,https://raw.githubusercontent.com/lancebroz/mlb-pitcher-data/main/data/raw/2026/daily/2026-04-03.parquet,False,2026-04-03,2026-04-03T20:10:00Z,MIN,TB,H,Kody Funderburk,False,RELIEF_OR_BULK,2,1,1,0,0,0,0,0,0,https://statsapi.mlb.com/api/v1.1/game/823732/feed/live,both,True,P,Pitcher,BULLPEN_PITCHER,True,QA_VALIDATED_CANONICAL_V3,,,
685801,16.0,6.0,51.0,53.0,224.0,239.0,Bot,823732,https://raw.githubusercontent.com/lancebroz/mlb-pitcher-data/main/data/raw/2026/daily/2026-04-03.parquet,False,2026-04-03,2026-04-03T20:10:00Z,TB,MIN,A,Hunter Bigge,False,RELIEF_OR_BULK,16,3,2,0,0,0,1,1,0,https://statsapi.mlb.com/api/v1.1/game/823732/feed/live,both,True,P,Pitcher,BULLPEN_PITCHER,True,QA_VALIDATED_CANONICAL_V3,,,
687330,33.0,7.0,59.0,65.0,259.0,291.0,Bot,823732,https://raw.githubusercontent.com/lancebroz/mlb-pitcher-data/main/data/raw/2026/daily/2026-04-03.parquet,False,2026-04-03,2026-04-03T20:10:00Z,TB,MIN,A,Kevin Kelly,False,RELIEF_OR_BULK,33,7,1,6,5,2,2,1,0,https://statsapi.mlb.com/api/v1.1/game/823732/feed/live,both,True,P,Pitcher,BULLPEN_PITCHER,True,QA_VALIDATED_CANONICAL_V3,,,
689520,10.0,9.0,77.0,79.0,332.0,341.0,Top,823732,https://raw.githubusercontent.com/lancebroz/mlb-pitcher-data/main/data/raw/2026/daily/2026-04-03.parquet,False,2026-04-03,2026-04-03T20:10:00Z,MIN,TB,H,Cody Laweryson,False,RELIEF_OR_BULK,10,3,3,0,0,0,0,1,0,https://statsapi.mlb.com/api/v1.1/game/823732/feed/live,both,True,P,Pitcher,BULLPEN_PITCHER,True,QA_VALIDATED_CANONICAL_V3,,,
656492,80.0,1.0,4.0,44.0,21.0,174.0,Bot,823805,https://raw.githubusercontent.com/lancebroz/mlb-pitcher-data/main/data/raw/2026/daily/2026-04-11.parquet,False,2026-04-11,2026-04-11T23:10:00Z,WSH,MIL,A,Foster Griffin,True,STARTER,80,20,16,0,0,1,3,1,0,https://statsapi.mlb.com/api/v1.1/game/823805/feed/live,both,True,P,Pitcher,STARTER/OPENER/BULK,True,QA_VALIDATED_CANONICAL_V3,,,
669084,9.0,9.0,66.0,67.0,260.0,268.0,Top,823805,https://raw.githubusercontent.com/lancebroz/mlb-pitcher-data/main/data/raw/2026/daily/2026-04-11.parquet,False,2026-04-11,2026-04-11T23:10:00Z,MIL,WSH,H,DL Hall,False,RELIEF_OR_BULK,9,2,1,0,0,0,1,0,0,https://statsapi.mlb.com/api/v1.1/game/823805/feed/live,both,True,P,Pitcher,BULLPEN_PITCHER,True,QA_VALIDATED_CANONICAL_V3,,,
672335,14.0,8.0,59.0,61.0,226.0,239.0,Bot,823805,https://raw.githubusercontent.com/lancebroz/mlb-pitcher-data/main/data/raw/2026/daily/2026-04-11.parquet,False,2026-04-11,2026-04-11T23:10:00Z,WSH,MIL,A,Cionel Pérez,False,RELIEF_OR_BULK,14,3,3,0,0,0,0,1,0,https://statsapi.mlb.com/api/v1.1/game/823805/feed/live,both,True,P,Pitcher,BULLPEN_PITCHER,True,QA_VALIDATED_CANONICAL_V3,,,
681982,8.0,5.0,34.0,35.0,136.0,143.0,Top,823805,https://raw.githubusercontent.com/lancebroz/mlb-pitcher-data/main/data/raw/2026/daily/2026-04-11.parquet,False,2026-04-11,2026-04-11T23:10:00Z,MIL,WSH,H,Grant Anderson,False,RELIEF_OR_BULK,8,2,2,0,0,0,0,1,0,https://statsapi.mlb.com/api/v1.1/game/823805/feed/live,both,True,P,Pitcher,BULLPEN_PITCHER,True,QA_VALIDATED_CANONICAL_V3,,,
687075,65.0,6.0,39.0,65.0,155.0,259.0,Top,823805,https://raw.githubusercontent.com/lancebroz/mlb-pitcher-data/main/data/raw/2026/daily/2026-04-11.parquet,False,2026-04-11,2026-04-11T23:10:00Z,MIL,WSH,H,Brandon Sproat,False,RELIEF_OR_BULK,65,15,11,1,1,4,3,3,0,https://statsapi.mlb.com/api/v1.1/game/823805/feed/live,both,True,P,Pitcher,BULLPEN_PITCHER,True,QA_VALIDATED_CANONICAL_V3,,,
690925,24.0,9.0,68.0,74.0,269.0,292.0,Bot,823805,https://raw.githubusercontent.com/lancebroz/mlb-pitcher-data/main/data/raw/2026/daily/2026-04-11.parquet,False,2026-04-11,2026-04-11T23:10:00Z,WSH,MIL,A,Clayton Beeter,False,RELIEF_OR_BULK,24,7,3,1,1,1,2,2,1,https://statsapi.mlb.com/api/v1.1/game/823805/feed/live,both,True,P,Pitcher,BULLPEN_PITCHER,True,QA_VALIDATED_CANONICAL_V3,,,
690986,76.0,1.0,0.0,33.0,1.0,135.0,Top,823805,https://raw.githubusercontent.com/lancebroz/mlb-pitcher-data/main/data/raw/2026/daily/2026-04-11.parquet,False,2026-04-11,2026-04-11T23:10:00Z,MIL,WSH,H,Kyle Harrison,True,STARTER,76,19,13,2,2,5,1,1,0,https://statsapi.mlb.com/api/v1.1/game/823805/feed/live,both,True,P,Pitcher,STARTER/OPENER/BULK,True,QA_VALIDATED_CANONICAL_V3,,,
695418,16.0,6.0,45.0,54.0,175.0,213.0,Bot,823805,https://raw.githubusercontent.com/lancebroz/mlb-pitcher-data/main/data/raw/2026/daily/2026-04-11.parquet,False,2026-04-11,2026-04-11T23:10:00Z,WSH,MIL,A,Brad Lord,False,RELIEF_OR_BULK,16,6,5,0,0,0,1,3,0,https://statsapi.mlb.com/api/v1.1/game/823805/feed/live,both,True,P,Pitcher,BULLPEN_PITCHER,True,QA_VALIDATED_CANONICAL_V3,,,
643377,20.0,8.0,57.0,61.0,240.0,259.0,Bot,823806,https://raw.githubusercontent.com/lancebroz/mlb-pitcher-data/main/data/raw/2026/daily/2026-04-01.parquet,False,2026-04-01,2026-04-01T17:40:00Z,TB,MIL,A,Griffin Jax,False,RELIEF_OR_BULK,20,5,0,5,3,3,1,0,0,https://statsapi.mlb.com/api/v1.1/game/823806/feed/live,both,True,P,Pitcher,BULLPEN_PITCHER,True,QA_VALIDATED_CANONICAL_V3,,,
656876,89.0,1.0,3.0,41.0,13.0,172.0,Bot,823806,https://raw.githubusercontent.com/lancebroz/mlb-pitcher-data/main/data/raw/2026/daily/2026-04-01.parquet,False,2026-04-01,2026-04-01T17:40:00Z,TB,MIL,A,Drew Rasmussen,True,STARTER,89,20,15,2,1,3,1,8,1,https://statsapi.mlb.com/api/v1.1/game/823806/feed/live,both,True,P,Pitcher,STARTER/OPENER/BULK,True,QA_VALIDATED_CANONICAL_V3,,,
669084,19.0,9.0,67.0,71.0,273.0,291.0,Top,823806,https://raw.githubusercontent.com/lancebroz/mlb-pitcher-data/main/data/raw/2026/daily/2026-04-01.parquet,False,2026-04-01,2026-04-01T17:40:00Z,MIL,TB,H,DL Hall,False,RELIEF_OR_BULK,19,5,3,0,0,1,0,3,0,https://statsapi.mlb.com/api/v1.1/game/823806/feed/live,both,True,P,Pitcher,BULLPEN_PITCHER,True,QA_VALIDATED_CANONICAL_V3,,,
669438,13.0,8.0,62.0,66.0,260.0,272.0,Bot,823806,https://raw.githubusercontent.com/lancebroz/mlb-pitcher-data/main/data/raw/2026/daily/2026-04-01.parquet,False,2026-04-01,2026-04-01T17:40:00Z,TB,MIL,A,Mason Englert,False,RELIEF_OR_BULK,13,5,3,1,1,2,0,0,0,https://statsapi.mlb.com/api/v1.1/game/823806/feed/live,both,True,P,Pitcher,BULLPEN_PITCHER,True,QA_VALIDATED_CANONICAL_V3,,,
676879,9.0,8.0,54.0,56.0,231.0,239.0,Top,823806,https://raw.githubusercontent.com/lancebroz/mlb-pitcher-data/main/data/raw/2026/daily/2026-04-01.parquet,False,2026-04-01,2026-04-01T17:40:00Z,MIL,TB,H,Aaron Ashby,False,RELIEF_OR_BULK,9,3,3,0,0,0,1,0,0,https://statsapi.mlb.com/api/v1.1/game/823806/feed/live,both,True,P,Pitcher,BULLPEN_PITCHER,True,QA_VALIDATED_CANONICAL_V3,,,
681982,15.0,7.0,48.0,50.0,198.0,212.0,Top,823806,https://raw.githubusercontent.com/lancebroz/mlb-pitcher-data/main/data/raw/2026/daily/2026-04-01.parquet,False,2026-04-01,2026-04-01T17:40:00Z,MIL,TB,H,Grant Anderson,False,RELIEF_OR_BULK,15,3,3,0,0,0,0,1,0,https://statsapi.mlb.com/api/v1.1/game/823806/feed/live,both,True,P,Pitcher,BULLPEN_PITCHER,True,QA_VALIDATED_CANONICAL_V3,,,
693855,32.0,6.0,45.0,53.0,184.0,230.0,Bot,823806,https://raw.githubusercontent.com/lancebroz/mlb-pitcher-data/main/data/raw/2026/daily/2026-04-01.parquet,False,2026-04-01,2026-04-01T17:40:00Z,TB,MIL,A,Ian Seymour,False,RELIEF_OR_BULK,32,6,6,0,0,1,0,2,0,https://statsapi.mlb.com/api/v1.1/game/823806/feed/live,both,True,P,Pitcher,BULLPEN_PITCHER,True,QA_VALIDATED_CANONICAL_V3,,,
694819,94.0,1.0,0.0,44.0,1.0,183.0,Top,823806,https://raw.githubusercontent.com/lancebroz/mlb-pitcher-data/main/data/raw/2026/daily/2026-04-01.parquet,False,2026-04-01,2026-04-01T17:40:00Z,MIL,TB,H,Jacob Misiorowski,True,STARTER,94,25,18,2,2,4,2,7,1,https://statsapi.mlb.com/api/v1.1/game/823806/feed/live,both,True,P,Pitcher,STARTER/OPENER/BULK,True,QA_VALIDATED_CANONICAL_V3,,,
605540,67.0,1.0,0.0,31.0,1.0,118.0,Top,823807,https://raw.githubusercontent.com/lancebroz/mlb-pitcher-data/main/data/raw/2026/daily/2026-03-31.parquet,False,2026-03-31,2026-03-31T23:40:00Z,MIL,TB,H,Brandon Woodruff,True,STARTER,67,19,15,2,2,4,0,6,2,https://statsapi.mlb.com/api/v1.1/game/823807/feed/live,both,True,P,Pitcher,STARTER/OPENER/BULK,True,QA_VALIDATED_CANONICAL_V3,,,
642121,31.0,5.0,38.0,49.0,147.0,193.0,Bot,823807,https://raw.githubusercontent.com/lancebroz/mlb-pitcher-data/main/data/raw/2026/daily/2026-03-31.parquet,False,2026-03-31,2026-03-31T23:40:00Z,TB,MIL,A,Cole Sulser,False,RELIEF_OR_BULK,31,8,4,2,2,4,0,0,1,https://statsapi.mlb.com/api/v1.1/game/823807/feed/live,both,True,P,Pitcher,BULLPEN_PITCHER,True,QA_VALIDATED_CANONICAL_V3,,,
657649,16.0,6.0,39.0,42.0,148.0,163.0,Top,823807,https://raw.githubusercontent.com/lancebroz/mlb-pitcher-data/main/data/raw/2026/daily/2026-03-31.parquet,False,2026-03-31,2026-03-31T23:40:00Z,MIL,TB,H,Jared Koenig,False,RELIEF_OR_BULK,16,4,3,0,0,1,0,1,0,https://statsapi.mlb.com/api/v1.1/game/823807/feed/live,both,True,P,Pitcher,BULLPEN_PITCHER,True,QA_VALIDATED_CANONICAL_V3,,,
663556,79.0,1.0,4.0,37.0,14.0,146.0,Bot,823807,https://raw.githubusercontent.com/lancebroz/mlb-pitcher-data/main/data/raw/2026/daily/2026-03-31.parquet,False,2026-03-31,2026-03-31T23:40:00Z,TB,MIL,A,Shane McClanahan,True,STARTER,79,19,14,3,2,2,3,4,0,https://statsapi.mlb.com/api/v1.1/game/823807/feed/live,both,True,P,Pitcher,STARTER/OPENER/BULK,True,QA_VALIDATED_CANONICAL_V3,,,
672582,14.0,9.0,68.0,71.0,265.0,278.0,Top,823807,https://raw.githubusercontent.com/lancebroz/mlb-pitcher-data/main/data/raw/2026/daily/2026-03-31.parquet,False,2026-03-31,2026-03-31T23:40:00Z,MIL,TB,H,Angel Zerpa,False,RELIEF_OR_BULK,14,4,3,0,0,0,1,0,0,https://statsapi.mlb.com/api/v1.1/game/823807/feed/live,both,True,P,Pitcher,BULLPEN_PITCHER,True,QA_VALIDATED_CANONICAL_V3,,,
672782,30.0,7.0,54.0,67.0,213.0,264.0,Bot,823807,https://raw.githubusercontent.com/lancebroz/mlb-pitcher-data/main/data/raw/2026/daily/2026-03-31.parquet,False,2026-03-31,2026-03-31T23:40:00Z,TB,MIL,A,Yoendrys Gómez,False,RELIEF_OR_BULK,30,9,6,1,1,1,2,2,1,https://statsapi.mlb.com/api/v1.1/game/823807/feed/live,both,True,P,Pitcher,BULLPEN_PITCHER,True,QA_VALIDATED_CANONICAL_V3,,,
681982,19.0,7.0,50.0,53.0,194.0,212.0,Top,823807,https://raw.githubusercontent.com/lancebroz/mlb-pitcher-data/main/data/raw/2026/daily/2026-03-31.parquet,False,2026-03-31,2026-03-31T23:40:00Z,MIL,TB,H,Grant Anderson,False,RELIEF_OR_BULK,19,4,3,0,0,1,0,1,0,https://statsapi.mlb.com/api/v1.1/game/823807/feed/live,both,True,P,Pitcher,BULLPEN_PITCHER,True,QA_VALIDATED_CANONICAL_V3,,,
682842,22.0,8.0,59.0,63.0,231.0,252.0,Top,823807,https://raw.githubusercontent.com/lancebroz/mlb-pitcher-data/main/data/raw/2026/daily/2026-03-31.parquet,False,2026-03-31,2026-03-31T23:40:00Z,MIL,TB,H,Abner Uribe,False,RELIEF_OR_BULK,22,5,3,0,0,1,1,0,0,https://statsapi.mlb.com/api/v1.1/game/823807/feed/live,both,True,P,Pitcher,BULLPEN_PITCHER,True,QA_VALIDATED_CANONICAL_V3,,,
656730,9.0,9.0,64.0,68.0,275.0,283.0,Top,823808,https://raw.githubusercontent.com/lancebroz/mlb-pitcher-data/main/data/raw/2026/daily/2026-04-10.parquet,False,2026-04-10,2026-04-10T23:40:00Z,MIL,WSH,H,Trevor Megill,False,RELIEF_OR_BULK,9,5,0,4,4,2,0,0,0,https://statsapi.mlb.com/api/v1.1/game/823808/feed/live,both,True,P,Pitcher,BULLPEN_PITCHER,True,QA_VALIDATED_CANONICAL_V3,,,
663623,100.0,1.0,6.0,39.0,28.0,171.0,Bot,823808,https://raw.githubusercontent.com/lancebroz/mlb-pitcher-data/main/data/raw/2026/daily/2026-04-10.parquet,False,2026-04-10,2026-04-10T23:40:00Z,WSH,MIL,A,Jake Irvin,True,STARTER,100,22,15,3,3,2,5,5,1,https://statsapi.mlb.com/api/v1.1/game/823808/feed/live,both,True,P,Pitcher,STARTER/OPENER/BULK,True,QA_VALIDATED_CANONICAL_V3,,,
668834,7.0,9.0,69.0,71.0,284.0,290.0,Top,823808,https://raw.githubusercontent.com/lancebroz/mlb-pitcher-data/main/data/raw/2026/daily/2026-04-10.parquet,False,2026-04-10,2026-04-10T23:40:00Z,MIL,WSH,H,Easton McGee,False,RELIEF_OR_BULK,7,3,3,0,0,1,0,0,0,https://statsapi.mlb.com/api/v1.1/game/823808/feed/live,both,True,P,Pitcher,BULLPEN_PITCHER,True,QA_VALIDATED_CANONICAL_V3,,,
672335,14.0,7.0,54.0,56.0,237.0,250.0,Bot,823808,https://raw.githubusercontent.com/lancebroz/mlb-pitcher-data/main/data/raw/2026/daily/2026-04-10.parquet,False,2026-04-10,2026-04-10T23:40:00Z,WSH,MIL,A,Cionel Pérez,False,RELIEF_OR_BULK,14,3,3,0,0,1,0,0,0,https://statsapi.mlb.com/api/v1.1/game/823808/feed/live,both,True,P,Pitcher,BULLPEN_PITCHER,True,QA_VALIDATED_CANONICAL_V3,,,
672582,22.0,6.0,44.0,53.0,195.0,236.0,Top,823808,https://raw.githubusercontent.com/lancebroz/mlb-pitcher-data/main/data/raw/2026/daily/2026-04-10.parquet,False,2026-04-10,2026-04-10T23:40:00Z,MIL,WSH,H,Angel Zerpa,False,RELIEF_OR_BULK,22,5,5,1,1,1,1,0,0,https://statsapi.mlb.com/api/v1.1/game/823808/feed/live,both,True,P,Pitcher,BULLPEN_PITCHER,True,QA_VALIDATED_CANONICAL_V3,,,
676571,10.0,8.0,61.0,63.0,265.0,274.0,Bot,823808,https://raw.githubusercontent.com/lancebroz/mlb-pitcher-data/main/data/raw/2026/daily/2026-04-10.parquet,False,2026-04-10,2026-04-10T23:40:00Z,WSH,MIL,A,PJ Poulin,False,RELIEF_OR_BULK,10,3,3,0,0,0,0,0,0,https://statsapi.mlb.com/api/v1.1/game/823808/feed/live,both,True,P,Pitcher,BULLPEN_PITCHER,True,QA_VALIDATED_CANONICAL_V3,,,
676879,44.0,1.0,0.0,19.0,1.0,90.0,Top,823808,https://raw.githubusercontent.com/lancebroz/mlb-pitcher-data/main/data/raw/2026/daily/2026-04-10.parquet,False,2026-04-10,2026-04-10T23:40:00Z,MIL,WSH,H,Aaron Ashby,True,STARTER,44,10,7,2,2,3,0,4,0,https://statsapi.mlb.com/api/v1.1/game/823808/feed/live,both,True,P,Pitcher,STARTER/OPENER/BULK,True,QA_VALIDATED_CANONICAL_V3,,,
682842,14.0,8.0,57.0,60.0,251.0,264.0,Top,823808,https://raw.githubusercontent.com/lancebroz/mlb-pitcher-data/main/data/raw/2026/daily/2026-04-10.parquet,False,2026-04-10,2026-04-10T23:40:00Z,MIL,WSH,H,Abner Uribe,False,RELIEF_OR_BULK,14,4,3,0,0,1,0,2,0,https://statsapi.mlb.com/api/v1.1/game/823808/feed/live,both,True,P,Pitcher,BULLPEN_PITCHER,True,QA_VALIDATED_CANONICAL_V3,,,
687606,20.0,6.0,45.0,49.0,199.0,218.0,Bot,823808,https://raw.githubusercontent.com/lancebroz/mlb-pitcher-data/main/data/raw/2026/daily/2026-04-10.parquet,False,2026-04-10,2026-04-10T23:40:00Z,WSH,MIL,A,Paxton Schultz,False,RELIEF_OR_BULK,20,5,3,0,0,1,0,1,0,https://statsapi.mlb.com/api/v1.1/game/823808/feed/live,both,True,P,Pitcher,BULLPEN_PITCHER,True,QA_VALIDATED_CANONICAL_V3,,,
690925,12.0,9.0,72.0,74.0,291.0,302.0,Bot,823808,https://raw.githubusercontent.com/lancebroz/mlb-pitcher-data/main/data/raw/2026/daily/2026-04-10.parquet,False,2026-04-10,2026-04-10T23:40:00Z,WSH,MIL,A,Clayton Beeter,False,RELIEF_OR_BULK,12,3,3,0,0,0,0,1,0,https://statsapi.mlb.com/api/v1.1/game/823808/feed/live,both,True,P,Pitcher,BULLPEN_PITCHER,True,QA_VALIDATED_CANONICAL_V3,,,
694477,50.0,3.0,20.0,43.0,91.0,194.0,Top,823808,https://raw.githubusercontent.com/lancebroz/mlb-pitcher-data/main/data/raw/2026/daily/2026-04-10.parquet,False,2026-04-10,2026-04-10T23:40:00Z,MIL,WSH,H,Chad Patrick,False,RELIEF_OR_BULK,50,12,9,0,0,3,1,0,0,https://statsapi.mlb.com/api/v1.1/game/823808/feed/live,both,True,P,Pitcher,BULLPEN_PITCHER,True,QA_VALIDATED_CANONICAL_V3,,,
607259,88.0,1.0,6.0,46.0,27.0,182.0,Bot,823809,https://raw.githubusercontent.com/lancebroz/mlb-pitcher-data/main/data/raw/2026/daily/2026-03-30.parquet,False,2026-03-30,2026-03-30T23:40:00Z,TB,MIL,A,Nick Martinez,True,STARTER,88,24,18,2,2,6,0,3,1,https://statsapi.mlb.com/api/v1.1/game/823809/feed/live,both,True,P,Pitcher,STARTER/OPENER/BULK,True,QA_VALIDATED_CANONICAL_V3,,,
643377,15.0,7.0,51.0,53.0,200.0,214.0,Bot,823809,https://raw.githubusercontent.com/lancebroz/mlb-pitcher-data/main/data/raw/2026/daily/2026-03-30.parquet,False,2026-03-30,2026-03-30T23:40:00Z,TB,MIL,A,Griffin Jax,False,RELIEF_OR_BULK,15,3,3,0,0,0,0,1,0,https://statsapi.mlb.com/api/v1.1/game/823809/feed/live,both,True,P,Pitcher,BULLPEN_PITCHER,True,QA_VALIDATED_CANONICAL_V3,,,
656730,20.0,9.0,62.0,66.0,241.0,260.0,Top,823809,https://raw.githubusercontent.com/lancebroz/mlb-pitcher-data/main/data/raw/2026/daily/2026-03-30.parquet,False,2026-03-30,2026-03-30T23:40:00Z,MIL,TB,H,Trevor Megill,False,RELIEF_OR_BULK,20,5,3,1,1,1,1,1,0,https://statsapi.mlb.com/api/v1.1/game/823809/feed/live,both,True,P,Pitcher,BULLPEN_PITCHER,True,QA_VALIDATED_CANONICAL_V3,,,
664076,16.0,8.0,57.0,61.0,225.0,240.0,Bot,823809,https://raw.githubusercontent.com/lancebroz/mlb-pitcher-data/main/data/raw/2026/daily/2026-03-30.parquet,False,2026-03-30,2026-03-30T23:40:00Z,TB,MIL,A,Garrett Cleavinger,False,RELIEF_OR_BULK,16,5,3,0,0,0,2,2,0,https://statsapi.mlb.com/api/v1.1/game/823809/feed/live,both,True,P,Pitcher,BULLPEN_PITCHER,True,QA_VALIDATED_CANONICAL_V3,,,
672582,10.0,8.0,54.0,56.0,215.0,224.0,Top,823809,https://raw.githubusercontent.com/lancebroz/mlb-pitcher-data/main/data/raw/2026/daily/2026-03-30.parquet,False,2026-03-30,2026-03-30T23:40:00Z,MIL,TB,H,Angel Zerpa,False,RELIEF_OR_BULK,10,3,3,0,0,0,0,2,0,https://statsapi.mlb.com/api/v1.1/game/823809/feed/live,both,True,P,Pitcher,BULLPEN_PITCHER,True,QA_VALIDATED_CANONICAL_V3,,,
676879,24.0,6.0,38.0,50.0,158.0,199.0,Top,823809,https://raw.githubusercontent.com/lancebroz/mlb-pitcher-data/main/data/raw/2026/daily/2026-03-30.parquet,False,2026-03-30,2026-03-30T23:40:00Z,MIL,TB,H,Aaron Ashby,False,RELIEF_OR_BULK,24,7,6,1,1,2,0,3,1,https://statsapi.mlb.com/api/v1.1/game/823809/feed/live,both,True,P,Pitcher,BULLPEN_PITCHER,True,QA_VALIDATED_CANONICAL_V3,,,
687330,5.0,9.0,70.0,70.0,269.0,273.0,Bot,823809,https://raw.githubusercontent.com/lancebroz/mlb-pitcher-data/main/data/raw/2026/daily/2026-03-30.parquet,False,2026-03-30,2026-03-30T23:40:00Z,TB,MIL,A,Kevin Kelly,False,RELIEF_OR_BULK,5,1,1,0,0,0,0,0,0,https://statsapi.mlb.com/api/v1.1/game/823809/feed/live,both,True,P,Pitcher,BULLPEN_PITCHER,True,QA_VALIDATED_CANONICAL_V3,,,
690986,87.0,1.0,0.0,34.0,1.0,147.0,Top,823809,https://raw.githubusercontent.com/lancebroz/mlb-pitcher-data/main/data/raw/2026/daily/2026-03-30.parquet,False,2026-03-30,2026-03-30T23:40:00Z,MIL,TB,H,Kyle Harrison,True,STARTER,87,20,15,1,1,4,1,8,1,https://statsapi.mlb.com/api/v1.1/game/823809/feed/live,both,True,P,Pitcher,STARTER/OPENER/BULK,True,QA_VALIDATED_CANONICAL_V3,,,
693855,8.0,9.0,67.0,69.0,261.0,268.0,Bot,823809,https://raw.githubusercontent.com/lancebroz/mlb-pitcher-data/main/data/raw/2026/daily/2026-03-30.parquet,False,2026-03-30,2026-03-30T23:40:00Z,TB,MIL,A,Ian Seymour,False,RELIEF_OR_BULK,8,3,2,0,0,0,0,1,0,https://statsapi.mlb.com/api/v1.1/game/823809/feed/live,both,True,P,Pitcher,BULLPEN_PITCHER,True,QA_VALIDATED_CANONICAL_V3,,,
622554,19.0,8.0,72.0,75.0,312.0,330.0,Bot,823810,https://raw.githubusercontent.com/lancebroz/mlb-pitcher-data/main/data/raw/2026/daily/2026-03-29.parquet,False,2026-03-29,2026-03-29T18:10:00Z,CWS,MIL,A,Seranthony Domínguez,False,RELIEF_OR_BULK,19,4,1,2,2,2,1,0,1,https://statsapi.mlb.com/api/v1.1/game/823810/feed/live,both,True,P,Pitcher,BULLPEN_PITCHER,True,QA_VALIDATED_CANONICAL_V3,,,
641743,92.0,1.0,8.0,46.0,40.0,209.0,Bot,823810,https://raw.githubusercontent.com/lancebroz/mlb-pitcher-data/main/data/raw/2026/daily/2026-03-29.parquet,False,2026-03-29,2026-03-29T18:10:00Z,CWS,MIL,A,Anthony Kay,True,STARTER,92,21,14,2,2,3,4,5,1,https://statsapi.mlb.com/api/v1.1/game/823810/feed/live,both,True,P,Pitcher,STARTER/OPENER/BULK,True,QA_VALIDATED_CANONICAL_V3,,,
656730,15.0,9.0,77.0,80.0,334.0,348.0,Top,823810,https://raw.githubusercontent.com/lancebroz/mlb-pitcher-data/main/data/raw/2026/daily/2026-03-29.parquet,False,2026-03-29,2026-03-29T18:10:00Z,MIL,CWS,H,Trevor Megill,False,RELIEF_OR_BULK,15,4,3,0,0,1,0,2,0,https://statsapi.mlb.com/api/v1.1/game/823810/feed/live,both,True,P,Pitcher,BULLPEN_PITCHER,True,QA_VALIDATED_CANONICAL_V3,,,
657649,13.0,6.0,48.0,50.0,214.0,226.0,Top,823810,https://raw.githubusercontent.com/lancebroz/mlb-pitcher-data/main/data/raw/2026/daily/2026-03-29.parquet,False,2026-03-29,2026-03-29T18:10:00Z,MIL,CWS,H,Jared Koenig,False,RELIEF_OR_BULK,13,3,3,0,0,0,0,3,0,https://statsapi.mlb.com/api/v1.1/game/823810/feed/live,both,True,P,Pitcher,BULLPEN_PITCHER,True,QA_VALIDATED_CANONICAL_V3,,,
663765,22.0,7.0,56.0,66.0,249.0,294.0,Top,823810,https://raw.githubusercontent.com/lancebroz/mlb-pitcher-data/main/data/raw/2026/daily/2026-03-29.parquet,False,2026-03-29,2026-03-29T18:10:00Z,MIL,CWS,H,Jake Woodford,False,RELIEF_OR_BULK,22,6,6,0,0,1,0,1,0,https://statsapi.mlb.com/api/v1.1/game/823810/feed/live,both,True,P,Pitcher,BULLPEN_PITCHER,True,QA_VALIDATED_CANONICAL_V3,,,
663855,3.0,8.0,76.0,76.0,331.0,333.0,Bot,823810,https://raw.githubusercontent.com/lancebroz/mlb-pitcher-data/main/data/raw/2026/daily/2026-03-29.parquet,False,2026-03-29,2026-03-29T18:10:00Z,CWS,MIL,A,Jordan Hicks,False,RELIEF_OR_BULK,3,1,1,0,0,0,0,1,0,https://statsapi.mlb.com/api/v1.1/game/823810/feed/live,both,True,P,Pitcher,BULLPEN_PITCHER,True,QA_VALIDATED_CANONICAL_V3,,,
669684,17.0,8.0,67.0,71.0,295.0,311.0,Bot,823810,https://raw.githubusercontent.com/lancebroz/mlb-pitcher-data/main/data/raw/2026/daily/2026-03-29.parquet,False,2026-03-29,2026-03-29T18:10:00Z,CWS,MIL,A,Chris Murphy,False,RELIEF_OR_BULK,17,5,1,4,4,3,1,1,0,https://statsapi.mlb.com/api/v1.1/game/823810/feed/live,both,True,P,Pitcher,BULLPEN_PITCHER,True,QA_VALIDATED_CANONICAL_V3,,,
673929,26.0,5.0,47.0,55.0,210.0,248.0,Bot,823810,https://raw.githubusercontent.com/lancebroz/mlb-pitcher-data/main/data/raw/2026/daily/2026-03-29.parquet,False,2026-03-29,2026-03-29T18:10:00Z,CWS,MIL,A,Jordan Leasure,False,RELIEF_OR_BULK,26,6,4,1,1,2,0,2,0,https://statsapi.mlb.com/api/v1.1/game/823810/feed/live,both,True,P,Pitcher,BULLPEN_PITCHER,True,QA_VALIDATED_CANONICAL_V3,,,
681982,31.0,4.0,31.0,42.0,143.0,194.0,Top,823810,https://raw.githubusercontent.com/lancebroz/mlb-pitcher-data/main/data/raw/2026/daily/2026-03-29.parquet,False,2026-03-29,2026-03-29T18:10:00Z,MIL,CWS,H,Grant Anderson,False,RELIEF_OR_BULK,31,8,6,0,0,1,1,3,0,https://statsapi.mlb.com/api/v1.1/game/823810/feed/live,both,True,P,Pitcher,BULLPEN_PITCHER,True,QA_VALIDATED_CANONICAL_V3,,,
687075,86.0,1.0,0.0,27.0,1.0,131.0,Top,823810,https://raw.githubusercontent.com/lancebroz/mlb-pitcher-data/main/data/raw/2026/daily/2026-03-29.parquet,False,2026-03-29,2026-03-29T18:10:00Z,MIL,CWS,H,Brandon Sproat,True,STARTER,86,18,9,7,7,6,4,3,3,https://statsapi.mlb.com/api/v1.1/game/823810/feed/live,both,True,P,Pitcher,STARTER/OPENER/BULK,True,QA_VALIDATED_CANONICAL_V3,,,
691799,24.0,7.0,59.0,63.0,261.0,284.0,Bot,823810,https://raw.githubusercontent.com/lancebroz/mlb-pitcher-data/main/data/raw/2026/daily/2026-03-29.parquet,False,2026-03-29,2026-03-29T18:10:00Z,CWS,MIL,A,Grant Taylor,False,RELIEF_OR_BULK,24,5,3,0,0,1,1,3,0,https://statsapi.mlb.com/api/v1.1/game/823810/feed/live,both,True,P,Pitcher,BULLPEN_PITCHER,True,QA_VALIDATED_CANONICAL_V3,,,
622554,13.0,8.0,70.0,73.0,305.0,317.0,Bot,823811,https://raw.githubusercontent.com/lancebroz/mlb-pitcher-data/main/data/raw/2026/daily/2026-03-28.parquet,False,2026-03-28,2026-03-28T23:10:00Z,CWS,MIL,A,Seranthony Domínguez,False,RELIEF_OR_BULK,13,4,3,0,0,1,0,0,0,https://statsapi.mlb.com/api/v1.1/game/823811/feed/live,both,True,P,Pitcher,BULLPEN_PITCHER,True,QA_VALIDATED_CANONICAL_V3,,,
663542,33.0,7.0,60.0,65.0,257.0,289.0,Bot,823811,https://raw.githubusercontent.com/lancebroz/mlb-pitcher-data/main/data/raw/2026/daily/2026-03-28.parquet,False,2026-03-28,2026-03-28T23:10:00Z,CWS,MIL,A,Bryan Hudson,False,RELIEF_OR_BULK,33,6,2,1,1,2,2,2,0,https://statsapi.mlb.com/api/v1.1/game/823811/feed/live,both,True,P,Pitcher,BULLPEN_PITCHER,True,QA_VALIDATED_CANONICAL_V3,,,
669084,18.0,9.0,74.0,76.0,318.0,335.0,Top,823811,https://raw.githubusercontent.com/lancebroz/mlb-pitcher-data/main/data/raw/2026/daily/2026-03-28.parquet,False,2026-03-28,2026-03-28T23:10:00Z,MIL,CWS,H,DL Hall,False,RELIEF_OR_BULK,18,3,3,0,0,0,1,1,0,https://statsapi.mlb.com/api/v1.1/game/823811/feed/live,both,True,P,Pitcher,BULLPEN_PITCHER,True,QA_VALIDATED_CANONICAL_V3,,,
669684,15.0,5.0,42.0,45.0,177.0,191.0,Bot,823811,https://raw.githubusercontent.com/lancebroz/mlb-pitcher-data/main/data/raw/2026/daily/2026-03-28.parquet,False,2026-03-28,2026-03-28T23:10:00Z,CWS,MIL,A,Chris Murphy,False,RELIEF_OR_BULK,15,4,3,0,0,0,1,1,0,https://statsapi.mlb.com/api/v1.1/game/823811/feed/live,both,True,P,Pitcher,BULLPEN_PITCHER,True,QA_VALIDATED_CANONICAL_V3,,,
672582,17.0,7.0,56.0,59.0,240.0,256.0,Top,823811,https://raw.githubusercontent.com/lancebroz/mlb-pitcher-data/main/data/raw/2026/daily/2026-03-28.parquet,False,2026-03-28,2026-03-28T23:10:00Z,MIL,CWS,H,Angel Zerpa,False,RELIEF_OR_BULK,17,4,3,0,0,2,0,0,0,https://statsapi.mlb.com/api/v1.1/game/823811/feed/live,both,True,P,Pitcher,BULLPEN_PITCHER,True,QA_VALIDATED_CANONICAL_V3,,,
676879,33.0,5.0,39.0,49.0,166.0,213.0,Top,823811,https://raw.githubusercontent.com/lancebroz/mlb-pitcher-data/main/data/raw/2026/daily/2026-03-28.parquet,False,2026-03-28,2026-03-28T23:10:00Z,MIL,CWS,H,Aaron Ashby,False,RELIEF_OR_BULK,33,7,5,0,0,0,2,4,0,https://statsapi.mlb.com/api/v1.1/game/823811/feed/live,both,True,P,Pitcher,BULLPEN_PITCHER,True,QA_VALIDATED_CANONICAL_V3,,,
680732,91.0,1.0,5.0,36.0,23.0,161.0,Bot,823811,https://raw.githubusercontent.com/lancebroz/mlb-pitcher-data/main/data/raw/2026/daily/2026-03-28.parquet,False,2026-03-28,2026-03-28T23:10:00Z,CWS,MIL,A,Sean Burke,True,STARTER,91,20,12,4,3,7,1,5,0,https://statsapi.mlb.com/api/v1.1/game/823811/feed/live,both,True,P,Pitcher,STARTER/OPENER/BULK,True,QA_VALIDATED_CANONICAL_V3,,,
682842,14.0,8.0,67.0,69.0,291.0,304.0,Top,823811,https://raw.githubusercontent.com/lancebroz/mlb-pitcher-data/main/data/raw/2026/daily/2026-03-28.parquet,False,2026-03-28,2026-03-28T23:10:00Z,MIL,CWS,H,Abner Uribe,False,RELIEF_OR_BULK,14,3,3,0,0,0,0,2,0,https://statsapi.mlb.com/api/v1.1/game/823811/feed/live,both,True,P,Pitcher,BULLPEN_PITCHER,True,QA_VALIDATED_CANONICAL_V3,,,
691799,26.0,6.0,50.0,55.0,214.0,239.0,Bot,823811,https://raw.githubusercontent.com/lancebroz/mlb-pitcher-data/main/data/raw/2026/daily/2026-03-28.parquet,False,2026-03-28,2026-03-28T23:10:00Z,CWS,MIL,A,Grant Taylor,False,RELIEF_OR_BULK,26,6,3,1,1,2,1,1,0,https://statsapi.mlb.com/api/v1.1/game/823811/feed/live,both,True,P,Pitcher,BULLPEN_PITCHER,True,QA_VALIDATED_CANONICAL_V3,,,
694477,74.0,1.0,0.0,38.0,1.0,165.0,Top,823811,https://raw.githubusercontent.com/lancebroz/mlb-pitcher-data/main/data/raw/2026/daily/2026-03-28.parquet,False,2026-03-28,2026-03-28T23:10:00Z,MIL,CWS,H,Chad Patrick,True,STARTER,74,19,13,1,1,5,1,4,1,https://statsapi.mlb.com/api/v1.1/game/823811/feed/live,both,True,P,Pitcher,STARTER/OPENER/BULK,True,QA_VALIDATED_CANONICAL_V3,,,
699151,1.0,7.0,66.0,66.0,290.0,290.0,Bot,823811,https://raw.githubusercontent.com/lancebroz/mlb-pitcher-data/main/data/raw/2026/daily/2026-03-28.parquet,False,2026-03-28,2026-03-28T23:10:00Z,CWS,MIL,A,Jedixson Paez,False,RELIEF_OR_BULK,1,1,1,0,0,0,0,0,0,https://statsapi.mlb.com/api/v1.1/game/823811/feed/live,both,True,P,Pitcher,BULLPEN_PITCHER,True,QA_VALIDATED_CANONICAL_V3,,,
656457,18.0,5.0,41.0,46.0,182.0,199.0,Bot,823812,https://raw.githubusercontent.com/lancebroz/mlb-pitcher-data/main/data/raw/2026/daily/2026-03-26.parquet,False,2026-03-26,2026-03-26T18:10:00Z,CWS,MIL,A,Tyler Gilbert,False,RELIEF_OR_BULK,18,6,3,2,2,2,1,0,1,https://statsapi.mlb.com/api/v1.1/game/823812/feed/live,both,True,P,Pitcher,BULLPEN_PITCHER,True,QA_VALIDATED_CANONICAL_V3,,,
656794,33.0,2.0,19.0,37.0,100.0,169.0,Bot,823812,https://raw.githubusercontent.com/lancebroz/mlb-pitcher-data/main/data/raw/2026/daily/2026-03-26.parquet,False,2026-03-26,2026-03-26T18:10:00Z,CWS,MIL,A,Sean Newcomb,False,RELIEF_OR_BULK,33,10,7,2,2,3,1,1,0,https://statsapi.mlb.com/api/v1.1/game/823812/feed/live,both,True,P,Pitcher,BULLPEN_PITCHER,True,QA_VALIDATED_CANONICAL_V3,,,
663765,16.0,9.0,77.0,80.0,326.0,341.0,Top,823812,https://raw.githubusercontent.com/lancebroz/mlb-pitcher-data/main/data/raw/2026/daily/2026-03-26.parquet,False,2026-03-26,2026-03-26T18:10:00Z,MIL,CWS,H,Jake Woodford,False,RELIEF_OR_BULK,16,4,3,1,1,1,0,3,1,https://statsapi.mlb.com/api/v1.1/game/823812/feed/live,both,True,P,Pitcher,BULLPEN_PITCHER,True,QA_VALIDATED_CANONICAL_V3,,,
663855,34.0,6.0,50.0,56.0,211.0,244.0,Bot,823812,https://raw.githubusercontent.com/lancebroz/mlb-pitcher-data/main/data/raw/2026/daily/2026-03-26.parquet,False,2026-03-26,2026-03-26T18:10:00Z,CWS,MIL,A,Jordan Hicks,False,RELIEF_OR_BULK,34,7,2,3,3,2,4,0,0,https://statsapi.mlb.com/api/v1.1/game/823812/feed/live,both,True,P,Pitcher,BULLPEN_PITCHER,True,QA_VALIDATED_CANONICAL_V3,,,
669084,27.0,8.0,68.0,73.0,288.0,314.0,Top,823812,https://raw.githubusercontent.com/lancebroz/mlb-pitcher-data/main/data/raw/2026/daily/2026-03-26.parquet,False,2026-03-26,2026-03-26T18:10:00Z,MIL,CWS,H,DL Hall,False,RELIEF_OR_BULK,27,6,3,0,0,1,2,3,0,https://statsapi.mlb.com/api/v1.1/game/823812/feed/live,both,True,P,Pitcher,BULLPEN_PITCHER,True,QA_VALIDATED_CANONICAL_V3,,,
673929,11.0,8.0,74.0,76.0,315.0,325.0,Bot,823812,https://raw.githubusercontent.com/lancebroz/mlb-pitcher-data/main/data/raw/2026/daily/2026-03-26.parquet,False,2026-03-26,2026-03-26T18:10:00Z,CWS,MIL,A,Jordan Leasure,False,RELIEF_OR_BULK,11,3,3,0,0,0,0,0,0,https://statsapi.mlb.com/api/v1.1/game/823812/feed/live,both,True,P,Pitcher,BULLPEN_PITCHER,True,QA_VALIDATED_CANONICAL_V3,,,
676879,11.0,6.0,47.0,49.0,200.0,210.0,Top,823812,https://raw.githubusercontent.com/lancebroz/mlb-pitcher-data/main/data/raw/2026/daily/2026-03-26.parquet,False,2026-03-26,2026-03-26T18:10:00Z,MIL,CWS,H,Aaron Ashby,False,RELIEF_OR_BULK,11,3,3,0,0,0,0,2,0,https://statsapi.mlb.com/api/v1.1/game/823812/feed/live,both,True,P,Pitcher,BULLPEN_PITCHER,True,QA_VALIDATED_CANONICAL_V3,,,
681343,54.0,1.0,4.0,18.0,25.0,99.0,Bot,823812,https://raw.githubusercontent.com/lancebroz/mlb-pitcher-data/main/data/raw/2026/daily/2026-03-26.parquet,False,2026-03-26,2026-03-26T18:10:00Z,CWS,MIL,A,Shane Smith,True,STARTER,54,11,5,4,3,3,2,2,0,https://statsapi.mlb.com/api/v1.1/game/823812/feed/live,both,True,P,Pitcher,STARTER/OPENER/BULK,True,QA_VALIDATED_CANONICAL_V3,,,
681982,7.0,7.0,59.0,61.0,257.0,263.0,Top,823812,https://raw.githubusercontent.com/lancebroz/mlb-pitcher-data/main/data/raw/2026/daily/2026-03-26.parquet,False,2026-03-26,2026-03-26T18:10:00Z,MIL,CWS,H,Grant Anderson,False,RELIEF_OR_BULK,7,3,3,0,0,0,0,1,0,https://statsapi.mlb.com/api/v1.1/game/823812/feed/live,both,True,P,Pitcher,BULLPEN_PITCHER,True,QA_VALIDATED_CANONICAL_V3,,,
694819,94.0,1.0,0.0,40.0,1.0,181.0,Top,823812,https://raw.githubusercontent.com/lancebroz/mlb-pitcher-data/main/data/raw/2026/daily/2026-03-26.parquet,False,2026-03-26,2026-03-26T18:10:00Z,MIL,CWS,H,Jacob Misiorowski,True,STARTER,94,20,15,1,1,2,3,11,1,https://statsapi.mlb.com/api/v1.1/game/823812/feed/live,both,True,P,Pitcher,STARTER/OPENER/BULK,True,QA_VALIDATED_CANONICAL_V3,,,
699151,36.0,6.0,57.0,67.0,245.0,287.0,Bot,823812,https://raw.githubusercontent.com/lancebroz/mlb-pitcher-data/main/data/raw/2026/daily/2026-03-26.parquet,False,2026-03-26,2026-03-26T18:10:00Z,CWS,MIL,A,Jedixson Paez,False,RELIEF_OR_BULK,36,8,4,3,3,2,2,0,1,https://statsapi.mlb.com/api/v1.1/game/823812/feed/live,both,True,P,Pitcher,BULLPEN_PITCHER,True,QA_VALIDATED_CANONICAL_V3,,,
656271,8.0,6.0,53.0,54.0,195.0,202.0,Bot,823884,https://raw.githubusercontent.com/lancebroz/mlb-pitcher-data/main/data/raw/2026/daily/2026-04-09.parquet,False,2026-04-09,2026-04-09T16:10:00Z,CIN,MIA,A,Brock Burke,False,RELIEF_OR_BULK,8,2,2,0,0,0,0,1,0,https://statsapi.mlb.com/api/v1.1/game/823884/feed/live,both,True,P,Pitcher,BULLPEN_PITCHER,True,QA_VALIDATED_CANONICAL_V3,,,
663969,37.0,7.0,55.0,78.0,203.0,282.0,Top,823884,https://raw.githubusercontent.com/lancebroz/mlb-pitcher-data/main/data/raw/2026/daily/2026-04-09.parquet,False,2026-04-09,2026-04-09T16:10:00Z,MIA,CIN,H,Tyler Phillips,False,RELIEF_OR_BULK,37,12,9,0,0,2,1,4,0,https://statsapi.mlb.com/api/v1.1/game/823884/feed/live,both,True,P,Pitcher,BULLPEN_PITCHER,True,QA_VALIDATED_CANONICAL_V3,,,
669622,12.0,6.0,46.0,49.0,175.0,186.0,Top,823884,https://raw.githubusercontent.com/lancebroz/mlb-pitcher-data/main/data/raw/2026/daily/2026-04-09.parquet,False,2026-04-09,2026-04-09T16:10:00Z,MIA,CIN,H,Anthony Bender,False,RELIEF_OR_BULK,12,4,3,0,0,1,0,1,0,https://statsapi.mlb.com/api/v1.1/game/823884/feed/live,both,True,P,Pitcher,BULLPEN_PITCHER,True,QA_VALIDATED_CANONICAL_V3,,,
676974,87.0,1.0,0.0,41.0,1.0,159.0,Top,823884,https://raw.githubusercontent.com/lancebroz/mlb-pitcher-data/main/data/raw/2026/daily/2026-04-09.parquet,False,2026-04-09,2026-04-09T16:10:00Z,MIA,CIN,H,Max Meyer,True,STARTER,87,23,15,1,1,4,3,4,1,https://statsapi.mlb.com/api/v1.1/game/823884/feed/live,both,True,P,Pitcher,STARTER/OPENER/BULK,True,QA_VALIDATED_CANONICAL_V3,,,
683742,43.0,7.0,59.0,73.0,215.0,265.0,Bot,823884,https://raw.githubusercontent.com/lancebroz/mlb-pitcher-data/main/data/raw/2026/daily/2026-04-09.parquet,False,2026-04-09,2026-04-09T16:10:00Z,CIN,MIA,A,Jose Franco,False,RELIEF_OR_BULK,43,12,6,3,2,4,3,2,0,https://statsapi.mlb.com/api/v1.1/game/823884/feed/live,both,True,P,Pitcher,BULLPEN_PITCHER,True,QA_VALIDATED_CANONICAL_V3,,,
695076,95.0,1.0,6.0,52.0,18.0,194.0,Bot,823884,https://raw.githubusercontent.com/lancebroz/mlb-pitcher-data/main/data/raw/2026/daily/2026-04-09.parquet,False,2026-04-09,2026-04-09T16:10:00Z,CIN,MIA,A,Rhett Lowder,True,STARTER,95,26,16,5,4,8,2,2,0,https://statsapi.mlb.com/api/v1.1/game/823884/feed/live,both,True,P,Pitcher,STARTER/OPENER/BULK,True,QA_VALIDATED_CANONICAL_V3,,,
572955,10.0,8.0,68.0,71.0,276.0,285.0,Bot,823885,https://raw.githubusercontent.com/lancebroz/mlb-pitcher-data/main/data/raw/2026/daily/2026-04-08.parquet,False,2026-04-08,2026-04-08T22:40:00Z,CIN,MIA,A,Pierce Johnson,False,RELIEF_OR_BULK,10,4,3,0,0,1,0,1,0,https://statsapi.mlb.com/api/v1.1/game/823885/feed/live,both,True,P,Pitcher,BULLPEN_PITCHER,True,QA_VALIDATED_CANONICAL_V3,,,
594580,28.0,3.0,33.0,49.0,147.0,196.0,Bot,823885,https://raw.githubusercontent.com/lancebroz/mlb-pitcher-data/main/data/raw/2026/daily/2026-04-08.parquet,False,2026-04-08,2026-04-08T22:40:00Z,CIN,MIA,A,Sam Moll,False,RELIEF_OR_BULK,28,8,7,0,0,0,0,2,0,https://statsapi.mlb.com/api/v1.1/game/823885/feed/live,both,True,P,Pitcher,BULLPEN_PITCHER,True,QA_VALIDATED_CANONICAL_V3,,,
656848,22.0,9.0,72.0,76.0,286.0,307.0,Top,823885,https://raw.githubusercontent.com/lancebroz/mlb-pitcher-data/main/data/raw/2026/daily/2026-04-08.parquet,False,2026-04-08,2026-04-08T22:40:00Z,MIA,CIN,H,Michael Petersen,False,RELIEF_OR_BULK,22,5,3,0,0,2,0,2,0,https://statsapi.mlb.com/api/v1.1/game/823885/feed/live,both,True,P,Pitcher,BULLPEN_PITCHER,True,QA_VALIDATED_CANONICAL_V3,,,
663903,73.0,1.0,6.0,32.0,36.0,146.0,Bot,823885,https://raw.githubusercontent.com/lancebroz/mlb-pitcher-data/main/data/raw/2026/daily/2026-04-08.parquet,False,2026-04-08,2026-04-08T22:40:00Z,CIN,MIA,A,Brady Singer,True,STARTER,73,17,8,6,5,10,0,3,1,https://statsapi.mlb.com/api/v1.1/game/823885/feed/live,both,True,P,Pitcher,STARTER/OPENER/BULK,True,QA_VALIDATED_CANONICAL_V3,,,
669199,18.0,8.0,65.0,67.0,258.0,275.0,Top,823885,https://raw.githubusercontent.com/lancebroz/mlb-pitcher-data/main/data/raw/2026/daily/2026-04-08.parquet,False,2026-04-08,2026-04-08T22:40:00Z,MIA,CIN,H,Lake Bachar,False,RELIEF_OR_BULK,18,3,3,0,0,0,0,2,0,https://statsapi.mlb.com/api/v1.1/game/823885/feed/live,both,True,P,Pitcher,BULLPEN_PITCHER,True,QA_VALIDATED_CANONICAL_V3,,,
677053,10.0,7.0,58.0,60.0,235.0,244.0,Top,823885,https://raw.githubusercontent.com/lancebroz/mlb-pitcher-data/main/data/raw/2026/daily/2026-04-08.parquet,False,2026-04-08,2026-04-08T22:40:00Z,MIA,CIN,H,Andrew Nardi,False,RELIEF_OR_BULK,10,3,3,0,0,1,0,0,0,https://statsapi.mlb.com/api/v1.1/game/823885/feed/live,both,True,P,Pitcher,BULLPEN_PITCHER,True,QA_VALIDATED_CANONICAL_V3,,,
683175,39.0,6.0,53.0,64.0,209.0,257.0,Bot,823885,https://raw.githubusercontent.com/lancebroz/mlb-pitcher-data/main/data/raw/2026/daily/2026-04-08.parquet,False,2026-04-08,2026-04-08T22:40:00Z,CIN,MIA,A,Connor Phillips,False,RELIEF_OR_BULK,39,9,6,1,1,1,2,0,1,https://statsapi.mlb.com/api/v1.1/game/823885/feed/live,both,True,P,Pitcher,BULLPEN_PITCHER,True,QA_VALIDATED_CANONICAL_V3,,,
687473,12.0,6.0,50.0,52.0,197.0,208.0,Top,823885,https://raw.githubusercontent.com/lancebroz/mlb-pitcher-data/main/data/raw/2026/daily/2026-04-08.parquet,False,2026-04-08,2026-04-08T22:40:00Z,MIA,CIN,H,Ryan Gusto,False,RELIEF_OR_BULK,12,3,3,0,0,0,0,1,0,https://statsapi.mlb.com/api/v1.1/game/823885/feed/live,both,True,P,Pitcher,BULLPEN_PITCHER,True,QA_VALIDATED_CANONICAL_V3,,,
691587,95.0,1.0,0.0,45.0,1.0,179.0,Top,823885,https://raw.githubusercontent.com/lancebroz/mlb-pitcher-data/main/data/raw/2026/daily/2026-04-08.parquet,False,2026-04-08,2026-04-08T22:40:00Z,MIA,CIN,H,Eury Pérez,True,STARTER,95,24,15,4,2,6,2,6,1,https://statsapi.mlb.com/api/v1.1/game/823885/feed/live,both,True,P,Pitcher,STARTER/OPENER/BULK,True,QA_VALIDATED_CANONICAL_V3,,,
641941,13.0,9.0,64.0,66.0,225.0,237.0,Bot,823886,https://raw.githubusercontent.com/lancebroz/mlb-pitcher-data/main/data/raw/2026/daily/2026-04-06.parquet,False,2026-04-06,2026-04-06T22:40:00Z,CIN,MIA,A,Emilio Pagán,False,RELIEF_OR_BULK,13,3,3,0,0,0,0,0,0,https://statsapi.mlb.com/api/v1.1/game/823886/feed/live,both,True,P,Pitcher,BULLPEN_PITCHER,True,QA_VALIDATED_CANONICAL_V3,,,
656271,6.0,7.0,50.0,50.0,168.0,173.0,Bot,823886,https://raw.githubusercontent.com/lancebroz/mlb-pitcher-data/main/data/raw/2026/daily/2026-04-06.parquet,False,2026-04-06,2026-04-06T22:40:00Z,CIN,MIA,A,Brock Burke,False,RELIEF_OR_BULK,6,1,1,0,0,0,0,1,0,https://statsapi.mlb.com/api/v1.1/game/823886/feed/live,both,True,P,Pitcher,BULLPEN_PITCHER,True,QA_VALIDATED_CANONICAL_V3,,,
663574,15.0,8.0,56.0,59.0,198.0,212.0,Bot,823886,https://raw.githubusercontent.com/lancebroz/mlb-pitcher-data/main/data/raw/2026/daily/2026-04-06.parquet,False,2026-04-06,2026-04-06T22:40:00Z,CIN,MIA,A,Tony Santillan,False,RELIEF_OR_BULK,15,4,3,0,0,0,1,1,0,https://statsapi.mlb.com/api/v1.1/game/823886/feed/live,both,True,P,Pitcher,BULLPEN_PITCHER,True,QA_VALIDATED_CANONICAL_V3,,,
663969,23.0,8.0,54.0,63.0,187.0,224.0,Top,823886,https://raw.githubusercontent.com/lancebroz/mlb-pitcher-data/main/data/raw/2026/daily/2026-04-06.parquet,False,2026-04-06,2026-04-06T22:40:00Z,MIA,CIN,H,Tyler Phillips,False,RELIEF_OR_BULK,23,6,5,0,0,0,1,1,0,https://statsapi.mlb.com/api/v1.1/game/823886/feed/live,both,True,P,Pitcher,BULLPEN_PITCHER,True,QA_VALIDATED_CANONICAL_V3,,,
676083,87.0,1.0,0.0,53.0,1.0,186.0,Top,823886,https://raw.githubusercontent.com/lancebroz/mlb-pitcher-data/main/data/raw/2026/daily/2026-04-06.parquet,False,2026-04-06,2026-04-06T22:40:00Z,MIA,CIN,H,Janson Junk,True,STARTER,87,28,22,2,2,7,1,3,1,https://statsapi.mlb.com/api/v1.1/game/823886/feed/live,both,True,P,Pitcher,STARTER/OPENER/BULK,True,QA_VALIDATED_CANONICAL_V3,,,
682227,93.0,1.0,4.0,49.0,15.0,167.0,Bot,823886,https://raw.githubusercontent.com/lancebroz/mlb-pitcher-data/main/data/raw/2026/daily/2026-04-06.parquet,False,2026-04-06,2026-04-06T22:40:00Z,CIN,MIA,A,Brandon Williamson,True,STARTER,93,24,20,0,0,3,1,4,0,https://statsapi.mlb.com/api/v1.1/game/823886/feed/live,both,True,P,Pitcher,STARTER/OPENER/BULK,True,QA_VALIDATED_CANONICAL_V3,,,
572955,7.0,6.0,44.0,45.0,151.0,157.0,Bot,823887,https://raw.githubusercontent.com/lancebroz/mlb-pitcher-data/main/data/raw/2026/daily/2026-04-07.parquet,False,2026-04-07,2026-04-07T22:40:00Z,CIN,MIA,A,Pierce Johnson,False,RELIEF_OR_BULK,7,2,2,0,0,0,0,1,0,https://statsapi.mlb.com/api/v1.1/game/823887/feed/live,both,True,P,Pitcher,BULLPEN_PITCHER,True,QA_VALIDATED_CANONICAL_V3,,,
641941,24.0,9.0,67.0,71.0,246.0,269.0,Bot,823887,https://raw.githubusercontent.com/lancebroz/mlb-pitcher-data/main/data/raw/2026/daily/2026-04-07.parquet,False,2026-04-07,2026-04-07T22:40:00Z,CIN,MIA,A,Emilio Pagán,False,RELIEF_OR_BULK,24,5,3,0,0,0,2,2,0,https://statsapi.mlb.com/api/v1.1/game/823887/feed/live,both,True,P,Pitcher,BULLPEN_PITCHER,True,QA_VALIDATED_CANONICAL_V3,,,
645261,95.0,1.0,0.0,63.0,1.0,224.0,Top,823887,https://raw.githubusercontent.com/lancebroz/mlb-pitcher-data/main/data/raw/2026/daily/2026-04-07.parquet,False,2026-04-07,2026-04-07T22:40:00Z,MIA,CIN,H,Sandy Alcantara,True,STARTER,95,30,25,2,2,3,2,6,0,https://statsapi.mlb.com/api/v1.1/game/823887/feed/live,both,True,P,Pitcher,STARTER/OPENER/BULK,True,QA_VALIDATED_CANONICAL_V3,,,
667463,7.0,10.0,77.0,79.0,298.0,304.0,Top,823887,https://raw.githubusercontent.com/lancebroz/mlb-pitcher-data/main/data/raw/2026/daily/2026-04-07.parquet,False,2026-04-07,2026-04-07T22:40:00Z,MIA,CIN,H,John King,False,RELIEF_OR_BULK,7,3,2,0,0,0,1,0,0,https://statsapi.mlb.com/api/v1.1/game/823887/feed/live,both,True,P,Pitcher,BULLPEN_PITCHER,True,QA_VALIDATED_CANONICAL_V3,,,
668933,10.0,10.0,80.0,82.0,305.0,314.0,Bot,823887,https://raw.githubusercontent.com/lancebroz/mlb-pitcher-data/main/data/raw/2026/daily/2026-04-07.parquet,False,2026-04-07,2026-04-07T22:40:00Z,CIN,MIA,A,Graham Ashcraft,False,RELIEF_OR_BULK,10,3,3,1,0,1,0,0,0,https://statsapi.mlb.com/api/v1.1/game/823887/feed/live,both,True,P,Pitcher,BULLPEN_PITCHER,True,QA_VALIDATED_CANONICAL_V3,,,
669622,21.0,9.0,64.0,66.0,225.0,245.0,Top,823887,https://raw.githubusercontent.com/lancebroz/mlb-pitcher-data/main/data/raw/2026/daily/2026-04-07.parquet,False,2026-04-07,2026-04-07T22:40:00Z,MIA,CIN,H,Anthony Bender,False,RELIEF_OR_BULK,21,3,2,0,0,0,1,1,0,https://statsapi.mlb.com/api/v1.1/game/823887/feed/live,both,True,P,Pitcher,BULLPEN_PITCHER,True,QA_VALIDATED_CANONICAL_V3,,,
671096,91.0,1.0,3.0,43.0,7.0,150.0,Bot,823887,https://raw.githubusercontent.com/lancebroz/mlb-pitcher-data/main/data/raw/2026/daily/2026-04-07.parquet,False,2026-04-07,2026-04-07T22:40:00Z,CIN,MIA,A,Andrew Abbott,True,STARTER,91,24,16,2,2,6,2,2,0,https://statsapi.mlb.com/api/v1.1/game/823887/feed/live,both,True,P,Pitcher,STARTER/OPENER/BULK,True,QA_VALIDATED_CANONICAL_V3,,,
676534,28.0,10.0,72.0,76.0,270.0,297.0,Top,823887,https://raw.githubusercontent.com/lancebroz/mlb-pitcher-data/main/data/raw/2026/daily/2026-04-07.parquet,False,2026-04-07,2026-04-07T22:40:00Z,MIA,CIN,H,Calvin Faucher,False,RELIEF_OR_BULK,28,5,1,4,3,2,2,1,0,https://statsapi.mlb.com/api/v1.1/game/823887/feed/live,both,True,P,Pitcher,BULLPEN_PITCHER,True,QA_VALIDATED_CANONICAL_V3,,,
683742,31.0,7.0,50.0,60.0,171.0,212.0,Bot,823887,https://raw.githubusercontent.com/lancebroz/mlb-pitcher-data/main/data/raw/2026/daily/2026-04-07.parquet,False,2026-04-07,2026-04-07T22:40:00Z,CIN,MIA,A,Jose Franco,False,RELIEF_OR_BULK,31,8,6,0,0,0,2,2,0,https://statsapi.mlb.com/api/v1.1/game/823887/feed/live,both,True,P,Pitcher,BULLPEN_PITCHER,True,QA_VALIDATED_CANONICAL_V3,,,
607200,80.0,1.0,3.0,41.0,10.0,168.0,Bot,823888,https://raw.githubusercontent.com/lancebroz/mlb-pitcher-data/main/data/raw/2026/daily/2026-03-31.parquet,False,2026-03-31,2026-03-31T22:40:00Z,CWS,MIA,A,Erick Fedde,True,STARTER,80,21,15,4,3,6,1,4,0,https://statsapi.mlb.com/api/v1.1/game/823888/feed/live,both,True,P,Pitcher,STARTER/OPENER/BULK,True,QA_VALIDATED_CANONICAL_V3,,,
663542,25.0,6.0,45.0,56.0,179.0,225.0,Bot,823888,https://raw.githubusercontent.com/lancebroz/mlb-pitcher-data/main/data/raw/2026/daily/2026-03-31.parquet,False,2026-03-31,2026-03-31T22:40:00Z,CWS,MIA,A,Bryan Hudson,False,RELIEF_OR_BULK,25,8,5,2,1,1,1,1,0,https://statsapi.mlb.com/api/v1.1/game/823888/feed/live,both,True,P,Pitcher,BULLPEN_PITCHER,True,QA_VALIDATED_CANONICAL_V3,,,
664126,15.0,9.0,67.0,69.0,271.0,285.0,Top,823888,https://raw.githubusercontent.com/lancebroz/mlb-pitcher-data/main/data/raw/2026/daily/2026-03-31.parquet,False,2026-03-31,2026-03-31T22:40:00Z,MIA,CWS,H,Pete Fairbanks,False,RELIEF_OR_BULK,15,3,3,0,0,0,0,3,0,https://statsapi.mlb.com/api/v1.1/game/823888/feed/live,both,True,P,Pitcher,BULLPEN_PITCHER,True,QA_VALIDATED_CANONICAL_V3,,,
669622,27.0,6.0,43.0,51.0,174.0,212.0,Top,823888,https://raw.githubusercontent.com/lancebroz/mlb-pitcher-data/main/data/raw/2026/daily/2026-03-31.parquet,False,2026-03-31,2026-03-31T22:40:00Z,MIA,CWS,H,Anthony Bender,False,RELIEF_OR_BULK,27,6,5,0,0,0,1,1,0,https://statsapi.mlb.com/api/v1.1/game/823888/feed/live,both,True,P,Pitcher,BULLPEN_PITCHER,True,QA_VALIDATED_CANONICAL_V3,,,
676083,79.0,1.0,0.0,36.0,1.0,148.0,Top,823888,https://raw.githubusercontent.com/lancebroz/mlb-pitcher-data/main/data/raw/2026/daily/2026-03-31.parquet,False,2026-03-31,2026-03-31T22:40:00Z,MIA,CWS,H,Janson Junk,True,STARTER,79,19,13,2,2,5,1,5,0,https://statsapi.mlb.com/api/v1.1/game/823888/feed/live,both,True,P,Pitcher,STARTER/OPENER/BULK,True,QA_VALIDATED_CANONICAL_V3,,,
676534,17.0,8.0,58.0,60.0,229.0,245.0,Top,823888,https://raw.githubusercontent.com/lancebroz/mlb-pitcher-data/main/data/raw/2026/daily/2026-03-31.parquet,False,2026-03-31,2026-03-31T22:40:00Z,MIA,CWS,H,Calvin Faucher,False,RELIEF_OR_BULK,17,3,3,0,0,0,0,2,0,https://statsapi.mlb.com/api/v1.1/game/823888/feed/live,both,True,P,Pitcher,BULLPEN_PITCHER,True,QA_VALIDATED_CANONICAL_V3,,,
677053,14.0,5.0,37.0,42.0,149.0,173.0,Top,823888,https://raw.githubusercontent.com/lancebroz/mlb-pitcher-data/main/data/raw/2026/daily/2026-03-31.parquet,False,2026-03-31,2026-03-31T22:40:00Z,MIA,CWS,H,Andrew Nardi,False,RELIEF_OR_BULK,14,3,3,0,0,0,0,2,0,https://statsapi.mlb.com/api/v1.1/game/823888/feed/live,both,True,P,Pitcher,BULLPEN_PITCHER,True,QA_VALIDATED_CANONICAL_V3,,,
699151,28.0,7.0,57.0,66.0,226.0,270.0,Bot,823888,https://raw.githubusercontent.com/lancebroz/mlb-pitcher-data/main/data/raw/2026/daily/2026-03-31.parquet,False,2026-03-31,2026-03-31T22:40:00Z,CWS,MIA,A,Jedixson Paez,False,RELIEF_OR_BULK,28,7,4,3,3,2,1,0,1,https://statsapi.mlb.com/api/v1.1/game/823888/feed/live,both,True,P,Pitcher,BULLPEN_PITCHER,True,QA_VALIDATED_CANONICAL_V3,,,
608371,31.0,4.0,34.0,45.0,119.0,158.0,Bot,823889,https://raw.githubusercontent.com/lancebroz/mlb-pitcher-data/main/data/raw/2026/daily/2026-04-01.parquet,False,2026-04-01,2026-04-01T17:10:00Z,CWS,MIA,A,Lucas Sims,False,RELIEF_OR_BULK,31,9,6,0,0,1,1,1,0,https://statsapi.mlb.com/api/v1.1/game/823889/feed/live,both,True,P,Pitcher,BULLPEN_PITCHER,True,QA_VALIDATED_CANONICAL_V3,,,
645261,93.0,1.0,0.0,72.0,1.0,247.0,Top,823889,https://raw.githubusercontent.com/lancebroz/mlb-pitcher-data/main/data/raw/2026/daily/2026-04-01.parquet,False,2026-04-01,2026-04-01T17:10:00Z,MIA,CWS,H,Sandy Alcantara,True,STARTER,93,31,27,0,0,3,0,7,0,https://statsapi.mlb.com/api/v1.1/game/823889/feed/live,both,True,P,Pitcher,STARTER/OPENER/BULK,True,QA_VALIDATED_CANONICAL_V3,,,
669684,39.0,6.0,49.0,61.0,173.0,221.0,Bot,823889,https://raw.githubusercontent.com/lancebroz/mlb-pitcher-data/main/data/raw/2026/daily/2026-04-01.parquet,False,2026-04-01,2026-04-01T17:10:00Z,CWS,MIA,A,Chris Murphy,False,RELIEF_OR_BULK,39,10,6,1,1,3,1,3,0,https://statsapi.mlb.com/api/v1.1/game/823889/feed/live,both,True,P,Pitcher,BULLPEN_PITCHER,True,QA_VALIDATED_CANONICAL_V3,,,
673929,12.0,8.0,66.0,69.0,227.0,238.0,Bot,823889,https://raw.githubusercontent.com/lancebroz/mlb-pitcher-data/main/data/raw/2026/daily/2026-04-01.parquet,False,2026-04-01,2026-04-01T17:10:00Z,CWS,MIA,A,Jordan Leasure,False,RELIEF_OR_BULK,12,4,3,1,1,1,0,1,1,https://statsapi.mlb.com/api/v1.1/game/823889/feed/live,both,True,P,Pitcher,BULLPEN_PITCHER,True,QA_VALIDATED_CANONICAL_V3,,,
681343,72.0,1.0,3.0,29.0,11.0,108.0,Bot,823889,https://raw.githubusercontent.com/lancebroz/mlb-pitcher-data/main/data/raw/2026/daily/2026-04-01.parquet,False,2026-04-01,2026-04-01T17:10:00Z,CWS,MIA,A,Shane Smith,True,STARTER,72,19,9,8,7,8,2,1,1,https://statsapi.mlb.com/api/v1.1/game/823889/feed/live,both,True,P,Pitcher,STARTER/OPENER/BULK,True,QA_VALIDATED_CANONICAL_V3,,,
656794,51.0,6.0,50.0,68.0,200.0,275.0,Bot,823890,https://raw.githubusercontent.com/lancebroz/mlb-pitcher-data/main/data/raw/2026/daily/2026-03-30.parquet,False,2026-03-30,2026-03-30T22:40:00Z,CWS,MIA,A,Sean Newcomb,False,RELIEF_OR_BULK,51,12,8,1,1,3,1,5,0,https://statsapi.mlb.com/api/v1.1/game/823890/feed/live,both,True,P,Pitcher,BULLPEN_PITCHER,True,QA_VALIDATED_CANONICAL_V3,,,
656848,11.0,9.0,70.0,72.0,278.0,288.0,Top,823890,https://raw.githubusercontent.com/lancebroz/mlb-pitcher-data/main/data/raw/2026/daily/2026-03-30.parquet,False,2026-03-30,2026-03-30T22:40:00Z,MIA,CWS,H,Michael Petersen,False,RELIEF_OR_BULK,11,3,3,0,0,0,0,1,0,https://statsapi.mlb.com/api/v1.1/game/823890/feed/live,both,True,P,Pitcher,BULLPEN_PITCHER,True,QA_VALIDATED_CANONICAL_V3,,,
663436,92.0,1.0,3.0,45.0,10.0,185.0,Bot,823890,https://raw.githubusercontent.com/lancebroz/mlb-pitcher-data/main/data/raw/2026/daily/2026-03-30.parquet,False,2026-03-30,2026-03-30T22:40:00Z,CWS,MIA,A,Davis Martin,True,STARTER,92,21,15,3,3,5,2,6,1,https://statsapi.mlb.com/api/v1.1/game/823890/feed/live,both,True,P,Pitcher,STARTER/OPENER/BULK,True,QA_VALIDATED_CANONICAL_V3,,,
663855,13.0,8.0,69.0,76.0,276.0,299.0,Bot,823890,https://raw.githubusercontent.com/lancebroz/mlb-pitcher-data/main/data/raw/2026/daily/2026-03-30.parquet,False,2026-03-30,2026-03-30T22:40:00Z,CWS,MIA,A,Jordan Hicks,False,RELIEF_OR_BULK,13,5,4,0,0,0,1,1,0,https://statsapi.mlb.com/api/v1.1/game/823890/feed/live,both,True,P,Pitcher,BULLPEN_PITCHER,True,QA_VALIDATED_CANONICAL_V3,,,
663978,79.0,1.0,0.0,30.0,1.0,127.0,Top,823890,https://raw.githubusercontent.com/lancebroz/mlb-pitcher-data/main/data/raw/2026/daily/2026-03-30.parquet,False,2026-03-30,2026-03-30T22:40:00Z,MIA,CWS,H,Chris Paddack,True,STARTER,79,21,12,8,8,8,0,6,2,https://statsapi.mlb.com/api/v1.1/game/823890/feed/live,both,True,P,Pitcher,STARTER/OPENER/BULK,True,QA_VALIDATED_CANONICAL_V3,,,
667463,11.0,8.0,59.0,62.0,238.0,248.0,Top,823890,https://raw.githubusercontent.com/lancebroz/mlb-pitcher-data/main/data/raw/2026/daily/2026-03-30.parquet,False,2026-03-30,2026-03-30T22:40:00Z,MIA,CWS,H,John King,False,RELIEF_OR_BULK,11,4,3,0,0,0,1,0,0,https://statsapi.mlb.com/api/v1.1/game/823890/feed/live,both,True,P,Pitcher,BULLPEN_PITCHER,True,QA_VALIDATED_CANONICAL_V3,,,
669199,42.0,5.0,36.0,55.0,151.0,225.0,Top,823890,https://raw.githubusercontent.com/lancebroz/mlb-pitcher-data/main/data/raw/2026/daily/2026-03-30.parquet,False,2026-03-30,2026-03-30T22:40:00Z,MIA,CWS,H,Lake Bachar,False,RELIEF_OR_BULK,42,11,9,1,1,1,1,3,0,https://statsapi.mlb.com/api/v1.1/game/823890/feed/live,both,True,P,Pitcher,BULLPEN_PITCHER,True,QA_VALIDATED_CANONICAL_V3,,,
500779,78.0,1.0,7.0,42.0,29.0,159.0,Bot,823891,https://raw.githubusercontent.com/lancebroz/mlb-pitcher-data/main/data/raw/2026/daily/2026-03-29.parquet,False,2026-03-29,2026-03-29T17:40:00Z,COL,MIA,A,Jose Quintana,True,STARTER,78,19,13,2,2,4,4,2,0,https://statsapi.mlb.com/api/v1.1/game/823891/feed/live,both,True,P,Pitcher,STARTER/OPENER/BULK,True,QA_VALIDATED_CANONICAL_V3,,,
622608,43.0,6.0,48.0,65.0,175.0,246.0,Bot,823891,https://raw.githubusercontent.com/lancebroz/mlb-pitcher-data/main/data/raw/2026/daily/2026-03-29.parquet,False,2026-03-29,2026-03-29T17:40:00Z,COL,MIA,A,Antonio Senzatela,False,RELIEF_OR_BULK,43,10,8,0,0,1,1,3,0,https://statsapi.mlb.com/api/v1.1/game/823891/feed/live,both,True,P,Pitcher,BULLPEN_PITCHER,True,QA_VALIDATED_CANONICAL_V3,,,
623474,8.0,5.0,43.0,44.0,160.0,167.0,Bot,823891,https://raw.githubusercontent.com/lancebroz/mlb-pitcher-data/main/data/raw/2026/daily/2026-03-29.parquet,False,2026-03-29,2026-03-29T17:40:00Z,COL,MIA,A,Jimmy Herget,False,RELIEF_OR_BULK,8,2,2,0,0,0,0,2,0,https://statsapi.mlb.com/api/v1.1/game/823891/feed/live,both,True,P,Pitcher,BULLPEN_PITCHER,True,QA_VALIDATED_CANONICAL_V3,,,
656848,11.0,9.0,68.0,70.0,252.0,262.0,Top,823891,https://raw.githubusercontent.com/lancebroz/mlb-pitcher-data/main/data/raw/2026/daily/2026-03-29.parquet,False,2026-03-29,2026-03-29T17:40:00Z,MIA,COL,H,Michael Petersen,False,RELIEF_OR_BULK,11,3,3,0,0,0,0,2,0,https://statsapi.mlb.com/api/v1.1/game/823891/feed/live,both,True,P,Pitcher,BULLPEN_PITCHER,True,QA_VALIDATED_CANONICAL_V3,,,
663969,22.0,6.0,45.0,55.0,168.0,198.0,Top,823891,https://raw.githubusercontent.com/lancebroz/mlb-pitcher-data/main/data/raw/2026/daily/2026-03-29.parquet,False,2026-03-29,2026-03-29T17:40:00Z,MIA,COL,H,Tyler Phillips,False,RELIEF_OR_BULK,22,8,6,0,0,1,0,2,0,https://statsapi.mlb.com/api/v1.1/game/823891/feed/live,both,True,P,Pitcher,BULLPEN_PITCHER,True,QA_VALIDATED_CANONICAL_V3,,,
667463,14.0,8.0,59.0,61.0,212.0,225.0,Top,823891,https://raw.githubusercontent.com/lancebroz/mlb-pitcher-data/main/data/raw/2026/daily/2026-03-29.parquet,False,2026-03-29,2026-03-29T17:40:00Z,MIA,COL,H,John King,False,RELIEF_OR_BULK,14,3,3,0,0,0,0,2,0,https://statsapi.mlb.com/api/v1.1/game/823891/feed/live,both,True,P,Pitcher,BULLPEN_PITCHER,True,QA_VALIDATED_CANONICAL_V3,,,
676974,81.0,1.0,0.0,40.0,1.0,157.0,Top,823891,https://raw.githubusercontent.com/lancebroz/mlb-pitcher-data/main/data/raw/2026/daily/2026-03-29.parquet,False,2026-03-29,2026-03-29T17:40:00Z,MIA,COL,H,Max Meyer,True,STARTER,81,23,15,3,3,5,2,5,0,https://statsapi.mlb.com/api/v1.1/game/823891/feed/live,both,True,P,Pitcher,STARTER/OPENER/BULK,True,QA_VALIDATED_CANONICAL_V3,,,
680767,11.0,8.0,66.0,74.0,247.0,268.0,Bot,823891,https://raw.githubusercontent.com/lancebroz/mlb-pitcher-data/main/data/raw/2026/daily/2026-03-29.parquet,False,2026-03-29,2026-03-29T17:40:00Z,COL,MIA,A,Victor Vodnik,False,RELIEF_OR_BULK,11,6,3,2,2,3,0,1,1,https://statsapi.mlb.com/api/v1.1/game/823891/feed/live,both,True,P,Pitcher,BULLPEN_PITCHER,True,QA_VALIDATED_CANONICAL_V3,,,
547179,93.0,1.0,3.0,41.0,11.0,160.0,Bot,823892,https://raw.githubusercontent.com/lancebroz/mlb-pitcher-data/main/data/raw/2026/daily/2026-03-28.parquet,False,2026-03-28,2026-03-28T20:10:00Z,COL,MIA,A,Michael Lorenzen,True,STARTER,93,22,13,3,3,7,0,4,1,https://statsapi.mlb.com/api/v1.1/game/823892/feed/live,both,True,P,Pitcher,STARTER/OPENER/BULK,True,QA_VALIDATED_CANONICAL_V3,,,
657514,12.0,5.0,42.0,44.0,161.0,172.0,Bot,823892,https://raw.githubusercontent.com/lancebroz/mlb-pitcher-data/main/data/raw/2026/daily/2026-03-28.parquet,False,2026-03-28,2026-03-28T20:10:00Z,COL,MIA,A,Brennan Bernardino,False,RELIEF_OR_BULK,12,3,2,0,0,1,0,0,0,https://statsapi.mlb.com/api/v1.1/game/823892/feed/live,both,True,P,Pitcher,BULLPEN_PITCHER,True,QA_VALIDATED_CANONICAL_V3,,,
664126,9.0,9.0,67.0,69.0,264.0,272.0,Top,823892,https://raw.githubusercontent.com/lancebroz/mlb-pitcher-data/main/data/raw/2026/daily/2026-03-28.parquet,False,2026-03-28,2026-03-28T20:10:00Z,MIA,COL,H,Pete Fairbanks,False,RELIEF_OR_BULK,9,3,3,0,0,0,0,1,0,https://statsapi.mlb.com/api/v1.1/game/823892/feed/live,both,True,P,Pitcher,BULLPEN_PITCHER,True,QA_VALIDATED_CANONICAL_V3,,,
676534,12.0,8.0,58.0,61.0,231.0,242.0,Top,823892,https://raw.githubusercontent.com/lancebroz/mlb-pitcher-data/main/data/raw/2026/daily/2026-03-28.parquet,False,2026-03-28,2026-03-28T20:10:00Z,MIA,COL,H,Calvin Faucher,False,RELIEF_OR_BULK,12,4,3,0,0,1,0,1,0,https://statsapi.mlb.com/api/v1.1/game/823892/feed/live,both,True,P,Pitcher,BULLPEN_PITCHER,True,QA_VALIDATED_CANONICAL_V3,,,
677955,23.0,7.0,57.0,66.0,229.0,263.0,Bot,823892,https://raw.githubusercontent.com/lancebroz/mlb-pitcher-data/main/data/raw/2026/daily/2026-03-28.parquet,False,2026-03-28,2026-03-28T20:10:00Z,COL,MIA,A,Jaden Hill,False,RELIEF_OR_BULK,23,6,5,1,1,2,0,1,0,https://statsapi.mlb.com/api/v1.1/game/823892/feed/live,both,True,P,Pitcher,BULLPEN_PITCHER,True,QA_VALIDATED_CANONICAL_V3,,,
688642,30.0,6.0,48.0,56.0,185.0,228.0,Bot,823892,https://raw.githubusercontent.com/lancebroz/mlb-pitcher-data/main/data/raw/2026/daily/2026-03-28.parquet,False,2026-03-28,2026-03-28T20:10:00Z,COL,MIA,A,Zach Agnos,False,RELIEF_OR_BULK,30,5,4,0,0,0,1,2,0,https://statsapi.mlb.com/api/v1.1/game/823892/feed/live,both,True,P,Pitcher,BULLPEN_PITCHER,True,QA_VALIDATED_CANONICAL_V3,,,
691587,93.0,1.0,0.0,54.0,1.0,216.0,Top,823892,https://raw.githubusercontent.com/lancebroz/mlb-pitcher-data/main/data/raw/2026/daily/2026-03-28.parquet,False,2026-03-28,2026-03-28T20:10:00Z,MIA,COL,H,Eury Pérez,True,STARTER,93,27,21,3,3,5,1,8,2,https://statsapi.mlb.com/api/v1.1/game/823892/feed/live,both,True,P,Pitcher,STARTER/OPENER/BULK,True,QA_VALIDATED_CANONICAL_V3,,,
607536,81.0,1.0,3.0,39.0,8.0,135.0,Bot,823893,https://raw.githubusercontent.com/lancebroz/mlb-pitcher-data/main/data/raw/2026/daily/2026-03-27.parquet,False,2026-03-27,2026-03-27T23:10:00Z,COL,MIA,A,Kyle Freeland,True,STARTER,81,21,13,2,2,5,2,2,0,https://statsapi.mlb.com/api/v1.1/game/823893/feed/live,both,True,P,Pitcher,STARTER/OPENER/BULK,True,QA_VALIDATED_CANONICAL_V3,,,
623474,20.0,5.0,40.0,48.0,136.0,164.0,Bot,823893,https://raw.githubusercontent.com/lancebroz/mlb-pitcher-data/main/data/raw/2026/daily/2026-03-27.parquet,False,2026-03-27,2026-03-27T23:10:00Z,COL,MIA,A,Jimmy Herget,False,RELIEF_OR_BULK,20,6,4,0,0,2,0,1,0,https://statsapi.mlb.com/api/v1.1/game/823893/feed/live,both,True,P,Pitcher,BULLPEN_PITCHER,True,QA_VALIDATED_CANONICAL_V3,,,
645261,73.0,1.0,0.0,52.0,1.0,176.0,Top,823893,https://raw.githubusercontent.com/lancebroz/mlb-pitcher-data/main/data/raw/2026/daily/2026-03-27.parquet,False,2026-03-27,2026-03-27T23:10:00Z,MIA,COL,H,Sandy Alcantara,True,STARTER,73,25,21,1,0,4,2,5,0,https://statsapi.mlb.com/api/v1.1/game/823893/feed/live,both,True,P,Pitcher,STARTER/OPENER/BULK,True,QA_VALIDATED_CANONICAL_V3,,,
657514,2.0,6.0,49.0,49.0,165.0,166.0,Bot,823893,https://raw.githubusercontent.com/lancebroz/mlb-pitcher-data/main/data/raw/2026/daily/2026-03-27.parquet,False,2026-03-27,2026-03-27T23:10:00Z,COL,MIA,A,Brennan Bernardino,False,RELIEF_OR_BULK,2,1,1,0,0,0,0,0,0,https://statsapi.mlb.com/api/v1.1/game/823893/feed/live,both,True,P,Pitcher,BULLPEN_PITCHER,True,QA_VALIDATED_CANONICAL_V3,,,
664126,12.0,9.0,65.0,68.0,222.0,233.0,Top,823893,https://raw.githubusercontent.com/lancebroz/mlb-pitcher-data/main/data/raw/2026/daily/2026-03-27.parquet,False,2026-03-27,2026-03-27T23:10:00Z,MIA,COL,H,Pete Fairbanks,False,RELIEF_OR_BULK,12,4,3,0,0,1,0,1,0,https://statsapi.mlb.com/api/v1.1/game/823893/feed/live,both,True,P,Pitcher,BULLPEN_PITCHER,True,QA_VALIDATED_CANONICAL_V3,,,
669622,12.0,8.0,59.0,60.0,194.0,205.0,Top,823893,https://raw.githubusercontent.com/lancebroz/mlb-pitcher-data/main/data/raw/2026/daily/2026-03-27.parquet,False,2026-03-27,2026-03-27T23:10:00Z,MIA,COL,H,Anthony Bender,False,RELIEF_OR_BULK,12,2,1,0,0,1,0,1,0,https://statsapi.mlb.com/api/v1.1/game/823893/feed/live,both,True,P,Pitcher,BULLPEN_PITCHER,True,QA_VALIDATED_CANONICAL_V3,,,
675848,22.0,7.0,53.0,64.0,177.0,221.0,Bot,823893,https://raw.githubusercontent.com/lancebroz/mlb-pitcher-data/main/data/raw/2026/daily/2026-03-27.parquet,False,2026-03-27,2026-03-27T23:10:00Z,COL,MIA,A,Juan Mejia,False,RELIEF_OR_BULK,22,7,6,0,0,1,0,1,0,https://statsapi.mlb.com/api/v1.1/game/823893/feed/live,both,True,P,Pitcher,BULLPEN_PITCHER,True,QA_VALIDATED_CANONICAL_V3,,,
677053,11.0,8.0,56.0,58.0,183.0,193.0,Top,823893,https://raw.githubusercontent.com/lancebroz/mlb-pitcher-data/main/data/raw/2026/daily/2026-03-27.parquet,False,2026-03-27,2026-03-27T23:10:00Z,MIA,COL,H,Andrew Nardi,False,RELIEF_OR_BULK,11,3,2,0,0,1,0,2,0,https://statsapi.mlb.com/api/v1.1/game/823893/feed/live,both,True,P,Pitcher,BULLPEN_PITCHER,True,QA_VALIDATED_CANONICAL_V3,,,
455119,21.0,8.0,60.0,63.0,245.0,265.0,Bot,823967,https://raw.githubusercontent.com/lancebroz/mlb-pitcher-data/main/data/raw/2026/daily/2026-04-11.parquet,False,2026-04-11,2026-04-12T01:10:00Z,TEX,LAD,A,Chris Martin,False,RELIEF_OR_BULK,21,4,3,1,1,2,0,2,0,https://statsapi.mlb.com/api/v1.1/game/823967/feed/live,both,True,P,Pitcher,BULLPEN_PITCHER,True,QA_VALIDATED_CANONICAL_V3,,,
595014,21.0,9.0,64.0,67.0,266.0,286.0,Top,823967,https://raw.githubusercontent.com/lancebroz/mlb-pitcher-data/main/data/raw/2026/daily/2026-04-11.parquet,False,2026-04-11,2026-04-12T01:10:00Z,LAD,TEX,H,Blake Treinen,False,RELIEF_OR_BULK,21,4,2,0,0,0,1,1,0,https://statsapi.mlb.com/api/v1.1/game/823967/feed/live,both,True,P,Pitcher,BULLPEN_PITCHER,True,QA_VALIDATED_CANONICAL_V3,,,
641302,37.0,4.0,33.0,49.0,138.0,207.0,Bot,823967,https://raw.githubusercontent.com/lancebroz/mlb-pitcher-data/main/data/raw/2026/daily/2026-04-11.parquet,False,2026-04-11,2026-04-12T01:10:00Z,TEX,LAD,A,Tyler Alexander,False,RELIEF_OR_BULK,37,9,7,0,0,2,1,2,0,https://statsapi.mlb.com/api/v1.1/game/823967/feed/live,both,True,P,Pitcher,BULLPEN_PITCHER,True,QA_VALIDATED_CANONICAL_V3,,,
656945,9.0,8.0,57.0,59.0,236.0,244.0,Top,823967,https://raw.githubusercontent.com/lancebroz/mlb-pitcher-data/main/data/raw/2026/daily/2026-04-11.parquet,False,2026-04-11,2026-04-12T01:10:00Z,LAD,TEX,H,Tanner Scott,False,RELIEF_OR_BULK,9,3,3,0,0,0,0,0,0,https://statsapi.mlb.com/api/v1.1/game/823967/feed/live,both,True,P,Pitcher,BULLPEN_PITCHER,True,QA_VALIDATED_CANONICAL_V3,,,
676263,13.0,7.0,50.0,52.0,208.0,220.0,Top,823967,https://raw.githubusercontent.com/lancebroz/mlb-pitcher-data/main/data/raw/2026/daily/2026-04-11.parquet,False,2026-04-11,2026-04-12T01:10:00Z,LAD,TEX,H,Jack Dreyer,False,RELIEF_OR_BULK,13,3,3,0,0,0,0,3,0,https://statsapi.mlb.com/api/v1.1/game/823967/feed/live,both,True,P,Pitcher,BULLPEN_PITCHER,True,QA_VALIDATED_CANONICAL_V3,,,
676395,15.0,7.0,53.0,56.0,221.0,235.0,Bot,823967,https://raw.githubusercontent.com/lancebroz/mlb-pitcher-data/main/data/raw/2026/daily/2026-04-11.parquet,False,2026-04-11,2026-04-12T01:10:00Z,TEX,LAD,A,Robert Garcia,False,RELIEF_OR_BULK,15,4,3,0,0,0,1,0,0,https://statsapi.mlb.com/api/v1.1/game/823967/feed/live,both,True,P,Pitcher,BULLPEN_PITCHER,True,QA_VALIDATED_CANONICAL_V3,,,
681911,6.0,9.0,68.0,68.0,287.0,292.0,Top,823967,https://raw.githubusercontent.com/lancebroz/mlb-pitcher-data/main/data/raw/2026/daily/2026-04-11.parquet,False,2026-04-11,2026-04-12T01:10:00Z,LAD,TEX,H,Alex Vesia,False,RELIEF_OR_BULK,6,1,1,0,0,0,0,1,0,https://statsapi.mlb.com/api/v1.1/game/823967/feed/live,both,True,P,Pitcher,BULLPEN_PITCHER,True,QA_VALIDATED_CANONICAL_V3,,,
683004,93.0,1.0,4.0,32.0,13.0,137.0,Bot,823967,https://raw.githubusercontent.com/lancebroz/mlb-pitcher-data/main/data/raw/2026/daily/2026-04-11.parquet,False,2026-04-11,2026-04-12T01:10:00Z,TEX,LAD,A,Jack Leiter,True,STARTER,93,19,11,5,5,5,4,4,2,https://statsapi.mlb.com/api/v1.1/game/823967/feed/live,both,True,P,Pitcher,STARTER/OPENER/BULK,True,QA_VALIDATED_CANONICAL_V3,,,
686218,77.0,1.0,0.0,44.0,1.0,183.0,Top,823967,https://raw.githubusercontent.com/lancebroz/mlb-pitcher-data/main/data/raw/2026/daily/2026-04-11.parquet,False,2026-04-11,2026-04-12T01:10:00Z,LAD,TEX,H,Emmet Sheehan,True,STARTER,77,22,18,3,3,4,1,6,2,https://statsapi.mlb.com/api/v1.1/game/823967/feed/live,both,True,P,Pitcher,STARTER/OPENER/BULK,True,QA_VALIDATED_CANONICAL_V3,,,
607192,100.0,1.0,0.0,44.0,1.0,183.0,Top,823968,https://raw.githubusercontent.com/lancebroz/mlb-pitcher-data/main/data/raw/2026/daily/2026-04-10.parquet,False,2026-04-10,2026-04-11T02:10:00Z,LAD,TEX,H,Tyler Glasnow,True,STARTER,100,24,18,4,4,5,1,7,2,https://statsapi.mlb.com/api/v1.1/game/823968/feed/live,both,True,P,Pitcher,STARTER/OPENER/BULK,True,QA_VALIDATED_CANONICAL_V3,,,
621242,23.0,9.0,69.0,76.0,277.0,299.0,Top,823968,https://raw.githubusercontent.com/lancebroz/mlb-pitcher-data/main/data/raw/2026/daily/2026-04-10.parquet,False,2026-04-10,2026-04-11T02:10:00Z,LAD,TEX,H,Edwin Díaz,False,RELIEF_OR_BULK,23,8,3,3,3,4,1,2,1,https://statsapi.mlb.com/api/v1.1/game/823968/feed/live,both,True,P,Pitcher,BULLPEN_PITCHER,True,QA_VALIDATED_CANONICAL_V3,,,
656222,18.0,7.0,55.0,58.0,228.0,245.0,Bot,823968,https://raw.githubusercontent.com/lancebroz/mlb-pitcher-data/main/data/raw/2026/daily/2026-04-10.parquet,False,2026-04-10,2026-04-11T02:10:00Z,TEX,LAD,A,Jalen Beeks,False,RELIEF_OR_BULK,18,4,3,0,0,2,0,0,0,https://statsapi.mlb.com/api/v1.1/game/823968/feed/live,both,True,P,Pitcher,BULLPEN_PITCHER,True,QA_VALIDATED_CANONICAL_V3,,,
656641,16.0,9.0,77.0,79.0,300.0,315.0,Bot,823968,https://raw.githubusercontent.com/lancebroz/mlb-pitcher-data/main/data/raw/2026/daily/2026-04-10.parquet,False,2026-04-10,2026-04-11T02:10:00Z,TEX,LAD,A,Jacob Latz,False,RELIEF_OR_BULK,16,3,2,1,1,1,0,2,1,https://statsapi.mlb.com/api/v1.1/game/823968/feed/live,both,True,P,Pitcher,BULLPEN_PITCHER,True,QA_VALIDATED_CANONICAL_V3,,,
656945,10.0,8.0,59.0,61.0,246.0,255.0,Top,823968,https://raw.githubusercontent.com/lancebroz/mlb-pitcher-data/main/data/raw/2026/daily/2026-04-10.parquet,False,2026-04-10,2026-04-11T02:10:00Z,LAD,TEX,H,Tanner Scott,False,RELIEF_OR_BULK,10,3,3,0,0,0,0,2,0,https://statsapi.mlb.com/api/v1.1/game/823968/feed/live,both,True,P,Pitcher,BULLPEN_PITCHER,True,QA_VALIDATED_CANONICAL_V3,,,
676395,25.0,6.0,45.0,50.0,184.0,208.0,Bot,823968,https://raw.githubusercontent.com/lancebroz/mlb-pitcher-data/main/data/raw/2026/daily/2026-04-10.parquet,False,2026-04-10,2026-04-11T02:10:00Z,TEX,LAD,A,Robert Garcia,False,RELIEF_OR_BULK,25,6,3,2,2,3,1,0,0,https://statsapi.mlb.com/api/v1.1/game/823968/feed/live,both,True,P,Pitcher,BULLPEN_PITCHER,True,QA_VALIDATED_CANONICAL_V3,,,
677958,83.0,1.0,3.0,41.0,14.0,172.0,Bot,823968,https://raw.githubusercontent.com/lancebroz/mlb-pitcher-data/main/data/raw/2026/daily/2026-04-10.parquet,False,2026-04-10,2026-04-11T02:10:00Z,TEX,LAD,A,Kumar Rocker,True,STARTER,83,21,15,3,3,5,2,5,2,https://statsapi.mlb.com/api/v1.1/game/823968/feed/live,both,True,P,Pitcher,STARTER/OPENER/BULK,True,QA_VALIDATED_CANONICAL_V3,,,
681168,21.0,8.0,62.0,68.0,256.0,276.0,Bot,823968,https://raw.githubusercontent.com/lancebroz/mlb-pitcher-data/main/data/raw/2026/daily/2026-04-10.parquet,False,2026-04-10,2026-04-11T02:10:00Z,TEX,LAD,A,Luis Curvelo,False,RELIEF_OR_BULK,21,7,3,2,2,4,1,0,1,https://statsapi.mlb.com/api/v1.1/game/823968/feed/live,both,True,P,Pitcher,BULLPEN_PITCHER,True,QA_VALIDATED_CANONICAL_V3,,,
681911,19.0,7.0,51.0,54.0,209.0,227.0,Top,823968,https://raw.githubusercontent.com/lancebroz/mlb-pitcher-data/main/data/raw/2026/daily/2026-04-10.parquet,False,2026-04-10,2026-04-11T02:10:00Z,LAD,TEX,H,Alex Vesia,False,RELIEF_OR_BULK,19,4,3,0,0,0,1,3,0,https://statsapi.mlb.com/api/v1.1/game/823968/feed/live,both,True,P,Pitcher,BULLPEN_PITCHER,True,QA_VALIDATED_CANONICAL_V3,,,
621242,33.0,9.0,67.0,72.0,275.0,307.0,Top,823969,https://raw.githubusercontent.com/lancebroz/mlb-pitcher-data/main/data/raw/2026/daily/2026-03-31.parquet,False,2026-03-31,2026-04-01T02:10:00Z,LAD,CLE,H,Edwin Díaz,False,RELIEF_OR_BULK,33,6,3,1,1,1,1,2,0,https://statsapi.mlb.com/api/v1.1/game/823969/feed/live,both,True,P,Pitcher,BULLPEN_PITCHER,True,QA_VALIDATED_CANONICAL_V3,,,
660271,87.0,1.0,0.0,44.0,1.0,180.0,Top,823969,https://raw.githubusercontent.com/lancebroz/mlb-pitcher-data/main/data/raw/2026/daily/2026-03-31.parquet,False,2026-03-31,2026-04-01T02:10:00Z,LAD,CLE,H,Shohei Ohtani,True,STARTER,87,23,18,0,0,1,3,6,0,https://statsapi.mlb.com/api/v1.1/game/823969/feed/live,both,True,TWP,Two-Way Player,STARTER/OPENER/BULK,True,QA_VALIDATED_CANONICAL_V3,,,
663465,55.0,5.0,37.0,54.0,149.0,230.0,Bot,823969,https://raw.githubusercontent.com/lancebroz/mlb-pitcher-data/main/data/raw/2026/daily/2026-03-31.parquet,False,2026-03-31,2026-04-01T02:10:00Z,CLE,LAD,A,Kolby Allard,False,RELIEF_OR_BULK,55,11,8,1,1,2,1,5,1,https://statsapi.mlb.com/api/v1.1/game/823969/feed/live,both,True,P,Pitcher,BULLPEN_PITCHER,True,QA_VALIDATED_CANONICAL_V3,,,
670036,29.0,7.0,55.0,66.0,231.0,274.0,Bot,823969,https://raw.githubusercontent.com/lancebroz/mlb-pitcher-data/main/data/raw/2026/daily/2026-03-31.parquet,False,2026-03-31,2026-04-01T02:10:00Z,CLE,LAD,A,Matt Festa,False,RELIEF_OR_BULK,29,8,4,2,2,4,0,2,0,https://statsapi.mlb.com/api/v1.1/game/823969/feed/live,both,True,P,Pitcher,BULLPEN_PITCHER,True,QA_VALIDATED_CANONICAL_V3,,,
676263,15.0,8.0,56.0,59.0,235.0,249.0,Top,823969,https://raw.githubusercontent.com/lancebroz/mlb-pitcher-data/main/data/raw/2026/daily/2026-03-31.parquet,False,2026-03-31,2026-04-01T02:10:00Z,LAD,CLE,H,Jack Dreyer,False,RELIEF_OR_BULK,15,4,3,0,0,0,1,1,0,https://statsapi.mlb.com/api/v1.1/game/823969/feed/live,both,True,P,Pitcher,BULLPEN_PITCHER,True,QA_VALIDATED_CANONICAL_V3,,,
676440,74.0,1.0,3.0,32.0,16.0,134.0,Bot,823969,https://raw.githubusercontent.com/lancebroz/mlb-pitcher-data/main/data/raw/2026/daily/2026-03-31.parquet,False,2026-03-31,2026-04-01T02:10:00Z,CLE,LAD,A,Tanner Bibee,True,STARTER,74,18,12,1,1,4,2,4,0,https://statsapi.mlb.com/api/v1.1/game/823969/feed/live,both,True,P,Pitcher,STARTER/OPENER/BULK,True,QA_VALIDATED_CANONICAL_V3,,,
681911,14.0,7.0,49.0,51.0,206.0,219.0,Top,823969,https://raw.githubusercontent.com/lancebroz/mlb-pitcher-data/main/data/raw/2026/daily/2026-03-31.parquet,False,2026-03-31,2026-04-01T02:10:00Z,LAD,CLE,H,Alex Vesia,False,RELIEF_OR_BULK,14,3,3,0,0,0,0,1,0,https://statsapi.mlb.com/api/v1.1/game/823969/feed/live,both,True,P,Pitcher,BULLPEN_PITCHER,True,QA_VALIDATED_CANONICAL_V3,,,
542888,19.0,8.0,54.0,57.0,217.0,235.0,Bot,823970,https://raw.githubusercontent.com/lancebroz/mlb-pitcher-data/main/data/raw/2026/daily/2026-04-01.parquet,False,2026-04-01,2026-04-02T00:20:00Z,CLE,LAD,A,Shawn Armstrong,False,RELIEF_OR_BULK,19,4,2,0,0,2,0,1,0,https://statsapi.mlb.com/api/v1.1/game/823970/feed/live,both,True,P,Pitcher,BULLPEN_PITCHER,True,QA_VALIDATED_CANONICAL_V3,,,
595014,17.0,9.0,59.0,61.0,239.0,255.0,Top,823970,https://raw.githubusercontent.com/lancebroz/mlb-pitcher-data/main/data/raw/2026/daily/2026-04-01.parquet,False,2026-04-01,2026-04-02T00:20:00Z,LAD,CLE,H,Blake Treinen,False,RELIEF_OR_BULK,17,3,3,0,0,0,0,1,0,https://statsapi.mlb.com/api/v1.1/game/823970/feed/live,both,True,P,Pitcher,BULLPEN_PITCHER,True,QA_VALIDATED_CANONICAL_V3,,,
656945,9.0,8.0,52.0,53.0,208.0,216.0,Top,823970,https://raw.githubusercontent.com/lancebroz/mlb-pitcher-data/main/data/raw/2026/daily/2026-04-01.parquet,False,2026-04-01,2026-04-02T00:20:00Z,LAD,CLE,H,Tanner Scott,False,RELIEF_OR_BULK,9,2,1,1,1,1,0,1,1,https://statsapi.mlb.com/api/v1.1/game/823970/feed/live,both,True,P,Pitcher,BULLPEN_PITCHER,True,QA_VALIDATED_CANONICAL_V3,,,
668909,85.0,1.0,3.0,48.0,14.0,187.0,Bot,823970,https://raw.githubusercontent.com/lancebroz/mlb-pitcher-data/main/data/raw/2026/daily/2026-04-01.parquet,False,2026-04-01,2026-04-02T00:20:00Z,CLE,LAD,A,Gavin Williams,True,STARTER,85,23,21,0,0,2,3,10,0,https://statsapi.mlb.com/api/v1.1/game/823970/feed/live,both,True,P,Pitcher,STARTER/OPENER/BULK,True,QA_VALIDATED_CANONICAL_V3,,,
671922,19.0,9.0,62.0,65.0,256.0,274.0,Bot,823970,https://raw.githubusercontent.com/lancebroz/mlb-pitcher-data/main/data/raw/2026/daily/2026-04-01.parquet,False,2026-04-01,2026-04-02T00:20:00Z,CLE,LAD,A,Cade Smith,False,RELIEF_OR_BULK,19,4,3,1,1,1,0,0,1,https://statsapi.mlb.com/api/v1.1/game/823970/feed/live,both,True,P,Pitcher,BULLPEN_PITCHER,True,QA_VALIDATED_CANONICAL_V3,,,
681870,3.0,8.0,58.0,58.0,236.0,238.0,Bot,823970,https://raw.githubusercontent.com/lancebroz/mlb-pitcher-data/main/data/raw/2026/daily/2026-04-01.parquet,False,2026-04-01,2026-04-02T00:20:00Z,CLE,LAD,A,Erik Sabrowski,False,RELIEF_OR_BULK,3,1,1,0,0,0,0,1,0,https://statsapi.mlb.com/api/v1.1/game/823970/feed/live,both,True,P,Pitcher,BULLPEN_PITCHER,True,QA_VALIDATED_CANONICAL_V3,,,
694361,35.0,7.0,42.0,51.0,163.0,207.0,Top,823970,https://raw.githubusercontent.com/lancebroz/mlb-pitcher-data/main/data/raw/2026/daily/2026-04-01.parquet,False,2026-04-01,2026-04-02T00:20:00Z,LAD,CLE,H,Will Klein,False,RELIEF_OR_BULK,35,7,5,1,1,1,2,1,0,https://statsapi.mlb.com/api/v1.1/game/823970/feed/live,both,True,P,Pitcher,BULLPEN_PITCHER,True,QA_VALIDATED_CANONICAL_V3,,,
808967,87.0,1.0,0.0,37.0,1.0,149.0,Top,823970,https://raw.githubusercontent.com/lancebroz/mlb-pitcher-data/main/data/raw/2026/daily/2026-04-01.parquet,False,2026-04-01,2026-04-02T00:20:00Z,LAD,CLE,H,Yoshinobu Yamamoto,True,STARTER,87,22,18,2,2,4,1,2,1,https://statsapi.mlb.com/api/v1.1/game/823970/feed/live,both,True,P,Pitcher,STARTER/OPENER/BULK,True,QA_VALIDATED_CANONICAL_V3,,,
621242,17.0,9.0,64.0,67.0,294.0,310.0,Top,823971,https://raw.githubusercontent.com/lancebroz/mlb-pitcher-data/main/data/raw/2026/daily/2026-03-27.parquet,False,2026-03-27,2026-03-28T02:10:00Z,LAD,AZ,H,Edwin Díaz,False,RELIEF_OR_BULK,17,4,3,0,0,0,1,2,0,https://statsapi.mlb.com/api/v1.1/game/823971/feed/live,both,True,P,Pitcher,BULLPEN_PITCHER,True,QA_VALIDATED_CANONICAL_V3,,,
642528,14.0,5.0,40.0,48.0,193.0,236.0,Bot,823971,https://raw.githubusercontent.com/lancebroz/mlb-pitcher-data/main/data/raw/2026/daily/2026-03-27.parquet,False,2026-03-27,2026-03-28T02:10:00Z,AZ,LAD,A,Jonathan Loáisiga,False,RELIEF_OR_BULK,14,4,4,0,0,0,0,1,0,https://statsapi.mlb.com/api/v1.1/game/823971/feed/live,both,True,P,Pitcher,BULLPEN_PITCHER,True,QA_VALIDATED_CANONICAL_V3,,,
656464,21.0,8.0,59.0,63.0,273.0,293.0,Bot,823971,https://raw.githubusercontent.com/lancebroz/mlb-pitcher-data/main/data/raw/2026/daily/2026-03-27.parquet,False,2026-03-27,2026-03-28T02:10:00Z,AZ,LAD,A,Kevin Ginkel,False,RELIEF_OR_BULK,21,5,3,1,1,2,0,0,0,https://statsapi.mlb.com/api/v1.1/game/823971/feed/live,both,True,P,Pitcher,BULLPEN_PITCHER,True,QA_VALIDATED_CANONICAL_V3,,,
656945,6.0,6.0,45.0,45.0,221.0,226.0,Top,823971,https://raw.githubusercontent.com/lancebroz/mlb-pitcher-data/main/data/raw/2026/daily/2026-03-27.parquet,False,2026-03-27,2026-03-28T02:10:00Z,LAD,AZ,H,Tanner Scott,False,RELIEF_OR_BULK,6,1,1,0,0,0,0,1,0,https://statsapi.mlb.com/api/v1.1/game/823971/feed/live,both,True,P,Pitcher,BULLPEN_PITCHER,True,QA_VALIDATED_CANONICAL_V3,,,
657044,7.0,7.0,53.0,55.0,253.0,259.0,Bot,823971,https://raw.githubusercontent.com/lancebroz/mlb-pitcher-data/main/data/raw/2026/daily/2026-03-27.parquet,False,2026-03-27,2026-03-28T02:10:00Z,AZ,LAD,A,Ryan Thompson,False,RELIEF_OR_BULK,7,3,3,0,0,0,0,0,0,https://statsapi.mlb.com/api/v1.1/game/823971/feed/live,both,True,P,Pitcher,BULLPEN_PITCHER,True,QA_VALIDATED_CANONICAL_V3,,,
669194,83.0,1.0,3.0,39.0,20.0,192.0,Bot,823971,https://raw.githubusercontent.com/lancebroz/mlb-pitcher-data/main/data/raw/2026/daily/2026-03-27.parquet,False,2026-03-27,2026-03-28T02:10:00Z,AZ,LAD,A,Ryne Nelson,True,STARTER,83,19,14,4,4,2,3,4,2,https://statsapi.mlb.com/api/v1.1/game/823971/feed/live,both,True,P,Pitcher,STARTER/OPENER/BULK,True,QA_VALIDATED_CANONICAL_V3,,,
676263,26.0,4.0,30.0,37.0,143.0,183.0,Top,823971,https://raw.githubusercontent.com/lancebroz/mlb-pitcher-data/main/data/raw/2026/daily/2026-03-27.parquet,False,2026-03-27,2026-03-28T02:10:00Z,LAD,AZ,H,Jack Dreyer,False,RELIEF_OR_BULK,26,5,5,0,0,1,0,1,0,https://statsapi.mlb.com/api/v1.1/game/823971/feed/live,both,True,P,Pitcher,BULLPEN_PITCHER,True,QA_VALIDATED_CANONICAL_V3,,,
676508,24.0,6.0,41.0,44.0,197.0,220.0,Top,823971,https://raw.githubusercontent.com/lancebroz/mlb-pitcher-data/main/data/raw/2026/daily/2026-03-27.parquet,False,2026-03-27,2026-03-28T02:10:00Z,LAD,AZ,H,Ben Casparius,False,RELIEF_OR_BULK,24,4,2,0,0,1,1,1,0,https://statsapi.mlb.com/api/v1.1/game/823971/feed/live,both,True,P,Pitcher,BULLPEN_PITCHER,True,QA_VALIDATED_CANONICAL_V3,,,
681911,16.0,7.0,49.0,52.0,237.0,252.0,Top,823971,https://raw.githubusercontent.com/lancebroz/mlb-pitcher-data/main/data/raw/2026/daily/2026-03-27.parquet,False,2026-03-27,2026-03-28T02:10:00Z,LAD,AZ,H,Alex Vesia,False,RELIEF_OR_BULK,16,4,3,0,0,1,0,0,0,https://statsapi.mlb.com/api/v1.1/game/823971/feed/live,both,True,P,Pitcher,BULLPEN_PITCHER,True,QA_VALIDATED_CANONICAL_V3,,,
683618,13.0,8.0,56.0,58.0,260.0,272.0,Top,823971,https://raw.githubusercontent.com/lancebroz/mlb-pitcher-data/main/data/raw/2026/daily/2026-03-27.parquet,False,2026-03-27,2026-03-28T02:10:00Z,LAD,AZ,H,Edgardo Henriquez,False,RELIEF_OR_BULK,13,3,3,0,0,0,0,1,0,https://statsapi.mlb.com/api/v1.1/game/823971/feed/live,both,True,P,Pitcher,BULLPEN_PITCHER,True,QA_VALIDATED_CANONICAL_V3,,,
686218,83.0,1.0,0.0,29.0,1.0,142.0,Top,823971,https://raw.githubusercontent.com/lancebroz/mlb-pitcher-data/main/data/raw/2026/daily/2026-03-27.parquet,False,2026-03-27,2026-03-28T02:10:00Z,LAD,AZ,H,Emmet Sheehan,True,STARTER,83,16,10,4,4,5,2,6,1,https://statsapi.mlb.com/api/v1.1/game/823971/feed/live,both,True,P,Pitcher,STARTER/OPENER/BULK,True,QA_VALIDATED_CANONICAL_V3,,,
542888,12.0,7.0,53.0,56.0,209.0,220.0,Bot,823972,https://raw.githubusercontent.com/lancebroz/mlb-pitcher-data/main/data/raw/2026/daily/2026-03-30.parquet,False,2026-03-30,2026-03-31T02:10:00Z,CLE,LAD,A,Shawn Armstrong,False,RELIEF_OR_BULK,12,4,2,0,0,2,0,0,0,https://statsapi.mlb.com/api/v1.1/game/823972/feed/live,both,True,P,Pitcher,BULLPEN_PITCHER,True,QA_VALIDATED_CANONICAL_V3,,,
656945,16.0,5.0,32.0,35.0,128.0,143.0,Top,823972,https://raw.githubusercontent.com/lancebroz/mlb-pitcher-data/main/data/raw/2026/daily/2026-03-30.parquet,False,2026-03-30,2026-03-31T02:10:00Z,LAD,CLE,H,Tanner Scott,False,RELIEF_OR_BULK,16,4,3,0,0,1,0,2,0,https://statsapi.mlb.com/api/v1.1/game/823972/feed/live,both,True,P,Pitcher,BULLPEN_PITCHER,True,QA_VALIDATED_CANONICAL_V3,,,
671922,29.0,9.0,67.0,71.0,263.0,291.0,Bot,823972,https://raw.githubusercontent.com/lancebroz/mlb-pitcher-data/main/data/raw/2026/daily/2026-03-30.parquet,False,2026-03-30,2026-03-31T02:10:00Z,CLE,LAD,A,Cade Smith,False,RELIEF_OR_BULK,29,5,3,2,2,2,0,0,0,https://statsapi.mlb.com/api/v1.1/game/823972/feed/live,both,True,P,Pitcher,BULLPEN_PITCHER,True,QA_VALIDATED_CANONICAL_V3,,,
680736,60.0,6.0,39.0,66.0,161.0,262.0,Top,823972,https://raw.githubusercontent.com/lancebroz/mlb-pitcher-data/main/data/raw/2026/daily/2026-03-30.parquet,False,2026-03-30,2026-03-31T02:10:00Z,LAD,CLE,H,Justin Wrobleski,False,RELIEF_OR_BULK,60,17,12,3,3,4,1,2,0,https://statsapi.mlb.com/api/v1.1/game/823972/feed/live,both,True,P,Pitcher,BULLPEN_PITCHER,True,QA_VALIDATED_CANONICAL_V3,,,
681870,20.0,7.0,57.0,63.0,221.0,249.0,Bot,823972,https://raw.githubusercontent.com/lancebroz/mlb-pitcher-data/main/data/raw/2026/daily/2026-03-30.parquet,False,2026-03-30,2026-03-31T02:10:00Z,CLE,LAD,A,Erik Sabrowski,False,RELIEF_OR_BULK,20,4,4,0,0,0,0,1,0,https://statsapi.mlb.com/api/v1.1/game/823972/feed/live,both,True,P,Pitcher,BULLPEN_PITCHER,True,QA_VALIDATED_CANONICAL_V3,,,
800048,76.0,1.0,4.0,44.0,22.0,179.0,Bot,823972,https://raw.githubusercontent.com/lancebroz/mlb-pitcher-data/main/data/raw/2026/daily/2026-03-30.parquet,False,2026-03-30,2026-03-31T02:10:00Z,CLE,LAD,A,Parker Messick,True,STARTER,76,20,18,0,0,5,0,5,0,https://statsapi.mlb.com/api/v1.1/game/823972/feed/live,both,True,P,Pitcher,STARTER/OPENER/BULK,True,QA_VALIDATED_CANONICAL_V3,,,
808963,78.0,1.0,0.0,31.0,1.0,127.0,Top,823972,https://raw.githubusercontent.com/lancebroz/mlb-pitcher-data/main/data/raw/2026/daily/2026-03-30.parquet,False,2026-03-30,2026-03-31T02:10:00Z,LAD,CLE,H,Roki Sasaki,True,STARTER,78,18,12,1,1,4,2,4,0,https://statsapi.mlb.com/api/v1.1/game/823972/feed/live,both,True,P,Pitcher,STARTER/OPENER/BULK,True,QA_VALIDATED_CANONICAL_V3,,,
593958,79.0,1.0,5.0,42.0,19.0,169.0,Bot,823973,https://raw.githubusercontent.com/lancebroz/mlb-pitcher-data/main/data/raw/2026/daily/2026-03-28.parquet,False,2026-03-28,2026-03-29T01:10:00Z,AZ,LAD,A,Eduardo Rodriguez,True,STARTER,79,20,15,1,0,4,2,5,0,https://statsapi.mlb.com/api/v1.1/game/823973/feed/live,both,True,P,Pitcher,STARTER/OPENER/BULK,True,QA_VALIDATED_CANONICAL_V3,,,
605452,14.0,7.0,50.0,52.0,200.0,213.0,Bot,823973,https://raw.githubusercontent.com/lancebroz/mlb-pitcher-data/main/data/raw/2026/daily/2026-03-28.parquet,False,2026-03-28,2026-03-29T01:10:00Z,AZ,LAD,A,Joe Ross,False,RELIEF_OR_BULK,14,3,3,0,0,0,0,0,0,https://statsapi.mlb.com/api/v1.1/game/823973/feed/live,both,True,P,Pitcher,BULLPEN_PITCHER,True,QA_VALIDATED_CANONICAL_V3,,,
607192,90.0,1.0,0.0,41.0,1.0,167.0,Top,823973,https://raw.githubusercontent.com/lancebroz/mlb-pitcher-data/main/data/raw/2026/daily/2026-03-28.parquet,False,2026-03-28,2026-03-29T01:10:00Z,LAD,AZ,H,Tyler Glasnow,True,STARTER,90,23,18,2,2,4,1,6,0,https://statsapi.mlb.com/api/v1.1/game/823973/feed/live,both,True,P,Pitcher,STARTER/OPENER/BULK,True,QA_VALIDATED_CANONICAL_V3,,,
621242,10.0,9.0,62.0,64.0,256.0,265.0,Top,823973,https://raw.githubusercontent.com/lancebroz/mlb-pitcher-data/main/data/raw/2026/daily/2026-03-28.parquet,False,2026-03-28,2026-03-29T01:10:00Z,LAD,AZ,H,Edwin Díaz,False,RELIEF_OR_BULK,10,3,3,0,0,0,0,0,0,https://statsapi.mlb.com/api/v1.1/game/823973/feed/live,both,True,P,Pitcher,BULLPEN_PITCHER,True,QA_VALIDATED_CANONICAL_V3,,,
623149,5.0,8.0,61.0,61.0,251.0,255.0,Bot,823973,https://raw.githubusercontent.com/lancebroz/mlb-pitcher-data/main/data/raw/2026/daily/2026-03-28.parquet,False,2026-03-28,2026-03-29T01:10:00Z,AZ,LAD,A,Paul Sewald,False,RELIEF_OR_BULK,5,1,1,0,0,0,0,0,0,https://statsapi.mlb.com/api/v1.1/game/823973/feed/live,both,True,P,Pitcher,BULLPEN_PITCHER,True,QA_VALIDATED_CANONICAL_V3,,,
642528,18.0,6.0,43.0,46.0,170.0,187.0,Bot,823973,https://raw.githubusercontent.com/lancebroz/mlb-pitcher-data/main/data/raw/2026/daily/2026-03-28.parquet,False,2026-03-28,2026-03-29T01:10:00Z,AZ,LAD,A,Jonathan Loáisiga,False,RELIEF_OR_BULK,18,4,3,0,0,1,0,1,0,https://statsapi.mlb.com/api/v1.1/game/823973/feed/live,both,True,P,Pitcher,BULLPEN_PITCHER,True,QA_VALIDATED_CANONICAL_V3,,,
666661,22.0,8.0,57.0,60.0,229.0,250.0,Bot,823973,https://raw.githubusercontent.com/lancebroz/mlb-pitcher-data/main/data/raw/2026/daily/2026-03-28.parquet,False,2026-03-28,2026-03-29T01:10:00Z,AZ,LAD,A,Juan Morillo,False,RELIEF_OR_BULK,22,4,2,2,2,1,1,0,1,https://statsapi.mlb.com/api/v1.1/game/823973/feed/live,both,True,P,Pitcher,BULLPEN_PITCHER,True,QA_VALIDATED_CANONICAL_V3,,,
681911,12.0,7.0,47.0,49.0,188.0,199.0,Top,823973,https://raw.githubusercontent.com/lancebroz/mlb-pitcher-data/main/data/raw/2026/daily/2026-03-28.parquet,False,2026-03-28,2026-03-29T01:10:00Z,LAD,AZ,H,Alex Vesia,False,RELIEF_OR_BULK,12,3,3,0,0,0,0,0,0,https://statsapi.mlb.com/api/v1.1/game/823973/feed/live,both,True,P,Pitcher,BULLPEN_PITCHER,True,QA_VALIDATED_CANONICAL_V3,,,
694361,15.0,8.0,53.0,56.0,214.0,228.0,Top,823973,https://raw.githubusercontent.com/lancebroz/mlb-pitcher-data/main/data/raw/2026/daily/2026-03-28.parquet,False,2026-03-28,2026-03-29T01:10:00Z,LAD,AZ,H,Will Klein,False,RELIEF_OR_BULK,15,4,3,0,0,1,0,1,0,https://statsapi.mlb.com/api/v1.1/game/823973/feed/live,both,True,P,Pitcher,BULLPEN_PITCHER,True,QA_VALIDATED_CANONICAL_V3,,,
595014,15.0,7.0,49.0,52.0,200.0,214.0,Top,823974,https://raw.githubusercontent.com/lancebroz/mlb-pitcher-data/main/data/raw/2026/daily/2026-03-26.parquet,False,2026-03-26,2026-03-27T00:30:00Z,LAD,AZ,H,Blake Treinen,False,RELIEF_OR_BULK,15,4,3,0,0,1,0,1,0,https://statsapi.mlb.com/api/v1.1/game/823974/feed/live,both,True,P,Pitcher,BULLPEN_PITCHER,True,QA_VALIDATED_CANONICAL_V3,,,
656945,8.0,9.0,69.0,71.0,273.0,280.0,Top,823974,https://raw.githubusercontent.com/lancebroz/mlb-pitcher-data/main/data/raw/2026/daily/2026-03-26.parquet,False,2026-03-26,2026-03-27T00:30:00Z,LAD,AZ,H,Tanner Scott,False,RELIEF_OR_BULK,8,3,3,0,0,0,0,0,0,https://statsapi.mlb.com/api/v1.1/game/823974/feed/live,both,True,P,Pitcher,BULLPEN_PITCHER,True,QA_VALIDATED_CANONICAL_V3,,,
657044,11.0,6.0,46.0,48.0,189.0,199.0,Bot,823974,https://raw.githubusercontent.com/lancebroz/mlb-pitcher-data/main/data/raw/2026/daily/2026-03-26.parquet,False,2026-03-26,2026-03-27T00:30:00Z,AZ,LAD,A,Ryan Thompson,False,RELIEF_OR_BULK,11,3,3,0,0,0,0,1,0,https://statsapi.mlb.com/api/v1.1/game/823974/feed/live,both,True,P,Pitcher,BULLPEN_PITCHER,True,QA_VALIDATED_CANONICAL_V3,,,
664199,16.0,7.0,53.0,57.0,215.0,230.0,Bot,823974,https://raw.githubusercontent.com/lancebroz/mlb-pitcher-data/main/data/raw/2026/daily/2026-03-26.parquet,False,2026-03-26,2026-03-27T00:30:00Z,AZ,LAD,A,Taylor Clarke,False,RELIEF_OR_BULK,16,5,1,4,4,3,0,0,1,https://statsapi.mlb.com/api/v1.1/game/823974/feed/live,both,True,P,Pitcher,BULLPEN_PITCHER,True,QA_VALIDATED_CANONICAL_V3,,,
666661,17.0,5.0,38.0,42.0,157.0,173.0,Bot,823974,https://raw.githubusercontent.com/lancebroz/mlb-pitcher-data/main/data/raw/2026/daily/2026-03-26.parquet,False,2026-03-26,2026-03-27T00:30:00Z,AZ,LAD,A,Juan Morillo,False,RELIEF_OR_BULK,17,5,3,0,0,1,1,1,0,https://statsapi.mlb.com/api/v1.1/game/823974/feed/live,both,True,P,Pitcher,BULLPEN_PITCHER,True,QA_VALIDATED_CANONICAL_V3,,,
668678,76.0,1.0,4.0,37.0,22.0,156.0,Bot,823974,https://raw.githubusercontent.com/lancebroz/mlb-pitcher-data/main/data/raw/2026/daily/2026-03-26.parquet,False,2026-03-26,2026-03-27T00:30:00Z,AZ,LAD,A,Zac Gallen,True,STARTER,76,19,12,4,4,5,2,2,1,https://statsapi.mlb.com/api/v1.1/game/823974/feed/live,both,True,P,Pitcher,STARTER/OPENER/BULK,True,QA_VALIDATED_CANONICAL_V3,,,
694361,9.0,8.0,60.0,62.0,242.0,250.0,Top,823974,https://raw.githubusercontent.com/lancebroz/mlb-pitcher-data/main/data/raw/2026/daily/2026-03-26.parquet,False,2026-03-26,2026-03-27T00:30:00Z,LAD,AZ,H,Will Klein,False,RELIEF_OR_BULK,9,3,3,0,0,0,0,1,0,https://statsapi.mlb.com/api/v1.1/game/823974/feed/live,both,True,P,Pitcher,BULLPEN_PITCHER,True,QA_VALIDATED_CANONICAL_V3,,,
694851,33.0,7.0,58.0,68.0,231.0,272.0,Bot,823974,https://raw.githubusercontent.com/lancebroz/mlb-pitcher-data/main/data/raw/2026/daily/2026-03-26.parquet,False,2026-03-26,2026-03-27T00:30:00Z,AZ,LAD,A,Andrew Hoffmann,False,RELIEF_OR_BULK,33,8,5,0,0,1,2,0,0,https://statsapi.mlb.com/api/v1.1/game/823974/feed/live,both,True,P,Pitcher,BULLPEN_PITCHER,True,QA_VALIDATED_CANONICAL_V3,,,
808967,95.0,1.0,0.0,45.0,1.0,188.0,Top,823974,https://raw.githubusercontent.com/lancebroz/mlb-pitcher-data/main/data/raw/2026/daily/2026-03-26.parquet,False,2026-03-26,2026-03-27T00:30:00Z,LAD,AZ,H,Yoshinobu Yamamoto,True,STARTER,95,21,18,2,2,5,0,6,1,https://statsapi.mlb.com/api/v1.1/game/823974/feed/live,both,True,P,Pitcher,STARTER/OPENER/BULK,True,QA_VALIDATED_CANONICAL_V3,,,
606303,7.0,7.0,63.0,63.0,249.0,255.0,Bot,824050,https://raw.githubusercontent.com/lancebroz/mlb-pitcher-data/main/data/raw/2026/daily/2026-04-08.parquet,False,2026-04-08,2026-04-08T20:07:00Z,ATL,LAA,A,Joel Payamps,False,RELIEF_OR_BULK,7,1,1,0,0,0,0,1,0,https://statsapi.mlb.com/api/v1.1/game/824050/feed/live,both,True,P,Pitcher,BULLPEN_PITCHER,True,QA_VALIDATED_CANONICAL_V3,,,
608718,32.0,8.0,64.0,73.0,256.0,299.0,Top,824050,https://raw.githubusercontent.com/lancebroz/mlb-pitcher-data/main/data/raw/2026/daily/2026-04-08.parquet,False,2026-04-08,2026-04-08T20:07:00Z,LAA,ATL,H,Brent Suter,False,RELIEF_OR_BULK,32,7,6,0,0,1,1,2,0,https://statsapi.mlb.com/api/v1.1/game/824050/feed/live,both,True,P,Pitcher,BULLPEN_PITCHER,True,QA_VALIDATED_CANONICAL_V3,,,
656550,99.0,1.0,4.0,62.0,21.0,248.0,Bot,824050,https://raw.githubusercontent.com/lancebroz/mlb-pitcher-data/main/data/raw/2026/daily/2026-04-08.parquet,False,2026-04-08,2026-04-08T20:07:00Z,ATL,LAA,A,Grant Holmes,True,STARTER,99,28,20,2,2,5,3,6,1,https://statsapi.mlb.com/api/v1.1/game/824050/feed/live,both,True,P,Pitcher,STARTER/OPENER/BULK,True,QA_VALIDATED_CANONICAL_V3,,,
660761,24.0,8.0,68.0,77.0,276.0,311.0,Bot,824050,https://raw.githubusercontent.com/lancebroz/mlb-pitcher-data/main/data/raw/2026/daily/2026-04-08.parquet,False,2026-04-08,2026-04-08T20:07:00Z,ATL,LAA,A,José Suarez,False,RELIEF_OR_BULK,24,7,6,0,0,2,0,3,0,https://statsapi.mlb.com/api/v1.1/game/824050/feed/live,both,True,P,Pitcher,BULLPEN_PITCHER,True,QA_VALIDATED_CANONICAL_V3,,,
666171,42.0,5.0,40.0,51.0,159.0,206.0,Top,824050,https://raw.githubusercontent.com/lancebroz/mlb-pitcher-data/main/data/raw/2026/daily/2026-04-08.parquet,False,2026-04-08,2026-04-08T20:07:00Z,LAA,ATL,H,Ryan Zeferjahn,False,RELIEF_OR_BULK,42,9,5,2,2,2,2,2,0,https://statsapi.mlb.com/api/v1.1/game/824050/feed/live,both,True,P,Pitcher,BULLPEN_PITCHER,True,QA_VALIDATED_CANONICAL_V3,,,
672282,92.0,1.0,0.0,39.0,1.0,158.0,Top,824050,https://raw.githubusercontent.com/lancebroz/mlb-pitcher-data/main/data/raw/2026/daily/2026-04-08.parquet,False,2026-04-08,2026-04-08T20:07:00Z,LAA,ATL,H,Reid Detmers,True,STARTER,92,22,13,6,5,5,2,4,1,https://statsapi.mlb.com/api/v1.1/game/824050/feed/live,both,True,P,Pitcher,STARTER/OPENER/BULK,True,QA_VALIDATED_CANONICAL_V3,,,
696147,15.0,7.0,55.0,58.0,218.0,232.0,Top,824050,https://raw.githubusercontent.com/lancebroz/mlb-pitcher-data/main/data/raw/2026/daily/2026-04-08.parquet,False,2026-04-08,2026-04-08T20:07:00Z,LAA,ATL,H,Sam Bachman,False,RELIEF_OR_BULK,15,4,3,0,0,0,1,1,0,https://statsapi.mlb.com/api/v1.1/game/824050/feed/live,both,True,P,Pitcher,BULLPEN_PITCHER,True,QA_VALIDATED_CANONICAL_V3,,,
579328,97.0,1.0,1.0,40.0,1.0,332.0,Top,824051,https://baseballsavant.mlb.com/statcast_search/csv?all=true&type=details&game_pk=824051,True,2026-04-07,2026-04-08T01:38:00Z,LAA,ATL,H,Yusei Kikuchi,True,STARTER,97,22,15,4,4,6,1,8,0,https://statsapi.mlb.com/api/v1.1/game/824051/feed/live,both,True,P,Pitcher,STARTER/OPENER/BULK,True,QA_VALIDATED_CANONICAL_V3,,,
607481,17.0,8.0,66.0,68.0,207.0,338.0,Bot,824051,https://baseballsavant.mlb.com/statcast_search/csv?all=true&type=details&game_pk=824051,True,2026-04-07,2026-04-08T01:38:00Z,ATL,LAA,A,Aaron Bummer,False,RELIEF_OR_BULK,17,3,1,0,0,0,1,0,0,https://statsapi.mlb.com/api/v1.1/game/824051/feed/live,both,True,P,Pitcher,BULLPEN_PITCHER,True,QA_VALIDATED_CANONICAL_V3,,,
625643,80.0,1.0,4.0,44.0,18.0,339.0,Bot,824051,https://baseballsavant.mlb.com/statcast_search/csv?all=true&type=details&game_pk=824051,True,2026-04-07,2026-04-08T01:38:00Z,ATL,LAA,A,Reynaldo López,True,STARTER,80,21,14,2,0,3,2,7,1,https://statsapi.mlb.com/api/v1.1/game/824051/feed/live,both,True,P,Pitcher,STARTER/OPENER/BULK,True,QA_VALIDATED_CANONICAL_V3,,,
628452,22.0,8.0,69.0,80.0,181.0,336.0,Bot,824051,https://baseballsavant.mlb.com/statcast_search/csv?all=true&type=details&game_pk=824051,True,2026-04-07,2026-04-08T01:38:00Z,ATL,LAA,A,Raisel Iglesias,False,RELIEF_OR_BULK,22,6,5,0,0,2,0,3,0,https://statsapi.mlb.com/api/v1.1/game/824051/feed/live,both,True,P,Pitcher,BULLPEN_PITCHER,True,QA_VALIDATED_CANONICAL_V3,,,
641312,62.0,6.0,45.0,72.0,56.0,334.0,Top,824051,https://baseballsavant.mlb.com/statcast_search/csv?all=true&type=details&game_pk=824051,True,2026-04-07,2026-04-08T01:38:00Z,LAA,ATL,H,Shaun Anderson,False,RELIEF_OR_BULK,62,15,9,3,3,5,1,4,1,https://statsapi.mlb.com/api/v1.1/game/824051/feed/live,both,True,P,Pitcher,BULLPEN_PITCHER,True,QA_VALIDATED_CANONICAL_V3,,,
641755,13.0,5.0,44.0,50.0,233.0,335.0,Bot,824051,https://baseballsavant.mlb.com/statcast_search/csv?all=true&type=details&game_pk=824051,True,2026-04-07,2026-04-08T01:38:00Z,ATL,LAA,A,Tyler Kinley,False,RELIEF_OR_BULK,13,3,2,0,0,1,0,2,0,https://statsapi.mlb.com/api/v1.1/game/824051/feed/live,both,True,P,Pitcher,BULLPEN_PITCHER,True,QA_VALIDATED_CANONICAL_V3,,,
663158,26.0,7.0,56.0,59.0,163.0,337.0,Bot,824051,https://baseballsavant.mlb.com/statcast_search/csv?all=true&type=details&game_pk=824051,True,2026-04-07,2026-04-08T01:38:00Z,ATL,LAA,A,Robert Suarez,False,RELIEF_OR_BULK,26,4,3,0,0,0,1,2,0,https://statsapi.mlb.com/api/v1.1/game/824051/feed/live,both,True,P,Pitcher,BULLPEN_PITCHER,True,QA_VALIDATED_CANONICAL_V3,,,
669276,9.0,6.0,51.0,52.0,265.0,333.0,Bot,824051,https://baseballsavant.mlb.com/statcast_search/csv?all=true&type=details&game_pk=824051,True,2026-04-07,2026-04-08T01:38:00Z,ATL,LAA,A,Dylan Lee,False,RELIEF_OR_BULK,9,2,2,0,0,0,0,0,0,https://statsapi.mlb.com/api/v1.1/game/824051/feed/live,both,True,P,Pitcher,BULLPEN_PITCHER,True,QA_VALIDATED_CANONICAL_V3,,,
815083,14.0,9.0,73.0,76.0,221.0,340.0,Top,824051,https://baseballsavant.mlb.com/statcast_search/csv?all=true&type=details&game_pk=824051,True,2026-04-07,2026-04-08T01:38:00Z,LAA,ATL,H,Mitch Farris,False,RELIEF_OR_BULK,14,4,3,0,0,1,1,0,0,https://statsapi.mlb.com/api/v1.1/game/824051/feed/live,both,True,P,Pitcher,BULLPEN_PITCHER,True,QA_VALIDATED_CANONICAL_V3,,,
519242,77.0,1.0,4.0,36.0,17.0,136.0,Bot,824052,https://raw.githubusercontent.com/lancebroz/mlb-pitcher-data/main/data/raw/2026/daily/2026-04-06.parquet,False,2026-04-06,2026-04-07T01:38:00Z,ATL,LAA,A,Chris Sale,True,STARTER,77,21,12,6,6,5,2,7,2,https://statsapi.mlb.com/api/v1.1/game/824052/feed/live,both,True,P,Pitcher,STARTER/OPENER/BULK,True,QA_VALIDATED_CANONICAL_V3,,,
605447,3.0,9.0,64.0,64.0,239.0,241.0,Top,824052,https://raw.githubusercontent.com/lancebroz/mlb-pitcher-data/main/data/raw/2026/daily/2026-04-06.parquet,False,2026-04-06,2026-04-07T01:38:00Z,LAA,ATL,H,Jordan Romano,False,RELIEF_OR_BULK,3,1,1,0,0,0,0,0,0,https://statsapi.mlb.com/api/v1.1/game/824052/feed/live,both,True,P,Pitcher,BULLPEN_PITCHER,True,QA_VALIDATED_CANONICAL_V3,,,
606303,11.0,5.0,37.0,39.0,137.0,147.0,Bot,824052,https://raw.githubusercontent.com/lancebroz/mlb-pitcher-data/main/data/raw/2026/daily/2026-04-06.parquet,False,2026-04-06,2026-04-07T01:38:00Z,ATL,LAA,A,Joel Payamps,False,RELIEF_OR_BULK,11,3,3,0,0,0,0,1,0,https://statsapi.mlb.com/api/v1.1/game/824052/feed/live,both,True,P,Pitcher,BULLPEN_PITCHER,True,QA_VALIDATED_CANONICAL_V3,,,
607481,7.0,6.0,43.0,45.0,158.0,164.0,Bot,824052,https://raw.githubusercontent.com/lancebroz/mlb-pitcher-data/main/data/raw/2026/daily/2026-04-06.parquet,False,2026-04-06,2026-04-07T01:38:00Z,ATL,LAA,A,Aaron Bummer,False,RELIEF_OR_BULK,7,3,3,0,0,0,0,1,0,https://statsapi.mlb.com/api/v1.1/game/824052/feed/live,both,True,P,Pitcher,BULLPEN_PITCHER,True,QA_VALIDATED_CANONICAL_V3,,,
667755,97.0,1.0,0.0,55.0,1.0,200.0,Top,824052,https://raw.githubusercontent.com/lancebroz/mlb-pitcher-data/main/data/raw/2026/daily/2026-04-06.parquet,False,2026-04-06,2026-04-07T01:38:00Z,LAA,ATL,H,José Soriano,True,STARTER,97,26,24,1,1,3,0,10,1,https://statsapi.mlb.com/api/v1.1/game/824052/feed/live,both,True,P,Pitcher,STARTER/OPENER/BULK,True,QA_VALIDATED_CANONICAL_V3,,,
674370,18.0,7.0,49.0,58.0,178.0,210.0,Bot,824052,https://raw.githubusercontent.com/lancebroz/mlb-pitcher-data/main/data/raw/2026/daily/2026-04-06.parquet,False,2026-04-06,2026-04-07T01:38:00Z,ATL,LAA,A,Osvaldo Bido,False,RELIEF_OR_BULK,18,6,6,0,0,0,0,1,0,https://statsapi.mlb.com/api/v1.1/game/824052/feed/live,both,True,P,Pitcher,BULLPEN_PITCHER,True,QA_VALIDATED_CANONICAL_V3,,,
681217,28.0,9.0,59.0,63.0,211.0,238.0,Top,824052,https://raw.githubusercontent.com/lancebroz/mlb-pitcher-data/main/data/raw/2026/daily/2026-04-06.parquet,False,2026-04-06,2026-04-07T01:38:00Z,LAA,ATL,H,Chase Silseth,False,RELIEF_OR_BULK,28,5,2,1,1,2,1,1,1,https://statsapi.mlb.com/api/v1.1/game/824052/feed/live,both,True,P,Pitcher,BULLPEN_PITCHER,True,QA_VALIDATED_CANONICAL_V3,,,
608718,39.0,5.0,46.0,64.0,82.0,372.0,Top,824053,https://baseballsavant.mlb.com/statcast_search/csv?all=true&type=details&game_pk=824053,True,2026-04-05,2026-04-05T20:07:00Z,LAA,SEA,H,Brent Suter,False,RELIEF_OR_BULK,39,8,7,1,1,1,1,3,1,https://statsapi.mlb.com/api/v1.1/game/824053/feed/live,both,True,P,Pitcher,BULLPEN_PITCHER,True,QA_VALIDATED_CANONICAL_V3,,,
622491,84.0,1.0,5.0,40.0,1.0,370.0,Bot,824053,https://baseballsavant.mlb.com/statcast_search/csv?all=true&type=details&game_pk=824053,True,2026-04-05,2026-04-05T20:07:00Z,SEA,LAA,A,Luis Castillo,True,STARTER,84,20,11,4,3,6,1,4,0,https://statsapi.mlb.com/api/v1.1/game/824053/feed/live,both,True,P,Pitcher,STARTER/OPENER/BULK,True,QA_VALIDATED_CANONICAL_V3,,,
641312,27.0,10.0,83.0,93.0,120.0,374.0,Top,824053,https://baseballsavant.mlb.com/statcast_search/csv?all=true&type=details&game_pk=824053,True,2026-04-05,2026-04-05T20:07:00Z,LAA,SEA,H,Shaun Anderson,False,RELIEF_OR_BULK,27,8,6,1,0,1,1,1,0,https://statsapi.mlb.com/api/v1.1/game/824053/feed/live,both,True,P,Pitcher,BULLPEN_PITCHER,True,QA_VALIDATED_CANONICAL_V3,,,
642100,3.0,11.0,95.0,96.0,350.0,369.0,Bot,824053,https://baseballsavant.mlb.com/statcast_search/csv?all=true&type=details&game_pk=824053,True,2026-04-05,2026-04-05T20:07:00Z,SEA,LAA,A,Gabe Speier,False,RELIEF_OR_BULK,3,3,2,1,0,0,1,0,0,https://statsapi.mlb.com/api/v1.1/game/824053/feed/live,both,True,P,Pitcher,BULLPEN_PITCHER,True,QA_VALIDATED_CANONICAL_V3,,,
662253,16.0,9.0,80.0,82.0,206.0,364.0,Bot,824053,https://baseballsavant.mlb.com/statcast_search/csv?all=true&type=details&game_pk=824053,True,2026-04-05,2026-04-05T20:07:00Z,SEA,LAA,A,Andrés Muñoz,False,RELIEF_OR_BULK,16,3,3,0,0,0,0,1,0,https://statsapi.mlb.com/api/v1.1/game/824053/feed/live,both,True,P,Pitcher,BULLPEN_PITCHER,True,QA_VALIDATED_CANONICAL_V3,,,
666171,27.0,3.0,27.0,46.0,121.0,365.0,Top,824053,https://baseballsavant.mlb.com/statcast_search/csv?all=true&type=details&game_pk=824053,True,2026-04-05,2026-04-05T20:07:00Z,LAA,SEA,H,Ryan Zeferjahn,False,RELIEF_OR_BULK,27,8,6,2,2,0,1,5,0,https://statsapi.mlb.com/api/v1.1/game/824053/feed/live,both,True,P,Pitcher,BULLPEN_PITCHER,True,QA_VALIDATED_CANONICAL_V3,,,
666374,10.0,10.0,86.0,88.0,266.0,366.0,Bot,824053,https://baseballsavant.mlb.com/statcast_search/csv?all=true&type=details&game_pk=824053,True,2026-04-05,2026-04-05T20:07:00Z,SEA,LAA,A,Matt Brash,False,RELIEF_OR_BULK,10,3,3,1,0,0,0,1,0,https://statsapi.mlb.com/api/v1.1/game/824053/feed/live,both,True,P,Pitcher,BULLPEN_PITCHER,True,QA_VALIDATED_CANONICAL_V3,,,
668984,26.0,7.0,65.0,74.0,129.0,375.0,Bot,824053,https://baseballsavant.mlb.com/statcast_search/csv?all=true&type=details&game_pk=824053,True,2026-04-05,2026-04-05T20:07:00Z,SEA,LAA,A,Casey Legumina,False,RELIEF_OR_BULK,26,7,6,0,0,1,0,0,0,https://statsapi.mlb.com/api/v1.1/game/824053/feed/live,both,True,P,Pitcher,BULLPEN_PITCHER,True,QA_VALIDATED_CANONICAL_V3,,,
677961,23.0,5.0,54.0,61.0,145.0,368.0,Bot,824053,https://baseballsavant.mlb.com/statcast_search/csv?all=true&type=details&game_pk=824053,True,2026-04-05,2026-04-05T20:07:00Z,SEA,LAA,A,Cole Wilcox,False,RELIEF_OR_BULK,23,5,4,0,0,0,1,2,0,https://statsapi.mlb.com/api/v1.1/game/824053/feed/live,both,True,P,Pitcher,BULLPEN_PITCHER,True,QA_VALIDATED_CANONICAL_V3,,,
678606,19.0,4.0,41.0,53.0,179.0,367.0,Bot,824053,https://baseballsavant.mlb.com/statcast_search/csv?all=true&type=details&game_pk=824053,True,2026-04-05,2026-04-05T20:07:00Z,SEA,LAA,A,José A. Ferrer,False,RELIEF_OR_BULK,19,7,3,2,2,4,0,1,0,https://statsapi.mlb.com/api/v1.1/game/824053/feed/live,both,True,P,Pitcher,BULLPEN_PITCHER,True,QA_VALIDATED_CANONICAL_V3,,,
691946,73.0,1.0,1.0,26.0,12.0,371.0,Top,824053,https://baseballsavant.mlb.com/statcast_search/csv?all=true&type=details&game_pk=824053,True,2026-04-05,2026-04-05T20:07:00Z,LAA,SEA,H,George Klassen,True,STARTER,73,16,8,2,2,3,5,4,0,https://statsapi.mlb.com/api/v1.1/game/824053/feed/live,both,True,P,Pitcher,STARTER/OPENER/BULK,True,QA_VALIDATED_CANONICAL_V3,,,
696147,28.0,8.0,68.0,79.0,113.0,373.0,Top,824053,https://baseballsavant.mlb.com/statcast_search/csv?all=true&type=details&game_pk=824053,True,2026-04-05,2026-04-05T20:07:00Z,LAA,SEA,H,Sam Bachman,False,RELIEF_OR_BULK,28,7,6,1,1,2,0,2,0,https://statsapi.mlb.com/api/v1.1/game/824053/feed/live,both,True,P,Pitcher,BULLPEN_PITCHER,True,QA_VALIDATED_CANONICAL_V3,,,
519141,4.0,8.0,59.0,59.0,213.0,216.0,Top,824054,https://raw.githubusercontent.com/lancebroz/mlb-pitcher-data/main/data/raw/2026/daily/2026-04-04.parquet,False,2026-04-04,2026-04-05T01:38:00Z,LAA,SEA,H,Drew Pomeranz,False,RELIEF_OR_BULK,4,1,1,0,0,0,0,0,0,https://statsapi.mlb.com/api/v1.1/game/824054/feed/live,both,True,P,Pitcher,BULLPEN_PITCHER,True,QA_VALIDATED_CANONICAL_V3,,,
605447,15.0,9.0,63.0,65.0,233.0,247.0,Top,824054,https://raw.githubusercontent.com/lancebroz/mlb-pitcher-data/main/data/raw/2026/daily/2026-04-04.parquet,False,2026-04-04,2026-04-05T01:38:00Z,LAA,SEA,H,Jordan Romano,False,RELIEF_OR_BULK,15,3,3,0,0,0,0,1,0,https://statsapi.mlb.com/api/v1.1/game/824054/feed/live,both,True,P,Pitcher,BULLPEN_PITCHER,True,QA_VALIDATED_CANONICAL_V3,,,
660825,25.0,7.0,54.0,62.0,196.0,232.0,Bot,824054,https://raw.githubusercontent.com/lancebroz/mlb-pitcher-data/main/data/raw/2026/daily/2026-04-04.parquet,False,2026-04-04,2026-04-05T01:38:00Z,SEA,LAA,A,Eduard Bazardo,False,RELIEF_OR_BULK,25,5,4,0,0,1,0,2,0,https://statsapi.mlb.com/api/v1.1/game/824054/feed/live,both,True,P,Pitcher,BULLPEN_PITCHER,True,QA_VALIDATED_CANONICAL_V3,,,
664192,11.0,6.0,42.0,47.0,148.0,165.0,Top,824054,https://raw.githubusercontent.com/lancebroz/mlb-pitcher-data/main/data/raw/2026/daily/2026-04-04.parquet,False,2026-04-04,2026-04-05T01:38:00Z,LAA,SEA,H,Joey Lucchesi,False,RELIEF_OR_BULK,11,3,1,0,0,0,1,0,0,https://statsapi.mlb.com/api/v1.1/game/824054/feed/live,both,True,P,Pitcher,BULLPEN_PITCHER,True,QA_VALIDATED_CANONICAL_V3,,,
676106,82.0,1.0,5.0,53.0,18.0,195.0,Bot,824054,https://raw.githubusercontent.com/lancebroz/mlb-pitcher-data/main/data/raw/2026/daily/2026-04-04.parquet,False,2026-04-04,2026-04-05T01:38:00Z,SEA,LAA,A,Emerson Hancock,True,STARTER,82,24,20,1,1,6,0,5,1,https://statsapi.mlb.com/api/v1.1/game/824054/feed/live,both,True,P,Pitcher,STARTER/OPENER/BULK,True,QA_VALIDATED_CANONICAL_V3,,,
681217,16.0,7.0,48.0,50.0,166.0,181.0,Top,824054,https://raw.githubusercontent.com/lancebroz/mlb-pitcher-data/main/data/raw/2026/daily/2026-04-04.parquet,False,2026-04-04,2026-04-05T01:38:00Z,LAA,SEA,H,Chase Silseth,False,RELIEF_OR_BULK,16,3,3,0,0,0,0,2,0,https://statsapi.mlb.com/api/v1.1/game/824054/feed/live,both,True,P,Pitcher,BULLPEN_PITCHER,True,QA_VALIDATED_CANONICAL_V3,,,
686799,86.0,1.0,0.0,41.0,1.0,147.0,Top,824054,https://raw.githubusercontent.com/lancebroz/mlb-pitcher-data/main/data/raw/2026/daily/2026-04-04.parquet,False,2026-04-04,2026-04-05T01:38:00Z,LAA,SEA,H,Jack Kochanowicz,True,STARTER,86,23,17,0,0,4,2,7,0,https://statsapi.mlb.com/api/v1.1/game/824054/feed/live,both,True,P,Pitcher,STARTER/OPENER/BULK,True,QA_VALIDATED_CANONICAL_V3,,,
696147,8.0,8.0,56.0,58.0,205.0,212.0,Top,824054,https://raw.githubusercontent.com/lancebroz/mlb-pitcher-data/main/data/raw/2026/daily/2026-04-04.parquet,False,2026-04-04,2026-04-05T01:38:00Z,LAA,SEA,H,Sam Bachman,False,RELIEF_OR_BULK,8,3,2,0,0,1,0,0,0,https://statsapi.mlb.com/api/v1.1/game/824054/feed/live,both,True,P,Pitcher,BULLPEN_PITCHER,True,QA_VALIDATED_CANONICAL_V3,,,
519141,17.0,8.0,50.0,54.0,197.0,213.0,Top,824056,https://raw.githubusercontent.com/lancebroz/mlb-pitcher-data/main/data/raw/2026/daily/2026-04-03.parquet,False,2026-04-03,2026-04-04T01:38:00Z,LAA,SEA,H,Drew Pomeranz,False,RELIEF_OR_BULK,17,5,3,0,0,1,1,0,0,https://statsapi.mlb.com/api/v1.1/game/824056/feed/live,both,True,P,Pitcher,BULLPEN_PITCHER,True,QA_VALIDATED_CANONICAL_V3,,,
605447,16.0,9.0,58.0,60.0,226.0,241.0,Top,824056,https://raw.githubusercontent.com/lancebroz/mlb-pitcher-data/main/data/raw/2026/daily/2026-04-03.parquet,False,2026-04-03,2026-04-04T01:38:00Z,LAA,SEA,H,Jordan Romano,False,RELIEF_OR_BULK,16,3,3,0,0,0,0,2,0,https://statsapi.mlb.com/api/v1.1/game/824056/feed/live,both,True,P,Pitcher,BULLPEN_PITCHER,True,QA_VALIDATED_CANONICAL_V3,,,
608718,26.0,10.0,64.0,70.0,258.0,283.0,Top,824056,https://raw.githubusercontent.com/lancebroz/mlb-pitcher-data/main/data/raw/2026/daily/2026-04-03.parquet,False,2026-04-03,2026-04-04T01:38:00Z,LAA,SEA,H,Brent Suter,False,RELIEF_OR_BULK,26,7,3,3,2,3,1,0,0,https://statsapi.mlb.com/api/v1.1/game/824056/feed/live,both,True,P,Pitcher,BULLPEN_PITCHER,True,QA_VALIDATED_CANONICAL_V3,,,
642100,12.0,10.0,71.0,73.0,284.0,295.0,Bot,824056,https://raw.githubusercontent.com/lancebroz/mlb-pitcher-data/main/data/raw/2026/daily/2026-04-03.parquet,False,2026-04-03,2026-04-04T01:38:00Z,SEA,LAA,A,Gabe Speier,False,RELIEF_OR_BULK,12,3,3,1,0,0,0,1,0,https://statsapi.mlb.com/api/v1.1/game/824056/feed/live,both,True,P,Pitcher,BULLPEN_PITCHER,True,QA_VALIDATED_CANONICAL_V3,,,
662253,16.0,9.0,61.0,63.0,242.0,257.0,Bot,824056,https://raw.githubusercontent.com/lancebroz/mlb-pitcher-data/main/data/raw/2026/daily/2026-04-03.parquet,False,2026-04-03,2026-04-04T01:38:00Z,SEA,LAA,A,Andrés Muñoz,False,RELIEF_OR_BULK,16,3,3,0,0,0,0,3,0,https://statsapi.mlb.com/api/v1.1/game/824056/feed/live,both,True,P,Pitcher,BULLPEN_PITCHER,True,QA_VALIDATED_CANONICAL_V3,,,
666374,12.0,8.0,55.0,57.0,214.0,225.0,Bot,824056,https://raw.githubusercontent.com/lancebroz/mlb-pitcher-data/main/data/raw/2026/daily/2026-04-03.parquet,False,2026-04-03,2026-04-04T01:38:00Z,SEA,LAA,A,Matt Brash,False,RELIEF_OR_BULK,12,3,3,0,0,0,0,2,0,https://statsapi.mlb.com/api/v1.1/game/824056/feed/live,both,True,P,Pitcher,BULLPEN_PITCHER,True,QA_VALIDATED_CANONICAL_V3,,,
672282,104.0,1.0,0.0,45.0,1.0,184.0,Top,824056,https://raw.githubusercontent.com/lancebroz/mlb-pitcher-data/main/data/raw/2026/daily/2026-04-03.parquet,False,2026-04-03,2026-04-04T01:38:00Z,LAA,SEA,H,Reid Detmers,True,STARTER,104,26,20,0,0,3,4,4,0,https://statsapi.mlb.com/api/v1.1/game/824056/feed/live,both,True,P,Pitcher,STARTER/OPENER/BULK,True,QA_VALIDATED_CANONICAL_V3,,,
681217,5.0,7.0,46.0,46.0,185.0,189.0,Top,824056,https://raw.githubusercontent.com/lancebroz/mlb-pitcher-data/main/data/raw/2026/daily/2026-04-03.parquet,False,2026-04-03,2026-04-04T01:38:00Z,LAA,SEA,H,Chase Silseth,False,RELIEF_OR_BULK,5,1,1,0,0,0,0,1,0,https://statsapi.mlb.com/api/v1.1/game/824056/feed/live,both,True,P,Pitcher,BULLPEN_PITCHER,True,QA_VALIDATED_CANONICAL_V3,,,
693433,87.0,1.0,3.0,49.0,13.0,196.0,Bot,824056,https://raw.githubusercontent.com/lancebroz/mlb-pitcher-data/main/data/raw/2026/daily/2026-04-03.parquet,False,2026-04-03,2026-04-04T01:38:00Z,SEA,LAA,A,Bryan Woo,True,STARTER,87,23,21,0,0,1,1,6,0,https://statsapi.mlb.com/api/v1.1/game/824056/feed/live,both,True,P,Pitcher,STARTER/OPENER/BULK,True,QA_VALIDATED_CANONICAL_V3,,,
621381,7.0,8.0,50.0,52.0,171.0,177.0,Top,824128,https://raw.githubusercontent.com/lancebroz/mlb-pitcher-data/main/data/raw/2026/daily/2026-04-10.parquet,False,2026-04-10,2026-04-10T23:40:00Z,KC,CWS,H,Matt Strahm,False,RELIEF_OR_BULK,7,3,3,0,0,0,0,0,0,https://statsapi.mlb.com/api/v1.1/game/824128/feed/live,both,True,P,Pitcher,BULLPEN_PITCHER,True,QA_VALIDATED_CANONICAL_V3,,,
663436,82.0,1.0,4.0,49.0,24.0,170.0,Bot,824128,https://raw.githubusercontent.com/lancebroz/mlb-pitcher-data/main/data/raw/2026/daily/2026-04-10.parquet,False,2026-04-10,2026-04-10T23:40:00Z,CWS,KC,A,Davis Martin,True,STARTER,82,26,21,2,2,7,0,3,1,https://statsapi.mlb.com/api/v1.1/game/824128/feed/live,both,True,P,Pitcher,STARTER/OPENER/BULK,True,QA_VALIDATED_CANONICAL_V3,,,
663460,88.0,1.0,0.0,44.0,1.0,156.0,Top,824128,https://raw.githubusercontent.com/lancebroz/mlb-pitcher-data/main/data/raw/2026/daily/2026-04-10.parquet,False,2026-04-10,2026-04-10T23:40:00Z,KC,CWS,H,Kris Bubic,True,STARTER,88,24,21,0,0,2,1,11,0,https://statsapi.mlb.com/api/v1.1/game/824128/feed/live,both,True,P,Pitcher,STARTER/OPENER/BULK,True,QA_VALIDATED_CANONICAL_V3,,,
668674,10.0,9.0,56.0,58.0,192.0,201.0,Top,824128,https://raw.githubusercontent.com/lancebroz/mlb-pitcher-data/main/data/raw/2026/daily/2026-04-10.parquet,False,2026-04-10,2026-04-10T23:40:00Z,KC,CWS,H,Lucas Erceg,False,RELIEF_OR_BULK,10,3,3,0,0,0,0,0,0,https://statsapi.mlb.com/api/v1.1/game/824128/feed/live,both,True,P,Pitcher,BULLPEN_PITCHER,True,QA_VALIDATED_CANONICAL_V3,,,
701474,14.0,8.0,53.0,55.0,178.0,191.0,Bot,824128,https://raw.githubusercontent.com/lancebroz/mlb-pitcher-data/main/data/raw/2026/daily/2026-04-10.parquet,False,2026-04-10,2026-04-10T23:40:00Z,CWS,KC,A,Duncan Davitt,False,RELIEF_OR_BULK,14,3,3,0,0,0,1,0,0,https://statsapi.mlb.com/api/v1.1/game/824128/feed/live,both,True,P,Pitcher,BULLPEN_PITCHER,True,QA_VALIDATED_CANONICAL_V3,,,
607200,85.0,1.0,4.0,38.0,12.0,144.0,Bot,824129,https://raw.githubusercontent.com/lancebroz/mlb-pitcher-data/main/data/raw/2026/daily/2026-04-11.parquet,False,2026-04-11,2026-04-11T20:10:00Z,CWS,KC,A,Erick Fedde,True,STARTER,85,21,15,1,1,3,1,4,1,https://statsapi.mlb.com/api/v1.1/game/824129/feed/live,both,True,P,Pitcher,STARTER/OPENER/BULK,True,QA_VALIDATED_CANONICAL_V3,,,
608379,88.0,1.0,0.0,54.0,1.0,196.0,Top,824129,https://raw.githubusercontent.com/lancebroz/mlb-pitcher-data/main/data/raw/2026/daily/2026-04-11.parquet,False,2026-04-11,2026-04-11T20:10:00Z,KC,CWS,H,Michael Wacha,True,STARTER,88,28,24,0,0,4,1,7,0,https://statsapi.mlb.com/api/v1.1/game/824129/feed/live,both,True,P,Pitcher,STARTER/OPENER/BULK,True,QA_VALIDATED_CANONICAL_V3,,,
656794,23.0,6.0,42.0,51.0,152.0,188.0,Bot,824129,https://raw.githubusercontent.com/lancebroz/mlb-pitcher-data/main/data/raw/2026/daily/2026-04-11.parquet,False,2026-04-11,2026-04-11T20:10:00Z,CWS,KC,A,Sean Newcomb,False,RELIEF_OR_BULK,23,6,6,0,0,0,0,1,0,https://statsapi.mlb.com/api/v1.1/game/824129/feed/live,both,True,P,Pitcher,BULLPEN_PITCHER,True,QA_VALIDATED_CANONICAL_V3,,,
663855,16.0,8.0,55.0,58.0,197.0,212.0,Bot,824129,https://raw.githubusercontent.com/lancebroz/mlb-pitcher-data/main/data/raw/2026/daily/2026-04-11.parquet,False,2026-04-11,2026-04-11T20:10:00Z,CWS,KC,A,Jordan Hicks,False,RELIEF_OR_BULK,16,4,3,1,1,1,0,1,0,https://statsapi.mlb.com/api/v1.1/game/824129/feed/live,both,True,P,Pitcher,BULLPEN_PITCHER,True,QA_VALIDATED_CANONICAL_V3,,,
668674,12.0,9.0,59.0,61.0,213.0,224.0,Top,824129,https://raw.githubusercontent.com/lancebroz/mlb-pitcher-data/main/data/raw/2026/daily/2026-04-11.parquet,False,2026-04-11,2026-04-11T20:10:00Z,KC,CWS,H,Lucas Erceg,False,RELIEF_OR_BULK,12,3,3,0,0,0,0,1,0,https://statsapi.mlb.com/api/v1.1/game/824129/feed/live,both,True,P,Pitcher,BULLPEN_PITCHER,True,QA_VALIDATED_CANONICAL_V3,,,
607625,92.0,1.0,0.0,48.0,1.0,196.0,Top,824130,https://raw.githubusercontent.com/lancebroz/mlb-pitcher-data/main/data/raw/2026/daily/2026-04-09.parquet,False,2026-04-09,2026-04-09T23:40:00Z,KC,CWS,H,Seth Lugo,True,STARTER,92,24,19,2,1,4,4,4,0,https://statsapi.mlb.com/api/v1.1/game/824130/feed/live,both,True,P,Pitcher,STARTER/OPENER/BULK,True,QA_VALIDATED_CANONICAL_V3,,,
622554,15.0,9.0,69.0,72.0,271.0,285.0,Bot,824130,https://raw.githubusercontent.com/lancebroz/mlb-pitcher-data/main/data/raw/2026/daily/2026-04-09.parquet,False,2026-04-09,2026-04-09T23:40:00Z,CWS,KC,A,Seranthony Domínguez,False,RELIEF_OR_BULK,15,4,3,0,0,0,1,2,0,https://statsapi.mlb.com/api/v1.1/game/824130/feed/live,both,True,P,Pitcher,BULLPEN_PITCHER,True,QA_VALIDATED_CANONICAL_V3,,,
641743,100.0,1.0,4.0,44.0,18.0,180.0,Bot,824130,https://raw.githubusercontent.com/lancebroz/mlb-pitcher-data/main/data/raw/2026/daily/2026-04-09.parquet,False,2026-04-09,2026-04-09T23:40:00Z,CWS,KC,A,Anthony Kay,True,STARTER,100,24,17,0,0,3,2,6,0,https://statsapi.mlb.com/api/v1.1/game/824130/feed/live,both,True,P,Pitcher,STARTER/OPENER/BULK,True,QA_VALIDATED_CANONICAL_V3,,,
669212,27.0,8.0,57.0,68.0,226.0,270.0,Top,824130,https://raw.githubusercontent.com/lancebroz/mlb-pitcher-data/main/data/raw/2026/daily/2026-04-09.parquet,False,2026-04-09,2026-04-09T23:40:00Z,KC,CWS,H,Eli Morgan,False,RELIEF_OR_BULK,27,8,6,0,0,1,1,1,0,https://statsapi.mlb.com/api/v1.1/game/824130/feed/live,both,True,P,Pitcher,BULLPEN_PITCHER,True,QA_VALIDATED_CANONICAL_V3,,,
670167,11.0,7.0,49.0,51.0,197.0,207.0,Top,824130,https://raw.githubusercontent.com/lancebroz/mlb-pitcher-data/main/data/raw/2026/daily/2026-04-09.parquet,False,2026-04-09,2026-04-09T23:40:00Z,KC,CWS,H,John Schreiber,False,RELIEF_OR_BULK,11,3,2,0,0,0,0,0,0,https://statsapi.mlb.com/api/v1.1/game/824130/feed/live,both,True,P,Pitcher,BULLPEN_PITCHER,True,QA_VALIDATED_CANONICAL_V3,,,
673929,18.0,8.0,61.0,64.0,243.0,260.0,Bot,824130,https://raw.githubusercontent.com/lancebroz/mlb-pitcher-data/main/data/raw/2026/daily/2026-04-09.parquet,False,2026-04-09,2026-04-09T23:40:00Z,CWS,KC,A,Jordan Leasure,False,RELIEF_OR_BULK,18,4,3,0,0,0,1,2,0,https://statsapi.mlb.com/api/v1.1/game/824130/feed/live,both,True,P,Pitcher,BULLPEN_PITCHER,True,QA_VALIDATED_CANONICAL_V3,,,
691799,22.0,6.0,45.0,56.0,181.0,225.0,Bot,824130,https://raw.githubusercontent.com/lancebroz/mlb-pitcher-data/main/data/raw/2026/daily/2026-04-09.parquet,False,2026-04-09,2026-04-09T23:40:00Z,CWS,KC,A,Grant Taylor,False,RELIEF_OR_BULK,22,6,4,0,0,2,0,1,0,https://statsapi.mlb.com/api/v1.1/game/824130/feed/live,both,True,P,Pitcher,BULLPEN_PITCHER,True,QA_VALIDATED_CANONICAL_V3,,,
621381,29.0,7.0,51.0,56.0,206.0,234.0,Top,824131,https://raw.githubusercontent.com/lancebroz/mlb-pitcher-data/main/data/raw/2026/daily/2026-04-05.parquet,False,2026-04-05,2026-04-05T18:10:00Z,KC,MIL,H,Matt Strahm,False,RELIEF_OR_BULK,29,6,3,2,2,2,1,1,0,https://statsapi.mlb.com/api/v1.1/game/824131/feed/live,both,True,P,Pitcher,BULLPEN_PITCHER,True,QA_VALIDATED_CANONICAL_V3,,,
656730,12.0,9.0,80.0,83.0,325.0,336.0,Bot,824131,https://raw.githubusercontent.com/lancebroz/mlb-pitcher-data/main/data/raw/2026/daily/2026-04-05.parquet,False,2026-04-05,2026-04-05T18:10:00Z,MIL,KC,A,Trevor Megill,False,RELIEF_OR_BULK,12,4,3,0,0,1,0,0,0,https://statsapi.mlb.com/api/v1.1/game/824131/feed/live,both,True,P,Pitcher,BULLPEN_PITCHER,True,QA_VALIDATED_CANONICAL_V3,,,
663460,96.0,1.0,0.0,37.0,1.0,168.0,Top,824131,https://raw.githubusercontent.com/lancebroz/mlb-pitcher-data/main/data/raw/2026/daily/2026-04-05.parquet,False,2026-04-05,2026-04-05T18:10:00Z,KC,MIL,H,Kris Bubic,True,STARTER,96,22,15,4,4,4,3,8,1,https://statsapi.mlb.com/api/v1.1/game/824131/feed/live,both,True,P,Pitcher,STARTER/OPENER/BULK,True,QA_VALIDATED_CANONICAL_V3,,,
668674,30.0,9.0,74.0,79.0,295.0,324.0,Top,824131,https://raw.githubusercontent.com/lancebroz/mlb-pitcher-data/main/data/raw/2026/daily/2026-04-05.parquet,False,2026-04-05,2026-04-05T18:10:00Z,KC,MIL,H,Lucas Erceg,False,RELIEF_OR_BULK,30,6,3,2,2,3,1,1,0,https://statsapi.mlb.com/api/v1.1/game/824131/feed/live,both,True,P,Pitcher,BULLPEN_PITCHER,True,QA_VALIDATED_CANONICAL_V3,,,
672582,23.0,7.0,62.0,73.0,256.0,294.0,Bot,824131,https://raw.githubusercontent.com/lancebroz/mlb-pitcher-data/main/data/raw/2026/daily/2026-04-05.parquet,False,2026-04-05,2026-04-05T18:10:00Z,MIL,KC,A,Angel Zerpa,False,RELIEF_OR_BULK,23,6,5,0,0,1,1,1,0,https://statsapi.mlb.com/api/v1.1/game/824131/feed/live,both,True,P,Pitcher,BULLPEN_PITCHER,True,QA_VALIDATED_CANONICAL_V3,,,
674444,16.0,8.0,65.0,69.0,261.0,276.0,Top,824131,https://raw.githubusercontent.com/lancebroz/mlb-pitcher-data/main/data/raw/2026/daily/2026-04-05.parquet,False,2026-04-05,2026-04-05T18:10:00Z,KC,MIL,H,Steven Cruz,False,RELIEF_OR_BULK,16,5,3,0,0,0,2,1,0,https://statsapi.mlb.com/api/v1.1/game/824131/feed/live,both,True,P,Pitcher,BULLPEN_PITCHER,True,QA_VALIDATED_CANONICAL_V3,,,
681982,12.0,6.0,48.0,58.0,201.0,241.0,Bot,824131,https://raw.githubusercontent.com/lancebroz/mlb-pitcher-data/main/data/raw/2026/daily/2026-04-05.parquet,False,2026-04-05,2026-04-05T18:10:00Z,MIL,KC,A,Grant Anderson,False,RELIEF_OR_BULK,12,5,2,2,2,2,1,1,0,https://statsapi.mlb.com/api/v1.1/game/824131/feed/live,both,True,P,Pitcher,BULLPEN_PITCHER,True,QA_VALIDATED_CANONICAL_V3,,,
682842,14.0,7.0,59.0,61.0,242.0,255.0,Bot,824131,https://raw.githubusercontent.com/lancebroz/mlb-pitcher-data/main/data/raw/2026/daily/2026-04-05.parquet,False,2026-04-05,2026-04-05T18:10:00Z,MIL,KC,A,Abner Uribe,False,RELIEF_OR_BULK,14,3,1,1,1,2,0,1,0,https://statsapi.mlb.com/api/v1.1/game/824131/feed/live,both,True,P,Pitcher,BULLPEN_PITCHER,True,QA_VALIDATED_CANONICAL_V3,,,
683232,14.0,6.0,42.0,46.0,183.0,196.0,Top,824131,https://raw.githubusercontent.com/lancebroz/mlb-pitcher-data/main/data/raw/2026/daily/2026-04-05.parquet,False,2026-04-05,2026-04-05T18:10:00Z,KC,MIL,H,Nick Mears,False,RELIEF_OR_BULK,14,5,3,0,0,1,1,0,0,https://statsapi.mlb.com/api/v1.1/game/824131/feed/live,both,True,P,Pitcher,BULLPEN_PITCHER,True,QA_VALIDATED_CANONICAL_V3,,,
690986,90.0,1.0,6.0,47.0,29.0,200.0,Bot,824131,https://raw.githubusercontent.com/lancebroz/mlb-pitcher-data/main/data/raw/2026/daily/2026-04-05.parquet,False,2026-04-05,2026-04-05T18:10:00Z,MIL,KC,A,Kyle Harrison,True,STARTER,90,21,16,2,2,3,2,6,1,https://statsapi.mlb.com/api/v1.1/game/824131/feed/live,both,True,P,Pitcher,STARTER/OPENER/BULK,True,QA_VALIDATED_CANONICAL_V3,,,
656638,38.0,6.0,48.0,60.0,187.0,248.0,Top,824132,https://raw.githubusercontent.com/lancebroz/mlb-pitcher-data/main/data/raw/2026/daily/2026-04-04.parquet,False,2026-04-04,2026-04-04T18:10:00Z,KC,MIL,H,Alex Lange,False,RELIEF_OR_BULK,38,8,6,0,0,1,1,4,0,https://statsapi.mlb.com/api/v1.1/game/824132/feed/live,both,True,P,Pitcher,BULLPEN_PITCHER,True,QA_VALIDATED_CANONICAL_V3,,,
656730,22.0,9.0,77.0,81.0,317.0,338.0,Bot,824132,https://raw.githubusercontent.com/lancebroz/mlb-pitcher-data/main/data/raw/2026/daily/2026-04-04.parquet,False,2026-04-04,2026-04-04T18:10:00Z,MIL,KC,A,Trevor Megill,False,RELIEF_OR_BULK,22,5,3,0,0,0,2,2,0,https://statsapi.mlb.com/api/v1.1/game/824132/feed/live,both,True,P,Pitcher,BULLPEN_PITCHER,True,QA_VALIDATED_CANONICAL_V3,,,
663738,27.0,4.0,33.0,44.0,129.0,172.0,Top,824132,https://raw.githubusercontent.com/lancebroz/mlb-pitcher-data/main/data/raw/2026/daily/2026-04-04.parquet,False,2026-04-04,2026-04-04T18:10:00Z,KC,MIL,H,Daniel Lynch IV,False,RELIEF_OR_BULK,27,7,6,0,0,1,0,3,0,https://statsapi.mlb.com/api/v1.1/game/824132/feed/live,both,True,P,Pitcher,BULLPEN_PITCHER,True,QA_VALIDATED_CANONICAL_V3,,,
670167,19.0,8.0,67.0,70.0,268.0,286.0,Top,824132,https://raw.githubusercontent.com/lancebroz/mlb-pitcher-data/main/data/raw/2026/daily/2026-04-04.parquet,False,2026-04-04,2026-04-04T18:10:00Z,KC,MIL,H,John Schreiber,False,RELIEF_OR_BULK,19,4,3,0,0,0,2,0,0,https://statsapi.mlb.com/api/v1.1/game/824132/feed/live,both,True,P,Pitcher,BULLPEN_PITCHER,True,QA_VALIDATED_CANONICAL_V3,,,
674444,18.0,9.0,74.0,76.0,299.0,316.0,Top,824132,https://raw.githubusercontent.com/lancebroz/mlb-pitcher-data/main/data/raw/2026/daily/2026-04-04.parquet,False,2026-04-04,2026-04-04T18:10:00Z,KC,MIL,H,Steven Cruz,False,RELIEF_OR_BULK,18,3,3,0,0,0,0,1,0,https://statsapi.mlb.com/api/v1.1/game/824132/feed/live,both,True,P,Pitcher,BULLPEN_PITCHER,True,QA_VALIDATED_CANONICAL_V3,,,
676879,41.0,6.0,53.0,65.0,211.0,265.0,Bot,824132,https://raw.githubusercontent.com/lancebroz/mlb-pitcher-data/main/data/raw/2026/daily/2026-04-04.parquet,False,2026-04-04,2026-04-04T18:10:00Z,MIL,KC,A,Aaron Ashby,False,RELIEF_OR_BULK,41,10,5,2,2,4,1,3,0,https://statsapi.mlb.com/api/v1.1/game/824132/feed/live,both,True,P,Pitcher,BULLPEN_PITCHER,True,QA_VALIDATED_CANONICAL_V3,,,
679883,73.0,1.0,0.0,32.0,1.0,128.0,Top,824132,https://raw.githubusercontent.com/lancebroz/mlb-pitcher-data/main/data/raw/2026/daily/2026-04-04.parquet,False,2026-04-04,2026-04-04T18:10:00Z,KC,MIL,H,Luinder Avila,True,STARTER,73,18,9,5,5,8,3,4,1,https://statsapi.mlb.com/api/v1.1/game/824132/feed/live,both,True,P,Pitcher,STARTER/OPENER/BULK,True,QA_VALIDATED_CANONICAL_V3,,,
682842,14.0,7.0,66.0,73.0,266.0,298.0,Bot,824132,https://raw.githubusercontent.com/lancebroz/mlb-pitcher-data/main/data/raw/2026/daily/2026-04-04.parquet,False,2026-04-04,2026-04-04T18:10:00Z,MIL,KC,A,Abner Uribe,False,RELIEF_OR_BULK,14,4,4,0,0,0,0,1,0,https://statsapi.mlb.com/api/v1.1/game/824132/feed/live,both,True,P,Pitcher,BULLPEN_PITCHER,True,QA_VALIDATED_CANONICAL_V3,,,
694477,86.0,1.0,6.0,47.0,28.0,186.0,Bot,824132,https://raw.githubusercontent.com/lancebroz/mlb-pitcher-data/main/data/raw/2026/daily/2026-04-04.parquet,False,2026-04-04,2026-04-04T18:10:00Z,MIL,KC,A,Chad Patrick,True,STARTER,86,20,15,0,0,4,3,3,0,https://statsapi.mlb.com/api/v1.1/game/824132/feed/live,both,True,P,Pitcher,STARTER/OPENER/BULK,True,QA_VALIDATED_CANONICAL_V3,,,
573124,4.0,8.0,62.0,62.0,262.0,265.0,Bot,824133,https://raw.githubusercontent.com/lancebroz/mlb-pitcher-data/main/data/raw/2026/daily/2026-04-02.parquet,False,2026-04-02,2026-04-02T18:10:00Z,MIN,KC,A,Taylor Rogers,False,RELIEF_OR_BULK,4,1,1,0,0,0,0,1,0,https://statsapi.mlb.com/api/v1.1/game/824133/feed/live,both,True,P,Pitcher,BULLPEN_PITCHER,True,QA_VALIDATED_CANONICAL_V3,,,
621381,19.0,7.0,45.0,48.0,190.0,208.0,Top,824133,https://raw.githubusercontent.com/lancebroz/mlb-pitcher-data/main/data/raw/2026/daily/2026-04-02.parquet,False,2026-04-02,2026-04-02T18:10:00Z,KC,MIN,H,Matt Strahm,False,RELIEF_OR_BULK,19,4,3,0,0,0,0,2,0,https://statsapi.mlb.com/api/v1.1/game/824133/feed/live,both,True,P,Pitcher,BULLPEN_PITCHER,True,QA_VALIDATED_CANONICAL_V3,,,
623437,13.0,9.0,69.0,72.0,293.0,305.0,Bot,824133,https://raw.githubusercontent.com/lancebroz/mlb-pitcher-data/main/data/raw/2026/daily/2026-04-02.parquet,False,2026-04-02,2026-04-02T18:10:00Z,MIN,KC,A,Justin Topa,False,RELIEF_OR_BULK,13,4,3,0,0,0,1,1,0,https://statsapi.mlb.com/api/v1.1/game/824133/feed/live,both,True,P,Pitcher,BULLPEN_PITCHER,True,QA_VALIDATED_CANONICAL_V3,,,
663485,11.0,8.0,58.0,61.0,251.0,261.0,Bot,824133,https://raw.githubusercontent.com/lancebroz/mlb-pitcher-data/main/data/raw/2026/daily/2026-04-02.parquet,False,2026-04-02,2026-04-02T18:10:00Z,MIN,KC,A,Cole Sands,False,RELIEF_OR_BULK,11,4,2,1,1,2,0,0,0,https://statsapi.mlb.com/api/v1.1/game/824133/feed/live,both,True,P,Pitcher,BULLPEN_PITCHER,True,QA_VALIDATED_CANONICAL_V3,,,
666142,89.0,1.0,0.0,40.0,1.0,179.0,Top,824133,https://raw.githubusercontent.com/lancebroz/mlb-pitcher-data/main/data/raw/2026/daily/2026-04-02.parquet,False,2026-04-02,2026-04-02T18:10:00Z,KC,MIN,H,Cole Ragans,True,STARTER,89,20,18,1,0,4,1,8,0,https://statsapi.mlb.com/api/v1.1/game/824133/feed/live,both,True,P,Pitcher,STARTER/OPENER/BULK,True,QA_VALIDATED_CANONICAL_V3,,,
670167,27.0,8.0,52.0,57.0,224.0,250.0,Top,824133,https://raw.githubusercontent.com/lancebroz/mlb-pitcher-data/main/data/raw/2026/daily/2026-04-02.parquet,False,2026-04-02,2026-04-02T18:10:00Z,KC,MIN,H,John Schreiber,False,RELIEF_OR_BULK,27,6,3,1,1,1,2,1,0,https://statsapi.mlb.com/api/v1.1/game/824133/feed/live,both,True,P,Pitcher,BULLPEN_PITCHER,True,QA_VALIDATED_CANONICAL_V3,,,
671737,100.0,1.0,4.0,44.0,25.0,189.0,Bot,824133,https://raw.githubusercontent.com/lancebroz/mlb-pitcher-data/main/data/raw/2026/daily/2026-04-02.parquet,False,2026-04-02,2026-04-02T18:10:00Z,MIN,KC,A,Taj Bradley,True,STARTER,100,24,18,0,0,5,1,3,0,https://statsapi.mlb.com/api/v1.1/game/824133/feed/live,both,True,P,Pitcher,STARTER/OPENER/BULK,True,QA_VALIDATED_CANONICAL_V3,,,
674444,27.0,9.0,63.0,68.0,266.0,292.0,Top,824133,https://raw.githubusercontent.com/lancebroz/mlb-pitcher-data/main/data/raw/2026/daily/2026-04-02.parquet,False,2026-04-02,2026-04-02T18:10:00Z,KC,MIN,H,Steven Cruz,False,RELIEF_OR_BULK,27,6,3,3,3,3,0,1,3,https://statsapi.mlb.com/api/v1.1/game/824133/feed/live,both,True,P,Pitcher,BULLPEN_PITCHER,True,QA_VALIDATED_CANONICAL_V3,,,
681892,15.0,7.0,49.0,51.0,209.0,223.0,Bot,824133,https://raw.githubusercontent.com/lancebroz/mlb-pitcher-data/main/data/raw/2026/daily/2026-04-02.parquet,False,2026-04-02,2026-04-02T18:10:00Z,MIN,KC,A,Kody Funderburk,False,RELIEF_OR_BULK,15,3,3,0,0,0,0,1,0,https://statsapi.mlb.com/api/v1.1/game/824133/feed/live,both,True,P,Pitcher,BULLPEN_PITCHER,True,QA_VALIDATED_CANONICAL_V3,,,
607625,103.0,1.0,0.0,36.0,1.0,168.0,Top,824134,https://raw.githubusercontent.com/lancebroz/mlb-pitcher-data/main/data/raw/2026/daily/2026-04-04.parquet,False,2026-04-04,2026-04-04T23:10:00Z,KC,MIL,H,Seth Lugo,True,STARTER,103,21,15,2,2,4,2,7,0,https://statsapi.mlb.com/api/v1.1/game/824134/feed/live,both,True,P,Pitcher,STARTER/OPENER/BULK,True,QA_VALIDATED_CANONICAL_V3,,,
657649,17.0,6.0,50.0,55.0,223.0,239.0,Bot,824134,https://raw.githubusercontent.com/lancebroz/mlb-pitcher-data/main/data/raw/2026/daily/2026-04-04.parquet,False,2026-04-04,2026-04-04T23:10:00Z,MIL,KC,A,Jared Koenig,False,RELIEF_OR_BULK,17,6,1,2,0,2,2,0,0,https://statsapi.mlb.com/api/v1.1/game/824134/feed/live,both,True,P,Pitcher,BULLPEN_PITCHER,True,QA_VALIDATED_CANONICAL_V3,,,
669084,38.0,7.0,61.0,71.0,260.0,309.0,Bot,824134,https://raw.githubusercontent.com/lancebroz/mlb-pitcher-data/main/data/raw/2026/daily/2026-04-04.parquet,False,2026-04-04,2026-04-04T23:10:00Z,MIL,KC,A,DL Hall,False,RELIEF_OR_BULK,38,7,6,0,0,1,1,2,0,https://statsapi.mlb.com/api/v1.1/game/824134/feed/live,both,True,P,Pitcher,BULLPEN_PITCHER,True,QA_VALIDATED_CANONICAL_V3,,,
669212,42.0,7.0,56.0,74.0,240.0,319.0,Top,824134,https://raw.githubusercontent.com/lancebroz/mlb-pitcher-data/main/data/raw/2026/daily/2026-04-04.parquet,False,2026-04-04,2026-04-04T23:10:00Z,KC,MIL,H,Eli Morgan,False,RELIEF_OR_BULK,42,12,9,0,0,1,1,5,0,https://statsapi.mlb.com/api/v1.1/game/824134/feed/live,both,True,P,Pitcher,BULLPEN_PITCHER,True,QA_VALIDATED_CANONICAL_V3,,,
683232,14.0,6.0,41.0,43.0,183.0,196.0,Top,824134,https://raw.githubusercontent.com/lancebroz/mlb-pitcher-data/main/data/raw/2026/daily/2026-04-04.parquet,False,2026-04-04,2026-04-04T23:10:00Z,KC,MIL,H,Nick Mears,False,RELIEF_OR_BULK,14,3,3,0,0,0,0,0,0,https://statsapi.mlb.com/api/v1.1/game/824134/feed/live,both,True,P,Pitcher,BULLPEN_PITCHER,True,QA_VALIDATED_CANONICAL_V3,,,
687075,70.0,3.0,21.0,49.0,99.0,222.0,Bot,824134,https://raw.githubusercontent.com/lancebroz/mlb-pitcher-data/main/data/raw/2026/daily/2026-04-04.parquet,False,2026-04-04,2026-04-04T23:10:00Z,MIL,KC,A,Brandon Sproat,False,RELIEF_OR_BULK,70,17,11,4,4,4,3,4,1,https://statsapi.mlb.com/api/v1.1/game/824134/feed/live,both,True,P,Pitcher,BULLPEN_PITCHER,True,QA_VALIDATED_CANONICAL_V3,,,
701656,35.0,1.0,3.0,14.0,17.0,62.0,Bot,824134,https://raw.githubusercontent.com/lancebroz/mlb-pitcher-data/main/data/raw/2026/daily/2026-04-04.parquet,False,2026-04-04,2026-04-04T23:10:00Z,MIL,KC,A,Logan Henderson,True,STARTER,35,9,6,2,2,3,1,3,0,https://statsapi.mlb.com/api/v1.1/game/824134/feed/live,both,True,P,Pitcher,STARTER/OPENER/BULK,True,QA_VALIDATED_CANONICAL_V3,,,
573124,14.0,8.0,57.0,59.0,212.0,225.0,Bot,824135,https://raw.githubusercontent.com/lancebroz/mlb-pitcher-data/main/data/raw/2026/daily/2026-03-30.parquet,False,2026-03-30,2026-03-30T20:10:00Z,MIN,KC,A,Taylor Rogers,False,RELIEF_OR_BULK,14,3,3,0,0,0,0,1,0,https://statsapi.mlb.com/api/v1.1/game/824135/feed/live,both,True,P,Pitcher,BULLPEN_PITCHER,True,QA_VALIDATED_CANONICAL_V3,,,
623437,10.0,7.0,52.0,53.0,194.0,203.0,Bot,824135,https://raw.githubusercontent.com/lancebroz/mlb-pitcher-data/main/data/raw/2026/daily/2026-03-30.parquet,False,2026-03-30,2026-03-30T20:10:00Z,MIN,KC,A,Justin Topa,False,RELIEF_OR_BULK,10,2,2,0,0,0,0,1,0,https://statsapi.mlb.com/api/v1.1/game/824135/feed/live,both,True,P,Pitcher,BULLPEN_PITCHER,True,QA_VALIDATED_CANONICAL_V3,,,
663460,75.0,1.0,0.0,41.0,1.0,158.0,Top,824135,https://raw.githubusercontent.com/lancebroz/mlb-pitcher-data/main/data/raw/2026/daily/2026-03-30.parquet,False,2026-03-30,2026-03-30T20:10:00Z,KC,MIN,H,Kris Bubic,True,STARTER,75,22,18,1,1,2,3,4,1,https://statsapi.mlb.com/api/v1.1/game/824135/feed/live,both,True,P,Pitcher,STARTER/OPENER/BULK,True,QA_VALIDATED_CANONICAL_V3,,,
663738,9.0,7.0,46.0,48.0,175.0,183.0,Top,824135,https://raw.githubusercontent.com/lancebroz/mlb-pitcher-data/main/data/raw/2026/daily/2026-03-30.parquet,False,2026-03-30,2026-03-30T20:10:00Z,KC,MIN,H,Daniel Lynch IV,False,RELIEF_OR_BULK,9,3,3,0,0,0,0,1,0,https://statsapi.mlb.com/api/v1.1/game/824135/feed/live,both,True,P,Pitcher,BULLPEN_PITCHER,True,QA_VALIDATED_CANONICAL_V3,,,
670167,15.0,9.0,60.0,63.0,226.0,240.0,Top,824135,https://raw.githubusercontent.com/lancebroz/mlb-pitcher-data/main/data/raw/2026/daily/2026-03-30.parquet,False,2026-03-30,2026-03-30T20:10:00Z,KC,MIN,H,John Schreiber,False,RELIEF_OR_BULK,15,4,3,0,0,1,0,0,0,https://statsapi.mlb.com/api/v1.1/game/824135/feed/live,both,True,P,Pitcher,BULLPEN_PITCHER,True,QA_VALIDATED_CANONICAL_V3,,,
680573,83.0,1.0,4.0,37.0,21.0,144.0,Bot,824135,https://raw.githubusercontent.com/lancebroz/mlb-pitcher-data/main/data/raw/2026/daily/2026-03-30.parquet,False,2026-03-30,2026-03-30T20:10:00Z,MIN,KC,A,Simeon Woods Richardson,True,STARTER,83,20,15,2,2,5,1,2,1,https://statsapi.mlb.com/api/v1.1/game/824135/feed/live,both,True,P,Pitcher,STARTER/OPENER/BULK,True,QA_VALIDATED_CANONICAL_V3,,,
681892,26.0,6.0,42.0,51.0,159.0,193.0,Bot,824135,https://raw.githubusercontent.com/lancebroz/mlb-pitcher-data/main/data/raw/2026/daily/2026-03-30.parquet,False,2026-03-30,2026-03-30T20:10:00Z,MIN,KC,A,Kody Funderburk,False,RELIEF_OR_BULK,26,7,4,1,1,2,1,3,1,https://statsapi.mlb.com/api/v1.1/game/824135/feed/live,both,True,P,Pitcher,BULLPEN_PITCHER,True,QA_VALIDATED_CANONICAL_V3,,,
683232,8.0,8.0,54.0,56.0,204.0,211.0,Top,824135,https://raw.githubusercontent.com/lancebroz/mlb-pitcher-data/main/data/raw/2026/daily/2026-03-30.parquet,False,2026-03-30,2026-03-30T20:10:00Z,KC,MIN,H,Nick Mears,False,RELIEF_OR_BULK,8,3,3,0,0,1,0,1,0,https://statsapi.mlb.com/api/v1.1/game/824135/feed/live,both,True,P,Pitcher,BULLPEN_PITCHER,True,QA_VALIDATED_CANONICAL_V3,,,
607455,12.0,8.0,79.0,82.0,343.0,354.0,Bot,824136,https://raw.githubusercontent.com/lancebroz/mlb-pitcher-data/main/data/raw/2026/daily/2026-04-01.parquet,False,2026-04-01,2026-04-01T23:40:00Z,MIN,KC,A,Anthony Banda,False,RELIEF_OR_BULK,12,4,3,0,0,1,0,1,0,https://statsapi.mlb.com/api/v1.1/game/824136/feed/live,both,True,P,Pitcher,BULLPEN_PITCHER,True,QA_VALIDATED_CANONICAL_V3,,,
656638,34.0,8.0,71.0,76.0,302.0,335.0,Top,824136,https://raw.githubusercontent.com/lancebroz/mlb-pitcher-data/main/data/raw/2026/daily/2026-04-01.parquet,False,2026-04-01,2026-04-01T23:40:00Z,KC,MIN,H,Alex Lange,False,RELIEF_OR_BULK,34,6,1,2,2,1,3,1,0,https://statsapi.mlb.com/api/v1.1/game/824136/feed/live,both,True,P,Pitcher,BULLPEN_PITCHER,True,QA_VALIDATED_CANONICAL_V3,,,
657746,77.0,1.0,4.0,34.0,19.0,140.0,Bot,824136,https://raw.githubusercontent.com/lancebroz/mlb-pitcher-data/main/data/raw/2026/daily/2026-04-01.parquet,False,2026-04-01,2026-04-01T23:40:00Z,MIN,KC,A,Joe Ryan,True,STARTER,77,20,12,5,5,9,0,3,0,https://statsapi.mlb.com/api/v1.1/game/824136/feed/live,both,True,P,Pitcher,STARTER/OPENER/BULK,True,QA_VALIDATED_CANONICAL_V3,,,
663559,20.0,9.0,83.0,88.0,355.0,374.0,Top,824136,https://raw.githubusercontent.com/lancebroz/mlb-pitcher-data/main/data/raw/2026/daily/2026-04-01.parquet,False,2026-04-01,2026-04-01T23:40:00Z,KC,MIN,H,Bailey Falter,False,RELIEF_OR_BULK,20,6,1,3,3,3,2,0,1,https://statsapi.mlb.com/api/v1.1/game/824136/feed/live,both,True,P,Pitcher,BULLPEN_PITCHER,True,QA_VALIDATED_CANONICAL_V3,,,
663738,37.0,7.0,58.0,65.0,244.0,280.0,Top,824136,https://raw.githubusercontent.com/lancebroz/mlb-pitcher-data/main/data/raw/2026/daily/2026-04-01.parquet,False,2026-04-01,2026-04-01T23:40:00Z,KC,MIN,H,Daniel Lynch IV,False,RELIEF_OR_BULK,37,8,3,3,1,1,3,2,0,https://statsapi.mlb.com/api/v1.1/game/824136/feed/live,both,True,P,Pitcher,BULLPEN_PITCHER,True,QA_VALIDATED_CANONICAL_V3,,,
668674,7.0,9.0,89.0,90.0,375.0,381.0,Top,824136,https://raw.githubusercontent.com/lancebroz/mlb-pitcher-data/main/data/raw/2026/daily/2026-04-01.parquet,False,2026-04-01,2026-04-01T23:40:00Z,KC,MIN,H,Lucas Erceg,False,RELIEF_OR_BULK,7,2,2,0,0,0,0,0,0,https://statsapi.mlb.com/api/v1.1/game/824136/feed/live,both,True,P,Pitcher,BULLPEN_PITCHER,True,QA_VALIDATED_CANONICAL_V3,,,
674444,7.0,8.0,77.0,78.0,336.0,342.0,Top,824136,https://raw.githubusercontent.com/lancebroz/mlb-pitcher-data/main/data/raw/2026/daily/2026-04-01.parquet,False,2026-04-01,2026-04-01T23:40:00Z,KC,MIN,H,Steven Cruz,False,RELIEF_OR_BULK,7,2,2,0,0,0,0,1,0,https://statsapi.mlb.com/api/v1.1/game/824136/feed/live,both,True,P,Pitcher,BULLPEN_PITCHER,True,QA_VALIDATED_CANONICAL_V3,,,
683232,18.0,6.0,44.0,46.0,180.0,197.0,Top,824136,https://raw.githubusercontent.com/lancebroz/mlb-pitcher-data/main/data/raw/2026/daily/2026-04-01.parquet,False,2026-04-01,2026-04-01T23:40:00Z,KC,MIN,H,Nick Mears,False,RELIEF_OR_BULK,18,3,3,0,0,0,0,2,0,https://statsapi.mlb.com/api/v1.1/game/824136/feed/live,both,True,P,Pitcher,BULLPEN_PITCHER,True,QA_VALIDATED_CANONICAL_V3,,,
687849,47.0,6.0,52.0,70.0,218.0,301.0,Bot,824136,https://raw.githubusercontent.com/lancebroz/mlb-pitcher-data/main/data/raw/2026/daily/2026-04-01.parquet,False,2026-04-01,2026-04-01T23:40:00Z,MIN,KC,A,Zak Kent,False,RELIEF_OR_BULK,47,11,5,4,1,3,3,2,2,https://statsapi.mlb.com/api/v1.1/game/824136/feed/live,both,True,P,Pitcher,BULLPEN_PITCHER,True,QA_VALIDATED_CANONICAL_V3,,,
689520,36.0,5.0,40.0,51.0,164.0,217.0,Bot,824136,https://raw.githubusercontent.com/lancebroz/mlb-pitcher-data/main/data/raw/2026/daily/2026-04-01.parquet,False,2026-04-01,2026-04-01T23:40:00Z,MIN,KC,A,Cody Laweryson,False,RELIEF_OR_BULK,36,9,4,4,3,2,2,2,0,https://statsapi.mlb.com/api/v1.1/game/824136/feed/live,both,True,P,Pitcher,BULLPEN_PITCHER,True,QA_VALIDATED_CANONICAL_V3,,,
702070,86.0,1.0,0.0,39.0,1.0,163.0,Top,824136,https://raw.githubusercontent.com/lancebroz/mlb-pitcher-data/main/data/raw/2026/daily/2026-04-01.parquet,False,2026-04-01,2026-04-01T23:40:00Z,KC,MIN,H,Noah Cameron,True,STARTER,86,20,15,1,1,4,1,5,0,https://statsapi.mlb.com/api/v1.1/game/824136/feed/live,both,True,P,Pitcher,STARTER/OPENER/BULK,True,QA_VALIDATED_CANONICAL_V3,,,
543056,16.0,7.0,56.0,59.0,220.0,235.0,Bot,824211,https://raw.githubusercontent.com/lancebroz/mlb-pitcher-data/main/data/raw/2026/daily/2026-04-01.parquet,False,2026-04-01,2026-04-01T18:10:00Z,BOS,HOU,A,Danny Coulombe,False,RELIEF_OR_BULK,16,4,3,1,1,1,0,0,1,https://statsapi.mlb.com/api/v1.1/game/824211/feed/live,both,True,P,Pitcher,BULLPEN_PITCHER,True,QA_VALIDATED_CANONICAL_V3,,,
650556,16.0,9.0,70.0,73.0,287.0,302.0,Top,824211,https://raw.githubusercontent.com/lancebroz/mlb-pitcher-data/main/data/raw/2026/daily/2026-04-01.parquet,False,2026-04-01,2026-04-01T18:10:00Z,HOU,BOS,H,Bryan Abreu,False,RELIEF_OR_BULK,16,4,3,1,1,1,0,3,1,https://statsapi.mlb.com/api/v1.1/game/824211/feed/live,both,True,P,Pitcher,BULLPEN_PITCHER,True,QA_VALIDATED_CANONICAL_V3,,,
669711,16.0,6.0,50.0,52.0,192.0,207.0,Bot,824211,https://raw.githubusercontent.com/lancebroz/mlb-pitcher-data/main/data/raw/2026/daily/2026-04-01.parquet,False,2026-04-01,2026-04-01T18:10:00Z,BOS,HOU,A,Greg Weissert,False,RELIEF_OR_BULK,16,3,3,0,0,0,0,1,0,https://statsapi.mlb.com/api/v1.1/game/824211/feed/live,both,True,P,Pitcher,BULLPEN_PITCHER,True,QA_VALIDATED_CANONICAL_V3,,,
676477,37.0,8.0,64.0,69.0,250.0,286.0,Bot,824211,https://raw.githubusercontent.com/lancebroz/mlb-pitcher-data/main/data/raw/2026/daily/2026-04-01.parquet,False,2026-04-01,2026-04-01T18:10:00Z,BOS,HOU,A,Garrett Whitlock,False,RELIEF_OR_BULK,37,6,3,0,0,1,2,1,0,https://statsapi.mlb.com/api/v1.1/game/824211/feed/live,both,True,P,Pitcher,BULLPEN_PITCHER,True,QA_VALIDATED_CANONICAL_V3,,,
676979,93.0,1.0,6.0,46.0,21.0,177.0,Bot,824211,https://raw.githubusercontent.com/lancebroz/mlb-pitcher-data/main/data/raw/2026/daily/2026-04-01.parquet,False,2026-04-01,2026-04-01T18:10:00Z,BOS,HOU,A,Garrett Crochet,True,STARTER,93,23,15,5,4,6,0,7,1,https://statsapi.mlb.com/api/v1.1/game/824211/feed/live,both,True,P,Pitcher,STARTER/OPENER/BULK,True,QA_VALIDATED_CANONICAL_V3,,,
678906,14.0,8.0,60.0,63.0,236.0,249.0,Top,824211,https://raw.githubusercontent.com/lancebroz/mlb-pitcher-data/main/data/raw/2026/daily/2026-04-01.parquet,False,2026-04-01,2026-04-01T18:10:00Z,HOU,BOS,H,Kai-Wei Teng,False,RELIEF_OR_BULK,14,4,3,1,1,1,0,1,1,https://statsapi.mlb.com/api/v1.1/game/824211/feed/live,both,True,P,Pitcher,BULLPEN_PITCHER,True,QA_VALIDATED_CANONICAL_V3,,,
681347,84.0,1.0,0.0,40.0,1.0,155.0,Top,824211,https://raw.githubusercontent.com/lancebroz/mlb-pitcher-data/main/data/raw/2026/daily/2026-04-01.parquet,False,2026-04-01,2026-04-01T18:10:00Z,HOU,BOS,H,Mike Burrows,True,STARTER,84,24,15,2,2,5,3,6,0,https://statsapi.mlb.com/api/v1.1/game/824211/feed/live,both,True,P,Pitcher,STARTER/OPENER/BULK,True,QA_VALIDATED_CANONICAL_V3,,,
687911,12.0,7.0,53.0,55.0,208.0,219.0,Top,824211,https://raw.githubusercontent.com/lancebroz/mlb-pitcher-data/main/data/raw/2026/daily/2026-04-01.parquet,False,2026-04-01,2026-04-01T18:10:00Z,HOU,BOS,H,Bryan King,False,RELIEF_OR_BULK,12,3,3,0,0,0,0,2,0,https://statsapi.mlb.com/api/v1.1/game/824211/feed/live,both,True,P,Pitcher,BULLPEN_PITCHER,True,QA_VALIDATED_CANONICAL_V3,,,
805123,14.0,6.0,47.0,49.0,178.0,191.0,Top,824211,https://raw.githubusercontent.com/lancebroz/mlb-pitcher-data/main/data/raw/2026/daily/2026-04-01.parquet,False,2026-04-01,2026-04-01T18:10:00Z,HOU,BOS,H,AJ Blubaugh,False,RELIEF_OR_BULK,14,3,3,0,0,0,0,1,0,https://statsapi.mlb.com/api/v1.1/game/824211/feed/live,both,True,P,Pitcher,BULLPEN_PITCHER,True,QA_VALIDATED_CANONICAL_V3,,,
663558,26.0,7.0,58.0,70.0,212.0,261.0,Bot,824212,https://raw.githubusercontent.com/lancebroz/mlb-pitcher-data/main/data/raw/2026/daily/2026-03-31.parquet,False,2026-03-31,2026-04-01T00:10:00Z,BOS,HOU,A,Jovani Morán,False,RELIEF_OR_BULK,26,7,6,1,1,1,0,2,1,https://statsapi.mlb.com/api/v1.1/game/824212/feed/live,both,True,P,Pitcher,BULLPEN_PITCHER,True,QA_VALIDATED_CANONICAL_V3,,,
670245,27.0,5.0,43.0,53.0,163.0,197.0,Bot,824212,https://raw.githubusercontent.com/lancebroz/mlb-pitcher-data/main/data/raw/2026/daily/2026-03-31.parquet,False,2026-03-31,2026-04-01T00:10:00Z,BOS,HOU,A,Ryan Watson,False,RELIEF_OR_BULK,27,8,4,2,2,2,2,2,0,https://statsapi.mlb.com/api/v1.1/game/824212/feed/live,both,True,P,Pitcher,BULLPEN_PITCHER,True,QA_VALIDATED_CANONICAL_V3,,,
675989,50.0,7.0,54.0,73.0,198.0,273.0,Top,824212,https://raw.githubusercontent.com/lancebroz/mlb-pitcher-data/main/data/raw/2026/daily/2026-03-31.parquet,False,2026-03-31,2026-04-01T00:10:00Z,HOU,BOS,H,Cody Bolton,False,RELIEF_OR_BULK,50,13,9,1,1,3,1,5,1,https://statsapi.mlb.com/api/v1.1/game/824212/feed/live,both,True,P,Pitcher,BULLPEN_PITCHER,True,QA_VALIDATED_CANONICAL_V3,,,
678394,92.0,1.0,4.0,42.0,18.0,162.0,Bot,824212,https://raw.githubusercontent.com/lancebroz/mlb-pitcher-data/main/data/raw/2026/daily/2026-03-31.parquet,False,2026-03-31,2026-04-01T00:10:00Z,BOS,HOU,A,Brayan Bello,True,STARTER,92,25,14,6,5,8,3,2,1,https://statsapi.mlb.com/api/v1.1/game/824212/feed/live,both,True,P,Pitcher,STARTER/OPENER/BULK,True,QA_VALIDATED_CANONICAL_V3,,,
686613,78.0,1.0,0.0,46.0,1.0,171.0,Top,824212,https://raw.githubusercontent.com/lancebroz/mlb-pitcher-data/main/data/raw/2026/daily/2026-03-31.parquet,False,2026-03-31,2026-04-01T00:10:00Z,HOU,BOS,H,Hunter Brown,True,STARTER,78,21,18,1,1,1,2,8,0,https://statsapi.mlb.com/api/v1.1/game/824212/feed/live,both,True,P,Pitcher,STARTER/OPENER/BULK,True,QA_VALIDATED_CANONICAL_V3,,,
608718,24.0,7.0,68.0,77.0,282.0,322.0,Bot,824213,https://raw.githubusercontent.com/lancebroz/mlb-pitcher-data/main/data/raw/2026/daily/2026-03-28.parquet,False,2026-03-28,2026-03-28T23:10:00Z,LAA,HOU,A,Brent Suter,False,RELIEF_OR_BULK,24,6,6,0,0,0,1,2,0,https://statsapi.mlb.com/api/v1.1/game/824213/feed/live,both,True,P,Pitcher,BULLPEN_PITCHER,True,QA_VALIDATED_CANONICAL_V3,,,
650556,26.0,9.0,78.0,83.0,323.0,348.0,Top,824213,https://raw.githubusercontent.com/lancebroz/mlb-pitcher-data/main/data/raw/2026/daily/2026-03-28.parquet,False,2026-03-28,2026-03-28T23:10:00Z,HOU,LAA,H,Bryan Abreu,False,RELIEF_OR_BULK,26,6,3,3,3,1,2,3,1,https://statsapi.mlb.com/api/v1.1/game/824213/feed/live,both,True,P,Pitcher,BULLPEN_PITCHER,True,QA_VALIDATED_CANONICAL_V3,,,
664192,25.0,6.0,58.0,67.0,238.0,281.0,Bot,824213,https://raw.githubusercontent.com/lancebroz/mlb-pitcher-data/main/data/raw/2026/daily/2026-03-28.parquet,False,2026-03-28,2026-03-28T23:10:00Z,LAA,HOU,A,Joey Lucchesi,False,RELIEF_OR_BULK,25,6,1,2,2,3,2,0,0,https://statsapi.mlb.com/api/v1.1/game/824213/feed/live,both,True,P,Pitcher,BULLPEN_PITCHER,True,QA_VALIDATED_CANONICAL_V3,,,
664299,74.0,1.0,0.0,36.0,1.0,155.0,Top,824213,https://raw.githubusercontent.com/lancebroz/mlb-pitcher-data/main/data/raw/2026/daily/2026-03-28.parquet,False,2026-03-28,2026-03-28T23:10:00Z,HOU,LAA,H,Cristian Javier,True,STARTER,74,21,14,6,6,4,4,1,2,https://statsapi.mlb.com/api/v1.1/game/824213/feed/live,both,True,P,Pitcher,STARTER/OPENER/BULK,True,QA_VALIDATED_CANONICAL_V3,,,
672282,95.0,1.0,3.0,43.0,12.0,176.0,Bot,824213,https://raw.githubusercontent.com/lancebroz/mlb-pitcher-data/main/data/raw/2026/daily/2026-03-28.parquet,False,2026-03-28,2026-03-28T23:10:00Z,LAA,HOU,A,Reid Detmers,True,STARTER,95,21,14,3,3,6,0,9,0,https://statsapi.mlb.com/api/v1.1/game/824213/feed/live,both,True,P,Pitcher,STARTER/OPENER/BULK,True,QA_VALIDATED_CANONICAL_V3,,,
678906,39.0,5.0,37.0,65.0,156.0,272.0,Top,824213,https://raw.githubusercontent.com/lancebroz/mlb-pitcher-data/main/data/raw/2026/daily/2026-03-28.parquet,False,2026-03-28,2026-03-28T23:10:00Z,HOU,LAA,H,Kai-Wei Teng,False,RELIEF_OR_BULK,39,9,7,0,0,1,1,2,0,https://statsapi.mlb.com/api/v1.1/game/824213/feed/live,both,True,P,Pitcher,BULLPEN_PITCHER,True,QA_VALIDATED_CANONICAL_V3,,,
687911,17.0,8.0,70.0,73.0,287.0,303.0,Top,824213,https://raw.githubusercontent.com/lancebroz/mlb-pitcher-data/main/data/raw/2026/daily/2026-03-28.parquet,False,2026-03-28,2026-03-28T23:10:00Z,HOU,LAA,H,Bryan King,False,RELIEF_OR_BULK,17,4,3,0,0,0,1,2,0,https://statsapi.mlb.com/api/v1.1/game/824213/feed/live,both,True,P,Pitcher,BULLPEN_PITCHER,True,QA_VALIDATED_CANONICAL_V3,,,
700712,48.0,5.0,44.0,57.0,177.0,237.0,Bot,824213,https://raw.githubusercontent.com/lancebroz/mlb-pitcher-data/main/data/raw/2026/daily/2026-03-28.parquet,False,2026-03-28,2026-03-28T23:10:00Z,LAA,HOU,A,Walbert Ureña,False,RELIEF_OR_BULK,48,11,3,6,0,4,2,1,0,https://statsapi.mlb.com/api/v1.1/game/824213/feed/live,both,True,P,Pitcher,BULLPEN_PITCHER,True,QA_VALIDATED_CANONICAL_V3,,,
621121,96.0,1.0,0.0,51.0,1.0,196.0,Top,824214,https://raw.githubusercontent.com/lancebroz/mlb-pitcher-data/main/data/raw/2026/daily/2026-03-30.parquet,False,2026-03-30,2026-03-31T00:10:00Z,HOU,BOS,H,Lance McCullers Jr.,True,STARTER,96,24,21,1,1,4,1,9,0,https://statsapi.mlb.com/api/v1.1/game/824214/feed/live,both,True,P,Pitcher,STARTER/OPENER/BULK,True,QA_VALIDATED_CANONICAL_V3,,,
624133,76.0,1.0,3.0,34.0,11.0,138.0,Bot,824214,https://raw.githubusercontent.com/lancebroz/mlb-pitcher-data/main/data/raw/2026/daily/2026-03-30.parquet,False,2026-03-30,2026-03-31T00:10:00Z,BOS,HOU,A,Ranger Suarez,True,STARTER,76,20,13,4,4,7,1,3,2,https://statsapi.mlb.com/api/v1.1/game/824214/feed/live,both,True,P,Pitcher,STARTER/OPENER/BULK,True,QA_VALIDATED_CANONICAL_V3,,,
670912,72.0,5.0,35.0,66.0,139.0,264.0,Bot,824214,https://raw.githubusercontent.com/lancebroz/mlb-pitcher-data/main/data/raw/2026/daily/2026-03-30.parquet,False,2026-03-30,2026-03-31T00:10:00Z,BOS,HOU,A,Johan Oviedo,False,RELIEF_OR_BULK,72,18,11,4,4,6,1,3,2,https://statsapi.mlb.com/api/v1.1/game/824214/feed/live,both,True,P,Pitcher,BULLPEN_PITCHER,True,QA_VALIDATED_CANONICAL_V3,,,
680802,33.0,8.0,59.0,69.0,225.0,277.0,Top,824214,https://raw.githubusercontent.com/lancebroz/mlb-pitcher-data/main/data/raw/2026/daily/2026-03-30.parquet,False,2026-03-30,2026-03-31T00:10:00Z,HOU,BOS,H,Ryan Weiss,False,RELIEF_OR_BULK,33,7,6,0,0,0,1,3,0,https://statsapi.mlb.com/api/v1.1/game/824214/feed/live,both,True,P,Pitcher,BULLPEN_PITCHER,True,QA_VALIDATED_CANONICAL_V3,,,
519141,17.0,8.0,69.0,76.0,305.0,321.0,Bot,824215,https://raw.githubusercontent.com/lancebroz/mlb-pitcher-data/main/data/raw/2026/daily/2026-03-29.parquet,False,2026-03-29,2026-03-29T18:10:00Z,LAA,HOU,A,Drew Pomeranz,False,RELIEF_OR_BULK,17,8,3,3,3,2,2,0,0,https://statsapi.mlb.com/api/v1.1/game/824215/feed/live,both,True,P,Pitcher,BULLPEN_PITCHER,True,QA_VALIDATED_CANONICAL_V3,,,
595345,15.0,6.0,52.0,54.0,233.0,247.0,Top,824215,https://raw.githubusercontent.com/lancebroz/mlb-pitcher-data/main/data/raw/2026/daily/2026-03-29.parquet,False,2026-03-29,2026-03-29T18:10:00Z,HOU,LAA,H,Steven Okert,False,RELIEF_OR_BULK,15,3,3,0,0,0,1,0,0,https://statsapi.mlb.com/api/v1.1/game/824215/feed/live,both,True,P,Pitcher,BULLPEN_PITCHER,True,QA_VALIDATED_CANONICAL_V3,,,
650556,14.0,9.0,77.0,79.0,322.0,335.0,Top,824215,https://raw.githubusercontent.com/lancebroz/mlb-pitcher-data/main/data/raw/2026/daily/2026-03-29.parquet,False,2026-03-29,2026-03-29T18:10:00Z,HOU,LAA,H,Bryan Abreu,False,RELIEF_OR_BULK,14,3,1,1,1,0,2,0,0,https://statsapi.mlb.com/api/v1.1/game/824215/feed/live,both,True,P,Pitcher,BULLPEN_PITCHER,True,QA_VALIDATED_CANONICAL_V3,,,
681217,14.0,5.0,48.0,51.0,219.0,232.0,Bot,824215,https://raw.githubusercontent.com/lancebroz/mlb-pitcher-data/main/data/raw/2026/daily/2026-03-29.parquet,False,2026-03-29,2026-03-29T18:10:00Z,LAA,HOU,A,Chase Silseth,False,RELIEF_OR_BULK,14,4,3,0,0,1,0,1,0,https://statsapi.mlb.com/api/v1.1/game/824215/feed/live,both,True,P,Pitcher,BULLPEN_PITCHER,True,QA_VALIDATED_CANONICAL_V3,,,
682610,47.0,3.0,29.0,44.0,134.0,202.0,Top,824215,https://raw.githubusercontent.com/lancebroz/mlb-pitcher-data/main/data/raw/2026/daily/2026-03-29.parquet,False,2026-03-29,2026-03-29T18:10:00Z,HOU,LAA,H,Roddery Muñoz,False,RELIEF_OR_BULK,47,10,6,2,2,3,1,4,1,https://statsapi.mlb.com/api/v1.1/game/824215/feed/live,both,True,P,Pitcher,BULLPEN_PITCHER,True,QA_VALIDATED_CANONICAL_V3,,,
685005,3.0,5.0,45.0,45.0,203.0,205.0,Top,824215,https://raw.githubusercontent.com/lancebroz/mlb-pitcher-data/main/data/raw/2026/daily/2026-03-29.parquet,False,2026-03-29,2026-03-29T18:10:00Z,HOU,LAA,H,Christian Roa,False,RELIEF_OR_BULK,3,1,1,0,0,0,0,1,0,https://statsapi.mlb.com/api/v1.1/game/824215/feed/live,both,True,P,Pitcher,BULLPEN_PITCHER,True,QA_VALIDATED_CANONICAL_V3,,,
686799,94.0,1.0,5.0,47.0,26.0,218.0,Bot,824215,https://raw.githubusercontent.com/lancebroz/mlb-pitcher-data/main/data/raw/2026/daily/2026-03-29.parquet,False,2026-03-29,2026-03-29T18:10:00Z,LAA,HOU,A,Jack Kochanowicz,True,STARTER,94,22,12,6,5,4,5,3,0,https://statsapi.mlb.com/api/v1.1/game/824215/feed/live,both,True,P,Pitcher,STARTER/OPENER/BULK,True,QA_VALIDATED_CANONICAL_V3,,,
687911,18.0,9.0,80.0,82.0,336.0,353.0,Top,824215,https://raw.githubusercontent.com/lancebroz/mlb-pitcher-data/main/data/raw/2026/daily/2026-03-29.parquet,False,2026-03-29,2026-03-29T18:10:00Z,HOU,LAA,H,Bryan King,False,RELIEF_OR_BULK,18,3,2,0,0,1,0,2,0,https://statsapi.mlb.com/api/v1.1/game/824215/feed/live,both,True,P,Pitcher,BULLPEN_PITCHER,True,QA_VALIDATED_CANONICAL_V3,,,
696147,34.0,6.0,55.0,65.0,248.0,294.0,Bot,824215,https://raw.githubusercontent.com/lancebroz/mlb-pitcher-data/main/data/raw/2026/daily/2026-03-29.parquet,False,2026-03-29,2026-03-29T18:10:00Z,LAA,HOU,A,Sam Bachman,False,RELIEF_OR_BULK,34,8,6,0,0,0,2,2,0,https://statsapi.mlb.com/api/v1.1/game/824215/feed/live,both,True,P,Pitcher,BULLPEN_PITCHER,True,QA_VALIDATED_CANONICAL_V3,,,
805123,23.0,7.0,60.0,68.0,267.0,304.0,Top,824215,https://raw.githubusercontent.com/lancebroz/mlb-pitcher-data/main/data/raw/2026/daily/2026-03-29.parquet,False,2026-03-29,2026-03-29T18:10:00Z,HOU,LAA,H,AJ Blubaugh,False,RELIEF_OR_BULK,23,6,6,0,0,0,0,2,0,https://statsapi.mlb.com/api/v1.1/game/824215/feed/live,both,True,P,Pitcher,BULLPEN_PITCHER,True,QA_VALIDATED_CANONICAL_V3,,,
837227,74.0,1.0,0.0,28.0,1.0,133.0,Top,824215,https://raw.githubusercontent.com/lancebroz/mlb-pitcher-data/main/data/raw/2026/daily/2026-03-29.parquet,False,2026-03-29,2026-03-29T18:10:00Z,HOU,LAA,H,Tatsuya Imai,True,STARTER,74,15,8,4,4,3,4,4,0,https://statsapi.mlb.com/api/v1.1/game/824215/feed/live,both,True,P,Pitcher,STARTER/OPENER/BULK,True,QA_VALIDATED_CANONICAL_V3,,,
579328,86.0,1.0,4.0,44.0,16.0,167.0,Bot,824216,https://raw.githubusercontent.com/lancebroz/mlb-pitcher-data/main/data/raw/2026/daily/2026-03-27.parquet,False,2026-03-27,2026-03-28T00:15:00Z,LAA,HOU,A,Yusei Kikuchi,True,STARTER,86,22,13,2,2,8,1,3,1,https://statsapi.mlb.com/api/v1.1/game/824216/feed/live,both,True,P,Pitcher,STARTER/OPENER/BULK,True,QA_VALIDATED_CANONICAL_V3,,,
595345,20.0,7.0,58.0,65.0,227.0,259.0,Top,824216,https://raw.githubusercontent.com/lancebroz/mlb-pitcher-data/main/data/raw/2026/daily/2026-03-27.parquet,False,2026-03-27,2026-03-28T00:15:00Z,HOU,LAA,H,Steven Okert,False,RELIEF_OR_BULK,20,5,5,0,0,0,0,3,0,https://statsapi.mlb.com/api/v1.1/game/824216/feed/live,both,True,P,Pitcher,BULLPEN_PITCHER,True,QA_VALIDATED_CANONICAL_V3,,,
605447,13.0,9.0,77.0,79.0,309.0,321.0,Bot,824216,https://raw.githubusercontent.com/lancebroz/mlb-pitcher-data/main/data/raw/2026/daily/2026-03-27.parquet,False,2026-03-27,2026-03-28T00:15:00Z,LAA,HOU,A,Jordan Romano,False,RELIEF_OR_BULK,13,3,3,0,0,0,0,2,0,https://statsapi.mlb.com/api/v1.1/game/824216/feed/live,both,True,P,Pitcher,BULLPEN_PITCHER,True,QA_VALIDATED_CANONICAL_V3,,,
666171,23.0,6.0,52.0,62.0,201.0,247.0,Bot,824216,https://raw.githubusercontent.com/lancebroz/mlb-pitcher-data/main/data/raw/2026/daily/2026-03-27.parquet,False,2026-03-27,2026-03-28T00:15:00Z,LAA,HOU,A,Ryan Zeferjahn,False,RELIEF_OR_BULK,23,6,6,0,0,0,0,2,0,https://statsapi.mlb.com/api/v1.1/game/824216/feed/live,both,True,P,Pitcher,BULLPEN_PITCHER,True,QA_VALIDATED_CANONICAL_V3,,,
680802,22.0,9.0,71.0,76.0,287.0,308.0,Top,824216,https://raw.githubusercontent.com/lancebroz/mlb-pitcher-data/main/data/raw/2026/daily/2026-03-27.parquet,False,2026-03-27,2026-03-28T00:15:00Z,HOU,LAA,H,Ryan Weiss,False,RELIEF_OR_BULK,22,6,3,1,1,2,1,2,1,https://statsapi.mlb.com/api/v1.1/game/824216/feed/live,both,True,P,Pitcher,BULLPEN_PITCHER,True,QA_VALIDATED_CANONICAL_V3,,,
681217,10.0,5.0,45.0,46.0,168.0,177.0,Bot,824216,https://raw.githubusercontent.com/lancebroz/mlb-pitcher-data/main/data/raw/2026/daily/2026-03-27.parquet,False,2026-03-27,2026-03-28T00:15:00Z,LAA,HOU,A,Chase Silseth,False,RELIEF_OR_BULK,10,2,2,0,0,0,0,0,0,https://statsapi.mlb.com/api/v1.1/game/824216/feed/live,both,True,P,Pitcher,BULLPEN_PITCHER,True,QA_VALIDATED_CANONICAL_V3,,,
681347,94.0,1.0,0.0,49.0,1.0,190.0,Top,824216,https://raw.githubusercontent.com/lancebroz/mlb-pitcher-data/main/data/raw/2026/daily/2026-03-27.parquet,False,2026-03-27,2026-03-28T00:15:00Z,HOU,LAA,H,Mike Burrows,True,STARTER,94,26,17,5,5,9,2,6,2,https://statsapi.mlb.com/api/v1.1/game/824216/feed/live,both,True,P,Pitcher,STARTER/OPENER/BULK,True,QA_VALIDATED_CANONICAL_V3,,,
682610,26.0,6.0,50.0,57.0,191.0,226.0,Top,824216,https://raw.githubusercontent.com/lancebroz/mlb-pitcher-data/main/data/raw/2026/daily/2026-03-27.parquet,False,2026-03-27,2026-03-28T00:15:00Z,HOU,LAA,H,Roddery Muñoz,False,RELIEF_OR_BULK,26,5,2,0,0,0,3,0,0,https://statsapi.mlb.com/api/v1.1/game/824216/feed/live,both,True,P,Pitcher,BULLPEN_PITCHER,True,QA_VALIDATED_CANONICAL_V3,,,
696147,27.0,8.0,66.0,70.0,260.0,286.0,Bot,824216,https://raw.githubusercontent.com/lancebroz/mlb-pitcher-data/main/data/raw/2026/daily/2026-03-27.parquet,False,2026-03-27,2026-03-28T00:15:00Z,LAA,HOU,A,Sam Bachman,False,RELIEF_OR_BULK,27,5,3,0,0,0,2,3,0,https://statsapi.mlb.com/api/v1.1/game/824216/feed/live,both,True,P,Pitcher,BULLPEN_PITCHER,True,QA_VALIDATED_CANONICAL_V3,,,
519141,12.0,8.0,66.0,68.0,267.0,278.0,Bot,824218,https://raw.githubusercontent.com/lancebroz/mlb-pitcher-data/main/data/raw/2026/daily/2026-03-26.parquet,False,2026-03-26,2026-03-26T20:10:00Z,LAA,HOU,A,Drew Pomeranz,False,RELIEF_OR_BULK,12,3,3,0,0,0,0,0,0,https://statsapi.mlb.com/api/v1.1/game/824218/feed/live,both,True,P,Pitcher,BULLPEN_PITCHER,True,QA_VALIDATED_CANONICAL_V3,,,
605447,12.0,9.0,75.0,78.0,312.0,323.0,Bot,824218,https://raw.githubusercontent.com/lancebroz/mlb-pitcher-data/main/data/raw/2026/daily/2026-03-26.parquet,False,2026-03-26,2026-03-26T20:10:00Z,LAA,HOU,A,Jordan Romano,False,RELIEF_OR_BULK,12,4,3,0,0,0,1,1,0,https://statsapi.mlb.com/api/v1.1/game/824218/feed/live,both,True,P,Pitcher,BULLPEN_PITCHER,True,QA_VALIDATED_CANONICAL_V3,,,
667755,91.0,1.0,4.0,50.0,23.0,215.0,Bot,824218,https://raw.githubusercontent.com/lancebroz/mlb-pitcher-data/main/data/raw/2026/daily/2026-03-26.parquet,False,2026-03-26,2026-03-26T20:10:00Z,LAA,HOU,A,José Soriano,True,STARTER,91,24,18,0,0,2,4,7,0,https://statsapi.mlb.com/api/v1.1/game/824218/feed/live,both,True,P,Pitcher,STARTER/OPENER/BULK,True,QA_VALIDATED_CANONICAL_V3,,,
681217,1.0,7.0,59.0,59.0,249.0,249.0,Bot,824218,https://raw.githubusercontent.com/lancebroz/mlb-pitcher-data/main/data/raw/2026/daily/2026-03-26.parquet,False,2026-03-26,2026-03-26T20:10:00Z,LAA,HOU,A,Chase Silseth,False,RELIEF_OR_BULK,1,1,1,0,0,0,0,0,0,https://statsapi.mlb.com/api/v1.1/game/824218/feed/live,both,True,P,Pitcher,BULLPEN_PITCHER,True,QA_VALIDATED_CANONICAL_V3,,,
685005,33.0,9.0,69.0,74.0,279.0,311.0,Top,824218,https://raw.githubusercontent.com/lancebroz/mlb-pitcher-data/main/data/raw/2026/daily/2026-03-26.parquet,False,2026-03-26,2026-03-26T20:10:00Z,HOU,LAA,H,Christian Roa,False,RELIEF_OR_BULK,33,6,3,1,1,1,2,1,1,https://statsapi.mlb.com/api/v1.1/game/824218/feed/live,both,True,P,Pitcher,BULLPEN_PITCHER,True,QA_VALIDATED_CANONICAL_V3,,,
686613,102.0,1.0,0.0,38.0,1.0,168.0,Top,824218,https://raw.githubusercontent.com/lancebroz/mlb-pitcher-data/main/data/raw/2026/daily/2026-03-26.parquet,False,2026-03-26,2026-03-26T20:10:00Z,HOU,LAA,H,Hunter Brown,True,STARTER,102,22,14,0,0,4,4,9,0,https://statsapi.mlb.com/api/v1.1/game/824218/feed/live,both,True,P,Pitcher,STARTER/OPENER/BULK,True,QA_VALIDATED_CANONICAL_V3,,,
687911,17.0,8.0,60.0,65.0,250.0,266.0,Top,824218,https://raw.githubusercontent.com/lancebroz/mlb-pitcher-data/main/data/raw/2026/daily/2026-03-26.parquet,False,2026-03-26,2026-03-26T20:10:00Z,HOU,LAA,H,Bryan King,False,RELIEF_OR_BULK,17,6,3,1,1,2,0,1,0,https://statsapi.mlb.com/api/v1.1/game/824218/feed/live,both,True,P,Pitcher,BULLPEN_PITCHER,True,QA_VALIDATED_CANONICAL_V3,,,
700712,14.0,7.0,55.0,58.0,235.0,248.0,Bot,824218,https://raw.githubusercontent.com/lancebroz/mlb-pitcher-data/main/data/raw/2026/daily/2026-03-26.parquet,False,2026-03-26,2026-03-26T20:10:00Z,LAA,HOU,A,Walbert Ureña,False,RELIEF_OR_BULK,14,4,2,0,0,1,1,1,0,https://statsapi.mlb.com/api/v1.1/game/824218/feed/live,both,True,P,Pitcher,BULLPEN_PITCHER,True,QA_VALIDATED_CANONICAL_V3,,,
805123,41.0,5.0,39.0,54.0,169.0,234.0,Top,824218,https://raw.githubusercontent.com/lancebroz/mlb-pitcher-data/main/data/raw/2026/daily/2026-03-26.parquet,False,2026-03-26,2026-03-26T20:10:00Z,HOU,LAA,H,AJ Blubaugh,False,RELIEF_OR_BULK,41,9,7,1,1,2,0,3,1,https://statsapi.mlb.com/api/v1.1/game/824218/feed/live,both,True,P,Pitcher,BULLPEN_PITCHER,True,QA_VALIDATED_CANONICAL_V3,,,
623454,61.0,6.0,47.0,71.0,174.0,280.0,Top,824294,https://raw.githubusercontent.com/lancebroz/mlb-pitcher-data/main/data/raw/2026/daily/2026-04-11.parquet,False,2026-04-11,2026-04-11T17:10:00Z,DET,MIA,H,Drew Anderson,False,RELIEF_OR_BULK,61,12,10,0,0,0,2,2,0,https://statsapi.mlb.com/api/v1.1/game/824294/feed/live,both,True,P,Pitcher,BULLPEN_PITCHER,True,QA_VALIDATED_CANONICAL_V3,,,
656848,8.0,7.0,57.0,59.0,215.0,222.0,Bot,824294,https://raw.githubusercontent.com/lancebroz/mlb-pitcher-data/main/data/raw/2026/daily/2026-04-11.parquet,False,2026-04-11,2026-04-11T17:10:00Z,MIA,DET,A,Michael Petersen,False,RELIEF_OR_BULK,8,3,3,0,0,0,0,0,0,https://statsapi.mlb.com/api/v1.1/game/824294/feed/live,both,True,P,Pitcher,BULLPEN_PITCHER,True,QA_VALIDATED_CANONICAL_V3,,,
663554,74.0,1.0,0.0,46.0,1.0,173.0,Top,824294,https://raw.githubusercontent.com/lancebroz/mlb-pitcher-data/main/data/raw/2026/daily/2026-04-11.parquet,False,2026-04-11,2026-04-11T17:10:00Z,DET,MIA,H,Casey Mize,True,STARTER,74,25,17,1,1,6,1,5,0,https://statsapi.mlb.com/api/v1.1/game/824294/feed/live,both,True,P,Pitcher,STARTER/OPENER/BULK,True,QA_VALIDATED_CANONICAL_V3,,,
667463,20.0,6.0,48.0,52.0,179.0,198.0,Bot,824294,https://raw.githubusercontent.com/lancebroz/mlb-pitcher-data/main/data/raw/2026/daily/2026-04-11.parquet,False,2026-04-11,2026-04-11T17:10:00Z,MIA,DET,A,John King,False,RELIEF_OR_BULK,20,5,3,0,0,0,1,2,0,https://statsapi.mlb.com/api/v1.1/game/824294/feed/live,both,True,P,Pitcher,BULLPEN_PITCHER,True,QA_VALIDATED_CANONICAL_V3,,,
669622,18.0,8.0,63.0,67.0,234.0,251.0,Bot,824294,https://raw.githubusercontent.com/lancebroz/mlb-pitcher-data/main/data/raw/2026/daily/2026-04-11.parquet,False,2026-04-11,2026-04-11T17:10:00Z,MIA,DET,A,Anthony Bender,False,RELIEF_OR_BULK,18,5,3,1,1,1,1,0,0,https://statsapi.mlb.com/api/v1.1/game/824294/feed/live,both,True,P,Pitcher,BULLPEN_PITCHER,True,QA_VALIDATED_CANONICAL_V3,,,
676083,99.0,1.0,4.0,42.0,14.0,163.0,Bot,824294,https://raw.githubusercontent.com/lancebroz/mlb-pitcher-data/main/data/raw/2026/daily/2026-04-11.parquet,False,2026-04-11,2026-04-11T17:10:00Z,MIA,DET,A,Janson Junk,True,STARTER,99,22,15,5,4,5,2,4,1,https://statsapi.mlb.com/api/v1.1/game/824294/feed/live,both,True,P,Pitcher,STARTER/OPENER/BULK,True,QA_VALIDATED_CANONICAL_V3,,,
445276,8.0,9.0,79.0,80.0,324.0,331.0,Top,824295,https://raw.githubusercontent.com/lancebroz/mlb-pitcher-data/main/data/raw/2026/daily/2026-04-04.parquet,False,2026-04-04,2026-04-04T17:10:00Z,DET,STL,H,Kenley Jansen,False,RELIEF_OR_BULK,8,2,1,0,0,0,1,1,0,https://statsapi.mlb.com/api/v1.1/game/824295/feed/live,both,True,P,Pitcher,BULLPEN_PITCHER,True,QA_VALIDATED_CANONICAL_V3,,,
623454,17.0,5.0,43.0,47.0,175.0,191.0,Top,824295,https://raw.githubusercontent.com/lancebroz/mlb-pitcher-data/main/data/raw/2026/daily/2026-04-04.parquet,False,2026-04-04,2026-04-04T17:10:00Z,DET,STL,H,Drew Anderson,False,RELIEF_OR_BULK,17,5,3,1,1,1,0,1,1,https://statsapi.mlb.com/api/v1.1/game/824295/feed/live,both,True,P,Pitcher,BULLPEN_PITCHER,True,QA_VALIDATED_CANONICAL_V3,,,
656427,86.0,1.0,0.0,42.0,1.0,174.0,Top,824295,https://raw.githubusercontent.com/lancebroz/mlb-pitcher-data/main/data/raw/2026/daily/2026-04-04.parquet,False,2026-04-04,2026-04-04T17:10:00Z,DET,STL,H,Jack Flaherty,True,STARTER,86,22,12,5,5,3,4,6,0,https://statsapi.mlb.com/api/v1.1/game/824295/feed/live,both,True,P,Pitcher,STARTER/OPENER/BULK,True,QA_VALIDATED_CANONICAL_V3,,,
663947,19.0,8.0,68.0,71.0,272.0,290.0,Top,824295,https://raw.githubusercontent.com/lancebroz/mlb-pitcher-data/main/data/raw/2026/daily/2026-04-04.parquet,False,2026-04-04,2026-04-04T17:10:00Z,DET,STL,H,Tyler Holton,False,RELIEF_OR_BULK,19,4,3,0,0,1,0,0,0,https://statsapi.mlb.com/api/v1.1/game/824295/feed/live,both,True,P,Pitcher,BULLPEN_PITCHER,True,QA_VALIDATED_CANONICAL_V3,,,
669160,79.0,1.0,5.0,36.0,26.0,151.0,Bot,824295,https://raw.githubusercontent.com/lancebroz/mlb-pitcher-data/main/data/raw/2026/daily/2026-04-04.parquet,False,2026-04-04,2026-04-04T17:10:00Z,STL,DET,A,Dustin May,True,STARTER,79,18,10,7,7,7,2,4,2,https://statsapi.mlb.com/api/v1.1/game/824295/feed/live,both,True,P,Pitcher,STARTER/OPENER/BULK,True,QA_VALIDATED_CANONICAL_V3,,,
676428,13.0,6.0,54.0,56.0,221.0,233.0,Top,824295,https://raw.githubusercontent.com/lancebroz/mlb-pitcher-data/main/data/raw/2026/daily/2026-04-04.parquet,False,2026-04-04,2026-04-04T17:10:00Z,DET,STL,H,Brant Hurter,False,RELIEF_OR_BULK,13,3,3,0,0,0,1,0,0,https://statsapi.mlb.com/api/v1.1/game/824295/feed/live,both,True,P,Pitcher,BULLPEN_PITCHER,True,QA_VALIDATED_CANONICAL_V3,,,
676684,19.0,7.0,60.0,63.0,241.0,259.0,Top,824295,https://raw.githubusercontent.com/lancebroz/mlb-pitcher-data/main/data/raw/2026/daily/2026-04-04.parquet,False,2026-04-04,2026-04-04T17:10:00Z,DET,STL,H,Will Vest,False,RELIEF_OR_BULK,19,4,3,0,0,1,0,1,0,https://statsapi.mlb.com/api/v1.1/game/824295/feed/live,both,True,P,Pitcher,BULLPEN_PITCHER,True,QA_VALIDATED_CANONICAL_V3,,,
677865,27.0,4.0,37.0,50.0,152.0,209.0,Bot,824295,https://raw.githubusercontent.com/lancebroz/mlb-pitcher-data/main/data/raw/2026/daily/2026-04-04.parquet,False,2026-04-04,2026-04-04T17:10:00Z,STL,DET,A,Justin Bruihl,False,RELIEF_OR_BULK,27,5,4,1,1,0,1,1,0,https://statsapi.mlb.com/api/v1.1/game/824295/feed/live,both,True,P,Pitcher,BULLPEN_PITCHER,True,QA_VALIDATED_CANONICAL_V3,,,
688297,33.0,8.0,72.0,78.0,291.0,323.0,Bot,824295,https://raw.githubusercontent.com/lancebroz/mlb-pitcher-data/main/data/raw/2026/daily/2026-04-04.parquet,False,2026-04-04,2026-04-04T17:10:00Z,STL,DET,A,Chris Roycroft,False,RELIEF_OR_BULK,33,7,3,2,2,2,2,2,1,https://statsapi.mlb.com/api/v1.1/game/824295/feed/live,both,True,P,Pitcher,BULLPEN_PITCHER,True,QA_VALIDATED_CANONICAL_V3,,,
694335,30.0,5.0,51.0,67.0,210.0,271.0,Bot,824295,https://raw.githubusercontent.com/lancebroz/mlb-pitcher-data/main/data/raw/2026/daily/2026-04-04.parquet,False,2026-04-04,2026-04-04T17:10:00Z,STL,DET,A,Matt Svanson,False,RELIEF_OR_BULK,30,10,7,1,1,3,1,1,1,https://statsapi.mlb.com/api/v1.1/game/824295/feed/live,both,True,P,Pitcher,BULLPEN_PITCHER,True,QA_VALIDATED_CANONICAL_V3,,,
592773,23.0,8.0,66.0,69.0,259.0,281.0,Bot,824296,https://raw.githubusercontent.com/lancebroz/mlb-pitcher-data/main/data/raw/2026/daily/2026-04-05.parquet,False,2026-04-05,2026-04-05T23:20:00Z,STL,DET,A,Ryne Stanek,False,RELIEF_OR_BULK,23,4,3,0,0,0,1,2,0,https://statsapi.mlb.com/api/v1.1/game/824296/feed/live,both,True,P,Pitcher,BULLPEN_PITCHER,True,QA_VALIDATED_CANONICAL_V3,,,
646241,38.0,5.0,36.0,60.0,141.0,236.0,Top,824296,https://raw.githubusercontent.com/lancebroz/mlb-pitcher-data/main/data/raw/2026/daily/2026-04-05.parquet,False,2026-04-05,2026-04-05T23:20:00Z,DET,STL,H,Enmanuel De Jesus,False,RELIEF_OR_BULK,38,11,8,2,1,2,0,3,0,https://statsapi.mlb.com/api/v1.1/game/824296/feed/live,both,True,P,Pitcher,BULLPEN_PITCHER,True,QA_VALIDATED_CANONICAL_V3,,,
657756,31.0,8.0,61.0,73.0,237.0,290.0,Top,824296,https://raw.githubusercontent.com/lancebroz/mlb-pitcher-data/main/data/raw/2026/daily/2026-04-05.parquet,False,2026-04-05,2026-04-05T23:20:00Z,DET,STL,H,Connor Seabold,False,RELIEF_OR_BULK,31,8,6,0,0,1,2,1,0,https://statsapi.mlb.com/api/v1.1/game/824296/feed/live,both,True,P,Pitcher,BULLPEN_PITCHER,True,QA_VALIDATED_CANONICAL_V3,,,
666277,19.0,6.0,47.0,50.0,185.0,203.0,Bot,824296,https://raw.githubusercontent.com/lancebroz/mlb-pitcher-data/main/data/raw/2026/daily/2026-04-05.parquet,False,2026-04-05,2026-04-05T23:20:00Z,STL,DET,A,George Soriano,False,RELIEF_OR_BULK,19,4,1,1,1,1,2,0,0,https://statsapi.mlb.com/api/v1.1/game/824296/feed/live,both,True,P,Pitcher,BULLPEN_PITCHER,True,QA_VALIDATED_CANONICAL_V3,,,
668941,19.0,6.0,51.0,59.0,204.0,232.0,Bot,824296,https://raw.githubusercontent.com/lancebroz/mlb-pitcher-data/main/data/raw/2026/daily/2026-04-05.parquet,False,2026-04-05,2026-04-05T23:20:00Z,STL,DET,A,JoJo Romero,False,RELIEF_OR_BULK,19,6,5,0,0,0,1,1,0,https://statsapi.mlb.com/api/v1.1/game/824296/feed/live,both,True,P,Pitcher,BULLPEN_PITCHER,True,QA_VALIDATED_CANONICAL_V3,,,
672456,63.0,1.0,0.0,35.0,1.0,140.0,Top,824296,https://raw.githubusercontent.com/lancebroz/mlb-pitcher-data/main/data/raw/2026/daily/2026-04-05.parquet,False,2026-04-05,2026-04-05T23:20:00Z,DET,STL,H,Keider Montero,True,STARTER,63,17,13,3,2,3,1,3,0,https://statsapi.mlb.com/api/v1.1/game/824296/feed/live,both,True,P,Pitcher,STARTER/OPENER/BULK,True,QA_VALIDATED_CANONICAL_V3,,,
676617,13.0,9.0,74.0,76.0,291.0,303.0,Bot,824296,https://raw.githubusercontent.com/lancebroz/mlb-pitcher-data/main/data/raw/2026/daily/2026-04-05.parquet,False,2026-04-05,2026-04-05T23:20:00Z,STL,DET,A,Riley O'Brien,False,RELIEF_OR_BULK,13,3,3,0,0,0,0,1,0,https://statsapi.mlb.com/api/v1.1/game/824296/feed/live,both,True,P,Pitcher,BULLPEN_PITCHER,True,QA_VALIDATED_CANONICAL_V3,,,
681517,97.0,1.0,3.0,43.0,15.0,174.0,Bot,824296,https://raw.githubusercontent.com/lancebroz/mlb-pitcher-data/main/data/raw/2026/daily/2026-04-05.parquet,False,2026-04-05,2026-04-05T23:20:00Z,STL,DET,A,Kyle Leahy,True,STARTER,97,23,15,2,2,5,3,4,1,https://statsapi.mlb.com/api/v1.1/game/824296/feed/live,both,True,P,Pitcher,STARTER/OPENER/BULK,True,QA_VALIDATED_CANONICAL_V3,,,
445276,12.0,9.0,60.0,62.0,233.0,244.0,Top,824297,https://raw.githubusercontent.com/lancebroz/mlb-pitcher-data/main/data/raw/2026/daily/2026-04-10.parquet,False,2026-04-10,2026-04-10T22:40:00Z,DET,MIA,H,Kenley Jansen,False,RELIEF_OR_BULK,12,3,3,0,0,0,0,1,0,https://statsapi.mlb.com/api/v1.1/game/824297/feed/live,both,True,P,Pitcher,BULLPEN_PITCHER,True,QA_VALIDATED_CANONICAL_V3,,,
640448,12.0,8.0,52.0,54.0,196.0,207.0,Top,824297,https://raw.githubusercontent.com/lancebroz/mlb-pitcher-data/main/data/raw/2026/daily/2026-04-10.parquet,False,2026-04-10,2026-04-10T22:40:00Z,DET,MIA,H,Kyle Finnegan,False,RELIEF_OR_BULK,12,3,3,0,0,0,1,0,0,https://statsapi.mlb.com/api/v1.1/game/824297/feed/live,both,True,P,Pitcher,BULLPEN_PITCHER,True,QA_VALIDATED_CANONICAL_V3,,,
663978,96.0,1.0,4.0,45.0,12.0,176.0,Bot,824297,https://raw.githubusercontent.com/lancebroz/mlb-pitcher-data/main/data/raw/2026/daily/2026-04-10.parquet,False,2026-04-10,2026-04-10T22:40:00Z,MIA,DET,A,Chris Paddack,True,STARTER,96,25,18,2,2,7,1,4,1,https://statsapi.mlb.com/api/v1.1/game/824297/feed/live,both,True,P,Pitcher,STARTER/OPENER/BULK,True,QA_VALIDATED_CANONICAL_V3,,,
669199,34.0,7.0,49.0,59.0,187.0,232.0,Bot,824297,https://raw.githubusercontent.com/lancebroz/mlb-pitcher-data/main/data/raw/2026/daily/2026-04-10.parquet,False,2026-04-10,2026-04-10T22:40:00Z,MIA,DET,A,Lake Bachar,False,RELIEF_OR_BULK,34,8,6,0,0,1,0,3,0,https://statsapi.mlb.com/api/v1.1/game/824297/feed/live,both,True,P,Pitcher,BULLPEN_PITCHER,True,QA_VALIDATED_CANONICAL_V3,,,
672456,80.0,1.0,0.0,42.0,1.0,165.0,Top,824297,https://raw.githubusercontent.com/lancebroz/mlb-pitcher-data/main/data/raw/2026/daily/2026-04-10.parquet,False,2026-04-10,2026-04-10T22:40:00Z,DET,MIA,H,Keider Montero,True,STARTER,80,21,18,0,0,2,1,7,0,https://statsapi.mlb.com/api/v1.1/game/824297/feed/live,both,True,P,Pitcher,STARTER/OPENER/BULK,True,QA_VALIDATED_CANONICAL_V3,,,
676428,10.0,7.0,46.0,48.0,177.0,186.0,Top,824297,https://raw.githubusercontent.com/lancebroz/mlb-pitcher-data/main/data/raw/2026/daily/2026-04-10.parquet,False,2026-04-10,2026-04-10T22:40:00Z,DET,MIA,H,Brant Hurter,False,RELIEF_OR_BULK,10,3,3,0,0,0,0,1,0,https://statsapi.mlb.com/api/v1.1/game/824297/feed/live,both,True,P,Pitcher,BULLPEN_PITCHER,True,QA_VALIDATED_CANONICAL_V3,,,
640448,16.0,8.0,60.0,64.0,231.0,246.0,Top,824299,https://raw.githubusercontent.com/lancebroz/mlb-pitcher-data/main/data/raw/2026/daily/2026-04-03.parquet,False,2026-04-03,2026-04-03T17:10:00Z,DET,STL,H,Kyle Finnegan,False,RELIEF_OR_BULK,16,5,3,0,0,1,1,1,0,https://statsapi.mlb.com/api/v1.1/game/824299/feed/live,both,True,P,Pitcher,BULLPEN_PITCHER,True,QA_VALIDATED_CANONICAL_V3,,,
663947,7.0,9.0,68.0,70.0,258.0,264.0,Top,824299,https://raw.githubusercontent.com/lancebroz/mlb-pitcher-data/main/data/raw/2026/daily/2026-04-03.parquet,False,2026-04-03,2026-04-03T17:10:00Z,DET,STL,H,Tyler Holton,False,RELIEF_OR_BULK,7,3,3,0,0,0,0,1,0,https://statsapi.mlb.com/api/v1.1/game/824299/feed/live,both,True,P,Pitcher,BULLPEN_PITCHER,True,QA_VALIDATED_CANONICAL_V3,,,
664285,91.0,1.0,0.0,46.0,1.0,174.0,Top,824299,https://raw.githubusercontent.com/lancebroz/mlb-pitcher-data/main/data/raw/2026/daily/2026-04-03.parquet,False,2026-04-03,2026-04-03T17:10:00Z,DET,STL,H,Framber Valdez,True,STARTER,91,24,18,0,0,3,2,5,0,https://statsapi.mlb.com/api/v1.1/game/824299/feed/live,both,True,P,Pitcher,STARTER/OPENER/BULK,True,QA_VALIDATED_CANONICAL_V3,,,
666277,16.0,6.0,48.0,51.0,182.0,197.0,Bot,824299,https://raw.githubusercontent.com/lancebroz/mlb-pitcher-data/main/data/raw/2026/daily/2026-04-03.parquet,False,2026-04-03,2026-04-03T17:10:00Z,STL,DET,A,George Soriano,False,RELIEF_OR_BULK,16,4,2,1,1,1,0,0,0,https://statsapi.mlb.com/api/v1.1/game/824299/feed/live,both,True,P,Pitcher,BULLPEN_PITCHER,True,QA_VALIDATED_CANONICAL_V3,,,
676684,17.0,7.0,52.0,55.0,198.0,214.0,Top,824299,https://raw.githubusercontent.com/lancebroz/mlb-pitcher-data/main/data/raw/2026/daily/2026-04-03.parquet,False,2026-04-03,2026-04-03T17:10:00Z,DET,STL,H,Will Vest,False,RELIEF_OR_BULK,17,4,3,0,0,1,0,2,0,https://statsapi.mlb.com/api/v1.1/game/824299/feed/live,both,True,P,Pitcher,BULLPEN_PITCHER,True,QA_VALIDATED_CANONICAL_V3,,,
677865,15.0,5.0,41.0,47.0,161.0,181.0,Bot,824299,https://raw.githubusercontent.com/lancebroz/mlb-pitcher-data/main/data/raw/2026/daily/2026-04-03.parquet,False,2026-04-03,2026-04-03T17:10:00Z,STL,DET,A,Justin Bruihl,False,RELIEF_OR_BULK,15,4,2,0,0,2,0,0,0,https://statsapi.mlb.com/api/v1.1/game/824299/feed/live,both,True,P,Pitcher,BULLPEN_PITCHER,True,QA_VALIDATED_CANONICAL_V3,,,
688297,11.0,8.0,65.0,67.0,247.0,257.0,Bot,824299,https://raw.githubusercontent.com/lancebroz/mlb-pitcher-data/main/data/raw/2026/daily/2026-04-03.parquet,False,2026-04-03,2026-04-03T17:10:00Z,STL,DET,A,Chris Roycroft,False,RELIEF_OR_BULK,11,3,3,0,0,0,0,1,0,https://statsapi.mlb.com/api/v1.1/game/824299/feed/live,both,True,P,Pitcher,BULLPEN_PITCHER,True,QA_VALIDATED_CANONICAL_V3,,,
700241,75.0,1.0,3.0,40.0,13.0,160.0,Bot,824299,https://raw.githubusercontent.com/lancebroz/mlb-pitcher-data/main/data/raw/2026/daily/2026-04-03.parquet,False,2026-04-03,2026-04-03T17:10:00Z,STL,DET,A,Michael McGreevy,True,STARTER,75,20,14,3,3,7,0,4,1,https://statsapi.mlb.com/api/v1.1/game/824299/feed/live,both,True,P,Pitcher,STARTER/OPENER/BULK,True,QA_VALIDATED_CANONICAL_V3,,,
700669,16.0,7.0,56.0,59.0,215.0,230.0,Bot,824299,https://raw.githubusercontent.com/lancebroz/mlb-pitcher-data/main/data/raw/2026/daily/2026-04-03.parquet,False,2026-04-03,2026-04-03T17:10:00Z,STL,DET,A,Gordon Graceffo,False,RELIEF_OR_BULK,16,4,3,0,0,0,2,0,0,https://statsapi.mlb.com/api/v1.1/game/824299/feed/live,both,True,P,Pitcher,BULLPEN_PITCHER,True,QA_VALIDATED_CANONICAL_V3,,,
547179,100.0,1.0,0.0,54.0,1.0,215.0,Top,824374,https://raw.githubusercontent.com/lancebroz/mlb-pitcher-data/main/data/raw/2026/daily/2026-04-08.parquet,False,2026-04-08,2026-04-08T19:10:00Z,COL,HOU,H,Michael Lorenzen,True,STARTER,100,26,17,1,1,7,2,4,0,https://statsapi.mlb.com/api/v1.1/game/824374/feed/live,both,True,P,Pitcher,STARTER/OPENER/BULK,True,QA_VALIDATED_CANONICAL_V3,,,
650556,22.0,8.0,72.0,77.0,282.0,303.0,Bot,824374,https://raw.githubusercontent.com/lancebroz/mlb-pitcher-data/main/data/raw/2026/daily/2026-04-08.parquet,False,2026-04-08,2026-04-08T19:10:00Z,HOU,COL,A,Bryan Abreu,False,RELIEF_OR_BULK,22,6,3,1,1,1,2,2,0,https://statsapi.mlb.com/api/v1.1/game/824374/feed/live,both,True,P,Pitcher,BULLPEN_PITCHER,True,QA_VALIDATED_CANONICAL_V3,,,
660853,42.0,3.0,29.0,40.0,122.0,170.0,Bot,824374,https://raw.githubusercontent.com/lancebroz/mlb-pitcher-data/main/data/raw/2026/daily/2026-04-08.parquet,False,2026-04-08,2026-04-08T19:10:00Z,HOU,COL,A,Enyel De Los Santos,False,RELIEF_OR_BULK,42,9,6,1,1,2,1,2,1,https://statsapi.mlb.com/api/v1.1/game/824374/feed/live,both,True,P,Pitcher,BULLPEN_PITCHER,True,QA_VALIDATED_CANONICAL_V3,,,
664299,20.0,1.0,3.0,8.0,16.0,35.0,Bot,824374,https://raw.githubusercontent.com/lancebroz/mlb-pitcher-data/main/data/raw/2026/daily/2026-04-08.parquet,False,2026-04-08,2026-04-08T19:10:00Z,HOU,COL,A,Cristian Javier,True,STARTER,20,6,3,1,1,3,0,1,0,https://statsapi.mlb.com/api/v1.1/game/824374/feed/live,both,True,P,Pitcher,STARTER/OPENER/BULK,True,QA_VALIDATED_CANONICAL_V3,,,
678906,18.0,6.0,62.0,68.0,242.0,275.0,Bot,824374,https://raw.githubusercontent.com/lancebroz/mlb-pitcher-data/main/data/raw/2026/daily/2026-04-08.parquet,False,2026-04-08,2026-04-08T19:10:00Z,HOU,COL,A,Kai-Wei Teng,False,RELIEF_OR_BULK,18,4,4,0,0,0,0,1,0,https://statsapi.mlb.com/api/v1.1/game/824374/feed/live,both,True,P,Pitcher,BULLPEN_PITCHER,True,QA_VALIDATED_CANONICAL_V3,,,
685005,34.0,5.0,46.0,61.0,186.0,241.0,Bot,824374,https://raw.githubusercontent.com/lancebroz/mlb-pitcher-data/main/data/raw/2026/daily/2026-04-08.parquet,False,2026-04-08,2026-04-08T19:10:00Z,HOU,COL,A,Christian Roa,False,RELIEF_OR_BULK,34,9,5,1,1,0,3,1,0,https://statsapi.mlb.com/api/v1.1/game/824374/feed/live,both,True,P,Pitcher,BULLPEN_PITCHER,True,QA_VALIDATED_CANONICAL_V3,,,
688642,44.0,6.0,55.0,81.0,216.0,319.0,Top,824374,https://raw.githubusercontent.com/lancebroz/mlb-pitcher-data/main/data/raw/2026/daily/2026-04-08.parquet,False,2026-04-08,2026-04-08T19:10:00Z,COL,HOU,H,Zach Agnos,False,RELIEF_OR_BULK,44,11,10,0,0,1,0,2,0,https://statsapi.mlb.com/api/v1.1/game/824374/feed/live,both,True,P,Pitcher,BULLPEN_PITCHER,True,QA_VALIDATED_CANONICAL_V3,,,
805123,39.0,2.0,15.0,24.0,66.0,104.0,Bot,824374,https://raw.githubusercontent.com/lancebroz/mlb-pitcher-data/main/data/raw/2026/daily/2026-04-08.parquet,False,2026-04-08,2026-04-08T19:10:00Z,HOU,COL,A,AJ Blubaugh,False,RELIEF_OR_BULK,39,10,3,5,5,4,3,0,0,https://statsapi.mlb.com/api/v1.1/game/824374/feed/live,both,True,P,Pitcher,BULLPEN_PITCHER,True,QA_VALIDATED_CANONICAL_V3,,,
595345,13.0,6.0,45.0,52.0,162.0,183.0,Bot,824375,https://raw.githubusercontent.com/lancebroz/mlb-pitcher-data/main/data/raw/2026/daily/2026-04-07.parquet,False,2026-04-07,2026-04-08T00:40:00Z,HOU,COL,A,Steven Okert,False,RELIEF_OR_BULK,13,4,3,1,1,1,1,0,0,https://statsapi.mlb.com/api/v1.1/game/824375/feed/live,both,True,P,Pitcher,BULLPEN_PITCHER,True,QA_VALIDATED_CANONICAL_V3,,,
607536,81.0,1.0,0.0,48.0,1.0,173.0,Top,824375,https://raw.githubusercontent.com/lancebroz/mlb-pitcher-data/main/data/raw/2026/daily/2026-04-07.parquet,False,2026-04-07,2026-04-08T00:40:00Z,COL,HOU,H,Kyle Freeland,True,STARTER,81,24,19,1,1,3,1,5,1,https://statsapi.mlb.com/api/v1.1/game/824375/feed/live,both,True,P,Pitcher,STARTER/OPENER/BULK,True,QA_VALIDATED_CANONICAL_V3,,,
622608,26.0,7.0,49.0,64.0,174.0,229.0,Top,824375,https://raw.githubusercontent.com/lancebroz/mlb-pitcher-data/main/data/raw/2026/daily/2026-04-07.parquet,False,2026-04-07,2026-04-08T00:40:00Z,COL,HOU,H,Antonio Senzatela,False,RELIEF_OR_BULK,26,8,8,0,0,0,0,3,0,https://statsapi.mlb.com/api/v1.1/game/824375/feed/live,both,True,P,Pitcher,BULLPEN_PITCHER,True,QA_VALIDATED_CANONICAL_V3,,,
678906,7.0,7.0,53.0,55.0,184.0,190.0,Bot,824375,https://raw.githubusercontent.com/lancebroz/mlb-pitcher-data/main/data/raw/2026/daily/2026-04-07.parquet,False,2026-04-07,2026-04-08T00:40:00Z,HOU,COL,A,Kai-Wei Teng,False,RELIEF_OR_BULK,7,3,2,1,1,1,0,0,1,https://statsapi.mlb.com/api/v1.1/game/824375/feed/live,both,True,P,Pitcher,BULLPEN_PITCHER,True,QA_VALIDATED_CANONICAL_V3,,,
681347,87.0,1.0,3.0,44.0,14.0,161.0,Bot,824375,https://raw.githubusercontent.com/lancebroz/mlb-pitcher-data/main/data/raw/2026/daily/2026-04-07.parquet,False,2026-04-07,2026-04-08T00:40:00Z,HOU,COL,A,Mike Burrows,True,STARTER,87,23,16,3,3,8,1,3,1,https://statsapi.mlb.com/api/v1.1/game/824375/feed/live,both,True,P,Pitcher,STARTER/OPENER/BULK,True,QA_VALIDATED_CANONICAL_V3,,,
685005,15.0,8.0,59.0,61.0,204.0,218.0,Bot,824375,https://raw.githubusercontent.com/lancebroz/mlb-pitcher-data/main/data/raw/2026/daily/2026-04-07.parquet,False,2026-04-07,2026-04-08T00:40:00Z,HOU,COL,A,Christian Roa,False,RELIEF_OR_BULK,15,3,3,0,0,0,0,1,0,https://statsapi.mlb.com/api/v1.1/game/824375/feed/live,both,True,P,Pitcher,BULLPEN_PITCHER,True,QA_VALIDATED_CANONICAL_V3,,,
623474,33.0,6.0,52.0,63.0,168.0,208.0,Top,824376,https://raw.githubusercontent.com/lancebroz/mlb-pitcher-data/main/data/raw/2026/daily/2026-04-06.parquet,False,2026-04-06,2026-04-07T00:40:00Z,COL,HOU,H,Jimmy Herget,False,RELIEF_OR_BULK,33,7,5,1,1,2,0,1,0,https://statsapi.mlb.com/api/v1.1/game/824376/feed/live,both,True,P,Pitcher,BULLPEN_PITCHER,True,QA_VALIDATED_CANONICAL_V3,,,
660853,8.0,8.0,75.0,78.0,251.0,258.0,Bot,824376,https://raw.githubusercontent.com/lancebroz/mlb-pitcher-data/main/data/raw/2026/daily/2026-04-06.parquet,False,2026-04-06,2026-04-07T00:40:00Z,HOU,COL,A,Enyel De Los Santos,False,RELIEF_OR_BULK,8,4,3,0,0,1,0,0,0,https://statsapi.mlb.com/api/v1.1/game/824376/feed/live,both,True,P,Pitcher,BULLPEN_PITCHER,True,QA_VALIDATED_CANONICAL_V3,,,
663372,70.0,1.0,0.0,51.0,1.0,167.0,Top,824376,https://raw.githubusercontent.com/lancebroz/mlb-pitcher-data/main/data/raw/2026/daily/2026-04-06.parquet,False,2026-04-06,2026-04-07T00:40:00Z,COL,HOU,H,Ryan Feltner,True,STARTER,70,24,16,4,4,7,2,1,1,https://statsapi.mlb.com/api/v1.1/game/824376/feed/live,both,True,P,Pitcher,STARTER/OPENER/BULK,True,QA_VALIDATED_CANONICAL_V3,,,
675848,21.0,8.0,72.0,81.0,247.0,275.0,Top,824376,https://raw.githubusercontent.com/lancebroz/mlb-pitcher-data/main/data/raw/2026/daily/2026-04-06.parquet,False,2026-04-06,2026-04-07T00:40:00Z,COL,HOU,H,Juan Mejia,False,RELIEF_OR_BULK,21,6,5,0,0,0,1,1,0,https://statsapi.mlb.com/api/v1.1/game/824376/feed/live,both,True,P,Pitcher,BULLPEN_PITCHER,True,QA_VALIDATED_CANONICAL_V3,,,
675989,63.0,1.0,6.0,36.0,20.0,117.0,Bot,824376,https://raw.githubusercontent.com/lancebroz/mlb-pitcher-data/main/data/raw/2026/daily/2026-04-06.parquet,False,2026-04-06,2026-04-07T00:40:00Z,HOU,COL,A,Cody Bolton,True,STARTER,63,17,13,2,2,3,2,5,0,https://statsapi.mlb.com/api/v1.1/game/824376/feed/live,both,True,P,Pitcher,STARTER/OPENER/BULK,True,QA_VALIDATED_CANONICAL_V3,,,
680802,62.0,5.0,37.0,66.0,118.0,228.0,Bot,824376,https://raw.githubusercontent.com/lancebroz/mlb-pitcher-data/main/data/raw/2026/daily/2026-04-06.parquet,False,2026-04-06,2026-04-07T00:40:00Z,HOU,COL,A,Ryan Weiss,False,RELIEF_OR_BULK,62,19,8,7,6,8,2,4,1,https://statsapi.mlb.com/api/v1.1/game/824376/feed/live,both,True,P,Pitcher,BULLPEN_PITCHER,True,QA_VALIDATED_CANONICAL_V3,,,
688642,18.0,8.0,67.0,71.0,229.0,246.0,Top,824376,https://raw.githubusercontent.com/lancebroz/mlb-pitcher-data/main/data/raw/2026/daily/2026-04-06.parquet,False,2026-04-06,2026-04-07T00:40:00Z,COL,HOU,H,Zach Agnos,False,RELIEF_OR_BULK,18,5,1,2,2,4,0,0,0,https://statsapi.mlb.com/api/v1.1/game/824376/feed/live,both,True,P,Pitcher,BULLPEN_PITCHER,True,QA_VALIDATED_CANONICAL_V3,,,
547179,77.0,1.0,0.0,30.0,1.0,109.0,Top,824377,https://raw.githubusercontent.com/lancebroz/mlb-pitcher-data/main/data/raw/2026/daily/2026-04-03.parquet,False,2026-04-03,2026-04-03T20:10:00Z,COL,PHI,H,Michael Lorenzen,True,STARTER,77,23,9,9,9,12,2,2,2,https://statsapi.mlb.com/api/v1.1/game/824377/feed/live,both,True,P,Pitcher,STARTER/OPENER/BULK,True,QA_VALIDATED_CANONICAL_V3,,,
605400,95.0,1.0,11.0,60.0,45.0,214.0,Bot,824377,https://raw.githubusercontent.com/lancebroz/mlb-pitcher-data/main/data/raw/2026/daily/2026-04-03.parquet,False,2026-04-03,2026-04-03T20:10:00Z,PHI,COL,A,Aaron Nola,True,STARTER,95,25,19,1,1,5,1,9,0,https://statsapi.mlb.com/api/v1.1/game/824377/feed/live,both,True,P,Pitcher,STARTER/OPENER/BULK,True,QA_VALIDATED_CANONICAL_V3,,,
641835,13.0,8.0,67.0,69.0,243.0,255.0,Bot,824377,https://raw.githubusercontent.com/lancebroz/mlb-pitcher-data/main/data/raw/2026/daily/2026-04-03.parquet,False,2026-04-03,2026-04-03T20:10:00Z,PHI,COL,A,Tim Mayza,False,RELIEF_OR_BULK,13,3,3,0,0,0,0,2,0,https://statsapi.mlb.com/api/v1.1/game/824377/feed/live,both,True,P,Pitcher,BULLPEN_PITCHER,True,QA_VALIDATED_CANONICAL_V3,,,
647315,17.0,9.0,73.0,76.0,272.0,288.0,Bot,824377,https://raw.githubusercontent.com/lancebroz/mlb-pitcher-data/main/data/raw/2026/daily/2026-04-03.parquet,False,2026-04-03,2026-04-03T20:10:00Z,PHI,COL,A,Zach Pop,False,RELIEF_OR_BULK,17,4,3,0,0,0,1,3,0,https://statsapi.mlb.com/api/v1.1/game/824377/feed/live,both,True,P,Pitcher,BULLPEN_PITCHER,True,QA_VALIDATED_CANONICAL_V3,,,
678368,77.0,4.0,34.0,72.0,123.0,271.0,Top,824377,https://raw.githubusercontent.com/lancebroz/mlb-pitcher-data/main/data/raw/2026/daily/2026-04-03.parquet,False,2026-04-03,2026-04-03T20:10:00Z,COL,PHI,H,Valente Bellozo,False,RELIEF_OR_BULK,77,20,18,1,1,1,1,7,1,https://statsapi.mlb.com/api/v1.1/game/824377/feed/live,both,True,P,Pitcher,BULLPEN_PITCHER,True,QA_VALIDATED_CANONICAL_V3,,,
679775,9.0,7.0,61.0,62.0,215.0,223.0,Bot,824377,https://raw.githubusercontent.com/lancebroz/mlb-pitcher-data/main/data/raw/2026/daily/2026-04-03.parquet,False,2026-04-03,2026-04-03T20:10:00Z,PHI,COL,A,Kyle Backhus,False,RELIEF_OR_BULK,9,2,2,0,0,0,0,1,0,https://statsapi.mlb.com/api/v1.1/game/824377/feed/live,both,True,P,Pitcher,BULLPEN_PITCHER,True,QA_VALIDATED_CANONICAL_V3,,,
621237,12.0,7.0,55.0,56.0,221.0,232.0,Bot,824378,https://raw.githubusercontent.com/lancebroz/mlb-pitcher-data/main/data/raw/2026/daily/2026-04-04.parquet,False,2026-04-04,2026-04-05T00:10:00Z,PHI,COL,A,José Alvarado,False,RELIEF_OR_BULK,12,2,1,0,0,0,1,1,0,https://statsapi.mlb.com/api/v1.1/game/824378/feed/live,both,True,P,Pitcher,BULLPEN_PITCHER,True,QA_VALIDATED_CANONICAL_V3,,,
623474,15.0,1.0,5.0,12.0,22.0,49.0,Top,824378,https://raw.githubusercontent.com/lancebroz/mlb-pitcher-data/main/data/raw/2026/daily/2026-04-04.parquet,False,2026-04-04,2026-04-05T00:10:00Z,COL,PHI,H,Jimmy Herget,False,RELIEF_OR_BULK,15,4,4,0,0,0,0,2,0,https://statsapi.mlb.com/api/v1.1/game/824378/feed/live,both,True,P,Pitcher,BULLPEN_PITCHER,True,QA_VALIDATED_CANONICAL_V3,,,
641745,13.0,8.0,61.0,64.0,247.0,259.0,Bot,824378,https://raw.githubusercontent.com/lancebroz/mlb-pitcher-data/main/data/raw/2026/daily/2026-04-04.parquet,False,2026-04-04,2026-04-05T00:10:00Z,PHI,COL,A,Brad Keller,False,RELIEF_OR_BULK,13,4,3,0,0,1,0,0,0,https://statsapi.mlb.com/api/v1.1/game/824378/feed/live,both,True,P,Pitcher,BULLPEN_PITCHER,True,QA_VALIDATED_CANONICAL_V3,,,
657514,21.0,1.0,0.0,4.0,1.0,21.0,Top,824378,https://raw.githubusercontent.com/lancebroz/mlb-pitcher-data/main/data/raw/2026/daily/2026-04-04.parquet,False,2026-04-04,2026-04-05T00:10:00Z,COL,PHI,H,Brennan Bernardino,True,STARTER,21,5,2,1,1,1,2,0,0,https://statsapi.mlb.com/api/v1.1/game/824378/feed/live,both,True,P,Pitcher,STARTER/OPENER/BULK,True,QA_VALIDATED_CANONICAL_V3,,,
661395,8.0,9.0,69.0,71.0,272.0,279.0,Bot,824378,https://raw.githubusercontent.com/lancebroz/mlb-pitcher-data/main/data/raw/2026/daily/2026-04-04.parquet,False,2026-04-04,2026-04-05T00:10:00Z,PHI,COL,A,Jhoan Duran,False,RELIEF_OR_BULK,8,3,3,0,0,0,0,1,0,https://statsapi.mlb.com/api/v1.1/game/824378/feed/live,both,True,P,Pitcher,BULLPEN_PITCHER,True,QA_VALIDATED_CANONICAL_V3,,,
666200,99.0,1.0,6.0,54.0,28.0,220.0,Bot,824378,https://raw.githubusercontent.com/lancebroz/mlb-pitcher-data/main/data/raw/2026/daily/2026-04-04.parquet,False,2026-04-04,2026-04-05T00:10:00Z,PHI,COL,A,Jesús Luzardo,True,STARTER,99,24,20,1,1,5,0,11,0,https://statsapi.mlb.com/api/v1.1/game/824378/feed/live,both,True,P,Pitcher,STARTER/OPENER/BULK,True,QA_VALIDATED_CANONICAL_V3,,,
675848,14.0,8.0,57.0,60.0,233.0,246.0,Top,824378,https://raw.githubusercontent.com/lancebroz/mlb-pitcher-data/main/data/raw/2026/daily/2026-04-04.parquet,False,2026-04-04,2026-04-05T00:10:00Z,COL,PHI,H,Juan Mejia,False,RELIEF_OR_BULK,14,4,3,0,0,1,0,1,0,https://statsapi.mlb.com/api/v1.1/game/824378/feed/live,both,True,P,Pitcher,BULLPEN_PITCHER,True,QA_VALIDATED_CANONICAL_V3,,,
677955,14.0,7.0,49.0,51.0,200.0,213.0,Top,824378,https://raw.githubusercontent.com/lancebroz/mlb-pitcher-data/main/data/raw/2026/daily/2026-04-04.parquet,False,2026-04-04,2026-04-05T00:10:00Z,COL,PHI,H,Jaden Hill,False,RELIEF_OR_BULK,14,3,2,0,0,0,1,1,0,https://statsapi.mlb.com/api/v1.1/game/824378/feed/live,both,True,P,Pitcher,BULLPEN_PITCHER,True,QA_VALIDATED_CANONICAL_V3,,,
680767,12.0,9.0,65.0,68.0,260.0,271.0,Top,824378,https://raw.githubusercontent.com/lancebroz/mlb-pitcher-data/main/data/raw/2026/daily/2026-04-04.parquet,False,2026-04-04,2026-04-05T00:10:00Z,COL,PHI,H,Victor Vodnik,False,RELIEF_OR_BULK,12,4,3,0,0,1,0,0,0,https://statsapi.mlb.com/api/v1.1/game/824378/feed/live,both,True,P,Pitcher,BULLPEN_PITCHER,True,QA_VALIDATED_CANONICAL_V3,,,
801403,71.0,3.0,16.0,48.0,67.0,199.0,Top,824378,https://raw.githubusercontent.com/lancebroz/mlb-pitcher-data/main/data/raw/2026/daily/2026-04-04.parquet,False,2026-04-04,2026-04-05T00:10:00Z,COL,PHI,H,Chase Dollander,False,RELIEF_OR_BULK,71,18,13,1,1,4,1,6,0,https://statsapi.mlb.com/api/v1.1/game/824378/feed/live,both,True,P,Pitcher,BULLPEN_PITCHER,True,QA_VALIDATED_CANONICAL_V3,,,
592836,87.0,1.0,4.0,42.0,18.0,156.0,Bot,824379,https://raw.githubusercontent.com/lancebroz/mlb-pitcher-data/main/data/raw/2026/daily/2026-04-05.parquet,False,2026-04-05,2026-04-05T19:10:00Z,PHI,COL,A,Taijuan Walker,True,STARTER,87,23,15,4,4,7,2,4,3,https://statsapi.mlb.com/api/v1.1/game/824379/feed/live,both,True,P,Pitcher,STARTER/OPENER/BULK,True,QA_VALIDATED_CANONICAL_V3,,,
608372,78.0,1.0,0.0,45.0,1.0,165.0,Top,824379,https://raw.githubusercontent.com/lancebroz/mlb-pitcher-data/main/data/raw/2026/daily/2026-04-05.parquet,False,2026-04-05,2026-04-05T19:10:00Z,COL,PHI,H,Tomoyuki Sugano,True,STARTER,78,23,18,1,1,4,1,5,1,https://statsapi.mlb.com/api/v1.1/game/824379/feed/live,both,True,P,Pitcher,STARTER/OPENER/BULK,True,QA_VALIDATED_CANONICAL_V3,,,
621383,8.0,7.0,53.0,55.0,189.0,196.0,Bot,824379,https://raw.githubusercontent.com/lancebroz/mlb-pitcher-data/main/data/raw/2026/daily/2026-04-05.parquet,False,2026-04-05,2026-04-05T19:10:00Z,PHI,COL,A,Tanner Banks,False,RELIEF_OR_BULK,8,3,3,0,0,0,0,1,0,https://statsapi.mlb.com/api/v1.1/game/824379/feed/live,both,True,P,Pitcher,BULLPEN_PITCHER,True,QA_VALIDATED_CANONICAL_V3,,,
641835,13.0,6.0,46.0,48.0,166.0,178.0,Bot,824379,https://raw.githubusercontent.com/lancebroz/mlb-pitcher-data/main/data/raw/2026/daily/2026-04-05.parquet,False,2026-04-05,2026-04-05T19:10:00Z,PHI,COL,A,Tim Mayza,False,RELIEF_OR_BULK,13,3,3,0,0,0,0,1,0,https://statsapi.mlb.com/api/v1.1/game/824379/feed/live,both,True,P,Pitcher,BULLPEN_PITCHER,True,QA_VALIDATED_CANONICAL_V3,,,
657514,14.0,8.0,56.0,58.0,197.0,210.0,Top,824379,https://raw.githubusercontent.com/lancebroz/mlb-pitcher-data/main/data/raw/2026/daily/2026-04-05.parquet,False,2026-04-05,2026-04-05T19:10:00Z,COL,PHI,H,Brennan Bernardino,False,RELIEF_OR_BULK,14,3,3,0,0,0,0,2,0,https://statsapi.mlb.com/api/v1.1/game/824379/feed/live,both,True,P,Pitcher,BULLPEN_PITCHER,True,QA_VALIDATED_CANONICAL_V3,,,
677955,10.0,7.0,49.0,52.0,179.0,188.0,Top,824379,https://raw.githubusercontent.com/lancebroz/mlb-pitcher-data/main/data/raw/2026/daily/2026-04-05.parquet,False,2026-04-05,2026-04-05T19:10:00Z,COL,PHI,H,Jaden Hill,False,RELIEF_OR_BULK,10,4,3,0,0,0,0,0,0,https://statsapi.mlb.com/api/v1.1/game/824379/feed/live,both,True,P,Pitcher,BULLPEN_PITCHER,True,QA_VALIDATED_CANONICAL_V3,,,
679775,12.0,8.0,59.0,61.0,211.0,222.0,Bot,824379,https://raw.githubusercontent.com/lancebroz/mlb-pitcher-data/main/data/raw/2026/daily/2026-04-05.parquet,False,2026-04-05,2026-04-05T19:10:00Z,PHI,COL,A,Kyle Backhus,False,RELIEF_OR_BULK,12,3,3,0,0,0,0,2,0,https://statsapi.mlb.com/api/v1.1/game/824379/feed/live,both,True,P,Pitcher,BULLPEN_PITCHER,True,QA_VALIDATED_CANONICAL_V3,,,
680767,22.0,9.0,62.0,66.0,223.0,244.0,Top,824379,https://raw.githubusercontent.com/lancebroz/mlb-pitcher-data/main/data/raw/2026/daily/2026-04-05.parquet,False,2026-04-05,2026-04-05T19:10:00Z,COL,PHI,H,Victor Vodnik,False,RELIEF_OR_BULK,22,5,3,0,0,2,0,3,0,https://statsapi.mlb.com/api/v1.1/game/824379/feed/live,both,True,P,Pitcher,BULLPEN_PITCHER,True,QA_VALIDATED_CANONICAL_V3,,,
641401,24.0,6.0,47.0,54.0,196.0,229.0,Top,824455,https://raw.githubusercontent.com/lancebroz/mlb-pitcher-data/main/data/raw/2026/daily/2026-04-08.parquet,False,2026-04-08,2026-04-08T17:10:00Z,CLE,KC,H,Connor Brogdon,False,RELIEF_OR_BULK,24,5,4,0,0,0,0,3,0,https://statsapi.mlb.com/api/v1.1/game/824455/feed/live,both,True,P,Pitcher,BULLPEN_PITCHER,True,QA_VALIDATED_CANONICAL_V3,,,
656638,37.0,4.0,34.0,50.0,147.0,208.0,Bot,824455,https://raw.githubusercontent.com/lancebroz/mlb-pitcher-data/main/data/raw/2026/daily/2026-04-08.parquet,False,2026-04-08,2026-04-08T17:10:00Z,KC,CLE,A,Alex Lange,False,RELIEF_OR_BULK,37,9,7,1,1,3,0,2,0,https://statsapi.mlb.com/api/v1.1/game/824455/feed/live,both,True,P,Pitcher,BULLPEN_PITCHER,True,QA_VALIDATED_CANONICAL_V3,,,
666142,18.0,1.0,3.0,7.0,14.0,31.0,Bot,824455,https://raw.githubusercontent.com/lancebroz/mlb-pitcher-data/main/data/raw/2026/daily/2026-04-08.parquet,False,2026-04-08,2026-04-08T17:10:00Z,KC,CLE,A,Cole Ragans,True,STARTER,18,5,2,3,3,2,1,2,0,https://statsapi.mlb.com/api/v1.1/game/824455/feed/live,both,True,P,Pitcher,STARTER/OPENER/BULK,True,QA_VALIDATED_CANONICAL_V3,,,
670036,21.0,8.0,63.0,75.0,261.0,309.0,Top,824455,https://raw.githubusercontent.com/lancebroz/mlb-pitcher-data/main/data/raw/2026/daily/2026-04-08.parquet,False,2026-04-08,2026-04-08T17:10:00Z,CLE,KC,H,Matt Festa,False,RELIEF_OR_BULK,21,5,4,0,0,0,1,1,0,https://statsapi.mlb.com/api/v1.1/game/824455/feed/live,both,True,P,Pitcher,BULLPEN_PITCHER,True,QA_VALIDATED_CANONICAL_V3,,,
674444,41.0,7.0,55.0,69.0,230.0,285.0,Bot,824455,https://raw.githubusercontent.com/lancebroz/mlb-pitcher-data/main/data/raw/2026/daily/2026-04-08.parquet,False,2026-04-08,2026-04-08T17:10:00Z,KC,CLE,A,Steven Cruz,False,RELIEF_OR_BULK,41,10,4,5,5,4,2,3,1,https://statsapi.mlb.com/api/v1.1/game/824455/feed/live,both,True,P,Pitcher,BULLPEN_PITCHER,True,QA_VALIDATED_CANONICAL_V3,,,
676282,88.0,1.0,0.0,46.0,1.0,195.0,Top,824455,https://raw.githubusercontent.com/lancebroz/mlb-pitcher-data/main/data/raw/2026/daily/2026-04-08.parquet,False,2026-04-08,2026-04-08T17:10:00Z,CLE,KC,H,Joey Cantillo,True,STARTER,88,21,17,2,1,3,2,9,0,https://statsapi.mlb.com/api/v1.1/game/824455/feed/live,both,True,P,Pitcher,STARTER/OPENER/BULK,True,QA_VALIDATED_CANONICAL_V3,,,
679883,62.0,1.0,8.0,33.0,32.0,146.0,Bot,824455,https://raw.githubusercontent.com/lancebroz/mlb-pitcher-data/main/data/raw/2026/daily/2026-04-08.parquet,False,2026-04-08,2026-04-08T17:10:00Z,KC,CLE,A,Luinder Avila,False,RELIEF_OR_BULK,62,15,9,1,1,6,1,2,0,https://statsapi.mlb.com/api/v1.1/game/824455/feed/live,both,True,P,Pitcher,BULLPEN_PITCHER,True,QA_VALIDATED_CANONICAL_V3,,,
681870,13.0,8.0,59.0,62.0,248.0,260.0,Top,824455,https://raw.githubusercontent.com/lancebroz/mlb-pitcher-data/main/data/raw/2026/daily/2026-04-08.parquet,False,2026-04-08,2026-04-08T17:10:00Z,CLE,KC,H,Erik Sabrowski,False,RELIEF_OR_BULK,13,4,2,0,0,2,0,1,0,https://statsapi.mlb.com/api/v1.1/game/824455/feed/live,both,True,P,Pitcher,BULLPEN_PITCHER,True,QA_VALIDATED_CANONICAL_V3,,,
686475,5.0,8.0,70.0,71.0,286.0,290.0,Bot,824455,https://raw.githubusercontent.com/lancebroz/mlb-pitcher-data/main/data/raw/2026/daily/2026-04-08.parquet,False,2026-04-08,2026-04-08T17:10:00Z,KC,CLE,A,Tyler Tolbert,False,RELIEF_OR_BULK,5,2,2,0,0,1,0,0,0,https://statsapi.mlb.com/api/v1.1/game/824455/feed/live,both,True,SS,Shortstop,POSITION_PLAYER_PITCHING,True,EXCLUIR_POSITION_PLAYER_PITCHING,,,
608379,102.0,1.0,4.0,54.0,12.0,224.0,Bot,824456,https://raw.githubusercontent.com/lancebroz/mlb-pitcher-data/main/data/raw/2026/daily/2026-04-06.parquet,False,2026-04-06,2026-04-06T22:10:00Z,KC,CLE,A,Michael Wacha,True,STARTER,102,26,21,1,1,3,3,3,1,https://statsapi.mlb.com/api/v1.1/game/824456/feed/live,both,True,P,Pitcher,STARTER/OPENER/BULK,True,QA_VALIDATED_CANONICAL_V3,,,
621381,24.0,8.0,60.0,64.0,245.0,268.0,Bot,824456,https://raw.githubusercontent.com/lancebroz/mlb-pitcher-data/main/data/raw/2026/daily/2026-04-06.parquet,False,2026-04-06,2026-04-06T22:10:00Z,KC,CLE,A,Matt Strahm,False,RELIEF_OR_BULK,24,5,3,1,1,1,1,1,1,https://statsapi.mlb.com/api/v1.1/game/824456/feed/live,both,True,P,Pitcher,BULLPEN_PITCHER,True,QA_VALIDATED_CANONICAL_V3,,,
663465,35.0,8.0,55.0,69.0,225.0,283.0,Top,824456,https://raw.githubusercontent.com/lancebroz/mlb-pitcher-data/main/data/raw/2026/daily/2026-04-06.parquet,False,2026-04-06,2026-04-06T22:10:00Z,CLE,KC,H,Kolby Allard,False,RELIEF_OR_BULK,35,10,6,2,2,3,1,2,1,https://statsapi.mlb.com/api/v1.1/game/824456/feed/live,both,True,P,Pitcher,BULLPEN_PITCHER,True,QA_VALIDATED_CANONICAL_V3,,,
668674,14.0,9.0,70.0,72.0,284.0,297.0,Bot,824456,https://raw.githubusercontent.com/lancebroz/mlb-pitcher-data/main/data/raw/2026/daily/2026-04-06.parquet,False,2026-04-06,2026-04-06T22:10:00Z,KC,CLE,A,Lucas Erceg,False,RELIEF_OR_BULK,14,3,3,0,0,0,0,1,0,https://statsapi.mlb.com/api/v1.1/game/824456/feed/live,both,True,P,Pitcher,BULLPEN_PITCHER,True,QA_VALIDATED_CANONICAL_V3,,,
676440,87.0,1.0,0.0,33.0,1.0,144.0,Top,824456,https://raw.githubusercontent.com/lancebroz/mlb-pitcher-data/main/data/raw/2026/daily/2026-04-06.parquet,False,2026-04-06,2026-04-06T22:10:00Z,CLE,KC,H,Tanner Bibee,True,STARTER,87,20,14,1,1,5,1,3,0,https://statsapi.mlb.com/api/v1.1/game/824456/feed/live,both,True,P,Pitcher,STARTER/OPENER/BULK,True,QA_VALIDATED_CANONICAL_V3,,,
682120,5.0,5.0,34.0,34.0,145.0,149.0,Top,824456,https://raw.githubusercontent.com/lancebroz/mlb-pitcher-data/main/data/raw/2026/daily/2026-04-06.parquet,False,2026-04-06,2026-04-06T22:10:00Z,CLE,KC,H,Tim Herrin,False,RELIEF_OR_BULK,5,1,1,0,0,0,0,0,0,https://statsapi.mlb.com/api/v1.1/game/824456/feed/live,both,True,P,Pitcher,BULLPEN_PITCHER,True,QA_VALIDATED_CANONICAL_V3,,,
688883,30.0,6.0,39.0,50.0,158.0,206.0,Top,824456,https://raw.githubusercontent.com/lancebroz/mlb-pitcher-data/main/data/raw/2026/daily/2026-04-06.parquet,False,2026-04-06,2026-04-06T22:10:00Z,CLE,KC,H,Peyton Pallette,False,RELIEF_OR_BULK,30,8,6,1,1,3,0,3,1,https://statsapi.mlb.com/api/v1.1/game/824456/feed/live,both,True,P,Pitcher,BULLPEN_PITCHER,True,QA_VALIDATED_CANONICAL_V3,,,
542888,25.0,8.0,55.0,59.0,239.0,263.0,Top,824457,https://raw.githubusercontent.com/lancebroz/mlb-pitcher-data/main/data/raw/2026/daily/2026-04-07.parquet,False,2026-04-07,2026-04-07T17:10:00Z,CLE,KC,H,Shawn Armstrong,False,RELIEF_OR_BULK,25,5,3,0,0,0,2,2,0,https://statsapi.mlb.com/api/v1.1/game/824457/feed/live,both,True,P,Pitcher,BULLPEN_PITCHER,True,QA_VALIDATED_CANONICAL_V3,,,
663738,13.0,6.0,48.0,54.0,211.0,238.0,Bot,824457,https://raw.githubusercontent.com/lancebroz/mlb-pitcher-data/main/data/raw/2026/daily/2026-04-07.parquet,False,2026-04-07,2026-04-07T17:10:00Z,KC,CLE,A,Daniel Lynch IV,False,RELIEF_OR_BULK,13,4,4,0,0,0,0,1,0,https://statsapi.mlb.com/api/v1.1/game/824457/feed/live,both,True,P,Pitcher,BULLPEN_PITCHER,True,QA_VALIDATED_CANONICAL_V3,,,
668909,102.0,1.0,0.0,42.0,1.0,185.0,Top,824457,https://raw.githubusercontent.com/lancebroz/mlb-pitcher-data/main/data/raw/2026/daily/2026-04-07.parquet,False,2026-04-07,2026-04-07T17:10:00Z,CLE,KC,H,Gavin Williams,True,STARTER,102,22,17,1,1,1,5,8,1,https://statsapi.mlb.com/api/v1.1/game/824457/feed/live,both,True,P,Pitcher,STARTER/OPENER/BULK,True,QA_VALIDATED_CANONICAL_V3,,,
670167,19.0,9.0,67.0,70.0,298.0,316.0,Bot,824457,https://raw.githubusercontent.com/lancebroz/mlb-pitcher-data/main/data/raw/2026/daily/2026-04-07.parquet,False,2026-04-07,2026-04-07T17:10:00Z,KC,CLE,A,John Schreiber,False,RELIEF_OR_BULK,19,4,1,1,1,2,1,0,0,https://statsapi.mlb.com/api/v1.1/game/824457/feed/live,both,True,P,Pitcher,BULLPEN_PITCHER,True,QA_VALIDATED_CANONICAL_V3,,,
671922,10.0,9.0,64.0,66.0,288.0,297.0,Top,824457,https://raw.githubusercontent.com/lancebroz/mlb-pitcher-data/main/data/raw/2026/daily/2026-04-07.parquet,False,2026-04-07,2026-04-07T17:10:00Z,CLE,KC,H,Cade Smith,False,RELIEF_OR_BULK,10,3,3,0,0,0,0,2,0,https://statsapi.mlb.com/api/v1.1/game/824457/feed/live,both,True,P,Pitcher,BULLPEN_PITCHER,True,QA_VALIDATED_CANONICAL_V3,,,
681870,15.0,7.0,49.0,51.0,216.0,230.0,Top,824457,https://raw.githubusercontent.com/lancebroz/mlb-pitcher-data/main/data/raw/2026/daily/2026-04-07.parquet,False,2026-04-07,2026-04-07T17:10:00Z,CLE,KC,H,Erik Sabrowski,False,RELIEF_OR_BULK,15,3,3,0,0,0,0,2,0,https://statsapi.mlb.com/api/v1.1/game/824457/feed/live,both,True,P,Pitcher,BULLPEN_PITCHER,True,QA_VALIDATED_CANONICAL_V3,,,
682120,11.0,6.0,43.0,44.0,186.0,196.0,Top,824457,https://raw.githubusercontent.com/lancebroz/mlb-pitcher-data/main/data/raw/2026/daily/2026-04-07.parquet,False,2026-04-07,2026-04-07T17:10:00Z,CLE,KC,H,Tim Herrin,False,RELIEF_OR_BULK,11,2,1,0,0,0,1,0,0,https://statsapi.mlb.com/api/v1.1/game/824457/feed/live,both,True,P,Pitcher,BULLPEN_PITCHER,True,QA_VALIDATED_CANONICAL_V3,,,
683232,24.0,8.0,60.0,63.0,264.0,287.0,Bot,824457,https://raw.githubusercontent.com/lancebroz/mlb-pitcher-data/main/data/raw/2026/daily/2026-04-07.parquet,False,2026-04-07,2026-04-07T17:10:00Z,KC,CLE,A,Nick Mears,False,RELIEF_OR_BULK,24,4,3,0,0,0,1,2,0,https://statsapi.mlb.com/api/v1.1/game/824457/feed/live,both,True,P,Pitcher,BULLPEN_PITCHER,True,QA_VALIDATED_CANONICAL_V3,,,
702070,97.0,1.0,3.0,47.0,13.0,210.0,Bot,824457,https://raw.githubusercontent.com/lancebroz/mlb-pitcher-data/main/data/raw/2026/daily/2026-04-07.parquet,False,2026-04-07,2026-04-07T17:10:00Z,KC,CLE,A,Noah Cameron,True,STARTER,97,24,17,1,1,6,1,5,0,https://statsapi.mlb.com/api/v1.1/game/824457/feed/live,both,True,P,Pitcher,STARTER/OPENER/BULK,True,QA_VALIDATED_CANONICAL_V3,,,
542888,13.0,8.0,58.0,60.0,162.0,277.0,Top,824458,https://baseballsavant.mlb.com/statcast_search/csv?all=true&type=details&game_pk=824458,True,2026-04-03,2026-04-03T20:10:00Z,CLE,CHC,H,Shawn Armstrong,False,RELIEF_OR_BULK,13,3,3,0,0,0,0,1,0,https://statsapi.mlb.com/api/v1.1/game/824458/feed/live,both,True,P,Pitcher,BULLPEN_PITCHER,True,QA_VALIDATED_CANONICAL_V3,,,
571948,10.0,5.0,37.0,47.0,187.0,269.0,Bot,824458,https://baseballsavant.mlb.com/statcast_search/csv?all=true&type=details&game_pk=824458,True,2026-04-03,2026-04-03T20:10:00Z,CHC,CLE,A,Hoby Milner,False,RELIEF_OR_BULK,10,6,5,0,0,2,0,0,0,https://statsapi.mlb.com/api/v1.1/game/824458/feed/live,both,True,P,Pitcher,BULLPEN_PITCHER,True,QA_VALIDATED_CANONICAL_V3,,,
607067,57.0,2.0,11.0,36.0,26.0,273.0,Bot,824458,https://baseballsavant.mlb.com/statcast_search/csv?all=true&type=details&game_pk=824458,True,2026-04-03,2026-04-03T20:10:00Z,CHC,CLE,A,Colin Rea,False,RELIEF_OR_BULK,57,14,10,1,1,4,1,4,0,https://statsapi.mlb.com/api/v1.1/game/824458/feed/live,both,True,P,Pitcher,BULLPEN_PITCHER,True,QA_VALIDATED_CANONICAL_V3,,,
640451,30.0,7.0,51.0,55.0,80.0,268.0,Bot,824458,https://baseballsavant.mlb.com/statcast_search/csv?all=true&type=details&game_pk=824458,True,2026-04-03,2026-04-03T20:10:00Z,CHC,CLE,A,Hunter Harvey,False,RELIEF_OR_BULK,30,5,2,3,3,2,1,0,2,https://statsapi.mlb.com/api/v1.1/game/824458/feed/live,both,True,P,Pitcher,BULLPEN_PITCHER,True,QA_VALIDATED_CANONICAL_V3,,,
641401,13.0,7.0,48.0,50.0,165.0,270.0,Top,824458,https://baseballsavant.mlb.com/statcast_search/csv?all=true&type=details&game_pk=824458,True,2026-04-03,2026-04-03T20:10:00Z,CLE,CHC,H,Connor Brogdon,False,RELIEF_OR_BULK,13,3,3,0,0,0,0,0,0,https://statsapi.mlb.com/api/v1.1/game/824458/feed/live,both,True,P,Pitcher,BULLPEN_PITCHER,True,QA_VALIDATED_CANONICAL_V3,,,
657097,29.0,7.0,56.0,63.0,85.0,276.0,Bot,824458,https://baseballsavant.mlb.com/statcast_search/csv?all=true&type=details&game_pk=824458,True,2026-04-03,2026-04-03T20:10:00Z,CHC,CLE,A,Jacob Webb,False,RELIEF_OR_BULK,29,5,4,0,0,1,1,1,0,https://statsapi.mlb.com/api/v1.1/game/824458/feed/live,both,True,P,Pitcher,BULLPEN_PITCHER,True,QA_VALIDATED_CANONICAL_V3,,,
670036,4.0,6.0,42.0,43.0,242.0,274.0,Top,824458,https://baseballsavant.mlb.com/statcast_search/csv?all=true&type=details&game_pk=824458,True,2026-04-03,2026-04-03T20:10:00Z,CLE,CHC,H,Matt Festa,False,RELIEF_OR_BULK,4,2,2,0,0,0,0,0,0,https://statsapi.mlb.com/api/v1.1/game/824458/feed/live,both,True,P,Pitcher,BULLPEN_PITCHER,True,QA_VALIDATED_CANONICAL_V3,,,
671922,22.0,9.0,64.0,67.0,115.0,272.0,Top,824458,https://baseballsavant.mlb.com/statcast_search/csv?all=true&type=details&game_pk=824458,True,2026-04-03,2026-04-03T20:10:00Z,CLE,CHC,H,Cade Smith,False,RELIEF_OR_BULK,22,4,3,0,0,1,0,3,0,https://statsapi.mlb.com/api/v1.1/game/824458/feed/live,both,True,P,Pitcher,BULLPEN_PITCHER,True,QA_VALIDATED_CANONICAL_V3,,,
676282,82.0,1.0,1.0,41.0,1.0,275.0,Top,824458,https://baseballsavant.mlb.com/statcast_search/csv?all=true&type=details&game_pk=824458,True,2026-04-03,2026-04-03T20:10:00Z,CLE,CHC,H,Joey Cantillo,True,STARTER,82,21,16,1,1,4,2,6,0,https://statsapi.mlb.com/api/v1.1/game/824458/feed/live,both,True,P,Pitcher,STARTER/OPENER/BULK,True,QA_VALIDATED_CANONICAL_V3,,,
690990,17.0,1.0,4.0,11.0,136.0,271.0,Bot,824458,https://baseballsavant.mlb.com/statcast_search/csv?all=true&type=details&game_pk=824458,True,2026-04-03,2026-04-03T20:10:00Z,CHC,CLE,A,Cade Horton,True,STARTER,17,4,3,0,0,0,1,0,0,https://statsapi.mlb.com/api/v1.1/game/824458/feed/live,both,True,P,Pitcher,STARTER/OPENER/BULK,True,QA_VALIDATED_CANONICAL_V3,,,
571948,14.0,8.0,56.0,58.0,247.0,260.0,Bot,824459,https://raw.githubusercontent.com/lancebroz/mlb-pitcher-data/main/data/raw/2026/daily/2026-04-05.parquet,False,2026-04-05,2026-04-05T17:10:00Z,CHC,CLE,A,Hoby Milner,False,RELIEF_OR_BULK,14,3,3,0,0,0,0,0,0,https://statsapi.mlb.com/api/v1.1/game/824459/feed/live,both,True,P,Pitcher,BULLPEN_PITCHER,True,QA_VALIDATED_CANONICAL_V3,,,
573204,28.0,6.0,43.0,50.0,183.0,227.0,Bot,824459,https://raw.githubusercontent.com/lancebroz/mlb-pitcher-data/main/data/raw/2026/daily/2026-04-05.parquet,False,2026-04-05,2026-04-05T17:10:00Z,CHC,CLE,A,Caleb Thielbar,False,RELIEF_OR_BULK,28,5,4,0,0,0,1,0,0,https://statsapi.mlb.com/api/v1.1/game/824459/feed/live,both,True,P,Pitcher,BULLPEN_PITCHER,True,QA_VALIDATED_CANONICAL_V3,,,
641401,19.0,8.0,51.0,55.0,228.0,246.0,Top,824459,https://raw.githubusercontent.com/lancebroz/mlb-pitcher-data/main/data/raw/2026/daily/2026-04-05.parquet,False,2026-04-05,2026-04-05T17:10:00Z,CLE,CHC,H,Connor Brogdon,False,RELIEF_OR_BULK,19,5,3,1,1,1,1,0,0,https://statsapi.mlb.com/api/v1.1/game/824459/feed/live,both,True,P,Pitcher,BULLPEN_PITCHER,True,QA_VALIDATED_CANONICAL_V3,,,
665795,97.0,1.0,3.0,42.0,18.0,182.0,Bot,824459,https://raw.githubusercontent.com/lancebroz/mlb-pitcher-data/main/data/raw/2026/daily/2026-04-05.parquet,False,2026-04-05,2026-04-05T17:10:00Z,CHC,CLE,A,Edward Cabrera,True,STARTER,97,22,17,0,0,1,5,4,0,https://statsapi.mlb.com/api/v1.1/game/824459/feed/live,both,True,P,Pitcher,STARTER/OPENER/BULK,True,QA_VALIDATED_CANONICAL_V3,,,
677944,85.0,1.0,0.0,37.0,1.0,157.0,Top,824459,https://raw.githubusercontent.com/lancebroz/mlb-pitcher-data/main/data/raw/2026/daily/2026-04-05.parquet,False,2026-04-05,2026-04-05T17:10:00Z,CLE,CHC,H,Slade Cecconi,True,STARTER,85,21,18,0,0,1,1,6,0,https://statsapi.mlb.com/api/v1.1/game/824459/feed/live,both,True,P,Pitcher,STARTER/OPENER/BULK,True,QA_VALIDATED_CANONICAL_V3,,,
682120,17.0,7.0,44.0,46.0,189.0,205.0,Top,824459,https://raw.githubusercontent.com/lancebroz/mlb-pitcher-data/main/data/raw/2026/daily/2026-04-05.parquet,False,2026-04-05,2026-04-05T17:10:00Z,CLE,CHC,H,Tim Herrin,False,RELIEF_OR_BULK,17,3,3,0,0,0,0,2,0,https://statsapi.mlb.com/api/v1.1/game/824459/feed/live,both,True,P,Pitcher,BULLPEN_PITCHER,True,QA_VALIDATED_CANONICAL_V3,,,
688883,15.0,9.0,59.0,62.0,261.0,275.0,Top,824459,https://raw.githubusercontent.com/lancebroz/mlb-pitcher-data/main/data/raw/2026/daily/2026-04-05.parquet,False,2026-04-05,2026-04-05T17:10:00Z,CLE,CHC,H,Peyton Pallette,False,RELIEF_OR_BULK,15,4,3,0,0,0,0,2,0,https://statsapi.mlb.com/api/v1.1/game/824459/feed/live,both,True,P,Pitcher,BULLPEN_PITCHER,True,QA_VALIDATED_CANONICAL_V3,,,
694037,13.0,9.0,63.0,65.0,276.0,288.0,Bot,824459,https://raw.githubusercontent.com/lancebroz/mlb-pitcher-data/main/data/raw/2026/daily/2026-04-05.parquet,False,2026-04-05,2026-04-05T17:10:00Z,CHC,CLE,A,Daniel Palencia,False,RELIEF_OR_BULK,13,3,3,0,0,0,0,1,0,https://statsapi.mlb.com/api/v1.1/game/824459/feed/live,both,True,P,Pitcher,BULLPEN_PITCHER,True,QA_VALIDATED_CANONICAL_V3,,,
542888,29.0,7.0,54.0,62.0,244.0,281.0,Top,824460,https://raw.githubusercontent.com/lancebroz/mlb-pitcher-data/main/data/raw/2026/daily/2026-04-05.parquet,False,2026-04-05,2026-04-05T17:15:00Z,CLE,CHC,H,Shawn Armstrong,False,RELIEF_OR_BULK,29,6,4,1,1,1,1,2,1,https://statsapi.mlb.com/api/v1.1/game/824460/feed/live,both,True,P,Pitcher,BULLPEN_PITCHER,True,QA_VALIDATED_CANONICAL_V3,,,
657097,20.0,8.0,63.0,67.0,282.0,301.0,Bot,824460,https://raw.githubusercontent.com/lancebroz/mlb-pitcher-data/main/data/raw/2026/daily/2026-04-05.parquet,False,2026-04-05,2026-04-05T17:15:00Z,CHC,CLE,A,Jacob Webb,False,RELIEF_OR_BULK,20,5,1,3,3,3,1,0,1,https://statsapi.mlb.com/api/v1.1/game/824460/feed/live,both,True,P,Pitcher,BULLPEN_PITCHER,True,QA_VALIDATED_CANONICAL_V3,,,
670036,13.0,6.0,38.0,42.0,178.0,190.0,Top,824460,https://raw.githubusercontent.com/lancebroz/mlb-pitcher-data/main/data/raw/2026/daily/2026-04-05.parquet,False,2026-04-05,2026-04-05T17:15:00Z,CLE,CHC,H,Matt Festa,False,RELIEF_OR_BULK,13,5,3,2,2,2,0,1,1,https://statsapi.mlb.com/api/v1.1/game/824460/feed/live,both,True,P,Pitcher,BULLPEN_PITCHER,True,QA_VALIDATED_CANONICAL_V3,,,
671922,33.0,9.0,71.0,76.0,315.0,347.0,Top,824460,https://raw.githubusercontent.com/lancebroz/mlb-pitcher-data/main/data/raw/2026/daily/2026-04-05.parquet,False,2026-04-05,2026-04-05T17:15:00Z,CLE,CHC,H,Cade Smith,False,RELIEF_OR_BULK,33,6,3,1,1,1,2,2,0,https://statsapi.mlb.com/api/v1.1/game/824460/feed/live,both,True,P,Pitcher,BULLPEN_PITCHER,True,QA_VALIDATED_CANONICAL_V3,,,
676962,42.0,6.0,44.0,57.0,197.0,254.0,Bot,824460,https://raw.githubusercontent.com/lancebroz/mlb-pitcher-data/main/data/raw/2026/daily/2026-04-05.parquet,False,2026-04-05,2026-04-05T17:15:00Z,CHC,CLE,A,Ben Brown,False,RELIEF_OR_BULK,42,10,6,2,2,2,2,0,0,https://statsapi.mlb.com/api/v1.1/game/824460/feed/live,both,True,P,Pitcher,BULLPEN_PITCHER,True,QA_VALIDATED_CANONICAL_V3,,,
681799,13.0,8.0,68.0,70.0,302.0,314.0,Bot,824460,https://raw.githubusercontent.com/lancebroz/mlb-pitcher-data/main/data/raw/2026/daily/2026-04-05.parquet,False,2026-04-05,2026-04-05T17:15:00Z,CHC,CLE,A,Ethan Roberts,False,RELIEF_OR_BULK,13,3,2,0,0,1,0,0,0,https://statsapi.mlb.com/api/v1.1/game/824460/feed/live,both,True,P,Pitcher,BULLPEN_PITCHER,True,QA_VALIDATED_CANONICAL_V3,,,
681870,14.0,7.0,51.0,53.0,230.0,243.0,Top,824460,https://raw.githubusercontent.com/lancebroz/mlb-pitcher-data/main/data/raw/2026/daily/2026-04-05.parquet,False,2026-04-05,2026-04-05T17:15:00Z,CLE,CHC,H,Erik Sabrowski,False,RELIEF_OR_BULK,14,3,2,0,0,1,0,1,0,https://statsapi.mlb.com/api/v1.1/game/824460/feed/live,both,True,P,Pitcher,BULLPEN_PITCHER,True,QA_VALIDATED_CANONICAL_V3,,,
684007,92.0,1.0,3.0,43.0,10.0,196.0,Bot,824460,https://raw.githubusercontent.com/lancebroz/mlb-pitcher-data/main/data/raw/2026/daily/2026-04-05.parquet,False,2026-04-05,2026-04-05T17:15:00Z,CHC,CLE,A,Shota Imanaga,True,STARTER,92,19,15,1,1,3,1,4,0,https://statsapi.mlb.com/api/v1.1/game/824460/feed/live,both,True,P,Pitcher,STARTER/OPENER/BULK,True,QA_VALIDATED_CANONICAL_V3,,,
800048,91.0,1.0,0.0,33.0,1.0,166.0,Top,824460,https://raw.githubusercontent.com/lancebroz/mlb-pitcher-data/main/data/raw/2026/daily/2026-04-05.parquet,False,2026-04-05,2026-04-05T17:15:00Z,CLE,CHC,H,Parker Messick,True,STARTER,91,20,15,1,1,2,3,6,1,https://statsapi.mlb.com/api/v1.1/game/824460/feed/live,both,True,P,Pitcher,STARTER/OPENER/BULK,True,QA_VALIDATED_CANONICAL_V3,,,
594580,16.0,8.0,60.0,62.0,212.0,227.0,Top,824534,https://raw.githubusercontent.com/lancebroz/mlb-pitcher-data/main/data/raw/2026/daily/2026-04-10.parquet,False,2026-04-10,2026-04-10T22:45:00Z,CIN,LAA,H,Sam Moll,False,RELIEF_OR_BULK,16,3,1,2,2,0,2,0,0,https://statsapi.mlb.com/api/v1.1/game/824534/feed/live,both,True,P,Pitcher,BULLPEN_PITCHER,True,QA_VALIDATED_CANONICAL_V3,,,
664731,10.0,9.0,74.0,76.0,275.0,284.0,Top,824534,https://raw.githubusercontent.com/lancebroz/mlb-pitcher-data/main/data/raw/2026/daily/2026-04-10.parquet,False,2026-04-10,2026-04-10T22:45:00Z,CIN,LAA,H,P.J. Higgins,False,RELIEF_OR_BULK,10,3,3,0,0,0,0,1,0,https://statsapi.mlb.com/api/v1.1/game/824534/feed/live,both,True,C,Catcher,POSITION_PLAYER_PITCHING,True,EXCLUIR_POSITION_PLAYER_PITCHING,,,
683175,24.0,6.0,47.0,56.0,170.0,202.0,Top,824534,https://raw.githubusercontent.com/lancebroz/mlb-pitcher-data/main/data/raw/2026/daily/2026-04-10.parquet,False,2026-04-10,2026-04-10T22:45:00Z,CIN,LAA,H,Connor Phillips,False,RELIEF_OR_BULK,24,6,5,0,0,1,0,3,0,https://statsapi.mlb.com/api/v1.1/game/824534/feed/live,both,True,P,Pitcher,BULLPEN_PITCHER,True,QA_VALIDATED_CANONICAL_V3,,,
686799,95.0,1.0,3.0,59.0,15.0,211.0,Bot,824534,https://raw.githubusercontent.com/lancebroz/mlb-pitcher-data/main/data/raw/2026/daily/2026-04-10.parquet,False,2026-04-10,2026-04-10T22:45:00Z,LAA,CIN,A,Jack Kochanowicz,True,STARTER,95,27,21,1,1,2,4,2,0,https://statsapi.mlb.com/api/v1.1/game/824534/feed/live,both,True,P,Pitcher,STARTER/OPENER/BULK,True,QA_VALIDATED_CANONICAL_V3,,,
693312,29.0,8.0,63.0,68.0,228.0,256.0,Top,824534,https://raw.githubusercontent.com/lancebroz/mlb-pitcher-data/main/data/raw/2026/daily/2026-04-10.parquet,False,2026-04-10,2026-04-10T22:45:00Z,CIN,LAA,H,Kyle Nicolas,False,RELIEF_OR_BULK,29,6,2,3,3,2,2,1,1,https://statsapi.mlb.com/api/v1.1/game/824534/feed/live,both,True,P,Pitcher,BULLPEN_PITCHER,True,QA_VALIDATED_CANONICAL_V3,,,
695505,92.0,1.0,0.0,46.0,1.0,169.0,Top,824534,https://raw.githubusercontent.com/lancebroz/mlb-pitcher-data/main/data/raw/2026/daily/2026-04-10.parquet,False,2026-04-10,2026-04-10T22:45:00Z,CIN,LAA,H,Chase Burns,True,STARTER,92,27,16,5,5,7,4,2,2,https://statsapi.mlb.com/api/v1.1/game/824534/feed/live,both,True,P,Pitcher,STARTER/OPENER/BULK,True,QA_VALIDATED_CANONICAL_V3,,,
815083,37.0,8.0,69.0,80.0,257.0,303.0,Bot,824534,https://raw.githubusercontent.com/lancebroz/mlb-pitcher-data/main/data/raw/2026/daily/2026-04-10.parquet,False,2026-04-10,2026-04-10T22:45:00Z,LAA,CIN,A,Mitch Farris,False,RELIEF_OR_BULK,37,9,6,1,1,2,1,2,1,https://statsapi.mlb.com/api/v1.1/game/824534/feed/live,both,True,P,Pitcher,BULLPEN_PITCHER,True,QA_VALIDATED_CANONICAL_V3,,,
572955,19.0,5.0,48.0,55.0,208.0,237.0,Top,824535,https://raw.githubusercontent.com/lancebroz/mlb-pitcher-data/main/data/raw/2026/daily/2026-04-11.parquet,False,2026-04-11,2026-04-11T20:10:00Z,CIN,LAA,H,Pierce Johnson,False,RELIEF_OR_BULK,19,5,4,0,0,1,0,3,0,https://statsapi.mlb.com/api/v1.1/game/824535/feed/live,both,True,P,Pitcher,BULLPEN_PITCHER,True,QA_VALIDATED_CANONICAL_V3,,,
608718,39.0,3.0,31.0,58.0,137.0,243.0,Bot,824535,https://raw.githubusercontent.com/lancebroz/mlb-pitcher-data/main/data/raw/2026/daily/2026-04-11.parquet,False,2026-04-11,2026-04-11T20:10:00Z,LAA,CIN,A,Brent Suter,False,RELIEF_OR_BULK,39,12,11,0,0,2,0,2,0,https://statsapi.mlb.com/api/v1.1/game/824535/feed/live,both,True,P,Pitcher,BULLPEN_PITCHER,True,QA_VALIDATED_CANONICAL_V3,,,
641941,14.0,9.0,78.0,81.0,334.0,347.0,Top,824535,https://raw.githubusercontent.com/lancebroz/mlb-pitcher-data/main/data/raw/2026/daily/2026-04-11.parquet,False,2026-04-11,2026-04-11T20:10:00Z,CIN,LAA,H,Emilio Pagán,False,RELIEF_OR_BULK,14,4,3,0,0,0,1,0,0,https://statsapi.mlb.com/api/v1.1/game/824535/feed/live,both,True,P,Pitcher,BULLPEN_PITCHER,True,QA_VALIDATED_CANONICAL_V3,,,
663574,11.0,8.0,67.0,69.0,280.0,290.0,Top,824535,https://raw.githubusercontent.com/lancebroz/mlb-pitcher-data/main/data/raw/2026/daily/2026-04-11.parquet,False,2026-04-11,2026-04-11T20:10:00Z,CIN,LAA,H,Tony Santillan,False,RELIEF_OR_BULK,11,3,3,0,0,0,0,1,0,https://statsapi.mlb.com/api/v1.1/game/824535/feed/live,both,True,P,Pitcher,BULLPEN_PITCHER,True,QA_VALIDATED_CANONICAL_V3,,,
666171,43.0,6.0,59.0,72.0,244.0,308.0,Bot,824535,https://raw.githubusercontent.com/lancebroz/mlb-pitcher-data/main/data/raw/2026/daily/2026-04-11.parquet,False,2026-04-11,2026-04-11T20:10:00Z,LAA,CIN,A,Ryan Zeferjahn,False,RELIEF_OR_BULK,43,8,6,1,1,2,0,1,0,https://statsapi.mlb.com/api/v1.1/game/824535/feed/live,both,True,P,Pitcher,BULLPEN_PITCHER,True,QA_VALIDATED_CANONICAL_V3,,,
668933,11.0,7.0,60.0,62.0,249.0,259.0,Top,824535,https://raw.githubusercontent.com/lancebroz/mlb-pitcher-data/main/data/raw/2026/daily/2026-04-11.parquet,False,2026-04-11,2026-04-11T20:10:00Z,CIN,LAA,H,Graham Ashcraft,False,RELIEF_OR_BULK,11,3,3,0,0,1,0,0,0,https://statsapi.mlb.com/api/v1.1/game/824535/feed/live,both,True,P,Pitcher,BULLPEN_PITCHER,True,QA_VALIDATED_CANONICAL_V3,,,
681217,25.0,8.0,73.0,77.0,309.0,333.0,Bot,824535,https://raw.githubusercontent.com/lancebroz/mlb-pitcher-data/main/data/raw/2026/daily/2026-04-11.parquet,False,2026-04-11,2026-04-11T20:10:00Z,LAA,CIN,A,Chase Silseth,False,RELIEF_OR_BULK,25,5,1,1,1,0,4,1,0,https://statsapi.mlb.com/api/v1.1/game/824535/feed/live,both,True,P,Pitcher,BULLPEN_PITCHER,True,QA_VALIDATED_CANONICAL_V3,,,
682227,93.0,1.0,0.0,39.0,1.0,174.0,Top,824535,https://raw.githubusercontent.com/lancebroz/mlb-pitcher-data/main/data/raw/2026/daily/2026-04-11.parquet,False,2026-04-11,2026-04-11T20:10:00Z,CIN,LAA,H,Brandon Williamson,True,STARTER,93,21,12,3,3,3,6,3,0,https://statsapi.mlb.com/api/v1.1/game/824535/feed/live,both,True,P,Pitcher,STARTER/OPENER/BULK,True,QA_VALIDATED_CANONICAL_V3,,,
683175,20.0,5.0,44.0,47.0,188.0,207.0,Top,824535,https://raw.githubusercontent.com/lancebroz/mlb-pitcher-data/main/data/raw/2026/daily/2026-04-11.parquet,False,2026-04-11,2026-04-11T20:10:00Z,CIN,LAA,H,Connor Phillips,False,RELIEF_OR_BULK,20,4,2,0,0,0,2,0,0,https://statsapi.mlb.com/api/v1.1/game/824535/feed/live,both,True,P,Pitcher,BULLPEN_PITCHER,True,QA_VALIDATED_CANONICAL_V3,,,
691946,72.0,1.0,5.0,30.0,22.0,136.0,Bot,824535,https://raw.githubusercontent.com/lancebroz/mlb-pitcher-data/main/data/raw/2026/daily/2026-04-11.parquet,False,2026-04-11,2026-04-11T20:10:00Z,LAA,CIN,A,George Klassen,True,STARTER,72,16,6,5,4,4,5,2,1,https://statsapi.mlb.com/api/v1.1/game/824535/feed/live,both,True,P,Pitcher,STARTER/OPENER/BULK,True,QA_VALIDATED_CANONICAL_V3,,,
641941,33.0,9.0,66.0,72.0,260.0,292.0,Top,824536,https://raw.githubusercontent.com/lancebroz/mlb-pitcher-data/main/data/raw/2026/daily/2026-04-01.parquet,False,2026-04-01,2026-04-01T16:40:00Z,CIN,PIT,H,Emilio Pagán,False,RELIEF_OR_BULK,33,7,3,4,4,3,0,2,1,https://statsapi.mlb.com/api/v1.1/game/824536/feed/live,both,True,P,Pitcher,BULLPEN_PITCHER,True,QA_VALIDATED_CANONICAL_V3,,,
642397,13.0,9.0,73.0,75.0,293.0,305.0,Bot,824536,https://raw.githubusercontent.com/lancebroz/mlb-pitcher-data/main/data/raw/2026/daily/2026-04-01.parquet,False,2026-04-01,2026-04-01T16:40:00Z,PIT,CIN,A,Gregory Soto,False,RELIEF_OR_BULK,13,3,3,0,0,0,0,2,0,https://statsapi.mlb.com/api/v1.1/game/824536/feed/live,both,True,P,Pitcher,BULLPEN_PITCHER,True,QA_VALIDATED_CANONICAL_V3,,,
663574,11.0,8.0,60.0,62.0,237.0,247.0,Top,824536,https://raw.githubusercontent.com/lancebroz/mlb-pitcher-data/main/data/raw/2026/daily/2026-04-01.parquet,False,2026-04-01,2026-04-01T16:40:00Z,CIN,PIT,H,Tony Santillan,False,RELIEF_OR_BULK,11,3,3,0,0,0,0,1,0,https://statsapi.mlb.com/api/v1.1/game/824536/feed/live,both,True,P,Pitcher,BULLPEN_PITCHER,True,QA_VALIDATED_CANONICAL_V3,,,
664875,12.0,8.0,63.0,65.0,248.0,259.0,Bot,824536,https://raw.githubusercontent.com/lancebroz/mlb-pitcher-data/main/data/raw/2026/daily/2026-04-01.parquet,False,2026-04-01,2026-04-01T16:40:00Z,PIT,CIN,A,Justin Lawrence,False,RELIEF_OR_BULK,12,3,3,0,0,0,0,1,0,https://statsapi.mlb.com/api/v1.1/game/824536/feed/live,both,True,P,Pitcher,BULLPEN_PITCHER,True,QA_VALIDATED_CANONICAL_V3,,,
668933,21.0,7.0,53.0,56.0,201.0,221.0,Top,824536,https://raw.githubusercontent.com/lancebroz/mlb-pitcher-data/main/data/raw/2026/daily/2026-04-01.parquet,False,2026-04-01,2026-04-01T16:40:00Z,CIN,PIT,H,Graham Ashcraft,False,RELIEF_OR_BULK,21,4,3,0,0,1,0,2,0,https://statsapi.mlb.com/api/v1.1/game/824536/feed/live,both,True,P,Pitcher,BULLPEN_PITCHER,True,QA_VALIDATED_CANONICAL_V3,,,
671096,88.0,1.0,0.0,43.0,1.0,165.0,Top,824536,https://raw.githubusercontent.com/lancebroz/mlb-pitcher-data/main/data/raw/2026/daily/2026-04-01.parquet,False,2026-04-01,2026-04-01T16:40:00Z,CIN,PIT,H,Andrew Abbott,True,STARTER,88,24,17,4,4,5,3,5,1,https://statsapi.mlb.com/api/v1.1/game/824536/feed/live,both,True,P,Pitcher,STARTER/OPENER/BULK,True,QA_VALIDATED_CANONICAL_V3,,,
676755,22.0,6.0,51.0,59.0,194.0,236.0,Bot,824536,https://raw.githubusercontent.com/lancebroz/mlb-pitcher-data/main/data/raw/2026/daily/2026-04-01.parquet,False,2026-04-01,2026-04-01T16:40:00Z,PIT,CIN,A,Isaac Mattson,False,RELIEF_OR_BULK,22,5,4,0,0,1,0,0,0,https://statsapi.mlb.com/api/v1.1/game/824536/feed/live,both,True,P,Pitcher,BULLPEN_PITCHER,True,QA_VALIDATED_CANONICAL_V3,,,
682254,15.0,6.0,47.0,50.0,179.0,193.0,Bot,824536,https://raw.githubusercontent.com/lancebroz/mlb-pitcher-data/main/data/raw/2026/daily/2026-04-01.parquet,False,2026-04-01,2026-04-01T16:40:00Z,PIT,CIN,A,Mason Montgomery,False,RELIEF_OR_BULK,15,4,2,2,2,1,1,1,1,https://statsapi.mlb.com/api/v1.1/game/824536/feed/live,both,True,P,Pitcher,BULLPEN_PITCHER,True,QA_VALIDATED_CANONICAL_V3,,,
683175,13.0,6.0,44.0,46.0,166.0,178.0,Top,824536,https://raw.githubusercontent.com/lancebroz/mlb-pitcher-data/main/data/raw/2026/daily/2026-04-01.parquet,False,2026-04-01,2026-04-01T16:40:00Z,CIN,PIT,H,Connor Phillips,False,RELIEF_OR_BULK,13,3,1,0,0,0,2,0,0,https://statsapi.mlb.com/api/v1.1/game/824536/feed/live,both,True,P,Pitcher,BULLPEN_PITCHER,True,QA_VALIDATED_CANONICAL_V3,,,
694973,77.0,1.0,8.0,39.0,29.0,147.0,Bot,824536,https://raw.githubusercontent.com/lancebroz/mlb-pitcher-data/main/data/raw/2026/daily/2026-04-01.parquet,False,2026-04-01,2026-04-01T16:40:00Z,PIT,CIN,A,Paul Skenes,True,STARTER,77,20,15,1,1,3,2,5,0,https://statsapi.mlb.com/api/v1.1/game/824536/feed/live,both,True,P,Pitcher,STARTER/OPENER/BULK,True,QA_VALIDATED_CANONICAL_V3,,,
572955,20.0,9.0,67.0,71.0,285.0,304.0,Top,824537,https://raw.githubusercontent.com/lancebroz/mlb-pitcher-data/main/data/raw/2026/daily/2026-03-31.parquet,False,2026-03-31,2026-03-31T22:40:00Z,CIN,PIT,H,Pierce Johnson,False,RELIEF_OR_BULK,20,5,3,2,2,2,0,1,1,https://statsapi.mlb.com/api/v1.1/game/824537/feed/live,both,True,P,Pitcher,BULLPEN_PITCHER,True,QA_VALIDATED_CANONICAL_V3,,,
594580,15.0,8.0,58.0,60.0,242.0,256.0,Top,824537,https://raw.githubusercontent.com/lancebroz/mlb-pitcher-data/main/data/raw/2026/daily/2026-03-31.parquet,False,2026-03-31,2026-03-31T22:40:00Z,CIN,PIT,H,Sam Moll,False,RELIEF_OR_BULK,15,3,3,0,0,0,0,1,0,https://statsapi.mlb.com/api/v1.1/game/824537/feed/live,both,True,P,Pitcher,BULLPEN_PITCHER,True,QA_VALIDATED_CANONICAL_V3,,,
642397,17.0,9.0,72.0,77.0,305.0,321.0,Bot,824537,https://raw.githubusercontent.com/lancebroz/mlb-pitcher-data/main/data/raw/2026/daily/2026-03-31.parquet,False,2026-03-31,2026-03-31T22:40:00Z,PIT,CIN,A,Gregory Soto,False,RELIEF_OR_BULK,17,6,3,0,0,1,1,1,0,https://statsapi.mlb.com/api/v1.1/game/824537/feed/live,both,True,P,Pitcher,BULLPEN_PITCHER,True,QA_VALIDATED_CANONICAL_V3,,,
642701,17.0,8.0,64.0,66.0,268.0,284.0,Bot,824537,https://raw.githubusercontent.com/lancebroz/mlb-pitcher-data/main/data/raw/2026/daily/2026-03-31.parquet,False,2026-03-31,2026-03-31T22:40:00Z,PIT,CIN,A,Dennis Santana,False,RELIEF_OR_BULK,17,3,3,0,0,1,0,0,0,https://statsapi.mlb.com/api/v1.1/game/824537/feed/live,both,True,P,Pitcher,BULLPEN_PITCHER,True,QA_VALIDATED_CANONICAL_V3,,,
656271,20.0,5.0,37.0,52.0,158.0,217.0,Top,824537,https://raw.githubusercontent.com/lancebroz/mlb-pitcher-data/main/data/raw/2026/daily/2026-03-31.parquet,False,2026-03-31,2026-03-31T22:40:00Z,CIN,PIT,H,Brock Burke,False,RELIEF_OR_BULK,20,7,7,0,0,0,1,2,0,https://statsapi.mlb.com/api/v1.1/game/824537/feed/live,both,True,P,Pitcher,BULLPEN_PITCHER,True,QA_VALIDATED_CANONICAL_V3,,,
670990,10.0,5.0,42.0,43.0,178.0,187.0,Bot,824537,https://raw.githubusercontent.com/lancebroz/mlb-pitcher-data/main/data/raw/2026/daily/2026-03-31.parquet,False,2026-03-31,2026-03-31T22:40:00Z,PIT,CIN,A,Yohan Ramírez,False,RELIEF_OR_BULK,10,2,2,0,0,0,0,2,0,https://statsapi.mlb.com/api/v1.1/game/824537/feed/live,both,True,P,Pitcher,BULLPEN_PITCHER,True,QA_VALIDATED_CANONICAL_V3,,,
682227,94.0,1.0,0.0,36.0,1.0,157.0,Top,824537,https://raw.githubusercontent.com/lancebroz/mlb-pitcher-data/main/data/raw/2026/daily/2026-03-31.parquet,False,2026-03-31,2026-03-31T22:40:00Z,CIN,PIT,H,Brandon Williamson,True,STARTER,94,22,14,6,6,6,2,3,3,https://statsapi.mlb.com/api/v1.1/game/824537/feed/live,both,True,P,Pitcher,STARTER/OPENER/BULK,True,QA_VALIDATED_CANONICAL_V3,,,
682995,47.0,6.0,47.0,63.0,198.0,267.0,Bot,824537,https://raw.githubusercontent.com/lancebroz/mlb-pitcher-data/main/data/raw/2026/daily/2026-03-31.parquet,False,2026-03-31,2026-03-31T22:40:00Z,PIT,CIN,A,Hunter Barco,False,RELIEF_OR_BULK,47,11,6,2,2,4,1,3,2,https://statsapi.mlb.com/api/v1.1/game/824537/feed/live,both,True,P,Pitcher,BULLPEN_PITCHER,True,QA_VALIDATED_CANONICAL_V3,,,
696149,81.0,1.0,5.0,41.0,24.0,177.0,Bot,824537,https://raw.githubusercontent.com/lancebroz/mlb-pitcher-data/main/data/raw/2026/daily/2026-03-31.parquet,False,2026-03-31,2026-03-31T22:40:00Z,PIT,CIN,A,Bubba Chandler,True,STARTER,81,19,13,1,0,0,6,6,0,https://statsapi.mlb.com/api/v1.1/game/824537/feed/live,both,True,P,Pitcher,STARTER/OPENER/BULK,True,QA_VALIDATED_CANONICAL_V3,,,
572955,13.0,7.0,50.0,52.0,225.0,237.0,Top,824538,https://raw.githubusercontent.com/lancebroz/mlb-pitcher-data/main/data/raw/2026/daily/2026-03-29.parquet,False,2026-03-29,2026-03-29T17:40:00Z,CIN,BOS,H,Pierce Johnson,False,RELIEF_OR_BULK,13,3,2,0,0,1,0,0,0,https://statsapi.mlb.com/api/v1.1/game/824538/feed/live,both,True,P,Pitcher,BULLPEN_PITCHER,True,QA_VALIDATED_CANONICAL_V3,,,
641941,12.0,9.0,66.0,70.0,290.0,301.0,Top,824538,https://raw.githubusercontent.com/lancebroz/mlb-pitcher-data/main/data/raw/2026/daily/2026-03-29.parquet,False,2026-03-29,2026-03-29T17:40:00Z,CIN,BOS,H,Emilio Pagán,False,RELIEF_OR_BULK,12,5,3,0,0,1,1,0,0,https://statsapi.mlb.com/api/v1.1/game/824538/feed/live,both,True,P,Pitcher,BULLPEN_PITCHER,True,QA_VALIDATED_CANONICAL_V3,,,
656271,27.0,6.0,39.0,49.0,175.0,224.0,Top,824538,https://raw.githubusercontent.com/lancebroz/mlb-pitcher-data/main/data/raw/2026/daily/2026-03-29.parquet,False,2026-03-29,2026-03-29T17:40:00Z,CIN,BOS,H,Brock Burke,False,RELIEF_OR_BULK,27,5,4,0,0,1,1,0,0,https://statsapi.mlb.com/api/v1.1/game/824538/feed/live,both,True,P,Pitcher,BULLPEN_PITCHER,True,QA_VALIDATED_CANONICAL_V3,,,
663558,25.0,7.0,53.0,65.0,238.0,289.0,Bot,824538,https://raw.githubusercontent.com/lancebroz/mlb-pitcher-data/main/data/raw/2026/daily/2026-03-29.parquet,False,2026-03-29,2026-03-29T17:40:00Z,BOS,CIN,A,Jovani Morán,False,RELIEF_OR_BULK,25,8,6,0,0,1,1,2,0,https://statsapi.mlb.com/api/v1.1/game/824538/feed/live,both,True,P,Pitcher,BULLPEN_PITCHER,True,QA_VALIDATED_CANONICAL_V3,,,
663574,27.0,8.0,56.0,60.0,245.0,271.0,Top,824538,https://raw.githubusercontent.com/lancebroz/mlb-pitcher-data/main/data/raw/2026/daily/2026-03-29.parquet,False,2026-03-29,2026-03-29T17:40:00Z,CIN,BOS,H,Tony Santillan,False,RELIEF_OR_BULK,27,5,3,0,0,1,2,2,0,https://statsapi.mlb.com/api/v1.1/game/824538/feed/live,both,True,P,Pitcher,BULLPEN_PITCHER,True,QA_VALIDATED_CANONICAL_V3,,,
669711,15.0,6.0,45.0,48.0,202.0,216.0,Bot,824538,https://raw.githubusercontent.com/lancebroz/mlb-pitcher-data/main/data/raw/2026/daily/2026-03-29.parquet,False,2026-03-29,2026-03-29T17:40:00Z,BOS,CIN,A,Greg Weissert,False,RELIEF_OR_BULK,15,4,2,2,2,1,1,1,1,https://statsapi.mlb.com/api/v1.1/game/824538/feed/live,both,True,P,Pitcher,BULLPEN_PITCHER,True,QA_VALIDATED_CANONICAL_V3,,,
695076,86.0,1.0,0.0,35.0,1.0,154.0,Top,824538,https://raw.githubusercontent.com/lancebroz/mlb-pitcher-data/main/data/raw/2026/daily/2026-03-29.parquet,False,2026-03-29,2026-03-29T17:40:00Z,CIN,BOS,H,Rhett Lowder,True,STARTER,86,20,15,2,2,3,2,5,1,https://statsapi.mlb.com/api/v1.1/game/824538/feed/live,both,True,P,Pitcher,STARTER/OPENER/BULK,True,QA_VALIDATED_CANONICAL_V3,,,
813349,96.0,1.0,3.0,44.0,12.0,201.0,Bot,824538,https://raw.githubusercontent.com/lancebroz/mlb-pitcher-data/main/data/raw/2026/daily/2026-03-29.parquet,False,2026-03-29,2026-03-29T17:40:00Z,BOS,CIN,A,Connelly Early,True,STARTER,96,21,16,1,1,5,2,6,0,https://statsapi.mlb.com/api/v1.1/game/824538/feed/live,both,True,P,Pitcher,STARTER/OPENER/BULK,True,QA_VALIDATED_CANONICAL_V3,,,
664875,16.0,8.0,59.0,61.0,234.0,249.0,Bot,824539,https://raw.githubusercontent.com/lancebroz/mlb-pitcher-data/main/data/raw/2026/daily/2026-03-30.parquet,False,2026-03-30,2026-03-30T22:40:00Z,PIT,CIN,A,Justin Lawrence,False,RELIEF_OR_BULK,16,3,3,0,0,0,0,3,0,https://statsapi.mlb.com/api/v1.1/game/824539/feed/live,both,True,P,Pitcher,BULLPEN_PITCHER,True,QA_VALIDATED_CANONICAL_V3,,,
668933,18.0,7.0,51.0,58.0,201.0,233.0,Top,824539,https://raw.githubusercontent.com/lancebroz/mlb-pitcher-data/main/data/raw/2026/daily/2026-03-30.parquet,False,2026-03-30,2026-03-30T22:40:00Z,CIN,PIT,H,Graham Ashcraft,False,RELIEF_OR_BULK,18,4,4,0,0,0,0,3,0,https://statsapi.mlb.com/api/v1.1/game/824539/feed/live,both,True,P,Pitcher,BULLPEN_PITCHER,True,QA_VALIDATED_CANONICAL_V3,,,
676755,15.0,7.0,52.0,55.0,205.0,219.0,Bot,824539,https://raw.githubusercontent.com/lancebroz/mlb-pitcher-data/main/data/raw/2026/daily/2026-03-30.parquet,False,2026-03-30,2026-03-30T22:40:00Z,PIT,CIN,A,Isaac Mattson,False,RELIEF_OR_BULK,15,4,3,0,0,0,1,1,0,https://statsapi.mlb.com/api/v1.1/game/824539/feed/live,both,True,P,Pitcher,BULLPEN_PITCHER,True,QA_VALIDATED_CANONICAL_V3,,,
677952,87.0,1.0,4.0,46.0,19.0,177.0,Bot,824539,https://raw.githubusercontent.com/lancebroz/mlb-pitcher-data/main/data/raw/2026/daily/2026-03-30.parquet,False,2026-03-30,2026-03-30T22:40:00Z,PIT,CIN,A,Braxton Ashcraft,True,STARTER,87,25,18,2,2,4,4,3,0,https://statsapi.mlb.com/api/v1.1/game/824539/feed/live,both,True,P,Pitcher,STARTER/OPENER/BULK,True,QA_VALIDATED_CANONICAL_V3,,,
683175,20.0,9.0,62.0,66.0,250.0,269.0,Top,824539,https://raw.githubusercontent.com/lancebroz/mlb-pitcher-data/main/data/raw/2026/daily/2026-03-30.parquet,False,2026-03-30,2026-03-30T22:40:00Z,CIN,PIT,H,Connor Phillips,False,RELIEF_OR_BULK,20,5,3,0,0,0,2,1,0,https://statsapi.mlb.com/api/v1.1/game/824539/feed/live,both,True,P,Pitcher,BULLPEN_PITCHER,True,QA_VALIDATED_CANONICAL_V3,,,
683742,35.0,6.0,40.0,50.0,145.0,200.0,Top,824539,https://raw.githubusercontent.com/lancebroz/mlb-pitcher-data/main/data/raw/2026/daily/2026-03-30.parquet,False,2026-03-30,2026-03-30T22:40:00Z,CIN,PIT,H,Jose Franco,False,RELIEF_OR_BULK,35,7,5,0,0,3,0,0,0,https://statsapi.mlb.com/api/v1.1/game/824539/feed/live,both,True,P,Pitcher,BULLPEN_PITCHER,True,QA_VALIDATED_CANONICAL_V3,,,
695505,78.0,1.0,0.0,35.0,1.0,135.0,Top,824539,https://raw.githubusercontent.com/lancebroz/mlb-pitcher-data/main/data/raw/2026/daily/2026-03-30.parquet,False,2026-03-30,2026-03-30T22:40:00Z,CIN,PIT,H,Chase Burns,True,STARTER,78,19,15,0,0,1,3,7,0,https://statsapi.mlb.com/api/v1.1/game/824539/feed/live,both,True,P,Pitcher,STARTER/OPENER/BULK,True,QA_VALIDATED_CANONICAL_V3,,,
543056,14.0,6.0,55.0,58.0,206.0,219.0,Bot,824540,https://raw.githubusercontent.com/lancebroz/mlb-pitcher-data/main/data/raw/2026/daily/2026-03-28.parquet,False,2026-03-28,2026-03-28T20:10:00Z,BOS,CIN,A,Danny Coulombe,False,RELIEF_OR_BULK,14,4,2,0,0,1,1,1,0,https://statsapi.mlb.com/api/v1.1/game/824540/feed/live,both,True,P,Pitcher,BULLPEN_PITCHER,True,QA_VALIDATED_CANONICAL_V3,,,
543243,80.0,1.0,5.0,40.0,17.0,154.0,Bot,824540,https://raw.githubusercontent.com/lancebroz/mlb-pitcher-data/main/data/raw/2026/daily/2026-03-28.parquet,False,2026-03-28,2026-03-28T20:10:00Z,BOS,CIN,A,Sonny Gray,True,STARTER,80,20,12,4,3,6,1,5,1,https://statsapi.mlb.com/api/v1.1/game/824540/feed/live,both,True,P,Pitcher,STARTER/OPENER/BULK,True,QA_VALIDATED_CANONICAL_V3,,,
547973,9.0,9.0,83.0,85.0,335.0,343.0,Bot,824540,https://raw.githubusercontent.com/lancebroz/mlb-pitcher-data/main/data/raw/2026/daily/2026-03-28.parquet,False,2026-03-28,2026-03-28T20:10:00Z,BOS,CIN,A,Aroldis Chapman,False,RELIEF_OR_BULK,9,3,3,0,0,0,0,1,0,https://statsapi.mlb.com/api/v1.1/game/824540/feed/live,both,True,P,Pitcher,BULLPEN_PITCHER,True,QA_VALIDATED_CANONICAL_V3,,,
572955,7.0,6.0,51.0,53.0,197.0,203.0,Top,824540,https://raw.githubusercontent.com/lancebroz/mlb-pitcher-data/main/data/raw/2026/daily/2026-03-28.parquet,False,2026-03-28,2026-03-28T20:10:00Z,CIN,BOS,H,Pierce Johnson,False,RELIEF_OR_BULK,7,3,2,0,0,1,0,0,0,https://statsapi.mlb.com/api/v1.1/game/824540/feed/live,both,True,P,Pitcher,BULLPEN_PITCHER,True,QA_VALIDATED_CANONICAL_V3,,,
594580,15.0,5.0,41.0,44.0,155.0,169.0,Top,824540,https://raw.githubusercontent.com/lancebroz/mlb-pitcher-data/main/data/raw/2026/daily/2026-03-28.parquet,False,2026-03-28,2026-03-28T20:10:00Z,CIN,BOS,H,Sam Moll,False,RELIEF_OR_BULK,15,4,3,0,0,0,0,0,0,https://statsapi.mlb.com/api/v1.1/game/824540/feed/live,both,True,P,Pitcher,BULLPEN_PITCHER,True,QA_VALIDATED_CANONICAL_V3,,,
641941,22.0,8.0,74.0,82.0,294.0,334.0,Top,824540,https://raw.githubusercontent.com/lancebroz/mlb-pitcher-data/main/data/raw/2026/daily/2026-03-28.parquet,False,2026-03-28,2026-03-28T20:10:00Z,CIN,BOS,H,Emilio Pagán,False,RELIEF_OR_BULK,22,5,4,1,1,1,0,2,1,https://statsapi.mlb.com/api/v1.1/game/824540/feed/live,both,True,P,Pitcher,BULLPEN_PITCHER,True,QA_VALIDATED_CANONICAL_V3,,,
663574,25.0,7.0,65.0,73.0,251.0,293.0,Top,824540,https://raw.githubusercontent.com/lancebroz/mlb-pitcher-data/main/data/raw/2026/daily/2026-03-28.parquet,False,2026-03-28,2026-03-28T20:10:00Z,CIN,BOS,H,Tony Santillan,False,RELIEF_OR_BULK,25,5,3,0,0,0,2,3,0,https://statsapi.mlb.com/api/v1.1/game/824540/feed/live,both,True,P,Pitcher,BULLPEN_PITCHER,True,QA_VALIDATED_CANONICAL_V3,,,
663903,74.0,1.0,0.0,36.0,1.0,140.0,Top,824540,https://raw.githubusercontent.com/lancebroz/mlb-pitcher-data/main/data/raw/2026/daily/2026-03-28.parquet,False,2026-03-28,2026-03-28T20:10:00Z,CIN,BOS,H,Brady Singer,True,STARTER,74,20,12,3,3,5,2,5,1,https://statsapi.mlb.com/api/v1.1/game/824540/feed/live,both,True,P,Pitcher,STARTER/OPENER/BULK,True,QA_VALIDATED_CANONICAL_V3,,,
668933,19.0,6.0,54.0,64.0,204.0,250.0,Top,824540,https://raw.githubusercontent.com/lancebroz/mlb-pitcher-data/main/data/raw/2026/daily/2026-03-28.parquet,False,2026-03-28,2026-03-28T20:10:00Z,CIN,BOS,H,Graham Ashcraft,False,RELIEF_OR_BULK,19,5,3,1,1,1,1,2,0,https://statsapi.mlb.com/api/v1.1/game/824540/feed/live,both,True,P,Pitcher,BULLPEN_PITCHER,True,QA_VALIDATED_CANONICAL_V3,,,
669711,27.0,5.0,45.0,50.0,170.0,196.0,Bot,824540,https://raw.githubusercontent.com/lancebroz/mlb-pitcher-data/main/data/raw/2026/daily/2026-03-28.parquet,False,2026-03-28,2026-03-28T20:10:00Z,BOS,CIN,A,Greg Weissert,False,RELIEF_OR_BULK,27,6,3,1,1,2,1,2,1,https://statsapi.mlb.com/api/v1.1/game/824540/feed/live,both,True,P,Pitcher,BULLPEN_PITCHER,True,QA_VALIDATED_CANONICAL_V3,,,
670245,51.0,6.0,59.0,78.0,220.0,316.0,Bot,824540,https://raw.githubusercontent.com/lancebroz/mlb-pitcher-data/main/data/raw/2026/daily/2026-03-28.parquet,False,2026-03-28,2026-03-28T20:10:00Z,BOS,CIN,A,Ryan Watson,False,RELIEF_OR_BULK,51,10,7,0,0,0,3,1,0,https://statsapi.mlb.com/api/v1.1/game/824540/feed/live,both,True,P,Pitcher,BULLPEN_PITCHER,True,QA_VALIDATED_CANONICAL_V3,,,
676477,6.0,10.0,89.0,91.0,356.0,361.0,Bot,824540,https://raw.githubusercontent.com/lancebroz/mlb-pitcher-data/main/data/raw/2026/daily/2026-03-28.parquet,False,2026-03-28,2026-03-28T20:10:00Z,BOS,CIN,A,Garrett Whitlock,False,RELIEF_OR_BULK,6,3,3,0,0,0,0,1,0,https://statsapi.mlb.com/api/v1.1/game/824540/feed/live,both,True,P,Pitcher,BULLPEN_PITCHER,True,QA_VALIDATED_CANONICAL_V3,,,
683175,23.0,10.0,86.0,93.0,344.0,372.0,Top,824540,https://raw.githubusercontent.com/lancebroz/mlb-pitcher-data/main/data/raw/2026/daily/2026-03-28.parquet,False,2026-03-28,2026-03-28T20:10:00Z,CIN,BOS,H,Connor Phillips,False,RELIEF_OR_BULK,23,5,6,0,0,0,0,3,0,https://statsapi.mlb.com/api/v1.1/game/824540/feed/live,both,True,P,Pitcher,BULLPEN_PITCHER,True,QA_VALIDATED_CANONICAL_V3,,,
686580,11.0,11.0,94.0,96.0,373.0,383.0,Bot,824540,https://raw.githubusercontent.com/lancebroz/mlb-pitcher-data/main/data/raw/2026/daily/2026-03-28.parquet,False,2026-03-28,2026-03-28T20:10:00Z,BOS,CIN,A,Justin Slaten,False,RELIEF_OR_BULK,11,3,1,1,0,1,1,1,0,https://statsapi.mlb.com/api/v1.1/game/824540/feed/live,both,True,P,Pitcher,BULLPEN_PITCHER,True,QA_VALIDATED_CANONICAL_V3,,,
547973,11.0,9.0,72.0,74.0,247.0,257.0,Bot,824541,https://raw.githubusercontent.com/lancebroz/mlb-pitcher-data/main/data/raw/2026/daily/2026-03-26.parquet,False,2026-03-26,2026-03-26T20:10:00Z,BOS,CIN,A,Aroldis Chapman,False,RELIEF_OR_BULK,11,3,3,0,0,0,0,0,0,https://statsapi.mlb.com/api/v1.1/game/824541/feed/live,both,True,P,Pitcher,BULLPEN_PITCHER,True,QA_VALIDATED_CANONICAL_V3,,,
572955,9.0,7.0,48.0,50.0,164.0,172.0,Top,824541,https://raw.githubusercontent.com/lancebroz/mlb-pitcher-data/main/data/raw/2026/daily/2026-03-26.parquet,False,2026-03-26,2026-03-26T20:10:00Z,CIN,BOS,H,Pierce Johnson,False,RELIEF_OR_BULK,9,3,1,1,1,2,0,0,0,https://statsapi.mlb.com/api/v1.1/game/824541/feed/live,both,True,P,Pitcher,BULLPEN_PITCHER,True,QA_VALIDATED_CANONICAL_V3,,,
594580,6.0,7.0,51.0,57.0,173.0,195.0,Top,824541,https://raw.githubusercontent.com/lancebroz/mlb-pitcher-data/main/data/raw/2026/daily/2026-03-26.parquet,False,2026-03-26,2026-03-26T20:10:00Z,CIN,BOS,H,Sam Moll,False,RELIEF_OR_BULK,6,3,3,0,0,0,0,1,0,https://statsapi.mlb.com/api/v1.1/game/824541/feed/live,both,True,P,Pitcher,BULLPEN_PITCHER,True,QA_VALIDATED_CANONICAL_V3,,,
656271,3.0,9.0,70.0,71.0,244.0,246.0,Top,824541,https://raw.githubusercontent.com/lancebroz/mlb-pitcher-data/main/data/raw/2026/daily/2026-03-26.parquet,False,2026-03-26,2026-03-26T20:10:00Z,CIN,BOS,H,Brock Burke,False,RELIEF_OR_BULK,3,2,1,0,0,1,0,0,0,https://statsapi.mlb.com/api/v1.1/game/824541/feed/live,both,True,P,Pitcher,BULLPEN_PITCHER,True,QA_VALIDATED_CANONICAL_V3,,,
668933,14.0,8.0,58.0,60.0,196.0,209.0,Top,824541,https://raw.githubusercontent.com/lancebroz/mlb-pitcher-data/main/data/raw/2026/daily/2026-03-26.parquet,False,2026-03-26,2026-03-26T20:10:00Z,CIN,BOS,H,Graham Ashcraft,False,RELIEF_OR_BULK,14,3,2,0,0,0,1,1,0,https://statsapi.mlb.com/api/v1.1/game/824541/feed/live,both,True,P,Pitcher,BULLPEN_PITCHER,True,QA_VALIDATED_CANONICAL_V3,,,
671096,83.0,1.0,0.0,41.0,1.0,143.0,Top,824541,https://raw.githubusercontent.com/lancebroz/mlb-pitcher-data/main/data/raw/2026/daily/2026-03-26.parquet,False,2026-03-26,2026-03-26T20:10:00Z,CIN,BOS,H,Andrew Abbott,True,STARTER,83,24,18,0,0,7,1,4,0,https://statsapi.mlb.com/api/v1.1/game/824541/feed/live,both,True,P,Pitcher,STARTER/OPENER/BULK,True,QA_VALIDATED_CANONICAL_V3,,,
676477,18.0,8.0,61.0,64.0,210.0,227.0,Bot,824541,https://raw.githubusercontent.com/lancebroz/mlb-pitcher-data/main/data/raw/2026/daily/2026-03-26.parquet,False,2026-03-26,2026-03-26T20:10:00Z,BOS,CIN,A,Garrett Whitlock,False,RELIEF_OR_BULK,18,4,3,0,0,1,0,2,0,https://statsapi.mlb.com/api/v1.1/game/824541/feed/live,both,True,P,Pitcher,BULLPEN_PITCHER,True,QA_VALIDATED_CANONICAL_V3,,,
676979,80.0,1.0,5.0,47.0,11.0,163.0,Bot,824541,https://raw.githubusercontent.com/lancebroz/mlb-pitcher-data/main/data/raw/2026/daily/2026-03-26.parquet,False,2026-03-26,2026-03-26T20:10:00Z,BOS,CIN,A,Garrett Crochet,True,STARTER,80,24,18,0,0,3,2,8,0,https://statsapi.mlb.com/api/v1.1/game/824541/feed/live,both,True,P,Pitcher,STARTER/OPENER/BULK,True,QA_VALIDATED_CANONICAL_V3,,,
683175,16.0,9.0,65.0,69.0,228.0,243.0,Top,824541,https://raw.githubusercontent.com/lancebroz/mlb-pitcher-data/main/data/raw/2026/daily/2026-03-26.parquet,False,2026-03-26,2026-03-26T20:10:00Z,CIN,BOS,H,Connor Phillips,False,RELIEF_OR_BULK,16,5,2,2,2,2,1,1,0,https://statsapi.mlb.com/api/v1.1/game/824541/feed/live,both,True,P,Pitcher,BULLPEN_PITCHER,True,QA_VALIDATED_CANONICAL_V3,,,
686580,17.0,7.0,53.0,56.0,178.0,194.0,Bot,824541,https://raw.githubusercontent.com/lancebroz/mlb-pitcher-data/main/data/raw/2026/daily/2026-03-26.parquet,False,2026-03-26,2026-03-26T20:10:00Z,BOS,CIN,A,Justin Slaten,False,RELIEF_OR_BULK,17,4,3,0,0,0,1,2,0,https://statsapi.mlb.com/api/v1.1/game/824541/feed/live,both,True,P,Pitcher,BULLPEN_PITCHER,True,QA_VALIDATED_CANONICAL_V3,,,
608371,16.0,6.0,43.0,46.0,189.0,204.0,Top,824617,https://raw.githubusercontent.com/lancebroz/mlb-pitcher-data/main/data/raw/2026/daily/2026-04-08.parquet,False,2026-04-08,2026-04-08T18:10:00Z,CWS,BAL,H,Lucas Sims,False,RELIEF_OR_BULK,16,4,1,2,1,2,1,1,0,https://statsapi.mlb.com/api/v1.1/game/824617/feed/live,both,True,P,Pitcher,BULLPEN_PITCHER,True,QA_VALIDATED_CANONICAL_V3,,,
656794,14.0,7.0,54.0,57.0,237.0,250.0,Top,824617,https://raw.githubusercontent.com/lancebroz/mlb-pitcher-data/main/data/raw/2026/daily/2026-04-08.parquet,False,2026-04-08,2026-04-08T18:10:00Z,CWS,BAL,H,Sean Newcomb,False,RELIEF_OR_BULK,14,4,3,0,0,1,0,2,0,https://statsapi.mlb.com/api/v1.1/game/824617/feed/live,both,True,P,Pitcher,BULLPEN_PITCHER,True,QA_VALIDATED_CANONICAL_V3,,,
663542,10.0,6.0,47.0,48.0,205.0,214.0,Top,824617,https://raw.githubusercontent.com/lancebroz/mlb-pitcher-data/main/data/raw/2026/daily/2026-04-08.parquet,False,2026-04-08,2026-04-08T18:10:00Z,CWS,BAL,H,Bryan Hudson,False,RELIEF_OR_BULK,10,2,2,0,0,0,0,0,0,https://statsapi.mlb.com/api/v1.1/game/824617/feed/live,both,True,P,Pitcher,BULLPEN_PITCHER,True,QA_VALIDATED_CANONICAL_V3,,,
663855,13.0,8.0,62.0,64.0,261.0,273.0,Top,824617,https://raw.githubusercontent.com/lancebroz/mlb-pitcher-data/main/data/raw/2026/daily/2026-04-08.parquet,False,2026-04-08,2026-04-08T18:10:00Z,CWS,BAL,H,Jordan Hicks,False,RELIEF_OR_BULK,13,3,2,0,0,0,1,0,0,https://statsapi.mlb.com/api/v1.1/game/824617/feed/live,both,True,P,Pitcher,BULLPEN_PITCHER,True,QA_VALIDATED_CANONICAL_V3,,,
664991,10.0,7.0,58.0,61.0,251.0,260.0,Bot,824617,https://raw.githubusercontent.com/lancebroz/mlb-pitcher-data/main/data/raw/2026/daily/2026-04-08.parquet,False,2026-04-08,2026-04-08T18:10:00Z,BAL,CWS,A,Grant Wolfram,False,RELIEF_OR_BULK,10,4,3,0,0,1,0,1,0,https://statsapi.mlb.com/api/v1.1/game/824617/feed/live,both,True,P,Pitcher,BULLPEN_PITCHER,True,QA_VALIDATED_CANONICAL_V3,,,
669330,22.0,6.0,49.0,53.0,215.0,236.0,Bot,824617,https://raw.githubusercontent.com/lancebroz/mlb-pitcher-data/main/data/raw/2026/daily/2026-04-08.parquet,False,2026-04-08,2026-04-08T18:10:00Z,BAL,CWS,A,Tyler Wells,False,RELIEF_OR_BULK,22,5,3,0,0,0,1,1,0,https://statsapi.mlb.com/api/v1.1/game/824617/feed/live,both,True,P,Pitcher,BULLPEN_PITCHER,True,QA_VALIDATED_CANONICAL_V3,,,
670329,22.0,9.0,75.0,79.0,310.0,331.0,Bot,824617,https://raw.githubusercontent.com/lancebroz/mlb-pitcher-data/main/data/raw/2026/daily/2026-04-08.parquet,False,2026-04-08,2026-04-08T18:10:00Z,BAL,CWS,A,Rico Garcia,False,RELIEF_OR_BULK,22,5,3,0,0,0,2,2,0,https://statsapi.mlb.com/api/v1.1/game/824617/feed/live,both,True,P,Pitcher,BULLPEN_PITCHER,True,QA_VALIDATED_CANONICAL_V3,,,
680694,96.0,1.0,4.0,42.0,24.0,188.0,Bot,824617,https://raw.githubusercontent.com/lancebroz/mlb-pitcher-data/main/data/raw/2026/daily/2026-04-08.parquet,False,2026-04-08,2026-04-08T18:10:00Z,BAL,CWS,A,Kyle Bradish,True,STARTER,96,23,15,3,2,6,3,7,0,https://statsapi.mlb.com/api/v1.1/game/824617/feed/live,both,True,P,Pitcher,STARTER/OPENER/BULK,True,QA_VALIDATED_CANONICAL_V3,,,
680732,92.0,1.0,0.0,36.0,1.0,156.0,Top,824617,https://raw.githubusercontent.com/lancebroz/mlb-pitcher-data/main/data/raw/2026/daily/2026-04-08.parquet,False,2026-04-08,2026-04-08T18:10:00Z,CWS,BAL,H,Sean Burke,True,STARTER,92,20,15,2,2,2,2,3,0,https://statsapi.mlb.com/api/v1.1/game/824617/feed/live,both,True,P,Pitcher,STARTER/OPENER/BULK,True,QA_VALIDATED_CANONICAL_V3,,,
689296,10.0,8.0,67.0,69.0,285.0,294.0,Bot,824617,https://raw.githubusercontent.com/lancebroz/mlb-pitcher-data/main/data/raw/2026/daily/2026-04-08.parquet,False,2026-04-08,2026-04-08T18:10:00Z,BAL,CWS,A,Anthony Nunez,False,RELIEF_OR_BULK,10,3,3,0,0,0,0,1,0,https://statsapi.mlb.com/api/v1.1/game/824617/feed/live,both,True,P,Pitcher,BULLPEN_PITCHER,True,QA_VALIDATED_CANONICAL_V3,,,
805326,26.0,8.0,65.0,74.0,274.0,309.0,Top,824617,https://raw.githubusercontent.com/lancebroz/mlb-pitcher-data/main/data/raw/2026/daily/2026-04-08.parquet,False,2026-04-08,2026-04-08T18:10:00Z,CWS,BAL,H,Tyler Schweitzer,False,RELIEF_OR_BULK,26,7,4,1,1,2,1,1,0,https://statsapi.mlb.com/api/v1.1/game/824617/feed/live,both,True,P,Pitcher,BULLPEN_PITCHER,True,QA_VALIDATED_CANONICAL_V3,,,
656794,26.0,4.0,31.0,40.0,151.0,190.0,Top,824618,https://raw.githubusercontent.com/lancebroz/mlb-pitcher-data/main/data/raw/2026/daily/2026-04-07.parquet,False,2026-04-07,2026-04-07T19:10:00Z,CWS,BAL,H,Sean Newcomb,False,RELIEF_OR_BULK,26,7,4,1,1,2,1,1,0,https://statsapi.mlb.com/api/v1.1/game/824618/feed/live,both,True,P,Pitcher,BULLPEN_PITCHER,True,QA_VALIDATED_CANONICAL_V3,,,
663542,15.0,9.0,73.0,76.0,316.0,330.0,Top,824618,https://raw.githubusercontent.com/lancebroz/mlb-pitcher-data/main/data/raw/2026/daily/2026-04-07.parquet,False,2026-04-07,2026-04-07T19:10:00Z,CWS,BAL,H,Bryan Hudson,False,RELIEF_OR_BULK,15,4,3,0,0,0,1,0,0,https://statsapi.mlb.com/api/v1.1/game/824618/feed/live,both,True,P,Pitcher,BULLPEN_PITCHER,True,QA_VALIDATED_CANONICAL_V3,,,
663855,23.0,7.0,55.0,64.0,248.0,280.0,Top,824618,https://raw.githubusercontent.com/lancebroz/mlb-pitcher-data/main/data/raw/2026/daily/2026-04-07.parquet,False,2026-04-07,2026-04-07T19:10:00Z,CWS,BAL,H,Jordan Hicks,False,RELIEF_OR_BULK,23,7,4,2,2,3,0,2,0,https://statsapi.mlb.com/api/v1.1/game/824618/feed/live,both,True,P,Pitcher,BULLPEN_PITCHER,True,QA_VALIDATED_CANONICAL_V3,,,
664854,18.0,9.0,77.0,80.0,331.0,348.0,Bot,824618,https://raw.githubusercontent.com/lancebroz/mlb-pitcher-data/main/data/raw/2026/daily/2026-04-07.parquet,False,2026-04-07,2026-04-07T19:10:00Z,BAL,CWS,A,Ryan Helsley,False,RELIEF_OR_BULK,18,4,3,0,0,0,1,2,0,https://statsapi.mlb.com/api/v1.1/game/824618/feed/live,both,True,P,Pitcher,BULLPEN_PITCHER,True,QA_VALIDATED_CANONICAL_V3,,,
664991,16.0,8.0,69.0,71.0,294.0,309.0,Bot,824618,https://raw.githubusercontent.com/lancebroz/mlb-pitcher-data/main/data/raw/2026/daily/2026-04-07.parquet,False,2026-04-07,2026-04-07T19:10:00Z,BAL,CWS,A,Grant Wolfram,False,RELIEF_OR_BULK,16,3,2,0,0,0,0,2,0,https://statsapi.mlb.com/api/v1.1/game/824618/feed/live,both,True,P,Pitcher,BULLPEN_PITCHER,True,QA_VALIDATED_CANONICAL_V3,,,
666974,10.0,7.0,59.0,61.0,261.0,270.0,Bot,824618,https://raw.githubusercontent.com/lancebroz/mlb-pitcher-data/main/data/raw/2026/daily/2026-04-07.parquet,False,2026-04-07,2026-04-07T19:10:00Z,BAL,CWS,A,Yennier Cano,False,RELIEF_OR_BULK,10,3,3,0,0,0,0,1,0,https://statsapi.mlb.com/api/v1.1/game/824618/feed/live,both,True,P,Pitcher,BULLPEN_PITCHER,True,QA_VALIDATED_CANONICAL_V3,,,
669432,101.0,1.0,5.0,54.0,23.0,247.0,Bot,824618,https://raw.githubusercontent.com/lancebroz/mlb-pitcher-data/main/data/raw/2026/daily/2026-04-07.parquet,False,2026-04-07,2026-04-07T19:10:00Z,BAL,CWS,A,Trevor Rogers,True,STARTER,101,25,18,2,2,6,0,6,0,https://statsapi.mlb.com/api/v1.1/game/824618/feed/live,both,True,P,Pitcher,STARTER/OPENER/BULK,True,QA_VALIDATED_CANONICAL_V3,,,
669684,13.0,8.0,65.0,68.0,281.0,293.0,Top,824618,https://raw.githubusercontent.com/lancebroz/mlb-pitcher-data/main/data/raw/2026/daily/2026-04-07.parquet,False,2026-04-07,2026-04-07T19:10:00Z,CWS,BAL,H,Chris Murphy,False,RELIEF_OR_BULK,13,4,2,1,1,1,1,0,1,https://statsapi.mlb.com/api/v1.1/game/824618/feed/live,both,True,P,Pitcher,BULLPEN_PITCHER,True,QA_VALIDATED_CANONICAL_V3,,,
673929,21.0,6.0,46.0,49.0,213.0,233.0,Top,824618,https://raw.githubusercontent.com/lancebroz/mlb-pitcher-data/main/data/raw/2026/daily/2026-04-07.parquet,False,2026-04-07,2026-04-07T19:10:00Z,CWS,BAL,H,Jordan Leasure,False,RELIEF_OR_BULK,21,4,3,0,0,1,0,2,0,https://statsapi.mlb.com/api/v1.1/game/824618/feed/live,both,True,P,Pitcher,BULLPEN_PITCHER,True,QA_VALIDATED_CANONICAL_V3,,,
681343,99.0,1.0,0.0,30.0,1.0,150.0,Top,824618,https://raw.githubusercontent.com/lancebroz/mlb-pitcher-data/main/data/raw/2026/daily/2026-04-07.parquet,False,2026-04-07,2026-04-07T19:10:00Z,CWS,BAL,H,Shane Smith,True,STARTER,99,19,11,0,0,1,5,8,0,https://statsapi.mlb.com/api/v1.1/game/824618/feed/live,both,True,P,Pitcher,STARTER/OPENER/BULK,True,QA_VALIDATED_CANONICAL_V3,,,
689296,6.0,8.0,72.0,72.0,310.0,315.0,Bot,824618,https://raw.githubusercontent.com/lancebroz/mlb-pitcher-data/main/data/raw/2026/daily/2026-04-07.parquet,False,2026-04-07,2026-04-07T19:10:00Z,BAL,CWS,A,Anthony Nunez,False,RELIEF_OR_BULK,6,1,1,0,0,0,0,1,0,https://statsapi.mlb.com/api/v1.1/game/824618/feed/live,both,True,P,Pitcher,BULLPEN_PITCHER,True,QA_VALIDATED_CANONICAL_V3,,,
607200,86.0,2.0,8.0,47.0,33.0,182.0,Top,824619,https://raw.githubusercontent.com/lancebroz/mlb-pitcher-data/main/data/raw/2026/daily/2026-04-06.parquet,False,2026-04-06,2026-04-06T23:40:00Z,CWS,BAL,H,Erick Fedde,False,RELIEF_OR_BULK,86,22,18,2,2,5,1,4,1,https://statsapi.mlb.com/api/v1.1/game/824619/feed/live,both,True,P,Pitcher,BULLPEN_PITCHER,True,QA_VALIDATED_CANONICAL_V3,,,
608371,21.0,8.0,51.0,60.0,201.0,231.0,Top,824619,https://raw.githubusercontent.com/lancebroz/mlb-pitcher-data/main/data/raw/2026/daily/2026-04-06.parquet,False,2026-04-06,2026-04-06T23:40:00Z,CWS,BAL,H,Lucas Sims,False,RELIEF_OR_BULK,21,6,6,0,0,1,0,2,0,https://statsapi.mlb.com/api/v1.1/game/824619/feed/live,both,True,P,Pitcher,BULLPEN_PITCHER,True,QA_VALIDATED_CANONICAL_V3,,,
664854,24.0,9.0,61.0,66.0,232.0,255.0,Bot,824619,https://raw.githubusercontent.com/lancebroz/mlb-pitcher-data/main/data/raw/2026/daily/2026-04-06.parquet,False,2026-04-06,2026-04-06T23:40:00Z,BAL,CWS,A,Ryan Helsley,False,RELIEF_OR_BULK,24,6,3,1,1,1,2,1,0,https://statsapi.mlb.com/api/v1.1/game/824619/feed/live,both,True,P,Pitcher,BULLPEN_PITCHER,True,QA_VALIDATED_CANONICAL_V3,,,
669330,32.0,6.0,41.0,50.0,160.0,200.0,Bot,824619,https://raw.githubusercontent.com/lancebroz/mlb-pitcher-data/main/data/raw/2026/daily/2026-04-06.parquet,False,2026-04-06,2026-04-06T23:40:00Z,BAL,CWS,A,Tyler Wells,False,RELIEF_OR_BULK,32,7,6,0,0,1,1,2,0,https://statsapi.mlb.com/api/v1.1/game/824619/feed/live,both,True,P,Pitcher,BULLPEN_PITCHER,True,QA_VALIDATED_CANONICAL_V3,,,
670329,10.0,8.0,55.0,57.0,215.0,224.0,Bot,824619,https://raw.githubusercontent.com/lancebroz/mlb-pitcher-data/main/data/raw/2026/daily/2026-04-06.parquet,False,2026-04-06,2026-04-06T23:40:00Z,BAL,CWS,A,Rico Garcia,False,RELIEF_OR_BULK,10,3,3,0,0,0,0,1,0,https://statsapi.mlb.com/api/v1.1/game/824619/feed/live,both,True,P,Pitcher,BULLPEN_PITCHER,True,QA_VALIDATED_CANONICAL_V3,,,
687064,66.0,1.0,4.0,36.0,17.0,142.0,Bot,824619,https://raw.githubusercontent.com/lancebroz/mlb-pitcher-data/main/data/raw/2026/daily/2026-04-06.parquet,False,2026-04-06,2026-04-06T23:40:00Z,BAL,CWS,A,Brandon Young,True,STARTER,66,18,15,0,0,2,2,2,0,https://statsapi.mlb.com/api/v1.1/game/824619/feed/live,both,True,P,Pitcher,STARTER/OPENER/BULK,True,QA_VALIDATED_CANONICAL_V3,,,
691799,16.0,1.0,0.0,3.0,1.0,16.0,Top,824619,https://raw.githubusercontent.com/lancebroz/mlb-pitcher-data/main/data/raw/2026/daily/2026-04-06.parquet,False,2026-04-06,2026-04-06T23:40:00Z,CWS,BAL,H,Grant Taylor,True,STARTER,16,4,3,0,0,1,0,1,0,https://statsapi.mlb.com/api/v1.1/game/824619/feed/live,both,True,P,Pitcher,STARTER/OPENER/BULK,True,QA_VALIDATED_CANONICAL_V3,,,
573009,17.0,5.0,44.0,50.0,178.0,200.0,Bot,824620,https://raw.githubusercontent.com/lancebroz/mlb-pitcher-data/main/data/raw/2026/daily/2026-04-05.parquet,False,2026-04-05,2026-04-05T18:10:00Z,TOR,CWS,A,Joe Mantiply,False,RELIEF_OR_BULK,17,4,4,0,0,0,0,3,0,https://statsapi.mlb.com/api/v1.1/game/824620/feed/live,both,True,P,Pitcher,BULLPEN_PITCHER,True,QA_VALIDATED_CANONICAL_V3,,,
608723,49.0,3.0,25.0,43.0,111.0,177.0,Bot,824620,https://raw.githubusercontent.com/lancebroz/mlb-pitcher-data/main/data/raw/2026/daily/2026-04-05.parquet,False,2026-04-05,2026-04-05T18:10:00Z,TOR,CWS,A,Austin Voth,False,RELIEF_OR_BULK,49,12,8,1,1,3,1,1,0,https://statsapi.mlb.com/api/v1.1/game/824620/feed/live,both,True,P,Pitcher,BULLPEN_PITCHER,True,QA_VALIDATED_CANONICAL_V3,,,
641778,49.0,1.0,4.0,24.0,23.0,110.0,Bot,824620,https://raw.githubusercontent.com/lancebroz/mlb-pitcher-data/main/data/raw/2026/daily/2026-04-05.parquet,False,2026-04-05,2026-04-05T18:10:00Z,TOR,CWS,A,Eric Lauer,True,STARTER,49,12,6,2,2,3,3,0,0,https://statsapi.mlb.com/api/v1.1/game/824620/feed/live,both,True,P,Pitcher,STARTER/OPENER/BULK,True,QA_VALIDATED_CANONICAL_V3,,,
663436,85.0,1.0,0.0,47.0,1.0,189.0,Top,824620,https://raw.githubusercontent.com/lancebroz/mlb-pitcher-data/main/data/raw/2026/daily/2026-04-05.parquet,False,2026-04-05,2026-04-05T18:10:00Z,CWS,TOR,H,Davis Martin,True,STARTER,85,23,18,0,0,4,2,6,0,https://statsapi.mlb.com/api/v1.1/game/824620/feed/live,both,True,P,Pitcher,STARTER/OPENER/BULK,True,QA_VALIDATED_CANONICAL_V3,,,
663542,19.0,7.0,51.0,54.0,201.0,219.0,Top,824620,https://raw.githubusercontent.com/lancebroz/mlb-pitcher-data/main/data/raw/2026/daily/2026-04-05.parquet,False,2026-04-05,2026-04-05T18:10:00Z,CWS,TOR,H,Bryan Hudson,False,RELIEF_OR_BULK,19,4,2,0,0,2,0,1,0,https://statsapi.mlb.com/api/v1.1/game/824620/feed/live,both,True,P,Pitcher,BULLPEN_PITCHER,True,QA_VALIDATED_CANONICAL_V3,,,
669684,15.0,9.0,67.0,70.0,266.0,280.0,Top,824620,https://raw.githubusercontent.com/lancebroz/mlb-pitcher-data/main/data/raw/2026/daily/2026-04-05.parquet,False,2026-04-05,2026-04-05T18:10:00Z,CWS,TOR,H,Chris Murphy,False,RELIEF_OR_BULK,15,4,3,0,0,0,1,1,0,https://statsapi.mlb.com/api/v1.1/game/824620/feed/live,both,True,P,Pitcher,BULLPEN_PITCHER,True,QA_VALIDATED_CANONICAL_V3,,,
673929,19.0,7.0,55.0,61.0,220.0,246.0,Top,824620,https://raw.githubusercontent.com/lancebroz/mlb-pitcher-data/main/data/raw/2026/daily/2026-04-05.parquet,False,2026-04-05,2026-04-05T18:10:00Z,CWS,TOR,H,Jordan Leasure,False,RELIEF_OR_BULK,19,4,4,0,0,0,0,1,0,https://statsapi.mlb.com/api/v1.1/game/824620/feed/live,both,True,P,Pitcher,BULLPEN_PITCHER,True,QA_VALIDATED_CANONICAL_V3,,,
693686,27.0,7.0,56.0,66.0,226.0,265.0,Bot,824620,https://raw.githubusercontent.com/lancebroz/mlb-pitcher-data/main/data/raw/2026/daily/2026-04-05.parquet,False,2026-04-05,2026-04-05T18:10:00Z,TOR,CWS,A,Spencer Miles,False,RELIEF_OR_BULK,27,8,6,0,0,2,0,2,0,https://statsapi.mlb.com/api/v1.1/game/824620/feed/live,both,True,P,Pitcher,BULLPEN_PITCHER,True,QA_VALIDATED_CANONICAL_V3,,,
622554,22.0,9.0,67.0,76.0,266.0,299.0,Top,824621,https://raw.githubusercontent.com/lancebroz/mlb-pitcher-data/main/data/raw/2026/daily/2026-04-03.parquet,False,2026-04-03,2026-04-03T18:10:00Z,CWS,TOR,H,Seranthony Domínguez,False,RELIEF_OR_BULK,22,5,4,1,0,0,0,2,0,https://statsapi.mlb.com/api/v1.1/game/824621/feed/live,both,True,P,Pitcher,BULLPEN_PITCHER,True,QA_VALIDATED_CANONICAL_V3,,,
643511,12.0,9.0,68.0,72.0,274.0,285.0,Bot,824621,https://raw.githubusercontent.com/lancebroz/mlb-pitcher-data/main/data/raw/2026/daily/2026-04-03.parquet,False,2026-04-03,2026-04-03T18:10:00Z,TOR,CWS,A,Tyler Rogers,False,RELIEF_OR_BULK,12,5,3,0,0,1,1,0,0,https://statsapi.mlb.com/api/v1.1/game/824621/feed/live,both,True,P,Pitcher,BULLPEN_PITCHER,True,QA_VALIDATED_CANONICAL_V3,,,
656302,93.0,1.0,3.0,39.0,10.0,170.0,Bot,824621,https://raw.githubusercontent.com/lancebroz/mlb-pitcher-data/main/data/raw/2026/daily/2026-04-03.parquet,False,2026-04-03,2026-04-03T18:10:00Z,TOR,CWS,A,Dylan Cease,True,STARTER,93,22,13,3,2,5,3,6,0,https://statsapi.mlb.com/api/v1.1/game/824621/feed/live,both,True,P,Pitcher,STARTER/OPENER/BULK,True,QA_VALIDATED_CANONICAL_V3,,,
656546,14.0,10.0,77.0,80.0,300.0,313.0,Bot,824621,https://raw.githubusercontent.com/lancebroz/mlb-pitcher-data/main/data/raw/2026/daily/2026-04-03.parquet,False,2026-04-03,2026-04-03T18:10:00Z,TOR,CWS,A,Jeff Hoffman,False,RELIEF_OR_BULK,14,4,2,2,0,2,0,1,0,https://statsapi.mlb.com/api/v1.1/game/824621/feed/live,both,True,P,Pitcher,BULLPEN_PITCHER,True,QA_VALIDATED_CANONICAL_V3,,,
656794,8.0,9.0,64.0,66.0,258.0,265.0,Top,824621,https://raw.githubusercontent.com/lancebroz/mlb-pitcher-data/main/data/raw/2026/daily/2026-04-03.parquet,False,2026-04-03,2026-04-03T18:10:00Z,CWS,TOR,H,Sean Newcomb,False,RELIEF_OR_BULK,8,3,2,0,0,1,0,0,0,https://statsapi.mlb.com/api/v1.1/game/824621/feed/live,both,True,P,Pitcher,BULLPEN_PITCHER,True,QA_VALIDATED_CANONICAL_V3,,,
663893,17.0,7.0,53.0,55.0,209.0,225.0,Bot,824621,https://raw.githubusercontent.com/lancebroz/mlb-pitcher-data/main/data/raw/2026/daily/2026-04-03.parquet,False,2026-04-03,2026-04-03T18:10:00Z,TOR,CWS,A,Brendon Little,False,RELIEF_OR_BULK,17,3,3,0,0,0,0,1,0,https://statsapi.mlb.com/api/v1.1/game/824621/feed/live,both,True,P,Pitcher,BULLPEN_PITCHER,True,QA_VALIDATED_CANONICAL_V3,,,
673929,17.0,8.0,56.0,60.0,226.0,242.0,Top,824621,https://raw.githubusercontent.com/lancebroz/mlb-pitcher-data/main/data/raw/2026/daily/2026-04-03.parquet,False,2026-04-03,2026-04-03T18:10:00Z,CWS,TOR,H,Jordan Leasure,False,RELIEF_OR_BULK,17,5,3,2,2,2,1,1,1,https://statsapi.mlb.com/api/v1.1/game/824621/feed/live,both,True,P,Pitcher,BULLPEN_PITCHER,True,QA_VALIDATED_CANONICAL_V3,,,
680732,85.0,2.0,9.0,52.0,28.0,208.0,Top,824621,https://raw.githubusercontent.com/lancebroz/mlb-pitcher-data/main/data/raw/2026/daily/2026-04-03.parquet,False,2026-04-03,2026-04-03T18:10:00Z,CWS,TOR,H,Sean Burke,False,RELIEF_OR_BULK,85,22,18,1,1,4,0,7,0,https://statsapi.mlb.com/api/v1.1/game/824621/feed/live,both,True,P,Pitcher,BULLPEN_PITCHER,True,QA_VALIDATED_CANONICAL_V3,,,
680755,21.0,5.0,40.0,49.0,171.0,198.0,Bot,824621,https://raw.githubusercontent.com/lancebroz/mlb-pitcher-data/main/data/raw/2026/daily/2026-04-03.parquet,False,2026-04-03,2026-04-03T18:10:00Z,TOR,CWS,A,Braydon Fisher,False,RELIEF_OR_BULK,21,6,5,0,0,2,0,3,0,https://statsapi.mlb.com/api/v1.1/game/824621/feed/live,both,True,P,Pitcher,BULLPEN_PITCHER,True,QA_VALIDATED_CANONICAL_V3,,,
686973,15.0,8.0,61.0,63.0,243.0,257.0,Bot,824621,https://raw.githubusercontent.com/lancebroz/mlb-pitcher-data/main/data/raw/2026/daily/2026-04-03.parquet,False,2026-04-03,2026-04-03T18:10:00Z,TOR,CWS,A,Louis Varland,False,RELIEF_OR_BULK,15,3,3,0,0,1,0,1,0,https://statsapi.mlb.com/api/v1.1/game/824621/feed/live,both,True,P,Pitcher,BULLPEN_PITCHER,True,QA_VALIDATED_CANONICAL_V3,,,
691799,9.0,1.0,0.0,2.0,1.0,9.0,Top,824621,https://raw.githubusercontent.com/lancebroz/mlb-pitcher-data/main/data/raw/2026/daily/2026-04-03.parquet,False,2026-04-03,2026-04-03T18:10:00Z,CWS,TOR,H,Grant Taylor,True,STARTER,9,3,3,0,0,0,0,1,0,https://statsapi.mlb.com/api/v1.1/game/824621/feed/live,both,True,P,Pitcher,STARTER/OPENER/BULK,True,QA_VALIDATED_CANONICAL_V3,,,
622554,24.0,9.0,67.0,71.0,275.0,298.0,Top,824622,https://raw.githubusercontent.com/lancebroz/mlb-pitcher-data/main/data/raw/2026/daily/2026-04-04.parquet,False,2026-04-04,2026-04-04T18:10:00Z,CWS,TOR,H,Seranthony Domínguez,False,RELIEF_OR_BULK,24,5,3,0,0,1,1,1,0,https://statsapi.mlb.com/api/v1.1/game/824622/feed/live,both,True,P,Pitcher,BULLPEN_PITCHER,True,QA_VALIDATED_CANONICAL_V3,,,
641743,76.0,2.0,9.0,41.0,30.0,171.0,Top,824622,https://raw.githubusercontent.com/lancebroz/mlb-pitcher-data/main/data/raw/2026/daily/2026-04-04.parquet,False,2026-04-04,2026-04-04T18:10:00Z,CWS,TOR,H,Anthony Kay,False,RELIEF_OR_BULK,76,19,13,2,2,3,2,0,1,https://statsapi.mlb.com/api/v1.1/game/824622/feed/live,both,True,P,Pitcher,BULLPEN_PITCHER,True,QA_VALIDATED_CANONICAL_V3,,,
656794,16.0,8.0,60.0,61.0,234.0,249.0,Top,824622,https://raw.githubusercontent.com/lancebroz/mlb-pitcher-data/main/data/raw/2026/daily/2026-04-04.parquet,False,2026-04-04,2026-04-04T18:10:00Z,CWS,TOR,H,Sean Newcomb,False,RELIEF_OR_BULK,16,2,1,0,0,0,1,0,0,https://statsapi.mlb.com/api/v1.1/game/824622/feed/live,both,True,P,Pitcher,BULLPEN_PITCHER,True,QA_VALIDATED_CANONICAL_V3,,,
663855,19.0,7.0,53.0,59.0,204.0,233.0,Top,824622,https://raw.githubusercontent.com/lancebroz/mlb-pitcher-data/main/data/raw/2026/daily/2026-04-04.parquet,False,2026-04-04,2026-04-04T18:10:00Z,CWS,TOR,H,Jordan Hicks,False,RELIEF_OR_BULK,19,4,4,0,0,0,1,0,0,https://statsapi.mlb.com/api/v1.1/game/824622/feed/live,both,True,P,Pitcher,BULLPEN_PITCHER,True,QA_VALIDATED_CANONICAL_V3,,,
663893,13.0,6.0,44.0,47.0,178.0,190.0,Bot,824622,https://raw.githubusercontent.com/lancebroz/mlb-pitcher-data/main/data/raw/2026/daily/2026-04-04.parquet,False,2026-04-04,2026-04-04T18:10:00Z,TOR,CWS,A,Brendon Little,False,RELIEF_OR_BULK,13,4,1,3,3,3,0,1,2,https://statsapi.mlb.com/api/v1.1/game/824622/feed/live,both,True,P,Pitcher,BULLPEN_PITCHER,True,QA_VALIDATED_CANONICAL_V3,,,
667297,20.0,6.0,48.0,57.0,191.0,223.0,Bot,824622,https://raw.githubusercontent.com/lancebroz/mlb-pitcher-data/main/data/raw/2026/daily/2026-04-04.parquet,False,2026-04-04,2026-04-04T18:10:00Z,TOR,CWS,A,Tommy Nance,False,RELIEF_OR_BULK,20,5,5,0,0,0,0,1,0,https://statsapi.mlb.com/api/v1.1/game/824622/feed/live,both,True,P,Pitcher,BULLPEN_PITCHER,True,QA_VALIDATED_CANONICAL_V3,,,
669684,10.0,6.0,42.0,52.0,172.0,203.0,Top,824622,https://raw.githubusercontent.com/lancebroz/mlb-pitcher-data/main/data/raw/2026/daily/2026-04-04.parquet,False,2026-04-04,2026-04-04T18:10:00Z,CWS,TOR,H,Chris Murphy,False,RELIEF_OR_BULK,10,5,3,1,1,2,0,0,0,https://statsapi.mlb.com/api/v1.1/game/824622/feed/live,both,True,P,Pitcher,BULLPEN_PITCHER,True,QA_VALIDATED_CANONICAL_V3,,,
680755,25.0,8.0,62.0,66.0,250.0,274.0,Bot,824622,https://raw.githubusercontent.com/lancebroz/mlb-pitcher-data/main/data/raw/2026/daily/2026-04-04.parquet,False,2026-04-04,2026-04-04T18:10:00Z,TOR,CWS,A,Braydon Fisher,False,RELIEF_OR_BULK,25,5,3,2,0,2,1,1,0,https://statsapi.mlb.com/api/v1.1/game/824622/feed/live,both,True,P,Pitcher,BULLPEN_PITCHER,True,QA_VALIDATED_CANONICAL_V3,,,
681751,66.0,2.0,13.0,38.0,53.0,159.0,Bot,824622,https://raw.githubusercontent.com/lancebroz/mlb-pitcher-data/main/data/raw/2026/daily/2026-04-04.parquet,False,2026-04-04,2026-04-04T18:10:00Z,TOR,CWS,A,Lazaro Estrada,False,RELIEF_OR_BULK,66,14,12,0,0,0,2,3,0,https://statsapi.mlb.com/api/v1.1/game/824622/feed/live,both,True,P,Pitcher,BULLPEN_PITCHER,True,QA_VALIDATED_CANONICAL_V3,,,
689254,20.0,1.0,3.0,8.0,10.0,29.0,Bot,824622,https://raw.githubusercontent.com/lancebroz/mlb-pitcher-data/main/data/raw/2026/daily/2026-04-04.parquet,False,2026-04-04,2026-04-04T18:10:00Z,TOR,CWS,A,Mason Fluharty,True,STARTER,20,6,3,1,1,2,1,0,0,https://statsapi.mlb.com/api/v1.1/game/824622/feed/live,both,True,P,Pitcher,STARTER/OPENER/BULK,True,QA_VALIDATED_CANONICAL_V3,,,
691799,9.0,1.0,0.0,2.0,1.0,9.0,Top,824622,https://raw.githubusercontent.com/lancebroz/mlb-pitcher-data/main/data/raw/2026/daily/2026-04-04.parquet,False,2026-04-04,2026-04-04T18:10:00Z,CWS,TOR,H,Grant Taylor,True,STARTER,9,3,3,0,0,0,0,1,0,https://statsapi.mlb.com/api/v1.1/game/824622/feed/live,both,True,P,Pitcher,STARTER/OPENER/BULK,True,QA_VALIDATED_CANONICAL_V3,,,
573204,21.0,7.0,45.0,49.0,199.0,219.0,Top,824695,https://raw.githubusercontent.com/lancebroz/mlb-pitcher-data/main/data/raw/2026/daily/2026-04-10.parquet,False,2026-04-10,2026-04-10T18:20:00Z,CHC,PIT,H,Caleb Thielbar,False,RELIEF_OR_BULK,21,5,2,2,2,3,0,0,1,https://statsapi.mlb.com/api/v1.1/game/824695/feed/live,both,True,P,Pitcher,BULLPEN_PITCHER,True,QA_VALIDATED_CANONICAL_V3,,,
642397,24.0,8.0,58.0,62.0,249.0,272.0,Bot,824695,https://raw.githubusercontent.com/lancebroz/mlb-pitcher-data/main/data/raw/2026/daily/2026-04-10.parquet,False,2026-04-10,2026-04-10T18:20:00Z,PIT,CHC,A,Gregory Soto,False,RELIEF_OR_BULK,24,5,3,0,0,0,2,0,0,https://statsapi.mlb.com/api/v1.1/game/824695/feed/live,both,True,P,Pitcher,BULLPEN_PITCHER,True,QA_VALIDATED_CANONICAL_V3,,,
642701,13.0,9.0,66.0,68.0,286.0,298.0,Bot,824695,https://raw.githubusercontent.com/lancebroz/mlb-pitcher-data/main/data/raw/2026/daily/2026-04-10.parquet,False,2026-04-10,2026-04-10T18:20:00Z,PIT,CHC,A,Dennis Santana,False,RELIEF_OR_BULK,13,3,3,0,0,0,0,2,0,https://statsapi.mlb.com/api/v1.1/game/824695/feed/live,both,True,P,Pitcher,BULLPEN_PITCHER,True,QA_VALIDATED_CANONICAL_V3,,,
669387,81.0,1.0,3.0,41.0,12.0,181.0,Bot,824695,https://raw.githubusercontent.com/lancebroz/mlb-pitcher-data/main/data/raw/2026/daily/2026-04-10.parquet,False,2026-04-10,2026-04-10T18:20:00Z,PIT,CHC,A,Carmen Mlodzinski,True,STARTER,81,23,16,0,0,6,3,2,0,https://statsapi.mlb.com/api/v1.1/game/824695/feed/live,both,True,P,Pitcher,STARTER/OPENER/BULK,True,QA_VALIDATED_CANONICAL_V3,,,
676755,12.0,7.0,51.0,54.0,226.0,237.0,Bot,824695,https://raw.githubusercontent.com/lancebroz/mlb-pitcher-data/main/data/raw/2026/daily/2026-04-10.parquet,False,2026-04-10,2026-04-10T18:20:00Z,PIT,CHC,A,Isaac Mattson,False,RELIEF_OR_BULK,12,4,3,0,0,0,1,0,0,https://statsapi.mlb.com/api/v1.1/game/824695/feed/live,both,True,P,Pitcher,BULLPEN_PITCHER,True,QA_VALIDATED_CANONICAL_V3,,,
681799,17.0,7.0,50.0,57.0,220.0,248.0,Top,824695,https://raw.githubusercontent.com/lancebroz/mlb-pitcher-data/main/data/raw/2026/daily/2026-04-10.parquet,False,2026-04-10,2026-04-10T18:20:00Z,CHC,PIT,H,Ethan Roberts,False,RELIEF_OR_BULK,17,4,4,0,0,0,0,1,0,https://statsapi.mlb.com/api/v1.1/game/824695/feed/live,both,True,P,Pitcher,BULLPEN_PITCHER,True,QA_VALIDATED_CANONICAL_V3,,,
682254,17.0,6.0,42.0,44.0,182.0,198.0,Bot,824695,https://raw.githubusercontent.com/lancebroz/mlb-pitcher-data/main/data/raw/2026/daily/2026-04-10.parquet,False,2026-04-10,2026-04-10T18:20:00Z,PIT,CHC,A,Mason Montgomery,False,RELIEF_OR_BULK,17,3,2,0,0,0,1,2,0,https://statsapi.mlb.com/api/v1.1/game/824695/feed/live,both,True,P,Pitcher,BULLPEN_PITCHER,True,QA_VALIDATED_CANONICAL_V3,,,
684007,100.0,1.0,0.0,38.0,1.0,170.0,Top,824695,https://raw.githubusercontent.com/lancebroz/mlb-pitcher-data/main/data/raw/2026/daily/2026-04-10.parquet,False,2026-04-10,2026-04-10T18:20:00Z,CHC,PIT,H,Shota Imanaga,True,STARTER,100,19,18,0,0,0,1,9,0,https://statsapi.mlb.com/api/v1.1/game/824695/feed/live,both,True,P,Pitcher,STARTER/OPENER/BULK,True,QA_VALIDATED_CANONICAL_V3,,,
702303,13.0,9.0,63.0,65.0,273.0,285.0,Top,824695,https://raw.githubusercontent.com/lancebroz/mlb-pitcher-data/main/data/raw/2026/daily/2026-04-10.parquet,False,2026-04-10,2026-04-10T18:20:00Z,CHC,PIT,H,Riley Martin,False,RELIEF_OR_BULK,13,3,3,0,0,0,0,1,0,https://statsapi.mlb.com/api/v1.1/game/824695/feed/live,both,True,P,Pitcher,BULLPEN_PITCHER,True,QA_VALIDATED_CANONICAL_V3,,,
571948,12.0,9.0,70.0,72.0,278.0,289.0,Top,824697,https://raw.githubusercontent.com/lancebroz/mlb-pitcher-data/main/data/raw/2026/daily/2026-04-11.parquet,False,2026-04-11,2026-04-11T18:20:00Z,CHC,PIT,H,Hoby Milner,False,RELIEF_OR_BULK,12,3,3,0,0,0,0,0,0,https://statsapi.mlb.com/api/v1.1/game/824697/feed/live,both,True,P,Pitcher,BULLPEN_PITCHER,True,QA_VALIDATED_CANONICAL_V3,,,
573204,19.0,11.0,88.0,92.0,350.0,368.0,Top,824697,https://raw.githubusercontent.com/lancebroz/mlb-pitcher-data/main/data/raw/2026/daily/2026-04-11.parquet,False,2026-04-11,2026-04-11T18:20:00Z,CHC,PIT,H,Caleb Thielbar,False,RELIEF_OR_BULK,19,5,3,1,0,0,1,3,0,https://statsapi.mlb.com/api/v1.1/game/824697/feed/live,both,True,P,Pitcher,BULLPEN_PITCHER,True,QA_VALIDATED_CANONICAL_V3,,,
642397,1.0,7.0,61.0,61.0,236.0,236.0,Bot,824697,https://raw.githubusercontent.com/lancebroz/mlb-pitcher-data/main/data/raw/2026/daily/2026-04-11.parquet,False,2026-04-11,2026-04-11T18:20:00Z,PIT,CHC,A,Gregory Soto,False,RELIEF_OR_BULK,1,1,1,0,0,0,0,0,0,https://statsapi.mlb.com/api/v1.1/game/824697/feed/live,both,True,P,Pitcher,BULLPEN_PITCHER,True,QA_VALIDATED_CANONICAL_V3,,,
642701,27.0,9.0,73.0,78.0,290.0,316.0,Bot,824697,https://raw.githubusercontent.com/lancebroz/mlb-pitcher-data/main/data/raw/2026/daily/2026-04-11.parquet,False,2026-04-11,2026-04-11T18:20:00Z,PIT,CHC,A,Dennis Santana,False,RELIEF_OR_BULK,27,6,3,1,1,1,2,0,0,https://statsapi.mlb.com/api/v1.1/game/824697/feed/live,both,True,P,Pitcher,BULLPEN_PITCHER,True,QA_VALIDATED_CANONICAL_V3,,,
657097,17.0,8.0,62.0,64.0,237.0,253.0,Top,824697,https://raw.githubusercontent.com/lancebroz/mlb-pitcher-data/main/data/raw/2026/daily/2026-04-11.parquet,False,2026-04-11,2026-04-11T18:20:00Z,CHC,PIT,H,Jacob Webb,False,RELIEF_OR_BULK,17,3,3,0,0,1,0,2,0,https://statsapi.mlb.com/api/v1.1/game/824697/feed/live,both,True,P,Pitcher,BULLPEN_PITCHER,True,QA_VALIDATED_CANONICAL_V3,,,
664875,13.0,7.0,57.0,60.0,223.0,235.0,Bot,824697,https://raw.githubusercontent.com/lancebroz/mlb-pitcher-data/main/data/raw/2026/daily/2026-04-11.parquet,False,2026-04-11,2026-04-11T18:20:00Z,PIT,CHC,A,Justin Lawrence,False,RELIEF_OR_BULK,13,4,2,1,1,1,1,0,0,https://statsapi.mlb.com/api/v1.1/game/824697/feed/live,both,True,P,Pitcher,BULLPEN_PITCHER,True,QA_VALIDATED_CANONICAL_V3,,,
665795,98.0,1.0,0.0,39.0,1.0,154.0,Top,824697,https://raw.githubusercontent.com/lancebroz/mlb-pitcher-data/main/data/raw/2026/daily/2026-04-11.parquet,False,2026-04-11,2026-04-11T18:20:00Z,CHC,PIT,H,Edward Cabrera,True,STARTER,98,25,15,3,3,8,3,4,0,https://statsapi.mlb.com/api/v1.1/game/824697/feed/live,both,True,P,Pitcher,STARTER/OPENER/BULK,True,QA_VALIDATED_CANONICAL_V3,,,
670990,32.0,10.0,83.0,97.0,334.0,384.0,Bot,824697,https://raw.githubusercontent.com/lancebroz/mlb-pitcher-data/main/data/raw/2026/daily/2026-04-11.parquet,False,2026-04-11,2026-04-11T18:20:00Z,PIT,CHC,A,Yohan Ramírez,False,RELIEF_OR_BULK,32,10,6,0,0,0,3,2,0,https://statsapi.mlb.com/api/v1.1/game/824697/feed/live,both,True,P,Pitcher,BULLPEN_PITCHER,True,QA_VALIDATED_CANONICAL_V3,,,
676755,24.0,8.0,65.0,69.0,254.0,277.0,Bot,824697,https://raw.githubusercontent.com/lancebroz/mlb-pitcher-data/main/data/raw/2026/daily/2026-04-11.parquet,False,2026-04-11,2026-04-11T18:20:00Z,PIT,CHC,A,Isaac Mattson,False,RELIEF_OR_BULK,24,5,3,0,0,2,0,1,0,https://statsapi.mlb.com/api/v1.1/game/824697/feed/live,both,True,P,Pitcher,BULLPEN_PITCHER,True,QA_VALIDATED_CANONICAL_V3,,,
676962,34.0,6.0,45.0,56.0,176.0,222.0,Top,824697,https://raw.githubusercontent.com/lancebroz/mlb-pitcher-data/main/data/raw/2026/daily/2026-04-11.parquet,False,2026-04-11,2026-04-11T18:20:00Z,CHC,PIT,H,Ben Brown,False,RELIEF_OR_BULK,34,8,6,0,0,2,1,3,0,https://statsapi.mlb.com/api/v1.1/game/824697/feed/live,both,True,P,Pitcher,BULLPEN_PITCHER,True,QA_VALIDATED_CANONICAL_V3,,,
677952,77.0,1.0,4.0,44.0,19.0,175.0,Bot,824697,https://raw.githubusercontent.com/lancebroz/mlb-pitcher-data/main/data/raw/2026/daily/2026-04-11.parquet,False,2026-04-11,2026-04-11T18:20:00Z,PIT,CHC,A,Braxton Ashcraft,True,STARTER,77,20,15,1,1,4,1,9,0,https://statsapi.mlb.com/api/v1.1/game/824697/feed/live,both,True,P,Pitcher,STARTER/OPENER/BULK,True,QA_VALIDATED_CANONICAL_V3,,,
682254,13.0,6.0,49.0,52.0,190.0,202.0,Bot,824697,https://raw.githubusercontent.com/lancebroz/mlb-pitcher-data/main/data/raw/2026/daily/2026-04-11.parquet,False,2026-04-11,2026-04-11T18:20:00Z,PIT,CHC,A,Mason Montgomery,False,RELIEF_OR_BULK,13,4,3,0,0,1,0,2,0,https://statsapi.mlb.com/api/v1.1/game/824697/feed/live,both,True,P,Pitcher,BULLPEN_PITCHER,True,QA_VALIDATED_CANONICAL_V3,,,
694037,17.0,10.0,79.0,82.0,317.0,333.0,Top,824697,https://raw.githubusercontent.com/lancebroz/mlb-pitcher-data/main/data/raw/2026/daily/2026-04-11.parquet,False,2026-04-11,2026-04-11T18:20:00Z,CHC,PIT,H,Daniel Palencia,False,RELIEF_OR_BULK,17,4,3,0,0,0,1,0,0,https://statsapi.mlb.com/api/v1.1/game/824697/feed/live,both,True,P,Pitcher,BULLPEN_PITCHER,True,QA_VALIDATED_CANONICAL_V3,,,
571510,98.0,1.0,0.0,44.0,1.0,184.0,Top,824698,https://raw.githubusercontent.com/lancebroz/mlb-pitcher-data/main/data/raw/2026/daily/2026-04-01.parquet,False,2026-04-01,2026-04-01T18:20:00Z,CHC,LAA,H,Matthew Boyd,True,STARTER,98,20,17,2,1,2,2,10,0,https://statsapi.mlb.com/api/v1.1/game/824698/feed/live,both,True,P,Pitcher,STARTER/OPENER/BULK,True,QA_VALIDATED_CANONICAL_V3,,,
573204,13.0,8.0,62.0,64.0,258.0,270.0,Top,824698,https://raw.githubusercontent.com/lancebroz/mlb-pitcher-data/main/data/raw/2026/daily/2026-04-01.parquet,False,2026-04-01,2026-04-01T18:20:00Z,CHC,LAA,H,Caleb Thielbar,False,RELIEF_OR_BULK,13,3,3,0,0,0,0,2,0,https://statsapi.mlb.com/api/v1.1/game/824698/feed/live,both,True,P,Pitcher,BULLPEN_PITCHER,True,QA_VALIDATED_CANONICAL_V3,,,
579328,91.0,1.0,3.0,48.0,12.0,196.0,Bot,824698,https://raw.githubusercontent.com/lancebroz/mlb-pitcher-data/main/data/raw/2026/daily/2026-04-01.parquet,False,2026-04-01,2026-04-01T18:20:00Z,LAA,CHC,A,Yusei Kikuchi,True,STARTER,91,26,16,5,5,6,4,5,0,https://statsapi.mlb.com/api/v1.1/game/824698/feed/live,both,True,P,Pitcher,STARTER/OPENER/BULK,True,QA_VALIDATED_CANONICAL_V3,,,
608718,44.0,7.0,57.0,68.0,231.0,287.0,Bot,824698,https://raw.githubusercontent.com/lancebroz/mlb-pitcher-data/main/data/raw/2026/daily/2026-04-01.parquet,False,2026-04-01,2026-04-01T18:20:00Z,LAA,CHC,A,Brent Suter,False,RELIEF_OR_BULK,44,9,6,0,0,3,0,4,0,https://statsapi.mlb.com/api/v1.1/game/824698/feed/live,both,True,P,Pitcher,BULLPEN_PITCHER,True,QA_VALIDATED_CANONICAL_V3,,,
640451,20.0,6.0,45.0,55.0,185.0,228.0,Top,824698,https://raw.githubusercontent.com/lancebroz/mlb-pitcher-data/main/data/raw/2026/daily/2026-04-01.parquet,False,2026-04-01,2026-04-01T18:20:00Z,CHC,LAA,H,Hunter Harvey,False,RELIEF_OR_BULK,20,6,4,0,0,1,0,3,0,https://statsapi.mlb.com/api/v1.1/game/824698/feed/live,both,True,P,Pitcher,BULLPEN_PITCHER,True,QA_VALIDATED_CANONICAL_V3,,,
666171,21.0,6.0,49.0,56.0,197.0,230.0,Bot,824698,https://raw.githubusercontent.com/lancebroz/mlb-pitcher-data/main/data/raw/2026/daily/2026-04-01.parquet,False,2026-04-01,2026-04-01T18:20:00Z,LAA,CHC,A,Ryan Zeferjahn,False,RELIEF_OR_BULK,21,5,2,1,0,1,1,1,0,https://statsapi.mlb.com/api/v1.1/game/824698/feed/live,both,True,P,Pitcher,BULLPEN_PITCHER,True,QA_VALIDATED_CANONICAL_V3,,,
694037,9.0,9.0,69.0,72.0,288.0,296.0,Top,824698,https://raw.githubusercontent.com/lancebroz/mlb-pitcher-data/main/data/raw/2026/daily/2026-04-01.parquet,False,2026-04-01,2026-04-01T18:20:00Z,CHC,LAA,H,Daniel Palencia,False,RELIEF_OR_BULK,9,4,3,0,0,1,0,1,0,https://statsapi.mlb.com/api/v1.1/game/824698/feed/live,both,True,P,Pitcher,BULLPEN_PITCHER,True,QA_VALIDATED_CANONICAL_V3,,,
519141,20.0,8.0,61.0,69.0,254.0,290.0,Bot,824699,https://raw.githubusercontent.com/lancebroz/mlb-pitcher-data/main/data/raw/2026/daily/2026-03-31.parquet,False,2026-03-31,2026-03-31T23:40:00Z,LAA,CHC,A,Drew Pomeranz,False,RELIEF_OR_BULK,20,5,4,0,0,1,0,2,0,https://statsapi.mlb.com/api/v1.1/game/824699/feed/live,both,True,P,Pitcher,BULLPEN_PITCHER,True,QA_VALIDATED_CANONICAL_V3,,,
571948,3.0,5.0,35.0,35.0,160.0,162.0,Top,824699,https://raw.githubusercontent.com/lancebroz/mlb-pitcher-data/main/data/raw/2026/daily/2026-03-31.parquet,False,2026-03-31,2026-03-31T23:40:00Z,CHC,LAA,H,Hoby Milner,False,RELIEF_OR_BULK,3,1,1,0,0,0,0,0,0,https://statsapi.mlb.com/api/v1.1/game/824699/feed/live,both,True,P,Pitcher,BULLPEN_PITCHER,True,QA_VALIDATED_CANONICAL_V3,,,
592791,85.0,1.0,0.0,33.0,1.0,159.0,Top,824699,https://raw.githubusercontent.com/lancebroz/mlb-pitcher-data/main/data/raw/2026/daily/2026-03-31.parquet,False,2026-03-31,2026-03-31T23:40:00Z,CHC,LAA,H,Jameson Taillon,True,STARTER,85,20,14,0,0,2,4,3,0,https://statsapi.mlb.com/api/v1.1/game/824699/feed/live,both,True,P,Pitcher,STARTER/OPENER/BULK,True,QA_VALIDATED_CANONICAL_V3,,,
605447,12.0,9.0,70.0,72.0,291.0,302.0,Bot,824699,https://raw.githubusercontent.com/lancebroz/mlb-pitcher-data/main/data/raw/2026/daily/2026-03-31.parquet,False,2026-03-31,2026-03-31T23:40:00Z,LAA,CHC,A,Jordan Romano,False,RELIEF_OR_BULK,12,3,2,0,0,0,1,1,0,https://statsapi.mlb.com/api/v1.1/game/824699/feed/live,both,True,P,Pitcher,BULLPEN_PITCHER,True,QA_VALIDATED_CANONICAL_V3,,,
664208,28.0,6.0,39.0,44.0,170.0,197.0,Top,824699,https://raw.githubusercontent.com/lancebroz/mlb-pitcher-data/main/data/raw/2026/daily/2026-03-31.parquet,False,2026-03-31,2026-03-31T23:40:00Z,CHC,LAA,H,Phil Maton,False,RELIEF_OR_BULK,28,6,2,2,2,2,2,1,0,https://statsapi.mlb.com/api/v1.1/game/824699/feed/live,both,True,P,Pitcher,BULLPEN_PITCHER,True,QA_VALIDATED_CANONICAL_V3,,,
667755,90.0,1.0,4.0,48.0,19.0,209.0,Bot,824699,https://raw.githubusercontent.com/lancebroz/mlb-pitcher-data/main/data/raw/2026/daily/2026-03-31.parquet,False,2026-03-31,2026-03-31T23:40:00Z,LAA,CHC,A,José Soriano,True,STARTER,90,21,18,0,0,2,2,4,0,https://statsapi.mlb.com/api/v1.1/game/824699/feed/live,both,True,P,Pitcher,STARTER/OPENER/BULK,True,QA_VALIDATED_CANONICAL_V3,,,
676962,50.0,6.0,45.0,68.0,198.0,287.0,Top,824699,https://raw.githubusercontent.com/lancebroz/mlb-pitcher-data/main/data/raw/2026/daily/2026-03-31.parquet,False,2026-03-31,2026-03-31T23:40:00Z,CHC,LAA,H,Ben Brown,False,RELIEF_OR_BULK,50,12,10,0,0,1,1,5,0,https://statsapi.mlb.com/api/v1.1/game/824699/feed/live,both,True,P,Pitcher,BULLPEN_PITCHER,True,QA_VALIDATED_CANONICAL_V3,,,
681217,14.0,7.0,53.0,57.0,229.0,242.0,Bot,824699,https://raw.githubusercontent.com/lancebroz/mlb-pitcher-data/main/data/raw/2026/daily/2026-03-31.parquet,False,2026-03-31,2026-03-31T23:40:00Z,LAA,CHC,A,Chase Silseth,False,RELIEF_OR_BULK,14,5,3,0,0,1,1,1,0,https://statsapi.mlb.com/api/v1.1/game/824699/feed/live,both,True,P,Pitcher,BULLPEN_PITCHER,True,QA_VALIDATED_CANONICAL_V3,,,
571948,17.0,8.0,58.0,62.0,232.0,248.0,Top,824700,https://raw.githubusercontent.com/lancebroz/mlb-pitcher-data/main/data/raw/2026/daily/2026-03-29.parquet,False,2026-03-29,2026-03-29T18:20:00Z,CHC,WSH,H,Hoby Milner,False,RELIEF_OR_BULK,17,5,3,2,2,2,0,0,1,https://statsapi.mlb.com/api/v1.1/game/824700/feed/live,both,True,P,Pitcher,BULLPEN_PITCHER,True,QA_VALIDATED_CANONICAL_V3,,,
640451,10.0,7.0,51.0,54.0,215.0,224.0,Top,824700,https://raw.githubusercontent.com/lancebroz/mlb-pitcher-data/main/data/raw/2026/daily/2026-03-29.parquet,False,2026-03-29,2026-03-29T18:20:00Z,CHC,WSH,H,Hunter Harvey,False,RELIEF_OR_BULK,10,4,3,0,0,1,0,0,0,https://statsapi.mlb.com/api/v1.1/game/824700/feed/live,both,True,P,Pitcher,BULLPEN_PITCHER,True,QA_VALIDATED_CANONICAL_V3,,,
663623,93.0,1.0,6.0,40.0,22.0,170.0,Bot,824700,https://raw.githubusercontent.com/lancebroz/mlb-pitcher-data/main/data/raw/2026/daily/2026-03-29.parquet,False,2026-03-29,2026-03-29T18:20:00Z,WSH,CHC,A,Jake Irvin,True,STARTER,93,20,15,2,2,3,1,7,2,https://statsapi.mlb.com/api/v1.1/game/824700/feed/live,both,True,P,Pitcher,STARTER/OPENER/BULK,True,QA_VALIDATED_CANONICAL_V3,,,
664208,23.0,6.0,42.0,46.0,176.0,198.0,Top,824700,https://raw.githubusercontent.com/lancebroz/mlb-pitcher-data/main/data/raw/2026/daily/2026-03-29.parquet,False,2026-03-29,2026-03-29T18:20:00Z,CHC,WSH,H,Phil Maton,False,RELIEF_OR_BULK,23,5,3,0,0,0,1,1,0,https://statsapi.mlb.com/api/v1.1/game/824700/feed/live,both,True,P,Pitcher,BULLPEN_PITCHER,True,QA_VALIDATED_CANONICAL_V3,,,
672335,11.0,8.0,63.0,66.0,249.0,259.0,Bot,824700,https://raw.githubusercontent.com/lancebroz/mlb-pitcher-data/main/data/raw/2026/daily/2026-03-29.parquet,False,2026-03-29,2026-03-29T18:20:00Z,WSH,CHC,A,Cionel Pérez,False,RELIEF_OR_BULK,11,4,3,1,1,1,0,1,1,https://statsapi.mlb.com/api/v1.1/game/824700/feed/live,both,True,P,Pitcher,BULLPEN_PITCHER,True,QA_VALIDATED_CANONICAL_V3,,,
676571,14.0,6.0,47.0,49.0,199.0,212.0,Bot,824700,https://raw.githubusercontent.com/lancebroz/mlb-pitcher-data/main/data/raw/2026/daily/2026-03-29.parquet,False,2026-03-29,2026-03-29T18:20:00Z,WSH,CHC,A,PJ Poulin,False,RELIEF_OR_BULK,14,3,2,0,0,0,1,1,0,https://statsapi.mlb.com/api/v1.1/game/824700/feed/live,both,True,P,Pitcher,BULLPEN_PITCHER,True,QA_VALIDATED_CANONICAL_V3,,,
681402,9.0,6.0,50.0,57.0,213.0,231.0,Bot,824700,https://raw.githubusercontent.com/lancebroz/mlb-pitcher-data/main/data/raw/2026/daily/2026-03-29.parquet,False,2026-03-29,2026-03-29T18:20:00Z,WSH,CHC,A,Gus Varland,False,RELIEF_OR_BULK,9,4,4,0,0,0,0,1,0,https://statsapi.mlb.com/api/v1.1/game/824700/feed/live,both,True,P,Pitcher,BULLPEN_PITCHER,True,QA_VALIDATED_CANONICAL_V3,,,
684007,82.0,1.0,0.0,41.0,1.0,175.0,Top,824700,https://raw.githubusercontent.com/lancebroz/mlb-pitcher-data/main/data/raw/2026/daily/2026-03-29.parquet,False,2026-03-29,2026-03-29T18:20:00Z,CHC,WSH,H,Shota Imanaga,True,STARTER,82,22,15,4,4,6,2,7,1,https://statsapi.mlb.com/api/v1.1/game/824700/feed/live,both,True,P,Pitcher,STARTER/OPENER/BULK,True,QA_VALIDATED_CANONICAL_V3,,,
690925,6.0,9.0,71.0,73.0,276.0,281.0,Bot,824700,https://raw.githubusercontent.com/lancebroz/mlb-pitcher-data/main/data/raw/2026/daily/2026-03-29.parquet,False,2026-03-29,2026-03-29T18:20:00Z,WSH,CHC,A,Clayton Beeter,False,RELIEF_OR_BULK,6,3,3,0,0,0,0,0,0,https://statsapi.mlb.com/api/v1.1/game/824700/feed/live,both,True,P,Pitcher,BULLPEN_PITCHER,True,QA_VALIDATED_CANONICAL_V3,,,
694037,16.0,9.0,67.0,70.0,260.0,275.0,Top,824700,https://raw.githubusercontent.com/lancebroz/mlb-pitcher-data/main/data/raw/2026/daily/2026-03-29.parquet,False,2026-03-29,2026-03-29T18:20:00Z,CHC,WSH,H,Daniel Palencia,False,RELIEF_OR_BULK,16,4,3,0,0,2,0,1,0,https://statsapi.mlb.com/api/v1.1/game/824700/feed/live,both,True,P,Pitcher,BULLPEN_PITCHER,True,QA_VALIDATED_CANONICAL_V3,,,
571945,97.0,1.0,3.0,41.0,9.0,158.0,Bot,824701,https://raw.githubusercontent.com/lancebroz/mlb-pitcher-data/main/data/raw/2026/daily/2026-03-28.parquet,False,2026-03-28,2026-03-28T18:20:00Z,WSH,CHC,A,Miles Mikolas,True,STARTER,97,25,15,6,4,6,3,4,1,https://statsapi.mlb.com/api/v1.1/game/824701/feed/live,both,True,P,Pitcher,STARTER/OPENER/BULK,True,QA_VALIDATED_CANONICAL_V3,,,
573204,16.0,8.0,62.0,65.0,232.0,247.0,Top,824701,https://raw.githubusercontent.com/lancebroz/mlb-pitcher-data/main/data/raw/2026/daily/2026-03-28.parquet,False,2026-03-28,2026-03-28T18:20:00Z,CHC,WSH,H,Caleb Thielbar,False,RELIEF_OR_BULK,16,4,3,0,0,0,1,1,0,https://statsapi.mlb.com/api/v1.1/game/824701/feed/live,both,True,P,Pitcher,BULLPEN_PITCHER,True,QA_VALIDATED_CANONICAL_V3,,,
657097,16.0,9.0,69.0,72.0,259.0,274.0,Top,824701,https://raw.githubusercontent.com/lancebroz/mlb-pitcher-data/main/data/raw/2026/daily/2026-03-28.parquet,False,2026-03-28,2026-03-28T18:20:00Z,CHC,WSH,H,Jacob Webb,False,RELIEF_OR_BULK,16,4,3,0,0,0,2,0,0,https://statsapi.mlb.com/api/v1.1/game/824701/feed/live,both,True,P,Pitcher,BULLPEN_PITCHER,True,QA_VALIDATED_CANONICAL_V3,,,
664208,9.0,7.0,57.0,58.0,210.0,218.0,Top,824701,https://raw.githubusercontent.com/lancebroz/mlb-pitcher-data/main/data/raw/2026/daily/2026-03-28.parquet,False,2026-03-28,2026-03-28T18:20:00Z,CHC,WSH,H,Phil Maton,False,RELIEF_OR_BULK,9,2,2,0,0,0,0,1,0,https://statsapi.mlb.com/api/v1.1/game/824701/feed/live,both,True,P,Pitcher,BULLPEN_PITCHER,True,QA_VALIDATED_CANONICAL_V3,,,
669371,11.0,8.0,66.0,68.0,248.0,258.0,Bot,824701,https://raw.githubusercontent.com/lancebroz/mlb-pitcher-data/main/data/raw/2026/daily/2026-03-28.parquet,False,2026-03-28,2026-03-28T18:20:00Z,WSH,CHC,A,Cole Henry,False,RELIEF_OR_BULK,11,3,3,0,0,0,0,1,0,https://statsapi.mlb.com/api/v1.1/game/824701/feed/live,both,True,P,Pitcher,BULLPEN_PITCHER,True,QA_VALIDATED_CANONICAL_V3,,,
686610,32.0,6.0,49.0,61.0,188.0,231.0,Bot,824701,https://raw.githubusercontent.com/lancebroz/mlb-pitcher-data/main/data/raw/2026/daily/2026-03-28.parquet,False,2026-03-28,2026-03-28T18:20:00Z,WSH,CHC,A,Ken Waldichuk,False,RELIEF_OR_BULK,32,9,4,2,2,3,2,2,1,https://statsapi.mlb.com/api/v1.1/game/824701/feed/live,both,True,P,Pitcher,BULLPEN_PITCHER,True,QA_VALIDATED_CANONICAL_V3,,,
690990,75.0,1.0,0.0,56.0,1.0,209.0,Top,824701,https://raw.githubusercontent.com/lancebroz/mlb-pitcher-data/main/data/raw/2026/daily/2026-03-28.parquet,False,2026-03-28,2026-03-28T18:20:00Z,CHC,WSH,H,Cade Horton,True,STARTER,75,22,19,2,2,4,1,4,1,https://statsapi.mlb.com/api/v1.1/game/824701/feed/live,both,True,P,Pitcher,STARTER/OPENER/BULK,True,QA_VALIDATED_CANONICAL_V3,,,
701552,18.0,6.0,45.0,48.0,170.0,187.0,Bot,824701,https://raw.githubusercontent.com/lancebroz/mlb-pitcher-data/main/data/raw/2026/daily/2026-03-28.parquet,False,2026-03-28,2026-03-28T18:20:00Z,WSH,CHC,A,Andre Granillo,False,RELIEF_OR_BULK,18,4,2,2,2,1,1,0,0,https://statsapi.mlb.com/api/v1.1/game/824701/feed/live,both,True,P,Pitcher,BULLPEN_PITCHER,True,QA_VALIDATED_CANONICAL_V3,,,
607067,42.0,7.0,51.0,71.0,78.0,271.0,Top,824702,https://baseballsavant.mlb.com/statcast_search/csv?all=true&type=details&game_pk=824702,True,2026-03-30,2026-03-30T23:40:00Z,CHC,LAA,H,Colin Rea,False,RELIEF_OR_BULK,42,13,9,2,2,4,0,4,1,https://statsapi.mlb.com/api/v1.1/game/824702/feed/live,both,True,P,Pitcher,BULLPEN_PITCHER,True,QA_VALIDATED_CANONICAL_V3,,,
641312,40.0,6.0,48.0,66.0,83.0,269.0,Bot,824702,https://baseballsavant.mlb.com/statcast_search/csv?all=true&type=details&game_pk=824702,True,2026-03-30,2026-03-30T23:40:00Z,LAA,CHC,A,Shaun Anderson,False,RELIEF_OR_BULK,40,11,9,1,1,1,2,1,0,https://statsapi.mlb.com/api/v1.1/game/824702/feed/live,both,True,P,Pitcher,BULLPEN_PITCHER,True,QA_VALIDATED_CANONICAL_V3,,,
664192,29.0,4.0,35.0,44.0,128.0,267.0,Bot,824702,https://baseballsavant.mlb.com/statcast_search/csv?all=true&type=details&game_pk=824702,True,2026-03-30,2026-03-30T23:40:00Z,LAA,CHC,A,Joey Lucchesi,False,RELIEF_OR_BULK,29,7,5,0,0,1,1,2,0,https://statsapi.mlb.com/api/v1.1/game/824702/feed/live,both,True,P,Pitcher,BULLPEN_PITCHER,True,QA_VALIDATED_CANONICAL_V3,,,
665795,80.0,1.0,1.0,47.0,2.0,270.0,Top,824702,https://baseballsavant.mlb.com/statcast_search/csv?all=true&type=details&game_pk=824702,True,2026-03-30,2026-03-30T23:40:00Z,CHC,LAA,H,Edward Cabrera,True,STARTER,80,19,18,0,0,1,1,5,0,https://statsapi.mlb.com/api/v1.1/game/824702/feed/live,both,True,P,Pitcher,STARTER/OPENER/BULK,True,QA_VALIDATED_CANONICAL_V3,,,
696270,80.0,1.0,4.0,35.0,1.0,268.0,Bot,824702,https://baseballsavant.mlb.com/statcast_search/csv?all=true&type=details&game_pk=824702,True,2026-03-30,2026-03-30T23:40:00Z,LAA,CHC,A,Ryan Johnson,True,STARTER,80,21,10,6,6,7,4,2,1,https://statsapi.mlb.com/api/v1.1/game/824702/feed/live,both,True,P,Pitcher,STARTER/OPENER/BULK,True,QA_VALIDATED_CANONICAL_V3,,,
571510,63.0,1.0,0.0,29.0,1.0,119.0,Top,824704,https://raw.githubusercontent.com/lancebroz/mlb-pitcher-data/main/data/raw/2026/daily/2026-03-26.parquet,False,2026-03-26,2026-03-26T18:20:00Z,CHC,WSH,H,Matthew Boyd,True,STARTER,63,17,11,6,6,6,1,7,1,https://statsapi.mlb.com/api/v1.1/game/824704/feed/live,both,True,P,Pitcher,STARTER/OPENER/BULK,True,QA_VALIDATED_CANONICAL_V3,,,
571948,11.0,8.0,62.0,66.0,259.0,269.0,Top,824704,https://raw.githubusercontent.com/lancebroz/mlb-pitcher-data/main/data/raw/2026/daily/2026-03-26.parquet,False,2026-03-26,2026-03-26T18:20:00Z,CHC,WSH,H,Hoby Milner,False,RELIEF_OR_BULK,11,5,3,0,0,1,0,0,0,https://statsapi.mlb.com/api/v1.1/game/824704/feed/live,both,True,P,Pitcher,BULLPEN_PITCHER,True,QA_VALIDATED_CANONICAL_V3,,,
657097,15.0,9.0,72.0,76.0,294.0,308.0,Top,824704,https://raw.githubusercontent.com/lancebroz/mlb-pitcher-data/main/data/raw/2026/daily/2026-03-26.parquet,False,2026-03-26,2026-03-26T18:20:00Z,CHC,WSH,H,Jacob Webb,False,RELIEF_OR_BULK,15,5,3,2,0,1,0,2,1,https://statsapi.mlb.com/api/v1.1/game/824704/feed/live,both,True,P,Pitcher,BULLPEN_PITCHER,True,QA_VALIDATED_CANONICAL_V3,,,
672335,12.0,9.0,77.0,79.0,309.0,320.0,Bot,824704,https://raw.githubusercontent.com/lancebroz/mlb-pitcher-data/main/data/raw/2026/daily/2026-03-26.parquet,False,2026-03-26,2026-03-26T18:20:00Z,WSH,CHC,A,Cionel Pérez,False,RELIEF_OR_BULK,12,3,3,0,0,0,0,2,0,https://statsapi.mlb.com/api/v1.1/game/824704/feed/live,both,True,P,Pitcher,BULLPEN_PITCHER,True,QA_VALIDATED_CANONICAL_V3,,,
676571,24.0,4.0,36.0,44.0,148.0,183.0,Bot,824704,https://raw.githubusercontent.com/lancebroz/mlb-pitcher-data/main/data/raw/2026/daily/2026-03-26.parquet,False,2026-03-26,2026-03-26T18:20:00Z,WSH,CHC,A,PJ Poulin,False,RELIEF_OR_BULK,24,5,3,0,0,1,1,0,0,https://statsapi.mlb.com/api/v1.1/game/824704/feed/live,both,True,P,Pitcher,BULLPEN_PITCHER,True,QA_VALIDATED_CANONICAL_V3,,,
676917,75.0,1.0,3.0,35.0,9.0,147.0,Bot,824704,https://raw.githubusercontent.com/lancebroz/mlb-pitcher-data/main/data/raw/2026/daily/2026-03-26.parquet,False,2026-03-26,2026-03-26T18:20:00Z,WSH,CHC,A,Cade Cavalli,True,STARTER,75,17,11,3,2,3,3,5,0,https://statsapi.mlb.com/api/v1.1/game/824704/feed/live,both,True,P,Pitcher,STARTER/OPENER/BULK,True,QA_VALIDATED_CANONICAL_V3,,,
676962,49.0,4.0,30.0,56.0,120.0,235.0,Top,824704,https://raw.githubusercontent.com/lancebroz/mlb-pitcher-data/main/data/raw/2026/daily/2026-03-26.parquet,False,2026-03-26,2026-03-26T18:20:00Z,CHC,WSH,H,Ben Brown,False,RELIEF_OR_BULK,49,13,10,2,2,3,1,3,1,https://statsapi.mlb.com/api/v1.1/game/824704/feed/live,both,True,P,Pitcher,BULLPEN_PITCHER,True,QA_VALIDATED_CANONICAL_V3,,,
690925,24.0,8.0,67.0,71.0,270.0,293.0,Bot,824704,https://raw.githubusercontent.com/lancebroz/mlb-pitcher-data/main/data/raw/2026/daily/2026-03-26.parquet,False,2026-03-26,2026-03-26T18:20:00Z,WSH,CHC,A,Clayton Beeter,False,RELIEF_OR_BULK,24,5,3,0,0,0,2,1,0,https://statsapi.mlb.com/api/v1.1/game/824704/feed/live,both,True,P,Pitcher,BULLPEN_PITCHER,True,QA_VALIDATED_CANONICAL_V3,,,
695418,47.0,5.0,45.0,61.0,184.0,258.0,Bot,824704,https://raw.githubusercontent.com/lancebroz/mlb-pitcher-data/main/data/raw/2026/daily/2026-03-26.parquet,False,2026-03-26,2026-03-26T18:20:00Z,WSH,CHC,A,Brad Lord,False,RELIEF_OR_BULK,47,10,7,1,1,4,0,1,0,https://statsapi.mlb.com/api/v1.1/game/824704/feed/live,both,True,P,Pitcher,BULLPEN_PITCHER,True,QA_VALIDATED_CANONICAL_V3,,,
543243,90.0,1.0,0.0,51.0,1.0,207.0,Top,824779,https://raw.githubusercontent.com/lancebroz/mlb-pitcher-data/main/data/raw/2026/daily/2026-04-08.parquet,False,2026-04-08,2026-04-08T17:35:00Z,BOS,MIL,H,Sonny Gray,True,STARTER,90,24,19,0,0,3,2,2,0,https://statsapi.mlb.com/api/v1.1/game/824779/feed/live,both,True,P,Pitcher,STARTER/OPENER/BULK,True,QA_VALIDATED_CANONICAL_V3,,,
663765,41.0,6.0,46.0,69.0,184.0,266.0,Bot,824779,https://raw.githubusercontent.com/lancebroz/mlb-pitcher-data/main/data/raw/2026/daily/2026-04-08.parquet,False,2026-04-08,2026-04-08T17:35:00Z,MIL,BOS,A,Jake Woodford,False,RELIEF_OR_BULK,41,15,9,2,2,4,2,1,0,https://statsapi.mlb.com/api/v1.1/game/824779/feed/live,both,True,P,Pitcher,BULLPEN_PITCHER,True,QA_VALIDATED_CANONICAL_V3,,,
669711,11.0,7.0,52.0,54.0,208.0,218.0,Top,824779,https://raw.githubusercontent.com/lancebroz/mlb-pitcher-data/main/data/raw/2026/daily/2026-04-08.parquet,False,2026-04-08,2026-04-08T17:35:00Z,BOS,MIL,H,Greg Weissert,False,RELIEF_OR_BULK,11,3,2,0,0,1,0,2,0,https://statsapi.mlb.com/api/v1.1/game/824779/feed/live,both,True,P,Pitcher,BULLPEN_PITCHER,True,QA_VALIDATED_CANONICAL_V3,,,
670245,12.0,9.0,70.0,72.0,267.0,278.0,Top,824779,https://raw.githubusercontent.com/lancebroz/mlb-pitcher-data/main/data/raw/2026/daily/2026-04-08.parquet,False,2026-04-08,2026-04-08T17:35:00Z,BOS,MIL,H,Ryan Watson,False,RELIEF_OR_BULK,12,3,3,0,0,0,0,0,0,https://statsapi.mlb.com/api/v1.1/game/824779/feed/live,both,True,P,Pitcher,BULLPEN_PITCHER,True,QA_VALIDATED_CANONICAL_V3,,,
675660,63.0,1.0,4.0,27.0,13.0,104.0,Bot,824779,https://raw.githubusercontent.com/lancebroz/mlb-pitcher-data/main/data/raw/2026/daily/2026-04-08.parquet,False,2026-04-08,2026-04-08T17:35:00Z,MIL,BOS,A,Shane Drohan,True,STARTER,63,15,8,3,3,3,4,2,0,https://statsapi.mlb.com/api/v1.1/game/824779/feed/live,both,True,P,Pitcher,STARTER/OPENER/BULK,True,QA_VALIDATED_CANONICAL_V3,,,
676879,11.0,5.0,40.0,42.0,157.0,167.0,Bot,824779,https://raw.githubusercontent.com/lancebroz/mlb-pitcher-data/main/data/raw/2026/daily/2026-04-08.parquet,False,2026-04-08,2026-04-08T17:35:00Z,MIL,BOS,A,Aaron Ashby,False,RELIEF_OR_BULK,11,3,3,0,0,0,0,2,0,https://statsapi.mlb.com/api/v1.1/game/824779/feed/live,both,True,P,Pitcher,BULLPEN_PITCHER,True,QA_VALIDATED_CANONICAL_V3,,,
681982,31.0,3.0,28.0,36.0,105.0,145.0,Bot,824779,https://raw.githubusercontent.com/lancebroz/mlb-pitcher-data/main/data/raw/2026/daily/2026-04-08.parquet,False,2026-04-08,2026-04-08T17:35:00Z,MIL,BOS,A,Grant Anderson,False,RELIEF_OR_BULK,31,6,4,0,0,0,2,1,0,https://statsapi.mlb.com/api/v1.1/game/824779/feed/live,both,True,P,Pitcher,BULLPEN_PITCHER,True,QA_VALIDATED_CANONICAL_V3,,,
701719,19.0,8.0,61.0,64.0,233.0,251.0,Top,824779,https://raw.githubusercontent.com/lancebroz/mlb-pitcher-data/main/data/raw/2026/daily/2026-04-08.parquet,False,2026-04-08,2026-04-08T17:35:00Z,BOS,MIL,H,Tyler Samaniego,False,RELIEF_OR_BULK,19,4,3,0,0,0,1,3,0,https://statsapi.mlb.com/api/v1.1/game/824779/feed/live,both,True,P,Pitcher,BULLPEN_PITCHER,True,QA_VALIDATED_CANONICAL_V3,,,
547973,6.0,9.0,64.0,66.0,277.0,282.0,Top,824780,https://raw.githubusercontent.com/lancebroz/mlb-pitcher-data/main/data/raw/2026/daily/2026-04-07.parquet,False,2026-04-07,2026-04-07T22:45:00Z,BOS,MIL,H,Aroldis Chapman,False,RELIEF_OR_BULK,6,3,3,0,0,0,1,0,0,https://statsapi.mlb.com/api/v1.1/game/824780/feed/live,both,True,P,Pitcher,BULLPEN_PITCHER,True,QA_VALIDATED_CANONICAL_V3,,,
663765,3.0,8.0,63.0,63.0,274.0,276.0,Bot,824780,https://raw.githubusercontent.com/lancebroz/mlb-pitcher-data/main/data/raw/2026/daily/2026-04-07.parquet,False,2026-04-07,2026-04-07T22:45:00Z,MIL,BOS,A,Jake Woodford,False,RELIEF_OR_BULK,3,1,1,0,0,0,0,0,0,https://statsapi.mlb.com/api/v1.1/game/824780/feed/live,both,True,P,Pitcher,BULLPEN_PITCHER,True,QA_VALIDATED_CANONICAL_V3,,,
669084,39.0,6.0,44.0,62.0,191.0,273.0,Bot,824780,https://raw.githubusercontent.com/lancebroz/mlb-pitcher-data/main/data/raw/2026/daily/2026-04-07.parquet,False,2026-04-07,2026-04-07T22:45:00Z,MIL,BOS,A,DL Hall,False,RELIEF_OR_BULK,39,9,7,0,0,1,1,1,0,https://statsapi.mlb.com/api/v1.1/game/824780/feed/live,both,True,P,Pitcher,BULLPEN_PITCHER,True,QA_VALIDATED_CANONICAL_V3,,,
676477,15.0,8.0,57.0,59.0,243.0,257.0,Top,824780,https://raw.githubusercontent.com/lancebroz/mlb-pitcher-data/main/data/raw/2026/daily/2026-04-07.parquet,False,2026-04-07,2026-04-07T22:45:00Z,BOS,MIL,H,Garrett Whitlock,False,RELIEF_OR_BULK,15,3,3,0,0,0,0,1,0,https://statsapi.mlb.com/api/v1.1/game/824780/feed/live,both,True,P,Pitcher,BULLPEN_PITCHER,True,QA_VALIDATED_CANONICAL_V3,,,
676979,107.0,1.0,0.0,51.0,1.0,219.0,Top,824780,https://raw.githubusercontent.com/lancebroz/mlb-pitcher-data/main/data/raw/2026/daily/2026-04-07.parquet,False,2026-04-07,2026-04-07T22:45:00Z,BOS,MIL,H,Garrett Crochet,True,STARTER,107,27,19,2,2,5,2,7,0,https://statsapi.mlb.com/api/v1.1/game/824780/feed/live,both,True,P,Pitcher,STARTER/OPENER/BULK,True,QA_VALIDATED_CANONICAL_V3,,,
677161,11.0,7.0,52.0,53.0,220.0,230.0,Top,824780,https://raw.githubusercontent.com/lancebroz/mlb-pitcher-data/main/data/raw/2026/daily/2026-04-07.parquet,False,2026-04-07,2026-04-07T22:45:00Z,BOS,MIL,H,Zack Kelly,False,RELIEF_OR_BULK,11,2,2,0,0,0,0,0,0,https://statsapi.mlb.com/api/v1.1/game/824780/feed/live,both,True,P,Pitcher,BULLPEN_PITCHER,True,QA_VALIDATED_CANONICAL_V3,,,
694819,101.0,1.0,3.0,43.0,18.0,190.0,Bot,824780,https://raw.githubusercontent.com/lancebroz/mlb-pitcher-data/main/data/raw/2026/daily/2026-04-07.parquet,False,2026-04-07,2026-04-07T22:45:00Z,MIL,BOS,A,Jacob Misiorowski,True,STARTER,101,22,16,3,3,2,4,10,0,https://statsapi.mlb.com/api/v1.1/game/824780/feed/live,both,True,P,Pitcher,STARTER/OPENER/BULK,True,QA_VALIDATED_CANONICAL_V3,,,
543056,2.0,8.0,68.0,68.0,263.0,264.0,Top,824781,https://raw.githubusercontent.com/lancebroz/mlb-pitcher-data/main/data/raw/2026/daily/2026-04-05.parquet,False,2026-04-05,2026-04-05T17:35:00Z,BOS,SD,H,Danny Coulombe,False,RELIEF_OR_BULK,2,1,1,0,0,0,0,0,0,https://statsapi.mlb.com/api/v1.1/game/824781/feed/live,both,True,P,Pitcher,BULLPEN_PITCHER,True,QA_VALIDATED_CANONICAL_V3,,,
593974,10.0,7.0,60.0,62.0,235.0,244.0,Bot,824781,https://raw.githubusercontent.com/lancebroz/mlb-pitcher-data/main/data/raw/2026/daily/2026-04-05.parquet,False,2026-04-05,2026-04-05T17:35:00Z,SD,BOS,A,Wandy Peralta,False,RELIEF_OR_BULK,10,3,1,1,1,2,0,0,0,https://statsapi.mlb.com/api/v1.1/game/824781/feed/live,both,True,P,Pitcher,BULLPEN_PITCHER,True,QA_VALIDATED_CANONICAL_V3,,,
606996,28.0,3.0,23.0,45.0,104.0,182.0,Bot,824781,https://raw.githubusercontent.com/lancebroz/mlb-pitcher-data/main/data/raw/2026/daily/2026-04-05.parquet,False,2026-04-05,2026-04-05T17:35:00Z,SD,BOS,A,Kyle Hart,False,RELIEF_OR_BULK,28,9,7,0,0,1,1,0,0,https://statsapi.mlb.com/api/v1.1/game/824781/feed/live,both,True,P,Pitcher,BULLPEN_PITCHER,True,QA_VALIDATED_CANONICAL_V3,,,
621111,61.0,1.0,3.0,22.0,15.0,103.0,Bot,824781,https://raw.githubusercontent.com/lancebroz/mlb-pitcher-data/main/data/raw/2026/daily/2026-04-05.parquet,False,2026-04-05,2026-04-05T17:35:00Z,SD,BOS,A,Walker Buehler,True,STARTER,61,14,8,4,4,3,3,4,0,https://statsapi.mlb.com/api/v1.1/game/824781/feed/live,both,True,P,Pitcher,STARTER/OPENER/BULK,True,QA_VALIDATED_CANONICAL_V3,,,
624133,75.0,1.0,0.0,36.0,1.0,149.0,Top,824781,https://raw.githubusercontent.com/lancebroz/mlb-pitcher-data/main/data/raw/2026/daily/2026-04-05.parquet,False,2026-04-05,2026-04-05T17:35:00Z,BOS,SD,H,Ranger Suarez,True,STARTER,75,18,12,4,4,6,2,2,0,https://statsapi.mlb.com/api/v1.1/game/824781/feed/live,both,True,P,Pitcher,STARTER/OPENER/BULK,True,QA_VALIDATED_CANONICAL_V3,,,
669093,13.0,8.0,69.0,71.0,265.0,277.0,Bot,824781,https://raw.githubusercontent.com/lancebroz/mlb-pitcher-data/main/data/raw/2026/daily/2026-04-05.parquet,False,2026-04-05,2026-04-05T17:35:00Z,SD,BOS,A,Jeremiah Estrada,False,RELIEF_OR_BULK,13,3,3,0,0,0,0,1,0,https://statsapi.mlb.com/api/v1.1/game/824781/feed/live,both,True,P,Pitcher,BULLPEN_PITCHER,True,QA_VALIDATED_CANONICAL_V3,,,
669711,18.0,5.0,37.0,41.0,150.0,167.0,Top,824781,https://raw.githubusercontent.com/lancebroz/mlb-pitcher-data/main/data/raw/2026/daily/2026-04-05.parquet,False,2026-04-05,2026-04-05T17:35:00Z,BOS,SD,H,Greg Weissert,False,RELIEF_OR_BULK,18,5,3,2,2,2,0,3,1,https://statsapi.mlb.com/api/v1.1/game/824781/feed/live,both,True,P,Pitcher,BULLPEN_PITCHER,True,QA_VALIDATED_CANONICAL_V3,,,
677161,17.0,9.0,72.0,75.0,278.0,294.0,Top,824781,https://raw.githubusercontent.com/lancebroz/mlb-pitcher-data/main/data/raw/2026/daily/2026-04-05.parquet,False,2026-04-05,2026-04-05T17:35:00Z,BOS,SD,H,Zack Kelly,False,RELIEF_OR_BULK,17,4,3,1,1,1,0,0,0,https://statsapi.mlb.com/api/v1.1/game/824781/feed/live,both,True,P,Pitcher,BULLPEN_PITCHER,True,QA_VALIDATED_CANONICAL_V3,,,
695243,12.0,9.0,76.0,78.0,295.0,306.0,Bot,824781,https://raw.githubusercontent.com/lancebroz/mlb-pitcher-data/main/data/raw/2026/daily/2026-04-05.parquet,False,2026-04-05,2026-04-05T17:35:00Z,SD,BOS,A,Mason Miller,False,RELIEF_OR_BULK,12,3,3,0,0,0,0,3,0,https://statsapi.mlb.com/api/v1.1/game/824781/feed/live,both,True,P,Pitcher,BULLPEN_PITCHER,True,QA_VALIDATED_CANONICAL_V3,,,
699134,25.0,6.0,49.0,59.0,199.0,234.0,Bot,824781,https://raw.githubusercontent.com/lancebroz/mlb-pitcher-data/main/data/raw/2026/daily/2026-04-05.parquet,False,2026-04-05,2026-04-05T17:35:00Z,SD,BOS,A,Bradgley Rodriguez,False,RELIEF_OR_BULK,25,8,5,1,1,3,0,2,0,https://statsapi.mlb.com/api/v1.1/game/824781/feed/live,both,True,P,Pitcher,BULLPEN_PITCHER,True,QA_VALIDATED_CANONICAL_V3,,,
700413,45.0,6.0,46.0,67.0,183.0,262.0,Top,824781,https://raw.githubusercontent.com/lancebroz/mlb-pitcher-data/main/data/raw/2026/daily/2026-04-05.parquet,False,2026-04-05,2026-04-05T17:35:00Z,BOS,SD,H,Tyler Uberstine,False,RELIEF_OR_BULK,45,11,8,1,1,3,1,2,1,https://statsapi.mlb.com/api/v1.1/game/824781/feed/live,both,True,P,Pitcher,BULLPEN_PITCHER,True,QA_VALIDATED_CANONICAL_V3,,,
543056,8.0,6.0,45.0,46.0,191.0,198.0,Top,824782,https://raw.githubusercontent.com/lancebroz/mlb-pitcher-data/main/data/raw/2026/daily/2026-04-04.parquet,False,2026-04-04,2026-04-04T20:10:00Z,BOS,SD,H,Danny Coulombe,False,RELIEF_OR_BULK,8,2,2,0,0,0,0,1,0,https://statsapi.mlb.com/api/v1.1/game/824782/feed/live,both,True,P,Pitcher,BULLPEN_PITCHER,True,QA_VALIDATED_CANONICAL_V3,,,
547973,17.0,9.0,65.0,69.0,273.0,289.0,Top,824782,https://raw.githubusercontent.com/lancebroz/mlb-pitcher-data/main/data/raw/2026/daily/2026-04-04.parquet,False,2026-04-04,2026-04-04T20:10:00Z,BOS,SD,H,Aroldis Chapman,False,RELIEF_OR_BULK,17,5,3,1,1,2,0,1,0,https://statsapi.mlb.com/api/v1.1/game/824782/feed/live,both,True,P,Pitcher,BULLPEN_PITCHER,True,QA_VALIDATED_CANONICAL_V3,,,
669093,10.0,7.0,54.0,56.0,225.0,234.0,Bot,824782,https://raw.githubusercontent.com/lancebroz/mlb-pitcher-data/main/data/raw/2026/daily/2026-04-04.parquet,False,2026-04-04,2026-04-04T20:10:00Z,SD,BOS,A,Jeremiah Estrada,False,RELIEF_OR_BULK,10,3,3,0,0,0,0,0,0,https://statsapi.mlb.com/api/v1.1/game/824782/feed/live,both,True,P,Pitcher,BULLPEN_PITCHER,True,QA_VALIDATED_CANONICAL_V3,,,
670245,26.0,5.0,35.0,44.0,146.0,190.0,Top,824782,https://raw.githubusercontent.com/lancebroz/mlb-pitcher-data/main/data/raw/2026/daily/2026-04-04.parquet,False,2026-04-04,2026-04-04T20:10:00Z,BOS,SD,H,Ryan Watson,False,RELIEF_OR_BULK,26,6,4,0,0,1,1,1,0,https://statsapi.mlb.com/api/v1.1/game/824782/feed/live,both,True,P,Pitcher,BULLPEN_PITCHER,True,QA_VALIDATED_CANONICAL_V3,,,
670970,29.0,8.0,60.0,64.0,244.0,272.0,Bot,824782,https://raw.githubusercontent.com/lancebroz/mlb-pitcher-data/main/data/raw/2026/daily/2026-04-04.parquet,False,2026-04-04,2026-04-04T20:10:00Z,SD,BOS,A,Adrian Morejon,False,RELIEF_OR_BULK,29,5,3,1,1,2,0,2,0,https://statsapi.mlb.com/api/v1.1/game/824782/feed/live,both,True,P,Pitcher,BULLPEN_PITCHER,True,QA_VALIDATED_CANONICAL_V3,,,
677161,9.0,8.0,57.0,59.0,235.0,243.0,Top,824782,https://raw.githubusercontent.com/lancebroz/mlb-pitcher-data/main/data/raw/2026/daily/2026-04-04.parquet,False,2026-04-04,2026-04-04T20:10:00Z,BOS,SD,H,Zack Kelly,False,RELIEF_OR_BULK,9,3,3,0,0,0,0,1,0,https://statsapi.mlb.com/api/v1.1/game/824782/feed/live,both,True,P,Pitcher,BULLPEN_PITCHER,True,QA_VALIDATED_CANONICAL_V3,,,
681190,83.0,1.0,5.0,49.0,27.0,205.0,Bot,824782,https://raw.githubusercontent.com/lancebroz/mlb-pitcher-data/main/data/raw/2026/daily/2026-04-04.parquet,False,2026-04-04,2026-04-04T20:10:00Z,SD,BOS,A,Randy Vásquez,True,STARTER,83,23,18,1,1,6,1,3,0,https://statsapi.mlb.com/api/v1.1/game/824782/feed/live,both,True,P,Pitcher,STARTER/OPENER/BULK,True,QA_VALIDATED_CANONICAL_V3,,,
686580,19.0,7.0,50.0,53.0,206.0,224.0,Top,824782,https://raw.githubusercontent.com/lancebroz/mlb-pitcher-data/main/data/raw/2026/daily/2026-04-04.parquet,False,2026-04-04,2026-04-04T20:10:00Z,BOS,SD,H,Justin Slaten,False,RELIEF_OR_BULK,19,4,3,0,0,1,0,1,0,https://statsapi.mlb.com/api/v1.1/game/824782/feed/live,both,True,P,Pitcher,BULLPEN_PITCHER,True,QA_VALIDATED_CANONICAL_V3,,,
695243,11.0,9.0,70.0,72.0,290.0,300.0,Bot,824782,https://raw.githubusercontent.com/lancebroz/mlb-pitcher-data/main/data/raw/2026/daily/2026-04-04.parquet,False,2026-04-04,2026-04-04T20:10:00Z,SD,BOS,A,Mason Miller,False,RELIEF_OR_BULK,11,3,3,0,0,0,0,3,0,https://statsapi.mlb.com/api/v1.1/game/824782/feed/live,both,True,P,Pitcher,BULLPEN_PITCHER,True,QA_VALIDATED_CANONICAL_V3,,,
813349,88.0,1.0,0.0,29.0,1.0,127.0,Top,824782,https://raw.githubusercontent.com/lancebroz/mlb-pitcher-data/main/data/raw/2026/daily/2026-04-04.parquet,False,2026-04-04,2026-04-04T20:10:00Z,BOS,SD,H,Connelly Early,True,STARTER,88,19,12,2,2,3,4,4,0,https://statsapi.mlb.com/api/v1.1/game/824782/feed/live,both,True,P,Pitcher,STARTER/OPENER/BULK,True,QA_VALIDATED_CANONICAL_V3,,,
543056,23.0,4.0,36.0,39.0,135.0,157.0,Top,824783,https://raw.githubusercontent.com/lancebroz/mlb-pitcher-data/main/data/raw/2026/daily/2026-04-06.parquet,False,2026-04-06,2026-04-06T22:45:00Z,BOS,MIL,H,Danny Coulombe,False,RELIEF_OR_BULK,23,4,2,0,0,2,1,0,0,https://statsapi.mlb.com/api/v1.1/game/824783/feed/live,both,True,P,Pitcher,BULLPEN_PITCHER,True,QA_VALIDATED_CANONICAL_V3,,,
605540,94.0,1.0,5.0,59.0,23.0,238.0,Bot,824783,https://raw.githubusercontent.com/lancebroz/mlb-pitcher-data/main/data/raw/2026/daily/2026-04-06.parquet,False,2026-04-06,2026-04-06T22:45:00Z,MIL,BOS,A,Brandon Woodruff,True,STARTER,94,27,17,5,5,8,2,4,0,https://statsapi.mlb.com/api/v1.1/game/824783/feed/live,both,True,P,Pitcher,STARTER/OPENER/BULK,True,QA_VALIDATED_CANONICAL_V3,,,
663558,45.0,5.0,47.0,63.0,189.0,254.0,Top,824783,https://raw.githubusercontent.com/lancebroz/mlb-pitcher-data/main/data/raw/2026/daily/2026-04-06.parquet,False,2026-04-06,2026-04-06T22:45:00Z,BOS,MIL,H,Jovani Morán,False,RELIEF_OR_BULK,45,11,9,1,1,1,1,4,0,https://statsapi.mlb.com/api/v1.1/game/824783/feed/live,both,True,P,Pitcher,BULLPEN_PITCHER,True,QA_VALIDATED_CANONICAL_V3,,,
670245,10.0,9.0,78.0,82.0,314.0,323.0,Top,824783,https://raw.githubusercontent.com/lancebroz/mlb-pitcher-data/main/data/raw/2026/daily/2026-04-06.parquet,False,2026-04-06,2026-04-06T22:45:00Z,BOS,MIL,H,Ryan Watson,False,RELIEF_OR_BULK,10,5,3,1,1,2,0,0,0,https://statsapi.mlb.com/api/v1.1/game/824783/feed/live,both,True,P,Pitcher,BULLPEN_PITCHER,True,QA_VALIDATED_CANONICAL_V3,,,
672582,16.0,9.0,83.0,87.0,324.0,339.0,Bot,824783,https://raw.githubusercontent.com/lancebroz/mlb-pitcher-data/main/data/raw/2026/daily/2026-04-06.parquet,False,2026-04-06,2026-04-06T22:45:00Z,MIL,BOS,A,Angel Zerpa,False,RELIEF_OR_BULK,16,5,3,1,1,2,0,0,1,https://statsapi.mlb.com/api/v1.1/game/824783/feed/live,both,True,P,Pitcher,BULLPEN_PITCHER,True,QA_VALIDATED_CANONICAL_V3,,,
676477,27.0,8.0,69.0,74.0,272.0,298.0,Top,824783,https://raw.githubusercontent.com/lancebroz/mlb-pitcher-data/main/data/raw/2026/daily/2026-04-06.parquet,False,2026-04-06,2026-04-06T22:45:00Z,BOS,MIL,H,Garrett Whitlock,False,RELIEF_OR_BULK,27,6,3,2,1,1,2,2,0,https://statsapi.mlb.com/api/v1.1/game/824783/feed/live,both,True,P,Pitcher,BULLPEN_PITCHER,True,QA_VALIDATED_CANONICAL_V3,,,
676879,23.0,6.0,60.0,68.0,239.0,271.0,Bot,824783,https://raw.githubusercontent.com/lancebroz/mlb-pitcher-data/main/data/raw/2026/daily/2026-04-06.parquet,False,2026-04-06,2026-04-06T22:45:00Z,MIL,BOS,A,Aaron Ashby,False,RELIEF_OR_BULK,23,6,4,0,0,1,1,0,0,https://statsapi.mlb.com/api/v1.1/game/824783/feed/live,both,True,P,Pitcher,BULLPEN_PITCHER,True,QA_VALIDATED_CANONICAL_V3,,,
678394,86.0,1.0,0.0,35.0,1.0,134.0,Top,824783,https://raw.githubusercontent.com/lancebroz/mlb-pitcher-data/main/data/raw/2026/daily/2026-04-06.parquet,False,2026-04-06,2026-04-06T22:45:00Z,BOS,MIL,H,Brayan Bello,True,STARTER,86,20,10,4,3,5,4,5,0,https://statsapi.mlb.com/api/v1.1/game/824783/feed/live,both,True,P,Pitcher,STARTER/OPENER/BULK,True,QA_VALIDATED_CANONICAL_V3,,,
681982,15.0,8.0,75.0,77.0,299.0,313.0,Bot,824783,https://raw.githubusercontent.com/lancebroz/mlb-pitcher-data/main/data/raw/2026/daily/2026-04-06.parquet,False,2026-04-06,2026-04-06T22:45:00Z,MIL,BOS,A,Grant Anderson,False,RELIEF_OR_BULK,15,3,3,0,0,0,0,0,0,https://statsapi.mlb.com/api/v1.1/game/824783/feed/live,both,True,P,Pitcher,BULLPEN_PITCHER,True,QA_VALIDATED_CANONICAL_V3,,,
543243,87.0,1.0,0.0,41.0,1.0,154.0,Top,824786,https://raw.githubusercontent.com/lancebroz/mlb-pitcher-data/main/data/raw/2026/daily/2026-04-03.parquet,False,2026-04-03,2026-04-03T18:10:00Z,BOS,SD,H,Sonny Gray,True,STARTER,87,22,18,2,2,4,0,3,0,https://statsapi.mlb.com/api/v1.1/game/824786/feed/live,both,True,P,Pitcher,STARTER/OPENER/BULK,True,QA_VALIDATED_CANONICAL_V3,,,
547973,21.0,9.0,61.0,64.0,225.0,245.0,Top,824786,https://raw.githubusercontent.com/lancebroz/mlb-pitcher-data/main/data/raw/2026/daily/2026-04-03.parquet,False,2026-04-03,2026-04-03T18:10:00Z,BOS,SD,H,Aroldis Chapman,False,RELIEF_OR_BULK,21,4,3,0,0,0,1,1,0,https://statsapi.mlb.com/api/v1.1/game/824786/feed/live,both,True,P,Pitcher,BULLPEN_PITCHER,True,QA_VALIDATED_CANONICAL_V3,,,
593974,20.0,6.0,46.0,54.0,169.0,205.0,Bot,824786,https://raw.githubusercontent.com/lancebroz/mlb-pitcher-data/main/data/raw/2026/daily/2026-04-03.parquet,False,2026-04-03,2026-04-03T18:10:00Z,SD,BOS,A,Wandy Peralta,False,RELIEF_OR_BULK,20,6,4,1,1,2,0,2,1,https://statsapi.mlb.com/api/v1.1/game/824786/feed/live,both,True,P,Pitcher,BULLPEN_PITCHER,True,QA_VALIDATED_CANONICAL_V3,,,
650633,81.0,1.0,3.0,45.0,9.0,168.0,Bot,824786,https://raw.githubusercontent.com/lancebroz/mlb-pitcher-data/main/data/raw/2026/daily/2026-04-03.parquet,False,2026-04-03,2026-04-03T18:10:00Z,SD,BOS,A,Michael King,True,STARTER,81,24,17,4,4,7,1,5,1,https://statsapi.mlb.com/api/v1.1/game/824786/feed/live,both,True,P,Pitcher,STARTER/OPENER/BULK,True,QA_VALIDATED_CANONICAL_V3,,,
669711,17.0,7.0,49.0,51.0,177.0,193.0,Top,824786,https://raw.githubusercontent.com/lancebroz/mlb-pitcher-data/main/data/raw/2026/daily/2026-04-03.parquet,False,2026-04-03,2026-04-03T18:10:00Z,BOS,SD,H,Greg Weissert,False,RELIEF_OR_BULK,17,3,3,0,0,0,0,1,0,https://statsapi.mlb.com/api/v1.1/game/824786/feed/live,both,True,P,Pitcher,BULLPEN_PITCHER,True,QA_VALIDATED_CANONICAL_V3,,,
676760,10.0,8.0,58.0,60.0,215.0,224.0,Bot,824786,https://raw.githubusercontent.com/lancebroz/mlb-pitcher-data/main/data/raw/2026/daily/2026-04-03.parquet,False,2026-04-03,2026-04-03T18:10:00Z,SD,BOS,A,Ron Marinaccio,False,RELIEF_OR_BULK,10,3,3,0,0,0,0,1,0,https://statsapi.mlb.com/api/v1.1/game/824786/feed/live,both,True,P,Pitcher,BULLPEN_PITCHER,True,QA_VALIDATED_CANONICAL_V3,,,
686580,9.0,8.0,55.0,57.0,206.0,214.0,Top,824786,https://raw.githubusercontent.com/lancebroz/mlb-pitcher-data/main/data/raw/2026/daily/2026-04-03.parquet,False,2026-04-03,2026-04-03T18:10:00Z,BOS,SD,H,Justin Slaten,False,RELIEF_OR_BULK,9,3,3,0,0,0,0,1,0,https://statsapi.mlb.com/api/v1.1/game/824786/feed/live,both,True,P,Pitcher,BULLPEN_PITCHER,True,QA_VALIDATED_CANONICAL_V3,,,
605135,89.0,1.0,0.0,39.0,1.0,158.0,Top,824857,https://raw.githubusercontent.com/lancebroz/mlb-pitcher-data/main/data/raw/2026/daily/2026-04-11.parquet,False,2026-04-11,2026-04-11T23:15:00Z,BAL,SF,H,Chris Bassitt,True,STARTER,89,21,14,2,1,7,1,2,0,https://statsapi.mlb.com/api/v1.1/game/824857/feed/live,both,True,P,Pitcher,STARTER/OPENER/BULK,True,QA_VALIDATED_CANONICAL_V3,,,
621366,29.0,7.0,58.0,68.0,229.0,273.0,Bot,824857,https://raw.githubusercontent.com/lancebroz/mlb-pitcher-data/main/data/raw/2026/daily/2026-04-11.parquet,False,2026-04-11,2026-04-11T23:15:00Z,SF,BAL,A,Ryan Borucki,False,RELIEF_OR_BULK,29,7,4,1,1,3,0,3,0,https://statsapi.mlb.com/api/v1.1/game/824857/feed/live,both,True,P,Pitcher,BULLPEN_PITCHER,True,QA_VALIDATED_CANONICAL_V3,,,
657277,98.0,1.0,3.0,50.0,18.0,203.0,Bot,824857,https://raw.githubusercontent.com/lancebroz/mlb-pitcher-data/main/data/raw/2026/daily/2026-04-11.parquet,False,2026-04-11,2026-04-11T23:15:00Z,SF,BAL,A,Logan Webb,True,STARTER,98,26,18,4,4,5,3,6,1,https://statsapi.mlb.com/api/v1.1/game/824857/feed/live,both,True,P,Pitcher,STARTER/OPENER/BULK,True,QA_VALIDATED_CANONICAL_V3,,,
664854,14.0,9.0,69.0,72.0,274.0,287.0,Top,824857,https://raw.githubusercontent.com/lancebroz/mlb-pitcher-data/main/data/raw/2026/daily/2026-04-11.parquet,False,2026-04-11,2026-04-11T23:15:00Z,BAL,SF,H,Ryan Helsley,False,RELIEF_OR_BULK,14,4,3,0,0,2,0,0,0,https://statsapi.mlb.com/api/v1.1/game/824857/feed/live,both,True,P,Pitcher,BULLPEN_PITCHER,True,QA_VALIDATED_CANONICAL_V3,,,
664991,14.0,5.0,40.0,45.0,159.0,184.0,Top,824857,https://raw.githubusercontent.com/lancebroz/mlb-pitcher-data/main/data/raw/2026/daily/2026-04-11.parquet,False,2026-04-11,2026-04-11T23:15:00Z,BAL,SF,H,Grant Wolfram,False,RELIEF_OR_BULK,14,3,3,0,0,0,0,1,0,https://statsapi.mlb.com/api/v1.1/game/824857/feed/live,both,True,P,Pitcher,BULLPEN_PITCHER,True,QA_VALIDATED_CANONICAL_V3,,,
666974,2.0,6.0,46.0,46.0,185.0,186.0,Top,824857,https://raw.githubusercontent.com/lancebroz/mlb-pitcher-data/main/data/raw/2026/daily/2026-04-11.parquet,False,2026-04-11,2026-04-11T23:15:00Z,BAL,SF,H,Yennier Cano,False,RELIEF_OR_BULK,2,1,1,0,0,0,0,0,0,https://statsapi.mlb.com/api/v1.1/game/824857/feed/live,both,True,P,Pitcher,BULLPEN_PITCHER,True,QA_VALIDATED_CANONICAL_V3,,,
668873,17.0,7.0,54.0,57.0,212.0,228.0,Bot,824857,https://raw.githubusercontent.com/lancebroz/mlb-pitcher-data/main/data/raw/2026/daily/2026-04-11.parquet,False,2026-04-11,2026-04-11T23:15:00Z,SF,BAL,A,Caleb Kilian,False,RELIEF_OR_BULK,17,4,2,1,1,1,1,2,1,https://statsapi.mlb.com/api/v1.1/game/824857/feed/live,both,True,P,Pitcher,BULLPEN_PITCHER,True,QA_VALIDATED_CANONICAL_V3,,,
670329,8.0,7.0,51.0,53.0,204.0,211.0,Top,824857,https://raw.githubusercontent.com/lancebroz/mlb-pitcher-data/main/data/raw/2026/daily/2026-04-11.parquet,False,2026-04-11,2026-04-11T23:15:00Z,BAL,SF,H,Rico Garcia,False,RELIEF_OR_BULK,8,3,3,0,0,0,0,1,0,https://statsapi.mlb.com/api/v1.1/game/824857/feed/live,both,True,P,Pitcher,BULLPEN_PITCHER,True,QA_VALIDATED_CANONICAL_V3,,,
689296,16.0,8.0,59.0,62.0,233.0,248.0,Top,824857,https://raw.githubusercontent.com/lancebroz/mlb-pitcher-data/main/data/raw/2026/daily/2026-04-11.parquet,False,2026-04-11,2026-04-11T23:15:00Z,BAL,SF,H,Anthony Nunez,False,RELIEF_OR_BULK,16,4,3,0,0,1,0,2,0,https://statsapi.mlb.com/api/v1.1/game/824857/feed/live,both,True,P,Pitcher,BULLPEN_PITCHER,True,QA_VALIDATED_CANONICAL_V3,,,
544150,18.0,8.0,62.0,73.0,238.0,272.0,Top,824858,https://raw.githubusercontent.com/lancebroz/mlb-pitcher-data/main/data/raw/2026/daily/2026-04-10.parquet,False,2026-04-10,2026-04-10T23:15:00Z,BAL,SF,H,Albert Suárez,False,RELIEF_OR_BULK,18,7,6,0,0,1,0,1,0,https://statsapi.mlb.com/api/v1.1/game/824858/feed/live,both,True,P,Pitcher,BULLPEN_PITCHER,True,QA_VALIDATED_CANONICAL_V3,,,
657424,2.0,8.0,69.0,69.0,261.0,262.0,Bot,824858,https://raw.githubusercontent.com/lancebroz/mlb-pitcher-data/main/data/raw/2026/daily/2026-04-10.parquet,False,2026-04-10,2026-04-10T23:15:00Z,SF,BAL,A,Matt Gage,False,RELIEF_OR_BULK,2,1,1,0,0,0,0,0,0,https://statsapi.mlb.com/api/v1.1/game/824858/feed/live,both,True,P,Pitcher,BULLPEN_PITCHER,True,QA_VALIDATED_CANONICAL_V3,,,
664141,15.0,8.0,65.0,68.0,246.0,260.0,Bot,824858,https://raw.githubusercontent.com/lancebroz/mlb-pitcher-data/main/data/raw/2026/daily/2026-04-10.parquet,False,2026-04-10,2026-04-10T23:15:00Z,SF,BAL,A,JT Brubaker,False,RELIEF_OR_BULK,15,4,2,0,0,0,2,1,0,https://statsapi.mlb.com/api/v1.1/game/824858/feed/live,both,True,P,Pitcher,BULLPEN_PITCHER,True,QA_VALIDATED_CANONICAL_V3,,,
666974,9.0,6.0,47.0,49.0,183.0,191.0,Top,824858,https://raw.githubusercontent.com/lancebroz/mlb-pitcher-data/main/data/raw/2026/daily/2026-04-10.parquet,False,2026-04-10,2026-04-10T23:15:00Z,BAL,SF,H,Yennier Cano,False,RELIEF_OR_BULK,9,3,3,0,0,0,0,1,0,https://statsapi.mlb.com/api/v1.1/game/824858/feed/live,both,True,P,Pitcher,BULLPEN_PITCHER,True,QA_VALIDATED_CANONICAL_V3,,,
669358,99.0,1.0,0.0,42.0,1.0,163.0,Top,824858,https://raw.githubusercontent.com/lancebroz/mlb-pitcher-data/main/data/raw/2026/daily/2026-04-10.parquet,False,2026-04-10,2026-04-10T23:15:00Z,BAL,SF,H,Shane Baz,True,STARTER,99,25,15,3,3,9,2,4,1,https://statsapi.mlb.com/api/v1.1/game/824858/feed/live,both,True,P,Pitcher,STARTER/OPENER/BULK,True,QA_VALIDATED_CANONICAL_V3,,,
675919,25.0,7.0,53.0,58.0,202.0,226.0,Top,824858,https://raw.githubusercontent.com/lancebroz/mlb-pitcher-data/main/data/raw/2026/daily/2026-04-10.parquet,False,2026-04-10,2026-04-10T23:15:00Z,BAL,SF,H,Nick Raquet,False,RELIEF_OR_BULK,25,6,3,3,3,2,1,0,1,https://statsapi.mlb.com/api/v1.1/game/824858/feed/live,both,True,P,Pitcher,BULLPEN_PITCHER,True,QA_VALIDATED_CANONICAL_V3,,,
676775,11.0,7.0,59.0,61.0,227.0,237.0,Bot,824858,https://raw.githubusercontent.com/lancebroz/mlb-pitcher-data/main/data/raw/2026/daily/2026-04-10.parquet,False,2026-04-10,2026-04-10T23:15:00Z,SF,BAL,A,Keaton Winn,False,RELIEF_OR_BULK,11,3,3,0,0,0,0,0,0,https://statsapi.mlb.com/api/v1.1/game/824858/feed/live,both,True,P,Pitcher,BULLPEN_PITCHER,True,QA_VALIDATED_CANONICAL_V3,,,
694738,93.0,1.0,3.0,52.0,13.0,201.0,Bot,824858,https://raw.githubusercontent.com/lancebroz/mlb-pitcher-data/main/data/raw/2026/daily/2026-04-10.parquet,False,2026-04-10,2026-04-10T23:15:00Z,SF,BAL,A,Landen Roupp,True,STARTER,93,25,18,1,1,5,2,4,0,https://statsapi.mlb.com/api/v1.1/game/824858/feed/live,both,True,P,Pitcher,STARTER/OPENER/BULK,True,QA_VALIDATED_CANONICAL_V3,,,
694918,18.0,9.0,74.0,79.0,273.0,290.0,Bot,824858,https://raw.githubusercontent.com/lancebroz/mlb-pitcher-data/main/data/raw/2026/daily/2026-04-10.parquet,False,2026-04-10,2026-04-10T23:15:00Z,SF,BAL,A,Blade Tidwell,False,RELIEF_OR_BULK,18,6,3,2,2,3,0,1,1,https://statsapi.mlb.com/api/v1.1/game/824858/feed/live,both,True,P,Pitcher,BULLPEN_PITCHER,True,QA_VALIDATED_CANONICAL_V3,,,
543135,88.0,1.0,3.0,43.0,11.0,164.0,Bot,824860,https://raw.githubusercontent.com/lancebroz/mlb-pitcher-data/main/data/raw/2026/daily/2026-04-01.parquet,False,2026-04-01,2026-04-01T16:35:00Z,TEX,BAL,A,Nathan Eovaldi,True,STARTER,88,23,12,6,6,8,3,5,1,https://statsapi.mlb.com/api/v1.1/game/824860/feed/live,both,True,P,Pitcher,STARTER/OPENER/BULK,True,QA_VALIDATED_CANONICAL_V3,,,
544150,42.0,7.0,58.0,77.0,221.0,296.0,Top,824860,https://raw.githubusercontent.com/lancebroz/mlb-pitcher-data/main/data/raw/2026/daily/2026-04-01.parquet,False,2026-04-01,2026-04-01T16:35:00Z,BAL,TEX,H,Albert Suárez,False,RELIEF_OR_BULK,42,12,9,1,1,2,1,2,1,https://statsapi.mlb.com/api/v1.1/game/824860/feed/live,both,True,P,Pitcher,BULLPEN_PITCHER,True,QA_VALIDATED_CANONICAL_V3,,,
641302,25.0,5.0,44.0,50.0,165.0,189.0,Bot,824860,https://raw.githubusercontent.com/lancebroz/mlb-pitcher-data/main/data/raw/2026/daily/2026-04-01.parquet,False,2026-04-01,2026-04-01T16:35:00Z,TEX,BAL,A,Tyler Alexander,False,RELIEF_OR_BULK,25,7,3,1,1,2,2,0,0,https://statsapi.mlb.com/api/v1.1/game/824860/feed/live,both,True,P,Pitcher,BULLPEN_PITCHER,True,QA_VALIDATED_CANONICAL_V3,,,
656641,14.0,8.0,72.0,74.0,274.0,287.0,Bot,824860,https://raw.githubusercontent.com/lancebroz/mlb-pitcher-data/main/data/raw/2026/daily/2026-04-01.parquet,False,2026-04-01,2026-04-01T16:35:00Z,TEX,BAL,A,Jacob Latz,False,RELIEF_OR_BULK,14,3,3,0,0,0,0,0,0,https://statsapi.mlb.com/api/v1.1/game/824860/feed/live,both,True,P,Pitcher,BULLPEN_PITCHER,True,QA_VALIDATED_CANONICAL_V3,,,
669432,91.0,1.0,0.0,53.0,1.0,204.0,Top,824860,https://raw.githubusercontent.com/lancebroz/mlb-pitcher-data/main/data/raw/2026/daily/2026-04-01.parquet,False,2026-04-01,2026-04-01T16:35:00Z,BAL,TEX,H,Trevor Rogers,True,STARTER,91,24,18,2,2,6,1,3,0,https://statsapi.mlb.com/api/v1.1/game/824860/feed/live,both,True,P,Pitcher,STARTER/OPENER/BULK,True,QA_VALIDATED_CANONICAL_V3,,,
691945,36.0,6.0,54.0,67.0,205.0,257.0,Bot,824860,https://raw.githubusercontent.com/lancebroz/mlb-pitcher-data/main/data/raw/2026/daily/2026-04-01.parquet,False,2026-04-01,2026-04-01T16:35:00Z,TEX,BAL,A,Carter Baumler,False,RELIEF_OR_BULK,36,9,6,1,1,2,1,2,1,https://statsapi.mlb.com/api/v1.1/game/824860/feed/live,both,True,P,Pitcher,BULLPEN_PITCHER,True,QA_VALIDATED_CANONICAL_V3,,,
455119,19.0,9.0,76.0,81.0,131.0,290.0,Bot,824861,https://baseballsavant.mlb.com/statcast_search/csv?all=true&type=details&game_pk=824861,True,2026-03-31,2026-03-31T22:35:00Z,TEX,BAL,A,Chris Martin,False,RELIEF_OR_BULK,19,6,3,2,2,2,0,1,0,https://statsapi.mlb.com/api/v1.1/game/824861/feed/live,both,True,P,Pitcher,BULLPEN_PITCHER,True,QA_VALIDATED_CANONICAL_V3,,,
594798,79.0,1.0,4.0,44.0,1.0,285.0,Bot,824861,https://baseballsavant.mlb.com/statcast_search/csv?all=true&type=details&game_pk=824861,True,2026-03-31,2026-03-31T22:35:00Z,TEX,BAL,A,Jacob deGrom,True,STARTER,79,20,14,3,3,6,0,7,1,https://statsapi.mlb.com/api/v1.1/game/824861/feed/live,both,True,P,Pitcher,STARTER/OPENER/BULK,True,QA_VALIDATED_CANONICAL_V3,,,
596001,15.0,7.0,61.0,64.0,157.0,284.0,Bot,824861,https://baseballsavant.mlb.com/statcast_search/csv?all=true&type=details&game_pk=824861,True,2026-03-31,2026-03-31T22:35:00Z,TEX,BAL,A,Jakob Junis,False,RELIEF_OR_BULK,15,4,3,0,0,1,0,1,0,https://statsapi.mlb.com/api/v1.1/game/824861/feed/live,both,True,P,Pitcher,BULLPEN_PITCHER,True,QA_VALIDATED_CANONICAL_V3,,,
621107,74.0,1.0,1.0,29.0,6.0,287.0,Top,824861,https://baseballsavant.mlb.com/statcast_search/csv?all=true&type=details&game_pk=824861,True,2026-03-31,2026-03-31T22:35:00Z,BAL,TEX,H,Zach Eflin,True,STARTER,74,17,11,1,1,4,2,7,1,https://statsapi.mlb.com/api/v1.1/game/824861/feed/live,both,True,P,Pitcher,STARTER/OPENER/BULK,True,QA_VALIDATED_CANONICAL_V3,,,
664991,23.0,4.0,29.0,39.0,111.0,288.0,Top,824861,https://baseballsavant.mlb.com/statcast_search/csv?all=true&type=details&game_pk=824861,True,2026-03-31,2026-03-31T22:35:00Z,BAL,TEX,H,Grant Wolfram,False,RELIEF_OR_BULK,23,7,4,2,2,3,0,2,0,https://statsapi.mlb.com/api/v1.1/game/824861/feed/live,both,True,P,Pitcher,BULLPEN_PITCHER,True,QA_VALIDATED_CANONICAL_V3,,,
666974,9.0,6.0,46.0,50.0,204.0,289.0,Top,824861,https://baseballsavant.mlb.com/statcast_search/csv?all=true&type=details&game_pk=824861,True,2026-03-31,2026-03-31T22:35:00Z,BAL,TEX,H,Yennier Cano,False,RELIEF_OR_BULK,9,5,3,1,1,2,0,0,0,https://statsapi.mlb.com/api/v1.1/game/824861/feed/live,both,True,P,Pitcher,BULLPEN_PITCHER,True,QA_VALIDATED_CANONICAL_V3,,,
668390,14.0,5.0,45.0,54.0,163.0,291.0,Bot,824861,https://baseballsavant.mlb.com/statcast_search/csv?all=true&type=details&game_pk=824861,True,2026-03-31,2026-03-31T22:35:00Z,TEX,BAL,A,Cole Winn,False,RELIEF_OR_BULK,14,5,4,0,0,0,1,1,0,https://statsapi.mlb.com/api/v1.1/game/824861/feed/live,both,True,P,Pitcher,BULLPEN_PITCHER,True,QA_VALIDATED_CANONICAL_V3,,,
676395,15.0,8.0,68.0,70.0,155.0,293.0,Bot,824861,https://baseballsavant.mlb.com/statcast_search/csv?all=true&type=details&game_pk=824861,True,2026-03-31,2026-03-31T22:35:00Z,TEX,BAL,A,Robert Garcia,False,RELIEF_OR_BULK,15,3,3,0,0,0,0,1,0,https://statsapi.mlb.com/api/v1.1/game/824861/feed/live,both,True,P,Pitcher,BULLPEN_PITCHER,True,QA_VALIDATED_CANONICAL_V3,,,
682274,24.0,7.0,55.0,60.0,108.0,292.0,Top,824861,https://baseballsavant.mlb.com/statcast_search/csv?all=true&type=details&game_pk=824861,True,2026-03-31,2026-03-31T22:35:00Z,BAL,TEX,H,Yaramil Hiraldo,False,RELIEF_OR_BULK,24,6,3,3,3,2,1,0,1,https://statsapi.mlb.com/api/v1.1/game/824861/feed/live,both,True,P,Pitcher,BULLPEN_PITCHER,True,QA_VALIDATED_CANONICAL_V3,,,
689296,21.0,8.0,65.0,75.0,120.0,286.0,Top,824861,https://baseballsavant.mlb.com/statcast_search/csv?all=true&type=details&game_pk=824861,True,2026-03-31,2026-03-31T22:35:00Z,BAL,TEX,H,Anthony Nunez,False,RELIEF_OR_BULK,21,8,6,1,1,2,0,2,1,https://statsapi.mlb.com/api/v1.1/game/824861/feed/live,both,True,P,Pitcher,BULLPEN_PITCHER,True,QA_VALIDATED_CANONICAL_V3,,,
607455,15.0,5.0,40.0,43.0,184.0,198.0,Bot,824862,https://raw.githubusercontent.com/lancebroz/mlb-pitcher-data/main/data/raw/2026/daily/2026-03-28.parquet,False,2026-03-28,2026-03-28T20:05:00Z,MIN,BAL,A,Anthony Banda,False,RELIEF_OR_BULK,15,4,2,0,0,0,1,2,0,https://statsapi.mlb.com/api/v1.1/game/824862/feed/live,both,True,P,Pitcher,BULLPEN_PITCHER,True,QA_VALIDATED_CANONICAL_V3,,,
608650,33.0,6.0,44.0,56.0,199.0,255.0,Top,824862,https://raw.githubusercontent.com/lancebroz/mlb-pitcher-data/main/data/raw/2026/daily/2026-03-28.parquet,False,2026-03-28,2026-03-28T20:05:00Z,BAL,MIN,H,Dietrich Enns,False,RELIEF_OR_BULK,33,7,5,1,1,1,1,1,0,https://statsapi.mlb.com/api/v1.1/game/824862/feed/live,both,True,P,Pitcher,BULLPEN_PITCHER,True,QA_VALIDATED_CANONICAL_V3,,,
623437,12.0,8.0,64.0,66.0,279.0,290.0,Bot,824862,https://raw.githubusercontent.com/lancebroz/mlb-pitcher-data/main/data/raw/2026/daily/2026-03-28.parquet,False,2026-03-28,2026-03-28T20:05:00Z,MIN,BAL,A,Justin Topa,False,RELIEF_OR_BULK,12,3,3,0,0,0,0,1,0,https://statsapi.mlb.com/api/v1.1/game/824862/feed/live,both,True,P,Pitcher,BULLPEN_PITCHER,True,QA_VALIDATED_CANONICAL_V3,,,
663485,16.0,9.0,70.0,73.0,303.0,318.0,Bot,824862,https://raw.githubusercontent.com/lancebroz/mlb-pitcher-data/main/data/raw/2026/daily/2026-03-28.parquet,False,2026-03-28,2026-03-28T20:05:00Z,MIN,BAL,A,Cole Sands,False,RELIEF_OR_BULK,16,4,3,0,0,0,1,2,0,https://statsapi.mlb.com/api/v1.1/game/824862/feed/live,both,True,P,Pitcher,BULLPEN_PITCHER,True,QA_VALIDATED_CANONICAL_V3,,,
666974,8.0,5.0,37.0,38.0,170.0,177.0,Top,824862,https://raw.githubusercontent.com/lancebroz/mlb-pitcher-data/main/data/raw/2026/daily/2026-03-28.parquet,False,2026-03-28,2026-03-28T20:05:00Z,BAL,MIN,H,Yennier Cano,False,RELIEF_OR_BULK,8,2,1,0,0,1,0,1,0,https://statsapi.mlb.com/api/v1.1/game/824862/feed/live,both,True,P,Pitcher,BULLPEN_PITCHER,True,QA_VALIDATED_CANONICAL_V3,,,
671737,92.0,1.0,3.0,39.0,11.0,183.0,Bot,824862,https://raw.githubusercontent.com/lancebroz/mlb-pitcher-data/main/data/raw/2026/daily/2026-03-28.parquet,False,2026-03-28,2026-03-28T20:05:00Z,MIN,BAL,A,Taj Bradley,True,STARTER,92,19,13,1,1,3,3,9,0,https://statsapi.mlb.com/api/v1.1/game/824862/feed/live,both,True,P,Pitcher,STARTER/OPENER/BULK,True,QA_VALIDATED_CANONICAL_V3,,,
679358,21.0,6.0,51.0,60.0,224.0,268.0,Bot,824862,https://raw.githubusercontent.com/lancebroz/mlb-pitcher-data/main/data/raw/2026/daily/2026-03-28.parquet,False,2026-03-28,2026-03-28T20:05:00Z,MIN,BAL,A,Eric Orze,False,RELIEF_OR_BULK,21,5,4,0,0,0,1,0,0,https://statsapi.mlb.com/api/v1.1/game/824862/feed/live,both,True,P,Pitcher,BULLPEN_PITCHER,True,QA_VALIDATED_CANONICAL_V3,,,
680694,83.0,1.0,0.0,36.0,1.0,169.0,Top,824862,https://raw.githubusercontent.com/lancebroz/mlb-pitcher-data/main/data/raw/2026/daily/2026-03-28.parquet,False,2026-03-28,2026-03-28T20:05:00Z,BAL,MIN,H,Kyle Bradish,True,STARTER,83,19,14,3,2,2,3,4,1,https://statsapi.mlb.com/api/v1.1/game/824862/feed/live,both,True,P,Pitcher,STARTER/OPENER/BULK,True,QA_VALIDATED_CANONICAL_V3,,,
681892,13.0,6.0,47.0,50.0,211.0,223.0,Bot,824862,https://raw.githubusercontent.com/lancebroz/mlb-pitcher-data/main/data/raw/2026/daily/2026-03-28.parquet,False,2026-03-28,2026-03-28T20:05:00Z,MIN,BAL,A,Kody Funderburk,False,RELIEF_OR_BULK,13,4,2,0,0,2,0,2,0,https://statsapi.mlb.com/api/v1.1/game/824862/feed/live,both,True,P,Pitcher,BULLPEN_PITCHER,True,QA_VALIDATED_CANONICAL_V3,,,
682274,3.0,7.0,57.0,57.0,256.0,258.0,Top,824862,https://raw.githubusercontent.com/lancebroz/mlb-pitcher-data/main/data/raw/2026/daily/2026-03-28.parquet,False,2026-03-28,2026-03-28T20:05:00Z,BAL,MIN,H,Yaramil Hiraldo,False,RELIEF_OR_BULK,3,1,1,0,0,0,0,1,0,https://statsapi.mlb.com/api/v1.1/game/824862/feed/live,both,True,P,Pitcher,BULLPEN_PITCHER,True,QA_VALIDATED_CANONICAL_V3,,,
689296,22.0,8.0,61.0,69.0,269.0,302.0,Top,824862,https://raw.githubusercontent.com/lancebroz/mlb-pitcher-data/main/data/raw/2026/daily/2026-03-28.parquet,False,2026-03-28,2026-03-28T20:05:00Z,BAL,MIN,H,Anthony Nunez,False,RELIEF_OR_BULK,22,6,6,0,0,0,0,3,0,https://statsapi.mlb.com/api/v1.1/game/824862/feed/live,both,True,P,Pitcher,BULLPEN_PITCHER,True,QA_VALIDATED_CANONICAL_V3,,,
596001,8.0,7.0,59.0,61.0,238.0,245.0,Bot,824863,https://raw.githubusercontent.com/lancebroz/mlb-pitcher-data/main/data/raw/2026/daily/2026-03-30.parquet,False,2026-03-30,2026-03-30T22:35:00Z,TEX,BAL,A,Jakob Junis,False,RELIEF_OR_BULK,8,3,3,0,0,0,0,0,0,https://statsapi.mlb.com/api/v1.1/game/824863/feed/live,both,True,P,Pitcher,BULLPEN_PITCHER,True,QA_VALIDATED_CANONICAL_V3,,,
605135,100.0,1.0,0.0,39.0,1.0,155.0,Top,824863,https://raw.githubusercontent.com/lancebroz/mlb-pitcher-data/main/data/raw/2026/daily/2026-03-30.parquet,False,2026-03-30,2026-03-30T22:35:00Z,BAL,TEX,H,Chris Bassitt,True,STARTER,100,25,13,4,4,6,4,3,0,https://statsapi.mlb.com/api/v1.1/game/824863/feed/live,both,True,P,Pitcher,STARTER/OPENER/BULK,True,QA_VALIDATED_CANONICAL_V3,,,
608650,34.0,5.0,40.0,52.0,156.0,212.0,Top,824863,https://raw.githubusercontent.com/lancebroz/mlb-pitcher-data/main/data/raw/2026/daily/2026-03-30.parquet,False,2026-03-30,2026-03-30T22:35:00Z,BAL,TEX,H,Dietrich Enns,False,RELIEF_OR_BULK,34,7,5,0,0,1,1,4,0,https://statsapi.mlb.com/api/v1.1/game/824863/feed/live,both,True,P,Pitcher,BULLPEN_PITCHER,True,QA_VALIDATED_CANONICAL_V3,,,
641302,10.0,9.0,76.0,78.0,295.0,304.0,Bot,824863,https://raw.githubusercontent.com/lancebroz/mlb-pitcher-data/main/data/raw/2026/daily/2026-03-30.parquet,False,2026-03-30,2026-03-30T22:35:00Z,TEX,BAL,A,Tyler Alexander,False,RELIEF_OR_BULK,10,3,3,0,0,0,0,2,0,https://statsapi.mlb.com/api/v1.1/game/824863/feed/live,both,True,P,Pitcher,BULLPEN_PITCHER,True,QA_VALIDATED_CANONICAL_V3,,,
656222,13.0,8.0,65.0,69.0,256.0,268.0,Bot,824863,https://raw.githubusercontent.com/lancebroz/mlb-pitcher-data/main/data/raw/2026/daily/2026-03-30.parquet,False,2026-03-30,2026-03-30T22:35:00Z,TEX,BAL,A,Jalen Beeks,False,RELIEF_OR_BULK,13,5,3,0,0,2,0,1,0,https://statsapi.mlb.com/api/v1.1/game/824863/feed/live,both,True,P,Pitcher,BULLPEN_PITCHER,True,QA_VALIDATED_CANONICAL_V3,,,
669330,26.0,9.0,70.0,75.0,269.0,294.0,Top,824863,https://raw.githubusercontent.com/lancebroz/mlb-pitcher-data/main/data/raw/2026/daily/2026-03-30.parquet,False,2026-03-30,2026-03-30T22:35:00Z,BAL,TEX,H,Tyler Wells,False,RELIEF_OR_BULK,26,6,3,1,1,3,0,1,0,https://statsapi.mlb.com/api/v1.1/game/824863/feed/live,both,True,P,Pitcher,BULLPEN_PITCHER,True,QA_VALIDATED_CANONICAL_V3,,,
670329,21.0,7.0,56.0,64.0,227.0,255.0,Top,824863,https://raw.githubusercontent.com/lancebroz/mlb-pitcher-data/main/data/raw/2026/daily/2026-03-30.parquet,False,2026-03-30,2026-03-30T22:35:00Z,BAL,TEX,H,Rico Garcia,False,RELIEF_OR_BULK,21,6,6,0,0,0,0,3,0,https://statsapi.mlb.com/api/v1.1/game/824863/feed/live,both,True,P,Pitcher,BULLPEN_PITCHER,True,QA_VALIDATED_CANONICAL_V3,,,
683004,92.0,1.0,7.0,55.0,30.0,226.0,Bot,824863,https://raw.githubusercontent.com/lancebroz/mlb-pitcher-data/main/data/raw/2026/daily/2026-03-30.parquet,False,2026-03-30,2026-03-30T22:35:00Z,TEX,BAL,A,Jack Leiter,True,STARTER,92,24,18,2,2,5,1,8,1,https://statsapi.mlb.com/api/v1.1/game/824863/feed/live,both,True,P,Pitcher,STARTER/OPENER/BULK,True,QA_VALIDATED_CANONICAL_V3,,,
607455,3.0,8.0,75.0,75.0,299.0,301.0,Bot,824864,https://raw.githubusercontent.com/lancebroz/mlb-pitcher-data/main/data/raw/2026/daily/2026-03-29.parquet,False,2026-03-29,2026-03-29T17:35:00Z,MIN,BAL,A,Anthony Banda,False,RELIEF_OR_BULK,3,1,2,0,0,0,0,0,0,https://statsapi.mlb.com/api/v1.1/game/824864/feed/live,both,True,P,Pitcher,BULLPEN_PITCHER,True,QA_VALIDATED_CANONICAL_V3,,,
641927,56.0,1.0,3.0,33.0,10.0,123.0,Bot,824864,https://raw.githubusercontent.com/lancebroz/mlb-pitcher-data/main/data/raw/2026/daily/2026-03-29.parquet,False,2026-03-29,2026-03-29T17:35:00Z,MIN,BAL,A,Bailey Ober,True,STARTER,56,17,12,3,3,4,1,1,1,https://statsapi.mlb.com/api/v1.1/game/824864/feed/live,both,True,P,Pitcher,STARTER/OPENER/BULK,True,QA_VALIDATED_CANONICAL_V3,,,
664854,20.0,9.0,77.0,81.0,302.0,321.0,Top,824864,https://raw.githubusercontent.com/lancebroz/mlb-pitcher-data/main/data/raw/2026/daily/2026-03-29.parquet,False,2026-03-29,2026-03-29T17:35:00Z,BAL,MIN,H,Ryan Helsley,False,RELIEF_OR_BULK,20,5,3,0,0,1,0,1,0,https://statsapi.mlb.com/api/v1.1/game/824864/feed/live,both,True,P,Pitcher,BULLPEN_PITCHER,True,QA_VALIDATED_CANONICAL_V3,,,
664991,19.0,6.0,42.0,51.0,151.0,200.0,Top,824864,https://raw.githubusercontent.com/lancebroz/mlb-pitcher-data/main/data/raw/2026/daily/2026-03-29.parquet,False,2026-03-29,2026-03-29T17:35:00Z,BAL,MIN,H,Grant Wolfram,False,RELIEF_OR_BULK,19,4,3,0,0,1,0,2,0,https://statsapi.mlb.com/api/v1.1/game/824864/feed/live,both,True,P,Pitcher,BULLPEN_PITCHER,True,QA_VALIDATED_CANONICAL_V3,,,
666974,9.0,8.0,72.0,72.0,280.0,288.0,Top,824864,https://raw.githubusercontent.com/lancebroz/mlb-pitcher-data/main/data/raw/2026/daily/2026-03-29.parquet,False,2026-03-29,2026-03-29T17:35:00Z,BAL,MIN,H,Yennier Cano,False,RELIEF_OR_BULK,9,1,1,0,0,0,0,1,0,https://statsapi.mlb.com/api/v1.1/game/824864/feed/live,both,True,P,Pitcher,BULLPEN_PITCHER,True,QA_VALIDATED_CANONICAL_V3,,,
669330,27.0,8.0,66.0,71.0,253.0,279.0,Top,824864,https://raw.githubusercontent.com/lancebroz/mlb-pitcher-data/main/data/raw/2026/daily/2026-03-29.parquet,False,2026-03-29,2026-03-29T17:35:00Z,BAL,MIN,H,Tyler Wells,False,RELIEF_OR_BULK,27,6,2,1,1,2,2,2,0,https://statsapi.mlb.com/api/v1.1/game/824864/feed/live,both,True,P,Pitcher,BULLPEN_PITCHER,True,QA_VALIDATED_CANONICAL_V3,,,
669358,78.0,1.0,0.0,41.0,1.0,150.0,Top,824864,https://raw.githubusercontent.com/lancebroz/mlb-pitcher-data/main/data/raw/2026/daily/2026-03-29.parquet,False,2026-03-29,2026-03-29T17:35:00Z,BAL,MIN,H,Shane Baz,True,STARTER,78,21,16,4,4,7,0,4,0,https://statsapi.mlb.com/api/v1.1/game/824864/feed/live,both,True,P,Pitcher,STARTER/OPENER/BULK,True,QA_VALIDATED_CANONICAL_V3,,,
670329,8.0,7.0,57.0,57.0,221.0,228.0,Top,824864,https://raw.githubusercontent.com/lancebroz/mlb-pitcher-data/main/data/raw/2026/daily/2026-03-29.parquet,False,2026-03-29,2026-03-29T17:35:00Z,BAL,MIN,H,Rico Garcia,False,RELIEF_OR_BULK,8,1,1,0,0,0,0,1,0,https://statsapi.mlb.com/api/v1.1/game/824864/feed/live,both,True,P,Pitcher,BULLPEN_PITCHER,True,QA_VALIDATED_CANONICAL_V3,,,
682274,20.0,7.0,52.0,56.0,201.0,220.0,Top,824864,https://raw.githubusercontent.com/lancebroz/mlb-pitcher-data/main/data/raw/2026/daily/2026-03-29.parquet,False,2026-03-29,2026-03-29T17:35:00Z,BAL,MIN,H,Yaramil Hiraldo,False,RELIEF_OR_BULK,20,5,1,1,1,1,3,1,1,https://statsapi.mlb.com/api/v1.1/game/824864/feed/live,both,True,P,Pitcher,BULLPEN_PITCHER,True,QA_VALIDATED_CANONICAL_V3,,,
690953,81.0,5.0,37.0,74.0,134.0,298.0,Bot,824864,https://raw.githubusercontent.com/lancebroz/mlb-pitcher-data/main/data/raw/2026/daily/2026-03-29.parquet,False,2026-03-29,2026-03-29T17:35:00Z,MIN,BAL,A,Mick Abel,False,RELIEF_OR_BULK,81,20,10,5,5,8,4,4,0,https://statsapi.mlb.com/api/v1.1/game/824864/feed/live,both,True,P,Pitcher,BULLPEN_PITCHER,True,QA_VALIDATED_CANONICAL_V3,,,
573124,10.0,8.0,59.0,62.0,223.0,232.0,Bot,824865,https://raw.githubusercontent.com/lancebroz/mlb-pitcher-data/main/data/raw/2026/daily/2026-03-26.parquet,False,2026-03-26,2026-03-26T19:05:00Z,MIN,BAL,A,Taylor Rogers,False,RELIEF_OR_BULK,10,4,3,0,0,1,0,1,0,https://statsapi.mlb.com/api/v1.1/game/824865/feed/live,both,True,P,Pitcher,BULLPEN_PITCHER,True,QA_VALIDATED_CANONICAL_V3,,,
623437,18.0,7.0,50.0,54.0,191.0,208.0,Bot,824865,https://raw.githubusercontent.com/lancebroz/mlb-pitcher-data/main/data/raw/2026/daily/2026-03-26.parquet,False,2026-03-26,2026-03-26T19:05:00Z,MIN,BAL,A,Justin Topa,False,RELIEF_OR_BULK,18,5,3,1,1,2,0,0,0,https://statsapi.mlb.com/api/v1.1/game/824865/feed/live,both,True,P,Pitcher,BULLPEN_PITCHER,True,QA_VALIDATED_CANONICAL_V3,,,
657746,85.0,1.0,3.0,42.0,15.0,164.0,Bot,824865,https://raw.githubusercontent.com/lancebroz/mlb-pitcher-data/main/data/raw/2026/daily/2026-03-26.parquet,False,2026-03-26,2026-03-26T19:05:00Z,MIN,BAL,A,Joe Ryan,True,STARTER,85,19,16,0,0,1,2,7,0,https://statsapi.mlb.com/api/v1.1/game/824865/feed/live,both,True,P,Pitcher,STARTER/OPENER/BULK,True,QA_VALIDATED_CANONICAL_V3,,,
664854,19.0,9.0,63.0,66.0,233.0,251.0,Top,824865,https://raw.githubusercontent.com/lancebroz/mlb-pitcher-data/main/data/raw/2026/daily/2026-03-26.parquet,False,2026-03-26,2026-03-26T19:05:00Z,BAL,MIN,H,Ryan Helsley,False,RELIEF_OR_BULK,19,4,3,0,0,1,0,3,0,https://statsapi.mlb.com/api/v1.1/game/824865/feed/live,both,True,P,Pitcher,BULLPEN_PITCHER,True,QA_VALIDATED_CANONICAL_V3,,,
669330,14.0,8.0,55.0,58.0,209.0,222.0,Top,824865,https://raw.githubusercontent.com/lancebroz/mlb-pitcher-data/main/data/raw/2026/daily/2026-03-26.parquet,False,2026-03-26,2026-03-26T19:05:00Z,BAL,MIN,H,Tyler Wells,False,RELIEF_OR_BULK,14,4,3,1,1,1,0,1,0,https://statsapi.mlb.com/api/v1.1/game/824865/feed/live,both,True,P,Pitcher,BULLPEN_PITCHER,True,QA_VALIDATED_CANONICAL_V3,,,
669432,88.0,1.0,0.0,48.0,1.0,187.0,Top,824865,https://raw.githubusercontent.com/lancebroz/mlb-pitcher-data/main/data/raw/2026/daily/2026-03-26.parquet,False,2026-03-26,2026-03-26T19:05:00Z,BAL,MIN,H,Trevor Rogers,True,STARTER,88,27,21,0,0,3,4,5,0,https://statsapi.mlb.com/api/v1.1/game/824865/feed/live,both,True,P,Pitcher,STARTER/OPENER/BULK,True,QA_VALIDATED_CANONICAL_V3,,,
681892,17.0,6.0,43.0,49.0,165.0,190.0,Bot,824865,https://raw.githubusercontent.com/lancebroz/mlb-pitcher-data/main/data/raw/2026/daily/2026-03-26.parquet,False,2026-03-26,2026-03-26T19:05:00Z,MIN,BAL,A,Kody Funderburk,False,RELIEF_OR_BULK,17,4,2,1,1,1,1,0,0,https://statsapi.mlb.com/api/v1.1/game/824865/feed/live,both,True,P,Pitcher,BULLPEN_PITCHER,True,QA_VALIDATED_CANONICAL_V3,,,
527048,86.0,1.0,0.0,34.0,1.0,138.0,Top,824939,https://raw.githubusercontent.com/lancebroz/mlb-pitcher-data/main/data/raw/2026/daily/2026-04-11.parquet,False,2026-04-11,2026-04-11T23:15:00Z,ATL,CLE,H,Martín Pérez,True,STARTER,86,19,15,1,1,2,3,2,1,https://statsapi.mlb.com/api/v1.1/game/824939/feed/live,both,True,P,Pitcher,STARTER/OPENER/BULK,True,QA_VALIDATED_CANONICAL_V3,,,
542888,28.0,9.0,71.0,75.0,285.0,312.0,Bot,824939,https://raw.githubusercontent.com/lancebroz/mlb-pitcher-data/main/data/raw/2026/daily/2026-04-11.parquet,False,2026-04-11,2026-04-11T23:15:00Z,CLE,ATL,A,Shawn Armstrong,False,RELIEF_OR_BULK,28,5,3,0,0,1,1,2,0,https://statsapi.mlb.com/api/v1.1/game/824939/feed/live,both,True,P,Pitcher,BULLPEN_PITCHER,True,QA_VALIDATED_CANONICAL_V3,,,
606303,11.0,6.0,39.0,41.0,152.0,162.0,Top,824939,https://raw.githubusercontent.com/lancebroz/mlb-pitcher-data/main/data/raw/2026/daily/2026-04-11.parquet,False,2026-04-11,2026-04-11T23:15:00Z,ATL,CLE,H,Joel Payamps,False,RELIEF_OR_BULK,11,3,1,1,1,2,0,1,0,https://statsapi.mlb.com/api/v1.1/game/824939/feed/live,both,True,P,Pitcher,BULLPEN_PITCHER,True,QA_VALIDATED_CANONICAL_V3,,,
607481,22.0,6.0,42.0,45.0,163.0,184.0,Top,824939,https://raw.githubusercontent.com/lancebroz/mlb-pitcher-data/main/data/raw/2026/daily/2026-04-11.parquet,False,2026-04-11,2026-04-11T23:15:00Z,ATL,CLE,H,Aaron Bummer,False,RELIEF_OR_BULK,22,4,2,0,0,0,2,0,0,https://statsapi.mlb.com/api/v1.1/game/824939/feed/live,both,True,P,Pitcher,BULLPEN_PITCHER,True,QA_VALIDATED_CANONICAL_V3,,,
641401,1.0,7.0,55.0,55.0,214.0,214.0,Bot,824939,https://raw.githubusercontent.com/lancebroz/mlb-pitcher-data/main/data/raw/2026/daily/2026-04-11.parquet,False,2026-04-11,2026-04-11T23:15:00Z,CLE,ATL,A,Connor Brogdon,False,RELIEF_OR_BULK,1,1,1,0,0,0,0,0,0,https://statsapi.mlb.com/api/v1.1/game/824939/feed/live,both,True,P,Pitcher,BULLPEN_PITCHER,True,QA_VALIDATED_CANONICAL_V3,,,
641755,16.0,9.0,68.0,70.0,269.0,284.0,Top,824939,https://raw.githubusercontent.com/lancebroz/mlb-pitcher-data/main/data/raw/2026/daily/2026-04-11.parquet,False,2026-04-11,2026-04-11T23:15:00Z,ATL,CLE,H,Tyler Kinley,False,RELIEF_OR_BULK,16,3,1,1,1,1,1,0,0,https://statsapi.mlb.com/api/v1.1/game/824939/feed/live,both,True,P,Pitcher,BULLPEN_PITCHER,True,QA_VALIDATED_CANONICAL_V3,,,
674370,50.0,7.0,49.0,67.0,194.0,268.0,Top,824939,https://raw.githubusercontent.com/lancebroz/mlb-pitcher-data/main/data/raw/2026/daily/2026-04-11.parquet,False,2026-04-11,2026-04-11T23:15:00Z,ATL,CLE,H,Osvaldo Bido,False,RELIEF_OR_BULK,50,12,8,3,3,2,2,1,0,https://statsapi.mlb.com/api/v1.1/game/824939/feed/live,both,True,P,Pitcher,BULLPEN_PITCHER,True,QA_VALIDATED_CANONICAL_V3,,,
681870,14.0,8.0,61.0,63.0,233.0,246.0,Bot,824939,https://raw.githubusercontent.com/lancebroz/mlb-pitcher-data/main/data/raw/2026/daily/2026-04-11.parquet,False,2026-04-11,2026-04-11T23:15:00Z,CLE,ATL,A,Erik Sabrowski,False,RELIEF_OR_BULK,14,3,3,0,0,0,0,2,0,https://statsapi.mlb.com/api/v1.1/game/824939/feed/live,both,True,P,Pitcher,BULLPEN_PITCHER,True,QA_VALIDATED_CANONICAL_V3,,,
800048,84.0,1.0,4.0,54.0,12.0,213.0,Bot,824939,https://raw.githubusercontent.com/lancebroz/mlb-pitcher-data/main/data/raw/2026/daily/2026-04-11.parquet,False,2026-04-11,2026-04-11T23:15:00Z,CLE,ATL,A,Parker Messick,True,STARTER,84,26,20,0,0,4,2,5,0,https://statsapi.mlb.com/api/v1.1/game/824939/feed/live,both,True,P,Pitcher,STARTER/OPENER/BULK,True,QA_VALIDATED_CANONICAL_V3,,,
519242,79.0,1.0,0.0,43.0,1.0,199.0,Top,824940,https://raw.githubusercontent.com/lancebroz/mlb-pitcher-data/main/data/raw/2026/daily/2026-04-01.parquet,False,2026-04-01,2026-04-01T16:15:00Z,ATL,ATH,H,Chris Sale,True,STARTER,79,19,18,1,1,1,0,3,1,https://statsapi.mlb.com/api/v1.1/game/824940/feed/live,both,True,P,Pitcher,STARTER/OPENER/BULK,True,QA_VALIDATED_CANONICAL_V3,,,
622663,91.0,1.0,3.0,30.0,15.0,145.0,Bot,824940,https://raw.githubusercontent.com/lancebroz/mlb-pitcher-data/main/data/raw/2026/daily/2026-04-01.parquet,False,2026-04-01,2026-04-01T16:15:00Z,ATH,ATL,A,Luis Severino,True,STARTER,91,18,10,4,4,4,5,7,0,https://statsapi.mlb.com/api/v1.1/game/824940/feed/live,both,True,P,Pitcher,STARTER/OPENER/BULK,True,QA_VALIDATED_CANONICAL_V3,,,
628452,17.0,9.0,61.0,64.0,258.0,274.0,Top,824940,https://raw.githubusercontent.com/lancebroz/mlb-pitcher-data/main/data/raw/2026/daily/2026-04-01.parquet,False,2026-04-01,2026-04-01T16:15:00Z,ATL,ATH,H,Raisel Iglesias,False,RELIEF_OR_BULK,17,4,3,0,0,1,0,1,0,https://statsapi.mlb.com/api/v1.1/game/824940/feed/live,both,True,P,Pitcher,BULLPEN_PITCHER,True,QA_VALIDATED_CANONICAL_V3,,,
663158,6.0,7.0,47.0,49.0,210.0,215.0,Top,824940,https://raw.githubusercontent.com/lancebroz/mlb-pitcher-data/main/data/raw/2026/daily/2026-04-01.parquet,False,2026-04-01,2026-04-01T16:15:00Z,ATL,ATH,H,Robert Suarez,False,RELIEF_OR_BULK,6,3,3,0,0,1,0,1,0,https://statsapi.mlb.com/api/v1.1/game/824940/feed/live,both,True,P,Pitcher,BULLPEN_PITCHER,True,QA_VALIDATED_CANONICAL_V3,,,
663687,19.0,5.0,38.0,46.0,177.0,209.0,Bot,824940,https://raw.githubusercontent.com/lancebroz/mlb-pitcher-data/main/data/raw/2026/daily/2026-04-01.parquet,False,2026-04-01,2026-04-01T16:15:00Z,ATH,ATL,A,Hogan Harris,False,RELIEF_OR_BULK,19,6,6,0,0,0,0,2,0,https://statsapi.mlb.com/api/v1.1/game/824940/feed/live,both,True,P,Pitcher,BULLPEN_PITCHER,True,QA_VALIDATED_CANONICAL_V3,,,
665622,27.0,7.0,50.0,60.0,216.0,257.0,Bot,824940,https://raw.githubusercontent.com/lancebroz/mlb-pitcher-data/main/data/raw/2026/daily/2026-04-01.parquet,False,2026-04-01,2026-04-01T16:15:00Z,ATH,ATL,A,Luis Medina,False,RELIEF_OR_BULK,27,7,6,0,0,1,0,1,0,https://statsapi.mlb.com/api/v1.1/game/824940/feed/live,both,True,P,Pitcher,BULLPEN_PITCHER,True,QA_VALIDATED_CANONICAL_V3,,,
665660,20.0,4.0,31.0,34.0,146.0,165.0,Bot,824940,https://raw.githubusercontent.com/lancebroz/mlb-pitcher-data/main/data/raw/2026/daily/2026-04-01.parquet,False,2026-04-01,2026-04-01T16:15:00Z,ATH,ATL,A,Elvis Alvarado,False,RELIEF_OR_BULK,20,4,2,1,1,2,0,0,0,https://statsapi.mlb.com/api/v1.1/game/824940/feed/live,both,True,P,Pitcher,BULLPEN_PITCHER,True,QA_VALIDATED_CANONICAL_V3,,,
669276,15.0,8.0,54.0,57.0,234.0,248.0,Top,824940,https://raw.githubusercontent.com/lancebroz/mlb-pitcher-data/main/data/raw/2026/daily/2026-04-01.parquet,False,2026-04-01,2026-04-01T16:15:00Z,ATL,ATH,H,Dylan Lee,False,RELIEF_OR_BULK,15,4,3,0,0,1,0,1,0,https://statsapi.mlb.com/api/v1.1/game/824940/feed/live,both,True,P,Pitcher,BULLPEN_PITCHER,True,QA_VALIDATED_CANONICAL_V3,,,
606303,3.0,8.0,70.0,70.0,270.0,272.0,Top,824941,https://raw.githubusercontent.com/lancebroz/mlb-pitcher-data/main/data/raw/2026/daily/2026-04-10.parquet,False,2026-04-10,2026-04-10T23:15:00Z,ATL,CLE,H,Joel Payamps,False,RELIEF_OR_BULK,3,1,1,0,0,0,0,0,0,https://statsapi.mlb.com/api/v1.1/game/824941/feed/live,both,True,P,Pitcher,BULLPEN_PITCHER,True,QA_VALIDATED_CANONICAL_V3,,,
607481,6.0,5.0,36.0,36.0,136.0,141.0,Top,824941,https://raw.githubusercontent.com/lancebroz/mlb-pitcher-data/main/data/raw/2026/daily/2026-04-10.parquet,False,2026-04-10,2026-04-10T23:15:00Z,ATL,CLE,H,Aaron Bummer,False,RELIEF_OR_BULK,6,1,1,0,0,0,0,0,0,https://statsapi.mlb.com/api/v1.1/game/824941/feed/live,both,True,P,Pitcher,BULLPEN_PITCHER,True,QA_VALIDATED_CANONICAL_V3,,,
641755,10.0,6.0,40.0,42.0,152.0,161.0,Top,824941,https://raw.githubusercontent.com/lancebroz/mlb-pitcher-data/main/data/raw/2026/daily/2026-04-10.parquet,False,2026-04-10,2026-04-10T23:15:00Z,ATL,CLE,H,Tyler Kinley,False,RELIEF_OR_BULK,10,3,3,0,0,0,0,0,0,https://statsapi.mlb.com/api/v1.1/game/824941/feed/live,both,True,P,Pitcher,BULLPEN_PITCHER,True,QA_VALIDATED_CANONICAL_V3,,,
660761,31.0,8.0,63.0,69.0,239.0,269.0,Top,824941,https://raw.githubusercontent.com/lancebroz/mlb-pitcher-data/main/data/raw/2026/daily/2026-04-10.parquet,False,2026-04-10,2026-04-10T23:15:00Z,ATL,CLE,H,José Suarez,False,RELIEF_OR_BULK,31,7,2,3,3,4,1,1,0,https://statsapi.mlb.com/api/v1.1/game/824941/feed/live,both,True,P,Pitcher,BULLPEN_PITCHER,True,QA_VALIDATED_CANONICAL_V3,,,
663465,18.0,8.0,71.0,76.0,273.0,290.0,Bot,824941,https://raw.githubusercontent.com/lancebroz/mlb-pitcher-data/main/data/raw/2026/daily/2026-04-10.parquet,False,2026-04-10,2026-04-10T23:15:00Z,CLE,ATL,A,Kolby Allard,False,RELIEF_OR_BULK,18,6,3,2,2,3,0,1,0,https://statsapi.mlb.com/api/v1.1/game/824941/feed/live,both,True,P,Pitcher,BULLPEN_PITCHER,True,QA_VALIDATED_CANONICAL_V3,,,
669276,7.0,7.0,53.0,55.0,195.0,201.0,Top,824941,https://raw.githubusercontent.com/lancebroz/mlb-pitcher-data/main/data/raw/2026/daily/2026-04-10.parquet,False,2026-04-10,2026-04-10T23:15:00Z,ATL,CLE,H,Dylan Lee,False,RELIEF_OR_BULK,7,3,3,0,0,0,0,1,0,https://statsapi.mlb.com/api/v1.1/game/824941/feed/live,both,True,P,Pitcher,BULLPEN_PITCHER,True,QA_VALIDATED_CANONICAL_V3,,,
670036,17.0,6.0,48.0,52.0,178.0,194.0,Bot,824941,https://raw.githubusercontent.com/lancebroz/mlb-pitcher-data/main/data/raw/2026/daily/2026-04-10.parquet,False,2026-04-10,2026-04-10T23:15:00Z,CLE,ATL,A,Matt Festa,False,RELIEF_OR_BULK,17,5,2,2,2,3,0,0,1,https://statsapi.mlb.com/api/v1.1/game/824941/feed/live,both,True,P,Pitcher,BULLPEN_PITCHER,True,QA_VALIDATED_CANONICAL_V3,,,
674370,14.0,9.0,77.0,79.0,291.0,304.0,Top,824941,https://raw.githubusercontent.com/lancebroz/mlb-pitcher-data/main/data/raw/2026/daily/2026-04-10.parquet,False,2026-04-10,2026-04-10T23:15:00Z,ATL,CLE,H,Osvaldo Bido,False,RELIEF_OR_BULK,14,3,3,0,0,0,1,0,0,https://statsapi.mlb.com/api/v1.1/game/824941/feed/live,both,True,P,Pitcher,BULLPEN_PITCHER,True,QA_VALIDATED_CANONICAL_V3,,,
677944,85.0,1.0,4.0,47.0,19.0,177.0,Bot,824941,https://raw.githubusercontent.com/lancebroz/mlb-pitcher-data/main/data/raw/2026/daily/2026-04-10.parquet,False,2026-04-10,2026-04-10T23:15:00Z,CLE,ATL,A,Slade Cecconi,True,STARTER,85,23,16,5,4,7,1,3,2,https://statsapi.mlb.com/api/v1.1/game/824941/feed/live,both,True,P,Pitcher,STARTER/OPENER/BULK,True,QA_VALIDATED_CANONICAL_V3,,,
688883,37.0,7.0,56.0,62.0,202.0,238.0,Bot,824941,https://raw.githubusercontent.com/lancebroz/mlb-pitcher-data/main/data/raw/2026/daily/2026-04-10.parquet,False,2026-04-10,2026-04-10T23:15:00Z,CLE,ATL,A,Peyton Pallette,False,RELIEF_OR_BULK,37,7,3,2,2,2,2,1,0,https://statsapi.mlb.com/api/v1.1/game/824941/feed/live,both,True,P,Pitcher,BULLPEN_PITCHER,True,QA_VALIDATED_CANONICAL_V3,,,
693821,76.0,1.0,0.0,35.0,1.0,135.0,Top,824941,https://raw.githubusercontent.com/lancebroz/mlb-pitcher-data/main/data/raw/2026/daily/2026-04-10.parquet,False,2026-04-10,2026-04-10T23:15:00Z,ATL,CLE,H,Bryce Elder,True,STARTER,76,21,14,2,2,4,3,3,1,https://statsapi.mlb.com/api/v1.1/game/824941/feed/live,both,True,P,Pitcher,STARTER/OPENER/BULK,True,QA_VALIDATED_CANONICAL_V3,,,
527048,47.0,5.0,37.0,68.0,149.0,275.0,Top,824942,https://raw.githubusercontent.com/lancebroz/mlb-pitcher-data/main/data/raw/2026/daily/2026-03-31.parquet,False,2026-03-31,2026-03-31T23:15:00Z,ATL,ATH,H,Martín Pérez,False,RELIEF_OR_BULK,47,14,13,0,0,2,0,3,0,https://statsapi.mlb.com/api/v1.1/game/824942/feed/live,both,True,P,Pitcher,BULLPEN_PITCHER,True,QA_VALIDATED_CANONICAL_V3,,,
605130,10.0,8.0,63.0,65.0,259.0,268.0,Bot,824942,https://raw.githubusercontent.com/lancebroz/mlb-pitcher-data/main/data/raw/2026/daily/2026-03-31.parquet,False,2026-03-31,2026-03-31T23:15:00Z,ATH,ATL,A,Scott Barlow,False,RELIEF_OR_BULK,10,3,3,0,0,0,0,0,0,https://statsapi.mlb.com/api/v1.1/game/824942/feed/live,both,True,P,Pitcher,BULLPEN_PITCHER,True,QA_VALIDATED_CANONICAL_V3,,,
606303,14.0,4.0,30.0,36.0,123.0,148.0,Top,824942,https://raw.githubusercontent.com/lancebroz/mlb-pitcher-data/main/data/raw/2026/daily/2026-03-31.parquet,False,2026-03-31,2026-03-31T23:15:00Z,ATL,ATH,H,Joel Payamps,False,RELIEF_OR_BULK,14,4,3,1,1,1,0,2,1,https://statsapi.mlb.com/api/v1.1/game/824942/feed/live,both,True,P,Pitcher,BULLPEN_PITCHER,True,QA_VALIDATED_CANONICAL_V3,,,
643410,13.0,9.0,69.0,73.0,276.0,288.0,Bot,824942,https://raw.githubusercontent.com/lancebroz/mlb-pitcher-data/main/data/raw/2026/daily/2026-03-31.parquet,False,2026-03-31,2026-03-31T23:15:00Z,ATH,ATL,A,Mark Leiter Jr.,False,RELIEF_OR_BULK,13,5,3,0,0,2,0,1,0,https://statsapi.mlb.com/api/v1.1/game/824942/feed/live,both,True,P,Pitcher,BULLPEN_PITCHER,True,QA_VALIDATED_CANONICAL_V3,,,
650644,87.0,1.0,3.0,42.0,12.0,171.0,Bot,824942,https://raw.githubusercontent.com/lancebroz/mlb-pitcher-data/main/data/raw/2026/daily/2026-03-31.parquet,False,2026-03-31,2026-03-31T23:15:00Z,ATH,ATL,A,Aaron Civale,True,STARTER,87,20,15,2,2,4,1,3,1,https://statsapi.mlb.com/api/v1.1/game/824942/feed/live,both,True,P,Pitcher,STARTER/OPENER/BULK,True,QA_VALIDATED_CANONICAL_V3,,,
660761,66.0,1.0,0.0,29.0,1.0,122.0,Top,824942,https://raw.githubusercontent.com/lancebroz/mlb-pitcher-data/main/data/raw/2026/daily/2026-03-31.parquet,False,2026-03-31,2026-03-31T23:15:00Z,ATL,ATH,H,José Suarez,True,STARTER,66,18,11,4,4,5,3,6,0,https://statsapi.mlb.com/api/v1.1/game/824942/feed/live,both,True,P,Pitcher,STARTER/OPENER/BULK,True,QA_VALIDATED_CANONICAL_V3,,,
663687,23.0,6.0,46.0,50.0,182.0,204.0,Bot,824942,https://raw.githubusercontent.com/lancebroz/mlb-pitcher-data/main/data/raw/2026/daily/2026-03-31.parquet,False,2026-03-31,2026-03-31T23:15:00Z,ATH,ATL,A,Hogan Harris,False,RELIEF_OR_BULK,23,5,3,0,0,0,2,0,0,https://statsapi.mlb.com/api/v1.1/game/824942/feed/live,both,True,P,Pitcher,BULLPEN_PITCHER,True,QA_VALIDATED_CANONICAL_V3,,,
686993,28.0,7.0,55.0,59.0,221.0,248.0,Bot,824942,https://raw.githubusercontent.com/lancebroz/mlb-pitcher-data/main/data/raw/2026/daily/2026-03-31.parquet,False,2026-03-31,2026-03-31T23:15:00Z,ATH,ATL,A,Justin Sterner,False,RELIEF_OR_BULK,28,5,3,0,0,0,1,2,0,https://statsapi.mlb.com/api/v1.1/game/824942/feed/live,both,True,P,Pitcher,BULLPEN_PITCHER,True,QA_VALIDATED_CANONICAL_V3,,,
547184,15.0,8.0,64.0,67.0,241.0,255.0,Bot,824943,https://raw.githubusercontent.com/lancebroz/mlb-pitcher-data/main/data/raw/2026/daily/2026-03-30.parquet,False,2026-03-30,2026-03-30T23:15:00Z,ATH,ATL,A,Michael Kelly,False,RELIEF_OR_BULK,15,4,3,1,1,2,0,1,0,https://statsapi.mlb.com/api/v1.1/game/824943/feed/live,both,True,P,Pitcher,BULLPEN_PITCHER,True,QA_VALIDATED_CANONICAL_V3,,,
607481,13.0,7.0,53.0,56.0,202.0,214.0,Top,824943,https://raw.githubusercontent.com/lancebroz/mlb-pitcher-data/main/data/raw/2026/daily/2026-03-30.parquet,False,2026-03-30,2026-03-30T23:15:00Z,ATL,ATH,H,Aaron Bummer,False,RELIEF_OR_BULK,13,4,3,0,0,1,0,2,0,https://statsapi.mlb.com/api/v1.1/game/824943/feed/live,both,True,P,Pitcher,BULLPEN_PITCHER,True,QA_VALIDATED_CANONICAL_V3,,,
628452,8.0,9.0,68.0,70.0,256.0,263.0,Top,824943,https://raw.githubusercontent.com/lancebroz/mlb-pitcher-data/main/data/raw/2026/daily/2026-03-30.parquet,False,2026-03-30,2026-03-30T23:15:00Z,ATL,ATH,H,Raisel Iglesias,False,RELIEF_OR_BULK,8,3,3,0,0,0,0,0,0,https://statsapi.mlb.com/api/v1.1/game/824943/feed/live,both,True,P,Pitcher,BULLPEN_PITCHER,True,QA_VALIDATED_CANONICAL_V3,,,
643410,8.0,7.0,57.0,59.0,215.0,222.0,Bot,824943,https://raw.githubusercontent.com/lancebroz/mlb-pitcher-data/main/data/raw/2026/daily/2026-03-30.parquet,False,2026-03-30,2026-03-30T23:15:00Z,ATH,ATL,A,Mark Leiter Jr.,False,RELIEF_OR_BULK,8,3,3,0,0,1,0,0,0,https://statsapi.mlb.com/api/v1.1/game/824943/feed/live,both,True,P,Pitcher,BULLPEN_PITCHER,True,QA_VALIDATED_CANONICAL_V3,,,
663158,18.0,8.0,60.0,63.0,223.0,240.0,Top,824943,https://raw.githubusercontent.com/lancebroz/mlb-pitcher-data/main/data/raw/2026/daily/2026-03-30.parquet,False,2026-03-30,2026-03-30T23:15:00Z,ATL,ATH,H,Robert Suarez,False,RELIEF_OR_BULK,18,4,3,0,0,1,0,0,0,https://statsapi.mlb.com/api/v1.1/game/824943/feed/live,both,True,P,Pitcher,BULLPEN_PITCHER,True,QA_VALIDATED_CANONICAL_V3,,,
665660,16.0,6.0,49.0,52.0,186.0,201.0,Bot,824943,https://raw.githubusercontent.com/lancebroz/mlb-pitcher-data/main/data/raw/2026/daily/2026-03-30.parquet,False,2026-03-30,2026-03-30T23:15:00Z,ATH,ATL,A,Elvis Alvarado,False,RELIEF_OR_BULK,16,4,3,0,0,1,0,1,0,https://statsapi.mlb.com/api/v1.1/game/824943/feed/live,both,True,P,Pitcher,BULLPEN_PITCHER,True,QA_VALIDATED_CANONICAL_V3,,,
682052,91.0,1.0,3.0,37.0,14.0,147.0,Bot,824943,https://raw.githubusercontent.com/lancebroz/mlb-pitcher-data/main/data/raw/2026/daily/2026-03-30.parquet,False,2026-03-30,2026-03-30T23:15:00Z,ATH,ATL,A,Jacob Lopez,True,STARTER,91,22,12,3,3,6,5,0,0,https://statsapi.mlb.com/api/v1.1/game/824943/feed/live,both,True,P,Pitcher,STARTER/OPENER/BULK,True,QA_VALIDATED_CANONICAL_V3,,,
686993,11.0,5.0,42.0,44.0,164.0,174.0,Bot,824943,https://raw.githubusercontent.com/lancebroz/mlb-pitcher-data/main/data/raw/2026/daily/2026-03-30.parquet,False,2026-03-30,2026-03-30T23:15:00Z,ATH,ATL,A,Justin Sterner,False,RELIEF_OR_BULK,11,3,3,0,0,0,0,2,0,https://statsapi.mlb.com/api/v1.1/game/824943/feed/live,both,True,P,Pitcher,BULLPEN_PITCHER,True,QA_VALIDATED_CANONICAL_V3,,,
693821,83.0,1.0,0.0,48.0,1.0,185.0,Top,824943,https://raw.githubusercontent.com/lancebroz/mlb-pitcher-data/main/data/raw/2026/daily/2026-03-30.parquet,False,2026-03-30,2026-03-30T23:15:00Z,ATL,ATH,H,Bryce Elder,True,STARTER,83,23,18,0,0,5,1,5,0,https://statsapi.mlb.com/api/v1.1/game/824943/feed/live,both,True,P,Pitcher,STARTER/OPENER/BULK,True,QA_VALIDATED_CANONICAL_V3,,,
607625,77.0,1.0,3.0,51.0,9.0,175.0,Bot,824944,https://raw.githubusercontent.com/lancebroz/mlb-pitcher-data/main/data/raw/2026/daily/2026-03-29.parquet,False,2026-03-29,2026-03-29T17:35:00Z,KC,ATL,A,Seth Lugo,True,STARTER,77,24,19,0,0,5,0,3,0,https://statsapi.mlb.com/api/v1.1/game/824944/feed/live,both,True,P,Pitcher,STARTER/OPENER/BULK,True,QA_VALIDATED_CANONICAL_V3,,,
621381,4.0,7.0,52.0,53.0,176.0,179.0,Bot,824944,https://raw.githubusercontent.com/lancebroz/mlb-pitcher-data/main/data/raw/2026/daily/2026-03-29.parquet,False,2026-03-29,2026-03-29T17:35:00Z,KC,ATL,A,Matt Strahm,False,RELIEF_OR_BULK,4,2,2,0,0,0,0,0,0,https://statsapi.mlb.com/api/v1.1/game/824944/feed/live,both,True,P,Pitcher,BULLPEN_PITCHER,True,QA_VALIDATED_CANONICAL_V3,,,
656550,76.0,1.0,0.0,34.0,1.0,120.0,Top,824944,https://raw.githubusercontent.com/lancebroz/mlb-pitcher-data/main/data/raw/2026/daily/2026-03-29.parquet,False,2026-03-29,2026-03-29T17:35:00Z,ATL,KC,H,Grant Holmes,True,STARTER,76,22,15,3,3,5,2,4,1,https://statsapi.mlb.com/api/v1.1/game/824944/feed/live,both,True,P,Pitcher,STARTER/OPENER/BULK,True,QA_VALIDATED_CANONICAL_V3,,,
668674,12.0,9.0,67.0,69.0,237.0,248.0,Bot,824944,https://raw.githubusercontent.com/lancebroz/mlb-pitcher-data/main/data/raw/2026/daily/2026-03-29.parquet,False,2026-03-29,2026-03-29T17:35:00Z,KC,ATL,A,Lucas Erceg,False,RELIEF_OR_BULK,12,3,3,0,0,1,0,1,0,https://statsapi.mlb.com/api/v1.1/game/824944/feed/live,both,True,P,Pitcher,BULLPEN_PITCHER,True,QA_VALIDATED_CANONICAL_V3,,,
670167,23.0,8.0,59.0,62.0,202.0,224.0,Bot,824944,https://raw.githubusercontent.com/lancebroz/mlb-pitcher-data/main/data/raw/2026/daily/2026-03-29.parquet,False,2026-03-29,2026-03-29T17:35:00Z,KC,ATL,A,John Schreiber,False,RELIEF_OR_BULK,23,4,3,1,1,1,0,1,1,https://statsapi.mlb.com/api/v1.1/game/824944/feed/live,both,True,P,Pitcher,BULLPEN_PITCHER,True,QA_VALIDATED_CANONICAL_V3,,,
800311,56.0,6.0,40.0,66.0,141.0,236.0,Top,824944,https://raw.githubusercontent.com/lancebroz/mlb-pitcher-data/main/data/raw/2026/daily/2026-03-29.parquet,False,2026-03-29,2026-03-29T17:35:00Z,ATL,KC,H,Didier Fuentes,False,RELIEF_OR_BULK,56,15,12,1,1,2,1,4,0,https://statsapi.mlb.com/api/v1.1/game/824944/feed/live,both,True,P,Pitcher,BULLPEN_PITCHER,True,QA_VALIDATED_CANONICAL_V3,,,
606303,15.0,8.0,50.0,52.0,189.0,203.0,Top,824945,https://raw.githubusercontent.com/lancebroz/mlb-pitcher-data/main/data/raw/2026/daily/2026-03-28.parquet,False,2026-03-28,2026-03-28T23:15:00Z,ATL,KC,H,Joel Payamps,False,RELIEF_OR_BULK,15,3,1,1,0,1,1,0,0,https://statsapi.mlb.com/api/v1.1/game/824945/feed/live,both,True,P,Pitcher,BULLPEN_PITCHER,True,QA_VALIDATED_CANONICAL_V3,,,
607481,12.0,8.0,53.0,55.0,204.0,215.0,Top,824945,https://raw.githubusercontent.com/lancebroz/mlb-pitcher-data/main/data/raw/2026/daily/2026-03-28.parquet,False,2026-03-28,2026-03-28T23:15:00Z,ATL,KC,H,Aaron Bummer,False,RELIEF_OR_BULK,12,3,2,0,0,0,0,0,0,https://statsapi.mlb.com/api/v1.1/game/824945/feed/live,both,True,P,Pitcher,BULLPEN_PITCHER,True,QA_VALIDATED_CANONICAL_V3,,,
608032,27.0,9.0,63.0,69.0,244.0,270.0,Bot,824945,https://raw.githubusercontent.com/lancebroz/mlb-pitcher-data/main/data/raw/2026/daily/2026-03-28.parquet,False,2026-03-28,2026-03-28T23:15:00Z,KC,ATL,A,Carlos Estévez,False,RELIEF_OR_BULK,27,7,1,6,6,4,2,0,1,https://statsapi.mlb.com/api/v1.1/game/824945/feed/live,both,True,P,Pitcher,BULLPEN_PITCHER,True,QA_VALIDATED_CANONICAL_V3,,,
608379,80.0,1.0,3.0,40.0,13.0,156.0,Bot,824945,https://raw.githubusercontent.com/lancebroz/mlb-pitcher-data/main/data/raw/2026/daily/2026-03-28.parquet,False,2026-03-28,2026-03-28T23:15:00Z,KC,ATL,A,Michael Wacha,True,STARTER,80,20,18,0,0,3,1,7,0,https://statsapi.mlb.com/api/v1.1/game/824945/feed/live,both,True,P,Pitcher,STARTER/OPENER/BULK,True,QA_VALIDATED_CANONICAL_V3,,,
621381,13.0,7.0,46.0,49.0,176.0,188.0,Bot,824945,https://raw.githubusercontent.com/lancebroz/mlb-pitcher-data/main/data/raw/2026/daily/2026-03-28.parquet,False,2026-03-28,2026-03-28T23:15:00Z,KC,ATL,A,Matt Strahm,False,RELIEF_OR_BULK,13,4,3,0,0,1,0,1,0,https://statsapi.mlb.com/api/v1.1/game/824945/feed/live,both,True,P,Pitcher,BULLPEN_PITCHER,True,QA_VALIDATED_CANONICAL_V3,,,
625643,77.0,1.0,0.0,41.0,1.0,157.0,Top,824945,https://raw.githubusercontent.com/lancebroz/mlb-pitcher-data/main/data/raw/2026/daily/2026-03-28.parquet,False,2026-03-28,2026-03-28T23:15:00Z,ATL,KC,H,Reynaldo López,True,STARTER,77,22,18,1,1,3,2,3,1,https://statsapi.mlb.com/api/v1.1/game/824945/feed/live,both,True,P,Pitcher,STARTER/OPENER/BULK,True,QA_VALIDATED_CANONICAL_V3,,,
668674,12.0,8.0,56.0,59.0,216.0,227.0,Bot,824945,https://raw.githubusercontent.com/lancebroz/mlb-pitcher-data/main/data/raw/2026/daily/2026-03-28.parquet,False,2026-03-28,2026-03-28T23:15:00Z,KC,ATL,A,Lucas Erceg,False,RELIEF_OR_BULK,12,4,3,0,0,1,1,0,0,https://statsapi.mlb.com/api/v1.1/game/824945/feed/live,both,True,P,Pitcher,BULLPEN_PITCHER,True,QA_VALIDATED_CANONICAL_V3,,,
669276,18.0,7.0,42.0,45.0,158.0,175.0,Top,824945,https://raw.githubusercontent.com/lancebroz/mlb-pitcher-data/main/data/raw/2026/daily/2026-03-28.parquet,False,2026-03-28,2026-03-28T23:15:00Z,ATL,KC,H,Dylan Lee,False,RELIEF_OR_BULK,18,4,3,0,0,1,0,2,0,https://statsapi.mlb.com/api/v1.1/game/824945/feed/live,both,True,P,Pitcher,BULLPEN_PITCHER,True,QA_VALIDATED_CANONICAL_V3,,,
674370,16.0,9.0,60.0,62.0,228.0,243.0,Top,824945,https://raw.githubusercontent.com/lancebroz/mlb-pitcher-data/main/data/raw/2026/daily/2026-03-28.parquet,False,2026-03-28,2026-03-28T23:15:00Z,ATL,KC,H,Osvaldo Bido,False,RELIEF_OR_BULK,16,3,3,0,0,0,0,3,0,https://statsapi.mlb.com/api/v1.1/game/824945/feed/live,both,True,P,Pitcher,BULLPEN_PITCHER,True,QA_VALIDATED_CANONICAL_V3,,,
519242,88.0,1.0,0.0,48.0,1.0,195.0,Top,824946,https://raw.githubusercontent.com/lancebroz/mlb-pitcher-data/main/data/raw/2026/daily/2026-03-27.parquet,False,2026-03-27,2026-03-27T23:15:00Z,ATL,KC,H,Chris Sale,True,STARTER,88,23,18,0,0,3,3,6,0,https://statsapi.mlb.com/api/v1.1/game/824946/feed/live,both,True,P,Pitcher,STARTER/OPENER/BULK,True,QA_VALIDATED_CANONICAL_V3,,,
641755,13.0,9.0,69.0,71.0,264.0,276.0,Top,824946,https://raw.githubusercontent.com/lancebroz/mlb-pitcher-data/main/data/raw/2026/daily/2026-03-27.parquet,False,2026-03-27,2026-03-27T23:15:00Z,ATL,KC,H,Tyler Kinley,False,RELIEF_OR_BULK,13,3,3,0,0,0,0,1,0,https://statsapi.mlb.com/api/v1.1/game/824946/feed/live,both,True,P,Pitcher,BULLPEN_PITCHER,True,QA_VALIDATED_CANONICAL_V3,,,
656638,11.0,8.0,66.0,68.0,253.0,263.0,Bot,824946,https://raw.githubusercontent.com/lancebroz/mlb-pitcher-data/main/data/raw/2026/daily/2026-03-27.parquet,False,2026-03-27,2026-03-27T23:15:00Z,KC,ATL,A,Alex Lange,False,RELIEF_OR_BULK,11,3,3,0,0,0,0,1,0,https://statsapi.mlb.com/api/v1.1/game/824946/feed/live,both,True,P,Pitcher,BULLPEN_PITCHER,True,QA_VALIDATED_CANONICAL_V3,,,
663158,17.0,8.0,61.0,65.0,236.0,252.0,Top,824946,https://raw.githubusercontent.com/lancebroz/mlb-pitcher-data/main/data/raw/2026/daily/2026-03-27.parquet,False,2026-03-27,2026-03-27T23:15:00Z,ATL,KC,H,Robert Suarez,False,RELIEF_OR_BULK,17,5,3,0,0,2,0,1,0,https://statsapi.mlb.com/api/v1.1/game/824946/feed/live,both,True,P,Pitcher,BULLPEN_PITCHER,True,QA_VALIDATED_CANONICAL_V3,,,
663559,48.0,5.0,40.0,60.0,165.0,235.0,Bot,824946,https://raw.githubusercontent.com/lancebroz/mlb-pitcher-data/main/data/raw/2026/daily/2026-03-27.parquet,False,2026-03-27,2026-03-27T23:15:00Z,KC,ATL,A,Bailey Falter,False,RELIEF_OR_BULK,48,14,9,2,2,5,0,4,0,https://statsapi.mlb.com/api/v1.1/game/824946/feed/live,both,True,P,Pitcher,BULLPEN_PITCHER,True,QA_VALIDATED_CANONICAL_V3,,,
666142,90.0,1.0,3.0,36.0,13.0,158.0,Bot,824946,https://raw.githubusercontent.com/lancebroz/mlb-pitcher-data/main/data/raw/2026/daily/2026-03-27.parquet,False,2026-03-27,2026-03-27T23:15:00Z,KC,ATL,A,Cole Ragans,True,STARTER,90,21,12,4,4,6,4,5,3,https://statsapi.mlb.com/api/v1.1/game/824946/feed/live,both,True,P,Pitcher,STARTER/OPENER/BULK,True,QA_VALIDATED_CANONICAL_V3,,,
669276,9.0,7.0,52.0,54.0,206.0,214.0,Top,824946,https://raw.githubusercontent.com/lancebroz/mlb-pitcher-data/main/data/raw/2026/daily/2026-03-27.parquet,False,2026-03-27,2026-03-27T23:15:00Z,ATL,KC,H,Dylan Lee,False,RELIEF_OR_BULK,9,3,3,0,0,0,0,0,0,https://statsapi.mlb.com/api/v1.1/game/824946/feed/live,both,True,P,Pitcher,BULLPEN_PITCHER,True,QA_VALIDATED_CANONICAL_V3,,,
595345,9.0,5.0,41.0,43.0,179.0,187.0,Bot,825025,https://raw.githubusercontent.com/lancebroz/mlb-pitcher-data/main/data/raw/2026/daily/2026-04-05.parquet,False,2026-04-05,2026-04-05T20:05:00Z,HOU,ATH,A,Steven Okert,False,RELIEF_OR_BULK,9,3,1,2,2,1,1,0,0,https://statsapi.mlb.com/api/v1.1/game/825025/feed/live,both,True,P,Pitcher,BULLPEN_PITCHER,True,QA_VALIDATED_CANONICAL_V3,,,
605130,16.0,8.0,72.0,75.0,301.0,316.0,Top,825025,https://raw.githubusercontent.com/lancebroz/mlb-pitcher-data/main/data/raw/2026/daily/2026-04-05.parquet,False,2026-04-05,2026-04-05T20:05:00Z,ATH,HOU,H,Scott Barlow,False,RELIEF_OR_BULK,16,4,0,4,4,2,2,0,1,https://statsapi.mlb.com/api/v1.1/game/825025/feed/live,both,True,P,Pitcher,BULLPEN_PITCHER,True,QA_VALIDATED_CANONICAL_V3,,,
621121,79.0,1.0,4.0,40.0,20.0,178.0,Bot,825025,https://raw.githubusercontent.com/lancebroz/mlb-pitcher-data/main/data/raw/2026/daily/2026-04-05.parquet,False,2026-04-05,2026-04-05T20:05:00Z,HOU,ATH,A,Lance McCullers Jr.,True,STARTER,79,18,12,3,3,5,3,4,0,https://statsapi.mlb.com/api/v1.1/game/825025/feed/live,both,True,P,Pitcher,STARTER/OPENER/BULK,True,QA_VALIDATED_CANONICAL_V3,,,
643410,26.0,8.0,76.0,80.0,317.0,342.0,Top,825025,https://raw.githubusercontent.com/lancebroz/mlb-pitcher-data/main/data/raw/2026/daily/2026-04-05.parquet,False,2026-04-05,2026-04-05T20:05:00Z,ATH,HOU,H,Mark Leiter Jr.,False,RELIEF_OR_BULK,26,5,3,0,0,1,1,0,0,https://statsapi.mlb.com/api/v1.1/game/825025/feed/live,both,True,P,Pitcher,BULLPEN_PITCHER,True,QA_VALIDATED_CANONICAL_V3,,,
650556,16.0,9.0,91.0,99.0,373.0,410.0,Bot,825025,https://raw.githubusercontent.com/lancebroz/mlb-pitcher-data/main/data/raw/2026/daily/2026-04-05.parquet,False,2026-04-05,2026-04-05T20:05:00Z,HOU,ATH,A,Bryan Abreu,False,RELIEF_OR_BULK,16,3,1,3,2,2,1,0,1,https://statsapi.mlb.com/api/v1.1/game/825025/feed/live,both,True,P,Pitcher,BULLPEN_PITCHER,True,QA_VALIDATED_CANONICAL_V3,,,
663687,21.0,9.0,84.0,94.0,349.0,394.0,Top,825025,https://raw.githubusercontent.com/lancebroz/mlb-pitcher-data/main/data/raw/2026/daily/2026-04-05.parquet,False,2026-04-05,2026-04-05T20:05:00Z,ATH,HOU,H,Hogan Harris,False,RELIEF_OR_BULK,21,7,4,1,0,1,2,2,0,https://statsapi.mlb.com/api/v1.1/game/825025/feed/live,both,True,P,Pitcher,BULLPEN_PITCHER,True,QA_VALIDATED_CANONICAL_V3,,,
665660,8.0,10.0,96.0,97.0,395.0,402.0,Top,825025,https://raw.githubusercontent.com/lancebroz/mlb-pitcher-data/main/data/raw/2026/daily/2026-04-05.parquet,False,2026-04-05,2026-04-05T20:05:00Z,ATH,HOU,H,Elvis Alvarado,False,RELIEF_OR_BULK,8,2,2,0,0,0,0,1,0,https://statsapi.mlb.com/api/v1.1/game/825025/feed/live,both,True,P,Pitcher,BULLPEN_PITCHER,True,QA_VALIDATED_CANONICAL_V3,,,
669372,27.0,6.0,51.0,61.0,211.0,253.0,Top,825025,https://raw.githubusercontent.com/lancebroz/mlb-pitcher-data/main/data/raw/2026/daily/2026-04-05.parquet,False,2026-04-05,2026-04-05T20:05:00Z,ATH,HOU,H,J.T. Ginn,False,RELIEF_OR_BULK,27,6,4,2,2,2,0,1,1,https://statsapi.mlb.com/api/v1.1/game/825025/feed/live,both,True,P,Pitcher,BULLPEN_PITCHER,True,QA_VALIDATED_CANONICAL_V3,,,
682052,92.0,1.0,0.0,35.0,1.0,159.0,Top,825025,https://raw.githubusercontent.com/lancebroz/mlb-pitcher-data/main/data/raw/2026/daily/2026-04-05.parquet,False,2026-04-05,2026-04-05T20:05:00Z,ATH,HOU,H,Jacob Lopez,True,STARTER,92,21,13,3,3,3,5,6,1,https://statsapi.mlb.com/api/v1.1/game/825025/feed/live,both,True,P,Pitcher,STARTER/OPENER/BULK,True,QA_VALIDATED_CANONICAL_V3,,,
685005,27.0,7.0,67.0,71.0,274.0,300.0,Bot,825025,https://raw.githubusercontent.com/lancebroz/mlb-pitcher-data/main/data/raw/2026/daily/2026-04-05.parquet,False,2026-04-05,2026-04-05T20:05:00Z,HOU,ATH,A,Christian Roa,False,RELIEF_OR_BULK,27,5,2,0,0,2,1,0,0,https://statsapi.mlb.com/api/v1.1/game/825025/feed/live,both,True,P,Pitcher,BULLPEN_PITCHER,True,QA_VALIDATED_CANONICAL_V3,,,
686993,22.0,5.0,36.0,50.0,160.0,210.0,Top,825025,https://raw.githubusercontent.com/lancebroz/mlb-pitcher-data/main/data/raw/2026/daily/2026-04-05.parquet,False,2026-04-05,2026-04-05T20:05:00Z,ATH,HOU,H,Justin Sterner,False,RELIEF_OR_BULK,22,6,4,0,0,2,1,1,0,https://statsapi.mlb.com/api/v1.1/game/825025/feed/live,both,True,P,Pitcher,BULLPEN_PITCHER,True,QA_VALIDATED_CANONICAL_V3,,,
687911,23.0,8.0,81.0,90.0,343.0,372.0,Bot,825025,https://raw.githubusercontent.com/lancebroz/mlb-pitcher-data/main/data/raw/2026/daily/2026-04-05.parquet,False,2026-04-05,2026-04-05T20:05:00Z,HOU,ATH,A,Bryan King,False,RELIEF_OR_BULK,23,7,5,0,0,1,1,1,0,https://statsapi.mlb.com/api/v1.1/game/825025/feed/live,both,True,P,Pitcher,BULLPEN_PITCHER,True,QA_VALIDATED_CANONICAL_V3,,,
805123,44.0,5.0,44.0,66.0,188.0,273.0,Bot,825025,https://raw.githubusercontent.com/lancebroz/mlb-pitcher-data/main/data/raw/2026/daily/2026-04-05.parquet,False,2026-04-05,2026-04-05T20:05:00Z,HOU,ATH,A,AJ Blubaugh,False,RELIEF_OR_BULK,44,13,6,4,4,5,2,1,1,https://statsapi.mlb.com/api/v1.1/game/825025/feed/live,both,True,P,Pitcher,BULLPEN_PITCHER,True,QA_VALIDATED_CANONICAL_V3,,,
547184,32.0,7.0,56.0,62.0,233.0,264.0,Top,825026,https://raw.githubusercontent.com/lancebroz/mlb-pitcher-data/main/data/raw/2026/daily/2026-04-03.parquet,False,2026-04-03,2026-04-04T01:40:00Z,ATH,HOU,H,Michael Kelly,False,RELIEF_OR_BULK,32,7,3,1,1,1,3,2,0,https://statsapi.mlb.com/api/v1.1/game/825026/feed/live,both,True,P,Pitcher,BULLPEN_PITCHER,True,QA_VALIDATED_CANONICAL_V3,,,
605488,103.0,1.0,0.0,51.0,1.0,224.0,Top,825026,https://raw.githubusercontent.com/lancebroz/mlb-pitcher-data/main/data/raw/2026/daily/2026-04-03.parquet,False,2026-04-03,2026-04-04T01:40:00Z,ATH,HOU,H,Jeffrey Springs,True,STARTER,103,21,18,1,1,2,1,7,0,https://statsapi.mlb.com/api/v1.1/game/825026/feed/live,both,True,P,Pitcher,STARTER/OPENER/BULK,True,QA_VALIDATED_CANONICAL_V3,,,
664299,82.0,1.0,4.0,35.0,20.0,154.0,Bot,825026,https://raw.githubusercontent.com/lancebroz/mlb-pitcher-data/main/data/raw/2026/daily/2026-04-03.parquet,False,2026-04-03,2026-04-04T01:40:00Z,HOU,ATH,A,Cristian Javier,True,STARTER,82,21,11,6,6,6,5,2,0,https://statsapi.mlb.com/api/v1.1/game/825026/feed/live,both,True,P,Pitcher,STARTER/OPENER/BULK,True,QA_VALIDATED_CANONICAL_V3,,,
669372,32.0,8.0,66.0,79.0,282.0,326.0,Top,825026,https://raw.githubusercontent.com/lancebroz/mlb-pitcher-data/main/data/raw/2026/daily/2026-04-03.parquet,False,2026-04-03,2026-04-04T01:40:00Z,ATH,HOU,H,J.T. Ginn,False,RELIEF_OR_BULK,32,10,6,2,2,3,1,1,0,https://statsapi.mlb.com/api/v1.1/game/825026/feed/live,both,True,P,Pitcher,BULLPEN_PITCHER,True,QA_VALIDATED_CANONICAL_V3,,,
680802,38.0,6.0,52.0,72.0,225.0,303.0,Bot,825026,https://raw.githubusercontent.com/lancebroz/mlb-pitcher-data/main/data/raw/2026/daily/2026-04-03.parquet,False,2026-04-03,2026-04-04T01:40:00Z,HOU,ATH,A,Ryan Weiss,False,RELIEF_OR_BULK,38,11,9,0,0,3,0,2,0,https://statsapi.mlb.com/api/v1.1/game/825026/feed/live,both,True,P,Pitcher,BULLPEN_PITCHER,True,QA_VALIDATED_CANONICAL_V3,,,
682610,39.0,4.0,36.0,48.0,155.0,207.0,Bot,825026,https://raw.githubusercontent.com/lancebroz/mlb-pitcher-data/main/data/raw/2026/daily/2026-04-03.parquet,False,2026-04-03,2026-04-04T01:40:00Z,HOU,ATH,A,Roddery Muñoz,False,RELIEF_OR_BULK,39,10,4,5,5,4,2,2,2,https://statsapi.mlb.com/api/v1.1/game/825026/feed/live,both,True,P,Pitcher,BULLPEN_PITCHER,True,QA_VALIDATED_CANONICAL_V3,,,
547184,17.0,9.0,81.0,85.0,311.0,327.0,Top,825027,https://raw.githubusercontent.com/lancebroz/mlb-pitcher-data/main/data/raw/2026/daily/2026-04-04.parquet,False,2026-04-04,2026-04-04T20:05:00Z,ATH,HOU,H,Michael Kelly,False,RELIEF_OR_BULK,17,5,3,0,0,1,1,0,0,https://statsapi.mlb.com/api/v1.1/game/825027/feed/live,both,True,P,Pitcher,BULLPEN_PITCHER,True,QA_VALIDATED_CANONICAL_V3,,,
595345,16.0,9.0,86.0,88.0,328.0,343.0,Bot,825027,https://raw.githubusercontent.com/lancebroz/mlb-pitcher-data/main/data/raw/2026/daily/2026-04-04.parquet,False,2026-04-04,2026-04-04T20:05:00Z,HOU,ATH,A,Steven Okert,False,RELIEF_OR_BULK,16,3,3,0,0,0,0,1,0,https://statsapi.mlb.com/api/v1.1/game/825027/feed/live,both,True,P,Pitcher,BULLPEN_PITCHER,True,QA_VALIDATED_CANONICAL_V3,,,
663687,34.0,6.0,49.0,57.0,179.0,212.0,Top,825027,https://raw.githubusercontent.com/lancebroz/mlb-pitcher-data/main/data/raw/2026/daily/2026-04-04.parquet,False,2026-04-04,2026-04-04T20:05:00Z,ATH,HOU,H,Hogan Harris,False,RELIEF_OR_BULK,34,9,3,3,3,4,2,1,0,https://statsapi.mlb.com/api/v1.1/game/825027/feed/live,both,True,P,Pitcher,BULLPEN_PITCHER,True,QA_VALIDATED_CANONICAL_V3,,,
665622,43.0,7.0,63.0,76.0,241.0,295.0,Top,825027,https://raw.githubusercontent.com/lancebroz/mlb-pitcher-data/main/data/raw/2026/daily/2026-04-04.parquet,False,2026-04-04,2026-04-04T20:05:00Z,ATH,HOU,H,Luis Medina,False,RELIEF_OR_BULK,43,10,6,1,1,2,2,4,1,https://statsapi.mlb.com/api/v1.1/game/825027/feed/live,both,True,P,Pitcher,BULLPEN_PITCHER,True,QA_VALIDATED_CANONICAL_V3,,,
665660,29.0,4.0,33.0,44.0,128.0,166.0,Top,825027,https://raw.githubusercontent.com/lancebroz/mlb-pitcher-data/main/data/raw/2026/daily/2026-04-04.parquet,False,2026-04-04,2026-04-04T20:05:00Z,ATH,HOU,H,Elvis Alvarado,False,RELIEF_OR_BULK,29,9,6,2,2,3,2,0,0,https://statsapi.mlb.com/api/v1.1/game/825027/feed/live,both,True,P,Pitcher,BULLPEN_PITCHER,True,QA_VALIDATED_CANONICAL_V3,,,
678906,33.0,6.0,62.0,80.0,235.0,310.0,Bot,825027,https://raw.githubusercontent.com/lancebroz/mlb-pitcher-data/main/data/raw/2026/daily/2026-04-04.parquet,False,2026-04-04,2026-04-04T20:05:00Z,HOU,ATH,A,Kai-Wei Teng,False,RELIEF_OR_BULK,33,9,7,0,0,2,0,3,0,https://statsapi.mlb.com/api/v1.1/game/825027/feed/live,both,True,P,Pitcher,BULLPEN_PITCHER,True,QA_VALIDATED_CANONICAL_V3,,,
806960,77.0,1.0,0.0,32.0,1.0,127.0,Top,825027,https://raw.githubusercontent.com/lancebroz/mlb-pitcher-data/main/data/raw/2026/daily/2026-04-04.parquet,False,2026-04-04,2026-04-04T20:05:00Z,ATH,HOU,H,Luis Morales,True,STARTER,77,22,9,5,5,8,6,0,1,https://statsapi.mlb.com/api/v1.1/game/825027/feed/live,both,True,P,Pitcher,STARTER/OPENER/BULK,True,QA_VALIDATED_CANONICAL_V3,,,
837227,94.0,1.0,7.0,61.0,21.0,234.0,Bot,825027,https://raw.githubusercontent.com/lancebroz/mlb-pitcher-data/main/data/raw/2026/daily/2026-04-04.parquet,False,2026-04-04,2026-04-04T20:05:00Z,HOU,ATH,A,Tatsuya Imai,True,STARTER,94,22,17,0,0,3,3,9,0,https://statsapi.mlb.com/api/v1.1/game/825027/feed/live,both,True,P,Pitcher,STARTER/OPENER/BULK,True,QA_VALIDATED_CANONICAL_V3,,,
527048,75.0,1.0,5.0,44.0,21.0,171.0,Bot,825102,https://raw.githubusercontent.com/lancebroz/mlb-pitcher-data/main/data/raw/2026/daily/2026-04-05.parquet,False,2026-04-05,2026-04-05T20:10:00Z,ATL,AZ,A,Martín Pérez,True,STARTER,75,20,15,4,4,5,1,1,0,https://statsapi.mlb.com/api/v1.1/game/825102/feed/live,both,True,P,Pitcher,STARTER/OPENER/BULK,True,QA_VALIDATED_CANONICAL_V3,,,
606303,1.0,10.0,80.0,80.0,298.0,298.0,Bot,825102,https://raw.githubusercontent.com/lancebroz/mlb-pitcher-data/main/data/raw/2026/daily/2026-04-05.parquet,False,2026-04-05,2026-04-05T20:10:00Z,ATL,AZ,A,Joel Payamps,False,RELIEF_OR_BULK,1,1,0,1,0,1,0,0,0,https://statsapi.mlb.com/api/v1.1/game/825102/feed/live,both,True,P,Pitcher,BULLPEN_PITCHER,True,QA_VALIDATED_CANONICAL_V3,,,
628452,14.0,9.0,74.0,76.0,275.0,288.0,Bot,825102,https://raw.githubusercontent.com/lancebroz/mlb-pitcher-data/main/data/raw/2026/daily/2026-04-05.parquet,False,2026-04-05,2026-04-05T20:10:00Z,ATL,AZ,A,Raisel Iglesias,False,RELIEF_OR_BULK,14,3,3,0,0,0,0,1,0,https://statsapi.mlb.com/api/v1.1/game/825102/feed/live,both,True,P,Pitcher,BULLPEN_PITCHER,True,QA_VALIDATED_CANONICAL_V3,,,
641755,19.0,6.0,45.0,49.0,172.0,190.0,Bot,825102,https://raw.githubusercontent.com/lancebroz/mlb-pitcher-data/main/data/raw/2026/daily/2026-04-05.parquet,False,2026-04-05,2026-04-05T20:10:00Z,ATL,AZ,A,Tyler Kinley,False,RELIEF_OR_BULK,19,5,3,0,0,1,1,0,0,https://statsapi.mlb.com/api/v1.1/game/825102/feed/live,both,True,P,Pitcher,BULLPEN_PITCHER,True,QA_VALIDATED_CANONICAL_V3,,,
642528,25.0,9.0,68.0,73.0,250.0,274.0,Top,825102,https://raw.githubusercontent.com/lancebroz/mlb-pitcher-data/main/data/raw/2026/daily/2026-04-05.parquet,False,2026-04-05,2026-04-05T20:10:00Z,AZ,ATL,H,Jonathan Loáisiga,False,RELIEF_OR_BULK,25,6,3,1,1,3,0,1,0,https://statsapi.mlb.com/api/v1.1/game/825102/feed/live,both,True,P,Pitcher,BULLPEN_PITCHER,True,QA_VALIDATED_CANONICAL_V3,,,
656464,13.0,8.0,61.0,64.0,223.0,235.0,Top,825102,https://raw.githubusercontent.com/lancebroz/mlb-pitcher-data/main/data/raw/2026/daily/2026-04-05.parquet,False,2026-04-05,2026-04-05T20:10:00Z,AZ,ATL,H,Kevin Ginkel,False,RELIEF_OR_BULK,13,4,3,0,0,1,0,1,0,https://statsapi.mlb.com/api/v1.1/game/825102/feed/live,both,True,P,Pitcher,BULLPEN_PITCHER,True,QA_VALIDATED_CANONICAL_V3,,,
657044,14.0,7.0,50.0,55.0,191.0,204.0,Top,825102,https://raw.githubusercontent.com/lancebroz/mlb-pitcher-data/main/data/raw/2026/daily/2026-04-05.parquet,False,2026-04-05,2026-04-05T20:10:00Z,AZ,ATL,H,Ryan Thompson,False,RELIEF_OR_BULK,14,6,3,1,0,1,1,1,0,https://statsapi.mlb.com/api/v1.1/game/825102/feed/live,both,True,P,Pitcher,BULLPEN_PITCHER,True,QA_VALIDATED_CANONICAL_V3,,,
663158,14.0,8.0,65.0,67.0,236.0,249.0,Bot,825102,https://raw.githubusercontent.com/lancebroz/mlb-pitcher-data/main/data/raw/2026/daily/2026-04-05.parquet,False,2026-04-05,2026-04-05T20:10:00Z,ATL,AZ,A,Robert Suarez,False,RELIEF_OR_BULK,14,3,3,0,0,0,0,3,0,https://statsapi.mlb.com/api/v1.1/game/825102/feed/live,both,True,P,Pitcher,BULLPEN_PITCHER,True,QA_VALIDATED_CANONICAL_V3,,,
664199,17.0,5.0,37.0,43.0,140.0,167.0,Top,825102,https://raw.githubusercontent.com/lancebroz/mlb-pitcher-data/main/data/raw/2026/daily/2026-04-05.parquet,False,2026-04-05,2026-04-05T20:10:00Z,AZ,ATL,H,Taylor Clarke,False,RELIEF_OR_BULK,17,4,4,0,0,0,0,1,0,https://statsapi.mlb.com/api/v1.1/game/825102/feed/live,both,True,P,Pitcher,BULLPEN_PITCHER,True,QA_VALIDATED_CANONICAL_V3,,,
669276,18.0,7.0,56.0,60.0,205.0,222.0,Bot,825102,https://raw.githubusercontent.com/lancebroz/mlb-pitcher-data/main/data/raw/2026/daily/2026-04-05.parquet,False,2026-04-05,2026-04-05T20:10:00Z,ATL,AZ,A,Dylan Lee,False,RELIEF_OR_BULK,18,5,3,1,1,2,0,0,0,https://statsapi.mlb.com/api/v1.1/game/825102/feed/live,both,True,P,Pitcher,BULLPEN_PITCHER,True,QA_VALIDATED_CANONICAL_V3,,,
688497,9.0,10.0,77.0,79.0,289.0,297.0,Top,825102,https://raw.githubusercontent.com/lancebroz/mlb-pitcher-data/main/data/raw/2026/daily/2026-04-05.parquet,False,2026-04-05,2026-04-05T20:10:00Z,AZ,ATL,H,Taylor Rashi,False,RELIEF_OR_BULK,9,3,3,0,0,0,0,0,0,https://statsapi.mlb.com/api/v1.1/game/825102/feed/live,both,True,P,Pitcher,BULLPEN_PITCHER,True,QA_VALIDATED_CANONICAL_V3,,,
694297,79.0,1.0,0.0,36.0,1.0,139.0,Top,825102,https://raw.githubusercontent.com/lancebroz/mlb-pitcher-data/main/data/raw/2026/daily/2026-04-05.parquet,False,2026-04-05,2026-04-05T20:10:00Z,AZ,ATL,H,Brandon Pfaadt,True,STARTER,79,21,14,3,3,6,2,2,1,https://statsapi.mlb.com/api/v1.1/game/825102/feed/live,both,True,P,Pitcher,STARTER/OPENER/BULK,True,QA_VALIDATED_CANONICAL_V3,,,
593958,90.0,1.0,0.0,46.0,1.0,175.0,Top,825103,https://raw.githubusercontent.com/lancebroz/mlb-pitcher-data/main/data/raw/2026/daily/2026-04-03.parquet,False,2026-04-03,2026-04-04T01:45:00Z,AZ,ATL,H,Eduardo Rodriguez,True,STARTER,90,26,21,0,0,4,1,3,0,https://statsapi.mlb.com/api/v1.1/game/825103/feed/live,both,True,P,Pitcher,STARTER/OPENER/BULK,True,QA_VALIDATED_CANONICAL_V3,,,
623149,16.0,9.0,57.0,60.0,201.0,216.0,Top,825103,https://raw.githubusercontent.com/lancebroz/mlb-pitcher-data/main/data/raw/2026/daily/2026-04-03.parquet,False,2026-04-03,2026-04-04T01:45:00Z,AZ,ATL,H,Paul Sewald,False,RELIEF_OR_BULK,16,4,2,2,2,2,0,1,2,https://statsapi.mlb.com/api/v1.1/game/825103/feed/live,both,True,P,Pitcher,BULLPEN_PITCHER,True,QA_VALIDATED_CANONICAL_V3,,,
628452,16.0,9.0,62.0,64.0,219.0,234.0,Bot,825103,https://raw.githubusercontent.com/lancebroz/mlb-pitcher-data/main/data/raw/2026/daily/2026-04-03.parquet,False,2026-04-03,2026-04-04T01:45:00Z,ATL,AZ,A,Raisel Iglesias,False,RELIEF_OR_BULK,16,3,3,0,0,0,0,0,0,https://statsapi.mlb.com/api/v1.1/game/825103/feed/live,both,True,P,Pitcher,BULLPEN_PITCHER,True,QA_VALIDATED_CANONICAL_V3,,,
656550,85.0,1.0,5.0,43.0,13.0,163.0,Bot,825103,https://raw.githubusercontent.com/lancebroz/mlb-pitcher-data/main/data/raw/2026/daily/2026-04-03.parquet,False,2026-04-03,2026-04-04T01:45:00Z,ATL,AZ,A,Grant Holmes,True,STARTER,85,21,18,0,0,1,3,4,0,https://statsapi.mlb.com/api/v1.1/game/825103/feed/live,both,True,P,Pitcher,STARTER/OPENER/BULK,True,QA_VALIDATED_CANONICAL_V3,,,
657044,2.0,9.0,61.0,61.0,217.0,218.0,Top,825103,https://raw.githubusercontent.com/lancebroz/mlb-pitcher-data/main/data/raw/2026/daily/2026-04-03.parquet,False,2026-04-03,2026-04-04T01:45:00Z,AZ,ATL,H,Ryan Thompson,False,RELIEF_OR_BULK,2,1,1,0,0,0,0,0,0,https://statsapi.mlb.com/api/v1.1/game/825103/feed/live,both,True,P,Pitcher,BULLPEN_PITCHER,True,QA_VALIDATED_CANONICAL_V3,,,
663158,8.0,8.0,54.0,56.0,193.0,200.0,Bot,825103,https://raw.githubusercontent.com/lancebroz/mlb-pitcher-data/main/data/raw/2026/daily/2026-04-03.parquet,False,2026-04-03,2026-04-04T01:45:00Z,ATL,AZ,A,Robert Suarez,False,RELIEF_OR_BULK,8,3,3,0,0,0,0,0,0,https://statsapi.mlb.com/api/v1.1/game/825103/feed/live,both,True,P,Pitcher,BULLPEN_PITCHER,True,QA_VALIDATED_CANONICAL_V3,,,
666661,6.0,8.0,51.0,53.0,187.0,192.0,Top,825103,https://raw.githubusercontent.com/lancebroz/mlb-pitcher-data/main/data/raw/2026/daily/2026-04-03.parquet,False,2026-04-03,2026-04-04T01:45:00Z,AZ,ATL,H,Juan Morillo,False,RELIEF_OR_BULK,6,3,3,0,0,0,0,1,0,https://statsapi.mlb.com/api/v1.1/game/825103/feed/live,both,True,P,Pitcher,BULLPEN_PITCHER,True,QA_VALIDATED_CANONICAL_V3,,,
669276,11.0,7.0,47.0,50.0,176.0,186.0,Bot,825103,https://raw.githubusercontent.com/lancebroz/mlb-pitcher-data/main/data/raw/2026/daily/2026-04-03.parquet,False,2026-04-03,2026-04-04T01:45:00Z,ATL,AZ,A,Dylan Lee,False,RELIEF_OR_BULK,11,4,3,0,0,1,0,1,0,https://statsapi.mlb.com/api/v1.1/game/825103/feed/live,both,True,P,Pitcher,BULLPEN_PITCHER,True,QA_VALIDATED_CANONICAL_V3,,,
623149,21.0,9.0,58.0,60.0,224.0,244.0,Top,825104,https://raw.githubusercontent.com/lancebroz/mlb-pitcher-data/main/data/raw/2026/daily/2026-04-04.parquet,False,2026-04-04,2026-04-04T23:15:00Z,AZ,ATL,H,Paul Sewald,False,RELIEF_OR_BULK,21,3,3,0,0,0,0,2,0,https://statsapi.mlb.com/api/v1.1/game/825104/feed/live,both,True,P,Pitcher,BULLPEN_PITCHER,True,QA_VALIDATED_CANONICAL_V3,,,
641755,7.0,8.0,55.0,57.0,217.0,223.0,Bot,825104,https://raw.githubusercontent.com/lancebroz/mlb-pitcher-data/main/data/raw/2026/daily/2026-04-04.parquet,False,2026-04-04,2026-04-04T23:15:00Z,ATL,AZ,A,Tyler Kinley,False,RELIEF_OR_BULK,7,3,3,0,0,0,0,1,0,https://statsapi.mlb.com/api/v1.1/game/825104/feed/live,both,True,P,Pitcher,BULLPEN_PITCHER,True,QA_VALIDATED_CANONICAL_V3,,,
642528,10.0,7.0,46.0,48.0,183.0,192.0,Top,825104,https://raw.githubusercontent.com/lancebroz/mlb-pitcher-data/main/data/raw/2026/daily/2026-04-04.parquet,False,2026-04-04,2026-04-04T23:15:00Z,AZ,ATL,H,Jonathan Loáisiga,False,RELIEF_OR_BULK,10,3,3,0,0,0,0,0,0,https://statsapi.mlb.com/api/v1.1/game/825104/feed/live,both,True,P,Pitcher,BULLPEN_PITCHER,True,QA_VALIDATED_CANONICAL_V3,,,
647336,91.0,1.0,0.0,36.0,1.0,144.0,Top,825104,https://raw.githubusercontent.com/lancebroz/mlb-pitcher-data/main/data/raw/2026/daily/2026-04-04.parquet,False,2026-04-04,2026-04-04T23:15:00Z,AZ,ATL,H,Michael Soroka,True,STARTER,91,22,15,1,1,4,3,3,0,https://statsapi.mlb.com/api/v1.1/game/825104/feed/live,both,True,P,Pitcher,STARTER/OPENER/BULK,True,QA_VALIDATED_CANONICAL_V3,,,
664199,12.0,6.0,40.0,42.0,159.0,170.0,Top,825104,https://raw.githubusercontent.com/lancebroz/mlb-pitcher-data/main/data/raw/2026/daily/2026-04-04.parquet,False,2026-04-04,2026-04-04T23:15:00Z,AZ,ATL,H,Taylor Clarke,False,RELIEF_OR_BULK,12,3,3,0,0,0,0,1,0,https://statsapi.mlb.com/api/v1.1/game/825104/feed/live,both,True,P,Pitcher,BULLPEN_PITCHER,True,QA_VALIDATED_CANONICAL_V3,,,
666661,14.0,8.0,52.0,54.0,203.0,216.0,Top,825104,https://raw.githubusercontent.com/lancebroz/mlb-pitcher-data/main/data/raw/2026/daily/2026-04-04.parquet,False,2026-04-04,2026-04-04T23:15:00Z,AZ,ATL,H,Juan Morillo,False,RELIEF_OR_BULK,14,3,3,0,0,0,0,1,0,https://statsapi.mlb.com/api/v1.1/game/825104/feed/live,both,True,P,Pitcher,BULLPEN_PITCHER,True,QA_VALIDATED_CANONICAL_V3,,,
693821,89.0,1.0,4.0,51.0,18.0,202.0,Bot,825104,https://raw.githubusercontent.com/lancebroz/mlb-pitcher-data/main/data/raw/2026/daily/2026-04-04.parquet,False,2026-04-04,2026-04-04T23:15:00Z,ATL,AZ,A,Bryce Elder,True,STARTER,89,24,21,2,0,4,1,8,0,https://statsapi.mlb.com/api/v1.1/game/825104/feed/live,both,True,P,Pitcher,STARTER/OPENER/BULK,True,QA_VALIDATED_CANONICAL_V3,,,
543510,20.0,9.0,72.0,81.0,291.0,310.0,Top,825105,https://raw.githubusercontent.com/lancebroz/mlb-pitcher-data/main/data/raw/2026/daily/2026-04-02.parquet,False,2026-04-02,2026-04-03T01:40:00Z,AZ,ATL,H,James McCann,False,RELIEF_OR_BULK,20,10,3,5,5,7,0,0,1,https://statsapi.mlb.com/api/v1.1/game/825105/feed/live,both,True,C,Catcher,POSITION_PLAYER_PITCHING,True,EXCLUIR_POSITION_PLAYER_PITCHING,,,
605452,52.0,6.0,46.0,59.0,182.0,243.0,Top,825105,https://raw.githubusercontent.com/lancebroz/mlb-pitcher-data/main/data/raw/2026/daily/2026-04-02.parquet,False,2026-04-02,2026-04-03T01:40:00Z,AZ,ATL,H,Joe Ross,False,RELIEF_OR_BULK,52,11,6,2,2,2,3,1,1,https://statsapi.mlb.com/api/v1.1/game/825105/feed/live,both,True,P,Pitcher,BULLPEN_PITCHER,True,QA_VALIDATED_CANONICAL_V3,,,
625643,79.0,1.0,4.0,45.0,18.0,181.0,Bot,825105,https://raw.githubusercontent.com/lancebroz/mlb-pitcher-data/main/data/raw/2026/daily/2026-04-02.parquet,False,2026-04-02,2026-04-03T01:40:00Z,ATL,AZ,A,Reynaldo López,True,STARTER,79,20,15,1,1,4,1,3,1,https://statsapi.mlb.com/api/v1.1/game/825105/feed/live,both,True,P,Pitcher,STARTER/OPENER/BULK,True,QA_VALIDATED_CANONICAL_V3,,,
641755,10.0,6.0,53.0,55.0,217.0,226.0,Bot,825105,https://raw.githubusercontent.com/lancebroz/mlb-pitcher-data/main/data/raw/2026/daily/2026-04-02.parquet,False,2026-04-02,2026-04-03T01:40:00Z,ATL,AZ,A,Tyler Kinley,False,RELIEF_OR_BULK,10,3,3,0,0,0,0,1,0,https://statsapi.mlb.com/api/v1.1/game/825105/feed/live,both,True,P,Pitcher,BULLPEN_PITCHER,True,QA_VALIDATED_CANONICAL_V3,,,
656464,22.0,5.0,37.0,41.0,145.0,166.0,Top,825105,https://raw.githubusercontent.com/lancebroz/mlb-pitcher-data/main/data/raw/2026/daily/2026-04-02.parquet,False,2026-04-02,2026-04-03T01:40:00Z,AZ,ATL,H,Kevin Ginkel,False,RELIEF_OR_BULK,22,5,1,3,3,3,1,0,0,https://statsapi.mlb.com/api/v1.1/game/825105/feed/live,both,True,P,Pitcher,BULLPEN_PITCHER,True,QA_VALIDATED_CANONICAL_V3,,,
669194,80.0,1.0,0.0,36.0,1.0,144.0,Top,825105,https://raw.githubusercontent.com/lancebroz/mlb-pitcher-data/main/data/raw/2026/daily/2026-04-02.parquet,False,2026-04-02,2026-04-03T01:40:00Z,AZ,ATL,H,Ryne Nelson,True,STARTER,80,21,14,7,2,3,3,3,2,https://statsapi.mlb.com/api/v1.1/game/825105/feed/live,both,True,P,Pitcher,STARTER/OPENER/BULK,True,QA_VALIDATED_CANONICAL_V3,,,
674370,42.0,7.0,60.0,86.0,244.0,328.0,Bot,825105,https://raw.githubusercontent.com/lancebroz/mlb-pitcher-data/main/data/raw/2026/daily/2026-04-02.parquet,False,2026-04-02,2026-04-03T01:40:00Z,ATL,AZ,A,Osvaldo Bido,False,RELIEF_OR_BULK,42,12,9,1,1,2,1,1,0,https://statsapi.mlb.com/api/v1.1/game/825105/feed/live,both,True,P,Pitcher,BULLPEN_PITCHER,True,QA_VALIDATED_CANONICAL_V3,,,
694851,23.0,8.0,64.0,68.0,258.0,280.0,Top,825105,https://raw.githubusercontent.com/lancebroz/mlb-pitcher-data/main/data/raw/2026/daily/2026-04-02.parquet,False,2026-04-02,2026-04-03T01:40:00Z,AZ,ATL,H,Andrew Hoffmann,False,RELIEF_OR_BULK,23,5,3,0,0,1,1,2,0,https://statsapi.mlb.com/api/v1.1/game/825105/feed/live,both,True,P,Pitcher,BULLPEN_PITCHER,True,QA_VALIDATED_CANONICAL_V3,,,
640448,20.0,8.0,53.0,57.0,205.0,224.0,Bot,825106,https://raw.githubusercontent.com/lancebroz/mlb-pitcher-data/main/data/raw/2026/daily/2026-04-01.parquet,False,2026-04-01,2026-04-01T19:40:00Z,DET,AZ,A,Kyle Finnegan,False,RELIEF_OR_BULK,20,5,3,0,0,0,2,0,0,https://statsapi.mlb.com/api/v1.1/game/825106/feed/live,both,True,P,Pitcher,BULLPEN_PITCHER,True,QA_VALIDATED_CANONICAL_V3,,,
642528,16.0,9.0,58.0,61.0,225.0,240.0,Top,825106,https://raw.githubusercontent.com/lancebroz/mlb-pitcher-data/main/data/raw/2026/daily/2026-04-01.parquet,False,2026-04-01,2026-04-01T19:40:00Z,AZ,DET,H,Jonathan Loáisiga,False,RELIEF_OR_BULK,16,4,3,0,0,2,0,0,0,https://statsapi.mlb.com/api/v1.1/game/825106/feed/live,both,True,P,Pitcher,BULLPEN_PITCHER,True,QA_VALIDATED_CANONICAL_V3,,,
664199,18.0,7.0,43.0,46.0,167.0,184.0,Top,825106,https://raw.githubusercontent.com/lancebroz/mlb-pitcher-data/main/data/raw/2026/daily/2026-04-01.parquet,False,2026-04-01,2026-04-01T19:40:00Z,AZ,DET,H,Taylor Clarke,False,RELIEF_OR_BULK,18,4,3,0,0,1,0,2,0,https://statsapi.mlb.com/api/v1.1/game/825106/feed/live,both,True,P,Pitcher,BULLPEN_PITCHER,True,QA_VALIDATED_CANONICAL_V3,,,
666661,11.0,8.0,50.0,52.0,194.0,204.0,Top,825106,https://raw.githubusercontent.com/lancebroz/mlb-pitcher-data/main/data/raw/2026/daily/2026-04-01.parquet,False,2026-04-01,2026-04-01T19:40:00Z,AZ,DET,H,Juan Morillo,False,RELIEF_OR_BULK,11,3,3,0,0,0,0,1,0,https://statsapi.mlb.com/api/v1.1/game/825106/feed/live,both,True,P,Pitcher,BULLPEN_PITCHER,True,QA_VALIDATED_CANONICAL_V3,,,
668678,88.0,1.0,0.0,39.0,1.0,158.0,Top,825106,https://raw.githubusercontent.com/lancebroz/mlb-pitcher-data/main/data/raw/2026/daily/2026-04-01.parquet,False,2026-04-01,2026-04-01T19:40:00Z,AZ,DET,H,Zac Gallen,True,STARTER,88,21,18,0,0,4,0,2,0,https://statsapi.mlb.com/api/v1.1/game/825106/feed/live,both,True,P,Pitcher,STARTER/OPENER/BULK,True,QA_VALIDATED_CANONICAL_V3,,,
669373,87.0,1.0,4.0,49.0,19.0,193.0,Bot,825106,https://raw.githubusercontent.com/lancebroz/mlb-pitcher-data/main/data/raw/2026/daily/2026-04-01.parquet,False,2026-04-01,2026-04-01T19:40:00Z,DET,AZ,A,Tarik Skubal,True,STARTER,87,25,21,1,1,6,0,3,1,https://statsapi.mlb.com/api/v1.1/game/825106/feed/live,both,True,P,Pitcher,STARTER/OPENER/BULK,True,QA_VALIDATED_CANONICAL_V3,,,
445276,8.0,8.0,64.0,65.0,254.0,261.0,Bot,825107,https://raw.githubusercontent.com/lancebroz/mlb-pitcher-data/main/data/raw/2026/daily/2026-03-31.parquet,False,2026-03-31,2026-04-01T01:40:00Z,DET,AZ,A,Kenley Jansen,False,RELIEF_OR_BULK,8,2,1,1,1,1,0,1,1,https://statsapi.mlb.com/api/v1.1/game/825107/feed/live,both,True,P,Pitcher,BULLPEN_PITCHER,True,QA_VALIDATED_CANONICAL_V3,,,
623149,13.0,9.0,66.0,68.0,262.0,274.0,Top,825107,https://raw.githubusercontent.com/lancebroz/mlb-pitcher-data/main/data/raw/2026/daily/2026-03-31.parquet,False,2026-03-31,2026-04-01T01:40:00Z,AZ,DET,H,Paul Sewald,False,RELIEF_OR_BULK,13,3,3,0,0,0,0,3,0,https://statsapi.mlb.com/api/v1.1/game/825107/feed/live,both,True,P,Pitcher,BULLPEN_PITCHER,True,QA_VALIDATED_CANONICAL_V3,,,
623454,16.0,7.0,50.0,58.0,194.0,226.0,Bot,825107,https://raw.githubusercontent.com/lancebroz/mlb-pitcher-data/main/data/raw/2026/daily/2026-03-31.parquet,False,2026-03-31,2026-04-01T01:40:00Z,DET,AZ,A,Drew Anderson,False,RELIEF_OR_BULK,16,5,3,2,2,2,0,2,0,https://statsapi.mlb.com/api/v1.1/game/825107/feed/live,both,True,P,Pitcher,BULLPEN_PITCHER,True,QA_VALIDATED_CANONICAL_V3,,,
663554,93.0,1.0,3.0,46.0,11.0,178.0,Bot,825107,https://raw.githubusercontent.com/lancebroz/mlb-pitcher-data/main/data/raw/2026/daily/2026-03-31.parquet,False,2026-03-31,2026-04-01T01:40:00Z,DET,AZ,A,Casey Mize,True,STARTER,93,22,18,1,1,4,2,9,1,https://statsapi.mlb.com/api/v1.1/game/825107/feed/live,both,True,P,Pitcher,STARTER/OPENER/BULK,True,QA_VALIDATED_CANONICAL_V3,,,
676684,27.0,8.0,59.0,63.0,227.0,253.0,Bot,825107,https://raw.githubusercontent.com/lancebroz/mlb-pitcher-data/main/data/raw/2026/daily/2026-03-31.parquet,False,2026-03-31,2026-04-01T01:40:00Z,DET,AZ,A,Will Vest,False,RELIEF_OR_BULK,27,5,2,3,3,1,2,0,0,https://statsapi.mlb.com/api/v1.1/game/825107/feed/live,both,True,P,Pitcher,BULLPEN_PITCHER,True,QA_VALIDATED_CANONICAL_V3,,,
694297,85.0,1.0,0.0,43.0,1.0,163.0,Top,825107,https://raw.githubusercontent.com/lancebroz/mlb-pitcher-data/main/data/raw/2026/daily/2026-03-31.parquet,False,2026-03-31,2026-04-01T01:40:00Z,AZ,DET,H,Brandon Pfaadt,True,STARTER,85,24,18,5,5,6,1,3,0,https://statsapi.mlb.com/api/v1.1/game/825107/feed/live,both,True,P,Pitcher,STARTER/OPENER/BULK,True,QA_VALIDATED_CANONICAL_V3,,,
694851,32.0,7.0,47.0,56.0,179.0,220.0,Top,825107,https://raw.githubusercontent.com/lancebroz/mlb-pitcher-data/main/data/raw/2026/daily/2026-03-31.parquet,False,2026-03-31,2026-04-01T01:40:00Z,AZ,DET,H,Andrew Hoffmann,False,RELIEF_OR_BULK,32,7,6,0,0,0,1,3,0,https://statsapi.mlb.com/api/v1.1/game/825107/feed/live,both,True,P,Pitcher,BULLPEN_PITCHER,True,QA_VALIDATED_CANONICAL_V3,,,
434378,80.0,1.0,5.0,35.0,26.0,160.0,Bot,825108,https://raw.githubusercontent.com/lancebroz/mlb-pitcher-data/main/data/raw/2026/daily/2026-03-30.parquet,False,2026-03-30,2026-03-31T02:10:00Z,DET,AZ,A,Justin Verlander,True,STARTER,80,19,11,5,5,6,2,1,1,https://statsapi.mlb.com/api/v1.1/game/825108/feed/live,both,True,P,Pitcher,STARTER/OPENER/BULK,True,QA_VALIDATED_CANONICAL_V3,,,
605452,26.0,7.0,55.0,62.0,237.0,262.0,Top,825108,https://raw.githubusercontent.com/lancebroz/mlb-pitcher-data/main/data/raw/2026/daily/2026-03-30.parquet,False,2026-03-30,2026-03-31T02:10:00Z,AZ,DET,H,Joe Ross,False,RELIEF_OR_BULK,26,8,2,6,6,5,1,1,0,https://statsapi.mlb.com/api/v1.1/game/825108/feed/live,both,True,P,Pitcher,BULLPEN_PITCHER,True,QA_VALIDATED_CANONICAL_V3,,,
623149,12.0,9.0,80.0,82.0,331.0,342.0,Top,825108,https://raw.githubusercontent.com/lancebroz/mlb-pitcher-data/main/data/raw/2026/daily/2026-03-30.parquet,False,2026-03-30,2026-03-31T02:10:00Z,AZ,DET,H,Paul Sewald,False,RELIEF_OR_BULK,12,3,3,0,0,0,0,1,0,https://statsapi.mlb.com/api/v1.1/game/825108/feed/live,both,True,P,Pitcher,BULLPEN_PITCHER,True,QA_VALIDATED_CANONICAL_V3,,,
640448,5.0,7.0,71.0,71.0,291.0,295.0,Bot,825108,https://raw.githubusercontent.com/lancebroz/mlb-pitcher-data/main/data/raw/2026/daily/2026-03-30.parquet,False,2026-03-30,2026-03-31T02:10:00Z,DET,AZ,A,Kyle Finnegan,False,RELIEF_OR_BULK,5,1,1,0,0,0,0,0,0,https://statsapi.mlb.com/api/v1.1/game/825108/feed/live,both,True,P,Pitcher,BULLPEN_PITCHER,True,QA_VALIDATED_CANONICAL_V3,,,
646241,38.0,4.0,36.0,47.0,161.0,207.0,Bot,825108,https://raw.githubusercontent.com/lancebroz/mlb-pitcher-data/main/data/raw/2026/daily/2026-03-30.parquet,False,2026-03-30,2026-03-31T02:10:00Z,DET,AZ,A,Enmanuel De Jesus,False,RELIEF_OR_BULK,38,9,3,3,3,3,2,1,0,https://statsapi.mlb.com/api/v1.1/game/825108/feed/live,both,True,P,Pitcher,BULLPEN_PITCHER,True,QA_VALIDATED_CANONICAL_V3,,,
647336,89.0,1.0,0.0,39.0,1.0,175.0,Top,825108,https://raw.githubusercontent.com/lancebroz/mlb-pitcher-data/main/data/raw/2026/daily/2026-03-30.parquet,False,2026-03-30,2026-03-31T02:10:00Z,AZ,DET,H,Michael Soroka,True,STARTER,89,20,15,0,0,4,1,10,0,https://statsapi.mlb.com/api/v1.1/game/825108/feed/live,both,True,P,Pitcher,STARTER/OPENER/BULK,True,QA_VALIDATED_CANONICAL_V3,,,
656464,13.0,6.0,49.0,51.0,211.0,223.0,Top,825108,https://raw.githubusercontent.com/lancebroz/mlb-pitcher-data/main/data/raw/2026/daily/2026-03-30.parquet,False,2026-03-30,2026-03-31T02:10:00Z,AZ,DET,H,Kevin Ginkel,False,RELIEF_OR_BULK,13,3,3,0,0,0,0,1,0,https://statsapi.mlb.com/api/v1.1/game/825108/feed/live,both,True,P,Pitcher,BULLPEN_PITCHER,True,QA_VALIDATED_CANONICAL_V3,,,
657044,13.0,7.0,63.0,65.0,263.0,275.0,Top,825108,https://raw.githubusercontent.com/lancebroz/mlb-pitcher-data/main/data/raw/2026/daily/2026-03-30.parquet,False,2026-03-30,2026-03-31T02:10:00Z,AZ,DET,H,Ryan Thompson,False,RELIEF_OR_BULK,13,3,0,0,0,1,2,0,0,https://statsapi.mlb.com/api/v1.1/game/825108/feed/live,both,True,P,Pitcher,BULLPEN_PITCHER,True,QA_VALIDATED_CANONICAL_V3,,,
663947,19.0,8.0,75.0,79.0,312.0,330.0,Bot,825108,https://raw.githubusercontent.com/lancebroz/mlb-pitcher-data/main/data/raw/2026/daily/2026-03-30.parquet,False,2026-03-30,2026-03-31T02:10:00Z,DET,AZ,A,Tyler Holton,False,RELIEF_OR_BULK,19,5,3,0,0,0,2,1,0,https://statsapi.mlb.com/api/v1.1/game/825108/feed/live,both,True,P,Pitcher,BULLPEN_PITCHER,True,QA_VALIDATED_CANONICAL_V3,,,
664199,16.0,8.0,72.0,74.0,296.0,311.0,Top,825108,https://raw.githubusercontent.com/lancebroz/mlb-pitcher-data/main/data/raw/2026/daily/2026-03-30.parquet,False,2026-03-30,2026-03-31T02:10:00Z,AZ,DET,H,Taylor Clarke,False,RELIEF_OR_BULK,16,3,3,0,0,0,0,1,0,https://statsapi.mlb.com/api/v1.1/game/825108/feed/live,both,True,P,Pitcher,BULLPEN_PITCHER,True,QA_VALIDATED_CANONICAL_V3,,,
666661,5.0,7.0,66.0,66.0,276.0,280.0,Top,825108,https://raw.githubusercontent.com/lancebroz/mlb-pitcher-data/main/data/raw/2026/daily/2026-03-30.parquet,False,2026-03-30,2026-03-31T02:10:00Z,AZ,DET,H,Juan Morillo,False,RELIEF_OR_BULK,5,1,1,0,0,0,0,0,0,https://statsapi.mlb.com/api/v1.1/game/825108/feed/live,both,True,P,Pitcher,BULLPEN_PITCHER,True,QA_VALIDATED_CANONICAL_V3,,,
676428,26.0,5.0,48.0,70.0,208.0,290.0,Bot,825108,https://raw.githubusercontent.com/lancebroz/mlb-pitcher-data/main/data/raw/2026/daily/2026-03-30.parquet,False,2026-03-30,2026-03-31T02:10:00Z,DET,AZ,A,Brant Hurter,False,RELIEF_OR_BULK,26,8,6,1,1,2,0,0,1,https://statsapi.mlb.com/api/v1.1/game/825108/feed/live,both,True,P,Pitcher,BULLPEN_PITCHER,True,QA_VALIDATED_CANONICAL_V3,,,
453286,68.0,1.0,0.0,23.0,1.0,110.0,Top,822828,https://raw.githubusercontent.com/lancebroz/mlb-pitcher-data/main/data/raw/2026/daily/2026-04-12.parquet,False,2026-04-12,2026-04-12T17:37:00Z,TOR,MIN,H,Max Scherzer,True,STARTER,68,15,7,8,8,5,2,3,2,https://statsapi.mlb.com/api/v1.1/game/822828/feed/live,both,True,P,Pitcher,STARTER/OPENER/BULK,True,QA_VALIDATED_CANONICAL_V4,,,
573009,21.0,3.0,24.0,36.0,111.0,150.0,Top,822828,https://raw.githubusercontent.com/lancebroz/mlb-pitcher-data/main/data/raw/2026/daily/2026-04-12.parquet,False,2026-04-12,2026-04-12T17:37:00Z,TOR,MIN,H,Joe Mantiply,False,RELIEF_OR_BULK,21,8,5,0,0,2,0,1,0,https://statsapi.mlb.com/api/v1.1/game/822828/feed/live,both,True,P,Pitcher,BULLPEN_PITCHER,True,QA_VALIDATED_CANONICAL_V4,,,
623437,12.0,9.0,76.0,78.0,319.0,330.0,Bot,822828,https://raw.githubusercontent.com/lancebroz/mlb-pitcher-data/main/data/raw/2026/daily/2026-04-12.parquet,False,2026-04-12,2026-04-12T17:37:00Z,MIN,TOR,A,Justin Topa,False,RELIEF_OR_BULK,12,3,3,0,0,1,0,0,0,https://statsapi.mlb.com/api/v1.1/game/822828/feed/live,both,True,P,Pitcher,BULLPEN_PITCHER,True,QA_VALIDATED_CANONICAL_V4,,,
643511,7.0,8.0,64.0,66.0,278.0,284.0,Top,822828,https://raw.githubusercontent.com/lancebroz/mlb-pitcher-data/main/data/raw/2026/daily/2026-04-12.parquet,False,2026-04-12,2026-04-12T17:37:00Z,TOR,MIN,H,Tyler Rogers,False,RELIEF_OR_BULK,7,3,3,0,0,1,0,0,0,https://statsapi.mlb.com/api/v1.1/game/822828/feed/live,both,True,P,Pitcher,BULLPEN_PITCHER,True,QA_VALIDATED_CANONICAL_V4,,,
656546,12.0,9.0,73.0,75.0,307.0,318.0,Top,822828,https://raw.githubusercontent.com/lancebroz/mlb-pitcher-data/main/data/raw/2026/daily/2026-04-12.parquet,False,2026-04-12,2026-04-12T17:37:00Z,TOR,MIN,H,Jeff Hoffman,False,RELIEF_OR_BULK,12,3,3,0,0,0,0,2,0,https://statsapi.mlb.com/api/v1.1/game/822828/feed/live,both,True,P,Pitcher,BULLPEN_PITCHER,True,QA_VALIDATED_CANONICAL_V4,,,
667297,8.0,5.0,42.0,44.0,175.0,182.0,Top,822828,https://raw.githubusercontent.com/lancebroz/mlb-pitcher-data/main/data/raw/2026/daily/2026-04-12.parquet,False,2026-04-12,2026-04-12T17:37:00Z,TOR,MIN,H,Tommy Nance,False,RELIEF_OR_BULK,8,3,3,0,0,0,0,1,0,https://statsapi.mlb.com/api/v1.1/game/822828/feed/live,both,True,P,Pitcher,BULLPEN_PITCHER,True,QA_VALIDATED_CANONICAL_V4,,,
671737,106.0,1.0,3.0,48.0,13.0,203.0,Bot,822828,https://raw.githubusercontent.com/lancebroz/mlb-pitcher-data/main/data/raw/2026/daily/2026-04-12.parquet,False,2026-04-12,2026-04-12T17:37:00Z,MIN,TOR,A,Taj Bradley,True,STARTER,106,23,15,1,1,5,4,7,0,https://statsapi.mlb.com/api/v1.1/game/822828/feed/live,both,True,P,Pitcher,STARTER/OPENER/BULK,True,QA_VALIDATED_CANONICAL_V4,,,
686973,16.0,7.0,56.0,58.0,236.0,251.0,Top,822828,https://raw.githubusercontent.com/lancebroz/mlb-pitcher-data/main/data/raw/2026/daily/2026-04-12.parquet,False,2026-04-12,2026-04-12T17:37:00Z,TOR,MIN,H,Louis Varland,False,RELIEF_OR_BULK,16,3,3,0,0,0,0,3,0,https://statsapi.mlb.com/api/v1.1/game/822828/feed/live,both,True,P,Pitcher,BULLPEN_PITCHER,True,QA_VALIDATED_CANONICAL_V4,,,
689254,13.0,6.0,49.0,51.0,204.0,216.0,Top,822828,https://raw.githubusercontent.com/lancebroz/mlb-pitcher-data/main/data/raw/2026/daily/2026-04-12.parquet,False,2026-04-12,2026-04-12T17:37:00Z,TOR,MIN,H,Mason Fluharty,False,RELIEF_OR_BULK,13,3,3,0,0,0,0,2,0,https://statsapi.mlb.com/api/v1.1/game/822828/feed/live,both,True,P,Pitcher,BULLPEN_PITCHER,True,QA_VALIDATED_CANONICAL_V4,,,
702193,67.0,6.0,52.0,72.0,217.0,306.0,Bot,822828,https://raw.githubusercontent.com/lancebroz/mlb-pitcher-data/main/data/raw/2026/daily/2026-04-12.parquet,False,2026-04-12,2026-04-12T17:37:00Z,MIN,TOR,A,Andrew Morris,False,RELIEF_OR_BULK,67,15,9,1,1,6,0,2,0,https://statsapi.mlb.com/api/v1.1/game/822828/feed/live,both,True,P,Pitcher,BULLPEN_PITCHER,True,QA_VALIDATED_CANONICAL_V4,,,
642121,15.0,7.0,46.0,49.0,179.0,193.0,Top,822998,https://raw.githubusercontent.com/lancebroz/mlb-pitcher-data/main/data/raw/2026/daily/2026-04-12.parquet,False,2026-04-12,2026-04-12T17:40:00Z,TB,NYY,H,Cole Sulser,False,RELIEF_OR_BULK,15,4,1,2,2,2,1,0,0,https://statsapi.mlb.com/api/v1.1/game/822998/feed/live,both,True,P,Pitcher,BULLPEN_PITCHER,True,QA_VALIDATED_CANONICAL_V4,,,
642232,20.0,6.0,42.0,52.0,162.0,202.0,Bot,822998,https://raw.githubusercontent.com/lancebroz/mlb-pitcher-data/main/data/raw/2026/daily/2026-04-12.parquet,False,2026-04-12,2026-04-12T17:40:00Z,NYY,TB,A,Ryan Yarbrough,False,RELIEF_OR_BULK,20,5,3,1,1,2,0,1,0,https://statsapi.mlb.com/api/v1.1/game/822998/feed/live,both,True,P,Pitcher,BULLPEN_PITCHER,True,QA_VALIDATED_CANONICAL_V4,,,
656876,76.0,1.0,0.0,41.0,1.0,161.0,Top,822998,https://raw.githubusercontent.com/lancebroz/mlb-pitcher-data/main/data/raw/2026/daily/2026-04-12.parquet,False,2026-04-12,2026-04-12T17:40:00Z,TB,NYY,H,Drew Rasmussen,True,STARTER,76,19,18,0,0,1,0,7,0,https://statsapi.mlb.com/api/v1.1/game/822998/feed/live,both,True,P,Pitcher,STARTER/OPENER/BULK,True,QA_VALIDATED_CANONICAL_V4,,,
666808,11.0,7.0,53.0,55.0,203.0,213.0,Bot,822998,https://raw.githubusercontent.com/lancebroz/mlb-pitcher-data/main/data/raw/2026/daily/2026-04-12.parquet,False,2026-04-12,2026-04-12T17:40:00Z,NYY,TB,A,Camilo Doval,False,RELIEF_OR_BULK,11,3,3,0,0,0,0,0,0,https://statsapi.mlb.com/api/v1.1/game/822998/feed/live,both,True,P,Pitcher,BULLPEN_PITCHER,True,QA_VALIDATED_CANONICAL_V4,,,
669438,21.0,9.0,64.0,70.0,235.0,255.0,Top,822998,https://raw.githubusercontent.com/lancebroz/mlb-pitcher-data/main/data/raw/2026/daily/2026-04-12.parquet,False,2026-04-12,2026-04-12T17:40:00Z,TB,NYY,H,Mason Englert,False,RELIEF_OR_BULK,21,7,3,2,2,3,1,1,1,https://statsapi.mlb.com/api/v1.1/game/822998/feed/live,both,True,P,Pitcher,BULLPEN_PITCHER,True,QA_VALIDATED_CANONICAL_V4,,,
687330,18.0,7.0,50.0,58.0,194.0,225.0,Top,822998,https://raw.githubusercontent.com/lancebroz/mlb-pitcher-data/main/data/raw/2026/daily/2026-04-12.parquet,False,2026-04-12,2026-04-12T17:40:00Z,TB,NYY,H,Kevin Kelly,False,RELIEF_OR_BULK,18,5,5,0,0,1,0,0,0,https://statsapi.mlb.com/api/v1.1/game/822998/feed/live,both,True,P,Pitcher,BULLPEN_PITCHER,True,QA_VALIDATED_CANONICAL_V4,,,
687396,9.0,8.0,59.0,63.0,226.0,234.0,Bot,822998,https://raw.githubusercontent.com/lancebroz/mlb-pitcher-data/main/data/raw/2026/daily/2026-04-12.parquet,False,2026-04-12,2026-04-12T17:40:00Z,NYY,TB,A,Brent Headrick,False,RELIEF_OR_BULK,9,5,3,1,1,2,0,0,0,https://statsapi.mlb.com/api/v1.1/game/822998/feed/live,both,True,P,Pitcher,BULLPEN_PITCHER,True,QA_VALIDATED_CANONICAL_V4,,,
693645,85.0,1.0,3.0,38.0,12.0,146.0,Bot,822998,https://raw.githubusercontent.com/lancebroz/mlb-pitcher-data/main/data/raw/2026/daily/2026-04-12.parquet,False,2026-04-12,2026-04-12T17:40:00Z,NYY,TB,A,Cam Schlittler,True,STARTER,85,23,15,3,3,7,1,8,0,https://statsapi.mlb.com/api/v1.1/game/822998/feed/live,both,True,P,Pitcher,STARTER/OPENER/BULK,True,QA_VALIDATED_CANONICAL_V4,,,
543056,5.0,7.0,61.0,61.0,215.0,219.0,Bot,823075,https://raw.githubusercontent.com/lancebroz/mlb-pitcher-data/main/data/raw/2026/daily/2026-04-12.parquet,False,2026-04-12,2026-04-12T18:15:00Z,BOS,STL,A,Danny Coulombe,False,RELIEF_OR_BULK,5,1,1,0,0,0,0,0,0,https://statsapi.mlb.com/api/v1.1/game/823075/feed/live,both,True,P,Pitcher,BULLPEN_PITCHER,True,QA_VALIDATED_CANONICAL_V4,,,
666277,13.0,6.0,45.0,47.0,160.0,172.0,Top,823075,https://raw.githubusercontent.com/lancebroz/mlb-pitcher-data/main/data/raw/2026/daily/2026-04-12.parquet,False,2026-04-12,2026-04-12T18:15:00Z,STL,BOS,H,George Soriano,False,RELIEF_OR_BULK,13,3,3,0,0,0,0,1,0,https://statsapi.mlb.com/api/v1.1/game/823075/feed/live,both,True,P,Pitcher,BULLPEN_PITCHER,True,QA_VALIDATED_CANONICAL_V4,,,
669467,95.0,1.0,0.0,40.0,1.0,145.0,Top,823075,https://raw.githubusercontent.com/lancebroz/mlb-pitcher-data/main/data/raw/2026/daily/2026-04-12.parquet,False,2026-04-12,2026-04-12T18:15:00Z,STL,BOS,H,Andre Pallante,True,STARTER,95,27,15,7,6,9,1,2,1,https://statsapi.mlb.com/api/v1.1/game/823075/feed/live,both,True,P,Pitcher,STARTER/OPENER/BULK,True,QA_VALIDATED_CANONICAL_V4,,,
677161,23.0,8.0,65.0,77.0,233.0,280.0,Bot,823075,https://raw.githubusercontent.com/lancebroz/mlb-pitcher-data/main/data/raw/2026/daily/2026-04-12.parquet,False,2026-04-12,2026-04-12T18:15:00Z,BOS,STL,A,Zack Kelly,False,RELIEF_OR_BULK,23,7,6,1,1,1,0,2,1,https://statsapi.mlb.com/api/v1.1/game/823075/feed/live,both,True,P,Pitcher,BULLPEN_PITCHER,True,QA_VALIDATED_CANONICAL_V4,,,
678394,94.0,1.0,5.0,60.0,25.0,214.0,Bot,823075,https://raw.githubusercontent.com/lancebroz/mlb-pitcher-data/main/data/raw/2026/daily/2026-04-12.parquet,False,2026-04-12,2026-04-12T18:15:00Z,BOS,STL,A,Brayan Bello,True,STARTER,94,27,20,2,2,6,2,2,1,https://statsapi.mlb.com/api/v1.1/game/823075/feed/live,both,True,P,Pitcher,STARTER/OPENER/BULK,True,QA_VALIDATED_CANONICAL_V4,,,
694363,50.0,7.0,54.0,74.0,190.0,271.0,Top,823075,https://raw.githubusercontent.com/lancebroz/mlb-pitcher-data/main/data/raw/2026/daily/2026-04-12.parquet,False,2026-04-12,2026-04-12T18:15:00Z,STL,BOS,H,Jared Shuster,False,RELIEF_OR_BULK,50,13,9,2,2,2,2,1,0,https://statsapi.mlb.com/api/v1.1/game/823075/feed/live,both,True,P,Pitcher,BULLPEN_PITCHER,True,QA_VALIDATED_CANONICAL_V4,,,
650556,27.0,8.0,65.0,69.0,101.0,257.0,Bot,823154,https://baseballsavant.mlb.com/statcast_search/csv?all=true&type=details&game_pk=823154,True,2026-04-12,2026-04-12T20:10:00Z,HOU,SEA,A,Bryan Abreu,False,RELIEF_OR_BULK,27,5,3,0,0,1,1,1,0,https://statsapi.mlb.com/api/v1.1/game/823154/feed/live,both,True,P,Pitcher,BULLPEN_PITCHER,True,QA_VALIDATED_CANONICAL_V4,,,
660853,13.0,6.0,55.0,61.0,169.0,258.0,Bot,823154,https://baseballsavant.mlb.com/statcast_search/csv?all=true&type=details&game_pk=823154,True,2026-04-12,2026-04-12T20:10:00Z,HOU,SEA,A,Enyel De Los Santos,False,RELIEF_OR_BULK,13,4,4,0,0,0,0,0,0,https://statsapi.mlb.com/api/v1.1/game/823154/feed/live,both,True,P,Pitcher,BULLPEN_PITCHER,True,QA_VALIDATED_CANONICAL_V4,,,
669302,85.0,1.0,1.0,58.0,1.0,255.0,Top,823154,https://baseballsavant.mlb.com/statcast_search/csv?all=true&type=details&game_pk=823154,True,2026-04-12,2026-04-12T20:10:00Z,SEA,HOU,H,Logan Gilbert,True,STARTER,85,24,21,1,1,4,1,7,1,https://statsapi.mlb.com/api/v1.1/game/823154/feed/live,both,True,P,Pitcher,STARTER/OPENER/BULK,True,QA_VALIDATED_CANONICAL_V4,,,
675989,42.0,1.0,4.0,16.0,44.0,260.0,Bot,823154,https://baseballsavant.mlb.com/statcast_search/csv?all=true&type=details&game_pk=823154,True,2026-04-12,2026-04-12T20:10:00Z,HOU,SEA,A,Cody Bolton,True,STARTER,42,9,3,2,2,1,4,1,0,https://statsapi.mlb.com/api/v1.1/game/823154/feed/live,both,True,P,Pitcher,STARTER/OPENER/BULK,True,QA_VALIDATED_CANONICAL_V4,,,
678606,6.0,8.0,62.0,64.0,213.0,259.0,Top,823154,https://baseballsavant.mlb.com/statcast_search/csv?all=true&type=details&game_pk=823154,True,2026-04-12,2026-04-12T20:10:00Z,SEA,HOU,H,José A. Ferrer,False,RELIEF_OR_BULK,6,3,3,0,0,0,0,0,0,https://statsapi.mlb.com/api/v1.1/game/823154/feed/live,both,True,P,Pitcher,BULLPEN_PITCHER,True,QA_VALIDATED_CANONICAL_V4,,,
681151,38.0,2.0,16.0,29.0,55.0,254.0,Bot,823154,https://baseballsavant.mlb.com/statcast_search/csv?all=true&type=details&game_pk=823154,True,2026-04-12,2026-04-12T20:10:00Z,HOU,SEA,A,Jayden Murray,False,RELIEF_OR_BULK,38,11,6,2,2,2,3,3,0,https://statsapi.mlb.com/api/v1.1/game/823154/feed/live,both,True,P,Pitcher,BULLPEN_PITCHER,True,QA_VALIDATED_CANONICAL_V4,,,
681867,9.0,9.0,70.0,72.0,196.0,253.0,Top,823154,https://baseballsavant.mlb.com/statcast_search/csv?all=true&type=details&game_pk=823154,True,2026-04-12,2026-04-12T20:10:00Z,SEA,HOU,H,Cooper Criswell,False,RELIEF_OR_BULK,9,3,3,0,0,1,0,1,0,https://statsapi.mlb.com/api/v1.1/game/823154/feed/live,both,True,P,Pitcher,BULLPEN_PITCHER,True,QA_VALIDATED_CANONICAL_V4,,,
685005,40.0,4.0,34.0,54.0,50.0,256.0,Bot,823154,https://baseballsavant.mlb.com/statcast_search/csv?all=true&type=details&game_pk=823154,True,2026-04-12,2026-04-12T20:10:00Z,HOU,SEA,A,Christian Roa,False,RELIEF_OR_BULK,40,13,8,2,2,4,1,2,0,https://statsapi.mlb.com/api/v1.1/game/823154/feed/live,both,True,P,Pitcher,BULLPEN_PITCHER,True,QA_VALIDATED_CANONICAL_V4,,,
593974,11.0,8.0,61.0,63.0,190.0,281.0,Top,823317,https://baseballsavant.mlb.com/statcast_search/csv?all=true&type=details&game_pk=823317,True,2026-04-12,2026-04-12T20:10:00Z,SD,COL,H,Wandy Peralta,False,RELIEF_OR_BULK,11,3,3,0,0,0,0,1,0,https://statsapi.mlb.com/api/v1.1/game/823317/feed/live,both,True,P,Pitcher,BULLPEN_PITCHER,True,QA_VALIDATED_CANONICAL_V4,,,
601713,46.0,1.0,1.0,25.0,46.0,279.0,Top,823317,https://baseballsavant.mlb.com/statcast_search/csv?all=true&type=details&game_pk=823317,True,2026-04-12,2026-04-12T20:10:00Z,SD,COL,H,Nick Pivetta,True,STARTER,46,9,9,0,0,0,0,4,0,https://statsapi.mlb.com/api/v1.1/game/823317/feed/live,both,True,P,Pitcher,STARTER/OPENER/BULK,True,QA_VALIDATED_CANONICAL_V4,,,
606996,34.0,4.0,25.0,43.0,71.0,277.0,Top,823317,https://baseballsavant.mlb.com/statcast_search/csv?all=true&type=details&game_pk=823317,True,2026-04-12,2026-04-12T20:10:00Z,SD,COL,H,Kyle Hart,False,RELIEF_OR_BULK,34,10,7,2,2,1,1,1,0,https://statsapi.mlb.com/api/v1.1/game/823317/feed/live,both,True,P,Pitcher,BULLPEN_PITCHER,True,QA_VALIDATED_CANONICAL_V4,,,
623474,24.0,1.0,4.0,9.0,112.0,278.0,Bot,823317,https://baseballsavant.mlb.com/statcast_search/csv?all=true&type=details&game_pk=823317,True,2026-04-12,2026-04-12T20:10:00Z,COL,SD,A,Jimmy Herget,True,STARTER,24,6,3,1,1,1,1,0,0,https://statsapi.mlb.com/api/v1.1/game/823317/feed/live,both,True,P,Pitcher,STARTER/OPENER/BULK,True,QA_VALIDATED_CANONICAL_V4,,,
657514,5.0,7.0,60.0,60.0,240.0,282.0,Bot,823317,https://baseballsavant.mlb.com/statcast_search/csv?all=true&type=details&game_pk=823317,True,2026-04-12,2026-04-12T20:10:00Z,COL,SD,A,Brennan Bernardino,False,RELIEF_OR_BULK,5,1,2,0,0,0,0,0,0,https://statsapi.mlb.com/api/v1.1/game/823317/feed/live,both,True,P,Pitcher,BULLPEN_PITCHER,True,QA_VALIDATED_CANONICAL_V4,,,
678368,90.0,3.0,20.0,59.0,1.0,285.0,Bot,823317,https://baseballsavant.mlb.com/statcast_search/csv?all=true&type=details&game_pk=823317,True,2026-04-12,2026-04-12T20:10:00Z,COL,SD,A,Valente Bellozo,False,RELIEF_OR_BULK,90,24,13,5,5,8,4,1,3,https://statsapi.mlb.com/api/v1.1/game/823317/feed/live,both,True,P,Pitcher,BULLPEN_PITCHER,True,QA_VALIDATED_CANONICAL_V4,,,
680767,13.0,8.0,64.0,66.0,169.0,276.0,Bot,823317,https://baseballsavant.mlb.com/statcast_search/csv?all=true&type=details&game_pk=823317,True,2026-04-12,2026-04-12T20:10:00Z,COL,SD,A,Victor Vodnik,False,RELIEF_OR_BULK,13,3,3,0,0,0,1,1,0,https://statsapi.mlb.com/api/v1.1/game/823317/feed/live,both,True,P,Pitcher,BULLPEN_PITCHER,True,QA_VALIDATED_CANONICAL_V4,,,
688158,33.0,6.0,44.0,54.0,74.0,280.0,Top,823317,https://baseballsavant.mlb.com/statcast_search/csv?all=true&type=details&game_pk=823317,True,2026-04-12,2026-04-12T20:10:00Z,SD,COL,H,David Morgan,False,RELIEF_OR_BULK,33,6,5,0,0,0,1,4,0,https://statsapi.mlb.com/api/v1.1/game/823317/feed/live,both,True,P,Pitcher,BULLPEN_PITCHER,True,QA_VALIDATED_CANONICAL_V4,,,
699134,19.0,9.0,67.0,70.0,138.0,284.0,Top,823317,https://baseballsavant.mlb.com/statcast_search/csv?all=true&type=details&game_pk=823317,True,2026-04-12,2026-04-12T20:10:00Z,SD,COL,H,Bradgley Rodriguez,False,RELIEF_OR_BULK,19,4,3,0,0,1,0,2,0,https://statsapi.mlb.com/api/v1.1/game/823317/feed/live,both,True,P,Pitcher,BULLPEN_PITCHER,True,QA_VALIDATED_CANONICAL_V4,,,
801403,10.0,2.0,13.0,16.0,199.0,283.0,Bot,823317,https://baseballsavant.mlb.com/statcast_search/csv?all=true&type=details&game_pk=823317,True,2026-04-12,2026-04-12T20:10:00Z,COL,SD,A,Chase Dollander,False,RELIEF_OR_BULK,10,4,3,1,1,1,0,0,0,https://statsapi.mlb.com/api/v1.1/game/823317/feed/live,both,True,P,Pitcher,BULLPEN_PITCHER,True,QA_VALIDATED_CANONICAL_V4,,,
621237,13.0,8.0,57.0,59.0,226.0,238.0,Top,823479,https://raw.githubusercontent.com/lancebroz/mlb-pitcher-data/main/data/raw/2026/daily/2026-04-12.parquet,False,2026-04-12,2026-04-12T17:35:00Z,PHI,AZ,H,José Alvarado,False,RELIEF_OR_BULK,13,3,1,2,2,2,0,0,0,https://statsapi.mlb.com/api/v1.1/game/823479/feed/live,both,True,P,Pitcher,BULLPEN_PITCHER,True,QA_VALIDATED_CANONICAL_V4,,,
623149,11.0,9.0,71.0,73.0,283.0,293.0,Bot,823479,https://raw.githubusercontent.com/lancebroz/mlb-pitcher-data/main/data/raw/2026/daily/2026-04-12.parquet,False,2026-04-12,2026-04-12T17:35:00Z,AZ,PHI,A,Paul Sewald,False,RELIEF_OR_BULK,11,3,3,0,0,0,0,2,0,https://statsapi.mlb.com/api/v1.1/game/823479/feed/live,both,True,P,Pitcher,BULLPEN_PITCHER,True,QA_VALIDATED_CANONICAL_V4,,,
641835,9.0,9.0,68.0,70.0,274.0,282.0,Top,823479,https://raw.githubusercontent.com/lancebroz/mlb-pitcher-data/main/data/raw/2026/daily/2026-04-12.parquet,False,2026-04-12,2026-04-12T17:35:00Z,PHI,AZ,H,Tim Mayza,False,RELIEF_OR_BULK,9,3,3,0,0,0,0,1,0,https://statsapi.mlb.com/api/v1.1/game/823479/feed/live,both,True,P,Pitcher,BULLPEN_PITCHER,True,QA_VALIDATED_CANONICAL_V4,,,
642528,9.0,6.0,46.0,48.0,188.0,196.0,Bot,823479,https://raw.githubusercontent.com/lancebroz/mlb-pitcher-data/main/data/raw/2026/daily/2026-04-12.parquet,False,2026-04-12,2026-04-12T17:35:00Z,AZ,PHI,A,Jonathan Loáisiga,False,RELIEF_OR_BULK,9,3,3,0,0,0,0,0,0,https://statsapi.mlb.com/api/v1.1/game/823479/feed/live,both,True,P,Pitcher,BULLPEN_PITCHER,True,QA_VALIDATED_CANONICAL_V4,,,
647315,37.0,1.0,0.0,11.0,1.0,46.0,Top,823479,https://raw.githubusercontent.com/lancebroz/mlb-pitcher-data/main/data/raw/2026/daily/2026-04-12.parquet,False,2026-04-12,2026-04-12T17:35:00Z,PHI,AZ,H,Zach Pop,True,STARTER,37,9,6,1,1,3,0,1,0,https://statsapi.mlb.com/api/v1.1/game/823479/feed/live,both,True,P,Pitcher,STARTER/OPENER/BULK,True,QA_VALIDATED_CANONICAL_V4,,,
656464,12.0,8.0,64.0,66.0,257.0,268.0,Bot,823479,https://raw.githubusercontent.com/lancebroz/mlb-pitcher-data/main/data/raw/2026/daily/2026-04-12.parquet,False,2026-04-12,2026-04-12T17:35:00Z,AZ,PHI,A,Kevin Ginkel,False,RELIEF_OR_BULK,12,3,1,0,0,1,1,1,0,https://statsapi.mlb.com/api/v1.1/game/823479/feed/live,both,True,P,Pitcher,BULLPEN_PITCHER,True,QA_VALIDATED_CANONICAL_V4,,,
657044,5.0,8.0,67.0,67.0,269.0,273.0,Bot,823479,https://raw.githubusercontent.com/lancebroz/mlb-pitcher-data/main/data/raw/2026/daily/2026-04-12.parquet,False,2026-04-12,2026-04-12T17:35:00Z,AZ,PHI,A,Ryan Thompson,False,RELIEF_OR_BULK,5,1,2,0,0,0,0,0,0,https://statsapi.mlb.com/api/v1.1/game/823479/feed/live,both,True,P,Pitcher,BULLPEN_PITCHER,True,QA_VALIDATED_CANONICAL_V4,,,
664199,15.0,7.0,53.0,56.0,211.0,225.0,Bot,823479,https://raw.githubusercontent.com/lancebroz/mlb-pitcher-data/main/data/raw/2026/daily/2026-04-12.parquet,False,2026-04-12,2026-04-12T17:35:00Z,AZ,PHI,A,Taylor Clarke,False,RELIEF_OR_BULK,15,4,3,0,0,1,0,0,0,https://statsapi.mlb.com/api/v1.1/game/823479/feed/live,both,True,P,Pitcher,BULLPEN_PITCHER,True,QA_VALIDATED_CANONICAL_V4,,,
668678,84.0,1.0,4.0,45.0,19.0,187.0,Bot,823479,https://raw.githubusercontent.com/lancebroz/mlb-pitcher-data/main/data/raw/2026/daily/2026-04-12.parquet,False,2026-04-12,2026-04-12T17:35:00Z,AZ,PHI,A,Zac Gallen,True,STARTER,84,22,15,3,3,8,1,2,1,https://statsapi.mlb.com/api/v1.1/game/823479/feed/live,both,True,P,Pitcher,STARTER/OPENER/BULK,True,QA_VALIDATED_CANONICAL_V4,,,
680742,18.0,8.0,60.0,63.0,239.0,256.0,Top,823479,https://raw.githubusercontent.com/lancebroz/mlb-pitcher-data/main/data/raw/2026/daily/2026-04-12.parquet,False,2026-04-12,2026-04-12T17:35:00Z,PHI,AZ,H,Jonathan Bowlan,False,RELIEF_OR_BULK,18,4,2,0,0,1,1,2,0,https://statsapi.mlb.com/api/v1.1/game/823479/feed/live,both,True,P,Pitcher,BULLPEN_PITCHER,True,QA_VALIDATED_CANONICAL_V4,,,
691725,80.0,3.0,17.0,52.0,74.0,210.0,Top,823479,https://raw.githubusercontent.com/lancebroz/mlb-pitcher-data/main/data/raw/2026/daily/2026-04-12.parquet,False,2026-04-12,2026-04-12T17:35:00Z,PHI,AZ,H,Andrew Painter,False,RELIEF_OR_BULK,80,19,15,1,1,3,1,7,0,https://statsapi.mlb.com/api/v1.1/game/823479/feed/live,both,True,P,Pitcher,BULLPEN_PITCHER,True,QA_VALIDATED_CANONICAL_V4,,,
605130,17.0,7.0,51.0,57.0,200.0,231.0,Bot,823642,https://raw.githubusercontent.com/lancebroz/mlb-pitcher-data/main/data/raw/2026/daily/2026-04-12.parquet,False,2026-04-12,2026-04-12T17:40:00Z,ATH,NYM,A,Scott Barlow,False,RELIEF_OR_BULK,17,4,3,0,0,0,1,0,0,https://statsapi.mlb.com/api/v1.1/game/823642/feed/live,both,True,P,Pitcher,BULLPEN_PITCHER,True,QA_VALIDATED_CANONICAL_V4,,,
640455,41.0,7.0,46.0,61.0,178.0,252.0,Top,823642,https://raw.githubusercontent.com/lancebroz/mlb-pitcher-data/main/data/raw/2026/daily/2026-04-12.parquet,False,2026-04-12,2026-04-12T17:40:00Z,NYM,ATH,H,Sean Manaea,False,RELIEF_OR_BULK,41,9,9,0,0,0,0,4,0,https://statsapi.mlb.com/api/v1.1/game/823642/feed/live,both,True,P,Pitcher,BULLPEN_PITCHER,True,QA_VALIDATED_CANONICAL_V4,,,
642547,100.0,1.0,0.0,40.0,1.0,161.0,Top,823642,https://raw.githubusercontent.com/lancebroz/mlb-pitcher-data/main/data/raw/2026/daily/2026-04-12.parquet,False,2026-04-12,2026-04-12T17:40:00Z,NYM,ATH,H,Freddy Peralta,True,STARTER,100,25,18,1,1,4,3,6,1,https://statsapi.mlb.com/api/v1.1/game/823642/feed/live,both,True,P,Pitcher,STARTER/OPENER/BULK,True,QA_VALIDATED_CANONICAL_V4,,,
650644,75.0,1.0,4.0,44.0,16.0,175.0,Bot,823642,https://raw.githubusercontent.com/lancebroz/mlb-pitcher-data/main/data/raw/2026/daily/2026-04-12.parquet,False,2026-04-12,2026-04-12T17:40:00Z,ATH,NYM,A,Aaron Civale,True,STARTER,75,20,17,0,0,4,0,3,0,https://statsapi.mlb.com/api/v1.1/game/823642/feed/live,both,True,P,Pitcher,STARTER/OPENER/BULK,True,QA_VALIDATED_CANONICAL_V4,,,
663687,13.0,6.0,45.0,50.0,176.0,199.0,Bot,823642,https://raw.githubusercontent.com/lancebroz/mlb-pitcher-data/main/data/raw/2026/daily/2026-04-12.parquet,False,2026-04-12,2026-04-12T17:40:00Z,ATH,NYM,A,Hogan Harris,False,RELIEF_OR_BULK,13,3,3,0,0,0,0,2,0,https://statsapi.mlb.com/api/v1.1/game/823642/feed/live,both,True,P,Pitcher,BULLPEN_PITCHER,True,QA_VALIDATED_CANONICAL_V4,,,
665660,6.0,8.0,58.0,58.0,232.0,237.0,Bot,823642,https://raw.githubusercontent.com/lancebroz/mlb-pitcher-data/main/data/raw/2026/daily/2026-04-12.parquet,False,2026-04-12,2026-04-12T17:40:00Z,ATH,NYM,A,Elvis Alvarado,False,RELIEF_OR_BULK,6,1,1,0,0,0,0,0,0,https://statsapi.mlb.com/api/v1.1/game/823642/feed/live,both,True,P,Pitcher,BULLPEN_PITCHER,True,QA_VALIDATED_CANONICAL_V4,,,
669270,4.0,9.0,62.0,64.0,253.0,256.0,Bot,823642,https://raw.githubusercontent.com/lancebroz/mlb-pitcher-data/main/data/raw/2026/daily/2026-04-12.parquet,False,2026-04-12,2026-04-12T17:40:00Z,ATH,NYM,A,Joel Kuhnel,False,RELIEF_OR_BULK,4,3,3,0,0,0,0,0,0,https://statsapi.mlb.com/api/v1.1/game/823642/feed/live,both,True,P,Pitcher,BULLPEN_PITCHER,True,QA_VALIDATED_CANONICAL_V4,,,
605540,70.0,1.0,1.0,44.0,3.0,261.0,Top,823804,https://baseballsavant.mlb.com/statcast_search/csv?all=true&type=details&game_pk=823804,True,2026-04-12,2026-04-12T18:10:00Z,MIL,WSH,H,Brandon Woodruff,True,STARTER,70,23,18,2,1,3,1,6,1,https://statsapi.mlb.com/api/v1.1/game/823804/feed/live,both,True,P,Pitcher,STARTER/OPENER/BULK,True,QA_VALIDATED_CANONICAL_V4,,,
641793,71.0,1.0,4.0,41.0,1.0,263.0,Bot,823804,https://baseballsavant.mlb.com/statcast_search/csv?all=true&type=details&game_pk=823804,True,2026-04-12,2026-04-12T18:10:00Z,WSH,MIL,A,Zack Littell,True,STARTER,71,21,15,3,3,6,0,3,3,https://statsapi.mlb.com/api/v1.1/game/823804/feed/live,both,True,P,Pitcher,STARTER/OPENER/BULK,True,QA_VALIDATED_CANONICAL_V4,,,
663765,16.0,9.0,73.0,77.0,131.0,267.0,Top,823804,https://baseballsavant.mlb.com/statcast_search/csv?all=true&type=details&game_pk=823804,True,2026-04-12,2026-04-12T18:10:00Z,MIL,WSH,H,Jake Woodford,False,RELIEF_OR_BULK,16,5,3,0,0,2,0,0,0,https://statsapi.mlb.com/api/v1.1/game/823804/feed/live,both,True,P,Pitcher,BULLPEN_PITCHER,True,QA_VALIDATED_CANONICAL_V4,,,
669371,12.0,7.0,59.0,61.0,160.0,260.0,Bot,823804,https://baseballsavant.mlb.com/statcast_search/csv?all=true&type=details&game_pk=823804,True,2026-04-12,2026-04-12T18:10:00Z,WSH,MIL,A,Cole Henry,False,RELIEF_OR_BULK,12,2,0,2,2,1,1,0,1,https://statsapi.mlb.com/api/v1.1/game/823804/feed/live,both,True,P,Pitcher,BULLPEN_PITCHER,True,QA_VALIDATED_CANONICAL_V4,,,
672582,21.0,7.0,53.0,66.0,107.0,262.0,Top,823804,https://baseballsavant.mlb.com/statcast_search/csv?all=true&type=details&game_pk=823804,True,2026-04-12,2026-04-12T18:10:00Z,MIL,WSH,H,Angel Zerpa,False,RELIEF_OR_BULK,21,7,2,4,4,4,1,0,0,https://statsapi.mlb.com/api/v1.1/game/823804/feed/live,both,True,P,Pitcher,BULLPEN_PITCHER,True,QA_VALIDATED_CANONICAL_V4,,,
676571,16.0,7.0,62.0,72.0,127.0,268.0,Bot,823804,https://baseballsavant.mlb.com/statcast_search/csv?all=true&type=details&game_pk=823804,True,2026-04-12,2026-04-12T18:10:00Z,WSH,MIL,A,PJ Poulin,False,RELIEF_OR_BULK,16,5,4,0,0,1,0,0,0,https://statsapi.mlb.com/api/v1.1/game/823804/feed/live,both,True,P,Pitcher,BULLPEN_PITCHER,True,QA_VALIDATED_CANONICAL_V4,,,
676879,11.0,8.0,67.0,69.0,166.0,266.0,Top,823804,https://baseballsavant.mlb.com/statcast_search/csv?all=true&type=details&game_pk=823804,True,2026-04-12,2026-04-12T18:10:00Z,MIL,WSH,H,Aaron Ashby,False,RELIEF_OR_BULK,11,3,2,0,0,1,0,1,0,https://statsapi.mlb.com/api/v1.1/game/823804/feed/live,both,True,P,Pitcher,BULLPEN_PITCHER,True,QA_VALIDATED_CANONICAL_V4,,,
681402,8.0,9.0,78.0,80.0,193.0,265.0,Bot,823804,https://baseballsavant.mlb.com/statcast_search/csv?all=true&type=details&game_pk=823804,True,2026-04-12,2026-04-12T18:10:00Z,WSH,MIL,A,Gus Varland,False,RELIEF_OR_BULK,8,3,3,0,0,0,0,1,0,https://statsapi.mlb.com/api/v1.1/game/823804/feed/live,both,True,P,Pitcher,BULLPEN_PITCHER,True,QA_VALIDATED_CANONICAL_V4,,,
682842,18.0,7.0,49.0,52.0,116.0,264.0,Top,823804,https://baseballsavant.mlb.com/statcast_search/csv?all=true&type=details&game_pk=823804,True,2026-04-12,2026-04-12T18:10:00Z,MIL,WSH,H,Abner Uribe,False,RELIEF_OR_BULK,18,4,2,2,2,2,0,0,0,https://statsapi.mlb.com/api/v1.1/game/823804/feed/live,both,True,P,Pitcher,BULLPEN_PITCHER,True,QA_VALIDATED_CANONICAL_V4,,,
686610,25.0,6.0,45.0,59.0,93.0,259.0,Bot,823804,https://baseballsavant.mlb.com/statcast_search/csv?all=true&type=details&game_pk=823804,True,2026-04-12,2026-04-12T18:10:00Z,WSH,MIL,A,Ken Waldichuk,False,RELIEF_OR_BULK,25,7,5,1,1,1,1,1,0,https://statsapi.mlb.com/api/v1.1/game/823804/feed/live,both,True,P,Pitcher,BULLPEN_PITCHER,True,QA_VALIDATED_CANONICAL_V4,,,
594798,93.0,1.0,5.0,54.0,23.0,209.0,Bot,823966,https://raw.githubusercontent.com/lancebroz/mlb-pitcher-data/main/data/raw/2026/daily/2026-04-12.parquet,False,2026-04-12,2026-04-12T20:10:00Z,TEX,LAD,A,Jacob deGrom,True,STARTER,93,24,18,1,1,4,3,9,1,https://statsapi.mlb.com/api/v1.1/game/823966/feed/live,both,True,P,Pitcher,STARTER/OPENER/BULK,True,QA_VALIDATED_CANONICAL_V4,,,
596001,19.0,9.0,79.0,82.0,309.0,327.0,Bot,823966,https://raw.githubusercontent.com/lancebroz/mlb-pitcher-data/main/data/raw/2026/daily/2026-04-12.parquet,False,2026-04-12,2026-04-12T20:10:00Z,TEX,LAD,A,Jakob Junis,False,RELIEF_OR_BULK,19,4,3,0,0,0,1,2,0,https://statsapi.mlb.com/api/v1.1/game/823966/feed/live,both,True,P,Pitcher,BULLPEN_PITCHER,True,QA_VALIDATED_CANONICAL_V4,,,
656641,15.0,7.0,59.0,63.0,226.0,240.0,Bot,823966,https://raw.githubusercontent.com/lancebroz/mlb-pitcher-data/main/data/raw/2026/daily/2026-04-12.parquet,False,2026-04-12,2026-04-12T20:10:00Z,TEX,LAD,A,Jacob Latz,False,RELIEF_OR_BULK,15,5,2,1,1,2,1,0,0,https://statsapi.mlb.com/api/v1.1/game/823966/feed/live,both,True,P,Pitcher,BULLPEN_PITCHER,True,QA_VALIDATED_CANONICAL_V4,,,
668390,21.0,7.0,64.0,75.0,241.0,291.0,Bot,823966,https://raw.githubusercontent.com/lancebroz/mlb-pitcher-data/main/data/raw/2026/daily/2026-04-12.parquet,False,2026-04-12,2026-04-12T20:10:00Z,TEX,LAD,A,Cole Winn,False,RELIEF_OR_BULK,21,5,4,0,0,0,1,1,0,https://statsapi.mlb.com/api/v1.1/game/823966/feed/live,both,True,P,Pitcher,BULLPEN_PITCHER,True,QA_VALIDATED_CANONICAL_V4,,,
676263,5.0,6.0,48.0,50.0,194.0,198.0,Top,823966,https://raw.githubusercontent.com/lancebroz/mlb-pitcher-data/main/data/raw/2026/daily/2026-04-12.parquet,False,2026-04-12,2026-04-12T20:10:00Z,LAD,TEX,H,Jack Dreyer,False,RELIEF_OR_BULK,5,3,3,0,0,0,0,0,0,https://statsapi.mlb.com/api/v1.1/game/823966/feed/live,both,True,P,Pitcher,BULLPEN_PITCHER,True,QA_VALIDATED_CANONICAL_V4,,,
676508,26.0,7.0,55.0,66.0,210.0,253.0,Top,823966,https://raw.githubusercontent.com/lancebroz/mlb-pitcher-data/main/data/raw/2026/daily/2026-04-12.parquet,False,2026-04-12,2026-04-12T20:10:00Z,LAD,TEX,H,Ben Casparius,False,RELIEF_OR_BULK,26,6,3,2,2,2,2,1,0,https://statsapi.mlb.com/api/v1.1/game/823966/feed/live,both,True,P,Pitcher,BULLPEN_PITCHER,True,QA_VALIDATED_CANONICAL_V4,,,
683618,17.0,5.0,38.0,47.0,156.0,193.0,Top,823966,https://raw.githubusercontent.com/lancebroz/mlb-pitcher-data/main/data/raw/2026/daily/2026-04-12.parquet,False,2026-04-12,2026-04-12T20:10:00Z,LAD,TEX,H,Edgardo Henriquez,False,RELIEF_OR_BULK,17,5,3,1,0,1,2,0,0,https://statsapi.mlb.com/api/v1.1/game/823966/feed/live,both,True,P,Pitcher,BULLPEN_PITCHER,True,QA_VALIDATED_CANONICAL_V4,,,
694361,37.0,8.0,67.0,78.0,254.0,308.0,Top,823966,https://raw.githubusercontent.com/lancebroz/mlb-pitcher-data/main/data/raw/2026/daily/2026-04-12.parquet,False,2026-04-12,2026-04-12T20:10:00Z,LAD,TEX,H,Will Klein,False,RELIEF_OR_BULK,37,8,6,0,0,2,1,4,0,https://statsapi.mlb.com/api/v1.1/game/823966/feed/live,both,True,P,Pitcher,BULLPEN_PITCHER,True,QA_VALIDATED_CANONICAL_V4,,,
808963,94.0,1.0,0.0,33.0,1.0,141.0,Top,823966,https://raw.githubusercontent.com/lancebroz/mlb-pitcher-data/main/data/raw/2026/daily/2026-04-12.parquet,False,2026-04-12,2026-04-12T20:10:00Z,LAD,TEX,H,Roki Sasaki,True,STARTER,94,22,12,2,2,5,5,6,1,https://statsapi.mlb.com/api/v1.1/game/823966/feed/live,both,True,P,Pitcher,STARTER/OPENER/BULK,True,QA_VALIDATED_CANONICAL_V4,,,
608371,8.0,8.0,69.0,71.0,244.0,251.0,Bot,824126,https://raw.githubusercontent.com/lancebroz/mlb-pitcher-data/main/data/raw/2026/daily/2026-04-12.parquet,False,2026-04-12,2026-04-12T18:10:00Z,CWS,KC,A,Lucas Sims,False,RELIEF_OR_BULK,8,3,3,0,0,0,0,1,0,https://statsapi.mlb.com/api/v1.1/game/824126/feed/live,both,True,P,Pitcher,BULLPEN_PITCHER,True,QA_VALIDATED_CANONICAL_V4,,,
622554,15.0,9.0,76.0,79.0,268.0,282.0,Bot,824126,https://raw.githubusercontent.com/lancebroz/mlb-pitcher-data/main/data/raw/2026/daily/2026-04-12.parquet,False,2026-04-12,2026-04-12T18:10:00Z,CWS,KC,A,Seranthony Domínguez,False,RELIEF_OR_BULK,15,4,3,0,0,0,1,2,0,https://statsapi.mlb.com/api/v1.1/game/824126/feed/live,both,True,P,Pitcher,BULLPEN_PITCHER,True,QA_VALIDATED_CANONICAL_V4,,,
656638,16.0,9.0,72.0,75.0,252.0,267.0,Top,824126,https://raw.githubusercontent.com/lancebroz/mlb-pitcher-data/main/data/raw/2026/daily/2026-04-12.parquet,False,2026-04-12,2026-04-12T18:10:00Z,KC,CWS,H,Alex Lange,False,RELIEF_OR_BULK,16,4,3,0,0,0,1,2,0,https://statsapi.mlb.com/api/v1.1/game/824126/feed/live,both,True,P,Pitcher,BULLPEN_PITCHER,True,QA_VALIDATED_CANONICAL_V4,,,
656794,9.0,3.0,17.0,19.0,63.0,71.0,Bot,824126,https://raw.githubusercontent.com/lancebroz/mlb-pitcher-data/main/data/raw/2026/daily/2026-04-12.parquet,False,2026-04-12,2026-04-12T18:10:00Z,CWS,KC,A,Sean Newcomb,False,RELIEF_OR_BULK,9,3,1,2,2,1,1,0,0,https://statsapi.mlb.com/api/v1.1/game/824126/feed/live,both,True,P,Pitcher,BULLPEN_PITCHER,True,QA_VALIDATED_CANONICAL_V4,,,
663542,21.0,5.0,43.0,53.0,137.0,189.0,Bot,824126,https://raw.githubusercontent.com/lancebroz/mlb-pitcher-data/main/data/raw/2026/daily/2026-04-12.parquet,False,2026-04-12,2026-04-12T18:10:00Z,CWS,KC,A,Bryan Hudson,False,RELIEF_OR_BULK,21,4,3,0,0,0,0,3,0,https://statsapi.mlb.com/api/v1.1/game/824126/feed/live,both,True,P,Pitcher,BULLPEN_PITCHER,True,QA_VALIDATED_CANONICAL_V4,,,
663738,12.0,8.0,65.0,68.0,232.0,243.0,Top,824126,https://raw.githubusercontent.com/lancebroz/mlb-pitcher-data/main/data/raw/2026/daily/2026-04-12.parquet,False,2026-04-12,2026-04-12T18:10:00Z,KC,CWS,H,Daniel Lynch IV,False,RELIEF_OR_BULK,12,4,3,0,0,0,0,1,0,https://statsapi.mlb.com/api/v1.1/game/824126/feed/live,both,True,P,Pitcher,BULLPEN_PITCHER,True,QA_VALIDATED_CANONICAL_V4,,,
663855,18.0,4.0,34.0,42.0,111.0,136.0,Bot,824126,https://raw.githubusercontent.com/lancebroz/mlb-pitcher-data/main/data/raw/2026/daily/2026-04-12.parquet,False,2026-04-12,2026-04-12T18:10:00Z,CWS,KC,A,Jordan Hicks,False,RELIEF_OR_BULK,18,5,4,0,0,2,0,0,0,https://statsapi.mlb.com/api/v1.1/game/824126/feed/live,both,True,P,Pitcher,BULLPEN_PITCHER,True,QA_VALIDATED_CANONICAL_V4,,,
670167,22.0,7.0,55.0,60.0,196.0,217.0,Top,824126,https://raw.githubusercontent.com/lancebroz/mlb-pitcher-data/main/data/raw/2026/daily/2026-04-12.parquet,False,2026-04-12,2026-04-12T18:10:00Z,KC,CWS,H,John Schreiber,False,RELIEF_OR_BULK,22,6,3,1,1,1,1,1,0,https://statsapi.mlb.com/api/v1.1/game/824126/feed/live,both,True,P,Pitcher,BULLPEN_PITCHER,True,QA_VALIDATED_CANONICAL_V4,,,
673929,20.0,6.0,54.0,64.0,190.0,231.0,Bot,824126,https://raw.githubusercontent.com/lancebroz/mlb-pitcher-data/main/data/raw/2026/daily/2026-04-12.parquet,False,2026-04-12,2026-04-12T18:10:00Z,CWS,KC,A,Jordan Leasure,False,RELIEF_OR_BULK,20,5,4,0,0,0,1,0,0,https://statsapi.mlb.com/api/v1.1/game/824126/feed/live,both,True,P,Pitcher,BULLPEN_PITCHER,True,QA_VALIDATED_CANONICAL_V4,,,
683232,17.0,6.0,48.0,50.0,157.0,173.0,Top,824126,https://raw.githubusercontent.com/lancebroz/mlb-pitcher-data/main/data/raw/2026/daily/2026-04-12.parquet,False,2026-04-12,2026-04-12T18:10:00Z,KC,CWS,H,Nick Mears,False,RELIEF_OR_BULK,17,3,2,0,0,0,1,1,0,https://statsapi.mlb.com/api/v1.1/game/824126/feed/live,both,True,P,Pitcher,BULLPEN_PITCHER,True,QA_VALIDATED_CANONICAL_V4,,,
685126,16.0,3.0,23.0,33.0,86.0,110.0,Bot,824126,https://raw.githubusercontent.com/lancebroz/mlb-pitcher-data/main/data/raw/2026/daily/2026-04-12.parquet,False,2026-04-12,2026-04-12T18:10:00Z,CWS,KC,A,Brandon Eisert,False,RELIEF_OR_BULK,16,6,3,2,2,3,0,1,0,https://statsapi.mlb.com/api/v1.1/game/824126/feed/live,both,True,P,Pitcher,BULLPEN_PITCHER,True,QA_VALIDATED_CANONICAL_V4,,,
686563,14.0,3.0,20.0,22.0,72.0,85.0,Bot,824126,https://raw.githubusercontent.com/lancebroz/mlb-pitcher-data/main/data/raw/2026/daily/2026-04-12.parquet,False,2026-04-12,2026-04-12T18:10:00Z,CWS,KC,A,Jonathan Cannon,False,RELIEF_OR_BULK,14,3,0,1,1,0,3,0,0,https://statsapi.mlb.com/api/v1.1/game/824126/feed/live,both,True,P,Pitcher,BULLPEN_PITCHER,True,QA_VALIDATED_CANONICAL_V4,,,
691799,27.0,1.0,3.0,13.0,8.0,52.0,Bot,824126,https://raw.githubusercontent.com/lancebroz/mlb-pitcher-data/main/data/raw/2026/daily/2026-04-12.parquet,False,2026-04-12,2026-04-12T18:10:00Z,CWS,KC,A,Grant Taylor,True,STARTER,27,6,6,0,0,0,0,2,0,https://statsapi.mlb.com/api/v1.1/game/824126/feed/live,both,True,P,Pitcher,STARTER/OPENER/BULK,True,QA_VALIDATED_CANONICAL_V4,,,
702070,67.0,1.0,0.0,47.0,1.0,156.0,Top,824126,https://raw.githubusercontent.com/lancebroz/mlb-pitcher-data/main/data/raw/2026/daily/2026-04-12.parquet,False,2026-04-12,2026-04-12T18:10:00Z,KC,CWS,H,Noah Cameron,True,STARTER,67,23,16,5,5,6,2,4,2,https://statsapi.mlb.com/api/v1.1/game/824126/feed/live,both,True,P,Pitcher,STARTER/OPENER/BULK,True,QA_VALIDATED_CANONICAL_V4,,,
640448,14.0,7.0,54.0,62.0,197.0,226.0,Top,824293,https://raw.githubusercontent.com/lancebroz/mlb-pitcher-data/main/data/raw/2026/daily/2026-04-12.parquet,False,2026-04-12,2026-04-12T17:40:00Z,DET,MIA,H,Kyle Finnegan,False,RELIEF_OR_BULK,14,5,4,0,0,2,0,0,0,https://statsapi.mlb.com/api/v1.1/game/824293/feed/live,both,True,P,Pitcher,BULLPEN_PITCHER,True,QA_VALIDATED_CANONICAL_V4,,,
645261,100.0,1.0,3.0,49.0,13.0,178.0,Bot,824293,https://raw.githubusercontent.com/lancebroz/mlb-pitcher-data/main/data/raw/2026/daily/2026-04-12.parquet,False,2026-04-12,2026-04-12T17:40:00Z,MIA,DET,A,Sandy Alcantara,True,STARTER,100,30,18,7,7,10,2,4,3,https://statsapi.mlb.com/api/v1.1/game/824293/feed/live,both,True,P,Pitcher,STARTER/OPENER/BULK,True,QA_VALIDATED_CANONICAL_V4,,,
657756,15.0,9.0,68.0,72.0,248.0,262.0,Top,824293,https://raw.githubusercontent.com/lancebroz/mlb-pitcher-data/main/data/raw/2026/daily/2026-04-12.parquet,False,2026-04-12,2026-04-12T17:40:00Z,DET,MIA,H,Connor Seabold,False,RELIEF_OR_BULK,15,5,3,1,1,2,0,1,1,https://statsapi.mlb.com/api/v1.1/game/824293/feed/live,both,True,P,Pitcher,BULLPEN_PITCHER,True,QA_VALIDATED_CANONICAL_V4,,,
663969,37.0,7.0,56.0,67.0,202.0,247.0,Bot,824293,https://raw.githubusercontent.com/lancebroz/mlb-pitcher-data/main/data/raw/2026/daily/2026-04-12.parquet,False,2026-04-12,2026-04-12T17:40:00Z,MIA,DET,A,Tyler Phillips,False,RELIEF_OR_BULK,37,9,6,1,1,2,1,2,0,https://statsapi.mlb.com/api/v1.1/game/824293/feed/live,both,True,P,Pitcher,BULLPEN_PITCHER,True,QA_VALIDATED_CANONICAL_V4,,,
669373,96.0,1.0,0.0,53.0,1.0,196.0,Top,824293,https://raw.githubusercontent.com/lancebroz/mlb-pitcher-data/main/data/raw/2026/daily/2026-04-12.parquet,False,2026-04-12,2026-04-12T17:40:00Z,DET,MIA,H,Tarik Skubal,True,STARTER,96,24,20,1,1,2,2,7,0,https://statsapi.mlb.com/api/v1.1/game/824293/feed/live,both,True,P,Pitcher,STARTER/OPENER/BULK,True,QA_VALIDATED_CANONICAL_V4,,,
519141,9.0,9.0,83.0,85.0,335.0,343.0,Bot,824533,https://raw.githubusercontent.com/lancebroz/mlb-pitcher-data/main/data/raw/2026/daily/2026-04-12.parquet,False,2026-04-12,2026-04-12T17:40:00Z,LAA,CIN,A,Drew Pomeranz,False,RELIEF_OR_BULK,9,3,3,1,1,1,0,1,1,https://statsapi.mlb.com/api/v1.1/game/824533/feed/live,both,True,P,Pitcher,BULLPEN_PITCHER,True,QA_VALIDATED_CANONICAL_V4,,,
594580,31.0,7.0,56.0,68.0,222.0,273.0,Top,824533,https://raw.githubusercontent.com/lancebroz/mlb-pitcher-data/main/data/raw/2026/daily/2026-04-12.parquet,False,2026-04-12,2026-04-12T17:40:00Z,CIN,LAA,H,Sam Moll,False,RELIEF_OR_BULK,31,9,5,1,0,0,3,1,0,https://statsapi.mlb.com/api/v1.1/game/824533/feed/live,both,True,P,Pitcher,BULLPEN_PITCHER,True,QA_VALIDATED_CANONICAL_V4,,,
656271,25.0,6.0,47.0,55.0,193.0,221.0,Top,824533,https://raw.githubusercontent.com/lancebroz/mlb-pitcher-data/main/data/raw/2026/daily/2026-04-12.parquet,False,2026-04-12,2026-04-12T17:40:00Z,CIN,LAA,H,Brock Burke,False,RELIEF_OR_BULK,25,6,4,1,1,1,1,0,0,https://statsapi.mlb.com/api/v1.1/game/824533/feed/live,both,True,P,Pitcher,BULLPEN_PITCHER,True,QA_VALIDATED_CANONICAL_V4,,,
667755,106.0,1.0,8.0,61.0,29.0,249.0,Bot,824533,https://raw.githubusercontent.com/lancebroz/mlb-pitcher-data/main/data/raw/2026/daily/2026-04-12.parquet,False,2026-04-12,2026-04-12T17:40:00Z,LAA,CIN,A,José Soriano,True,STARTER,106,26,21,0,0,2,3,10,0,https://statsapi.mlb.com/api/v1.1/game/824533/feed/live,both,True,P,Pitcher,STARTER/OPENER/BULK,True,QA_VALIDATED_CANONICAL_V4,,,
671096,71.0,1.0,0.0,27.0,1.0,113.0,Top,824533,https://raw.githubusercontent.com/lancebroz/mlb-pitcher-data/main/data/raw/2026/daily/2026-04-12.parquet,False,2026-04-12,2026-04-12T17:40:00Z,CIN,LAA,H,Andrew Abbott,True,STARTER,71,18,9,7,7,8,2,1,1,https://statsapi.mlb.com/api/v1.1/game/824533/feed/live,both,True,P,Pitcher,STARTER/OPENER/BULK,True,QA_VALIDATED_CANONICAL_V4,,,
680704,17.0,8.0,76.0,82.0,307.0,334.0,Bot,824533,https://raw.githubusercontent.com/lancebroz/mlb-pitcher-data/main/data/raw/2026/daily/2026-04-12.parquet,False,2026-04-12,2026-04-12T17:40:00Z,LAA,CIN,A,Nick Sandlin,False,RELIEF_OR_BULK,17,4,1,2,2,1,0,0,0,https://statsapi.mlb.com/api/v1.1/game/824533/feed/live,both,True,P,Pitcher,BULLPEN_PITCHER,True,QA_VALIDATED_CANONICAL_V4,,,
683175,11.0,9.0,77.0,79.0,314.0,324.0,Top,824533,https://raw.githubusercontent.com/lancebroz/mlb-pitcher-data/main/data/raw/2026/daily/2026-04-12.parquet,False,2026-04-12,2026-04-12T17:40:00Z,CIN,LAA,H,Connor Phillips,False,RELIEF_OR_BULK,11,3,3,0,0,0,0,1,0,https://statsapi.mlb.com/api/v1.1/game/824533/feed/live,both,True,P,Pitcher,BULLPEN_PITCHER,True,QA_VALIDATED_CANONICAL_V4,,,
693312,40.0,4.0,28.0,42.0,114.0,174.0,Top,824533,https://raw.githubusercontent.com/lancebroz/mlb-pitcher-data/main/data/raw/2026/daily/2026-04-12.parquet,False,2026-04-12,2026-04-12T17:40:00Z,CIN,LAA,H,Kyle Nicolas,False,RELIEF_OR_BULK,40,10,6,0,0,1,3,0,0,https://statsapi.mlb.com/api/v1.1/game/824533/feed/live,both,True,P,Pitcher,BULLPEN_PITCHER,True,QA_VALIDATED_CANONICAL_V4,,,
696147,33.0,8.0,69.0,75.0,274.0,306.0,Bot,824533,https://raw.githubusercontent.com/lancebroz/mlb-pitcher-data/main/data/raw/2026/daily/2026-04-12.parquet,False,2026-04-12,2026-04-12T17:40:00Z,LAA,CIN,A,Sam Bachman,False,RELIEF_OR_BULK,33,7,2,3,3,2,3,1,0,https://statsapi.mlb.com/api/v1.1/game/824533/feed/live,both,True,P,Pitcher,BULLPEN_PITCHER,True,QA_VALIDATED_CANONICAL_V4,,,
592791,102.0,1.0,0.0,47.0,1.0,188.0,Top,824696,https://raw.githubusercontent.com/lancebroz/mlb-pitcher-data/main/data/raw/2026/daily/2026-04-12.parquet,False,2026-04-12,2026-04-12T18:20:00Z,CHC,PIT,H,Jameson Taillon,True,STARTER,102,26,18,6,6,6,2,10,3,https://statsapi.mlb.com/api/v1.1/game/824696/feed/live,both,True,P,Pitcher,STARTER/OPENER/BULK,True,QA_VALIDATED_CANONICAL_V4,,,
664353,22.0,9.0,75.0,79.0,303.0,324.0,Bot,824696,https://raw.githubusercontent.com/lancebroz/mlb-pitcher-data/main/data/raw/2026/daily/2026-04-12.parquet,False,2026-04-12,2026-04-12T18:20:00Z,PIT,CHC,A,José Urquidy,False,RELIEF_OR_BULK,22,5,1,1,1,3,1,0,0,https://statsapi.mlb.com/api/v1.1/game/824696/feed/live,both,True,P,Pitcher,BULLPEN_PITCHER,True,QA_VALIDATED_CANONICAL_V4,,,
664875,29.0,8.0,65.0,70.0,258.0,286.0,Bot,824696,https://raw.githubusercontent.com/lancebroz/mlb-pitcher-data/main/data/raw/2026/daily/2026-04-12.parquet,False,2026-04-12,2026-04-12T18:20:00Z,PIT,CHC,A,Justin Lawrence,False,RELIEF_OR_BULK,29,6,3,2,1,1,2,2,0,https://statsapi.mlb.com/api/v1.1/game/824696/feed/live,both,True,P,Pitcher,BULLPEN_PITCHER,True,QA_VALIDATED_CANONICAL_V4,,,
681799,13.0,8.0,62.0,64.0,245.0,257.0,Top,824696,https://raw.githubusercontent.com/lancebroz/mlb-pitcher-data/main/data/raw/2026/daily/2026-04-12.parquet,False,2026-04-12,2026-04-12T18:20:00Z,CHC,PIT,H,Ethan Roberts,False,RELIEF_OR_BULK,13,3,2,0,0,0,0,1,0,https://statsapi.mlb.com/api/v1.1/game/824696/feed/live,both,True,P,Pitcher,BULLPEN_PITCHER,True,QA_VALIDATED_CANONICAL_V4,,,
682995,32.0,6.0,49.0,59.0,194.0,238.0,Bot,824696,https://raw.githubusercontent.com/lancebroz/mlb-pitcher-data/main/data/raw/2026/daily/2026-04-12.parquet,False,2026-04-12,2026-04-12T18:20:00Z,PIT,CHC,A,Hunter Barco,False,RELIEF_OR_BULK,32,8,5,1,1,1,2,1,0,https://statsapi.mlb.com/api/v1.1/game/824696/feed/live,both,True,P,Pitcher,BULLPEN_PITCHER,True,QA_VALIDATED_CANONICAL_V4,,,
694037,16.0,9.0,71.0,74.0,287.0,302.0,Top,824696,https://raw.githubusercontent.com/lancebroz/mlb-pitcher-data/main/data/raw/2026/daily/2026-04-12.parquet,False,2026-04-12,2026-04-12T18:20:00Z,CHC,PIT,H,Daniel Palencia,False,RELIEF_OR_BULK,16,4,3,0,0,0,1,2,0,https://statsapi.mlb.com/api/v1.1/game/824696/feed/live,both,True,P,Pitcher,BULLPEN_PITCHER,True,QA_VALIDATED_CANONICAL_V4,,,
696149,91.0,1.0,5.0,48.0,21.0,193.0,Bot,824696,https://raw.githubusercontent.com/lancebroz/mlb-pitcher-data/main/data/raw/2026/daily/2026-04-12.parquet,False,2026-04-12,2026-04-12T18:20:00Z,PIT,CHC,A,Bubba Chandler,True,STARTER,91,23,16,3,3,5,2,4,2,https://statsapi.mlb.com/api/v1.1/game/824696/feed/live,both,True,P,Pitcher,STARTER/OPENER/BULK,True,QA_VALIDATED_CANONICAL_V4,,,
702303,19.0,7.0,51.0,61.0,201.0,244.0,Top,824696,https://raw.githubusercontent.com/lancebroz/mlb-pitcher-data/main/data/raw/2026/daily/2026-04-12.parquet,False,2026-04-12,2026-04-12T18:20:00Z,CHC,PIT,H,Riley Martin,False,RELIEF_OR_BULK,19,5,4,0,0,1,0,2,0,https://statsapi.mlb.com/api/v1.1/game/824696/feed/live,both,True,P,Pitcher,BULLPEN_PITCHER,True,QA_VALIDATED_CANONICAL_V4,,,
605288,88.0,1.0,3.0,37.0,11.0,156.0,Bot,824859,https://raw.githubusercontent.com/lancebroz/mlb-pitcher-data/main/data/raw/2026/daily/2026-04-12.parquet,False,2026-04-12,2026-04-12T17:35:00Z,SF,BAL,A,Adrian Houser,True,STARTER,88,21,14,4,4,5,2,3,1,https://statsapi.mlb.com/api/v1.1/game/824859/feed/live,both,True,P,Pitcher,STARTER/OPENER/BULK,True,QA_VALIDATED_CANONICAL_V4,,,
657424,21.0,5.0,38.0,45.0,157.0,187.0,Bot,824859,https://raw.githubusercontent.com/lancebroz/mlb-pitcher-data/main/data/raw/2026/daily/2026-04-12.parquet,False,2026-04-12,2026-04-12T17:35:00Z,SF,BAL,A,Matt Gage,False,RELIEF_OR_BULK,21,4,2,1,1,1,1,1,0,https://statsapi.mlb.com/api/v1.1/game/824859/feed/live,both,True,P,Pitcher,BULLPEN_PITCHER,True,QA_VALIDATED_CANONICAL_V4,,,
664141,20.0,8.0,64.0,67.0,266.0,285.0,Bot,824859,https://raw.githubusercontent.com/lancebroz/mlb-pitcher-data/main/data/raw/2026/daily/2026-04-12.parquet,False,2026-04-12,2026-04-12T17:35:00Z,SF,BAL,A,JT Brubaker,False,RELIEF_OR_BULK,20,4,3,0,0,1,1,0,0,https://statsapi.mlb.com/api/v1.1/game/824859/feed/live,both,True,P,Pitcher,BULLPEN_PITCHER,True,QA_VALIDATED_CANONICAL_V4,,,
669062,21.0,7.0,55.0,59.0,230.0,250.0,Bot,824859,https://raw.githubusercontent.com/lancebroz/mlb-pitcher-data/main/data/raw/2026/daily/2026-04-12.parquet,False,2026-04-12,2026-04-12T17:35:00Z,SF,BAL,A,Erik Miller,False,RELIEF_OR_BULK,21,5,3,0,0,1,1,1,0,https://statsapi.mlb.com/api/v1.1/game/824859/feed/live,both,True,P,Pitcher,BULLPEN_PITCHER,True,QA_VALIDATED_CANONICAL_V4,,,
669330,28.0,8.0,60.0,71.0,251.0,298.0,Top,824859,https://raw.githubusercontent.com/lancebroz/mlb-pitcher-data/main/data/raw/2026/daily/2026-04-12.parquet,False,2026-04-12,2026-04-12T17:35:00Z,BAL,SF,H,Tyler Wells,False,RELIEF_OR_BULK,28,8,6,1,1,2,0,1,1,https://statsapi.mlb.com/api/v1.1/game/824859/feed/live,both,True,P,Pitcher,BULLPEN_PITCHER,True,QA_VALIDATED_CANONICAL_V4,,,
676254,20.0,6.0,46.0,54.0,188.0,229.0,Bot,824859,https://raw.githubusercontent.com/lancebroz/mlb-pitcher-data/main/data/raw/2026/daily/2026-04-12.parquet,False,2026-04-12,2026-04-12T17:35:00Z,SF,BAL,A,Ryan Walker,False,RELIEF_OR_BULK,20,5,2,1,1,3,0,2,0,https://statsapi.mlb.com/api/v1.1/game/824859/feed/live,both,True,P,Pitcher,BULLPEN_PITCHER,True,QA_VALIDATED_CANONICAL_V4,,,
689296,3.0,7.0,52.0,52.0,221.0,223.0,Top,824859,https://raw.githubusercontent.com/lancebroz/mlb-pitcher-data/main/data/raw/2026/daily/2026-04-12.parquet,False,2026-04-12,2026-04-12T17:35:00Z,BAL,SF,H,Anthony Nunez,False,RELIEF_OR_BULK,3,1,1,0,0,0,0,1,0,https://statsapi.mlb.com/api/v1.1/game/824859/feed/live,both,True,P,Pitcher,BULLPEN_PITCHER,True,QA_VALIDATED_CANONICAL_V4,,,
700249,97.0,1.0,0.0,51.0,1.0,220.0,Top,824859,https://raw.githubusercontent.com/lancebroz/mlb-pitcher-data/main/data/raw/2026/daily/2026-04-12.parquet,False,2026-04-12,2026-04-12T17:35:00Z,BAL,SF,H,Cade Povich,True,STARTER,97,24,20,1,1,5,0,5,0,https://statsapi.mlb.com/api/v1.1/game/824859/feed/live,both,True,P,Pitcher,STARTER/OPENER/BULK,True,QA_VALIDATED_CANONICAL_V4,,,
519242,97.0,1.0,0.0,51.0,1.0,198.0,Top,824938,https://raw.githubusercontent.com/lancebroz/mlb-pitcher-data/main/data/raw/2026/daily/2026-04-12.parquet,False,2026-04-12,2026-04-12T23:20:00Z,ATL,CLE,H,Chris Sale,True,STARTER,97,26,18,1,1,8,1,6,1,https://statsapi.mlb.com/api/v1.1/game/824938/feed/live,both,True,P,Pitcher,STARTER/OPENER/BULK,True,QA_VALIDATED_CANONICAL_V4,,,
595978,4.0,8.0,74.0,74.0,282.0,285.0,Bot,824938,https://raw.githubusercontent.com/lancebroz/mlb-pitcher-data/main/data/raw/2026/daily/2026-04-12.parquet,False,2026-04-12,2026-04-12T23:20:00Z,CLE,ATL,A,Austin Hedges,False,RELIEF_OR_BULK,4,1,1,0,0,0,0,0,0,https://statsapi.mlb.com/api/v1.1/game/824938/feed/live,both,True,C,Catcher,POSITION_PLAYER_PITCHING,True,EXCLUIR_POSITION_PLAYER_PITCHING,,,
663465,69.0,5.0,46.0,73.0,180.0,281.0,Bot,824938,https://raw.githubusercontent.com/lancebroz/mlb-pitcher-data/main/data/raw/2026/daily/2026-04-12.parquet,False,2026-04-12,2026-04-12T23:20:00Z,CLE,ATL,A,Kolby Allard,False,RELIEF_OR_BULK,69,18,9,5,5,8,1,1,0,https://statsapi.mlb.com/api/v1.1/game/824938/feed/live,both,True,P,Pitcher,BULLPEN_PITCHER,True,QA_VALIDATED_CANONICAL_V4,,,
676440,93.0,1.0,5.0,45.0,18.0,179.0,Bot,824938,https://raw.githubusercontent.com/lancebroz/mlb-pitcher-data/main/data/raw/2026/daily/2026-04-12.parquet,False,2026-04-12,2026-04-12T23:20:00Z,CLE,ATL,A,Tanner Bibee,True,STARTER,93,24,14,8,8,11,1,4,1,https://statsapi.mlb.com/api/v1.1/game/824938/feed/live,both,True,P,Pitcher,STARTER/OPENER/BULK,True,QA_VALIDATED_CANONICAL_V4,,,
689266,33.0,7.0,56.0,78.0,212.0,296.0,Top,824938,https://raw.githubusercontent.com/lancebroz/mlb-pitcher-data/main/data/raw/2026/daily/2026-04-12.parquet,False,2026-04-12,2026-04-12T23:20:00Z,ATL,CLE,H,Dylan Dodd,False,RELIEF_OR_BULK,33,10,9,0,0,1,0,2,0,https://statsapi.mlb.com/api/v1.1/game/824938/feed/live,both,True,P,Pitcher,BULLPEN_PITCHER,True,QA_VALIDATED_CANONICAL_V4,,,
668909,93.0,1.0,4.0,49.0,15.0,218.0,Bot,823073,https://raw.githubusercontent.com/lancebroz/mlb-pitcher-data/main/data/raw/2026/daily/2026-04-13.parquet,False,2026-04-13,2026-04-13T23:45:00Z,CLE,STL,A,Gavin Williams,True,STARTER,93,22,15,2,2,5,2,4,1,https://statsapi.mlb.com/api/v1.1/game/823073/feed/live,both,True,P,Pitcher,STARTER/OPENER/BULK,True,QA_VALIDATED_CANONICAL_V5,1.0,1.0,True
669461,105.0,1.0,0.0,40.0,1.0,185.0,Top,823073,https://raw.githubusercontent.com/lancebroz/mlb-pitcher-data/main/data/raw/2026/daily/2026-04-13.parquet,False,2026-04-13,2026-04-13T23:45:00Z,STL,CLE,H,Matthew Liberatore,True,STARTER,105,23,15,4,4,6,3,2,1,https://statsapi.mlb.com/api/v1.1/game/823073/feed/live,both,True,P,Pitcher,STARTER/OPENER/BULK,True,QA_VALIDATED_CANONICAL_V5,1.0,1.0,True
671922,18.0,9.0,78.0,81.0,324.0,341.0,Bot,823073,https://raw.githubusercontent.com/lancebroz/mlb-pitcher-data/main/data/raw/2026/daily/2026-04-13.parquet,False,2026-04-13,2026-04-13T23:45:00Z,CLE,STL,A,Cade Smith,False,RELIEF_OR_BULK,18,4,3,0,0,1,0,0,0,https://statsapi.mlb.com/api/v1.1/game/823073/feed/live,both,True,P,Pitcher,BULLPEN_PITCHER,True,QA_VALIDATED_CANONICAL_V5,1.0,0.0,True
677865,20.0,6.0,44.0,48.0,198.0,217.0,Top,823073,https://raw.githubusercontent.com/lancebroz/mlb-pitcher-data/main/data/raw/2026/daily/2026-04-13.parquet,False,2026-04-13,2026-04-13T23:45:00Z,STL,CLE,H,Justin Bruihl,False,RELIEF_OR_BULK,20,5,3,2,2,1,1,1,1,https://statsapi.mlb.com/api/v1.1/game/823073/feed/live,both,True,P,Pitcher,BULLPEN_PITCHER,True,QA_VALIDATED_CANONICAL_V5,1.0,0.0,True
681676,31.0,8.0,63.0,77.0,272.0,323.0,Top,823073,https://raw.githubusercontent.com/lancebroz/mlb-pitcher-data/main/data/raw/2026/daily/2026-04-13.parquet,False,2026-04-13,2026-04-13T23:45:00Z,STL,CLE,H,Ryan Fernandez,False,RELIEF_OR_BULK,31,9,5,2,0,4,0,2,0,https://statsapi.mlb.com/api/v1.1/game/823073/feed/live,both,True,P,Pitcher,BULLPEN_PITCHER,True,QA_VALIDATED_CANONICAL_V5,1.0,0.0,True
681870,9.0,7.0,58.0,60.0,253.0,261.0,Bot,823073,https://raw.githubusercontent.com/lancebroz/mlb-pitcher-data/main/data/raw/2026/daily/2026-04-13.parquet,False,2026-04-13,2026-04-13T23:45:00Z,CLE,STL,A,Erik Sabrowski,False,RELIEF_OR_BULK,9,3,3,0,0,0,0,0,0,https://statsapi.mlb.com/api/v1.1/game/823073/feed/live,both,True,P,Pitcher,BULLPEN_PITCHER,True,QA_VALIDATED_CANONICAL_V5,1.0,0.0,True
682120,24.0,6.0,50.0,54.0,219.0,242.0,Bot,823073,https://raw.githubusercontent.com/lancebroz/mlb-pitcher-data/main/data/raw/2026/daily/2026-04-13.parquet,False,2026-04-13,2026-04-13T23:45:00Z,CLE,STL,A,Tim Herrin,False,RELIEF_OR_BULK,24,5,3,0,0,1,1,1,0,https://statsapi.mlb.com/api/v1.1/game/823073/feed/live,both,True,P,Pitcher,BULLPEN_PITCHER,True,QA_VALIDATED_CANONICAL_V5,1.0,0.0,True
683769,21.0,8.0,68.0,73.0,290.0,310.0,Bot,823073,https://raw.githubusercontent.com/lancebroz/mlb-pitcher-data/main/data/raw/2026/daily/2026-04-13.parquet,False,2026-04-13,2026-04-13T23:45:00Z,CLE,STL,A,Hunter Gaddis,False,RELIEF_OR_BULK,21,6,3,1,1,2,1,1,0,https://statsapi.mlb.com/api/v1.1/game/823073/feed/live,both,True,P,Pitcher,BULLPEN_PITCHER,True,QA_VALIDATED_CANONICAL_V5,1.0,0.0,True
700669,20.0,7.0,55.0,62.0,243.0,271.0,Top,823073,https://raw.githubusercontent.com/lancebroz/mlb-pitcher-data/main/data/raw/2026/daily/2026-04-13.parquet,False,2026-04-13,2026-04-13T23:45:00Z,STL,CLE,H,Gordon Graceffo,False,RELIEF_OR_BULK,20,5,4,1,0,0,1,1,0,https://statsapi.mlb.com/api/v1.1/game/823073/feed/live,both,True,P,Pitcher,BULLPEN_PITCHER,True,QA_VALIDATED_CANONICAL_V5,1.0,0.0,True
641585,23.0,7.0,55.0,67.0,184.0,224.0,Bot,823153,https://raw.githubusercontent.com/lancebroz/mlb-pitcher-data/main/data/raw/2026/daily/2026-04-13.parquet,False,2026-04-13,2026-04-13T20:10:00Z,HOU,SEA,A,J.P. France,False,RELIEF_OR_BULK,23,8,6,0,0,2,0,0,0,https://statsapi.mlb.com/api/v1.1/game/823153/feed/live,both,True,P,Pitcher,BULLPEN_PITCHER,True,QA_VALIDATED_CANONICAL_V5,1.0,0.0,True
666374,4.0,8.0,63.0,63.0,206.0,209.0,Top,823153,https://raw.githubusercontent.com/lancebroz/mlb-pitcher-data/main/data/raw/2026/daily/2026-04-13.parquet,False,2026-04-13,2026-04-13T20:10:00Z,SEA,HOU,H,Matt Brash,False,RELIEF_OR_BULK,4,1,1,0,0,0,0,0,0,https://statsapi.mlb.com/api/v1.1/game/823153/feed/live,both,True,P,Pitcher,BULLPEN_PITCHER,True,QA_VALIDATED_CANONICAL_V5,1.0,0.0,True
669923,99.0,1.0,0.0,62.0,1.0,205.0,Top,823153,https://raw.githubusercontent.com/lancebroz/mlb-pitcher-data/main/data/raw/2026/daily/2026-04-13.parquet,False,2026-04-13,2026-04-13T20:10:00Z,SEA,HOU,H,George Kirby,True,STARTER,99,29,23,2,2,7,1,6,0,https://statsapi.mlb.com/api/v1.1/game/823153/feed/live,both,True,P,Pitcher,STARTER/OPENER/BULK,True,QA_VALIDATED_CANONICAL_V5,1.0,1.0,True
677961,16.0,9.0,68.0,71.0,225.0,240.0,Top,823153,https://raw.githubusercontent.com/lancebroz/mlb-pitcher-data/main/data/raw/2026/daily/2026-04-13.parquet,False,2026-04-13,2026-04-13T20:10:00Z,SEA,HOU,H,Cole Wilcox,False,RELIEF_OR_BULK,16,4,3,0,0,0,1,0,0,https://statsapi.mlb.com/api/v1.1/game/823153/feed/live,both,True,P,Pitcher,BULLPEN_PITCHER,True,QA_VALIDATED_CANONICAL_V5,1.0,0.0,True
681347,98.0,1.0,4.0,51.0,15.0,174.0,Bot,823153,https://raw.githubusercontent.com/lancebroz/mlb-pitcher-data/main/data/raw/2026/daily/2026-04-13.parquet,False,2026-04-13,2026-04-13T20:10:00Z,HOU,SEA,A,Mike Burrows,True,STARTER,98,30,18,6,6,11,1,3,2,https://statsapi.mlb.com/api/v1.1/game/823153/feed/live,both,True,P,Pitcher,STARTER/OPENER/BULK,True,QA_VALIDATED_CANONICAL_V5,1.0,1.0,True
664353,31.0,7.0,61.0,69.0,97.0,334.0,Top,823400,https://baseballsavant.mlb.com/statcast_search/csv?all=true&type=details&game_pk=823400,True,2026-04-13,2026-04-13T22:40:00Z,PIT,WSH,H,José Urquidy,False,RELIEF_OR_BULK,31,9,3,4,4,6,0,0,1,https://statsapi.mlb.com/api/v1.1/game/823400/feed/live,both,True,P,Pitcher,BULLPEN_PITCHER,True,QA_VALIDATED_CANONICAL_V5,1.0,0.0,True
671131,44.0,5.0,40.0,54.0,51.0,328.0,Bot,823400,https://baseballsavant.mlb.com/statcast_search/csv?all=true&type=details&game_pk=823400,True,2026-04-13,2026-04-13T22:40:00Z,WSH,PIT,A,Jackson Rutledge,False,RELIEF_OR_BULK,44,12,4,7,7,6,2,2,0,https://statsapi.mlb.com/api/v1.1/game/823400/feed/live,both,True,P,Pitcher,BULLPEN_PITCHER,True,QA_VALIDATED_CANONICAL_V5,1.0,0.0,True
676917,48.0,1.0,5.0,19.0,41.0,327.0,Bot,823400,https://baseballsavant.mlb.com/statcast_search/csv?all=true&type=details&game_pk=823400,True,2026-04-13,2026-04-13T22:40:00Z,WSH,PIT,A,Cade Cavalli,True,STARTER,48,12,4,4,4,3,3,2,0,https://statsapi.mlb.com/api/v1.1/game/823400/feed/live,both,True,P,Pitcher,STARTER/OPENER/BULK,True,QA_VALIDATED_CANONICAL_V5,1.0,1.0,True
681895,31.0,8.0,73.0,88.0,94.0,329.0,Top,823400,https://baseballsavant.mlb.com/statcast_search/csv?all=true&type=details&game_pk=823400,True,2026-04-13,2026-04-13T22:40:00Z,PIT,WSH,H,Evan Sisk,False,RELIEF_OR_BULK,31,9,6,0,0,1,1,3,0,https://statsapi.mlb.com/api/v1.1/game/823400/feed/live,both,True,P,Pitcher,BULLPEN_PITCHER,True,QA_VALIDATED_CANONICAL_V5,1.0,0.0,True
686894,21.0,8.0,79.0,85.0,156.0,331.0,Bot,823400,https://baseballsavant.mlb.com/statcast_search/csv?all=true&type=details&game_pk=823400,True,2026-04-13,2026-04-13T22:40:00Z,WSH,PIT,A,Joey Wiemer,False,RELIEF_OR_BULK,21,7,3,1,1,2,1,0,0,https://statsapi.mlb.com/api/v1.1/game/823400/feed/live,both,True,RF,Outfielder,POSITION_PLAYER_PITCHING,True,EXCLUIR_POSITION_PLAYER_PITCHING,1.0,0.0,True
687377,14.0,7.0,70.0,72.0,210.0,333.0,Bot,823400,https://baseballsavant.mlb.com/statcast_search/csv?all=true&type=details&game_pk=823400,True,2026-04-13,2026-04-13T22:40:00Z,WSH,PIT,A,Orlando Ribalta,False,RELIEF_OR_BULK,14,3,3,0,0,0,0,0,0,https://statsapi.mlb.com/api/v1.1/game/823400/feed/live,both,True,P,Pitcher,BULLPEN_PITCHER,True,QA_VALIDATED_CANONICAL_V5,1.0,0.0,True
687606,35.0,2.0,20.0,36.0,76.0,326.0,Bot,823400,https://baseballsavant.mlb.com/statcast_search/csv?all=true&type=details&game_pk=823400,True,2026-04-13,2026-04-13T22:40:00Z,WSH,PIT,A,Paxton Schultz,False,RELIEF_OR_BULK,35,10,8,1,1,2,0,4,1,https://statsapi.mlb.com/api/v1.1/game/823400/feed/live,both,True,P,Pitcher,BULLPEN_PITCHER,True,QA_VALIDATED_CANONICAL_V5,1.0,0.0,True
694973,88.0,1.0,1.0,46.0,1.0,332.0,Top,823400,https://baseballsavant.mlb.com/statcast_search/csv?all=true&type=details&game_pk=823400,True,2026-04-13,2026-04-13T22:40:00Z,PIT,WSH,H,Paul Skenes,True,STARTER,88,20,18,1,1,1,1,6,1,https://statsapi.mlb.com/api/v1.1/game/823400/feed/live,both,True,P,Pitcher,STARTER/OPENER/BULK,True,QA_VALIDATED_CANONICAL_V5,1.0,1.0,True
695418,22.0,6.0,55.0,60.0,147.0,330.0,Bot,823400,https://baseballsavant.mlb.com/statcast_search/csv?all=true&type=details&game_pk=823400,True,2026-04-13,2026-04-13T22:40:00Z,WSH,PIT,A,Brad Lord,False,RELIEF_OR_BULK,22,6,2,3,3,3,1,1,1,https://statsapi.mlb.com/api/v1.1/game/823400/feed/live,both,True,P,Pitcher,BULLPEN_PITCHER,True,QA_VALIDATED_CANONICAL_V5,1.0,0.0,True
650911,96.0,1.0,0.0,53.0,1.0,186.0,Top,823481,https://raw.githubusercontent.com/lancebroz/mlb-pitcher-data/main/data/raw/2026/daily/2026-04-13.parquet,False,2026-04-13,2026-04-13T22:40:00Z,PHI,CHC,H,Cristopher Sánchez,True,STARTER,96,26,18,2,2,6,3,8,1,https://statsapi.mlb.com/api/v1.1/game/823481/feed/live,both,True,P,Pitcher,STARTER/OPENER/BULK,True,QA_VALIDATED_CANONICAL_V5,1.0,1.0,True
656212,62.0,6.0,54.0,84.0,187.0,301.0,Bot,823481,https://raw.githubusercontent.com/lancebroz/mlb-pitcher-data/main/data/raw/2026/daily/2026-04-13.parquet,False,2026-04-13,2026-04-13T22:40:00Z,CHC,PHI,A,Charlie Barnes,False,RELIEF_OR_BULK,62,17,9,4,3,4,3,1,0,https://statsapi.mlb.com/api/v1.1/game/823481/feed/live,both,True,P,Pitcher,BULLPEN_PITCHER,True,QA_VALIDATED_CANONICAL_V5,1.0,0.0,True
657097,8.0,5.0,48.0,49.0,166.0,173.0,Bot,823481,https://raw.githubusercontent.com/lancebroz/mlb-pitcher-data/main/data/raw/2026/daily/2026-04-13.parquet,False,2026-04-13,2026-04-13T22:40:00Z,CHC,PHI,A,Jacob Webb,False,RELIEF_OR_BULK,8,2,2,0,0,0,0,1,0,https://statsapi.mlb.com/api/v1.1/game/823481/feed/live,both,True,P,Pitcher,BULLPEN_PITCHER,True,QA_VALIDATED_CANONICAL_V5,1.0,0.0,True
665871,82.0,1.0,3.0,47.0,14.0,165.0,Bot,823481,https://raw.githubusercontent.com/lancebroz/mlb-pitcher-data/main/data/raw/2026/daily/2026-04-13.parquet,False,2026-04-13,2026-04-13T22:40:00Z,CHC,PHI,A,Javier Assad,True,STARTER,82,26,13,9,9,11,2,3,2,https://statsapi.mlb.com/api/v1.1/game/823481/feed/live,both,True,P,Pitcher,STARTER/OPENER/BULK,True,QA_VALIDATED_CANONICAL_V5,1.0,1.0,True
686751,50.0,7.0,62.0,80.0,219.0,287.0,Top,823481,https://raw.githubusercontent.com/lancebroz/mlb-pitcher-data/main/data/raw/2026/daily/2026-04-13.parquet,False,2026-04-13,2026-04-13T22:40:00Z,PHI,CHC,H,Seth Johnson,False,RELIEF_OR_BULK,50,13,5,5,3,4,2,1,0,https://statsapi.mlb.com/api/v1.1/game/823481/feed/live,both,True,P,Pitcher,BULLPEN_PITCHER,True,QA_VALIDATED_CANONICAL_V5,1.0,0.0,True
689147,18.0,8.0,81.0,88.0,288.0,316.0,Top,823481,https://raw.githubusercontent.com/lancebroz/mlb-pitcher-data/main/data/raw/2026/daily/2026-04-13.parquet,False,2026-04-13,2026-04-13T22:40:00Z,PHI,CHC,H,Orion Kerkering,False,RELIEF_OR_BULK,18,5,4,0,0,1,0,3,0,https://statsapi.mlb.com/api/v1.1/game/823481/feed/live,both,True,P,Pitcher,BULLPEN_PITCHER,True,QA_VALIDATED_CANONICAL_V5,1.0,0.0,True
518585,18.0,4.0,34.0,36.0,165.0,182.0,Top,823563,https://raw.githubusercontent.com/lancebroz/mlb-pitcher-data/main/data/raw/2026/daily/2026-04-13.parquet,False,2026-04-13,2026-04-13T23:05:00Z,NYY,LAA,H,Fernando Cruz,False,RELIEF_OR_BULK,18,3,1,0,0,0,2,0,0,https://statsapi.mlb.com/api/v1.1/game/823563/feed/live,both,True,P,Pitcher,BULLPEN_PITCHER,True,QA_VALIDATED_CANONICAL_V5,1.0,0.0,True
519141,12.0,8.0,77.0,80.0,348.0,359.0,Bot,823563,https://raw.githubusercontent.com/lancebroz/mlb-pitcher-data/main/data/raw/2026/daily/2026-04-13.parquet,False,2026-04-13,2026-04-13T23:05:00Z,LAA,NYY,A,Drew Pomeranz,False,RELIEF_OR_BULK,12,4,3,0,0,1,0,2,0,https://statsapi.mlb.com/api/v1.1/game/823563/feed/live,both,True,P,Pitcher,BULLPEN_PITCHER,True,QA_VALIDATED_CANONICAL_V5,1.0,0.0,True
579328,82.0,1.0,3.0,38.0,20.0,189.0,Bot,823563,https://raw.githubusercontent.com/lancebroz/mlb-pitcher-data/main/data/raw/2026/daily/2026-04-13.parquet,False,2026-04-13,2026-04-13T23:05:00Z,LAA,NYY,A,Yusei Kikuchi,True,STARTER,82,19,10,4,4,4,4,3,2,https://statsapi.mlb.com/api/v1.1/game/823563/feed/live,both,True,P,Pitcher,STARTER/OPENER/BULK,True,QA_VALIDATED_CANONICAL_V5,1.0,1.0,True
605447,25.0,9.0,84.0,88.0,366.0,390.0,Bot,823563,https://raw.githubusercontent.com/lancebroz/mlb-pitcher-data/main/data/raw/2026/daily/2026-04-13.parquet,False,2026-04-13,2026-04-13T23:05:00Z,LAA,NYY,A,Jordan Romano,False,RELIEF_OR_BULK,25,5,0,3,3,3,2,0,1,https://statsapi.mlb.com/api/v1.1/game/823563/feed/live,both,True,P,Pitcher,BULLPEN_PITCHER,True,QA_VALIDATED_CANONICAL_V5,1.0,0.0,True
621112,6.0,9.0,81.0,83.0,360.0,365.0,Top,823563,https://raw.githubusercontent.com/lancebroz/mlb-pitcher-data/main/data/raw/2026/daily/2026-04-13.parquet,False,2026-04-13,2026-04-13T23:05:00Z,NYY,LAA,H,Paul Blackburn,False,RELIEF_OR_BULK,6,3,3,0,0,0,0,0,0,https://statsapi.mlb.com/api/v1.1/game/823563/feed/live,both,True,P,Pitcher,BULLPEN_PITCHER,True,QA_VALIDATED_CANONICAL_V5,1.0,0.0,True
641312,49.0,4.0,39.0,60.0,190.0,273.0,Bot,823563,https://raw.githubusercontent.com/lancebroz/mlb-pitcher-data/main/data/raw/2026/daily/2026-04-13.parquet,False,2026-04-13,2026-04-13T23:05:00Z,LAA,NYY,A,Shaun Anderson,False,RELIEF_OR_BULK,49,12,7,4,4,4,1,1,2,https://statsapi.mlb.com/api/v1.1/game/823563/feed/live,both,True,P,Pitcher,BULLPEN_PITCHER,True,QA_VALIDATED_CANONICAL_V5,1.0,0.0,True
656234,29.0,6.0,54.0,66.0,244.0,298.0,Top,823563,https://raw.githubusercontent.com/lancebroz/mlb-pitcher-data/main/data/raw/2026/daily/2026-04-13.parquet,False,2026-04-13,2026-04-13T23:05:00Z,NYY,LAA,H,Jake Bird,False,RELIEF_OR_BULK,29,7,3,3,3,4,0,1,1,https://statsapi.mlb.com/api/v1.1/game/823563/feed/live,both,True,P,Pitcher,BULLPEN_PITCHER,True,QA_VALIDATED_CANONICAL_V5,1.0,0.0,True
657612,21.0,5.0,41.0,53.0,199.0,243.0,Top,823563,https://raw.githubusercontent.com/lancebroz/mlb-pitcher-data/main/data/raw/2026/daily/2026-04-13.parquet,False,2026-04-13,2026-04-13T23:05:00Z,NYY,LAA,H,Tim Hill,False,RELIEF_OR_BULK,21,7,5,1,1,3,0,0,0,https://statsapi.mlb.com/api/v1.1/game/823563/feed/live,both,True,P,Pitcher,BULLPEN_PITCHER,True,QA_VALIDATED_CANONICAL_V5,1.0,0.0,True
666808,26.0,7.0,67.0,76.0,299.0,347.0,Top,823563,https://raw.githubusercontent.com/lancebroz/mlb-pitcher-data/main/data/raw/2026/daily/2026-04-13.parquet,False,2026-04-13,2026-04-13T23:05:00Z,NYY,LAA,H,Camilo Doval,False,RELIEF_OR_BULK,26,6,4,2,2,2,0,1,1,https://statsapi.mlb.com/api/v1.1/game/823563/feed/live,both,True,P,Pitcher,BULLPEN_PITCHER,True,QA_VALIDATED_CANONICAL_V5,1.0,0.0,True
701542,89.0,1.0,0.0,33.0,1.0,164.0,Top,823563,https://raw.githubusercontent.com/lancebroz/mlb-pitcher-data/main/data/raw/2026/daily/2026-04-13.parquet,False,2026-04-13,2026-04-13T23:05:00Z,NYY,LAA,H,Will Warren,True,STARTER,89,17,11,4,0,3,1,6,0,https://statsapi.mlb.com/api/v1.1/game/823563/feed/live,both,True,P,Pitcher,STARTER/OPENER/BULK,True,QA_VALIDATED_CANONICAL_V5,1.0,1.0,True
815083,33.0,6.0,61.0,71.0,274.0,326.0,Bot,823563,https://raw.githubusercontent.com/lancebroz/mlb-pitcher-data/main/data/raw/2026/daily/2026-04-13.parquet,False,2026-04-13,2026-04-13T23:05:00Z,LAA,NYY,A,Mitch Farris,False,RELIEF_OR_BULK,33,6,4,0,0,2,0,1,0,https://statsapi.mlb.com/api/v1.1/game/823563/feed/live,both,True,P,Pitcher,BULLPEN_PITCHER,True,QA_VALIDATED_CANONICAL_V5,1.0,0.0,True
641927,95.0,1.0,0.0,57.0,1.0,210.0,Top,823725,https://raw.githubusercontent.com/lancebroz/mlb-pitcher-data/main/data/raw/2026/daily/2026-04-13.parquet,False,2026-04-13,2026-04-13T23:40:00Z,MIN,BOS,H,Bailey Ober,True,STARTER,95,26,18,4,4,7,1,7,1,https://statsapi.mlb.com/api/v1.1/game/823725/feed/live,both,True,P,Pitcher,STARTER/OPENER/BULK,True,QA_VALIDATED_CANONICAL_V5,1.0,1.0,True
663558,35.0,2.0,25.0,42.0,87.0,158.0,Bot,823725,https://raw.githubusercontent.com/lancebroz/mlb-pitcher-data/main/data/raw/2026/daily/2026-04-13.parquet,False,2026-04-13,2026-04-13T23:40:00Z,BOS,MIN,A,Jovani Morán,False,RELIEF_OR_BULK,35,9,7,0,0,0,2,2,0,https://statsapi.mlb.com/api/v1.1/game/823725/feed/live,both,True,P,Pitcher,BULLPEN_PITCHER,True,QA_VALIDATED_CANONICAL_V5,1.0,0.0,True
670183,33.0,8.0,71.0,80.0,252.0,293.0,Top,823725,https://raw.githubusercontent.com/lancebroz/mlb-pitcher-data/main/data/raw/2026/daily/2026-04-13.parquet,False,2026-04-13,2026-04-13T23:40:00Z,MIN,BOS,H,Garrett Acton,False,RELIEF_OR_BULK,33,7,6,0,0,0,2,3,0,https://statsapi.mlb.com/api/v1.1/game/823725/feed/live,both,True,P,Pitcher,BULLPEN_PITCHER,True,QA_VALIDATED_CANONICAL_V5,1.0,0.0,True
670245,35.0,5.0,48.0,60.0,170.0,220.0,Bot,823725,https://raw.githubusercontent.com/lancebroz/mlb-pitcher-data/main/data/raw/2026/daily/2026-04-13.parquet,False,2026-04-13,2026-04-13T23:40:00Z,BOS,MIN,A,Ryan Watson,False,RELIEF_OR_BULK,35,8,6,2,2,2,0,2,2,https://statsapi.mlb.com/api/v1.1/game/823725/feed/live,both,True,P,Pitcher,BULLPEN_PITCHER,True,QA_VALIDATED_CANONICAL_V5,1.0,0.0,True
676979,55.0,1.0,3.0,24.0,10.0,86.0,Bot,823725,https://raw.githubusercontent.com/lancebroz/mlb-pitcher-data/main/data/raw/2026/daily/2026-04-13.parquet,False,2026-04-13,2026-04-13T23:40:00Z,BOS,MIN,A,Garrett Crochet,True,STARTER,55,18,5,11,10,9,3,0,2,https://statsapi.mlb.com/api/v1.1/game/823725/feed/live,both,True,P,Pitcher,STARTER/OPENER/BULK,True,QA_VALIDATED_CANONICAL_V5,1.0,1.0,True
679358,23.0,7.0,61.0,67.0,221.0,243.0,Top,823725,https://raw.githubusercontent.com/lancebroz/mlb-pitcher-data/main/data/raw/2026/daily/2026-04-13.parquet,False,2026-04-13,2026-04-13T23:40:00Z,MIN,BOS,H,Eric Orze,False,RELIEF_OR_BULK,23,7,3,2,2,3,1,0,0,https://statsapi.mlb.com/api/v1.1/game/823725/feed/live,both,True,P,Pitcher,BULLPEN_PITCHER,True,QA_VALIDATED_CANONICAL_V5,1.0,0.0,True
701719,17.0,7.0,68.0,76.0,244.0,275.0,Bot,823725,https://raw.githubusercontent.com/lancebroz/mlb-pitcher-data/main/data/raw/2026/daily/2026-04-13.parquet,False,2026-04-13,2026-04-13T23:40:00Z,BOS,MIN,A,Tyler Samaniego,False,RELIEF_OR_BULK,17,6,6,0,0,0,0,0,0,https://statsapi.mlb.com/api/v1.1/game/823725/feed/live,both,True,P,Pitcher,BULLPEN_PITCHER,True,QA_VALIDATED_CANONICAL_V5,1.0,0.0,True
518886,13.0,6.0,43.0,45.0,153.0,165.0,Bot,823964,https://raw.githubusercontent.com/lancebroz/mlb-pitcher-data/main/data/raw/2026/daily/2026-04-13.parquet,False,2026-04-13,2026-04-14T02:10:00Z,NYM,LAD,A,Craig Kimbrel,False,RELIEF_OR_BULK,13,3,3,0,0,1,0,0,0,https://statsapi.mlb.com/api/v1.1/game/823964/feed/live,both,True,P,Pitcher,BULLPEN_PITCHER,True,QA_VALIDATED_CANONICAL_V5,1.0,0.0,True
656849,89.0,1.0,3.0,39.0,17.0,146.0,Bot,823964,https://raw.githubusercontent.com/lancebroz/mlb-pitcher-data/main/data/raw/2026/daily/2026-04-13.parquet,False,2026-04-13,2026-04-14T02:10:00Z,NYM,LAD,A,David Peterson,True,STARTER,89,25,15,4,4,5,4,7,1,https://statsapi.mlb.com/api/v1.1/game/823964/feed/live,both,True,P,Pitcher,STARTER/OPENER/BULK,True,QA_VALIDATED_CANONICAL_V5,1.0,1.0,True
656945,8.0,9.0,62.0,64.0,240.0,247.0,Top,823964,https://raw.githubusercontent.com/lancebroz/mlb-pitcher-data/main/data/raw/2026/daily/2026-04-13.parquet,False,2026-04-13,2026-04-14T02:10:00Z,LAD,NYM,H,Tanner Scott,False,RELIEF_OR_BULK,8,3,3,0,0,1,0,0,0,https://statsapi.mlb.com/api/v1.1/game/823964/feed/live,both,True,P,Pitcher,BULLPEN_PITCHER,True,QA_VALIDATED_CANONICAL_V5,1.0,0.0,True
680702,47.0,7.0,49.0,61.0,175.0,239.0,Bot,823964,https://raw.githubusercontent.com/lancebroz/mlb-pitcher-data/main/data/raw/2026/daily/2026-04-13.parquet,False,2026-04-13,2026-04-14T02:10:00Z,NYM,LAD,A,Joey Gerber,False,RELIEF_OR_BULK,47,9,6,0,0,2,1,5,0,https://statsapi.mlb.com/api/v1.1/game/823964/feed/live,both,True,P,Pitcher,BULLPEN_PITCHER,True,QA_VALIDATED_CANONICAL_V5,1.0,0.0,True
680736,90.0,1.0,0.0,57.0,1.0,223.0,Top,823964,https://raw.githubusercontent.com/lancebroz/mlb-pitcher-data/main/data/raw/2026/daily/2026-04-13.parquet,False,2026-04-13,2026-04-14T02:10:00Z,LAD,NYM,H,Justin Wrobleski,True,STARTER,90,25,24,0,0,2,0,2,0,https://statsapi.mlb.com/api/v1.1/game/823964/feed/live,both,True,P,Pitcher,STARTER/OPENER/BULK,True,QA_VALIDATED_CANONICAL_V5,1.0,1.0,True
544150,40.0,6.0,41.0,58.0,163.0,227.0,Top,824856,https://raw.githubusercontent.com/lancebroz/mlb-pitcher-data/main/data/raw/2026/daily/2026-04-13.parquet,False,2026-04-13,2026-04-13T22:35:00Z,BAL,AZ,H,Albert Suárez,False,RELIEF_OR_BULK,40,10,6,3,3,4,1,0,1,https://statsapi.mlb.com/api/v1.1/game/824856/feed/live,both,True,P,Pitcher,BULLPEN_PITCHER,True,QA_VALIDATED_CANONICAL_V5,1.0,0.0,True
642528,19.0,7.0,59.0,63.0,228.0,246.0,Bot,824856,https://raw.githubusercontent.com/lancebroz/mlb-pitcher-data/main/data/raw/2026/daily/2026-04-13.parquet,False,2026-04-13,2026-04-13T22:35:00Z,AZ,BAL,A,Jonathan Loáisiga,False,RELIEF_OR_BULK,19,5,2,2,2,1,1,0,1,https://statsapi.mlb.com/api/v1.1/game/824856/feed/live,both,True,P,Pitcher,BULLPEN_PITCHER,True,QA_VALIDATED_CANONICAL_V5,1.0,0.0,True
664854,12.0,9.0,72.0,74.0,272.0,283.0,Top,824856,https://raw.githubusercontent.com/lancebroz/mlb-pitcher-data/main/data/raw/2026/daily/2026-04-13.parquet,False,2026-04-13,2026-04-13T22:35:00Z,BAL,AZ,H,Ryan Helsley,False,RELIEF_OR_BULK,12,3,3,0,0,0,0,2,0,https://statsapi.mlb.com/api/v1.1/game/824856/feed/live,both,True,P,Pitcher,BULLPEN_PITCHER,True,QA_VALIDATED_CANONICAL_V5,1.0,0.0,True
665152,80.0,1.0,0.0,35.0,1.0,136.0,Top,824856,https://raw.githubusercontent.com/lancebroz/mlb-pitcher-data/main/data/raw/2026/daily/2026-04-13.parquet,False,2026-04-13,2026-04-13T22:35:00Z,BAL,AZ,H,Dean Kremer,True,STARTER,80,21,15,4,2,6,0,9,3,https://statsapi.mlb.com/api/v1.1/game/824856/feed/live,both,True,P,Pitcher,STARTER/OPENER/BULK,True,QA_VALIDATED_CANONICAL_V5,1.0,1.0,True
669194,92.0,1.0,4.0,49.0,11.0,196.0,Bot,824856,https://raw.githubusercontent.com/lancebroz/mlb-pitcher-data/main/data/raw/2026/daily/2026-04-13.parquet,False,2026-04-13,2026-04-13T22:35:00Z,AZ,BAL,A,Ryne Nelson,True,STARTER,92,22,16,2,1,3,2,7,0,https://statsapi.mlb.com/api/v1.1/game/824856/feed/live,both,True,P,Pitcher,STARTER/OPENER/BULK,True,QA_VALIDATED_CANONICAL_V5,1.0,1.0,True
670329,11.0,8.0,65.0,67.0,249.0,259.0,Top,824856,https://raw.githubusercontent.com/lancebroz/mlb-pitcher-data/main/data/raw/2026/daily/2026-04-13.parquet,False,2026-04-13,2026-04-13T22:35:00Z,BAL,AZ,H,Rico Garcia,False,RELIEF_OR_BULK,11,3,3,0,0,0,0,0,0,https://statsapi.mlb.com/api/v1.1/game/824856/feed/live,both,True,P,Pitcher,BULLPEN_PITCHER,True,QA_VALIDATED_CANONICAL_V5,1.0,0.0,True
688497,15.0,6.0,50.0,55.0,197.0,211.0,Bot,824856,https://raw.githubusercontent.com/lancebroz/mlb-pitcher-data/main/data/raw/2026/daily/2026-04-13.parquet,False,2026-04-13,2026-04-13T22:35:00Z,AZ,BAL,A,Taylor Rashi,False,RELIEF_OR_BULK,15,6,2,4,4,3,1,1,1,https://statsapi.mlb.com/api/v1.1/game/824856/feed/live,both,True,P,Pitcher,BULLPEN_PITCHER,True,QA_VALIDATED_CANONICAL_V5,1.0,0.0,True
694851,14.0,7.0,64.0,71.0,247.0,271.0,Bot,824856,https://raw.githubusercontent.com/lancebroz/mlb-pitcher-data/main/data/raw/2026/daily/2026-04-13.parquet,False,2026-04-13,2026-04-13T22:35:00Z,AZ,BAL,A,Andrew Hoffmann,False,RELIEF_OR_BULK,14,5,4,1,1,1,0,1,1,https://statsapi.mlb.com/api/v1.1/game/824856/feed/live,both,True,P,Pitcher,BULLPEN_PITCHER,True,QA_VALIDATED_CANONICAL_V5,1.0,0.0,True
607481,22.0,5.0,35.0,41.0,127.0,148.0,Top,824937,https://raw.githubusercontent.com/lancebroz/mlb-pitcher-data/main/data/raw/2026/daily/2026-04-13.parquet,False,2026-04-13,2026-04-13T23:15:00Z,ATL,MIA,H,Aaron Bummer,False,RELIEF_OR_BULK,22,7,3,3,3,4,0,2,1,https://statsapi.mlb.com/api/v1.1/game/824937/feed/live,both,True,P,Pitcher,BULLPEN_PITCHER,True,QA_VALIDATED_CANONICAL_V5,1.0,0.0,True
656550,59.0,1.0,0.0,26.0,1.0,96.0,Top,824937,https://raw.githubusercontent.com/lancebroz/mlb-pitcher-data/main/data/raw/2026/daily/2026-04-13.parquet,False,2026-04-13,2026-04-13T23:15:00Z,ATL,MIA,H,Grant Holmes,True,STARTER,59,17,12,3,3,3,2,3,0,https://statsapi.mlb.com/api/v1.1/game/824937/feed/live,both,True,P,Pitcher,STARTER/OPENER/BULK,True,QA_VALIDATED_CANONICAL_V5,1.0,1.0,True
660761,34.0,8.0,68.0,81.0,262.0,318.0,Top,824937,https://raw.githubusercontent.com/lancebroz/mlb-pitcher-data/main/data/raw/2026/daily/2026-04-13.parquet,False,2026-04-13,2026-04-13T23:15:00Z,ATL,MIA,H,José Suarez,False,RELIEF_OR_BULK,34,9,6,1,1,4,0,1,0,https://statsapi.mlb.com/api/v1.1/game/824937/feed/live,both,True,P,Pitcher,BULLPEN_PITCHER,True,QA_VALIDATED_CANONICAL_V5,1.0,0.0,True
667463,6.0,6.0,60.0,60.0,228.0,233.0,Bot,824937,https://raw.githubusercontent.com/lancebroz/mlb-pitcher-data/main/data/raw/2026/daily/2026-04-13.parquet,False,2026-04-13,2026-04-13T23:15:00Z,MIA,ATL,A,John King,False,RELIEF_OR_BULK,6,1,1,0,0,0,0,0,0,https://statsapi.mlb.com/api/v1.1/game/824937/feed/live,both,True,P,Pitcher,BULLPEN_PITCHER,True,QA_VALIDATED_CANONICAL_V5,1.0,0.0,True
669199,35.0,7.0,65.0,78.0,250.0,305.0,Bot,824937,https://raw.githubusercontent.com/lancebroz/mlb-pitcher-data/main/data/raw/2026/daily/2026-04-13.parquet,False,2026-04-13,2026-04-13T23:15:00Z,MIA,ATL,A,Lake Bachar,False,RELIEF_OR_BULK,35,8,6,0,0,1,1,4,0,https://statsapi.mlb.com/api/v1.1/game/824937/feed/live,both,True,P,Pitcher,BULLPEN_PITCHER,True,QA_VALIDATED_CANONICAL_V5,1.0,0.0,True
669622,10.0,9.0,82.0,84.0,319.0,328.0,Bot,824937,https://raw.githubusercontent.com/lancebroz/mlb-pitcher-data/main/data/raw/2026/daily/2026-04-13.parquet,False,2026-04-13,2026-04-13T23:15:00Z,MIA,ATL,A,Anthony Bender,False,RELIEF_OR_BULK,10,3,3,0,0,1,0,1,0,https://statsapi.mlb.com/api/v1.1/game/824937/feed/live,both,True,P,Pitcher,BULLPEN_PITCHER,True,QA_VALIDATED_CANONICAL_V5,1.0,0.0,True
676534,21.0,6.0,55.0,59.0,207.0,227.0,Bot,824937,https://raw.githubusercontent.com/lancebroz/mlb-pitcher-data/main/data/raw/2026/daily/2026-04-13.parquet,False,2026-04-13,2026-04-13T23:15:00Z,MIA,ATL,A,Calvin Faucher,False,RELIEF_OR_BULK,21,5,2,0,0,0,3,2,0,https://statsapi.mlb.com/api/v1.1/game/824937/feed/live,both,True,P,Pitcher,BULLPEN_PITCHER,True,QA_VALIDATED_CANONICAL_V5,1.0,0.0,True
677053,16.0,5.0,44.0,46.0,158.0,173.0,Bot,824937,https://raw.githubusercontent.com/lancebroz/mlb-pitcher-data/main/data/raw/2026/daily/2026-04-13.parquet,False,2026-04-13,2026-04-13T23:15:00Z,MIA,ATL,A,Andrew Nardi,False,RELIEF_OR_BULK,16,3,3,0,0,0,0,1,0,https://statsapi.mlb.com/api/v1.1/game/824937/feed/live,both,True,P,Pitcher,BULLPEN_PITCHER,True,QA_VALIDATED_CANONICAL_V5,1.0,0.0,True
691548,49.0,6.0,47.0,64.0,174.0,249.0,Top,824937,https://raw.githubusercontent.com/lancebroz/mlb-pitcher-data/main/data/raw/2026/daily/2026-04-13.parquet,False,2026-04-13,2026-04-13T23:15:00Z,ATL,MIA,H,Rolddy Muñoz,False,RELIEF_OR_BULK,49,12,6,3,3,5,1,3,1,https://statsapi.mlb.com/api/v1.1/game/824937/feed/live,both,True,P,Pitcher,BULLPEN_PITCHER,True,QA_VALIDATED_CANONICAL_V5,1.0,0.0,True
691587,76.0,1.0,3.0,43.0,11.0,157.0,Bot,824937,https://raw.githubusercontent.com/lancebroz/mlb-pitcher-data/main/data/raw/2026/daily/2026-04-13.parquet,False,2026-04-13,2026-04-13T23:15:00Z,MIA,ATL,A,Eury Pérez,True,STARTER,76,20,12,4,3,7,2,2,0,https://statsapi.mlb.com/api/v1.1/game/824937/feed/live,both,True,P,Pitcher,STARTER/OPENER/BULK,True,QA_VALIDATED_CANONICAL_V5,1.0,1.0,True
543135,84.0,1.0,8.0,54.0,35.0,185.0,Bot,825024,https://raw.githubusercontent.com/lancebroz/mlb-pitcher-data/main/data/raw/2026/daily/2026-04-13.parquet,False,2026-04-13,2026-04-14T01:40:00Z,TEX,ATH,A,Nathan Eovaldi,True,STARTER,84,26,21,0,0,3,2,7,0,https://statsapi.mlb.com/api/v1.1/game/825024/feed/live,both,True,P,Pitcher,STARTER/OPENER/BULK,True,QA_VALIDATED_CANONICAL_V5,1.0,1.0,True
622663,94.0,1.0,0.0,43.0,1.0,150.0,Top,825024,https://raw.githubusercontent.com/lancebroz/mlb-pitcher-data/main/data/raw/2026/daily/2026-04-13.parquet,False,2026-04-13,2026-04-14T01:40:00Z,ATH,TEX,H,Luis Severino,True,STARTER,94,26,18,4,4,6,3,7,2,https://statsapi.mlb.com/api/v1.1/game/825024/feed/live,both,True,P,Pitcher,STARTER/OPENER/BULK,True,QA_VALIDATED_CANONICAL_V5,1.0,1.0,True
665622,26.0,8.0,63.0,72.0,222.0,260.0,Top,825024,https://raw.githubusercontent.com/lancebroz/mlb-pitcher-data/main/data/raw/2026/daily/2026-04-13.parquet,False,2026-04-13,2026-04-14T01:40:00Z,ATH,TEX,H,Luis Medina,False,RELIEF_OR_BULK,26,5,4,0,0,0,1,1,0,https://statsapi.mlb.com/api/v1.1/game/825024/feed/live,both,True,P,Pitcher,BULLPEN_PITCHER,True,QA_VALIDATED_CANONICAL_V5,1.0,0.0,True
678022,43.0,7.0,49.0,62.0,172.0,221.0,Top,825024,https://raw.githubusercontent.com/lancebroz/mlb-pitcher-data/main/data/raw/2026/daily/2026-04-13.parquet,False,2026-04-13,2026-04-14T01:40:00Z,ATH,TEX,H,Jack Perkins,False,RELIEF_OR_BULK,43,11,5,4,4,5,1,4,0,https://statsapi.mlb.com/api/v1.1/game/825024/feed/live,both,True,P,Pitcher,BULLPEN_PITCHER,True,QA_VALIDATED_CANONICAL_V5,1.0,0.0,True
681168,19.0,8.0,64.0,75.0,228.0,266.0,Bot,825024,https://raw.githubusercontent.com/lancebroz/mlb-pitcher-data/main/data/raw/2026/daily/2026-04-13.parquet,False,2026-04-13,2026-04-14T01:40:00Z,TEX,ATH,A,Luis Curvelo,False,RELIEF_OR_BULK,19,8,6,1,1,2,0,1,1,https://statsapi.mlb.com/api/v1.1/game/825024/feed/live,both,True,P,Pitcher,BULLPEN_PITCHER,True,QA_VALIDATED_CANONICAL_V5,1.0,0.0,True
542888,10.0,7.0,49.0,52.0,197.0,206.0,Bot,823072,https://raw.githubusercontent.com/lancebroz/mlb-pitcher-data/main/data/raw/2026/daily/2026-04-14.parquet,False,2026-04-14,2026-04-14T23:45:00Z,CLE,STL,A,Shawn Armstrong,False,RELIEF_OR_BULK,10,4,3,0,0,1,0,1,0,https://statsapi.mlb.com/api/v1.1/game/823072/feed/live,both,True,P,Pitcher,BULLPEN_PITCHER,True,QA_VALIDATED_CANONICAL_V5,1.0,0.0,True
592773,30.0,8.0,54.0,59.0,212.0,241.0,Top,823072,https://raw.githubusercontent.com/lancebroz/mlb-pitcher-data/main/data/raw/2026/daily/2026-04-14.parquet,False,2026-04-14,2026-04-14T23:45:00Z,STL,CLE,H,Ryne Stanek,False,RELIEF_OR_BULK,30,6,2,3,3,4,0,0,0,https://statsapi.mlb.com/api/v1.1/game/823072/feed/live,both,True,P,Pitcher,BULLPEN_PITCHER,True,QA_VALIDATED_CANONICAL_V5,1.0,0.0,True
666277,12.0,6.0,37.0,40.0,156.0,167.0,Top,823072,https://raw.githubusercontent.com/lancebroz/mlb-pitcher-data/main/data/raw/2026/daily/2026-04-14.parquet,False,2026-04-14,2026-04-14T23:45:00Z,STL,CLE,H,George Soriano,False,RELIEF_OR_BULK,12,4,3,0,0,0,1,1,0,https://statsapi.mlb.com/api/v1.1/game/823072/feed/live,both,True,P,Pitcher,BULLPEN_PITCHER,True,QA_VALIDATED_CANONICAL_V5,1.0,0.0,True
668941,20.0,7.0,45.0,53.0,182.0,211.0,Top,823072,https://raw.githubusercontent.com/lancebroz/mlb-pitcher-data/main/data/raw/2026/daily/2026-04-14.parquet,False,2026-04-14,2026-04-14T23:45:00Z,STL,CLE,H,JoJo Romero,False,RELIEF_OR_BULK,20,5,4,0,0,1,1,0,0,https://statsapi.mlb.com/api/v1.1/game/823072/feed/live,both,True,P,Pitcher,BULLPEN_PITCHER,True,QA_VALIDATED_CANONICAL_V5,1.0,0.0,True
671922,18.0,9.0,68.0,72.0,281.0,298.0,Bot,823072,https://raw.githubusercontent.com/lancebroz/mlb-pitcher-data/main/data/raw/2026/daily/2026-04-14.parquet,False,2026-04-14,2026-04-14T23:45:00Z,CLE,STL,A,Cade Smith,False,RELIEF_OR_BULK,18,5,3,1,0,1,0,1,0,https://statsapi.mlb.com/api/v1.1/game/823072/feed/live,both,True,P,Pitcher,BULLPEN_PITCHER,True,QA_VALIDATED_CANONICAL_V5,1.0,0.0,True
676282,82.0,1.0,4.0,44.0,22.0,181.0,Bot,823072,https://raw.githubusercontent.com/lancebroz/mlb-pitcher-data/main/data/raw/2026/daily/2026-04-14.parquet,False,2026-04-14,2026-04-14T23:45:00Z,CLE,STL,A,Joey Cantillo,True,STARTER,82,21,18,2,2,5,2,4,2,https://statsapi.mlb.com/api/v1.1/game/823072/feed/live,both,True,P,Pitcher,STARTER/OPENER/BULK,True,QA_VALIDATED_CANONICAL_V5,1.0,1.0,True
676617,15.0,10.0,73.0,75.0,299.0,313.0,Top,823072,https://raw.githubusercontent.com/lancebroz/mlb-pitcher-data/main/data/raw/2026/daily/2026-04-14.parquet,False,2026-04-14,2026-04-14T23:45:00Z,STL,CLE,H,Riley O'Brien,False,RELIEF_OR_BULK,15,3,3,0,0,0,0,1,0,https://statsapi.mlb.com/api/v1.1/game/823072/feed/live,both,True,P,Pitcher,BULLPEN_PITCHER,True,QA_VALIDATED_CANONICAL_V5,1.0,0.0,True
681870,24.0,8.0,60.0,64.0,242.0,265.0,Bot,823072,https://raw.githubusercontent.com/lancebroz/mlb-pitcher-data/main/data/raw/2026/daily/2026-04-14.parquet,False,2026-04-14,2026-04-14T23:45:00Z,CLE,STL,A,Erik Sabrowski,False,RELIEF_OR_BULK,24,5,3,2,2,1,1,2,1,https://statsapi.mlb.com/api/v1.1/game/823072/feed/live,both,True,P,Pitcher,BULLPEN_PITCHER,True,QA_VALIDATED_CANONICAL_V5,1.0,0.0,True
682120,2.0,10.0,76.0,76.0,314.0,315.0,Bot,823072,https://raw.githubusercontent.com/lancebroz/mlb-pitcher-data/main/data/raw/2026/daily/2026-04-14.parquet,False,2026-04-14,2026-04-14T23:45:00Z,CLE,STL,A,Tim Herrin,False,RELIEF_OR_BULK,2,1,1,1,0,0,0,0,0,https://statsapi.mlb.com/api/v1.1/game/823072/feed/live,both,True,P,Pitcher,BULLPEN_PITCHER,True,QA_VALIDATED_CANONICAL_V5,1.0,0.0,True
694335,15.0,9.0,65.0,67.0,266.0,280.0,Top,823072,https://raw.githubusercontent.com/lancebroz/mlb-pitcher-data/main/data/raw/2026/daily/2026-04-14.parquet,False,2026-04-14,2026-04-14T23:45:00Z,STL,CLE,H,Matt Svanson,False,RELIEF_OR_BULK,15,3,3,0,0,0,0,2,0,https://statsapi.mlb.com/api/v1.1/game/823072/feed/live,both,True,P,Pitcher,BULLPEN_PITCHER,True,QA_VALIDATED_CANONICAL_V5,1.0,0.0,True
700241,87.0,1.0,0.0,33.0,1.0,139.0,Top,823072,https://raw.githubusercontent.com/lancebroz/mlb-pitcher-data/main/data/raw/2026/daily/2026-04-14.parquet,False,2026-04-14,2026-04-14T23:45:00Z,STL,CLE,H,Michael McGreevy,True,STARTER,87,20,15,2,2,4,1,2,2,https://statsapi.mlb.com/api/v1.1/game/823072/feed/live,both,True,P,Pitcher,STARTER/OPENER/BULK,True,QA_VALIDATED_CANONICAL_V5,1.0,1.0,True
592094,18.0,8.0,57.0,59.0,187.0,204.0,Top,823315,https://raw.githubusercontent.com/lancebroz/mlb-pitcher-data/main/data/raw/2026/daily/2026-04-14.parquet,False,2026-04-14,2026-04-15T01:40:00Z,SD,SEA,H,Jason Adam,False,RELIEF_OR_BULK,18,3,3,0,0,0,1,0,0,https://statsapi.mlb.com/api/v1.1/game/823315/feed/live,both,True,P,Pitcher,BULLPEN_PITCHER,True,QA_VALIDATED_CANONICAL_V5,1.0,0.0,True
650633,85.0,1.0,0.0,46.0,1.0,153.0,Top,823315,https://raw.githubusercontent.com/lancebroz/mlb-pitcher-data/main/data/raw/2026/daily/2026-04-14.parquet,False,2026-04-14,2026-04-15T01:40:00Z,SD,SEA,H,Michael King,True,STARTER,85,25,18,1,1,4,2,5,0,https://statsapi.mlb.com/api/v1.1/game/823315/feed/live,both,True,P,Pitcher,STARTER/OPENER/BULK,True,QA_VALIDATED_CANONICAL_V5,1.0,1.0,True
668984,21.0,8.0,60.0,65.0,205.0,225.0,Bot,823315,https://raw.githubusercontent.com/lancebroz/mlb-pitcher-data/main/data/raw/2026/daily/2026-04-14.parquet,False,2026-04-14,2026-04-15T01:40:00Z,SEA,SD,A,Casey Legumina,False,RELIEF_OR_BULK,21,6,3,1,1,3,0,1,0,https://statsapi.mlb.com/api/v1.1/game/823315/feed/live,both,True,P,Pitcher,BULLPEN_PITCHER,True,QA_VALIDATED_CANONICAL_V5,1.0,0.0,True
670970,9.0,7.0,50.0,52.0,164.0,172.0,Top,823315,https://raw.githubusercontent.com/lancebroz/mlb-pitcher-data/main/data/raw/2026/daily/2026-04-14.parquet,False,2026-04-14,2026-04-15T01:40:00Z,SD,SEA,H,Adrian Morejon,False,RELIEF_OR_BULK,9,3,3,0,0,0,0,1,0,https://statsapi.mlb.com/api/v1.1/game/823315/feed/live,both,True,P,Pitcher,BULLPEN_PITCHER,True,QA_VALIDATED_CANONICAL_V5,1.0,0.0,True
693433,92.0,1.0,3.0,56.0,16.0,186.0,Bot,823315,https://raw.githubusercontent.com/lancebroz/mlb-pitcher-data/main/data/raw/2026/daily/2026-04-14.parquet,False,2026-04-14,2026-04-15T01:40:00Z,SEA,SD,A,Bryan Woo,True,STARTER,92,29,21,3,3,8,1,3,0,https://statsapi.mlb.com/api/v1.1/game/823315/feed/live,both,True,P,Pitcher,STARTER/OPENER/BULK,True,QA_VALIDATED_CANONICAL_V5,1.0,1.0,True
695243,15.0,9.0,66.0,68.0,226.0,240.0,Top,823315,https://raw.githubusercontent.com/lancebroz/mlb-pitcher-data/main/data/raw/2026/daily/2026-04-14.parquet,False,2026-04-14,2026-04-15T01:40:00Z,SD,SEA,H,Mason Miller,False,RELIEF_OR_BULK,15,3,3,0,0,0,0,1,0,https://statsapi.mlb.com/api/v1.1/game/823315/feed/live,both,True,P,Pitcher,BULLPEN_PITCHER,True,QA_VALIDATED_CANONICAL_V5,1.0,0.0,True
571945,49.0,2.0,15.0,41.0,75.0,176.0,Bot,823398,https://raw.githubusercontent.com/lancebroz/mlb-pitcher-data/main/data/raw/2026/daily/2026-04-14.parquet,False,2026-04-14,2026-04-14T22:40:00Z,WSH,PIT,A,Miles Mikolas,False,RELIEF_OR_BULK,49,14,10,3,3,3,2,0,1,https://statsapi.mlb.com/api/v1.1/game/823398/feed/live,both,True,P,Pitcher,BULLPEN_PITCHER,True,QA_VALIDATED_CANONICAL_V5,1.0,0.0,True
656605,90.0,1.0,0.0,30.0,1.0,134.0,Top,823398,https://raw.githubusercontent.com/lancebroz/mlb-pitcher-data/main/data/raw/2026/daily/2026-04-14.parquet,False,2026-04-14,2026-04-14T22:40:00Z,PIT,WSH,H,Mitch Keller,True,STARTER,90,21,12,5,5,6,4,3,1,https://statsapi.mlb.com/api/v1.1/game/823398/feed/live,both,True,P,Pitcher,STARTER/OPENER/BULK,True,QA_VALIDATED_CANONICAL_V5,1.0,1.0,True
670990,26.0,5.0,37.0,46.0,160.0,199.0,Top,823398,https://raw.githubusercontent.com/lancebroz/mlb-pitcher-data/main/data/raw/2026/daily/2026-04-14.parquet,False,2026-04-14,2026-04-14T22:40:00Z,PIT,WSH,H,Yohan Ramírez,False,RELIEF_OR_BULK,26,6,6,0,0,0,0,2,0,https://statsapi.mlb.com/api/v1.1/game/823398/feed/live,both,True,P,Pitcher,BULLPEN_PITCHER,True,QA_VALIDATED_CANONICAL_V5,1.0,0.0,True
672335,10.0,7.0,59.0,65.0,255.0,279.0,Bot,823398,https://raw.githubusercontent.com/lancebroz/mlb-pitcher-data/main/data/raw/2026/daily/2026-04-14.parquet,False,2026-04-14,2026-04-14T22:40:00Z,WSH,PIT,A,Cionel Pérez,False,RELIEF_OR_BULK,10,3,3,0,0,0,1,0,0,https://statsapi.mlb.com/api/v1.1/game/823398/feed/live,both,True,P,Pitcher,BULLPEN_PITCHER,True,QA_VALIDATED_CANONICAL_V5,1.0,0.0,True
676571,25.0,1.0,6.0,9.0,30.0,54.0,Bot,823398,https://raw.githubusercontent.com/lancebroz/mlb-pitcher-data/main/data/raw/2026/daily/2026-04-14.parquet,False,2026-04-14,2026-04-14T22:40:00Z,WSH,PIT,A,PJ Poulin,True,STARTER,25,4,3,1,1,2,0,1,1,https://statsapi.mlb.com/api/v1.1/game/823398/feed/live,both,True,P,Pitcher,STARTER/OPENER/BULK,True,QA_VALIDATED_CANONICAL_V5,1.0,1.0,True
676755,33.0,8.0,60.0,70.0,260.0,305.0,Top,823398,https://raw.githubusercontent.com/lancebroz/mlb-pitcher-data/main/data/raw/2026/daily/2026-04-14.parquet,False,2026-04-14,2026-04-14T22:40:00Z,PIT,WSH,H,Isaac Mattson,False,RELIEF_OR_BULK,33,7,6,0,0,2,0,1,0,https://statsapi.mlb.com/api/v1.1/game/823398/feed/live,both,True,P,Pitcher,BULLPEN_PITCHER,True,QA_VALIDATED_CANONICAL_V5,1.0,0.0,True
680730,46.0,5.0,42.0,58.0,177.0,254.0,Bot,823398,https://raw.githubusercontent.com/lancebroz/mlb-pitcher-data/main/data/raw/2026/daily/2026-04-14.parquet,False,2026-04-14,2026-04-14T22:40:00Z,WSH,PIT,A,Mitchell Parker,False,RELIEF_OR_BULK,46,10,6,0,0,2,0,5,0,https://statsapi.mlb.com/api/v1.1/game/823398/feed/live,both,True,P,Pitcher,BULLPEN_PITCHER,True,QA_VALIDATED_CANONICAL_V5,1.0,0.0,True
681402,19.0,9.0,71.0,75.0,306.0,324.0,Bot,823398,https://raw.githubusercontent.com/lancebroz/mlb-pitcher-data/main/data/raw/2026/daily/2026-04-14.parquet,False,2026-04-14,2026-04-14T22:40:00Z,WSH,PIT,A,Gus Varland,False,RELIEF_OR_BULK,19,5,3,0,0,1,1,1,0,https://statsapi.mlb.com/api/v1.1/game/823398/feed/live,both,True,P,Pitcher,BULLPEN_PITCHER,True,QA_VALIDATED_CANONICAL_V5,1.0,0.0,True
682254,18.0,7.0,51.0,54.0,223.0,240.0,Top,823398,https://raw.githubusercontent.com/lancebroz/mlb-pitcher-data/main/data/raw/2026/daily/2026-04-14.parquet,False,2026-04-14,2026-04-14T22:40:00Z,PIT,WSH,H,Mason Montgomery,False,RELIEF_OR_BULK,18,4,3,0,0,1,0,2,0,https://statsapi.mlb.com/api/v1.1/game/823398/feed/live,both,True,P,Pitcher,BULLPEN_PITCHER,True,QA_VALIDATED_CANONICAL_V5,1.0,0.0,True
690925,8.0,8.0,66.0,67.0,280.0,287.0,Bot,823398,https://raw.githubusercontent.com/lancebroz/mlb-pitcher-data/main/data/raw/2026/daily/2026-04-14.parquet,False,2026-04-14,2026-04-14T22:40:00Z,WSH,PIT,A,Clayton Beeter,False,RELIEF_OR_BULK,8,2,2,0,0,0,0,0,0,https://statsapi.mlb.com/api/v1.1/game/823398/feed/live,both,True,P,Pitcher,BULLPEN_PITCHER,True,QA_VALIDATED_CANONICAL_V5,1.0,0.0,True
573204,18.0,8.0,68.0,71.0,269.0,286.0,Bot,823478,https://raw.githubusercontent.com/lancebroz/mlb-pitcher-data/main/data/raw/2026/daily/2026-04-14.parquet,False,2026-04-14,2026-04-14T22:40:00Z,CHC,PHI,A,Caleb Thielbar,False,RELIEF_OR_BULK,18,4,2,0,0,1,1,2,0,https://statsapi.mlb.com/api/v1.1/game/823478/feed/live,both,True,P,Pitcher,BULLPEN_PITCHER,True,QA_VALIDATED_CANONICAL_V5,1.0,0.0,True
605400,87.0,1.0,0.0,38.0,1.0,143.0,Top,823478,https://raw.githubusercontent.com/lancebroz/mlb-pitcher-data/main/data/raw/2026/daily/2026-04-14.parquet,False,2026-04-14,2026-04-14T22:40:00Z,PHI,CHC,H,Aaron Nola,True,STARTER,87,23,15,3,3,8,2,5,0,https://statsapi.mlb.com/api/v1.1/game/823478/feed/live,both,True,P,Pitcher,STARTER/OPENER/BULK,True,QA_VALIDATED_CANONICAL_V5,1.0,1.0,True
607067,87.0,2.0,10.0,61.0,30.0,245.0,Bot,823478,https://raw.githubusercontent.com/lancebroz/mlb-pitcher-data/main/data/raw/2026/daily/2026-04-14.parquet,False,2026-04-14,2026-04-14T22:40:00Z,CHC,PHI,A,Colin Rea,False,RELIEF_OR_BULK,87,22,18,3,3,4,0,5,1,https://statsapi.mlb.com/api/v1.1/game/823478/feed/live,both,True,P,Pitcher,BULLPEN_PITCHER,True,QA_VALIDATED_CANONICAL_V5,1.0,0.0,True
621383,25.0,9.0,72.0,78.0,287.0,311.0,Top,823478,https://raw.githubusercontent.com/lancebroz/mlb-pitcher-data/main/data/raw/2026/daily/2026-04-14.parquet,False,2026-04-14,2026-04-14T22:40:00Z,PHI,CHC,H,Tanner Banks,False,RELIEF_OR_BULK,25,7,3,3,3,3,1,1,1,https://statsapi.mlb.com/api/v1.1/game/823478/feed/live,both,True,P,Pitcher,BULLPEN_PITCHER,True,QA_VALIDATED_CANONICAL_V5,1.0,0.0,True
641745,15.0,6.0,48.0,50.0,180.0,194.0,Top,823478,https://raw.githubusercontent.com/lancebroz/mlb-pitcher-data/main/data/raw/2026/daily/2026-04-14.parquet,False,2026-04-14,2026-04-14T22:40:00Z,PHI,CHC,H,Brad Keller,False,RELIEF_OR_BULK,15,3,2,0,0,1,0,2,0,https://statsapi.mlb.com/api/v1.1/game/823478/feed/live,both,True,P,Pitcher,BULLPEN_PITCHER,True,QA_VALIDATED_CANONICAL_V5,1.0,0.0,True
641835,26.0,6.0,42.0,47.0,154.0,179.0,Top,823478,https://raw.githubusercontent.com/lancebroz/mlb-pitcher-data/main/data/raw/2026/daily/2026-04-14.parquet,False,2026-04-14,2026-04-14T22:40:00Z,PHI,CHC,H,Tim Mayza,False,RELIEF_OR_BULK,26,6,1,4,3,1,2,0,0,https://statsapi.mlb.com/api/v1.1/game/823478/feed/live,both,True,P,Pitcher,BULLPEN_PITCHER,True,QA_VALIDATED_CANONICAL_V5,1.0,0.0,True
657097,15.0,8.0,65.0,67.0,254.0,268.0,Bot,823478,https://raw.githubusercontent.com/lancebroz/mlb-pitcher-data/main/data/raw/2026/daily/2026-04-14.parquet,False,2026-04-14,2026-04-14T22:40:00Z,CHC,PHI,A,Jacob Webb,False,RELIEF_OR_BULK,15,3,1,1,1,2,0,0,0,https://statsapi.mlb.com/api/v1.1/game/823478/feed/live,both,True,P,Pitcher,BULLPEN_PITCHER,True,QA_VALIDATED_CANONICAL_V5,1.0,0.0,True
663767,32.0,7.0,54.0,64.0,210.0,253.0,Top,823478,https://raw.githubusercontent.com/lancebroz/mlb-pitcher-data/main/data/raw/2026/daily/2026-04-14.parquet,False,2026-04-14,2026-04-14T22:40:00Z,PHI,CHC,H,Chase Shugart,False,RELIEF_OR_BULK,32,8,6,0,0,2,1,3,0,https://statsapi.mlb.com/api/v1.1/game/823478/feed/live,both,True,P,Pitcher,BULLPEN_PITCHER,True,QA_VALIDATED_CANONICAL_V5,1.0,0.0,True
669020,11.0,9.0,79.0,81.0,312.0,322.0,Bot,823478,https://raw.githubusercontent.com/lancebroz/mlb-pitcher-data/main/data/raw/2026/daily/2026-04-14.parquet,False,2026-04-14,2026-04-14T22:40:00Z,CHC,PHI,A,Ryan Rolison,False,RELIEF_OR_BULK,11,3,3,0,0,1,0,0,0,https://statsapi.mlb.com/api/v1.1/game/823478/feed/live,both,True,P,Pitcher,BULLPEN_PITCHER,True,QA_VALIDATED_CANONICAL_V5,1.0,0.0,True
702303,6.0,1.0,3.0,5.0,10.0,15.0,Bot,823478,https://raw.githubusercontent.com/lancebroz/mlb-pitcher-data/main/data/raw/2026/daily/2026-04-14.parquet,False,2026-04-14,2026-04-14T22:40:00Z,CHC,PHI,A,Riley Martin,True,STARTER,6,3,3,0,0,0,0,1,0,https://statsapi.mlb.com/api/v1.1/game/823478/feed/live,both,True,P,Pitcher,STARTER/OPENER/BULK,True,QA_VALIDATED_CANONICAL_V5,1.0,1.0,True
621112,25.0,6.0,39.0,45.0,168.0,192.0,Top,823562,https://raw.githubusercontent.com/lancebroz/mlb-pitcher-data/main/data/raw/2026/daily/2026-04-14.parquet,False,2026-04-14,2026-04-14T23:05:00Z,NYY,LAA,H,Paul Blackburn,False,RELIEF_OR_BULK,25,7,3,1,1,3,1,1,0,https://statsapi.mlb.com/api/v1.1/game/823562/feed/live,both,True,P,Pitcher,BULLPEN_PITCHER,True,QA_VALIDATED_CANONICAL_V5,1.0,0.0,True
660787,44.0,7.0,49.0,60.0,204.0,258.0,Top,823562,https://raw.githubusercontent.com/lancebroz/mlb-pitcher-data/main/data/raw/2026/daily/2026-04-14.parquet,False,2026-04-14,2026-04-14T23:05:00Z,NYY,LAA,H,Yerry De los Santos,False,RELIEF_OR_BULK,44,9,6,1,1,3,2,1,1,https://statsapi.mlb.com/api/v1.1/game/823562/feed/live,both,True,P,Pitcher,BULLPEN_PITCHER,True,QA_VALIDATED_CANONICAL_V5,1.0,0.0,True
666171,27.0,9.0,71.0,74.0,298.0,324.0,Bot,823562,https://raw.githubusercontent.com/lancebroz/mlb-pitcher-data/main/data/raw/2026/daily/2026-04-14.parquet,False,2026-04-14,2026-04-14T23:05:00Z,LAA,NYY,A,Ryan Zeferjahn,False,RELIEF_OR_BULK,27,4,3,0,0,1,0,2,0,https://statsapi.mlb.com/api/v1.1/game/823562/feed/live,both,True,P,Pitcher,BULLPEN_PITCHER,True,QA_VALIDATED_CANONICAL_V5,1.0,0.0,True
672282,99.0,1.0,7.0,62.0,26.0,262.0,Bot,823562,https://raw.githubusercontent.com/lancebroz/mlb-pitcher-data/main/data/raw/2026/daily/2026-04-14.parquet,False,2026-04-14,2026-04-14T23:05:00Z,LAA,NYY,A,Reid Detmers,True,STARTER,99,25,21,1,1,4,0,9,0,https://statsapi.mlb.com/api/v1.1/game/823562/feed/live,both,True,P,Pitcher,STARTER/OPENER/BULK,True,QA_VALIDATED_CANONICAL_V5,1.0,1.0,True
677960,94.0,1.0,0.0,38.0,1.0,167.0,Top,823562,https://raw.githubusercontent.com/lancebroz/mlb-pitcher-data/main/data/raw/2026/daily/2026-04-14.parquet,False,2026-04-14,2026-04-14T23:05:00Z,NYY,LAA,H,Ryan Weathers,True,STARTER,94,22,15,5,5,5,2,10,4,https://statsapi.mlb.com/api/v1.1/game/823562/feed/live,both,True,P,Pitcher,STARTER/OPENER/BULK,True,QA_VALIDATED_CANONICAL_V5,1.0,1.0,True
681217,18.0,8.0,63.0,65.0,263.0,280.0,Bot,823562,https://raw.githubusercontent.com/lancebroz/mlb-pitcher-data/main/data/raw/2026/daily/2026-04-14.parquet,False,2026-04-14,2026-04-14T23:05:00Z,LAA,NYY,A,Chase Silseth,False,RELIEF_OR_BULK,18,3,3,0,0,0,0,1,0,https://statsapi.mlb.com/api/v1.1/game/823562/feed/live,both,True,P,Pitcher,BULLPEN_PITCHER,True,QA_VALIDATED_CANONICAL_V5,1.0,0.0,True
687396,17.0,9.0,66.0,70.0,281.0,297.0,Top,823562,https://raw.githubusercontent.com/lancebroz/mlb-pitcher-data/main/data/raw/2026/daily/2026-04-14.parquet,False,2026-04-14,2026-04-14T23:05:00Z,NYY,LAA,H,Brent Headrick,False,RELIEF_OR_BULK,17,5,3,0,0,1,1,0,0,https://statsapi.mlb.com/api/v1.1/game/823562/feed/live,both,True,P,Pitcher,BULLPEN_PITCHER,True,QA_VALIDATED_CANONICAL_V5,1.0,0.0,True
543243,93.0,1.0,4.0,36.0,19.0,147.0,Bot,823723,https://raw.githubusercontent.com/lancebroz/mlb-pitcher-data/main/data/raw/2026/daily/2026-04-14.parquet,False,2026-04-14,2026-04-14T23:40:00Z,BOS,MIN,A,Sonny Gray,True,STARTER,93,22,12,5,5,9,1,1,2,https://statsapi.mlb.com/api/v1.1/game/823723/feed/live,both,True,P,Pitcher,STARTER/OPENER/BULK,True,QA_VALIDATED_CANONICAL_V5,1.0,1.0,True
547973,22.0,8.0,64.0,67.0,258.0,279.0,Bot,823723,https://raw.githubusercontent.com/lancebroz/mlb-pitcher-data/main/data/raw/2026/daily/2026-04-14.parquet,False,2026-04-14,2026-04-14T23:40:00Z,BOS,MIN,A,Aroldis Chapman,False,RELIEF_OR_BULK,22,4,3,0,0,0,0,3,0,https://statsapi.mlb.com/api/v1.1/game/823723/feed/live,both,True,P,Pitcher,BULLPEN_PITCHER,True,QA_VALIDATED_CANONICAL_V5,1.0,0.0,True
573124,22.0,8.0,59.0,63.0,236.0,257.0,Top,823723,https://raw.githubusercontent.com/lancebroz/mlb-pitcher-data/main/data/raw/2026/daily/2026-04-14.parquet,False,2026-04-14,2026-04-14T23:40:00Z,MIN,BOS,H,Taylor Rogers,False,RELIEF_OR_BULK,22,5,3,0,0,1,1,1,0,https://statsapi.mlb.com/api/v1.1/game/823723/feed/live,both,True,P,Pitcher,BULLPEN_PITCHER,True,QA_VALIDATED_CANONICAL_V5,1.0,0.0,True
663485,15.0,9.0,68.0,71.0,280.0,294.0,Top,823723,https://raw.githubusercontent.com/lancebroz/mlb-pitcher-data/main/data/raw/2026/daily/2026-04-14.parquet,False,2026-04-14,2026-04-14T23:40:00Z,MIN,BOS,H,Cole Sands,False,RELIEF_OR_BULK,15,4,3,0,0,1,0,1,0,https://statsapi.mlb.com/api/v1.1/game/823723/feed/live,both,True,P,Pitcher,BULLPEN_PITCHER,True,QA_VALIDATED_CANONICAL_V5,1.0,0.0,True
681252,52.0,5.0,41.0,58.0,163.0,235.0,Bot,823723,https://raw.githubusercontent.com/lancebroz/mlb-pitcher-data/main/data/raw/2026/daily/2026-04-14.parquet,False,2026-04-14,2026-04-14T23:40:00Z,BOS,MIN,A,Jack Anderson,False,RELIEF_OR_BULK,52,11,9,1,1,1,1,4,1,https://statsapi.mlb.com/api/v1.1/game/823723/feed/live,both,True,P,Pitcher,BULLPEN_PITCHER,True,QA_VALIDATED_CANONICAL_V5,1.0,0.0,True
690953,90.0,1.0,0.0,55.0,1.0,217.0,Top,823723,https://raw.githubusercontent.com/lancebroz/mlb-pitcher-data/main/data/raw/2026/daily/2026-04-14.parquet,False,2026-04-14,2026-04-14T23:40:00Z,MIN,BOS,H,Mick Abel,True,STARTER,90,26,21,0,0,4,0,10,0,https://statsapi.mlb.com/api/v1.1/game/823723/feed/live,both,True,P,Pitcher,STARTER/OPENER/BULK,True,QA_VALIDATED_CANONICAL_V5,1.0,1.0,True
592332,97.0,1.0,3.0,46.0,16.0,178.0,Bot,823802,https://raw.githubusercontent.com/lancebroz/mlb-pitcher-data/main/data/raw/2026/daily/2026-04-14.parquet,False,2026-04-14,2026-04-14T23:40:00Z,TOR,MIL,A,Kevin Gausman,True,STARTER,97,24,15,3,3,6,3,5,1,https://statsapi.mlb.com/api/v1.1/game/823802/feed/live,both,True,P,Pitcher,STARTER/OPENER/BULK,True,QA_VALIDATED_CANONICAL_V5,1.0,1.0,True
643511,17.0,8.0,63.0,66.0,239.0,255.0,Bot,823802,https://raw.githubusercontent.com/lancebroz/mlb-pitcher-data/main/data/raw/2026/daily/2026-04-14.parquet,False,2026-04-14,2026-04-14T23:40:00Z,TOR,MIL,A,Tyler Rogers,False,RELIEF_OR_BULK,17,4,3,0,0,1,0,0,0,https://statsapi.mlb.com/api/v1.1/game/823802/feed/live,both,True,P,Pitcher,BULLPEN_PITCHER,True,QA_VALIDATED_CANONICAL_V5,1.0,0.0,True
656546,32.0,9.0,73.0,79.0,276.0,307.0,Bot,823802,https://raw.githubusercontent.com/lancebroz/mlb-pitcher-data/main/data/raw/2026/daily/2026-04-14.parquet,False,2026-04-14,2026-04-14T23:40:00Z,TOR,MIL,A,Jeff Hoffman,False,RELIEF_OR_BULK,32,7,2,2,2,2,3,1,0,https://statsapi.mlb.com/api/v1.1/game/823802/feed/live,both,True,P,Pitcher,BULLPEN_PITCHER,True,QA_VALIDATED_CANONICAL_V5,1.0,0.0,True
656730,20.0,9.0,67.0,72.0,256.0,275.0,Top,823802,https://raw.githubusercontent.com/lancebroz/mlb-pitcher-data/main/data/raw/2026/daily/2026-04-14.parquet,False,2026-04-14,2026-04-14T23:40:00Z,MIL,TOR,H,Trevor Megill,False,RELIEF_OR_BULK,20,6,3,3,3,3,1,0,0,https://statsapi.mlb.com/api/v1.1/game/823802/feed/live,both,True,P,Pitcher,BULLPEN_PITCHER,True,QA_VALIDATED_CANONICAL_V5,1.0,0.0,True
669084,5.0,6.0,44.0,45.0,170.0,174.0,Top,823802,https://raw.githubusercontent.com/lancebroz/mlb-pitcher-data/main/data/raw/2026/daily/2026-04-14.parquet,False,2026-04-14,2026-04-14T23:40:00Z,MIL,TOR,H,DL Hall,False,RELIEF_OR_BULK,5,2,2,0,0,0,0,0,0,https://statsapi.mlb.com/api/v1.1/game/823802/feed/live,both,True,P,Pitcher,BULLPEN_PITCHER,True,QA_VALIDATED_CANONICAL_V5,1.0,0.0,True
672582,9.0,7.0,51.0,53.0,193.0,201.0,Top,823802,https://raw.githubusercontent.com/lancebroz/mlb-pitcher-data/main/data/raw/2026/daily/2026-04-14.parquet,False,2026-04-14,2026-04-14T23:40:00Z,MIL,TOR,H,Angel Zerpa,False,RELIEF_OR_BULK,9,3,3,0,0,1,0,1,0,https://statsapi.mlb.com/api/v1.1/game/823802/feed/live,both,True,P,Pitcher,BULLPEN_PITCHER,True,QA_VALIDATED_CANONICAL_V5,1.0,0.0,True
680755,17.0,7.0,54.0,57.0,202.0,218.0,Bot,823802,https://raw.githubusercontent.com/lancebroz/mlb-pitcher-data/main/data/raw/2026/daily/2026-04-14.parquet,False,2026-04-14,2026-04-14T23:40:00Z,TOR,MIL,A,Braydon Fisher,False,RELIEF_OR_BULK,17,4,3,1,1,1,0,2,1,https://statsapi.mlb.com/api/v1.1/game/823802/feed/live,both,True,P,Pitcher,BULLPEN_PITCHER,True,QA_VALIDATED_CANONICAL_V5,1.0,0.0,True
681982,9.0,10.0,81.0,85.0,311.0,319.0,Top,823802,https://raw.githubusercontent.com/lancebroz/mlb-pitcher-data/main/data/raw/2026/daily/2026-04-14.parquet,False,2026-04-14,2026-04-14T23:40:00Z,MIL,TOR,H,Grant Anderson,False,RELIEF_OR_BULK,9,5,3,3,2,2,1,0,0,https://statsapi.mlb.com/api/v1.1/game/823802/feed/live,both,True,P,Pitcher,BULLPEN_PITCHER,True,QA_VALIDATED_CANONICAL_V5,1.0,0.0,True
682842,20.0,8.0,58.0,62.0,219.0,238.0,Top,823802,https://raw.githubusercontent.com/lancebroz/mlb-pitcher-data/main/data/raw/2026/daily/2026-04-14.parquet,False,2026-04-14,2026-04-14T23:40:00Z,MIL,TOR,H,Abner Uribe,False,RELIEF_OR_BULK,20,5,3,1,1,2,0,1,0,https://statsapi.mlb.com/api/v1.1/game/823802/feed/live,both,True,P,Pitcher,BULLPEN_PITCHER,True,QA_VALIDATED_CANONICAL_V5,1.0,0.0,True
686973,19.0,9.0,80.0,90.0,308.0,335.0,Bot,823802,https://raw.githubusercontent.com/lancebroz/mlb-pitcher-data/main/data/raw/2026/daily/2026-04-14.parquet,False,2026-04-14,2026-04-14T23:40:00Z,TOR,MIL,A,Louis Varland,False,RELIEF_OR_BULK,19,6,4,1,0,2,0,2,0,https://statsapi.mlb.com/api/v1.1/game/823802/feed/live,both,True,P,Pitcher,BULLPEN_PITCHER,True,QA_VALIDATED_CANONICAL_V5,1.0,0.0,True
689254,14.0,6.0,47.0,50.0,179.0,192.0,Bot,823802,https://raw.githubusercontent.com/lancebroz/mlb-pitcher-data/main/data/raw/2026/daily/2026-04-14.parquet,False,2026-04-14,2026-04-14T23:40:00Z,TOR,MIL,A,Mason Fluharty,False,RELIEF_OR_BULK,14,4,3,0,0,0,1,2,0,https://statsapi.mlb.com/api/v1.1/game/823802/feed/live,both,True,P,Pitcher,BULLPEN_PITCHER,True,QA_VALIDATED_CANONICAL_V5,1.0,0.0,True
694819,76.0,1.0,0.0,43.0,1.0,169.0,Top,823802,https://raw.githubusercontent.com/lancebroz/mlb-pitcher-data/main/data/raw/2026/daily/2026-04-14.parquet,False,2026-04-14,2026-04-14T23:40:00Z,MIL,TOR,H,Jacob Misiorowski,True,STARTER,76,21,16,2,2,5,0,5,2,https://statsapi.mlb.com/api/v1.1/game/823802/feed/live,both,True,P,Pitcher,STARTER/OPENER/BULK,True,QA_VALIDATED_CANONICAL_V5,1.0,1.0,True
548384,15.0,8.0,54.0,59.0,207.0,221.0,Bot,823965,https://raw.githubusercontent.com/lancebroz/mlb-pitcher-data/main/data/raw/2026/daily/2026-04-14.parquet,False,2026-04-14,2026-04-15T02:10:00Z,NYM,LAD,A,Brooks Raley,False,RELIEF_OR_BULK,15,6,3,1,1,1,2,1,0,https://statsapi.mlb.com/api/v1.1/game/823965/feed/live,both,True,P,Pitcher,BULLPEN_PITCHER,True,QA_VALIDATED_CANONICAL_V5,1.0,0.0,True
595014,7.0,8.0,53.0,53.0,200.0,206.0,Top,823965,https://raw.githubusercontent.com/lancebroz/mlb-pitcher-data/main/data/raw/2026/daily/2026-04-14.parquet,False,2026-04-14,2026-04-15T02:10:00Z,LAD,NYM,H,Blake Treinen,False,RELIEF_OR_BULK,7,1,1,0,0,0,0,1,0,https://statsapi.mlb.com/api/v1.1/game/823965/feed/live,both,True,P,Pitcher,BULLPEN_PITCHER,True,QA_VALIDATED_CANONICAL_V5,1.0,0.0,True
681911,10.0,9.0,60.0,62.0,222.0,231.0,Top,823965,https://raw.githubusercontent.com/lancebroz/mlb-pitcher-data/main/data/raw/2026/daily/2026-04-14.parquet,False,2026-04-14,2026-04-15T02:10:00Z,LAD,NYM,H,Alex Vesia,False,RELIEF_OR_BULK,10,3,3,0,0,0,0,3,0,https://statsapi.mlb.com/api/v1.1/game/823965/feed/live,both,True,P,Pitcher,BULLPEN_PITCHER,True,QA_VALIDATED_CANONICAL_V5,1.0,0.0,True
690997,95.0,1.0,4.0,48.0,16.0,189.0,Bot,823965,https://raw.githubusercontent.com/lancebroz/mlb-pitcher-data/main/data/raw/2026/daily/2026-04-14.parquet,False,2026-04-14,2026-04-15T02:10:00Z,NYM,LAD,A,Nolan McLean,True,STARTER,95,25,21,1,1,2,2,8,0,https://statsapi.mlb.com/api/v1.1/game/823965/feed/live,both,True,P,Pitcher,STARTER/OPENER/BULK,True,QA_VALIDATED_CANONICAL_V5,1.0,1.0,True
808967,104.0,1.0,0.0,52.0,1.0,199.0,Top,823965,https://raw.githubusercontent.com/lancebroz/mlb-pitcher-data/main/data/raw/2026/daily/2026-04-14.parquet,False,2026-04-14,2026-04-15T02:10:00Z,LAD,NYM,H,Yoshinobu Yamamoto,True,STARTER,104,28,23,1,1,4,1,7,1,https://statsapi.mlb.com/api/v1.1/game/823965/feed/live,both,True,P,Pitcher,STARTER/OPENER/BULK,True,QA_VALIDATED_CANONICAL_V5,1.0,1.0,True
547179,71.0,1.0,4.0,31.0,15.0,114.0,Bot,824210,https://raw.githubusercontent.com/lancebroz/mlb-pitcher-data/main/data/raw/2026/daily/2026-04-14.parquet,False,2026-04-14,2026-04-15T00:10:00Z,COL,HOU,A,Michael Lorenzen,True,STARTER,71,18,8,7,2,7,1,3,1,https://statsapi.mlb.com/api/v1.1/game/824210/feed/live,both,True,P,Pitcher,STARTER/OPENER/BULK,True,QA_VALIDATED_CANONICAL_V5,1.0,1.0,True
595345,14.0,6.0,53.0,56.0,198.0,211.0,Top,824210,https://raw.githubusercontent.com/lancebroz/mlb-pitcher-data/main/data/raw/2026/daily/2026-04-14.parquet,False,2026-04-14,2026-04-15T00:10:00Z,HOU,COL,H,Steven Okert,False,RELIEF_OR_BULK,14,4,3,0,0,0,1,1,0,https://statsapi.mlb.com/api/v1.1/game/824210/feed/live,both,True,P,Pitcher,BULLPEN_PITCHER,True,QA_VALIDATED_CANONICAL_V5,1.0,0.0,True
622608,43.0,3.0,32.0,59.0,115.0,223.0,Bot,824210,https://raw.githubusercontent.com/lancebroz/mlb-pitcher-data/main/data/raw/2026/daily/2026-04-14.parquet,False,2026-04-14,2026-04-15T00:10:00Z,COL,HOU,A,Antonio Senzatela,False,RELIEF_OR_BULK,43,12,10,0,0,2,0,3,0,https://statsapi.mlb.com/api/v1.1/game/824210/feed/live,both,True,P,Pitcher,BULLPEN_PITCHER,True,QA_VALIDATED_CANONICAL_V5,1.0,0.0,True
660853,5.0,9.0,80.0,80.0,304.0,308.0,Top,824210,https://raw.githubusercontent.com/lancebroz/mlb-pitcher-data/main/data/raw/2026/daily/2026-04-14.parquet,False,2026-04-14,2026-04-15T00:10:00Z,HOU,COL,H,Enyel De Los Santos,False,RELIEF_OR_BULK,5,1,1,0,0,0,0,1,0,https://statsapi.mlb.com/api/v1.1/game/824210/feed/live,both,True,P,Pitcher,BULLPEN_PITCHER,True,QA_VALIDATED_CANONICAL_V5,1.0,0.0,True
675848,13.0,7.0,63.0,66.0,236.0,248.0,Bot,824210,https://raw.githubusercontent.com/lancebroz/mlb-pitcher-data/main/data/raw/2026/daily/2026-04-14.parquet,False,2026-04-14,2026-04-15T00:10:00Z,COL,HOU,A,Juan Mejia,False,RELIEF_OR_BULK,13,4,3,0,0,2,0,1,0,https://statsapi.mlb.com/api/v1.1/game/824210/feed/live,both,True,P,Pitcher,BULLPEN_PITCHER,True,QA_VALIDATED_CANONICAL_V5,1.0,0.0,True
676467,68.0,1.0,0.0,38.0,1.0,143.0,Top,824210,https://raw.githubusercontent.com/lancebroz/mlb-pitcher-data/main/data/raw/2026/daily/2026-04-14.parquet,False,2026-04-14,2026-04-15T00:10:00Z,HOU,COL,H,Colton Gordon,True,STARTER,68,19,11,4,4,8,0,5,2,https://statsapi.mlb.com/api/v1.1/game/824210/feed/live,both,True,P,Pitcher,STARTER/OPENER/BULK,True,QA_VALIDATED_CANONICAL_V5,1.0,1.0,True
678906,30.0,7.0,60.0,69.0,224.0,266.0,Top,824210,https://raw.githubusercontent.com/lancebroz/mlb-pitcher-data/main/data/raw/2026/daily/2026-04-14.parquet,False,2026-04-14,2026-04-15T00:10:00Z,HOU,COL,H,Kai-Wei Teng,False,RELIEF_OR_BULK,30,6,4,1,1,0,2,2,0,https://statsapi.mlb.com/api/v1.1/game/824210/feed/live,both,True,P,Pitcher,BULLPEN_PITCHER,True,QA_VALIDATED_CANONICAL_V5,1.0,0.0,True
687911,28.0,8.0,70.0,79.0,267.0,303.0,Top,824210,https://raw.githubusercontent.com/lancebroz/mlb-pitcher-data/main/data/raw/2026/daily/2026-04-14.parquet,False,2026-04-14,2026-04-15T00:10:00Z,HOU,COL,H,Bryan King,False,RELIEF_OR_BULK,28,7,4,0,0,3,0,2,0,https://statsapi.mlb.com/api/v1.1/game/824210/feed/live,both,True,P,Pitcher,BULLPEN_PITCHER,True,QA_VALIDATED_CANONICAL_V5,1.0,0.0,True
688642,9.0,8.0,73.0,75.0,280.0,288.0,Bot,824210,https://raw.githubusercontent.com/lancebroz/mlb-pitcher-data/main/data/raw/2026/daily/2026-04-14.parquet,False,2026-04-14,2026-04-15T00:10:00Z,COL,HOU,A,Zach Agnos,False,RELIEF_OR_BULK,9,3,3,0,0,0,0,2,0,https://statsapi.mlb.com/api/v1.1/game/824210/feed/live,both,True,P,Pitcher,BULLPEN_PITCHER,True,QA_VALIDATED_CANONICAL_V5,1.0,0.0,True
805123,27.0,4.0,39.0,47.0,144.0,177.0,Top,824210,https://raw.githubusercontent.com/lancebroz/mlb-pitcher-data/main/data/raw/2026/daily/2026-04-14.parquet,False,2026-04-14,2026-04-15T00:10:00Z,HOU,COL,H,AJ Blubaugh,False,RELIEF_OR_BULK,27,6,4,1,1,1,1,1,1,https://statsapi.mlb.com/api/v1.1/game/824210/feed/live,both,True,P,Pitcher,BULLPEN_PITCHER,True,QA_VALIDATED_CANONICAL_V5,1.0,0.0,True
445276,15.0,9.0,61.0,64.0,236.0,250.0,Top,824292,https://raw.githubusercontent.com/lancebroz/mlb-pitcher-data/main/data/raw/2026/daily/2026-04-14.parquet,False,2026-04-14,2026-04-14T22:40:00Z,DET,KC,H,Kenley Jansen,False,RELIEF_OR_BULK,15,4,3,0,0,1,0,0,0,https://statsapi.mlb.com/api/v1.1/game/824292/feed/live,both,True,P,Pitcher,BULLPEN_PITCHER,True,QA_VALIDATED_CANONICAL_V5,1.0,0.0,True
621381,24.0,7.0,47.0,51.0,181.0,204.0,Bot,824292,https://raw.githubusercontent.com/lancebroz/mlb-pitcher-data/main/data/raw/2026/daily/2026-04-14.parquet,False,2026-04-14,2026-04-14T22:40:00Z,KC,DET,A,Matt Strahm,False,RELIEF_OR_BULK,24,5,3,0,0,1,1,1,0,https://statsapi.mlb.com/api/v1.1/game/824292/feed/live,both,True,P,Pitcher,BULLPEN_PITCHER,True,QA_VALIDATED_CANONICAL_V5,1.0,0.0,True
664285,87.0,1.0,0.0,46.0,1.0,180.0,Top,824292,https://raw.githubusercontent.com/lancebroz/mlb-pitcher-data/main/data/raw/2026/daily/2026-04-14.parquet,False,2026-04-14,2026-04-14T22:40:00Z,DET,KC,H,Framber Valdez,True,STARTER,87,26,21,1,1,4,2,1,0,https://statsapi.mlb.com/api/v1.1/game/824292/feed/live,both,True,P,Pitcher,STARTER/OPENER/BULK,True,QA_VALIDATED_CANONICAL_V5,1.0,1.0,True
666142,93.0,1.0,3.0,43.0,9.0,171.0,Bot,824292,https://raw.githubusercontent.com/lancebroz/mlb-pitcher-data/main/data/raw/2026/daily/2026-04-14.parquet,False,2026-04-14,2026-04-14T22:40:00Z,KC,DET,A,Cole Ragans,True,STARTER,93,21,18,0,0,1,4,1,0,https://statsapi.mlb.com/api/v1.1/game/824292/feed/live,both,True,P,Pitcher,STARTER/OPENER/BULK,True,QA_VALIDATED_CANONICAL_V5,1.0,1.0,True
676684,13.0,8.0,52.0,54.0,205.0,217.0,Top,824292,https://raw.githubusercontent.com/lancebroz/mlb-pitcher-data/main/data/raw/2026/daily/2026-04-14.parquet,False,2026-04-14,2026-04-14T22:40:00Z,DET,KC,H,Will Vest,False,RELIEF_OR_BULK,13,3,3,0,0,0,0,3,0,https://statsapi.mlb.com/api/v1.1/game/824292/feed/live,both,True,P,Pitcher,BULLPEN_PITCHER,True,QA_VALIDATED_CANONICAL_V5,1.0,0.0,True
683232,18.0,8.0,55.0,60.0,218.0,235.0,Bot,824292,https://raw.githubusercontent.com/lancebroz/mlb-pitcher-data/main/data/raw/2026/daily/2026-04-14.parquet,False,2026-04-14,2026-04-14T22:40:00Z,KC,DET,A,Nick Mears,False,RELIEF_OR_BULK,18,6,3,2,2,2,1,0,0,https://statsapi.mlb.com/api/v1.1/game/824292/feed/live,both,True,P,Pitcher,BULLPEN_PITCHER,True,QA_VALIDATED_CANONICAL_V5,1.0,0.0,True
592662,94.0,1.0,4.0,40.0,14.0,159.0,Bot,824531,https://raw.githubusercontent.com/lancebroz/mlb-pitcher-data/main/data/raw/2026/daily/2026-04-14.parquet,False,2026-04-14,2026-04-14T22:40:00Z,SF,CIN,A,Robbie Ray,True,STARTER,94,19,15,2,2,2,4,6,2,https://statsapi.mlb.com/api/v1.1/game/824531/feed/live,both,True,P,Pitcher,STARTER/OPENER/BULK,True,QA_VALIDATED_CANONICAL_V5,1.0,1.0,True
641941,7.0,9.0,62.0,64.0,250.0,256.0,Top,824531,https://raw.githubusercontent.com/lancebroz/mlb-pitcher-data/main/data/raw/2026/daily/2026-04-14.parquet,False,2026-04-14,2026-04-14T22:40:00Z,CIN,SF,H,Emilio Pagán,False,RELIEF_OR_BULK,7,3,3,0,0,0,0,1,0,https://statsapi.mlb.com/api/v1.1/game/824531/feed/live,both,True,P,Pitcher,BULLPEN_PITCHER,True,QA_VALIDATED_CANONICAL_V5,1.0,0.0,True
663574,16.0,8.0,55.0,58.0,221.0,236.0,Top,824531,https://raw.githubusercontent.com/lancebroz/mlb-pitcher-data/main/data/raw/2026/daily/2026-04-14.parquet,False,2026-04-14,2026-04-14T22:40:00Z,CIN,SF,H,Tony Santillan,False,RELIEF_OR_BULK,16,4,3,0,0,1,1,1,0,https://statsapi.mlb.com/api/v1.1/game/824531/feed/live,both,True,P,Pitcher,BULLPEN_PITCHER,True,QA_VALIDATED_CANONICAL_V5,1.0,0.0,True
663903,75.0,1.0,0.0,44.0,1.0,169.0,Top,824531,https://raw.githubusercontent.com/lancebroz/mlb-pitcher-data/main/data/raw/2026/daily/2026-04-14.parquet,False,2026-04-14,2026-04-14T22:40:00Z,CIN,SF,H,Brady Singer,True,STARTER,75,25,18,1,1,6,0,1,1,https://statsapi.mlb.com/api/v1.1/game/824531/feed/live,both,True,P,Pitcher,STARTER/OPENER/BULK,True,QA_VALIDATED_CANONICAL_V5,1.0,1.0,True
668873,22.0,6.0,45.0,48.0,170.0,191.0,Bot,824531,https://raw.githubusercontent.com/lancebroz/mlb-pitcher-data/main/data/raw/2026/daily/2026-04-14.parquet,False,2026-04-14,2026-04-14T22:40:00Z,SF,CIN,A,Caleb Kilian,False,RELIEF_OR_BULK,22,4,3,0,0,1,1,1,0,https://statsapi.mlb.com/api/v1.1/game/824531/feed/live,both,True,P,Pitcher,BULLPEN_PITCHER,True,QA_VALIDATED_CANONICAL_V5,1.0,0.0,True
668933,13.0,7.0,49.0,51.0,192.0,204.0,Top,824531,https://raw.githubusercontent.com/lancebroz/mlb-pitcher-data/main/data/raw/2026/daily/2026-04-14.parquet,False,2026-04-14,2026-04-14T22:40:00Z,CIN,SF,H,Graham Ashcraft,False,RELIEF_OR_BULK,13,3,3,0,0,0,0,2,0,https://statsapi.mlb.com/api/v1.1/game/824531/feed/live,both,True,P,Pitcher,BULLPEN_PITCHER,True,QA_VALIDATED_CANONICAL_V5,1.0,0.0,True
676254,13.0,8.0,59.0,61.0,237.0,249.0,Bot,824531,https://raw.githubusercontent.com/lancebroz/mlb-pitcher-data/main/data/raw/2026/daily/2026-04-14.parquet,False,2026-04-14,2026-04-14T22:40:00Z,SF,CIN,A,Ryan Walker,False,RELIEF_OR_BULK,13,3,3,0,0,0,0,0,0,https://statsapi.mlb.com/api/v1.1/game/824531/feed/live,both,True,P,Pitcher,BULLPEN_PITCHER,True,QA_VALIDATED_CANONICAL_V5,1.0,0.0,True
676775,16.0,7.0,52.0,54.0,205.0,220.0,Bot,824531,https://raw.githubusercontent.com/lancebroz/mlb-pitcher-data/main/data/raw/2026/daily/2026-04-14.parquet,False,2026-04-14,2026-04-14T22:40:00Z,SF,CIN,A,Keaton Winn,False,RELIEF_OR_BULK,16,3,3,0,0,0,0,2,0,https://statsapi.mlb.com/api/v1.1/game/824531/feed/live,both,True,P,Pitcher,BULLPEN_PITCHER,True,QA_VALIDATED_CANONICAL_V5,1.0,0.0,True
608371,25.0,5.0,40.0,50.0,153.0,190.0,Top,824616,https://raw.githubusercontent.com/lancebroz/mlb-pitcher-data/main/data/raw/2026/daily/2026-04-14.parquet,False,2026-04-14,2026-04-14T23:40:00Z,CWS,TB,H,Lucas Sims,False,RELIEF_OR_BULK,25,8,4,2,2,3,1,1,0,https://statsapi.mlb.com/api/v1.1/game/824616/feed/live,both,True,P,Pitcher,BULLPEN_PITCHER,True,QA_VALIDATED_CANONICAL_V5,1.0,0.0,True
641329,6.0,9.0,83.0,83.0,307.0,312.0,Bot,824616,https://raw.githubusercontent.com/lancebroz/mlb-pitcher-data/main/data/raw/2026/daily/2026-04-14.parquet,False,2026-04-14,2026-04-14T23:40:00Z,TB,CWS,A,Bryan Baker,False,RELIEF_OR_BULK,6,1,1,0,0,0,0,0,0,https://statsapi.mlb.com/api/v1.1/game/824616/feed/live,both,True,P,Pitcher,BULLPEN_PITCHER,True,QA_VALIDATED_CANONICAL_V5,1.0,0.0,True
663542,12.0,9.0,75.0,77.0,277.0,288.0,Top,824616,https://raw.githubusercontent.com/lancebroz/mlb-pitcher-data/main/data/raw/2026/daily/2026-04-14.parquet,False,2026-04-14,2026-04-14T23:40:00Z,CWS,TB,H,Bryan Hudson,False,RELIEF_OR_BULK,12,3,3,0,0,1,0,1,0,https://statsapi.mlb.com/api/v1.1/game/824616/feed/live,both,True,P,Pitcher,BULLPEN_PITCHER,True,QA_VALIDATED_CANONICAL_V5,1.0,0.0,True
663556,83.0,1.0,7.0,44.0,34.0,173.0,Bot,824616,https://raw.githubusercontent.com/lancebroz/mlb-pitcher-data/main/data/raw/2026/daily/2026-04-14.parquet,False,2026-04-14,2026-04-14T23:40:00Z,TB,CWS,A,Shane McClanahan,True,STARTER,83,23,15,3,2,2,4,4,1,https://statsapi.mlb.com/api/v1.1/game/824616/feed/live,both,True,P,Pitcher,STARTER/OPENER/BULK,True,QA_VALIDATED_CANONICAL_V5,1.0,1.0,True
663855,7.0,8.0,68.0,71.0,258.0,264.0,Top,824616,https://raw.githubusercontent.com/lancebroz/mlb-pitcher-data/main/data/raw/2026/daily/2026-04-14.parquet,False,2026-04-14,2026-04-14T23:40:00Z,CWS,TB,H,Jordan Hicks,False,RELIEF_OR_BULK,7,4,3,0,0,2,0,0,0,https://statsapi.mlb.com/api/v1.1/game/824616/feed/live,both,True,P,Pitcher,BULLPEN_PITCHER,True,QA_VALIDATED_CANONICAL_V5,1.0,0.0,True
669438,12.0,7.0,64.0,67.0,246.0,257.0,Bot,824616,https://raw.githubusercontent.com/lancebroz/mlb-pitcher-data/main/data/raw/2026/daily/2026-04-14.parquet,False,2026-04-14,2026-04-14T23:40:00Z,TB,CWS,A,Mason Englert,False,RELIEF_OR_BULK,12,4,3,0,0,1,0,1,0,https://statsapi.mlb.com/api/v1.1/game/824616/feed/live,both,True,P,Pitcher,BULLPEN_PITCHER,True,QA_VALIDATED_CANONICAL_V5,1.0,0.0,True
672782,30.0,8.0,72.0,82.0,265.0,306.0,Bot,824616,https://raw.githubusercontent.com/lancebroz/mlb-pitcher-data/main/data/raw/2026/daily/2026-04-14.parquet,False,2026-04-14,2026-04-14T23:40:00Z,TB,CWS,A,Yoendrys Gómez,False,RELIEF_OR_BULK,30,8,5,2,2,2,1,1,1,https://statsapi.mlb.com/api/v1.1/game/824616/feed/live,both,True,P,Pitcher,BULLPEN_PITCHER,True,QA_VALIDATED_CANONICAL_V5,1.0,0.0,True
685126,33.0,6.0,51.0,63.0,191.0,245.0,Top,824616,https://raw.githubusercontent.com/lancebroz/mlb-pitcher-data/main/data/raw/2026/daily/2026-04-14.parquet,False,2026-04-14,2026-04-14T23:40:00Z,CWS,TB,H,Brandon Eisert,False,RELIEF_OR_BULK,33,8,4,2,2,3,1,1,0,https://statsapi.mlb.com/api/v1.1/game/824616/feed/live,both,True,P,Pitcher,BULLPEN_PITCHER,True,QA_VALIDATED_CANONICAL_V5,1.0,0.0,True
685801,22.0,6.0,53.0,57.0,200.0,221.0,Bot,824616,https://raw.githubusercontent.com/lancebroz/mlb-pitcher-data/main/data/raw/2026/daily/2026-04-14.parquet,False,2026-04-14,2026-04-14T23:40:00Z,TB,CWS,A,Hunter Bigge,False,RELIEF_OR_BULK,22,5,3,0,0,0,2,0,0,https://statsapi.mlb.com/api/v1.1/game/824616/feed/live,both,True,P,Pitcher,BULLPEN_PITCHER,True,QA_VALIDATED_CANONICAL_V5,1.0,0.0,True
702273,82.0,1.0,0.0,39.0,1.0,152.0,Top,824616,https://raw.githubusercontent.com/lancebroz/mlb-pitcher-data/main/data/raw/2026/daily/2026-04-14.parquet,False,2026-04-14,2026-04-14T23:40:00Z,CWS,TB,H,Noah Schultz,True,STARTER,82,20,13,4,3,3,4,4,0,https://statsapi.mlb.com/api/v1.1/game/824616/feed/live,both,True,P,Pitcher,STARTER/OPENER/BULK,True,QA_VALIDATED_CANONICAL_V5,1.0,1.0,True
518876,86.0,1.0,4.0,50.0,14.0,198.0,Bot,824853,https://raw.githubusercontent.com/lancebroz/mlb-pitcher-data/main/data/raw/2026/daily/2026-04-14.parquet,False,2026-04-14,2026-04-14T22:35:00Z,AZ,BAL,A,Merrill Kelly,True,STARTER,86,24,16,2,2,5,4,3,1,https://statsapi.mlb.com/api/v1.1/game/824853/feed/live,both,True,P,Pitcher,STARTER/OPENER/BULK,True,QA_VALIDATED_CANONICAL_V5,1.0,1.0,True
623149,11.0,9.0,73.0,75.0,292.0,302.0,Bot,824853,https://raw.githubusercontent.com/lancebroz/mlb-pitcher-data/main/data/raw/2026/daily/2026-04-14.parquet,False,2026-04-14,2026-04-14T22:35:00Z,AZ,BAL,A,Paul Sewald,False,RELIEF_OR_BULK,11,3,3,0,0,0,0,1,0,https://statsapi.mlb.com/api/v1.1/game/824853/feed/live,both,True,P,Pitcher,BULLPEN_PITCHER,True,QA_VALIDATED_CANONICAL_V5,1.0,0.0,True
657044,1.0,8.0,67.0,67.0,267.0,267.0,Bot,824853,https://raw.githubusercontent.com/lancebroz/mlb-pitcher-data/main/data/raw/2026/daily/2026-04-14.parquet,False,2026-04-14,2026-04-14T22:35:00Z,AZ,BAL,A,Ryan Thompson,False,RELIEF_OR_BULK,1,1,1,0,0,0,0,0,0,https://statsapi.mlb.com/api/v1.1/game/824853/feed/live,both,True,P,Pitcher,BULLPEN_PITCHER,True,QA_VALIDATED_CANONICAL_V5,1.0,0.0,True
664199,15.0,6.0,51.0,57.0,199.0,224.0,Bot,824853,https://raw.githubusercontent.com/lancebroz/mlb-pitcher-data/main/data/raw/2026/daily/2026-04-14.parquet,False,2026-04-14,2026-04-14T22:35:00Z,AZ,BAL,A,Taylor Clarke,False,RELIEF_OR_BULK,15,4,5,0,0,0,0,1,0,https://statsapi.mlb.com/api/v1.1/game/824853/feed/live,both,True,P,Pitcher,BULLPEN_PITCHER,True,QA_VALIDATED_CANONICAL_V5,1.0,0.0,True
664991,16.0,7.0,52.0,58.0,203.0,229.0,Top,824853,https://raw.githubusercontent.com/lancebroz/mlb-pitcher-data/main/data/raw/2026/daily/2026-04-14.parquet,False,2026-04-14,2026-04-14T22:35:00Z,BAL,AZ,H,Grant Wolfram,False,RELIEF_OR_BULK,16,4,4,0,0,0,0,3,0,https://statsapi.mlb.com/api/v1.1/game/824853/feed/live,both,True,P,Pitcher,BULLPEN_PITCHER,True,QA_VALIDATED_CANONICAL_V5,1.0,0.0,True
666661,28.0,8.0,61.0,66.0,239.0,266.0,Bot,824853,https://raw.githubusercontent.com/lancebroz/mlb-pitcher-data/main/data/raw/2026/daily/2026-04-14.parquet,False,2026-04-14,2026-04-14T22:35:00Z,AZ,BAL,A,Juan Morillo,False,RELIEF_OR_BULK,28,6,2,1,1,2,2,0,0,https://statsapi.mlb.com/api/v1.1/game/824853/feed/live,both,True,P,Pitcher,BULLPEN_PITCHER,True,QA_VALIDATED_CANONICAL_V5,1.0,0.0,True
666974,14.0,8.0,59.0,68.0,230.0,272.0,Top,824853,https://raw.githubusercontent.com/lancebroz/mlb-pitcher-data/main/data/raw/2026/daily/2026-04-14.parquet,False,2026-04-14,2026-04-14T22:35:00Z,BAL,AZ,H,Yennier Cano,False,RELIEF_OR_BULK,14,3,3,0,0,0,0,2,0,https://statsapi.mlb.com/api/v1.1/game/824853/feed/live,both,True,P,Pitcher,BULLPEN_PITCHER,True,QA_VALIDATED_CANONICAL_V5,1.0,0.0,True
669432,99.0,1.0,0.0,41.0,1.0,168.0,Top,824853,https://raw.githubusercontent.com/lancebroz/mlb-pitcher-data/main/data/raw/2026/daily/2026-04-14.parquet,False,2026-04-14,2026-04-14T22:35:00Z,BAL,AZ,H,Trevor Rogers,True,STARTER,99,22,14,4,4,9,1,6,1,https://statsapi.mlb.com/api/v1.1/game/824853/feed/live,both,True,P,Pitcher,STARTER/OPENER/BULK,True,QA_VALIDATED_CANONICAL_V5,1.0,1.0,True
670329,13.0,5.0,42.0,48.0,169.0,191.0,Top,824853,https://raw.githubusercontent.com/lancebroz/mlb-pitcher-data/main/data/raw/2026/daily/2026-04-14.parquet,False,2026-04-14,2026-04-14T22:35:00Z,BAL,AZ,H,Rico Garcia,False,RELIEF_OR_BULK,13,4,4,0,0,0,0,2,0,https://statsapi.mlb.com/api/v1.1/game/824853/feed/live,both,True,P,Pitcher,BULLPEN_PITCHER,True,QA_VALIDATED_CANONICAL_V5,1.0,0.0,True
675919,19.0,9.0,69.0,72.0,273.0,291.0,Top,824853,https://raw.githubusercontent.com/lancebroz/mlb-pitcher-data/main/data/raw/2026/daily/2026-04-14.parquet,False,2026-04-14,2026-04-14T22:35:00Z,BAL,AZ,H,Nick Raquet,False,RELIEF_OR_BULK,19,4,2,0,0,1,0,0,0,https://statsapi.mlb.com/api/v1.1/game/824853/feed/live,both,True,P,Pitcher,BULLPEN_PITCHER,True,QA_VALIDATED_CANONICAL_V5,1.0,0.0,True
625643,96.0,1.0,0.0,37.0,1.0,158.0,Top,824935,https://raw.githubusercontent.com/lancebroz/mlb-pitcher-data/main/data/raw/2026/daily/2026-04-14.parquet,False,2026-04-14,2026-04-14T23:15:00Z,ATL,MIA,H,Reynaldo López,True,STARTER,96,21,15,4,3,5,3,6,0,https://statsapi.mlb.com/api/v1.1/game/824935/feed/live,both,True,P,Pitcher,STARTER/OPENER/BULK,True,QA_VALIDATED_CANONICAL_V5,1.0,1.0,True
628452,10.0,9.0,68.0,70.0,271.0,280.0,Top,824935,https://raw.githubusercontent.com/lancebroz/mlb-pitcher-data/main/data/raw/2026/daily/2026-04-14.parquet,False,2026-04-14,2026-04-14T23:15:00Z,ATL,MIA,H,Raisel Iglesias,False,RELIEF_OR_BULK,10,3,3,0,0,0,0,2,0,https://statsapi.mlb.com/api/v1.1/game/824935/feed/live,both,True,P,Pitcher,BULLPEN_PITCHER,True,QA_VALIDATED_CANONICAL_V5,1.0,0.0,True
641755,12.0,7.0,48.0,50.0,199.0,210.0,Top,824935,https://raw.githubusercontent.com/lancebroz/mlb-pitcher-data/main/data/raw/2026/daily/2026-04-14.parquet,False,2026-04-14,2026-04-14T23:15:00Z,ATL,MIA,H,Tyler Kinley,False,RELIEF_OR_BULK,12,3,3,0,0,1,0,0,0,https://statsapi.mlb.com/api/v1.1/game/824935/feed/live,both,True,P,Pitcher,BULLPEN_PITCHER,True,QA_VALIDATED_CANONICAL_V5,1.0,0.0,True
656848,22.0,6.0,45.0,54.0,190.0,223.0,Bot,824935,https://raw.githubusercontent.com/lancebroz/mlb-pitcher-data/main/data/raw/2026/daily/2026-04-14.parquet,False,2026-04-14,2026-04-14T23:15:00Z,MIA,ATL,A,Michael Petersen,False,RELIEF_OR_BULK,22,7,6,0,0,1,0,1,0,https://statsapi.mlb.com/api/v1.1/game/824935/feed/live,both,True,P,Pitcher,BULLPEN_PITCHER,True,QA_VALIDATED_CANONICAL_V5,1.0,0.0,True
663158,21.0,8.0,55.0,60.0,224.0,244.0,Top,824935,https://raw.githubusercontent.com/lancebroz/mlb-pitcher-data/main/data/raw/2026/daily/2026-04-14.parquet,False,2026-04-14,2026-04-14T23:15:00Z,ATL,MIA,H,Robert Suarez,False,RELIEF_OR_BULK,21,6,3,1,1,3,0,1,0,https://statsapi.mlb.com/api/v1.1/game/824935/feed/live,both,True,P,Pitcher,BULLPEN_PITCHER,True,QA_VALIDATED_CANONICAL_V5,1.0,0.0,True
664126,26.0,8.0,61.0,67.0,245.0,270.0,Bot,824935,https://raw.githubusercontent.com/lancebroz/mlb-pitcher-data/main/data/raw/2026/daily/2026-04-14.parquet,False,2026-04-14,2026-04-14T23:15:00Z,MIA,ATL,A,Pete Fairbanks,False,RELIEF_OR_BULK,26,7,3,3,3,3,0,1,0,https://statsapi.mlb.com/api/v1.1/game/824935/feed/live,both,True,P,Pitcher,BULLPEN_PITCHER,True,QA_VALIDATED_CANONICAL_V5,1.0,0.0,True
669276,11.0,6.0,42.0,44.0,179.0,189.0,Top,824935,https://raw.githubusercontent.com/lancebroz/mlb-pitcher-data/main/data/raw/2026/daily/2026-04-14.parquet,False,2026-04-14,2026-04-14T23:15:00Z,ATL,MIA,H,Dylan Lee,False,RELIEF_OR_BULK,11,3,3,0,0,0,0,2,0,https://statsapi.mlb.com/api/v1.1/game/824935/feed/live,both,True,P,Pitcher,BULLPEN_PITCHER,True,QA_VALIDATED_CANONICAL_V5,1.0,0.0,True
676974,82.0,1.0,4.0,41.0,20.0,178.0,Bot,824935,https://raw.githubusercontent.com/lancebroz/mlb-pitcher-data/main/data/raw/2026/daily/2026-04-14.parquet,False,2026-04-14,2026-04-14T23:15:00Z,MIA,ATL,A,Max Meyer,True,STARTER,82,21,15,3,3,5,1,5,0,https://statsapi.mlb.com/api/v1.1/game/824935/feed/live,both,True,P,Pitcher,STARTER/OPENER/BULK,True,QA_VALIDATED_CANONICAL_V5,1.0,1.0,True
455119,5.0,5.0,42.0,42.0,250.0,284.0,Bot,825022,https://baseballsavant.mlb.com/statcast_search/csv?all=true&type=details&game_pk=825022,True,2026-04-14,2026-04-15T01:40:00Z,TEX,ATH,A,Chris Martin,False,RELIEF_OR_BULK,5,1,1,0,0,0,0,1,0,https://statsapi.mlb.com/api/v1.1/game/825022/feed/live,both,True,P,Pitcher,BULLPEN_PITCHER,True,QA_VALIDATED_CANONICAL_V5,1.0,0.0,True
605488,90.0,1.0,1.0,49.0,5.0,279.0,Top,825022,https://baseballsavant.mlb.com/statcast_search/csv?all=true&type=details&game_pk=825022,True,2026-04-14,2026-04-15T01:40:00Z,ATH,TEX,H,Jeffrey Springs,True,STARTER,90,23,19,1,1,3,2,5,0,https://statsapi.mlb.com/api/v1.1/game/825022/feed/live,both,True,P,Pitcher,STARTER/OPENER/BULK,True,QA_VALIDATED_CANONICAL_V5,1.0,1.0,True
641302,27.0,7.0,56.0,66.0,132.0,281.0,Bot,825022,https://baseballsavant.mlb.com/statcast_search/csv?all=true&type=details&game_pk=825022,True,2026-04-14,2026-04-15T01:40:00Z,TEX,ATH,A,Tyler Alexander,False,RELIEF_OR_BULK,27,5,4,0,0,1,0,2,0,https://statsapi.mlb.com/api/v1.1/game/825022/feed/live,both,True,P,Pitcher,BULLPEN_PITCHER,True,QA_VALIDATED_CANONICAL_V5,1.0,0.0,True
643410,13.0,9.0,67.0,69.0,193.0,276.0,Top,825022,https://baseballsavant.mlb.com/statcast_search/csv?all=true&type=details&game_pk=825022,True,2026-04-14,2026-04-15T01:40:00Z,ATH,TEX,H,Mark Leiter Jr.,False,RELIEF_OR_BULK,13,3,3,0,0,0,0,2,0,https://statsapi.mlb.com/api/v1.1/game/825022/feed/live,both,True,P,Pitcher,BULLPEN_PITCHER,True,QA_VALIDATED_CANONICAL_V5,1.0,0.0,True
663687,19.0,8.0,58.0,61.0,161.0,278.0,Top,825022,https://baseballsavant.mlb.com/statcast_search/csv?all=true&type=details&game_pk=825022,True,2026-04-14,2026-04-15T01:40:00Z,ATH,TEX,H,Hogan Harris,False,RELIEF_OR_BULK,19,4,2,0,0,0,2,0,0,https://statsapi.mlb.com/api/v1.1/game/825022/feed/live,both,True,P,Pitcher,BULLPEN_PITCHER,True,QA_VALIDATED_CANONICAL_V5,1.0,0.0,True
665660,1.0,8.0,62.0,62.0,282.0,282.0,Top,825022,https://baseballsavant.mlb.com/statcast_search/csv?all=true&type=details&game_pk=825022,True,2026-04-14,2026-04-15T01:40:00Z,ATH,TEX,H,Elvis Alvarado,False,RELIEF_OR_BULK,1,1,1,0,0,0,0,0,0,https://statsapi.mlb.com/api/v1.1/game/825022/feed/live,both,True,P,Pitcher,BULLPEN_PITCHER,True,QA_VALIDATED_CANONICAL_V5,1.0,0.0,True
669022,94.0,1.0,7.0,41.0,1.0,283.0,Bot,825022,https://baseballsavant.mlb.com/statcast_search/csv?all=true&type=details&game_pk=825022,True,2026-04-14,2026-04-15T01:40:00Z,TEX,ATH,A,MacKenzie Gore,True,STARTER,94,22,14,2,2,3,6,5,0,https://statsapi.mlb.com/api/v1.1/game/825022/feed/live,both,True,P,Pitcher,STARTER/OPENER/BULK,True,QA_VALIDATED_CANONICAL_V5,1.0,1.0,True
676395,22.0,6.0,46.0,55.0,146.0,285.0,Bot,825022,https://baseballsavant.mlb.com/statcast_search/csv?all=true&type=details&game_pk=825022,True,2026-04-14,2026-04-15T01:40:00Z,TEX,ATH,A,Robert Garcia,False,RELIEF_OR_BULK,22,6,5,0,0,0,1,3,0,https://statsapi.mlb.com/api/v1.1/game/825022/feed/live,both,True,P,Pitcher,BULLPEN_PITCHER,True,QA_VALIDATED_CANONICAL_V5,1.0,0.0,True
681168,2.0,7.0,56.0,56.0,273.0,280.0,Bot,825022,https://baseballsavant.mlb.com/statcast_search/csv?all=true&type=details&game_pk=825022,True,2026-04-14,2026-04-15T01:40:00Z,TEX,ATH,A,Luis Curvelo,False,RELIEF_OR_BULK,2,1,0,0,0,0,1,0,0,https://statsapi.mlb.com/api/v1.1/game/825022/feed/live,both,True,P,Pitcher,BULLPEN_PITCHER,True,QA_VALIDATED_CANONICAL_V5,1.0,0.0,True
686993,12.0,7.0,50.0,52.0,196.0,277.0,Top,825022,https://baseballsavant.mlb.com/statcast_search/csv?all=true&type=details&game_pk=825022,True,2026-04-14,2026-04-15T01:40:00Z,ATH,TEX,H,Justin Sterner,False,RELIEF_OR_BULK,12,3,2,0,0,1,0,1,0,https://statsapi.mlb.com/api/v1.1/game/825022/feed/live,both,True,P,Pitcher,BULLPEN_PITCHER,True,QA_VALIDATED_CANONICAL_V5,1.0,0.0,True
