game_pk,pitcher_id,pitcher_name,pbp_pitches,entry_inning,first_play_index,last_play_index,first_pitch_row,last_pitch_row,entry_half,date,game_date_time,team,opp,home_away,boxscore_name,is_starter,role_mlb,boxscore_np,bf,outs,r,er,h,bb,k,hr,all_positions,batting_order,position_player_candidate,boxscore_source,_merge,pitch_count_match,name_match,pbp_source,data_qa
823244,608331,Max Fried,86,1,3,56,18,204,Bot,2026-03-25,2026-03-26T00:05:00Z,NYY,SF,A,Max Fried,True,STARTER,86,23,19,0,0,2,1,4,0,P,,False,https://statsapi.mlb.com/api/v1.1/game/823244/feed/live,both,True,True,https://raw.githubusercontent.com/lancebroz/mlb-pitcher-data/main/data/raw/2026/daily/2026-03-25.parquet,QA_VALIDATED
823244,656234,Jake Bird,7,7,57,58,205,211,Bot,2026-03-25,2026-03-26T00:05:00Z,NYY,SF,A,Jake Bird,False,RELIEF_OR_BULK,7,2,2,0,0,0,0,1,0,P,,False,https://statsapi.mlb.com/api/v1.1/game/823244/feed/live,both,True,True,https://raw.githubusercontent.com/lancebroz/mlb-pitcher-data/main/data/raw/2026/daily/2026-03-25.parquet,QA_VALIDATED
823244,657277,Logan Webb,86,1,0,41,1,150,Top,2026-03-25,2026-03-26T00:05:00Z,SF,NYY,H,Logan Webb,True,STARTER,86,26,15,7,6,9,1,7,0,P,,False,https://statsapi.mlb.com/api/v1.1/game/823244/feed/live,both,True,True,https://raw.githubusercontent.com/lancebroz/mlb-pitcher-data/main/data/raw/2026/daily/2026-03-25.parquet,QA_VALIDATED
823244,664141,JT Brubaker,22,7,52,61,188,220,Top,2026-03-25,2026-03-26T00:05:00Z,SF,NYY,H,JT Brubaker,False,RELIEF_OR_BULK,22,7,6,0,0,1,1,2,0,P,,False,https://statsapi.mlb.com/api/v1.1/game/823244/feed/live,both,True,True,https://raw.githubusercontent.com/lancebroz/mlb-pitcher-data/main/data/raw/2026/daily/2026-03-25.parquet,QA_VALIDATED
823244,666808,Camilo Doval,13,9,70,73,246,258,Bot,2026-03-25,2026-03-26T00:05:00Z,NYY,SF,A,Camilo Doval,False,RELIEF_OR_BULK,13,4,3,0,0,0,0,0,0,P,,False,https://statsapi.mlb.com/api/v1.1/game/823244/feed/live,both,True,True,https://raw.githubusercontent.com/lancebroz/mlb-pitcher-data/main/data/raw/2026/daily/2026-03-25.parquet,QA_VALIDATED
823244,668873,Caleb Kilian,10,9,67,69,236,245,Top,2026-03-25,2026-03-26T00:05:00Z,SF,NYY,H,Caleb Kilian,False,RELIEF_OR_BULK,10,3,3,0,0,0,0,1,0,P,,False,https://statsapi.mlb.com/api/v1.1/game/823244/feed/live,both,True,True,https://raw.githubusercontent.com/lancebroz/mlb-pitcher-data/main/data/raw/2026/daily/2026-03-25.parquet,QA_VALIDATED
823244,676775,Keaton Winn,19,6,45,48,160,178,Top,2026-03-25,2026-03-26T00:05:00Z,SF,NYY,H,Keaton Winn,False,RELIEF_OR_BULK,19,4,3,0,0,0,1,2,0,P,,False,https://statsapi.mlb.com/api/v1.1/game/823244/feed/live,both,True,True,https://raw.githubusercontent.com/lancebroz/mlb-pitcher-data/main/data/raw/2026/daily/2026-03-25.parquet,QA_VALIDATED
823244,687396,Brent Headrick,15,8,62,66,221,235,Bot,2026-03-25,2026-03-26T00:05:00Z,NYY,SF,A,Brent Headrick,False,RELIEF_OR_BULK,15,5,3,0,0,1,1,1,0,P,,False,https://statsapi.mlb.com/api/v1.1/game/823244/feed/live,both,True,True,https://raw.githubusercontent.com/lancebroz/mlb-pitcher-data/main/data/raw/2026/daily/2026-03-25.parquet,QA_VALIDATED
823081,592773,Ryne Stanek,26,9,84,89,288,313,Top,2026-03-26,2026-03-26T20:15:00Z,STL,TB,H,Ryne Stanek,False,RELIEF_OR_BULK,26,6,3,0,0,0,3,1,0,P,,False,https://statsapi.mlb.com/api/v1.1/game/823081/feed/live,both,True,True,https://raw.githubusercontent.com/lancebroz/mlb-pitcher-data/main/data/raw/2026/daily/2026-03-26.parquet,QA_VALIDATED
823081,643377,Griffin Jax,14,6,63,65,220,233,Bot,2026-03-26,2026-03-26T20:15:00Z,TB,STL,A,Griffin Jax,False,RELIEF_OR_BULK,14,3,2,1,1,1,0,0,1,P,,False,https://statsapi.mlb.com/api/v1.1/game/823081/feed/live,both,True,True,https://raw.githubusercontent.com/lancebroz/mlb-pitcher-data/main/data/raw/2026/daily/2026-03-26.parquet,QA_VALIDATED
823081,656876,Drew Rasmussen,73,1,5,43,18,151,Bot,2026-03-26,2026-03-26T20:15:00Z,TB,STL,A,Drew Rasmussen,True,STARTER,73,20,15,1,1,4,0,2,1,P,,False,https://statsapi.mlb.com/api/v1.1/game/823081/feed/live,both,True,True,https://raw.githubusercontent.com/lancebroz/mlb-pitcher-data/main/data/raw/2026/daily/2026-03-26.parquet,QA_VALIDATED
823081,664076,Garrett Cleavinger,9,6,60,62,211,219,Bot,2026-03-26,2026-03-26T20:15:00Z,TB,STL,A,Garrett Cleavinger,False,RELIEF_OR_BULK,9,3,1,2,2,2,0,0,0,P,,False,https://statsapi.mlb.com/api/v1.1/game/823081/feed/live,both,True,True,https://raw.githubusercontent.com/lancebroz/mlb-pitcher-data/main/data/raw/2026/daily/2026-03-26.parquet,QA_VALIDATED
823081,668941,JoJo Romero,9,7,66,69,234,242,Top,2026-03-26,2026-03-26T20:15:00Z,STL,TB,H,JoJo Romero,False,RELIEF_OR_BULK,9,4,2,0,0,2,0,0,0,P,,False,https://statsapi.mlb.com/api/v1.1/game/823081/feed/live,both,True,True,https://raw.githubusercontent.com/lancebroz/mlb-pitcher-data/main/data/raw/2026/daily/2026-03-26.parquet,QA_VALIDATED
823081,669461,Matthew Liberatore,78,1,0,39,1,138,Top,2026-03-26,2026-03-26T20:15:00Z,STL,TB,H,Matthew Liberatore,True,STARTER,78,24,15,1,1,7,2,2,1,P,,False,https://statsapi.mlb.com/api/v1.1/game/823081/feed/live,both,True,True,https://raw.githubusercontent.com/lancebroz/mlb-pitcher-data/main/data/raw/2026/daily/2026-03-26.parquet,QA_VALIDATED
823081,672782,Yoendrys Gómez,28,7,71,83,250,287,Bot,2026-03-26,2026-03-26T20:15:00Z,TB,STL,A,Yoendrys Gómez,False,RELIEF_OR_BULK,28,9,6,0,0,2,1,1,0,P,,False,https://statsapi.mlb.com/api/v1.1/game/823081/feed/live,both,True,True,https://raw.githubusercontent.com/lancebroz/mlb-pitcher-data/main/data/raw/2026/daily/2026-03-26.parquet,QA_VALIDATED
823081,676617,Riley O'Brien,17,7,70,78,243,271,Top,2026-03-26,2026-03-26T20:15:00Z,STL,TB,H,Riley O'Brien,False,RELIEF_OR_BULK,17,5,4,0,0,1,0,2,0,P,,False,https://statsapi.mlb.com/api/v1.1/game/823081/feed/live,both,True,True,https://raw.githubusercontent.com/lancebroz/mlb-pitcher-data/main/data/raw/2026/daily/2026-03-26.parquet,QA_VALIDATED
823081,677865,Justin Bruihl,9,6,48,50,168,176,Top,2026-03-26,2026-03-26T20:15:00Z,STL,TB,H,Justin Bruihl,False,RELIEF_OR_BULK,9,3,1,2,2,1,1,0,0,P,,False,https://statsapi.mlb.com/api/v1.1/game/823081/feed/live,both,True,True,https://raw.githubusercontent.com/lancebroz/mlb-pitcher-data/main/data/raw/2026/daily/2026-03-26.parquet,QA_VALIDATED
823081,688297,Chris Roycroft,13,6,51,54,177,189,Top,2026-03-26,2026-03-26T20:15:00Z,STL,TB,H,Chris Roycroft,False,RELIEF_OR_BULK,13,4,1,1,1,3,0,0,0,P,,False,https://statsapi.mlb.com/api/v1.1/game/823081/feed/live,both,True,True,https://raw.githubusercontent.com/lancebroz/mlb-pitcher-data/main/data/raw/2026/daily/2026-03-26.parquet,QA_VALIDATED
823081,693855,Ian Seymour,21,6,55,59,190,210,Bot,2026-03-26,2026-03-26T20:15:00Z,TB,STL,A,Ian Seymour,False,RELIEF_OR_BULK,21,5,0,5,5,5,0,0,0,P,,False,https://statsapi.mlb.com/api/v1.1/game/823081/feed/live,both,True,True,https://raw.githubusercontent.com/lancebroz/mlb-pitcher-data/main/data/raw/2026/daily/2026-03-26.parquet,QA_VALIDATED
823081,694335,Matt Svanson,16,6,44,47,152,167,Top,2026-03-26,2026-03-26T20:15:00Z,STL,TB,H,Matt Svanson,False,RELIEF_OR_BULK,16,4,1,3,3,3,0,0,0,P,,False,https://statsapi.mlb.com/api/v1.1/game/823081/feed/live,both,True,True,https://raw.githubusercontent.com/lancebroz/mlb-pitcher-data/main/data/raw/2026/daily/2026-03-26.parquet,QA_VALIDATED
823163,542888,Shawn Armstrong,10,7,55,57,212,221,Bot,2026-03-26,2026-03-27T02:10:00Z,CLE,SEA,A,Shawn Armstrong,False,RELIEF_OR_BULK,10,3,2,1,1,1,0,2,1,P,,False,https://statsapi.mlb.com/api/v1.1/game/823163/feed/live,both,True,True,https://raw.githubusercontent.com/lancebroz/mlb-pitcher-data/main/data/raw/2026/daily/2026-03-26.parquet,QA_VALIDATED
823163,641401,Connor Brogdon,16,6,45,48,176,191,Bot,2026-03-26,2026-03-27T02:10:00Z,CLE,SEA,A,Connor Brogdon,False,RELIEF_OR_BULK,16,4,3,0,0,1,0,1,0,P,,False,https://statsapi.mlb.com/api/v1.1/game/823163/feed/live,both,True,True,https://raw.githubusercontent.com/lancebroz/mlb-pitcher-data/main/data/raw/2026/daily/2026-03-26.parquet,QA_VALIDATED
823163,642100,Gabe Speier,20,7,49,54,192,211,Top,2026-03-26,2026-03-27T02:10:00Z,SEA,CLE,H,Gabe Speier,False,RELIEF_OR_BULK,20,6,3,2,2,3,0,1,0,P,,False,https://statsapi.mlb.com/api/v1.1/game/823163/feed/live,both,True,True,https://raw.githubusercontent.com/lancebroz/mlb-pitcher-data/main/data/raw/2026/daily/2026-03-26.parquet,QA_VALIDATED
823163,668984,Casey Legumina,29,8,59,64,227,255,Top,2026-03-26,2026-03-27T02:10:00Z,SEA,CLE,H,Casey Legumina,False,RELIEF_OR_BULK,29,6,3,0,0,1,1,2,0,P,,False,https://statsapi.mlb.com/api/v1.1/game/823163/feed/live,both,True,True,https://raw.githubusercontent.com/lancebroz/mlb-pitcher-data/main/data/raw/2026/daily/2026-03-26.parquet,QA_VALIDATED
823163,669302,Logan Gilbert,86,1,0,40,1,164,Top,2026-03-26,2026-03-27T02:10:00Z,SEA,CLE,H,Logan Gilbert,True,STARTER,86,21,16,3,3,5,0,7,1,P,,False,https://statsapi.mlb.com/api/v1.1/game/823163/feed/live,both,True,True,https://raw.githubusercontent.com/lancebroz/mlb-pitcher-data/main/data/raw/2026/daily/2026-03-26.parquet,QA_VALIDATED
823163,671922,Cade Smith,13,9,72,74,284,296,Bot,2026-03-26,2026-03-27T02:10:00Z,CLE,SEA,A,Cade Smith,False,RELIEF_OR_BULK,13,3,3,0,0,0,0,1,0,P,,False,https://statsapi.mlb.com/api/v1.1/game/823163/feed/live,both,True,True,https://raw.githubusercontent.com/lancebroz/mlb-pitcher-data/main/data/raw/2026/daily/2026-03-26.parquet,QA_VALIDATED
823163,676440,Tanner Bibee,78,1,4,39,22,161,Bot,2026-03-26,2026-03-27T02:10:00Z,CLE,SEA,A,Tanner Bibee,True,STARTER,78,20,15,3,3,4,2,7,3,P,,False,https://statsapi.mlb.com/api/v1.1/game/823163/feed/live,both,True,True,https://raw.githubusercontent.com/lancebroz/mlb-pitcher-data/main/data/raw/2026/daily/2026-03-26.parquet,QA_VALIDATED
823163,678606,José A. Ferrer,11,6,41,44,165,175,Top,2026-03-26,2026-03-27T02:10:00Z,SEA,CLE,H,José A. Ferrer,False,RELIEF_OR_BULK,11,4,2,0,0,2,0,0,0,P,,False,https://statsapi.mlb.com/api/v1.1/game/823163/feed/live,both,True,True,https://raw.githubusercontent.com/lancebroz/mlb-pitcher-data/main/data/raw/2026/daily/2026-03-26.parquet,QA_VALIDATED
823163,681867,Cooper Criswell,17,9,68,71,267,283,Top,2026-03-26,2026-03-27T02:10:00Z,SEA,CLE,H,Cooper Criswell,False,RELIEF_OR_BULK,17,4,3,1,1,1,1,1,1,P,,False,https://statsapi.mlb.com/api/v1.1/game/823163/feed/live,both,True,True,https://raw.githubusercontent.com/lancebroz/mlb-pitcher-data/main/data/raw/2026/daily/2026-03-26.parquet,QA_VALIDATED
823163,681870,Erik Sabrowski,16,7,58,67,222,266,Bot,2026-03-26,2026-03-27T02:10:00Z,CLE,SEA,A,Erik Sabrowski,False,RELIEF_OR_BULK,16,4,4,0,0,0,0,3,0,P,,False,https://statsapi.mlb.com/api/v1.1/game/823163/feed/live,both,True,True,https://raw.githubusercontent.com/lancebroz/mlb-pitcher-data/main/data/raw/2026/daily/2026-03-26.parquet,QA_VALIDATED
823325,593974,Wandy Peralta,15,9,72,75,273,287,Top,2026-03-26,2026-03-26T20:10:00Z,SD,DET,H,Wandy Peralta,False,RELIEF_OR_BULK,15,4,3,0,0,1,0,0,0,P,,False,https://statsapi.mlb.com/api/v1.1/game/823325/feed/live,both,True,True,https://raw.githubusercontent.com/lancebroz/mlb-pitcher-data/main/data/raw/2026/daily/2026-03-26.parquet,QA_VALIDATED
823325,601713,Nick Pivetta,69,1,0,26,1,94,Top,2026-03-26,2026-03-26T20:10:00Z,SD,DET,H,Nick Pivetta,True,STARTER,69,19,9,6,6,7,3,4,0,P,,False,https://statsapi.mlb.com/api/v1.1/game/823325/feed/live,both,True,True,https://raw.githubusercontent.com/lancebroz/mlb-pitcher-data/main/data/raw/2026/daily/2026-03-26.parquet,QA_VALIDATED
823325,623454,Drew Anderson,36,7,56,68,207,261,Bot,2026-03-26,2026-03-26T20:10:00Z,DET,SD,A,Drew Anderson,False,RELIEF_OR_BULK,36,8,4,1,1,2,2,0,1,P,,False,https://statsapi.mlb.com/api/v1.1/game/823325/feed/live,both,True,True,https://raw.githubusercontent.com/lancebroz/mlb-pitcher-data/main/data/raw/2026/daily/2026-03-26.parquet,QA_VALIDATED
823325,663947,Tyler Holton,11,8,69,71,262,272,Bot,2026-03-26,2026-03-26T20:10:00Z,DET,SD,A,Tyler Holton,False,RELIEF_OR_BULK,11,3,2,0,0,0,1,0,0,P,,False,https://statsapi.mlb.com/api/v1.1/game/823325/feed/live,both,True,True,https://raw.githubusercontent.com/lancebroz/mlb-pitcher-data/main/data/raw/2026/daily/2026-03-26.parquet,QA_VALIDATED
823325,669373,Tarik Skubal,74,1,9,52,34,197,Bot,2026-03-26,2026-03-26T20:10:00Z,DET,SD,A,Tarik Skubal,True,STARTER,74,22,18,1,0,3,0,6,0,P,,False,https://statsapi.mlb.com/api/v1.1/game/823325/feed/live,both,True,True,https://raw.githubusercontent.com/lancebroz/mlb-pitcher-data/main/data/raw/2026/daily/2026-03-26.parquet,QA_VALIDATED
823325,676684,Will Vest,7,9,76,78,288,294,Bot,2026-03-26,2026-03-26T20:10:00Z,DET,SD,A,Will Vest,False,RELIEF_OR_BULK,7,3,3,0,0,0,0,1,0,P,,False,https://statsapi.mlb.com/api/v1.1/game/823325/feed/live,both,True,True,https://raw.githubusercontent.com/lancebroz/mlb-pitcher-data/main/data/raw/2026/daily/2026-03-26.parquet,QA_VALIDATED
823325,676760,Ron Marinaccio,43,4,30,41,105,154,Top,2026-03-26,2026-03-26T20:10:00Z,SD,DET,H,Ron Marinaccio,False,RELIEF_OR_BULK,43,9,6,2,2,3,0,2,1,P,,False,https://statsapi.mlb.com/api/v1.1/game/823325/feed/live,both,True,True,https://raw.githubusercontent.com/lancebroz/mlb-pitcher-data/main/data/raw/2026/daily/2026-03-26.parquet,QA_VALIDATED
823325,688158,David Morgan,19,8,61,65,231,249,Top,2026-03-26,2026-03-26T20:10:00Z,SD,DET,H,David Morgan,False,RELIEF_OR_BULK,19,5,3,0,0,1,1,1,0,P,,False,https://statsapi.mlb.com/api/v1.1/game/823325/feed/live,both,True,True,https://raw.githubusercontent.com/lancebroz/mlb-pitcher-data/main/data/raw/2026/daily/2026-03-26.parquet,QA_VALIDATED
823325,699134,Bradgley Rodriguez,20,6,45,55,166,206,Top,2026-03-26,2026-03-26T20:10:00Z,SD,DET,H,Bradgley Rodriguez,False,RELIEF_OR_BULK,20,6,6,0,0,0,0,3,0,P,,False,https://statsapi.mlb.com/api/v1.1/game/823325/feed/live,both,True,True,https://raw.githubusercontent.com/lancebroz/mlb-pitcher-data/main/data/raw/2026/daily/2026-03-26.parquet,QA_VALIDATED
823486,543135,Nathan Eovaldi,80,1,5,39,20,155,Bot,2026-03-26,2026-03-26T20:15:00Z,TEX,PHI,A,Nathan Eovaldi,True,STARTER,80,22,14,5,5,8,0,7,2,P,,False,https://statsapi.mlb.com/api/v1.1/game/823486/feed/live,both,True,True,https://raw.githubusercontent.com/lancebroz/mlb-pitcher-data/main/data/raw/2026/daily/2026-03-26.parquet,QA_VALIDATED
823486,641302,Tyler Alexander,9,7,52,54,204,212,Bot,2026-03-26,2026-03-26T20:15:00Z,TEX,PHI,A,Tyler Alexander,False,RELIEF_OR_BULK,9,3,3,0,0,0,0,0,0,P,,False,https://statsapi.mlb.com/api/v1.1/game/823486/feed/live,both,True,True,https://raw.githubusercontent.com/lancebroz/mlb-pitcher-data/main/data/raw/2026/daily/2026-03-26.parquet,QA_VALIDATED
823486,647315,Zach Pop,21,8,55,58,213,233,Top,2026-03-26,2026-03-26T20:15:00Z,PHI,TEX,H,Zach Pop,False,RELIEF_OR_BULK,21,4,3,0,0,0,1,0,0,P,,False,https://statsapi.mlb.com/api/v1.1/game/823486/feed/live,both,True,True,https://raw.githubusercontent.com/lancebroz/mlb-pitcher-data/main/data/raw/2026/daily/2026-03-26.parquet,QA_VALIDATED
823486,650911,Cristopher Sánchez,87,1,0,44,1,179,Top,2026-03-26,2026-03-26T20:15:00Z,PHI,TEX,H,Cristopher Sánchez,True,STARTER,87,21,18,0,0,3,0,10,0,P,,False,https://statsapi.mlb.com/api/v1.1/game/823486/feed/live,both,True,True,https://raw.githubusercontent.com/lancebroz/mlb-pitcher-data/main/data/raw/2026/daily/2026-03-26.parquet,QA_VALIDATED
823486,656222,Jalen Beeks,28,5,40,47,156,195,Bot,2026-03-26,2026-03-26T20:15:00Z,TEX,PHI,A,Jalen Beeks,False,RELIEF_OR_BULK,28,5,4,0,0,1,0,2,0,P,,False,https://statsapi.mlb.com/api/v1.1/game/823486/feed/live,both,True,True,https://raw.githubusercontent.com/lancebroz/mlb-pitcher-data/main/data/raw/2026/daily/2026-03-26.parquet,QA_VALIDATED
823486,661395,Jhoan Duran,12,9,69,71,280,291,Top,2026-03-26,2026-03-26T20:15:00Z,PHI,TEX,H,Jhoan Duran,False,RELIEF_OR_BULK,12,3,2,0,0,1,0,1,0,P,,False,https://statsapi.mlb.com/api/v1.1/game/823486/feed/live,both,True,True,https://raw.githubusercontent.com/lancebroz/mlb-pitcher-data/main/data/raw/2026/daily/2026-03-26.parquet,QA_VALIDATED
823486,679775,Kyle Backhus,20,9,65,68,260,279,Top,2026-03-26,2026-03-26T20:15:00Z,PHI,TEX,H,Kyle Backhus,False,RELIEF_OR_BULK,20,4,1,3,3,3,0,0,1,P,,False,https://statsapi.mlb.com/api/v1.1/game/823486/feed/live,both,True,True,https://raw.githubusercontent.com/lancebroz/mlb-pitcher-data/main/data/raw/2026/daily/2026-03-26.parquet,QA_VALIDATED
823486,680742,Jonathan Bowlan,8,7,48,51,196,203,Top,2026-03-26,2026-03-26T20:15:00Z,PHI,TEX,H,Jonathan Bowlan,False,RELIEF_OR_BULK,8,4,3,0,0,1,0,0,0,P,,False,https://statsapi.mlb.com/api/v1.1/game/823486/feed/live,both,True,True,https://raw.githubusercontent.com/lancebroz/mlb-pitcher-data/main/data/raw/2026/daily/2026-03-26.parquet,QA_VALIDATED
823486,691945,Carter Baumler,26,8,59,64,234,259,Bot,2026-03-26,2026-03-26T20:15:00Z,TEX,PHI,A,Carter Baumler,False,RELIEF_OR_BULK,26,6,3,0,0,1,1,1,0,P,,False,https://statsapi.mlb.com/api/v1.1/game/823486/feed/live,both,True,True,https://raw.githubusercontent.com/lancebroz/mlb-pitcher-data/main/data/raw/2026/daily/2026-03-26.parquet,QA_VALIDATED
823649,472610,Luis García,20,9,76,81,312,331,Top,2026-03-26,2026-03-26T17:15:00Z,NYM,PIT,H,Luis García,False,RELIEF_OR_BULK,20,6,3,2,2,3,0,2,0,P,,False,https://statsapi.mlb.com/api/v1.1/game/823649/feed/live,both,True,True,https://raw.githubusercontent.com/lancebroz/mlb-pitcher-data/main/data/raw/2026/daily/2026-03-26.parquet,QA_VALIDATED
823649,642397,Gregory Soto,8,7,66,68,271,278,Bot,2026-03-26,2026-03-26T17:15:00Z,PIT,NYM,A,Gregory Soto,False,RELIEF_OR_BULK,8,3,3,0,0,0,0,2,0,P,,False,https://statsapi.mlb.com/api/v1.1/game/823649/feed/live,both,True,True,https://raw.githubusercontent.com/lancebroz/mlb-pitcher-data/main/data/raw/2026/daily/2026-03-26.parquet,QA_VALIDATED
823649,642547,Freddy Peralta,80,1,0,44,1,185,Top,2026-03-26,2026-03-26T17:15:00Z,NYM,PIT,H,Freddy Peralta,True,STARTER,80,21,15,4,4,6,0,7,2,P,,False,https://statsapi.mlb.com/api/v1.1/game/823649/feed/live,both,True,True,https://raw.githubusercontent.com/lancebroz/mlb-pitcher-data/main/data/raw/2026/daily/2026-03-26.parquet,QA_VALIDATED
823649,642701,Dennis Santana,18,8,72,75,294,311,Bot,2026-03-26,2026-03-26T17:15:00Z,PIT,NYM,A,Dennis Santana,False,RELIEF_OR_BULK,18,4,3,0,0,0,1,1,0,P,,False,https://statsapi.mlb.com/api/v1.1/game/823649/feed/live,both,True,True,https://raw.githubusercontent.com/lancebroz/mlb-pitcher-data/main/data/raw/2026/daily/2026-03-26.parquet,QA_VALIDATED
823649,664875,Justin Lawrence,14,6,58,62,249,262,Bot,2026-03-26,2026-03-26T17:15:00Z,PIT,NYM,A,Justin Lawrence,False,RELIEF_OR_BULK,14,5,3,2,2,2,0,0,2,P,,False,https://statsapi.mlb.com/api/v1.1/game/823649/feed/live,both,True,True,https://raw.githubusercontent.com/lancebroz/mlb-pitcher-data/main/data/raw/2026/daily/2026-03-26.parquet,QA_VALIDATED
823649,668964,Tobias Myers,39,6,54,71,233,293,Top,2026-03-26,2026-03-26T17:15:00Z,NYM,PIT,H,Tobias Myers,False,RELIEF_OR_BULK,39,10,9,1,1,1,0,1,1,P,,False,https://statsapi.mlb.com/api/v1.1/game/823649/feed/live,both,True,True,https://raw.githubusercontent.com/lancebroz/mlb-pitcher-data/main/data/raw/2026/daily/2026-03-26.parquet,QA_VALIDATED
823649,670990,Yohan Ramírez,37,1,14,30,57,123,Bot,2026-03-26,2026-03-26T17:15:00Z,PIT,NYM,A,Yohan Ramírez,False,RELIEF_OR_BULK,37,9,7,0,0,1,1,3,0,P,,False,https://statsapi.mlb.com/api/v1.1/game/823649/feed/live,both,True,True,https://raw.githubusercontent.com/lancebroz/mlb-pitcher-data/main/data/raw/2026/daily/2026-03-26.parquet,QA_VALIDATED
823649,676755,Isaac Mattson,36,5,47,53,197,232,Bot,2026-03-26,2026-03-26T17:15:00Z,PIT,NYM,A,Isaac Mattson,False,RELIEF_OR_BULK,36,7,2,2,2,3,2,1,0,P,,False,https://statsapi.mlb.com/api/v1.1/game/823649/feed/live,both,True,True,https://raw.githubusercontent.com/lancebroz/mlb-pitcher-data/main/data/raw/2026/daily/2026-03-26.parquet,QA_VALIDATED
823649,682254,Mason Montgomery,42,4,34,46,133,196,Bot,2026-03-26,2026-03-26T17:15:00Z,PIT,NYM,A,Mason Montgomery,False,RELIEF_OR_BULK,42,8,4,2,2,1,3,2,0,P,,False,https://statsapi.mlb.com/api/v1.1/game/823649/feed/live,both,True,True,https://raw.githubusercontent.com/lancebroz/mlb-pitcher-data/main/data/raw/2026/daily/2026-03-26.parquet,QA_VALIDATED
823649,694973,Paul Skenes,37,1,5,13,20,56,Bot,2026-03-26,2026-03-26T17:15:00Z,PIT,NYM,A,Paul Skenes,True,STARTER,37,9,2,5,5,4,2,1,0,P,,False,https://statsapi.mlb.com/api/v1.1/game/823649/feed/live,both,True,True,https://raw.githubusercontent.com/lancebroz/mlb-pitcher-data/main/data/raw/2026/daily/2026-03-26.parquet,QA_VALIDATED
823812,656457,Tyler Gilbert,18,5,41,46,182,199,Bot,2026-03-26,2026-03-26T18:10:00Z,CWS,MIL,A,Tyler Gilbert,False,RELIEF_OR_BULK,18,6,3,2,2,2,1,0,1,P,,False,https://statsapi.mlb.com/api/v1.1/game/823812/feed/live,both,True,True,https://raw.githubusercontent.com/lancebroz/mlb-pitcher-data/main/data/raw/2026/daily/2026-03-26.parquet,QA_VALIDATED
823812,656794,Sean Newcomb,33,2,19,37,100,169,Bot,2026-03-26,2026-03-26T18:10:00Z,CWS,MIL,A,Sean Newcomb,False,RELIEF_OR_BULK,33,10,7,2,2,3,1,1,0,P,,False,https://statsapi.mlb.com/api/v1.1/game/823812/feed/live,both,True,True,https://raw.githubusercontent.com/lancebroz/mlb-pitcher-data/main/data/raw/2026/daily/2026-03-26.parquet,QA_VALIDATED
823812,663765,Jake Woodford,16,9,77,80,326,341,Top,2026-03-26,2026-03-26T18:10:00Z,MIL,CWS,H,Jake Woodford,False,RELIEF_OR_BULK,16,4,3,1,1,1,0,3,1,P,,False,https://statsapi.mlb.com/api/v1.1/game/823812/feed/live,both,True,True,https://raw.githubusercontent.com/lancebroz/mlb-pitcher-data/main/data/raw/2026/daily/2026-03-26.parquet,QA_VALIDATED
823812,663855,Jordan Hicks,34,6,50,56,211,244,Bot,2026-03-26,2026-03-26T18:10:00Z,CWS,MIL,A,Jordan Hicks,False,RELIEF_OR_BULK,34,7,2,3,3,2,4,0,0,P,,False,https://statsapi.mlb.com/api/v1.1/game/823812/feed/live,both,True,True,https://raw.githubusercontent.com/lancebroz/mlb-pitcher-data/main/data/raw/2026/daily/2026-03-26.parquet,QA_VALIDATED
823812,669084,DL Hall,27,8,68,73,288,314,Top,2026-03-26,2026-03-26T18:10:00Z,MIL,CWS,H,DL Hall,False,RELIEF_OR_BULK,27,6,3,0,0,1,2,3,0,P,,False,https://statsapi.mlb.com/api/v1.1/game/823812/feed/live,both,True,True,https://raw.githubusercontent.com/lancebroz/mlb-pitcher-data/main/data/raw/2026/daily/2026-03-26.parquet,QA_VALIDATED
823812,673929,Jordan Leasure,11,8,74,76,315,325,Bot,2026-03-26,2026-03-26T18:10:00Z,CWS,MIL,A,Jordan Leasure,False,RELIEF_OR_BULK,11,3,3,0,0,0,0,0,0,P,,False,https://statsapi.mlb.com/api/v1.1/game/823812/feed/live,both,True,True,https://raw.githubusercontent.com/lancebroz/mlb-pitcher-data/main/data/raw/2026/daily/2026-03-26.parquet,QA_VALIDATED
823812,676879,Aaron Ashby,11,6,47,49,200,210,Top,2026-03-26,2026-03-26T18:10:00Z,MIL,CWS,H,Aaron Ashby,False,RELIEF_OR_BULK,11,3,3,0,0,0,0,2,0,P,,False,https://statsapi.mlb.com/api/v1.1/game/823812/feed/live,both,True,True,https://raw.githubusercontent.com/lancebroz/mlb-pitcher-data/main/data/raw/2026/daily/2026-03-26.parquet,QA_VALIDATED
823812,681343,Shane Smith,54,1,4,18,25,99,Bot,2026-03-26,2026-03-26T18:10:00Z,CWS,MIL,A,Shane Smith,True,STARTER,54,11,5,4,3,3,2,2,0,P,,False,https://statsapi.mlb.com/api/v1.1/game/823812/feed/live,both,True,True,https://raw.githubusercontent.com/lancebroz/mlb-pitcher-data/main/data/raw/2026/daily/2026-03-26.parquet,QA_VALIDATED
823812,681982,Grant Anderson,7,7,59,61,257,263,Top,2026-03-26,2026-03-26T18:10:00Z,MIL,CWS,H,Grant Anderson,False,RELIEF_OR_BULK,7,3,3,0,0,0,0,1,0,P,,False,https://statsapi.mlb.com/api/v1.1/game/823812/feed/live,both,True,True,https://raw.githubusercontent.com/lancebroz/mlb-pitcher-data/main/data/raw/2026/daily/2026-03-26.parquet,QA_VALIDATED
823812,694819,Jacob Misiorowski,94,1,0,40,1,181,Top,2026-03-26,2026-03-26T18:10:00Z,MIL,CWS,H,Jacob Misiorowski,True,STARTER,94,20,15,1,1,2,3,11,1,P,,False,https://statsapi.mlb.com/api/v1.1/game/823812/feed/live,both,True,True,https://raw.githubusercontent.com/lancebroz/mlb-pitcher-data/main/data/raw/2026/daily/2026-03-26.parquet,QA_VALIDATED
823812,699151,Jedixson Paez,36,6,57,67,245,287,Bot,2026-03-26,2026-03-26T18:10:00Z,CWS,MIL,A,Jedixson Paez,False,RELIEF_OR_BULK,36,8,4,3,3,2,2,0,1,P,,False,https://statsapi.mlb.com/api/v1.1/game/823812/feed/live,both,True,True,https://raw.githubusercontent.com/lancebroz/mlb-pitcher-data/main/data/raw/2026/daily/2026-03-26.parquet,QA_VALIDATED
823974,595014,Blake Treinen,15,7,49,52,200,214,Top,2026-03-26,2026-03-27T00:30:00Z,LAD,AZ,H,Blake Treinen,False,RELIEF_OR_BULK,15,4,3,0,0,1,0,1,0,P,,False,https://statsapi.mlb.com/api/v1.1/game/823974/feed/live,both,True,True,https://raw.githubusercontent.com/lancebroz/mlb-pitcher-data/main/data/raw/2026/daily/2026-03-26.parquet,QA_VALIDATED
823974,656945,Tanner Scott,8,9,69,71,273,280,Top,2026-03-26,2026-03-27T00:30:00Z,LAD,AZ,H,Tanner Scott,False,RELIEF_OR_BULK,8,3,3,0,0,0,0,0,0,P,,False,https://statsapi.mlb.com/api/v1.1/game/823974/feed/live,both,True,True,https://raw.githubusercontent.com/lancebroz/mlb-pitcher-data/main/data/raw/2026/daily/2026-03-26.parquet,QA_VALIDATED
823974,657044,Ryan Thompson,11,6,46,48,189,199,Bot,2026-03-26,2026-03-27T00:30:00Z,AZ,LAD,A,Ryan Thompson,False,RELIEF_OR_BULK,11,3,3,0,0,0,0,1,0,P,,False,https://statsapi.mlb.com/api/v1.1/game/823974/feed/live,both,True,True,https://raw.githubusercontent.com/lancebroz/mlb-pitcher-data/main/data/raw/2026/daily/2026-03-26.parquet,QA_VALIDATED
823974,664199,Taylor Clarke,16,7,53,57,215,230,Bot,2026-03-26,2026-03-27T00:30:00Z,AZ,LAD,A,Taylor Clarke,False,RELIEF_OR_BULK,16,5,1,4,4,3,0,0,1,P,,False,https://statsapi.mlb.com/api/v1.1/game/823974/feed/live,both,True,True,https://raw.githubusercontent.com/lancebroz/mlb-pitcher-data/main/data/raw/2026/daily/2026-03-26.parquet,QA_VALIDATED
823974,666661,Juan Morillo,17,5,38,42,157,173,Bot,2026-03-26,2026-03-27T00:30:00Z,AZ,LAD,A,Juan Morillo,False,RELIEF_OR_BULK,17,5,3,0,0,1,1,1,0,P,,False,https://statsapi.mlb.com/api/v1.1/game/823974/feed/live,both,True,True,https://raw.githubusercontent.com/lancebroz/mlb-pitcher-data/main/data/raw/2026/daily/2026-03-26.parquet,QA_VALIDATED
823974,668678,Zac Gallen,76,1,4,37,22,156,Bot,2026-03-26,2026-03-27T00:30:00Z,AZ,LAD,A,Zac Gallen,True,STARTER,76,19,12,4,4,5,2,2,1,P,,False,https://statsapi.mlb.com/api/v1.1/game/823974/feed/live,both,True,True,https://raw.githubusercontent.com/lancebroz/mlb-pitcher-data/main/data/raw/2026/daily/2026-03-26.parquet,QA_VALIDATED
823974,694361,Will Klein,9,8,60,62,242,250,Top,2026-03-26,2026-03-27T00:30:00Z,LAD,AZ,H,Will Klein,False,RELIEF_OR_BULK,9,3,3,0,0,0,0,1,0,P,,False,https://statsapi.mlb.com/api/v1.1/game/823974/feed/live,both,True,True,https://raw.githubusercontent.com/lancebroz/mlb-pitcher-data/main/data/raw/2026/daily/2026-03-26.parquet,QA_VALIDATED
823974,694851,Andrew Hoffmann,33,7,58,68,231,272,Bot,2026-03-26,2026-03-27T00:30:00Z,AZ,LAD,A,Andrew Hoffmann,False,RELIEF_OR_BULK,33,8,5,0,0,1,2,0,0,P,,False,https://statsapi.mlb.com/api/v1.1/game/823974/feed/live,both,True,True,https://raw.githubusercontent.com/lancebroz/mlb-pitcher-data/main/data/raw/2026/daily/2026-03-26.parquet,QA_VALIDATED
823974,808967,Yoshinobu Yamamoto,95,1,0,45,1,188,Top,2026-03-26,2026-03-27T00:30:00Z,LAD,AZ,H,Yoshinobu Yamamoto,True,STARTER,95,21,18,2,2,5,0,6,1,P,,False,https://statsapi.mlb.com/api/v1.1/game/823974/feed/live,both,True,True,https://raw.githubusercontent.com/lancebroz/mlb-pitcher-data/main/data/raw/2026/daily/2026-03-26.parquet,QA_VALIDATED
824218,519141,Drew Pomeranz,12,8,66,68,267,278,Bot,2026-03-26,2026-03-26T20:10:00Z,LAA,HOU,A,Drew Pomeranz,False,RELIEF_OR_BULK,12,3,3,0,0,0,0,0,0,P,,False,https://statsapi.mlb.com/api/v1.1/game/824218/feed/live,both,True,True,https://raw.githubusercontent.com/lancebroz/mlb-pitcher-data/main/data/raw/2026/daily/2026-03-26.parquet,QA_VALIDATED
824218,605447,Jordan Romano,12,9,75,78,312,323,Bot,2026-03-26,2026-03-26T20:10:00Z,LAA,HOU,A,Jordan Romano,False,RELIEF_OR_BULK,12,4,3,0,0,0,1,1,0,P,,False,https://statsapi.mlb.com/api/v1.1/game/824218/feed/live,both,True,True,https://raw.githubusercontent.com/lancebroz/mlb-pitcher-data/main/data/raw/2026/daily/2026-03-26.parquet,QA_VALIDATED
824218,667755,José Soriano,91,1,4,50,23,215,Bot,2026-03-26,2026-03-26T20:10:00Z,LAA,HOU,A,José Soriano,True,STARTER,91,24,18,0,0,2,4,7,0,P,,False,https://statsapi.mlb.com/api/v1.1/game/824218/feed/live,both,True,True,https://raw.githubusercontent.com/lancebroz/mlb-pitcher-data/main/data/raw/2026/daily/2026-03-26.parquet,QA_VALIDATED
824218,681217,Chase Silseth,1,7,59,59,249,249,Bot,2026-03-26,2026-03-26T20:10:00Z,LAA,HOU,A,Chase Silseth,False,RELIEF_OR_BULK,1,1,1,0,0,0,0,0,0,P,,False,https://statsapi.mlb.com/api/v1.1/game/824218/feed/live,both,True,True,https://raw.githubusercontent.com/lancebroz/mlb-pitcher-data/main/data/raw/2026/daily/2026-03-26.parquet,QA_VALIDATED
824218,685005,Christian Roa,33,9,69,74,279,311,Top,2026-03-26,2026-03-26T20:10:00Z,HOU,LAA,H,Christian Roa,False,RELIEF_OR_BULK,33,6,3,1,1,1,2,1,1,P,,False,https://statsapi.mlb.com/api/v1.1/game/824218/feed/live,both,True,True,https://raw.githubusercontent.com/lancebroz/mlb-pitcher-data/main/data/raw/2026/daily/2026-03-26.parquet,QA_VALIDATED
824218,686613,Hunter Brown,102,1,0,38,1,168,Top,2026-03-26,2026-03-26T20:10:00Z,HOU,LAA,H,Hunter Brown,True,STARTER,102,22,14,0,0,4,4,9,0,P,,False,https://statsapi.mlb.com/api/v1.1/game/824218/feed/live,both,True,True,https://raw.githubusercontent.com/lancebroz/mlb-pitcher-data/main/data/raw/2026/daily/2026-03-26.parquet,QA_VALIDATED
824218,687911,Bryan King,17,8,60,65,250,266,Top,2026-03-26,2026-03-26T20:10:00Z,HOU,LAA,H,Bryan King,False,RELIEF_OR_BULK,17,6,3,1,1,2,0,1,0,P,,False,https://statsapi.mlb.com/api/v1.1/game/824218/feed/live,both,True,True,https://raw.githubusercontent.com/lancebroz/mlb-pitcher-data/main/data/raw/2026/daily/2026-03-26.parquet,QA_VALIDATED
824218,700712,Walbert Ureña,14,7,55,58,235,248,Bot,2026-03-26,2026-03-26T20:10:00Z,LAA,HOU,A,Walbert Ureña,False,RELIEF_OR_BULK,14,4,2,0,0,1,1,1,0,P,,False,https://statsapi.mlb.com/api/v1.1/game/824218/feed/live,both,True,True,https://raw.githubusercontent.com/lancebroz/mlb-pitcher-data/main/data/raw/2026/daily/2026-03-26.parquet,QA_VALIDATED
824218,805123,AJ Blubaugh,41,5,39,54,169,234,Top,2026-03-26,2026-03-26T20:10:00Z,HOU,LAA,H,AJ Blubaugh,False,RELIEF_OR_BULK,41,9,7,1,1,2,0,3,1,P,,False,https://statsapi.mlb.com/api/v1.1/game/824218/feed/live,both,True,True,https://raw.githubusercontent.com/lancebroz/mlb-pitcher-data/main/data/raw/2026/daily/2026-03-26.parquet,QA_VALIDATED
824541,547973,Aroldis Chapman,11,9,72,74,247,257,Bot,2026-03-26,2026-03-26T20:10:00Z,BOS,CIN,A,Aroldis Chapman,False,RELIEF_OR_BULK,11,3,3,0,0,0,0,0,0,P,,False,https://statsapi.mlb.com/api/v1.1/game/824541/feed/live,both,True,True,https://raw.githubusercontent.com/lancebroz/mlb-pitcher-data/main/data/raw/2026/daily/2026-03-26.parquet,QA_VALIDATED
824541,572955,Pierce Johnson,9,7,48,50,164,172,Top,2026-03-26,2026-03-26T20:10:00Z,CIN,BOS,H,Pierce Johnson,False,RELIEF_OR_BULK,9,3,1,1,1,2,0,0,0,P,,False,https://statsapi.mlb.com/api/v1.1/game/824541/feed/live,both,True,True,https://raw.githubusercontent.com/lancebroz/mlb-pitcher-data/main/data/raw/2026/daily/2026-03-26.parquet,QA_VALIDATED
824541,594580,Sam Moll,6,7,51,57,173,195,Top,2026-03-26,2026-03-26T20:10:00Z,CIN,BOS,H,Sam Moll,False,RELIEF_OR_BULK,6,3,3,0,0,0,0,1,0,P,,False,https://statsapi.mlb.com/api/v1.1/game/824541/feed/live,both,True,True,https://raw.githubusercontent.com/lancebroz/mlb-pitcher-data/main/data/raw/2026/daily/2026-03-26.parquet,QA_VALIDATED
824541,656271,Brock Burke,3,9,70,71,244,246,Top,2026-03-26,2026-03-26T20:10:00Z,CIN,BOS,H,Brock Burke,False,RELIEF_OR_BULK,3,2,1,0,0,1,0,0,0,P,,False,https://statsapi.mlb.com/api/v1.1/game/824541/feed/live,both,True,True,https://raw.githubusercontent.com/lancebroz/mlb-pitcher-data/main/data/raw/2026/daily/2026-03-26.parquet,QA_VALIDATED
824541,668933,Graham Ashcraft,14,8,58,60,196,209,Top,2026-03-26,2026-03-26T20:10:00Z,CIN,BOS,H,Graham Ashcraft,False,RELIEF_OR_BULK,14,3,2,0,0,0,1,1,0,P,,False,https://statsapi.mlb.com/api/v1.1/game/824541/feed/live,both,True,True,https://raw.githubusercontent.com/lancebroz/mlb-pitcher-data/main/data/raw/2026/daily/2026-03-26.parquet,QA_VALIDATED
824541,671096,Andrew Abbott,83,1,0,41,1,143,Top,2026-03-26,2026-03-26T20:10:00Z,CIN,BOS,H,Andrew Abbott,True,STARTER,83,24,18,0,0,7,1,4,0,P,,False,https://statsapi.mlb.com/api/v1.1/game/824541/feed/live,both,True,True,https://raw.githubusercontent.com/lancebroz/mlb-pitcher-data/main/data/raw/2026/daily/2026-03-26.parquet,QA_VALIDATED
824541,676477,Garrett Whitlock,18,8,61,64,210,227,Bot,2026-03-26,2026-03-26T20:10:00Z,BOS,CIN,A,Garrett Whitlock,False,RELIEF_OR_BULK,18,4,3,0,0,1,0,2,0,P,,False,https://statsapi.mlb.com/api/v1.1/game/824541/feed/live,both,True,True,https://raw.githubusercontent.com/lancebroz/mlb-pitcher-data/main/data/raw/2026/daily/2026-03-26.parquet,QA_VALIDATED
824541,676979,Garrett Crochet,80,1,5,47,11,163,Bot,2026-03-26,2026-03-26T20:10:00Z,BOS,CIN,A,Garrett Crochet,True,STARTER,80,24,18,0,0,3,2,8,0,P,,False,https://statsapi.mlb.com/api/v1.1/game/824541/feed/live,both,True,True,https://raw.githubusercontent.com/lancebroz/mlb-pitcher-data/main/data/raw/2026/daily/2026-03-26.parquet,QA_VALIDATED
824541,683175,Connor Phillips,16,9,65,69,228,243,Top,2026-03-26,2026-03-26T20:10:00Z,CIN,BOS,H,Connor Phillips,False,RELIEF_OR_BULK,16,5,2,2,2,2,1,1,0,P,,False,https://statsapi.mlb.com/api/v1.1/game/824541/feed/live,both,True,True,https://raw.githubusercontent.com/lancebroz/mlb-pitcher-data/main/data/raw/2026/daily/2026-03-26.parquet,QA_VALIDATED
824541,686580,Justin Slaten,17,7,53,56,178,194,Bot,2026-03-26,2026-03-26T20:10:00Z,BOS,CIN,A,Justin Slaten,False,RELIEF_OR_BULK,17,4,3,0,0,0,1,2,0,P,,False,https://statsapi.mlb.com/api/v1.1/game/824541/feed/live,both,True,True,https://raw.githubusercontent.com/lancebroz/mlb-pitcher-data/main/data/raw/2026/daily/2026-03-26.parquet,QA_VALIDATED
824704,571510,Matthew Boyd,63,1,0,29,1,119,Top,2026-03-26,2026-03-26T18:20:00Z,CHC,WSH,H,Matthew Boyd,True,STARTER,63,17,11,6,6,6,1,7,1,P,,False,https://statsapi.mlb.com/api/v1.1/game/824704/feed/live,both,True,True,https://raw.githubusercontent.com/lancebroz/mlb-pitcher-data/main/data/raw/2026/daily/2026-03-26.parquet,QA_VALIDATED
824704,571948,Hoby Milner,11,8,62,66,259,269,Top,2026-03-26,2026-03-26T18:20:00Z,CHC,WSH,H,Hoby Milner,False,RELIEF_OR_BULK,11,5,3,0,0,1,0,0,0,P,,False,https://statsapi.mlb.com/api/v1.1/game/824704/feed/live,both,True,True,https://raw.githubusercontent.com/lancebroz/mlb-pitcher-data/main/data/raw/2026/daily/2026-03-26.parquet,QA_VALIDATED
824704,657097,Jacob Webb,15,9,72,76,294,308,Top,2026-03-26,2026-03-26T18:20:00Z,CHC,WSH,H,Jacob Webb,False,RELIEF_OR_BULK,15,5,3,2,0,1,0,2,1,P,,False,https://statsapi.mlb.com/api/v1.1/game/824704/feed/live,both,True,True,https://raw.githubusercontent.com/lancebroz/mlb-pitcher-data/main/data/raw/2026/daily/2026-03-26.parquet,QA_VALIDATED
824704,672335,Cionel Pérez,12,9,77,79,309,320,Bot,2026-03-26,2026-03-26T18:20:00Z,WSH,CHC,A,Cionel Pérez,False,RELIEF_OR_BULK,12,3,3,0,0,0,0,2,0,P,,False,https://statsapi.mlb.com/api/v1.1/game/824704/feed/live,both,True,True,https://raw.githubusercontent.com/lancebroz/mlb-pitcher-data/main/data/raw/2026/daily/2026-03-26.parquet,QA_VALIDATED
824704,676571,PJ Poulin,24,4,36,44,148,183,Bot,2026-03-26,2026-03-26T18:20:00Z,WSH,CHC,A,PJ Poulin,False,RELIEF_OR_BULK,24,5,3,0,0,1,1,0,0,P,,False,https://statsapi.mlb.com/api/v1.1/game/824704/feed/live,both,True,True,https://raw.githubusercontent.com/lancebroz/mlb-pitcher-data/main/data/raw/2026/daily/2026-03-26.parquet,QA_VALIDATED
824704,676917,Cade Cavalli,75,1,3,35,9,147,Bot,2026-03-26,2026-03-26T18:20:00Z,WSH,CHC,A,Cade Cavalli,True,STARTER,75,17,11,3,2,3,3,5,0,P,,False,https://statsapi.mlb.com/api/v1.1/game/824704/feed/live,both,True,True,https://raw.githubusercontent.com/lancebroz/mlb-pitcher-data/main/data/raw/2026/daily/2026-03-26.parquet,QA_VALIDATED
824704,676962,Ben Brown,49,4,30,56,120,235,Top,2026-03-26,2026-03-26T18:20:00Z,CHC,WSH,H,Ben Brown,False,RELIEF_OR_BULK,49,13,10,2,2,3,1,3,1,P,,False,https://statsapi.mlb.com/api/v1.1/game/824704/feed/live,both,True,True,https://raw.githubusercontent.com/lancebroz/mlb-pitcher-data/main/data/raw/2026/daily/2026-03-26.parquet,QA_VALIDATED
824704,690925,Clayton Beeter,24,8,67,71,270,293,Bot,2026-03-26,2026-03-26T18:20:00Z,WSH,CHC,A,Clayton Beeter,False,RELIEF_OR_BULK,24,5,3,0,0,0,2,1,0,P,,False,https://statsapi.mlb.com/api/v1.1/game/824704/feed/live,both,True,True,https://raw.githubusercontent.com/lancebroz/mlb-pitcher-data/main/data/raw/2026/daily/2026-03-26.parquet,QA_VALIDATED
824704,695418,Brad Lord,47,5,45,61,184,258,Bot,2026-03-26,2026-03-26T18:20:00Z,WSH,CHC,A,Brad Lord,False,RELIEF_OR_BULK,47,10,7,1,1,4,0,1,0,P,,False,https://statsapi.mlb.com/api/v1.1/game/824704/feed/live,both,True,True,https://raw.githubusercontent.com/lancebroz/mlb-pitcher-data/main/data/raw/2026/daily/2026-03-26.parquet,QA_VALIDATED
824865,573124,Taylor Rogers,10,8,59,62,223,232,Bot,2026-03-26,2026-03-26T19:05:00Z,MIN,BAL,A,Taylor Rogers,False,RELIEF_OR_BULK,10,4,3,0,0,1,0,1,0,P,,False,https://statsapi.mlb.com/api/v1.1/game/824865/feed/live,both,True,True,https://raw.githubusercontent.com/lancebroz/mlb-pitcher-data/main/data/raw/2026/daily/2026-03-26.parquet,QA_VALIDATED
824865,623437,Justin Topa,18,7,50,54,191,208,Bot,2026-03-26,2026-03-26T19:05:00Z,MIN,BAL,A,Justin Topa,False,RELIEF_OR_BULK,18,5,3,1,1,2,0,0,0,P,,False,https://statsapi.mlb.com/api/v1.1/game/824865/feed/live,both,True,True,https://raw.githubusercontent.com/lancebroz/mlb-pitcher-data/main/data/raw/2026/daily/2026-03-26.parquet,QA_VALIDATED
824865,657746,Joe Ryan,85,1,3,42,15,164,Bot,2026-03-26,2026-03-26T19:05:00Z,MIN,BAL,A,Joe Ryan,True,STARTER,85,19,16,0,0,1,2,7,0,P,,False,https://statsapi.mlb.com/api/v1.1/game/824865/feed/live,both,True,True,https://raw.githubusercontent.com/lancebroz/mlb-pitcher-data/main/data/raw/2026/daily/2026-03-26.parquet,QA_VALIDATED
824865,664854,Ryan Helsley,19,9,63,66,233,251,Top,2026-03-26,2026-03-26T19:05:00Z,BAL,MIN,H,Ryan Helsley,False,RELIEF_OR_BULK,19,4,3,0,0,1,0,3,0,P,,False,https://statsapi.mlb.com/api/v1.1/game/824865/feed/live,both,True,True,https://raw.githubusercontent.com/lancebroz/mlb-pitcher-data/main/data/raw/2026/daily/2026-03-26.parquet,QA_VALIDATED
824865,669330,Tyler Wells,14,8,55,58,209,222,Top,2026-03-26,2026-03-26T19:05:00Z,BAL,MIN,H,Tyler Wells,False,RELIEF_OR_BULK,14,4,3,1,1,1,0,1,0,P,,False,https://statsapi.mlb.com/api/v1.1/game/824865/feed/live,both,True,True,https://raw.githubusercontent.com/lancebroz/mlb-pitcher-data/main/data/raw/2026/daily/2026-03-26.parquet,QA_VALIDATED
824865,669432,Trevor Rogers,88,1,0,48,1,187,Top,2026-03-26,2026-03-26T19:05:00Z,BAL,MIN,H,Trevor Rogers,True,STARTER,88,27,21,0,0,3,4,5,0,P,,False,https://statsapi.mlb.com/api/v1.1/game/824865/feed/live,both,True,True,https://raw.githubusercontent.com/lancebroz/mlb-pitcher-data/main/data/raw/2026/daily/2026-03-26.parquet,QA_VALIDATED
824865,681892,Kody Funderburk,17,6,43,49,165,190,Bot,2026-03-26,2026-03-26T19:05:00Z,MIN,BAL,A,Kody Funderburk,False,RELIEF_OR_BULK,17,4,2,1,1,1,1,0,0,P,,False,https://statsapi.mlb.com/api/v1.1/game/824865/feed/live,both,True,True,https://raw.githubusercontent.com/lancebroz/mlb-pitcher-data/main/data/raw/2026/daily/2026-03-26.parquet,QA_VALIDATED
822839,592332,Kevin Gausman,83,1,0,38,1,167,Top,2026-03-27,2026-03-27T23:07:00Z,TOR,ATH,H,Kevin Gausman,True,STARTER,83,19,18,1,1,1,0,11,1,P,,False,https://statsapi.mlb.com/api/v1.1/game/822839/feed/live,both,True,True,https://raw.githubusercontent.com/lancebroz/mlb-pitcher-data/main/data/raw/2026/daily/2026-03-27.parquet,QA_VALIDATED
822839,605130,Scott Barlow,15,6,39,48,168,198,Bot,2026-03-27,2026-03-27T23:07:00Z,ATH,TOR,A,Scott Barlow,False,RELIEF_OR_BULK,15,6,5,0,0,1,0,0,0,P,,False,https://statsapi.mlb.com/api/v1.1/game/822839/feed/live,both,True,True,https://raw.githubusercontent.com/lancebroz/mlb-pitcher-data/main/data/raw/2026/daily/2026-03-27.parquet,QA_VALIDATED
822839,622663,Luis Severino,84,1,3,35,16,152,Bot,2026-03-27,2026-03-27T23:07:00Z,ATH,TOR,A,Luis Severino,True,STARTER,84,20,15,2,2,3,3,3,0,P,,False,https://statsapi.mlb.com/api/v1.1/game/822839/feed/live,both,True,True,https://raw.githubusercontent.com/lancebroz/mlb-pitcher-data/main/data/raw/2026/daily/2026-03-27.parquet,QA_VALIDATED
822839,643511,Tyler Rogers,13,8,51,54,204,216,Top,2026-03-27,2026-03-27T23:07:00Z,TOR,ATH,H,Tyler Rogers,False,RELIEF_OR_BULK,13,4,3,0,0,0,1,0,0,P,,False,https://statsapi.mlb.com/api/v1.1/game/822839/feed/live,both,True,True,https://raw.githubusercontent.com/lancebroz/mlb-pitcher-data/main/data/raw/2026/daily/2026-03-27.parquet,QA_VALIDATED
822839,656546,Jeff Hoffman,22,9,58,62,229,250,Top,2026-03-27,2026-03-27T23:07:00Z,TOR,ATH,H,Jeff Hoffman,False,RELIEF_OR_BULK,22,5,3,1,1,1,0,4,1,P,,False,https://statsapi.mlb.com/api/v1.1/game/822839/feed/live,both,True,True,https://raw.githubusercontent.com/lancebroz/mlb-pitcher-data/main/data/raw/2026/daily/2026-03-27.parquet,QA_VALIDATED
822839,663687,Hogan Harris,17,7,49,57,199,228,Bot,2026-03-27,2026-03-27T23:07:00Z,ATH,TOR,A,Hogan Harris,False,RELIEF_OR_BULK,17,5,4,0,0,0,1,0,0,P,,False,https://statsapi.mlb.com/api/v1.1/game/822839/feed/live,both,True,True,https://raw.githubusercontent.com/lancebroz/mlb-pitcher-data/main/data/raw/2026/daily/2026-03-27.parquet,QA_VALIDATED
822839,686973,Louis Varland,16,7,42,45,176,191,Top,2026-03-27,2026-03-27T23:07:00Z,TOR,ATH,H,Louis Varland,False,RELIEF_OR_BULK,16,4,3,0,0,1,1,1,0,P,,False,https://statsapi.mlb.com/api/v1.1/game/822839/feed/live,both,True,True,https://raw.githubusercontent.com/lancebroz/mlb-pitcher-data/main/data/raw/2026/daily/2026-03-27.parquet,QA_VALIDATED
822839,686993,Justin Sterner,15,9,63,67,251,265,Bot,2026-03-27,2026-03-27T23:07:00Z,ATH,TOR,A,Justin Sterner,False,RELIEF_OR_BULK,15,5,2,1,1,3,0,0,0,P,,False,https://statsapi.mlb.com/api/v1.1/game/822839/feed/live,both,True,True,https://raw.githubusercontent.com/lancebroz/mlb-pitcher-data/main/data/raw/2026/daily/2026-03-27.parquet,QA_VALIDATED
823162,660825,Eduard Bazardo,17,7,49,52,207,223,Top,2026-03-27,2026-03-28T01:45:00Z,SEA,CLE,H,Eduard Bazardo,False,RELIEF_OR_BULK,17,4,3,0,0,0,1,1,0,P,,False,https://statsapi.mlb.com/api/v1.1/game/823162/feed/live,both,True,True,https://raw.githubusercontent.com/lancebroz/mlb-pitcher-data/main/data/raw/2026/daily/2026-03-27.parquet,QA_VALIDATED
823162,662253,Andrés Muñoz,17,9,63,66,262,278,Top,2026-03-27,2026-03-28T01:45:00Z,SEA,CLE,H,Andrés Muñoz,False,RELIEF_OR_BULK,17,4,3,0,0,1,0,2,0,P,,False,https://statsapi.mlb.com/api/v1.1/game/823162/feed/live,both,True,True,https://raw.githubusercontent.com/lancebroz/mlb-pitcher-data/main/data/raw/2026/daily/2026-03-27.parquet,QA_VALIDATED
823162,666374,Matt Brash,17,8,56,59,239,255,Top,2026-03-27,2026-03-28T01:45:00Z,SEA,CLE,H,Matt Brash,False,RELIEF_OR_BULK,17,4,3,0,0,1,0,0,0,P,,False,https://statsapi.mlb.com/api/v1.1/game/823162/feed/live,both,True,True,https://raw.githubusercontent.com/lancebroz/mlb-pitcher-data/main/data/raw/2026/daily/2026-03-27.parquet,QA_VALIDATED
823162,668909,Gavin Williams,89,1,4,40,15,168,Bot,2026-03-27,2026-03-28T01:45:00Z,CLE,SEA,A,Gavin Williams,True,STARTER,89,22,15,3,3,2,6,7,1,P,,False,https://statsapi.mlb.com/api/v1.1/game/823162/feed/live,both,True,True,https://raw.githubusercontent.com/lancebroz/mlb-pitcher-data/main/data/raw/2026/daily/2026-03-27.parquet,QA_VALIDATED
823162,669923,George Kirby,90,1,0,43,1,179,Top,2026-03-27,2026-03-28T01:45:00Z,SEA,CLE,H,George Kirby,True,STARTER,90,22,18,1,1,2,2,6,1,P,,False,https://statsapi.mlb.com/api/v1.1/game/823162/feed/live,both,True,True,https://raw.githubusercontent.com/lancebroz/mlb-pitcher-data/main/data/raw/2026/daily/2026-03-27.parquet,QA_VALIDATED
823162,670059,Colin Holderman,27,6,44,48,180,206,Bot,2026-03-27,2026-03-28T01:45:00Z,CLE,SEA,A,Colin Holderman,False,RELIEF_OR_BULK,27,5,3,2,2,1,1,1,1,P,,False,https://statsapi.mlb.com/api/v1.1/game/823162/feed/live,both,True,True,https://raw.githubusercontent.com/lancebroz/mlb-pitcher-data/main/data/raw/2026/daily/2026-03-27.parquet,QA_VALIDATED
823162,688883,Peyton Pallette,21,7,53,62,224,261,Bot,2026-03-27,2026-03-28T01:45:00Z,CLE,SEA,A,Peyton Pallette,False,RELIEF_OR_BULK,21,6,6,0,0,0,0,2,0,P,,False,https://statsapi.mlb.com/api/v1.1/game/823162/feed/live,both,True,True,https://raw.githubusercontent.com/lancebroz/mlb-pitcher-data/main/data/raw/2026/daily/2026-03-27.parquet,QA_VALIDATED
823243,518585,Fernando Cruz,10,6,41,47,173,194,Bot,2026-03-27,2026-03-27T20:35:00Z,NYY,SF,A,Fernando Cruz,False,RELIEF_OR_BULK,10,3,2,0,0,0,1,0,0,P,,False,https://statsapi.mlb.com/api/v1.1/game/823243/feed/live,both,True,True,https://raw.githubusercontent.com/lancebroz/mlb-pitcher-data/main/data/raw/2026/daily/2026-03-27.parquet,QA_VALIDATED
823243,592662,Robbie Ray,89,1,0,36,1,156,Top,2026-03-27,2026-03-27T20:35:00Z,SF,NYY,H,Robbie Ray,True,STARTER,89,21,16,2,2,5,0,4,1,P,,False,https://statsapi.mlb.com/api/v1.1/game/823243/feed/live,both,True,True,https://raw.githubusercontent.com/lancebroz/mlb-pitcher-data/main/data/raw/2026/daily/2026-03-27.parquet,QA_VALIDATED
823243,621366,Ryan Borucki,12,8,54,56,219,230,Top,2026-03-27,2026-03-27T20:35:00Z,SF,NYY,H,Ryan Borucki,False,RELIEF_OR_BULK,12,3,2,0,0,0,1,0,0,P,,False,https://statsapi.mlb.com/api/v1.1/game/823243/feed/live,both,True,True,https://raw.githubusercontent.com/lancebroz/mlb-pitcher-data/main/data/raw/2026/daily/2026-03-27.parquet,QA_VALIDATED
823243,657424,Matt Gage,14,9,60,62,243,256,Top,2026-03-27,2026-03-27T20:35:00Z,SF,NYY,H,Matt Gage,False,RELIEF_OR_BULK,14,3,3,0,0,0,1,0,0,P,,False,https://statsapi.mlb.com/api/v1.1/game/823243/feed/live,both,True,True,https://raw.githubusercontent.com/lancebroz/mlb-pitcher-data/main/data/raw/2026/daily/2026-03-27.parquet,QA_VALIDATED
823243,657612,Tim Hill,12,7,48,50,195,206,Bot,2026-03-27,2026-03-27T20:35:00Z,NYY,SF,A,Tim Hill,False,RELIEF_OR_BULK,12,3,3,0,0,0,0,2,0,P,,False,https://statsapi.mlb.com/api/v1.1/game/823243/feed/live,both,True,True,https://raw.githubusercontent.com/lancebroz/mlb-pitcher-data/main/data/raw/2026/daily/2026-03-27.parquet,QA_VALIDATED
823243,666808,Camilo Doval,12,8,57,59,231,242,Bot,2026-03-27,2026-03-27T20:35:00Z,NYY,SF,A,Camilo Doval,False,RELIEF_OR_BULK,12,3,3,0,0,0,0,3,0,P,,False,https://statsapi.mlb.com/api/v1.1/game/823243/feed/live,both,True,True,https://raw.githubusercontent.com/lancebroz/mlb-pitcher-data/main/data/raw/2026/daily/2026-03-27.parquet,QA_VALIDATED
823243,669062,Erik Miller,10,7,44,46,179,188,Top,2026-03-27,2026-03-27T20:35:00Z,SF,NYY,H,Erik Miller,False,RELIEF_OR_BULK,10,3,3,0,0,0,0,0,0,P,,False,https://statsapi.mlb.com/api/v1.1/game/823243/feed/live,both,True,True,https://raw.githubusercontent.com/lancebroz/mlb-pitcher-data/main/data/raw/2026/daily/2026-03-27.parquet,QA_VALIDATED
823243,670280,David Bednar,19,9,63,66,257,275,Bot,2026-03-27,2026-03-27T20:35:00Z,NYY,SF,A,David Bednar,False,RELIEF_OR_BULK,19,4,3,0,0,0,1,0,0,P,,False,https://statsapi.mlb.com/api/v1.1/game/823243/feed/live,both,True,True,https://raw.githubusercontent.com/lancebroz/mlb-pitcher-data/main/data/raw/2026/daily/2026-03-27.parquet,QA_VALIDATED
823243,676130,José Buttó,17,6,37,43,157,178,Top,2026-03-27,2026-03-27T20:35:00Z,SF,NYY,H,José Buttó,False,RELIEF_OR_BULK,17,4,2,1,1,2,0,2,1,P,,False,https://statsapi.mlb.com/api/v1.1/game/823243/feed/live,both,True,True,https://raw.githubusercontent.com/lancebroz/mlb-pitcher-data/main/data/raw/2026/daily/2026-03-27.parquet,QA_VALIDATED
823243,676254,Ryan Walker,12,8,51,53,207,218,Top,2026-03-27,2026-03-27T20:35:00Z,SF,NYY,H,Ryan Walker,False,RELIEF_OR_BULK,12,3,1,0,0,1,1,1,0,P,,False,https://statsapi.mlb.com/api/v1.1/game/823243/feed/live,both,True,True,https://raw.githubusercontent.com/lancebroz/mlb-pitcher-data/main/data/raw/2026/daily/2026-03-27.parquet,QA_VALIDATED
823243,693645,Cam Schlittler,68,1,3,40,15,172,Bot,2026-03-27,2026-03-27T20:35:00Z,NYY,SF,A,Cam Schlittler,True,STARTER,68,17,16,0,0,1,0,8,0,P,,False,https://statsapi.mlb.com/api/v1.1/game/823243/feed/live,both,True,True,https://raw.githubusercontent.com/lancebroz/mlb-pitcher-data/main/data/raw/2026/daily/2026-03-27.parquet,QA_VALIDATED
823324,445276,Kenley Jansen,11,9,74,76,278,288,Bot,2026-03-27,2026-03-28T01:40:00Z,DET,SD,A,Kenley Jansen,False,RELIEF_OR_BULK,11,3,3,0,0,0,0,3,0,P,,False,https://statsapi.mlb.com/api/v1.1/game/823324/feed/live,both,True,True,https://raw.githubusercontent.com/lancebroz/mlb-pitcher-data/main/data/raw/2026/daily/2026-03-27.parquet,QA_VALIDATED
823324,593974,Wandy Peralta,17,8,62,64,229,245,Top,2026-03-27,2026-03-28T01:40:00Z,SD,DET,H,Wandy Peralta,False,RELIEF_OR_BULK,17,3,1,0,0,2,0,0,0,P,,False,https://statsapi.mlb.com/api/v1.1/game/823324/feed/live,both,True,True,https://raw.githubusercontent.com/lancebroz/mlb-pitcher-data/main/data/raw/2026/daily/2026-03-27.parquet,QA_VALIDATED
823324,640448,Kyle Finnegan,20,8,65,68,246,265,Bot,2026-03-27,2026-03-28T01:40:00Z,DET,SD,A,Kyle Finnegan,False,RELIEF_OR_BULK,20,4,3,0,0,0,1,2,0,P,,False,https://statsapi.mlb.com/api/v1.1/game/823324/feed/live,both,True,True,https://raw.githubusercontent.com/lancebroz/mlb-pitcher-data/main/data/raw/2026/daily/2026-03-27.parquet,QA_VALIDATED
823324,646241,Enmanuel De Jesus,13,7,52,55,189,201,Bot,2026-03-27,2026-03-28T01:40:00Z,DET,SD,A,Enmanuel De Jesus,False,RELIEF_OR_BULK,13,4,3,0,0,1,0,2,0,P,,False,https://statsapi.mlb.com/api/v1.1/game/823324/feed/live,both,True,True,https://raw.githubusercontent.com/lancebroz/mlb-pitcher-data/main/data/raw/2026/daily/2026-03-27.parquet,QA_VALIDATED
823324,650633,Michael King,82,1,0,39,1,146,Top,2026-03-27,2026-03-28T01:40:00Z,SD,DET,H,Michael King,True,STARTER,82,20,15,1,0,1,4,6,0,P,,False,https://statsapi.mlb.com/api/v1.1/game/823324/feed/live,both,True,True,https://raw.githubusercontent.com/lancebroz/mlb-pitcher-data/main/data/raw/2026/daily/2026-03-27.parquet,QA_VALIDATED
823324,664285,Framber Valdez,83,1,4,48,21,181,Bot,2026-03-27,2026-03-28T01:40:00Z,DET,SD,A,Framber Valdez,True,STARTER,83,25,18,2,1,7,1,5,0,P,,False,https://statsapi.mlb.com/api/v1.1/game/823324/feed/live,both,True,True,https://raw.githubusercontent.com/lancebroz/mlb-pitcher-data/main/data/raw/2026/daily/2026-03-27.parquet,QA_VALIDATED
823324,669093,Jeremiah Estrada,27,8,56,61,202,228,Top,2026-03-27,2026-03-28T01:40:00Z,SD,DET,H,Jeremiah Estrada,False,RELIEF_OR_BULK,27,6,2,4,4,1,3,2,0,P,,False,https://statsapi.mlb.com/api/v1.1/game/823324/feed/live,both,True,True,https://raw.githubusercontent.com/lancebroz/mlb-pitcher-data/main/data/raw/2026/daily/2026-03-27.parquet,QA_VALIDATED
823324,670970,Adrian Morejon,23,6,40,51,147,188,Top,2026-03-27,2026-03-28T01:40:00Z,SD,DET,H,Adrian Morejon,False,RELIEF_OR_BULK,23,6,6,0,0,1,0,1,0,P,,False,https://statsapi.mlb.com/api/v1.1/game/823324/feed/live,both,True,True,https://raw.githubusercontent.com/lancebroz/mlb-pitcher-data/main/data/raw/2026/daily/2026-03-27.parquet,QA_VALIDATED
823324,688158,David Morgan,12,9,69,73,266,277,Top,2026-03-27,2026-03-28T01:40:00Z,SD,DET,H,David Morgan,False,RELIEF_OR_BULK,12,5,3,0,0,1,1,0,0,P,,False,https://statsapi.mlb.com/api/v1.1/game/823324/feed/live,both,True,True,https://raw.githubusercontent.com/lancebroz/mlb-pitcher-data/main/data/raw/2026/daily/2026-03-27.parquet,QA_VALIDATED
823893,607536,Kyle Freeland,81,1,3,39,8,135,Bot,2026-03-27,2026-03-27T23:10:00Z,COL,MIA,A,Kyle Freeland,True,STARTER,81,21,13,2,2,5,2,2,0,P,,False,https://statsapi.mlb.com/api/v1.1/game/823893/feed/live,both,True,True,https://raw.githubusercontent.com/lancebroz/mlb-pitcher-data/main/data/raw/2026/daily/2026-03-27.parquet,QA_VALIDATED
823893,623474,Jimmy Herget,20,5,40,48,136,164,Bot,2026-03-27,2026-03-27T23:10:00Z,COL,MIA,A,Jimmy Herget,False,RELIEF_OR_BULK,20,6,4,0,0,2,0,1,0,P,,False,https://statsapi.mlb.com/api/v1.1/game/823893/feed/live,both,True,True,https://raw.githubusercontent.com/lancebroz/mlb-pitcher-data/main/data/raw/2026/daily/2026-03-27.parquet,QA_VALIDATED
823893,645261,Sandy Alcantara,73,1,0,52,1,176,Top,2026-03-27,2026-03-27T23:10:00Z,MIA,COL,H,Sandy Alcantara,True,STARTER,73,25,21,1,0,4,2,5,0,P,,False,https://statsapi.mlb.com/api/v1.1/game/823893/feed/live,both,True,True,https://raw.githubusercontent.com/lancebroz/mlb-pitcher-data/main/data/raw/2026/daily/2026-03-27.parquet,QA_VALIDATED
823893,657514,Brennan Bernardino,2,6,49,49,165,166,Bot,2026-03-27,2026-03-27T23:10:00Z,COL,MIA,A,Brennan Bernardino,False,RELIEF_OR_BULK,2,1,1,0,0,0,0,0,0,P,,False,https://statsapi.mlb.com/api/v1.1/game/823893/feed/live,both,True,True,https://raw.githubusercontent.com/lancebroz/mlb-pitcher-data/main/data/raw/2026/daily/2026-03-27.parquet,QA_VALIDATED
823893,664126,Pete Fairbanks,12,9,65,68,222,233,Top,2026-03-27,2026-03-27T23:10:00Z,MIA,COL,H,Pete Fairbanks,False,RELIEF_OR_BULK,12,4,3,0,0,1,0,1,0,P,,False,https://statsapi.mlb.com/api/v1.1/game/823893/feed/live,both,True,True,https://raw.githubusercontent.com/lancebroz/mlb-pitcher-data/main/data/raw/2026/daily/2026-03-27.parquet,QA_VALIDATED
823893,669622,Anthony Bender,12,8,59,60,194,205,Top,2026-03-27,2026-03-27T23:10:00Z,MIA,COL,H,Anthony Bender,False,RELIEF_OR_BULK,12,2,1,0,0,1,0,1,0,P,,False,https://statsapi.mlb.com/api/v1.1/game/823893/feed/live,both,True,True,https://raw.githubusercontent.com/lancebroz/mlb-pitcher-data/main/data/raw/2026/daily/2026-03-27.parquet,QA_VALIDATED
823893,675848,Juan Mejia,22,7,53,64,177,221,Bot,2026-03-27,2026-03-27T23:10:00Z,COL,MIA,A,Juan Mejia,False,RELIEF_OR_BULK,22,7,6,0,0,1,0,1,0,P,,False,https://statsapi.mlb.com/api/v1.1/game/823893/feed/live,both,True,True,https://raw.githubusercontent.com/lancebroz/mlb-pitcher-data/main/data/raw/2026/daily/2026-03-27.parquet,QA_VALIDATED
823893,677053,Andrew Nardi,11,8,56,58,183,193,Top,2026-03-27,2026-03-27T23:10:00Z,MIA,COL,H,Andrew Nardi,False,RELIEF_OR_BULK,11,3,2,0,0,1,0,2,0,P,,False,https://statsapi.mlb.com/api/v1.1/game/823893/feed/live,both,True,True,https://raw.githubusercontent.com/lancebroz/mlb-pitcher-data/main/data/raw/2026/daily/2026-03-27.parquet,QA_VALIDATED
823971,621242,Edwin Díaz,17,9,64,67,294,310,Top,2026-03-27,2026-03-28T02:10:00Z,LAD,AZ,H,Edwin Díaz,False,RELIEF_OR_BULK,17,4,3,0,0,0,1,2,0,P,,False,https://statsapi.mlb.com/api/v1.1/game/823971/feed/live,both,True,True,https://raw.githubusercontent.com/lancebroz/mlb-pitcher-data/main/data/raw/2026/daily/2026-03-27.parquet,QA_VALIDATED
823971,642528,Jonathan Loáisiga,14,5,40,48,193,236,Bot,2026-03-27,2026-03-28T02:10:00Z,AZ,LAD,A,Jonathan Loáisiga,False,RELIEF_OR_BULK,14,4,4,0,0,0,0,1,0,P,,False,https://statsapi.mlb.com/api/v1.1/game/823971/feed/live,both,True,True,https://raw.githubusercontent.com/lancebroz/mlb-pitcher-data/main/data/raw/2026/daily/2026-03-27.parquet,QA_VALIDATED
823971,656464,Kevin Ginkel,21,8,59,63,273,293,Bot,2026-03-27,2026-03-28T02:10:00Z,AZ,LAD,A,Kevin Ginkel,False,RELIEF_OR_BULK,21,5,3,1,1,2,0,0,0,P,,False,https://statsapi.mlb.com/api/v1.1/game/823971/feed/live,both,True,True,https://raw.githubusercontent.com/lancebroz/mlb-pitcher-data/main/data/raw/2026/daily/2026-03-27.parquet,QA_VALIDATED
823971,656945,Tanner Scott,6,6,45,45,221,226,Top,2026-03-27,2026-03-28T02:10:00Z,LAD,AZ,H,Tanner Scott,False,RELIEF_OR_BULK,6,1,1,0,0,0,0,1,0,P,,False,https://statsapi.mlb.com/api/v1.1/game/823971/feed/live,both,True,True,https://raw.githubusercontent.com/lancebroz/mlb-pitcher-data/main/data/raw/2026/daily/2026-03-27.parquet,QA_VALIDATED
823971,657044,Ryan Thompson,7,7,53,55,253,259,Bot,2026-03-27,2026-03-28T02:10:00Z,AZ,LAD,A,Ryan Thompson,False,RELIEF_OR_BULK,7,3,3,0,0,0,0,0,0,P,,False,https://statsapi.mlb.com/api/v1.1/game/823971/feed/live,both,True,True,https://raw.githubusercontent.com/lancebroz/mlb-pitcher-data/main/data/raw/2026/daily/2026-03-27.parquet,QA_VALIDATED
823971,669194,Ryne Nelson,83,1,3,39,20,192,Bot,2026-03-27,2026-03-28T02:10:00Z,AZ,LAD,A,Ryne Nelson,True,STARTER,83,19,14,4,4,2,3,4,2,P,,False,https://statsapi.mlb.com/api/v1.1/game/823971/feed/live,both,True,True,https://raw.githubusercontent.com/lancebroz/mlb-pitcher-data/main/data/raw/2026/daily/2026-03-27.parquet,QA_VALIDATED
823971,676263,Jack Dreyer,26,4,30,37,143,183,Top,2026-03-27,2026-03-28T02:10:00Z,LAD,AZ,H,Jack Dreyer,False,RELIEF_OR_BULK,26,5,5,0,0,1,0,1,0,P,,False,https://statsapi.mlb.com/api/v1.1/game/823971/feed/live,both,True,True,https://raw.githubusercontent.com/lancebroz/mlb-pitcher-data/main/data/raw/2026/daily/2026-03-27.parquet,QA_VALIDATED
823971,676508,Ben Casparius,24,6,41,44,197,220,Top,2026-03-27,2026-03-28T02:10:00Z,LAD,AZ,H,Ben Casparius,False,RELIEF_OR_BULK,24,4,2,0,0,1,1,1,0,P,,False,https://statsapi.mlb.com/api/v1.1/game/823971/feed/live,both,True,True,https://raw.githubusercontent.com/lancebroz/mlb-pitcher-data/main/data/raw/2026/daily/2026-03-27.parquet,QA_VALIDATED
823971,681911,Alex Vesia,16,7,49,52,237,252,Top,2026-03-27,2026-03-28T02:10:00Z,LAD,AZ,H,Alex Vesia,False,RELIEF_OR_BULK,16,4,3,0,0,1,0,0,0,P,,False,https://statsapi.mlb.com/api/v1.1/game/823971/feed/live,both,True,True,https://raw.githubusercontent.com/lancebroz/mlb-pitcher-data/main/data/raw/2026/daily/2026-03-27.parquet,QA_VALIDATED
823971,683618,Edgardo Henriquez,13,8,56,58,260,272,Top,2026-03-27,2026-03-28T02:10:00Z,LAD,AZ,H,Edgardo Henriquez,False,RELIEF_OR_BULK,13,3,3,0,0,0,0,1,0,P,,False,https://statsapi.mlb.com/api/v1.1/game/823971/feed/live,both,True,True,https://raw.githubusercontent.com/lancebroz/mlb-pitcher-data/main/data/raw/2026/daily/2026-03-27.parquet,QA_VALIDATED
823971,686218,Emmet Sheehan,83,1,0,29,1,142,Top,2026-03-27,2026-03-28T02:10:00Z,LAD,AZ,H,Emmet Sheehan,True,STARTER,83,16,10,4,4,5,2,6,1,P,,False,https://statsapi.mlb.com/api/v1.1/game/823971/feed/live,both,True,True,https://raw.githubusercontent.com/lancebroz/mlb-pitcher-data/main/data/raw/2026/daily/2026-03-27.parquet,QA_VALIDATED
824216,579328,Yusei Kikuchi,86,1,4,44,16,167,Bot,2026-03-27,2026-03-28T00:15:00Z,LAA,HOU,A,Yusei Kikuchi,True,STARTER,86,22,13,2,2,8,1,3,1,P,,False,https://statsapi.mlb.com/api/v1.1/game/824216/feed/live,both,True,True,https://raw.githubusercontent.com/lancebroz/mlb-pitcher-data/main/data/raw/2026/daily/2026-03-27.parquet,QA_VALIDATED
824216,595345,Steven Okert,20,7,58,65,227,259,Top,2026-03-27,2026-03-28T00:15:00Z,HOU,LAA,H,Steven Okert,False,RELIEF_OR_BULK,20,5,5,0,0,0,0,3,0,P,,False,https://statsapi.mlb.com/api/v1.1/game/824216/feed/live,both,True,True,https://raw.githubusercontent.com/lancebroz/mlb-pitcher-data/main/data/raw/2026/daily/2026-03-27.parquet,QA_VALIDATED
824216,605447,Jordan Romano,13,9,77,79,309,321,Bot,2026-03-27,2026-03-28T00:15:00Z,LAA,HOU,A,Jordan Romano,False,RELIEF_OR_BULK,13,3,3,0,0,0,0,2,0,P,,False,https://statsapi.mlb.com/api/v1.1/game/824216/feed/live,both,True,True,https://raw.githubusercontent.com/lancebroz/mlb-pitcher-data/main/data/raw/2026/daily/2026-03-27.parquet,QA_VALIDATED
824216,666171,Ryan Zeferjahn,23,6,52,62,201,247,Bot,2026-03-27,2026-03-28T00:15:00Z,LAA,HOU,A,Ryan Zeferjahn,False,RELIEF_OR_BULK,23,6,6,0,0,0,0,2,0,P,,False,https://statsapi.mlb.com/api/v1.1/game/824216/feed/live,both,True,True,https://raw.githubusercontent.com/lancebroz/mlb-pitcher-data/main/data/raw/2026/daily/2026-03-27.parquet,QA_VALIDATED
824216,680802,Ryan Weiss,22,9,71,76,287,308,Top,2026-03-27,2026-03-28T00:15:00Z,HOU,LAA,H,Ryan Weiss,False,RELIEF_OR_BULK,22,6,3,1,1,2,1,2,1,P,,False,https://statsapi.mlb.com/api/v1.1/game/824216/feed/live,both,True,True,https://raw.githubusercontent.com/lancebroz/mlb-pitcher-data/main/data/raw/2026/daily/2026-03-27.parquet,QA_VALIDATED
824216,681217,Chase Silseth,10,5,45,46,168,177,Bot,2026-03-27,2026-03-28T00:15:00Z,LAA,HOU,A,Chase Silseth,False,RELIEF_OR_BULK,10,2,2,0,0,0,0,0,0,P,,False,https://statsapi.mlb.com/api/v1.1/game/824216/feed/live,both,True,True,https://raw.githubusercontent.com/lancebroz/mlb-pitcher-data/main/data/raw/2026/daily/2026-03-27.parquet,QA_VALIDATED
824216,681347,Mike Burrows,94,1,0,49,1,190,Top,2026-03-27,2026-03-28T00:15:00Z,HOU,LAA,H,Mike Burrows,True,STARTER,94,26,17,5,5,9,2,6,2,P,,False,https://statsapi.mlb.com/api/v1.1/game/824216/feed/live,both,True,True,https://raw.githubusercontent.com/lancebroz/mlb-pitcher-data/main/data/raw/2026/daily/2026-03-27.parquet,QA_VALIDATED
824216,682610,Roddery Muñoz,26,6,50,57,191,226,Top,2026-03-27,2026-03-28T00:15:00Z,HOU,LAA,H,Roddery Muñoz,False,RELIEF_OR_BULK,26,5,2,0,0,0,3,0,0,P,,False,https://statsapi.mlb.com/api/v1.1/game/824216/feed/live,both,True,True,https://raw.githubusercontent.com/lancebroz/mlb-pitcher-data/main/data/raw/2026/daily/2026-03-27.parquet,QA_VALIDATED
824216,696147,Sam Bachman,27,8,66,70,260,286,Bot,2026-03-27,2026-03-28T00:15:00Z,LAA,HOU,A,Sam Bachman,False,RELIEF_OR_BULK,27,5,3,0,0,0,2,3,0,P,,False,https://statsapi.mlb.com/api/v1.1/game/824216/feed/live,both,True,True,https://raw.githubusercontent.com/lancebroz/mlb-pitcher-data/main/data/raw/2026/daily/2026-03-27.parquet,QA_VALIDATED
824946,519242,Chris Sale,88,1,0,48,1,195,Top,2026-03-27,2026-03-27T23:15:00Z,ATL,KC,H,Chris Sale,True,STARTER,88,23,18,0,0,3,3,6,0,P,,False,https://statsapi.mlb.com/api/v1.1/game/824946/feed/live,both,True,True,https://raw.githubusercontent.com/lancebroz/mlb-pitcher-data/main/data/raw/2026/daily/2026-03-27.parquet,QA_VALIDATED
824946,641755,Tyler Kinley,13,9,69,71,264,276,Top,2026-03-27,2026-03-27T23:15:00Z,ATL,KC,H,Tyler Kinley,False,RELIEF_OR_BULK,13,3,3,0,0,0,0,1,0,P,,False,https://statsapi.mlb.com/api/v1.1/game/824946/feed/live,both,True,True,https://raw.githubusercontent.com/lancebroz/mlb-pitcher-data/main/data/raw/2026/daily/2026-03-27.parquet,QA_VALIDATED
824946,656638,Alex Lange,11,8,66,68,253,263,Bot,2026-03-27,2026-03-27T23:15:00Z,KC,ATL,A,Alex Lange,False,RELIEF_OR_BULK,11,3,3,0,0,0,0,1,0,P,,False,https://statsapi.mlb.com/api/v1.1/game/824946/feed/live,both,True,True,https://raw.githubusercontent.com/lancebroz/mlb-pitcher-data/main/data/raw/2026/daily/2026-03-27.parquet,QA_VALIDATED
824946,663158,Robert Suarez,17,8,61,65,236,252,Top,2026-03-27,2026-03-27T23:15:00Z,ATL,KC,H,Robert Suarez,False,RELIEF_OR_BULK,17,5,3,0,0,2,0,1,0,P,,False,https://statsapi.mlb.com/api/v1.1/game/824946/feed/live,both,True,True,https://raw.githubusercontent.com/lancebroz/mlb-pitcher-data/main/data/raw/2026/daily/2026-03-27.parquet,QA_VALIDATED
824946,663559,Bailey Falter,48,5,40,60,165,235,Bot,2026-03-27,2026-03-27T23:15:00Z,KC,ATL,A,Bailey Falter,False,RELIEF_OR_BULK,48,14,9,2,2,5,0,4,0,P,,False,https://statsapi.mlb.com/api/v1.1/game/824946/feed/live,both,True,True,https://raw.githubusercontent.com/lancebroz/mlb-pitcher-data/main/data/raw/2026/daily/2026-03-27.parquet,QA_VALIDATED
824946,666142,Cole Ragans,90,1,3,36,13,158,Bot,2026-03-27,2026-03-27T23:15:00Z,KC,ATL,A,Cole Ragans,True,STARTER,90,21,12,4,4,6,4,5,3,P,,False,https://statsapi.mlb.com/api/v1.1/game/824946/feed/live,both,True,True,https://raw.githubusercontent.com/lancebroz/mlb-pitcher-data/main/data/raw/2026/daily/2026-03-27.parquet,QA_VALIDATED
824946,669276,Dylan Lee,9,7,52,54,206,214,Top,2026-03-27,2026-03-27T23:15:00Z,ATL,KC,H,Dylan Lee,False,RELIEF_OR_BULK,9,3,3,0,0,0,0,0,0,P,,False,https://statsapi.mlb.com/api/v1.1/game/824946/feed/live,both,True,True,https://raw.githubusercontent.com/lancebroz/mlb-pitcher-data/main/data/raw/2026/daily/2026-03-27.parquet,QA_VALIDATED
822838,547184,Michael Kelly,15,8,72,80,283,304,Bot,2026-03-28,2026-03-28T19:07:00Z,ATH,TOR,A,Michael Kelly,False,RELIEF_OR_BULK,15,6,4,1,1,2,0,1,1,P,,False,https://statsapi.mlb.com/api/v1.1/game/822838/feed/live,both,True,True,https://raw.githubusercontent.com/lancebroz/mlb-pitcher-data/main/data/raw/2026/daily/2026-03-28.parquet,QA_VALIDATED
822838,605130,Scott Barlow,14,10,85,89,319,332,Bot,2026-03-28,2026-03-28T19:07:00Z,ATH,TOR,A,Scott Barlow,False,RELIEF_OR_BULK,14,5,3,1,0,1,1,1,0,P,,False,https://statsapi.mlb.com/api/v1.1/game/822838/feed/live,both,True,True,https://raw.githubusercontent.com/lancebroz/mlb-pitcher-data/main/data/raw/2026/daily/2026-03-28.parquet,QA_VALIDATED
822838,605488,Jeffrey Springs,83,1,4,44,19,177,Bot,2026-03-28,2026-03-28T19:07:00Z,ATH,TOR,A,Jeffrey Springs,True,STARTER,83,22,16,2,2,5,3,2,0,P,,False,https://statsapi.mlb.com/api/v1.1/game/822838/feed/live,both,True,True,https://raw.githubusercontent.com/lancebroz/mlb-pitcher-data/main/data/raw/2026/daily/2026-03-28.parquet,QA_VALIDATED
822838,643410,Mark Leiter Jr.,17,6,45,57,178,230,Bot,2026-03-28,2026-03-28T19:07:00Z,ATH,TOR,A,Mark Leiter Jr.,False,RELIEF_OR_BULK,17,5,2,1,1,2,0,0,0,P,,False,https://statsapi.mlb.com/api/v1.1/game/822838/feed/live,both,True,True,https://raw.githubusercontent.com/lancebroz/mlb-pitcher-data/main/data/raw/2026/daily/2026-03-28.parquet,QA_VALIDATED
822838,643511,Tyler Rogers,7,9,73,75,287,293,Top,2026-03-28,2026-03-28T19:07:00Z,TOR,ATH,H,Tyler Rogers,False,RELIEF_OR_BULK,7,3,3,0,0,0,0,2,0,P,,False,https://statsapi.mlb.com/api/v1.1/game/822838/feed/live,both,True,True,https://raw.githubusercontent.com/lancebroz/mlb-pitcher-data/main/data/raw/2026/daily/2026-03-28.parquet,QA_VALIDATED
822838,656302,Dylan Cease,90,1,0,41,1,161,Top,2026-03-28,2026-03-28T19:07:00Z,TOR,ATH,H,Dylan Cease,True,STARTER,90,22,16,1,1,3,2,12,0,P,,False,https://statsapi.mlb.com/api/v1.1/game/822838/feed/live,both,True,True,https://raw.githubusercontent.com/lancebroz/mlb-pitcher-data/main/data/raw/2026/daily/2026-03-28.parquet,QA_VALIDATED
822838,663687,Hogan Harris,19,8,67,71,264,282,Bot,2026-03-28,2026-03-28T19:07:00Z,ATH,TOR,A,Hogan Harris,False,RELIEF_OR_BULK,19,5,2,0,0,2,1,0,0,P,,False,https://statsapi.mlb.com/api/v1.1/game/822838/feed/live,both,True,True,https://raw.githubusercontent.com/lancebroz/mlb-pitcher-data/main/data/raw/2026/daily/2026-03-28.parquet,QA_VALIDATED
822838,663893,Brendon Little,23,7,50,54,196,218,Top,2026-03-28,2026-03-28T19:07:00Z,TOR,ATH,H,Brendon Little,False,RELIEF_OR_BULK,23,5,2,3,3,2,1,2,1,P,,False,https://statsapi.mlb.com/api/v1.1/game/822838/feed/live,both,True,True,https://raw.githubusercontent.com/lancebroz/mlb-pitcher-data/main/data/raw/2026/daily/2026-03-28.parquet,QA_VALIDATED
822838,665622,Luis Medina,10,11,94,96,349,358,Bot,2026-03-28,2026-03-28T19:07:00Z,ATH,TOR,A,Luis Medina,False,RELIEF_OR_BULK,10,3,1,1,0,1,1,1,0,P,,False,https://statsapi.mlb.com/api/v1.1/game/822838/feed/live,both,True,True,https://raw.githubusercontent.com/lancebroz/mlb-pitcher-data/main/data/raw/2026/daily/2026-03-28.parquet,QA_VALIDATED
822838,665660,Elvis Alvarado,26,7,58,66,231,263,Bot,2026-03-28,2026-03-28T19:07:00Z,ATH,TOR,A,Elvis Alvarado,False,RELIEF_OR_BULK,26,6,3,2,2,1,2,2,0,P,,False,https://statsapi.mlb.com/api/v1.1/game/822838/feed/live,both,True,True,https://raw.githubusercontent.com/lancebroz/mlb-pitcher-data/main/data/raw/2026/daily/2026-03-28.parquet,QA_VALIDATED
822838,667297,Tommy Nance,11,7,55,64,219,254,Top,2026-03-28,2026-03-28T19:07:00Z,TOR,ATH,H,Tommy Nance,False,RELIEF_OR_BULK,11,4,4,0,0,0,0,1,0,P,,False,https://statsapi.mlb.com/api/v1.1/game/822838/feed/live,both,True,True,https://raw.githubusercontent.com/lancebroz/mlb-pitcher-data/main/data/raw/2026/daily/2026-03-28.parquet,QA_VALIDATED
822838,680755,Braydon Fisher,4,6,42,42,162,165,Top,2026-03-28,2026-03-28T19:07:00Z,TOR,ATH,H,Braydon Fisher,False,RELIEF_OR_BULK,4,1,2,0,0,0,0,0,0,P,,False,https://statsapi.mlb.com/api/v1.1/game/822838/feed/live,both,True,True,https://raw.githubusercontent.com/lancebroz/mlb-pitcher-data/main/data/raw/2026/daily/2026-03-28.parquet,QA_VALIDATED
822838,686973,Louis Varland,14,10,81,84,305,318,Top,2026-03-28,2026-03-28T19:07:00Z,TOR,ATH,H,Louis Varland,False,RELIEF_OR_BULK,14,4,3,1,0,1,1,1,0,P,,False,https://statsapi.mlb.com/api/v1.1/game/822838/feed/live,both,True,True,https://raw.githubusercontent.com/lancebroz/mlb-pitcher-data/main/data/raw/2026/daily/2026-03-28.parquet,QA_VALIDATED
822838,689254,Mason Fluharty,9,7,48,49,187,195,Top,2026-03-28,2026-03-28T19:07:00Z,TOR,ATH,H,Mason Fluharty,False,RELIEF_OR_BULK,9,2,0,2,2,2,0,0,0,P,,False,https://statsapi.mlb.com/api/v1.1/game/822838/feed/live,both,True,True,https://raw.githubusercontent.com/lancebroz/mlb-pitcher-data/main/data/raw/2026/daily/2026-03-28.parquet,QA_VALIDATED
822838,693686,Spencer Miles,16,11,90,93,333,348,Top,2026-03-28,2026-03-28T19:07:00Z,TOR,ATH,H,Spencer Miles,False,RELIEF_OR_BULK,16,4,3,0,0,0,1,1,0,P,,False,https://statsapi.mlb.com/api/v1.1/game/822838/feed/live,both,True,True,https://raw.githubusercontent.com/lancebroz/mlb-pitcher-data/main/data/raw/2026/daily/2026-03-28.parquet,QA_VALIDATED
823082,592773,Ryne Stanek,27,9,64,72,259,298,Top,2026-03-28,2026-03-28T18:15:00Z,STL,TB,H,Ryne Stanek,False,RELIEF_OR_BULK,27,6,4,2,1,3,0,2,0,P,,False,https://statsapi.mlb.com/api/v1.1/game/823082/feed/live,both,True,True,https://raw.githubusercontent.com/lancebroz/mlb-pitcher-data/main/data/raw/2026/daily/2026-03-28.parquet,QA_VALIDATED
823082,641329,Bryan Baker,13,9,67,69,270,282,Bot,2026-03-28,2026-03-28T18:15:00Z,TB,STL,A,Bryan Baker,False,RELIEF_OR_BULK,13,3,3,0,0,0,0,2,0,P,,False,https://statsapi.mlb.com/api/v1.1/game/823082/feed/live,both,True,True,https://raw.githubusercontent.com/lancebroz/mlb-pitcher-data/main/data/raw/2026/daily/2026-03-28.parquet,QA_VALIDATED
823082,642121,Cole Sulser,41,7,46,58,181,238,Bot,2026-03-28,2026-03-28T18:15:00Z,TB,STL,A,Cole Sulser,False,RELIEF_OR_BULK,41,10,6,2,1,2,1,2,0,P,,False,https://statsapi.mlb.com/api/v1.1/game/823082/feed/live,both,True,True,https://raw.githubusercontent.com/lancebroz/mlb-pitcher-data/main/data/raw/2026/daily/2026-03-28.parquet,QA_VALIDATED
823082,643377,Griffin Jax,9,10,73,75,299,307,Bot,2026-03-28,2026-03-28T18:15:00Z,TB,STL,A,Griffin Jax,False,RELIEF_OR_BULK,9,3,1,2,1,1,1,0,0,P,,False,https://statsapi.mlb.com/api/v1.1/game/823082/feed/live,both,True,True,https://raw.githubusercontent.com/lancebroz/mlb-pitcher-data/main/data/raw/2026/daily/2026-03-28.parquet,QA_VALIDATED
823082,668941,JoJo Romero,17,8,50,52,194,210,Top,2026-03-28,2026-03-28T18:15:00Z,STL,TB,H,JoJo Romero,False,RELIEF_OR_BULK,17,3,3,0,0,0,0,1,0,P,,False,https://statsapi.mlb.com/api/v1.1/game/823082/feed/live,both,True,True,https://raw.githubusercontent.com/lancebroz/mlb-pitcher-data/main/data/raw/2026/daily/2026-03-28.parquet,QA_VALIDATED
823082,671212,Joe Boyle,75,1,3,41,15,171,Bot,2026-03-28,2026-03-28T18:15:00Z,TB,STL,A,Joe Boyle,True,STARTER,75,21,18,2,2,3,0,4,0,P,,False,https://statsapi.mlb.com/api/v1.1/game/823082/feed/live,both,True,True,https://raw.githubusercontent.com/lancebroz/mlb-pitcher-data/main/data/raw/2026/daily/2026-03-28.parquet,QA_VALIDATED
823082,676617,Riley O'Brien,9,7,42,45,172,180,Top,2026-03-28,2026-03-28T18:15:00Z,STL,TB,H,Riley O'Brien,False,RELIEF_OR_BULK,9,4,3,0,0,2,0,0,0,P,,False,https://statsapi.mlb.com/api/v1.1/game/823082/feed/live,both,True,True,https://raw.githubusercontent.com/lancebroz/mlb-pitcher-data/main/data/raw/2026/daily/2026-03-28.parquet,QA_VALIDATED
823082,694335,Matt Svanson,20,9,59,63,239,258,Top,2026-03-28,2026-03-28T18:15:00Z,STL,TB,H,Matt Svanson,False,RELIEF_OR_BULK,20,5,2,3,3,2,1,0,0,P,,False,https://statsapi.mlb.com/api/v1.1/game/823082/feed/live,both,True,True,https://raw.githubusercontent.com/lancebroz/mlb-pitcher-data/main/data/raw/2026/daily/2026-03-28.parquet,QA_VALIDATED
823082,700241,Michael McGreevy,96,1,0,38,1,158,Top,2026-03-28,2026-03-28T18:15:00Z,STL,TB,H,Michael McGreevy,True,STARTER,96,21,18,0,0,0,2,5,0,P,,False,https://statsapi.mlb.com/api/v1.1/game/823082/feed/live,both,True,True,https://raw.githubusercontent.com/lancebroz/mlb-pitcher-data/main/data/raw/2026/daily/2026-03-28.parquet,QA_VALIDATED
823161,542888,Shawn Armstrong,19,7,60,67,255,296,Bot,2026-03-28,2026-03-29T01:40:00Z,CLE,SEA,A,Shawn Armstrong,False,RELIEF_OR_BULK,19,4,4,0,0,0,1,1,0,P,,False,https://statsapi.mlb.com/api/v1.1/game/823161/feed/live,both,True,True,https://raw.githubusercontent.com/lancebroz/mlb-pitcher-data/main/data/raw/2026/daily/2026-03-28.parquet,QA_VALIDATED
823161,641401,Connor Brogdon,17,10,82,85,355,371,Bot,2026-03-28,2026-03-29T01:40:00Z,CLE,SEA,A,Connor Brogdon,False,RELIEF_OR_BULK,17,4,3,2,1,1,0,2,1,P,,False,https://statsapi.mlb.com/api/v1.1/game/823161/feed/live,both,True,True,https://raw.githubusercontent.com/lancebroz/mlb-pitcher-data/main/data/raw/2026/daily/2026-03-28.parquet,QA_VALIDATED
823161,642100,Gabe Speier,3,7,55,55,232,234,Top,2026-03-28,2026-03-29T01:40:00Z,SEA,CLE,H,Gabe Speier,False,RELIEF_OR_BULK,3,1,1,0,0,0,0,0,0,P,,False,https://statsapi.mlb.com/api/v1.1/game/823161/feed/live,both,True,True,https://raw.githubusercontent.com/lancebroz/mlb-pitcher-data/main/data/raw/2026/daily/2026-03-28.parquet,QA_VALIDATED
823161,660825,Eduard Bazardo,24,7,50,54,208,231,Top,2026-03-28,2026-03-29T01:40:00Z,SEA,CLE,H,Eduard Bazardo,False,RELIEF_OR_BULK,24,5,2,1,1,1,2,1,0,P,,False,https://statsapi.mlb.com/api/v1.1/game/823161/feed/live,both,True,True,https://raw.githubusercontent.com/lancebroz/mlb-pitcher-data/main/data/raw/2026/daily/2026-03-28.parquet,QA_VALIDATED
823161,662253,Andrés Muñoz,20,10,77,81,335,354,Top,2026-03-28,2026-03-29T01:40:00Z,SEA,CLE,H,Andrés Muñoz,False,RELIEF_OR_BULK,20,5,3,3,2,2,0,1,1,P,,False,https://statsapi.mlb.com/api/v1.1/game/823161/feed/live,both,True,True,https://raw.githubusercontent.com/lancebroz/mlb-pitcher-data/main/data/raw/2026/daily/2026-03-28.parquet,QA_VALIDATED
823161,668984,Casey Legumina,23,8,61,64,260,282,Top,2026-03-28,2026-03-29T01:40:00Z,SEA,CLE,H,Casey Legumina,False,RELIEF_OR_BULK,23,4,3,0,0,1,0,1,0,P,,False,https://statsapi.mlb.com/api/v1.1/game/823161/feed/live,both,True,True,https://raw.githubusercontent.com/lancebroz/mlb-pitcher-data/main/data/raw/2026/daily/2026-03-28.parquet,QA_VALIDATED
823161,670036,Matt Festa,14,4,31,45,134,188,Bot,2026-03-28,2026-03-29T01:40:00Z,CLE,SEA,A,Matt Festa,False,RELIEF_OR_BULK,14,5,5,0,0,0,0,1,0,P,,False,https://statsapi.mlb.com/api/v1.1/game/823161/feed/live,both,True,True,https://raw.githubusercontent.com/lancebroz/mlb-pitcher-data/main/data/raw/2026/daily/2026-03-28.parquet,QA_VALIDATED
823161,671922,Cade Smith,28,9,71,76,307,334,Bot,2026-03-28,2026-03-29T01:40:00Z,CLE,SEA,A,Cade Smith,False,RELIEF_OR_BULK,28,6,3,1,1,2,1,2,0,P,,False,https://statsapi.mlb.com/api/v1.1/game/823161/feed/live,both,True,True,https://raw.githubusercontent.com/lancebroz/mlb-pitcher-data/main/data/raw/2026/daily/2026-03-28.parquet,QA_VALIDATED
823161,676282,Joey Cantillo,91,1,3,30,11,133,Bot,2026-03-28,2026-03-29T01:40:00Z,CLE,SEA,A,Joey Cantillo,True,STARTER,91,18,11,2,2,4,3,5,0,P,,False,https://statsapi.mlb.com/api/v1.1/game/823161/feed/live,both,True,True,https://raw.githubusercontent.com/lancebroz/mlb-pitcher-data/main/data/raw/2026/daily/2026-03-28.parquet,QA_VALIDATED
823161,677961,Cole Wilcox,10,9,68,70,297,306,Top,2026-03-28,2026-03-29T01:40:00Z,SEA,CLE,H,Cole Wilcox,False,RELIEF_OR_BULK,10,3,3,0,0,0,0,1,0,P,,False,https://statsapi.mlb.com/api/v1.1/game/823161/feed/live,both,True,True,https://raw.githubusercontent.com/lancebroz/mlb-pitcher-data/main/data/raw/2026/daily/2026-03-28.parquet,QA_VALIDATED
823161,681870,Erik Sabrowski,20,7,56,59,235,254,Bot,2026-03-28,2026-03-29T01:40:00Z,CLE,SEA,A,Erik Sabrowski,False,RELIEF_OR_BULK,20,4,2,0,0,0,2,1,0,P,,False,https://statsapi.mlb.com/api/v1.1/game/823161/feed/live,both,True,True,https://raw.githubusercontent.com/lancebroz/mlb-pitcher-data/main/data/raw/2026/daily/2026-03-28.parquet,QA_VALIDATED
823161,682120,Tim Herrin,19,6,46,49,189,207,Bot,2026-03-28,2026-03-29T01:40:00Z,CLE,SEA,A,Tim Herrin,False,RELIEF_OR_BULK,19,4,2,0,0,2,0,0,0,P,,False,https://statsapi.mlb.com/api/v1.1/game/823161/feed/live,both,True,True,https://raw.githubusercontent.com/lancebroz/mlb-pitcher-data/main/data/raw/2026/daily/2026-03-28.parquet,QA_VALIDATED
823161,693433,Bryan Woo,83,1,0,44,1,184,Top,2026-03-28,2026-03-29T01:40:00Z,SEA,CLE,H,Bryan Woo,True,STARTER,83,23,18,2,2,4,1,9,0,P,,False,https://statsapi.mlb.com/api/v1.1/game/823161/feed/live,both,True,True,https://raw.githubusercontent.com/lancebroz/mlb-pitcher-data/main/data/raw/2026/daily/2026-03-28.parquet,QA_VALIDATED
823241,621366,Ryan Borucki,15,5,34,37,153,167,Top,2026-03-28,2026-03-28T23:15:00Z,SF,NYY,H,Ryan Borucki,False,RELIEF_OR_BULK,15,4,3,1,1,1,0,1,1,P,,False,https://statsapi.mlb.com/api/v1.1/game/823241/feed/live,both,True,True,https://raw.githubusercontent.com/lancebroz/mlb-pitcher-data/main/data/raw/2026/daily/2026-03-28.parquet,QA_VALIDATED
823241,641816,Tyler Mahle,80,1,0,30,1,142,Top,2026-03-28,2026-03-28T23:15:00Z,SF,NYY,H,Tyler Mahle,True,STARTER,80,17,12,2,2,5,1,5,0,P,,False,https://statsapi.mlb.com/api/v1.1/game/823241/feed/live,both,True,True,https://raw.githubusercontent.com/lancebroz/mlb-pitcher-data/main/data/raw/2026/daily/2026-03-28.parquet,QA_VALIDATED
823241,656234,Jake Bird,18,6,46,53,201,227,Bot,2026-03-28,2026-03-28T23:15:00Z,NYY,SF,A,Jake Bird,False,RELIEF_OR_BULK,18,5,5,0,0,1,0,2,0,P,,False,https://statsapi.mlb.com/api/v1.1/game/823241/feed/live,both,True,True,https://raw.githubusercontent.com/lancebroz/mlb-pitcher-data/main/data/raw/2026/daily/2026-03-28.parquet,QA_VALIDATED
823241,657424,Matt Gage,8,6,42,44,185,192,Top,2026-03-28,2026-03-28T23:15:00Z,SF,NYY,H,Matt Gage,False,RELIEF_OR_BULK,8,3,3,0,0,0,0,1,0,P,,False,https://statsapi.mlb.com/api/v1.1/game/823241/feed/live,both,True,True,https://raw.githubusercontent.com/lancebroz/mlb-pitcher-data/main/data/raw/2026/daily/2026-03-28.parquet,QA_VALIDATED
823241,657612,Tim Hill,11,7,54,62,228,260,Bot,2026-03-28,2026-03-28T23:15:00Z,NYY,SF,A,Tim Hill,False,RELIEF_OR_BULK,11,4,4,0,0,1,0,1,0,P,,False,https://statsapi.mlb.com/api/v1.1/game/823241/feed/live,both,True,True,https://raw.githubusercontent.com/lancebroz/mlb-pitcher-data/main/data/raw/2026/daily/2026-03-28.parquet,QA_VALIDATED
823241,664141,JT Brubaker,2,8,59,59,251,252,Top,2026-03-28,2026-03-28T23:15:00Z,SF,NYY,H,JT Brubaker,False,RELIEF_OR_BULK,2,1,1,0,0,0,0,0,0,P,,False,https://statsapi.mlb.com/api/v1.1/game/823241/feed/live,both,True,True,https://raw.githubusercontent.com/lancebroz/mlb-pitcher-data/main/data/raw/2026/daily/2026-03-28.parquet,QA_VALIDATED
823241,669062,Erik Miller,20,8,55,58,231,250,Top,2026-03-28,2026-03-28T23:15:00Z,SF,NYY,H,Erik Miller,False,RELIEF_OR_BULK,20,4,2,0,0,1,1,1,0,P,,False,https://statsapi.mlb.com/api/v1.1/game/823241/feed/live,both,True,True,https://raw.githubusercontent.com/lancebroz/mlb-pitcher-data/main/data/raw/2026/daily/2026-03-28.parquet,QA_VALIDATED
823241,670280,David Bednar,20,9,66,69,276,295,Bot,2026-03-28,2026-03-28T23:15:00Z,NYY,SF,A,David Bednar,False,RELIEF_OR_BULK,20,4,3,0,0,1,1,1,0,P,,False,https://statsapi.mlb.com/api/v1.1/game/823241/feed/live,both,True,True,https://raw.githubusercontent.com/lancebroz/mlb-pitcher-data/main/data/raw/2026/daily/2026-03-28.parquet,QA_VALIDATED
823241,676254,Ryan Walker,15,9,63,65,261,275,Top,2026-03-28,2026-03-28T23:15:00Z,SF,NYY,H,Ryan Walker,False,RELIEF_OR_BULK,15,3,3,0,0,0,0,1,0,P,,False,https://statsapi.mlb.com/api/v1.1/game/823241/feed/live,both,True,True,https://raw.githubusercontent.com/lancebroz/mlb-pitcher-data/main/data/raw/2026/daily/2026-03-28.parquet,QA_VALIDATED
823241,676775,Keaton Winn,9,7,49,51,212,220,Top,2026-03-28,2026-03-28T23:15:00Z,SF,NYY,H,Keaton Winn,False,RELIEF_OR_BULK,9,3,3,0,0,0,0,1,0,P,,False,https://statsapi.mlb.com/api/v1.1/game/823241/feed/live,both,True,True,https://raw.githubusercontent.com/lancebroz/mlb-pitcher-data/main/data/raw/2026/daily/2026-03-28.parquet,QA_VALIDATED
823241,687396,Brent Headrick,14,5,40,45,179,200,Bot,2026-03-28,2026-03-28T23:15:00Z,NYY,SF,A,Brent Headrick,False,RELIEF_OR_BULK,14,3,2,0,0,1,0,1,0,P,,False,https://statsapi.mlb.com/api/v1.1/game/823241/feed/live,both,True,True,https://raw.githubusercontent.com/lancebroz/mlb-pitcher-data/main/data/raw/2026/daily/2026-03-28.parquet,QA_VALIDATED
823241,701542,Will Warren,83,1,4,39,15,178,Bot,2026-03-28,2026-03-28T23:15:00Z,NYY,SF,A,Will Warren,True,STARTER,83,19,13,1,1,5,2,3,0,P,,False,https://statsapi.mlb.com/api/v1.1/game/823241/feed/live,both,True,True,https://raw.githubusercontent.com/lancebroz/mlb-pitcher-data/main/data/raw/2026/daily/2026-03-28.parquet,QA_VALIDATED
823323,606996,Kyle Hart,23,7,51,59,210,246,Top,2026-03-28,2026-03-29T00:40:00Z,SD,DET,H,Kyle Hart,False,RELIEF_OR_BULK,23,6,6,0,0,0,0,3,0,P,,False,https://statsapi.mlb.com/api/v1.1/game/823323/feed/live,both,True,True,https://raw.githubusercontent.com/lancebroz/mlb-pitcher-data/main/data/raw/2026/daily/2026-03-28.parquet,QA_VALIDATED
823323,656427,Jack Flaherty,89,1,5,38,25,166,Bot,2026-03-28,2026-03-29T00:40:00Z,DET,SD,A,Jack Flaherty,True,STARTER,89,21,13,3,2,4,4,2,0,P,,False,https://statsapi.mlb.com/api/v1.1/game/823323/feed/live,both,True,True,https://raw.githubusercontent.com/lancebroz/mlb-pitcher-data/main/data/raw/2026/daily/2026-03-28.parquet,QA_VALIDATED
823323,657756,Connor Seabold,50,6,49,62,193,265,Bot,2026-03-28,2026-03-29T00:40:00Z,DET,SD,A,Connor Seabold,False,RELIEF_OR_BULK,50,8,7,0,0,1,0,3,0,P,,False,https://statsapi.mlb.com/api/v1.1/game/823323/feed/live,both,True,True,https://raw.githubusercontent.com/lancebroz/mlb-pitcher-data/main/data/raw/2026/daily/2026-03-28.parquet,QA_VALIDATED
823323,676428,Brant Hurter,12,5,39,48,167,192,Bot,2026-03-28,2026-03-29T00:40:00Z,DET,SD,A,Brant Hurter,False,RELIEF_OR_BULK,12,5,3,0,0,2,0,1,0,P,,False,https://statsapi.mlb.com/api/v1.1/game/823323/feed/live,both,True,True,https://raw.githubusercontent.com/lancebroz/mlb-pitcher-data/main/data/raw/2026/daily/2026-03-28.parquet,QA_VALIDATED
823323,676684,Will Vest,4,8,63,63,266,269,Bot,2026-03-28,2026-03-29T00:40:00Z,DET,SD,A,Will Vest,False,RELIEF_OR_BULK,4,1,1,0,0,0,0,0,0,P,,False,https://statsapi.mlb.com/api/v1.1/game/823323/feed/live,both,True,True,https://raw.githubusercontent.com/lancebroz/mlb-pitcher-data/main/data/raw/2026/daily/2026-03-28.parquet,QA_VALIDATED
823323,681190,Randy Vásquez,91,1,0,45,1,183,Top,2026-03-28,2026-03-29T00:40:00Z,SD,DET,H,Randy Vásquez,True,STARTER,91,23,18,0,0,2,3,8,0,P,,False,https://statsapi.mlb.com/api/v1.1/game/823323/feed/live,both,True,True,https://raw.githubusercontent.com/lancebroz/mlb-pitcher-data/main/data/raw/2026/daily/2026-03-28.parquet,QA_VALIDATED
823323,695243,Mason Miller,18,9,64,67,270,287,Top,2026-03-28,2026-03-29T00:40:00Z,SD,DET,H,Mason Miller,False,RELIEF_OR_BULK,18,4,3,0,0,0,1,2,0,P,,False,https://statsapi.mlb.com/api/v1.1/game/823323/feed/live,both,True,True,https://raw.githubusercontent.com/lancebroz/mlb-pitcher-data/main/data/raw/2026/daily/2026-03-28.parquet,QA_VALIDATED
823488,455119,Chris Martin,12,9,69,71,287,298,Bot,2026-03-28,2026-03-28T20:05:00Z,TEX,PHI,A,Chris Martin,False,RELIEF_OR_BULK,12,3,1,1,0,2,0,1,0,P,,False,https://statsapi.mlb.com/api/v1.1/game/823488/feed/live,both,True,True,https://raw.githubusercontent.com/lancebroz/mlb-pitcher-data/main/data/raw/2026/daily/2026-03-28.parquet,QA_VALIDATED
823488,596001,Jakob Junis,23,7,51,61,214,255,Bot,2026-03-28,2026-03-28T20:05:00Z,TEX,PHI,A,Jakob Junis,False,RELIEF_OR_BULK,23,6,6,0,0,0,0,2,0,P,,False,https://statsapi.mlb.com/api/v1.1/game/823488/feed/live,both,True,True,https://raw.githubusercontent.com/lancebroz/mlb-pitcher-data/main/data/raw/2026/daily/2026-03-28.parquet,QA_VALIDATED
823488,605400,Aaron Nola,91,1,0,34,1,155,Top,2026-03-28,2026-03-28T20:05:00Z,PHI,TEX,H,Aaron Nola,True,STARTER,91,22,15,3,3,5,2,7,2,P,,False,https://statsapi.mlb.com/api/v1.1/game/823488/feed/live,both,True,True,https://raw.githubusercontent.com/lancebroz/mlb-pitcher-data/main/data/raw/2026/daily/2026-03-28.parquet,QA_VALIDATED
823488,621237,José Alvarado,18,7,47,50,196,213,Top,2026-03-28,2026-03-28T20:05:00Z,PHI,TEX,H,José Alvarado,False,RELIEF_OR_BULK,18,4,3,0,0,1,0,2,0,P,,False,https://statsapi.mlb.com/api/v1.1/game/823488/feed/live,both,True,True,https://raw.githubusercontent.com/lancebroz/mlb-pitcher-data/main/data/raw/2026/daily/2026-03-28.parquet,QA_VALIDATED
823488,621383,Tanner Banks,10,6,41,43,179,188,Top,2026-03-28,2026-03-28T20:05:00Z,PHI,TEX,H,Tanner Banks,False,RELIEF_OR_BULK,10,3,3,0,0,1,0,0,0,P,,False,https://statsapi.mlb.com/api/v1.1/game/823488/feed/live,both,True,True,https://raw.githubusercontent.com/lancebroz/mlb-pitcher-data/main/data/raw/2026/daily/2026-03-28.parquet,QA_VALIDATED
823488,641302,Tyler Alexander,21,10,77,81,321,341,Bot,2026-03-28,2026-03-28T20:05:00Z,TEX,PHI,A,Tyler Alexander,False,RELIEF_OR_BULK,21,5,3,1,0,1,0,1,0,P,,False,https://statsapi.mlb.com/api/v1.1/game/823488/feed/live,both,True,True,https://raw.githubusercontent.com/lancebroz/mlb-pitcher-data/main/data/raw/2026/daily/2026-03-28.parquet,QA_VALIDATED
823488,641835,Tim Mayza,32,8,54,64,224,268,Top,2026-03-28,2026-03-28T20:05:00Z,PHI,TEX,H,Tim Mayza,False,RELIEF_OR_BULK,32,8,6,0,0,1,1,2,0,P,,False,https://statsapi.mlb.com/api/v1.1/game/823488/feed/live,both,True,True,https://raw.githubusercontent.com/lancebroz/mlb-pitcher-data/main/data/raw/2026/daily/2026-03-28.parquet,QA_VALIDATED
823488,656222,Jalen Beeks,7,6,44,46,189,195,Bot,2026-03-28,2026-03-28T20:05:00Z,TEX,PHI,A,Jalen Beeks,False,RELIEF_OR_BULK,7,3,3,0,0,0,0,1,0,P,,False,https://statsapi.mlb.com/api/v1.1/game/823488/feed/live,both,True,True,https://raw.githubusercontent.com/lancebroz/mlb-pitcher-data/main/data/raw/2026/daily/2026-03-28.parquet,QA_VALIDATED
823488,656641,Jacob Latz,68,1,4,35,11,159,Bot,2026-03-28,2026-03-28T20:05:00Z,TEX,PHI,A,Jacob Latz,True,STARTER,68,14,12,0,0,0,1,3,0,P,,False,https://statsapi.mlb.com/api/v1.1/game/823488/feed/live,both,True,True,https://raw.githubusercontent.com/lancebroz/mlb-pitcher-data/main/data/raw/2026/daily/2026-03-28.parquet,QA_VALIDATED
823488,661395,Jhoan Duran,22,10,72,76,299,320,Top,2026-03-28,2026-03-28T20:05:00Z,PHI,TEX,H,Jhoan Duran,False,RELIEF_OR_BULK,22,5,3,2,1,2,0,2,0,P,,False,https://statsapi.mlb.com/api/v1.1/game/823488/feed/live,both,True,True,https://raw.githubusercontent.com/lancebroz/mlb-pitcher-data/main/data/raw/2026/daily/2026-03-28.parquet,QA_VALIDATED
823488,668390,Cole Winn,19,5,36,40,160,178,Bot,2026-03-28,2026-03-28T20:05:00Z,TEX,PHI,A,Cole Winn,False,RELIEF_OR_BULK,19,5,3,0,0,1,1,2,0,P,,False,https://statsapi.mlb.com/api/v1.1/game/823488/feed/live,both,True,True,https://raw.githubusercontent.com/lancebroz/mlb-pitcher-data/main/data/raw/2026/daily/2026-03-28.parquet,QA_VALIDATED
823488,676395,Robert Garcia,18,9,65,68,269,286,Bot,2026-03-28,2026-03-28T20:05:00Z,TEX,PHI,A,Robert Garcia,False,RELIEF_OR_BULK,18,4,2,2,0,1,1,1,0,P,,False,https://statsapi.mlb.com/api/v1.1/game/823488/feed/live,both,True,True,https://raw.githubusercontent.com/lancebroz/mlb-pitcher-data/main/data/raw/2026/daily/2026-03-28.parquet,QA_VALIDATED
823651,472610,Luis García,19,10,72,77,272,290,Top,2026-03-28,2026-03-28T20:10:00Z,NYM,PIT,H,Luis García,False,RELIEF_OR_BULK,19,6,3,1,0,2,1,0,0,P,,False,https://statsapi.mlb.com/api/v1.1/game/823651/feed/live,both,True,True,https://raw.githubusercontent.com/lancebroz/mlb-pitcher-data/main/data/raw/2026/daily/2026-03-28.parquet,QA_VALIDATED
823651,548384,Brooks Raley,11,8,57,59,204,214,Top,2026-03-28,2026-03-28T20:10:00Z,NYM,PIT,H,Brooks Raley,False,RELIEF_OR_BULK,11,3,3,0,0,0,0,2,0,P,,False,https://statsapi.mlb.com/api/v1.1/game/823651/feed/live,both,True,True,https://raw.githubusercontent.com/lancebroz/mlb-pitcher-data/main/data/raw/2026/daily/2026-03-28.parquet,QA_VALIDATED
823651,596133,Luke Weaver,16,7,48,51,158,173,Top,2026-03-28,2026-03-28T20:10:00Z,NYM,PIT,H,Luke Weaver,False,RELIEF_OR_BULK,16,4,3,0,0,1,0,0,0,P,,False,https://statsapi.mlb.com/api/v1.1/game/823651/feed/live,both,True,True,https://raw.githubusercontent.com/lancebroz/mlb-pitcher-data/main/data/raw/2026/daily/2026-03-28.parquet,QA_VALIDATED
823651,623211,Huascar Brazobán,4,6,42,43,143,146,Top,2026-03-28,2026-03-28T20:10:00Z,NYM,PIT,H,Huascar Brazobán,False,RELIEF_OR_BULK,4,2,2,0,0,0,0,1,0,P,,False,https://statsapi.mlb.com/api/v1.1/game/823651/feed/live,both,True,True,https://raw.githubusercontent.com/lancebroz/mlb-pitcher-data/main/data/raw/2026/daily/2026-03-28.parquet,QA_VALIDATED
823651,642207,Devin Williams,19,9,64,68,235,253,Top,2026-03-28,2026-03-28T20:10:00Z,NYM,PIT,H,Devin Williams,False,RELIEF_OR_BULK,19,5,3,0,0,1,1,2,0,P,,False,https://statsapi.mlb.com/api/v1.1/game/823651/feed/live,both,True,True,https://raw.githubusercontent.com/lancebroz/mlb-pitcher-data/main/data/raw/2026/daily/2026-03-28.parquet,QA_VALIDATED
823651,642397,Gregory Soto,27,7,56,63,197,234,Bot,2026-03-28,2026-03-28T20:10:00Z,PIT,NYM,A,Gregory Soto,False,RELIEF_OR_BULK,27,5,4,0,0,0,1,3,0,P,,False,https://statsapi.mlb.com/api/v1.1/game/823651/feed/live,both,True,True,https://raw.githubusercontent.com/lancebroz/mlb-pitcher-data/main/data/raw/2026/daily/2026-03-28.parquet,QA_VALIDATED
823651,642701,Dennis Santana,18,9,69,71,254,271,Bot,2026-03-28,2026-03-28T20:10:00Z,PIT,NYM,A,Dennis Santana,False,RELIEF_OR_BULK,18,3,3,0,0,0,1,0,0,P,,False,https://statsapi.mlb.com/api/v1.1/game/823651/feed/live,both,True,True,https://raw.githubusercontent.com/lancebroz/mlb-pitcher-data/main/data/raw/2026/daily/2026-03-28.parquet,QA_VALIDATED
823651,656605,Mitch Keller,77,1,3,47,9,157,Bot,2026-03-28,2026-03-28T20:10:00Z,PIT,NYM,A,Mitch Keller,True,STARTER,77,21,18,0,0,3,0,3,0,P,,False,https://statsapi.mlb.com/api/v1.1/game/823651/feed/live,both,True,True,https://raw.githubusercontent.com/lancebroz/mlb-pitcher-data/main/data/raw/2026/daily/2026-03-28.parquet,QA_VALIDATED
823651,656849,David Peterson,76,1,0,41,1,142,Top,2026-03-28,2026-03-28T20:10:00Z,NYM,PIT,H,David Peterson,True,STARTER,76,25,16,0,0,6,2,3,0,P,,False,https://statsapi.mlb.com/api/v1.1/game/823651/feed/live,both,True,True,https://raw.githubusercontent.com/lancebroz/mlb-pitcher-data/main/data/raw/2026/daily/2026-03-28.parquet,QA_VALIDATED
823651,663992,Richard Lovelady,21,11,84,88,307,327,Top,2026-03-28,2026-03-28T20:10:00Z,NYM,PIT,H,Richard Lovelady,False,RELIEF_OR_BULK,21,5,3,1,0,2,0,1,0,P,,False,https://statsapi.mlb.com/api/v1.1/game/823651/feed/live,both,True,True,https://raw.githubusercontent.com/lancebroz/mlb-pitcher-data/main/data/raw/2026/daily/2026-03-28.parquet,QA_VALIDATED
823651,664875,Justin Lawrence,23,7,52,55,174,196,Bot,2026-03-28,2026-03-28T20:10:00Z,PIT,NYM,A,Justin Lawrence,False,RELIEF_OR_BULK,23,4,2,0,0,0,2,2,0,P,,False,https://statsapi.mlb.com/api/v1.1/game/823651/feed/live,both,True,True,https://raw.githubusercontent.com/lancebroz/mlb-pitcher-data/main/data/raw/2026/daily/2026-03-28.parquet,QA_VALIDATED
823651,682995,Hunter Barco,24,10,78,90,291,335,Bot,2026-03-28,2026-03-28T20:10:00Z,PIT,NYM,A,Hunter Barco,False,RELIEF_OR_BULK,24,8,3,4,2,3,1,0,1,P,,False,https://statsapi.mlb.com/api/v1.1/game/823651/feed/live,both,True,True,https://raw.githubusercontent.com/lancebroz/mlb-pitcher-data/main/data/raw/2026/daily/2026-03-28.parquet,QA_VALIDATED
823811,622554,Seranthony Domínguez,13,8,70,73,305,317,Bot,2026-03-28,2026-03-28T23:10:00Z,CWS,MIL,A,Seranthony Domínguez,False,RELIEF_OR_BULK,13,4,3,0,0,1,0,0,0,P,,False,https://statsapi.mlb.com/api/v1.1/game/823811/feed/live,both,True,True,https://raw.githubusercontent.com/lancebroz/mlb-pitcher-data/main/data/raw/2026/daily/2026-03-28.parquet,QA_VALIDATED
823811,663542,Bryan Hudson,33,7,60,65,257,289,Bot,2026-03-28,2026-03-28T23:10:00Z,CWS,MIL,A,Bryan Hudson,False,RELIEF_OR_BULK,33,6,2,1,1,2,2,2,0,P,,False,https://statsapi.mlb.com/api/v1.1/game/823811/feed/live,both,True,True,https://raw.githubusercontent.com/lancebroz/mlb-pitcher-data/main/data/raw/2026/daily/2026-03-28.parquet,QA_VALIDATED
823811,669084,DL Hall,18,9,74,76,318,335,Top,2026-03-28,2026-03-28T23:10:00Z,MIL,CWS,H,DL Hall,False,RELIEF_OR_BULK,18,3,3,0,0,0,1,1,0,P,,False,https://statsapi.mlb.com/api/v1.1/game/823811/feed/live,both,True,True,https://raw.githubusercontent.com/lancebroz/mlb-pitcher-data/main/data/raw/2026/daily/2026-03-28.parquet,QA_VALIDATED
823811,669684,Chris Murphy,15,5,42,45,177,191,Bot,2026-03-28,2026-03-28T23:10:00Z,CWS,MIL,A,Chris Murphy,False,RELIEF_OR_BULK,15,4,3,0,0,0,1,1,0,P,,False,https://statsapi.mlb.com/api/v1.1/game/823811/feed/live,both,True,True,https://raw.githubusercontent.com/lancebroz/mlb-pitcher-data/main/data/raw/2026/daily/2026-03-28.parquet,QA_VALIDATED
823811,672582,Angel Zerpa,17,7,56,59,240,256,Top,2026-03-28,2026-03-28T23:10:00Z,MIL,CWS,H,Angel Zerpa,False,RELIEF_OR_BULK,17,4,3,0,0,2,0,0,0,P,,False,https://statsapi.mlb.com/api/v1.1/game/823811/feed/live,both,True,True,https://raw.githubusercontent.com/lancebroz/mlb-pitcher-data/main/data/raw/2026/daily/2026-03-28.parquet,QA_VALIDATED
823811,676879,Aaron Ashby,33,5,39,49,166,213,Top,2026-03-28,2026-03-28T23:10:00Z,MIL,CWS,H,Aaron Ashby,False,RELIEF_OR_BULK,33,7,5,0,0,0,2,4,0,P,,False,https://statsapi.mlb.com/api/v1.1/game/823811/feed/live,both,True,True,https://raw.githubusercontent.com/lancebroz/mlb-pitcher-data/main/data/raw/2026/daily/2026-03-28.parquet,QA_VALIDATED
823811,680732,Sean Burke,91,1,5,36,23,161,Bot,2026-03-28,2026-03-28T23:10:00Z,CWS,MIL,A,Sean Burke,True,STARTER,91,20,12,4,3,7,1,5,0,P,,False,https://statsapi.mlb.com/api/v1.1/game/823811/feed/live,both,True,True,https://raw.githubusercontent.com/lancebroz/mlb-pitcher-data/main/data/raw/2026/daily/2026-03-28.parquet,QA_VALIDATED
823811,682842,Abner Uribe,14,8,67,69,291,304,Top,2026-03-28,2026-03-28T23:10:00Z,MIL,CWS,H,Abner Uribe,False,RELIEF_OR_BULK,14,3,3,0,0,0,0,2,0,P,,False,https://statsapi.mlb.com/api/v1.1/game/823811/feed/live,both,True,True,https://raw.githubusercontent.com/lancebroz/mlb-pitcher-data/main/data/raw/2026/daily/2026-03-28.parquet,QA_VALIDATED
823811,691799,Grant Taylor,26,6,50,55,214,239,Bot,2026-03-28,2026-03-28T23:10:00Z,CWS,MIL,A,Grant Taylor,False,RELIEF_OR_BULK,26,6,3,1,1,2,1,1,0,P,,False,https://statsapi.mlb.com/api/v1.1/game/823811/feed/live,both,True,True,https://raw.githubusercontent.com/lancebroz/mlb-pitcher-data/main/data/raw/2026/daily/2026-03-28.parquet,QA_VALIDATED
823811,694477,Chad Patrick,74,1,0,38,1,165,Top,2026-03-28,2026-03-28T23:10:00Z,MIL,CWS,H,Chad Patrick,True,STARTER,74,19,13,1,1,5,1,4,1,P,,False,https://statsapi.mlb.com/api/v1.1/game/823811/feed/live,both,True,True,https://raw.githubusercontent.com/lancebroz/mlb-pitcher-data/main/data/raw/2026/daily/2026-03-28.parquet,QA_VALIDATED
823811,699151,Jedixson Paez,1,7,66,66,290,290,Bot,2026-03-28,2026-03-28T23:10:00Z,CWS,MIL,A,Jedixson Paez,False,RELIEF_OR_BULK,1,1,1,0,0,0,0,0,0,P,,False,https://statsapi.mlb.com/api/v1.1/game/823811/feed/live,both,True,True,https://raw.githubusercontent.com/lancebroz/mlb-pitcher-data/main/data/raw/2026/daily/2026-03-28.parquet,QA_VALIDATED
823892,547179,Michael Lorenzen,93,1,3,41,11,160,Bot,2026-03-28,2026-03-28T20:10:00Z,COL,MIA,A,Michael Lorenzen,True,STARTER,93,22,13,3,3,7,0,4,1,P,,False,https://statsapi.mlb.com/api/v1.1/game/823892/feed/live,both,True,True,https://raw.githubusercontent.com/lancebroz/mlb-pitcher-data/main/data/raw/2026/daily/2026-03-28.parquet,QA_VALIDATED
823892,657514,Brennan Bernardino,12,5,42,44,161,172,Bot,2026-03-28,2026-03-28T20:10:00Z,COL,MIA,A,Brennan Bernardino,False,RELIEF_OR_BULK,12,3,2,0,0,1,0,0,0,P,,False,https://statsapi.mlb.com/api/v1.1/game/823892/feed/live,both,True,True,https://raw.githubusercontent.com/lancebroz/mlb-pitcher-data/main/data/raw/2026/daily/2026-03-28.parquet,QA_VALIDATED
823892,664126,Pete Fairbanks,9,9,67,69,264,272,Top,2026-03-28,2026-03-28T20:10:00Z,MIA,COL,H,Pete Fairbanks,False,RELIEF_OR_BULK,9,3,3,0,0,0,0,1,0,P,,False,https://statsapi.mlb.com/api/v1.1/game/823892/feed/live,both,True,True,https://raw.githubusercontent.com/lancebroz/mlb-pitcher-data/main/data/raw/2026/daily/2026-03-28.parquet,QA_VALIDATED
823892,676534,Calvin Faucher,12,8,58,61,231,242,Top,2026-03-28,2026-03-28T20:10:00Z,MIA,COL,H,Calvin Faucher,False,RELIEF_OR_BULK,12,4,3,0,0,1,0,1,0,P,,False,https://statsapi.mlb.com/api/v1.1/game/823892/feed/live,both,True,True,https://raw.githubusercontent.com/lancebroz/mlb-pitcher-data/main/data/raw/2026/daily/2026-03-28.parquet,QA_VALIDATED
823892,677955,Jaden Hill,23,7,57,66,229,263,Bot,2026-03-28,2026-03-28T20:10:00Z,COL,MIA,A,Jaden Hill,False,RELIEF_OR_BULK,23,6,5,1,1,2,0,1,0,P,,False,https://statsapi.mlb.com/api/v1.1/game/823892/feed/live,both,True,True,https://raw.githubusercontent.com/lancebroz/mlb-pitcher-data/main/data/raw/2026/daily/2026-03-28.parquet,QA_VALIDATED
823892,688642,Zach Agnos,30,6,48,56,185,228,Bot,2026-03-28,2026-03-28T20:10:00Z,COL,MIA,A,Zach Agnos,False,RELIEF_OR_BULK,30,5,4,0,0,0,1,2,0,P,,False,https://statsapi.mlb.com/api/v1.1/game/823892/feed/live,both,True,True,https://raw.githubusercontent.com/lancebroz/mlb-pitcher-data/main/data/raw/2026/daily/2026-03-28.parquet,QA_VALIDATED
823892,691587,Eury Pérez,93,1,0,54,1,216,Top,2026-03-28,2026-03-28T20:10:00Z,MIA,COL,H,Eury Pérez,True,STARTER,93,27,21,3,3,5,1,8,2,P,,False,https://statsapi.mlb.com/api/v1.1/game/823892/feed/live,both,True,True,https://raw.githubusercontent.com/lancebroz/mlb-pitcher-data/main/data/raw/2026/daily/2026-03-28.parquet,QA_VALIDATED
823973,593958,Eduardo Rodriguez,79,1,5,42,19,169,Bot,2026-03-28,2026-03-29T01:10:00Z,AZ,LAD,A,Eduardo Rodriguez,True,STARTER,79,20,15,1,0,4,2,5,0,P,,False,https://statsapi.mlb.com/api/v1.1/game/823973/feed/live,both,True,True,https://raw.githubusercontent.com/lancebroz/mlb-pitcher-data/main/data/raw/2026/daily/2026-03-28.parquet,QA_VALIDATED
823973,605452,Joe Ross,14,7,50,52,200,213,Bot,2026-03-28,2026-03-29T01:10:00Z,AZ,LAD,A,Joe Ross,False,RELIEF_OR_BULK,14,3,3,0,0,0,0,0,0,P,,False,https://statsapi.mlb.com/api/v1.1/game/823973/feed/live,both,True,True,https://raw.githubusercontent.com/lancebroz/mlb-pitcher-data/main/data/raw/2026/daily/2026-03-28.parquet,QA_VALIDATED
823973,607192,Tyler Glasnow,90,1,0,41,1,167,Top,2026-03-28,2026-03-29T01:10:00Z,LAD,AZ,H,Tyler Glasnow,True,STARTER,90,23,18,2,2,4,1,6,0,P,,False,https://statsapi.mlb.com/api/v1.1/game/823973/feed/live,both,True,True,https://raw.githubusercontent.com/lancebroz/mlb-pitcher-data/main/data/raw/2026/daily/2026-03-28.parquet,QA_VALIDATED
823973,621242,Edwin Díaz,10,9,62,64,256,265,Top,2026-03-28,2026-03-29T01:10:00Z,LAD,AZ,H,Edwin Díaz,False,RELIEF_OR_BULK,10,3,3,0,0,0,0,0,0,P,,False,https://statsapi.mlb.com/api/v1.1/game/823973/feed/live,both,True,True,https://raw.githubusercontent.com/lancebroz/mlb-pitcher-data/main/data/raw/2026/daily/2026-03-28.parquet,QA_VALIDATED
823973,623149,Paul Sewald,5,8,61,61,251,255,Bot,2026-03-28,2026-03-29T01:10:00Z,AZ,LAD,A,Paul Sewald,False,RELIEF_OR_BULK,5,1,1,0,0,0,0,0,0,P,,False,https://statsapi.mlb.com/api/v1.1/game/823973/feed/live,both,True,True,https://raw.githubusercontent.com/lancebroz/mlb-pitcher-data/main/data/raw/2026/daily/2026-03-28.parquet,QA_VALIDATED
823973,642528,Jonathan Loáisiga,18,6,43,46,170,187,Bot,2026-03-28,2026-03-29T01:10:00Z,AZ,LAD,A,Jonathan Loáisiga,False,RELIEF_OR_BULK,18,4,3,0,0,1,0,1,0,P,,False,https://statsapi.mlb.com/api/v1.1/game/823973/feed/live,both,True,True,https://raw.githubusercontent.com/lancebroz/mlb-pitcher-data/main/data/raw/2026/daily/2026-03-28.parquet,QA_VALIDATED
823973,666661,Juan Morillo,22,8,57,60,229,250,Bot,2026-03-28,2026-03-29T01:10:00Z,AZ,LAD,A,Juan Morillo,False,RELIEF_OR_BULK,22,4,2,2,2,1,1,0,1,P,,False,https://statsapi.mlb.com/api/v1.1/game/823973/feed/live,both,True,True,https://raw.githubusercontent.com/lancebroz/mlb-pitcher-data/main/data/raw/2026/daily/2026-03-28.parquet,QA_VALIDATED
823973,681911,Alex Vesia,12,7,47,49,188,199,Top,2026-03-28,2026-03-29T01:10:00Z,LAD,AZ,H,Alex Vesia,False,RELIEF_OR_BULK,12,3,3,0,0,0,0,0,0,P,,False,https://statsapi.mlb.com/api/v1.1/game/823973/feed/live,both,True,True,https://raw.githubusercontent.com/lancebroz/mlb-pitcher-data/main/data/raw/2026/daily/2026-03-28.parquet,QA_VALIDATED
823973,694361,Will Klein,15,8,53,56,214,228,Top,2026-03-28,2026-03-29T01:10:00Z,LAD,AZ,H,Will Klein,False,RELIEF_OR_BULK,15,4,3,0,0,1,0,1,0,P,,False,https://statsapi.mlb.com/api/v1.1/game/823973/feed/live,both,True,True,https://raw.githubusercontent.com/lancebroz/mlb-pitcher-data/main/data/raw/2026/daily/2026-03-28.parquet,QA_VALIDATED
824213,608718,Brent Suter,24,7,68,77,282,322,Bot,2026-03-28,2026-03-28T23:10:00Z,LAA,HOU,A,Brent Suter,False,RELIEF_OR_BULK,24,6,6,0,0,0,1,2,0,P,,False,https://statsapi.mlb.com/api/v1.1/game/824213/feed/live,both,True,True,https://raw.githubusercontent.com/lancebroz/mlb-pitcher-data/main/data/raw/2026/daily/2026-03-28.parquet,QA_VALIDATED
824213,650556,Bryan Abreu,26,9,78,83,323,348,Top,2026-03-28,2026-03-28T23:10:00Z,HOU,LAA,H,Bryan Abreu,False,RELIEF_OR_BULK,26,6,3,3,3,1,2,3,1,P,,False,https://statsapi.mlb.com/api/v1.1/game/824213/feed/live,both,True,True,https://raw.githubusercontent.com/lancebroz/mlb-pitcher-data/main/data/raw/2026/daily/2026-03-28.parquet,QA_VALIDATED
824213,664192,Joey Lucchesi,25,6,58,67,238,281,Bot,2026-03-28,2026-03-28T23:10:00Z,LAA,HOU,A,Joey Lucchesi,False,RELIEF_OR_BULK,25,6,1,2,2,3,2,0,0,P,,False,https://statsapi.mlb.com/api/v1.1/game/824213/feed/live,both,True,True,https://raw.githubusercontent.com/lancebroz/mlb-pitcher-data/main/data/raw/2026/daily/2026-03-28.parquet,QA_VALIDATED
824213,664299,Cristian Javier,74,1,0,36,1,155,Top,2026-03-28,2026-03-28T23:10:00Z,HOU,LAA,H,Cristian Javier,True,STARTER,74,21,14,6,6,4,4,1,2,P,,False,https://statsapi.mlb.com/api/v1.1/game/824213/feed/live,both,True,True,https://raw.githubusercontent.com/lancebroz/mlb-pitcher-data/main/data/raw/2026/daily/2026-03-28.parquet,QA_VALIDATED
824213,672282,Reid Detmers,95,1,3,43,12,176,Bot,2026-03-28,2026-03-28T23:10:00Z,LAA,HOU,A,Reid Detmers,True,STARTER,95,21,14,3,3,6,0,9,0,P,,False,https://statsapi.mlb.com/api/v1.1/game/824213/feed/live,both,True,True,https://raw.githubusercontent.com/lancebroz/mlb-pitcher-data/main/data/raw/2026/daily/2026-03-28.parquet,QA_VALIDATED
824213,678906,Kai-Wei Teng,39,5,37,65,156,272,Top,2026-03-28,2026-03-28T23:10:00Z,HOU,LAA,H,Kai-Wei Teng,False,RELIEF_OR_BULK,39,9,7,0,0,1,1,2,0,P,,False,https://statsapi.mlb.com/api/v1.1/game/824213/feed/live,both,True,True,https://raw.githubusercontent.com/lancebroz/mlb-pitcher-data/main/data/raw/2026/daily/2026-03-28.parquet,QA_VALIDATED
824213,687911,Bryan King,17,8,70,73,287,303,Top,2026-03-28,2026-03-28T23:10:00Z,HOU,LAA,H,Bryan King,False,RELIEF_OR_BULK,17,4,3,0,0,0,1,2,0,P,,False,https://statsapi.mlb.com/api/v1.1/game/824213/feed/live,both,True,True,https://raw.githubusercontent.com/lancebroz/mlb-pitcher-data/main/data/raw/2026/daily/2026-03-28.parquet,QA_VALIDATED
824213,700712,Walbert Ureña,48,5,44,57,177,237,Bot,2026-03-28,2026-03-28T23:10:00Z,LAA,HOU,A,Walbert Ureña,False,RELIEF_OR_BULK,48,11,3,6,0,4,2,1,0,P,,False,https://statsapi.mlb.com/api/v1.1/game/824213/feed/live,both,True,True,https://raw.githubusercontent.com/lancebroz/mlb-pitcher-data/main/data/raw/2026/daily/2026-03-28.parquet,QA_VALIDATED
824540,543056,Danny Coulombe,14,6,55,58,206,219,Bot,2026-03-28,2026-03-28T20:10:00Z,BOS,CIN,A,Danny Coulombe,False,RELIEF_OR_BULK,14,4,2,0,0,1,1,1,0,P,,False,https://statsapi.mlb.com/api/v1.1/game/824540/feed/live,both,True,True,https://raw.githubusercontent.com/lancebroz/mlb-pitcher-data/main/data/raw/2026/daily/2026-03-28.parquet,QA_VALIDATED
824540,543243,Sonny Gray,80,1,5,40,17,154,Bot,2026-03-28,2026-03-28T20:10:00Z,BOS,CIN,A,Sonny Gray,True,STARTER,80,20,12,4,3,6,1,5,1,P,,False,https://statsapi.mlb.com/api/v1.1/game/824540/feed/live,both,True,True,https://raw.githubusercontent.com/lancebroz/mlb-pitcher-data/main/data/raw/2026/daily/2026-03-28.parquet,QA_VALIDATED
824540,547973,Aroldis Chapman,9,9,83,85,335,343,Bot,2026-03-28,2026-03-28T20:10:00Z,BOS,CIN,A,Aroldis Chapman,False,RELIEF_OR_BULK,9,3,3,0,0,0,0,1,0,P,,False,https://statsapi.mlb.com/api/v1.1/game/824540/feed/live,both,True,True,https://raw.githubusercontent.com/lancebroz/mlb-pitcher-data/main/data/raw/2026/daily/2026-03-28.parquet,QA_VALIDATED
824540,572955,Pierce Johnson,7,6,51,53,197,203,Top,2026-03-28,2026-03-28T20:10:00Z,CIN,BOS,H,Pierce Johnson,False,RELIEF_OR_BULK,7,3,2,0,0,1,0,0,0,P,,False,https://statsapi.mlb.com/api/v1.1/game/824540/feed/live,both,True,True,https://raw.githubusercontent.com/lancebroz/mlb-pitcher-data/main/data/raw/2026/daily/2026-03-28.parquet,QA_VALIDATED
824540,594580,Sam Moll,15,5,41,44,155,169,Top,2026-03-28,2026-03-28T20:10:00Z,CIN,BOS,H,Sam Moll,False,RELIEF_OR_BULK,15,4,3,0,0,0,0,0,0,P,,False,https://statsapi.mlb.com/api/v1.1/game/824540/feed/live,both,True,True,https://raw.githubusercontent.com/lancebroz/mlb-pitcher-data/main/data/raw/2026/daily/2026-03-28.parquet,QA_VALIDATED
824540,641941,Emilio Pagán,22,8,74,82,294,334,Top,2026-03-28,2026-03-28T20:10:00Z,CIN,BOS,H,Emilio Pagán,False,RELIEF_OR_BULK,22,5,4,1,1,1,0,2,1,P,,False,https://statsapi.mlb.com/api/v1.1/game/824540/feed/live,both,True,True,https://raw.githubusercontent.com/lancebroz/mlb-pitcher-data/main/data/raw/2026/daily/2026-03-28.parquet,QA_VALIDATED
824540,663574,Tony Santillan,25,7,65,73,251,293,Top,2026-03-28,2026-03-28T20:10:00Z,CIN,BOS,H,Tony Santillan,False,RELIEF_OR_BULK,25,5,3,0,0,0,2,3,0,P,,False,https://statsapi.mlb.com/api/v1.1/game/824540/feed/live,both,True,True,https://raw.githubusercontent.com/lancebroz/mlb-pitcher-data/main/data/raw/2026/daily/2026-03-28.parquet,QA_VALIDATED
824540,663903,Brady Singer,74,1,0,36,1,140,Top,2026-03-28,2026-03-28T20:10:00Z,CIN,BOS,H,Brady Singer,True,STARTER,74,20,12,3,3,5,2,5,1,P,,False,https://statsapi.mlb.com/api/v1.1/game/824540/feed/live,both,True,True,https://raw.githubusercontent.com/lancebroz/mlb-pitcher-data/main/data/raw/2026/daily/2026-03-28.parquet,QA_VALIDATED
824540,668933,Graham Ashcraft,19,6,54,64,204,250,Top,2026-03-28,2026-03-28T20:10:00Z,CIN,BOS,H,Graham Ashcraft,False,RELIEF_OR_BULK,19,5,3,1,1,1,1,2,0,P,,False,https://statsapi.mlb.com/api/v1.1/game/824540/feed/live,both,True,True,https://raw.githubusercontent.com/lancebroz/mlb-pitcher-data/main/data/raw/2026/daily/2026-03-28.parquet,QA_VALIDATED
824540,669711,Greg Weissert,27,5,45,50,170,196,Bot,2026-03-28,2026-03-28T20:10:00Z,BOS,CIN,A,Greg Weissert,False,RELIEF_OR_BULK,27,6,3,1,1,2,1,2,1,P,,False,https://statsapi.mlb.com/api/v1.1/game/824540/feed/live,both,True,True,https://raw.githubusercontent.com/lancebroz/mlb-pitcher-data/main/data/raw/2026/daily/2026-03-28.parquet,QA_VALIDATED
824540,670245,Ryan Watson,51,6,59,78,220,316,Bot,2026-03-28,2026-03-28T20:10:00Z,BOS,CIN,A,Ryan Watson,False,RELIEF_OR_BULK,51,10,7,0,0,0,3,1,0,P,,False,https://statsapi.mlb.com/api/v1.1/game/824540/feed/live,both,True,True,https://raw.githubusercontent.com/lancebroz/mlb-pitcher-data/main/data/raw/2026/daily/2026-03-28.parquet,QA_VALIDATED
824540,676477,Garrett Whitlock,6,10,89,91,356,361,Bot,2026-03-28,2026-03-28T20:10:00Z,BOS,CIN,A,Garrett Whitlock,False,RELIEF_OR_BULK,6,3,3,0,0,0,0,1,0,P,,False,https://statsapi.mlb.com/api/v1.1/game/824540/feed/live,both,True,True,https://raw.githubusercontent.com/lancebroz/mlb-pitcher-data/main/data/raw/2026/daily/2026-03-28.parquet,QA_VALIDATED
824540,683175,Connor Phillips,23,10,86,93,344,372,Top,2026-03-28,2026-03-28T20:10:00Z,CIN,BOS,H,Connor Phillips,False,RELIEF_OR_BULK,23,5,6,0,0,0,0,3,0,P,,False,https://statsapi.mlb.com/api/v1.1/game/824540/feed/live,both,True,True,https://raw.githubusercontent.com/lancebroz/mlb-pitcher-data/main/data/raw/2026/daily/2026-03-28.parquet,QA_VALIDATED
824540,686580,Justin Slaten,11,11,94,96,373,383,Bot,2026-03-28,2026-03-28T20:10:00Z,BOS,CIN,A,Justin Slaten,False,RELIEF_OR_BULK,11,3,1,1,0,1,1,1,0,P,,False,https://statsapi.mlb.com/api/v1.1/game/824540/feed/live,both,True,True,https://raw.githubusercontent.com/lancebroz/mlb-pitcher-data/main/data/raw/2026/daily/2026-03-28.parquet,QA_VALIDATED
824701,571945,Miles Mikolas,97,1,3,41,9,158,Bot,2026-03-28,2026-03-28T18:20:00Z,WSH,CHC,A,Miles Mikolas,True,STARTER,97,25,15,6,4,6,3,4,1,P,,False,https://statsapi.mlb.com/api/v1.1/game/824701/feed/live,both,True,True,https://raw.githubusercontent.com/lancebroz/mlb-pitcher-data/main/data/raw/2026/daily/2026-03-28.parquet,QA_VALIDATED
824701,573204,Caleb Thielbar,16,8,62,65,232,247,Top,2026-03-28,2026-03-28T18:20:00Z,CHC,WSH,H,Caleb Thielbar,False,RELIEF_OR_BULK,16,4,3,0,0,0,1,1,0,P,,False,https://statsapi.mlb.com/api/v1.1/game/824701/feed/live,both,True,True,https://raw.githubusercontent.com/lancebroz/mlb-pitcher-data/main/data/raw/2026/daily/2026-03-28.parquet,QA_VALIDATED
824701,657097,Jacob Webb,16,9,69,72,259,274,Top,2026-03-28,2026-03-28T18:20:00Z,CHC,WSH,H,Jacob Webb,False,RELIEF_OR_BULK,16,4,3,0,0,0,2,0,0,P,,False,https://statsapi.mlb.com/api/v1.1/game/824701/feed/live,both,True,True,https://raw.githubusercontent.com/lancebroz/mlb-pitcher-data/main/data/raw/2026/daily/2026-03-28.parquet,QA_VALIDATED
824701,664208,Phil Maton,9,7,57,58,210,218,Top,2026-03-28,2026-03-28T18:20:00Z,CHC,WSH,H,Phil Maton,False,RELIEF_OR_BULK,9,2,2,0,0,0,0,1,0,P,,False,https://statsapi.mlb.com/api/v1.1/game/824701/feed/live,both,True,True,https://raw.githubusercontent.com/lancebroz/mlb-pitcher-data/main/data/raw/2026/daily/2026-03-28.parquet,QA_VALIDATED
824701,669371,Cole Henry,11,8,66,68,248,258,Bot,2026-03-28,2026-03-28T18:20:00Z,WSH,CHC,A,Cole Henry,False,RELIEF_OR_BULK,11,3,3,0,0,0,0,1,0,P,,False,https://statsapi.mlb.com/api/v1.1/game/824701/feed/live,both,True,True,https://raw.githubusercontent.com/lancebroz/mlb-pitcher-data/main/data/raw/2026/daily/2026-03-28.parquet,QA_VALIDATED
824701,686610,Ken Waldichuk,32,6,49,61,188,231,Bot,2026-03-28,2026-03-28T18:20:00Z,WSH,CHC,A,Ken Waldichuk,False,RELIEF_OR_BULK,32,9,4,2,2,3,2,2,1,P,,False,https://statsapi.mlb.com/api/v1.1/game/824701/feed/live,both,True,True,https://raw.githubusercontent.com/lancebroz/mlb-pitcher-data/main/data/raw/2026/daily/2026-03-28.parquet,QA_VALIDATED
824701,690990,Cade Horton,75,1,0,56,1,209,Top,2026-03-28,2026-03-28T18:20:00Z,CHC,WSH,H,Cade Horton,True,STARTER,75,22,19,2,2,4,1,4,1,P,,False,https://statsapi.mlb.com/api/v1.1/game/824701/feed/live,both,True,True,https://raw.githubusercontent.com/lancebroz/mlb-pitcher-data/main/data/raw/2026/daily/2026-03-28.parquet,QA_VALIDATED
824701,701552,Andre Granillo,18,6,45,48,170,187,Bot,2026-03-28,2026-03-28T18:20:00Z,WSH,CHC,A,Andre Granillo,False,RELIEF_OR_BULK,18,4,2,2,2,1,1,0,0,P,,False,https://statsapi.mlb.com/api/v1.1/game/824701/feed/live,both,True,True,https://raw.githubusercontent.com/lancebroz/mlb-pitcher-data/main/data/raw/2026/daily/2026-03-28.parquet,QA_VALIDATED
824862,607455,Anthony Banda,15,5,40,43,184,198,Bot,2026-03-28,2026-03-28T20:05:00Z,MIN,BAL,A,Anthony Banda,False,RELIEF_OR_BULK,15,4,2,0,0,0,1,2,0,P,,False,https://statsapi.mlb.com/api/v1.1/game/824862/feed/live,both,True,True,https://raw.githubusercontent.com/lancebroz/mlb-pitcher-data/main/data/raw/2026/daily/2026-03-28.parquet,QA_VALIDATED
824862,608650,Dietrich Enns,33,6,44,56,199,255,Top,2026-03-28,2026-03-28T20:05:00Z,BAL,MIN,H,Dietrich Enns,False,RELIEF_OR_BULK,33,7,5,1,1,1,1,1,0,P,,False,https://statsapi.mlb.com/api/v1.1/game/824862/feed/live,both,True,True,https://raw.githubusercontent.com/lancebroz/mlb-pitcher-data/main/data/raw/2026/daily/2026-03-28.parquet,QA_VALIDATED
824862,623437,Justin Topa,12,8,64,66,279,290,Bot,2026-03-28,2026-03-28T20:05:00Z,MIN,BAL,A,Justin Topa,False,RELIEF_OR_BULK,12,3,3,0,0,0,0,1,0,P,,False,https://statsapi.mlb.com/api/v1.1/game/824862/feed/live,both,True,True,https://raw.githubusercontent.com/lancebroz/mlb-pitcher-data/main/data/raw/2026/daily/2026-03-28.parquet,QA_VALIDATED
824862,663485,Cole Sands,16,9,70,73,303,318,Bot,2026-03-28,2026-03-28T20:05:00Z,MIN,BAL,A,Cole Sands,False,RELIEF_OR_BULK,16,4,3,0,0,0,1,2,0,P,,False,https://statsapi.mlb.com/api/v1.1/game/824862/feed/live,both,True,True,https://raw.githubusercontent.com/lancebroz/mlb-pitcher-data/main/data/raw/2026/daily/2026-03-28.parquet,QA_VALIDATED
824862,666974,Yennier Cano,8,5,37,38,170,177,Top,2026-03-28,2026-03-28T20:05:00Z,BAL,MIN,H,Yennier Cano,False,RELIEF_OR_BULK,8,2,1,0,0,1,0,1,0,P,,False,https://statsapi.mlb.com/api/v1.1/game/824862/feed/live,both,True,True,https://raw.githubusercontent.com/lancebroz/mlb-pitcher-data/main/data/raw/2026/daily/2026-03-28.parquet,QA_VALIDATED
824862,671737,Taj Bradley,92,1,3,39,11,183,Bot,2026-03-28,2026-03-28T20:05:00Z,MIN,BAL,A,Taj Bradley,True,STARTER,92,19,13,1,1,3,3,9,0,P,,False,https://statsapi.mlb.com/api/v1.1/game/824862/feed/live,both,True,True,https://raw.githubusercontent.com/lancebroz/mlb-pitcher-data/main/data/raw/2026/daily/2026-03-28.parquet,QA_VALIDATED
824862,679358,Eric Orze,21,6,51,60,224,268,Bot,2026-03-28,2026-03-28T20:05:00Z,MIN,BAL,A,Eric Orze,False,RELIEF_OR_BULK,21,5,4,0,0,0,1,0,0,P,,False,https://statsapi.mlb.com/api/v1.1/game/824862/feed/live,both,True,True,https://raw.githubusercontent.com/lancebroz/mlb-pitcher-data/main/data/raw/2026/daily/2026-03-28.parquet,QA_VALIDATED
824862,680694,Kyle Bradish,83,1,0,36,1,169,Top,2026-03-28,2026-03-28T20:05:00Z,BAL,MIN,H,Kyle Bradish,True,STARTER,83,19,14,3,2,2,3,4,1,P,,False,https://statsapi.mlb.com/api/v1.1/game/824862/feed/live,both,True,True,https://raw.githubusercontent.com/lancebroz/mlb-pitcher-data/main/data/raw/2026/daily/2026-03-28.parquet,QA_VALIDATED
824862,681892,Kody Funderburk,13,6,47,50,211,223,Bot,2026-03-28,2026-03-28T20:05:00Z,MIN,BAL,A,Kody Funderburk,False,RELIEF_OR_BULK,13,4,2,0,0,2,0,2,0,P,,False,https://statsapi.mlb.com/api/v1.1/game/824862/feed/live,both,True,True,https://raw.githubusercontent.com/lancebroz/mlb-pitcher-data/main/data/raw/2026/daily/2026-03-28.parquet,QA_VALIDATED
824862,682274,Yaramil Hiraldo,3,7,57,57,256,258,Top,2026-03-28,2026-03-28T20:05:00Z,BAL,MIN,H,Yaramil Hiraldo,False,RELIEF_OR_BULK,3,1,1,0,0,0,0,1,0,P,,False,https://statsapi.mlb.com/api/v1.1/game/824862/feed/live,both,True,True,https://raw.githubusercontent.com/lancebroz/mlb-pitcher-data/main/data/raw/2026/daily/2026-03-28.parquet,QA_VALIDATED
824862,689296,Anthony Nunez,22,8,61,69,269,302,Top,2026-03-28,2026-03-28T20:05:00Z,BAL,MIN,H,Anthony Nunez,False,RELIEF_OR_BULK,22,6,6,0,0,0,0,3,0,P,,False,https://statsapi.mlb.com/api/v1.1/game/824862/feed/live,both,True,True,https://raw.githubusercontent.com/lancebroz/mlb-pitcher-data/main/data/raw/2026/daily/2026-03-28.parquet,QA_VALIDATED
824945,606303,Joel Payamps,15,8,50,52,189,203,Top,2026-03-28,2026-03-28T23:15:00Z,ATL,KC,H,Joel Payamps,False,RELIEF_OR_BULK,15,3,1,1,0,1,1,0,0,P,,False,https://statsapi.mlb.com/api/v1.1/game/824945/feed/live,both,True,True,https://raw.githubusercontent.com/lancebroz/mlb-pitcher-data/main/data/raw/2026/daily/2026-03-28.parquet,QA_VALIDATED
824945,607481,Aaron Bummer,12,8,53,55,204,215,Top,2026-03-28,2026-03-28T23:15:00Z,ATL,KC,H,Aaron Bummer,False,RELIEF_OR_BULK,12,3,2,0,0,0,0,0,0,P,,False,https://statsapi.mlb.com/api/v1.1/game/824945/feed/live,both,True,True,https://raw.githubusercontent.com/lancebroz/mlb-pitcher-data/main/data/raw/2026/daily/2026-03-28.parquet,QA_VALIDATED
824945,608032,Carlos Estévez,27,9,63,69,244,270,Bot,2026-03-28,2026-03-28T23:15:00Z,KC,ATL,A,Carlos Estévez,False,RELIEF_OR_BULK,27,7,1,6,6,4,2,0,1,P,601,True,https://statsapi.mlb.com/api/v1.1/game/824945/feed/live,both,True,True,https://raw.githubusercontent.com/lancebroz/mlb-pitcher-data/main/data/raw/2026/daily/2026-03-28.parquet,QA_VALIDATED
824945,608379,Michael Wacha,80,1,3,40,13,156,Bot,2026-03-28,2026-03-28T23:15:00Z,KC,ATL,A,Michael Wacha,True,STARTER,80,20,18,0,0,3,1,7,0,P,,False,https://statsapi.mlb.com/api/v1.1/game/824945/feed/live,both,True,True,https://raw.githubusercontent.com/lancebroz/mlb-pitcher-data/main/data/raw/2026/daily/2026-03-28.parquet,QA_VALIDATED
824945,621381,Matt Strahm,13,7,46,49,176,188,Bot,2026-03-28,2026-03-28T23:15:00Z,KC,ATL,A,Matt Strahm,False,RELIEF_OR_BULK,13,4,3,0,0,1,0,1,0,P,,False,https://statsapi.mlb.com/api/v1.1/game/824945/feed/live,both,True,True,https://raw.githubusercontent.com/lancebroz/mlb-pitcher-data/main/data/raw/2026/daily/2026-03-28.parquet,QA_VALIDATED
824945,625643,Reynaldo López,77,1,0,41,1,157,Top,2026-03-28,2026-03-28T23:15:00Z,ATL,KC,H,Reynaldo López,True,STARTER,77,22,18,1,1,3,2,3,1,P,,False,https://statsapi.mlb.com/api/v1.1/game/824945/feed/live,both,True,True,https://raw.githubusercontent.com/lancebroz/mlb-pitcher-data/main/data/raw/2026/daily/2026-03-28.parquet,QA_VALIDATED
824945,668674,Lucas Erceg,12,8,56,59,216,227,Bot,2026-03-28,2026-03-28T23:15:00Z,KC,ATL,A,Lucas Erceg,False,RELIEF_OR_BULK,12,4,3,0,0,1,1,0,0,P,,False,https://statsapi.mlb.com/api/v1.1/game/824945/feed/live,both,True,True,https://raw.githubusercontent.com/lancebroz/mlb-pitcher-data/main/data/raw/2026/daily/2026-03-28.parquet,QA_VALIDATED
824945,669276,Dylan Lee,18,7,42,45,158,175,Top,2026-03-28,2026-03-28T23:15:00Z,ATL,KC,H,Dylan Lee,False,RELIEF_OR_BULK,18,4,3,0,0,1,0,2,0,P,,False,https://statsapi.mlb.com/api/v1.1/game/824945/feed/live,both,True,True,https://raw.githubusercontent.com/lancebroz/mlb-pitcher-data/main/data/raw/2026/daily/2026-03-28.parquet,QA_VALIDATED
824945,674370,Osvaldo Bido,16,9,60,62,228,243,Top,2026-03-28,2026-03-28T23:15:00Z,ATL,KC,H,Osvaldo Bido,False,RELIEF_OR_BULK,16,3,3,0,0,0,0,3,0,P,,False,https://statsapi.mlb.com/api/v1.1/game/824945/feed/live,both,True,True,https://raw.githubusercontent.com/lancebroz/mlb-pitcher-data/main/data/raw/2026/daily/2026-03-28.parquet,QA_VALIDATED
822837,641778,Eric Lauer,87,1,0,42,1,172,Top,2026-03-29,2026-03-29T17:37:00Z,TOR,ATH,H,Eric Lauer,True,STARTER,87,20,16,2,2,3,1,9,1,P,,False,https://statsapi.mlb.com/api/v1.1/game/822837/feed/live,both,True,True,https://raw.githubusercontent.com/lancebroz/mlb-pitcher-data/main/data/raw/2026/daily/2026-03-29.parquet,QA_VALIDATED
822837,656546,Jeff Hoffman,10,9,61,64,240,249,Top,2026-03-29,2026-03-29T17:37:00Z,TOR,ATH,H,Jeff Hoffman,False,RELIEF_OR_BULK,10,4,3,0,0,1,0,2,0,P,,False,https://statsapi.mlb.com/api/v1.1/game/822837/feed/live,both,True,True,https://raw.githubusercontent.com/lancebroz/mlb-pitcher-data/main/data/raw/2026/daily/2026-03-29.parquet,QA_VALIDATED
822837,667297,Tommy Nance,9,8,54,56,216,224,Top,2026-03-29,2026-03-29T17:37:00Z,TOR,ATH,H,Tommy Nance,False,RELIEF_OR_BULK,9,3,2,0,0,1,0,1,0,P,,False,https://statsapi.mlb.com/api/v1.1/game/822837/feed/live,both,True,True,https://raw.githubusercontent.com/lancebroz/mlb-pitcher-data/main/data/raw/2026/daily/2026-03-29.parquet,QA_VALIDATED
822837,669372,J.T. Ginn,45,5,38,60,151,239,Bot,2026-03-29,2026-03-29T17:37:00Z,ATH,TOR,A,J.T. Ginn,False,RELIEF_OR_BULK,45,12,11,0,0,1,1,2,0,P,802,True,https://statsapi.mlb.com/api/v1.1/game/822837/feed/live,both,True,True,https://raw.githubusercontent.com/lancebroz/mlb-pitcher-data/main/data/raw/2026/daily/2026-03-29.parquet,QA_VALIDATED
822837,680755,Braydon Fisher,22,6,43,50,173,203,Top,2026-03-29,2026-03-29T17:37:00Z,TOR,ATH,H,Braydon Fisher,False,RELIEF_OR_BULK,22,5,5,0,0,0,0,2,0,P,,False,https://statsapi.mlb.com/api/v1.1/game/822837/feed/live,both,True,True,https://raw.githubusercontent.com/lancebroz/mlb-pitcher-data/main/data/raw/2026/daily/2026-03-29.parquet,QA_VALIDATED
822837,689254,Mason Fluharty,5,8,57,57,225,229,Top,2026-03-29,2026-03-29T17:37:00Z,TOR,ATH,H,Mason Fluharty,False,RELIEF_OR_BULK,5,1,1,0,0,0,0,1,0,P,,False,https://statsapi.mlb.com/api/v1.1/game/822837/feed/live,both,True,True,https://raw.githubusercontent.com/lancebroz/mlb-pitcher-data/main/data/raw/2026/daily/2026-03-29.parquet,QA_VALIDATED
822837,806960,Luis Morales,71,1,3,37,14,150,Bot,2026-03-29,2026-03-29T17:37:00Z,ATH,TOR,A,Luis Morales,True,STARTER,71,20,13,5,5,5,2,5,3,P,,False,https://statsapi.mlb.com/api/v1.1/game/822837/feed/live,both,True,True,https://raw.githubusercontent.com/lancebroz/mlb-pitcher-data/main/data/raw/2026/daily/2026-03-29.parquet,QA_VALIDATED
823079,571927,Steven Matz,81,1,4,47,14,160,Bot,2026-03-29,2026-03-29T18:15:00Z,TB,STL,A,Steven Matz,True,STARTER,81,21,15,4,4,6,1,2,1,P,,False,https://statsapi.mlb.com/api/v1.1/game/823079/feed/live,both,True,True,https://raw.githubusercontent.com/lancebroz/mlb-pitcher-data/main/data/raw/2026/daily/2026-03-29.parquet,QA_VALIDATED
823079,641329,Bryan Baker,10,9,86,88,301,310,Bot,2026-03-29,2026-03-29T18:15:00Z,TB,STL,A,Bryan Baker,False,RELIEF_OR_BULK,10,3,3,0,0,0,0,0,0,P,,False,https://statsapi.mlb.com/api/v1.1/game/823079/feed/live,both,True,True,https://raw.githubusercontent.com/lancebroz/mlb-pitcher-data/main/data/raw/2026/daily/2026-03-29.parquet,QA_VALIDATED
823079,664076,Garrett Cleavinger,23,7,59,64,194,216,Bot,2026-03-29,2026-03-29T18:15:00Z,TB,STL,A,Garrett Cleavinger,False,RELIEF_OR_BULK,23,6,3,0,0,1,2,1,0,P,,False,https://statsapi.mlb.com/api/v1.1/game/823079/feed/live,both,True,True,https://raw.githubusercontent.com/lancebroz/mlb-pitcher-data/main/data/raw/2026/daily/2026-03-29.parquet,QA_VALIDATED
823079,666277,George Soriano,12,7,56,58,182,193,Top,2026-03-29,2026-03-29T18:15:00Z,STL,TB,H,George Soriano,False,RELIEF_OR_BULK,12,3,3,0,0,0,0,0,0,P,,False,https://statsapi.mlb.com/api/v1.1/game/823079/feed/live,both,True,True,https://raw.githubusercontent.com/lancebroz/mlb-pitcher-data/main/data/raw/2026/daily/2026-03-29.parquet,QA_VALIDATED
823079,669160,Dustin May,61,1,0,33,1,96,Top,2026-03-29,2026-03-29T18:15:00Z,STL,TB,H,Dustin May,True,STARTER,61,22,12,6,6,10,1,3,0,P,,False,https://statsapi.mlb.com/api/v1.1/game/823079/feed/live,both,True,True,https://raw.githubusercontent.com/lancebroz/mlb-pitcher-data/main/data/raw/2026/daily/2026-03-29.parquet,QA_VALIDATED
823079,669438,Mason Englert,24,8,72,77,248,271,Bot,2026-03-29,2026-03-29T18:15:00Z,TB,STL,A,Mason Englert,False,RELIEF_OR_BULK,24,6,3,3,3,3,0,1,2,P,,False,https://statsapi.mlb.com/api/v1.1/game/823079/feed/live,both,True,True,https://raw.githubusercontent.com/lancebroz/mlb-pitcher-data/main/data/raw/2026/daily/2026-03-29.parquet,QA_VALIDATED
823079,677865,Justin Bruihl,29,5,40,51,125,171,Top,2026-03-29,2026-03-29T18:15:00Z,STL,TB,H,Justin Bruihl,False,RELIEF_OR_BULK,29,8,6,0,0,1,1,2,0,P,,False,https://statsapi.mlb.com/api/v1.1/game/823079/feed/live,both,True,True,https://raw.githubusercontent.com/lancebroz/mlb-pitcher-data/main/data/raw/2026/daily/2026-03-29.parquet,QA_VALIDATED
823079,687330,Kevin Kelly,10,6,52,55,172,181,Bot,2026-03-29,2026-03-29T18:15:00Z,TB,STL,A,Kevin Kelly,False,RELIEF_OR_BULK,10,4,3,0,0,1,0,1,0,P,,False,https://statsapi.mlb.com/api/v1.1/game/823079/feed/live,both,True,True,https://raw.githubusercontent.com/lancebroz/mlb-pitcher-data/main/data/raw/2026/daily/2026-03-29.parquet,QA_VALIDATED
823079,688297,Chris Roycroft,29,9,78,85,272,300,Top,2026-03-29,2026-03-29T18:15:00Z,STL,TB,H,Chris Roycroft,False,RELIEF_OR_BULK,29,8,3,2,2,3,1,0,0,P,,False,https://statsapi.mlb.com/api/v1.1/game/823079/feed/live,both,True,True,https://raw.githubusercontent.com/lancebroz/mlb-pitcher-data/main/data/raw/2026/daily/2026-03-29.parquet,QA_VALIDATED
823079,690155,Matt Pushard,31,8,65,71,217,247,Top,2026-03-29,2026-03-29T18:15:00Z,STL,TB,H,Matt Pushard,False,RELIEF_OR_BULK,31,7,3,3,3,3,1,1,0,P,,False,https://statsapi.mlb.com/api/v1.1/game/823079/feed/live,both,True,True,https://raw.githubusercontent.com/lancebroz/mlb-pitcher-data/main/data/raw/2026/daily/2026-03-29.parquet,QA_VALIDATED
823160,670059,Colin Holderman,35,7,55,67,236,295,Bot,2026-03-29,2026-03-29T23:20:00Z,CLE,SEA,A,Colin Holderman,False,RELIEF_OR_BULK,35,9,6,1,0,1,1,2,0,P,,False,https://statsapi.mlb.com/api/v1.1/game/823160/feed/live,both,True,True,https://raw.githubusercontent.com/lancebroz/mlb-pitcher-data/main/data/raw/2026/daily/2026-03-29.parquet,QA_VALIDATED
823160,676106,Emerson Hancock,97,1,0,45,1,201,Top,2026-03-29,2026-03-29T23:20:00Z,SEA,CLE,H,Emerson Hancock,True,STARTER,97,19,18,0,0,0,1,9,0,P,,False,https://statsapi.mlb.com/api/v1.1/game/823160/feed/live,both,True,True,https://raw.githubusercontent.com/lancebroz/mlb-pitcher-data/main/data/raw/2026/daily/2026-03-29.parquet,QA_VALIDATED
823160,677944,Slade Cecconi,93,1,4,39,23,176,Bot,2026-03-29,2026-03-29T23:20:00Z,CLE,SEA,A,Slade Cecconi,True,STARTER,93,24,13,6,6,6,3,5,1,P,,False,https://statsapi.mlb.com/api/v1.1/game/823160/feed/live,both,True,True,https://raw.githubusercontent.com/lancebroz/mlb-pitcher-data/main/data/raw/2026/daily/2026-03-29.parquet,QA_VALIDATED
823160,681867,Cooper Criswell,44,7,52,70,229,307,Top,2026-03-29,2026-03-29T23:20:00Z,SEA,CLE,H,Cooper Criswell,False,RELIEF_OR_BULK,44,10,9,0,0,2,0,5,0,P,,False,https://statsapi.mlb.com/api/v1.1/game/823160/feed/live,both,True,True,https://raw.githubusercontent.com/lancebroz/mlb-pitcher-data/main/data/raw/2026/daily/2026-03-29.parquet,QA_VALIDATED
823160,688883,Peyton Pallette,38,5,40,51,177,228,Bot,2026-03-29,2026-03-29T23:20:00Z,CLE,SEA,A,Peyton Pallette,False,RELIEF_OR_BULK,38,9,5,1,1,2,1,1,0,P,,False,https://statsapi.mlb.com/api/v1.1/game/823160/feed/live,both,True,True,https://raw.githubusercontent.com/lancebroz/mlb-pitcher-data/main/data/raw/2026/daily/2026-03-29.parquet,QA_VALIDATED
823487,455119,Chris Martin,3,8,67,67,285,287,Bot,2026-03-29,2026-03-29T17:35:00Z,TEX,PHI,A,Chris Martin,False,RELIEF_OR_BULK,3,1,1,0,0,0,0,0,0,P,,False,https://statsapi.mlb.com/api/v1.1/game/823487/feed/live,both,True,True,https://raw.githubusercontent.com/lancebroz/mlb-pitcher-data/main/data/raw/2026/daily/2026-03-29.parquet,QA_VALIDATED
823487,641745,Brad Keller,16,8,59,61,244,259,Top,2026-03-29,2026-03-29T17:35:00Z,PHI,TEX,H,Brad Keller,False,RELIEF_OR_BULK,16,3,3,0,0,0,0,1,0,P,,False,https://statsapi.mlb.com/api/v1.1/game/823487/feed/live,both,True,True,https://raw.githubusercontent.com/lancebroz/mlb-pitcher-data/main/data/raw/2026/daily/2026-03-29.parquet,QA_VALIDATED
823487,647315,Zach Pop,25,7,49,54,201,225,Top,2026-03-29,2026-03-29T17:35:00Z,PHI,TEX,H,Zach Pop,False,RELIEF_OR_BULK,25,6,3,2,2,1,1,1,0,P,,False,https://statsapi.mlb.com/api/v1.1/game/823487/feed/live,both,True,True,https://raw.githubusercontent.com/lancebroz/mlb-pitcher-data/main/data/raw/2026/daily/2026-03-29.parquet,QA_VALIDATED
823487,666200,Jesús Luzardo,99,1,0,41,1,173,Top,2026-03-29,2026-03-29T17:35:00Z,PHI,TEX,H,Jesús Luzardo,True,STARTER,99,25,18,6,6,6,1,7,2,P,,False,https://statsapi.mlb.com/api/v1.1/game/823487/feed/live,both,True,True,https://raw.githubusercontent.com/lancebroz/mlb-pitcher-data/main/data/raw/2026/daily/2026-03-29.parquet,QA_VALIDATED
823487,668390,Cole Winn,11,6,47,48,190,200,Bot,2026-03-29,2026-03-29T17:35:00Z,TEX,PHI,A,Cole Winn,False,RELIEF_OR_BULK,11,2,2,0,0,0,0,0,0,P,,False,https://statsapi.mlb.com/api/v1.1/game/823487/feed/live,both,True,True,https://raw.githubusercontent.com/lancebroz/mlb-pitcher-data/main/data/raw/2026/daily/2026-03-29.parquet,QA_VALIDATED
823487,669022,MacKenzie Gore,90,1,3,46,12,189,Bot,2026-03-29,2026-03-29T17:35:00Z,TEX,PHI,A,MacKenzie Gore,True,STARTER,90,22,16,2,2,2,3,7,0,P,,False,https://statsapi.mlb.com/api/v1.1/game/823487/feed/live,both,True,True,https://raw.githubusercontent.com/lancebroz/mlb-pitcher-data/main/data/raw/2026/daily/2026-03-29.parquet,QA_VALIDATED
823487,676395,Robert Garcia,14,9,73,75,309,322,Bot,2026-03-29,2026-03-29T17:35:00Z,TEX,PHI,A,Robert Garcia,False,RELIEF_OR_BULK,14,3,3,0,0,0,1,1,0,P,,False,https://statsapi.mlb.com/api/v1.1/game/823487/feed/live,both,True,True,https://raw.githubusercontent.com/lancebroz/mlb-pitcher-data/main/data/raw/2026/daily/2026-03-29.parquet,QA_VALIDATED
823487,679775,Kyle Backhus,21,9,68,72,288,308,Top,2026-03-29,2026-03-29T17:35:00Z,PHI,TEX,H,Kyle Backhus,False,RELIEF_OR_BULK,21,5,3,0,0,1,1,1,0,P,,False,https://statsapi.mlb.com/api/v1.1/game/823487/feed/live,both,True,True,https://raw.githubusercontent.com/lancebroz/mlb-pitcher-data/main/data/raw/2026/daily/2026-03-29.parquet,QA_VALIDATED
823487,691945,Carter Baumler,43,7,55,66,226,284,Bot,2026-03-29,2026-03-29T17:35:00Z,TEX,PHI,A,Carter Baumler,False,RELIEF_OR_BULK,43,9,5,1,1,1,4,2,0,P,,False,https://statsapi.mlb.com/api/v1.1/game/823487/feed/live,both,True,True,https://raw.githubusercontent.com/lancebroz/mlb-pitcher-data/main/data/raw/2026/daily/2026-03-29.parquet,QA_VALIDATED
823647,596133,Luke Weaver,22,9,67,71,268,289,Top,2026-03-29,2026-03-29T17:40:00Z,NYM,PIT,H,Luke Weaver,False,RELIEF_OR_BULK,22,5,3,0,0,0,2,1,0,P,,False,https://statsapi.mlb.com/api/v1.1/game/823647/feed/live,both,True,True,https://raw.githubusercontent.com/lancebroz/mlb-pitcher-data/main/data/raw/2026/daily/2026-03-29.parquet,QA_VALIDATED
823647,623211,Huascar Brazobán,14,6,44,51,178,205,Top,2026-03-29,2026-03-29T17:40:00Z,NYM,PIT,H,Huascar Brazobán,False,RELIEF_OR_BULK,14,5,5,0,0,0,0,0,0,P,,False,https://statsapi.mlb.com/api/v1.1/game/823647/feed/live,both,True,True,https://raw.githubusercontent.com/lancebroz/mlb-pitcher-data/main/data/raw/2026/daily/2026-03-29.parquet,QA_VALIDATED
823647,640455,Sean Manaea,29,7,52,63,206,254,Top,2026-03-29,2026-03-29T17:40:00Z,NYM,PIT,H,Sean Manaea,False,RELIEF_OR_BULK,29,7,4,0,0,1,2,2,0,P,,False,https://statsapi.mlb.com/api/v1.1/game/823647/feed/live,both,True,True,https://raw.githubusercontent.com/lancebroz/mlb-pitcher-data/main/data/raw/2026/daily/2026-03-29.parquet,QA_VALIDATED
823647,642701,Dennis Santana,13,9,72,74,290,302,Bot,2026-03-29,2026-03-29T17:40:00Z,PIT,NYM,A,Dennis Santana,False,RELIEF_OR_BULK,13,3,3,0,0,0,0,1,0,P,,False,https://statsapi.mlb.com/api/v1.1/game/823647/feed/live,both,True,True,https://raw.githubusercontent.com/lancebroz/mlb-pitcher-data/main/data/raw/2026/daily/2026-03-29.parquet,QA_VALIDATED
823647,663992,Richard Lovelady,26,10,75,80,303,328,Top,2026-03-29,2026-03-29T17:40:00Z,NYM,PIT,H,Richard Lovelady,False,RELIEF_OR_BULK,26,6,3,2,1,2,2,1,0,P,,False,https://statsapi.mlb.com/api/v1.1/game/823647/feed/live,both,True,True,https://raw.githubusercontent.com/lancebroz/mlb-pitcher-data/main/data/raw/2026/daily/2026-03-29.parquet,QA_VALIDATED
823647,664353,José Urquidy,11,10,81,84,329,339,Bot,2026-03-29,2026-03-29T17:40:00Z,PIT,NYM,A,José Urquidy,False,RELIEF_OR_BULK,11,4,3,1,0,1,1,0,0,P,,False,https://statsapi.mlb.com/api/v1.1/game/823647/feed/live,both,True,True,https://raw.githubusercontent.com/lancebroz/mlb-pitcher-data/main/data/raw/2026/daily/2026-03-29.parquet,QA_VALIDATED
823647,669387,Carmen Mlodzinski,85,1,6,41,25,169,Bot,2026-03-29,2026-03-29T17:40:00Z,PIT,NYM,A,Carmen Mlodzinski,True,STARTER,85,20,13,2,2,6,0,8,0,P,,False,https://statsapi.mlb.com/api/v1.1/game/823647/feed/live,both,True,True,https://raw.githubusercontent.com/lancebroz/mlb-pitcher-data/main/data/raw/2026/daily/2026-03-29.parquet,QA_VALIDATED
823647,670990,Yohan Ramírez,22,5,42,49,170,196,Bot,2026-03-29,2026-03-29T17:40:00Z,PIT,NYM,A,Yohan Ramírez,False,RELIEF_OR_BULK,22,5,5,0,0,0,1,2,0,P,,False,https://statsapi.mlb.com/api/v1.1/game/823647/feed/live,both,True,True,https://raw.githubusercontent.com/lancebroz/mlb-pitcher-data/main/data/raw/2026/daily/2026-03-29.parquet,QA_VALIDATED
823647,676755,Isaac Mattson,13,8,64,66,255,267,Bot,2026-03-29,2026-03-29T17:40:00Z,PIT,NYM,A,Isaac Mattson,False,RELIEF_OR_BULK,13,3,3,0,0,0,0,2,0,P,,False,https://statsapi.mlb.com/api/v1.1/game/823647/feed/live,both,True,True,https://raw.githubusercontent.com/lancebroz/mlb-pitcher-data/main/data/raw/2026/daily/2026-03-29.parquet,QA_VALIDATED
823647,682254,Mason Montgomery,20,7,54,58,214,233,Bot,2026-03-29,2026-03-29T17:40:00Z,PIT,NYM,A,Mason Montgomery,False,RELIEF_OR_BULK,20,5,3,0,0,2,0,3,0,P,,False,https://statsapi.mlb.com/api/v1.1/game/823647/feed/live,both,True,True,https://raw.githubusercontent.com/lancebroz/mlb-pitcher-data/main/data/raw/2026/daily/2026-03-29.parquet,QA_VALIDATED
823647,690997,Nolan McLean,84,1,0,38,1,160,Top,2026-03-29,2026-03-29T17:40:00Z,NYM,PIT,H,Nolan McLean,True,STARTER,84,22,15,2,2,4,2,8,1,P,,False,https://statsapi.mlb.com/api/v1.1/game/823647/feed/live,both,True,True,https://raw.githubusercontent.com/lancebroz/mlb-pitcher-data/main/data/raw/2026/daily/2026-03-29.parquet,QA_VALIDATED
823810,622554,Seranthony Domínguez,19,8,72,75,312,330,Bot,2026-03-29,2026-03-29T18:10:00Z,CWS,MIL,A,Seranthony Domínguez,False,RELIEF_OR_BULK,19,4,1,2,2,2,1,0,1,P,,False,https://statsapi.mlb.com/api/v1.1/game/823810/feed/live,both,True,True,https://raw.githubusercontent.com/lancebroz/mlb-pitcher-data/main/data/raw/2026/daily/2026-03-29.parquet,QA_VALIDATED
823810,641743,Anthony Kay,92,1,8,46,40,209,Bot,2026-03-29,2026-03-29T18:10:00Z,CWS,MIL,A,Anthony Kay,True,STARTER,92,21,14,2,2,3,4,5,1,P,,False,https://statsapi.mlb.com/api/v1.1/game/823810/feed/live,both,True,True,https://raw.githubusercontent.com/lancebroz/mlb-pitcher-data/main/data/raw/2026/daily/2026-03-29.parquet,QA_VALIDATED
823810,656730,Trevor Megill,15,9,77,80,334,348,Top,2026-03-29,2026-03-29T18:10:00Z,MIL,CWS,H,Trevor Megill,False,RELIEF_OR_BULK,15,4,3,0,0,1,0,2,0,P,402,True,https://statsapi.mlb.com/api/v1.1/game/823810/feed/live,both,True,True,https://raw.githubusercontent.com/lancebroz/mlb-pitcher-data/main/data/raw/2026/daily/2026-03-29.parquet,QA_VALIDATED
823810,657649,Jared Koenig,13,6,48,50,214,226,Top,2026-03-29,2026-03-29T18:10:00Z,MIL,CWS,H,Jared Koenig,False,RELIEF_OR_BULK,13,3,3,0,0,0,0,3,0,P,,False,https://statsapi.mlb.com/api/v1.1/game/823810/feed/live,both,True,True,https://raw.githubusercontent.com/lancebroz/mlb-pitcher-data/main/data/raw/2026/daily/2026-03-29.parquet,QA_VALIDATED
823810,663765,Jake Woodford,22,7,56,66,249,294,Top,2026-03-29,2026-03-29T18:10:00Z,MIL,CWS,H,Jake Woodford,False,RELIEF_OR_BULK,22,6,6,0,0,1,0,1,0,P,,False,https://statsapi.mlb.com/api/v1.1/game/823810/feed/live,both,True,True,https://raw.githubusercontent.com/lancebroz/mlb-pitcher-data/main/data/raw/2026/daily/2026-03-29.parquet,QA_VALIDATED
823810,663855,Jordan Hicks,3,8,76,76,331,333,Bot,2026-03-29,2026-03-29T18:10:00Z,CWS,MIL,A,Jordan Hicks,False,RELIEF_OR_BULK,3,1,1,0,0,0,0,1,0,P,,False,https://statsapi.mlb.com/api/v1.1/game/823810/feed/live,both,True,True,https://raw.githubusercontent.com/lancebroz/mlb-pitcher-data/main/data/raw/2026/daily/2026-03-29.parquet,QA_VALIDATED
823810,669684,Chris Murphy,17,8,67,71,295,311,Bot,2026-03-29,2026-03-29T18:10:00Z,CWS,MIL,A,Chris Murphy,False,RELIEF_OR_BULK,17,5,1,4,4,3,1,1,0,P,,False,https://statsapi.mlb.com/api/v1.1/game/823810/feed/live,both,True,True,https://raw.githubusercontent.com/lancebroz/mlb-pitcher-data/main/data/raw/2026/daily/2026-03-29.parquet,QA_VALIDATED
823810,673929,Jordan Leasure,26,5,47,55,210,248,Bot,2026-03-29,2026-03-29T18:10:00Z,CWS,MIL,A,Jordan Leasure,False,RELIEF_OR_BULK,26,6,4,1,1,2,0,2,0,P,,False,https://statsapi.mlb.com/api/v1.1/game/823810/feed/live,both,True,True,https://raw.githubusercontent.com/lancebroz/mlb-pitcher-data/main/data/raw/2026/daily/2026-03-29.parquet,QA_VALIDATED
823810,681982,Grant Anderson,31,4,31,42,143,194,Top,2026-03-29,2026-03-29T18:10:00Z,MIL,CWS,H,Grant Anderson,False,RELIEF_OR_BULK,31,8,6,0,0,1,1,3,0,P,,False,https://statsapi.mlb.com/api/v1.1/game/823810/feed/live,both,True,True,https://raw.githubusercontent.com/lancebroz/mlb-pitcher-data/main/data/raw/2026/daily/2026-03-29.parquet,QA_VALIDATED
823810,687075,Brandon Sproat,86,1,0,27,1,131,Top,2026-03-29,2026-03-29T18:10:00Z,MIL,CWS,H,Brandon Sproat,True,STARTER,86,18,9,7,7,6,4,3,3,P,,False,https://statsapi.mlb.com/api/v1.1/game/823810/feed/live,both,True,True,https://raw.githubusercontent.com/lancebroz/mlb-pitcher-data/main/data/raw/2026/daily/2026-03-29.parquet,QA_VALIDATED
823810,691799,Grant Taylor,24,7,59,63,261,284,Bot,2026-03-29,2026-03-29T18:10:00Z,CWS,MIL,A,Grant Taylor,False,RELIEF_OR_BULK,24,5,3,0,0,1,1,3,0,P,,False,https://statsapi.mlb.com/api/v1.1/game/823810/feed/live,both,True,True,https://raw.githubusercontent.com/lancebroz/mlb-pitcher-data/main/data/raw/2026/daily/2026-03-29.parquet,QA_VALIDATED
823891,500779,Jose Quintana,78,1,7,42,29,159,Bot,2026-03-29,2026-03-29T17:40:00Z,COL,MIA,A,Jose Quintana,True,STARTER,78,19,13,2,2,4,4,2,0,P,,False,https://statsapi.mlb.com/api/v1.1/game/823891/feed/live,both,True,True,https://raw.githubusercontent.com/lancebroz/mlb-pitcher-data/main/data/raw/2026/daily/2026-03-29.parquet,QA_VALIDATED
823891,622608,Antonio Senzatela,43,6,48,65,175,246,Bot,2026-03-29,2026-03-29T17:40:00Z,COL,MIA,A,Antonio Senzatela,False,RELIEF_OR_BULK,43,10,8,0,0,1,1,3,0,P,,False,https://statsapi.mlb.com/api/v1.1/game/823891/feed/live,both,True,True,https://raw.githubusercontent.com/lancebroz/mlb-pitcher-data/main/data/raw/2026/daily/2026-03-29.parquet,QA_VALIDATED
823891,623474,Jimmy Herget,8,5,43,44,160,167,Bot,2026-03-29,2026-03-29T17:40:00Z,COL,MIA,A,Jimmy Herget,False,RELIEF_OR_BULK,8,2,2,0,0,0,0,2,0,P,,False,https://statsapi.mlb.com/api/v1.1/game/823891/feed/live,both,True,True,https://raw.githubusercontent.com/lancebroz/mlb-pitcher-data/main/data/raw/2026/daily/2026-03-29.parquet,QA_VALIDATED
823891,656848,Michael Petersen,11,9,68,70,252,262,Top,2026-03-29,2026-03-29T17:40:00Z,MIA,COL,H,Michael Petersen,False,RELIEF_OR_BULK,11,3,3,0,0,0,0,2,0,P,,False,https://statsapi.mlb.com/api/v1.1/game/823891/feed/live,both,True,True,https://raw.githubusercontent.com/lancebroz/mlb-pitcher-data/main/data/raw/2026/daily/2026-03-29.parquet,QA_VALIDATED
823891,663969,Tyler Phillips,22,6,45,55,168,198,Top,2026-03-29,2026-03-29T17:40:00Z,MIA,COL,H,Tyler Phillips,False,RELIEF_OR_BULK,22,8,6,0,0,1,0,2,0,P,,False,https://statsapi.mlb.com/api/v1.1/game/823891/feed/live,both,True,True,https://raw.githubusercontent.com/lancebroz/mlb-pitcher-data/main/data/raw/2026/daily/2026-03-29.parquet,QA_VALIDATED
823891,667463,John King,14,8,59,61,212,225,Top,2026-03-29,2026-03-29T17:40:00Z,MIA,COL,H,John King,False,RELIEF_OR_BULK,14,3,3,0,0,0,0,2,0,P,,False,https://statsapi.mlb.com/api/v1.1/game/823891/feed/live,both,True,True,https://raw.githubusercontent.com/lancebroz/mlb-pitcher-data/main/data/raw/2026/daily/2026-03-29.parquet,QA_VALIDATED
823891,676974,Max Meyer,81,1,0,40,1,157,Top,2026-03-29,2026-03-29T17:40:00Z,MIA,COL,H,Max Meyer,True,STARTER,81,23,15,3,3,5,2,5,0,P,,False,https://statsapi.mlb.com/api/v1.1/game/823891/feed/live,both,True,True,https://raw.githubusercontent.com/lancebroz/mlb-pitcher-data/main/data/raw/2026/daily/2026-03-29.parquet,QA_VALIDATED
823891,680767,Victor Vodnik,11,8,66,74,247,268,Bot,2026-03-29,2026-03-29T17:40:00Z,COL,MIA,A,Victor Vodnik,False,RELIEF_OR_BULK,11,6,3,2,2,3,0,1,1,P,,False,https://statsapi.mlb.com/api/v1.1/game/823891/feed/live,both,True,True,https://raw.githubusercontent.com/lancebroz/mlb-pitcher-data/main/data/raw/2026/daily/2026-03-29.parquet,QA_VALIDATED
824215,519141,Drew Pomeranz,17,8,69,76,305,321,Bot,2026-03-29,2026-03-29T18:10:00Z,LAA,HOU,A,Drew Pomeranz,False,RELIEF_OR_BULK,17,8,3,3,3,2,2,0,0,P,,False,https://statsapi.mlb.com/api/v1.1/game/824215/feed/live,both,True,True,https://raw.githubusercontent.com/lancebroz/mlb-pitcher-data/main/data/raw/2026/daily/2026-03-29.parquet,QA_VALIDATED
824215,595345,Steven Okert,15,6,52,54,233,247,Top,2026-03-29,2026-03-29T18:10:00Z,HOU,LAA,H,Steven Okert,False,RELIEF_OR_BULK,15,3,3,0,0,0,1,0,0,P,,False,https://statsapi.mlb.com/api/v1.1/game/824215/feed/live,both,True,True,https://raw.githubusercontent.com/lancebroz/mlb-pitcher-data/main/data/raw/2026/daily/2026-03-29.parquet,QA_VALIDATED
824215,650556,Bryan Abreu,14,9,77,79,322,335,Top,2026-03-29,2026-03-29T18:10:00Z,HOU,LAA,H,Bryan Abreu,False,RELIEF_OR_BULK,14,3,1,1,1,0,2,0,0,P,,False,https://statsapi.mlb.com/api/v1.1/game/824215/feed/live,both,True,True,https://raw.githubusercontent.com/lancebroz/mlb-pitcher-data/main/data/raw/2026/daily/2026-03-29.parquet,QA_VALIDATED
824215,681217,Chase Silseth,14,5,48,51,219,232,Bot,2026-03-29,2026-03-29T18:10:00Z,LAA,HOU,A,Chase Silseth,False,RELIEF_OR_BULK,14,4,3,0,0,1,0,1,0,P,,False,https://statsapi.mlb.com/api/v1.1/game/824215/feed/live,both,True,True,https://raw.githubusercontent.com/lancebroz/mlb-pitcher-data/main/data/raw/2026/daily/2026-03-29.parquet,QA_VALIDATED
824215,682610,Roddery Muñoz,47,3,29,44,134,202,Top,2026-03-29,2026-03-29T18:10:00Z,HOU,LAA,H,Roddery Muñoz,False,RELIEF_OR_BULK,47,10,6,2,2,3,1,4,1,P,,False,https://statsapi.mlb.com/api/v1.1/game/824215/feed/live,both,True,True,https://raw.githubusercontent.com/lancebroz/mlb-pitcher-data/main/data/raw/2026/daily/2026-03-29.parquet,QA_VALIDATED
824215,685005,Christian Roa,3,5,45,45,203,205,Top,2026-03-29,2026-03-29T18:10:00Z,HOU,LAA,H,Christian Roa,False,RELIEF_OR_BULK,3,1,1,0,0,0,0,1,0,P,,False,https://statsapi.mlb.com/api/v1.1/game/824215/feed/live,both,True,True,https://raw.githubusercontent.com/lancebroz/mlb-pitcher-data/main/data/raw/2026/daily/2026-03-29.parquet,QA_VALIDATED
824215,686799,Jack Kochanowicz,94,1,5,47,26,218,Bot,2026-03-29,2026-03-29T18:10:00Z,LAA,HOU,A,Jack Kochanowicz,True,STARTER,94,22,12,6,5,4,5,3,0,P,,False,https://statsapi.mlb.com/api/v1.1/game/824215/feed/live,both,True,True,https://raw.githubusercontent.com/lancebroz/mlb-pitcher-data/main/data/raw/2026/daily/2026-03-29.parquet,QA_VALIDATED
824215,687911,Bryan King,18,9,80,82,336,353,Top,2026-03-29,2026-03-29T18:10:00Z,HOU,LAA,H,Bryan King,False,RELIEF_OR_BULK,18,3,2,0,0,1,0,2,0,P,,False,https://statsapi.mlb.com/api/v1.1/game/824215/feed/live,both,True,True,https://raw.githubusercontent.com/lancebroz/mlb-pitcher-data/main/data/raw/2026/daily/2026-03-29.parquet,QA_VALIDATED
824215,696147,Sam Bachman,34,6,55,65,248,294,Bot,2026-03-29,2026-03-29T18:10:00Z,LAA,HOU,A,Sam Bachman,False,RELIEF_OR_BULK,34,8,6,0,0,0,2,2,0,P,,False,https://statsapi.mlb.com/api/v1.1/game/824215/feed/live,both,True,True,https://raw.githubusercontent.com/lancebroz/mlb-pitcher-data/main/data/raw/2026/daily/2026-03-29.parquet,QA_VALIDATED
824215,805123,AJ Blubaugh,23,7,60,68,267,304,Top,2026-03-29,2026-03-29T18:10:00Z,HOU,LAA,H,AJ Blubaugh,False,RELIEF_OR_BULK,23,6,6,0,0,0,0,2,0,P,,False,https://statsapi.mlb.com/api/v1.1/game/824215/feed/live,both,True,True,https://raw.githubusercontent.com/lancebroz/mlb-pitcher-data/main/data/raw/2026/daily/2026-03-29.parquet,QA_VALIDATED
824215,837227,Tatsuya Imai,74,1,0,28,1,133,Top,2026-03-29,2026-03-29T18:10:00Z,HOU,LAA,H,Tatsuya Imai,True,STARTER,74,15,8,4,4,3,4,4,0,P,,False,https://statsapi.mlb.com/api/v1.1/game/824215/feed/live,both,True,True,https://raw.githubusercontent.com/lancebroz/mlb-pitcher-data/main/data/raw/2026/daily/2026-03-29.parquet,QA_VALIDATED
824538,572955,Pierce Johnson,13,7,50,52,225,237,Top,2026-03-29,2026-03-29T17:40:00Z,CIN,BOS,H,Pierce Johnson,False,RELIEF_OR_BULK,13,3,2,0,0,1,0,0,0,P,,False,https://statsapi.mlb.com/api/v1.1/game/824538/feed/live,both,True,True,https://raw.githubusercontent.com/lancebroz/mlb-pitcher-data/main/data/raw/2026/daily/2026-03-29.parquet,QA_VALIDATED
824538,641941,Emilio Pagán,12,9,66,70,290,301,Top,2026-03-29,2026-03-29T17:40:00Z,CIN,BOS,H,Emilio Pagán,False,RELIEF_OR_BULK,12,5,3,0,0,1,1,0,0,P,,False,https://statsapi.mlb.com/api/v1.1/game/824538/feed/live,both,True,True,https://raw.githubusercontent.com/lancebroz/mlb-pitcher-data/main/data/raw/2026/daily/2026-03-29.parquet,QA_VALIDATED
824538,656271,Brock Burke,27,6,39,49,175,224,Top,2026-03-29,2026-03-29T17:40:00Z,CIN,BOS,H,Brock Burke,False,RELIEF_OR_BULK,27,5,4,0,0,1,1,0,0,P,,False,https://statsapi.mlb.com/api/v1.1/game/824538/feed/live,both,True,True,https://raw.githubusercontent.com/lancebroz/mlb-pitcher-data/main/data/raw/2026/daily/2026-03-29.parquet,QA_VALIDATED
824538,663558,Jovani Morán,25,7,53,65,238,289,Bot,2026-03-29,2026-03-29T17:40:00Z,BOS,CIN,A,Jovani Morán,False,RELIEF_OR_BULK,25,8,6,0,0,1,1,2,0,P,,False,https://statsapi.mlb.com/api/v1.1/game/824538/feed/live,both,True,True,https://raw.githubusercontent.com/lancebroz/mlb-pitcher-data/main/data/raw/2026/daily/2026-03-29.parquet,QA_VALIDATED
824538,663574,Tony Santillan,27,8,56,60,245,271,Top,2026-03-29,2026-03-29T17:40:00Z,CIN,BOS,H,Tony Santillan,False,RELIEF_OR_BULK,27,5,3,0,0,1,2,2,0,P,,False,https://statsapi.mlb.com/api/v1.1/game/824538/feed/live,both,True,True,https://raw.githubusercontent.com/lancebroz/mlb-pitcher-data/main/data/raw/2026/daily/2026-03-29.parquet,QA_VALIDATED
824538,669711,Greg Weissert,15,6,45,48,202,216,Bot,2026-03-29,2026-03-29T17:40:00Z,BOS,CIN,A,Greg Weissert,False,RELIEF_OR_BULK,15,4,2,2,2,1,1,1,1,P,,False,https://statsapi.mlb.com/api/v1.1/game/824538/feed/live,both,True,True,https://raw.githubusercontent.com/lancebroz/mlb-pitcher-data/main/data/raw/2026/daily/2026-03-29.parquet,QA_VALIDATED
824538,695076,Rhett Lowder,86,1,0,35,1,154,Top,2026-03-29,2026-03-29T17:40:00Z,CIN,BOS,H,Rhett Lowder,True,STARTER,86,20,15,2,2,3,2,5,1,P,,False,https://statsapi.mlb.com/api/v1.1/game/824538/feed/live,both,True,True,https://raw.githubusercontent.com/lancebroz/mlb-pitcher-data/main/data/raw/2026/daily/2026-03-29.parquet,QA_VALIDATED
824538,813349,Connelly Early,96,1,3,44,12,201,Bot,2026-03-29,2026-03-29T17:40:00Z,BOS,CIN,A,Connelly Early,True,STARTER,96,21,16,1,1,5,2,6,0,P,,False,https://statsapi.mlb.com/api/v1.1/game/824538/feed/live,both,True,True,https://raw.githubusercontent.com/lancebroz/mlb-pitcher-data/main/data/raw/2026/daily/2026-03-29.parquet,QA_VALIDATED
824700,571948,Hoby Milner,17,8,58,62,232,248,Top,2026-03-29,2026-03-29T18:20:00Z,CHC,WSH,H,Hoby Milner,False,RELIEF_OR_BULK,17,5,3,2,2,2,0,0,1,P,,False,https://statsapi.mlb.com/api/v1.1/game/824700/feed/live,both,True,True,https://raw.githubusercontent.com/lancebroz/mlb-pitcher-data/main/data/raw/2026/daily/2026-03-29.parquet,QA_VALIDATED
824700,640451,Hunter Harvey,10,7,51,54,215,224,Top,2026-03-29,2026-03-29T18:20:00Z,CHC,WSH,H,Hunter Harvey,False,RELIEF_OR_BULK,10,4,3,0,0,1,0,0,0,P,,False,https://statsapi.mlb.com/api/v1.1/game/824700/feed/live,both,True,True,https://raw.githubusercontent.com/lancebroz/mlb-pitcher-data/main/data/raw/2026/daily/2026-03-29.parquet,QA_VALIDATED
824700,663623,Jake Irvin,93,1,6,40,22,170,Bot,2026-03-29,2026-03-29T18:20:00Z,WSH,CHC,A,Jake Irvin,True,STARTER,93,20,15,2,2,3,1,7,2,P,,False,https://statsapi.mlb.com/api/v1.1/game/824700/feed/live,both,True,True,https://raw.githubusercontent.com/lancebroz/mlb-pitcher-data/main/data/raw/2026/daily/2026-03-29.parquet,QA_VALIDATED
824700,664208,Phil Maton,23,6,42,46,176,198,Top,2026-03-29,2026-03-29T18:20:00Z,CHC,WSH,H,Phil Maton,False,RELIEF_OR_BULK,23,5,3,0,0,0,1,1,0,P,,False,https://statsapi.mlb.com/api/v1.1/game/824700/feed/live,both,True,True,https://raw.githubusercontent.com/lancebroz/mlb-pitcher-data/main/data/raw/2026/daily/2026-03-29.parquet,QA_VALIDATED
824700,672335,Cionel Pérez,11,8,63,66,249,259,Bot,2026-03-29,2026-03-29T18:20:00Z,WSH,CHC,A,Cionel Pérez,False,RELIEF_OR_BULK,11,4,3,1,1,1,0,1,1,P,,False,https://statsapi.mlb.com/api/v1.1/game/824700/feed/live,both,True,True,https://raw.githubusercontent.com/lancebroz/mlb-pitcher-data/main/data/raw/2026/daily/2026-03-29.parquet,QA_VALIDATED
824700,676571,PJ Poulin,14,6,47,49,199,212,Bot,2026-03-29,2026-03-29T18:20:00Z,WSH,CHC,A,PJ Poulin,False,RELIEF_OR_BULK,14,3,2,0,0,0,1,1,0,P,,False,https://statsapi.mlb.com/api/v1.1/game/824700/feed/live,both,True,True,https://raw.githubusercontent.com/lancebroz/mlb-pitcher-data/main/data/raw/2026/daily/2026-03-29.parquet,QA_VALIDATED
824700,681402,Gus Varland,9,6,50,57,213,231,Bot,2026-03-29,2026-03-29T18:20:00Z,WSH,CHC,A,Gus Varland,False,RELIEF_OR_BULK,9,4,4,0,0,0,0,1,0,P,,False,https://statsapi.mlb.com/api/v1.1/game/824700/feed/live,both,True,True,https://raw.githubusercontent.com/lancebroz/mlb-pitcher-data/main/data/raw/2026/daily/2026-03-29.parquet,QA_VALIDATED
824700,684007,Shota Imanaga,82,1,0,41,1,175,Top,2026-03-29,2026-03-29T18:20:00Z,CHC,WSH,H,Shota Imanaga,True,STARTER,82,22,15,4,4,6,2,7,1,P,,False,https://statsapi.mlb.com/api/v1.1/game/824700/feed/live,both,True,True,https://raw.githubusercontent.com/lancebroz/mlb-pitcher-data/main/data/raw/2026/daily/2026-03-29.parquet,QA_VALIDATED
824700,690925,Clayton Beeter,6,9,71,73,276,281,Bot,2026-03-29,2026-03-29T18:20:00Z,WSH,CHC,A,Clayton Beeter,False,RELIEF_OR_BULK,6,3,3,0,0,0,0,0,0,P,,False,https://statsapi.mlb.com/api/v1.1/game/824700/feed/live,both,True,True,https://raw.githubusercontent.com/lancebroz/mlb-pitcher-data/main/data/raw/2026/daily/2026-03-29.parquet,QA_VALIDATED
824700,694037,Daniel Palencia,16,9,67,70,260,275,Top,2026-03-29,2026-03-29T18:20:00Z,CHC,WSH,H,Daniel Palencia,False,RELIEF_OR_BULK,16,4,3,0,0,2,0,1,0,P,,False,https://statsapi.mlb.com/api/v1.1/game/824700/feed/live,both,True,True,https://raw.githubusercontent.com/lancebroz/mlb-pitcher-data/main/data/raw/2026/daily/2026-03-29.parquet,QA_VALIDATED
824864,607455,Anthony Banda,3,8,75,75,299,301,Bot,2026-03-29,2026-03-29T17:35:00Z,MIN,BAL,A,Anthony Banda,False,RELIEF_OR_BULK,3,1,2,0,0,0,0,0,0,P,,False,https://statsapi.mlb.com/api/v1.1/game/824864/feed/live,both,True,True,https://raw.githubusercontent.com/lancebroz/mlb-pitcher-data/main/data/raw/2026/daily/2026-03-29.parquet,QA_VALIDATED
824864,641927,Bailey Ober,56,1,3,33,10,123,Bot,2026-03-29,2026-03-29T17:35:00Z,MIN,BAL,A,Bailey Ober,True,STARTER,56,17,12,3,3,4,1,1,1,P,,False,https://statsapi.mlb.com/api/v1.1/game/824864/feed/live,both,True,True,https://raw.githubusercontent.com/lancebroz/mlb-pitcher-data/main/data/raw/2026/daily/2026-03-29.parquet,QA_VALIDATED
824864,664854,Ryan Helsley,20,9,77,81,302,321,Top,2026-03-29,2026-03-29T17:35:00Z,BAL,MIN,H,Ryan Helsley,False,RELIEF_OR_BULK,20,5,3,0,0,1,0,1,0,P,,False,https://statsapi.mlb.com/api/v1.1/game/824864/feed/live,both,True,True,https://raw.githubusercontent.com/lancebroz/mlb-pitcher-data/main/data/raw/2026/daily/2026-03-29.parquet,QA_VALIDATED
824864,664991,Grant Wolfram,19,6,42,51,151,200,Top,2026-03-29,2026-03-29T17:35:00Z,BAL,MIN,H,Grant Wolfram,False,RELIEF_OR_BULK,19,4,3,0,0,1,0,2,0,P,,False,https://statsapi.mlb.com/api/v1.1/game/824864/feed/live,both,True,True,https://raw.githubusercontent.com/lancebroz/mlb-pitcher-data/main/data/raw/2026/daily/2026-03-29.parquet,QA_VALIDATED
824864,666974,Yennier Cano,9,8,72,72,280,288,Top,2026-03-29,2026-03-29T17:35:00Z,BAL,MIN,H,Yennier Cano,False,RELIEF_OR_BULK,9,1,1,0,0,0,0,1,0,P,,False,https://statsapi.mlb.com/api/v1.1/game/824864/feed/live,both,True,True,https://raw.githubusercontent.com/lancebroz/mlb-pitcher-data/main/data/raw/2026/daily/2026-03-29.parquet,QA_VALIDATED
824864,669330,Tyler Wells,27,8,66,71,253,279,Top,2026-03-29,2026-03-29T17:35:00Z,BAL,MIN,H,Tyler Wells,False,RELIEF_OR_BULK,27,6,2,1,1,2,2,2,0,P,,False,https://statsapi.mlb.com/api/v1.1/game/824864/feed/live,both,True,True,https://raw.githubusercontent.com/lancebroz/mlb-pitcher-data/main/data/raw/2026/daily/2026-03-29.parquet,QA_VALIDATED
824864,669358,Shane Baz,78,1,0,41,1,150,Top,2026-03-29,2026-03-29T17:35:00Z,BAL,MIN,H,Shane Baz,True,STARTER,78,21,16,4,4,7,0,4,0,P,,False,https://statsapi.mlb.com/api/v1.1/game/824864/feed/live,both,True,True,https://raw.githubusercontent.com/lancebroz/mlb-pitcher-data/main/data/raw/2026/daily/2026-03-29.parquet,QA_VALIDATED
824864,670329,Rico Garcia,8,7,57,57,221,228,Top,2026-03-29,2026-03-29T17:35:00Z,BAL,MIN,H,Rico Garcia,False,RELIEF_OR_BULK,8,1,1,0,0,0,0,1,0,P,,False,https://statsapi.mlb.com/api/v1.1/game/824864/feed/live,both,True,True,https://raw.githubusercontent.com/lancebroz/mlb-pitcher-data/main/data/raw/2026/daily/2026-03-29.parquet,QA_VALIDATED
824864,682274,Yaramil Hiraldo,20,7,52,56,201,220,Top,2026-03-29,2026-03-29T17:35:00Z,BAL,MIN,H,Yaramil Hiraldo,False,RELIEF_OR_BULK,20,5,1,1,1,1,3,1,1,P,,False,https://statsapi.mlb.com/api/v1.1/game/824864/feed/live,both,True,True,https://raw.githubusercontent.com/lancebroz/mlb-pitcher-data/main/data/raw/2026/daily/2026-03-29.parquet,QA_VALIDATED
824864,690953,Mick Abel,81,5,37,74,134,298,Bot,2026-03-29,2026-03-29T17:35:00Z,MIN,BAL,A,Mick Abel,False,RELIEF_OR_BULK,81,20,10,5,5,8,4,4,0,P,,False,https://statsapi.mlb.com/api/v1.1/game/824864/feed/live,both,True,True,https://raw.githubusercontent.com/lancebroz/mlb-pitcher-data/main/data/raw/2026/daily/2026-03-29.parquet,QA_VALIDATED
824944,607625,Seth Lugo,77,1,3,51,9,175,Bot,2026-03-29,2026-03-29T17:35:00Z,KC,ATL,A,Seth Lugo,True,STARTER,77,24,19,0,0,5,0,3,0,P,,False,https://statsapi.mlb.com/api/v1.1/game/824944/feed/live,both,True,True,https://raw.githubusercontent.com/lancebroz/mlb-pitcher-data/main/data/raw/2026/daily/2026-03-29.parquet,QA_VALIDATED
824944,621381,Matt Strahm,4,7,52,53,176,179,Bot,2026-03-29,2026-03-29T17:35:00Z,KC,ATL,A,Matt Strahm,False,RELIEF_OR_BULK,4,2,2,0,0,0,0,0,0,P,,False,https://statsapi.mlb.com/api/v1.1/game/824944/feed/live,both,True,True,https://raw.githubusercontent.com/lancebroz/mlb-pitcher-data/main/data/raw/2026/daily/2026-03-29.parquet,QA_VALIDATED
824944,656550,Grant Holmes,76,1,0,34,1,120,Top,2026-03-29,2026-03-29T17:35:00Z,ATL,KC,H,Grant Holmes,True,STARTER,76,22,15,3,3,5,2,4,1,P,,False,https://statsapi.mlb.com/api/v1.1/game/824944/feed/live,both,True,True,https://raw.githubusercontent.com/lancebroz/mlb-pitcher-data/main/data/raw/2026/daily/2026-03-29.parquet,QA_VALIDATED
824944,668674,Lucas Erceg,12,9,67,69,237,248,Bot,2026-03-29,2026-03-29T17:35:00Z,KC,ATL,A,Lucas Erceg,False,RELIEF_OR_BULK,12,3,3,0,0,1,0,1,0,P,,False,https://statsapi.mlb.com/api/v1.1/game/824944/feed/live,both,True,True,https://raw.githubusercontent.com/lancebroz/mlb-pitcher-data/main/data/raw/2026/daily/2026-03-29.parquet,QA_VALIDATED
824944,670167,John Schreiber,23,8,59,62,202,224,Bot,2026-03-29,2026-03-29T17:35:00Z,KC,ATL,A,John Schreiber,False,RELIEF_OR_BULK,23,4,3,1,1,1,0,1,1,P,,False,https://statsapi.mlb.com/api/v1.1/game/824944/feed/live,both,True,True,https://raw.githubusercontent.com/lancebroz/mlb-pitcher-data/main/data/raw/2026/daily/2026-03-29.parquet,QA_VALIDATED
824944,800311,Didier Fuentes,56,6,40,66,141,236,Top,2026-03-29,2026-03-29T17:35:00Z,ATL,KC,H,Didier Fuentes,False,RELIEF_OR_BULK,56,15,12,1,1,2,1,4,0,P,,False,https://statsapi.mlb.com/api/v1.1/game/824944/feed/live,both,True,True,https://raw.githubusercontent.com/lancebroz/mlb-pitcher-data/main/data/raw/2026/daily/2026-03-29.parquet,QA_VALIDATED
822834,608372,Tomoyuki Sugano,72,1,3,39,16,168,Bot,2026-03-30,2026-03-30T23:07:00Z,COL,TOR,A,Tomoyuki Sugano,True,STARTER,72,18,14,1,1,2,2,4,1,P,,False,https://statsapi.mlb.com/api/v1.1/game/822834/feed/live,both,True,True,https://raw.githubusercontent.com/lancebroz/mlb-pitcher-data/main/data/raw/2026/daily/2026-03-30.parquet,QA_VALIDATED
822834,623168,Tyler Heineman,27,8,62,81,256,307,Top,2026-03-30,2026-03-30T23:07:00Z,TOR,COL,H,Tyler Heineman,False,RELIEF_OR_BULK,27,14,6,5,5,7,1,0,1,P,,False,https://statsapi.mlb.com/api/v1.1/game/822834/feed/live,both,True,True,https://raw.githubusercontent.com/lancebroz/mlb-pitcher-data/main/data/raw/2026/daily/2026-03-30.parquet,QA_VALIDATED
822834,643511,Tyler Rogers,10,7,56,58,237,246,Top,2026-03-30,2026-03-30T23:07:00Z,TOR,COL,H,Tyler Rogers,False,RELIEF_OR_BULK,10,3,3,0,0,0,0,1,0,P,,False,https://statsapi.mlb.com/api/v1.1/game/822834/feed/live,both,True,True,https://raw.githubusercontent.com/lancebroz/mlb-pitcher-data/main/data/raw/2026/daily/2026-03-30.parquet,QA_VALIDATED
822834,663893,Brendon Little,30,6,45,51,192,221,Top,2026-03-30,2026-03-30T23:07:00Z,TOR,COL,H,Brendon Little,False,RELIEF_OR_BULK,30,7,2,4,4,4,1,1,0,P,,False,https://statsapi.mlb.com/api/v1.1/game/822834/feed/live,both,True,True,https://raw.githubusercontent.com/lancebroz/mlb-pitcher-data/main/data/raw/2026/daily/2026-03-30.parquet,QA_VALIDATED
822834,664074,Cody Ponce,47,1,0,16,1,71,Top,2026-03-30,2026-03-30T23:07:00Z,TOR,COL,H,Cody Ponce,True,STARTER,47,10,7,1,1,1,1,3,0,P,,False,https://statsapi.mlb.com/api/v1.1/game/822834/feed/live,both,True,True,https://raw.githubusercontent.com/lancebroz/mlb-pitcher-data/main/data/raw/2026/daily/2026-03-30.parquet,QA_VALIDATED
822834,677955,Jaden Hill,1,5,40,40,169,169,Bot,2026-03-30,2026-03-30T23:07:00Z,COL,TOR,A,Jaden Hill,False,RELIEF_OR_BULK,1,1,1,0,0,0,0,0,0,P,,False,https://statsapi.mlb.com/api/v1.1/game/822834/feed/live,both,True,True,https://raw.githubusercontent.com/lancebroz/mlb-pitcher-data/main/data/raw/2026/daily/2026-03-30.parquet,QA_VALIDATED
822834,686973,Louis Varland,30,3,17,27,72,120,Top,2026-03-30,2026-03-30T23:07:00Z,TOR,COL,H,Louis Varland,False,RELIEF_OR_BULK,30,7,4,1,0,2,0,3,0,P,,False,https://statsapi.mlb.com/api/v1.1/game/822834/feed/live,both,True,True,https://raw.githubusercontent.com/lancebroz/mlb-pitcher-data/main/data/raw/2026/daily/2026-03-30.parquet,QA_VALIDATED
822834,693686,Spencer Miles,41,4,28,44,121,191,Top,2026-03-30,2026-03-30T23:07:00Z,TOR,COL,H,Spencer Miles,False,RELIEF_OR_BULK,41,8,5,3,3,3,1,2,1,P,,False,https://statsapi.mlb.com/api/v1.1/game/822834/feed/live,both,True,True,https://raw.githubusercontent.com/lancebroz/mlb-pitcher-data/main/data/raw/2026/daily/2026-03-30.parquet,QA_VALIDATED
822834,801403,Chase Dollander,74,6,52,87,222,332,Bot,2026-03-30,2026-03-30T23:07:00Z,COL,TOR,A,Chase Dollander,False,RELIEF_OR_BULK,74,19,12,4,4,5,2,5,3,P,,False,https://statsapi.mlb.com/api/v1.1/game/822834/feed/live,both,True,True,https://raw.githubusercontent.com/lancebroz/mlb-pitcher-data/main/data/raw/2026/daily/2026-03-30.parquet,QA_VALIDATED
823080,548384,Brooks Raley,17,8,66,69,230,246,Bot,2026-03-30,2026-03-30T23:45:00Z,NYM,STL,A,Brooks Raley,False,RELIEF_OR_BULK,17,4,3,0,0,1,0,0,0,P,,False,https://statsapi.mlb.com/api/v1.1/game/823080/feed/live,both,True,True,https://raw.githubusercontent.com/lancebroz/mlb-pitcher-data/main/data/raw/2026/daily/2026-03-30.parquet,QA_VALIDATED
823080,605280,Clay Holmes,90,1,4,52,16,189,Bot,2026-03-30,2026-03-30T23:45:00Z,NYM,STL,A,Clay Holmes,True,STARTER,90,23,17,2,2,4,3,5,1,P,,False,https://statsapi.mlb.com/api/v1.1/game/823080/feed/live,both,True,True,https://raw.githubusercontent.com/lancebroz/mlb-pitcher-data/main/data/raw/2026/daily/2026-03-30.parquet,QA_VALIDATED
823080,642207,Devin Williams,12,9,73,75,258,269,Bot,2026-03-30,2026-03-30T23:45:00Z,NYM,STL,A,Devin Williams,False,RELIEF_OR_BULK,12,3,3,0,0,0,0,1,0,P,,False,https://statsapi.mlb.com/api/v1.1/game/823080/feed/live,both,True,True,https://raw.githubusercontent.com/lancebroz/mlb-pitcher-data/main/data/raw/2026/daily/2026-03-30.parquet,QA_VALIDATED
823080,666277,George Soriano,21,8,61,72,220,257,Top,2026-03-30,2026-03-30T23:45:00Z,STL,NYM,H,George Soriano,False,RELIEF_OR_BULK,21,8,6,0,0,1,1,0,0,P,,False,https://statsapi.mlb.com/api/v1.1/game/823080/feed/live,both,True,True,https://raw.githubusercontent.com/lancebroz/mlb-pitcher-data/main/data/raw/2026/daily/2026-03-30.parquet,QA_VALIDATED
823080,668964,Tobias Myers,14,6,53,60,190,219,Bot,2026-03-30,2026-03-30T23:45:00Z,NYM,STL,A,Tobias Myers,False,RELIEF_OR_BULK,14,4,4,0,0,0,0,3,0,P,,False,https://statsapi.mlb.com/api/v1.1/game/823080/feed/live,both,True,True,https://raw.githubusercontent.com/lancebroz/mlb-pitcher-data/main/data/raw/2026/daily/2026-03-30.parquet,QA_VALIDATED
823080,681517,Kyle Leahy,79,1,0,43,1,160,Top,2026-03-30,2026-03-30T23:45:00Z,STL,NYM,H,Kyle Leahy,True,STARTER,79,24,15,4,4,8,2,1,0,P,,False,https://statsapi.mlb.com/api/v1.1/game/823080/feed/live,both,True,True,https://raw.githubusercontent.com/lancebroz/mlb-pitcher-data/main/data/raw/2026/daily/2026-03-30.parquet,QA_VALIDATED
823080,694335,Matt Svanson,36,6,44,57,161,206,Top,2026-03-30,2026-03-30T23:45:00Z,STL,NYM,H,Matt Svanson,False,RELIEF_OR_BULK,36,10,6,0,0,1,2,3,0,P,,False,https://statsapi.mlb.com/api/v1.1/game/823080/feed/live,both,True,True,https://raw.githubusercontent.com/lancebroz/mlb-pitcher-data/main/data/raw/2026/daily/2026-03-30.parquet,QA_VALIDATED
823159,518585,Fernando Cruz,11,5,38,39,164,174,Bot,2026-03-30,2026-03-31T01:40:00Z,NYY,SEA,A,Fernando Cruz,False,RELIEF_OR_BULK,11,2,2,0,0,0,0,2,0,P,,False,https://statsapi.mlb.com/api/v1.1/game/823159/feed/live,both,True,True,https://raw.githubusercontent.com/lancebroz/mlb-pitcher-data/main/data/raw/2026/daily/2026-03-30.parquet,QA_VALIDATED
823159,621112,Paul Blackburn,22,8,61,72,253,291,Bot,2026-03-30,2026-03-31T01:40:00Z,NYY,SEA,A,Paul Blackburn,False,RELIEF_OR_BULK,22,8,4,1,1,3,1,0,0,P,,False,https://statsapi.mlb.com/api/v1.1/game/823159/feed/live,both,True,True,https://raw.githubusercontent.com/lancebroz/mlb-pitcher-data/main/data/raw/2026/daily/2026-03-30.parquet,QA_VALIDATED
823159,622491,Luis Castillo,95,1,0,42,1,183,Top,2026-03-30,2026-03-31T01:40:00Z,SEA,NYY,H,Luis Castillo,True,STARTER,95,21,18,0,0,3,2,7,0,P,,False,https://statsapi.mlb.com/api/v1.1/game/823159/feed/live,both,True,True,https://raw.githubusercontent.com/lancebroz/mlb-pitcher-data/main/data/raw/2026/daily/2026-03-30.parquet,QA_VALIDATED
823159,642100,Gabe Speier,16,8,57,60,237,252,Top,2026-03-30,2026-03-31T01:40:00Z,SEA,NYY,H,Gabe Speier,False,RELIEF_OR_BULK,16,4,3,0,0,1,0,2,0,P,,False,https://statsapi.mlb.com/api/v1.1/game/823159/feed/live,both,True,True,https://raw.githubusercontent.com/lancebroz/mlb-pitcher-data/main/data/raw/2026/daily/2026-03-30.parquet,QA_VALIDATED
823159,656234,Jake Bird,14,6,43,46,184,197,Bot,2026-03-30,2026-03-31T01:40:00Z,NYY,SEA,A,Jake Bird,False,RELIEF_OR_BULK,14,4,3,0,0,0,0,0,0,P,,False,https://statsapi.mlb.com/api/v1.1/game/823159/feed/live,both,True,True,https://raw.githubusercontent.com/lancebroz/mlb-pitcher-data/main/data/raw/2026/daily/2026-03-30.parquet,QA_VALIDATED
823159,660825,Eduard Bazardo,6,7,50,51,213,218,Top,2026-03-30,2026-03-31T01:40:00Z,SEA,NYY,H,Eduard Bazardo,False,RELIEF_OR_BULK,6,2,2,0,0,0,0,0,0,P,,False,https://statsapi.mlb.com/api/v1.1/game/823159/feed/live,both,True,True,https://raw.githubusercontent.com/lancebroz/mlb-pitcher-data/main/data/raw/2026/daily/2026-03-30.parquet,QA_VALIDATED
823159,666374,Matt Brash,17,9,65,68,263,279,Top,2026-03-30,2026-03-31T01:40:00Z,SEA,NYY,H,Matt Brash,False,RELIEF_OR_BULK,17,4,3,0,0,1,0,1,0,P,,False,https://statsapi.mlb.com/api/v1.1/game/823159/feed/live,both,True,True,https://raw.githubusercontent.com/lancebroz/mlb-pitcher-data/main/data/raw/2026/daily/2026-03-30.parquet,QA_VALIDATED
823159,666808,Camilo Doval,2,7,56,56,235,236,Bot,2026-03-30,2026-03-31T01:40:00Z,NYY,SEA,A,Camilo Doval,False,RELIEF_OR_BULK,2,1,1,0,0,0,0,0,0,P,,False,https://statsapi.mlb.com/api/v1.1/game/823159/feed/live,both,True,True,https://raw.githubusercontent.com/lancebroz/mlb-pitcher-data/main/data/raw/2026/daily/2026-03-30.parquet,QA_VALIDATED
823159,677960,Ryan Weathers,77,1,3,37,11,163,Bot,2026-03-30,2026-03-31T01:40:00Z,NYY,SEA,A,Ryan Weathers,True,STARTER,77,19,13,1,1,4,2,7,0,P,,False,https://statsapi.mlb.com/api/v1.1/game/823159/feed/live,both,True,True,https://raw.githubusercontent.com/lancebroz/mlb-pitcher-data/main/data/raw/2026/daily/2026-03-30.parquet,QA_VALIDATED
823159,678606,José A. Ferrer,15,7,47,49,198,212,Top,2026-03-30,2026-03-31T01:40:00Z,SEA,NYY,H,José A. Ferrer,False,RELIEF_OR_BULK,15,3,1,1,0,1,0,0,0,P,,False,https://statsapi.mlb.com/api/v1.1/game/823159/feed/live,both,True,True,https://raw.githubusercontent.com/lancebroz/mlb-pitcher-data/main/data/raw/2026/daily/2026-03-30.parquet,QA_VALIDATED
823159,687396,Brent Headrick,16,7,52,55,219,234,Bot,2026-03-30,2026-03-31T01:40:00Z,NYY,SEA,A,Brent Headrick,False,RELIEF_OR_BULK,16,4,2,0,0,2,0,2,0,P,,False,https://statsapi.mlb.com/api/v1.1/game/823159/feed/live,both,True,True,https://raw.githubusercontent.com/lancebroz/mlb-pitcher-data/main/data/raw/2026/daily/2026-03-30.parquet,QA_VALIDATED
823320,593974,Wandy Peralta,14,5,33,35,126,139,Top,2026-03-30,2026-03-31T01:40:00Z,SD,SF,H,Wandy Peralta,False,RELIEF_OR_BULK,14,3,3,0,0,0,0,0,0,P,,False,https://statsapi.mlb.com/api/v1.1/game/823320/feed/live,both,True,True,https://raw.githubusercontent.com/lancebroz/mlb-pitcher-data/main/data/raw/2026/daily/2026-03-30.parquet,QA_VALIDATED
823320,621111,Walker Buehler,72,1,0,28,1,108,Top,2026-03-30,2026-03-31T01:40:00Z,SD,SF,H,Walker Buehler,True,STARTER,72,19,12,3,3,5,2,3,1,P,,False,https://statsapi.mlb.com/api/v1.1/game/823320/feed/live,both,True,True,https://raw.githubusercontent.com/lancebroz/mlb-pitcher-data/main/data/raw/2026/daily/2026-03-30.parquet,QA_VALIDATED
823320,657424,Matt Gage,15,7,51,53,195,209,Bot,2026-03-30,2026-03-31T01:40:00Z,SF,SD,A,Matt Gage,False,RELIEF_OR_BULK,15,3,3,0,0,0,0,0,0,P,,False,https://statsapi.mlb.com/api/v1.1/game/823320/feed/live,both,True,True,https://raw.githubusercontent.com/lancebroz/mlb-pitcher-data/main/data/raw/2026/daily/2026-03-30.parquet,QA_VALIDATED
823320,676254,Ryan Walker,22,9,63,67,252,273,Bot,2026-03-30,2026-03-31T01:40:00Z,SF,SD,A,Ryan Walker,False,RELIEF_OR_BULK,22,5,3,2,2,1,1,1,1,P,,False,https://statsapi.mlb.com/api/v1.1/game/823320/feed/live,both,True,True,https://raw.githubusercontent.com/lancebroz/mlb-pitcher-data/main/data/raw/2026/daily/2026-03-30.parquet,QA_VALIDATED
823320,676760,Ron Marinaccio,29,8,54,62,210,251,Top,2026-03-30,2026-03-31T01:40:00Z,SD,SF,H,Ron Marinaccio,False,RELIEF_OR_BULK,29,6,6,0,0,0,0,2,0,P,,False,https://statsapi.mlb.com/api/v1.1/game/823320/feed/live,both,True,True,https://raw.githubusercontent.com/lancebroz/mlb-pitcher-data/main/data/raw/2026/daily/2026-03-30.parquet,QA_VALIDATED
823320,676775,Keaton Winn,13,8,57,59,227,239,Bot,2026-03-30,2026-03-31T01:40:00Z,SF,SD,A,Keaton Winn,False,RELIEF_OR_BULK,13,3,3,0,0,0,0,3,0,P,,False,https://statsapi.mlb.com/api/v1.1/game/823320/feed/live,both,True,True,https://raw.githubusercontent.com/lancebroz/mlb-pitcher-data/main/data/raw/2026/daily/2026-03-30.parquet,QA_VALIDATED
823320,688158,David Morgan,20,6,40,50,161,194,Top,2026-03-30,2026-03-31T01:40:00Z,SD,SF,H,David Morgan,False,RELIEF_OR_BULK,20,8,6,0,0,1,1,2,0,P,,False,https://statsapi.mlb.com/api/v1.1/game/823320/feed/live,both,True,True,https://raw.githubusercontent.com/lancebroz/mlb-pitcher-data/main/data/raw/2026/daily/2026-03-30.parquet,QA_VALIDATED
823320,694738,Landen Roupp,88,1,3,45,11,184,Bot,2026-03-30,2026-03-31T01:40:00Z,SF,SD,A,Landen Roupp,True,STARTER,88,21,18,0,0,2,2,7,0,P,,False,https://statsapi.mlb.com/api/v1.1/game/823320/feed/live,both,True,True,https://raw.githubusercontent.com/lancebroz/mlb-pitcher-data/main/data/raw/2026/daily/2026-03-30.parquet,QA_VALIDATED
823484,592836,Taijuan Walker,99,1,0,42,1,160,Top,2026-03-30,2026-03-30T22:40:00Z,PHI,WSH,H,Taijuan Walker,True,STARTER,99,29,14,7,6,10,3,2,0,P,,False,https://statsapi.mlb.com/api/v1.1/game/823484/feed/live,both,True,True,https://raw.githubusercontent.com/lancebroz/mlb-pitcher-data/main/data/raw/2026/daily/2026-03-30.parquet,QA_VALIDATED
823484,621237,José Alvarado,29,9,76,81,286,314,Top,2026-03-30,2026-03-30T22:40:00Z,PHI,WSH,H,José Alvarado,False,RELIEF_OR_BULK,29,6,1,4,4,3,2,1,0,P,,False,https://statsapi.mlb.com/api/v1.1/game/823484/feed/live,both,True,True,https://raw.githubusercontent.com/lancebroz/mlb-pitcher-data/main/data/raw/2026/daily/2026-03-30.parquet,QA_VALIDATED
823484,641835,Tim Mayza,23,7,61,71,221,271,Top,2026-03-30,2026-03-30T22:40:00Z,PHI,WSH,H,Tim Mayza,False,RELIEF_OR_BULK,23,6,6,0,0,0,0,2,0,P,,False,https://statsapi.mlb.com/api/v1.1/game/823484/feed/live,both,True,True,https://raw.githubusercontent.com/lancebroz/mlb-pitcher-data/main/data/raw/2026/daily/2026-03-30.parquet,QA_VALIDATED
823484,656492,Foster Griffin,86,1,10,50,29,189,Bot,2026-03-30,2026-03-30T22:40:00Z,WSH,PHI,A,Foster Griffin,True,STARTER,86,21,15,2,2,5,0,5,1,P,,False,https://statsapi.mlb.com/api/v1.1/game/823484/feed/live,both,True,True,https://raw.githubusercontent.com/lancebroz/mlb-pitcher-data/main/data/raw/2026/daily/2026-03-30.parquet,QA_VALIDATED
823484,664238,Dylan Moore,7,9,82,84,315,321,Top,2026-03-30,2026-03-30T22:40:00Z,PHI,WSH,H,Dylan Moore,False,RELIEF_OR_BULK,8,3,2,0,0,1,0,0,0,P,,False,https://statsapi.mlb.com/api/v1.1/game/823484/feed/live,both,False,True,https://raw.githubusercontent.com/lancebroz/mlb-pitcher-data/main/data/raw/2026/daily/2026-03-30.parquet,QA_REVIEW
823484,669371,Cole Henry,18,9,85,89,322,339,Bot,2026-03-30,2026-03-30T22:40:00Z,WSH,PHI,A,Cole Henry,False,RELIEF_OR_BULK,18,5,3,0,0,1,1,1,0,P,,False,https://statsapi.mlb.com/api/v1.1/game/823484/feed/live,both,True,True,https://raw.githubusercontent.com/lancebroz/mlb-pitcher-data/main/data/raw/2026/daily/2026-03-30.parquet,QA_VALIDATED
823484,680742,Jonathan Bowlan,26,5,43,56,161,211,Top,2026-03-30,2026-03-30T22:40:00Z,PHI,WSH,H,Jonathan Bowlan,False,RELIEF_OR_BULK,26,6,4,2,2,3,0,1,0,P,,False,https://statsapi.mlb.com/api/v1.1/game/823484/feed/live,both,True,True,https://raw.githubusercontent.com/lancebroz/mlb-pitcher-data/main/data/raw/2026/daily/2026-03-30.parquet,QA_VALIDATED
823484,695418,Brad Lord,51,6,57,75,212,285,Bot,2026-03-30,2026-03-30T22:40:00Z,WSH,PHI,A,Brad Lord,False,RELIEF_OR_BULK,51,13,9,0,0,1,1,3,0,P,,False,https://statsapi.mlb.com/api/v1.1/game/823484/feed/live,both,True,True,https://raw.githubusercontent.com/lancebroz/mlb-pitcher-data/main/data/raw/2026/daily/2026-03-30.parquet,QA_VALIDATED
823809,607259,Nick Martinez,88,1,6,46,27,182,Bot,2026-03-30,2026-03-30T23:40:00Z,TB,MIL,A,Nick Martinez,True,STARTER,88,24,18,2,2,6,0,3,1,P,,False,https://statsapi.mlb.com/api/v1.1/game/823809/feed/live,both,True,True,https://raw.githubusercontent.com/lancebroz/mlb-pitcher-data/main/data/raw/2026/daily/2026-03-30.parquet,QA_VALIDATED
823809,643377,Griffin Jax,15,7,51,53,200,214,Bot,2026-03-30,2026-03-30T23:40:00Z,TB,MIL,A,Griffin Jax,False,RELIEF_OR_BULK,15,3,3,0,0,0,0,1,0,P,,False,https://statsapi.mlb.com/api/v1.1/game/823809/feed/live,both,True,True,https://raw.githubusercontent.com/lancebroz/mlb-pitcher-data/main/data/raw/2026/daily/2026-03-30.parquet,QA_VALIDATED
823809,656730,Trevor Megill,20,9,62,66,241,260,Top,2026-03-30,2026-03-30T23:40:00Z,MIL,TB,H,Trevor Megill,False,RELIEF_OR_BULK,20,5,3,1,1,1,1,1,0,P,,False,https://statsapi.mlb.com/api/v1.1/game/823809/feed/live,both,True,True,https://raw.githubusercontent.com/lancebroz/mlb-pitcher-data/main/data/raw/2026/daily/2026-03-30.parquet,QA_VALIDATED
823809,664076,Garrett Cleavinger,16,8,57,61,225,240,Bot,2026-03-30,2026-03-30T23:40:00Z,TB,MIL,A,Garrett Cleavinger,False,RELIEF_OR_BULK,16,5,3,0,0,0,2,2,0,P,,False,https://statsapi.mlb.com/api/v1.1/game/823809/feed/live,both,True,True,https://raw.githubusercontent.com/lancebroz/mlb-pitcher-data/main/data/raw/2026/daily/2026-03-30.parquet,QA_VALIDATED
823809,672582,Angel Zerpa,10,8,54,56,215,224,Top,2026-03-30,2026-03-30T23:40:00Z,MIL,TB,H,Angel Zerpa,False,RELIEF_OR_BULK,10,3,3,0,0,0,0,2,0,P,,False,https://statsapi.mlb.com/api/v1.1/game/823809/feed/live,both,True,True,https://raw.githubusercontent.com/lancebroz/mlb-pitcher-data/main/data/raw/2026/daily/2026-03-30.parquet,QA_VALIDATED
823809,676879,Aaron Ashby,24,6,38,50,158,199,Top,2026-03-30,2026-03-30T23:40:00Z,MIL,TB,H,Aaron Ashby,False,RELIEF_OR_BULK,24,7,6,1,1,2,0,3,1,P,,False,https://statsapi.mlb.com/api/v1.1/game/823809/feed/live,both,True,True,https://raw.githubusercontent.com/lancebroz/mlb-pitcher-data/main/data/raw/2026/daily/2026-03-30.parquet,QA_VALIDATED
823809,687330,Kevin Kelly,5,9,70,70,269,273,Bot,2026-03-30,2026-03-30T23:40:00Z,TB,MIL,A,Kevin Kelly,False,RELIEF_OR_BULK,5,1,1,0,0,0,0,0,0,P,,False,https://statsapi.mlb.com/api/v1.1/game/823809/feed/live,both,True,True,https://raw.githubusercontent.com/lancebroz/mlb-pitcher-data/main/data/raw/2026/daily/2026-03-30.parquet,QA_VALIDATED
823809,690986,Kyle Harrison,87,1,0,34,1,147,Top,2026-03-30,2026-03-30T23:40:00Z,MIL,TB,H,Kyle Harrison,True,STARTER,87,20,15,1,1,4,1,8,1,P,,False,https://statsapi.mlb.com/api/v1.1/game/823809/feed/live,both,True,True,https://raw.githubusercontent.com/lancebroz/mlb-pitcher-data/main/data/raw/2026/daily/2026-03-30.parquet,QA_VALIDATED
823809,693855,Ian Seymour,8,9,67,69,261,268,Bot,2026-03-30,2026-03-30T23:40:00Z,TB,MIL,A,Ian Seymour,False,RELIEF_OR_BULK,8,3,2,0,0,0,0,1,0,P,,False,https://statsapi.mlb.com/api/v1.1/game/823809/feed/live,both,True,True,https://raw.githubusercontent.com/lancebroz/mlb-pitcher-data/main/data/raw/2026/daily/2026-03-30.parquet,QA_VALIDATED
823890,656794,Sean Newcomb,51,6,50,68,200,275,Bot,2026-03-30,2026-03-30T22:40:00Z,CWS,MIA,A,Sean Newcomb,False,RELIEF_OR_BULK,51,12,8,1,1,3,1,5,0,P,,False,https://statsapi.mlb.com/api/v1.1/game/823890/feed/live,both,True,True,https://raw.githubusercontent.com/lancebroz/mlb-pitcher-data/main/data/raw/2026/daily/2026-03-30.parquet,QA_VALIDATED
823890,656848,Michael Petersen,11,9,70,72,278,288,Top,2026-03-30,2026-03-30T22:40:00Z,MIA,CWS,H,Michael Petersen,False,RELIEF_OR_BULK,11,3,3,0,0,0,0,1,0,P,,False,https://statsapi.mlb.com/api/v1.1/game/823890/feed/live,both,True,True,https://raw.githubusercontent.com/lancebroz/mlb-pitcher-data/main/data/raw/2026/daily/2026-03-30.parquet,QA_VALIDATED
823890,663436,Davis Martin,92,1,3,45,10,185,Bot,2026-03-30,2026-03-30T22:40:00Z,CWS,MIA,A,Davis Martin,True,STARTER,92,21,15,3,3,5,2,6,1,P,,False,https://statsapi.mlb.com/api/v1.1/game/823890/feed/live,both,True,True,https://raw.githubusercontent.com/lancebroz/mlb-pitcher-data/main/data/raw/2026/daily/2026-03-30.parquet,QA_VALIDATED
823890,663855,Jordan Hicks,13,8,69,76,276,299,Bot,2026-03-30,2026-03-30T22:40:00Z,CWS,MIA,A,Jordan Hicks,False,RELIEF_OR_BULK,13,5,4,0,0,0,1,1,0,P,,False,https://statsapi.mlb.com/api/v1.1/game/823890/feed/live,both,True,True,https://raw.githubusercontent.com/lancebroz/mlb-pitcher-data/main/data/raw/2026/daily/2026-03-30.parquet,QA_VALIDATED
823890,663978,Chris Paddack,79,1,0,30,1,127,Top,2026-03-30,2026-03-30T22:40:00Z,MIA,CWS,H,Chris Paddack,True,STARTER,79,21,12,8,8,8,0,6,2,P,,False,https://statsapi.mlb.com/api/v1.1/game/823890/feed/live,both,True,True,https://raw.githubusercontent.com/lancebroz/mlb-pitcher-data/main/data/raw/2026/daily/2026-03-30.parquet,QA_VALIDATED
823890,667463,John King,11,8,59,62,238,248,Top,2026-03-30,2026-03-30T22:40:00Z,MIA,CWS,H,John King,False,RELIEF_OR_BULK,11,4,3,0,0,0,1,0,0,P,,False,https://statsapi.mlb.com/api/v1.1/game/823890/feed/live,both,True,True,https://raw.githubusercontent.com/lancebroz/mlb-pitcher-data/main/data/raw/2026/daily/2026-03-30.parquet,QA_VALIDATED
823890,669199,Lake Bachar,42,5,36,55,151,225,Top,2026-03-30,2026-03-30T22:40:00Z,MIA,CWS,H,Lake Bachar,False,RELIEF_OR_BULK,42,11,9,1,1,1,1,3,0,P,,False,https://statsapi.mlb.com/api/v1.1/game/823890/feed/live,both,True,True,https://raw.githubusercontent.com/lancebroz/mlb-pitcher-data/main/data/raw/2026/daily/2026-03-30.parquet,QA_VALIDATED
823972,542888,Shawn Armstrong,12,7,53,56,209,220,Bot,2026-03-30,2026-03-31T02:10:00Z,CLE,LAD,A,Shawn Armstrong,False,RELIEF_OR_BULK,12,4,2,0,0,2,0,0,0,P,,False,https://statsapi.mlb.com/api/v1.1/game/823972/feed/live,both,True,True,https://raw.githubusercontent.com/lancebroz/mlb-pitcher-data/main/data/raw/2026/daily/2026-03-30.parquet,QA_VALIDATED
823972,656945,Tanner Scott,16,5,32,35,128,143,Top,2026-03-30,2026-03-31T02:10:00Z,LAD,CLE,H,Tanner Scott,False,RELIEF_OR_BULK,16,4,3,0,0,1,0,2,0,P,,False,https://statsapi.mlb.com/api/v1.1/game/823972/feed/live,both,True,True,https://raw.githubusercontent.com/lancebroz/mlb-pitcher-data/main/data/raw/2026/daily/2026-03-30.parquet,QA_VALIDATED
823972,671922,Cade Smith,29,9,67,71,263,291,Bot,2026-03-30,2026-03-31T02:10:00Z,CLE,LAD,A,Cade Smith,False,RELIEF_OR_BULK,29,5,3,2,2,2,0,0,0,P,,False,https://statsapi.mlb.com/api/v1.1/game/823972/feed/live,both,True,True,https://raw.githubusercontent.com/lancebroz/mlb-pitcher-data/main/data/raw/2026/daily/2026-03-30.parquet,QA_VALIDATED
823972,680736,Justin Wrobleski,60,6,39,66,161,262,Top,2026-03-30,2026-03-31T02:10:00Z,LAD,CLE,H,Justin Wrobleski,False,RELIEF_OR_BULK,60,17,12,3,3,4,1,2,0,P,,False,https://statsapi.mlb.com/api/v1.1/game/823972/feed/live,both,True,True,https://raw.githubusercontent.com/lancebroz/mlb-pitcher-data/main/data/raw/2026/daily/2026-03-30.parquet,QA_VALIDATED
823972,681870,Erik Sabrowski,20,7,57,63,221,249,Bot,2026-03-30,2026-03-31T02:10:00Z,CLE,LAD,A,Erik Sabrowski,False,RELIEF_OR_BULK,20,4,4,0,0,0,0,1,0,P,,False,https://statsapi.mlb.com/api/v1.1/game/823972/feed/live,both,True,True,https://raw.githubusercontent.com/lancebroz/mlb-pitcher-data/main/data/raw/2026/daily/2026-03-30.parquet,QA_VALIDATED
823972,800048,Parker Messick,76,1,4,44,22,179,Bot,2026-03-30,2026-03-31T02:10:00Z,CLE,LAD,A,Parker Messick,True,STARTER,76,20,18,0,0,5,0,5,0,P,,False,https://statsapi.mlb.com/api/v1.1/game/823972/feed/live,both,True,True,https://raw.githubusercontent.com/lancebroz/mlb-pitcher-data/main/data/raw/2026/daily/2026-03-30.parquet,QA_VALIDATED
823972,808963,Roki Sasaki,78,1,0,31,1,127,Top,2026-03-30,2026-03-31T02:10:00Z,LAD,CLE,H,Roki Sasaki,True,STARTER,78,18,12,1,1,4,2,4,0,P,,False,https://statsapi.mlb.com/api/v1.1/game/823972/feed/live,both,True,True,https://raw.githubusercontent.com/lancebroz/mlb-pitcher-data/main/data/raw/2026/daily/2026-03-30.parquet,QA_VALIDATED
824135,573124,Taylor Rogers,14,8,57,59,212,225,Bot,2026-03-30,2026-03-30T20:10:00Z,MIN,KC,A,Taylor Rogers,False,RELIEF_OR_BULK,14,3,3,0,0,0,0,1,0,P,,False,https://statsapi.mlb.com/api/v1.1/game/824135/feed/live,both,True,True,https://raw.githubusercontent.com/lancebroz/mlb-pitcher-data/main/data/raw/2026/daily/2026-03-30.parquet,QA_VALIDATED
824135,623437,Justin Topa,10,7,52,53,194,203,Bot,2026-03-30,2026-03-30T20:10:00Z,MIN,KC,A,Justin Topa,False,RELIEF_OR_BULK,10,2,2,0,0,0,0,1,0,P,,False,https://statsapi.mlb.com/api/v1.1/game/824135/feed/live,both,True,True,https://raw.githubusercontent.com/lancebroz/mlb-pitcher-data/main/data/raw/2026/daily/2026-03-30.parquet,QA_VALIDATED
824135,663460,Kris Bubic,75,1,0,41,1,158,Top,2026-03-30,2026-03-30T20:10:00Z,KC,MIN,H,Kris Bubic,True,STARTER,75,22,18,1,1,2,3,4,1,P,,False,https://statsapi.mlb.com/api/v1.1/game/824135/feed/live,both,True,True,https://raw.githubusercontent.com/lancebroz/mlb-pitcher-data/main/data/raw/2026/daily/2026-03-30.parquet,QA_VALIDATED
824135,663738,Daniel Lynch IV,9,7,46,48,175,183,Top,2026-03-30,2026-03-30T20:10:00Z,KC,MIN,H,Daniel Lynch IV,False,RELIEF_OR_BULK,9,3,3,0,0,0,0,1,0,P,,False,https://statsapi.mlb.com/api/v1.1/game/824135/feed/live,both,True,True,https://raw.githubusercontent.com/lancebroz/mlb-pitcher-data/main/data/raw/2026/daily/2026-03-30.parquet,QA_VALIDATED
824135,670167,John Schreiber,15,9,60,63,226,240,Top,2026-03-30,2026-03-30T20:10:00Z,KC,MIN,H,John Schreiber,False,RELIEF_OR_BULK,15,4,3,0,0,1,0,0,0,P,,False,https://statsapi.mlb.com/api/v1.1/game/824135/feed/live,both,True,True,https://raw.githubusercontent.com/lancebroz/mlb-pitcher-data/main/data/raw/2026/daily/2026-03-30.parquet,QA_VALIDATED
824135,680573,Simeon Woods Richardson,83,1,4,37,21,144,Bot,2026-03-30,2026-03-30T20:10:00Z,MIN,KC,A,Simeon Woods Richardson,True,STARTER,83,20,15,2,2,5,1,2,1,P,,False,https://statsapi.mlb.com/api/v1.1/game/824135/feed/live,both,True,True,https://raw.githubusercontent.com/lancebroz/mlb-pitcher-data/main/data/raw/2026/daily/2026-03-30.parquet,QA_VALIDATED
824135,681892,Kody Funderburk,26,6,42,51,159,193,Bot,2026-03-30,2026-03-30T20:10:00Z,MIN,KC,A,Kody Funderburk,False,RELIEF_OR_BULK,26,7,4,1,1,2,1,3,1,P,,False,https://statsapi.mlb.com/api/v1.1/game/824135/feed/live,both,True,True,https://raw.githubusercontent.com/lancebroz/mlb-pitcher-data/main/data/raw/2026/daily/2026-03-30.parquet,QA_VALIDATED
824135,683232,Nick Mears,8,8,54,56,204,211,Top,2026-03-30,2026-03-30T20:10:00Z,KC,MIN,H,Nick Mears,False,RELIEF_OR_BULK,8,3,3,0,0,1,0,1,0,P,,False,https://statsapi.mlb.com/api/v1.1/game/824135/feed/live,both,True,True,https://raw.githubusercontent.com/lancebroz/mlb-pitcher-data/main/data/raw/2026/daily/2026-03-30.parquet,QA_VALIDATED
824214,621121,Lance McCullers Jr.,96,1,0,51,1,196,Top,2026-03-30,2026-03-31T00:10:00Z,HOU,BOS,H,Lance McCullers Jr.,True,STARTER,96,24,21,1,1,4,1,9,0,P,,False,https://statsapi.mlb.com/api/v1.1/game/824214/feed/live,both,True,True,https://raw.githubusercontent.com/lancebroz/mlb-pitcher-data/main/data/raw/2026/daily/2026-03-30.parquet,QA_VALIDATED
824214,624133,Ranger Suarez,76,1,3,34,11,138,Bot,2026-03-30,2026-03-31T00:10:00Z,BOS,HOU,A,Ranger Suarez,True,STARTER,76,20,13,4,4,7,1,3,2,P,,False,https://statsapi.mlb.com/api/v1.1/game/824214/feed/live,both,True,True,https://raw.githubusercontent.com/lancebroz/mlb-pitcher-data/main/data/raw/2026/daily/2026-03-30.parquet,QA_VALIDATED
824214,670912,Johan Oviedo,72,5,35,66,139,264,Bot,2026-03-30,2026-03-31T00:10:00Z,BOS,HOU,A,Johan Oviedo,False,RELIEF_OR_BULK,72,18,11,4,4,6,1,3,2,P,,False,https://statsapi.mlb.com/api/v1.1/game/824214/feed/live,both,True,True,https://raw.githubusercontent.com/lancebroz/mlb-pitcher-data/main/data/raw/2026/daily/2026-03-30.parquet,QA_VALIDATED
824214,680802,Ryan Weiss,33,8,59,69,225,277,Top,2026-03-30,2026-03-31T00:10:00Z,HOU,BOS,H,Ryan Weiss,False,RELIEF_OR_BULK,33,7,6,0,0,0,1,3,0,P,,False,https://statsapi.mlb.com/api/v1.1/game/824214/feed/live,both,True,True,https://raw.githubusercontent.com/lancebroz/mlb-pitcher-data/main/data/raw/2026/daily/2026-03-30.parquet,QA_VALIDATED
824539,664875,Justin Lawrence,16,8,59,61,234,249,Bot,2026-03-30,2026-03-30T22:40:00Z,PIT,CIN,A,Justin Lawrence,False,RELIEF_OR_BULK,16,3,3,0,0,0,0,3,0,P,,False,https://statsapi.mlb.com/api/v1.1/game/824539/feed/live,both,True,True,https://raw.githubusercontent.com/lancebroz/mlb-pitcher-data/main/data/raw/2026/daily/2026-03-30.parquet,QA_VALIDATED
824539,668933,Graham Ashcraft,18,7,51,58,201,233,Top,2026-03-30,2026-03-30T22:40:00Z,CIN,PIT,H,Graham Ashcraft,False,RELIEF_OR_BULK,18,4,4,0,0,0,0,3,0,P,,False,https://statsapi.mlb.com/api/v1.1/game/824539/feed/live,both,True,True,https://raw.githubusercontent.com/lancebroz/mlb-pitcher-data/main/data/raw/2026/daily/2026-03-30.parquet,QA_VALIDATED
824539,676755,Isaac Mattson,15,7,52,55,205,219,Bot,2026-03-30,2026-03-30T22:40:00Z,PIT,CIN,A,Isaac Mattson,False,RELIEF_OR_BULK,15,4,3,0,0,0,1,1,0,P,,False,https://statsapi.mlb.com/api/v1.1/game/824539/feed/live,both,True,True,https://raw.githubusercontent.com/lancebroz/mlb-pitcher-data/main/data/raw/2026/daily/2026-03-30.parquet,QA_VALIDATED
824539,677952,Braxton Ashcraft,87,1,4,46,19,177,Bot,2026-03-30,2026-03-30T22:40:00Z,PIT,CIN,A,Braxton Ashcraft,True,STARTER,87,25,18,2,2,4,4,3,0,P,,False,https://statsapi.mlb.com/api/v1.1/game/824539/feed/live,both,True,True,https://raw.githubusercontent.com/lancebroz/mlb-pitcher-data/main/data/raw/2026/daily/2026-03-30.parquet,QA_VALIDATED
824539,683175,Connor Phillips,20,9,62,66,250,269,Top,2026-03-30,2026-03-30T22:40:00Z,CIN,PIT,H,Connor Phillips,False,RELIEF_OR_BULK,20,5,3,0,0,0,2,1,0,P,,False,https://statsapi.mlb.com/api/v1.1/game/824539/feed/live,both,True,True,https://raw.githubusercontent.com/lancebroz/mlb-pitcher-data/main/data/raw/2026/daily/2026-03-30.parquet,QA_VALIDATED
824539,683742,Jose Franco,35,6,40,50,145,200,Top,2026-03-30,2026-03-30T22:40:00Z,CIN,PIT,H,Jose Franco,False,RELIEF_OR_BULK,35,7,5,0,0,3,0,0,0,P,,False,https://statsapi.mlb.com/api/v1.1/game/824539/feed/live,both,True,True,https://raw.githubusercontent.com/lancebroz/mlb-pitcher-data/main/data/raw/2026/daily/2026-03-30.parquet,QA_VALIDATED
824539,695505,Chase Burns,78,1,0,35,1,135,Top,2026-03-30,2026-03-30T22:40:00Z,CIN,PIT,H,Chase Burns,True,STARTER,78,19,15,0,0,1,3,7,0,P,,False,https://statsapi.mlb.com/api/v1.1/game/824539/feed/live,both,True,True,https://raw.githubusercontent.com/lancebroz/mlb-pitcher-data/main/data/raw/2026/daily/2026-03-30.parquet,QA_VALIDATED
824702,607067,Colin Rea,42,7,50,70,197,271,Top,2026-03-30,2026-03-30T23:40:00Z,CHC,LAA,H,Colin Rea,False,RELIEF_OR_BULK,42,13,9,2,2,4,0,4,1,P,,False,https://statsapi.mlb.com/api/v1.1/game/824702/feed/live,both,True,True,https://raw.githubusercontent.com/lancebroz/mlb-pitcher-data/main/data/raw/2026/daily/2026-03-30.parquet,QA_VALIDATED
824702,641312,Shaun Anderson,40,6,47,65,190,252,Bot,2026-03-30,2026-03-30T23:40:00Z,LAA,CHC,A,Shaun Anderson,False,RELIEF_OR_BULK,40,11,9,1,1,1,2,1,0,P,,False,https://statsapi.mlb.com/api/v1.1/game/824702/feed/live,both,True,True,https://raw.githubusercontent.com/lancebroz/mlb-pitcher-data/main/data/raw/2026/daily/2026-03-30.parquet,QA_VALIDATED
824702,664192,Joey Lucchesi,30,4,34,43,132,172,Bot,2026-03-30,2026-03-30T23:40:00Z,LAA,CHC,A,Joey Lucchesi,False,RELIEF_OR_BULK,29,7,5,0,0,1,1,2,0,P,,False,https://statsapi.mlb.com/api/v1.1/game/824702/feed/live,both,False,True,https://raw.githubusercontent.com/lancebroz/mlb-pitcher-data/main/data/raw/2026/daily/2026-03-30.parquet,QA_REVIEW
824702,665795,Edward Cabrera,80,1,0,46,1,189,Top,2026-03-30,2026-03-30T23:40:00Z,CHC,LAA,H,Edward Cabrera,True,STARTER,80,19,18,0,0,1,1,5,0,P,,False,https://statsapi.mlb.com/api/v1.1/game/824702/feed/live,both,True,True,https://raw.githubusercontent.com/lancebroz/mlb-pitcher-data/main/data/raw/2026/daily/2026-03-30.parquet,QA_VALIDATED
824702,696270,Ryan Johnson,79,1,3,33,19,131,Bot,2026-03-30,2026-03-30T23:40:00Z,LAA,CHC,A,Ryan Johnson,True,STARTER,80,21,10,6,6,7,4,2,1,P,,False,https://statsapi.mlb.com/api/v1.1/game/824702/feed/live,both,False,True,https://raw.githubusercontent.com/lancebroz/mlb-pitcher-data/main/data/raw/2026/daily/2026-03-30.parquet,QA_REVIEW
824863,596001,Jakob Junis,8,7,59,61,238,245,Bot,2026-03-30,2026-03-30T22:35:00Z,TEX,BAL,A,Jakob Junis,False,RELIEF_OR_BULK,8,3,3,0,0,0,0,0,0,P,,False,https://statsapi.mlb.com/api/v1.1/game/824863/feed/live,both,True,True,https://raw.githubusercontent.com/lancebroz/mlb-pitcher-data/main/data/raw/2026/daily/2026-03-30.parquet,QA_VALIDATED
824863,605135,Chris Bassitt,100,1,0,39,1,155,Top,2026-03-30,2026-03-30T22:35:00Z,BAL,TEX,H,Chris Bassitt,True,STARTER,100,25,13,4,4,6,4,3,0,P,,False,https://statsapi.mlb.com/api/v1.1/game/824863/feed/live,both,True,True,https://raw.githubusercontent.com/lancebroz/mlb-pitcher-data/main/data/raw/2026/daily/2026-03-30.parquet,QA_VALIDATED
824863,608650,Dietrich Enns,34,5,40,52,156,212,Top,2026-03-30,2026-03-30T22:35:00Z,BAL,TEX,H,Dietrich Enns,False,RELIEF_OR_BULK,34,7,5,0,0,1,1,4,0,P,,False,https://statsapi.mlb.com/api/v1.1/game/824863/feed/live,both,True,True,https://raw.githubusercontent.com/lancebroz/mlb-pitcher-data/main/data/raw/2026/daily/2026-03-30.parquet,QA_VALIDATED
824863,641302,Tyler Alexander,10,9,76,78,295,304,Bot,2026-03-30,2026-03-30T22:35:00Z,TEX,BAL,A,Tyler Alexander,False,RELIEF_OR_BULK,10,3,3,0,0,0,0,2,0,P,,False,https://statsapi.mlb.com/api/v1.1/game/824863/feed/live,both,True,True,https://raw.githubusercontent.com/lancebroz/mlb-pitcher-data/main/data/raw/2026/daily/2026-03-30.parquet,QA_VALIDATED
824863,656222,Jalen Beeks,13,8,65,69,256,268,Bot,2026-03-30,2026-03-30T22:35:00Z,TEX,BAL,A,Jalen Beeks,False,RELIEF_OR_BULK,13,5,3,0,0,2,0,1,0,P,,False,https://statsapi.mlb.com/api/v1.1/game/824863/feed/live,both,True,True,https://raw.githubusercontent.com/lancebroz/mlb-pitcher-data/main/data/raw/2026/daily/2026-03-30.parquet,QA_VALIDATED
824863,669330,Tyler Wells,26,9,70,75,269,294,Top,2026-03-30,2026-03-30T22:35:00Z,BAL,TEX,H,Tyler Wells,False,RELIEF_OR_BULK,26,6,3,1,1,3,0,1,0,P,,False,https://statsapi.mlb.com/api/v1.1/game/824863/feed/live,both,True,True,https://raw.githubusercontent.com/lancebroz/mlb-pitcher-data/main/data/raw/2026/daily/2026-03-30.parquet,QA_VALIDATED
824863,670329,Rico Garcia,21,7,56,64,227,255,Top,2026-03-30,2026-03-30T22:35:00Z,BAL,TEX,H,Rico Garcia,False,RELIEF_OR_BULK,21,6,6,0,0,0,0,3,0,P,,False,https://statsapi.mlb.com/api/v1.1/game/824863/feed/live,both,True,True,https://raw.githubusercontent.com/lancebroz/mlb-pitcher-data/main/data/raw/2026/daily/2026-03-30.parquet,QA_VALIDATED
824863,683004,Jack Leiter,92,1,7,55,30,226,Bot,2026-03-30,2026-03-30T22:35:00Z,TEX,BAL,A,Jack Leiter,True,STARTER,92,24,18,2,2,5,1,8,1,P,,False,https://statsapi.mlb.com/api/v1.1/game/824863/feed/live,both,True,True,https://raw.githubusercontent.com/lancebroz/mlb-pitcher-data/main/data/raw/2026/daily/2026-03-30.parquet,QA_VALIDATED
824943,547184,Michael Kelly,15,8,64,67,241,255,Bot,2026-03-30,2026-03-30T23:15:00Z,ATH,ATL,A,Michael Kelly,False,RELIEF_OR_BULK,15,4,3,1,1,2,0,1,0,P,,False,https://statsapi.mlb.com/api/v1.1/game/824943/feed/live,both,True,True,https://raw.githubusercontent.com/lancebroz/mlb-pitcher-data/main/data/raw/2026/daily/2026-03-30.parquet,QA_VALIDATED
824943,607481,Aaron Bummer,13,7,53,56,202,214,Top,2026-03-30,2026-03-30T23:15:00Z,ATL,ATH,H,Aaron Bummer,False,RELIEF_OR_BULK,13,4,3,0,0,1,0,2,0,P,,False,https://statsapi.mlb.com/api/v1.1/game/824943/feed/live,both,True,True,https://raw.githubusercontent.com/lancebroz/mlb-pitcher-data/main/data/raw/2026/daily/2026-03-30.parquet,QA_VALIDATED
824943,628452,Raisel Iglesias,8,9,68,70,256,263,Top,2026-03-30,2026-03-30T23:15:00Z,ATL,ATH,H,Raisel Iglesias,False,RELIEF_OR_BULK,8,3,3,0,0,0,0,0,0,P,,False,https://statsapi.mlb.com/api/v1.1/game/824943/feed/live,both,True,True,https://raw.githubusercontent.com/lancebroz/mlb-pitcher-data/main/data/raw/2026/daily/2026-03-30.parquet,QA_VALIDATED
824943,643410,Mark Leiter Jr.,8,7,57,59,215,222,Bot,2026-03-30,2026-03-30T23:15:00Z,ATH,ATL,A,Mark Leiter Jr.,False,RELIEF_OR_BULK,8,3,3,0,0,1,0,0,0,P,,False,https://statsapi.mlb.com/api/v1.1/game/824943/feed/live,both,True,True,https://raw.githubusercontent.com/lancebroz/mlb-pitcher-data/main/data/raw/2026/daily/2026-03-30.parquet,QA_VALIDATED
824943,663158,Robert Suarez,18,8,60,63,223,240,Top,2026-03-30,2026-03-30T23:15:00Z,ATL,ATH,H,Robert Suarez,False,RELIEF_OR_BULK,18,4,3,0,0,1,0,0,0,P,,False,https://statsapi.mlb.com/api/v1.1/game/824943/feed/live,both,True,True,https://raw.githubusercontent.com/lancebroz/mlb-pitcher-data/main/data/raw/2026/daily/2026-03-30.parquet,QA_VALIDATED
824943,665660,Elvis Alvarado,16,6,49,52,186,201,Bot,2026-03-30,2026-03-30T23:15:00Z,ATH,ATL,A,Elvis Alvarado,False,RELIEF_OR_BULK,16,4,3,0,0,1,0,1,0,P,,False,https://statsapi.mlb.com/api/v1.1/game/824943/feed/live,both,True,True,https://raw.githubusercontent.com/lancebroz/mlb-pitcher-data/main/data/raw/2026/daily/2026-03-30.parquet,QA_VALIDATED
824943,682052,Jacob Lopez,91,1,3,37,14,147,Bot,2026-03-30,2026-03-30T23:15:00Z,ATH,ATL,A,Jacob Lopez,True,STARTER,91,22,12,3,3,6,5,0,0,P,,False,https://statsapi.mlb.com/api/v1.1/game/824943/feed/live,both,True,True,https://raw.githubusercontent.com/lancebroz/mlb-pitcher-data/main/data/raw/2026/daily/2026-03-30.parquet,QA_VALIDATED
824943,686993,Justin Sterner,11,5,42,44,164,174,Bot,2026-03-30,2026-03-30T23:15:00Z,ATH,ATL,A,Justin Sterner,False,RELIEF_OR_BULK,11,3,3,0,0,0,0,2,0,P,,False,https://statsapi.mlb.com/api/v1.1/game/824943/feed/live,both,True,True,https://raw.githubusercontent.com/lancebroz/mlb-pitcher-data/main/data/raw/2026/daily/2026-03-30.parquet,QA_VALIDATED
824943,693821,Bryce Elder,83,1,0,48,1,185,Top,2026-03-30,2026-03-30T23:15:00Z,ATL,ATH,H,Bryce Elder,True,STARTER,83,23,18,0,0,5,1,5,0,P,,False,https://statsapi.mlb.com/api/v1.1/game/824943/feed/live,both,True,True,https://raw.githubusercontent.com/lancebroz/mlb-pitcher-data/main/data/raw/2026/daily/2026-03-30.parquet,QA_VALIDATED
825108,434378,Justin Verlander,80,1,5,35,26,160,Bot,2026-03-30,2026-03-31T02:10:00Z,DET,AZ,A,Justin Verlander,True,STARTER,80,19,11,5,5,6,2,1,1,P,,False,https://statsapi.mlb.com/api/v1.1/game/825108/feed/live,both,True,True,https://raw.githubusercontent.com/lancebroz/mlb-pitcher-data/main/data/raw/2026/daily/2026-03-30.parquet,QA_VALIDATED
825108,605452,Joe Ross,26,7,55,62,237,262,Top,2026-03-30,2026-03-31T02:10:00Z,AZ,DET,H,Joe Ross,False,RELIEF_OR_BULK,26,8,2,6,6,5,1,1,0,P,,False,https://statsapi.mlb.com/api/v1.1/game/825108/feed/live,both,True,True,https://raw.githubusercontent.com/lancebroz/mlb-pitcher-data/main/data/raw/2026/daily/2026-03-30.parquet,QA_VALIDATED
825108,623149,Paul Sewald,12,9,80,82,331,342,Top,2026-03-30,2026-03-31T02:10:00Z,AZ,DET,H,Paul Sewald,False,RELIEF_OR_BULK,12,3,3,0,0,0,0,1,0,P,,False,https://statsapi.mlb.com/api/v1.1/game/825108/feed/live,both,True,True,https://raw.githubusercontent.com/lancebroz/mlb-pitcher-data/main/data/raw/2026/daily/2026-03-30.parquet,QA_VALIDATED
825108,640448,Kyle Finnegan,5,7,71,71,291,295,Bot,2026-03-30,2026-03-31T02:10:00Z,DET,AZ,A,Kyle Finnegan,False,RELIEF_OR_BULK,5,1,1,0,0,0,0,0,0,P,,False,https://statsapi.mlb.com/api/v1.1/game/825108/feed/live,both,True,True,https://raw.githubusercontent.com/lancebroz/mlb-pitcher-data/main/data/raw/2026/daily/2026-03-30.parquet,QA_VALIDATED
825108,646241,Enmanuel De Jesus,38,4,36,47,161,207,Bot,2026-03-30,2026-03-31T02:10:00Z,DET,AZ,A,Enmanuel De Jesus,False,RELIEF_OR_BULK,38,9,3,3,3,3,2,1,0,P,,False,https://statsapi.mlb.com/api/v1.1/game/825108/feed/live,both,True,True,https://raw.githubusercontent.com/lancebroz/mlb-pitcher-data/main/data/raw/2026/daily/2026-03-30.parquet,QA_VALIDATED
825108,647336,Michael Soroka,89,1,0,39,1,175,Top,2026-03-30,2026-03-31T02:10:00Z,AZ,DET,H,Michael Soroka,True,STARTER,89,20,15,0,0,4,1,10,0,P,,False,https://statsapi.mlb.com/api/v1.1/game/825108/feed/live,both,True,True,https://raw.githubusercontent.com/lancebroz/mlb-pitcher-data/main/data/raw/2026/daily/2026-03-30.parquet,QA_VALIDATED
825108,656464,Kevin Ginkel,13,6,49,51,211,223,Top,2026-03-30,2026-03-31T02:10:00Z,AZ,DET,H,Kevin Ginkel,False,RELIEF_OR_BULK,13,3,3,0,0,0,0,1,0,P,,False,https://statsapi.mlb.com/api/v1.1/game/825108/feed/live,both,True,True,https://raw.githubusercontent.com/lancebroz/mlb-pitcher-data/main/data/raw/2026/daily/2026-03-30.parquet,QA_VALIDATED
825108,657044,Ryan Thompson,13,7,63,65,263,275,Top,2026-03-30,2026-03-31T02:10:00Z,AZ,DET,H,Ryan Thompson,False,RELIEF_OR_BULK,13,3,0,0,0,1,2,0,0,P,,False,https://statsapi.mlb.com/api/v1.1/game/825108/feed/live,both,True,True,https://raw.githubusercontent.com/lancebroz/mlb-pitcher-data/main/data/raw/2026/daily/2026-03-30.parquet,QA_VALIDATED
825108,663947,Tyler Holton,19,8,75,79,312,330,Bot,2026-03-30,2026-03-31T02:10:00Z,DET,AZ,A,Tyler Holton,False,RELIEF_OR_BULK,19,5,3,0,0,0,2,1,0,P,,False,https://statsapi.mlb.com/api/v1.1/game/825108/feed/live,both,True,True,https://raw.githubusercontent.com/lancebroz/mlb-pitcher-data/main/data/raw/2026/daily/2026-03-30.parquet,QA_VALIDATED
825108,664199,Taylor Clarke,16,8,72,74,296,311,Top,2026-03-30,2026-03-31T02:10:00Z,AZ,DET,H,Taylor Clarke,False,RELIEF_OR_BULK,16,3,3,0,0,0,0,1,0,P,,False,https://statsapi.mlb.com/api/v1.1/game/825108/feed/live,both,True,True,https://raw.githubusercontent.com/lancebroz/mlb-pitcher-data/main/data/raw/2026/daily/2026-03-30.parquet,QA_VALIDATED
825108,666661,Juan Morillo,5,7,66,66,276,280,Top,2026-03-30,2026-03-31T02:10:00Z,AZ,DET,H,Juan Morillo,False,RELIEF_OR_BULK,5,1,1,0,0,0,0,0,0,P,,False,https://statsapi.mlb.com/api/v1.1/game/825108/feed/live,both,True,True,https://raw.githubusercontent.com/lancebroz/mlb-pitcher-data/main/data/raw/2026/daily/2026-03-30.parquet,QA_VALIDATED
825108,676428,Brant Hurter,26,5,48,70,208,290,Bot,2026-03-30,2026-03-31T02:10:00Z,DET,AZ,A,Brant Hurter,False,RELIEF_OR_BULK,26,8,6,1,1,2,0,0,1,P,,False,https://statsapi.mlb.com/api/v1.1/game/825108/feed/live,both,True,True,https://raw.githubusercontent.com/lancebroz/mlb-pitcher-data/main/data/raw/2026/daily/2026-03-30.parquet,QA_VALIDATED
822836,453286,Max Scherzer,83,1,0,44,1,184,Top,2026-03-31,2026-03-31T23:07:00Z,TOR,COL,H,Max Scherzer,True,STARTER,83,22,18,1,1,4,1,4,1,P,,False,https://statsapi.mlb.com/api/v1.1/game/822836/feed/live,both,True,True,https://raw.githubusercontent.com/lancebroz/mlb-pitcher-data/main/data/raw/2026/daily/2026-03-31.parquet,QA_VALIDATED
822836,656546,Jeff Hoffman,15,9,70,73,283,297,Top,2026-03-31,2026-03-31T23:07:00Z,TOR,COL,H,Jeff Hoffman,False,RELIEF_OR_BULK,15,4,3,0,0,1,0,1,0,P,,False,https://statsapi.mlb.com/api/v1.1/game/822836/feed/live,both,True,True,https://raw.githubusercontent.com/lancebroz/mlb-pitcher-data/main/data/raw/2026/daily/2026-03-31.parquet,QA_VALIDATED
822836,657514,Brennan Bernardino,15,6,45,48,185,199,Bot,2026-03-31,2026-03-31T23:07:00Z,COL,TOR,A,Brennan Bernardino,False,RELIEF_OR_BULK,15,4,3,0,0,1,0,1,0,P,,False,https://statsapi.mlb.com/api/v1.1/game/822836/feed/live,both,True,True,https://raw.githubusercontent.com/lancebroz/mlb-pitcher-data/main/data/raw/2026/daily/2026-03-31.parquet,QA_VALIDATED
822836,663372,Ryan Feltner,47,1,3,21,14,89,Bot,2026-03-31,2026-03-31T23:07:00Z,COL,TOR,A,Ryan Feltner,True,STARTER,47,11,9,0,0,1,1,4,0,P,,False,https://statsapi.mlb.com/api/v1.1/game/822836/feed/live,both,True,True,https://raw.githubusercontent.com/lancebroz/mlb-pitcher-data/main/data/raw/2026/daily/2026-03-31.parquet,QA_VALIDATED
822836,675848,Juan Mejia,38,4,26,36,103,154,Bot,2026-03-31,2026-03-31T23:07:00Z,COL,TOR,A,Juan Mejia,False,RELIEF_OR_BULK,38,8,4,2,2,4,1,0,0,P,,False,https://statsapi.mlb.com/api/v1.1/game/822836/feed/live,both,True,True,https://raw.githubusercontent.com/lancebroz/mlb-pitcher-data/main/data/raw/2026/daily/2026-03-31.parquet,QA_VALIDATED
822836,677955,Jaden Hill,16,5,37,40,155,170,Bot,2026-03-31,2026-03-31T23:07:00Z,COL,TOR,A,Jaden Hill,False,RELIEF_OR_BULK,16,4,2,0,0,1,1,2,0,P,,False,https://statsapi.mlb.com/api/v1.1/game/822836/feed/live,both,True,True,https://raw.githubusercontent.com/lancebroz/mlb-pitcher-data/main/data/raw/2026/daily/2026-03-31.parquet,QA_VALIDATED
822836,680755,Braydon Fisher,23,7,52,63,215,268,Top,2026-03-31,2026-03-31T23:07:00Z,TOR,COL,H,Braydon Fisher,False,RELIEF_OR_BULK,23,4,4,0,0,1,0,0,0,P,,False,https://statsapi.mlb.com/api/v1.1/game/822836/feed/live,both,True,True,https://raw.githubusercontent.com/lancebroz/mlb-pitcher-data/main/data/raw/2026/daily/2026-03-31.parquet,QA_VALIDATED
822836,688642,Zach Agnos,45,7,53,69,216,282,Bot,2026-03-31,2026-03-31T23:07:00Z,COL,TOR,A,Zach Agnos,False,RELIEF_OR_BULK,45,13,6,3,3,7,1,3,0,P,,False,https://statsapi.mlb.com/api/v1.1/game/822836/feed/live,both,True,True,https://raw.githubusercontent.com/lancebroz/mlb-pitcher-data/main/data/raw/2026/daily/2026-03-31.parquet,QA_VALIDATED
822836,689254,Mason Fluharty,15,7,49,51,200,214,Top,2026-03-31,2026-03-31T23:07:00Z,TOR,COL,H,Mason Fluharty,False,RELIEF_OR_BULK,15,3,2,0,0,1,0,1,0,P,,False,https://statsapi.mlb.com/api/v1.1/game/822836/feed/live,both,True,True,https://raw.githubusercontent.com/lancebroz/mlb-pitcher-data/main/data/raw/2026/daily/2026-03-31.parquet,QA_VALIDATED
823077,592773,Ryne Stanek,22,7,48,51,184,205,Top,2026-03-31,2026-03-31T23:45:00Z,STL,NYM,H,Ryne Stanek,False,RELIEF_OR_BULK,22,4,3,0,0,0,1,1,0,P,,False,https://statsapi.mlb.com/api/v1.1/game/823077/feed/live,both,True,True,https://raw.githubusercontent.com/lancebroz/mlb-pitcher-data/main/data/raw/2026/daily/2026-03-31.parquet,QA_VALIDATED
823077,663992,Richard Lovelady,29,7,52,63,206,247,Bot,2026-03-31,2026-03-31T23:45:00Z,NYM,STL,A,Richard Lovelady,False,RELIEF_OR_BULK,29,9,6,1,1,2,1,2,1,P,,False,https://statsapi.mlb.com/api/v1.1/game/823077/feed/live,both,True,True,https://raw.githubusercontent.com/lancebroz/mlb-pitcher-data/main/data/raw/2026/daily/2026-03-31.parquet,QA_VALIDATED
823077,668941,JoJo Romero,13,8,58,60,224,236,Top,2026-03-31,2026-03-31T23:45:00Z,STL,NYM,H,JoJo Romero,False,RELIEF_OR_BULK,13,3,3,0,0,0,0,1,0,P,,False,https://statsapi.mlb.com/api/v1.1/game/823077/feed/live,both,True,True,https://raw.githubusercontent.com/lancebroz/mlb-pitcher-data/main/data/raw/2026/daily/2026-03-31.parquet,QA_VALIDATED
823077,669467,Andre Pallante,88,1,0,42,1,167,Top,2026-03-31,2026-03-31T23:45:00Z,STL,NYM,H,Andre Pallante,True,STARTER,88,21,15,0,0,3,3,3,0,P,,False,https://statsapi.mlb.com/api/v1.1/game/823077/feed/live,both,True,True,https://raw.githubusercontent.com/lancebroz/mlb-pitcher-data/main/data/raw/2026/daily/2026-03-31.parquet,QA_VALIDATED
823077,673540,Kodai Senga,92,1,5,47,26,183,Bot,2026-03-31,2026-03-31T23:45:00Z,NYM,STL,A,Kodai Senga,True,STARTER,92,25,18,2,2,4,3,9,0,P,,False,https://statsapi.mlb.com/api/v1.1/game/823077/feed/live,both,True,True,https://raw.githubusercontent.com/lancebroz/mlb-pitcher-data/main/data/raw/2026/daily/2026-03-31.parquet,QA_VALIDATED
823077,676617,Riley O'Brien,11,9,64,66,248,258,Top,2026-03-31,2026-03-31T23:45:00Z,STL,NYM,H,Riley O'Brien,False,RELIEF_OR_BULK,11,3,3,0,0,0,0,0,0,P,,False,https://statsapi.mlb.com/api/v1.1/game/823077/feed/live,both,True,True,https://raw.githubusercontent.com/lancebroz/mlb-pitcher-data/main/data/raw/2026/daily/2026-03-31.parquet,QA_VALIDATED
823077,700669,Gordon Graceffo,3,6,43,44,168,170,Top,2026-03-31,2026-03-31T23:45:00Z,STL,NYM,H,Gordon Graceffo,False,RELIEF_OR_BULK,3,2,3,0,0,0,0,0,0,P,,False,https://statsapi.mlb.com/api/v1.1/game/823077/feed/live,both,True,True,https://raw.githubusercontent.com/lancebroz/mlb-pitcher-data/main/data/raw/2026/daily/2026-03-31.parquet,QA_VALIDATED
823158,608331,Max Fried,90,1,6,54,29,209,Bot,2026-03-31,2026-04-01T01:40:00Z,NYY,SEA,A,Max Fried,True,STARTER,90,25,21,0,0,3,1,6,0,P,,False,https://statsapi.mlb.com/api/v1.1/game/823158/feed/live,both,True,True,https://raw.githubusercontent.com/lancebroz/mlb-pitcher-data/main/data/raw/2026/daily/2026-03-31.parquet,QA_VALIDATED
823158,657612,Tim Hill,7,9,66,68,245,251,Bot,2026-03-31,2026-04-01T01:40:00Z,NYY,SEA,A,Tim Hill,False,RELIEF_OR_BULK,7,3,3,0,0,0,0,0,0,P,,False,https://statsapi.mlb.com/api/v1.1/game/823158/feed/live,both,True,True,https://raw.githubusercontent.com/lancebroz/mlb-pitcher-data/main/data/raw/2026/daily/2026-03-31.parquet,QA_VALIDATED
823158,668984,Casey Legumina,18,8,57,65,217,244,Top,2026-03-31,2026-04-01T01:40:00Z,SEA,NYY,H,Casey Legumina,False,RELIEF_OR_BULK,18,5,5,0,0,0,0,1,0,P,,False,https://statsapi.mlb.com/api/v1.1/game/823158/feed/live,both,True,True,https://raw.githubusercontent.com/lancebroz/mlb-pitcher-data/main/data/raw/2026/daily/2026-03-31.parquet,QA_VALIDATED
823158,669302,Logan Gilbert,95,1,0,40,1,159,Top,2026-03-31,2026-04-01T01:40:00Z,SEA,NYY,H,Logan Gilbert,True,STARTER,95,23,16,5,5,7,3,6,0,P,,False,https://statsapi.mlb.com/api/v1.1/game/823158/feed/live,both,True,True,https://raw.githubusercontent.com/lancebroz/mlb-pitcher-data/main/data/raw/2026/daily/2026-03-31.parquet,QA_VALIDATED
823158,677961,Cole Wilcox,31,6,41,56,160,216,Top,2026-03-31,2026-04-01T01:40:00Z,SEA,NYY,H,Cole Wilcox,False,RELIEF_OR_BULK,31,8,6,0,0,2,0,3,0,P,,False,https://statsapi.mlb.com/api/v1.1/game/823158/feed/live,both,True,True,https://raw.githubusercontent.com/lancebroz/mlb-pitcher-data/main/data/raw/2026/daily/2026-03-31.parquet,QA_VALIDATED
823158,687396,Brent Headrick,10,8,59,62,222,231,Bot,2026-03-31,2026-04-01T01:40:00Z,NYY,SEA,A,Brent Headrick,False,RELIEF_OR_BULK,10,4,3,0,0,1,0,1,0,P,,False,https://statsapi.mlb.com/api/v1.1/game/823158/feed/live,both,True,True,https://raw.githubusercontent.com/lancebroz/mlb-pitcher-data/main/data/raw/2026/daily/2026-03-31.parquet,QA_VALIDATED
823322,606996,Kyle Hart,42,4,34,50,134,199,Top,2026-03-31,2026-04-01T01:40:00Z,SD,SF,H,Kyle Hart,False,RELIEF_OR_BULK,42,11,7,4,4,4,1,2,0,P,,False,https://statsapi.mlb.com/api/v1.1/game/823322/feed/live,both,True,True,https://raw.githubusercontent.com/lancebroz/mlb-pitcher-data/main/data/raw/2026/daily/2026-03-31.parquet,QA_VALIDATED
823322,608566,Germán Márquez,65,1,0,26,1,108,Top,2026-03-31,2026-04-01T01:40:00Z,SD,SF,H,Germán Márquez,True,STARTER,65,18,9,4,4,8,1,1,2,P,,False,https://statsapi.mlb.com/api/v1.1/game/823322/feed/live,both,True,True,https://raw.githubusercontent.com/lancebroz/mlb-pitcher-data/main/data/raw/2026/daily/2026-03-31.parquet,QA_VALIDATED
823322,657277,Logan Webb,104,1,7,56,28,216,Bot,2026-03-31,2026-04-01T01:40:00Z,SF,SD,A,Logan Webb,True,STARTER,104,25,18,3,3,3,4,5,0,P,,False,https://statsapi.mlb.com/api/v1.1/game/823322/feed/live,both,True,True,https://raw.githubusercontent.com/lancebroz/mlb-pitcher-data/main/data/raw/2026/daily/2026-03-31.parquet,QA_VALIDATED
823322,664141,JT Brubaker,28,7,60,70,229,274,Bot,2026-03-31,2026-04-01T01:40:00Z,SF,SD,A,JT Brubaker,False,RELIEF_OR_BULK,28,7,6,0,0,2,0,1,0,P,,False,https://statsapi.mlb.com/api/v1.1/game/823322/feed/live,both,True,True,https://raw.githubusercontent.com/lancebroz/mlb-pitcher-data/main/data/raw/2026/daily/2026-03-31.parquet,QA_VALIDATED
823322,669093,Jeremiah Estrada,18,8,64,67,247,264,Top,2026-03-31,2026-04-01T01:40:00Z,SD,SF,H,Jeremiah Estrada,False,RELIEF_OR_BULK,18,4,3,0,0,1,0,2,0,P,,False,https://statsapi.mlb.com/api/v1.1/game/823322/feed/live,both,True,True,https://raw.githubusercontent.com/lancebroz/mlb-pitcher-data/main/data/raw/2026/daily/2026-03-31.parquet,QA_VALIDATED
823322,676130,José Buttó,18,9,75,78,288,305,Bot,2026-03-31,2026-04-01T01:40:00Z,SF,SD,A,José Buttó,False,RELIEF_OR_BULK,18,4,3,0,0,1,0,2,0,P,,False,https://statsapi.mlb.com/api/v1.1/game/823322/feed/live,both,True,True,https://raw.githubusercontent.com/lancebroz/mlb-pitcher-data/main/data/raw/2026/daily/2026-03-31.parquet,QA_VALIDATED
823322,688158,David Morgan,13,9,71,74,275,287,Top,2026-03-31,2026-04-01T01:40:00Z,SD,SF,H,David Morgan,False,RELIEF_OR_BULK,13,4,3,1,0,2,0,1,0,P,,False,https://statsapi.mlb.com/api/v1.1/game/823322/feed/live,both,True,True,https://raw.githubusercontent.com/lancebroz/mlb-pitcher-data/main/data/raw/2026/daily/2026-03-31.parquet,QA_VALIDATED
823322,699134,Bradgley Rodriguez,17,6,51,59,200,228,Top,2026-03-31,2026-04-01T01:40:00Z,SD,SF,H,Bradgley Rodriguez,False,RELIEF_OR_BULK,17,6,5,0,0,1,0,1,0,P,,False,https://statsapi.mlb.com/api/v1.1/game/823322/feed/live,both,True,True,https://raw.githubusercontent.com/lancebroz/mlb-pitcher-data/main/data/raw/2026/daily/2026-03-31.parquet,QA_VALIDATED
823485,621383,Tanner Banks,37,6,43,54,154,205,Top,2026-03-31,2026-03-31T22:40:00Z,PHI,WSH,H,Tanner Banks,False,RELIEF_OR_BULK,37,8,5,1,1,3,0,2,0,P,,False,https://statsapi.mlb.com/api/v1.1/game/823485/feed/live,both,True,True,https://raw.githubusercontent.com/lancebroz/mlb-pitcher-data/main/data/raw/2026/daily/2026-03-31.parquet,QA_VALIDATED
823485,641745,Brad Keller,15,8,58,61,219,233,Top,2026-03-31,2026-03-31T22:40:00Z,PHI,WSH,H,Brad Keller,False,RELIEF_OR_BULK,15,4,3,0,0,0,1,0,0,P,,False,https://statsapi.mlb.com/api/v1.1/game/823485/feed/live,both,True,True,https://raw.githubusercontent.com/lancebroz/mlb-pitcher-data/main/data/raw/2026/daily/2026-03-31.parquet,QA_VALIDATED
823485,641793,Zack Littell,75,2,11,49,35,177,Bot,2026-03-31,2026-03-31T22:40:00Z,WSH,PHI,A,Zack Littell,False,RELIEF_OR_BULK,75,23,15,3,3,6,2,1,2,P,,False,https://statsapi.mlb.com/api/v1.1/game/823485/feed/live,both,True,True,https://raw.githubusercontent.com/lancebroz/mlb-pitcher-data/main/data/raw/2026/daily/2026-03-31.parquet,QA_VALIDATED
823485,661395,Jhoan Duran,20,9,65,68,244,263,Top,2026-03-31,2026-03-31T22:40:00Z,PHI,WSH,H,Jhoan Duran,False,RELIEF_OR_BULK,20,4,3,0,0,1,0,2,0,P,,False,https://statsapi.mlb.com/api/v1.1/game/823485/feed/live,both,True,True,https://raw.githubusercontent.com/lancebroz/mlb-pitcher-data/main/data/raw/2026/daily/2026-03-31.parquet,QA_VALIDATED
823485,676571,PJ Poulin,9,1,3,5,12,20,Bot,2026-03-31,2026-03-31T22:40:00Z,WSH,PHI,A,PJ Poulin,True,STARTER,9,3,3,0,0,0,0,1,0,P,,False,https://statsapi.mlb.com/api/v1.1/game/823485/feed/live,both,True,True,https://raw.githubusercontent.com/lancebroz/mlb-pitcher-data/main/data/raw/2026/daily/2026-03-31.parquet,QA_VALIDATED
823485,686610,Ken Waldichuk,23,7,55,64,206,243,Bot,2026-03-31,2026-03-31T22:40:00Z,WSH,PHI,A,Ken Waldichuk,False,RELIEF_OR_BULK,23,6,6,0,0,1,0,0,0,P,,False,https://statsapi.mlb.com/api/v1.1/game/823485/feed/live,both,True,True,https://raw.githubusercontent.com/lancebroz/mlb-pitcher-data/main/data/raw/2026/daily/2026-03-31.parquet,QA_VALIDATED
823485,691725,Andrew Painter,84,1,0,42,1,153,Top,2026-03-31,2026-03-31T22:40:00Z,PHI,WSH,H,Andrew Painter,True,STARTER,84,21,16,1,1,4,1,8,0,P,,False,https://statsapi.mlb.com/api/v1.1/game/823485/feed/live,both,True,True,https://raw.githubusercontent.com/lancebroz/mlb-pitcher-data/main/data/raw/2026/daily/2026-03-31.parquet,QA_VALIDATED
823807,605540,Brandon Woodruff,67,1,0,31,1,118,Top,2026-03-31,2026-03-31T23:40:00Z,MIL,TB,H,Brandon Woodruff,True,STARTER,67,19,15,2,2,4,0,6,2,P,,False,https://statsapi.mlb.com/api/v1.1/game/823807/feed/live,both,True,True,https://raw.githubusercontent.com/lancebroz/mlb-pitcher-data/main/data/raw/2026/daily/2026-03-31.parquet,QA_VALIDATED
823807,642121,Cole Sulser,31,5,38,49,147,193,Bot,2026-03-31,2026-03-31T23:40:00Z,TB,MIL,A,Cole Sulser,False,RELIEF_OR_BULK,31,8,4,2,2,4,0,0,1,P,,False,https://statsapi.mlb.com/api/v1.1/game/823807/feed/live,both,True,True,https://raw.githubusercontent.com/lancebroz/mlb-pitcher-data/main/data/raw/2026/daily/2026-03-31.parquet,QA_VALIDATED
823807,657649,Jared Koenig,16,6,39,42,148,163,Top,2026-03-31,2026-03-31T23:40:00Z,MIL,TB,H,Jared Koenig,False,RELIEF_OR_BULK,16,4,3,0,0,1,0,1,0,P,,False,https://statsapi.mlb.com/api/v1.1/game/823807/feed/live,both,True,True,https://raw.githubusercontent.com/lancebroz/mlb-pitcher-data/main/data/raw/2026/daily/2026-03-31.parquet,QA_VALIDATED
823807,663556,Shane McClanahan,79,1,4,37,14,146,Bot,2026-03-31,2026-03-31T23:40:00Z,TB,MIL,A,Shane McClanahan,True,STARTER,79,19,14,3,2,2,3,4,0,P,,False,https://statsapi.mlb.com/api/v1.1/game/823807/feed/live,both,True,True,https://raw.githubusercontent.com/lancebroz/mlb-pitcher-data/main/data/raw/2026/daily/2026-03-31.parquet,QA_VALIDATED
823807,672582,Angel Zerpa,14,9,68,71,265,278,Top,2026-03-31,2026-03-31T23:40:00Z,MIL,TB,H,Angel Zerpa,False,RELIEF_OR_BULK,14,4,3,0,0,0,1,0,0,P,,False,https://statsapi.mlb.com/api/v1.1/game/823807/feed/live,both,True,True,https://raw.githubusercontent.com/lancebroz/mlb-pitcher-data/main/data/raw/2026/daily/2026-03-31.parquet,QA_VALIDATED
823807,672782,Yoendrys Gómez,30,7,54,67,213,264,Bot,2026-03-31,2026-03-31T23:40:00Z,TB,MIL,A,Yoendrys Gómez,False,RELIEF_OR_BULK,30,9,6,1,1,1,2,2,1,P,,False,https://statsapi.mlb.com/api/v1.1/game/823807/feed/live,both,True,True,https://raw.githubusercontent.com/lancebroz/mlb-pitcher-data/main/data/raw/2026/daily/2026-03-31.parquet,QA_VALIDATED
823807,681982,Grant Anderson,19,7,50,53,194,212,Top,2026-03-31,2026-03-31T23:40:00Z,MIL,TB,H,Grant Anderson,False,RELIEF_OR_BULK,19,4,3,0,0,1,0,1,0,P,,False,https://statsapi.mlb.com/api/v1.1/game/823807/feed/live,both,True,True,https://raw.githubusercontent.com/lancebroz/mlb-pitcher-data/main/data/raw/2026/daily/2026-03-31.parquet,QA_VALIDATED
823807,682842,Abner Uribe,22,8,59,63,231,252,Top,2026-03-31,2026-03-31T23:40:00Z,MIL,TB,H,Abner Uribe,False,RELIEF_OR_BULK,22,5,3,0,0,1,1,0,0,P,,False,https://statsapi.mlb.com/api/v1.1/game/823807/feed/live,both,True,True,https://raw.githubusercontent.com/lancebroz/mlb-pitcher-data/main/data/raw/2026/daily/2026-03-31.parquet,QA_VALIDATED
823888,607200,Erick Fedde,80,1,3,41,10,168,Bot,2026-03-31,2026-03-31T22:40:00Z,CWS,MIA,A,Erick Fedde,True,STARTER,80,21,15,4,3,6,1,4,0,P,,False,https://statsapi.mlb.com/api/v1.1/game/823888/feed/live,both,True,True,https://raw.githubusercontent.com/lancebroz/mlb-pitcher-data/main/data/raw/2026/daily/2026-03-31.parquet,QA_VALIDATED
823888,663542,Bryan Hudson,25,6,45,56,179,225,Bot,2026-03-31,2026-03-31T22:40:00Z,CWS,MIA,A,Bryan Hudson,False,RELIEF_OR_BULK,25,8,5,2,1,1,1,1,0,P,,False,https://statsapi.mlb.com/api/v1.1/game/823888/feed/live,both,True,True,https://raw.githubusercontent.com/lancebroz/mlb-pitcher-data/main/data/raw/2026/daily/2026-03-31.parquet,QA_VALIDATED
823888,664126,Pete Fairbanks,15,9,67,69,271,285,Top,2026-03-31,2026-03-31T22:40:00Z,MIA,CWS,H,Pete Fairbanks,False,RELIEF_OR_BULK,15,3,3,0,0,0,0,3,0,P,,False,https://statsapi.mlb.com/api/v1.1/game/823888/feed/live,both,True,True,https://raw.githubusercontent.com/lancebroz/mlb-pitcher-data/main/data/raw/2026/daily/2026-03-31.parquet,QA_VALIDATED
823888,669622,Anthony Bender,27,6,43,51,174,212,Top,2026-03-31,2026-03-31T22:40:00Z,MIA,CWS,H,Anthony Bender,False,RELIEF_OR_BULK,27,6,5,0,0,0,1,1,0,P,,False,https://statsapi.mlb.com/api/v1.1/game/823888/feed/live,both,True,True,https://raw.githubusercontent.com/lancebroz/mlb-pitcher-data/main/data/raw/2026/daily/2026-03-31.parquet,QA_VALIDATED
823888,676083,Janson Junk,79,1,0,36,1,148,Top,2026-03-31,2026-03-31T22:40:00Z,MIA,CWS,H,Janson Junk,True,STARTER,79,19,13,2,2,5,1,5,0,P,,False,https://statsapi.mlb.com/api/v1.1/game/823888/feed/live,both,True,True,https://raw.githubusercontent.com/lancebroz/mlb-pitcher-data/main/data/raw/2026/daily/2026-03-31.parquet,QA_VALIDATED
823888,676534,Calvin Faucher,17,8,58,60,229,245,Top,2026-03-31,2026-03-31T22:40:00Z,MIA,CWS,H,Calvin Faucher,False,RELIEF_OR_BULK,17,3,3,0,0,0,0,2,0,P,,False,https://statsapi.mlb.com/api/v1.1/game/823888/feed/live,both,True,True,https://raw.githubusercontent.com/lancebroz/mlb-pitcher-data/main/data/raw/2026/daily/2026-03-31.parquet,QA_VALIDATED
823888,677053,Andrew Nardi,14,5,37,42,149,173,Top,2026-03-31,2026-03-31T22:40:00Z,MIA,CWS,H,Andrew Nardi,False,RELIEF_OR_BULK,14,3,3,0,0,0,0,2,0,P,,False,https://statsapi.mlb.com/api/v1.1/game/823888/feed/live,both,True,True,https://raw.githubusercontent.com/lancebroz/mlb-pitcher-data/main/data/raw/2026/daily/2026-03-31.parquet,QA_VALIDATED
823888,699151,Jedixson Paez,28,7,57,66,226,270,Bot,2026-03-31,2026-03-31T22:40:00Z,CWS,MIA,A,Jedixson Paez,False,RELIEF_OR_BULK,28,7,4,3,3,2,1,0,1,P,,False,https://statsapi.mlb.com/api/v1.1/game/823888/feed/live,both,True,True,https://raw.githubusercontent.com/lancebroz/mlb-pitcher-data/main/data/raw/2026/daily/2026-03-31.parquet,QA_VALIDATED
823969,621242,Edwin Díaz,33,9,67,72,275,307,Top,2026-03-31,2026-04-01T02:10:00Z,LAD,CLE,H,Edwin Díaz,False,RELIEF_OR_BULK,33,6,3,1,1,1,1,2,0,P,,False,https://statsapi.mlb.com/api/v1.1/game/823969/feed/live,both,True,True,https://raw.githubusercontent.com/lancebroz/mlb-pitcher-data/main/data/raw/2026/daily/2026-03-31.parquet,QA_VALIDATED
823969,660271,Shohei Ohtani,87,1,0,44,1,180,Top,2026-03-31,2026-04-01T02:10:00Z,LAD,CLE,H,Shohei Ohtani,True,STARTER,87,23,18,0,0,1,3,6,0,P|DH,100,False,https://statsapi.mlb.com/api/v1.1/game/823969/feed/live,both,True,True,https://raw.githubusercontent.com/lancebroz/mlb-pitcher-data/main/data/raw/2026/daily/2026-03-31.parquet,QA_VALIDATED
823969,663465,Kolby Allard,55,5,37,54,149,230,Bot,2026-03-31,2026-04-01T02:10:00Z,CLE,LAD,A,Kolby Allard,False,RELIEF_OR_BULK,55,11,8,1,1,2,1,5,1,P,,False,https://statsapi.mlb.com/api/v1.1/game/823969/feed/live,both,True,True,https://raw.githubusercontent.com/lancebroz/mlb-pitcher-data/main/data/raw/2026/daily/2026-03-31.parquet,QA_VALIDATED
823969,670036,Matt Festa,29,7,55,66,231,274,Bot,2026-03-31,2026-04-01T02:10:00Z,CLE,LAD,A,Matt Festa,False,RELIEF_OR_BULK,29,8,4,2,2,4,0,2,0,P,,False,https://statsapi.mlb.com/api/v1.1/game/823969/feed/live,both,True,True,https://raw.githubusercontent.com/lancebroz/mlb-pitcher-data/main/data/raw/2026/daily/2026-03-31.parquet,QA_VALIDATED
823969,676263,Jack Dreyer,15,8,56,59,235,249,Top,2026-03-31,2026-04-01T02:10:00Z,LAD,CLE,H,Jack Dreyer,False,RELIEF_OR_BULK,15,4,3,0,0,0,1,1,0,P,,False,https://statsapi.mlb.com/api/v1.1/game/823969/feed/live,both,True,True,https://raw.githubusercontent.com/lancebroz/mlb-pitcher-data/main/data/raw/2026/daily/2026-03-31.parquet,QA_VALIDATED
823969,676440,Tanner Bibee,74,1,3,32,16,134,Bot,2026-03-31,2026-04-01T02:10:00Z,CLE,LAD,A,Tanner Bibee,True,STARTER,74,18,12,1,1,4,2,4,0,P,,False,https://statsapi.mlb.com/api/v1.1/game/823969/feed/live,both,True,True,https://raw.githubusercontent.com/lancebroz/mlb-pitcher-data/main/data/raw/2026/daily/2026-03-31.parquet,QA_VALIDATED
823969,681911,Alex Vesia,14,7,49,51,206,219,Top,2026-03-31,2026-04-01T02:10:00Z,LAD,CLE,H,Alex Vesia,False,RELIEF_OR_BULK,14,3,3,0,0,0,0,1,0,P,,False,https://statsapi.mlb.com/api/v1.1/game/823969/feed/live,both,True,True,https://raw.githubusercontent.com/lancebroz/mlb-pitcher-data/main/data/raw/2026/daily/2026-03-31.parquet,QA_VALIDATED
824212,663558,Jovani Morán,26,7,58,70,212,261,Bot,2026-03-31,2026-04-01T00:10:00Z,BOS,HOU,A,Jovani Morán,False,RELIEF_OR_BULK,26,7,6,1,1,1,0,2,1,P,,False,https://statsapi.mlb.com/api/v1.1/game/824212/feed/live,both,True,True,https://raw.githubusercontent.com/lancebroz/mlb-pitcher-data/main/data/raw/2026/daily/2026-03-31.parquet,QA_VALIDATED
824212,670245,Ryan Watson,27,5,43,53,163,197,Bot,2026-03-31,2026-04-01T00:10:00Z,BOS,HOU,A,Ryan Watson,False,RELIEF_OR_BULK,27,8,4,2,2,2,2,2,0,P,,False,https://statsapi.mlb.com/api/v1.1/game/824212/feed/live,both,True,True,https://raw.githubusercontent.com/lancebroz/mlb-pitcher-data/main/data/raw/2026/daily/2026-03-31.parquet,QA_VALIDATED
824212,675989,Cody Bolton,50,7,54,73,198,273,Top,2026-03-31,2026-04-01T00:10:00Z,HOU,BOS,H,Cody Bolton,False,RELIEF_OR_BULK,50,13,9,1,1,3,1,5,1,P,,False,https://statsapi.mlb.com/api/v1.1/game/824212/feed/live,both,True,True,https://raw.githubusercontent.com/lancebroz/mlb-pitcher-data/main/data/raw/2026/daily/2026-03-31.parquet,QA_VALIDATED
824212,678394,Brayan Bello,92,1,4,42,18,162,Bot,2026-03-31,2026-04-01T00:10:00Z,BOS,HOU,A,Brayan Bello,True,STARTER,92,25,14,6,5,8,3,2,1,P,,False,https://statsapi.mlb.com/api/v1.1/game/824212/feed/live,both,True,True,https://raw.githubusercontent.com/lancebroz/mlb-pitcher-data/main/data/raw/2026/daily/2026-03-31.parquet,QA_VALIDATED
824212,686613,Hunter Brown,78,1,0,46,1,171,Top,2026-03-31,2026-04-01T00:10:00Z,HOU,BOS,H,Hunter Brown,True,STARTER,78,21,18,1,1,1,2,8,0,P,,False,https://statsapi.mlb.com/api/v1.1/game/824212/feed/live,both,True,True,https://raw.githubusercontent.com/lancebroz/mlb-pitcher-data/main/data/raw/2026/daily/2026-03-31.parquet,QA_VALIDATED
824537,572955,Pierce Johnson,20,9,67,71,285,304,Top,2026-03-31,2026-03-31T22:40:00Z,CIN,PIT,H,Pierce Johnson,False,RELIEF_OR_BULK,20,5,3,2,2,2,0,1,1,P,,False,https://statsapi.mlb.com/api/v1.1/game/824537/feed/live,both,True,True,https://raw.githubusercontent.com/lancebroz/mlb-pitcher-data/main/data/raw/2026/daily/2026-03-31.parquet,QA_VALIDATED
824537,594580,Sam Moll,15,8,58,60,242,256,Top,2026-03-31,2026-03-31T22:40:00Z,CIN,PIT,H,Sam Moll,False,RELIEF_OR_BULK,15,3,3,0,0,0,0,1,0,P,,False,https://statsapi.mlb.com/api/v1.1/game/824537/feed/live,both,True,True,https://raw.githubusercontent.com/lancebroz/mlb-pitcher-data/main/data/raw/2026/daily/2026-03-31.parquet,QA_VALIDATED
824537,642397,Gregory Soto,17,9,72,77,305,321,Bot,2026-03-31,2026-03-31T22:40:00Z,PIT,CIN,A,Gregory Soto,False,RELIEF_OR_BULK,17,6,3,0,0,1,1,1,0,P,,False,https://statsapi.mlb.com/api/v1.1/game/824537/feed/live,both,True,True,https://raw.githubusercontent.com/lancebroz/mlb-pitcher-data/main/data/raw/2026/daily/2026-03-31.parquet,QA_VALIDATED
824537,642701,Dennis Santana,17,8,64,66,268,284,Bot,2026-03-31,2026-03-31T22:40:00Z,PIT,CIN,A,Dennis Santana,False,RELIEF_OR_BULK,17,3,3,0,0,1,0,0,0,P,,False,https://statsapi.mlb.com/api/v1.1/game/824537/feed/live,both,True,True,https://raw.githubusercontent.com/lancebroz/mlb-pitcher-data/main/data/raw/2026/daily/2026-03-31.parquet,QA_VALIDATED
824537,656271,Brock Burke,20,5,37,52,158,217,Top,2026-03-31,2026-03-31T22:40:00Z,CIN,PIT,H,Brock Burke,False,RELIEF_OR_BULK,20,7,7,0,0,0,1,2,0,P,,False,https://statsapi.mlb.com/api/v1.1/game/824537/feed/live,both,True,True,https://raw.githubusercontent.com/lancebroz/mlb-pitcher-data/main/data/raw/2026/daily/2026-03-31.parquet,QA_VALIDATED
824537,670990,Yohan Ramírez,10,5,42,43,178,187,Bot,2026-03-31,2026-03-31T22:40:00Z,PIT,CIN,A,Yohan Ramírez,False,RELIEF_OR_BULK,10,2,2,0,0,0,0,2,0,P,,False,https://statsapi.mlb.com/api/v1.1/game/824537/feed/live,both,True,True,https://raw.githubusercontent.com/lancebroz/mlb-pitcher-data/main/data/raw/2026/daily/2026-03-31.parquet,QA_VALIDATED
824537,682227,Brandon Williamson,94,1,0,36,1,157,Top,2026-03-31,2026-03-31T22:40:00Z,CIN,PIT,H,Brandon Williamson,True,STARTER,94,22,14,6,6,6,2,3,3,P,,False,https://statsapi.mlb.com/api/v1.1/game/824537/feed/live,both,True,True,https://raw.githubusercontent.com/lancebroz/mlb-pitcher-data/main/data/raw/2026/daily/2026-03-31.parquet,QA_VALIDATED
824537,682995,Hunter Barco,47,6,47,63,198,267,Bot,2026-03-31,2026-03-31T22:40:00Z,PIT,CIN,A,Hunter Barco,False,RELIEF_OR_BULK,47,11,6,2,2,4,1,3,2,P,,False,https://statsapi.mlb.com/api/v1.1/game/824537/feed/live,both,True,True,https://raw.githubusercontent.com/lancebroz/mlb-pitcher-data/main/data/raw/2026/daily/2026-03-31.parquet,QA_VALIDATED
824537,696149,Bubba Chandler,81,1,5,41,24,177,Bot,2026-03-31,2026-03-31T22:40:00Z,PIT,CIN,A,Bubba Chandler,True,STARTER,81,19,13,1,0,0,6,6,0,P,,False,https://statsapi.mlb.com/api/v1.1/game/824537/feed/live,both,True,True,https://raw.githubusercontent.com/lancebroz/mlb-pitcher-data/main/data/raw/2026/daily/2026-03-31.parquet,QA_VALIDATED
824699,519141,Drew Pomeranz,20,8,61,69,254,290,Bot,2026-03-31,2026-03-31T23:40:00Z,LAA,CHC,A,Drew Pomeranz,False,RELIEF_OR_BULK,20,5,4,0,0,1,0,2,0,P,,False,https://statsapi.mlb.com/api/v1.1/game/824699/feed/live,both,True,True,https://raw.githubusercontent.com/lancebroz/mlb-pitcher-data/main/data/raw/2026/daily/2026-03-31.parquet,QA_VALIDATED
824699,571948,Hoby Milner,3,5,35,35,160,162,Top,2026-03-31,2026-03-31T23:40:00Z,CHC,LAA,H,Hoby Milner,False,RELIEF_OR_BULK,3,1,1,0,0,0,0,0,0,P,,False,https://statsapi.mlb.com/api/v1.1/game/824699/feed/live,both,True,True,https://raw.githubusercontent.com/lancebroz/mlb-pitcher-data/main/data/raw/2026/daily/2026-03-31.parquet,QA_VALIDATED
824699,592791,Jameson Taillon,85,1,0,33,1,159,Top,2026-03-31,2026-03-31T23:40:00Z,CHC,LAA,H,Jameson Taillon,True,STARTER,85,20,14,0,0,2,4,3,0,P,,False,https://statsapi.mlb.com/api/v1.1/game/824699/feed/live,both,True,True,https://raw.githubusercontent.com/lancebroz/mlb-pitcher-data/main/data/raw/2026/daily/2026-03-31.parquet,QA_VALIDATED
824699,605447,Jordan Romano,12,9,70,72,291,302,Bot,2026-03-31,2026-03-31T23:40:00Z,LAA,CHC,A,Jordan Romano,False,RELIEF_OR_BULK,12,3,2,0,0,0,1,1,0,P,,False,https://statsapi.mlb.com/api/v1.1/game/824699/feed/live,both,True,True,https://raw.githubusercontent.com/lancebroz/mlb-pitcher-data/main/data/raw/2026/daily/2026-03-31.parquet,QA_VALIDATED
824699,664208,Phil Maton,28,6,39,44,170,197,Top,2026-03-31,2026-03-31T23:40:00Z,CHC,LAA,H,Phil Maton,False,RELIEF_OR_BULK,28,6,2,2,2,2,2,1,0,P,,False,https://statsapi.mlb.com/api/v1.1/game/824699/feed/live,both,True,True,https://raw.githubusercontent.com/lancebroz/mlb-pitcher-data/main/data/raw/2026/daily/2026-03-31.parquet,QA_VALIDATED
824699,667755,José Soriano,90,1,4,48,19,209,Bot,2026-03-31,2026-03-31T23:40:00Z,LAA,CHC,A,José Soriano,True,STARTER,90,21,18,0,0,2,2,4,0,P,,False,https://statsapi.mlb.com/api/v1.1/game/824699/feed/live,both,True,True,https://raw.githubusercontent.com/lancebroz/mlb-pitcher-data/main/data/raw/2026/daily/2026-03-31.parquet,QA_VALIDATED
824699,676962,Ben Brown,50,6,45,68,198,287,Top,2026-03-31,2026-03-31T23:40:00Z,CHC,LAA,H,Ben Brown,False,RELIEF_OR_BULK,50,12,10,0,0,1,1,5,0,P,,False,https://statsapi.mlb.com/api/v1.1/game/824699/feed/live,both,True,True,https://raw.githubusercontent.com/lancebroz/mlb-pitcher-data/main/data/raw/2026/daily/2026-03-31.parquet,QA_VALIDATED
824699,681217,Chase Silseth,14,7,53,57,229,242,Bot,2026-03-31,2026-03-31T23:40:00Z,LAA,CHC,A,Chase Silseth,False,RELIEF_OR_BULK,14,5,3,0,0,1,1,1,0,P,,False,https://statsapi.mlb.com/api/v1.1/game/824699/feed/live,both,True,True,https://raw.githubusercontent.com/lancebroz/mlb-pitcher-data/main/data/raw/2026/daily/2026-03-31.parquet,QA_VALIDATED
824861,455119,Chris Martin,19,9,75,80,275,293,Bot,2026-03-31,2026-03-31T22:35:00Z,TEX,BAL,A,Chris Martin,False,RELIEF_OR_BULK,19,6,3,2,2,2,0,1,0,P,,False,https://statsapi.mlb.com/api/v1.1/game/824861/feed/live,both,True,True,https://raw.githubusercontent.com/lancebroz/mlb-pitcher-data/main/data/raw/2026/daily/2026-03-31.parquet,QA_VALIDATED
824861,594798,Jacob deGrom,79,1,3,43,15,176,Bot,2026-03-31,2026-03-31T22:35:00Z,TEX,BAL,A,Jacob deGrom,True,STARTER,79,20,14,3,3,6,0,7,1,P,,False,https://statsapi.mlb.com/api/v1.1/game/824861/feed/live,both,True,True,https://raw.githubusercontent.com/lancebroz/mlb-pitcher-data/main/data/raw/2026/daily/2026-03-31.parquet,QA_VALIDATED
824861,596001,Jakob Junis,15,7,60,63,224,238,Bot,2026-03-31,2026-03-31T22:35:00Z,TEX,BAL,A,Jakob Junis,False,RELIEF_OR_BULK,15,4,3,0,0,1,0,1,0,P,,False,https://statsapi.mlb.com/api/v1.1/game/824861/feed/live,both,True,True,https://raw.githubusercontent.com/lancebroz/mlb-pitcher-data/main/data/raw/2026/daily/2026-03-31.parquet,QA_VALIDATED
824861,621107,Zach Eflin,73,1,0,27,1,119,Top,2026-03-31,2026-03-31T22:35:00Z,BAL,TEX,H,Zach Eflin,True,STARTER,74,17,11,1,1,4,2,7,1,P,,False,https://statsapi.mlb.com/api/v1.1/game/824861/feed/live,both,False,True,https://raw.githubusercontent.com/lancebroz/mlb-pitcher-data/main/data/raw/2026/daily/2026-03-31.parquet,QA_REVIEW
824861,664991,Grant Wolfram,24,4,28,38,120,159,Top,2026-03-31,2026-03-31T22:35:00Z,BAL,TEX,H,Grant Wolfram,False,RELIEF_OR_BULK,23,7,4,2,2,3,0,2,0,P,,False,https://statsapi.mlb.com/api/v1.1/game/824861/feed/live,both,False,True,https://raw.githubusercontent.com/lancebroz/mlb-pitcher-data/main/data/raw/2026/daily/2026-03-31.parquet,QA_REVIEW
824861,666974,Yennier Cano,9,6,45,49,180,188,Top,2026-03-31,2026-03-31T22:35:00Z,BAL,TEX,H,Yennier Cano,False,RELIEF_OR_BULK,9,5,3,1,1,2,0,0,0,P,,False,https://statsapi.mlb.com/api/v1.1/game/824861/feed/live,both,True,True,https://raw.githubusercontent.com/lancebroz/mlb-pitcher-data/main/data/raw/2026/daily/2026-03-31.parquet,QA_VALIDATED
824861,668390,Cole Winn,14,5,44,53,177,199,Bot,2026-03-31,2026-03-31T22:35:00Z,TEX,BAL,A,Cole Winn,False,RELIEF_OR_BULK,14,5,4,0,0,0,1,1,0,P,,False,https://statsapi.mlb.com/api/v1.1/game/824861/feed/live,both,True,True,https://raw.githubusercontent.com/lancebroz/mlb-pitcher-data/main/data/raw/2026/daily/2026-03-31.parquet,QA_VALIDATED
824861,676395,Robert Garcia,15,8,67,69,248,262,Bot,2026-03-31,2026-03-31T22:35:00Z,TEX,BAL,A,Robert Garcia,False,RELIEF_OR_BULK,15,3,3,0,0,0,0,1,0,P,,False,https://statsapi.mlb.com/api/v1.1/game/824861/feed/live,both,True,True,https://raw.githubusercontent.com/lancebroz/mlb-pitcher-data/main/data/raw/2026/daily/2026-03-31.parquet,QA_VALIDATED
824861,682274,Yaramil Hiraldo,24,7,54,59,200,223,Top,2026-03-31,2026-03-31T22:35:00Z,BAL,TEX,H,Yaramil Hiraldo,False,RELIEF_OR_BULK,24,6,3,3,3,2,1,0,1,P,,False,https://statsapi.mlb.com/api/v1.1/game/824861/feed/live,both,True,True,https://raw.githubusercontent.com/lancebroz/mlb-pitcher-data/main/data/raw/2026/daily/2026-03-31.parquet,QA_VALIDATED
824861,689296,Anthony Nunez,21,8,64,74,239,274,Top,2026-03-31,2026-03-31T22:35:00Z,BAL,TEX,H,Anthony Nunez,False,RELIEF_OR_BULK,21,8,6,1,1,2,0,2,1,P,,False,https://statsapi.mlb.com/api/v1.1/game/824861/feed/live,both,True,True,https://raw.githubusercontent.com/lancebroz/mlb-pitcher-data/main/data/raw/2026/daily/2026-03-31.parquet,QA_VALIDATED
824942,527048,Martín Pérez,47,5,37,68,149,275,Top,2026-03-31,2026-03-31T23:15:00Z,ATL,ATH,H,Martín Pérez,False,RELIEF_OR_BULK,47,14,13,0,0,2,0,3,0,P,,False,https://statsapi.mlb.com/api/v1.1/game/824942/feed/live,both,True,True,https://raw.githubusercontent.com/lancebroz/mlb-pitcher-data/main/data/raw/2026/daily/2026-03-31.parquet,QA_VALIDATED
824942,605130,Scott Barlow,10,8,63,65,259,268,Bot,2026-03-31,2026-03-31T23:15:00Z,ATH,ATL,A,Scott Barlow,False,RELIEF_OR_BULK,10,3,3,0,0,0,0,0,0,P,,False,https://statsapi.mlb.com/api/v1.1/game/824942/feed/live,both,True,True,https://raw.githubusercontent.com/lancebroz/mlb-pitcher-data/main/data/raw/2026/daily/2026-03-31.parquet,QA_VALIDATED
824942,606303,Joel Payamps,14,4,30,36,123,148,Top,2026-03-31,2026-03-31T23:15:00Z,ATL,ATH,H,Joel Payamps,False,RELIEF_OR_BULK,14,4,3,1,1,1,0,2,1,P,,False,https://statsapi.mlb.com/api/v1.1/game/824942/feed/live,both,True,True,https://raw.githubusercontent.com/lancebroz/mlb-pitcher-data/main/data/raw/2026/daily/2026-03-31.parquet,QA_VALIDATED
824942,643410,Mark Leiter Jr.,13,9,69,73,276,288,Bot,2026-03-31,2026-03-31T23:15:00Z,ATH,ATL,A,Mark Leiter Jr.,False,RELIEF_OR_BULK,13,5,3,0,0,2,0,1,0,P,,False,https://statsapi.mlb.com/api/v1.1/game/824942/feed/live,both,True,True,https://raw.githubusercontent.com/lancebroz/mlb-pitcher-data/main/data/raw/2026/daily/2026-03-31.parquet,QA_VALIDATED
824942,650644,Aaron Civale,87,1,3,42,12,171,Bot,2026-03-31,2026-03-31T23:15:00Z,ATH,ATL,A,Aaron Civale,True,STARTER,87,20,15,2,2,4,1,3,1,P,,False,https://statsapi.mlb.com/api/v1.1/game/824942/feed/live,both,True,True,https://raw.githubusercontent.com/lancebroz/mlb-pitcher-data/main/data/raw/2026/daily/2026-03-31.parquet,QA_VALIDATED
824942,660761,José Suarez,66,1,0,29,1,122,Top,2026-03-31,2026-03-31T23:15:00Z,ATL,ATH,H,José Suarez,True,STARTER,66,18,11,4,4,5,3,6,0,P,,False,https://statsapi.mlb.com/api/v1.1/game/824942/feed/live,both,True,True,https://raw.githubusercontent.com/lancebroz/mlb-pitcher-data/main/data/raw/2026/daily/2026-03-31.parquet,QA_VALIDATED
824942,663687,Hogan Harris,23,6,46,50,182,204,Bot,2026-03-31,2026-03-31T23:15:00Z,ATH,ATL,A,Hogan Harris,False,RELIEF_OR_BULK,23,5,3,0,0,0,2,0,0,P,,False,https://statsapi.mlb.com/api/v1.1/game/824942/feed/live,both,True,True,https://raw.githubusercontent.com/lancebroz/mlb-pitcher-data/main/data/raw/2026/daily/2026-03-31.parquet,QA_VALIDATED
824942,686993,Justin Sterner,28,7,55,59,221,248,Bot,2026-03-31,2026-03-31T23:15:00Z,ATH,ATL,A,Justin Sterner,False,RELIEF_OR_BULK,28,5,3,0,0,0,1,2,0,P,,False,https://statsapi.mlb.com/api/v1.1/game/824942/feed/live,both,True,True,https://raw.githubusercontent.com/lancebroz/mlb-pitcher-data/main/data/raw/2026/daily/2026-03-31.parquet,QA_VALIDATED
825107,445276,Kenley Jansen,8,8,64,65,254,261,Bot,2026-03-31,2026-04-01T01:40:00Z,DET,AZ,A,Kenley Jansen,False,RELIEF_OR_BULK,8,2,1,1,1,1,0,1,1,P,,False,https://statsapi.mlb.com/api/v1.1/game/825107/feed/live,both,True,True,https://raw.githubusercontent.com/lancebroz/mlb-pitcher-data/main/data/raw/2026/daily/2026-03-31.parquet,QA_VALIDATED
825107,623149,Paul Sewald,13,9,66,68,262,274,Top,2026-03-31,2026-04-01T01:40:00Z,AZ,DET,H,Paul Sewald,False,RELIEF_OR_BULK,13,3,3,0,0,0,0,3,0,P,,False,https://statsapi.mlb.com/api/v1.1/game/825107/feed/live,both,True,True,https://raw.githubusercontent.com/lancebroz/mlb-pitcher-data/main/data/raw/2026/daily/2026-03-31.parquet,QA_VALIDATED
825107,623454,Drew Anderson,16,7,50,58,194,226,Bot,2026-03-31,2026-04-01T01:40:00Z,DET,AZ,A,Drew Anderson,False,RELIEF_OR_BULK,16,5,3,2,2,2,0,2,0,P,,False,https://statsapi.mlb.com/api/v1.1/game/825107/feed/live,both,True,True,https://raw.githubusercontent.com/lancebroz/mlb-pitcher-data/main/data/raw/2026/daily/2026-03-31.parquet,QA_VALIDATED
825107,663554,Casey Mize,93,1,3,46,11,178,Bot,2026-03-31,2026-04-01T01:40:00Z,DET,AZ,A,Casey Mize,True,STARTER,93,22,18,1,1,4,2,9,1,P,,False,https://statsapi.mlb.com/api/v1.1/game/825107/feed/live,both,True,True,https://raw.githubusercontent.com/lancebroz/mlb-pitcher-data/main/data/raw/2026/daily/2026-03-31.parquet,QA_VALIDATED
825107,676684,Will Vest,27,8,59,63,227,253,Bot,2026-03-31,2026-04-01T01:40:00Z,DET,AZ,A,Will Vest,False,RELIEF_OR_BULK,27,5,2,3,3,1,2,0,0,P,,False,https://statsapi.mlb.com/api/v1.1/game/825107/feed/live,both,True,True,https://raw.githubusercontent.com/lancebroz/mlb-pitcher-data/main/data/raw/2026/daily/2026-03-31.parquet,QA_VALIDATED
825107,694297,Brandon Pfaadt,85,1,0,43,1,163,Top,2026-03-31,2026-04-01T01:40:00Z,AZ,DET,H,Brandon Pfaadt,True,STARTER,85,24,18,5,5,6,1,3,0,P,,False,https://statsapi.mlb.com/api/v1.1/game/825107/feed/live,both,True,True,https://raw.githubusercontent.com/lancebroz/mlb-pitcher-data/main/data/raw/2026/daily/2026-03-31.parquet,QA_VALIDATED
825107,694851,Andrew Hoffmann,32,7,47,56,179,220,Top,2026-03-31,2026-04-01T01:40:00Z,AZ,DET,H,Andrew Hoffmann,False,RELIEF_OR_BULK,32,7,6,0,0,0,1,3,0,P,,False,https://statsapi.mlb.com/api/v1.1/game/825107/feed/live,both,True,True,https://raw.githubusercontent.com/lancebroz/mlb-pitcher-data/main/data/raw/2026/daily/2026-03-31.parquet,QA_VALIDATED
822835,592332,Kevin Gausman,89,1,0,42,1,177,Top,2026-04-01,2026-04-01T17:07:00Z,TOR,COL,H,Kevin Gausman,True,STARTER,89,21,18,0,0,2,0,10,0,P,,False,https://statsapi.mlb.com/api/v1.1/game/822835/feed/live,both,True,True,https://raw.githubusercontent.com/lancebroz/mlb-pitcher-data/main/data/raw/2026/daily/2026-04-01.parquet,QA_VALIDATED
822835,607536,Kyle Freeland,88,1,3,38,11,162,Bot,2026-04-01,2026-04-01T17:07:00Z,COL,TOR,A,Kyle Freeland,True,STARTER,88,22,15,1,1,5,1,6,0,P,,False,https://statsapi.mlb.com/api/v1.1/game/822835/feed/live,both,True,True,https://raw.githubusercontent.com/lancebroz/mlb-pitcher-data/main/data/raw/2026/daily/2026-04-01.parquet,QA_VALIDATED
822835,622608,Antonio Senzatela,26,6,43,54,178,221,Bot,2026-04-01,2026-04-01T17:07:00Z,COL,TOR,A,Antonio Senzatela,False,RELIEF_OR_BULK,26,7,6,0,0,1,0,3,0,P,,False,https://statsapi.mlb.com/api/v1.1/game/822835/feed/live,both,True,True,https://raw.githubusercontent.com/lancebroz/mlb-pitcher-data/main/data/raw/2026/daily/2026-04-01.parquet,QA_VALIDATED
822835,623474,Jimmy Herget,16,10,76,78,301,316,Bot,2026-04-01,2026-04-01T17:07:00Z,COL,TOR,A,Jimmy Herget,False,RELIEF_OR_BULK,16,3,3,0,0,0,0,0,0,P,,False,https://statsapi.mlb.com/api/v1.1/game/822835/feed/live,both,True,True,https://raw.githubusercontent.com/lancebroz/mlb-pitcher-data/main/data/raw/2026/daily/2026-04-01.parquet,QA_VALIDATED
822835,643511,Tyler Rogers,18,7,47,51,195,212,Top,2026-04-01,2026-04-01T17:07:00Z,TOR,COL,H,Tyler Rogers,False,RELIEF_OR_BULK,18,5,3,0,0,2,0,0,0,P,,False,https://statsapi.mlb.com/api/v1.1/game/822835/feed/live,both,True,True,https://raw.githubusercontent.com/lancebroz/mlb-pitcher-data/main/data/raw/2026/daily/2026-04-01.parquet,QA_VALIDATED
822835,656546,Jeff Hoffman,16,9,65,67,264,279,Top,2026-04-01,2026-04-01T17:07:00Z,TOR,COL,H,Jeff Hoffman,False,RELIEF_OR_BULK,16,3,3,0,0,0,0,3,0,P,,False,https://statsapi.mlb.com/api/v1.1/game/822835/feed/live,both,True,True,https://raw.githubusercontent.com/lancebroz/mlb-pitcher-data/main/data/raw/2026/daily/2026-04-01.parquet,QA_VALIDATED
822835,657514,Brennan Bernardino,11,9,68,70,280,290,Bot,2026-04-01,2026-04-01T17:07:00Z,COL,TOR,A,Brennan Bernardino,False,RELIEF_OR_BULK,11,3,3,0,0,0,0,0,0,P,,False,https://statsapi.mlb.com/api/v1.1/game/822835/feed/live,both,True,True,https://raw.githubusercontent.com/lancebroz/mlb-pitcher-data/main/data/raw/2026/daily/2026-04-01.parquet,QA_VALIDATED
822835,663893,Brendon Little,10,10,71,75,291,300,Top,2026-04-01,2026-04-01T17:07:00Z,TOR,COL,H,Brendon Little,False,RELIEF_OR_BULK,10,5,3,1,0,1,1,1,0,P,,False,https://statsapi.mlb.com/api/v1.1/game/822835/feed/live,both,True,True,https://raw.githubusercontent.com/lancebroz/mlb-pitcher-data/main/data/raw/2026/daily/2026-04-01.parquet,QA_VALIDATED
822835,667297,Tommy Nance,16,8,55,58,222,237,Top,2026-04-01,2026-04-01T17:07:00Z,TOR,COL,H,Tommy Nance,False,RELIEF_OR_BULK,16,4,1,1,1,1,2,1,0,P,,False,https://statsapi.mlb.com/api/v1.1/game/822835/feed/live,both,True,True,https://raw.githubusercontent.com/lancebroz/mlb-pitcher-data/main/data/raw/2026/daily/2026-04-01.parquet,QA_VALIDATED
822835,680767,Victor Vodnik,17,8,61,64,247,263,Bot,2026-04-01,2026-04-01T17:07:00Z,COL,TOR,A,Victor Vodnik,False,RELIEF_OR_BULK,17,4,3,0,0,1,0,0,0,P,,False,https://statsapi.mlb.com/api/v1.1/game/822835/feed/live,both,True,True,https://raw.githubusercontent.com/lancebroz/mlb-pitcher-data/main/data/raw/2026/daily/2026-04-01.parquet,QA_VALIDATED
822835,689254,Mason Fluharty,9,8,59,60,238,246,Top,2026-04-01,2026-04-01T17:07:00Z,TOR,COL,H,Mason Fluharty,False,RELIEF_OR_BULK,9,2,2,0,0,0,0,2,0,P,,False,https://statsapi.mlb.com/api/v1.1/game/822835/feed/live,both,True,True,https://raw.githubusercontent.com/lancebroz/mlb-pitcher-data/main/data/raw/2026/daily/2026-04-01.parquet,QA_VALIDATED
823078,548384,Brooks Raley,12,7,51,53,205,216,Bot,2026-04-01,2026-04-01T17:15:00Z,NYM,STL,A,Brooks Raley,False,RELIEF_OR_BULK,12,3,3,0,0,0,0,2,0,P,,False,https://statsapi.mlb.com/api/v1.1/game/823078/feed/live,both,True,True,https://raw.githubusercontent.com/lancebroz/mlb-pitcher-data/main/data/raw/2026/daily/2026-04-01.parquet,QA_VALIDATED
823078,592773,Ryne Stanek,16,7,46,49,182,197,Top,2026-04-01,2026-04-01T17:15:00Z,STL,NYM,H,Ryne Stanek,False,RELIEF_OR_BULK,16,4,2,0,0,1,0,1,0,P,,False,https://statsapi.mlb.com/api/v1.1/game/823078/feed/live,both,True,True,https://raw.githubusercontent.com/lancebroz/mlb-pitcher-data/main/data/raw/2026/daily/2026-04-01.parquet,QA_VALIDATED
823078,596133,Luke Weaver,11,8,57,59,226,236,Bot,2026-04-01,2026-04-01T17:15:00Z,NYM,STL,A,Luke Weaver,False,RELIEF_OR_BULK,11,3,3,0,0,0,0,1,0,P,,False,https://statsapi.mlb.com/api/v1.1/game/823078/feed/live,both,True,True,https://raw.githubusercontent.com/lancebroz/mlb-pitcher-data/main/data/raw/2026/daily/2026-04-01.parquet,QA_VALIDATED
823078,623211,Huascar Brazobán,13,6,43,45,169,181,Bot,2026-04-01,2026-04-01T17:15:00Z,NYM,STL,A,Huascar Brazobán,False,RELIEF_OR_BULK,13,3,2,0,0,1,0,1,0,P,,False,https://statsapi.mlb.com/api/v1.1/game/823078/feed/live,both,True,True,https://raw.githubusercontent.com/lancebroz/mlb-pitcher-data/main/data/raw/2026/daily/2026-04-01.parquet,QA_VALIDATED
823078,642207,Devin Williams,18,9,64,67,253,270,Bot,2026-04-01,2026-04-01T17:15:00Z,NYM,STL,A,Devin Williams,False,RELIEF_OR_BULK,18,4,3,0,0,0,1,1,0,P,,False,https://statsapi.mlb.com/api/v1.1/game/823078/feed/live,both,True,True,https://raw.githubusercontent.com/lancebroz/mlb-pitcher-data/main/data/raw/2026/daily/2026-04-01.parquet,QA_VALIDATED
823078,642547,Freddy Peralta,92,1,3,42,19,168,Bot,2026-04-01,2026-04-01T17:15:00Z,NYM,STL,A,Freddy Peralta,True,STARTER,92,21,16,1,1,3,2,7,0,P,,False,https://statsapi.mlb.com/api/v1.1/game/823078/feed/live,both,True,True,https://raw.githubusercontent.com/lancebroz/mlb-pitcher-data/main/data/raw/2026/daily/2026-04-01.parquet,QA_VALIDATED
823078,668941,JoJo Romero,16,7,50,56,198,225,Top,2026-04-01,2026-04-01T17:15:00Z,STL,NYM,H,JoJo Romero,False,RELIEF_OR_BULK,16,4,4,0,0,0,0,1,0,P,,False,https://statsapi.mlb.com/api/v1.1/game/823078/feed/live,both,True,True,https://raw.githubusercontent.com/lancebroz/mlb-pitcher-data/main/data/raw/2026/daily/2026-04-01.parquet,QA_VALIDATED
823078,668964,Tobias Myers,20,10,72,82,283,319,Bot,2026-04-01,2026-04-01T17:15:00Z,NYM,STL,A,Tobias Myers,False,RELIEF_OR_BULK,20,6,5,1,0,1,1,1,0,P,,False,https://statsapi.mlb.com/api/v1.1/game/823078/feed/live,both,True,True,https://raw.githubusercontent.com/lancebroz/mlb-pitcher-data/main/data/raw/2026/daily/2026-04-01.parquet,QA_VALIDATED
823078,669461,Matthew Liberatore,76,1,0,39,1,152,Top,2026-04-01,2026-04-01T17:15:00Z,STL,NYM,H,Matthew Liberatore,True,STARTER,76,22,18,1,1,3,1,2,1,P,,False,https://statsapi.mlb.com/api/v1.1/game/823078/feed/live,both,True,True,https://raw.githubusercontent.com/lancebroz/mlb-pitcher-data/main/data/raw/2026/daily/2026-04-01.parquet,QA_VALIDATED
823078,676617,Riley O'Brien,16,9,60,63,237,252,Top,2026-04-01,2026-04-01T17:15:00Z,STL,NYM,H,Riley O'Brien,False,RELIEF_OR_BULK,16,4,3,0,0,1,0,2,0,P,,False,https://statsapi.mlb.com/api/v1.1/game/823078/feed/live,both,True,True,https://raw.githubusercontent.com/lancebroz/mlb-pitcher-data/main/data/raw/2026/daily/2026-04-01.parquet,QA_VALIDATED
823078,677865,Justin Bruihl,12,10,68,71,271,282,Top,2026-04-01,2026-04-01T17:15:00Z,STL,NYM,H,Justin Bruihl,False,RELIEF_OR_BULK,12,4,3,0,0,0,1,0,0,P,,False,https://statsapi.mlb.com/api/v1.1/game/823078/feed/live,both,True,True,https://raw.githubusercontent.com/lancebroz/mlb-pitcher-data/main/data/raw/2026/daily/2026-04-01.parquet,QA_VALIDATED
823078,688297,Chris Roycroft,11,11,75,77,298,308,Top,2026-04-01,2026-04-01T17:15:00Z,STL,NYM,H,Chris Roycroft,False,RELIEF_OR_BULK,11,3,1,0,0,0,2,0,0,P,,False,https://statsapi.mlb.com/api/v1.1/game/823078/feed/live,both,True,True,https://raw.githubusercontent.com/lancebroz/mlb-pitcher-data/main/data/raw/2026/daily/2026-04-01.parquet,QA_VALIDATED
823078,700669,Gordon Graceffo,6,11,78,79,309,314,Top,2026-04-01,2026-04-01T17:15:00Z,STL,NYM,H,Gordon Graceffo,False,RELIEF_OR_BULK,6,2,2,0,0,0,0,0,0,P,,False,https://statsapi.mlb.com/api/v1.1/game/823078/feed/live,both,True,True,https://raw.githubusercontent.com/lancebroz/mlb-pitcher-data/main/data/raw/2026/daily/2026-04-01.parquet,QA_VALIDATED
823157,518585,Fernando Cruz,12,7,48,49,182,193,Bot,2026-04-01,2026-04-01T20:10:00Z,NYY,SEA,A,Fernando Cruz,False,RELIEF_OR_BULK,12,2,2,0,0,0,0,1,0,P,,False,https://statsapi.mlb.com/api/v1.1/game/823157/feed/live,both,True,True,https://raw.githubusercontent.com/lancebroz/mlb-pitcher-data/main/data/raw/2026/daily/2026-04-01.parquet,QA_VALIDATED
823157,666808,Camilo Doval,19,8,54,58,208,226,Bot,2026-04-01,2026-04-01T20:10:00Z,NYY,SEA,A,Camilo Doval,False,RELIEF_OR_BULK,19,5,2,2,2,2,1,1,0,P,,False,https://statsapi.mlb.com/api/v1.1/game/823157/feed/live,both,True,True,https://raw.githubusercontent.com/lancebroz/mlb-pitcher-data/main/data/raw/2026/daily/2026-04-01.parquet,QA_VALIDATED
823157,669923,George Kirby,89,1,0,40,1,144,Top,2026-04-01,2026-04-01T20:10:00Z,SEA,NYY,H,George Kirby,True,STARTER,89,24,18,4,4,5,3,6,1,P,,False,https://statsapi.mlb.com/api/v1.1/game/823157/feed/live,both,True,True,https://raw.githubusercontent.com/lancebroz/mlb-pitcher-data/main/data/raw/2026/daily/2026-04-01.parquet,QA_VALIDATED
823157,670280,David Bednar,40,8,59,69,227,282,Bot,2026-04-01,2026-04-01T20:10:00Z,NYY,SEA,A,David Bednar,False,RELIEF_OR_BULK,40,7,4,1,1,3,0,1,0,P,,False,https://statsapi.mlb.com/api/v1.1/game/823157/feed/live,both,True,True,https://raw.githubusercontent.com/lancebroz/mlb-pitcher-data/main/data/raw/2026/daily/2026-04-01.parquet,QA_VALIDATED
823157,678606,José A. Ferrer,13,7,44,46,163,175,Top,2026-04-01,2026-04-01T20:10:00Z,SEA,NYY,H,José A. Ferrer,False,RELIEF_OR_BULK,13,3,3,0,0,0,0,2,0,P,,False,https://statsapi.mlb.com/api/v1.1/game/823157/feed/live,both,True,True,https://raw.githubusercontent.com/lancebroz/mlb-pitcher-data/main/data/raw/2026/daily/2026-04-01.parquet,QA_VALIDATED
823157,681867,Cooper Criswell,30,8,50,64,194,253,Top,2026-04-01,2026-04-01T20:10:00Z,SEA,NYY,H,Cooper Criswell,False,RELIEF_OR_BULK,30,7,6,1,1,1,0,1,1,P,,False,https://statsapi.mlb.com/api/v1.1/game/823157/feed/live,both,True,True,https://raw.githubusercontent.com/lancebroz/mlb-pitcher-data/main/data/raw/2026/daily/2026-04-01.parquet,QA_VALIDATED
823157,693645,Cam Schlittler,79,1,5,47,22,181,Bot,2026-04-01,2026-04-01T20:10:00Z,NYY,SEA,A,Cam Schlittler,True,STARTER,79,21,19,0,0,2,0,7,0,P,,False,https://statsapi.mlb.com/api/v1.1/game/823157/feed/live,both,True,True,https://raw.githubusercontent.com/lancebroz/mlb-pitcher-data/main/data/raw/2026/daily/2026-04-01.parquet,QA_VALIDATED
823321,601713,Nick Pivetta,82,1,0,32,1,133,Top,2026-04-01,2026-04-01T20:10:00Z,SD,SF,H,Nick Pivetta,True,STARTER,82,18,15,0,0,1,2,8,0,P,,False,https://statsapi.mlb.com/api/v1.1/game/823321/feed/live,both,True,True,https://raw.githubusercontent.com/lancebroz/mlb-pitcher-data/main/data/raw/2026/daily/2026-04-01.parquet,QA_VALIDATED
823321,605288,Adrian Houser,86,1,3,45,14,181,Bot,2026-04-01,2026-04-01T20:10:00Z,SF,SD,A,Adrian Houser,True,STARTER,86,25,16,3,1,6,1,4,0,P,,False,https://statsapi.mlb.com/api/v1.1/game/823321/feed/live,both,True,True,https://raw.githubusercontent.com/lancebroz/mlb-pitcher-data/main/data/raw/2026/daily/2026-04-01.parquet,QA_VALIDATED
823321,621366,Ryan Borucki,3,8,68,68,260,262,Bot,2026-04-01,2026-04-01T20:10:00Z,SF,SD,A,Ryan Borucki,False,RELIEF_OR_BULK,3,1,2,0,0,0,0,0,0,P,,False,https://statsapi.mlb.com/api/v1.1/game/823321/feed/live,both,True,True,https://raw.githubusercontent.com/lancebroz/mlb-pitcher-data/main/data/raw/2026/daily/2026-04-01.parquet,QA_VALIDATED
823321,668873,Caleb Kilian,15,6,46,55,182,215,Bot,2026-04-01,2026-04-01T20:10:00Z,SF,SD,A,Caleb Kilian,False,RELIEF_OR_BULK,15,5,5,0,0,0,0,2,0,P,,False,https://statsapi.mlb.com/api/v1.1/game/823321/feed/live,both,True,True,https://raw.githubusercontent.com/lancebroz/mlb-pitcher-data/main/data/raw/2026/daily/2026-04-01.parquet,QA_VALIDATED
823321,669093,Jeremiah Estrada,13,6,39,41,152,164,Top,2026-04-01,2026-04-01T20:10:00Z,SD,SF,H,Jeremiah Estrada,False,RELIEF_OR_BULK,13,3,3,0,0,0,0,2,0,P,,False,https://statsapi.mlb.com/api/v1.1/game/823321/feed/live,both,True,True,https://raw.githubusercontent.com/lancebroz/mlb-pitcher-data/main/data/raw/2026/daily/2026-04-01.parquet,QA_VALIDATED
823321,670970,Adrian Morejon,32,7,48,58,188,228,Top,2026-04-01,2026-04-01T20:10:00Z,SD,SF,H,Adrian Morejon,False,RELIEF_OR_BULK,32,8,5,1,1,2,1,1,0,P,,False,https://statsapi.mlb.com/api/v1.1/game/823321/feed/live,both,True,True,https://raw.githubusercontent.com/lancebroz/mlb-pitcher-data/main/data/raw/2026/daily/2026-04-01.parquet,QA_VALIDATED
823321,676130,José Buttó,28,8,60,67,232,259,Bot,2026-04-01,2026-04-01T20:10:00Z,SF,SD,A,José Buttó,False,RELIEF_OR_BULK,28,8,1,4,4,3,4,1,1,P,,False,https://statsapi.mlb.com/api/v1.1/game/823321/feed/live,both,True,True,https://raw.githubusercontent.com/lancebroz/mlb-pitcher-data/main/data/raw/2026/daily/2026-04-01.parquet,QA_VALIDATED
823321,695243,Mason Miller,19,8,59,72,229,278,Top,2026-04-01,2026-04-01T20:10:00Z,SD,SF,H,Mason Miller,False,RELIEF_OR_BULK,19,5,4,0,0,1,0,3,0,P,,False,https://statsapi.mlb.com/api/v1.1/game/823321/feed/live,both,True,True,https://raw.githubusercontent.com/lancebroz/mlb-pitcher-data/main/data/raw/2026/daily/2026-04-01.parquet,QA_VALIDATED
823483,621237,José Alvarado,8,9,72,75,272,279,Top,2026-04-01,2026-04-01T17:05:00Z,PHI,WSH,H,José Alvarado,False,RELIEF_OR_BULK,8,3,3,0,0,1,0,0,0,P,,False,https://statsapi.mlb.com/api/v1.1/game/823483/feed/live,both,True,True,https://raw.githubusercontent.com/lancebroz/mlb-pitcher-data/main/data/raw/2026/daily/2026-04-01.parquet,QA_VALIDATED
823483,641745,Brad Keller,22,7,53,58,199,220,Top,2026-04-01,2026-04-01T17:05:00Z,PHI,WSH,H,Brad Keller,False,RELIEF_OR_BULK,22,6,3,3,3,3,0,1,1,P,,False,https://statsapi.mlb.com/api/v1.1/game/823483/feed/live,both,True,True,https://raw.githubusercontent.com/lancebroz/mlb-pitcher-data/main/data/raw/2026/daily/2026-04-01.parquet,QA_VALIDATED
823483,647315,Zach Pop,12,8,63,65,236,247,Top,2026-04-01,2026-04-01T17:05:00Z,PHI,WSH,H,Zach Pop,False,RELIEF_OR_BULK,12,3,3,0,0,0,0,1,0,P,,False,https://statsapi.mlb.com/api/v1.1/game/823483/feed/live,both,True,True,https://raw.githubusercontent.com/lancebroz/mlb-pitcher-data/main/data/raw/2026/daily/2026-04-01.parquet,QA_VALIDATED
823483,650911,Cristopher Sánchez,97,1,0,45,1,171,Top,2026-04-01,2026-04-01T17:05:00Z,PHI,WSH,H,Cristopher Sánchez,True,STARTER,97,24,16,1,1,4,4,7,0,P,,False,https://statsapi.mlb.com/api/v1.1/game/823483/feed/live,both,True,True,https://raw.githubusercontent.com/lancebroz/mlb-pitcher-data/main/data/raw/2026/daily/2026-04-01.parquet,QA_VALIDATED
823483,661395,Jhoan Duran,6,10,84,85,314,319,Top,2026-04-01,2026-04-01T17:05:00Z,PHI,WSH,H,Jhoan Duran,False,RELIEF_OR_BULK,6,2,3,0,0,0,0,1,0,P,,False,https://statsapi.mlb.com/api/v1.1/game/823483/feed/live,both,True,True,https://raw.githubusercontent.com/lancebroz/mlb-pitcher-data/main/data/raw/2026/daily/2026-04-01.parquet,QA_VALIDATED
823483,669371,Cole Henry,15,9,81,87,304,324,Bot,2026-04-01,2026-04-01T17:05:00Z,WSH,PHI,A,Cole Henry,False,RELIEF_OR_BULK,15,5,1,1,0,3,1,0,0,P,,False,https://statsapi.mlb.com/api/v1.1/game/823483/feed/live,both,True,True,https://raw.githubusercontent.com/lancebroz/mlb-pitcher-data/main/data/raw/2026/daily/2026-04-01.parquet,QA_VALIDATED
823483,672335,Cionel Pérez,21,7,62,69,232,264,Bot,2026-04-01,2026-04-01T17:05:00Z,WSH,PHI,A,Cionel Pérez,False,RELIEF_OR_BULK,21,5,2,1,1,2,0,0,1,P,,False,https://statsapi.mlb.com/api/v1.1/game/823483/feed/live,both,True,True,https://raw.githubusercontent.com/lancebroz/mlb-pitcher-data/main/data/raw/2026/daily/2026-04-01.parquet,QA_VALIDATED
823483,676571,PJ Poulin,15,9,78,80,289,303,Bot,2026-04-01,2026-04-01T17:05:00Z,WSH,PHI,A,PJ Poulin,False,RELIEF_OR_BULK,15,3,1,1,1,0,2,0,0,P,,False,https://statsapi.mlb.com/api/v1.1/game/823483/feed/live,both,True,True,https://raw.githubusercontent.com/lancebroz/mlb-pitcher-data/main/data/raw/2026/daily/2026-04-01.parquet,QA_VALIDATED
823483,676917,Cade Cavalli,84,1,4,52,11,198,Bot,2026-04-01,2026-04-01T17:05:00Z,WSH,PHI,A,Cade Cavalli,True,STARTER,84,25,18,1,1,5,2,3,0,P,,False,https://statsapi.mlb.com/api/v1.1/game/823483/feed/live,both,True,True,https://raw.githubusercontent.com/lancebroz/mlb-pitcher-data/main/data/raw/2026/daily/2026-04-01.parquet,QA_VALIDATED
823483,680742,Jonathan Bowlan,17,6,46,49,172,188,Top,2026-04-01,2026-04-01T17:05:00Z,PHI,WSH,H,Jonathan Bowlan,False,RELIEF_OR_BULK,17,4,2,1,1,2,0,1,0,P,,False,https://statsapi.mlb.com/api/v1.1/game/823483/feed/live,both,True,True,https://raw.githubusercontent.com/lancebroz/mlb-pitcher-data/main/data/raw/2026/daily/2026-04-01.parquet,QA_VALIDATED
823483,690925,Clayton Beeter,16,8,70,77,265,288,Bot,2026-04-01,2026-04-01T17:05:00Z,WSH,PHI,A,Clayton Beeter,False,RELIEF_OR_BULK,16,4,3,1,1,1,0,0,0,P,,False,https://statsapi.mlb.com/api/v1.1/game/823483/feed/live,both,True,True,https://raw.githubusercontent.com/lancebroz/mlb-pitcher-data/main/data/raw/2026/daily/2026-04-01.parquet,QA_VALIDATED
823483,701552,Andre Granillo,11,7,59,61,221,231,Bot,2026-04-01,2026-04-01T17:05:00Z,WSH,PHI,A,Andre Granillo,False,RELIEF_OR_BULK,11,3,2,1,1,1,0,1,1,P,,False,https://statsapi.mlb.com/api/v1.1/game/823483/feed/live,both,True,True,https://raw.githubusercontent.com/lancebroz/mlb-pitcher-data/main/data/raw/2026/daily/2026-04-01.parquet,QA_VALIDATED
823806,643377,Griffin Jax,20,8,57,61,240,259,Bot,2026-04-01,2026-04-01T17:40:00Z,TB,MIL,A,Griffin Jax,False,RELIEF_OR_BULK,20,5,0,5,3,3,1,0,0,P,,False,https://statsapi.mlb.com/api/v1.1/game/823806/feed/live,both,True,True,https://raw.githubusercontent.com/lancebroz/mlb-pitcher-data/main/data/raw/2026/daily/2026-04-01.parquet,QA_VALIDATED
823806,656876,Drew Rasmussen,89,1,3,41,13,172,Bot,2026-04-01,2026-04-01T17:40:00Z,TB,MIL,A,Drew Rasmussen,True,STARTER,89,20,15,2,1,3,1,8,1,P,,False,https://statsapi.mlb.com/api/v1.1/game/823806/feed/live,both,True,True,https://raw.githubusercontent.com/lancebroz/mlb-pitcher-data/main/data/raw/2026/daily/2026-04-01.parquet,QA_VALIDATED
823806,669084,DL Hall,19,9,67,71,273,291,Top,2026-04-01,2026-04-01T17:40:00Z,MIL,TB,H,DL Hall,False,RELIEF_OR_BULK,19,5,3,0,0,1,0,3,0,P,,False,https://statsapi.mlb.com/api/v1.1/game/823806/feed/live,both,True,True,https://raw.githubusercontent.com/lancebroz/mlb-pitcher-data/main/data/raw/2026/daily/2026-04-01.parquet,QA_VALIDATED
823806,669438,Mason Englert,13,8,62,66,260,272,Bot,2026-04-01,2026-04-01T17:40:00Z,TB,MIL,A,Mason Englert,False,RELIEF_OR_BULK,13,5,3,1,1,2,0,0,0,P,,False,https://statsapi.mlb.com/api/v1.1/game/823806/feed/live,both,True,True,https://raw.githubusercontent.com/lancebroz/mlb-pitcher-data/main/data/raw/2026/daily/2026-04-01.parquet,QA_VALIDATED
823806,676879,Aaron Ashby,9,8,54,56,231,239,Top,2026-04-01,2026-04-01T17:40:00Z,MIL,TB,H,Aaron Ashby,False,RELIEF_OR_BULK,9,3,3,0,0,0,1,0,0,P,,False,https://statsapi.mlb.com/api/v1.1/game/823806/feed/live,both,True,True,https://raw.githubusercontent.com/lancebroz/mlb-pitcher-data/main/data/raw/2026/daily/2026-04-01.parquet,QA_VALIDATED
823806,681982,Grant Anderson,15,7,48,50,198,212,Top,2026-04-01,2026-04-01T17:40:00Z,MIL,TB,H,Grant Anderson,False,RELIEF_OR_BULK,15,3,3,0,0,0,0,1,0,P,,False,https://statsapi.mlb.com/api/v1.1/game/823806/feed/live,both,True,True,https://raw.githubusercontent.com/lancebroz/mlb-pitcher-data/main/data/raw/2026/daily/2026-04-01.parquet,QA_VALIDATED
823806,693855,Ian Seymour,32,6,45,53,184,230,Bot,2026-04-01,2026-04-01T17:40:00Z,TB,MIL,A,Ian Seymour,False,RELIEF_OR_BULK,32,6,6,0,0,1,0,2,0,P,,False,https://statsapi.mlb.com/api/v1.1/game/823806/feed/live,both,True,True,https://raw.githubusercontent.com/lancebroz/mlb-pitcher-data/main/data/raw/2026/daily/2026-04-01.parquet,QA_VALIDATED
823806,694819,Jacob Misiorowski,94,1,0,44,1,183,Top,2026-04-01,2026-04-01T17:40:00Z,MIL,TB,H,Jacob Misiorowski,True,STARTER,94,25,18,2,2,4,2,7,1,P,,False,https://statsapi.mlb.com/api/v1.1/game/823806/feed/live,both,True,True,https://raw.githubusercontent.com/lancebroz/mlb-pitcher-data/main/data/raw/2026/daily/2026-04-01.parquet,QA_VALIDATED
823889,608371,Lucas Sims,31,4,34,45,119,158,Bot,2026-04-01,2026-04-01T17:10:00Z,CWS,MIA,A,Lucas Sims,False,RELIEF_OR_BULK,31,9,6,0,0,1,1,1,0,P,,False,https://statsapi.mlb.com/api/v1.1/game/823889/feed/live,both,True,True,https://raw.githubusercontent.com/lancebroz/mlb-pitcher-data/main/data/raw/2026/daily/2026-04-01.parquet,QA_VALIDATED
823889,645261,Sandy Alcantara,93,1,0,72,1,247,Top,2026-04-01,2026-04-01T17:10:00Z,MIA,CWS,H,Sandy Alcantara,True,STARTER,93,31,27,0,0,3,0,7,0,P,,False,https://statsapi.mlb.com/api/v1.1/game/823889/feed/live,both,True,True,https://raw.githubusercontent.com/lancebroz/mlb-pitcher-data/main/data/raw/2026/daily/2026-04-01.parquet,QA_VALIDATED
823889,669684,Chris Murphy,39,6,49,61,173,221,Bot,2026-04-01,2026-04-01T17:10:00Z,CWS,MIA,A,Chris Murphy,False,RELIEF_OR_BULK,39,10,6,1,1,3,1,3,0,P,,False,https://statsapi.mlb.com/api/v1.1/game/823889/feed/live,both,True,True,https://raw.githubusercontent.com/lancebroz/mlb-pitcher-data/main/data/raw/2026/daily/2026-04-01.parquet,QA_VALIDATED
823889,673929,Jordan Leasure,12,8,66,69,227,238,Bot,2026-04-01,2026-04-01T17:10:00Z,CWS,MIA,A,Jordan Leasure,False,RELIEF_OR_BULK,12,4,3,1,1,1,0,1,1,P,,False,https://statsapi.mlb.com/api/v1.1/game/823889/feed/live,both,True,True,https://raw.githubusercontent.com/lancebroz/mlb-pitcher-data/main/data/raw/2026/daily/2026-04-01.parquet,QA_VALIDATED
823889,681343,Shane Smith,72,1,3,29,11,108,Bot,2026-04-01,2026-04-01T17:10:00Z,CWS,MIA,A,Shane Smith,True,STARTER,72,19,9,8,7,8,2,1,1,P,,False,https://statsapi.mlb.com/api/v1.1/game/823889/feed/live,both,True,True,https://raw.githubusercontent.com/lancebroz/mlb-pitcher-data/main/data/raw/2026/daily/2026-04-01.parquet,QA_VALIDATED
823970,542888,Shawn Armstrong,19,8,54,57,217,235,Bot,2026-04-01,2026-04-02T00:20:00Z,CLE,LAD,A,Shawn Armstrong,False,RELIEF_OR_BULK,19,4,2,0,0,2,0,1,0,P,,False,https://statsapi.mlb.com/api/v1.1/game/823970/feed/live,both,True,True,https://raw.githubusercontent.com/lancebroz/mlb-pitcher-data/main/data/raw/2026/daily/2026-04-01.parquet,QA_VALIDATED
823970,595014,Blake Treinen,17,9,59,61,239,255,Top,2026-04-01,2026-04-02T00:20:00Z,LAD,CLE,H,Blake Treinen,False,RELIEF_OR_BULK,17,3,3,0,0,0,0,1,0,P,,False,https://statsapi.mlb.com/api/v1.1/game/823970/feed/live,both,True,True,https://raw.githubusercontent.com/lancebroz/mlb-pitcher-data/main/data/raw/2026/daily/2026-04-01.parquet,QA_VALIDATED
823970,656945,Tanner Scott,9,8,52,53,208,216,Top,2026-04-01,2026-04-02T00:20:00Z,LAD,CLE,H,Tanner Scott,False,RELIEF_OR_BULK,9,2,1,1,1,1,0,1,1,P,,False,https://statsapi.mlb.com/api/v1.1/game/823970/feed/live,both,True,True,https://raw.githubusercontent.com/lancebroz/mlb-pitcher-data/main/data/raw/2026/daily/2026-04-01.parquet,QA_VALIDATED
823970,668909,Gavin Williams,85,1,3,48,14,187,Bot,2026-04-01,2026-04-02T00:20:00Z,CLE,LAD,A,Gavin Williams,True,STARTER,85,23,21,0,0,2,3,10,0,P,,False,https://statsapi.mlb.com/api/v1.1/game/823970/feed/live,both,True,True,https://raw.githubusercontent.com/lancebroz/mlb-pitcher-data/main/data/raw/2026/daily/2026-04-01.parquet,QA_VALIDATED
823970,671922,Cade Smith,19,9,62,65,256,274,Bot,2026-04-01,2026-04-02T00:20:00Z,CLE,LAD,A,Cade Smith,False,RELIEF_OR_BULK,19,4,3,1,1,1,0,0,1,P,,False,https://statsapi.mlb.com/api/v1.1/game/823970/feed/live,both,True,True,https://raw.githubusercontent.com/lancebroz/mlb-pitcher-data/main/data/raw/2026/daily/2026-04-01.parquet,QA_VALIDATED
823970,681870,Erik Sabrowski,3,8,58,58,236,238,Bot,2026-04-01,2026-04-02T00:20:00Z,CLE,LAD,A,Erik Sabrowski,False,RELIEF_OR_BULK,3,1,1,0,0,0,0,1,0,P,,False,https://statsapi.mlb.com/api/v1.1/game/823970/feed/live,both,True,True,https://raw.githubusercontent.com/lancebroz/mlb-pitcher-data/main/data/raw/2026/daily/2026-04-01.parquet,QA_VALIDATED
823970,694361,Will Klein,35,7,42,51,163,207,Top,2026-04-01,2026-04-02T00:20:00Z,LAD,CLE,H,Will Klein,False,RELIEF_OR_BULK,35,7,5,1,1,1,2,1,0,P,,False,https://statsapi.mlb.com/api/v1.1/game/823970/feed/live,both,True,True,https://raw.githubusercontent.com/lancebroz/mlb-pitcher-data/main/data/raw/2026/daily/2026-04-01.parquet,QA_VALIDATED
823970,808967,Yoshinobu Yamamoto,87,1,0,37,1,149,Top,2026-04-01,2026-04-02T00:20:00Z,LAD,CLE,H,Yoshinobu Yamamoto,True,STARTER,87,22,18,2,2,4,1,2,1,P,,False,https://statsapi.mlb.com/api/v1.1/game/823970/feed/live,both,True,True,https://raw.githubusercontent.com/lancebroz/mlb-pitcher-data/main/data/raw/2026/daily/2026-04-01.parquet,QA_VALIDATED
824136,607455,Anthony Banda,12,8,79,82,343,354,Bot,2026-04-01,2026-04-01T23:40:00Z,MIN,KC,A,Anthony Banda,False,RELIEF_OR_BULK,12,4,3,0,0,1,0,1,0,P,,False,https://statsapi.mlb.com/api/v1.1/game/824136/feed/live,both,True,True,https://raw.githubusercontent.com/lancebroz/mlb-pitcher-data/main/data/raw/2026/daily/2026-04-01.parquet,QA_VALIDATED
824136,656638,Alex Lange,34,8,71,76,302,335,Top,2026-04-01,2026-04-01T23:40:00Z,KC,MIN,H,Alex Lange,False,RELIEF_OR_BULK,34,6,1,2,2,1,3,1,0,P,,False,https://statsapi.mlb.com/api/v1.1/game/824136/feed/live,both,True,True,https://raw.githubusercontent.com/lancebroz/mlb-pitcher-data/main/data/raw/2026/daily/2026-04-01.parquet,QA_VALIDATED
824136,657746,Joe Ryan,77,1,4,34,19,140,Bot,2026-04-01,2026-04-01T23:40:00Z,MIN,KC,A,Joe Ryan,True,STARTER,77,20,12,5,5,9,0,3,0,P,,False,https://statsapi.mlb.com/api/v1.1/game/824136/feed/live,both,True,True,https://raw.githubusercontent.com/lancebroz/mlb-pitcher-data/main/data/raw/2026/daily/2026-04-01.parquet,QA_VALIDATED
824136,663559,Bailey Falter,20,9,83,88,355,374,Top,2026-04-01,2026-04-01T23:40:00Z,KC,MIN,H,Bailey Falter,False,RELIEF_OR_BULK,20,6,1,3,3,3,2,0,1,P,,False,https://statsapi.mlb.com/api/v1.1/game/824136/feed/live,both,True,True,https://raw.githubusercontent.com/lancebroz/mlb-pitcher-data/main/data/raw/2026/daily/2026-04-01.parquet,QA_VALIDATED
824136,663738,Daniel Lynch IV,37,7,58,65,244,280,Top,2026-04-01,2026-04-01T23:40:00Z,KC,MIN,H,Daniel Lynch IV,False,RELIEF_OR_BULK,37,8,3,3,1,1,3,2,0,P,,False,https://statsapi.mlb.com/api/v1.1/game/824136/feed/live,both,True,True,https://raw.githubusercontent.com/lancebroz/mlb-pitcher-data/main/data/raw/2026/daily/2026-04-01.parquet,QA_VALIDATED
824136,668674,Lucas Erceg,7,9,89,90,375,381,Top,2026-04-01,2026-04-01T23:40:00Z,KC,MIN,H,Lucas Erceg,False,RELIEF_OR_BULK,7,2,2,0,0,0,0,0,0,P,,False,https://statsapi.mlb.com/api/v1.1/game/824136/feed/live,both,True,True,https://raw.githubusercontent.com/lancebroz/mlb-pitcher-data/main/data/raw/2026/daily/2026-04-01.parquet,QA_VALIDATED
824136,674444,Steven Cruz,7,8,77,78,336,342,Top,2026-04-01,2026-04-01T23:40:00Z,KC,MIN,H,Steven Cruz,False,RELIEF_OR_BULK,7,2,2,0,0,0,0,1,0,P,,False,https://statsapi.mlb.com/api/v1.1/game/824136/feed/live,both,True,True,https://raw.githubusercontent.com/lancebroz/mlb-pitcher-data/main/data/raw/2026/daily/2026-04-01.parquet,QA_VALIDATED
824136,683232,Nick Mears,18,6,44,46,180,197,Top,2026-04-01,2026-04-01T23:40:00Z,KC,MIN,H,Nick Mears,False,RELIEF_OR_BULK,18,3,3,0,0,0,0,2,0,P,,False,https://statsapi.mlb.com/api/v1.1/game/824136/feed/live,both,True,True,https://raw.githubusercontent.com/lancebroz/mlb-pitcher-data/main/data/raw/2026/daily/2026-04-01.parquet,QA_VALIDATED
824136,687849,Zak Kent,47,6,52,70,218,301,Bot,2026-04-01,2026-04-01T23:40:00Z,MIN,KC,A,Zak Kent,False,RELIEF_OR_BULK,47,11,5,4,1,3,3,2,2,P,,False,https://statsapi.mlb.com/api/v1.1/game/824136/feed/live,both,True,True,https://raw.githubusercontent.com/lancebroz/mlb-pitcher-data/main/data/raw/2026/daily/2026-04-01.parquet,QA_VALIDATED
824136,689520,Cody Laweryson,36,5,40,51,164,217,Bot,2026-04-01,2026-04-01T23:40:00Z,MIN,KC,A,Cody Laweryson,False,RELIEF_OR_BULK,36,9,4,4,3,2,2,2,0,P,,False,https://statsapi.mlb.com/api/v1.1/game/824136/feed/live,both,True,True,https://raw.githubusercontent.com/lancebroz/mlb-pitcher-data/main/data/raw/2026/daily/2026-04-01.parquet,QA_VALIDATED
824136,702070,Noah Cameron,86,1,0,39,1,163,Top,2026-04-01,2026-04-01T23:40:00Z,KC,MIN,H,Noah Cameron,True,STARTER,86,20,15,1,1,4,1,5,0,P,,False,https://statsapi.mlb.com/api/v1.1/game/824136/feed/live,both,True,True,https://raw.githubusercontent.com/lancebroz/mlb-pitcher-data/main/data/raw/2026/daily/2026-04-01.parquet,QA_VALIDATED
824211,543056,Danny Coulombe,16,7,56,59,220,235,Bot,2026-04-01,2026-04-01T18:10:00Z,BOS,HOU,A,Danny Coulombe,False,RELIEF_OR_BULK,16,4,3,1,1,1,0,0,1,P,,False,https://statsapi.mlb.com/api/v1.1/game/824211/feed/live,both,True,True,https://raw.githubusercontent.com/lancebroz/mlb-pitcher-data/main/data/raw/2026/daily/2026-04-01.parquet,QA_VALIDATED
824211,650556,Bryan Abreu,16,9,70,73,287,302,Top,2026-04-01,2026-04-01T18:10:00Z,HOU,BOS,H,Bryan Abreu,False,RELIEF_OR_BULK,16,4,3,1,1,1,0,3,1,P,,False,https://statsapi.mlb.com/api/v1.1/game/824211/feed/live,both,True,True,https://raw.githubusercontent.com/lancebroz/mlb-pitcher-data/main/data/raw/2026/daily/2026-04-01.parquet,QA_VALIDATED
824211,669711,Greg Weissert,16,6,50,52,192,207,Bot,2026-04-01,2026-04-01T18:10:00Z,BOS,HOU,A,Greg Weissert,False,RELIEF_OR_BULK,16,3,3,0,0,0,0,1,0,P,,False,https://statsapi.mlb.com/api/v1.1/game/824211/feed/live,both,True,True,https://raw.githubusercontent.com/lancebroz/mlb-pitcher-data/main/data/raw/2026/daily/2026-04-01.parquet,QA_VALIDATED
824211,676477,Garrett Whitlock,37,8,64,69,250,286,Bot,2026-04-01,2026-04-01T18:10:00Z,BOS,HOU,A,Garrett Whitlock,False,RELIEF_OR_BULK,37,6,3,0,0,1,2,1,0,P,,False,https://statsapi.mlb.com/api/v1.1/game/824211/feed/live,both,True,True,https://raw.githubusercontent.com/lancebroz/mlb-pitcher-data/main/data/raw/2026/daily/2026-04-01.parquet,QA_VALIDATED
824211,676979,Garrett Crochet,93,1,6,46,21,177,Bot,2026-04-01,2026-04-01T18:10:00Z,BOS,HOU,A,Garrett Crochet,True,STARTER,93,23,15,5,4,6,0,7,1,P,,False,https://statsapi.mlb.com/api/v1.1/game/824211/feed/live,both,True,True,https://raw.githubusercontent.com/lancebroz/mlb-pitcher-data/main/data/raw/2026/daily/2026-04-01.parquet,QA_VALIDATED
824211,678906,Kai-Wei Teng,14,8,60,63,236,249,Top,2026-04-01,2026-04-01T18:10:00Z,HOU,BOS,H,Kai-Wei Teng,False,RELIEF_OR_BULK,14,4,3,1,1,1,0,1,1,P,,False,https://statsapi.mlb.com/api/v1.1/game/824211/feed/live,both,True,True,https://raw.githubusercontent.com/lancebroz/mlb-pitcher-data/main/data/raw/2026/daily/2026-04-01.parquet,QA_VALIDATED
824211,681347,Mike Burrows,84,1,0,40,1,155,Top,2026-04-01,2026-04-01T18:10:00Z,HOU,BOS,H,Mike Burrows,True,STARTER,84,24,15,2,2,5,3,6,0,P,,False,https://statsapi.mlb.com/api/v1.1/game/824211/feed/live,both,True,True,https://raw.githubusercontent.com/lancebroz/mlb-pitcher-data/main/data/raw/2026/daily/2026-04-01.parquet,QA_VALIDATED
824211,687911,Bryan King,12,7,53,55,208,219,Top,2026-04-01,2026-04-01T18:10:00Z,HOU,BOS,H,Bryan King,False,RELIEF_OR_BULK,12,3,3,0,0,0,0,2,0,P,,False,https://statsapi.mlb.com/api/v1.1/game/824211/feed/live,both,True,True,https://raw.githubusercontent.com/lancebroz/mlb-pitcher-data/main/data/raw/2026/daily/2026-04-01.parquet,QA_VALIDATED
824211,805123,AJ Blubaugh,14,6,47,49,178,191,Top,2026-04-01,2026-04-01T18:10:00Z,HOU,BOS,H,AJ Blubaugh,False,RELIEF_OR_BULK,14,3,3,0,0,0,0,1,0,P,,False,https://statsapi.mlb.com/api/v1.1/game/824211/feed/live,both,True,True,https://raw.githubusercontent.com/lancebroz/mlb-pitcher-data/main/data/raw/2026/daily/2026-04-01.parquet,QA_VALIDATED
824536,641941,Emilio Pagán,33,9,66,72,260,292,Top,2026-04-01,2026-04-01T16:40:00Z,CIN,PIT,H,Emilio Pagán,False,RELIEF_OR_BULK,33,7,3,4,4,3,0,2,1,P,,False,https://statsapi.mlb.com/api/v1.1/game/824536/feed/live,both,True,True,https://raw.githubusercontent.com/lancebroz/mlb-pitcher-data/main/data/raw/2026/daily/2026-04-01.parquet,QA_VALIDATED
824536,642397,Gregory Soto,13,9,73,75,293,305,Bot,2026-04-01,2026-04-01T16:40:00Z,PIT,CIN,A,Gregory Soto,False,RELIEF_OR_BULK,13,3,3,0,0,0,0,2,0,P,,False,https://statsapi.mlb.com/api/v1.1/game/824536/feed/live,both,True,True,https://raw.githubusercontent.com/lancebroz/mlb-pitcher-data/main/data/raw/2026/daily/2026-04-01.parquet,QA_VALIDATED
824536,663574,Tony Santillan,11,8,60,62,237,247,Top,2026-04-01,2026-04-01T16:40:00Z,CIN,PIT,H,Tony Santillan,False,RELIEF_OR_BULK,11,3,3,0,0,0,0,1,0,P,,False,https://statsapi.mlb.com/api/v1.1/game/824536/feed/live,both,True,True,https://raw.githubusercontent.com/lancebroz/mlb-pitcher-data/main/data/raw/2026/daily/2026-04-01.parquet,QA_VALIDATED
824536,664875,Justin Lawrence,12,8,63,65,248,259,Bot,2026-04-01,2026-04-01T16:40:00Z,PIT,CIN,A,Justin Lawrence,False,RELIEF_OR_BULK,12,3,3,0,0,0,0,1,0,P,,False,https://statsapi.mlb.com/api/v1.1/game/824536/feed/live,both,True,True,https://raw.githubusercontent.com/lancebroz/mlb-pitcher-data/main/data/raw/2026/daily/2026-04-01.parquet,QA_VALIDATED
824536,668933,Graham Ashcraft,21,7,53,56,201,221,Top,2026-04-01,2026-04-01T16:40:00Z,CIN,PIT,H,Graham Ashcraft,False,RELIEF_OR_BULK,21,4,3,0,0,1,0,2,0,P,,False,https://statsapi.mlb.com/api/v1.1/game/824536/feed/live,both,True,True,https://raw.githubusercontent.com/lancebroz/mlb-pitcher-data/main/data/raw/2026/daily/2026-04-01.parquet,QA_VALIDATED
824536,671096,Andrew Abbott,88,1,0,43,1,165,Top,2026-04-01,2026-04-01T16:40:00Z,CIN,PIT,H,Andrew Abbott,True,STARTER,88,24,17,4,4,5,3,5,1,P,,False,https://statsapi.mlb.com/api/v1.1/game/824536/feed/live,both,True,True,https://raw.githubusercontent.com/lancebroz/mlb-pitcher-data/main/data/raw/2026/daily/2026-04-01.parquet,QA_VALIDATED
824536,676755,Isaac Mattson,22,6,51,59,194,236,Bot,2026-04-01,2026-04-01T16:40:00Z,PIT,CIN,A,Isaac Mattson,False,RELIEF_OR_BULK,22,5,4,0,0,1,0,0,0,P,,False,https://statsapi.mlb.com/api/v1.1/game/824536/feed/live,both,True,True,https://raw.githubusercontent.com/lancebroz/mlb-pitcher-data/main/data/raw/2026/daily/2026-04-01.parquet,QA_VALIDATED
824536,682254,Mason Montgomery,15,6,47,50,179,193,Bot,2026-04-01,2026-04-01T16:40:00Z,PIT,CIN,A,Mason Montgomery,False,RELIEF_OR_BULK,15,4,2,2,2,1,1,1,1,P,,False,https://statsapi.mlb.com/api/v1.1/game/824536/feed/live,both,True,True,https://raw.githubusercontent.com/lancebroz/mlb-pitcher-data/main/data/raw/2026/daily/2026-04-01.parquet,QA_VALIDATED
824536,683175,Connor Phillips,13,6,44,46,166,178,Top,2026-04-01,2026-04-01T16:40:00Z,CIN,PIT,H,Connor Phillips,False,RELIEF_OR_BULK,13,3,1,0,0,0,2,0,0,P,,False,https://statsapi.mlb.com/api/v1.1/game/824536/feed/live,both,True,True,https://raw.githubusercontent.com/lancebroz/mlb-pitcher-data/main/data/raw/2026/daily/2026-04-01.parquet,QA_VALIDATED
824536,694973,Paul Skenes,77,1,8,39,29,147,Bot,2026-04-01,2026-04-01T16:40:00Z,PIT,CIN,A,Paul Skenes,True,STARTER,77,20,15,1,1,3,2,5,0,P,,False,https://statsapi.mlb.com/api/v1.1/game/824536/feed/live,both,True,True,https://raw.githubusercontent.com/lancebroz/mlb-pitcher-data/main/data/raw/2026/daily/2026-04-01.parquet,QA_VALIDATED
824698,571510,Matthew Boyd,98,1,0,44,1,184,Top,2026-04-01,2026-04-01T18:20:00Z,CHC,LAA,H,Matthew Boyd,True,STARTER,98,20,17,2,1,2,2,10,0,P,,False,https://statsapi.mlb.com/api/v1.1/game/824698/feed/live,both,True,True,https://raw.githubusercontent.com/lancebroz/mlb-pitcher-data/main/data/raw/2026/daily/2026-04-01.parquet,QA_VALIDATED
824698,573204,Caleb Thielbar,13,8,62,64,258,270,Top,2026-04-01,2026-04-01T18:20:00Z,CHC,LAA,H,Caleb Thielbar,False,RELIEF_OR_BULK,13,3,3,0,0,0,0,2,0,P,,False,https://statsapi.mlb.com/api/v1.1/game/824698/feed/live,both,True,True,https://raw.githubusercontent.com/lancebroz/mlb-pitcher-data/main/data/raw/2026/daily/2026-04-01.parquet,QA_VALIDATED
824698,579328,Yusei Kikuchi,91,1,3,48,12,196,Bot,2026-04-01,2026-04-01T18:20:00Z,LAA,CHC,A,Yusei Kikuchi,True,STARTER,91,26,16,5,5,6,4,5,0,P,,False,https://statsapi.mlb.com/api/v1.1/game/824698/feed/live,both,True,True,https://raw.githubusercontent.com/lancebroz/mlb-pitcher-data/main/data/raw/2026/daily/2026-04-01.parquet,QA_VALIDATED
824698,608718,Brent Suter,44,7,57,68,231,287,Bot,2026-04-01,2026-04-01T18:20:00Z,LAA,CHC,A,Brent Suter,False,RELIEF_OR_BULK,44,9,6,0,0,3,0,4,0,P,,False,https://statsapi.mlb.com/api/v1.1/game/824698/feed/live,both,True,True,https://raw.githubusercontent.com/lancebroz/mlb-pitcher-data/main/data/raw/2026/daily/2026-04-01.parquet,QA_VALIDATED
824698,640451,Hunter Harvey,20,6,45,55,185,228,Top,2026-04-01,2026-04-01T18:20:00Z,CHC,LAA,H,Hunter Harvey,False,RELIEF_OR_BULK,20,6,4,0,0,1,0,3,0,P,,False,https://statsapi.mlb.com/api/v1.1/game/824698/feed/live,both,True,True,https://raw.githubusercontent.com/lancebroz/mlb-pitcher-data/main/data/raw/2026/daily/2026-04-01.parquet,QA_VALIDATED
824698,666171,Ryan Zeferjahn,21,6,49,56,197,230,Bot,2026-04-01,2026-04-01T18:20:00Z,LAA,CHC,A,Ryan Zeferjahn,False,RELIEF_OR_BULK,21,5,2,1,0,1,1,1,0,P,,False,https://statsapi.mlb.com/api/v1.1/game/824698/feed/live,both,True,True,https://raw.githubusercontent.com/lancebroz/mlb-pitcher-data/main/data/raw/2026/daily/2026-04-01.parquet,QA_VALIDATED
824698,694037,Daniel Palencia,9,9,69,72,288,296,Top,2026-04-01,2026-04-01T18:20:00Z,CHC,LAA,H,Daniel Palencia,False,RELIEF_OR_BULK,9,4,3,0,0,1,0,1,0,P,,False,https://statsapi.mlb.com/api/v1.1/game/824698/feed/live,both,True,True,https://raw.githubusercontent.com/lancebroz/mlb-pitcher-data/main/data/raw/2026/daily/2026-04-01.parquet,QA_VALIDATED
824860,543135,Nathan Eovaldi,88,1,3,43,11,164,Bot,2026-04-01,2026-04-01T16:35:00Z,TEX,BAL,A,Nathan Eovaldi,True,STARTER,88,23,12,6,6,8,3,5,1,P,,False,https://statsapi.mlb.com/api/v1.1/game/824860/feed/live,both,True,True,https://raw.githubusercontent.com/lancebroz/mlb-pitcher-data/main/data/raw/2026/daily/2026-04-01.parquet,QA_VALIDATED
824860,544150,Albert Suárez,42,7,58,77,221,296,Top,2026-04-01,2026-04-01T16:35:00Z,BAL,TEX,H,Albert Suárez,False,RELIEF_OR_BULK,42,12,9,1,1,2,1,2,1,P,,False,https://statsapi.mlb.com/api/v1.1/game/824860/feed/live,both,True,True,https://raw.githubusercontent.com/lancebroz/mlb-pitcher-data/main/data/raw/2026/daily/2026-04-01.parquet,QA_VALIDATED
824860,641302,Tyler Alexander,25,5,44,50,165,189,Bot,2026-04-01,2026-04-01T16:35:00Z,TEX,BAL,A,Tyler Alexander,False,RELIEF_OR_BULK,25,7,3,1,1,2,2,0,0,P,,False,https://statsapi.mlb.com/api/v1.1/game/824860/feed/live,both,True,True,https://raw.githubusercontent.com/lancebroz/mlb-pitcher-data/main/data/raw/2026/daily/2026-04-01.parquet,QA_VALIDATED
824860,656641,Jacob Latz,14,8,72,74,274,287,Bot,2026-04-01,2026-04-01T16:35:00Z,TEX,BAL,A,Jacob Latz,False,RELIEF_OR_BULK,14,3,3,0,0,0,0,0,0,P,,False,https://statsapi.mlb.com/api/v1.1/game/824860/feed/live,both,True,True,https://raw.githubusercontent.com/lancebroz/mlb-pitcher-data/main/data/raw/2026/daily/2026-04-01.parquet,QA_VALIDATED
824860,669432,Trevor Rogers,91,1,0,53,1,204,Top,2026-04-01,2026-04-01T16:35:00Z,BAL,TEX,H,Trevor Rogers,True,STARTER,91,24,18,2,2,6,1,3,0,P,,False,https://statsapi.mlb.com/api/v1.1/game/824860/feed/live,both,True,True,https://raw.githubusercontent.com/lancebroz/mlb-pitcher-data/main/data/raw/2026/daily/2026-04-01.parquet,QA_VALIDATED
824860,691945,Carter Baumler,36,6,54,67,205,257,Bot,2026-04-01,2026-04-01T16:35:00Z,TEX,BAL,A,Carter Baumler,False,RELIEF_OR_BULK,36,9,6,1,1,2,1,2,1,P,,False,https://statsapi.mlb.com/api/v1.1/game/824860/feed/live,both,True,True,https://raw.githubusercontent.com/lancebroz/mlb-pitcher-data/main/data/raw/2026/daily/2026-04-01.parquet,QA_VALIDATED
824940,519242,Chris Sale,79,1,0,43,1,199,Top,2026-04-01,2026-04-01T16:15:00Z,ATL,ATH,H,Chris Sale,True,STARTER,79,19,18,1,1,1,0,3,1,P,,False,https://statsapi.mlb.com/api/v1.1/game/824940/feed/live,both,True,True,https://raw.githubusercontent.com/lancebroz/mlb-pitcher-data/main/data/raw/2026/daily/2026-04-01.parquet,QA_VALIDATED
824940,622663,Luis Severino,91,1,3,30,15,145,Bot,2026-04-01,2026-04-01T16:15:00Z,ATH,ATL,A,Luis Severino,True,STARTER,91,18,10,4,4,4,5,7,0,P,,False,https://statsapi.mlb.com/api/v1.1/game/824940/feed/live,both,True,True,https://raw.githubusercontent.com/lancebroz/mlb-pitcher-data/main/data/raw/2026/daily/2026-04-01.parquet,QA_VALIDATED
824940,628452,Raisel Iglesias,17,9,61,64,258,274,Top,2026-04-01,2026-04-01T16:15:00Z,ATL,ATH,H,Raisel Iglesias,False,RELIEF_OR_BULK,17,4,3,0,0,1,0,1,0,P,,False,https://statsapi.mlb.com/api/v1.1/game/824940/feed/live,both,True,True,https://raw.githubusercontent.com/lancebroz/mlb-pitcher-data/main/data/raw/2026/daily/2026-04-01.parquet,QA_VALIDATED
824940,663158,Robert Suarez,6,7,47,49,210,215,Top,2026-04-01,2026-04-01T16:15:00Z,ATL,ATH,H,Robert Suarez,False,RELIEF_OR_BULK,6,3,3,0,0,1,0,1,0,P,,False,https://statsapi.mlb.com/api/v1.1/game/824940/feed/live,both,True,True,https://raw.githubusercontent.com/lancebroz/mlb-pitcher-data/main/data/raw/2026/daily/2026-04-01.parquet,QA_VALIDATED
824940,663687,Hogan Harris,19,5,38,46,177,209,Bot,2026-04-01,2026-04-01T16:15:00Z,ATH,ATL,A,Hogan Harris,False,RELIEF_OR_BULK,19,6,6,0,0,0,0,2,0,P,,False,https://statsapi.mlb.com/api/v1.1/game/824940/feed/live,both,True,True,https://raw.githubusercontent.com/lancebroz/mlb-pitcher-data/main/data/raw/2026/daily/2026-04-01.parquet,QA_VALIDATED
824940,665622,Luis Medina,27,7,50,60,216,257,Bot,2026-04-01,2026-04-01T16:15:00Z,ATH,ATL,A,Luis Medina,False,RELIEF_OR_BULK,27,7,6,0,0,1,0,1,0,P,,False,https://statsapi.mlb.com/api/v1.1/game/824940/feed/live,both,True,True,https://raw.githubusercontent.com/lancebroz/mlb-pitcher-data/main/data/raw/2026/daily/2026-04-01.parquet,QA_VALIDATED
824940,665660,Elvis Alvarado,20,4,31,34,146,165,Bot,2026-04-01,2026-04-01T16:15:00Z,ATH,ATL,A,Elvis Alvarado,False,RELIEF_OR_BULK,20,4,2,1,1,2,0,0,0,P,,False,https://statsapi.mlb.com/api/v1.1/game/824940/feed/live,both,True,True,https://raw.githubusercontent.com/lancebroz/mlb-pitcher-data/main/data/raw/2026/daily/2026-04-01.parquet,QA_VALIDATED
824940,669276,Dylan Lee,15,8,54,57,234,248,Top,2026-04-01,2026-04-01T16:15:00Z,ATL,ATH,H,Dylan Lee,False,RELIEF_OR_BULK,15,4,3,0,0,1,0,1,0,P,,False,https://statsapi.mlb.com/api/v1.1/game/824940/feed/live,both,True,True,https://raw.githubusercontent.com/lancebroz/mlb-pitcher-data/main/data/raw/2026/daily/2026-04-01.parquet,QA_VALIDATED
825106,640448,Kyle Finnegan,20,8,53,57,205,224,Bot,2026-04-01,2026-04-01T19:40:00Z,DET,AZ,A,Kyle Finnegan,False,RELIEF_OR_BULK,20,5,3,0,0,0,2,0,0,P,,False,https://statsapi.mlb.com/api/v1.1/game/825106/feed/live,both,True,True,https://raw.githubusercontent.com/lancebroz/mlb-pitcher-data/main/data/raw/2026/daily/2026-04-01.parquet,QA_VALIDATED
825106,642528,Jonathan Loáisiga,16,9,58,61,225,240,Top,2026-04-01,2026-04-01T19:40:00Z,AZ,DET,H,Jonathan Loáisiga,False,RELIEF_OR_BULK,16,4,3,0,0,2,0,0,0,P,,False,https://statsapi.mlb.com/api/v1.1/game/825106/feed/live,both,True,True,https://raw.githubusercontent.com/lancebroz/mlb-pitcher-data/main/data/raw/2026/daily/2026-04-01.parquet,QA_VALIDATED
825106,664199,Taylor Clarke,18,7,43,46,167,184,Top,2026-04-01,2026-04-01T19:40:00Z,AZ,DET,H,Taylor Clarke,False,RELIEF_OR_BULK,18,4,3,0,0,1,0,2,0,P,,False,https://statsapi.mlb.com/api/v1.1/game/825106/feed/live,both,True,True,https://raw.githubusercontent.com/lancebroz/mlb-pitcher-data/main/data/raw/2026/daily/2026-04-01.parquet,QA_VALIDATED
825106,666661,Juan Morillo,11,8,50,52,194,204,Top,2026-04-01,2026-04-01T19:40:00Z,AZ,DET,H,Juan Morillo,False,RELIEF_OR_BULK,11,3,3,0,0,0,0,1,0,P,,False,https://statsapi.mlb.com/api/v1.1/game/825106/feed/live,both,True,True,https://raw.githubusercontent.com/lancebroz/mlb-pitcher-data/main/data/raw/2026/daily/2026-04-01.parquet,QA_VALIDATED
825106,668678,Zac Gallen,88,1,0,39,1,158,Top,2026-04-01,2026-04-01T19:40:00Z,AZ,DET,H,Zac Gallen,True,STARTER,88,21,18,0,0,4,0,2,0,P,,False,https://statsapi.mlb.com/api/v1.1/game/825106/feed/live,both,True,True,https://raw.githubusercontent.com/lancebroz/mlb-pitcher-data/main/data/raw/2026/daily/2026-04-01.parquet,QA_VALIDATED
825106,669373,Tarik Skubal,87,1,4,49,19,193,Bot,2026-04-01,2026-04-01T19:40:00Z,DET,AZ,A,Tarik Skubal,True,STARTER,87,25,21,1,1,6,0,3,1,P,,False,https://statsapi.mlb.com/api/v1.1/game/825106/feed/live,both,True,True,https://raw.githubusercontent.com/lancebroz/mlb-pitcher-data/main/data/raw/2026/daily/2026-04-01.parquet,QA_VALIDATED
823242,592662,Robbie Ray,96,1,0,49,1,177,Top,2026-04-02,2026-04-03T01:45:00Z,SF,NYM,H,Robbie Ray,True,STARTER,96,22,16,2,2,3,3,7,1,P,,False,https://statsapi.mlb.com/api/v1.1/game/823242/feed/live,both,True,True,https://raw.githubusercontent.com/lancebroz/mlb-pitcher-data/main/data/raw/2026/daily/2026-04-02.parquet,QA_VALIDATED
823242,640455,Sean Manaea,74,5,45,70,161,273,Bot,2026-04-02,2026-04-03T01:45:00Z,NYM,SF,A,Sean Manaea,False,RELIEF_OR_BULK,74,17,11,1,1,4,2,2,1,P,,False,https://statsapi.mlb.com/api/v1.1/game/823242/feed/live,both,True,True,https://raw.githubusercontent.com/lancebroz/mlb-pitcher-data/main/data/raw/2026/daily/2026-04-02.parquet,QA_VALIDATED
823242,656849,David Peterson,68,1,5,44,25,160,Bot,2026-04-02,2026-04-03T01:45:00Z,NYM,SF,A,David Peterson,True,STARTER,68,24,13,6,5,9,2,5,0,P,,False,https://statsapi.mlb.com/api/v1.1/game/823242/feed/live,both,True,True,https://raw.githubusercontent.com/lancebroz/mlb-pitcher-data/main/data/raw/2026/daily/2026-04-02.parquet,QA_VALIDATED
823242,676254,Ryan Walker,12,6,50,51,178,189,Top,2026-04-02,2026-04-03T01:45:00Z,SF,NYM,H,Ryan Walker,False,RELIEF_OR_BULK,12,2,2,0,0,0,0,1,0,P,,False,https://statsapi.mlb.com/api/v1.1/game/823242/feed/live,both,True,True,https://raw.githubusercontent.com/lancebroz/mlb-pitcher-data/main/data/raw/2026/daily/2026-04-02.parquet,QA_VALIDATED
823242,694918,Blade Tidwell,37,7,56,73,210,287,Top,2026-04-02,2026-04-03T01:45:00Z,SF,NYM,H,Blade Tidwell,False,RELIEF_OR_BULK,37,9,9,0,0,2,0,2,0,P,,False,https://statsapi.mlb.com/api/v1.1/game/823242/feed/live,both,True,True,https://raw.githubusercontent.com/lancebroz/mlb-pitcher-data/main/data/raw/2026/daily/2026-04-02.parquet,QA_VALIDATED
824133,573124,Taylor Rogers,4,8,62,62,262,265,Bot,2026-04-02,2026-04-02T18:10:00Z,MIN,KC,A,Taylor Rogers,False,RELIEF_OR_BULK,4,1,1,0,0,0,0,1,0,P,,False,https://statsapi.mlb.com/api/v1.1/game/824133/feed/live,both,True,True,https://raw.githubusercontent.com/lancebroz/mlb-pitcher-data/main/data/raw/2026/daily/2026-04-02.parquet,QA_VALIDATED
824133,621381,Matt Strahm,19,7,45,48,190,208,Top,2026-04-02,2026-04-02T18:10:00Z,KC,MIN,H,Matt Strahm,False,RELIEF_OR_BULK,19,4,3,0,0,0,0,2,0,P,,False,https://statsapi.mlb.com/api/v1.1/game/824133/feed/live,both,True,True,https://raw.githubusercontent.com/lancebroz/mlb-pitcher-data/main/data/raw/2026/daily/2026-04-02.parquet,QA_VALIDATED
824133,623437,Justin Topa,13,9,69,72,293,305,Bot,2026-04-02,2026-04-02T18:10:00Z,MIN,KC,A,Justin Topa,False,RELIEF_OR_BULK,13,4,3,0,0,0,1,1,0,P,,False,https://statsapi.mlb.com/api/v1.1/game/824133/feed/live,both,True,True,https://raw.githubusercontent.com/lancebroz/mlb-pitcher-data/main/data/raw/2026/daily/2026-04-02.parquet,QA_VALIDATED
824133,663485,Cole Sands,11,8,58,61,251,261,Bot,2026-04-02,2026-04-02T18:10:00Z,MIN,KC,A,Cole Sands,False,RELIEF_OR_BULK,11,4,2,1,1,2,0,0,0,P,,False,https://statsapi.mlb.com/api/v1.1/game/824133/feed/live,both,True,True,https://raw.githubusercontent.com/lancebroz/mlb-pitcher-data/main/data/raw/2026/daily/2026-04-02.parquet,QA_VALIDATED
824133,666142,Cole Ragans,89,1,0,40,1,179,Top,2026-04-02,2026-04-02T18:10:00Z,KC,MIN,H,Cole Ragans,True,STARTER,89,20,18,1,0,4,1,8,0,P,,False,https://statsapi.mlb.com/api/v1.1/game/824133/feed/live,both,True,True,https://raw.githubusercontent.com/lancebroz/mlb-pitcher-data/main/data/raw/2026/daily/2026-04-02.parquet,QA_VALIDATED
824133,670167,John Schreiber,27,8,52,57,224,250,Top,2026-04-02,2026-04-02T18:10:00Z,KC,MIN,H,John Schreiber,False,RELIEF_OR_BULK,27,6,3,1,1,1,2,1,0,P,,False,https://statsapi.mlb.com/api/v1.1/game/824133/feed/live,both,True,True,https://raw.githubusercontent.com/lancebroz/mlb-pitcher-data/main/data/raw/2026/daily/2026-04-02.parquet,QA_VALIDATED
824133,671737,Taj Bradley,100,1,4,44,25,189,Bot,2026-04-02,2026-04-02T18:10:00Z,MIN,KC,A,Taj Bradley,True,STARTER,100,24,18,0,0,5,1,3,0,P,,False,https://statsapi.mlb.com/api/v1.1/game/824133/feed/live,both,True,True,https://raw.githubusercontent.com/lancebroz/mlb-pitcher-data/main/data/raw/2026/daily/2026-04-02.parquet,QA_VALIDATED
824133,674444,Steven Cruz,27,9,63,68,266,292,Top,2026-04-02,2026-04-02T18:10:00Z,KC,MIN,H,Steven Cruz,False,RELIEF_OR_BULK,27,6,3,3,3,3,0,1,3,P,,False,https://statsapi.mlb.com/api/v1.1/game/824133/feed/live,both,True,True,https://raw.githubusercontent.com/lancebroz/mlb-pitcher-data/main/data/raw/2026/daily/2026-04-02.parquet,QA_VALIDATED
824133,681892,Kody Funderburk,15,7,49,51,209,223,Bot,2026-04-02,2026-04-02T18:10:00Z,MIN,KC,A,Kody Funderburk,False,RELIEF_OR_BULK,15,3,3,0,0,0,0,1,0,P,,False,https://statsapi.mlb.com/api/v1.1/game/824133/feed/live,both,True,True,https://raw.githubusercontent.com/lancebroz/mlb-pitcher-data/main/data/raw/2026/daily/2026-04-02.parquet,QA_VALIDATED
824621,622554,Seranthony Domínguez,22,9,67,76,266,299,Top,2026-04-02,2026-04-03T18:10:00Z,CWS,TOR,H,Seranthony Domínguez,False,RELIEF_OR_BULK,22,5,4,1,0,0,0,2,0,P,,False,https://statsapi.mlb.com/api/v1.1/game/824621/feed/live,both,True,True,https://raw.githubusercontent.com/lancebroz/mlb-pitcher-data/main/data/raw/2026/daily/2026-04-02.parquet,QA_VALIDATED
824621,643511,Tyler Rogers,12,9,68,72,274,285,Bot,2026-04-02,2026-04-03T18:10:00Z,TOR,CWS,A,Tyler Rogers,False,RELIEF_OR_BULK,12,5,3,0,0,1,1,0,0,P,,False,https://statsapi.mlb.com/api/v1.1/game/824621/feed/live,both,True,True,https://raw.githubusercontent.com/lancebroz/mlb-pitcher-data/main/data/raw/2026/daily/2026-04-02.parquet,QA_VALIDATED
824621,656302,Dylan Cease,93,1,3,39,10,170,Bot,2026-04-02,2026-04-03T18:10:00Z,TOR,CWS,A,Dylan Cease,True,STARTER,93,22,13,3,2,5,3,6,0,P,,False,https://statsapi.mlb.com/api/v1.1/game/824621/feed/live,both,True,True,https://raw.githubusercontent.com/lancebroz/mlb-pitcher-data/main/data/raw/2026/daily/2026-04-02.parquet,QA_VALIDATED
824621,656546,Jeff Hoffman,14,10,77,80,300,313,Bot,2026-04-02,2026-04-03T18:10:00Z,TOR,CWS,A,Jeff Hoffman,False,RELIEF_OR_BULK,14,4,2,2,0,2,0,1,0,P,,False,https://statsapi.mlb.com/api/v1.1/game/824621/feed/live,both,True,True,https://raw.githubusercontent.com/lancebroz/mlb-pitcher-data/main/data/raw/2026/daily/2026-04-02.parquet,QA_VALIDATED
824621,656794,Sean Newcomb,8,9,64,66,258,265,Top,2026-04-02,2026-04-03T18:10:00Z,CWS,TOR,H,Sean Newcomb,False,RELIEF_OR_BULK,8,3,2,0,0,1,0,0,0,P,,False,https://statsapi.mlb.com/api/v1.1/game/824621/feed/live,both,True,True,https://raw.githubusercontent.com/lancebroz/mlb-pitcher-data/main/data/raw/2026/daily/2026-04-02.parquet,QA_VALIDATED
824621,663893,Brendon Little,17,7,53,55,209,225,Bot,2026-04-02,2026-04-03T18:10:00Z,TOR,CWS,A,Brendon Little,False,RELIEF_OR_BULK,17,3,3,0,0,0,0,1,0,P,,False,https://statsapi.mlb.com/api/v1.1/game/824621/feed/live,both,True,True,https://raw.githubusercontent.com/lancebroz/mlb-pitcher-data/main/data/raw/2026/daily/2026-04-02.parquet,QA_VALIDATED
824621,673929,Jordan Leasure,17,8,56,60,226,242,Top,2026-04-02,2026-04-03T18:10:00Z,CWS,TOR,H,Jordan Leasure,False,RELIEF_OR_BULK,17,5,3,2,2,2,1,1,1,P,,False,https://statsapi.mlb.com/api/v1.1/game/824621/feed/live,both,True,True,https://raw.githubusercontent.com/lancebroz/mlb-pitcher-data/main/data/raw/2026/daily/2026-04-02.parquet,QA_VALIDATED
824621,680732,Sean Burke,85,2,9,52,28,208,Top,2026-04-02,2026-04-03T18:10:00Z,CWS,TOR,H,Sean Burke,False,RELIEF_OR_BULK,85,22,18,1,1,4,0,7,0,P,,False,https://statsapi.mlb.com/api/v1.1/game/824621/feed/live,both,True,True,https://raw.githubusercontent.com/lancebroz/mlb-pitcher-data/main/data/raw/2026/daily/2026-04-02.parquet,QA_VALIDATED
824621,680755,Braydon Fisher,21,5,40,49,171,198,Bot,2026-04-02,2026-04-03T18:10:00Z,TOR,CWS,A,Braydon Fisher,False,RELIEF_OR_BULK,21,6,5,0,0,2,0,3,0,P,,False,https://statsapi.mlb.com/api/v1.1/game/824621/feed/live,both,True,True,https://raw.githubusercontent.com/lancebroz/mlb-pitcher-data/main/data/raw/2026/daily/2026-04-02.parquet,QA_VALIDATED
824621,686973,Louis Varland,15,8,61,63,243,257,Bot,2026-04-02,2026-04-03T18:10:00Z,TOR,CWS,A,Louis Varland,False,RELIEF_OR_BULK,15,3,3,0,0,1,0,1,0,P,,False,https://statsapi.mlb.com/api/v1.1/game/824621/feed/live,both,True,True,https://raw.githubusercontent.com/lancebroz/mlb-pitcher-data/main/data/raw/2026/daily/2026-04-02.parquet,QA_VALIDATED
824621,691799,Grant Taylor,9,1,0,2,1,9,Top,2026-04-02,2026-04-03T18:10:00Z,CWS,TOR,H,Grant Taylor,True,STARTER,9,3,3,0,0,0,0,1,0,P,,False,https://statsapi.mlb.com/api/v1.1/game/824621/feed/live,both,True,True,https://raw.githubusercontent.com/lancebroz/mlb-pitcher-data/main/data/raw/2026/daily/2026-04-02.parquet,QA_VALIDATED
825105,543510,James McCann,20,9,72,81,291,310,Top,2026-04-02,2026-04-03T01:40:00Z,AZ,ATL,H,James McCann,False,RELIEF_OR_BULK,20,10,3,5,5,7,0,0,1,PH|P,201,True,https://statsapi.mlb.com/api/v1.1/game/825105/feed/live,both,True,True,https://raw.githubusercontent.com/lancebroz/mlb-pitcher-data/main/data/raw/2026/daily/2026-04-02.parquet,QA_VALIDATED
825105,605452,Joe Ross,52,6,46,59,182,243,Top,2026-04-02,2026-04-03T01:40:00Z,AZ,ATL,H,Joe Ross,False,RELIEF_OR_BULK,52,11,6,2,2,2,3,1,1,P,,False,https://statsapi.mlb.com/api/v1.1/game/825105/feed/live,both,True,True,https://raw.githubusercontent.com/lancebroz/mlb-pitcher-data/main/data/raw/2026/daily/2026-04-02.parquet,QA_VALIDATED
825105,625643,Reynaldo López,79,1,4,45,18,181,Bot,2026-04-02,2026-04-03T01:40:00Z,ATL,AZ,A,Reynaldo López,True,STARTER,79,20,15,1,1,4,1,3,1,P,,False,https://statsapi.mlb.com/api/v1.1/game/825105/feed/live,both,True,True,https://raw.githubusercontent.com/lancebroz/mlb-pitcher-data/main/data/raw/2026/daily/2026-04-02.parquet,QA_VALIDATED
825105,641755,Tyler Kinley,10,6,53,55,217,226,Bot,2026-04-02,2026-04-03T01:40:00Z,ATL,AZ,A,Tyler Kinley,False,RELIEF_OR_BULK,10,3,3,0,0,0,0,1,0,P,,False,https://statsapi.mlb.com/api/v1.1/game/825105/feed/live,both,True,True,https://raw.githubusercontent.com/lancebroz/mlb-pitcher-data/main/data/raw/2026/daily/2026-04-02.parquet,QA_VALIDATED
825105,656464,Kevin Ginkel,22,5,37,41,145,166,Top,2026-04-02,2026-04-03T01:40:00Z,AZ,ATL,H,Kevin Ginkel,False,RELIEF_OR_BULK,22,5,1,3,3,3,1,0,0,P,,False,https://statsapi.mlb.com/api/v1.1/game/825105/feed/live,both,True,True,https://raw.githubusercontent.com/lancebroz/mlb-pitcher-data/main/data/raw/2026/daily/2026-04-02.parquet,QA_VALIDATED
825105,669194,Ryne Nelson,80,1,0,36,1,144,Top,2026-04-02,2026-04-03T01:40:00Z,AZ,ATL,H,Ryne Nelson,True,STARTER,80,21,14,7,2,3,3,3,2,P,,False,https://statsapi.mlb.com/api/v1.1/game/825105/feed/live,both,True,True,https://raw.githubusercontent.com/lancebroz/mlb-pitcher-data/main/data/raw/2026/daily/2026-04-02.parquet,QA_VALIDATED
825105,674370,Osvaldo Bido,42,7,60,86,244,328,Bot,2026-04-02,2026-04-03T01:40:00Z,ATL,AZ,A,Osvaldo Bido,False,RELIEF_OR_BULK,42,12,9,1,1,2,1,1,0,P,,False,https://statsapi.mlb.com/api/v1.1/game/825105/feed/live,both,True,True,https://raw.githubusercontent.com/lancebroz/mlb-pitcher-data/main/data/raw/2026/daily/2026-04-02.parquet,QA_VALIDATED
825105,694851,Andrew Hoffmann,23,8,64,68,258,280,Top,2026-04-02,2026-04-03T01:40:00Z,AZ,ATL,H,Andrew Hoffmann,False,RELIEF_OR_BULK,23,5,3,0,0,1,1,2,0,P,,False,https://statsapi.mlb.com/api/v1.1/game/825105/feed/live,both,True,True,https://raw.githubusercontent.com/lancebroz/mlb-pitcher-data/main/data/raw/2026/daily/2026-04-02.parquet,QA_VALIDATED
822758,571945,Miles Mikolas,87,1,0,43,1,157,Top,2026-04-03,2026-04-03T17:05:00Z,WSH,LAD,H,Miles Mikolas,True,STARTER,87,25,13,11,11,11,1,4,4,P,,False,https://statsapi.mlb.com/api/v1.1/game/822758/feed/live,both,True,True,https://raw.githubusercontent.com/lancebroz/mlb-pitcher-data/main/data/raw/2026/daily/2026-04-03.parquet,QA_VALIDATED
822758,595014,Blake Treinen,11,7,67,70,246,256,Bot,2026-04-03,2026-04-03T17:05:00Z,LAD,WSH,A,Blake Treinen,False,RELIEF_OR_BULK,11,4,3,0,0,1,1,0,0,P,,False,https://statsapi.mlb.com/api/v1.1/game/822758/feed/live,both,True,True,https://raw.githubusercontent.com/lancebroz/mlb-pitcher-data/main/data/raw/2026/daily/2026-04-03.parquet,QA_VALIDATED
822758,676263,Jack Dreyer,4,6,62,62,229,232,Bot,2026-04-03,2026-04-03T17:05:00Z,LAD,WSH,A,Jack Dreyer,False,RELIEF_OR_BULK,4,1,1,0,0,0,0,1,0,P,,False,https://statsapi.mlb.com/api/v1.1/game/822758/feed/live,both,True,True,https://raw.githubusercontent.com/lancebroz/mlb-pitcher-data/main/data/raw/2026/daily/2026-04-03.parquet,QA_VALIDATED
822758,676508,Ben Casparius,13,9,87,89,309,321,Bot,2026-04-03,2026-04-03T17:05:00Z,LAD,WSH,A,Ben Casparius,False,RELIEF_OR_BULK,13,3,3,0,0,0,0,1,0,P,,False,https://statsapi.mlb.com/api/v1.1/game/822758/feed/live,both,True,True,https://raw.githubusercontent.com/lancebroz/mlb-pitcher-data/main/data/raw/2026/daily/2026-04-03.parquet,QA_VALIDATED
822758,681402,Gus Varland,20,5,44,48,158,177,Top,2026-04-03,2026-04-03T17:05:00Z,WSH,LAD,H,Gus Varland,False,RELIEF_OR_BULK,20,5,2,0,0,2,1,1,0,P,,False,https://statsapi.mlb.com/api/v1.1/game/822758/feed/live,both,True,True,https://raw.githubusercontent.com/lancebroz/mlb-pitcher-data/main/data/raw/2026/daily/2026-04-03.parquet,QA_VALIDATED
822758,683618,Edgardo Henriquez,25,8,74,80,268,292,Bot,2026-04-03,2026-04-03T17:05:00Z,LAD,WSH,A,Edgardo Henriquez,False,RELIEF_OR_BULK,25,7,3,2,2,3,1,1,0,P,,False,https://statsapi.mlb.com/api/v1.1/game/822758/feed/live,both,True,True,https://raw.githubusercontent.com/lancebroz/mlb-pitcher-data/main/data/raw/2026/daily/2026-04-03.parquet,QA_VALIDATED
822758,686218,Emmet Sheehan,98,1,3,61,11,228,Bot,2026-04-03,2026-04-03T17:05:00Z,LAD,WSH,A,Emmet Sheehan,True,STARTER,98,27,17,4,4,7,3,2,1,P,,False,https://statsapi.mlb.com/api/v1.1/game/822758/feed/live,both,True,True,https://raw.githubusercontent.com/lancebroz/mlb-pitcher-data/main/data/raw/2026/daily/2026-04-03.parquet,QA_VALIDATED
822758,686610,Ken Waldichuk,36,6,54,66,189,245,Top,2026-04-03,2026-04-03T17:05:00Z,WSH,LAD,H,Ken Waldichuk,False,RELIEF_OR_BULK,36,9,6,1,1,1,1,3,1,P,,False,https://statsapi.mlb.com/api/v1.1/game/822758/feed/live,both,True,True,https://raw.githubusercontent.com/lancebroz/mlb-pitcher-data/main/data/raw/2026/daily/2026-04-03.parquet,QA_VALIDATED
822758,701552,Andre Granillo,27,8,71,86,257,308,Top,2026-04-03,2026-04-03T17:05:00Z,WSH,LAD,H,Andre Granillo,False,RELIEF_OR_BULK,27,9,6,1,1,2,2,0,0,P,,False,https://statsapi.mlb.com/api/v1.1/game/822758/feed/live,both,True,True,https://raw.githubusercontent.com/lancebroz/mlb-pitcher-data/main/data/raw/2026/daily/2026-04-03.parquet,QA_VALIDATED
822919,455119,Chris Martin,23,9,66,70,244,266,Top,2026-04-03,2026-04-03T20:05:00Z,TEX,CIN,H,Chris Martin,False,RELIEF_OR_BULK,23,5,3,2,2,2,0,0,1,P,,False,https://statsapi.mlb.com/api/v1.1/game/822919/feed/live,both,True,True,https://raw.githubusercontent.com/lancebroz/mlb-pitcher-data/main/data/raw/2026/daily/2026-04-03.parquet,QA_VALIDATED
822919,594580,Sam Moll,12,6,46,49,176,187,Bot,2026-04-03,2026-04-03T20:05:00Z,CIN,TEX,A,Sam Moll,False,RELIEF_OR_BULK,12,4,3,0,0,0,1,1,0,P,,False,https://statsapi.mlb.com/api/v1.1/game/822919/feed/live,both,True,True,https://raw.githubusercontent.com/lancebroz/mlb-pitcher-data/main/data/raw/2026/daily/2026-04-03.parquet,QA_VALIDATED
822919,596001,Jakob Junis,12,8,60,62,222,233,Top,2026-04-03,2026-04-03T20:05:00Z,TEX,CIN,H,Jakob Junis,False,RELIEF_OR_BULK,12,3,3,0,0,0,0,1,0,P,,False,https://statsapi.mlb.com/api/v1.1/game/822919/feed/live,both,True,True,https://raw.githubusercontent.com/lancebroz/mlb-pitcher-data/main/data/raw/2026/daily/2026-04-03.parquet,QA_VALIDATED
822919,641941,Emilio Pagán,13,9,71,73,267,279,Bot,2026-04-03,2026-04-03T20:05:00Z,CIN,TEX,A,Emilio Pagán,False,RELIEF_OR_BULK,13,3,3,0,0,0,0,1,0,P,,False,https://statsapi.mlb.com/api/v1.1/game/822919/feed/live,both,True,True,https://raw.githubusercontent.com/lancebroz/mlb-pitcher-data/main/data/raw/2026/daily/2026-04-03.parquet,QA_VALIDATED
822919,663574,Tony Santillan,10,8,63,65,234,243,Bot,2026-04-03,2026-04-03T20:05:00Z,CIN,TEX,A,Tony Santillan,False,RELIEF_OR_BULK,10,3,3,0,0,0,0,0,0,P,,False,https://statsapi.mlb.com/api/v1.1/game/822919/feed/live,both,True,True,https://raw.githubusercontent.com/lancebroz/mlb-pitcher-data/main/data/raw/2026/daily/2026-04-03.parquet,QA_VALIDATED
822919,663903,Brady Singer,87,1,3,45,17,175,Bot,2026-04-03,2026-04-03T20:05:00Z,CIN,TEX,A,Brady Singer,True,STARTER,87,22,15,2,2,6,1,5,0,P,,False,https://statsapi.mlb.com/api/v1.1/game/822919/feed/live,both,True,True,https://raw.githubusercontent.com/lancebroz/mlb-pitcher-data/main/data/raw/2026/daily/2026-04-03.parquet,QA_VALIDATED
822919,668390,Cole Winn,17,7,50,54,188,204,Top,2026-04-03,2026-04-03T20:05:00Z,TEX,CIN,H,Cole Winn,False,RELIEF_OR_BULK,17,5,3,0,0,2,0,1,0,P,,False,https://statsapi.mlb.com/api/v1.1/game/822919/feed/live,both,True,True,https://raw.githubusercontent.com/lancebroz/mlb-pitcher-data/main/data/raw/2026/daily/2026-04-03.parquet,QA_VALIDATED
822919,668933,Graham Ashcraft,17,7,55,59,205,221,Bot,2026-04-03,2026-04-03T20:05:00Z,CIN,TEX,A,Graham Ashcraft,False,RELIEF_OR_BULK,17,5,3,1,1,2,0,2,0,P,,False,https://statsapi.mlb.com/api/v1.1/game/822919/feed/live,both,True,True,https://raw.githubusercontent.com/lancebroz/mlb-pitcher-data/main/data/raw/2026/daily/2026-04-03.parquet,QA_VALIDATED
822919,669022,MacKenzie Gore,88,1,0,44,1,173,Top,2026-04-03,2026-04-03T20:05:00Z,TEX,CIN,H,MacKenzie Gore,True,STARTER,88,24,18,3,3,6,0,9,2,P,,False,https://statsapi.mlb.com/api/v1.1/game/822919/feed/live,both,True,True,https://raw.githubusercontent.com/lancebroz/mlb-pitcher-data/main/data/raw/2026/daily/2026-04-03.parquet,QA_VALIDATED
823240,472610,Luis García,14,9,76,79,359,372,Bot,2026-04-03,2026-04-04T02:15:00Z,NYM,SF,A,Luis García,False,RELIEF_OR_BULK,14,4,3,0,0,1,0,1,0,P,,False,https://statsapi.mlb.com/api/v1.1/game/823240/feed/live,both,True,True,https://raw.githubusercontent.com/lancebroz/mlb-pitcher-data/main/data/raw/2026/daily/2026-04-03.parquet,QA_VALIDATED
823240,548384,Brooks Raley,16,6,45,46,197,212,Bot,2026-04-03,2026-04-04T02:15:00Z,NYM,SF,A,Brooks Raley,False,RELIEF_OR_BULK,16,2,2,0,0,0,0,1,0,P,,False,https://statsapi.mlb.com/api/v1.1/game/823240/feed/live,both,True,True,https://raw.githubusercontent.com/lancebroz/mlb-pitcher-data/main/data/raw/2026/daily/2026-04-03.parquet,QA_VALIDATED
823240,623211,Huascar Brazobán,24,7,55,58,249,272,Bot,2026-04-03,2026-04-04T02:15:00Z,NYM,SF,A,Huascar Brazobán,False,RELIEF_OR_BULK,24,4,3,0,0,1,0,1,0,P,,False,https://statsapi.mlb.com/api/v1.1/game/823240/feed/live,both,True,True,https://raw.githubusercontent.com/lancebroz/mlb-pitcher-data/main/data/raw/2026/daily/2026-04-03.parquet,QA_VALIDATED
823240,641816,Tyler Mahle,91,1,0,34,1,145,Top,2026-04-03,2026-04-04T02:15:00Z,SF,NYM,H,Tyler Mahle,True,STARTER,91,23,15,5,5,8,2,4,2,P,,False,https://statsapi.mlb.com/api/v1.1/game/823240/feed/live,both,True,True,https://raw.githubusercontent.com/lancebroz/mlb-pitcher-data/main/data/raw/2026/daily/2026-04-03.parquet,QA_VALIDATED
823240,657424,Matt Gage,37,7,52,63,239,299,Top,2026-04-03,2026-04-04T02:15:00Z,SF,NYM,H,Matt Gage,False,RELIEF_OR_BULK,37,8,5,0,0,2,1,2,0,P,,False,https://statsapi.mlb.com/api/v1.1/game/823240/feed/live,both,True,True,https://raw.githubusercontent.com/lancebroz/mlb-pitcher-data/main/data/raw/2026/daily/2026-04-03.parquet,QA_VALIDATED
823240,663992,Richard Lovelady,28,8,64,69,300,327,Bot,2026-04-03,2026-04-04T02:15:00Z,NYM,SF,A,Richard Lovelady,False,RELIEF_OR_BULK,28,6,3,1,1,2,1,1,0,P,,False,https://statsapi.mlb.com/api/v1.1/game/823240/feed/live,both,True,True,https://raw.githubusercontent.com/lancebroz/mlb-pitcher-data/main/data/raw/2026/daily/2026-04-03.parquet,QA_VALIDATED
823240,664141,JT Brubaker,38,6,38,51,159,238,Top,2026-04-03,2026-04-04T02:15:00Z,SF,NYM,H,JT Brubaker,False,RELIEF_OR_BULK,38,8,4,3,3,3,2,2,1,P,,False,https://statsapi.mlb.com/api/v1.1/game/823240/feed/live,both,True,True,https://raw.githubusercontent.com/lancebroz/mlb-pitcher-data/main/data/raw/2026/daily/2026-04-03.parquet,QA_VALIDATED
823240,668873,Caleb Kilian,5,9,75,75,354,358,Top,2026-04-03,2026-04-04T02:15:00Z,SF,NYM,H,Caleb Kilian,False,RELIEF_OR_BULK,5,1,1,0,0,0,0,1,0,P,,False,https://statsapi.mlb.com/api/v1.1/game/823240/feed/live,both,True,True,https://raw.githubusercontent.com/lancebroz/mlb-pitcher-data/main/data/raw/2026/daily/2026-04-03.parquet,QA_VALIDATED
823240,669062,Erik Miller,26,9,70,74,328,353,Top,2026-04-03,2026-04-04T02:15:00Z,SF,NYM,H,Erik Miller,False,RELIEF_OR_BULK,26,5,2,2,2,2,1,1,0,P,,False,https://statsapi.mlb.com/api/v1.1/game/823240/feed/live,both,True,True,https://raw.githubusercontent.com/lancebroz/mlb-pitcher-data/main/data/raw/2026/daily/2026-04-03.parquet,QA_VALIDATED
823240,690997,Nolan McLean,93,1,8,44,34,196,Bot,2026-04-03,2026-04-04T02:15:00Z,NYM,SF,A,Nolan McLean,True,STARTER,93,19,16,2,1,1,2,4,0,P,,False,https://statsapi.mlb.com/api/v1.1/game/823240/feed/live,both,True,True,https://raw.githubusercontent.com/lancebroz/mlb-pitcher-data/main/data/raw/2026/daily/2026-04-03.parquet,QA_VALIDATED
823406,608650,Dietrich Enns,39,5,42,47,159,197,Bot,2026-04-03,2026-04-03T20:12:00Z,BAL,PIT,A,Dietrich Enns,False,RELIEF_OR_BULK,39,6,3,1,1,0,3,2,0,P,,False,https://statsapi.mlb.com/api/v1.1/game/823406/feed/live,both,True,True,https://raw.githubusercontent.com/lancebroz/mlb-pitcher-data/main/data/raw/2026/daily/2026-04-03.parquet,QA_VALIDATED
823406,642397,Gregory Soto,20,9,69,72,278,297,Top,2026-04-03,2026-04-03T20:12:00Z,PIT,BAL,H,Gregory Soto,False,RELIEF_OR_BULK,20,4,3,1,1,1,0,3,1,P,,False,https://statsapi.mlb.com/api/v1.1/game/823406/feed/live,both,True,True,https://raw.githubusercontent.com/lancebroz/mlb-pitcher-data/main/data/raw/2026/daily/2026-04-03.parquet,QA_VALIDATED
823406,642701,Dennis Santana,10,8,63,65,260,269,Top,2026-04-03,2026-04-03T20:12:00Z,PIT,BAL,H,Dennis Santana,False,RELIEF_OR_BULK,10,3,3,0,0,0,0,1,0,P,,False,https://statsapi.mlb.com/api/v1.1/game/823406/feed/live,both,True,True,https://raw.githubusercontent.com/lancebroz/mlb-pitcher-data/main/data/raw/2026/daily/2026-04-03.parquet,QA_VALIDATED
823406,656605,Mitch Keller,88,1,0,50,1,208,Top,2026-04-03,2026-04-03T20:12:00Z,PIT,BAL,H,Mitch Keller,True,STARTER,88,26,18,2,2,6,4,4,0,P,,False,https://statsapi.mlb.com/api/v1.1/game/823406/feed/live,both,True,True,https://raw.githubusercontent.com/lancebroz/mlb-pitcher-data/main/data/raw/2026/daily/2026-04-03.parquet,QA_VALIDATED
823406,669330,Tyler Wells,23,6,51,62,209,259,Bot,2026-04-03,2026-04-03T20:12:00Z,BAL,PIT,A,Tyler Wells,False,RELIEF_OR_BULK,23,6,6,0,0,0,0,2,0,P,,False,https://statsapi.mlb.com/api/v1.1/game/823406/feed/live,both,True,True,https://raw.githubusercontent.com/lancebroz/mlb-pitcher-data/main/data/raw/2026/daily/2026-04-03.parquet,QA_VALIDATED
823406,670329,Rico Garcia,8,8,66,68,270,277,Bot,2026-04-03,2026-04-03T20:12:00Z,BAL,PIT,A,Rico Garcia,False,RELIEF_OR_BULK,8,3,3,0,0,0,0,0,0,P,,False,https://statsapi.mlb.com/api/v1.1/game/823406/feed/live,both,True,True,https://raw.githubusercontent.com/lancebroz/mlb-pitcher-data/main/data/raw/2026/daily/2026-04-03.parquet,QA_VALIDATED
823406,670990,Yohan Ramírez,19,7,54,57,219,237,Top,2026-04-03,2026-04-03T20:12:00Z,PIT,BAL,H,Yohan Ramírez,False,RELIEF_OR_BULK,19,4,1,1,1,2,1,0,0,P,,False,https://statsapi.mlb.com/api/v1.1/game/823406/feed/live,both,True,True,https://raw.githubusercontent.com/lancebroz/mlb-pitcher-data/main/data/raw/2026/daily/2026-04-03.parquet,QA_VALIDATED
823406,680694,Kyle Bradish,81,1,4,35,17,142,Bot,2026-04-03,2026-04-03T20:12:00Z,BAL,PIT,A,Kyle Bradish,True,STARTER,81,19,12,4,4,6,3,6,0,P,,False,https://statsapi.mlb.com/api/v1.1/game/823406/feed/live,both,True,True,https://raw.githubusercontent.com/lancebroz/mlb-pitcher-data/main/data/raw/2026/daily/2026-04-03.parquet,QA_VALIDATED
823406,682254,Mason Montgomery,9,7,58,59,238,246,Top,2026-04-03,2026-04-03T20:12:00Z,PIT,BAL,H,Mason Montgomery,False,RELIEF_OR_BULK,9,2,2,0,0,0,0,1,0,P,,False,https://statsapi.mlb.com/api/v1.1/game/823406/feed/live,both,True,True,https://raw.githubusercontent.com/lancebroz/mlb-pitcher-data/main/data/raw/2026/daily/2026-04-03.parquet,QA_VALIDATED
823568,642232,Ryan Yarbrough,10,9,69,71,281,290,Top,2026-04-03,2026-04-03T17:35:00Z,NYY,MIA,H,Ryan Yarbrough,False,RELIEF_OR_BULK,10,3,3,0,0,0,0,0,0,P,,False,https://statsapi.mlb.com/api/v1.1/game/823568/feed/live,both,True,True,https://raw.githubusercontent.com/lancebroz/mlb-pitcher-data/main/data/raw/2026/daily/2026-04-03.parquet,QA_VALIDATED
823568,656234,Jake Bird,11,7,52,54,216,226,Top,2026-04-03,2026-04-03T17:35:00Z,NYY,MIA,H,Jake Bird,False,RELIEF_OR_BULK,11,3,3,0,0,0,0,2,0,P,,False,https://statsapi.mlb.com/api/v1.1/game/823568/feed/live,both,True,True,https://raw.githubusercontent.com/lancebroz/mlb-pitcher-data/main/data/raw/2026/daily/2026-04-03.parquet,QA_VALIDATED
823568,656848,Michael Petersen,20,7,55,59,227,246,Bot,2026-04-03,2026-04-03T17:35:00Z,MIA,NYY,A,Michael Petersen,False,RELIEF_OR_BULK,20,5,3,1,1,1,1,1,1,P,,False,https://statsapi.mlb.com/api/v1.1/game/823568/feed/live,both,True,True,https://raw.githubusercontent.com/lancebroz/mlb-pitcher-data/main/data/raw/2026/daily/2026-04-03.parquet,QA_VALIDATED
823568,657612,Tim Hill,2,6,45,45,180,181,Top,2026-04-03,2026-04-03T17:35:00Z,NYY,MIA,H,Tim Hill,False,RELIEF_OR_BULK,2,1,1,0,0,0,0,0,0,P,,False,https://statsapi.mlb.com/api/v1.1/game/823568/feed/live,both,True,True,https://raw.githubusercontent.com/lancebroz/mlb-pitcher-data/main/data/raw/2026/daily/2026-04-03.parquet,QA_VALIDATED
823568,663969,Tyler Phillips,52,5,37,51,153,215,Bot,2026-04-03,2026-04-03T17:35:00Z,MIA,NYY,A,Tyler Phillips,False,RELIEF_OR_BULK,52,10,6,1,0,1,2,3,0,P,,False,https://statsapi.mlb.com/api/v1.1/game/823568/feed/live,both,True,True,https://raw.githubusercontent.com/lancebroz/mlb-pitcher-data/main/data/raw/2026/daily/2026-04-03.parquet,QA_VALIDATED
823568,669199,Lake Bachar,24,8,63,68,257,280,Bot,2026-04-03,2026-04-03T17:35:00Z,MIA,NYY,A,Lake Bachar,False,RELIEF_OR_BULK,24,6,3,2,2,2,2,2,0,P,,False,https://statsapi.mlb.com/api/v1.1/game/823568/feed/live,both,True,True,https://raw.githubusercontent.com/lancebroz/mlb-pitcher-data/main/data/raw/2026/daily/2026-04-03.parquet,QA_VALIDATED
823568,687396,Brent Headrick,10,8,60,62,247,256,Top,2026-04-03,2026-04-03T17:35:00Z,NYY,MIA,H,Brent Headrick,False,RELIEF_OR_BULK,10,3,3,0,0,0,0,2,0,P,,False,https://statsapi.mlb.com/api/v1.1/game/823568/feed/live,both,True,True,https://raw.githubusercontent.com/lancebroz/mlb-pitcher-data/main/data/raw/2026/daily/2026-04-03.parquet,QA_VALIDATED
823568,691587,Eury Pérez,84,1,4,32,16,136,Bot,2026-04-03,2026-04-03T17:35:00Z,MIA,NYY,A,Eury Pérez,True,STARTER,84,20,12,4,4,2,6,4,1,P,,False,https://statsapi.mlb.com/api/v1.1/game/823568/feed/live,both,True,True,https://raw.githubusercontent.com/lancebroz/mlb-pitcher-data/main/data/raw/2026/daily/2026-04-03.parquet,QA_VALIDATED
823568,701542,Will Warren,77,1,0,44,1,179,Top,2026-04-03,2026-04-03T17:35:00Z,NYY,MIA,H,Will Warren,True,STARTER,77,21,17,2,2,4,0,6,2,P,,False,https://statsapi.mlb.com/api/v1.1/game/823568/feed/live,both,True,True,https://raw.githubusercontent.com/lancebroz/mlb-pitcher-data/main/data/raw/2026/daily/2026-04-03.parquet,QA_VALIDATED
823732,607455,Anthony Banda,17,8,69,73,302,318,Top,2026-04-03,2026-04-03T20:10:00Z,MIN,TB,H,Anthony Banda,False,RELIEF_OR_BULK,17,5,3,1,1,1,0,0,0,P,,False,https://statsapi.mlb.com/api/v1.1/game/823732/feed/live,both,True,True,https://raw.githubusercontent.com/lancebroz/mlb-pitcher-data/main/data/raw/2026/daily/2026-04-03.parquet,QA_VALIDATED
823732,623437,Justin Topa,17,7,54,57,240,256,Top,2026-04-03,2026-04-03T20:10:00Z,MIN,TB,H,Justin Topa,False,RELIEF_OR_BULK,17,4,2,0,0,2,0,2,0,P,,False,https://statsapi.mlb.com/api/v1.1/game/823732/feed/live,both,True,True,https://raw.githubusercontent.com/lancebroz/mlb-pitcher-data/main/data/raw/2026/daily/2026-04-03.parquet,QA_VALIDATED
823732,641927,Bailey Ober,82,1,0,28,1,133,Top,2026-04-03,2026-04-03T20:10:00Z,MIN,TB,H,Bailey Ober,True,STARTER,82,18,12,3,3,4,2,4,0,P,,False,https://statsapi.mlb.com/api/v1.1/game/823732/feed/live,both,True,True,https://raw.githubusercontent.com/lancebroz/mlb-pitcher-data/main/data/raw/2026/daily/2026-04-03.parquet,QA_VALIDATED
823732,671212,Joe Boyle,104,1,6,50,28,223,Bot,2026-04-03,2026-04-03T20:10:00Z,TB,MIN,A,Joe Boyle,True,STARTER,104,25,16,3,2,4,3,9,0,P,,False,https://statsapi.mlb.com/api/v1.1/game/823732/feed/live,both,True,True,https://raw.githubusercontent.com/lancebroz/mlb-pitcher-data/main/data/raw/2026/daily/2026-04-03.parquet,QA_VALIDATED
823732,672782,Yoendrys Gómez,23,7,66,76,292,331,Bot,2026-04-03,2026-04-03T20:10:00Z,TB,MIN,A,Yoendrys Gómez,False,RELIEF_OR_BULK,23,6,5,1,1,1,0,1,1,P,,False,https://statsapi.mlb.com/api/v1.1/game/823732/feed/live,both,True,True,https://raw.githubusercontent.com/lancebroz/mlb-pitcher-data/main/data/raw/2026/daily/2026-04-03.parquet,QA_VALIDATED
823732,679358,Eric Orze,37,5,37,47,164,208,Top,2026-04-03,2026-04-03T20:10:00Z,MIN,TB,H,Eric Orze,False,RELIEF_OR_BULK,37,8,6,0,0,1,1,0,0,P,,False,https://statsapi.mlb.com/api/v1.1/game/823732/feed/live,both,True,True,https://raw.githubusercontent.com/lancebroz/mlb-pitcher-data/main/data/raw/2026/daily/2026-04-03.parquet,QA_VALIDATED
823732,681892,Kody Funderburk,2,7,58,58,257,258,Top,2026-04-03,2026-04-03T20:10:00Z,MIN,TB,H,Kody Funderburk,False,RELIEF_OR_BULK,2,1,1,0,0,0,0,0,0,P,,False,https://statsapi.mlb.com/api/v1.1/game/823732/feed/live,both,True,True,https://raw.githubusercontent.com/lancebroz/mlb-pitcher-data/main/data/raw/2026/daily/2026-04-03.parquet,QA_VALIDATED
823732,685801,Hunter Bigge,16,6,51,53,224,239,Bot,2026-04-03,2026-04-03T20:10:00Z,TB,MIN,A,Hunter Bigge,False,RELIEF_OR_BULK,16,3,2,0,0,0,1,1,0,P,,False,https://statsapi.mlb.com/api/v1.1/game/823732/feed/live,both,True,True,https://raw.githubusercontent.com/lancebroz/mlb-pitcher-data/main/data/raw/2026/daily/2026-04-03.parquet,QA_VALIDATED
823732,687330,Kevin Kelly,33,7,59,65,259,291,Bot,2026-04-03,2026-04-03T20:10:00Z,TB,MIN,A,Kevin Kelly,False,RELIEF_OR_BULK,33,7,1,6,5,2,2,1,0,P,,False,https://statsapi.mlb.com/api/v1.1/game/823732/feed/live,both,True,True,https://raw.githubusercontent.com/lancebroz/mlb-pitcher-data/main/data/raw/2026/daily/2026-04-03.parquet,QA_VALIDATED
823732,689520,Cody Laweryson,10,9,77,79,332,341,Top,2026-04-03,2026-04-03T20:10:00Z,MIN,TB,H,Cody Laweryson,False,RELIEF_OR_BULK,10,3,3,0,0,0,0,1,0,P,,False,https://statsapi.mlb.com/api/v1.1/game/823732/feed/live,both,True,True,https://raw.githubusercontent.com/lancebroz/mlb-pitcher-data/main/data/raw/2026/daily/2026-04-03.parquet,QA_VALIDATED
824056,519141,Drew Pomeranz,17,8,50,54,197,213,Top,2026-04-03,2026-04-04T01:38:00Z,LAA,SEA,H,Drew Pomeranz,False,RELIEF_OR_BULK,17,5,3,0,0,1,1,0,0,P,,False,https://statsapi.mlb.com/api/v1.1/game/824056/feed/live,both,True,True,https://raw.githubusercontent.com/lancebroz/mlb-pitcher-data/main/data/raw/2026/daily/2026-04-03.parquet,QA_VALIDATED
824056,605447,Jordan Romano,16,9,58,60,226,241,Top,2026-04-03,2026-04-04T01:38:00Z,LAA,SEA,H,Jordan Romano,False,RELIEF_OR_BULK,16,3,3,0,0,0,0,2,0,P,,False,https://statsapi.mlb.com/api/v1.1/game/824056/feed/live,both,True,True,https://raw.githubusercontent.com/lancebroz/mlb-pitcher-data/main/data/raw/2026/daily/2026-04-03.parquet,QA_VALIDATED
824056,608718,Brent Suter,26,10,64,70,258,283,Top,2026-04-03,2026-04-04T01:38:00Z,LAA,SEA,H,Brent Suter,False,RELIEF_OR_BULK,26,7,3,3,2,3,1,0,0,P,,False,https://statsapi.mlb.com/api/v1.1/game/824056/feed/live,both,True,True,https://raw.githubusercontent.com/lancebroz/mlb-pitcher-data/main/data/raw/2026/daily/2026-04-03.parquet,QA_VALIDATED
824056,642100,Gabe Speier,12,10,71,73,284,295,Bot,2026-04-03,2026-04-04T01:38:00Z,SEA,LAA,A,Gabe Speier,False,RELIEF_OR_BULK,12,3,3,1,0,0,0,1,0,P,,False,https://statsapi.mlb.com/api/v1.1/game/824056/feed/live,both,True,True,https://raw.githubusercontent.com/lancebroz/mlb-pitcher-data/main/data/raw/2026/daily/2026-04-03.parquet,QA_VALIDATED
824056,662253,Andrés Muñoz,16,9,61,63,242,257,Bot,2026-04-03,2026-04-04T01:38:00Z,SEA,LAA,A,Andrés Muñoz,False,RELIEF_OR_BULK,16,3,3,0,0,0,0,3,0,P,,False,https://statsapi.mlb.com/api/v1.1/game/824056/feed/live,both,True,True,https://raw.githubusercontent.com/lancebroz/mlb-pitcher-data/main/data/raw/2026/daily/2026-04-03.parquet,QA_VALIDATED
824056,666374,Matt Brash,12,8,55,57,214,225,Bot,2026-04-03,2026-04-04T01:38:00Z,SEA,LAA,A,Matt Brash,False,RELIEF_OR_BULK,12,3,3,0,0,0,0,2,0,P,,False,https://statsapi.mlb.com/api/v1.1/game/824056/feed/live,both,True,True,https://raw.githubusercontent.com/lancebroz/mlb-pitcher-data/main/data/raw/2026/daily/2026-04-03.parquet,QA_VALIDATED
824056,672282,Reid Detmers,104,1,0,45,1,184,Top,2026-04-03,2026-04-04T01:38:00Z,LAA,SEA,H,Reid Detmers,True,STARTER,104,26,20,0,0,3,4,4,0,P,,False,https://statsapi.mlb.com/api/v1.1/game/824056/feed/live,both,True,True,https://raw.githubusercontent.com/lancebroz/mlb-pitcher-data/main/data/raw/2026/daily/2026-04-03.parquet,QA_VALIDATED
824056,681217,Chase Silseth,5,7,46,46,185,189,Top,2026-04-03,2026-04-04T01:38:00Z,LAA,SEA,H,Chase Silseth,False,RELIEF_OR_BULK,5,1,1,0,0,0,0,1,0,P,,False,https://statsapi.mlb.com/api/v1.1/game/824056/feed/live,both,True,True,https://raw.githubusercontent.com/lancebroz/mlb-pitcher-data/main/data/raw/2026/daily/2026-04-03.parquet,QA_VALIDATED
824056,693433,Bryan Woo,87,1,3,49,13,196,Bot,2026-04-03,2026-04-04T01:38:00Z,SEA,LAA,A,Bryan Woo,True,STARTER,87,23,21,0,0,1,1,6,0,P,,False,https://statsapi.mlb.com/api/v1.1/game/824056/feed/live,both,True,True,https://raw.githubusercontent.com/lancebroz/mlb-pitcher-data/main/data/raw/2026/daily/2026-04-03.parquet,QA_VALIDATED
824134,607625,Seth Lugo,103,1,0,36,1,168,Top,2026-04-03,2026-04-04T23:10:00Z,KC,MIL,H,Seth Lugo,True,STARTER,103,21,15,2,2,4,2,7,0,P,,False,https://statsapi.mlb.com/api/v1.1/game/824134/feed/live,both,True,True,https://raw.githubusercontent.com/lancebroz/mlb-pitcher-data/main/data/raw/2026/daily/2026-04-03.parquet,QA_VALIDATED
824134,657649,Jared Koenig,17,6,50,55,223,239,Bot,2026-04-03,2026-04-04T23:10:00Z,MIL,KC,A,Jared Koenig,False,RELIEF_OR_BULK,17,6,1,2,0,2,2,0,0,P,,False,https://statsapi.mlb.com/api/v1.1/game/824134/feed/live,both,True,True,https://raw.githubusercontent.com/lancebroz/mlb-pitcher-data/main/data/raw/2026/daily/2026-04-03.parquet,QA_VALIDATED
824134,669084,DL Hall,38,7,61,71,260,309,Bot,2026-04-03,2026-04-04T23:10:00Z,MIL,KC,A,DL Hall,False,RELIEF_OR_BULK,38,7,6,0,0,1,1,2,0,P,,False,https://statsapi.mlb.com/api/v1.1/game/824134/feed/live,both,True,True,https://raw.githubusercontent.com/lancebroz/mlb-pitcher-data/main/data/raw/2026/daily/2026-04-03.parquet,QA_VALIDATED
824134,669212,Eli Morgan,42,7,56,74,240,319,Top,2026-04-03,2026-04-04T23:10:00Z,KC,MIL,H,Eli Morgan,False,RELIEF_OR_BULK,42,12,9,0,0,1,1,5,0,P,,False,https://statsapi.mlb.com/api/v1.1/game/824134/feed/live,both,True,True,https://raw.githubusercontent.com/lancebroz/mlb-pitcher-data/main/data/raw/2026/daily/2026-04-03.parquet,QA_VALIDATED
824134,683232,Nick Mears,14,6,41,43,183,196,Top,2026-04-03,2026-04-04T23:10:00Z,KC,MIL,H,Nick Mears,False,RELIEF_OR_BULK,14,3,3,0,0,0,0,0,0,P,,False,https://statsapi.mlb.com/api/v1.1/game/824134/feed/live,both,True,True,https://raw.githubusercontent.com/lancebroz/mlb-pitcher-data/main/data/raw/2026/daily/2026-04-03.parquet,QA_VALIDATED
824134,687075,Brandon Sproat,70,3,21,49,99,222,Bot,2026-04-03,2026-04-04T23:10:00Z,MIL,KC,A,Brandon Sproat,False,RELIEF_OR_BULK,70,17,11,4,4,4,3,4,1,P,,False,https://statsapi.mlb.com/api/v1.1/game/824134/feed/live,both,True,True,https://raw.githubusercontent.com/lancebroz/mlb-pitcher-data/main/data/raw/2026/daily/2026-04-03.parquet,QA_VALIDATED
824134,701656,Logan Henderson,35,1,3,14,17,62,Bot,2026-04-03,2026-04-04T23:10:00Z,MIL,KC,A,Logan Henderson,True,STARTER,35,9,6,2,2,3,1,3,0,P,,False,https://statsapi.mlb.com/api/v1.1/game/824134/feed/live,both,True,True,https://raw.githubusercontent.com/lancebroz/mlb-pitcher-data/main/data/raw/2026/daily/2026-04-03.parquet,QA_VALIDATED
824299,640448,Kyle Finnegan,16,8,60,64,231,246,Top,2026-04-03,2026-04-03T17:10:00Z,DET,STL,H,Kyle Finnegan,False,RELIEF_OR_BULK,16,5,3,0,0,1,1,1,0,P,,False,https://statsapi.mlb.com/api/v1.1/game/824299/feed/live,both,True,True,https://raw.githubusercontent.com/lancebroz/mlb-pitcher-data/main/data/raw/2026/daily/2026-04-03.parquet,QA_VALIDATED
824299,663947,Tyler Holton,7,9,68,70,258,264,Top,2026-04-03,2026-04-03T17:10:00Z,DET,STL,H,Tyler Holton,False,RELIEF_OR_BULK,7,3,3,0,0,0,0,1,0,P,,False,https://statsapi.mlb.com/api/v1.1/game/824299/feed/live,both,True,True,https://raw.githubusercontent.com/lancebroz/mlb-pitcher-data/main/data/raw/2026/daily/2026-04-03.parquet,QA_VALIDATED
824299,664285,Framber Valdez,91,1,0,46,1,174,Top,2026-04-03,2026-04-03T17:10:00Z,DET,STL,H,Framber Valdez,True,STARTER,91,24,18,0,0,3,2,5,0,P,,False,https://statsapi.mlb.com/api/v1.1/game/824299/feed/live,both,True,True,https://raw.githubusercontent.com/lancebroz/mlb-pitcher-data/main/data/raw/2026/daily/2026-04-03.parquet,QA_VALIDATED
824299,666277,George Soriano,16,6,48,51,182,197,Bot,2026-04-03,2026-04-03T17:10:00Z,STL,DET,A,George Soriano,False,RELIEF_OR_BULK,16,4,2,1,1,1,0,0,0,P,,False,https://statsapi.mlb.com/api/v1.1/game/824299/feed/live,both,True,True,https://raw.githubusercontent.com/lancebroz/mlb-pitcher-data/main/data/raw/2026/daily/2026-04-03.parquet,QA_VALIDATED
824299,676684,Will Vest,17,7,52,55,198,214,Top,2026-04-03,2026-04-03T17:10:00Z,DET,STL,H,Will Vest,False,RELIEF_OR_BULK,17,4,3,0,0,1,0,2,0,P,,False,https://statsapi.mlb.com/api/v1.1/game/824299/feed/live,both,True,True,https://raw.githubusercontent.com/lancebroz/mlb-pitcher-data/main/data/raw/2026/daily/2026-04-03.parquet,QA_VALIDATED
824299,677865,Justin Bruihl,15,5,41,47,161,181,Bot,2026-04-03,2026-04-03T17:10:00Z,STL,DET,A,Justin Bruihl,False,RELIEF_OR_BULK,15,4,2,0,0,2,0,0,0,P,,False,https://statsapi.mlb.com/api/v1.1/game/824299/feed/live,both,True,True,https://raw.githubusercontent.com/lancebroz/mlb-pitcher-data/main/data/raw/2026/daily/2026-04-03.parquet,QA_VALIDATED
824299,688297,Chris Roycroft,11,8,65,67,247,257,Bot,2026-04-03,2026-04-03T17:10:00Z,STL,DET,A,Chris Roycroft,False,RELIEF_OR_BULK,11,3,3,0,0,0,0,1,0,P,,False,https://statsapi.mlb.com/api/v1.1/game/824299/feed/live,both,True,True,https://raw.githubusercontent.com/lancebroz/mlb-pitcher-data/main/data/raw/2026/daily/2026-04-03.parquet,QA_VALIDATED
824299,700241,Michael McGreevy,75,1,3,40,13,160,Bot,2026-04-03,2026-04-03T17:10:00Z,STL,DET,A,Michael McGreevy,True,STARTER,75,20,14,3,3,7,0,4,1,P,,False,https://statsapi.mlb.com/api/v1.1/game/824299/feed/live,both,True,True,https://raw.githubusercontent.com/lancebroz/mlb-pitcher-data/main/data/raw/2026/daily/2026-04-03.parquet,QA_VALIDATED
824299,700669,Gordon Graceffo,16,7,56,59,215,230,Bot,2026-04-03,2026-04-03T17:10:00Z,STL,DET,A,Gordon Graceffo,False,RELIEF_OR_BULK,16,4,3,0,0,0,2,0,0,P,,False,https://statsapi.mlb.com/api/v1.1/game/824299/feed/live,both,True,True,https://raw.githubusercontent.com/lancebroz/mlb-pitcher-data/main/data/raw/2026/daily/2026-04-03.parquet,QA_VALIDATED
824377,547179,Michael Lorenzen,77,1,0,30,1,109,Top,2026-04-03,2026-04-03T20:10:00Z,COL,PHI,H,Michael Lorenzen,True,STARTER,77,23,9,9,9,12,2,2,2,P,,False,https://statsapi.mlb.com/api/v1.1/game/824377/feed/live,both,True,True,https://raw.githubusercontent.com/lancebroz/mlb-pitcher-data/main/data/raw/2026/daily/2026-04-03.parquet,QA_VALIDATED
824377,605400,Aaron Nola,95,1,11,60,45,214,Bot,2026-04-03,2026-04-03T20:10:00Z,PHI,COL,A,Aaron Nola,True,STARTER,95,25,19,1,1,5,1,9,0,P,,False,https://statsapi.mlb.com/api/v1.1/game/824377/feed/live,both,True,True,https://raw.githubusercontent.com/lancebroz/mlb-pitcher-data/main/data/raw/2026/daily/2026-04-03.parquet,QA_VALIDATED
824377,641835,Tim Mayza,13,8,67,69,243,255,Bot,2026-04-03,2026-04-03T20:10:00Z,PHI,COL,A,Tim Mayza,False,RELIEF_OR_BULK,13,3,3,0,0,0,0,2,0,P,,False,https://statsapi.mlb.com/api/v1.1/game/824377/feed/live,both,True,True,https://raw.githubusercontent.com/lancebroz/mlb-pitcher-data/main/data/raw/2026/daily/2026-04-03.parquet,QA_VALIDATED
824377,647315,Zach Pop,17,9,73,76,272,288,Bot,2026-04-03,2026-04-03T20:10:00Z,PHI,COL,A,Zach Pop,False,RELIEF_OR_BULK,17,4,3,0,0,0,1,3,0,P,,False,https://statsapi.mlb.com/api/v1.1/game/824377/feed/live,both,True,True,https://raw.githubusercontent.com/lancebroz/mlb-pitcher-data/main/data/raw/2026/daily/2026-04-03.parquet,QA_VALIDATED
824377,678368,Valente Bellozo,77,4,34,72,123,271,Top,2026-04-03,2026-04-03T20:10:00Z,COL,PHI,H,Valente Bellozo,False,RELIEF_OR_BULK,77,20,18,1,1,1,1,7,1,P,,False,https://statsapi.mlb.com/api/v1.1/game/824377/feed/live,both,True,True,https://raw.githubusercontent.com/lancebroz/mlb-pitcher-data/main/data/raw/2026/daily/2026-04-03.parquet,QA_VALIDATED
824377,679775,Kyle Backhus,9,7,61,62,215,223,Bot,2026-04-03,2026-04-03T20:10:00Z,PHI,COL,A,Kyle Backhus,False,RELIEF_OR_BULK,9,2,2,0,0,0,0,1,0,P,,False,https://statsapi.mlb.com/api/v1.1/game/824377/feed/live,both,True,True,https://raw.githubusercontent.com/lancebroz/mlb-pitcher-data/main/data/raw/2026/daily/2026-04-03.parquet,QA_VALIDATED
824458,542888,Shawn Armstrong,13,8,57,59,226,238,Top,2026-04-03,2026-04-03T20:10:00Z,CLE,CHC,H,Shawn Armstrong,False,RELIEF_OR_BULK,13,3,3,0,0,0,0,1,0,P,,False,https://statsapi.mlb.com/api/v1.1/game/824458/feed/live,both,True,True,https://raw.githubusercontent.com/lancebroz/mlb-pitcher-data/main/data/raw/2026/daily/2026-04-03.parquet,QA_VALIDATED
824458,571948,Hoby Milner,10,5,36,46,145,170,Bot,2026-04-03,2026-04-03T20:10:00Z,CHC,CLE,A,Hoby Milner,False,RELIEF_OR_BULK,10,6,5,0,0,2,0,0,0,P,,False,https://statsapi.mlb.com/api/v1.1/game/824458/feed/live,both,True,True,https://raw.githubusercontent.com/lancebroz/mlb-pitcher-data/main/data/raw/2026/daily/2026-04-03.parquet,QA_VALIDATED
824458,607067,Colin Rea,59,2,10,35,38,144,Bot,2026-04-03,2026-04-03T20:10:00Z,CHC,CLE,A,Colin Rea,False,RELIEF_OR_BULK,57,14,10,1,1,4,1,4,0,P,,False,https://statsapi.mlb.com/api/v1.1/game/824458/feed/live,both,False,True,https://raw.githubusercontent.com/lancebroz/mlb-pitcher-data/main/data/raw/2026/daily/2026-04-03.parquet,QA_REVIEW
824458,640451,Hunter Harvey,30,7,50,54,184,213,Bot,2026-04-03,2026-04-03T20:10:00Z,CHC,CLE,A,Hunter Harvey,False,RELIEF_OR_BULK,30,5,2,3,3,2,1,0,2,P,,False,https://statsapi.mlb.com/api/v1.1/game/824458/feed/live,both,True,True,https://raw.githubusercontent.com/lancebroz/mlb-pitcher-data/main/data/raw/2026/daily/2026-04-03.parquet,QA_VALIDATED
824458,641401,Connor Brogdon,13,7,47,49,171,183,Top,2026-04-03,2026-04-03T20:10:00Z,CLE,CHC,H,Connor Brogdon,False,RELIEF_OR_BULK,13,3,3,0,0,0,0,0,0,P,,False,https://statsapi.mlb.com/api/v1.1/game/824458/feed/live,both,True,True,https://raw.githubusercontent.com/lancebroz/mlb-pitcher-data/main/data/raw/2026/daily/2026-04-03.parquet,QA_VALIDATED
824458,657097,Jacob Webb,29,7,55,62,214,255,Bot,2026-04-03,2026-04-03T20:10:00Z,CHC,CLE,A,Jacob Webb,False,RELIEF_OR_BULK,29,5,4,0,0,1,1,1,0,P,,False,https://statsapi.mlb.com/api/v1.1/game/824458/feed/live,both,True,True,https://raw.githubusercontent.com/lancebroz/mlb-pitcher-data/main/data/raw/2026/daily/2026-04-03.parquet,QA_VALIDATED
824458,670036,Matt Festa,4,6,41,42,161,164,Top,2026-04-03,2026-04-03T20:10:00Z,CLE,CHC,H,Matt Festa,False,RELIEF_OR_BULK,4,2,2,0,0,0,0,0,0,P,,False,https://statsapi.mlb.com/api/v1.1/game/824458/feed/live,both,True,True,https://raw.githubusercontent.com/lancebroz/mlb-pitcher-data/main/data/raw/2026/daily/2026-04-03.parquet,QA_VALIDATED
824458,671922,Cade Smith,22,9,63,66,256,277,Top,2026-04-03,2026-04-03T20:10:00Z,CLE,CHC,H,Cade Smith,False,RELIEF_OR_BULK,22,4,3,0,0,1,0,3,0,P,,False,https://statsapi.mlb.com/api/v1.1/game/824458/feed/live,both,True,True,https://raw.githubusercontent.com/lancebroz/mlb-pitcher-data/main/data/raw/2026/daily/2026-04-03.parquet,QA_VALIDATED
824458,676282,Joey Cantillo,82,1,0,40,1,160,Top,2026-04-03,2026-04-03T20:10:00Z,CLE,CHC,H,Joey Cantillo,True,STARTER,82,21,16,1,1,4,2,6,0,P,,False,https://statsapi.mlb.com/api/v1.1/game/824458/feed/live,both,True,True,https://raw.githubusercontent.com/lancebroz/mlb-pitcher-data/main/data/raw/2026/daily/2026-04-03.parquet,QA_VALIDATED
824458,690990,Cade Horton,15,1,3,9,12,37,Bot,2026-04-03,2026-04-03T20:10:00Z,CHC,CLE,A,Cade Horton,True,STARTER,17,4,3,0,0,0,1,0,0,P,,False,https://statsapi.mlb.com/api/v1.1/game/824458/feed/live,both,False,True,https://raw.githubusercontent.com/lancebroz/mlb-pitcher-data/main/data/raw/2026/daily/2026-04-03.parquet,QA_REVIEW
824621,622554,Seranthony Domínguez,22,9,67,76,266,299,Top,2026-04-03,2026-04-03T18:10:00Z,CWS,TOR,H,Seranthony Domínguez,False,RELIEF_OR_BULK,22,5,4,1,0,0,0,2,0,P,,False,https://statsapi.mlb.com/api/v1.1/game/824621/feed/live,both,True,True,https://raw.githubusercontent.com/lancebroz/mlb-pitcher-data/main/data/raw/2026/daily/2026-04-03.parquet,QA_VALIDATED
824621,643511,Tyler Rogers,12,9,68,72,274,285,Bot,2026-04-03,2026-04-03T18:10:00Z,TOR,CWS,A,Tyler Rogers,False,RELIEF_OR_BULK,12,5,3,0,0,1,1,0,0,P,,False,https://statsapi.mlb.com/api/v1.1/game/824621/feed/live,both,True,True,https://raw.githubusercontent.com/lancebroz/mlb-pitcher-data/main/data/raw/2026/daily/2026-04-03.parquet,QA_VALIDATED
824621,656302,Dylan Cease,93,1,3,39,10,170,Bot,2026-04-03,2026-04-03T18:10:00Z,TOR,CWS,A,Dylan Cease,True,STARTER,93,22,13,3,2,5,3,6,0,P,,False,https://statsapi.mlb.com/api/v1.1/game/824621/feed/live,both,True,True,https://raw.githubusercontent.com/lancebroz/mlb-pitcher-data/main/data/raw/2026/daily/2026-04-03.parquet,QA_VALIDATED
824621,656546,Jeff Hoffman,14,10,77,80,300,313,Bot,2026-04-03,2026-04-03T18:10:00Z,TOR,CWS,A,Jeff Hoffman,False,RELIEF_OR_BULK,14,4,2,2,0,2,0,1,0,P,,False,https://statsapi.mlb.com/api/v1.1/game/824621/feed/live,both,True,True,https://raw.githubusercontent.com/lancebroz/mlb-pitcher-data/main/data/raw/2026/daily/2026-04-03.parquet,QA_VALIDATED
824621,656794,Sean Newcomb,8,9,64,66,258,265,Top,2026-04-03,2026-04-03T18:10:00Z,CWS,TOR,H,Sean Newcomb,False,RELIEF_OR_BULK,8,3,2,0,0,1,0,0,0,P,,False,https://statsapi.mlb.com/api/v1.1/game/824621/feed/live,both,True,True,https://raw.githubusercontent.com/lancebroz/mlb-pitcher-data/main/data/raw/2026/daily/2026-04-03.parquet,QA_VALIDATED
824621,663893,Brendon Little,17,7,53,55,209,225,Bot,2026-04-03,2026-04-03T18:10:00Z,TOR,CWS,A,Brendon Little,False,RELIEF_OR_BULK,17,3,3,0,0,0,0,1,0,P,,False,https://statsapi.mlb.com/api/v1.1/game/824621/feed/live,both,True,True,https://raw.githubusercontent.com/lancebroz/mlb-pitcher-data/main/data/raw/2026/daily/2026-04-03.parquet,QA_VALIDATED
824621,673929,Jordan Leasure,17,8,56,60,226,242,Top,2026-04-03,2026-04-03T18:10:00Z,CWS,TOR,H,Jordan Leasure,False,RELIEF_OR_BULK,17,5,3,2,2,2,1,1,1,P,,False,https://statsapi.mlb.com/api/v1.1/game/824621/feed/live,both,True,True,https://raw.githubusercontent.com/lancebroz/mlb-pitcher-data/main/data/raw/2026/daily/2026-04-03.parquet,QA_VALIDATED
824621,680732,Sean Burke,85,2,9,52,28,208,Top,2026-04-03,2026-04-03T18:10:00Z,CWS,TOR,H,Sean Burke,False,RELIEF_OR_BULK,85,22,18,1,1,4,0,7,0,P,,False,https://statsapi.mlb.com/api/v1.1/game/824621/feed/live,both,True,True,https://raw.githubusercontent.com/lancebroz/mlb-pitcher-data/main/data/raw/2026/daily/2026-04-03.parquet,QA_VALIDATED
824621,680755,Braydon Fisher,21,5,40,49,171,198,Bot,2026-04-03,2026-04-03T18:10:00Z,TOR,CWS,A,Braydon Fisher,False,RELIEF_OR_BULK,21,6,5,0,0,2,0,3,0,P,,False,https://statsapi.mlb.com/api/v1.1/game/824621/feed/live,both,True,True,https://raw.githubusercontent.com/lancebroz/mlb-pitcher-data/main/data/raw/2026/daily/2026-04-03.parquet,QA_VALIDATED
824621,686973,Louis Varland,15,8,61,63,243,257,Bot,2026-04-03,2026-04-03T18:10:00Z,TOR,CWS,A,Louis Varland,False,RELIEF_OR_BULK,15,3,3,0,0,1,0,1,0,P,,False,https://statsapi.mlb.com/api/v1.1/game/824621/feed/live,both,True,True,https://raw.githubusercontent.com/lancebroz/mlb-pitcher-data/main/data/raw/2026/daily/2026-04-03.parquet,QA_VALIDATED
824621,691799,Grant Taylor,9,1,0,2,1,9,Top,2026-04-03,2026-04-03T18:10:00Z,CWS,TOR,H,Grant Taylor,True,STARTER,9,3,3,0,0,0,0,1,0,P,,False,https://statsapi.mlb.com/api/v1.1/game/824621/feed/live,both,True,True,https://raw.githubusercontent.com/lancebroz/mlb-pitcher-data/main/data/raw/2026/daily/2026-04-03.parquet,QA_VALIDATED
824786,543243,Sonny Gray,87,1,0,41,1,154,Top,2026-04-03,2026-04-03T18:10:00Z,BOS,SD,H,Sonny Gray,True,STARTER,87,22,18,2,2,4,0,3,0,P,,False,https://statsapi.mlb.com/api/v1.1/game/824786/feed/live,both,True,True,https://raw.githubusercontent.com/lancebroz/mlb-pitcher-data/main/data/raw/2026/daily/2026-04-03.parquet,QA_VALIDATED
824786,547973,Aroldis Chapman,21,9,61,64,225,245,Top,2026-04-03,2026-04-03T18:10:00Z,BOS,SD,H,Aroldis Chapman,False,RELIEF_OR_BULK,21,4,3,0,0,0,1,1,0,P,,False,https://statsapi.mlb.com/api/v1.1/game/824786/feed/live,both,True,True,https://raw.githubusercontent.com/lancebroz/mlb-pitcher-data/main/data/raw/2026/daily/2026-04-03.parquet,QA_VALIDATED
824786,593974,Wandy Peralta,20,6,46,54,169,205,Bot,2026-04-03,2026-04-03T18:10:00Z,SD,BOS,A,Wandy Peralta,False,RELIEF_OR_BULK,20,6,4,1,1,2,0,2,1,P,,False,https://statsapi.mlb.com/api/v1.1/game/824786/feed/live,both,True,True,https://raw.githubusercontent.com/lancebroz/mlb-pitcher-data/main/data/raw/2026/daily/2026-04-03.parquet,QA_VALIDATED
824786,650633,Michael King,81,1,3,45,9,168,Bot,2026-04-03,2026-04-03T18:10:00Z,SD,BOS,A,Michael King,True,STARTER,81,24,17,4,4,7,1,5,1,P,,False,https://statsapi.mlb.com/api/v1.1/game/824786/feed/live,both,True,True,https://raw.githubusercontent.com/lancebroz/mlb-pitcher-data/main/data/raw/2026/daily/2026-04-03.parquet,QA_VALIDATED
824786,669711,Greg Weissert,17,7,49,51,177,193,Top,2026-04-03,2026-04-03T18:10:00Z,BOS,SD,H,Greg Weissert,False,RELIEF_OR_BULK,17,3,3,0,0,0,0,1,0,P,,False,https://statsapi.mlb.com/api/v1.1/game/824786/feed/live,both,True,True,https://raw.githubusercontent.com/lancebroz/mlb-pitcher-data/main/data/raw/2026/daily/2026-04-03.parquet,QA_VALIDATED
824786,676760,Ron Marinaccio,10,8,58,60,215,224,Bot,2026-04-03,2026-04-03T18:10:00Z,SD,BOS,A,Ron Marinaccio,False,RELIEF_OR_BULK,10,3,3,0,0,0,0,1,0,P,,False,https://statsapi.mlb.com/api/v1.1/game/824786/feed/live,both,True,True,https://raw.githubusercontent.com/lancebroz/mlb-pitcher-data/main/data/raw/2026/daily/2026-04-03.parquet,QA_VALIDATED
824786,686580,Justin Slaten,9,8,55,57,206,214,Top,2026-04-03,2026-04-03T18:10:00Z,BOS,SD,H,Justin Slaten,False,RELIEF_OR_BULK,9,3,3,0,0,0,0,1,0,P,,False,https://statsapi.mlb.com/api/v1.1/game/824786/feed/live,both,True,True,https://raw.githubusercontent.com/lancebroz/mlb-pitcher-data/main/data/raw/2026/daily/2026-04-03.parquet,QA_VALIDATED
825026,547184,Michael Kelly,32,7,56,62,233,264,Top,2026-04-03,2026-04-04T01:40:00Z,ATH,HOU,H,Michael Kelly,False,RELIEF_OR_BULK,32,7,3,1,1,1,3,2,0,P,,False,https://statsapi.mlb.com/api/v1.1/game/825026/feed/live,both,True,True,https://raw.githubusercontent.com/lancebroz/mlb-pitcher-data/main/data/raw/2026/daily/2026-04-03.parquet,QA_VALIDATED
825026,605488,Jeffrey Springs,103,1,0,51,1,224,Top,2026-04-03,2026-04-04T01:40:00Z,ATH,HOU,H,Jeffrey Springs,True,STARTER,103,21,18,1,1,2,1,7,0,P,,False,https://statsapi.mlb.com/api/v1.1/game/825026/feed/live,both,True,True,https://raw.githubusercontent.com/lancebroz/mlb-pitcher-data/main/data/raw/2026/daily/2026-04-03.parquet,QA_VALIDATED
825026,664299,Cristian Javier,82,1,4,35,20,154,Bot,2026-04-03,2026-04-04T01:40:00Z,HOU,ATH,A,Cristian Javier,True,STARTER,82,21,11,6,6,6,5,2,0,P,,False,https://statsapi.mlb.com/api/v1.1/game/825026/feed/live,both,True,True,https://raw.githubusercontent.com/lancebroz/mlb-pitcher-data/main/data/raw/2026/daily/2026-04-03.parquet,QA_VALIDATED
825026,669372,J.T. Ginn,32,8,66,79,282,326,Top,2026-04-03,2026-04-04T01:40:00Z,ATH,HOU,H,J.T. Ginn,False,RELIEF_OR_BULK,32,10,6,2,2,3,1,1,0,P,,False,https://statsapi.mlb.com/api/v1.1/game/825026/feed/live,both,True,True,https://raw.githubusercontent.com/lancebroz/mlb-pitcher-data/main/data/raw/2026/daily/2026-04-03.parquet,QA_VALIDATED
825026,680802,Ryan Weiss,38,6,52,72,225,303,Bot,2026-04-03,2026-04-04T01:40:00Z,HOU,ATH,A,Ryan Weiss,False,RELIEF_OR_BULK,38,11,9,0,0,3,0,2,0,P,,False,https://statsapi.mlb.com/api/v1.1/game/825026/feed/live,both,True,True,https://raw.githubusercontent.com/lancebroz/mlb-pitcher-data/main/data/raw/2026/daily/2026-04-03.parquet,QA_VALIDATED
825026,682610,Roddery Muñoz,39,4,36,48,155,207,Bot,2026-04-03,2026-04-04T01:40:00Z,HOU,ATH,A,Roddery Muñoz,False,RELIEF_OR_BULK,39,10,4,5,5,4,2,2,2,P,,False,https://statsapi.mlb.com/api/v1.1/game/825026/feed/live,both,True,True,https://raw.githubusercontent.com/lancebroz/mlb-pitcher-data/main/data/raw/2026/daily/2026-04-03.parquet,QA_VALIDATED
825103,593958,Eduardo Rodriguez,90,1,0,46,1,175,Top,2026-04-03,2026-04-04T01:45:00Z,AZ,ATL,H,Eduardo Rodriguez,True,STARTER,90,26,21,0,0,4,1,3,0,P,,False,https://statsapi.mlb.com/api/v1.1/game/825103/feed/live,both,True,True,https://raw.githubusercontent.com/lancebroz/mlb-pitcher-data/main/data/raw/2026/daily/2026-04-03.parquet,QA_VALIDATED
825103,623149,Paul Sewald,16,9,57,60,201,216,Top,2026-04-03,2026-04-04T01:45:00Z,AZ,ATL,H,Paul Sewald,False,RELIEF_OR_BULK,16,4,2,2,2,2,0,1,2,P,,False,https://statsapi.mlb.com/api/v1.1/game/825103/feed/live,both,True,True,https://raw.githubusercontent.com/lancebroz/mlb-pitcher-data/main/data/raw/2026/daily/2026-04-03.parquet,QA_VALIDATED
825103,628452,Raisel Iglesias,16,9,62,64,219,234,Bot,2026-04-03,2026-04-04T01:45:00Z,ATL,AZ,A,Raisel Iglesias,False,RELIEF_OR_BULK,16,3,3,0,0,0,0,0,0,P,603,True,https://statsapi.mlb.com/api/v1.1/game/825103/feed/live,both,True,True,https://raw.githubusercontent.com/lancebroz/mlb-pitcher-data/main/data/raw/2026/daily/2026-04-03.parquet,QA_VALIDATED
825103,656550,Grant Holmes,85,1,5,43,13,163,Bot,2026-04-03,2026-04-04T01:45:00Z,ATL,AZ,A,Grant Holmes,True,STARTER,85,21,18,0,0,1,3,4,0,P,,False,https://statsapi.mlb.com/api/v1.1/game/825103/feed/live,both,True,True,https://raw.githubusercontent.com/lancebroz/mlb-pitcher-data/main/data/raw/2026/daily/2026-04-03.parquet,QA_VALIDATED
825103,657044,Ryan Thompson,2,9,61,61,217,218,Top,2026-04-03,2026-04-04T01:45:00Z,AZ,ATL,H,Ryan Thompson,False,RELIEF_OR_BULK,2,1,1,0,0,0,0,0,0,P,,False,https://statsapi.mlb.com/api/v1.1/game/825103/feed/live,both,True,True,https://raw.githubusercontent.com/lancebroz/mlb-pitcher-data/main/data/raw/2026/daily/2026-04-03.parquet,QA_VALIDATED
825103,663158,Robert Suarez,8,8,54,56,193,200,Bot,2026-04-03,2026-04-04T01:45:00Z,ATL,AZ,A,Robert Suarez,False,RELIEF_OR_BULK,8,3,3,0,0,0,0,0,0,P,601,True,https://statsapi.mlb.com/api/v1.1/game/825103/feed/live,both,True,True,https://raw.githubusercontent.com/lancebroz/mlb-pitcher-data/main/data/raw/2026/daily/2026-04-03.parquet,QA_VALIDATED
825103,666661,Juan Morillo,6,8,51,53,187,192,Top,2026-04-03,2026-04-04T01:45:00Z,AZ,ATL,H,Juan Morillo,False,RELIEF_OR_BULK,6,3,3,0,0,0,0,1,0,P,,False,https://statsapi.mlb.com/api/v1.1/game/825103/feed/live,both,True,True,https://raw.githubusercontent.com/lancebroz/mlb-pitcher-data/main/data/raw/2026/daily/2026-04-03.parquet,QA_VALIDATED
825103,669276,Dylan Lee,11,7,47,50,176,186,Bot,2026-04-03,2026-04-04T01:45:00Z,ATL,AZ,A,Dylan Lee,False,RELIEF_OR_BULK,11,4,3,0,0,1,0,1,0,P,,False,https://statsapi.mlb.com/api/v1.1/game/825103/feed/live,both,True,True,https://raw.githubusercontent.com/lancebroz/mlb-pitcher-data/main/data/raw/2026/daily/2026-04-03.parquet,QA_VALIDATED
822757,607192,Tyler Glasnow,101,1,7,57,29,235,Bot,2026-04-04,2026-04-04T20:05:00Z,LAD,WSH,A,Tyler Glasnow,True,STARTER,101,24,18,2,2,4,2,9,0,P,,False,https://statsapi.mlb.com/api/v1.1/game/822757/feed/live,both,True,True,https://raw.githubusercontent.com/lancebroz/mlb-pitcher-data/main/data/raw/2026/daily/2026-04-04.parquet,QA_VALIDATED
822757,656945,Tanner Scott,14,7,63,66,255,268,Bot,2026-04-04,2026-04-04T20:05:00Z,LAD,WSH,A,Tanner Scott,False,RELIEF_OR_BULK,14,4,3,0,0,1,0,1,0,P,,False,https://statsapi.mlb.com/api/v1.1/game/822757/feed/live,both,True,True,https://raw.githubusercontent.com/lancebroz/mlb-pitcher-data/main/data/raw/2026/daily/2026-04-04.parquet,QA_VALIDATED
822757,663623,Jake Irvin,85,1,0,33,1,128,Top,2026-04-04,2026-04-04T20:05:00Z,WSH,LAD,H,Jake Irvin,True,STARTER,85,22,12,6,6,8,2,4,0,P,,False,https://statsapi.mlb.com/api/v1.1/game/822757/feed/live,both,True,True,https://raw.githubusercontent.com/lancebroz/mlb-pitcher-data/main/data/raw/2026/daily/2026-04-04.parquet,QA_VALIDATED
822757,669371,Cole Henry,23,8,67,78,269,311,Top,2026-04-04,2026-04-04T20:05:00Z,WSH,LAD,H,Cole Henry,False,RELIEF_OR_BULK,23,7,6,0,0,1,0,2,0,P,,False,https://statsapi.mlb.com/api/v1.1/game/822757/feed/live,both,True,True,https://raw.githubusercontent.com/lancebroz/mlb-pitcher-data/main/data/raw/2026/daily/2026-04-04.parquet,QA_VALIDATED
822757,676508,Ben Casparius,20,8,70,74,278,297,Bot,2026-04-04,2026-04-04T20:05:00Z,LAD,WSH,A,Ben Casparius,False,RELIEF_OR_BULK,20,5,3,2,2,2,0,1,1,P,,False,https://statsapi.mlb.com/api/v1.1/game/822757/feed/live,both,True,True,https://raw.githubusercontent.com/lancebroz/mlb-pitcher-data/main/data/raw/2026/daily/2026-04-04.parquet,QA_VALIDATED
822757,681402,Gus Varland,19,7,58,62,236,254,Top,2026-04-04,2026-04-04T20:05:00Z,WSH,LAD,H,Gus Varland,False,RELIEF_OR_BULK,19,5,3,1,1,2,0,2,0,P,,False,https://statsapi.mlb.com/api/v1.1/game/822757/feed/live,both,True,True,https://raw.githubusercontent.com/lancebroz/mlb-pitcher-data/main/data/raw/2026/daily/2026-04-04.parquet,QA_VALIDATED
822757,683618,Edgardo Henriquez,22,9,79,82,312,333,Bot,2026-04-04,2026-04-04T20:05:00Z,LAD,WSH,A,Edgardo Henriquez,False,RELIEF_OR_BULK,22,4,3,1,1,1,0,0,0,P,,False,https://statsapi.mlb.com/api/v1.1/game/822757/feed/live,both,True,True,https://raw.githubusercontent.com/lancebroz/mlb-pitcher-data/main/data/raw/2026/daily/2026-04-04.parquet,QA_VALIDATED
822757,695418,Brad Lord,49,5,39,53,153,217,Top,2026-04-04,2026-04-04T20:05:00Z,WSH,LAD,H,Brad Lord,False,RELIEF_OR_BULK,49,12,6,3,3,5,1,0,1,P,,False,https://statsapi.mlb.com/api/v1.1/game/822757/feed/live,both,True,True,https://raw.githubusercontent.com/lancebroz/mlb-pitcher-data/main/data/raw/2026/daily/2026-04-04.parquet,QA_VALIDATED
822920,641302,Tyler Alexander,13,9,63,66,235,247,Top,2026-04-04,2026-04-04T23:05:00Z,TEX,CIN,H,Tyler Alexander,False,RELIEF_OR_BULK,13,4,3,0,0,1,0,1,0,P,,False,https://statsapi.mlb.com/api/v1.1/game/822920/feed/live,both,True,True,https://raw.githubusercontent.com/lancebroz/mlb-pitcher-data/main/data/raw/2026/daily/2026-04-04.parquet,QA_VALIDATED
822920,641941,Emilio Pagán,23,9,67,71,248,270,Bot,2026-04-04,2026-04-04T23:05:00Z,CIN,TEX,A,Emilio Pagán,False,RELIEF_OR_BULK,23,5,3,0,0,1,2,1,0,P,,False,https://statsapi.mlb.com/api/v1.1/game/822920/feed/live,both,True,True,https://raw.githubusercontent.com/lancebroz/mlb-pitcher-data/main/data/raw/2026/daily/2026-04-04.parquet,QA_VALIDATED
822920,656222,Jalen Beeks,16,6,43,46,154,169,Top,2026-04-04,2026-04-04T23:05:00Z,TEX,CIN,H,Jalen Beeks,False,RELIEF_OR_BULK,16,4,3,0,0,1,0,0,0,P,,False,https://statsapi.mlb.com/api/v1.1/game/822920/feed/live,both,True,True,https://raw.githubusercontent.com/lancebroz/mlb-pitcher-data/main/data/raw/2026/daily/2026-04-04.parquet,QA_VALIDATED
822920,656641,Jacob Latz,15,7,50,52,179,193,Top,2026-04-04,2026-04-04T23:05:00Z,TEX,CIN,H,Jacob Latz,False,RELIEF_OR_BULK,15,3,3,0,0,0,0,2,0,P,,False,https://statsapi.mlb.com/api/v1.1/game/822920/feed/live,both,True,True,https://raw.githubusercontent.com/lancebroz/mlb-pitcher-data/main/data/raw/2026/daily/2026-04-04.parquet,QA_VALIDATED
822920,663574,Tony Santillan,11,8,60,62,224,234,Bot,2026-04-04,2026-04-04T23:05:00Z,CIN,TEX,A,Tony Santillan,False,RELIEF_OR_BULK,11,3,3,0,0,0,0,1,0,P,,False,https://statsapi.mlb.com/api/v1.1/game/822920/feed/live,both,True,True,https://raw.githubusercontent.com/lancebroz/mlb-pitcher-data/main/data/raw/2026/daily/2026-04-04.parquet,QA_VALIDATED
822920,668933,Graham Ashcraft,18,7,53,56,194,211,Bot,2026-04-04,2026-04-04T23:05:00Z,CIN,TEX,A,Graham Ashcraft,False,RELIEF_OR_BULK,18,4,3,0,0,0,1,1,0,P,,False,https://statsapi.mlb.com/api/v1.1/game/822920/feed/live,both,True,True,https://raw.githubusercontent.com/lancebroz/mlb-pitcher-data/main/data/raw/2026/daily/2026-04-04.parquet,QA_VALIDATED
822920,677958,Kumar Rocker,80,1,0,38,1,142,Top,2026-04-04,2026-04-04T23:05:00Z,TEX,CIN,H,Kumar Rocker,True,STARTER,80,23,15,2,2,6,1,3,0,P,,False,https://statsapi.mlb.com/api/v1.1/game/822920/feed/live,both,True,True,https://raw.githubusercontent.com/lancebroz/mlb-pitcher-data/main/data/raw/2026/daily/2026-04-04.parquet,QA_VALIDATED
822920,691945,Carter Baumler,12,8,57,59,212,223,Top,2026-04-04,2026-04-04T23:05:00Z,TEX,CIN,H,Carter Baumler,False,RELIEF_OR_BULK,12,3,3,0,0,0,0,1,0,P,,False,https://statsapi.mlb.com/api/v1.1/game/822920/feed/live,both,True,True,https://raw.githubusercontent.com/lancebroz/mlb-pitcher-data/main/data/raw/2026/daily/2026-04-04.parquet,QA_VALIDATED
822920,695076,Rhett Lowder,82,1,7,49,20,178,Bot,2026-04-04,2026-04-04T23:05:00Z,CIN,TEX,A,Rhett Lowder,True,STARTER,82,23,18,0,0,3,2,4,0,P,,False,https://statsapi.mlb.com/api/v1.1/game/822920/feed/live,both,True,True,https://raw.githubusercontent.com/lancebroz/mlb-pitcher-data/main/data/raw/2026/daily/2026-04-04.parquet,QA_VALIDATED
823239,605280,Clay Holmes,90,1,3,61,18,230,Bot,2026-04-04,2026-04-05T01:05:00Z,NYM,SF,A,Clay Holmes,True,STARTER,90,26,21,0,0,3,2,4,0,P,,False,https://statsapi.mlb.com/api/v1.1/game/823239/feed/live,both,True,True,https://raw.githubusercontent.com/lancebroz/mlb-pitcher-data/main/data/raw/2026/daily/2026-04-04.parquet,QA_VALIDATED
823239,621366,Ryan Borucki,22,5,39,48,154,182,Top,2026-04-04,2026-04-05T01:05:00Z,SF,NYM,H,Ryan Borucki,False,RELIEF_OR_BULK,22,7,4,1,1,3,0,1,1,P,,False,https://statsapi.mlb.com/api/v1.1/game/823239/feed/live,both,True,True,https://raw.githubusercontent.com/lancebroz/mlb-pitcher-data/main/data/raw/2026/daily/2026-04-04.parquet,QA_VALIDATED
823239,668873,Caleb Kilian,12,8,62,64,231,242,Top,2026-04-04,2026-04-05T01:05:00Z,SF,NYM,H,Caleb Kilian,False,RELIEF_OR_BULK,12,3,3,0,0,0,0,1,0,P,,False,https://statsapi.mlb.com/api/v1.1/game/823239/feed/live,both,True,True,https://raw.githubusercontent.com/lancebroz/mlb-pitcher-data/main/data/raw/2026/daily/2026-04-04.parquet,QA_VALIDATED
823239,668964,Tobias Myers,30,8,65,73,243,281,Bot,2026-04-04,2026-04-05T01:05:00Z,NYM,SF,A,Tobias Myers,False,RELIEF_OR_BULK,30,6,6,0,0,0,0,1,0,P,,False,https://statsapi.mlb.com/api/v1.1/game/823239/feed/live,both,True,True,https://raw.githubusercontent.com/lancebroz/mlb-pitcher-data/main/data/raw/2026/daily/2026-04-04.parquet,QA_VALIDATED
823239,676775,Keaton Winn,23,7,52,57,194,216,Top,2026-04-04,2026-04-05T01:05:00Z,SF,NYM,H,Keaton Winn,False,RELIEF_OR_BULK,23,6,3,1,1,2,1,1,0,P,,False,https://statsapi.mlb.com/api/v1.1/game/823239/feed/live,both,True,True,https://raw.githubusercontent.com/lancebroz/mlb-pitcher-data/main/data/raw/2026/daily/2026-04-04.parquet,QA_VALIDATED
823239,683766,Christian Koss,9,9,68,70,259,267,Top,2026-04-04,2026-04-05T01:05:00Z,SF,NYM,H,Christian Koss,False,RELIEF_OR_BULK,9,3,3,0,0,0,0,0,0,P,,False,https://statsapi.mlb.com/api/v1.1/game/823239/feed/live,both,True,True,https://raw.githubusercontent.com/lancebroz/mlb-pitcher-data/main/data/raw/2026/daily/2026-04-04.parquet,QA_VALIDATED
823239,694738,Landen Roupp,95,1,0,38,1,153,Top,2026-04-04,2026-04-05T01:05:00Z,SF,NYM,H,Landen Roupp,True,STARTER,95,23,14,7,5,7,1,7,0,P,,False,https://statsapi.mlb.com/api/v1.1/game/823239/feed/live,both,True,True,https://raw.githubusercontent.com/lancebroz/mlb-pitcher-data/main/data/raw/2026/daily/2026-04-04.parquet,QA_VALIDATED
823404,642701,Dennis Santana,13,9,72,74,303,315,Top,2026-04-04,2026-04-04T20:05:00Z,PIT,BAL,H,Dennis Santana,False,RELIEF_OR_BULK,13,3,3,0,0,0,0,1,0,P,,False,https://statsapi.mlb.com/api/v1.1/game/823404/feed/live,both,True,True,https://raw.githubusercontent.com/lancebroz/mlb-pitcher-data/main/data/raw/2026/daily/2026-04-04.parquet,QA_VALIDATED
823404,664854,Ryan Helsley,13,9,75,78,316,328,Bot,2026-04-04,2026-04-04T20:05:00Z,BAL,PIT,A,Ryan Helsley,False,RELIEF_OR_BULK,13,4,1,1,1,2,1,0,0,P,,False,https://statsapi.mlb.com/api/v1.1/game/823404/feed/live,both,True,True,https://raw.githubusercontent.com/lancebroz/mlb-pitcher-data/main/data/raw/2026/daily/2026-04-04.parquet,QA_VALIDATED
823404,664991,Grant Wolfram,21,7,58,61,238,258,Bot,2026-04-04,2026-04-04T20:05:00Z,BAL,PIT,A,Grant Wolfram,False,RELIEF_OR_BULK,21,4,3,0,0,1,0,2,0,P,,False,https://statsapi.mlb.com/api/v1.1/game/823404/feed/live,both,True,True,https://raw.githubusercontent.com/lancebroz/mlb-pitcher-data/main/data/raw/2026/daily/2026-04-04.parquet,QA_VALIDATED
823404,669358,Shane Baz,98,1,3,50,13,200,Bot,2026-04-04,2026-04-04T20:05:00Z,BAL,PIT,A,Shane Baz,True,STARTER,98,25,17,1,1,4,3,5,0,P,,False,https://statsapi.mlb.com/api/v1.1/game/823404/feed/live,both,True,True,https://raw.githubusercontent.com/lancebroz/mlb-pitcher-data/main/data/raw/2026/daily/2026-04-04.parquet,QA_VALIDATED
823404,669387,Carmen Mlodzinski,84,1,0,37,1,149,Top,2026-04-04,2026-04-04T20:05:00Z,PIT,BAL,H,Carmen Mlodzinski,True,STARTER,84,21,14,2,2,5,3,5,0,P,,False,https://statsapi.mlb.com/api/v1.1/game/823404/feed/live,both,True,True,https://raw.githubusercontent.com/lancebroz/mlb-pitcher-data/main/data/raw/2026/daily/2026-04-04.parquet,QA_VALIDATED
823404,670329,Rico Garcia,10,6,51,52,201,210,Bot,2026-04-04,2026-04-04T20:05:00Z,BAL,PIT,A,Rico Garcia,False,RELIEF_OR_BULK,10,2,1,0,0,0,1,0,0,P,,False,https://statsapi.mlb.com/api/v1.1/game/823404/feed/live,both,True,True,https://raw.githubusercontent.com/lancebroz/mlb-pitcher-data/main/data/raw/2026/daily/2026-04-04.parquet,QA_VALIDATED
823404,676755,Isaac Mattson,17,8,62,65,259,275,Top,2026-04-04,2026-04-04T20:05:00Z,PIT,BAL,H,Isaac Mattson,False,RELIEF_OR_BULK,17,4,3,0,0,1,1,1,0,P,,False,https://statsapi.mlb.com/api/v1.1/game/823404/feed/live,both,True,True,https://raw.githubusercontent.com/lancebroz/mlb-pitcher-data/main/data/raw/2026/daily/2026-04-04.parquet,QA_VALIDATED
823404,682995,Hunter Barco,45,5,38,57,150,237,Top,2026-04-04,2026-04-04T20:05:00Z,PIT,BAL,H,Hunter Barco,False,RELIEF_OR_BULK,45,10,7,0,0,0,3,1,0,P,,False,https://statsapi.mlb.com/api/v1.1/game/823404/feed/live,both,True,True,https://raw.githubusercontent.com/lancebroz/mlb-pitcher-data/main/data/raw/2026/daily/2026-04-04.parquet,QA_VALIDATED
823404,689296,Anthony Nunez,27,8,66,71,276,302,Bot,2026-04-04,2026-04-04T20:05:00Z,BAL,PIT,A,Anthony Nunez,False,RELIEF_OR_BULK,27,6,3,1,0,1,1,0,0,P,,False,https://statsapi.mlb.com/api/v1.1/game/823404/feed/live,both,True,True,https://raw.githubusercontent.com/lancebroz/mlb-pitcher-data/main/data/raw/2026/daily/2026-04-04.parquet,QA_VALIDATED
823569,518585,Fernando Cruz,5,7,61,62,266,270,Top,2026-04-04,2026-04-04T23:05:00Z,NYY,MIA,H,Fernando Cruz,False,RELIEF_OR_BULK,5,2,2,0,0,0,0,1,0,P,,False,https://statsapi.mlb.com/api/v1.1/game/823569/feed/live,both,True,True,https://raw.githubusercontent.com/lancebroz/mlb-pitcher-data/main/data/raw/2026/daily/2026-04-04.parquet,QA_VALIDATED
823569,621112,Paul Blackburn,28,4,33,50,151,219,Top,2026-04-04,2026-04-04T23:05:00Z,NYY,MIA,H,Paul Blackburn,False,RELIEF_OR_BULK,28,8,5,1,0,3,0,2,0,P,,False,https://statsapi.mlb.com/api/v1.1/game/823569/feed/live,both,True,True,https://raw.githubusercontent.com/lancebroz/mlb-pitcher-data/main/data/raw/2026/daily/2026-04-04.parquet,QA_VALIDATED
823569,656848,Michael Petersen,30,8,74,80,317,346,Bot,2026-04-04,2026-04-04T23:05:00Z,MIA,NYY,A,Michael Petersen,False,RELIEF_OR_BULK,30,7,3,3,2,1,3,0,0,P,,False,https://statsapi.mlb.com/api/v1.1/game/823569/feed/live,both,True,True,https://raw.githubusercontent.com/lancebroz/mlb-pitcher-data/main/data/raw/2026/daily/2026-04-04.parquet,QA_VALIDATED
823569,657612,Tim Hill,14,6,51,60,220,265,Top,2026-04-04,2026-04-04T23:05:00Z,NYY,MIA,H,Tim Hill,False,RELIEF_OR_BULK,14,3,3,0,0,0,0,0,0,P,,False,https://statsapi.mlb.com/api/v1.1/game/823569/feed/live,both,True,True,https://raw.githubusercontent.com/lancebroz/mlb-pitcher-data/main/data/raw/2026/daily/2026-04-04.parquet,QA_VALIDATED
823569,666808,Camilo Doval,23,8,67,70,287,309,Top,2026-04-04,2026-04-04T23:05:00Z,NYY,MIA,H,Camilo Doval,False,RELIEF_OR_BULK,23,4,1,2,2,3,0,1,0,P,,False,https://statsapi.mlb.com/api/v1.1/game/823569/feed/live,both,True,True,https://raw.githubusercontent.com/lancebroz/mlb-pitcher-data/main/data/raw/2026/daily/2026-04-04.parquet,QA_VALIDATED
823569,667463,John King,10,6,58,59,250,259,Bot,2026-04-04,2026-04-04T23:05:00Z,MIA,NYY,A,John King,False,RELIEF_OR_BULK,10,2,2,0,0,0,0,1,0,P,,False,https://statsapi.mlb.com/api/v1.1/game/823569/feed/live,both,True,True,https://raw.githubusercontent.com/lancebroz/mlb-pitcher-data/main/data/raw/2026/daily/2026-04-04.parquet,QA_VALIDATED
823569,669622,Anthony Bender,15,6,54,57,235,249,Bot,2026-04-04,2026-04-04T23:05:00Z,MIA,NYY,A,Anthony Bender,False,RELIEF_OR_BULK,15,4,1,2,2,2,0,1,0,P,,False,https://statsapi.mlb.com/api/v1.1/game/823569/feed/live,both,True,True,https://raw.githubusercontent.com/lancebroz/mlb-pitcher-data/main/data/raw/2026/daily/2026-04-04.parquet,QA_VALIDATED
823569,670280,David Bednar,33,9,81,87,347,379,Top,2026-04-04,2026-04-04T23:05:00Z,NYY,MIA,H,David Bednar,False,RELIEF_OR_BULK,33,7,3,1,1,3,1,2,0,P,,False,https://statsapi.mlb.com/api/v1.1/game/823569/feed/live,both,True,True,https://raw.githubusercontent.com/lancebroz/mlb-pitcher-data/main/data/raw/2026/daily/2026-04-04.parquet,QA_VALIDATED
823569,676534,Calvin Faucher,16,7,63,66,271,286,Bot,2026-04-04,2026-04-04T23:05:00Z,MIA,NYY,A,Calvin Faucher,False,RELIEF_OR_BULK,16,4,3,1,0,0,1,2,0,P,,False,https://statsapi.mlb.com/api/v1.1/game/823569/feed/live,both,True,True,https://raw.githubusercontent.com/lancebroz/mlb-pitcher-data/main/data/raw/2026/daily/2026-04-04.parquet,QA_VALIDATED
823569,676974,Max Meyer,89,1,6,45,32,200,Bot,2026-04-04,2026-04-04T23:05:00Z,MIA,NYY,A,Max Meyer,True,STARTER,89,21,14,2,2,3,3,6,1,P,,False,https://statsapi.mlb.com/api/v1.1/game/823569/feed/live,both,True,True,https://raw.githubusercontent.com/lancebroz/mlb-pitcher-data/main/data/raw/2026/daily/2026-04-04.parquet,QA_VALIDATED
823569,677053,Andrew Nardi,21,5,46,53,201,234,Bot,2026-04-04,2026-04-04T23:05:00Z,MIA,NYY,A,Andrew Nardi,False,RELIEF_OR_BULK,21,4,1,1,1,0,3,1,0,P,,False,https://statsapi.mlb.com/api/v1.1/game/823569/feed/live,both,True,True,https://raw.githubusercontent.com/lancebroz/mlb-pitcher-data/main/data/raw/2026/daily/2026-04-04.parquet,QA_VALIDATED
823569,677960,Ryan Weathers,88,1,0,32,1,150,Top,2026-04-04,2026-04-04T23:05:00Z,NYY,MIA,H,Ryan Weathers,True,STARTER,88,19,11,3,3,6,3,4,0,P,,False,https://statsapi.mlb.com/api/v1.1/game/823569/feed/live,both,True,True,https://raw.githubusercontent.com/lancebroz/mlb-pitcher-data/main/data/raw/2026/daily/2026-04-04.parquet,QA_VALIDATED
823569,687396,Brent Headrick,7,8,71,73,310,316,Top,2026-04-04,2026-04-04T23:05:00Z,NYY,MIA,H,Brent Headrick,False,RELIEF_OR_BULK,7,3,2,0,0,0,1,0,0,P,,False,https://statsapi.mlb.com/api/v1.1/game/823569/feed/live,both,True,True,https://raw.githubusercontent.com/lancebroz/mlb-pitcher-data/main/data/raw/2026/daily/2026-04-04.parquet,QA_VALIDATED
823730,571927,Steven Matz,97,1,5,53,28,219,Bot,2026-04-04,2026-04-04T23:10:00Z,TB,MIN,A,Steven Matz,True,STARTER,97,22,18,1,1,2,2,8,0,P,,False,https://statsapi.mlb.com/api/v1.1/game/823730/feed/live,both,True,True,https://raw.githubusercontent.com/lancebroz/mlb-pitcher-data/main/data/raw/2026/daily/2026-04-04.parquet,QA_VALIDATED
823730,573124,Taylor Rogers,23,5,38,43,154,176,Top,2026-04-04,2026-04-04T23:10:00Z,MIN,TB,H,Taylor Rogers,False,RELIEF_OR_BULK,23,5,3,2,2,3,0,0,0,P,,False,https://statsapi.mlb.com/api/v1.1/game/823730/feed/live,both,True,True,https://raw.githubusercontent.com/lancebroz/mlb-pitcher-data/main/data/raw/2026/daily/2026-04-04.parquet,QA_VALIDATED
823730,607455,Anthony Banda,15,6,47,50,190,204,Top,2026-04-04,2026-04-04T23:10:00Z,MIN,TB,H,Anthony Banda,False,RELIEF_OR_BULK,15,4,3,0,0,0,0,1,0,P,,False,https://statsapi.mlb.com/api/v1.1/game/823730/feed/live,both,True,True,https://raw.githubusercontent.com/lancebroz/mlb-pitcher-data/main/data/raw/2026/daily/2026-04-04.parquet,QA_VALIDATED
823730,642121,Cole Sulser,35,7,57,71,234,288,Bot,2026-04-04,2026-04-04T23:10:00Z,TB,MIN,A,Cole Sulser,False,RELIEF_OR_BULK,35,9,6,0,0,1,2,3,0,P,,False,https://statsapi.mlb.com/api/v1.1/game/823730/feed/live,both,True,True,https://raw.githubusercontent.com/lancebroz/mlb-pitcher-data/main/data/raw/2026/daily/2026-04-04.parquet,QA_VALIDATED
823730,669438,Mason Englert,14,9,75,77,298,311,Bot,2026-04-04,2026-04-04T23:10:00Z,TB,MIN,A,Mason Englert,False,RELIEF_OR_BULK,14,3,3,0,0,0,0,1,0,P,,False,https://statsapi.mlb.com/api/v1.1/game/823730/feed/live,both,True,True,https://raw.githubusercontent.com/lancebroz/mlb-pitcher-data/main/data/raw/2026/daily/2026-04-04.parquet,QA_VALIDATED
823730,687849,Zak Kent,34,7,54,66,220,268,Top,2026-04-04,2026-04-04T23:10:00Z,MIN,TB,H,Zak Kent,False,RELIEF_OR_BULK,34,9,6,1,1,1,2,0,0,P,,False,https://statsapi.mlb.com/api/v1.1/game/823730/feed/live,both,True,True,https://raw.githubusercontent.com/lancebroz/mlb-pitcher-data/main/data/raw/2026/daily/2026-04-04.parquet,QA_VALIDATED
823730,689520,Cody Laweryson,9,9,72,74,289,297,Top,2026-04-04,2026-04-04T23:10:00Z,MIN,TB,H,Cody Laweryson,False,RELIEF_OR_BULK,9,3,3,0,0,0,0,1,0,P,,False,https://statsapi.mlb.com/api/v1.1/game/823730/feed/live,both,True,True,https://raw.githubusercontent.com/lancebroz/mlb-pitcher-data/main/data/raw/2026/daily/2026-04-04.parquet,QA_VALIDATED
823730,690953,Mick Abel,84,1,0,34,1,143,Top,2026-04-04,2026-04-04T23:10:00Z,MIN,TB,H,Mick Abel,True,STARTER,84,22,12,4,4,6,3,3,0,P,,False,https://statsapi.mlb.com/api/v1.1/game/823730/feed/live,both,True,True,https://raw.githubusercontent.com/lancebroz/mlb-pitcher-data/main/data/raw/2026/daily/2026-04-04.parquet,QA_VALIDATED
824054,519141,Drew Pomeranz,4,8,59,59,213,216,Top,2026-04-04,2026-04-05T01:38:00Z,LAA,SEA,H,Drew Pomeranz,False,RELIEF_OR_BULK,4,1,1,0,0,0,0,0,0,P,,False,https://statsapi.mlb.com/api/v1.1/game/824054/feed/live,both,True,True,https://raw.githubusercontent.com/lancebroz/mlb-pitcher-data/main/data/raw/2026/daily/2026-04-04.parquet,QA_VALIDATED
824054,605447,Jordan Romano,15,9,63,65,233,247,Top,2026-04-04,2026-04-05T01:38:00Z,LAA,SEA,H,Jordan Romano,False,RELIEF_OR_BULK,15,3,3,0,0,0,0,1,0,P,,False,https://statsapi.mlb.com/api/v1.1/game/824054/feed/live,both,True,True,https://raw.githubusercontent.com/lancebroz/mlb-pitcher-data/main/data/raw/2026/daily/2026-04-04.parquet,QA_VALIDATED
824054,660825,Eduard Bazardo,25,7,54,62,196,232,Bot,2026-04-04,2026-04-05T01:38:00Z,SEA,LAA,A,Eduard Bazardo,False,RELIEF_OR_BULK,25,5,4,0,0,1,0,2,0,P,,False,https://statsapi.mlb.com/api/v1.1/game/824054/feed/live,both,True,True,https://raw.githubusercontent.com/lancebroz/mlb-pitcher-data/main/data/raw/2026/daily/2026-04-04.parquet,QA_VALIDATED
824054,664192,Joey Lucchesi,11,6,42,47,148,165,Top,2026-04-04,2026-04-05T01:38:00Z,LAA,SEA,H,Joey Lucchesi,False,RELIEF_OR_BULK,11,3,1,0,0,0,1,0,0,P,,False,https://statsapi.mlb.com/api/v1.1/game/824054/feed/live,both,True,True,https://raw.githubusercontent.com/lancebroz/mlb-pitcher-data/main/data/raw/2026/daily/2026-04-04.parquet,QA_VALIDATED
824054,676106,Emerson Hancock,82,1,5,53,18,195,Bot,2026-04-04,2026-04-05T01:38:00Z,SEA,LAA,A,Emerson Hancock,True,STARTER,82,24,20,1,1,6,0,5,1,P,,False,https://statsapi.mlb.com/api/v1.1/game/824054/feed/live,both,True,True,https://raw.githubusercontent.com/lancebroz/mlb-pitcher-data/main/data/raw/2026/daily/2026-04-04.parquet,QA_VALIDATED
824054,681217,Chase Silseth,16,7,48,50,166,181,Top,2026-04-04,2026-04-05T01:38:00Z,LAA,SEA,H,Chase Silseth,False,RELIEF_OR_BULK,16,3,3,0,0,0,0,2,0,P,,False,https://statsapi.mlb.com/api/v1.1/game/824054/feed/live,both,True,True,https://raw.githubusercontent.com/lancebroz/mlb-pitcher-data/main/data/raw/2026/daily/2026-04-04.parquet,QA_VALIDATED
824054,686799,Jack Kochanowicz,86,1,0,41,1,147,Top,2026-04-04,2026-04-05T01:38:00Z,LAA,SEA,H,Jack Kochanowicz,True,STARTER,86,23,17,0,0,4,2,7,0,P,,False,https://statsapi.mlb.com/api/v1.1/game/824054/feed/live,both,True,True,https://raw.githubusercontent.com/lancebroz/mlb-pitcher-data/main/data/raw/2026/daily/2026-04-04.parquet,QA_VALIDATED
824054,696147,Sam Bachman,8,8,56,58,205,212,Top,2026-04-04,2026-04-05T01:38:00Z,LAA,SEA,H,Sam Bachman,False,RELIEF_OR_BULK,8,3,2,0,0,1,0,0,0,P,,False,https://statsapi.mlb.com/api/v1.1/game/824054/feed/live,both,True,True,https://raw.githubusercontent.com/lancebroz/mlb-pitcher-data/main/data/raw/2026/daily/2026-04-04.parquet,QA_VALIDATED
824132,656638,Alex Lange,38,6,48,60,187,248,Top,2026-04-04,2026-04-04T18:10:00Z,KC,MIL,H,Alex Lange,False,RELIEF_OR_BULK,38,8,6,0,0,1,1,4,0,P,,False,https://statsapi.mlb.com/api/v1.1/game/824132/feed/live,both,True,True,https://raw.githubusercontent.com/lancebroz/mlb-pitcher-data/main/data/raw/2026/daily/2026-04-04.parquet,QA_VALIDATED
824132,656730,Trevor Megill,22,9,77,81,317,338,Bot,2026-04-04,2026-04-04T18:10:00Z,MIL,KC,A,Trevor Megill,False,RELIEF_OR_BULK,22,5,3,0,0,0,2,2,0,P,,False,https://statsapi.mlb.com/api/v1.1/game/824132/feed/live,both,True,True,https://raw.githubusercontent.com/lancebroz/mlb-pitcher-data/main/data/raw/2026/daily/2026-04-04.parquet,QA_VALIDATED
824132,663738,Daniel Lynch IV,27,4,33,44,129,172,Top,2026-04-04,2026-04-04T18:10:00Z,KC,MIL,H,Daniel Lynch IV,False,RELIEF_OR_BULK,27,7,6,0,0,1,0,3,0,P,,False,https://statsapi.mlb.com/api/v1.1/game/824132/feed/live,both,True,True,https://raw.githubusercontent.com/lancebroz/mlb-pitcher-data/main/data/raw/2026/daily/2026-04-04.parquet,QA_VALIDATED
824132,670167,John Schreiber,19,8,67,70,268,286,Top,2026-04-04,2026-04-04T18:10:00Z,KC,MIL,H,John Schreiber,False,RELIEF_OR_BULK,19,4,3,0,0,0,2,0,0,P,,False,https://statsapi.mlb.com/api/v1.1/game/824132/feed/live,both,True,True,https://raw.githubusercontent.com/lancebroz/mlb-pitcher-data/main/data/raw/2026/daily/2026-04-04.parquet,QA_VALIDATED
824132,674444,Steven Cruz,18,9,74,76,299,316,Top,2026-04-04,2026-04-04T18:10:00Z,KC,MIL,H,Steven Cruz,False,RELIEF_OR_BULK,18,3,3,0,0,0,0,1,0,P,,False,https://statsapi.mlb.com/api/v1.1/game/824132/feed/live,both,True,True,https://raw.githubusercontent.com/lancebroz/mlb-pitcher-data/main/data/raw/2026/daily/2026-04-04.parquet,QA_VALIDATED
824132,676879,Aaron Ashby,41,6,53,65,211,265,Bot,2026-04-04,2026-04-04T18:10:00Z,MIL,KC,A,Aaron Ashby,False,RELIEF_OR_BULK,41,10,5,2,2,4,1,3,0,P,,False,https://statsapi.mlb.com/api/v1.1/game/824132/feed/live,both,True,True,https://raw.githubusercontent.com/lancebroz/mlb-pitcher-data/main/data/raw/2026/daily/2026-04-04.parquet,QA_VALIDATED
824132,679883,Luinder Avila,73,1,0,32,1,128,Top,2026-04-04,2026-04-04T18:10:00Z,KC,MIL,H,Luinder Avila,True,STARTER,73,18,9,5,5,8,3,4,1,P,,False,https://statsapi.mlb.com/api/v1.1/game/824132/feed/live,both,True,True,https://raw.githubusercontent.com/lancebroz/mlb-pitcher-data/main/data/raw/2026/daily/2026-04-04.parquet,QA_VALIDATED
824132,682842,Abner Uribe,14,7,66,73,266,298,Bot,2026-04-04,2026-04-04T18:10:00Z,MIL,KC,A,Abner Uribe,False,RELIEF_OR_BULK,14,4,4,0,0,0,0,1,0,P,,False,https://statsapi.mlb.com/api/v1.1/game/824132/feed/live,both,True,True,https://raw.githubusercontent.com/lancebroz/mlb-pitcher-data/main/data/raw/2026/daily/2026-04-04.parquet,QA_VALIDATED
824132,694477,Chad Patrick,86,1,6,47,28,186,Bot,2026-04-04,2026-04-04T18:10:00Z,MIL,KC,A,Chad Patrick,True,STARTER,86,20,15,0,0,4,3,3,0,P,,False,https://statsapi.mlb.com/api/v1.1/game/824132/feed/live,both,True,True,https://raw.githubusercontent.com/lancebroz/mlb-pitcher-data/main/data/raw/2026/daily/2026-04-04.parquet,QA_VALIDATED
824134,607625,Seth Lugo,103,1,0,36,1,168,Top,2026-04-04,2026-04-04T23:10:00Z,KC,MIL,H,Seth Lugo,True,STARTER,103,21,15,2,2,4,2,7,0,P,,False,https://statsapi.mlb.com/api/v1.1/game/824134/feed/live,both,True,True,https://raw.githubusercontent.com/lancebroz/mlb-pitcher-data/main/data/raw/2026/daily/2026-04-04.parquet,QA_VALIDATED
824134,657649,Jared Koenig,17,6,50,55,223,239,Bot,2026-04-04,2026-04-04T23:10:00Z,MIL,KC,A,Jared Koenig,False,RELIEF_OR_BULK,17,6,1,2,0,2,2,0,0,P,,False,https://statsapi.mlb.com/api/v1.1/game/824134/feed/live,both,True,True,https://raw.githubusercontent.com/lancebroz/mlb-pitcher-data/main/data/raw/2026/daily/2026-04-04.parquet,QA_VALIDATED
824134,669084,DL Hall,38,7,61,71,260,309,Bot,2026-04-04,2026-04-04T23:10:00Z,MIL,KC,A,DL Hall,False,RELIEF_OR_BULK,38,7,6,0,0,1,1,2,0,P,,False,https://statsapi.mlb.com/api/v1.1/game/824134/feed/live,both,True,True,https://raw.githubusercontent.com/lancebroz/mlb-pitcher-data/main/data/raw/2026/daily/2026-04-04.parquet,QA_VALIDATED
824134,669212,Eli Morgan,42,7,56,74,240,319,Top,2026-04-04,2026-04-04T23:10:00Z,KC,MIL,H,Eli Morgan,False,RELIEF_OR_BULK,42,12,9,0,0,1,1,5,0,P,,False,https://statsapi.mlb.com/api/v1.1/game/824134/feed/live,both,True,True,https://raw.githubusercontent.com/lancebroz/mlb-pitcher-data/main/data/raw/2026/daily/2026-04-04.parquet,QA_VALIDATED
824134,683232,Nick Mears,14,6,41,43,183,196,Top,2026-04-04,2026-04-04T23:10:00Z,KC,MIL,H,Nick Mears,False,RELIEF_OR_BULK,14,3,3,0,0,0,0,0,0,P,,False,https://statsapi.mlb.com/api/v1.1/game/824134/feed/live,both,True,True,https://raw.githubusercontent.com/lancebroz/mlb-pitcher-data/main/data/raw/2026/daily/2026-04-04.parquet,QA_VALIDATED
824134,687075,Brandon Sproat,70,3,21,49,99,222,Bot,2026-04-04,2026-04-04T23:10:00Z,MIL,KC,A,Brandon Sproat,False,RELIEF_OR_BULK,70,17,11,4,4,4,3,4,1,P,,False,https://statsapi.mlb.com/api/v1.1/game/824134/feed/live,both,True,True,https://raw.githubusercontent.com/lancebroz/mlb-pitcher-data/main/data/raw/2026/daily/2026-04-04.parquet,QA_VALIDATED
824134,701656,Logan Henderson,35,1,3,14,17,62,Bot,2026-04-04,2026-04-04T23:10:00Z,MIL,KC,A,Logan Henderson,True,STARTER,35,9,6,2,2,3,1,3,0,P,,False,https://statsapi.mlb.com/api/v1.1/game/824134/feed/live,both,True,True,https://raw.githubusercontent.com/lancebroz/mlb-pitcher-data/main/data/raw/2026/daily/2026-04-04.parquet,QA_VALIDATED
824295,445276,Kenley Jansen,8,9,79,80,324,331,Top,2026-04-04,2026-04-04T17:10:00Z,DET,STL,H,Kenley Jansen,False,RELIEF_OR_BULK,8,2,1,0,0,0,1,1,0,P,,False,https://statsapi.mlb.com/api/v1.1/game/824295/feed/live,both,True,True,https://raw.githubusercontent.com/lancebroz/mlb-pitcher-data/main/data/raw/2026/daily/2026-04-04.parquet,QA_VALIDATED
824295,623454,Drew Anderson,17,5,43,47,175,191,Top,2026-04-04,2026-04-04T17:10:00Z,DET,STL,H,Drew Anderson,False,RELIEF_OR_BULK,17,5,3,1,1,1,0,1,1,P,,False,https://statsapi.mlb.com/api/v1.1/game/824295/feed/live,both,True,True,https://raw.githubusercontent.com/lancebroz/mlb-pitcher-data/main/data/raw/2026/daily/2026-04-04.parquet,QA_VALIDATED
824295,656427,Jack Flaherty,86,1,0,42,1,174,Top,2026-04-04,2026-04-04T17:10:00Z,DET,STL,H,Jack Flaherty,True,STARTER,86,22,12,5,5,3,4,6,0,P,,False,https://statsapi.mlb.com/api/v1.1/game/824295/feed/live,both,True,True,https://raw.githubusercontent.com/lancebroz/mlb-pitcher-data/main/data/raw/2026/daily/2026-04-04.parquet,QA_VALIDATED
824295,663947,Tyler Holton,19,8,68,71,272,290,Top,2026-04-04,2026-04-04T17:10:00Z,DET,STL,H,Tyler Holton,False,RELIEF_OR_BULK,19,4,3,0,0,1,0,0,0,P,,False,https://statsapi.mlb.com/api/v1.1/game/824295/feed/live,both,True,True,https://raw.githubusercontent.com/lancebroz/mlb-pitcher-data/main/data/raw/2026/daily/2026-04-04.parquet,QA_VALIDATED
824295,669160,Dustin May,79,1,5,36,26,151,Bot,2026-04-04,2026-04-04T17:10:00Z,STL,DET,A,Dustin May,True,STARTER,79,18,10,7,7,7,2,4,2,P,,False,https://statsapi.mlb.com/api/v1.1/game/824295/feed/live,both,True,True,https://raw.githubusercontent.com/lancebroz/mlb-pitcher-data/main/data/raw/2026/daily/2026-04-04.parquet,QA_VALIDATED
824295,676428,Brant Hurter,13,6,54,56,221,233,Top,2026-04-04,2026-04-04T17:10:00Z,DET,STL,H,Brant Hurter,False,RELIEF_OR_BULK,13,3,3,0,0,0,1,0,0,P,,False,https://statsapi.mlb.com/api/v1.1/game/824295/feed/live,both,True,True,https://raw.githubusercontent.com/lancebroz/mlb-pitcher-data/main/data/raw/2026/daily/2026-04-04.parquet,QA_VALIDATED
824295,676684,Will Vest,19,7,60,63,241,259,Top,2026-04-04,2026-04-04T17:10:00Z,DET,STL,H,Will Vest,False,RELIEF_OR_BULK,19,4,3,0,0,1,0,1,0,P,,False,https://statsapi.mlb.com/api/v1.1/game/824295/feed/live,both,True,True,https://raw.githubusercontent.com/lancebroz/mlb-pitcher-data/main/data/raw/2026/daily/2026-04-04.parquet,QA_VALIDATED
824295,677865,Justin Bruihl,27,4,37,50,152,209,Bot,2026-04-04,2026-04-04T17:10:00Z,STL,DET,A,Justin Bruihl,False,RELIEF_OR_BULK,27,5,4,1,1,0,1,1,0,P,,False,https://statsapi.mlb.com/api/v1.1/game/824295/feed/live,both,True,True,https://raw.githubusercontent.com/lancebroz/mlb-pitcher-data/main/data/raw/2026/daily/2026-04-04.parquet,QA_VALIDATED
824295,688297,Chris Roycroft,33,8,72,78,291,323,Bot,2026-04-04,2026-04-04T17:10:00Z,STL,DET,A,Chris Roycroft,False,RELIEF_OR_BULK,33,7,3,2,2,2,2,2,1,P,,False,https://statsapi.mlb.com/api/v1.1/game/824295/feed/live,both,True,True,https://raw.githubusercontent.com/lancebroz/mlb-pitcher-data/main/data/raw/2026/daily/2026-04-04.parquet,QA_VALIDATED
824295,694335,Matt Svanson,30,5,51,67,210,271,Bot,2026-04-04,2026-04-04T17:10:00Z,STL,DET,A,Matt Svanson,False,RELIEF_OR_BULK,30,10,7,1,1,3,1,1,1,P,,False,https://statsapi.mlb.com/api/v1.1/game/824295/feed/live,both,True,True,https://raw.githubusercontent.com/lancebroz/mlb-pitcher-data/main/data/raw/2026/daily/2026-04-04.parquet,QA_VALIDATED
824378,621237,José Alvarado,12,7,55,56,221,232,Bot,2026-04-04,2026-04-05T00:10:00Z,PHI,COL,A,José Alvarado,False,RELIEF_OR_BULK,12,2,1,0,0,0,1,1,0,P,,False,https://statsapi.mlb.com/api/v1.1/game/824378/feed/live,both,True,True,https://raw.githubusercontent.com/lancebroz/mlb-pitcher-data/main/data/raw/2026/daily/2026-04-04.parquet,QA_VALIDATED
824378,623474,Jimmy Herget,15,1,5,12,22,49,Top,2026-04-04,2026-04-05T00:10:00Z,COL,PHI,H,Jimmy Herget,False,RELIEF_OR_BULK,15,4,4,0,0,0,0,2,0,P,,False,https://statsapi.mlb.com/api/v1.1/game/824378/feed/live,both,True,True,https://raw.githubusercontent.com/lancebroz/mlb-pitcher-data/main/data/raw/2026/daily/2026-04-04.parquet,QA_VALIDATED
824378,641745,Brad Keller,13,8,61,64,247,259,Bot,2026-04-04,2026-04-05T00:10:00Z,PHI,COL,A,Brad Keller,False,RELIEF_OR_BULK,13,4,3,0,0,1,0,0,0,P,,False,https://statsapi.mlb.com/api/v1.1/game/824378/feed/live,both,True,True,https://raw.githubusercontent.com/lancebroz/mlb-pitcher-data/main/data/raw/2026/daily/2026-04-04.parquet,QA_VALIDATED
824378,657514,Brennan Bernardino,21,1,0,4,1,21,Top,2026-04-04,2026-04-05T00:10:00Z,COL,PHI,H,Brennan Bernardino,True,STARTER,21,5,2,1,1,1,2,0,0,P,,False,https://statsapi.mlb.com/api/v1.1/game/824378/feed/live,both,True,True,https://raw.githubusercontent.com/lancebroz/mlb-pitcher-data/main/data/raw/2026/daily/2026-04-04.parquet,QA_VALIDATED
824378,661395,Jhoan Duran,8,9,69,71,272,279,Bot,2026-04-04,2026-04-05T00:10:00Z,PHI,COL,A,Jhoan Duran,False,RELIEF_OR_BULK,8,3,3,0,0,0,0,1,0,P,,False,https://statsapi.mlb.com/api/v1.1/game/824378/feed/live,both,True,True,https://raw.githubusercontent.com/lancebroz/mlb-pitcher-data/main/data/raw/2026/daily/2026-04-04.parquet,QA_VALIDATED
824378,666200,Jesús Luzardo,99,1,6,54,28,220,Bot,2026-04-04,2026-04-05T00:10:00Z,PHI,COL,A,Jesús Luzardo,True,STARTER,99,24,20,1,1,5,0,11,0,P,,False,https://statsapi.mlb.com/api/v1.1/game/824378/feed/live,both,True,True,https://raw.githubusercontent.com/lancebroz/mlb-pitcher-data/main/data/raw/2026/daily/2026-04-04.parquet,QA_VALIDATED
824378,675848,Juan Mejia,14,8,57,60,233,246,Top,2026-04-04,2026-04-05T00:10:00Z,COL,PHI,H,Juan Mejia,False,RELIEF_OR_BULK,14,4,3,0,0,1,0,1,0,P,,False,https://statsapi.mlb.com/api/v1.1/game/824378/feed/live,both,True,True,https://raw.githubusercontent.com/lancebroz/mlb-pitcher-data/main/data/raw/2026/daily/2026-04-04.parquet,QA_VALIDATED
824378,677955,Jaden Hill,14,7,49,51,200,213,Top,2026-04-04,2026-04-05T00:10:00Z,COL,PHI,H,Jaden Hill,False,RELIEF_OR_BULK,14,3,2,0,0,0,1,1,0,P,,False,https://statsapi.mlb.com/api/v1.1/game/824378/feed/live,both,True,True,https://raw.githubusercontent.com/lancebroz/mlb-pitcher-data/main/data/raw/2026/daily/2026-04-04.parquet,QA_VALIDATED
824378,680767,Victor Vodnik,12,9,65,68,260,271,Top,2026-04-04,2026-04-05T00:10:00Z,COL,PHI,H,Victor Vodnik,False,RELIEF_OR_BULK,12,4,3,0,0,1,0,0,0,P,202,True,https://statsapi.mlb.com/api/v1.1/game/824378/feed/live,both,True,True,https://raw.githubusercontent.com/lancebroz/mlb-pitcher-data/main/data/raw/2026/daily/2026-04-04.parquet,QA_VALIDATED
824378,801403,Chase Dollander,71,3,16,48,67,199,Top,2026-04-04,2026-04-05T00:10:00Z,COL,PHI,H,Chase Dollander,False,RELIEF_OR_BULK,71,18,13,1,1,4,1,6,0,P,,False,https://statsapi.mlb.com/api/v1.1/game/824378/feed/live,both,True,True,https://raw.githubusercontent.com/lancebroz/mlb-pitcher-data/main/data/raw/2026/daily/2026-04-04.parquet,QA_VALIDATED
824460,542888,Shawn Armstrong,29,7,54,62,244,281,Top,2026-04-04,2026-04-05T17:15:00Z,CLE,CHC,H,Shawn Armstrong,False,RELIEF_OR_BULK,29,6,4,1,1,1,1,2,1,P,,False,https://statsapi.mlb.com/api/v1.1/game/824460/feed/live,both,True,True,https://raw.githubusercontent.com/lancebroz/mlb-pitcher-data/main/data/raw/2026/daily/2026-04-04.parquet,QA_VALIDATED
824460,657097,Jacob Webb,20,8,63,67,282,301,Bot,2026-04-04,2026-04-05T17:15:00Z,CHC,CLE,A,Jacob Webb,False,RELIEF_OR_BULK,20,5,1,3,3,3,1,0,1,P,,False,https://statsapi.mlb.com/api/v1.1/game/824460/feed/live,both,True,True,https://raw.githubusercontent.com/lancebroz/mlb-pitcher-data/main/data/raw/2026/daily/2026-04-04.parquet,QA_VALIDATED
824460,670036,Matt Festa,13,6,38,42,178,190,Top,2026-04-04,2026-04-05T17:15:00Z,CLE,CHC,H,Matt Festa,False,RELIEF_OR_BULK,13,5,3,2,2,2,0,1,1,P,,False,https://statsapi.mlb.com/api/v1.1/game/824460/feed/live,both,True,True,https://raw.githubusercontent.com/lancebroz/mlb-pitcher-data/main/data/raw/2026/daily/2026-04-04.parquet,QA_VALIDATED
824460,671922,Cade Smith,33,9,71,76,315,347,Top,2026-04-04,2026-04-05T17:15:00Z,CLE,CHC,H,Cade Smith,False,RELIEF_OR_BULK,33,6,3,1,1,1,2,2,0,P,,False,https://statsapi.mlb.com/api/v1.1/game/824460/feed/live,both,True,True,https://raw.githubusercontent.com/lancebroz/mlb-pitcher-data/main/data/raw/2026/daily/2026-04-04.parquet,QA_VALIDATED
824460,676962,Ben Brown,42,6,44,57,197,254,Bot,2026-04-04,2026-04-05T17:15:00Z,CHC,CLE,A,Ben Brown,False,RELIEF_OR_BULK,42,10,6,2,2,2,2,0,0,P,,False,https://statsapi.mlb.com/api/v1.1/game/824460/feed/live,both,True,True,https://raw.githubusercontent.com/lancebroz/mlb-pitcher-data/main/data/raw/2026/daily/2026-04-04.parquet,QA_VALIDATED
824460,681799,Ethan Roberts,13,8,68,70,302,314,Bot,2026-04-04,2026-04-05T17:15:00Z,CHC,CLE,A,Ethan Roberts,False,RELIEF_OR_BULK,13,3,2,0,0,1,0,0,0,P,,False,https://statsapi.mlb.com/api/v1.1/game/824460/feed/live,both,True,True,https://raw.githubusercontent.com/lancebroz/mlb-pitcher-data/main/data/raw/2026/daily/2026-04-04.parquet,QA_VALIDATED
824460,681870,Erik Sabrowski,14,7,51,53,230,243,Top,2026-04-04,2026-04-05T17:15:00Z,CLE,CHC,H,Erik Sabrowski,False,RELIEF_OR_BULK,14,3,2,0,0,1,0,1,0,P,,False,https://statsapi.mlb.com/api/v1.1/game/824460/feed/live,both,True,True,https://raw.githubusercontent.com/lancebroz/mlb-pitcher-data/main/data/raw/2026/daily/2026-04-04.parquet,QA_VALIDATED
824460,684007,Shota Imanaga,92,1,3,43,10,196,Bot,2026-04-04,2026-04-05T17:15:00Z,CHC,CLE,A,Shota Imanaga,True,STARTER,92,19,15,1,1,3,1,4,0,P,,False,https://statsapi.mlb.com/api/v1.1/game/824460/feed/live,both,True,True,https://raw.githubusercontent.com/lancebroz/mlb-pitcher-data/main/data/raw/2026/daily/2026-04-04.parquet,QA_VALIDATED
824460,800048,Parker Messick,91,1,0,33,1,166,Top,2026-04-04,2026-04-05T17:15:00Z,CLE,CHC,H,Parker Messick,True,STARTER,91,20,15,1,1,2,3,6,1,P,,False,https://statsapi.mlb.com/api/v1.1/game/824460/feed/live,both,True,True,https://raw.githubusercontent.com/lancebroz/mlb-pitcher-data/main/data/raw/2026/daily/2026-04-04.parquet,QA_VALIDATED
824622,622554,Seranthony Domínguez,24,9,67,71,275,298,Top,2026-04-04,2026-04-04T18:10:00Z,CWS,TOR,H,Seranthony Domínguez,False,RELIEF_OR_BULK,24,5,3,0,0,1,1,1,0,P,,False,https://statsapi.mlb.com/api/v1.1/game/824622/feed/live,both,True,True,https://raw.githubusercontent.com/lancebroz/mlb-pitcher-data/main/data/raw/2026/daily/2026-04-04.parquet,QA_VALIDATED
824622,641743,Anthony Kay,76,2,9,41,30,171,Top,2026-04-04,2026-04-04T18:10:00Z,CWS,TOR,H,Anthony Kay,False,RELIEF_OR_BULK,76,19,13,2,2,3,2,0,1,P,,False,https://statsapi.mlb.com/api/v1.1/game/824622/feed/live,both,True,True,https://raw.githubusercontent.com/lancebroz/mlb-pitcher-data/main/data/raw/2026/daily/2026-04-04.parquet,QA_VALIDATED
824622,656794,Sean Newcomb,16,8,60,61,234,249,Top,2026-04-04,2026-04-04T18:10:00Z,CWS,TOR,H,Sean Newcomb,False,RELIEF_OR_BULK,16,2,1,0,0,0,1,0,0,P,,False,https://statsapi.mlb.com/api/v1.1/game/824622/feed/live,both,True,True,https://raw.githubusercontent.com/lancebroz/mlb-pitcher-data/main/data/raw/2026/daily/2026-04-04.parquet,QA_VALIDATED
824622,663855,Jordan Hicks,19,7,53,59,204,233,Top,2026-04-04,2026-04-04T18:10:00Z,CWS,TOR,H,Jordan Hicks,False,RELIEF_OR_BULK,19,4,4,0,0,0,1,0,0,P,,False,https://statsapi.mlb.com/api/v1.1/game/824622/feed/live,both,True,True,https://raw.githubusercontent.com/lancebroz/mlb-pitcher-data/main/data/raw/2026/daily/2026-04-04.parquet,QA_VALIDATED
824622,663893,Brendon Little,13,6,44,47,178,190,Bot,2026-04-04,2026-04-04T18:10:00Z,TOR,CWS,A,Brendon Little,False,RELIEF_OR_BULK,13,4,1,3,3,3,0,1,2,P,,False,https://statsapi.mlb.com/api/v1.1/game/824622/feed/live,both,True,True,https://raw.githubusercontent.com/lancebroz/mlb-pitcher-data/main/data/raw/2026/daily/2026-04-04.parquet,QA_VALIDATED
824622,667297,Tommy Nance,20,6,48,57,191,223,Bot,2026-04-04,2026-04-04T18:10:00Z,TOR,CWS,A,Tommy Nance,False,RELIEF_OR_BULK,20,5,5,0,0,0,0,1,0,P,,False,https://statsapi.mlb.com/api/v1.1/game/824622/feed/live,both,True,True,https://raw.githubusercontent.com/lancebroz/mlb-pitcher-data/main/data/raw/2026/daily/2026-04-04.parquet,QA_VALIDATED
824622,669684,Chris Murphy,10,6,42,52,172,203,Top,2026-04-04,2026-04-04T18:10:00Z,CWS,TOR,H,Chris Murphy,False,RELIEF_OR_BULK,10,5,3,1,1,2,0,0,0,P,,False,https://statsapi.mlb.com/api/v1.1/game/824622/feed/live,both,True,True,https://raw.githubusercontent.com/lancebroz/mlb-pitcher-data/main/data/raw/2026/daily/2026-04-04.parquet,QA_VALIDATED
824622,680755,Braydon Fisher,25,8,62,66,250,274,Bot,2026-04-04,2026-04-04T18:10:00Z,TOR,CWS,A,Braydon Fisher,False,RELIEF_OR_BULK,25,5,3,2,0,2,1,1,0,P,,False,https://statsapi.mlb.com/api/v1.1/game/824622/feed/live,both,True,True,https://raw.githubusercontent.com/lancebroz/mlb-pitcher-data/main/data/raw/2026/daily/2026-04-04.parquet,QA_VALIDATED
824622,681751,Lazaro Estrada,66,2,13,38,53,159,Bot,2026-04-04,2026-04-04T18:10:00Z,TOR,CWS,A,Lazaro Estrada,False,RELIEF_OR_BULK,66,14,12,0,0,0,2,3,0,P,,False,https://statsapi.mlb.com/api/v1.1/game/824622/feed/live,both,True,True,https://raw.githubusercontent.com/lancebroz/mlb-pitcher-data/main/data/raw/2026/daily/2026-04-04.parquet,QA_VALIDATED
824622,689254,Mason Fluharty,20,1,3,8,10,29,Bot,2026-04-04,2026-04-04T18:10:00Z,TOR,CWS,A,Mason Fluharty,True,STARTER,20,6,3,1,1,2,1,0,0,P,,False,https://statsapi.mlb.com/api/v1.1/game/824622/feed/live,both,True,True,https://raw.githubusercontent.com/lancebroz/mlb-pitcher-data/main/data/raw/2026/daily/2026-04-04.parquet,QA_VALIDATED
824622,691799,Grant Taylor,9,1,0,2,1,9,Top,2026-04-04,2026-04-04T18:10:00Z,CWS,TOR,H,Grant Taylor,True,STARTER,9,3,3,0,0,0,0,1,0,P,,False,https://statsapi.mlb.com/api/v1.1/game/824622/feed/live,both,True,True,https://raw.githubusercontent.com/lancebroz/mlb-pitcher-data/main/data/raw/2026/daily/2026-04-04.parquet,QA_VALIDATED
824782,543056,Danny Coulombe,8,6,45,46,191,198,Top,2026-04-04,2026-04-04T20:10:00Z,BOS,SD,H,Danny Coulombe,False,RELIEF_OR_BULK,8,2,2,0,0,0,0,1,0,P,,False,https://statsapi.mlb.com/api/v1.1/game/824782/feed/live,both,True,True,https://raw.githubusercontent.com/lancebroz/mlb-pitcher-data/main/data/raw/2026/daily/2026-04-04.parquet,QA_VALIDATED
824782,547973,Aroldis Chapman,17,9,65,69,273,289,Top,2026-04-04,2026-04-04T20:10:00Z,BOS,SD,H,Aroldis Chapman,False,RELIEF_OR_BULK,17,5,3,1,1,2,0,1,0,P,302,True,https://statsapi.mlb.com/api/v1.1/game/824782/feed/live,both,True,True,https://raw.githubusercontent.com/lancebroz/mlb-pitcher-data/main/data/raw/2026/daily/2026-04-04.parquet,QA_VALIDATED
824782,669093,Jeremiah Estrada,10,7,54,56,225,234,Bot,2026-04-04,2026-04-04T20:10:00Z,SD,BOS,A,Jeremiah Estrada,False,RELIEF_OR_BULK,10,3,3,0,0,0,0,0,0,P,,False,https://statsapi.mlb.com/api/v1.1/game/824782/feed/live,both,True,True,https://raw.githubusercontent.com/lancebroz/mlb-pitcher-data/main/data/raw/2026/daily/2026-04-04.parquet,QA_VALIDATED
824782,670245,Ryan Watson,26,5,35,44,146,190,Top,2026-04-04,2026-04-04T20:10:00Z,BOS,SD,H,Ryan Watson,False,RELIEF_OR_BULK,26,6,4,0,0,1,1,1,0,P,,False,https://statsapi.mlb.com/api/v1.1/game/824782/feed/live,both,True,True,https://raw.githubusercontent.com/lancebroz/mlb-pitcher-data/main/data/raw/2026/daily/2026-04-04.parquet,QA_VALIDATED
824782,670970,Adrian Morejon,29,8,60,64,244,272,Bot,2026-04-04,2026-04-04T20:10:00Z,SD,BOS,A,Adrian Morejon,False,RELIEF_OR_BULK,29,5,3,1,1,2,0,2,0,P,,False,https://statsapi.mlb.com/api/v1.1/game/824782/feed/live,both,True,True,https://raw.githubusercontent.com/lancebroz/mlb-pitcher-data/main/data/raw/2026/daily/2026-04-04.parquet,QA_VALIDATED
824782,677161,Zack Kelly,9,8,57,59,235,243,Top,2026-04-04,2026-04-04T20:10:00Z,BOS,SD,H,Zack Kelly,False,RELIEF_OR_BULK,9,3,3,0,0,0,0,1,0,P,,False,https://statsapi.mlb.com/api/v1.1/game/824782/feed/live,both,True,True,https://raw.githubusercontent.com/lancebroz/mlb-pitcher-data/main/data/raw/2026/daily/2026-04-04.parquet,QA_VALIDATED
824782,681190,Randy Vásquez,83,1,5,49,27,205,Bot,2026-04-04,2026-04-04T20:10:00Z,SD,BOS,A,Randy Vásquez,True,STARTER,83,23,18,1,1,6,1,3,0,P,,False,https://statsapi.mlb.com/api/v1.1/game/824782/feed/live,both,True,True,https://raw.githubusercontent.com/lancebroz/mlb-pitcher-data/main/data/raw/2026/daily/2026-04-04.parquet,QA_VALIDATED
824782,686580,Justin Slaten,19,7,50,53,206,224,Top,2026-04-04,2026-04-04T20:10:00Z,BOS,SD,H,Justin Slaten,False,RELIEF_OR_BULK,19,4,3,0,0,1,0,1,0,P,,False,https://statsapi.mlb.com/api/v1.1/game/824782/feed/live,both,True,True,https://raw.githubusercontent.com/lancebroz/mlb-pitcher-data/main/data/raw/2026/daily/2026-04-04.parquet,QA_VALIDATED
824782,695243,Mason Miller,11,9,70,72,290,300,Bot,2026-04-04,2026-04-04T20:10:00Z,SD,BOS,A,Mason Miller,False,RELIEF_OR_BULK,11,3,3,0,0,0,0,3,0,P,,False,https://statsapi.mlb.com/api/v1.1/game/824782/feed/live,both,True,True,https://raw.githubusercontent.com/lancebroz/mlb-pitcher-data/main/data/raw/2026/daily/2026-04-04.parquet,QA_VALIDATED
824782,813349,Connelly Early,88,1,0,29,1,127,Top,2026-04-04,2026-04-04T20:10:00Z,BOS,SD,H,Connelly Early,True,STARTER,88,19,12,2,2,3,4,4,0,P,,False,https://statsapi.mlb.com/api/v1.1/game/824782/feed/live,both,True,True,https://raw.githubusercontent.com/lancebroz/mlb-pitcher-data/main/data/raw/2026/daily/2026-04-04.parquet,QA_VALIDATED
825027,547184,Michael Kelly,17,9,81,85,311,327,Top,2026-04-04,2026-04-04T20:05:00Z,ATH,HOU,H,Michael Kelly,False,RELIEF_OR_BULK,17,5,3,0,0,1,1,0,0,P,,False,https://statsapi.mlb.com/api/v1.1/game/825027/feed/live,both,True,True,https://raw.githubusercontent.com/lancebroz/mlb-pitcher-data/main/data/raw/2026/daily/2026-04-04.parquet,QA_VALIDATED
825027,595345,Steven Okert,16,9,86,88,328,343,Bot,2026-04-04,2026-04-04T20:05:00Z,HOU,ATH,A,Steven Okert,False,RELIEF_OR_BULK,16,3,3,0,0,0,0,1,0,P,,False,https://statsapi.mlb.com/api/v1.1/game/825027/feed/live,both,True,True,https://raw.githubusercontent.com/lancebroz/mlb-pitcher-data/main/data/raw/2026/daily/2026-04-04.parquet,QA_VALIDATED
825027,663687,Hogan Harris,34,6,49,57,179,212,Top,2026-04-04,2026-04-04T20:05:00Z,ATH,HOU,H,Hogan Harris,False,RELIEF_OR_BULK,34,9,3,3,3,4,2,1,0,P,,False,https://statsapi.mlb.com/api/v1.1/game/825027/feed/live,both,True,True,https://raw.githubusercontent.com/lancebroz/mlb-pitcher-data/main/data/raw/2026/daily/2026-04-04.parquet,QA_VALIDATED
825027,665622,Luis Medina,43,7,63,76,241,295,Top,2026-04-04,2026-04-04T20:05:00Z,ATH,HOU,H,Luis Medina,False,RELIEF_OR_BULK,43,10,6,1,1,2,2,4,1,P,,False,https://statsapi.mlb.com/api/v1.1/game/825027/feed/live,both,True,True,https://raw.githubusercontent.com/lancebroz/mlb-pitcher-data/main/data/raw/2026/daily/2026-04-04.parquet,QA_VALIDATED
825027,665660,Elvis Alvarado,29,4,33,44,128,166,Top,2026-04-04,2026-04-04T20:05:00Z,ATH,HOU,H,Elvis Alvarado,False,RELIEF_OR_BULK,29,9,6,2,2,3,2,0,0,P,,False,https://statsapi.mlb.com/api/v1.1/game/825027/feed/live,both,True,True,https://raw.githubusercontent.com/lancebroz/mlb-pitcher-data/main/data/raw/2026/daily/2026-04-04.parquet,QA_VALIDATED
825027,678906,Kai-Wei Teng,33,6,62,80,235,310,Bot,2026-04-04,2026-04-04T20:05:00Z,HOU,ATH,A,Kai-Wei Teng,False,RELIEF_OR_BULK,33,9,7,0,0,2,0,3,0,P,,False,https://statsapi.mlb.com/api/v1.1/game/825027/feed/live,both,True,True,https://raw.githubusercontent.com/lancebroz/mlb-pitcher-data/main/data/raw/2026/daily/2026-04-04.parquet,QA_VALIDATED
825027,806960,Luis Morales,77,1,0,32,1,127,Top,2026-04-04,2026-04-04T20:05:00Z,ATH,HOU,H,Luis Morales,True,STARTER,77,22,9,5,5,8,6,0,1,P,,False,https://statsapi.mlb.com/api/v1.1/game/825027/feed/live,both,True,True,https://raw.githubusercontent.com/lancebroz/mlb-pitcher-data/main/data/raw/2026/daily/2026-04-04.parquet,QA_VALIDATED
825027,837227,Tatsuya Imai,94,1,7,61,21,234,Bot,2026-04-04,2026-04-04T20:05:00Z,HOU,ATH,A,Tatsuya Imai,True,STARTER,94,22,17,0,0,3,3,9,0,P,,False,https://statsapi.mlb.com/api/v1.1/game/825027/feed/live,both,True,True,https://raw.githubusercontent.com/lancebroz/mlb-pitcher-data/main/data/raw/2026/daily/2026-04-04.parquet,QA_VALIDATED
825104,623149,Paul Sewald,21,9,58,60,224,244,Top,2026-04-04,2026-04-04T23:15:00Z,AZ,ATL,H,Paul Sewald,False,RELIEF_OR_BULK,21,3,3,0,0,0,0,2,0,P,,False,https://statsapi.mlb.com/api/v1.1/game/825104/feed/live,both,True,True,https://raw.githubusercontent.com/lancebroz/mlb-pitcher-data/main/data/raw/2026/daily/2026-04-04.parquet,QA_VALIDATED
825104,641755,Tyler Kinley,7,8,55,57,217,223,Bot,2026-04-04,2026-04-04T23:15:00Z,ATL,AZ,A,Tyler Kinley,False,RELIEF_OR_BULK,7,3,3,0,0,0,0,1,0,P,,False,https://statsapi.mlb.com/api/v1.1/game/825104/feed/live,both,True,True,https://raw.githubusercontent.com/lancebroz/mlb-pitcher-data/main/data/raw/2026/daily/2026-04-04.parquet,QA_VALIDATED
825104,642528,Jonathan Loáisiga,10,7,46,48,183,192,Top,2026-04-04,2026-04-04T23:15:00Z,AZ,ATL,H,Jonathan Loáisiga,False,RELIEF_OR_BULK,10,3,3,0,0,0,0,0,0,P,,False,https://statsapi.mlb.com/api/v1.1/game/825104/feed/live,both,True,True,https://raw.githubusercontent.com/lancebroz/mlb-pitcher-data/main/data/raw/2026/daily/2026-04-04.parquet,QA_VALIDATED
825104,647336,Michael Soroka,91,1,0,36,1,144,Top,2026-04-04,2026-04-04T23:15:00Z,AZ,ATL,H,Michael Soroka,True,STARTER,91,22,15,1,1,4,3,3,0,P,,False,https://statsapi.mlb.com/api/v1.1/game/825104/feed/live,both,True,True,https://raw.githubusercontent.com/lancebroz/mlb-pitcher-data/main/data/raw/2026/daily/2026-04-04.parquet,QA_VALIDATED
825104,664199,Taylor Clarke,12,6,40,42,159,170,Top,2026-04-04,2026-04-04T23:15:00Z,AZ,ATL,H,Taylor Clarke,False,RELIEF_OR_BULK,12,3,3,0,0,0,0,1,0,P,,False,https://statsapi.mlb.com/api/v1.1/game/825104/feed/live,both,True,True,https://raw.githubusercontent.com/lancebroz/mlb-pitcher-data/main/data/raw/2026/daily/2026-04-04.parquet,QA_VALIDATED
825104,666661,Juan Morillo,14,8,52,54,203,216,Top,2026-04-04,2026-04-04T23:15:00Z,AZ,ATL,H,Juan Morillo,False,RELIEF_OR_BULK,14,3,3,0,0,0,0,1,0,P,,False,https://statsapi.mlb.com/api/v1.1/game/825104/feed/live,both,True,True,https://raw.githubusercontent.com/lancebroz/mlb-pitcher-data/main/data/raw/2026/daily/2026-04-04.parquet,QA_VALIDATED
825104,693821,Bryce Elder,89,1,4,51,18,202,Bot,2026-04-04,2026-04-04T23:15:00Z,ATL,AZ,A,Bryce Elder,True,STARTER,89,24,21,2,0,4,1,8,0,P,,False,https://statsapi.mlb.com/api/v1.1/game/825104/feed/live,both,True,True,https://raw.githubusercontent.com/lancebroz/mlb-pitcher-data/main/data/raw/2026/daily/2026-04-04.parquet,QA_VALIDATED
822756,621242,Edwin Díaz,13,9,78,80,321,333,Bot,2026-04-05,2026-04-05T17:35:00Z,LAD,WSH,A,Edwin Díaz,False,RELIEF_OR_BULK,13,3,3,0,0,0,0,1,0,P,,False,https://statsapi.mlb.com/api/v1.1/game/822756/feed/live,both,True,True,https://raw.githubusercontent.com/lancebroz/mlb-pitcher-data/main/data/raw/2026/daily/2026-04-05.parquet,QA_VALIDATED
822756,656492,Foster Griffin,95,1,0,41,1,174,Top,2026-04-05,2026-04-05T17:35:00Z,WSH,LAD,H,Foster Griffin,True,STARTER,95,22,15,1,1,5,3,6,1,P,,False,https://statsapi.mlb.com/api/v1.1/game/822756/feed/live,both,True,True,https://raw.githubusercontent.com/lancebroz/mlb-pitcher-data/main/data/raw/2026/daily/2026-04-05.parquet,QA_VALIDATED
822756,656945,Tanner Scott,15,8,70,73,282,296,Bot,2026-04-05,2026-04-05T17:35:00Z,LAD,WSH,A,Tanner Scott,False,RELIEF_OR_BULK,15,4,3,0,0,1,0,1,0,P,,False,https://statsapi.mlb.com/api/v1.1/game/822756/feed/live,both,True,True,https://raw.githubusercontent.com/lancebroz/mlb-pitcher-data/main/data/raw/2026/daily/2026-04-05.parquet,QA_VALIDATED
822756,672335,Cionel Pérez,20,8,62,66,253,272,Top,2026-04-05,2026-04-05T17:35:00Z,WSH,LAD,H,Cionel Pérez,False,RELIEF_OR_BULK,20,5,0,4,4,3,2,0,0,P,,False,https://statsapi.mlb.com/api/v1.1/game/822756/feed/live,both,True,True,https://raw.githubusercontent.com/lancebroz/mlb-pitcher-data/main/data/raw/2026/daily/2026-04-05.parquet,QA_VALIDATED
822756,676263,Jack Dreyer,16,7,58,61,237,252,Bot,2026-04-05,2026-04-05T17:35:00Z,LAD,WSH,A,Jack Dreyer,False,RELIEF_OR_BULK,16,4,3,0,0,0,1,1,0,P,,False,https://statsapi.mlb.com/api/v1.1/game/822756/feed/live,both,True,True,https://raw.githubusercontent.com/lancebroz/mlb-pitcher-data/main/data/raw/2026/daily/2026-04-05.parquet,QA_VALIDATED
822756,676571,PJ Poulin,34,6,45,57,186,236,Top,2026-04-05,2026-04-05T17:35:00Z,WSH,LAD,H,PJ Poulin,False,RELIEF_OR_BULK,34,8,6,2,2,2,0,2,1,P,,False,https://statsapi.mlb.com/api/v1.1/game/822756/feed/live,both,True,True,https://raw.githubusercontent.com/lancebroz/mlb-pitcher-data/main/data/raw/2026/daily/2026-04-05.parquet,QA_VALIDATED
822756,681911,Alex Vesia,17,6,50,54,212,228,Bot,2026-04-05,2026-04-05T17:35:00Z,LAD,WSH,A,Alex Vesia,False,RELIEF_OR_BULK,17,5,3,0,0,1,1,0,0,P,,False,https://statsapi.mlb.com/api/v1.1/game/822756/feed/live,both,True,True,https://raw.githubusercontent.com/lancebroz/mlb-pitcher-data/main/data/raw/2026/daily/2026-04-05.parquet,QA_VALIDATED
822756,690925,Clayton Beeter,25,8,67,76,273,312,Top,2026-04-05,2026-04-05T17:35:00Z,WSH,LAD,H,Clayton Beeter,False,RELIEF_OR_BULK,25,6,5,1,1,1,0,2,1,P,,False,https://statsapi.mlb.com/api/v1.1/game/822756/feed/live,both,True,True,https://raw.githubusercontent.com/lancebroz/mlb-pitcher-data/main/data/raw/2026/daily/2026-04-05.parquet,QA_VALIDATED
822756,701552,Andre Granillo,8,9,77,77,313,320,Top,2026-04-05,2026-04-05T17:35:00Z,WSH,LAD,H,Andre Granillo,False,RELIEF_OR_BULK,8,1,1,0,0,0,0,0,0,P,,False,https://statsapi.mlb.com/api/v1.1/game/822756/feed/live,both,True,True,https://raw.githubusercontent.com/lancebroz/mlb-pitcher-data/main/data/raw/2026/daily/2026-04-05.parquet,QA_VALIDATED
822756,808963,Roki Sasaki,90,1,3,44,17,185,Bot,2026-04-05,2026-04-05T17:35:00Z,LAD,WSH,A,Roki Sasaki,True,STARTER,90,23,15,6,6,5,3,5,2,P,,False,https://statsapi.mlb.com/api/v1.1/game/822756/feed/live,both,True,True,https://raw.githubusercontent.com/lancebroz/mlb-pitcher-data/main/data/raw/2026/daily/2026-04-05.parquet,QA_VALIDATED
822917,455119,Chris Martin,13,8,60,70,252,292,Top,2026-04-05,2026-04-05T18:35:00Z,TEX,CIN,H,Chris Martin,False,RELIEF_OR_BULK,13,6,4,0,0,3,0,1,0,P,,False,https://statsapi.mlb.com/api/v1.1/game/822917/feed/live,both,True,True,https://raw.githubusercontent.com/lancebroz/mlb-pitcher-data/main/data/raw/2026/daily/2026-04-05.parquet,QA_VALIDATED
822917,572955,Pierce Johnson,20,7,52,54,206,225,Bot,2026-04-05,2026-04-05T18:35:00Z,CIN,TEX,A,Pierce Johnson,False,RELIEF_OR_BULK,20,3,2,0,0,0,1,1,0,P,,False,https://statsapi.mlb.com/api/v1.1/game/822917/feed/live,both,True,True,https://raw.githubusercontent.com/lancebroz/mlb-pitcher-data/main/data/raw/2026/daily/2026-04-05.parquet,QA_VALIDATED
822917,594580,Sam Moll,6,7,55,55,226,231,Bot,2026-04-05,2026-04-05T18:35:00Z,CIN,TEX,A,Sam Moll,False,RELIEF_OR_BULK,6,1,1,0,0,0,0,1,0,P,,False,https://statsapi.mlb.com/api/v1.1/game/822917/feed/live,both,True,True,https://raw.githubusercontent.com/lancebroz/mlb-pitcher-data/main/data/raw/2026/daily/2026-04-05.parquet,QA_VALIDATED
822917,656222,Jalen Beeks,2,9,71,71,293,294,Top,2026-04-05,2026-04-05T18:35:00Z,TEX,CIN,H,Jalen Beeks,False,RELIEF_OR_BULK,2,1,1,0,0,0,0,0,0,P,,False,https://statsapi.mlb.com/api/v1.1/game/822917/feed/live,both,True,True,https://raw.githubusercontent.com/lancebroz/mlb-pitcher-data/main/data/raw/2026/daily/2026-04-05.parquet,QA_VALIDATED
822917,656271,Brock Burke,14,9,72,74,295,308,Bot,2026-04-05,2026-04-05T18:35:00Z,CIN,TEX,A,Brock Burke,False,RELIEF_OR_BULK,14,3,3,0,0,0,0,3,0,P,,False,https://statsapi.mlb.com/api/v1.1/game/822917/feed/live,both,True,True,https://raw.githubusercontent.com/lancebroz/mlb-pitcher-data/main/data/raw/2026/daily/2026-04-05.parquet,QA_VALIDATED
822917,656641,Jacob Latz,19,6,38,41,152,170,Top,2026-04-05,2026-04-05T18:35:00Z,TEX,CIN,H,Jacob Latz,False,RELIEF_OR_BULK,19,4,3,0,0,0,1,1,0,P,,False,https://statsapi.mlb.com/api/v1.1/game/822917/feed/live,both,True,True,https://raw.githubusercontent.com/lancebroz/mlb-pitcher-data/main/data/raw/2026/daily/2026-04-05.parquet,QA_VALIDATED
822917,668390,Cole Winn,14,7,46,49,185,198,Top,2026-04-05,2026-04-05T18:35:00Z,TEX,CIN,H,Cole Winn,False,RELIEF_OR_BULK,14,4,3,0,0,1,0,1,0,P,,False,https://statsapi.mlb.com/api/v1.1/game/822917/feed/live,both,True,True,https://raw.githubusercontent.com/lancebroz/mlb-pitcher-data/main/data/raw/2026/daily/2026-04-05.parquet,QA_VALIDATED
822917,676395,Robert Garcia,20,8,56,59,232,251,Top,2026-04-05,2026-04-05T18:35:00Z,TEX,CIN,H,Robert Garcia,False,RELIEF_OR_BULK,20,4,1,1,1,1,2,0,0,P,,False,https://statsapi.mlb.com/api/v1.1/game/822917/feed/live,both,True,True,https://raw.githubusercontent.com/lancebroz/mlb-pitcher-data/main/data/raw/2026/daily/2026-04-05.parquet,QA_VALIDATED
822917,683004,Jack Leiter,85,1,0,33,1,137,Top,2026-04-05,2026-04-05T18:35:00Z,TEX,CIN,H,Jack Leiter,True,STARTER,85,20,15,1,1,4,1,9,0,P,,False,https://statsapi.mlb.com/api/v1.1/game/822917/feed/live,both,True,True,https://raw.githubusercontent.com/lancebroz/mlb-pitcher-data/main/data/raw/2026/daily/2026-04-05.parquet,QA_VALIDATED
822917,683175,Connor Phillips,28,8,62,66,258,285,Bot,2026-04-05,2026-04-05T18:35:00Z,CIN,TEX,A,Connor Phillips,False,RELIEF_OR_BULK,28,5,3,0,0,1,1,1,0,P,,False,https://statsapi.mlb.com/api/v1.1/game/822917/feed/live,both,True,True,https://raw.githubusercontent.com/lancebroz/mlb-pitcher-data/main/data/raw/2026/daily/2026-04-05.parquet,QA_VALIDATED
822917,695505,Chase Burns,87,1,4,51,23,205,Bot,2026-04-05,2026-04-05T18:35:00Z,CIN,TEX,A,Chase Burns,True,STARTER,87,24,18,1,1,5,1,9,1,P,,False,https://statsapi.mlb.com/api/v1.1/game/822917/feed/live,both,True,True,https://raw.githubusercontent.com/lancebroz/mlb-pitcher-data/main/data/raw/2026/daily/2026-04-05.parquet,QA_VALIDATED
823238,596133,Luke Weaver,12,8,62,64,223,234,Bot,2026-04-05,2026-04-05T20:05:00Z,NYM,SF,A,Luke Weaver,False,RELIEF_OR_BULK,12,3,3,0,0,0,0,0,0,P,901,True,https://statsapi.mlb.com/api/v1.1/game/823238/feed/live,both,True,True,https://raw.githubusercontent.com/lancebroz/mlb-pitcher-data/main/data/raw/2026/daily/2026-04-05.parquet,QA_VALIDATED
823238,623211,Huascar Brazobán,10,6,44,53,156,190,Bot,2026-04-05,2026-04-05T20:05:00Z,NYM,SF,A,Huascar Brazobán,False,RELIEF_OR_BULK,10,4,4,0,0,0,0,0,0,P,,False,https://statsapi.mlb.com/api/v1.1/game/823238/feed/live,both,True,True,https://raw.githubusercontent.com/lancebroz/mlb-pitcher-data/main/data/raw/2026/daily/2026-04-05.parquet,QA_VALIDATED
823238,642207,Devin Williams,21,9,70,73,254,274,Bot,2026-04-05,2026-04-05T20:05:00Z,NYM,SF,A,Devin Williams,False,RELIEF_OR_BULK,21,4,3,0,0,2,0,1,0,P,902,True,https://statsapi.mlb.com/api/v1.1/game/823238/feed/live,both,True,True,https://raw.githubusercontent.com/lancebroz/mlb-pitcher-data/main/data/raw/2026/daily/2026-04-05.parquet,QA_VALIDATED
823238,657277,Logan Webb,92,1,0,50,1,185,Top,2026-04-05,2026-04-05T20:05:00Z,SF,NYM,H,Logan Webb,True,STARTER,92,28,21,1,1,7,1,3,0,P,,False,https://statsapi.mlb.com/api/v1.1/game/823238/feed/live,both,True,True,https://raw.githubusercontent.com/lancebroz/mlb-pitcher-data/main/data/raw/2026/daily/2026-04-05.parquet,QA_VALIDATED
823238,664141,JT Brubaker,19,9,65,69,235,253,Top,2026-04-05,2026-04-05T20:05:00Z,SF,NYM,H,JT Brubaker,False,RELIEF_OR_BULK,19,5,3,0,0,1,1,0,0,P,,False,https://statsapi.mlb.com/api/v1.1/game/823238/feed/live,both,True,True,https://raw.githubusercontent.com/lancebroz/mlb-pitcher-data/main/data/raw/2026/daily/2026-04-05.parquet,QA_VALIDATED
823238,669062,Erik Miller,24,8,57,61,199,222,Top,2026-04-05,2026-04-05T20:05:00Z,SF,NYM,H,Erik Miller,False,RELIEF_OR_BULK,24,5,2,2,2,3,0,2,0,P,,False,https://statsapi.mlb.com/api/v1.1/game/823238/feed/live,both,True,True,https://raw.githubusercontent.com/lancebroz/mlb-pitcher-data/main/data/raw/2026/daily/2026-04-05.parquet,QA_VALIDATED
823238,673540,Kodai Senga,88,1,3,43,11,155,Bot,2026-04-05,2026-04-05T20:05:00Z,NYM,SF,A,Kodai Senga,True,STARTER,88,22,17,2,2,5,2,7,0,P,,False,https://statsapi.mlb.com/api/v1.1/game/823238/feed/live,both,True,True,https://raw.githubusercontent.com/lancebroz/mlb-pitcher-data/main/data/raw/2026/daily/2026-04-05.parquet,QA_VALIDATED
823238,676775,Keaton Winn,8,8,54,56,191,198,Top,2026-04-05,2026-04-05T20:05:00Z,SF,NYM,H,Keaton Winn,False,RELIEF_OR_BULK,8,3,1,2,2,2,0,0,0,P,,False,https://statsapi.mlb.com/api/v1.1/game/823238/feed/live,both,True,True,https://raw.githubusercontent.com/lancebroz/mlb-pitcher-data/main/data/raw/2026/daily/2026-04-05.parquet,QA_VALIDATED
823405,605135,Chris Bassitt,62,1,3,20,11,87,Bot,2026-04-05,2026-04-05T17:35:00Z,BAL,PIT,A,Chris Bassitt,True,STARTER,62,15,6,6,6,6,2,0,1,P,,False,https://statsapi.mlb.com/api/v1.1/game/823405/feed/live,both,True,True,https://raw.githubusercontent.com/lancebroz/mlb-pitcher-data/main/data/raw/2026/daily/2026-04-05.parquet,QA_VALIDATED
823405,664353,José Urquidy,31,8,63,72,250,299,Top,2026-04-05,2026-04-05T17:35:00Z,PIT,BAL,H,José Urquidy,False,RELIEF_OR_BULK,31,6,6,0,0,1,0,3,0,P,,False,https://statsapi.mlb.com/api/v1.1/game/823405/feed/live,both,True,True,https://raw.githubusercontent.com/lancebroz/mlb-pitcher-data/main/data/raw/2026/daily/2026-04-05.parquet,QA_VALIDATED
823405,666974,Yennier Cano,7,8,69,69,279,285,Bot,2026-04-05,2026-04-05T17:35:00Z,BAL,PIT,A,Yennier Cano,False,RELIEF_OR_BULK,7,1,1,0,0,0,0,1,0,P,,False,https://statsapi.mlb.com/api/v1.1/game/823405/feed/live,both,True,True,https://raw.githubusercontent.com/lancebroz/mlb-pitcher-data/main/data/raw/2026/daily/2026-04-05.parquet,QA_VALIDATED
823405,677952,Braxton Ashcraft,87,1,0,46,1,190,Top,2026-04-05,2026-04-05T17:35:00Z,PIT,BAL,H,Braxton Ashcraft,True,STARTER,87,21,18,1,1,4,0,8,0,P,,False,https://statsapi.mlb.com/api/v1.1/game/823405/feed/live,both,True,True,https://raw.githubusercontent.com/lancebroz/mlb-pitcher-data/main/data/raw/2026/daily/2026-04-05.parquet,QA_VALIDATED
823405,682254,Mason Montgomery,25,7,53,58,210,234,Top,2026-04-05,2026-04-05T17:35:00Z,PIT,BAL,H,Mason Montgomery,False,RELIEF_OR_BULK,25,6,3,1,1,3,0,3,0,P,,False,https://statsapi.mlb.com/api/v1.1/game/823405/feed/live,both,True,True,https://raw.githubusercontent.com/lancebroz/mlb-pitcher-data/main/data/raw/2026/daily/2026-04-05.parquet,QA_VALIDATED
823405,700249,Cade Povich,87,3,24,68,97,278,Bot,2026-04-05,2026-04-05T17:35:00Z,BAL,PIT,A,Cade Povich,False,RELIEF_OR_BULK,87,24,17,2,2,4,3,2,1,P,,False,https://statsapi.mlb.com/api/v1.1/game/823405/feed/live,both,True,True,https://raw.githubusercontent.com/lancebroz/mlb-pitcher-data/main/data/raw/2026/daily/2026-04-05.parquet,QA_VALIDATED
823566,518585,Fernando Cruz,16,7,55,62,213,251,Top,2026-04-05,2026-04-05T17:35:00Z,NYY,MIA,H,Fernando Cruz,False,RELIEF_OR_BULK,16,3,2,1,1,0,1,2,0,P,,False,https://statsapi.mlb.com/api/v1.1/game/823566/feed/live,both,True,True,https://raw.githubusercontent.com/lancebroz/mlb-pitcher-data/main/data/raw/2026/daily/2026-04-05.parquet,QA_VALIDATED
823566,608331,Max Fried,103,1,0,54,1,212,Top,2026-04-05,2026-04-05T17:35:00Z,NYY,MIA,H,Max Fried,True,STARTER,103,27,20,3,3,5,3,4,0,P,,False,https://statsapi.mlb.com/api/v1.1/game/823566/feed/live,both,True,True,https://raw.githubusercontent.com/lancebroz/mlb-pitcher-data/main/data/raw/2026/daily/2026-04-05.parquet,QA_VALIDATED
823566,642232,Ryan Yarbrough,23,8,66,75,262,307,Top,2026-04-05,2026-04-05T17:35:00Z,NYY,MIA,H,Ryan Yarbrough,False,RELIEF_OR_BULK,23,6,5,0,0,1,0,3,0,P,,False,https://statsapi.mlb.com/api/v1.1/game/823566/feed/live,both,True,True,https://raw.githubusercontent.com/lancebroz/mlb-pitcher-data/main/data/raw/2026/daily/2026-04-05.parquet,QA_VALIDATED
823566,656234,Jake Bird,10,8,63,65,252,261,Top,2026-04-05,2026-04-05T17:35:00Z,NYY,MIA,H,Jake Bird,False,RELIEF_OR_BULK,10,3,0,3,3,1,1,0,0,P,,False,https://statsapi.mlb.com/api/v1.1/game/823566/feed/live,both,True,True,https://raw.githubusercontent.com/lancebroz/mlb-pitcher-data/main/data/raw/2026/daily/2026-04-05.parquet,QA_VALIDATED
823566,663978,Chris Paddack,88,3,22,59,92,237,Bot,2026-04-05,2026-04-05T17:35:00Z,MIA,NYY,A,Chris Paddack,False,RELIEF_OR_BULK,88,22,14,1,0,3,4,4,0,P,,False,https://statsapi.mlb.com/api/v1.1/game/823566/feed/live,both,True,True,https://raw.githubusercontent.com/lancebroz/mlb-pitcher-data/main/data/raw/2026/daily/2026-04-05.parquet,QA_VALIDATED
823566,664126,Pete Fairbanks,27,1,5,11,17,43,Bot,2026-04-05,2026-04-05T17:35:00Z,MIA,NYY,A,Pete Fairbanks,True,STARTER,27,7,3,3,3,3,1,1,1,P,,False,https://statsapi.mlb.com/api/v1.1/game/823566/feed/live,both,True,True,https://raw.githubusercontent.com/lancebroz/mlb-pitcher-data/main/data/raw/2026/daily/2026-04-05.parquet,QA_VALIDATED
823566,667463,John King,5,7,60,60,238,242,Bot,2026-04-05,2026-04-05T17:35:00Z,MIA,NYY,A,John King,False,RELIEF_OR_BULK,5,1,1,0,0,0,0,0,0,P,,False,https://statsapi.mlb.com/api/v1.1/game/823566/feed/live,both,True,True,https://raw.githubusercontent.com/lancebroz/mlb-pitcher-data/main/data/raw/2026/daily/2026-04-05.parquet,QA_VALIDATED
823566,669622,Anthony Bender,31,9,76,82,308,338,Bot,2026-04-05,2026-04-05T17:35:00Z,MIA,NYY,A,Anthony Bender,False,RELIEF_OR_BULK,31,7,3,2,2,1,3,2,0,P,,False,https://statsapi.mlb.com/api/v1.1/game/823566/feed/live,both,True,True,https://raw.githubusercontent.com/lancebroz/mlb-pitcher-data/main/data/raw/2026/daily/2026-04-05.parquet,QA_VALIDATED
823566,676534,Calvin Faucher,23,8,69,72,273,295,Bot,2026-04-05,2026-04-05T17:35:00Z,MIA,NYY,A,Calvin Faucher,False,RELIEF_OR_BULK,23,4,3,0,0,0,1,1,0,P,,False,https://statsapi.mlb.com/api/v1.1/game/823566/feed/live,both,True,True,https://raw.githubusercontent.com/lancebroz/mlb-pitcher-data/main/data/raw/2026/daily/2026-04-05.parquet,QA_VALIDATED
823566,677053,Andrew Nardi,12,2,15,17,60,71,Bot,2026-04-05,2026-04-05T17:35:00Z,MIA,NYY,A,Andrew Nardi,False,RELIEF_OR_BULK,12,3,3,0,0,0,0,1,0,P,,False,https://statsapi.mlb.com/api/v1.1/game/823566/feed/live,both,True,True,https://raw.githubusercontent.com/lancebroz/mlb-pitcher-data/main/data/raw/2026/daily/2026-04-05.parquet,QA_VALIDATED
823729,573124,Taylor Rogers,18,10,69,72,253,270,Top,2026-04-05,2026-04-05T18:10:00Z,MIN,TB,H,Taylor Rogers,False,RELIEF_OR_BULK,18,4,2,0,0,0,2,0,0,P,,False,https://statsapi.mlb.com/api/v1.1/game/823729/feed/live,both,True,True,https://raw.githubusercontent.com/lancebroz/mlb-pitcher-data/main/data/raw/2026/daily/2026-04-05.parquet,QA_VALIDATED
823729,607259,Nick Martinez,81,1,4,41,12,159,Bot,2026-04-05,2026-04-05T18:10:00Z,TB,MIN,A,Nick Martinez,True,STARTER,81,20,18,1,1,1,1,4,1,P,,False,https://statsapi.mlb.com/api/v1.1/game/823729/feed/live,both,True,True,https://raw.githubusercontent.com/lancebroz/mlb-pitcher-data/main/data/raw/2026/daily/2026-04-05.parquet,QA_VALIDATED
823729,623437,Justin Topa,15,10,65,68,238,252,Top,2026-04-05,2026-04-05T18:10:00Z,MIN,TB,H,Justin Topa,False,RELIEF_OR_BULK,15,4,1,3,2,2,1,0,1,P,,False,https://statsapi.mlb.com/api/v1.1/game/823729/feed/live,both,True,True,https://raw.githubusercontent.com/lancebroz/mlb-pitcher-data/main/data/raw/2026/daily/2026-04-05.parquet,QA_VALIDATED
823729,641329,Bryan Baker,14,9,62,64,224,237,Bot,2026-04-05,2026-04-05T18:10:00Z,TB,MIN,A,Bryan Baker,False,RELIEF_OR_BULK,14,3,3,0,0,0,0,2,0,P,,False,https://statsapi.mlb.com/api/v1.1/game/823729/feed/live,both,True,True,https://raw.githubusercontent.com/lancebroz/mlb-pitcher-data/main/data/raw/2026/daily/2026-04-05.parquet,QA_VALIDATED
823729,643377,Griffin Jax,30,7,47,58,173,214,Bot,2026-04-05,2026-04-05T18:10:00Z,TB,MIN,A,Griffin Jax,False,RELIEF_OR_BULK,30,8,6,0,0,2,1,0,0,P,,False,https://statsapi.mlb.com/api/v1.1/game/823729/feed/live,both,True,True,https://raw.githubusercontent.com/lancebroz/mlb-pitcher-data/main/data/raw/2026/daily/2026-04-05.parquet,QA_VALIDATED
823729,663485,Cole Sands,21,8,51,61,182,223,Top,2026-04-05,2026-04-05T18:10:00Z,MIN,TB,H,Cole Sands,False,RELIEF_OR_BULK,21,6,6,0,0,1,0,1,0,P,,False,https://statsapi.mlb.com/api/v1.1/game/823729/feed/live,both,True,True,https://raw.githubusercontent.com/lancebroz/mlb-pitcher-data/main/data/raw/2026/daily/2026-04-05.parquet,QA_VALIDATED
823729,680573,Simeon Woods Richardson,88,1,0,45,1,169,Top,2026-04-05,2026-04-05T18:10:00Z,MIN,TB,H,Simeon Woods Richardson,True,STARTER,88,26,20,1,1,5,2,4,1,P,,False,https://statsapi.mlb.com/api/v1.1/game/823729/feed/live,both,True,True,https://raw.githubusercontent.com/lancebroz/mlb-pitcher-data/main/data/raw/2026/daily/2026-04-05.parquet,QA_VALIDATED
823729,681892,Kody Funderburk,3,7,46,46,170,172,Top,2026-04-05,2026-04-05T18:10:00Z,MIN,TB,H,Kody Funderburk,False,RELIEF_OR_BULK,3,1,1,0,0,0,0,0,0,P,,False,https://statsapi.mlb.com/api/v1.1/game/823729/feed/live,both,True,True,https://raw.githubusercontent.com/lancebroz/mlb-pitcher-data/main/data/raw/2026/daily/2026-04-05.parquet,QA_VALIDATED
823729,687330,Kevin Kelly,19,10,73,75,271,289,Bot,2026-04-05,2026-04-05T18:10:00Z,TB,MIN,A,Kevin Kelly,False,RELIEF_OR_BULK,19,3,3,0,0,0,0,1,0,P,,False,https://statsapi.mlb.com/api/v1.1/game/823729/feed/live,both,True,True,https://raw.githubusercontent.com/lancebroz/mlb-pitcher-data/main/data/raw/2026/daily/2026-04-05.parquet,QA_VALIDATED
824053,608718,Brent Suter,41,5,45,63,191,265,Top,2026-04-05,2026-04-05T20:07:00Z,LAA,SEA,H,Brent Suter,False,RELIEF_OR_BULK,39,8,7,1,1,1,1,3,1,P,,False,https://statsapi.mlb.com/api/v1.1/game/824053/feed/live,both,False,True,https://raw.githubusercontent.com/lancebroz/mlb-pitcher-data/main/data/raw/2026/daily/2026-04-05.parquet,QA_REVIEW
824053,622491,Luis Castillo,84,1,4,39,12,174,Bot,2026-04-05,2026-04-05T20:07:00Z,SEA,LAA,A,Luis Castillo,True,STARTER,84,20,11,4,3,6,1,4,0,P,,False,https://statsapi.mlb.com/api/v1.1/game/824053/feed/live,both,True,True,https://raw.githubusercontent.com/lancebroz/mlb-pitcher-data/main/data/raw/2026/daily/2026-04-05.parquet,QA_VALIDATED
824053,641312,Shaun Anderson,27,10,82,92,336,372,Top,2026-04-05,2026-04-05T20:07:00Z,LAA,SEA,H,Shaun Anderson,False,RELIEF_OR_BULK,27,8,6,1,0,1,1,1,0,P,,False,https://statsapi.mlb.com/api/v1.1/game/824053/feed/live,both,True,True,https://raw.githubusercontent.com/lancebroz/mlb-pitcher-data/main/data/raw/2026/daily/2026-04-05.parquet,QA_VALIDATED
824053,642100,Gabe Speier,3,11,94,95,373,375,Bot,2026-04-05,2026-04-05T20:07:00Z,SEA,LAA,A,Gabe Speier,False,RELIEF_OR_BULK,3,3,2,1,0,0,1,0,0,P,802,True,https://statsapi.mlb.com/api/v1.1/game/824053/feed/live,both,True,True,https://raw.githubusercontent.com/lancebroz/mlb-pitcher-data/main/data/raw/2026/daily/2026-04-05.parquet,QA_VALIDATED
824053,662253,Andrés Muñoz,16,9,79,81,320,335,Bot,2026-04-05,2026-04-05T20:07:00Z,SEA,LAA,A,Andrés Muñoz,False,RELIEF_OR_BULK,16,3,3,0,0,0,0,1,0,P,,False,https://statsapi.mlb.com/api/v1.1/game/824053/feed/live,both,True,True,https://raw.githubusercontent.com/lancebroz/mlb-pitcher-data/main/data/raw/2026/daily/2026-04-05.parquet,QA_VALIDATED
824053,666171,Ryan Zeferjahn,25,3,26,44,122,190,Top,2026-04-05,2026-04-05T20:07:00Z,LAA,SEA,H,Ryan Zeferjahn,False,RELIEF_OR_BULK,27,8,6,2,2,0,1,5,0,P,,False,https://statsapi.mlb.com/api/v1.1/game/824053/feed/live,both,False,True,https://raw.githubusercontent.com/lancebroz/mlb-pitcher-data/main/data/raw/2026/daily/2026-04-05.parquet,QA_REVIEW
824053,666374,Matt Brash,10,10,85,87,343,352,Bot,2026-04-05,2026-04-05T20:07:00Z,SEA,LAA,A,Matt Brash,False,RELIEF_OR_BULK,10,3,3,1,0,0,0,1,0,P,,False,https://statsapi.mlb.com/api/v1.1/game/824053/feed/live,both,True,True,https://raw.githubusercontent.com/lancebroz/mlb-pitcher-data/main/data/raw/2026/daily/2026-04-05.parquet,QA_VALIDATED
824053,668984,Casey Legumina,26,7,64,73,266,298,Bot,2026-04-05,2026-04-05T20:07:00Z,SEA,LAA,A,Casey Legumina,False,RELIEF_OR_BULK,26,7,6,0,0,1,0,0,0,P,,False,https://statsapi.mlb.com/api/v1.1/game/824053/feed/live,both,True,True,https://raw.githubusercontent.com/lancebroz/mlb-pitcher-data/main/data/raw/2026/daily/2026-04-05.parquet,QA_VALIDATED
824053,677961,Cole Wilcox,23,5,53,60,216,252,Bot,2026-04-05,2026-04-05T20:07:00Z,SEA,LAA,A,Cole Wilcox,False,RELIEF_OR_BULK,23,5,4,0,0,0,1,2,0,P,,False,https://statsapi.mlb.com/api/v1.1/game/824053/feed/live,both,True,True,https://raw.githubusercontent.com/lancebroz/mlb-pitcher-data/main/data/raw/2026/daily/2026-04-05.parquet,QA_VALIDATED
824053,678606,José A. Ferrer,19,4,40,52,175,215,Bot,2026-04-05,2026-04-05T20:07:00Z,SEA,LAA,A,José A. Ferrer,False,RELIEF_OR_BULK,19,7,3,2,2,4,0,1,0,P,,False,https://statsapi.mlb.com/api/v1.1/game/824053/feed/live,both,True,True,https://raw.githubusercontent.com/lancebroz/mlb-pitcher-data/main/data/raw/2026/daily/2026-04-05.parquet,QA_VALIDATED
824053,691946,George Klassen,73,1,0,25,1,121,Top,2026-04-05,2026-04-05T20:07:00Z,LAA,SEA,H,George Klassen,True,STARTER,73,16,8,2,2,3,5,4,0,P,,False,https://statsapi.mlb.com/api/v1.1/game/824053/feed/live,both,True,True,https://raw.githubusercontent.com/lancebroz/mlb-pitcher-data/main/data/raw/2026/daily/2026-04-05.parquet,QA_VALIDATED
824053,696147,Sam Bachman,28,8,67,78,284,319,Top,2026-04-05,2026-04-05T20:07:00Z,LAA,SEA,H,Sam Bachman,False,RELIEF_OR_BULK,28,7,6,1,1,2,0,2,0,P,,False,https://statsapi.mlb.com/api/v1.1/game/824053/feed/live,both,True,True,https://raw.githubusercontent.com/lancebroz/mlb-pitcher-data/main/data/raw/2026/daily/2026-04-05.parquet,QA_VALIDATED
824131,621381,Matt Strahm,29,7,51,56,206,234,Top,2026-04-05,2026-04-05T18:10:00Z,KC,MIL,H,Matt Strahm,False,RELIEF_OR_BULK,29,6,3,2,2,2,1,1,0,P,,False,https://statsapi.mlb.com/api/v1.1/game/824131/feed/live,both,True,True,https://raw.githubusercontent.com/lancebroz/mlb-pitcher-data/main/data/raw/2026/daily/2026-04-05.parquet,QA_VALIDATED
824131,656730,Trevor Megill,12,9,80,83,325,336,Bot,2026-04-05,2026-04-05T18:10:00Z,MIL,KC,A,Trevor Megill,False,RELIEF_OR_BULK,12,4,3,0,0,1,0,0,0,P,,False,https://statsapi.mlb.com/api/v1.1/game/824131/feed/live,both,True,True,https://raw.githubusercontent.com/lancebroz/mlb-pitcher-data/main/data/raw/2026/daily/2026-04-05.parquet,QA_VALIDATED
824131,663460,Kris Bubic,96,1,0,37,1,168,Top,2026-04-05,2026-04-05T18:10:00Z,KC,MIL,H,Kris Bubic,True,STARTER,96,22,15,4,4,4,3,8,1,P,,False,https://statsapi.mlb.com/api/v1.1/game/824131/feed/live,both,True,True,https://raw.githubusercontent.com/lancebroz/mlb-pitcher-data/main/data/raw/2026/daily/2026-04-05.parquet,QA_VALIDATED
824131,668674,Lucas Erceg,30,9,74,79,295,324,Top,2026-04-05,2026-04-05T18:10:00Z,KC,MIL,H,Lucas Erceg,False,RELIEF_OR_BULK,30,6,3,2,2,3,1,1,0,P,,False,https://statsapi.mlb.com/api/v1.1/game/824131/feed/live,both,True,True,https://raw.githubusercontent.com/lancebroz/mlb-pitcher-data/main/data/raw/2026/daily/2026-04-05.parquet,QA_VALIDATED
824131,672582,Angel Zerpa,23,7,62,73,256,294,Bot,2026-04-05,2026-04-05T18:10:00Z,MIL,KC,A,Angel Zerpa,False,RELIEF_OR_BULK,23,6,5,0,0,1,1,1,0,P,,False,https://statsapi.mlb.com/api/v1.1/game/824131/feed/live,both,True,True,https://raw.githubusercontent.com/lancebroz/mlb-pitcher-data/main/data/raw/2026/daily/2026-04-05.parquet,QA_VALIDATED
824131,674444,Steven Cruz,16,8,65,69,261,276,Top,2026-04-05,2026-04-05T18:10:00Z,KC,MIL,H,Steven Cruz,False,RELIEF_OR_BULK,16,5,3,0,0,0,2,1,0,P,,False,https://statsapi.mlb.com/api/v1.1/game/824131/feed/live,both,True,True,https://raw.githubusercontent.com/lancebroz/mlb-pitcher-data/main/data/raw/2026/daily/2026-04-05.parquet,QA_VALIDATED
824131,681982,Grant Anderson,12,6,48,58,201,241,Bot,2026-04-05,2026-04-05T18:10:00Z,MIL,KC,A,Grant Anderson,False,RELIEF_OR_BULK,12,5,2,2,2,2,1,1,0,P,,False,https://statsapi.mlb.com/api/v1.1/game/824131/feed/live,both,True,True,https://raw.githubusercontent.com/lancebroz/mlb-pitcher-data/main/data/raw/2026/daily/2026-04-05.parquet,QA_VALIDATED
824131,682842,Abner Uribe,14,7,59,61,242,255,Bot,2026-04-05,2026-04-05T18:10:00Z,MIL,KC,A,Abner Uribe,False,RELIEF_OR_BULK,14,3,1,1,1,2,0,1,0,P,,False,https://statsapi.mlb.com/api/v1.1/game/824131/feed/live,both,True,True,https://raw.githubusercontent.com/lancebroz/mlb-pitcher-data/main/data/raw/2026/daily/2026-04-05.parquet,QA_VALIDATED
824131,683232,Nick Mears,14,6,42,46,183,196,Top,2026-04-05,2026-04-05T18:10:00Z,KC,MIL,H,Nick Mears,False,RELIEF_OR_BULK,14,5,3,0,0,1,1,0,0,P,,False,https://statsapi.mlb.com/api/v1.1/game/824131/feed/live,both,True,True,https://raw.githubusercontent.com/lancebroz/mlb-pitcher-data/main/data/raw/2026/daily/2026-04-05.parquet,QA_VALIDATED
824131,690986,Kyle Harrison,90,1,6,47,29,200,Bot,2026-04-05,2026-04-05T18:10:00Z,MIL,KC,A,Kyle Harrison,True,STARTER,90,21,16,2,2,3,2,6,1,P,,False,https://statsapi.mlb.com/api/v1.1/game/824131/feed/live,both,True,True,https://raw.githubusercontent.com/lancebroz/mlb-pitcher-data/main/data/raw/2026/daily/2026-04-05.parquet,QA_VALIDATED
824296,592773,Ryne Stanek,23,8,66,69,259,281,Bot,2026-04-05,2026-04-05T23:20:00Z,STL,DET,A,Ryne Stanek,False,RELIEF_OR_BULK,23,4,3,0,0,0,1,2,0,P,,False,https://statsapi.mlb.com/api/v1.1/game/824296/feed/live,both,True,True,https://raw.githubusercontent.com/lancebroz/mlb-pitcher-data/main/data/raw/2026/daily/2026-04-05.parquet,QA_VALIDATED
824296,646241,Enmanuel De Jesus,38,5,36,60,141,236,Top,2026-04-05,2026-04-05T23:20:00Z,DET,STL,H,Enmanuel De Jesus,False,RELIEF_OR_BULK,38,11,8,2,1,2,0,3,0,P,,False,https://statsapi.mlb.com/api/v1.1/game/824296/feed/live,both,True,True,https://raw.githubusercontent.com/lancebroz/mlb-pitcher-data/main/data/raw/2026/daily/2026-04-05.parquet,QA_VALIDATED
824296,657756,Connor Seabold,31,8,61,73,237,290,Top,2026-04-05,2026-04-05T23:20:00Z,DET,STL,H,Connor Seabold,False,RELIEF_OR_BULK,31,8,6,0,0,1,2,1,0,P,,False,https://statsapi.mlb.com/api/v1.1/game/824296/feed/live,both,True,True,https://raw.githubusercontent.com/lancebroz/mlb-pitcher-data/main/data/raw/2026/daily/2026-04-05.parquet,QA_VALIDATED
824296,666277,George Soriano,19,6,47,50,185,203,Bot,2026-04-05,2026-04-05T23:20:00Z,STL,DET,A,George Soriano,False,RELIEF_OR_BULK,19,4,1,1,1,1,2,0,0,P,,False,https://statsapi.mlb.com/api/v1.1/game/824296/feed/live,both,True,True,https://raw.githubusercontent.com/lancebroz/mlb-pitcher-data/main/data/raw/2026/daily/2026-04-05.parquet,QA_VALIDATED
824296,668941,JoJo Romero,19,6,51,59,204,232,Bot,2026-04-05,2026-04-05T23:20:00Z,STL,DET,A,JoJo Romero,False,RELIEF_OR_BULK,19,6,5,0,0,0,1,1,0,P,,False,https://statsapi.mlb.com/api/v1.1/game/824296/feed/live,both,True,True,https://raw.githubusercontent.com/lancebroz/mlb-pitcher-data/main/data/raw/2026/daily/2026-04-05.parquet,QA_VALIDATED
824296,672456,Keider Montero,63,1,0,35,1,140,Top,2026-04-05,2026-04-05T23:20:00Z,DET,STL,H,Keider Montero,True,STARTER,63,17,13,3,2,3,1,3,0,P,,False,https://statsapi.mlb.com/api/v1.1/game/824296/feed/live,both,True,True,https://raw.githubusercontent.com/lancebroz/mlb-pitcher-data/main/data/raw/2026/daily/2026-04-05.parquet,QA_VALIDATED
824296,676617,Riley O'Brien,13,9,74,76,291,303,Bot,2026-04-05,2026-04-05T23:20:00Z,STL,DET,A,Riley O'Brien,False,RELIEF_OR_BULK,13,3,3,0,0,0,0,1,0,P,,False,https://statsapi.mlb.com/api/v1.1/game/824296/feed/live,both,True,True,https://raw.githubusercontent.com/lancebroz/mlb-pitcher-data/main/data/raw/2026/daily/2026-04-05.parquet,QA_VALIDATED
824296,681517,Kyle Leahy,97,1,3,43,15,174,Bot,2026-04-05,2026-04-05T23:20:00Z,STL,DET,A,Kyle Leahy,True,STARTER,97,23,15,2,2,5,3,4,1,P,,False,https://statsapi.mlb.com/api/v1.1/game/824296/feed/live,both,True,True,https://raw.githubusercontent.com/lancebroz/mlb-pitcher-data/main/data/raw/2026/daily/2026-04-05.parquet,QA_VALIDATED
824379,592836,Taijuan Walker,87,1,4,42,18,156,Bot,2026-04-05,2026-04-05T19:10:00Z,PHI,COL,A,Taijuan Walker,True,STARTER,87,23,15,4,4,7,2,4,3,P,,False,https://statsapi.mlb.com/api/v1.1/game/824379/feed/live,both,True,True,https://raw.githubusercontent.com/lancebroz/mlb-pitcher-data/main/data/raw/2026/daily/2026-04-05.parquet,QA_VALIDATED
824379,608372,Tomoyuki Sugano,78,1,0,45,1,165,Top,2026-04-05,2026-04-05T19:10:00Z,COL,PHI,H,Tomoyuki Sugano,True,STARTER,78,23,18,1,1,4,1,5,1,P,,False,https://statsapi.mlb.com/api/v1.1/game/824379/feed/live,both,True,True,https://raw.githubusercontent.com/lancebroz/mlb-pitcher-data/main/data/raw/2026/daily/2026-04-05.parquet,QA_VALIDATED
824379,621383,Tanner Banks,8,7,53,55,189,196,Bot,2026-04-05,2026-04-05T19:10:00Z,PHI,COL,A,Tanner Banks,False,RELIEF_OR_BULK,8,3,3,0,0,0,0,1,0,P,,False,https://statsapi.mlb.com/api/v1.1/game/824379/feed/live,both,True,True,https://raw.githubusercontent.com/lancebroz/mlb-pitcher-data/main/data/raw/2026/daily/2026-04-05.parquet,QA_VALIDATED
824379,641835,Tim Mayza,13,6,46,48,166,178,Bot,2026-04-05,2026-04-05T19:10:00Z,PHI,COL,A,Tim Mayza,False,RELIEF_OR_BULK,13,3,3,0,0,0,0,1,0,P,,False,https://statsapi.mlb.com/api/v1.1/game/824379/feed/live,both,True,True,https://raw.githubusercontent.com/lancebroz/mlb-pitcher-data/main/data/raw/2026/daily/2026-04-05.parquet,QA_VALIDATED
824379,657514,Brennan Bernardino,14,8,56,58,197,210,Top,2026-04-05,2026-04-05T19:10:00Z,COL,PHI,H,Brennan Bernardino,False,RELIEF_OR_BULK,14,3,3,0,0,0,0,2,0,P,,False,https://statsapi.mlb.com/api/v1.1/game/824379/feed/live,both,True,True,https://raw.githubusercontent.com/lancebroz/mlb-pitcher-data/main/data/raw/2026/daily/2026-04-05.parquet,QA_VALIDATED
824379,677955,Jaden Hill,10,7,49,52,179,188,Top,2026-04-05,2026-04-05T19:10:00Z,COL,PHI,H,Jaden Hill,False,RELIEF_OR_BULK,10,4,3,0,0,0,0,0,0,P,,False,https://statsapi.mlb.com/api/v1.1/game/824379/feed/live,both,True,True,https://raw.githubusercontent.com/lancebroz/mlb-pitcher-data/main/data/raw/2026/daily/2026-04-05.parquet,QA_VALIDATED
824379,679775,Kyle Backhus,12,8,59,61,211,222,Bot,2026-04-05,2026-04-05T19:10:00Z,PHI,COL,A,Kyle Backhus,False,RELIEF_OR_BULK,12,3,3,0,0,0,0,2,0,P,,False,https://statsapi.mlb.com/api/v1.1/game/824379/feed/live,both,True,True,https://raw.githubusercontent.com/lancebroz/mlb-pitcher-data/main/data/raw/2026/daily/2026-04-05.parquet,QA_VALIDATED
824379,680767,Victor Vodnik,22,9,62,66,223,244,Top,2026-04-05,2026-04-05T19:10:00Z,COL,PHI,H,Victor Vodnik,False,RELIEF_OR_BULK,22,5,3,0,0,2,0,3,0,P,,False,https://statsapi.mlb.com/api/v1.1/game/824379/feed/live,both,True,True,https://raw.githubusercontent.com/lancebroz/mlb-pitcher-data/main/data/raw/2026/daily/2026-04-05.parquet,QA_VALIDATED
824459,571948,Hoby Milner,14,8,56,58,247,260,Bot,2026-04-05,2026-04-05T17:10:00Z,CHC,CLE,A,Hoby Milner,False,RELIEF_OR_BULK,14,3,3,0,0,0,0,0,0,P,,False,https://statsapi.mlb.com/api/v1.1/game/824459/feed/live,both,True,True,https://raw.githubusercontent.com/lancebroz/mlb-pitcher-data/main/data/raw/2026/daily/2026-04-05.parquet,QA_VALIDATED
824459,573204,Caleb Thielbar,28,6,43,50,183,227,Bot,2026-04-05,2026-04-05T17:10:00Z,CHC,CLE,A,Caleb Thielbar,False,RELIEF_OR_BULK,28,5,4,0,0,0,1,0,0,P,,False,https://statsapi.mlb.com/api/v1.1/game/824459/feed/live,both,True,True,https://raw.githubusercontent.com/lancebroz/mlb-pitcher-data/main/data/raw/2026/daily/2026-04-05.parquet,QA_VALIDATED
824459,641401,Connor Brogdon,19,8,51,55,228,246,Top,2026-04-05,2026-04-05T17:10:00Z,CLE,CHC,H,Connor Brogdon,False,RELIEF_OR_BULK,19,5,3,1,1,1,1,0,0,P,,False,https://statsapi.mlb.com/api/v1.1/game/824459/feed/live,both,True,True,https://raw.githubusercontent.com/lancebroz/mlb-pitcher-data/main/data/raw/2026/daily/2026-04-05.parquet,QA_VALIDATED
824459,665795,Edward Cabrera,97,1,3,42,18,182,Bot,2026-04-05,2026-04-05T17:10:00Z,CHC,CLE,A,Edward Cabrera,True,STARTER,97,22,17,0,0,1,5,4,0,P,,False,https://statsapi.mlb.com/api/v1.1/game/824459/feed/live,both,True,True,https://raw.githubusercontent.com/lancebroz/mlb-pitcher-data/main/data/raw/2026/daily/2026-04-05.parquet,QA_VALIDATED
824459,677944,Slade Cecconi,85,1,0,37,1,157,Top,2026-04-05,2026-04-05T17:10:00Z,CLE,CHC,H,Slade Cecconi,True,STARTER,85,21,18,0,0,1,1,6,0,P,,False,https://statsapi.mlb.com/api/v1.1/game/824459/feed/live,both,True,True,https://raw.githubusercontent.com/lancebroz/mlb-pitcher-data/main/data/raw/2026/daily/2026-04-05.parquet,QA_VALIDATED
824459,682120,Tim Herrin,17,7,44,46,189,205,Top,2026-04-05,2026-04-05T17:10:00Z,CLE,CHC,H,Tim Herrin,False,RELIEF_OR_BULK,17,3,3,0,0,0,0,2,0,P,,False,https://statsapi.mlb.com/api/v1.1/game/824459/feed/live,both,True,True,https://raw.githubusercontent.com/lancebroz/mlb-pitcher-data/main/data/raw/2026/daily/2026-04-05.parquet,QA_VALIDATED
824459,688883,Peyton Pallette,15,9,59,62,261,275,Top,2026-04-05,2026-04-05T17:10:00Z,CLE,CHC,H,Peyton Pallette,False,RELIEF_OR_BULK,15,4,3,0,0,0,0,2,0,P,,False,https://statsapi.mlb.com/api/v1.1/game/824459/feed/live,both,True,True,https://raw.githubusercontent.com/lancebroz/mlb-pitcher-data/main/data/raw/2026/daily/2026-04-05.parquet,QA_VALIDATED
824459,694037,Daniel Palencia,13,9,63,65,276,288,Bot,2026-04-05,2026-04-05T17:10:00Z,CHC,CLE,A,Daniel Palencia,False,RELIEF_OR_BULK,13,3,3,0,0,0,0,1,0,P,,False,https://statsapi.mlb.com/api/v1.1/game/824459/feed/live,both,True,True,https://raw.githubusercontent.com/lancebroz/mlb-pitcher-data/main/data/raw/2026/daily/2026-04-05.parquet,QA_VALIDATED
824460,542888,Shawn Armstrong,29,7,54,62,244,281,Top,2026-04-05,2026-04-05T17:15:00Z,CLE,CHC,H,Shawn Armstrong,False,RELIEF_OR_BULK,29,6,4,1,1,1,1,2,1,P,,False,https://statsapi.mlb.com/api/v1.1/game/824460/feed/live,both,True,True,https://raw.githubusercontent.com/lancebroz/mlb-pitcher-data/main/data/raw/2026/daily/2026-04-05.parquet,QA_VALIDATED
824460,657097,Jacob Webb,20,8,63,67,282,301,Bot,2026-04-05,2026-04-05T17:15:00Z,CHC,CLE,A,Jacob Webb,False,RELIEF_OR_BULK,20,5,1,3,3,3,1,0,1,P,,False,https://statsapi.mlb.com/api/v1.1/game/824460/feed/live,both,True,True,https://raw.githubusercontent.com/lancebroz/mlb-pitcher-data/main/data/raw/2026/daily/2026-04-05.parquet,QA_VALIDATED
824460,670036,Matt Festa,13,6,38,42,178,190,Top,2026-04-05,2026-04-05T17:15:00Z,CLE,CHC,H,Matt Festa,False,RELIEF_OR_BULK,13,5,3,2,2,2,0,1,1,P,,False,https://statsapi.mlb.com/api/v1.1/game/824460/feed/live,both,True,True,https://raw.githubusercontent.com/lancebroz/mlb-pitcher-data/main/data/raw/2026/daily/2026-04-05.parquet,QA_VALIDATED
824460,671922,Cade Smith,33,9,71,76,315,347,Top,2026-04-05,2026-04-05T17:15:00Z,CLE,CHC,H,Cade Smith,False,RELIEF_OR_BULK,33,6,3,1,1,1,2,2,0,P,,False,https://statsapi.mlb.com/api/v1.1/game/824460/feed/live,both,True,True,https://raw.githubusercontent.com/lancebroz/mlb-pitcher-data/main/data/raw/2026/daily/2026-04-05.parquet,QA_VALIDATED
824460,676962,Ben Brown,42,6,44,57,197,254,Bot,2026-04-05,2026-04-05T17:15:00Z,CHC,CLE,A,Ben Brown,False,RELIEF_OR_BULK,42,10,6,2,2,2,2,0,0,P,,False,https://statsapi.mlb.com/api/v1.1/game/824460/feed/live,both,True,True,https://raw.githubusercontent.com/lancebroz/mlb-pitcher-data/main/data/raw/2026/daily/2026-04-05.parquet,QA_VALIDATED
824460,681799,Ethan Roberts,13,8,68,70,302,314,Bot,2026-04-05,2026-04-05T17:15:00Z,CHC,CLE,A,Ethan Roberts,False,RELIEF_OR_BULK,13,3,2,0,0,1,0,0,0,P,,False,https://statsapi.mlb.com/api/v1.1/game/824460/feed/live,both,True,True,https://raw.githubusercontent.com/lancebroz/mlb-pitcher-data/main/data/raw/2026/daily/2026-04-05.parquet,QA_VALIDATED
824460,681870,Erik Sabrowski,14,7,51,53,230,243,Top,2026-04-05,2026-04-05T17:15:00Z,CLE,CHC,H,Erik Sabrowski,False,RELIEF_OR_BULK,14,3,2,0,0,1,0,1,0,P,,False,https://statsapi.mlb.com/api/v1.1/game/824460/feed/live,both,True,True,https://raw.githubusercontent.com/lancebroz/mlb-pitcher-data/main/data/raw/2026/daily/2026-04-05.parquet,QA_VALIDATED
824460,684007,Shota Imanaga,92,1,3,43,10,196,Bot,2026-04-05,2026-04-05T17:15:00Z,CHC,CLE,A,Shota Imanaga,True,STARTER,92,19,15,1,1,3,1,4,0,P,,False,https://statsapi.mlb.com/api/v1.1/game/824460/feed/live,both,True,True,https://raw.githubusercontent.com/lancebroz/mlb-pitcher-data/main/data/raw/2026/daily/2026-04-05.parquet,QA_VALIDATED
824460,800048,Parker Messick,91,1,0,33,1,166,Top,2026-04-05,2026-04-05T17:15:00Z,CLE,CHC,H,Parker Messick,True,STARTER,91,20,15,1,1,2,3,6,1,P,,False,https://statsapi.mlb.com/api/v1.1/game/824460/feed/live,both,True,True,https://raw.githubusercontent.com/lancebroz/mlb-pitcher-data/main/data/raw/2026/daily/2026-04-05.parquet,QA_VALIDATED
824620,573009,Joe Mantiply,17,5,44,50,178,200,Bot,2026-04-05,2026-04-05T18:10:00Z,TOR,CWS,A,Joe Mantiply,False,RELIEF_OR_BULK,17,4,4,0,0,0,0,3,0,P,,False,https://statsapi.mlb.com/api/v1.1/game/824620/feed/live,both,True,True,https://raw.githubusercontent.com/lancebroz/mlb-pitcher-data/main/data/raw/2026/daily/2026-04-05.parquet,QA_VALIDATED
824620,608723,Austin Voth,49,3,25,43,111,177,Bot,2026-04-05,2026-04-05T18:10:00Z,TOR,CWS,A,Austin Voth,False,RELIEF_OR_BULK,49,12,8,1,1,3,1,1,0,P,,False,https://statsapi.mlb.com/api/v1.1/game/824620/feed/live,both,True,True,https://raw.githubusercontent.com/lancebroz/mlb-pitcher-data/main/data/raw/2026/daily/2026-04-05.parquet,QA_VALIDATED
824620,641778,Eric Lauer,49,1,4,24,23,110,Bot,2026-04-05,2026-04-05T18:10:00Z,TOR,CWS,A,Eric Lauer,True,STARTER,49,12,6,2,2,3,3,0,0,P,,False,https://statsapi.mlb.com/api/v1.1/game/824620/feed/live,both,True,True,https://raw.githubusercontent.com/lancebroz/mlb-pitcher-data/main/data/raw/2026/daily/2026-04-05.parquet,QA_VALIDATED
824620,663436,Davis Martin,85,1,0,47,1,189,Top,2026-04-05,2026-04-05T18:10:00Z,CWS,TOR,H,Davis Martin,True,STARTER,85,23,18,0,0,4,2,6,0,P,,False,https://statsapi.mlb.com/api/v1.1/game/824620/feed/live,both,True,True,https://raw.githubusercontent.com/lancebroz/mlb-pitcher-data/main/data/raw/2026/daily/2026-04-05.parquet,QA_VALIDATED
824620,663542,Bryan Hudson,19,7,51,54,201,219,Top,2026-04-05,2026-04-05T18:10:00Z,CWS,TOR,H,Bryan Hudson,False,RELIEF_OR_BULK,19,4,2,0,0,2,0,1,0,P,,False,https://statsapi.mlb.com/api/v1.1/game/824620/feed/live,both,True,True,https://raw.githubusercontent.com/lancebroz/mlb-pitcher-data/main/data/raw/2026/daily/2026-04-05.parquet,QA_VALIDATED
824620,669684,Chris Murphy,15,9,67,70,266,280,Top,2026-04-05,2026-04-05T18:10:00Z,CWS,TOR,H,Chris Murphy,False,RELIEF_OR_BULK,15,4,3,0,0,0,1,1,0,P,,False,https://statsapi.mlb.com/api/v1.1/game/824620/feed/live,both,True,True,https://raw.githubusercontent.com/lancebroz/mlb-pitcher-data/main/data/raw/2026/daily/2026-04-05.parquet,QA_VALIDATED
824620,673929,Jordan Leasure,19,7,55,61,220,246,Top,2026-04-05,2026-04-05T18:10:00Z,CWS,TOR,H,Jordan Leasure,False,RELIEF_OR_BULK,19,4,4,0,0,0,0,1,0,P,,False,https://statsapi.mlb.com/api/v1.1/game/824620/feed/live,both,True,True,https://raw.githubusercontent.com/lancebroz/mlb-pitcher-data/main/data/raw/2026/daily/2026-04-05.parquet,QA_VALIDATED
824620,693686,Spencer Miles,27,7,56,66,226,265,Bot,2026-04-05,2026-04-05T18:10:00Z,TOR,CWS,A,Spencer Miles,False,RELIEF_OR_BULK,27,8,6,0,0,2,0,2,0,P,,False,https://statsapi.mlb.com/api/v1.1/game/824620/feed/live,both,True,True,https://raw.githubusercontent.com/lancebroz/mlb-pitcher-data/main/data/raw/2026/daily/2026-04-05.parquet,QA_VALIDATED
824781,543056,Danny Coulombe,2,8,68,68,263,264,Top,2026-04-05,2026-04-05T17:35:00Z,BOS,SD,H,Danny Coulombe,False,RELIEF_OR_BULK,2,1,1,0,0,0,0,0,0,P,,False,https://statsapi.mlb.com/api/v1.1/game/824781/feed/live,both,True,True,https://raw.githubusercontent.com/lancebroz/mlb-pitcher-data/main/data/raw/2026/daily/2026-04-05.parquet,QA_VALIDATED
824781,593974,Wandy Peralta,10,7,60,62,235,244,Bot,2026-04-05,2026-04-05T17:35:00Z,SD,BOS,A,Wandy Peralta,False,RELIEF_OR_BULK,10,3,1,1,1,2,0,0,0,P,,False,https://statsapi.mlb.com/api/v1.1/game/824781/feed/live,both,True,True,https://raw.githubusercontent.com/lancebroz/mlb-pitcher-data/main/data/raw/2026/daily/2026-04-05.parquet,QA_VALIDATED
824781,606996,Kyle Hart,28,3,23,45,104,182,Bot,2026-04-05,2026-04-05T17:35:00Z,SD,BOS,A,Kyle Hart,False,RELIEF_OR_BULK,28,9,7,0,0,1,1,0,0,P,,False,https://statsapi.mlb.com/api/v1.1/game/824781/feed/live,both,True,True,https://raw.githubusercontent.com/lancebroz/mlb-pitcher-data/main/data/raw/2026/daily/2026-04-05.parquet,QA_VALIDATED
824781,621111,Walker Buehler,61,1,3,22,15,103,Bot,2026-04-05,2026-04-05T17:35:00Z,SD,BOS,A,Walker Buehler,True,STARTER,61,14,8,4,4,3,3,4,0,P,,False,https://statsapi.mlb.com/api/v1.1/game/824781/feed/live,both,True,True,https://raw.githubusercontent.com/lancebroz/mlb-pitcher-data/main/data/raw/2026/daily/2026-04-05.parquet,QA_VALIDATED
824781,624133,Ranger Suarez,75,1,0,36,1,149,Top,2026-04-05,2026-04-05T17:35:00Z,BOS,SD,H,Ranger Suarez,True,STARTER,75,18,12,4,4,6,2,2,0,P,,False,https://statsapi.mlb.com/api/v1.1/game/824781/feed/live,both,True,True,https://raw.githubusercontent.com/lancebroz/mlb-pitcher-data/main/data/raw/2026/daily/2026-04-05.parquet,QA_VALIDATED
824781,669093,Jeremiah Estrada,13,8,69,71,265,277,Bot,2026-04-05,2026-04-05T17:35:00Z,SD,BOS,A,Jeremiah Estrada,False,RELIEF_OR_BULK,13,3,3,0,0,0,0,1,0,P,,False,https://statsapi.mlb.com/api/v1.1/game/824781/feed/live,both,True,True,https://raw.githubusercontent.com/lancebroz/mlb-pitcher-data/main/data/raw/2026/daily/2026-04-05.parquet,QA_VALIDATED
824781,669711,Greg Weissert,18,5,37,41,150,167,Top,2026-04-05,2026-04-05T17:35:00Z,BOS,SD,H,Greg Weissert,False,RELIEF_OR_BULK,18,5,3,2,2,2,0,3,1,P,,False,https://statsapi.mlb.com/api/v1.1/game/824781/feed/live,both,True,True,https://raw.githubusercontent.com/lancebroz/mlb-pitcher-data/main/data/raw/2026/daily/2026-04-05.parquet,QA_VALIDATED
824781,677161,Zack Kelly,17,9,72,75,278,294,Top,2026-04-05,2026-04-05T17:35:00Z,BOS,SD,H,Zack Kelly,False,RELIEF_OR_BULK,17,4,3,1,1,1,0,0,0,P,,False,https://statsapi.mlb.com/api/v1.1/game/824781/feed/live,both,True,True,https://raw.githubusercontent.com/lancebroz/mlb-pitcher-data/main/data/raw/2026/daily/2026-04-05.parquet,QA_VALIDATED
824781,695243,Mason Miller,12,9,76,78,295,306,Bot,2026-04-05,2026-04-05T17:35:00Z,SD,BOS,A,Mason Miller,False,RELIEF_OR_BULK,12,3,3,0,0,0,0,3,0,P,,False,https://statsapi.mlb.com/api/v1.1/game/824781/feed/live,both,True,True,https://raw.githubusercontent.com/lancebroz/mlb-pitcher-data/main/data/raw/2026/daily/2026-04-05.parquet,QA_VALIDATED
824781,699134,Bradgley Rodriguez,25,6,49,59,199,234,Bot,2026-04-05,2026-04-05T17:35:00Z,SD,BOS,A,Bradgley Rodriguez,False,RELIEF_OR_BULK,25,8,5,1,1,3,0,2,0,P,,False,https://statsapi.mlb.com/api/v1.1/game/824781/feed/live,both,True,True,https://raw.githubusercontent.com/lancebroz/mlb-pitcher-data/main/data/raw/2026/daily/2026-04-05.parquet,QA_VALIDATED
824781,700413,Tyler Uberstine,45,6,46,67,183,262,Top,2026-04-05,2026-04-05T17:35:00Z,BOS,SD,H,Tyler Uberstine,False,RELIEF_OR_BULK,45,11,8,1,1,3,1,2,1,P,,False,https://statsapi.mlb.com/api/v1.1/game/824781/feed/live,both,True,True,https://raw.githubusercontent.com/lancebroz/mlb-pitcher-data/main/data/raw/2026/daily/2026-04-05.parquet,QA_VALIDATED
825025,595345,Steven Okert,9,5,41,43,179,187,Bot,2026-04-05,2026-04-05T20:05:00Z,HOU,ATH,A,Steven Okert,False,RELIEF_OR_BULK,9,3,1,2,2,1,1,0,0,P,,False,https://statsapi.mlb.com/api/v1.1/game/825025/feed/live,both,True,True,https://raw.githubusercontent.com/lancebroz/mlb-pitcher-data/main/data/raw/2026/daily/2026-04-05.parquet,QA_VALIDATED
825025,605130,Scott Barlow,16,8,72,75,301,316,Top,2026-04-05,2026-04-05T20:05:00Z,ATH,HOU,H,Scott Barlow,False,RELIEF_OR_BULK,16,4,0,4,4,2,2,0,1,P,,False,https://statsapi.mlb.com/api/v1.1/game/825025/feed/live,both,True,True,https://raw.githubusercontent.com/lancebroz/mlb-pitcher-data/main/data/raw/2026/daily/2026-04-05.parquet,QA_VALIDATED
825025,621121,Lance McCullers Jr.,79,1,4,40,20,178,Bot,2026-04-05,2026-04-05T20:05:00Z,HOU,ATH,A,Lance McCullers Jr.,True,STARTER,79,18,12,3,3,5,3,4,0,P,,False,https://statsapi.mlb.com/api/v1.1/game/825025/feed/live,both,True,True,https://raw.githubusercontent.com/lancebroz/mlb-pitcher-data/main/data/raw/2026/daily/2026-04-05.parquet,QA_VALIDATED
825025,643410,Mark Leiter Jr.,26,8,76,80,317,342,Top,2026-04-05,2026-04-05T20:05:00Z,ATH,HOU,H,Mark Leiter Jr.,False,RELIEF_OR_BULK,26,5,3,0,0,1,1,0,0,P,,False,https://statsapi.mlb.com/api/v1.1/game/825025/feed/live,both,True,True,https://raw.githubusercontent.com/lancebroz/mlb-pitcher-data/main/data/raw/2026/daily/2026-04-05.parquet,QA_VALIDATED
825025,650556,Bryan Abreu,16,9,91,99,373,410,Bot,2026-04-05,2026-04-05T20:05:00Z,HOU,ATH,A,Bryan Abreu,False,RELIEF_OR_BULK,16,3,1,3,2,2,1,0,1,P,,False,https://statsapi.mlb.com/api/v1.1/game/825025/feed/live,both,True,True,https://raw.githubusercontent.com/lancebroz/mlb-pitcher-data/main/data/raw/2026/daily/2026-04-05.parquet,QA_VALIDATED
825025,663687,Hogan Harris,21,9,84,94,349,394,Top,2026-04-05,2026-04-05T20:05:00Z,ATH,HOU,H,Hogan Harris,False,RELIEF_OR_BULK,21,7,4,1,0,1,2,2,0,P,,False,https://statsapi.mlb.com/api/v1.1/game/825025/feed/live,both,True,True,https://raw.githubusercontent.com/lancebroz/mlb-pitcher-data/main/data/raw/2026/daily/2026-04-05.parquet,QA_VALIDATED
825025,665660,Elvis Alvarado,8,10,96,97,395,402,Top,2026-04-05,2026-04-05T20:05:00Z,ATH,HOU,H,Elvis Alvarado,False,RELIEF_OR_BULK,8,2,2,0,0,0,0,1,0,P,,False,https://statsapi.mlb.com/api/v1.1/game/825025/feed/live,both,True,True,https://raw.githubusercontent.com/lancebroz/mlb-pitcher-data/main/data/raw/2026/daily/2026-04-05.parquet,QA_VALIDATED
825025,669372,J.T. Ginn,27,6,51,61,211,253,Top,2026-04-05,2026-04-05T20:05:00Z,ATH,HOU,H,J.T. Ginn,False,RELIEF_OR_BULK,27,6,4,2,2,2,0,1,1,P,,False,https://statsapi.mlb.com/api/v1.1/game/825025/feed/live,both,True,True,https://raw.githubusercontent.com/lancebroz/mlb-pitcher-data/main/data/raw/2026/daily/2026-04-05.parquet,QA_VALIDATED
825025,682052,Jacob Lopez,92,1,0,35,1,159,Top,2026-04-05,2026-04-05T20:05:00Z,ATH,HOU,H,Jacob Lopez,True,STARTER,92,21,13,3,3,3,5,6,1,P,,False,https://statsapi.mlb.com/api/v1.1/game/825025/feed/live,both,True,True,https://raw.githubusercontent.com/lancebroz/mlb-pitcher-data/main/data/raw/2026/daily/2026-04-05.parquet,QA_VALIDATED
825025,685005,Christian Roa,27,7,67,71,274,300,Bot,2026-04-05,2026-04-05T20:05:00Z,HOU,ATH,A,Christian Roa,False,RELIEF_OR_BULK,27,5,2,0,0,2,1,0,0,P,,False,https://statsapi.mlb.com/api/v1.1/game/825025/feed/live,both,True,True,https://raw.githubusercontent.com/lancebroz/mlb-pitcher-data/main/data/raw/2026/daily/2026-04-05.parquet,QA_VALIDATED
825025,686993,Justin Sterner,22,5,36,50,160,210,Top,2026-04-05,2026-04-05T20:05:00Z,ATH,HOU,H,Justin Sterner,False,RELIEF_OR_BULK,22,6,4,0,0,2,1,1,0,P,,False,https://statsapi.mlb.com/api/v1.1/game/825025/feed/live,both,True,True,https://raw.githubusercontent.com/lancebroz/mlb-pitcher-data/main/data/raw/2026/daily/2026-04-05.parquet,QA_VALIDATED
825025,687911,Bryan King,23,8,81,90,343,372,Bot,2026-04-05,2026-04-05T20:05:00Z,HOU,ATH,A,Bryan King,False,RELIEF_OR_BULK,23,7,5,0,0,1,1,1,0,P,,False,https://statsapi.mlb.com/api/v1.1/game/825025/feed/live,both,True,True,https://raw.githubusercontent.com/lancebroz/mlb-pitcher-data/main/data/raw/2026/daily/2026-04-05.parquet,QA_VALIDATED
825025,805123,AJ Blubaugh,44,5,44,66,188,273,Bot,2026-04-05,2026-04-05T20:05:00Z,HOU,ATH,A,AJ Blubaugh,False,RELIEF_OR_BULK,44,13,6,4,4,5,2,1,1,P,,False,https://statsapi.mlb.com/api/v1.1/game/825025/feed/live,both,True,True,https://raw.githubusercontent.com/lancebroz/mlb-pitcher-data/main/data/raw/2026/daily/2026-04-05.parquet,QA_VALIDATED
825102,527048,Martín Pérez,75,1,5,44,21,171,Bot,2026-04-05,2026-04-05T20:10:00Z,ATL,AZ,A,Martín Pérez,True,STARTER,75,20,15,4,4,5,1,1,0,P,,False,https://statsapi.mlb.com/api/v1.1/game/825102/feed/live,both,True,True,https://raw.githubusercontent.com/lancebroz/mlb-pitcher-data/main/data/raw/2026/daily/2026-04-05.parquet,QA_VALIDATED
825102,606303,Joel Payamps,1,10,80,80,298,298,Bot,2026-04-05,2026-04-05T20:10:00Z,ATL,AZ,A,Joel Payamps,False,RELIEF_OR_BULK,1,1,0,1,0,1,0,0,0,P,,False,https://statsapi.mlb.com/api/v1.1/game/825102/feed/live,both,True,True,https://raw.githubusercontent.com/lancebroz/mlb-pitcher-data/main/data/raw/2026/daily/2026-04-05.parquet,QA_VALIDATED
825102,628452,Raisel Iglesias,14,9,74,76,275,288,Bot,2026-04-05,2026-04-05T20:10:00Z,ATL,AZ,A,Raisel Iglesias,False,RELIEF_OR_BULK,14,3,3,0,0,0,0,1,0,P,,False,https://statsapi.mlb.com/api/v1.1/game/825102/feed/live,both,True,True,https://raw.githubusercontent.com/lancebroz/mlb-pitcher-data/main/data/raw/2026/daily/2026-04-05.parquet,QA_VALIDATED
825102,641755,Tyler Kinley,19,6,45,49,172,190,Bot,2026-04-05,2026-04-05T20:10:00Z,ATL,AZ,A,Tyler Kinley,False,RELIEF_OR_BULK,19,5,3,0,0,1,1,0,0,P,,False,https://statsapi.mlb.com/api/v1.1/game/825102/feed/live,both,True,True,https://raw.githubusercontent.com/lancebroz/mlb-pitcher-data/main/data/raw/2026/daily/2026-04-05.parquet,QA_VALIDATED
825102,642528,Jonathan Loáisiga,25,9,68,73,250,274,Top,2026-04-05,2026-04-05T20:10:00Z,AZ,ATL,H,Jonathan Loáisiga,False,RELIEF_OR_BULK,25,6,3,1,1,3,0,1,0,P,,False,https://statsapi.mlb.com/api/v1.1/game/825102/feed/live,both,True,True,https://raw.githubusercontent.com/lancebroz/mlb-pitcher-data/main/data/raw/2026/daily/2026-04-05.parquet,QA_VALIDATED
825102,656464,Kevin Ginkel,13,8,61,64,223,235,Top,2026-04-05,2026-04-05T20:10:00Z,AZ,ATL,H,Kevin Ginkel,False,RELIEF_OR_BULK,13,4,3,0,0,1,0,1,0,P,,False,https://statsapi.mlb.com/api/v1.1/game/825102/feed/live,both,True,True,https://raw.githubusercontent.com/lancebroz/mlb-pitcher-data/main/data/raw/2026/daily/2026-04-05.parquet,QA_VALIDATED
825102,657044,Ryan Thompson,14,7,50,55,191,204,Top,2026-04-05,2026-04-05T20:10:00Z,AZ,ATL,H,Ryan Thompson,False,RELIEF_OR_BULK,14,6,3,1,0,1,1,1,0,P,,False,https://statsapi.mlb.com/api/v1.1/game/825102/feed/live,both,True,True,https://raw.githubusercontent.com/lancebroz/mlb-pitcher-data/main/data/raw/2026/daily/2026-04-05.parquet,QA_VALIDATED
825102,663158,Robert Suarez,14,8,65,67,236,249,Bot,2026-04-05,2026-04-05T20:10:00Z,ATL,AZ,A,Robert Suarez,False,RELIEF_OR_BULK,14,3,3,0,0,0,0,3,0,P,,False,https://statsapi.mlb.com/api/v1.1/game/825102/feed/live,both,True,True,https://raw.githubusercontent.com/lancebroz/mlb-pitcher-data/main/data/raw/2026/daily/2026-04-05.parquet,QA_VALIDATED
825102,664199,Taylor Clarke,17,5,37,43,140,167,Top,2026-04-05,2026-04-05T20:10:00Z,AZ,ATL,H,Taylor Clarke,False,RELIEF_OR_BULK,17,4,4,0,0,0,0,1,0,P,,False,https://statsapi.mlb.com/api/v1.1/game/825102/feed/live,both,True,True,https://raw.githubusercontent.com/lancebroz/mlb-pitcher-data/main/data/raw/2026/daily/2026-04-05.parquet,QA_VALIDATED
825102,669276,Dylan Lee,18,7,56,60,205,222,Bot,2026-04-05,2026-04-05T20:10:00Z,ATL,AZ,A,Dylan Lee,False,RELIEF_OR_BULK,18,5,3,1,1,2,0,0,0,P,,False,https://statsapi.mlb.com/api/v1.1/game/825102/feed/live,both,True,True,https://raw.githubusercontent.com/lancebroz/mlb-pitcher-data/main/data/raw/2026/daily/2026-04-05.parquet,QA_VALIDATED
825102,688497,Taylor Rashi,9,10,77,79,289,297,Top,2026-04-05,2026-04-05T20:10:00Z,AZ,ATL,H,Taylor Rashi,False,RELIEF_OR_BULK,9,3,3,0,0,0,0,0,0,P,,False,https://statsapi.mlb.com/api/v1.1/game/825102/feed/live,both,True,True,https://raw.githubusercontent.com/lancebroz/mlb-pitcher-data/main/data/raw/2026/daily/2026-04-05.parquet,QA_VALIDATED
825102,694297,Brandon Pfaadt,79,1,0,36,1,139,Top,2026-04-05,2026-04-05T20:10:00Z,AZ,ATL,H,Brandon Pfaadt,True,STARTER,79,21,14,3,3,6,2,2,1,P,,False,https://statsapi.mlb.com/api/v1.1/game/825102/feed/live,both,True,True,https://raw.githubusercontent.com/lancebroz/mlb-pitcher-data/main/data/raw/2026/daily/2026-04-05.parquet,QA_VALIDATED
822755,592773,Ryne Stanek,23,7,62,74,231,287,Bot,2026-04-06,2026-04-06T22:45:00Z,STL,WSH,A,Ryne Stanek,False,RELIEF_OR_BULK,23,5,2,3,3,3,0,1,1,P,,False,https://statsapi.mlb.com/api/v1.1/game/822755/feed/live,both,True,True,https://raw.githubusercontent.com/lancebroz/mlb-pitcher-data/main/data/raw/2026/daily/2026-04-06.parquet,QA_VALIDATED
822755,641793,Zack Littell,70,1,0,39,1,141,Top,2026-04-06,2026-04-06T22:45:00Z,WSH,STL,H,Zack Littell,True,STARTER,70,22,15,1,1,4,3,6,0,P,,False,https://statsapi.mlb.com/api/v1.1/game/822755/feed/live,both,True,True,https://raw.githubusercontent.com/lancebroz/mlb-pitcher-data/main/data/raw/2026/daily/2026-04-06.parquet,QA_VALIDATED
822755,668941,JoJo Romero,21,6,54,61,199,230,Bot,2026-04-06,2026-04-06T22:45:00Z,STL,WSH,A,JoJo Romero,False,RELIEF_OR_BULK,21,5,3,0,0,2,1,0,0,P,,False,https://statsapi.mlb.com/api/v1.1/game/822755/feed/live,both,True,True,https://raw.githubusercontent.com/lancebroz/mlb-pitcher-data/main/data/raw/2026/daily/2026-04-06.parquet,QA_VALIDATED
822755,669467,Andre Pallante,88,1,4,43,17,158,Bot,2026-04-06,2026-04-06T22:45:00Z,STL,WSH,A,Andre Pallante,True,STARTER,88,22,15,2,2,3,4,2,0,P,,False,https://statsapi.mlb.com/api/v1.1/game/822755/feed/live,both,True,True,https://raw.githubusercontent.com/lancebroz/mlb-pitcher-data/main/data/raw/2026/daily/2026-04-06.parquet,QA_VALIDATED
822755,672335,Cionel Pérez,21,9,80,83,301,321,Top,2026-04-06,2026-04-06T22:45:00Z,WSH,STL,H,Cionel Pérez,False,RELIEF_OR_BULK,21,4,3,0,0,1,0,0,0,P,,False,https://statsapi.mlb.com/api/v1.1/game/822755/feed/live,both,True,True,https://raw.githubusercontent.com/lancebroz/mlb-pitcher-data/main/data/raw/2026/daily/2026-04-06.parquet,QA_VALIDATED
822755,677865,Justin Bruihl,23,6,49,53,176,198,Bot,2026-04-06,2026-04-06T22:45:00Z,STL,WSH,A,Justin Bruihl,False,RELIEF_OR_BULK,23,5,2,1,1,1,2,0,0,P,,False,https://statsapi.mlb.com/api/v1.1/game/822755/feed/live,both,True,True,https://raw.githubusercontent.com/lancebroz/mlb-pitcher-data/main/data/raw/2026/daily/2026-04-06.parquet,QA_VALIDATED
822755,686610,Ken Waldichuk,33,6,44,64,159,239,Top,2026-04-06,2026-04-06T22:45:00Z,WSH,STL,H,Ken Waldichuk,False,RELIEF_OR_BULK,33,10,7,3,3,2,2,2,2,P,,False,https://statsapi.mlb.com/api/v1.1/game/822755/feed/live,both,True,True,https://raw.githubusercontent.com/lancebroz/mlb-pitcher-data/main/data/raw/2026/daily/2026-04-06.parquet,QA_VALIDATED
822755,694335,Matt Svanson,13,8,75,79,288,300,Bot,2026-04-06,2026-04-06T22:45:00Z,STL,WSH,A,Matt Svanson,False,RELIEF_OR_BULK,13,5,2,3,3,3,0,1,2,P,,False,https://statsapi.mlb.com/api/v1.1/game/822755/feed/live,both,True,True,https://raw.githubusercontent.com/lancebroz/mlb-pitcher-data/main/data/raw/2026/daily/2026-04-06.parquet,QA_VALIDATED
822755,701552,Andre Granillo,29,8,65,70,240,268,Top,2026-04-06,2026-04-06T22:45:00Z,WSH,STL,H,Andre Granillo,False,RELIEF_OR_BULK,29,6,2,2,2,2,2,0,0,P,,False,https://statsapi.mlb.com/api/v1.1/game/822755/feed/live,both,True,True,https://raw.githubusercontent.com/lancebroz/mlb-pitcher-data/main/data/raw/2026/daily/2026-04-06.parquet,QA_VALIDATED
822832,453286,Max Scherzer,36,1,0,15,1,65,Top,2026-04-06,2026-04-06T23:07:00Z,TOR,LAD,H,Max Scherzer,True,STARTER,36,9,6,2,2,2,1,2,1,P,,False,https://statsapi.mlb.com/api/v1.1/game/822832/feed/live,both,True,True,https://raw.githubusercontent.com/lancebroz/mlb-pitcher-data/main/data/raw/2026/daily/2026-04-06.parquet,QA_VALIDATED
822832,500743,Miguel Rojas,18,9,82,87,318,335,Bot,2026-04-06,2026-04-06T23:07:00Z,LAD,TOR,A,Miguel Rojas,False,RELIEF_OR_BULK,18,6,3,1,1,1,1,0,0,P,,False,https://statsapi.mlb.com/api/v1.1/game/822832/feed/live,both,True,True,https://raw.githubusercontent.com/lancebroz/mlb-pitcher-data/main/data/raw/2026/daily/2026-04-06.parquet,QA_VALIDATED
822832,573009,Joe Mantiply,25,6,48,52,192,216,Top,2026-04-06,2026-04-06T23:07:00Z,TOR,LAD,H,Joe Mantiply,False,RELIEF_OR_BULK,25,5,2,3,3,1,2,1,1,P,,False,https://statsapi.mlb.com/api/v1.1/game/822832/feed/live,both,True,True,https://raw.githubusercontent.com/lancebroz/mlb-pitcher-data/main/data/raw/2026/daily/2026-04-06.parquet,QA_VALIDATED
822832,623168,Tyler Heineman,11,9,79,81,307,317,Top,2026-04-06,2026-04-06T23:07:00Z,TOR,LAD,H,Tyler Heineman,False,RELIEF_OR_BULK,11,3,3,0,0,0,0,0,0,C|P,800,True,https://statsapi.mlb.com/api/v1.1/game/822832/feed/live,both,True,True,https://raw.githubusercontent.com/lancebroz/mlb-pitcher-data/main/data/raw/2026/daily/2026-04-06.parquet,QA_VALIDATED
822832,667297,Tommy Nance,36,6,53,66,217,265,Top,2026-04-06,2026-04-06T23:07:00Z,TOR,LAD,H,Tommy Nance,False,RELIEF_OR_BULK,36,10,4,4,4,6,0,3,1,P,,False,https://statsapi.mlb.com/api/v1.1/game/822832/feed/live,both,True,True,https://raw.githubusercontent.com/lancebroz/mlb-pitcher-data/main/data/raw/2026/daily/2026-04-06.parquet,QA_VALIDATED
822832,676596,Josh Fleming,77,3,19,43,76,176,Top,2026-04-06,2026-04-06T23:07:00Z,TOR,LAD,H,Josh Fleming,False,RELIEF_OR_BULK,77,18,9,4,4,6,2,1,1,P,,False,https://statsapi.mlb.com/api/v1.1/game/822832/feed/live,both,True,True,https://raw.githubusercontent.com/lancebroz/mlb-pitcher-data/main/data/raw/2026/daily/2026-04-06.parquet,QA_VALIDATED
822832,680736,Justin Wrobleski,78,1,5,47,21,191,Bot,2026-04-06,2026-04-06T23:07:00Z,LAD,TOR,A,Justin Wrobleski,True,STARTER,78,21,15,1,1,2,4,2,0,P,,False,https://statsapi.mlb.com/api/v1.1/game/822832/feed/live,both,True,True,https://raw.githubusercontent.com/lancebroz/mlb-pitcher-data/main/data/raw/2026/daily/2026-04-06.parquet,QA_VALIDATED
822832,683618,Edgardo Henriquez,11,8,76,78,296,306,Bot,2026-04-06,2026-04-06T23:07:00Z,LAD,TOR,A,Edgardo Henriquez,False,RELIEF_OR_BULK,11,3,3,0,0,0,0,2,0,P,,False,https://statsapi.mlb.com/api/v1.1/game/822832/feed/live,both,True,True,https://raw.githubusercontent.com/lancebroz/mlb-pitcher-data/main/data/raw/2026/daily/2026-04-06.parquet,QA_VALIDATED
822832,693686,Spencer Miles,16,8,71,75,280,295,Top,2026-04-06,2026-04-06T23:07:00Z,TOR,LAD,H,Spencer Miles,False,RELIEF_OR_BULK,16,5,3,1,1,2,0,1,1,P,,False,https://statsapi.mlb.com/api/v1.1/game/822832/feed/live,both,True,True,https://raw.githubusercontent.com/lancebroz/mlb-pitcher-data/main/data/raw/2026/daily/2026-04-06.parquet,QA_VALIDATED
822832,694361,Will Klein,27,6,55,70,228,279,Bot,2026-04-06,2026-04-06T23:07:00Z,LAD,TOR,A,Will Klein,False,RELIEF_OR_BULK,27,8,6,0,0,2,0,2,0,P,,False,https://statsapi.mlb.com/api/v1.1/game/822832/feed/live,both,True,True,https://raw.githubusercontent.com/lancebroz/mlb-pitcher-data/main/data/raw/2026/daily/2026-04-06.parquet,QA_VALIDATED
822918,594798,Jacob deGrom,78,1,0,32,1,144,Top,2026-04-06,2026-04-07T00:05:00Z,TEX,SEA,H,Jacob deGrom,True,STARTER,78,17,15,1,1,1,1,6,1,P,,False,https://statsapi.mlb.com/api/v1.1/game/822918/feed/live,both,True,True,https://raw.githubusercontent.com/lancebroz/mlb-pitcher-data/main/data/raw/2026/daily/2026-04-06.parquet,QA_VALIDATED
822918,596001,Jakob Junis,4,9,60,62,260,263,Top,2026-04-06,2026-04-07T00:05:00Z,TEX,SEA,H,Jakob Junis,False,RELIEF_OR_BULK,4,3,3,0,0,0,0,0,0,P,,False,https://statsapi.mlb.com/api/v1.1/game/822918/feed/live,both,True,True,https://raw.githubusercontent.com/lancebroz/mlb-pitcher-data/main/data/raw/2026/daily/2026-04-06.parquet,QA_VALIDATED
822918,641302,Tyler Alexander,17,7,45,47,191,207,Top,2026-04-06,2026-04-07T00:05:00Z,TEX,SEA,H,Tyler Alexander,False,RELIEF_OR_BULK,17,3,2,0,0,1,0,1,0,P,,False,https://statsapi.mlb.com/api/v1.1/game/822918/feed/live,both,True,True,https://raw.githubusercontent.com/lancebroz/mlb-pitcher-data/main/data/raw/2026/daily/2026-04-06.parquet,QA_VALIDATED
822918,656222,Jalen Beeks,16,6,36,39,155,170,Top,2026-04-06,2026-04-07T00:05:00Z,TEX,SEA,H,Jalen Beeks,False,RELIEF_OR_BULK,16,4,3,0,0,0,1,0,0,P,,False,https://statsapi.mlb.com/api/v1.1/game/822918/feed/live,both,True,True,https://raw.githubusercontent.com/lancebroz/mlb-pitcher-data/main/data/raw/2026/daily/2026-04-06.parquet,QA_VALIDATED
822918,668390,Cole Winn,3,7,48,48,208,210,Top,2026-04-06,2026-04-07T00:05:00Z,TEX,SEA,H,Cole Winn,False,RELIEF_OR_BULK,3,1,1,0,0,0,0,0,0,P,,False,https://statsapi.mlb.com/api/v1.1/game/822918/feed/live,both,True,True,https://raw.githubusercontent.com/lancebroz/mlb-pitcher-data/main/data/raw/2026/daily/2026-04-06.parquet,QA_VALIDATED
822918,669302,Logan Gilbert,96,1,4,44,25,190,Bot,2026-04-06,2026-04-07T00:05:00Z,SEA,TEX,A,Logan Gilbert,True,STARTER,96,23,18,2,2,6,0,5,0,P,,False,https://statsapi.mlb.com/api/v1.1/game/822918/feed/live,both,True,True,https://raw.githubusercontent.com/lancebroz/mlb-pitcher-data/main/data/raw/2026/daily/2026-04-06.parquet,QA_VALIDATED
822918,676395,Robert Garcia,14,8,52,54,223,236,Top,2026-04-06,2026-04-07T00:05:00Z,TEX,SEA,H,Robert Garcia,False,RELIEF_OR_BULK,14,3,3,0,0,0,0,0,0,P,,False,https://statsapi.mlb.com/api/v1.1/game/822918/feed/live,both,True,True,https://raw.githubusercontent.com/lancebroz/mlb-pitcher-data/main/data/raw/2026/daily/2026-04-06.parquet,QA_VALIDATED
822918,678606,José A. Ferrer,12,7,49,51,211,222,Bot,2026-04-06,2026-04-07T00:05:00Z,SEA,TEX,A,José A. Ferrer,False,RELIEF_OR_BULK,12,3,3,0,0,0,0,2,0,P,,False,https://statsapi.mlb.com/api/v1.1/game/822918/feed/live,both,True,True,https://raw.githubusercontent.com/lancebroz/mlb-pitcher-data/main/data/raw/2026/daily/2026-04-06.parquet,QA_VALIDATED
822918,681867,Cooper Criswell,23,8,55,59,237,259,Bot,2026-04-06,2026-04-07T00:05:00Z,SEA,TEX,A,Cooper Criswell,False,RELIEF_OR_BULK,23,5,3,0,0,1,2,0,0,P,,False,https://statsapi.mlb.com/api/v1.1/game/822918/feed/live,both,True,True,https://raw.githubusercontent.com/lancebroz/mlb-pitcher-data/main/data/raw/2026/daily/2026-04-06.parquet,QA_VALIDATED
823002,592791,Jameson Taillon,83,1,4,49,20,182,Bot,2026-04-06,2026-04-06T20:10:00Z,CHC,TB,A,Jameson Taillon,True,STARTER,83,25,18,4,3,7,0,4,2,P,,False,https://statsapi.mlb.com/api/v1.1/game/823002/feed/live,both,True,True,https://raw.githubusercontent.com/lancebroz/mlb-pitcher-data/main/data/raw/2026/daily/2026-04-06.parquet,QA_VALIDATED
823002,641329,Bryan Baker,14,9,64,67,237,250,Top,2026-04-06,2026-04-06T20:10:00Z,TB,CHC,H,Bryan Baker,False,RELIEF_OR_BULK,14,4,3,1,1,1,0,2,1,P,,False,https://statsapi.mlb.com/api/v1.1/game/823002/feed/live,both,True,True,https://raw.githubusercontent.com/lancebroz/mlb-pitcher-data/main/data/raw/2026/daily/2026-04-06.parquet,QA_VALIDATED
823002,663556,Shane McClanahan,69,1,0,31,1,120,Top,2026-04-06,2026-04-06T20:10:00Z,TB,CHC,H,Shane McClanahan,True,STARTER,69,17,12,2,2,1,4,5,0,P,,False,https://statsapi.mlb.com/api/v1.1/game/823002/feed/live,both,True,True,https://raw.githubusercontent.com/lancebroz/mlb-pitcher-data/main/data/raw/2026/daily/2026-04-06.parquet,QA_VALIDATED
823002,664208,Phil Maton,19,7,53,57,196,214,Bot,2026-04-06,2026-04-06T20:10:00Z,CHC,TB,A,Phil Maton,False,RELIEF_OR_BULK,19,5,3,2,2,1,1,1,1,P,,False,https://statsapi.mlb.com/api/v1.1/game/823002/feed/live,both,True,True,https://raw.githubusercontent.com/lancebroz/mlb-pitcher-data/main/data/raw/2026/daily/2026-04-06.parquet,QA_VALIDATED
823002,685801,Hunter Bigge,20,7,51,60,188,226,Top,2026-04-06,2026-04-06T20:10:00Z,TB,CHC,H,Hunter Bigge,False,RELIEF_OR_BULK,20,5,5,0,0,0,0,0,0,P,,False,https://statsapi.mlb.com/api/v1.1/game/823002/feed/live,both,True,True,https://raw.githubusercontent.com/lancebroz/mlb-pitcher-data/main/data/raw/2026/daily/2026-04-06.parquet,QA_VALIDATED
823002,687330,Kevin Kelly,14,5,35,37,129,142,Top,2026-04-06,2026-04-06T20:10:00Z,TB,CHC,H,Kevin Kelly,False,RELIEF_OR_BULK,14,3,3,0,0,0,0,1,0,P,,False,https://statsapi.mlb.com/api/v1.1/game/823002/feed/live,both,True,True,https://raw.githubusercontent.com/lancebroz/mlb-pitcher-data/main/data/raw/2026/daily/2026-04-06.parquet,QA_VALIDATED
823002,693855,Ian Seymour,21,6,41,50,157,187,Top,2026-04-06,2026-04-06T20:10:00Z,TB,CHC,H,Ian Seymour,False,RELIEF_OR_BULK,21,6,4,1,1,2,0,1,0,P,,False,https://statsapi.mlb.com/api/v1.1/game/823002/feed/live,both,True,True,https://raw.githubusercontent.com/lancebroz/mlb-pitcher-data/main/data/raw/2026/daily/2026-04-06.parquet,QA_VALIDATED
823002,702303,Riley Martin,10,8,61,63,227,236,Bot,2026-04-06,2026-04-06T20:10:00Z,CHC,TB,A,Riley Martin,False,RELIEF_OR_BULK,10,3,3,0,0,1,0,0,0,P,,False,https://statsapi.mlb.com/api/v1.1/game/823002/feed/live,both,True,True,https://raw.githubusercontent.com/lancebroz/mlb-pitcher-data/main/data/raw/2026/daily/2026-04-06.parquet,QA_VALIDATED
823237,605288,Adrian Houser,89,1,0,54,1,203,Top,2026-04-06,2026-04-07T01:45:00Z,SF,PHI,H,Adrian Houser,True,STARTER,89,28,18,4,4,9,2,3,0,P,,False,https://statsapi.mlb.com/api/v1.1/game/823237/feed/live,both,True,True,https://raw.githubusercontent.com/lancebroz/mlb-pitcher-data/main/data/raw/2026/daily/2026-04-06.parquet,QA_VALIDATED
823237,621237,José Alvarado,22,7,63,65,233,254,Bot,2026-04-06,2026-04-07T01:45:00Z,PHI,SF,A,José Alvarado,False,RELIEF_OR_BULK,22,3,3,0,0,0,0,1,0,P,,False,https://statsapi.mlb.com/api/v1.1/game/823237/feed/live,both,True,True,https://raw.githubusercontent.com/lancebroz/mlb-pitcher-data/main/data/raw/2026/daily/2026-04-06.parquet,QA_VALIDATED
823237,621366,Ryan Borucki,12,7,55,58,204,215,Top,2026-04-06,2026-04-07T01:45:00Z,SF,PHI,H,Ryan Borucki,False,RELIEF_OR_BULK,12,4,1,2,2,2,1,0,0,P,,False,https://statsapi.mlb.com/api/v1.1/game/823237/feed/live,both,True,True,https://raw.githubusercontent.com/lancebroz/mlb-pitcher-data/main/data/raw/2026/daily/2026-04-06.parquet,QA_VALIDATED
823237,641745,Brad Keller,20,8,70,73,270,289,Bot,2026-04-06,2026-04-07T01:45:00Z,PHI,SF,A,Brad Keller,False,RELIEF_OR_BULK,20,4,3,0,0,1,0,2,0,P,,False,https://statsapi.mlb.com/api/v1.1/game/823237/feed/live,both,True,True,https://raw.githubusercontent.com/lancebroz/mlb-pitcher-data/main/data/raw/2026/daily/2026-04-06.parquet,QA_VALIDATED
823237,641835,Tim Mayza,9,5,44,46,168,176,Bot,2026-04-06,2026-04-07T01:45:00Z,PHI,SF,A,Tim Mayza,False,RELIEF_OR_BULK,9,3,3,0,0,0,0,1,0,P,,False,https://statsapi.mlb.com/api/v1.1/game/823237/feed/live,both,True,True,https://raw.githubusercontent.com/lancebroz/mlb-pitcher-data/main/data/raw/2026/daily/2026-04-06.parquet,QA_VALIDATED
823237,657424,Matt Gage,15,8,66,69,255,269,Top,2026-04-06,2026-04-07T01:45:00Z,SF,PHI,H,Matt Gage,False,RELIEF_OR_BULK,15,3,3,0,0,0,1,1,0,P,,False,https://statsapi.mlb.com/api/v1.1/game/823237/feed/live,both,True,True,https://raw.githubusercontent.com/lancebroz/mlb-pitcher-data/main/data/raw/2026/daily/2026-04-06.parquet,QA_VALIDATED
823237,661395,Jhoan Duran,16,9,78,81,309,324,Bot,2026-04-06,2026-04-07T01:45:00Z,PHI,SF,A,Jhoan Duran,False,RELIEF_OR_BULK,16,4,3,0,0,1,0,0,0,P,,False,https://statsapi.mlb.com/api/v1.1/game/823237/feed/live,both,True,True,https://raw.githubusercontent.com/lancebroz/mlb-pitcher-data/main/data/raw/2026/daily/2026-04-06.parquet,QA_VALIDATED
823237,668873,Caleb Kilian,17,7,59,62,216,232,Top,2026-04-06,2026-04-07T01:45:00Z,SF,PHI,H,Caleb Kilian,False,RELIEF_OR_BULK,17,4,2,0,0,0,1,1,0,P,,False,https://statsapi.mlb.com/api/v1.1/game/823237/feed/live,both,True,True,https://raw.githubusercontent.com/lancebroz/mlb-pitcher-data/main/data/raw/2026/daily/2026-04-06.parquet,QA_VALIDATED
823237,680742,Jonathan Bowlan,15,6,50,52,184,198,Bot,2026-04-06,2026-04-07T01:45:00Z,PHI,SF,A,Jonathan Bowlan,False,RELIEF_OR_BULK,15,3,3,0,0,0,0,2,0,P,,False,https://statsapi.mlb.com/api/v1.1/game/823237/feed/live,both,True,True,https://raw.githubusercontent.com/lancebroz/mlb-pitcher-data/main/data/raw/2026/daily/2026-04-06.parquet,QA_VALIDATED
823237,691725,Andrew Painter,90,1,4,36,15,153,Bot,2026-04-06,2026-04-07T01:45:00Z,PHI,SF,A,Andrew Painter,True,STARTER,90,21,12,4,4,9,1,1,0,P,,False,https://statsapi.mlb.com/api/v1.1/game/823237/feed/live,both,True,True,https://raw.githubusercontent.com/lancebroz/mlb-pitcher-data/main/data/raw/2026/daily/2026-04-06.parquet,QA_VALIDATED
823237,694918,Blade Tidwell,19,9,74,77,290,308,Top,2026-04-06,2026-04-07T01:45:00Z,SF,PHI,H,Blade Tidwell,False,RELIEF_OR_BULK,19,4,3,0,0,0,1,2,0,P,,False,https://statsapi.mlb.com/api/v1.1/game/823237/feed/live,both,True,True,https://raw.githubusercontent.com/lancebroz/mlb-pitcher-data/main/data/raw/2026/daily/2026-04-06.parquet,QA_VALIDATED
823401,608566,Germán Márquez,92,1,3,43,11,179,Bot,2026-04-06,2026-04-06T22:40:00Z,SD,PIT,A,Germán Márquez,True,STARTER,92,21,15,0,0,6,1,4,0,P,,False,https://statsapi.mlb.com/api/v1.1/game/823401/feed/live,both,True,True,https://raw.githubusercontent.com/lancebroz/mlb-pitcher-data/main/data/raw/2026/daily/2026-04-06.parquet,QA_VALIDATED
823401,642397,Gregory Soto,18,9,70,73,287,304,Top,2026-04-06,2026-04-06T22:40:00Z,PIT,SD,H,Gregory Soto,False,RELIEF_OR_BULK,18,4,3,0,0,0,1,1,0,P,,False,https://statsapi.mlb.com/api/v1.1/game/823401/feed/live,both,True,True,https://raw.githubusercontent.com/lancebroz/mlb-pitcher-data/main/data/raw/2026/daily/2026-04-06.parquet,QA_VALIDATED
823401,664875,Justin Lawrence,13,8,61,65,254,266,Top,2026-04-06,2026-04-06T22:40:00Z,PIT,SD,H,Justin Lawrence,False,RELIEF_OR_BULK,13,5,3,1,1,2,0,2,0,P,,False,https://statsapi.mlb.com/api/v1.1/game/823401/feed/live,both,True,True,https://raw.githubusercontent.com/lancebroz/mlb-pitcher-data/main/data/raw/2026/daily/2026-04-06.parquet,QA_VALIDATED
823401,670990,Yohan Ramírez,27,5,38,48,155,202,Top,2026-04-06,2026-04-06T22:40:00Z,PIT,SD,H,Yohan Ramírez,False,RELIEF_OR_BULK,27,7,5,1,1,2,0,0,0,P,,False,https://statsapi.mlb.com/api/v1.1/game/823401/feed/live,both,True,True,https://raw.githubusercontent.com/lancebroz/mlb-pitcher-data/main/data/raw/2026/daily/2026-04-06.parquet,QA_VALIDATED
823401,676755,Isaac Mattson,21,7,53,57,218,238,Top,2026-04-06,2026-04-06T22:40:00Z,PIT,SD,H,Isaac Mattson,False,RELIEF_OR_BULK,21,5,3,0,0,2,0,2,0,P,,False,https://statsapi.mlb.com/api/v1.1/game/823401/feed/live,both,True,True,https://raw.githubusercontent.com/lancebroz/mlb-pitcher-data/main/data/raw/2026/daily/2026-04-06.parquet,QA_VALIDATED
823401,676760,Ron Marinaccio,30,6,49,60,203,253,Bot,2026-04-06,2026-04-06T22:40:00Z,SD,PIT,A,Ron Marinaccio,False,RELIEF_OR_BULK,30,7,6,0,0,1,1,1,0,P,,False,https://statsapi.mlb.com/api/v1.1/game/823401/feed/live,both,True,True,https://raw.githubusercontent.com/lancebroz/mlb-pitcher-data/main/data/raw/2026/daily/2026-04-06.parquet,QA_VALIDATED
823401,688158,David Morgan,39,8,66,77,267,323,Bot,2026-04-06,2026-04-06T22:40:00Z,SD,PIT,A,David Morgan,False,RELIEF_OR_BULK,39,8,6,0,0,0,3,1,0,P,,False,https://statsapi.mlb.com/api/v1.1/game/823401/feed/live,both,True,True,https://raw.githubusercontent.com/lancebroz/mlb-pitcher-data/main/data/raw/2026/daily/2026-04-06.parquet,QA_VALIDATED
823401,696149,Bubba Chandler,83,1,0,37,1,154,Top,2026-04-06,2026-04-06T22:40:00Z,PIT,SD,H,Bubba Chandler,True,STARTER,83,21,13,3,3,5,4,4,0,P,,False,https://statsapi.mlb.com/api/v1.1/game/823401/feed/live,both,True,True,https://raw.githubusercontent.com/lancebroz/mlb-pitcher-data/main/data/raw/2026/daily/2026-04-06.parquet,QA_VALIDATED
823728,607455,Anthony Banda,17,6,50,53,207,223,Top,2026-04-06,2026-04-06T23:40:00Z,MIN,DET,H,Anthony Banda,False,RELIEF_OR_BULK,17,4,3,0,0,1,0,1,0,P,,False,https://statsapi.mlb.com/api/v1.1/game/823728/feed/live,both,True,True,https://raw.githubusercontent.com/lancebroz/mlb-pitcher-data/main/data/raw/2026/daily/2026-04-06.parquet,QA_VALIDATED
823728,623454,Drew Anderson,49,5,46,71,192,295,Bot,2026-04-06,2026-04-06T23:40:00Z,DET,MIN,A,Drew Anderson,False,RELIEF_OR_BULK,49,13,9,1,1,2,2,4,0,P,,False,https://statsapi.mlb.com/api/v1.1/game/823728/feed/live,both,True,True,https://raw.githubusercontent.com/lancebroz/mlb-pitcher-data/main/data/raw/2026/daily/2026-04-06.parquet,QA_VALIDATED
823728,657746,Joe Ryan,101,1,0,43,1,183,Top,2026-04-06,2026-04-06T23:40:00Z,MIN,DET,H,Joe Ryan,True,STARTER,101,22,15,3,2,3,3,7,0,P,,False,https://statsapi.mlb.com/api/v1.1/game/823728/feed/live,both,True,True,https://raw.githubusercontent.com/lancebroz/mlb-pitcher-data/main/data/raw/2026/daily/2026-04-06.parquet,QA_VALIDATED
823728,663554,Casey Mize,90,1,3,45,12,191,Bot,2026-04-06,2026-04-06T23:40:00Z,DET,MIN,A,Casey Mize,True,STARTER,90,24,13,5,5,7,3,4,1,P,,False,https://statsapi.mlb.com/api/v1.1/game/823728/feed/live,both,True,True,https://raw.githubusercontent.com/lancebroz/mlb-pitcher-data/main/data/raw/2026/daily/2026-04-06.parquet,QA_VALIDATED
823728,676428,Brant Hurter,23,8,72,76,296,318,Bot,2026-04-06,2026-04-06T23:40:00Z,DET,MIN,A,Brant Hurter,False,RELIEF_OR_BULK,23,5,2,1,1,1,2,2,0,P,,False,https://statsapi.mlb.com/api/v1.1/game/823728/feed/live,both,True,True,https://raw.githubusercontent.com/lancebroz/mlb-pitcher-data/main/data/raw/2026/daily/2026-04-06.parquet,QA_VALIDATED
823728,679358,Eric Orze,12,7,57,59,235,246,Top,2026-04-06,2026-04-06T23:40:00Z,MIN,DET,H,Eric Orze,False,RELIEF_OR_BULK,12,3,2,0,0,0,1,1,0,P,,False,https://statsapi.mlb.com/api/v1.1/game/823728/feed/live,both,True,True,https://raw.githubusercontent.com/lancebroz/mlb-pitcher-data/main/data/raw/2026/daily/2026-04-06.parquet,QA_VALIDATED
823728,681892,Kody Funderburk,20,7,60,67,247,280,Top,2026-04-06,2026-04-06T23:40:00Z,MIN,DET,H,Kody Funderburk,False,RELIEF_OR_BULK,20,4,2,0,0,0,3,0,0,P,,False,https://statsapi.mlb.com/api/v1.1/game/823728/feed/live,both,True,True,https://raw.githubusercontent.com/lancebroz/mlb-pitcher-data/main/data/raw/2026/daily/2026-04-06.parquet,QA_VALIDATED
823728,689520,Cody Laweryson,14,8,68,79,281,326,Top,2026-04-06,2026-04-06T23:40:00Z,MIN,DET,H,Cody Laweryson,False,RELIEF_OR_BULK,14,5,5,0,0,0,0,2,0,P,,False,https://statsapi.mlb.com/api/v1.1/game/823728/feed/live,both,True,True,https://raw.githubusercontent.com/lancebroz/mlb-pitcher-data/main/data/raw/2026/daily/2026-04-06.parquet,QA_VALIDATED
823886,641941,Emilio Pagán,13,9,64,66,225,237,Bot,2026-04-06,2026-04-06T22:40:00Z,CIN,MIA,A,Emilio Pagán,False,RELIEF_OR_BULK,13,3,3,0,0,0,0,0,0,P,,False,https://statsapi.mlb.com/api/v1.1/game/823886/feed/live,both,True,True,https://raw.githubusercontent.com/lancebroz/mlb-pitcher-data/main/data/raw/2026/daily/2026-04-06.parquet,QA_VALIDATED
823886,656271,Brock Burke,6,7,50,50,168,173,Bot,2026-04-06,2026-04-06T22:40:00Z,CIN,MIA,A,Brock Burke,False,RELIEF_OR_BULK,6,1,1,0,0,0,0,1,0,P,,False,https://statsapi.mlb.com/api/v1.1/game/823886/feed/live,both,True,True,https://raw.githubusercontent.com/lancebroz/mlb-pitcher-data/main/data/raw/2026/daily/2026-04-06.parquet,QA_VALIDATED
823886,663574,Tony Santillan,15,8,56,59,198,212,Bot,2026-04-06,2026-04-06T22:40:00Z,CIN,MIA,A,Tony Santillan,False,RELIEF_OR_BULK,15,4,3,0,0,0,1,1,0,P,,False,https://statsapi.mlb.com/api/v1.1/game/823886/feed/live,both,True,True,https://raw.githubusercontent.com/lancebroz/mlb-pitcher-data/main/data/raw/2026/daily/2026-04-06.parquet,QA_VALIDATED
823886,663969,Tyler Phillips,23,8,54,63,187,224,Top,2026-04-06,2026-04-06T22:40:00Z,MIA,CIN,H,Tyler Phillips,False,RELIEF_OR_BULK,23,6,5,0,0,0,1,1,0,P,,False,https://statsapi.mlb.com/api/v1.1/game/823886/feed/live,both,True,True,https://raw.githubusercontent.com/lancebroz/mlb-pitcher-data/main/data/raw/2026/daily/2026-04-06.parquet,QA_VALIDATED
823886,676083,Janson Junk,87,1,0,53,1,186,Top,2026-04-06,2026-04-06T22:40:00Z,MIA,CIN,H,Janson Junk,True,STARTER,87,28,22,2,2,7,1,3,1,P,,False,https://statsapi.mlb.com/api/v1.1/game/823886/feed/live,both,True,True,https://raw.githubusercontent.com/lancebroz/mlb-pitcher-data/main/data/raw/2026/daily/2026-04-06.parquet,QA_VALIDATED
823886,682227,Brandon Williamson,93,1,4,49,15,167,Bot,2026-04-06,2026-04-06T22:40:00Z,CIN,MIA,A,Brandon Williamson,True,STARTER,93,24,20,0,0,3,1,4,0,P,,False,https://statsapi.mlb.com/api/v1.1/game/823886/feed/live,both,True,True,https://raw.githubusercontent.com/lancebroz/mlb-pitcher-data/main/data/raw/2026/daily/2026-04-06.parquet,QA_VALIDATED
824052,519242,Chris Sale,77,1,4,36,17,136,Bot,2026-04-06,2026-04-07T01:38:00Z,ATL,LAA,A,Chris Sale,True,STARTER,77,21,12,6,6,5,2,7,2,P,,False,https://statsapi.mlb.com/api/v1.1/game/824052/feed/live,both,True,True,https://raw.githubusercontent.com/lancebroz/mlb-pitcher-data/main/data/raw/2026/daily/2026-04-06.parquet,QA_VALIDATED
824052,605447,Jordan Romano,3,9,64,64,239,241,Top,2026-04-06,2026-04-07T01:38:00Z,LAA,ATL,H,Jordan Romano,False,RELIEF_OR_BULK,3,1,1,0,0,0,0,0,0,P,,False,https://statsapi.mlb.com/api/v1.1/game/824052/feed/live,both,True,True,https://raw.githubusercontent.com/lancebroz/mlb-pitcher-data/main/data/raw/2026/daily/2026-04-06.parquet,QA_VALIDATED
824052,606303,Joel Payamps,11,5,37,39,137,147,Bot,2026-04-06,2026-04-07T01:38:00Z,ATL,LAA,A,Joel Payamps,False,RELIEF_OR_BULK,11,3,3,0,0,0,0,1,0,P,,False,https://statsapi.mlb.com/api/v1.1/game/824052/feed/live,both,True,True,https://raw.githubusercontent.com/lancebroz/mlb-pitcher-data/main/data/raw/2026/daily/2026-04-06.parquet,QA_VALIDATED
824052,607481,Aaron Bummer,7,6,43,45,158,164,Bot,2026-04-06,2026-04-07T01:38:00Z,ATL,LAA,A,Aaron Bummer,False,RELIEF_OR_BULK,7,3,3,0,0,0,0,1,0,P,,False,https://statsapi.mlb.com/api/v1.1/game/824052/feed/live,both,True,True,https://raw.githubusercontent.com/lancebroz/mlb-pitcher-data/main/data/raw/2026/daily/2026-04-06.parquet,QA_VALIDATED
824052,667755,José Soriano,97,1,0,55,1,200,Top,2026-04-06,2026-04-07T01:38:00Z,LAA,ATL,H,José Soriano,True,STARTER,97,26,24,1,1,3,0,10,1,P,,False,https://statsapi.mlb.com/api/v1.1/game/824052/feed/live,both,True,True,https://raw.githubusercontent.com/lancebroz/mlb-pitcher-data/main/data/raw/2026/daily/2026-04-06.parquet,QA_VALIDATED
824052,674370,Osvaldo Bido,18,7,49,58,178,210,Bot,2026-04-06,2026-04-07T01:38:00Z,ATL,LAA,A,Osvaldo Bido,False,RELIEF_OR_BULK,18,6,6,0,0,0,0,1,0,P,,False,https://statsapi.mlb.com/api/v1.1/game/824052/feed/live,both,True,True,https://raw.githubusercontent.com/lancebroz/mlb-pitcher-data/main/data/raw/2026/daily/2026-04-06.parquet,QA_VALIDATED
824052,681217,Chase Silseth,28,9,59,63,211,238,Top,2026-04-06,2026-04-07T01:38:00Z,LAA,ATL,H,Chase Silseth,False,RELIEF_OR_BULK,28,5,2,1,1,2,1,1,1,P,,False,https://statsapi.mlb.com/api/v1.1/game/824052/feed/live,both,True,True,https://raw.githubusercontent.com/lancebroz/mlb-pitcher-data/main/data/raw/2026/daily/2026-04-06.parquet,QA_VALIDATED
824376,623474,Jimmy Herget,33,6,52,63,168,208,Top,2026-04-06,2026-04-07T00:40:00Z,COL,HOU,H,Jimmy Herget,False,RELIEF_OR_BULK,33,7,5,1,1,2,0,1,0,P,,False,https://statsapi.mlb.com/api/v1.1/game/824376/feed/live,both,True,True,https://raw.githubusercontent.com/lancebroz/mlb-pitcher-data/main/data/raw/2026/daily/2026-04-06.parquet,QA_VALIDATED
824376,660853,Enyel De Los Santos,8,8,75,78,251,258,Bot,2026-04-06,2026-04-07T00:40:00Z,HOU,COL,A,Enyel De Los Santos,False,RELIEF_OR_BULK,8,4,3,0,0,1,0,0,0,P,,False,https://statsapi.mlb.com/api/v1.1/game/824376/feed/live,both,True,True,https://raw.githubusercontent.com/lancebroz/mlb-pitcher-data/main/data/raw/2026/daily/2026-04-06.parquet,QA_VALIDATED
824376,663372,Ryan Feltner,70,1,0,51,1,167,Top,2026-04-06,2026-04-07T00:40:00Z,COL,HOU,H,Ryan Feltner,True,STARTER,70,24,16,4,4,7,2,1,1,P,,False,https://statsapi.mlb.com/api/v1.1/game/824376/feed/live,both,True,True,https://raw.githubusercontent.com/lancebroz/mlb-pitcher-data/main/data/raw/2026/daily/2026-04-06.parquet,QA_VALIDATED
824376,675848,Juan Mejia,21,8,72,81,247,275,Top,2026-04-06,2026-04-07T00:40:00Z,COL,HOU,H,Juan Mejia,False,RELIEF_OR_BULK,21,6,5,0,0,0,1,1,0,P,,False,https://statsapi.mlb.com/api/v1.1/game/824376/feed/live,both,True,True,https://raw.githubusercontent.com/lancebroz/mlb-pitcher-data/main/data/raw/2026/daily/2026-04-06.parquet,QA_VALIDATED
824376,675989,Cody Bolton,63,1,6,36,20,117,Bot,2026-04-06,2026-04-07T00:40:00Z,HOU,COL,A,Cody Bolton,True,STARTER,63,17,13,2,2,3,2,5,0,P,,False,https://statsapi.mlb.com/api/v1.1/game/824376/feed/live,both,True,True,https://raw.githubusercontent.com/lancebroz/mlb-pitcher-data/main/data/raw/2026/daily/2026-04-06.parquet,QA_VALIDATED
824376,680802,Ryan Weiss,62,5,37,66,118,228,Bot,2026-04-06,2026-04-07T00:40:00Z,HOU,COL,A,Ryan Weiss,False,RELIEF_OR_BULK,62,19,8,7,6,8,2,4,1,P,,False,https://statsapi.mlb.com/api/v1.1/game/824376/feed/live,both,True,True,https://raw.githubusercontent.com/lancebroz/mlb-pitcher-data/main/data/raw/2026/daily/2026-04-06.parquet,QA_VALIDATED
824376,688642,Zach Agnos,18,8,67,71,229,246,Top,2026-04-06,2026-04-07T00:40:00Z,COL,HOU,H,Zach Agnos,False,RELIEF_OR_BULK,18,5,1,2,2,4,0,0,0,P,,False,https://statsapi.mlb.com/api/v1.1/game/824376/feed/live,both,True,True,https://raw.githubusercontent.com/lancebroz/mlb-pitcher-data/main/data/raw/2026/daily/2026-04-06.parquet,QA_VALIDATED
824456,608379,Michael Wacha,102,1,4,54,12,224,Bot,2026-04-06,2026-04-06T22:10:00Z,KC,CLE,A,Michael Wacha,True,STARTER,102,26,21,1,1,3,3,3,1,P,,False,https://statsapi.mlb.com/api/v1.1/game/824456/feed/live,both,True,True,https://raw.githubusercontent.com/lancebroz/mlb-pitcher-data/main/data/raw/2026/daily/2026-04-06.parquet,QA_VALIDATED
824456,621381,Matt Strahm,24,8,60,64,245,268,Bot,2026-04-06,2026-04-06T22:10:00Z,KC,CLE,A,Matt Strahm,False,RELIEF_OR_BULK,24,5,3,1,1,1,1,1,1,P,,False,https://statsapi.mlb.com/api/v1.1/game/824456/feed/live,both,True,True,https://raw.githubusercontent.com/lancebroz/mlb-pitcher-data/main/data/raw/2026/daily/2026-04-06.parquet,QA_VALIDATED
824456,663465,Kolby Allard,35,8,55,69,225,283,Top,2026-04-06,2026-04-06T22:10:00Z,CLE,KC,H,Kolby Allard,False,RELIEF_OR_BULK,35,10,6,2,2,3,1,2,1,P,,False,https://statsapi.mlb.com/api/v1.1/game/824456/feed/live,both,True,True,https://raw.githubusercontent.com/lancebroz/mlb-pitcher-data/main/data/raw/2026/daily/2026-04-06.parquet,QA_VALIDATED
824456,668674,Lucas Erceg,14,9,70,72,284,297,Bot,2026-04-06,2026-04-06T22:10:00Z,KC,CLE,A,Lucas Erceg,False,RELIEF_OR_BULK,14,3,3,0,0,0,0,1,0,P,,False,https://statsapi.mlb.com/api/v1.1/game/824456/feed/live,both,True,True,https://raw.githubusercontent.com/lancebroz/mlb-pitcher-data/main/data/raw/2026/daily/2026-04-06.parquet,QA_VALIDATED
824456,676440,Tanner Bibee,87,1,0,33,1,144,Top,2026-04-06,2026-04-06T22:10:00Z,CLE,KC,H,Tanner Bibee,True,STARTER,87,20,14,1,1,5,1,3,0,P,,False,https://statsapi.mlb.com/api/v1.1/game/824456/feed/live,both,True,True,https://raw.githubusercontent.com/lancebroz/mlb-pitcher-data/main/data/raw/2026/daily/2026-04-06.parquet,QA_VALIDATED
824456,682120,Tim Herrin,5,5,34,34,145,149,Top,2026-04-06,2026-04-06T22:10:00Z,CLE,KC,H,Tim Herrin,False,RELIEF_OR_BULK,5,1,1,0,0,0,0,0,0,P,,False,https://statsapi.mlb.com/api/v1.1/game/824456/feed/live,both,True,True,https://raw.githubusercontent.com/lancebroz/mlb-pitcher-data/main/data/raw/2026/daily/2026-04-06.parquet,QA_VALIDATED
824456,688883,Peyton Pallette,30,6,39,50,158,206,Top,2026-04-06,2026-04-06T22:10:00Z,CLE,KC,H,Peyton Pallette,False,RELIEF_OR_BULK,30,8,6,1,1,3,0,3,1,P,,False,https://statsapi.mlb.com/api/v1.1/game/824456/feed/live,both,True,True,https://raw.githubusercontent.com/lancebroz/mlb-pitcher-data/main/data/raw/2026/daily/2026-04-06.parquet,QA_VALIDATED
824619,607200,Erick Fedde,86,2,8,47,33,182,Top,2026-04-06,2026-04-06T23:40:00Z,CWS,BAL,H,Erick Fedde,False,RELIEF_OR_BULK,86,22,18,2,2,5,1,4,1,P,,False,https://statsapi.mlb.com/api/v1.1/game/824619/feed/live,both,True,True,https://raw.githubusercontent.com/lancebroz/mlb-pitcher-data/main/data/raw/2026/daily/2026-04-06.parquet,QA_VALIDATED
824619,608371,Lucas Sims,21,8,51,60,201,231,Top,2026-04-06,2026-04-06T23:40:00Z,CWS,BAL,H,Lucas Sims,False,RELIEF_OR_BULK,21,6,6,0,0,1,0,2,0,P,,False,https://statsapi.mlb.com/api/v1.1/game/824619/feed/live,both,True,True,https://raw.githubusercontent.com/lancebroz/mlb-pitcher-data/main/data/raw/2026/daily/2026-04-06.parquet,QA_VALIDATED
824619,664854,Ryan Helsley,24,9,61,66,232,255,Bot,2026-04-06,2026-04-06T23:40:00Z,BAL,CWS,A,Ryan Helsley,False,RELIEF_OR_BULK,24,6,3,1,1,1,2,1,0,P,,False,https://statsapi.mlb.com/api/v1.1/game/824619/feed/live,both,True,True,https://raw.githubusercontent.com/lancebroz/mlb-pitcher-data/main/data/raw/2026/daily/2026-04-06.parquet,QA_VALIDATED
824619,669330,Tyler Wells,32,6,41,50,160,200,Bot,2026-04-06,2026-04-06T23:40:00Z,BAL,CWS,A,Tyler Wells,False,RELIEF_OR_BULK,32,7,6,0,0,1,1,2,0,P,,False,https://statsapi.mlb.com/api/v1.1/game/824619/feed/live,both,True,True,https://raw.githubusercontent.com/lancebroz/mlb-pitcher-data/main/data/raw/2026/daily/2026-04-06.parquet,QA_VALIDATED
824619,670329,Rico Garcia,10,8,55,57,215,224,Bot,2026-04-06,2026-04-06T23:40:00Z,BAL,CWS,A,Rico Garcia,False,RELIEF_OR_BULK,10,3,3,0,0,0,0,1,0,P,,False,https://statsapi.mlb.com/api/v1.1/game/824619/feed/live,both,True,True,https://raw.githubusercontent.com/lancebroz/mlb-pitcher-data/main/data/raw/2026/daily/2026-04-06.parquet,QA_VALIDATED
824619,687064,Brandon Young,66,1,4,36,17,142,Bot,2026-04-06,2026-04-06T23:40:00Z,BAL,CWS,A,Brandon Young,True,STARTER,66,18,15,0,0,2,2,2,0,P,,False,https://statsapi.mlb.com/api/v1.1/game/824619/feed/live,both,True,True,https://raw.githubusercontent.com/lancebroz/mlb-pitcher-data/main/data/raw/2026/daily/2026-04-06.parquet,QA_VALIDATED
824619,691799,Grant Taylor,16,1,0,3,1,16,Top,2026-04-06,2026-04-06T23:40:00Z,CWS,BAL,H,Grant Taylor,True,STARTER,16,4,3,0,0,1,0,1,0,P,,False,https://statsapi.mlb.com/api/v1.1/game/824619/feed/live,both,True,True,https://raw.githubusercontent.com/lancebroz/mlb-pitcher-data/main/data/raw/2026/daily/2026-04-06.parquet,QA_VALIDATED
824783,543056,Danny Coulombe,23,4,36,39,135,157,Top,2026-04-06,2026-04-06T22:45:00Z,BOS,MIL,H,Danny Coulombe,False,RELIEF_OR_BULK,23,4,2,0,0,2,1,0,0,P,,False,https://statsapi.mlb.com/api/v1.1/game/824783/feed/live,both,True,True,https://raw.githubusercontent.com/lancebroz/mlb-pitcher-data/main/data/raw/2026/daily/2026-04-06.parquet,QA_VALIDATED
824783,605540,Brandon Woodruff,94,1,5,59,23,238,Bot,2026-04-06,2026-04-06T22:45:00Z,MIL,BOS,A,Brandon Woodruff,True,STARTER,94,27,17,5,5,8,2,4,0,P,,False,https://statsapi.mlb.com/api/v1.1/game/824783/feed/live,both,True,True,https://raw.githubusercontent.com/lancebroz/mlb-pitcher-data/main/data/raw/2026/daily/2026-04-06.parquet,QA_VALIDATED
824783,663558,Jovani Morán,45,5,47,63,189,254,Top,2026-04-06,2026-04-06T22:45:00Z,BOS,MIL,H,Jovani Morán,False,RELIEF_OR_BULK,45,11,9,1,1,1,1,4,0,P,,False,https://statsapi.mlb.com/api/v1.1/game/824783/feed/live,both,True,True,https://raw.githubusercontent.com/lancebroz/mlb-pitcher-data/main/data/raw/2026/daily/2026-04-06.parquet,QA_VALIDATED
824783,670245,Ryan Watson,10,9,78,82,314,323,Top,2026-04-06,2026-04-06T22:45:00Z,BOS,MIL,H,Ryan Watson,False,RELIEF_OR_BULK,10,5,3,1,1,2,0,0,0,P,,False,https://statsapi.mlb.com/api/v1.1/game/824783/feed/live,both,True,True,https://raw.githubusercontent.com/lancebroz/mlb-pitcher-data/main/data/raw/2026/daily/2026-04-06.parquet,QA_VALIDATED
824783,672582,Angel Zerpa,16,9,83,87,324,339,Bot,2026-04-06,2026-04-06T22:45:00Z,MIL,BOS,A,Angel Zerpa,False,RELIEF_OR_BULK,16,5,3,1,1,2,0,0,1,P,,False,https://statsapi.mlb.com/api/v1.1/game/824783/feed/live,both,True,True,https://raw.githubusercontent.com/lancebroz/mlb-pitcher-data/main/data/raw/2026/daily/2026-04-06.parquet,QA_VALIDATED
824783,676477,Garrett Whitlock,27,8,69,74,272,298,Top,2026-04-06,2026-04-06T22:45:00Z,BOS,MIL,H,Garrett Whitlock,False,RELIEF_OR_BULK,27,6,3,2,1,1,2,2,0,P,,False,https://statsapi.mlb.com/api/v1.1/game/824783/feed/live,both,True,True,https://raw.githubusercontent.com/lancebroz/mlb-pitcher-data/main/data/raw/2026/daily/2026-04-06.parquet,QA_VALIDATED
824783,676879,Aaron Ashby,23,6,60,68,239,271,Bot,2026-04-06,2026-04-06T22:45:00Z,MIL,BOS,A,Aaron Ashby,False,RELIEF_OR_BULK,23,6,4,0,0,1,1,0,0,P,,False,https://statsapi.mlb.com/api/v1.1/game/824783/feed/live,both,True,True,https://raw.githubusercontent.com/lancebroz/mlb-pitcher-data/main/data/raw/2026/daily/2026-04-06.parquet,QA_VALIDATED
824783,678394,Brayan Bello,86,1,0,35,1,134,Top,2026-04-06,2026-04-06T22:45:00Z,BOS,MIL,H,Brayan Bello,True,STARTER,86,20,10,4,3,5,4,5,0,P,,False,https://statsapi.mlb.com/api/v1.1/game/824783/feed/live,both,True,True,https://raw.githubusercontent.com/lancebroz/mlb-pitcher-data/main/data/raw/2026/daily/2026-04-06.parquet,QA_VALIDATED
824783,681982,Grant Anderson,15,8,75,77,299,313,Bot,2026-04-06,2026-04-06T22:45:00Z,MIL,BOS,A,Grant Anderson,False,RELIEF_OR_BULK,15,3,3,0,0,0,0,0,0,P,,False,https://statsapi.mlb.com/api/v1.1/game/824783/feed/live,both,True,True,https://raw.githubusercontent.com/lancebroz/mlb-pitcher-data/main/data/raw/2026/daily/2026-04-06.parquet,QA_VALIDATED
822754,666277,George Soriano,20,8,71,81,297,331,Bot,2026-04-07,2026-04-07T22:45:00Z,STL,WSH,A,George Soriano,False,RELIEF_OR_BULK,20,6,6,0,0,0,0,3,0,P,,False,https://statsapi.mlb.com/api/v1.1/game/822754/feed/live,both,True,True,https://raw.githubusercontent.com/lancebroz/mlb-pitcher-data/main/data/raw/2026/daily/2026-04-07.parquet,QA_VALIDATED
822754,669371,Cole Henry,16,10,82,86,332,347,Top,2026-04-07,2026-04-07T22:45:00Z,WSH,STL,H,Cole Henry,False,RELIEF_OR_BULK,16,5,3,2,1,2,0,1,0,P,,False,https://statsapi.mlb.com/api/v1.1/game/822754/feed/live,both,True,True,https://raw.githubusercontent.com/lancebroz/mlb-pitcher-data/main/data/raw/2026/daily/2026-04-07.parquet,QA_VALIDATED
822754,669461,Matthew Liberatore,92,1,6,46,29,193,Bot,2026-04-07,2026-04-07T22:45:00Z,STL,WSH,A,Matthew Liberatore,True,STARTER,92,25,15,4,4,9,2,6,2,P,,False,https://statsapi.mlb.com/api/v1.1/game/822754/feed/live,both,True,True,https://raw.githubusercontent.com/lancebroz/mlb-pitcher-data/main/data/raw/2026/daily/2026-04-07.parquet,QA_VALIDATED
822754,676571,PJ Poulin,27,6,51,61,213,260,Top,2026-04-07,2026-04-07T22:45:00Z,WSH,STL,H,PJ Poulin,False,RELIEF_OR_BULK,27,6,4,1,1,1,2,2,1,P,,False,https://statsapi.mlb.com/api/v1.1/game/822754/feed/live,both,True,True,https://raw.githubusercontent.com/lancebroz/mlb-pitcher-data/main/data/raw/2026/daily/2026-04-07.parquet,QA_VALIDATED
822754,676617,Riley O'Brien,16,10,87,90,348,363,Bot,2026-04-07,2026-04-07T22:45:00Z,STL,WSH,A,Riley O'Brien,False,RELIEF_OR_BULK,16,4,3,1,0,0,0,2,0,P,,False,https://statsapi.mlb.com/api/v1.1/game/822754/feed/live,both,True,True,https://raw.githubusercontent.com/lancebroz/mlb-pitcher-data/main/data/raw/2026/daily/2026-04-07.parquet,QA_VALIDATED
822754,676917,Cade Cavalli,94,1,0,37,1,164,Top,2026-04-07,2026-04-07T22:45:00Z,WSH,STL,H,Cade Cavalli,True,STARTER,94,20,14,2,1,4,4,3,0,P,,False,https://statsapi.mlb.com/api/v1.1/game/822754/feed/live,both,True,True,https://raw.githubusercontent.com/lancebroz/mlb-pitcher-data/main/data/raw/2026/daily/2026-04-07.parquet,QA_VALIDATED
822754,681402,Gus Varland,22,8,66,70,275,296,Top,2026-04-07,2026-04-07T22:45:00Z,WSH,STL,H,Gus Varland,False,RELIEF_OR_BULK,22,5,3,2,2,1,1,1,1,P,,False,https://statsapi.mlb.com/api/v1.1/game/822754/feed/live,both,True,True,https://raw.githubusercontent.com/lancebroz/mlb-pitcher-data/main/data/raw/2026/daily/2026-04-07.parquet,QA_VALIDATED
822754,687606,Paxton Schultz,26,5,38,50,165,212,Top,2026-04-07,2026-04-07T22:45:00Z,WSH,STL,H,Paxton Schultz,False,RELIEF_OR_BULK,26,6,3,0,0,1,1,1,0,P,,False,https://statsapi.mlb.com/api/v1.1/game/822754/feed/live,both,True,True,https://raw.githubusercontent.com/lancebroz/mlb-pitcher-data/main/data/raw/2026/daily/2026-04-07.parquet,QA_VALIDATED
822754,690925,Clayton Beeter,15,9,74,78,306,320,Top,2026-04-07,2026-04-07T22:45:00Z,WSH,STL,H,Clayton Beeter,False,RELIEF_OR_BULK,15,5,3,0,0,0,2,0,0,P,,False,https://statsapi.mlb.com/api/v1.1/game/822754/feed/live,both,True,True,https://raw.githubusercontent.com/lancebroz/mlb-pitcher-data/main/data/raw/2026/daily/2026-04-07.parquet,QA_VALIDATED
822754,700669,Gordon Graceffo,35,6,53,65,222,274,Bot,2026-04-07,2026-04-07T22:45:00Z,STL,WSH,A,Gordon Graceffo,False,RELIEF_OR_BULK,35,9,6,1,1,1,2,2,0,P,,False,https://statsapi.mlb.com/api/v1.1/game/822754/feed/live,both,True,True,https://raw.githubusercontent.com/lancebroz/mlb-pitcher-data/main/data/raw/2026/daily/2026-04-07.parquet,QA_VALIDATED
822831,592332,Kevin Gausman,84,1,0,39,1,146,Top,2026-04-07,2026-04-07T23:07:00Z,TOR,LAD,H,Kevin Gausman,True,STARTER,84,24,16,3,2,5,2,5,0,P,,False,https://statsapi.mlb.com/api/v1.1/game/822831/feed/live,both,True,True,https://raw.githubusercontent.com/lancebroz/mlb-pitcher-data/main/data/raw/2026/daily/2026-04-07.parquet,QA_VALIDATED
822831,595014,Blake Treinen,10,8,61,63,240,249,Bot,2026-04-07,2026-04-07T23:07:00Z,LAD,TOR,A,Blake Treinen,False,RELIEF_OR_BULK,10,3,3,0,0,0,0,0,0,P,,False,https://statsapi.mlb.com/api/v1.1/game/822831/feed/live,both,True,True,https://raw.githubusercontent.com/lancebroz/mlb-pitcher-data/main/data/raw/2026/daily/2026-04-07.parquet,QA_VALIDATED
822831,621242,Edwin Díaz,23,9,70,74,264,286,Bot,2026-04-07,2026-04-07T23:07:00Z,LAD,TOR,A,Edwin Díaz,False,RELIEF_OR_BULK,23,5,3,0,0,1,1,3,0,P,,False,https://statsapi.mlb.com/api/v1.1/game/822831/feed/live,both,True,True,https://raw.githubusercontent.com/lancebroz/mlb-pitcher-data/main/data/raw/2026/daily/2026-04-07.parquet,QA_VALIDATED
822831,656546,Jeff Hoffman,14,9,64,69,250,263,Top,2026-04-07,2026-04-07T23:07:00Z,TOR,LAD,H,Jeff Hoffman,False,RELIEF_OR_BULK,14,6,3,1,1,2,1,2,0,P,,False,https://statsapi.mlb.com/api/v1.1/game/822831/feed/live,both,True,True,https://raw.githubusercontent.com/lancebroz/mlb-pitcher-data/main/data/raw/2026/daily/2026-04-07.parquet,QA_VALIDATED
822831,681911,Alex Vesia,15,7,54,57,211,225,Bot,2026-04-07,2026-04-07T23:07:00Z,LAD,TOR,A,Alex Vesia,False,RELIEF_OR_BULK,15,4,3,0,0,0,1,1,0,P,,False,https://statsapi.mlb.com/api/v1.1/game/822831/feed/live,both,True,True,https://raw.githubusercontent.com/lancebroz/mlb-pitcher-data/main/data/raw/2026/daily/2026-04-07.parquet,QA_VALIDATED
822831,686973,Louis Varland,23,7,51,60,193,239,Top,2026-04-07,2026-04-07T23:07:00Z,TOR,LAD,H,Louis Varland,False,RELIEF_OR_BULK,23,4,4,0,0,0,0,2,0,P,,False,https://statsapi.mlb.com/api/v1.1/game/822831/feed/live,both,True,True,https://raw.githubusercontent.com/lancebroz/mlb-pitcher-data/main/data/raw/2026/daily/2026-04-07.parquet,QA_VALIDATED
822831,689254,Mason Fluharty,20,6,40,50,147,192,Top,2026-04-07,2026-04-07T23:07:00Z,TOR,LAD,H,Mason Fluharty,False,RELIEF_OR_BULK,20,5,4,0,0,1,0,2,0,P,,False,https://statsapi.mlb.com/api/v1.1/game/822831/feed/live,both,True,True,https://raw.githubusercontent.com/lancebroz/mlb-pitcher-data/main/data/raw/2026/daily/2026-04-07.parquet,QA_VALIDATED
822831,808967,Yoshinobu Yamamoto,97,1,4,53,13,210,Bot,2026-04-07,2026-04-07T23:07:00Z,LAD,TOR,A,Yoshinobu Yamamoto,True,STARTER,97,24,18,1,1,5,1,6,0,P,,False,https://statsapi.mlb.com/api/v1.1/game/822831/feed/live,both,True,True,https://raw.githubusercontent.com/lancebroz/mlb-pitcher-data/main/data/raw/2026/daily/2026-04-07.parquet,QA_VALIDATED
822916,543135,Nathan Eovaldi,93,1,0,44,1,151,Top,2026-04-07,2026-04-08T00:05:00Z,TEX,SEA,H,Nathan Eovaldi,True,STARTER,93,26,18,2,2,6,2,7,1,P,,False,https://statsapi.mlb.com/api/v1.1/game/822916/feed/live,both,True,True,https://raw.githubusercontent.com/lancebroz/mlb-pitcher-data/main/data/raw/2026/daily/2026-04-07.parquet,QA_VALIDATED
822916,596001,Jakob Junis,15,9,60,64,207,221,Top,2026-04-07,2026-04-08T00:05:00Z,TEX,SEA,H,Jakob Junis,False,RELIEF_OR_BULK,15,5,3,0,0,2,0,0,0,P,,False,https://statsapi.mlb.com/api/v1.1/game/822916/feed/live,both,True,True,https://raw.githubusercontent.com/lancebroz/mlb-pitcher-data/main/data/raw/2026/daily/2026-04-07.parquet,QA_VALIDATED
822916,656641,Jacob Latz,23,7,48,56,163,195,Top,2026-04-07,2026-04-08T00:05:00Z,TEX,SEA,H,Jacob Latz,False,RELIEF_OR_BULK,23,6,6,0,0,0,0,2,0,P,,False,https://statsapi.mlb.com/api/v1.1/game/822916/feed/live,both,True,True,https://raw.githubusercontent.com/lancebroz/mlb-pitcher-data/main/data/raw/2026/daily/2026-04-07.parquet,QA_VALIDATED
822916,669923,George Kirby,90,1,4,59,12,206,Bot,2026-04-07,2026-04-08T00:05:00Z,SEA,TEX,A,George Kirby,True,STARTER,90,28,24,3,3,6,0,4,1,P,,False,https://statsapi.mlb.com/api/v1.1/game/822916/feed/live,both,True,True,https://raw.githubusercontent.com/lancebroz/mlb-pitcher-data/main/data/raw/2026/daily/2026-04-07.parquet,QA_VALIDATED
822999,571948,Hoby Milner,17,6,48,57,183,209,Bot,2026-04-07,2026-04-07T22:40:00Z,CHC,TB,A,Hoby Milner,False,RELIEF_OR_BULK,17,6,4,0,0,2,0,0,0,P,,False,https://statsapi.mlb.com/api/v1.1/game/822999/feed/live,both,True,True,https://raw.githubusercontent.com/lancebroz/mlb-pitcher-data/main/data/raw/2026/daily/2026-04-07.parquet,QA_VALIDATED
822999,573204,Caleb Thielbar,2,8,70,70,261,262,Bot,2026-04-07,2026-04-07T22:40:00Z,CHC,TB,A,Caleb Thielbar,False,RELIEF_OR_BULK,2,1,1,0,0,0,0,0,0,P,,False,https://statsapi.mlb.com/api/v1.1/game/822999/feed/live,both,True,True,https://raw.githubusercontent.com/lancebroz/mlb-pitcher-data/main/data/raw/2026/daily/2026-04-07.parquet,QA_VALIDATED
822999,642121,Cole Sulser,37,4,28,44,98,165,Top,2026-04-07,2026-04-07T22:40:00Z,TB,CHC,H,Cole Sulser,False,RELIEF_OR_BULK,37,10,7,1,1,3,1,2,0,P,,False,https://statsapi.mlb.com/api/v1.1/game/822999/feed/live,both,True,True,https://raw.githubusercontent.com/lancebroz/mlb-pitcher-data/main/data/raw/2026/daily/2026-04-07.parquet,QA_VALIDATED
822999,657097,Jacob Webb,14,9,77,80,286,299,Bot,2026-04-07,2026-04-07T22:40:00Z,CHC,TB,A,Jacob Webb,False,RELIEF_OR_BULK,14,4,3,0,0,0,1,1,0,P,,False,https://statsapi.mlb.com/api/v1.1/game/822999/feed/live,both,True,True,https://raw.githubusercontent.com/lancebroz/mlb-pitcher-data/main/data/raw/2026/daily/2026-04-07.parquet,QA_VALIDATED
822999,664208,Phil Maton,26,8,64,69,235,260,Bot,2026-04-07,2026-04-07T22:40:00Z,CHC,TB,A,Phil Maton,False,RELIEF_OR_BULK,26,6,2,2,2,3,0,1,0,P,,False,https://statsapi.mlb.com/api/v1.1/game/822999/feed/live,both,True,True,https://raw.githubusercontent.com/lancebroz/mlb-pitcher-data/main/data/raw/2026/daily/2026-04-07.parquet,QA_VALIDATED
822999,665871,Javier Assad,80,1,4,47,17,182,Bot,2026-04-07,2026-04-07T22:40:00Z,CHC,TB,A,Javier Assad,True,STARTER,80,19,17,0,0,1,2,3,0,P,,False,https://statsapi.mlb.com/api/v1.1/game/822999/feed/live,both,True,True,https://raw.githubusercontent.com/lancebroz/mlb-pitcher-data/main/data/raw/2026/daily/2026-04-07.parquet,QA_VALIDATED
822999,669438,Mason Englert,65,1,0,27,1,97,Top,2026-04-07,2026-04-07T22:40:00Z,TB,CHC,H,Mason Englert,True,STARTER,65,19,11,4,3,7,1,2,0,P,,False,https://statsapi.mlb.com/api/v1.1/game/822999/feed/live,both,True,True,https://raw.githubusercontent.com/lancebroz/mlb-pitcher-data/main/data/raw/2026/daily/2026-04-07.parquet,QA_VALIDATED
822999,672782,Yoendrys Gómez,58,7,50,76,186,285,Top,2026-04-07,2026-04-07T22:40:00Z,TB,CHC,H,Yoendrys Gómez,False,RELIEF_OR_BULK,58,16,9,4,4,6,1,1,2,P,,False,https://statsapi.mlb.com/api/v1.1/game/822999/feed/live,both,True,True,https://raw.githubusercontent.com/lancebroz/mlb-pitcher-data/main/data/raw/2026/daily/2026-04-07.parquet,QA_VALIDATED
823235,592662,Robbie Ray,109,1,0,52,1,214,Top,2026-04-07,2026-04-08T01:45:00Z,SF,PHI,H,Robbie Ray,True,STARTER,109,26,20,0,0,3,3,7,0,P,,False,https://statsapi.mlb.com/api/v1.1/game/823235/feed/live,both,True,True,https://raw.githubusercontent.com/lancebroz/mlb-pitcher-data/main/data/raw/2026/daily/2026-04-07.parquet,QA_VALIDATED
823235,621383,Tanner Banks,18,7,54,56,221,238,Bot,2026-04-07,2026-04-08T01:45:00Z,PHI,SF,A,Tanner Banks,False,RELIEF_OR_BULK,18,3,3,0,0,0,0,2,0,P,,False,https://statsapi.mlb.com/api/v1.1/game/823235/feed/live,both,True,True,https://raw.githubusercontent.com/lancebroz/mlb-pitcher-data/main/data/raw/2026/daily/2026-04-07.parquet,QA_VALIDATED
823235,647315,Zach Pop,13,6,46,48,183,195,Bot,2026-04-07,2026-04-08T01:45:00Z,PHI,SF,A,Zach Pop,False,RELIEF_OR_BULK,13,3,3,0,0,0,0,0,0,P,,False,https://statsapi.mlb.com/api/v1.1/game/823235/feed/live,both,True,True,https://raw.githubusercontent.com/lancebroz/mlb-pitcher-data/main/data/raw/2026/daily/2026-04-07.parquet,QA_VALIDATED
823235,650911,Cristopher Sánchez,92,1,4,45,11,182,Bot,2026-04-07,2026-04-08T01:45:00Z,PHI,SF,A,Cristopher Sánchez,True,STARTER,92,24,15,4,2,11,0,6,0,P,,False,https://statsapi.mlb.com/api/v1.1/game/823235/feed/live,both,True,True,https://raw.githubusercontent.com/lancebroz/mlb-pitcher-data/main/data/raw/2026/daily/2026-04-07.parquet,QA_VALIDATED
823235,676254,Ryan Walker,25,7,53,61,215,257,Top,2026-04-07,2026-04-08T01:45:00Z,SF,PHI,H,Ryan Walker,False,RELIEF_OR_BULK,25,6,4,0,0,1,1,1,0,P,,False,https://statsapi.mlb.com/api/v1.1/game/823235/feed/live,both,True,True,https://raw.githubusercontent.com/lancebroz/mlb-pitcher-data/main/data/raw/2026/daily/2026-04-07.parquet,QA_VALIDATED
823235,676775,Keaton Winn,11,9,68,70,284,294,Top,2026-04-07,2026-04-08T01:45:00Z,SF,PHI,H,Keaton Winn,False,RELIEF_OR_BULK,11,3,3,0,0,0,0,0,0,P,,False,https://statsapi.mlb.com/api/v1.1/game/823235/feed/live,both,True,True,https://raw.githubusercontent.com/lancebroz/mlb-pitcher-data/main/data/raw/2026/daily/2026-04-07.parquet,QA_VALIDATED
823235,689147,Orion Kerkering,26,8,62,67,258,283,Bot,2026-04-07,2026-04-08T01:45:00Z,PHI,SF,A,Orion Kerkering,False,RELIEF_OR_BULK,26,6,3,2,2,2,1,0,0,P,,False,https://statsapi.mlb.com/api/v1.1/game/823235/feed/live,both,True,True,https://raw.githubusercontent.com/lancebroz/mlb-pitcher-data/main/data/raw/2026/daily/2026-04-07.parquet,QA_VALIDATED
823402,593974,Wandy Peralta,13,7,50,53,206,218,Bot,2026-04-07,2026-04-07T22:40:00Z,SD,PIT,A,Wandy Peralta,False,RELIEF_OR_BULK,13,4,3,0,0,1,1,1,0,P,,False,https://statsapi.mlb.com/api/v1.1/game/823402/feed/live,both,True,True,https://raw.githubusercontent.com/lancebroz/mlb-pitcher-data/main/data/raw/2026/daily/2026-04-07.parquet,QA_VALIDATED
823402,601713,Nick Pivetta,86,1,3,36,17,153,Bot,2026-04-07,2026-04-07T22:40:00Z,SD,PIT,A,Nick Pivetta,True,STARTER,86,20,15,2,2,4,1,8,0,P,,False,https://statsapi.mlb.com/api/v1.1/game/823402/feed/live,both,True,True,https://raw.githubusercontent.com/lancebroz/mlb-pitcher-data/main/data/raw/2026/daily/2026-04-07.parquet,QA_VALIDATED
823402,642397,Gregory Soto,10,8,54,56,219,228,Top,2026-04-07,2026-04-07T22:40:00Z,PIT,SD,H,Gregory Soto,False,RELIEF_OR_BULK,10,3,3,0,0,0,0,1,0,P,,False,https://statsapi.mlb.com/api/v1.1/game/823402/feed/live,both,True,True,https://raw.githubusercontent.com/lancebroz/mlb-pitcher-data/main/data/raw/2026/daily/2026-04-07.parquet,QA_VALIDATED
823402,670970,Adrian Morejon,20,8,57,63,229,248,Bot,2026-04-07,2026-04-07T22:40:00Z,SD,PIT,A,Adrian Morejon,False,RELIEF_OR_BULK,20,7,1,5,4,5,0,1,0,P,,False,https://statsapi.mlb.com/api/v1.1/game/823402/feed/live,both,True,True,https://raw.githubusercontent.com/lancebroz/mlb-pitcher-data/main/data/raw/2026/daily/2026-04-07.parquet,QA_VALIDATED
823402,670990,Yohan Ramírez,12,9,66,68,255,266,Top,2026-04-07,2026-04-07T22:40:00Z,PIT,SD,H,Yohan Ramírez,False,RELIEF_OR_BULK,12,3,3,0,0,0,0,2,0,P,,False,https://statsapi.mlb.com/api/v1.1/game/823402/feed/live,both,True,True,https://raw.githubusercontent.com/lancebroz/mlb-pitcher-data/main/data/raw/2026/daily/2026-04-07.parquet,QA_VALIDATED
823402,676755,Isaac Mattson,9,7,47,49,197,205,Top,2026-04-07,2026-04-07T22:40:00Z,PIT,SD,H,Isaac Mattson,False,RELIEF_OR_BULK,9,3,2,0,0,1,0,0,0,P,,False,https://statsapi.mlb.com/api/v1.1/game/823402/feed/live,both,True,True,https://raw.githubusercontent.com/lancebroz/mlb-pitcher-data/main/data/raw/2026/daily/2026-04-07.parquet,QA_VALIDATED
823402,676760,Ron Marinaccio,6,8,64,65,249,254,Bot,2026-04-07,2026-04-07T22:40:00Z,SD,PIT,A,Ron Marinaccio,False,RELIEF_OR_BULK,6,2,2,0,0,0,0,0,0,P,,False,https://statsapi.mlb.com/api/v1.1/game/823402/feed/live,both,True,True,https://raw.githubusercontent.com/lancebroz/mlb-pitcher-data/main/data/raw/2026/daily/2026-04-07.parquet,QA_VALIDATED
823402,694973,Paul Skenes,87,1,0,46,1,196,Top,2026-04-07,2026-04-07T22:40:00Z,PIT,SD,H,Paul Skenes,True,STARTER,87,23,19,1,1,2,2,6,1,P,,False,https://statsapi.mlb.com/api/v1.1/game/823402/feed/live,both,True,True,https://raw.githubusercontent.com/lancebroz/mlb-pitcher-data/main/data/raw/2026/daily/2026-04-07.parquet,QA_VALIDATED
823402,699134,Bradgley Rodriguez,23,6,41,44,168,190,Bot,2026-04-07,2026-04-07T22:40:00Z,SD,PIT,A,Bradgley Rodriguez,False,RELIEF_OR_BULK,23,4,3,0,0,2,0,0,0,P,,False,https://statsapi.mlb.com/api/v1.1/game/823402/feed/live,both,True,True,https://raw.githubusercontent.com/lancebroz/mlb-pitcher-data/main/data/raw/2026/daily/2026-04-07.parquet,QA_VALIDATED
823567,518585,Fernando Cruz,20,7,53,62,216,251,Top,2026-04-07,2026-04-07T23:05:00Z,NYY,ATH,H,Fernando Cruz,False,RELIEF_OR_BULK,20,6,4,0,0,0,2,1,0,P,,False,https://statsapi.mlb.com/api/v1.1/game/823567/feed/live,both,True,True,https://raw.githubusercontent.com/lancebroz/mlb-pitcher-data/main/data/raw/2026/daily/2026-04-07.parquet,QA_VALIDATED
823567,643410,Mark Leiter Jr.,28,8,63,69,252,279,Bot,2026-04-07,2026-04-07T23:05:00Z,ATH,NYY,A,Mark Leiter Jr.,False,RELIEF_OR_BULK,28,7,2,4,4,5,0,0,1,P,,False,https://statsapi.mlb.com/api/v1.1/game/823567/feed/live,both,True,True,https://raw.githubusercontent.com/lancebroz/mlb-pitcher-data/main/data/raw/2026/daily/2026-04-07.parquet,QA_VALIDATED
823567,650644,Aaron Civale,88,1,3,41,15,172,Bot,2026-04-07,2026-04-07T23:05:00Z,ATH,NYY,A,Aaron Civale,True,STARTER,88,22,15,1,1,2,4,6,1,P,,False,https://statsapi.mlb.com/api/v1.1/game/823567/feed/live,both,True,True,https://raw.githubusercontent.com/lancebroz/mlb-pitcher-data/main/data/raw/2026/daily/2026-04-07.parquet,QA_VALIDATED
823567,656234,Jake Bird,10,6,42,44,173,182,Top,2026-04-07,2026-04-07T23:05:00Z,NYY,ATH,H,Jake Bird,False,RELIEF_OR_BULK,10,3,2,0,0,1,0,1,0,P,,False,https://statsapi.mlb.com/api/v1.1/game/823567/feed/live,both,True,True,https://raw.githubusercontent.com/lancebroz/mlb-pitcher-data/main/data/raw/2026/daily/2026-04-07.parquet,QA_VALIDATED
823567,669270,Joel Kuhnel,5,8,70,70,280,284,Bot,2026-04-07,2026-04-07T23:05:00Z,ATH,NYY,A,Joel Kuhnel,False,RELIEF_OR_BULK,5,1,1,0,0,0,0,0,0,P,,False,https://statsapi.mlb.com/api/v1.1/game/823567/feed/live,both,True,True,https://raw.githubusercontent.com/lancebroz/mlb-pitcher-data/main/data/raw/2026/daily/2026-04-07.parquet,QA_VALIDATED
823567,670280,David Bednar,14,9,71,73,285,298,Top,2026-04-07,2026-04-07T23:05:00Z,NYY,ATH,H,David Bednar,False,RELIEF_OR_BULK,14,3,3,0,0,0,0,1,0,P,,False,https://statsapi.mlb.com/api/v1.1/game/823567/feed/live,both,True,True,https://raw.githubusercontent.com/lancebroz/mlb-pitcher-data/main/data/raw/2026/daily/2026-04-07.parquet,QA_VALIDATED
823567,686993,Justin Sterner,27,6,47,57,193,232,Bot,2026-04-07,2026-04-07T23:05:00Z,ATH,NYY,A,Justin Sterner,False,RELIEF_OR_BULK,27,7,6,0,0,2,0,1,0,P,,False,https://statsapi.mlb.com/api/v1.1/game/823567/feed/live,both,True,True,https://raw.githubusercontent.com/lancebroz/mlb-pitcher-data/main/data/raw/2026/daily/2026-04-07.parquet,QA_VALIDATED
823567,687396,Brent Headrick,22,6,45,52,183,215,Top,2026-04-07,2026-04-07T23:05:00Z,NYY,ATH,H,Brent Headrick,False,RELIEF_OR_BULK,22,5,3,0,0,0,2,3,0,P,,False,https://statsapi.mlb.com/api/v1.1/game/823567/feed/live,both,True,True,https://raw.githubusercontent.com/lancebroz/mlb-pitcher-data/main/data/raw/2026/daily/2026-04-07.parquet,QA_VALIDATED
823567,693645,Cam Schlittler,84,1,0,36,1,158,Top,2026-04-07,2026-04-07T23:05:00Z,NYY,ATH,H,Cam Schlittler,True,STARTER,84,20,15,3,3,5,0,7,0,P,,False,https://statsapi.mlb.com/api/v1.1/game/823567/feed/live,both,True,True,https://raw.githubusercontent.com/lancebroz/mlb-pitcher-data/main/data/raw/2026/daily/2026-04-07.parquet,QA_VALIDATED
823648,472610,Luis García,23,6,48,57,211,241,Top,2026-04-07,2026-04-07T20:10:00Z,NYM,AZ,H,Luis García,False,RELIEF_OR_BULK,23,7,6,0,0,1,0,0,0,P,,False,https://statsapi.mlb.com/api/v1.1/game/823648/feed/live,both,True,True,https://raw.githubusercontent.com/lancebroz/mlb-pitcher-data/main/data/raw/2026/daily/2026-04-07.parquet,QA_VALIDATED
823648,548384,Brooks Raley,20,8,61,64,252,271,Top,2026-04-07,2026-04-07T20:10:00Z,NYM,AZ,H,Brooks Raley,False,RELIEF_OR_BULK,20,4,3,0,0,1,0,2,0,P,,False,https://statsapi.mlb.com/api/v1.1/game/823648/feed/live,both,True,True,https://raw.githubusercontent.com/lancebroz/mlb-pitcher-data/main/data/raw/2026/daily/2026-04-07.parquet,QA_VALIDATED
823648,596133,Luke Weaver,13,10,78,80,321,333,Top,2026-04-07,2026-04-07T20:10:00Z,NYM,AZ,H,Luke Weaver,False,RELIEF_OR_BULK,13,3,3,0,0,0,0,1,0,P,,False,https://statsapi.mlb.com/api/v1.1/game/823648/feed/live,both,True,True,https://raw.githubusercontent.com/lancebroz/mlb-pitcher-data/main/data/raw/2026/daily/2026-04-07.parquet,QA_VALIDATED
823648,623149,Paul Sewald,6,10,81,82,334,339,Bot,2026-04-07,2026-04-07T20:10:00Z,AZ,NYM,A,Paul Sewald,False,RELIEF_OR_BULK,6,2,1,1,0,1,0,0,0,P,,False,https://statsapi.mlb.com/api/v1.1/game/823648/feed/live,both,True,True,https://raw.githubusercontent.com/lancebroz/mlb-pitcher-data/main/data/raw/2026/daily/2026-04-07.parquet,QA_VALIDATED
823648,623211,Huascar Brazobán,14,5,41,43,173,186,Top,2026-04-07,2026-04-07T20:10:00Z,NYM,AZ,H,Huascar Brazobán,False,RELIEF_OR_BULK,14,3,1,0,0,2,0,0,0,P,,False,https://statsapi.mlb.com/api/v1.1/game/823648/feed/live,both,True,True,https://raw.githubusercontent.com/lancebroz/mlb-pitcher-data/main/data/raw/2026/daily/2026-04-07.parquet,QA_VALIDATED
823648,642207,Devin Williams,16,9,70,74,293,308,Top,2026-04-07,2026-04-07T20:10:00Z,NYM,AZ,H,Devin Williams,False,RELIEF_OR_BULK,16,5,3,0,0,2,0,2,0,P,,False,https://statsapi.mlb.com/api/v1.1/game/823648/feed/live,both,True,True,https://raw.githubusercontent.com/lancebroz/mlb-pitcher-data/main/data/raw/2026/daily/2026-04-07.parquet,QA_VALIDATED
823648,642528,Jonathan Loáisiga,21,8,65,69,272,292,Bot,2026-04-07,2026-04-07T20:10:00Z,AZ,NYM,A,Jonathan Loáisiga,False,RELIEF_OR_BULK,21,5,3,1,1,2,0,1,0,P,,False,https://statsapi.mlb.com/api/v1.1/game/823648/feed/live,both,True,True,https://raw.githubusercontent.com/lancebroz/mlb-pitcher-data/main/data/raw/2026/daily/2026-04-07.parquet,QA_VALIDATED
823648,642547,Freddy Peralta,101,1,0,40,1,172,Top,2026-04-07,2026-04-07T20:10:00Z,NYM,AZ,H,Freddy Peralta,True,STARTER,101,22,14,3,3,3,3,5,0,P,,False,https://statsapi.mlb.com/api/v1.1/game/823648/feed/live,both,True,True,https://raw.githubusercontent.com/lancebroz/mlb-pitcher-data/main/data/raw/2026/daily/2026-04-07.parquet,QA_VALIDATED
823648,656464,Kevin Ginkel,12,9,75,77,309,320,Bot,2026-04-07,2026-04-07T20:10:00Z,AZ,NYM,A,Kevin Ginkel,False,RELIEF_OR_BULK,12,3,3,0,0,0,0,1,0,P,,False,https://statsapi.mlb.com/api/v1.1/game/823648/feed/live,both,True,True,https://raw.githubusercontent.com/lancebroz/mlb-pitcher-data/main/data/raw/2026/daily/2026-04-07.parquet,QA_VALIDATED
823648,657044,Ryan Thompson,8,6,51,53,219,226,Bot,2026-04-07,2026-04-07T20:10:00Z,AZ,NYM,A,Ryan Thompson,False,RELIEF_OR_BULK,8,3,3,0,0,0,0,0,0,P,,False,https://statsapi.mlb.com/api/v1.1/game/823648/feed/live,both,True,True,https://raw.githubusercontent.com/lancebroz/mlb-pitcher-data/main/data/raw/2026/daily/2026-04-07.parquet,QA_VALIDATED
823648,666661,Juan Morillo,10,7,58,60,242,251,Bot,2026-04-07,2026-04-07T20:10:00Z,AZ,NYM,A,Juan Morillo,False,RELIEF_OR_BULK,10,3,3,0,0,0,0,0,0,P,,False,https://statsapi.mlb.com/api/v1.1/game/823648/feed/live,both,True,True,https://raw.githubusercontent.com/lancebroz/mlb-pitcher-data/main/data/raw/2026/daily/2026-04-07.parquet,QA_VALIDATED
823648,668678,Zac Gallen,95,1,5,47,23,210,Bot,2026-04-07,2026-04-07T20:10:00Z,AZ,NYM,A,Zac Gallen,True,STARTER,95,23,15,2,1,5,4,5,0,P,,False,https://statsapi.mlb.com/api/v1.1/game/823648/feed/live,both,True,True,https://raw.githubusercontent.com/lancebroz/mlb-pitcher-data/main/data/raw/2026/daily/2026-04-07.parquet,QA_VALIDATED
823727,573124,Taylor Rogers,12,7,55,61,216,239,Top,2026-04-07,2026-04-07T23:40:00Z,MIN,DET,H,Taylor Rogers,False,RELIEF_OR_BULK,12,4,3,0,0,1,0,2,0,P,,False,https://statsapi.mlb.com/api/v1.1/game/823727/feed/live,both,True,True,https://raw.githubusercontent.com/lancebroz/mlb-pitcher-data/main/data/raw/2026/daily/2026-04-07.parquet,QA_VALIDATED
823727,623437,Justin Topa,14,9,75,77,294,307,Top,2026-04-07,2026-04-07T23:40:00Z,MIN,DET,H,Justin Topa,False,RELIEF_OR_BULK,14,3,2,0,0,0,1,0,0,P,,False,https://statsapi.mlb.com/api/v1.1/game/823727/feed/live,both,True,True,https://raw.githubusercontent.com/lancebroz/mlb-pitcher-data/main/data/raw/2026/daily/2026-04-07.parquet,QA_VALIDATED
823727,657756,Connor Seabold,35,7,58,71,222,279,Bot,2026-04-07,2026-04-07T23:40:00Z,DET,MIN,A,Connor Seabold,False,RELIEF_OR_BULK,35,9,6,0,0,2,1,2,0,P,,False,https://statsapi.mlb.com/api/v1.1/game/823727/feed/live,both,True,True,https://raw.githubusercontent.com/lancebroz/mlb-pitcher-data/main/data/raw/2026/daily/2026-04-07.parquet,QA_VALIDATED
823727,663485,Cole Sands,12,8,62,64,240,251,Top,2026-04-07,2026-04-07T23:40:00Z,MIN,DET,H,Cole Sands,False,RELIEF_OR_BULK,12,3,1,0,0,0,2,0,0,P,,False,https://statsapi.mlb.com/api/v1.1/game/823727/feed/live,both,True,True,https://raw.githubusercontent.com/lancebroz/mlb-pitcher-data/main/data/raw/2026/daily/2026-04-07.parquet,QA_VALIDATED
823727,663947,Tyler Holton,16,5,44,51,171,202,Bot,2026-04-07,2026-04-07T23:40:00Z,DET,MIN,A,Tyler Holton,False,RELIEF_OR_BULK,16,4,4,0,0,0,0,1,0,P,,False,https://statsapi.mlb.com/api/v1.1/game/823727/feed/live,both,True,True,https://raw.githubusercontent.com/lancebroz/mlb-pitcher-data/main/data/raw/2026/daily/2026-04-07.parquet,QA_VALIDATED
823727,669373,Tarik Skubal,95,1,4,43,13,170,Bot,2026-04-07,2026-04-07T23:40:00Z,DET,MIN,A,Tarik Skubal,True,STARTER,95,24,14,4,4,8,2,7,0,P,,False,https://statsapi.mlb.com/api/v1.1/game/823727/feed/live,both,True,True,https://raw.githubusercontent.com/lancebroz/mlb-pitcher-data/main/data/raw/2026/daily/2026-04-07.parquet,QA_VALIDATED
823727,671737,Taj Bradley,104,1,0,54,1,215,Top,2026-04-07,2026-04-07T23:40:00Z,MIN,DET,H,Taj Bradley,True,STARTER,104,27,19,1,1,6,0,10,0,P,,False,https://statsapi.mlb.com/api/v1.1/game/823727/feed/live,both,True,True,https://raw.githubusercontent.com/lancebroz/mlb-pitcher-data/main/data/raw/2026/daily/2026-04-07.parquet,QA_VALIDATED
823727,679358,Eric Orze,19,8,65,74,252,293,Top,2026-04-07,2026-04-07T23:40:00Z,MIN,DET,H,Eric Orze,False,RELIEF_OR_BULK,19,4,2,1,1,2,0,2,0,P,,False,https://statsapi.mlb.com/api/v1.1/game/823727/feed/live,both,True,True,https://raw.githubusercontent.com/lancebroz/mlb-pitcher-data/main/data/raw/2026/daily/2026-04-07.parquet,QA_VALIDATED
823887,572955,Pierce Johnson,7,6,44,45,151,157,Bot,2026-04-07,2026-04-07T22:40:00Z,CIN,MIA,A,Pierce Johnson,False,RELIEF_OR_BULK,7,2,2,0,0,0,0,1,0,P,,False,https://statsapi.mlb.com/api/v1.1/game/823887/feed/live,both,True,True,https://raw.githubusercontent.com/lancebroz/mlb-pitcher-data/main/data/raw/2026/daily/2026-04-07.parquet,QA_VALIDATED
823887,641941,Emilio Pagán,24,9,67,71,246,269,Bot,2026-04-07,2026-04-07T22:40:00Z,CIN,MIA,A,Emilio Pagán,False,RELIEF_OR_BULK,24,5,3,0,0,0,2,2,0,P,,False,https://statsapi.mlb.com/api/v1.1/game/823887/feed/live,both,True,True,https://raw.githubusercontent.com/lancebroz/mlb-pitcher-data/main/data/raw/2026/daily/2026-04-07.parquet,QA_VALIDATED
823887,645261,Sandy Alcantara,95,1,0,63,1,224,Top,2026-04-07,2026-04-07T22:40:00Z,MIA,CIN,H,Sandy Alcantara,True,STARTER,95,30,25,2,2,3,2,6,0,P,,False,https://statsapi.mlb.com/api/v1.1/game/823887/feed/live,both,True,True,https://raw.githubusercontent.com/lancebroz/mlb-pitcher-data/main/data/raw/2026/daily/2026-04-07.parquet,QA_VALIDATED
823887,667463,John King,7,10,77,79,298,304,Top,2026-04-07,2026-04-07T22:40:00Z,MIA,CIN,H,John King,False,RELIEF_OR_BULK,7,3,2,0,0,0,1,0,0,P,,False,https://statsapi.mlb.com/api/v1.1/game/823887/feed/live,both,True,True,https://raw.githubusercontent.com/lancebroz/mlb-pitcher-data/main/data/raw/2026/daily/2026-04-07.parquet,QA_VALIDATED
823887,668933,Graham Ashcraft,10,10,80,82,305,314,Bot,2026-04-07,2026-04-07T22:40:00Z,CIN,MIA,A,Graham Ashcraft,False,RELIEF_OR_BULK,10,3,3,1,0,1,0,0,0,P,,False,https://statsapi.mlb.com/api/v1.1/game/823887/feed/live,both,True,True,https://raw.githubusercontent.com/lancebroz/mlb-pitcher-data/main/data/raw/2026/daily/2026-04-07.parquet,QA_VALIDATED
823887,669622,Anthony Bender,21,9,64,66,225,245,Top,2026-04-07,2026-04-07T22:40:00Z,MIA,CIN,H,Anthony Bender,False,RELIEF_OR_BULK,21,3,2,0,0,0,1,1,0,P,,False,https://statsapi.mlb.com/api/v1.1/game/823887/feed/live,both,True,True,https://raw.githubusercontent.com/lancebroz/mlb-pitcher-data/main/data/raw/2026/daily/2026-04-07.parquet,QA_VALIDATED
823887,671096,Andrew Abbott,91,1,3,43,7,150,Bot,2026-04-07,2026-04-07T22:40:00Z,CIN,MIA,A,Andrew Abbott,True,STARTER,91,24,16,2,2,6,2,2,0,P,,False,https://statsapi.mlb.com/api/v1.1/game/823887/feed/live,both,True,True,https://raw.githubusercontent.com/lancebroz/mlb-pitcher-data/main/data/raw/2026/daily/2026-04-07.parquet,QA_VALIDATED
823887,676534,Calvin Faucher,28,10,72,76,270,297,Top,2026-04-07,2026-04-07T22:40:00Z,MIA,CIN,H,Calvin Faucher,False,RELIEF_OR_BULK,28,5,1,4,3,2,2,1,0,P,,False,https://statsapi.mlb.com/api/v1.1/game/823887/feed/live,both,True,True,https://raw.githubusercontent.com/lancebroz/mlb-pitcher-data/main/data/raw/2026/daily/2026-04-07.parquet,QA_VALIDATED
823887,683742,Jose Franco,31,7,50,60,171,212,Bot,2026-04-07,2026-04-07T22:40:00Z,CIN,MIA,A,Jose Franco,False,RELIEF_OR_BULK,31,8,6,0,0,0,2,2,0,P,,False,https://statsapi.mlb.com/api/v1.1/game/823887/feed/live,both,True,True,https://raw.githubusercontent.com/lancebroz/mlb-pitcher-data/main/data/raw/2026/daily/2026-04-07.parquet,QA_VALIDATED
824051,579328,Yusei Kikuchi,97,1,0,39,1,162,Top,2026-04-07,2026-04-08T01:38:00Z,LAA,ATL,H,Yusei Kikuchi,True,STARTER,97,22,15,4,4,6,1,8,0,P,,False,https://statsapi.mlb.com/api/v1.1/game/824051/feed/live,both,True,True,https://raw.githubusercontent.com/lancebroz/mlb-pitcher-data/main/data/raw/2026/daily/2026-04-07.parquet,QA_VALIDATED
824051,607481,Aaron Bummer,17,8,65,67,279,295,Bot,2026-04-07,2026-04-08T01:38:00Z,ATL,LAA,A,Aaron Bummer,False,RELIEF_OR_BULK,17,3,1,0,0,0,1,0,0,P,,False,https://statsapi.mlb.com/api/v1.1/game/824051/feed/live,both,True,True,https://raw.githubusercontent.com/lancebroz/mlb-pitcher-data/main/data/raw/2026/daily/2026-04-07.parquet,QA_VALIDATED
824051,625643,Reynaldo López,79,1,3,42,15,176,Bot,2026-04-07,2026-04-08T01:38:00Z,ATL,LAA,A,Reynaldo López,True,STARTER,80,21,14,2,0,3,2,7,1,P,,False,https://statsapi.mlb.com/api/v1.1/game/824051/feed/live,both,False,True,https://raw.githubusercontent.com/lancebroz/mlb-pitcher-data/main/data/raw/2026/daily/2026-04-07.parquet,QA_REVIEW
824051,628452,Raisel Iglesias,22,8,68,79,296,340,Bot,2026-04-07,2026-04-08T01:38:00Z,ATL,LAA,A,Raisel Iglesias,False,RELIEF_OR_BULK,22,6,5,0,0,2,0,3,0,P,,False,https://statsapi.mlb.com/api/v1.1/game/824051/feed/live,both,True,True,https://raw.githubusercontent.com/lancebroz/mlb-pitcher-data/main/data/raw/2026/daily/2026-04-07.parquet,QA_VALIDATED
824051,641312,Shaun Anderson,62,6,44,71,181,313,Top,2026-04-07,2026-04-08T01:38:00Z,LAA,ATL,H,Shaun Anderson,False,RELIEF_OR_BULK,62,15,9,3,3,5,1,4,1,P,,False,https://statsapi.mlb.com/api/v1.1/game/824051/feed/live,both,True,True,https://raw.githubusercontent.com/lancebroz/mlb-pitcher-data/main/data/raw/2026/daily/2026-04-07.parquet,QA_VALIDATED
824051,641755,Tyler Kinley,14,5,43,49,177,202,Bot,2026-04-07,2026-04-08T01:38:00Z,ATL,LAA,A,Tyler Kinley,False,RELIEF_OR_BULK,13,3,2,0,0,1,0,2,0,P,,False,https://statsapi.mlb.com/api/v1.1/game/824051/feed/live,both,False,True,https://raw.githubusercontent.com/lancebroz/mlb-pitcher-data/main/data/raw/2026/daily/2026-04-07.parquet,QA_REVIEW
824051,663158,Robert Suarez,26,7,55,58,226,251,Bot,2026-04-07,2026-04-08T01:38:00Z,ATL,LAA,A,Robert Suarez,False,RELIEF_OR_BULK,26,4,3,0,0,0,1,2,0,P,,False,https://statsapi.mlb.com/api/v1.1/game/824051/feed/live,both,True,True,https://raw.githubusercontent.com/lancebroz/mlb-pitcher-data/main/data/raw/2026/daily/2026-04-07.parquet,QA_VALIDATED
824051,669276,Dylan Lee,9,6,50,51,203,211,Bot,2026-04-07,2026-04-08T01:38:00Z,ATL,LAA,A,Dylan Lee,False,RELIEF_OR_BULK,9,2,2,0,0,0,0,0,0,P,,False,https://statsapi.mlb.com/api/v1.1/game/824051/feed/live,both,True,True,https://raw.githubusercontent.com/lancebroz/mlb-pitcher-data/main/data/raw/2026/daily/2026-04-07.parquet,QA_VALIDATED
824051,815083,Mitch Farris,14,9,72,75,314,327,Top,2026-04-07,2026-04-08T01:38:00Z,LAA,ATL,H,Mitch Farris,False,RELIEF_OR_BULK,14,4,3,0,0,1,1,0,0,P,,False,https://statsapi.mlb.com/api/v1.1/game/824051/feed/live,both,True,True,https://raw.githubusercontent.com/lancebroz/mlb-pitcher-data/main/data/raw/2026/daily/2026-04-07.parquet,QA_VALIDATED
824375,595345,Steven Okert,13,6,45,52,162,183,Bot,2026-04-07,2026-04-08T00:40:00Z,HOU,COL,A,Steven Okert,False,RELIEF_OR_BULK,13,4,3,1,1,1,1,0,0,P,,False,https://statsapi.mlb.com/api/v1.1/game/824375/feed/live,both,True,True,https://raw.githubusercontent.com/lancebroz/mlb-pitcher-data/main/data/raw/2026/daily/2026-04-07.parquet,QA_VALIDATED
824375,607536,Kyle Freeland,81,1,0,48,1,173,Top,2026-04-07,2026-04-08T00:40:00Z,COL,HOU,H,Kyle Freeland,True,STARTER,81,24,19,1,1,3,1,5,1,P,,False,https://statsapi.mlb.com/api/v1.1/game/824375/feed/live,both,True,True,https://raw.githubusercontent.com/lancebroz/mlb-pitcher-data/main/data/raw/2026/daily/2026-04-07.parquet,QA_VALIDATED
824375,622608,Antonio Senzatela,26,7,49,64,174,229,Top,2026-04-07,2026-04-08T00:40:00Z,COL,HOU,H,Antonio Senzatela,False,RELIEF_OR_BULK,26,8,8,0,0,0,0,3,0,P,,False,https://statsapi.mlb.com/api/v1.1/game/824375/feed/live,both,True,True,https://raw.githubusercontent.com/lancebroz/mlb-pitcher-data/main/data/raw/2026/daily/2026-04-07.parquet,QA_VALIDATED
824375,678906,Kai-Wei Teng,7,7,53,55,184,190,Bot,2026-04-07,2026-04-08T00:40:00Z,HOU,COL,A,Kai-Wei Teng,False,RELIEF_OR_BULK,7,3,2,1,1,1,0,0,1,P,,False,https://statsapi.mlb.com/api/v1.1/game/824375/feed/live,both,True,True,https://raw.githubusercontent.com/lancebroz/mlb-pitcher-data/main/data/raw/2026/daily/2026-04-07.parquet,QA_VALIDATED
824375,681347,Mike Burrows,87,1,3,44,14,161,Bot,2026-04-07,2026-04-08T00:40:00Z,HOU,COL,A,Mike Burrows,True,STARTER,87,23,16,3,3,8,1,3,1,P,,False,https://statsapi.mlb.com/api/v1.1/game/824375/feed/live,both,True,True,https://raw.githubusercontent.com/lancebroz/mlb-pitcher-data/main/data/raw/2026/daily/2026-04-07.parquet,QA_VALIDATED
824375,685005,Christian Roa,15,8,59,61,204,218,Bot,2026-04-07,2026-04-08T00:40:00Z,HOU,COL,A,Christian Roa,False,RELIEF_OR_BULK,15,3,3,0,0,0,0,1,0,P,,False,https://statsapi.mlb.com/api/v1.1/game/824375/feed/live,both,True,True,https://raw.githubusercontent.com/lancebroz/mlb-pitcher-data/main/data/raw/2026/daily/2026-04-07.parquet,QA_VALIDATED
824457,542888,Shawn Armstrong,25,8,55,59,239,263,Top,2026-04-07,2026-04-07T17:10:00Z,CLE,KC,H,Shawn Armstrong,False,RELIEF_OR_BULK,25,5,3,0,0,0,2,2,0,P,,False,https://statsapi.mlb.com/api/v1.1/game/824457/feed/live,both,True,True,https://raw.githubusercontent.com/lancebroz/mlb-pitcher-data/main/data/raw/2026/daily/2026-04-07.parquet,QA_VALIDATED
824457,663738,Daniel Lynch IV,13,6,48,54,211,238,Bot,2026-04-07,2026-04-07T17:10:00Z,KC,CLE,A,Daniel Lynch IV,False,RELIEF_OR_BULK,13,4,4,0,0,0,0,1,0,P,,False,https://statsapi.mlb.com/api/v1.1/game/824457/feed/live,both,True,True,https://raw.githubusercontent.com/lancebroz/mlb-pitcher-data/main/data/raw/2026/daily/2026-04-07.parquet,QA_VALIDATED
824457,668909,Gavin Williams,102,1,0,42,1,185,Top,2026-04-07,2026-04-07T17:10:00Z,CLE,KC,H,Gavin Williams,True,STARTER,102,22,17,1,1,1,5,8,1,P,,False,https://statsapi.mlb.com/api/v1.1/game/824457/feed/live,both,True,True,https://raw.githubusercontent.com/lancebroz/mlb-pitcher-data/main/data/raw/2026/daily/2026-04-07.parquet,QA_VALIDATED
824457,670167,John Schreiber,19,9,67,70,298,316,Bot,2026-04-07,2026-04-07T17:10:00Z,KC,CLE,A,John Schreiber,False,RELIEF_OR_BULK,19,4,1,1,1,2,1,0,0,P,,False,https://statsapi.mlb.com/api/v1.1/game/824457/feed/live,both,True,True,https://raw.githubusercontent.com/lancebroz/mlb-pitcher-data/main/data/raw/2026/daily/2026-04-07.parquet,QA_VALIDATED
824457,671922,Cade Smith,10,9,64,66,288,297,Top,2026-04-07,2026-04-07T17:10:00Z,CLE,KC,H,Cade Smith,False,RELIEF_OR_BULK,10,3,3,0,0,0,0,2,0,P,,False,https://statsapi.mlb.com/api/v1.1/game/824457/feed/live,both,True,True,https://raw.githubusercontent.com/lancebroz/mlb-pitcher-data/main/data/raw/2026/daily/2026-04-07.parquet,QA_VALIDATED
824457,681870,Erik Sabrowski,15,7,49,51,216,230,Top,2026-04-07,2026-04-07T17:10:00Z,CLE,KC,H,Erik Sabrowski,False,RELIEF_OR_BULK,15,3,3,0,0,0,0,2,0,P,,False,https://statsapi.mlb.com/api/v1.1/game/824457/feed/live,both,True,True,https://raw.githubusercontent.com/lancebroz/mlb-pitcher-data/main/data/raw/2026/daily/2026-04-07.parquet,QA_VALIDATED
824457,682120,Tim Herrin,11,6,43,44,186,196,Top,2026-04-07,2026-04-07T17:10:00Z,CLE,KC,H,Tim Herrin,False,RELIEF_OR_BULK,11,2,1,0,0,0,1,0,0,P,,False,https://statsapi.mlb.com/api/v1.1/game/824457/feed/live,both,True,True,https://raw.githubusercontent.com/lancebroz/mlb-pitcher-data/main/data/raw/2026/daily/2026-04-07.parquet,QA_VALIDATED
824457,683232,Nick Mears,24,8,60,63,264,287,Bot,2026-04-07,2026-04-07T17:10:00Z,KC,CLE,A,Nick Mears,False,RELIEF_OR_BULK,24,4,3,0,0,0,1,2,0,P,,False,https://statsapi.mlb.com/api/v1.1/game/824457/feed/live,both,True,True,https://raw.githubusercontent.com/lancebroz/mlb-pitcher-data/main/data/raw/2026/daily/2026-04-07.parquet,QA_VALIDATED
824457,702070,Noah Cameron,97,1,3,47,13,210,Bot,2026-04-07,2026-04-07T17:10:00Z,KC,CLE,A,Noah Cameron,True,STARTER,97,24,17,1,1,6,1,5,0,P,,False,https://statsapi.mlb.com/api/v1.1/game/824457/feed/live,both,True,True,https://raw.githubusercontent.com/lancebroz/mlb-pitcher-data/main/data/raw/2026/daily/2026-04-07.parquet,QA_VALIDATED
824618,656794,Sean Newcomb,26,4,31,40,151,190,Top,2026-04-07,2026-04-07T19:10:00Z,CWS,BAL,H,Sean Newcomb,False,RELIEF_OR_BULK,26,7,4,1,1,2,1,1,0,P,,False,https://statsapi.mlb.com/api/v1.1/game/824618/feed/live,both,True,True,https://raw.githubusercontent.com/lancebroz/mlb-pitcher-data/main/data/raw/2026/daily/2026-04-07.parquet,QA_VALIDATED
824618,663542,Bryan Hudson,15,9,73,76,316,330,Top,2026-04-07,2026-04-07T19:10:00Z,CWS,BAL,H,Bryan Hudson,False,RELIEF_OR_BULK,15,4,3,0,0,0,1,0,0,P,,False,https://statsapi.mlb.com/api/v1.1/game/824618/feed/live,both,True,True,https://raw.githubusercontent.com/lancebroz/mlb-pitcher-data/main/data/raw/2026/daily/2026-04-07.parquet,QA_VALIDATED
824618,663855,Jordan Hicks,23,7,55,64,248,280,Top,2026-04-07,2026-04-07T19:10:00Z,CWS,BAL,H,Jordan Hicks,False,RELIEF_OR_BULK,23,7,4,2,2,3,0,2,0,P,,False,https://statsapi.mlb.com/api/v1.1/game/824618/feed/live,both,True,True,https://raw.githubusercontent.com/lancebroz/mlb-pitcher-data/main/data/raw/2026/daily/2026-04-07.parquet,QA_VALIDATED
824618,664854,Ryan Helsley,18,9,77,80,331,348,Bot,2026-04-07,2026-04-07T19:10:00Z,BAL,CWS,A,Ryan Helsley,False,RELIEF_OR_BULK,18,4,3,0,0,0,1,2,0,P,,False,https://statsapi.mlb.com/api/v1.1/game/824618/feed/live,both,True,True,https://raw.githubusercontent.com/lancebroz/mlb-pitcher-data/main/data/raw/2026/daily/2026-04-07.parquet,QA_VALIDATED
824618,664991,Grant Wolfram,16,8,69,71,294,309,Bot,2026-04-07,2026-04-07T19:10:00Z,BAL,CWS,A,Grant Wolfram,False,RELIEF_OR_BULK,16,3,2,0,0,0,0,2,0,P,,False,https://statsapi.mlb.com/api/v1.1/game/824618/feed/live,both,True,True,https://raw.githubusercontent.com/lancebroz/mlb-pitcher-data/main/data/raw/2026/daily/2026-04-07.parquet,QA_VALIDATED
824618,666974,Yennier Cano,10,7,59,61,261,270,Bot,2026-04-07,2026-04-07T19:10:00Z,BAL,CWS,A,Yennier Cano,False,RELIEF_OR_BULK,10,3,3,0,0,0,0,1,0,P,,False,https://statsapi.mlb.com/api/v1.1/game/824618/feed/live,both,True,True,https://raw.githubusercontent.com/lancebroz/mlb-pitcher-data/main/data/raw/2026/daily/2026-04-07.parquet,QA_VALIDATED
824618,669432,Trevor Rogers,101,1,5,54,23,247,Bot,2026-04-07,2026-04-07T19:10:00Z,BAL,CWS,A,Trevor Rogers,True,STARTER,101,25,18,2,2,6,0,6,0,P,,False,https://statsapi.mlb.com/api/v1.1/game/824618/feed/live,both,True,True,https://raw.githubusercontent.com/lancebroz/mlb-pitcher-data/main/data/raw/2026/daily/2026-04-07.parquet,QA_VALIDATED
824618,669684,Chris Murphy,13,8,65,68,281,293,Top,2026-04-07,2026-04-07T19:10:00Z,CWS,BAL,H,Chris Murphy,False,RELIEF_OR_BULK,13,4,2,1,1,1,1,0,1,P,,False,https://statsapi.mlb.com/api/v1.1/game/824618/feed/live,both,True,True,https://raw.githubusercontent.com/lancebroz/mlb-pitcher-data/main/data/raw/2026/daily/2026-04-07.parquet,QA_VALIDATED
824618,673929,Jordan Leasure,21,6,46,49,213,233,Top,2026-04-07,2026-04-07T19:10:00Z,CWS,BAL,H,Jordan Leasure,False,RELIEF_OR_BULK,21,4,3,0,0,1,0,2,0,P,,False,https://statsapi.mlb.com/api/v1.1/game/824618/feed/live,both,True,True,https://raw.githubusercontent.com/lancebroz/mlb-pitcher-data/main/data/raw/2026/daily/2026-04-07.parquet,QA_VALIDATED
824618,681343,Shane Smith,99,1,0,30,1,150,Top,2026-04-07,2026-04-07T19:10:00Z,CWS,BAL,H,Shane Smith,True,STARTER,99,19,11,0,0,1,5,8,0,P,,False,https://statsapi.mlb.com/api/v1.1/game/824618/feed/live,both,True,True,https://raw.githubusercontent.com/lancebroz/mlb-pitcher-data/main/data/raw/2026/daily/2026-04-07.parquet,QA_VALIDATED
824618,689296,Anthony Nunez,6,8,72,72,310,315,Bot,2026-04-07,2026-04-07T19:10:00Z,BAL,CWS,A,Anthony Nunez,False,RELIEF_OR_BULK,6,1,1,0,0,0,0,1,0,P,,False,https://statsapi.mlb.com/api/v1.1/game/824618/feed/live,both,True,True,https://raw.githubusercontent.com/lancebroz/mlb-pitcher-data/main/data/raw/2026/daily/2026-04-07.parquet,QA_VALIDATED
824780,547973,Aroldis Chapman,6,9,64,66,277,282,Top,2026-04-07,2026-04-07T22:45:00Z,BOS,MIL,H,Aroldis Chapman,False,RELIEF_OR_BULK,6,3,3,0,0,0,1,0,0,P,,False,https://statsapi.mlb.com/api/v1.1/game/824780/feed/live,both,True,True,https://raw.githubusercontent.com/lancebroz/mlb-pitcher-data/main/data/raw/2026/daily/2026-04-07.parquet,QA_VALIDATED
824780,663765,Jake Woodford,3,8,63,63,274,276,Bot,2026-04-07,2026-04-07T22:45:00Z,MIL,BOS,A,Jake Woodford,False,RELIEF_OR_BULK,3,1,1,0,0,0,0,0,0,P,,False,https://statsapi.mlb.com/api/v1.1/game/824780/feed/live,both,True,True,https://raw.githubusercontent.com/lancebroz/mlb-pitcher-data/main/data/raw/2026/daily/2026-04-07.parquet,QA_VALIDATED
824780,669084,DL Hall,39,6,44,62,191,273,Bot,2026-04-07,2026-04-07T22:45:00Z,MIL,BOS,A,DL Hall,False,RELIEF_OR_BULK,39,9,7,0,0,1,1,1,0,P,,False,https://statsapi.mlb.com/api/v1.1/game/824780/feed/live,both,True,True,https://raw.githubusercontent.com/lancebroz/mlb-pitcher-data/main/data/raw/2026/daily/2026-04-07.parquet,QA_VALIDATED
824780,676477,Garrett Whitlock,15,8,57,59,243,257,Top,2026-04-07,2026-04-07T22:45:00Z,BOS,MIL,H,Garrett Whitlock,False,RELIEF_OR_BULK,15,3,3,0,0,0,0,1,0,P,,False,https://statsapi.mlb.com/api/v1.1/game/824780/feed/live,both,True,True,https://raw.githubusercontent.com/lancebroz/mlb-pitcher-data/main/data/raw/2026/daily/2026-04-07.parquet,QA_VALIDATED
824780,676979,Garrett Crochet,107,1,0,51,1,219,Top,2026-04-07,2026-04-07T22:45:00Z,BOS,MIL,H,Garrett Crochet,True,STARTER,107,27,19,2,2,5,2,7,0,P,,False,https://statsapi.mlb.com/api/v1.1/game/824780/feed/live,both,True,True,https://raw.githubusercontent.com/lancebroz/mlb-pitcher-data/main/data/raw/2026/daily/2026-04-07.parquet,QA_VALIDATED
824780,677161,Zack Kelly,11,7,52,53,220,230,Top,2026-04-07,2026-04-07T22:45:00Z,BOS,MIL,H,Zack Kelly,False,RELIEF_OR_BULK,11,2,2,0,0,0,0,0,0,P,,False,https://statsapi.mlb.com/api/v1.1/game/824780/feed/live,both,True,True,https://raw.githubusercontent.com/lancebroz/mlb-pitcher-data/main/data/raw/2026/daily/2026-04-07.parquet,QA_VALIDATED
824780,694819,Jacob Misiorowski,101,1,3,43,18,190,Bot,2026-04-07,2026-04-07T22:45:00Z,MIL,BOS,A,Jacob Misiorowski,True,STARTER,101,22,16,3,3,2,4,10,0,P,,False,https://statsapi.mlb.com/api/v1.1/game/824780/feed/live,both,True,True,https://raw.githubusercontent.com/lancebroz/mlb-pitcher-data/main/data/raw/2026/daily/2026-04-07.parquet,QA_VALIDATED
822753,571945,Miles Mikolas,55,1,0,24,1,91,Top,2026-04-08,2026-04-08T20:05:00Z,WSH,STL,H,Miles Mikolas,True,STARTER,55,17,9,2,2,5,3,3,0,P,,False,https://statsapi.mlb.com/api/v1.1/game/822753/feed/live,both,True,True,https://raw.githubusercontent.com/lancebroz/mlb-pitcher-data/main/data/raw/2026/daily/2026-04-08.parquet,QA_VALIDATED
822753,669371,Cole Henry,43,8,57,66,238,285,Top,2026-04-08,2026-04-08T20:05:00Z,WSH,STL,H,Cole Henry,False,RELIEF_OR_BULK,43,7,5,2,2,0,1,3,0,P,,False,https://statsapi.mlb.com/api/v1.1/game/822753/feed/live,both,True,True,https://raw.githubusercontent.com/lancebroz/mlb-pitcher-data/main/data/raw/2026/daily/2026-04-08.parquet,QA_VALIDATED
822753,672335,Cionel Pérez,24,7,48,52,199,222,Top,2026-04-08,2026-04-08T20:05:00Z,WSH,STL,H,Cionel Pérez,False,RELIEF_OR_BULK,24,5,3,1,1,1,2,1,0,P,,False,https://statsapi.mlb.com/api/v1.1/game/822753/feed/live,both,True,True,https://raw.githubusercontent.com/lancebroz/mlb-pitcher-data/main/data/raw/2026/daily/2026-04-08.parquet,QA_VALIDATED
822753,676571,PJ Poulin,15,9,67,69,286,300,Top,2026-04-08,2026-04-08T20:05:00Z,WSH,STL,H,PJ Poulin,False,RELIEF_OR_BULK,15,3,1,0,0,1,1,0,0,P,,False,https://statsapi.mlb.com/api/v1.1/game/822753/feed/live,both,True,True,https://raw.githubusercontent.com/lancebroz/mlb-pitcher-data/main/data/raw/2026/daily/2026-04-08.parquet,QA_VALIDATED
822753,676617,Riley O'Brien,15,9,70,72,301,315,Bot,2026-04-08,2026-04-08T20:05:00Z,STL,WSH,A,Riley O'Brien,False,RELIEF_OR_BULK,15,3,3,0,0,0,0,0,0,P,,False,https://statsapi.mlb.com/api/v1.1/game/822753/feed/live,both,True,True,https://raw.githubusercontent.com/lancebroz/mlb-pitcher-data/main/data/raw/2026/daily/2026-04-08.parquet,QA_VALIDATED
822753,677865,Justin Bruihl,2,8,62,62,260,261,Bot,2026-04-08,2026-04-08T20:05:00Z,STL,WSH,A,Justin Bruihl,False,RELIEF_OR_BULK,2,1,1,0,0,0,0,0,0,P,,False,https://statsapi.mlb.com/api/v1.1/game/822753/feed/live,both,True,True,https://raw.githubusercontent.com/lancebroz/mlb-pitcher-data/main/data/raw/2026/daily/2026-04-08.parquet,QA_VALIDATED
822753,694335,Matt Svanson,18,7,53,61,223,259,Bot,2026-04-08,2026-04-08T20:05:00Z,STL,WSH,A,Matt Svanson,False,RELIEF_OR_BULK,18,6,5,0,0,0,1,1,0,P,,False,https://statsapi.mlb.com/api/v1.1/game/822753/feed/live,both,True,True,https://raw.githubusercontent.com/lancebroz/mlb-pitcher-data/main/data/raw/2026/daily/2026-04-08.parquet,QA_VALIDATED
822753,695418,Brad Lord,52,4,29,44,106,179,Top,2026-04-08,2026-04-08T20:05:00Z,WSH,STL,H,Brad Lord,False,RELIEF_OR_BULK,52,10,9,1,1,1,0,2,1,P,,False,https://statsapi.mlb.com/api/v1.1/game/822753/feed/live,both,True,True,https://raw.githubusercontent.com/lancebroz/mlb-pitcher-data/main/data/raw/2026/daily/2026-04-08.parquet,QA_VALIDATED
822753,700241,Michael McGreevy,91,1,6,47,18,198,Bot,2026-04-08,2026-04-08T20:05:00Z,STL,WSH,A,Michael McGreevy,True,STARTER,91,21,18,1,1,4,0,1,0,P,,False,https://statsapi.mlb.com/api/v1.1/game/822753/feed/live,both,True,True,https://raw.githubusercontent.com/lancebroz/mlb-pitcher-data/main/data/raw/2026/daily/2026-04-08.parquet,QA_VALIDATED
822833,595014,Blake Treinen,9,7,62,64,247,255,Bot,2026-04-08,2026-04-08T19:07:00Z,LAD,TOR,A,Blake Treinen,False,RELIEF_OR_BULK,9,3,2,0,0,0,1,1,0,P,,False,https://statsapi.mlb.com/api/v1.1/game/822833/feed/live,both,True,True,https://raw.githubusercontent.com/lancebroz/mlb-pitcher-data/main/data/raw/2026/daily/2026-04-08.parquet,QA_VALIDATED
822833,643511,Tyler Rogers,20,7,53,67,220,267,Top,2026-04-08,2026-04-08T19:07:00Z,TOR,LAD,H,Tyler Rogers,False,RELIEF_OR_BULK,20,7,5,0,0,1,1,2,0,P,,False,https://statsapi.mlb.com/api/v1.1/game/822833/feed/live,both,True,True,https://raw.githubusercontent.com/lancebroz/mlb-pitcher-data/main/data/raw/2026/daily/2026-04-08.parquet,QA_VALIDATED
822833,656302,Dylan Cease,96,1,0,42,1,178,Top,2026-04-08,2026-04-08T19:07:00Z,TOR,LAD,H,Dylan Cease,True,STARTER,96,23,15,2,1,4,4,8,0,P,,False,https://statsapi.mlb.com/api/v1.1/game/822833/feed/live,both,True,True,https://raw.githubusercontent.com/lancebroz/mlb-pitcher-data/main/data/raw/2026/daily/2026-04-08.parquet,QA_VALIDATED
822833,656546,Jeff Hoffman,21,9,73,77,284,304,Top,2026-04-08,2026-04-08T19:07:00Z,TOR,LAD,H,Jeff Hoffman,False,RELIEF_OR_BULK,21,5,3,0,0,1,1,2,0,P,,False,https://statsapi.mlb.com/api/v1.1/game/822833/feed/live,both,True,True,https://raw.githubusercontent.com/lancebroz/mlb-pitcher-data/main/data/raw/2026/daily/2026-04-08.parquet,QA_VALIDATED
822833,660271,Shohei Ohtani,96,1,4,49,24,205,Bot,2026-04-08,2026-04-08T19:07:00Z,LAD,TOR,A,Shohei Ohtani,True,STARTER,96,24,18,1,0,4,1,2,0,P|DH,100,False,https://statsapi.mlb.com/api/v1.1/game/822833/feed/live,both,True,True,https://raw.githubusercontent.com/lancebroz/mlb-pitcher-data/main/data/raw/2026/daily/2026-04-08.parquet,QA_VALIDATED
822833,676263,Jack Dreyer,19,7,57,61,228,246,Bot,2026-04-08,2026-04-08T19:07:00Z,LAD,TOR,A,Jack Dreyer,False,RELIEF_OR_BULK,19,5,1,2,2,3,1,0,0,P,,False,https://statsapi.mlb.com/api/v1.1/game/822833/feed/live,both,True,True,https://raw.githubusercontent.com/lancebroz/mlb-pitcher-data/main/data/raw/2026/daily/2026-04-08.parquet,QA_VALIDATED
822833,676508,Ben Casparius,16,8,68,72,268,283,Bot,2026-04-08,2026-04-08T19:07:00Z,LAD,TOR,A,Ben Casparius,False,RELIEF_OR_BULK,16,5,3,1,1,1,1,0,0,P,,False,https://statsapi.mlb.com/api/v1.1/game/822833/feed/live,both,True,True,https://raw.githubusercontent.com/lancebroz/mlb-pitcher-data/main/data/raw/2026/daily/2026-04-08.parquet,QA_VALIDATED
822833,686973,Louis Varland,13,6,43,45,179,191,Top,2026-04-08,2026-04-08T19:07:00Z,TOR,LAD,H,Louis Varland,False,RELIEF_OR_BULK,13,3,3,0,0,0,0,1,0,P,,False,https://statsapi.mlb.com/api/v1.1/game/822833/feed/live,both,True,True,https://raw.githubusercontent.com/lancebroz/mlb-pitcher-data/main/data/raw/2026/daily/2026-04-08.parquet,QA_VALIDATED
822833,689254,Mason Fluharty,14,7,50,52,206,219,Top,2026-04-08,2026-04-08T19:07:00Z,TOR,LAD,H,Mason Fluharty,False,RELIEF_OR_BULK,14,3,1,1,1,0,2,0,0,P,,False,https://statsapi.mlb.com/api/v1.1/game/822833/feed/live,both,True,True,https://raw.githubusercontent.com/lancebroz/mlb-pitcher-data/main/data/raw/2026/daily/2026-04-08.parquet,QA_VALIDATED
822915,455119,Chris Martin,8,6,39,41,166,173,Top,2026-04-08,2026-04-08T18:35:00Z,TEX,SEA,H,Chris Martin,False,RELIEF_OR_BULK,8,3,3,0,0,0,0,1,0,P,,False,https://statsapi.mlb.com/api/v1.1/game/822915/feed/live,both,True,True,https://raw.githubusercontent.com/lancebroz/mlb-pitcher-data/main/data/raw/2026/daily/2026-04-08.parquet,QA_VALIDATED
822915,642100,Gabe Speier,9,8,55,57,223,231,Bot,2026-04-08,2026-04-08T18:35:00Z,SEA,TEX,A,Gabe Speier,False,RELIEF_OR_BULK,9,3,3,0,0,0,0,2,0,P,,False,https://statsapi.mlb.com/api/v1.1/game/822915/feed/live,both,True,True,https://raw.githubusercontent.com/lancebroz/mlb-pitcher-data/main/data/raw/2026/daily/2026-04-08.parquet,QA_VALIDATED
822915,660825,Eduard Bazardo,8,7,49,51,201,208,Bot,2026-04-08,2026-04-08T18:35:00Z,SEA,TEX,A,Eduard Bazardo,False,RELIEF_OR_BULK,8,3,3,0,0,1,0,0,0,P,,False,https://statsapi.mlb.com/api/v1.1/game/822915/feed/live,both,True,True,https://raw.githubusercontent.com/lancebroz/mlb-pitcher-data/main/data/raw/2026/daily/2026-04-08.parquet,QA_VALIDATED
822915,668390,Cole Winn,16,9,58,61,232,247,Top,2026-04-08,2026-04-08T18:35:00Z,TEX,SEA,H,Cole Winn,False,RELIEF_OR_BULK,16,4,3,0,0,1,0,1,0,P,,False,https://statsapi.mlb.com/api/v1.1/game/822915/feed/live,both,True,True,https://raw.githubusercontent.com/lancebroz/mlb-pitcher-data/main/data/raw/2026/daily/2026-04-08.parquet,QA_VALIDATED
822915,669022,MacKenzie Gore,82,1,0,30,1,124,Top,2026-04-08,2026-04-08T18:35:00Z,TEX,SEA,H,MacKenzie Gore,True,STARTER,82,17,15,0,0,1,2,9,0,P,,False,https://statsapi.mlb.com/api/v1.1/game/822915/feed/live,both,True,True,https://raw.githubusercontent.com/lancebroz/mlb-pitcher-data/main/data/raw/2026/daily/2026-04-08.parquet,QA_VALIDATED
822915,678606,José A. Ferrer,16,6,42,45,174,189,Bot,2026-04-08,2026-04-08T18:35:00Z,SEA,TEX,A,José A. Ferrer,False,RELIEF_OR_BULK,16,3,3,0,0,0,1,0,0,P,,False,https://statsapi.mlb.com/api/v1.1/game/822915/feed/live,both,True,True,https://raw.githubusercontent.com/lancebroz/mlb-pitcher-data/main/data/raw/2026/daily/2026-04-08.parquet,QA_VALIDATED
822915,681168,Luis Curvelo,25,7,46,54,190,222,Top,2026-04-08,2026-04-08T18:35:00Z,TEX,SEA,H,Luis Curvelo,False,RELIEF_OR_BULK,25,6,6,0,0,0,0,2,0,P,,False,https://statsapi.mlb.com/api/v1.1/game/822915/feed/live,both,True,True,https://raw.githubusercontent.com/lancebroz/mlb-pitcher-data/main/data/raw/2026/daily/2026-04-08.parquet,QA_VALIDATED
822915,693433,Bryan Woo,83,1,5,38,27,165,Bot,2026-04-08,2026-04-08T18:35:00Z,SEA,TEX,A,Bryan Woo,True,STARTER,83,22,15,3,1,5,2,2,0,P,,False,https://statsapi.mlb.com/api/v1.1/game/822915/feed/live,both,True,True,https://raw.githubusercontent.com/lancebroz/mlb-pitcher-data/main/data/raw/2026/daily/2026-04-08.parquet,QA_VALIDATED
823000,571948,Hoby Milner,10,6,47,49,190,199,Bot,2026-04-08,2026-04-08T22:40:00Z,CHC,TB,A,Hoby Milner,False,RELIEF_OR_BULK,10,3,3,0,0,0,0,1,0,P,,False,https://statsapi.mlb.com/api/v1.1/game/823000/feed/live,both,True,True,https://raw.githubusercontent.com/lancebroz/mlb-pitcher-data/main/data/raw/2026/daily/2026-04-08.parquet,QA_VALIDATED
823000,607067,Colin Rea,79,1,4,42,17,171,Bot,2026-04-08,2026-04-08T22:40:00Z,CHC,TB,A,Colin Rea,True,STARTER,79,20,15,1,1,2,2,2,0,P,,False,https://statsapi.mlb.com/api/v1.1/game/823000/feed/live,both,True,True,https://raw.githubusercontent.com/lancebroz/mlb-pitcher-data/main/data/raw/2026/daily/2026-04-08.parquet,QA_VALIDATED
823000,640451,Hunter Harvey,16,9,69,71,266,281,Bot,2026-04-08,2026-04-08T22:40:00Z,CHC,TB,A,Hunter Harvey,False,RELIEF_OR_BULK,16,3,3,0,0,1,0,1,0,P,,False,https://statsapi.mlb.com/api/v1.1/game/823000/feed/live,both,True,True,https://raw.githubusercontent.com/lancebroz/mlb-pitcher-data/main/data/raw/2026/daily/2026-04-08.parquet,QA_VALIDATED
823000,669947,Jesse Scholtens,61,5,38,68,153,265,Top,2026-04-08,2026-04-08T22:40:00Z,TB,CHC,H,Jesse Scholtens,False,RELIEF_OR_BULK,61,17,14,0,0,4,1,4,0,P,,False,https://statsapi.mlb.com/api/v1.1/game/823000/feed/live,both,True,True,https://raw.githubusercontent.com/lancebroz/mlb-pitcher-data/main/data/raw/2026/daily/2026-04-08.parquet,QA_VALIDATED
823000,671212,Joe Boyle,84,1,0,37,1,152,Top,2026-04-08,2026-04-08T22:40:00Z,TB,CHC,H,Joe Boyle,True,STARTER,84,20,13,6,5,4,3,3,1,P,,False,https://statsapi.mlb.com/api/v1.1/game/823000/feed/live,both,True,True,https://raw.githubusercontent.com/lancebroz/mlb-pitcher-data/main/data/raw/2026/daily/2026-04-08.parquet,QA_VALIDATED
823000,676962,Ben Brown,31,7,53,63,212,251,Bot,2026-04-08,2026-04-08T22:40:00Z,CHC,TB,A,Ben Brown,False,RELIEF_OR_BULK,31,8,6,1,1,2,0,3,0,P,,False,https://statsapi.mlb.com/api/v1.1/game/823000/feed/live,both,True,True,https://raw.githubusercontent.com/lancebroz/mlb-pitcher-data/main/data/raw/2026/daily/2026-04-08.parquet,QA_VALIDATED
823234,605400,Aaron Nola,84,1,5,47,18,183,Bot,2026-04-08,2026-04-08T19:45:00Z,PHI,SF,A,Aaron Nola,True,STARTER,84,23,18,3,3,5,1,3,1,P,,False,https://statsapi.mlb.com/api/v1.1/game/823234/feed/live,both,True,True,https://raw.githubusercontent.com/lancebroz/mlb-pitcher-data/main/data/raw/2026/daily/2026-04-08.parquet,QA_VALIDATED
823234,621237,José Alvarado,17,8,60,64,236,252,Bot,2026-04-08,2026-04-08T19:45:00Z,PHI,SF,A,José Alvarado,False,RELIEF_OR_BULK,17,5,2,2,1,2,0,2,0,P,,False,https://statsapi.mlb.com/api/v1.1/game/823234/feed/live,both,True,True,https://raw.githubusercontent.com/lancebroz/mlb-pitcher-data/main/data/raw/2026/daily/2026-04-08.parquet,QA_VALIDATED
823234,641816,Tyler Mahle,94,1,0,40,1,159,Top,2026-04-08,2026-04-08T19:45:00Z,SF,PHI,H,Tyler Mahle,True,STARTER,94,24,17,0,0,3,4,6,0,P,,False,https://statsapi.mlb.com/api/v1.1/game/823234/feed/live,both,True,True,https://raw.githubusercontent.com/lancebroz/mlb-pitcher-data/main/data/raw/2026/daily/2026-04-08.parquet,QA_VALIDATED
823234,647315,Zach Pop,5,8,65,66,253,257,Bot,2026-04-08,2026-04-08T19:45:00Z,PHI,SF,A,Zach Pop,False,RELIEF_OR_BULK,5,2,1,0,0,1,0,0,0,P,,False,https://statsapi.mlb.com/api/v1.1/game/823234/feed/live,both,True,True,https://raw.githubusercontent.com/lancebroz/mlb-pitcher-data/main/data/raw/2026/daily/2026-04-08.parquet,QA_VALIDATED
823234,657424,Matt Gage,13,6,41,49,160,191,Top,2026-04-08,2026-04-08T19:45:00Z,SF,PHI,H,Matt Gage,False,RELIEF_OR_BULK,13,3,2,0,0,1,0,1,0,P,,False,https://statsapi.mlb.com/api/v1.1/game/823234/feed/live,both,True,True,https://raw.githubusercontent.com/lancebroz/mlb-pitcher-data/main/data/raw/2026/daily/2026-04-08.parquet,QA_VALIDATED
823234,668873,Caleb Kilian,13,7,50,52,192,204,Top,2026-04-08,2026-04-08T19:45:00Z,SF,PHI,H,Caleb Kilian,False,RELIEF_OR_BULK,13,3,2,0,0,0,1,1,0,P,,False,https://statsapi.mlb.com/api/v1.1/game/823234/feed/live,both,True,True,https://raw.githubusercontent.com/lancebroz/mlb-pitcher-data/main/data/raw/2026/daily/2026-04-08.parquet,QA_VALIDATED
823234,669062,Erik Miller,17,9,67,69,258,274,Top,2026-04-08,2026-04-08T19:45:00Z,SF,PHI,H,Erik Miller,False,RELIEF_OR_BULK,17,3,3,0,0,0,0,2,0,P,,False,https://statsapi.mlb.com/api/v1.1/game/823234/feed/live,both,True,True,https://raw.githubusercontent.com/lancebroz/mlb-pitcher-data/main/data/raw/2026/daily/2026-04-08.parquet,QA_VALIDATED
823234,680742,Jonathan Bowlan,18,7,53,56,205,222,Bot,2026-04-08,2026-04-08T19:45:00Z,PHI,SF,A,Jonathan Bowlan,False,RELIEF_OR_BULK,18,4,3,0,0,1,0,1,0,P,,False,https://statsapi.mlb.com/api/v1.1/game/823234/feed/live,both,True,True,https://raw.githubusercontent.com/lancebroz/mlb-pitcher-data/main/data/raw/2026/daily/2026-04-08.parquet,QA_VALIDATED
823234,694918,Blade Tidwell,13,8,57,59,223,235,Top,2026-04-08,2026-04-08T19:45:00Z,SF,PHI,H,Blade Tidwell,False,RELIEF_OR_BULK,13,3,3,0,0,0,0,0,0,P,,False,https://statsapi.mlb.com/api/v1.1/game/823234/feed/live,both,True,True,https://raw.githubusercontent.com/lancebroz/mlb-pitcher-data/main/data/raw/2026/daily/2026-04-08.parquet,QA_VALIDATED
823403,606996,Kyle Hart,21,7,53,57,196,216,Bot,2026-04-08,2026-04-08T16:35:00Z,SD,PIT,A,Kyle Hart,False,RELIEF_OR_BULK,21,5,3,0,0,1,1,0,0,P,,False,https://statsapi.mlb.com/api/v1.1/game/823403/feed/live,both,True,True,https://raw.githubusercontent.com/lancebroz/mlb-pitcher-data/main/data/raw/2026/daily/2026-04-08.parquet,QA_VALIDATED
823403,650633,Michael King,95,1,3,52,10,195,Bot,2026-04-08,2026-04-08T16:35:00Z,SD,PIT,A,Michael King,True,STARTER,95,24,18,2,2,4,3,4,0,P,,False,https://statsapi.mlb.com/api/v1.1/game/823403/feed/live,both,True,True,https://raw.githubusercontent.com/lancebroz/mlb-pitcher-data/main/data/raw/2026/daily/2026-04-08.parquet,QA_VALIDATED
823403,656605,Mitch Keller,75,1,0,40,1,157,Top,2026-04-08,2026-04-08T16:35:00Z,PIT,SD,H,Mitch Keller,True,STARTER,75,22,18,0,0,3,1,4,0,P,,False,https://statsapi.mlb.com/api/v1.1/game/823403/feed/live,both,True,True,https://raw.githubusercontent.com/lancebroz/mlb-pitcher-data/main/data/raw/2026/daily/2026-04-08.parquet,QA_VALIDATED
823403,664353,José Urquidy,36,8,58,73,217,264,Top,2026-04-08,2026-04-08T16:35:00Z,PIT,SD,H,José Urquidy,False,RELIEF_OR_BULK,36,12,6,4,1,4,0,3,0,P,,False,https://statsapi.mlb.com/api/v1.1/game/823403/feed/live,both,True,True,https://raw.githubusercontent.com/lancebroz/mlb-pitcher-data/main/data/raw/2026/daily/2026-04-08.parquet,QA_VALIDATED
823403,664875,Justin Lawrence,25,7,44,50,168,192,Top,2026-04-08,2026-04-08T16:35:00Z,PIT,SD,H,Justin Lawrence,False,RELIEF_OR_BULK,25,7,3,4,3,3,0,2,1,P,,False,https://statsapi.mlb.com/api/v1.1/game/823403/feed/live,both,True,True,https://raw.githubusercontent.com/lancebroz/mlb-pitcher-data/main/data/raw/2026/daily/2026-04-08.parquet,QA_VALIDATED
823403,669093,Jeremiah Estrada,12,8,62,65,225,236,Bot,2026-04-08,2026-04-08T16:35:00Z,SD,PIT,A,Jeremiah Estrada,False,RELIEF_OR_BULK,12,4,3,0,0,1,0,0,0,P,,False,https://statsapi.mlb.com/api/v1.1/game/823403/feed/live,both,True,True,https://raw.githubusercontent.com/lancebroz/mlb-pitcher-data/main/data/raw/2026/daily/2026-04-08.parquet,QA_VALIDATED
823403,695243,Mason Miller,10,9,74,76,265,274,Bot,2026-04-08,2026-04-08T16:35:00Z,SD,PIT,A,Mason Miller,False,RELIEF_OR_BULK,10,3,3,0,0,0,0,2,0,P,,False,https://statsapi.mlb.com/api/v1.1/game/823403/feed/live,both,True,True,https://raw.githubusercontent.com/lancebroz/mlb-pitcher-data/main/data/raw/2026/daily/2026-04-08.parquet,QA_VALIDATED
823564,605130,Scott Barlow,17,6,50,58,203,231,Bot,2026-04-08,2026-04-08T23:05:00Z,ATH,NYY,A,Scott Barlow,False,RELIEF_OR_BULK,17,5,5,0,0,0,0,4,0,P,,False,https://statsapi.mlb.com/api/v1.1/game/823564/feed/live,both,True,True,https://raw.githubusercontent.com/lancebroz/mlb-pitcher-data/main/data/raw/2026/daily/2026-04-08.parquet,QA_VALIDATED
823564,622663,Luis Severino,100,1,4,45,13,186,Bot,2026-04-08,2026-04-08T23:05:00Z,ATH,NYY,A,Luis Severino,True,STARTER,100,22,15,2,2,4,5,7,0,P,,False,https://statsapi.mlb.com/api/v1.1/game/823564/feed/live,both,True,True,https://raw.githubusercontent.com/lancebroz/mlb-pitcher-data/main/data/raw/2026/daily/2026-04-08.parquet,QA_VALIDATED
823564,657612,Tim Hill,17,5,41,49,164,202,Top,2026-04-08,2026-04-08T23:05:00Z,NYY,ATH,H,Tim Hill,False,RELIEF_OR_BULK,17,5,4,0,0,1,0,0,0,P,,False,https://statsapi.mlb.com/api/v1.1/game/823564/feed/live,both,True,True,https://raw.githubusercontent.com/lancebroz/mlb-pitcher-data/main/data/raw/2026/daily/2026-04-08.parquet,QA_VALIDATED
823564,663687,Hogan Harris,20,7,59,66,232,265,Bot,2026-04-08,2026-04-08T23:05:00Z,ATH,NYY,A,Hogan Harris,False,RELIEF_OR_BULK,20,4,2,0,0,0,2,2,0,P,,False,https://statsapi.mlb.com/api/v1.1/game/823564/feed/live,both,True,True,https://raw.githubusercontent.com/lancebroz/mlb-pitcher-data/main/data/raw/2026/daily/2026-04-08.parquet,QA_VALIDATED
823564,665660,Elvis Alvarado,11,8,67,68,266,276,Bot,2026-04-08,2026-04-08T23:05:00Z,ATH,NYY,A,Elvis Alvarado,False,RELIEF_OR_BULK,11,2,2,0,0,0,0,1,0,P,,False,https://statsapi.mlb.com/api/v1.1/game/823564/feed/live,both,True,True,https://raw.githubusercontent.com/lancebroz/mlb-pitcher-data/main/data/raw/2026/daily/2026-04-08.parquet,QA_VALIDATED
823564,666808,Camilo Doval,12,7,53,56,213,224,Top,2026-04-08,2026-04-08T23:05:00Z,NYY,ATH,H,Camilo Doval,False,RELIEF_OR_BULK,12,4,3,0,0,0,0,1,0,P,,False,https://statsapi.mlb.com/api/v1.1/game/823564/feed/live,both,True,True,https://raw.githubusercontent.com/lancebroz/mlb-pitcher-data/main/data/raw/2026/daily/2026-04-08.parquet,QA_VALIDATED
823564,669270,Joel Kuhnel,12,9,74,76,298,309,Bot,2026-04-08,2026-04-08T23:05:00Z,ATH,NYY,A,Joel Kuhnel,False,RELIEF_OR_BULK,12,3,3,0,0,0,0,1,0,P,,False,https://statsapi.mlb.com/api/v1.1/game/823564/feed/live,both,True,True,https://raw.githubusercontent.com/lancebroz/mlb-pitcher-data/main/data/raw/2026/daily/2026-04-08.parquet,QA_VALIDATED
823564,670280,David Bednar,21,9,69,73,277,297,Top,2026-04-08,2026-04-08T23:05:00Z,NYY,ATH,H,David Bednar,False,RELIEF_OR_BULK,21,5,3,1,1,2,0,2,0,P,,False,https://statsapi.mlb.com/api/v1.1/game/823564/feed/live,both,True,True,https://raw.githubusercontent.com/lancebroz/mlb-pitcher-data/main/data/raw/2026/daily/2026-04-08.parquet,QA_VALIDATED
823564,687396,Brent Headrick,14,8,62,65,247,260,Top,2026-04-08,2026-04-08T23:05:00Z,NYY,ATH,H,Brent Headrick,False,RELIEF_OR_BULK,14,4,3,0,0,1,0,1,0,P,,False,https://statsapi.mlb.com/api/v1.1/game/823564/feed/live,both,True,True,https://raw.githubusercontent.com/lancebroz/mlb-pitcher-data/main/data/raw/2026/daily/2026-04-08.parquet,QA_VALIDATED
823564,701542,Will Warren,85,1,0,40,1,163,Top,2026-04-08,2026-04-08T23:05:00Z,NYY,ATH,H,Will Warren,True,STARTER,85,23,14,2,2,5,3,5,0,P,,False,https://statsapi.mlb.com/api/v1.1/game/823564/feed/live,both,True,True,https://raw.githubusercontent.com/lancebroz/mlb-pitcher-data/main/data/raw/2026/daily/2026-04-08.parquet,QA_VALIDATED
823646,640455,Sean Manaea,70,6,42,74,156,277,Top,2026-04-08,2026-04-08T20:10:00Z,NYM,AZ,H,Sean Manaea,False,RELIEF_OR_BULK,70,18,12,2,2,5,2,2,0,P,,False,https://statsapi.mlb.com/api/v1.1/game/823646/feed/live,both,True,True,https://raw.githubusercontent.com/lancebroz/mlb-pitcher-data/main/data/raw/2026/daily/2026-04-08.parquet,QA_VALIDATED
823646,656849,David Peterson,85,1,0,37,1,139,Top,2026-04-08,2026-04-08T20:10:00Z,NYM,AZ,H,David Peterson,True,STARTER,85,23,15,5,5,6,2,6,0,P,,False,https://statsapi.mlb.com/api/v1.1/game/823646/feed/live,both,True,True,https://raw.githubusercontent.com/lancebroz/mlb-pitcher-data/main/data/raw/2026/daily/2026-04-08.parquet,QA_VALIDATED
823646,657044,Ryan Thompson,3,6,51,51,185,187,Bot,2026-04-08,2026-04-08T20:10:00Z,AZ,NYM,A,Ryan Thompson,False,RELIEF_OR_BULK,3,1,1,0,0,0,0,0,0,P,,False,https://statsapi.mlb.com/api/v1.1/game/823646/feed/live,both,True,True,https://raw.githubusercontent.com/lancebroz/mlb-pitcher-data/main/data/raw/2026/daily/2026-04-08.parquet,QA_VALIDATED
823646,664199,Taylor Clarke,16,9,75,77,278,293,Bot,2026-04-08,2026-04-08T20:10:00Z,AZ,NYM,A,Taylor Clarke,False,RELIEF_OR_BULK,16,3,3,0,0,1,0,0,0,P,,False,https://statsapi.mlb.com/api/v1.1/game/823646/feed/live,both,True,True,https://raw.githubusercontent.com/lancebroz/mlb-pitcher-data/main/data/raw/2026/daily/2026-04-08.parquet,QA_VALIDATED
823646,669194,Ryne Nelson,86,1,5,50,18,184,Bot,2026-04-08,2026-04-08T20:10:00Z,AZ,NYM,A,Ryne Nelson,True,STARTER,86,24,17,1,1,5,0,5,0,P,,False,https://statsapi.mlb.com/api/v1.1/game/823646/feed/live,both,True,True,https://raw.githubusercontent.com/lancebroz/mlb-pitcher-data/main/data/raw/2026/daily/2026-04-08.parquet,QA_VALIDATED
823646,694851,Andrew Hoffmann,33,7,56,71,211,268,Bot,2026-04-08,2026-04-08T20:10:00Z,AZ,NYM,A,Andrew Hoffmann,False,RELIEF_OR_BULK,33,9,6,1,0,1,1,2,0,P,,False,https://statsapi.mlb.com/api/v1.1/game/823646/feed/live,both,True,True,https://raw.githubusercontent.com/lancebroz/mlb-pitcher-data/main/data/raw/2026/daily/2026-04-08.parquet,QA_VALIDATED
823726,607455,Anthony Banda,21,7,60,65,218,238,Top,2026-04-08,2026-04-08T23:40:00Z,MIN,DET,H,Anthony Banda,False,RELIEF_OR_BULK,21,6,2,4,4,4,0,1,0,P,,False,https://statsapi.mlb.com/api/v1.1/game/823726/feed/live,both,True,True,https://raw.githubusercontent.com/lancebroz/mlb-pitcher-data/main/data/raw/2026/daily/2026-04-08.parquet,QA_VALIDATED
823726,623437,Justin Topa,10,6,51,52,179,188,Top,2026-04-08,2026-04-08T23:40:00Z,MIN,DET,H,Justin Topa,False,RELIEF_OR_BULK,10,2,1,0,0,1,0,0,0,P,,False,https://statsapi.mlb.com/api/v1.1/game/823726/feed/live,both,True,True,https://raw.githubusercontent.com/lancebroz/mlb-pitcher-data/main/data/raw/2026/daily/2026-04-08.parquet,QA_VALIDATED
823726,640448,Kyle Finnegan,16,7,68,71,248,263,Bot,2026-04-08,2026-04-08T23:40:00Z,DET,MIN,A,Kyle Finnegan,False,RELIEF_OR_BULK,16,4,3,0,0,0,2,0,0,P,,False,https://statsapi.mlb.com/api/v1.1/game/823726/feed/live,both,True,True,https://raw.githubusercontent.com/lancebroz/mlb-pitcher-data/main/data/raw/2026/daily/2026-04-08.parquet,QA_VALIDATED
823726,641927,Bailey Ober,99,1,0,50,1,178,Top,2026-04-08,2026-04-08T23:40:00Z,MIN,DET,H,Bailey Ober,True,STARTER,99,24,17,2,2,5,1,2,0,P,,False,https://statsapi.mlb.com/api/v1.1/game/823726/feed/live,both,True,True,https://raw.githubusercontent.com/lancebroz/mlb-pitcher-data/main/data/raw/2026/daily/2026-04-08.parquet,QA_VALIDATED
823726,646241,Enmanuel De Jesus,21,6,55,59,197,217,Bot,2026-04-08,2026-04-08T23:40:00Z,DET,MIN,A,Enmanuel De Jesus,False,RELIEF_OR_BULK,21,5,3,0,0,1,2,1,0,P,,False,https://statsapi.mlb.com/api/v1.1/game/823726/feed/live,both,True,True,https://raw.githubusercontent.com/lancebroz/mlb-pitcher-data/main/data/raw/2026/daily/2026-04-08.parquet,QA_VALIDATED
823726,663485,Cole Sands,9,7,66,67,239,247,Top,2026-04-08,2026-04-08T23:40:00Z,MIN,DET,H,Cole Sands,False,RELIEF_OR_BULK,9,2,1,0,0,1,0,1,0,P,,False,https://statsapi.mlb.com/api/v1.1/game/823726/feed/live,both,True,True,https://raw.githubusercontent.com/lancebroz/mlb-pitcher-data/main/data/raw/2026/daily/2026-04-08.parquet,QA_VALIDATED
823726,664285,Framber Valdez,87,1,3,54,12,196,Bot,2026-04-08,2026-04-08T23:40:00Z,DET,MIN,A,Framber Valdez,True,STARTER,87,29,15,8,8,10,2,2,0,P,,False,https://statsapi.mlb.com/api/v1.1/game/823726/feed/live,both,True,True,https://raw.githubusercontent.com/lancebroz/mlb-pitcher-data/main/data/raw/2026/daily/2026-04-08.parquet,QA_VALIDATED
823726,676684,Will Vest,15,8,77,79,289,303,Bot,2026-04-08,2026-04-08T23:40:00Z,DET,MIN,A,Will Vest,False,RELIEF_OR_BULK,15,3,3,0,0,0,0,1,0,P,,False,https://statsapi.mlb.com/api/v1.1/game/823726/feed/live,both,True,True,https://raw.githubusercontent.com/lancebroz/mlb-pitcher-data/main/data/raw/2026/daily/2026-04-08.parquet,QA_VALIDATED
823726,681892,Kody Funderburk,20,9,81,84,305,324,Top,2026-04-08,2026-04-08T23:40:00Z,MIN,DET,H,Kody Funderburk,False,RELIEF_OR_BULK,20,4,2,0,0,0,1,0,0,P,,False,https://statsapi.mlb.com/api/v1.1/game/823726/feed/live,both,True,True,https://raw.githubusercontent.com/lancebroz/mlb-pitcher-data/main/data/raw/2026/daily/2026-04-08.parquet,QA_VALIDATED
823726,689520,Cody Laweryson,26,8,72,80,264,304,Top,2026-04-08,2026-04-08T23:40:00Z,MIN,DET,H,Cody Laweryson,False,RELIEF_OR_BULK,26,6,4,0,0,1,0,2,0,P,,False,https://statsapi.mlb.com/api/v1.1/game/823726/feed/live,both,True,True,https://raw.githubusercontent.com/lancebroz/mlb-pitcher-data/main/data/raw/2026/daily/2026-04-08.parquet,QA_VALIDATED
823885,572955,Pierce Johnson,10,8,68,71,276,285,Bot,2026-04-08,2026-04-08T22:40:00Z,CIN,MIA,A,Pierce Johnson,False,RELIEF_OR_BULK,10,4,3,0,0,1,0,1,0,P,,False,https://statsapi.mlb.com/api/v1.1/game/823885/feed/live,both,True,True,https://raw.githubusercontent.com/lancebroz/mlb-pitcher-data/main/data/raw/2026/daily/2026-04-08.parquet,QA_VALIDATED
823885,594580,Sam Moll,28,3,33,49,147,196,Bot,2026-04-08,2026-04-08T22:40:00Z,CIN,MIA,A,Sam Moll,False,RELIEF_OR_BULK,28,8,7,0,0,0,0,2,0,P,,False,https://statsapi.mlb.com/api/v1.1/game/823885/feed/live,both,True,True,https://raw.githubusercontent.com/lancebroz/mlb-pitcher-data/main/data/raw/2026/daily/2026-04-08.parquet,QA_VALIDATED
823885,656848,Michael Petersen,22,9,72,76,286,307,Top,2026-04-08,2026-04-08T22:40:00Z,MIA,CIN,H,Michael Petersen,False,RELIEF_OR_BULK,22,5,3,0,0,2,0,2,0,P,,False,https://statsapi.mlb.com/api/v1.1/game/823885/feed/live,both,True,True,https://raw.githubusercontent.com/lancebroz/mlb-pitcher-data/main/data/raw/2026/daily/2026-04-08.parquet,QA_VALIDATED
823885,663903,Brady Singer,73,1,6,32,36,146,Bot,2026-04-08,2026-04-08T22:40:00Z,CIN,MIA,A,Brady Singer,True,STARTER,73,17,8,6,5,10,0,3,1,P,,False,https://statsapi.mlb.com/api/v1.1/game/823885/feed/live,both,True,True,https://raw.githubusercontent.com/lancebroz/mlb-pitcher-data/main/data/raw/2026/daily/2026-04-08.parquet,QA_VALIDATED
823885,669199,Lake Bachar,18,8,65,67,258,275,Top,2026-04-08,2026-04-08T22:40:00Z,MIA,CIN,H,Lake Bachar,False,RELIEF_OR_BULK,18,3,3,0,0,0,0,2,0,P,,False,https://statsapi.mlb.com/api/v1.1/game/823885/feed/live,both,True,True,https://raw.githubusercontent.com/lancebroz/mlb-pitcher-data/main/data/raw/2026/daily/2026-04-08.parquet,QA_VALIDATED
823885,677053,Andrew Nardi,10,7,58,60,235,244,Top,2026-04-08,2026-04-08T22:40:00Z,MIA,CIN,H,Andrew Nardi,False,RELIEF_OR_BULK,10,3,3,0,0,1,0,0,0,P,,False,https://statsapi.mlb.com/api/v1.1/game/823885/feed/live,both,True,True,https://raw.githubusercontent.com/lancebroz/mlb-pitcher-data/main/data/raw/2026/daily/2026-04-08.parquet,QA_VALIDATED
823885,683175,Connor Phillips,39,6,53,64,209,257,Bot,2026-04-08,2026-04-08T22:40:00Z,CIN,MIA,A,Connor Phillips,False,RELIEF_OR_BULK,39,9,6,1,1,1,2,0,1,P,,False,https://statsapi.mlb.com/api/v1.1/game/823885/feed/live,both,True,True,https://raw.githubusercontent.com/lancebroz/mlb-pitcher-data/main/data/raw/2026/daily/2026-04-08.parquet,QA_VALIDATED
823885,687473,Ryan Gusto,12,6,50,52,197,208,Top,2026-04-08,2026-04-08T22:40:00Z,MIA,CIN,H,Ryan Gusto,False,RELIEF_OR_BULK,12,3,3,0,0,0,0,1,0,P,,False,https://statsapi.mlb.com/api/v1.1/game/823885/feed/live,both,True,True,https://raw.githubusercontent.com/lancebroz/mlb-pitcher-data/main/data/raw/2026/daily/2026-04-08.parquet,QA_VALIDATED
823885,691587,Eury Pérez,95,1,0,45,1,179,Top,2026-04-08,2026-04-08T22:40:00Z,MIA,CIN,H,Eury Pérez,True,STARTER,95,24,15,4,2,6,2,6,1,P,,False,https://statsapi.mlb.com/api/v1.1/game/823885/feed/live,both,True,True,https://raw.githubusercontent.com/lancebroz/mlb-pitcher-data/main/data/raw/2026/daily/2026-04-08.parquet,QA_VALIDATED
824050,606303,Joel Payamps,7,7,63,63,249,255,Bot,2026-04-08,2026-04-08T20:07:00Z,ATL,LAA,A,Joel Payamps,False,RELIEF_OR_BULK,7,1,1,0,0,0,0,1,0,P,,False,https://statsapi.mlb.com/api/v1.1/game/824050/feed/live,both,True,True,https://raw.githubusercontent.com/lancebroz/mlb-pitcher-data/main/data/raw/2026/daily/2026-04-08.parquet,QA_VALIDATED
824050,608718,Brent Suter,32,8,64,73,256,299,Top,2026-04-08,2026-04-08T20:07:00Z,LAA,ATL,H,Brent Suter,False,RELIEF_OR_BULK,32,7,6,0,0,1,1,2,0,P,,False,https://statsapi.mlb.com/api/v1.1/game/824050/feed/live,both,True,True,https://raw.githubusercontent.com/lancebroz/mlb-pitcher-data/main/data/raw/2026/daily/2026-04-08.parquet,QA_VALIDATED
824050,656550,Grant Holmes,99,1,4,62,21,248,Bot,2026-04-08,2026-04-08T20:07:00Z,ATL,LAA,A,Grant Holmes,True,STARTER,99,28,20,2,2,5,3,6,1,P,,False,https://statsapi.mlb.com/api/v1.1/game/824050/feed/live,both,True,True,https://raw.githubusercontent.com/lancebroz/mlb-pitcher-data/main/data/raw/2026/daily/2026-04-08.parquet,QA_VALIDATED
824050,660761,José Suarez,24,8,68,77,276,311,Bot,2026-04-08,2026-04-08T20:07:00Z,ATL,LAA,A,José Suarez,False,RELIEF_OR_BULK,24,7,6,0,0,2,0,3,0,P,,False,https://statsapi.mlb.com/api/v1.1/game/824050/feed/live,both,True,True,https://raw.githubusercontent.com/lancebroz/mlb-pitcher-data/main/data/raw/2026/daily/2026-04-08.parquet,QA_VALIDATED
824050,666171,Ryan Zeferjahn,42,5,40,51,159,206,Top,2026-04-08,2026-04-08T20:07:00Z,LAA,ATL,H,Ryan Zeferjahn,False,RELIEF_OR_BULK,42,9,5,2,2,2,2,2,0,P,,False,https://statsapi.mlb.com/api/v1.1/game/824050/feed/live,both,True,True,https://raw.githubusercontent.com/lancebroz/mlb-pitcher-data/main/data/raw/2026/daily/2026-04-08.parquet,QA_VALIDATED
824050,672282,Reid Detmers,92,1,0,39,1,158,Top,2026-04-08,2026-04-08T20:07:00Z,LAA,ATL,H,Reid Detmers,True,STARTER,92,22,13,6,5,5,2,4,1,P,,False,https://statsapi.mlb.com/api/v1.1/game/824050/feed/live,both,True,True,https://raw.githubusercontent.com/lancebroz/mlb-pitcher-data/main/data/raw/2026/daily/2026-04-08.parquet,QA_VALIDATED
824050,696147,Sam Bachman,15,7,55,58,218,232,Top,2026-04-08,2026-04-08T20:07:00Z,LAA,ATL,H,Sam Bachman,False,RELIEF_OR_BULK,15,4,3,0,0,0,1,1,0,P,,False,https://statsapi.mlb.com/api/v1.1/game/824050/feed/live,both,True,True,https://raw.githubusercontent.com/lancebroz/mlb-pitcher-data/main/data/raw/2026/daily/2026-04-08.parquet,QA_VALIDATED
824374,547179,Michael Lorenzen,100,1,0,54,1,215,Top,2026-04-08,2026-04-08T19:10:00Z,COL,HOU,H,Michael Lorenzen,True,STARTER,100,26,17,1,1,7,2,4,0,P,,False,https://statsapi.mlb.com/api/v1.1/game/824374/feed/live,both,True,True,https://raw.githubusercontent.com/lancebroz/mlb-pitcher-data/main/data/raw/2026/daily/2026-04-08.parquet,QA_VALIDATED
824374,650556,Bryan Abreu,22,8,72,77,282,303,Bot,2026-04-08,2026-04-08T19:10:00Z,HOU,COL,A,Bryan Abreu,False,RELIEF_OR_BULK,22,6,3,1,1,1,2,2,0,P,,False,https://statsapi.mlb.com/api/v1.1/game/824374/feed/live,both,True,True,https://raw.githubusercontent.com/lancebroz/mlb-pitcher-data/main/data/raw/2026/daily/2026-04-08.parquet,QA_VALIDATED
824374,660853,Enyel De Los Santos,42,3,29,40,122,170,Bot,2026-04-08,2026-04-08T19:10:00Z,HOU,COL,A,Enyel De Los Santos,False,RELIEF_OR_BULK,42,9,6,1,1,2,1,2,1,P,,False,https://statsapi.mlb.com/api/v1.1/game/824374/feed/live,both,True,True,https://raw.githubusercontent.com/lancebroz/mlb-pitcher-data/main/data/raw/2026/daily/2026-04-08.parquet,QA_VALIDATED
824374,664299,Cristian Javier,20,1,3,8,16,35,Bot,2026-04-08,2026-04-08T19:10:00Z,HOU,COL,A,Cristian Javier,True,STARTER,20,6,3,1,1,3,0,1,0,P,,False,https://statsapi.mlb.com/api/v1.1/game/824374/feed/live,both,True,True,https://raw.githubusercontent.com/lancebroz/mlb-pitcher-data/main/data/raw/2026/daily/2026-04-08.parquet,QA_VALIDATED
824374,678906,Kai-Wei Teng,18,6,62,68,242,275,Bot,2026-04-08,2026-04-08T19:10:00Z,HOU,COL,A,Kai-Wei Teng,False,RELIEF_OR_BULK,18,4,4,0,0,0,0,1,0,P,,False,https://statsapi.mlb.com/api/v1.1/game/824374/feed/live,both,True,True,https://raw.githubusercontent.com/lancebroz/mlb-pitcher-data/main/data/raw/2026/daily/2026-04-08.parquet,QA_VALIDATED
824374,685005,Christian Roa,34,5,46,61,186,241,Bot,2026-04-08,2026-04-08T19:10:00Z,HOU,COL,A,Christian Roa,False,RELIEF_OR_BULK,34,9,5,1,1,0,3,1,0,P,,False,https://statsapi.mlb.com/api/v1.1/game/824374/feed/live,both,True,True,https://raw.githubusercontent.com/lancebroz/mlb-pitcher-data/main/data/raw/2026/daily/2026-04-08.parquet,QA_VALIDATED
824374,688642,Zach Agnos,44,6,55,81,216,319,Top,2026-04-08,2026-04-08T19:10:00Z,COL,HOU,H,Zach Agnos,False,RELIEF_OR_BULK,44,11,10,0,0,1,0,2,0,P,,False,https://statsapi.mlb.com/api/v1.1/game/824374/feed/live,both,True,True,https://raw.githubusercontent.com/lancebroz/mlb-pitcher-data/main/data/raw/2026/daily/2026-04-08.parquet,QA_VALIDATED
824374,805123,AJ Blubaugh,39,2,15,24,66,104,Bot,2026-04-08,2026-04-08T19:10:00Z,HOU,COL,A,AJ Blubaugh,False,RELIEF_OR_BULK,39,10,3,5,5,4,3,0,0,P,,False,https://statsapi.mlb.com/api/v1.1/game/824374/feed/live,both,True,True,https://raw.githubusercontent.com/lancebroz/mlb-pitcher-data/main/data/raw/2026/daily/2026-04-08.parquet,QA_VALIDATED
824455,641401,Connor Brogdon,24,6,47,54,196,229,Top,2026-04-08,2026-04-08T17:10:00Z,CLE,KC,H,Connor Brogdon,False,RELIEF_OR_BULK,24,5,4,0,0,0,0,3,0,P,,False,https://statsapi.mlb.com/api/v1.1/game/824455/feed/live,both,True,True,https://raw.githubusercontent.com/lancebroz/mlb-pitcher-data/main/data/raw/2026/daily/2026-04-08.parquet,QA_VALIDATED
824455,656638,Alex Lange,37,4,34,50,147,208,Bot,2026-04-08,2026-04-08T17:10:00Z,KC,CLE,A,Alex Lange,False,RELIEF_OR_BULK,37,9,7,1,1,3,0,2,0,P,,False,https://statsapi.mlb.com/api/v1.1/game/824455/feed/live,both,True,True,https://raw.githubusercontent.com/lancebroz/mlb-pitcher-data/main/data/raw/2026/daily/2026-04-08.parquet,QA_VALIDATED
824455,666142,Cole Ragans,18,1,3,7,14,31,Bot,2026-04-08,2026-04-08T17:10:00Z,KC,CLE,A,Cole Ragans,True,STARTER,18,5,2,3,3,2,1,2,0,P,,False,https://statsapi.mlb.com/api/v1.1/game/824455/feed/live,both,True,True,https://raw.githubusercontent.com/lancebroz/mlb-pitcher-data/main/data/raw/2026/daily/2026-04-08.parquet,QA_VALIDATED
824455,670036,Matt Festa,21,8,63,75,261,309,Top,2026-04-08,2026-04-08T17:10:00Z,CLE,KC,H,Matt Festa,False,RELIEF_OR_BULK,21,5,4,0,0,0,1,1,0,P,,False,https://statsapi.mlb.com/api/v1.1/game/824455/feed/live,both,True,True,https://raw.githubusercontent.com/lancebroz/mlb-pitcher-data/main/data/raw/2026/daily/2026-04-08.parquet,QA_VALIDATED
824455,674444,Steven Cruz,41,7,55,69,230,285,Bot,2026-04-08,2026-04-08T17:10:00Z,KC,CLE,A,Steven Cruz,False,RELIEF_OR_BULK,41,10,4,5,5,4,2,3,1,P,,False,https://statsapi.mlb.com/api/v1.1/game/824455/feed/live,both,True,True,https://raw.githubusercontent.com/lancebroz/mlb-pitcher-data/main/data/raw/2026/daily/2026-04-08.parquet,QA_VALIDATED
824455,676282,Joey Cantillo,88,1,0,46,1,195,Top,2026-04-08,2026-04-08T17:10:00Z,CLE,KC,H,Joey Cantillo,True,STARTER,88,21,17,2,1,3,2,9,0,P,,False,https://statsapi.mlb.com/api/v1.1/game/824455/feed/live,both,True,True,https://raw.githubusercontent.com/lancebroz/mlb-pitcher-data/main/data/raw/2026/daily/2026-04-08.parquet,QA_VALIDATED
824455,679883,Luinder Avila,62,1,8,33,32,146,Bot,2026-04-08,2026-04-08T17:10:00Z,KC,CLE,A,Luinder Avila,False,RELIEF_OR_BULK,62,15,9,1,1,6,1,2,0,P,,False,https://statsapi.mlb.com/api/v1.1/game/824455/feed/live,both,True,True,https://raw.githubusercontent.com/lancebroz/mlb-pitcher-data/main/data/raw/2026/daily/2026-04-08.parquet,QA_VALIDATED
824455,681870,Erik Sabrowski,13,8,59,62,248,260,Top,2026-04-08,2026-04-08T17:10:00Z,CLE,KC,H,Erik Sabrowski,False,RELIEF_OR_BULK,13,4,2,0,0,2,0,1,0,P,,False,https://statsapi.mlb.com/api/v1.1/game/824455/feed/live,both,True,True,https://raw.githubusercontent.com/lancebroz/mlb-pitcher-data/main/data/raw/2026/daily/2026-04-08.parquet,QA_VALIDATED
824455,686475,Tyler Tolbert,5,8,70,71,286,290,Bot,2026-04-08,2026-04-08T17:10:00Z,KC,CLE,A,Tyler Tolbert,False,RELIEF_OR_BULK,5,2,2,0,0,1,0,0,0,P,,False,https://statsapi.mlb.com/api/v1.1/game/824455/feed/live,both,True,True,https://raw.githubusercontent.com/lancebroz/mlb-pitcher-data/main/data/raw/2026/daily/2026-04-08.parquet,QA_VALIDATED
824617,608371,Lucas Sims,16,6,43,46,189,204,Top,2026-04-08,2026-04-08T18:10:00Z,CWS,BAL,H,Lucas Sims,False,RELIEF_OR_BULK,16,4,1,2,1,2,1,1,0,P,,False,https://statsapi.mlb.com/api/v1.1/game/824617/feed/live,both,True,True,https://raw.githubusercontent.com/lancebroz/mlb-pitcher-data/main/data/raw/2026/daily/2026-04-08.parquet,QA_VALIDATED
824617,656794,Sean Newcomb,14,7,54,57,237,250,Top,2026-04-08,2026-04-08T18:10:00Z,CWS,BAL,H,Sean Newcomb,False,RELIEF_OR_BULK,14,4,3,0,0,1,0,2,0,P,,False,https://statsapi.mlb.com/api/v1.1/game/824617/feed/live,both,True,True,https://raw.githubusercontent.com/lancebroz/mlb-pitcher-data/main/data/raw/2026/daily/2026-04-08.parquet,QA_VALIDATED
824617,663542,Bryan Hudson,10,6,47,48,205,214,Top,2026-04-08,2026-04-08T18:10:00Z,CWS,BAL,H,Bryan Hudson,False,RELIEF_OR_BULK,10,2,2,0,0,0,0,0,0,P,,False,https://statsapi.mlb.com/api/v1.1/game/824617/feed/live,both,True,True,https://raw.githubusercontent.com/lancebroz/mlb-pitcher-data/main/data/raw/2026/daily/2026-04-08.parquet,QA_VALIDATED
824617,663855,Jordan Hicks,13,8,62,64,261,273,Top,2026-04-08,2026-04-08T18:10:00Z,CWS,BAL,H,Jordan Hicks,False,RELIEF_OR_BULK,13,3,2,0,0,0,1,0,0,P,,False,https://statsapi.mlb.com/api/v1.1/game/824617/feed/live,both,True,True,https://raw.githubusercontent.com/lancebroz/mlb-pitcher-data/main/data/raw/2026/daily/2026-04-08.parquet,QA_VALIDATED
824617,664991,Grant Wolfram,10,7,58,61,251,260,Bot,2026-04-08,2026-04-08T18:10:00Z,BAL,CWS,A,Grant Wolfram,False,RELIEF_OR_BULK,10,4,3,0,0,1,0,1,0,P,,False,https://statsapi.mlb.com/api/v1.1/game/824617/feed/live,both,True,True,https://raw.githubusercontent.com/lancebroz/mlb-pitcher-data/main/data/raw/2026/daily/2026-04-08.parquet,QA_VALIDATED
824617,669330,Tyler Wells,22,6,49,53,215,236,Bot,2026-04-08,2026-04-08T18:10:00Z,BAL,CWS,A,Tyler Wells,False,RELIEF_OR_BULK,22,5,3,0,0,0,1,1,0,P,,False,https://statsapi.mlb.com/api/v1.1/game/824617/feed/live,both,True,True,https://raw.githubusercontent.com/lancebroz/mlb-pitcher-data/main/data/raw/2026/daily/2026-04-08.parquet,QA_VALIDATED
824617,670329,Rico Garcia,22,9,75,79,310,331,Bot,2026-04-08,2026-04-08T18:10:00Z,BAL,CWS,A,Rico Garcia,False,RELIEF_OR_BULK,22,5,3,0,0,0,2,2,0,P,,False,https://statsapi.mlb.com/api/v1.1/game/824617/feed/live,both,True,True,https://raw.githubusercontent.com/lancebroz/mlb-pitcher-data/main/data/raw/2026/daily/2026-04-08.parquet,QA_VALIDATED
824617,680694,Kyle Bradish,96,1,4,42,24,188,Bot,2026-04-08,2026-04-08T18:10:00Z,BAL,CWS,A,Kyle Bradish,True,STARTER,96,23,15,3,2,6,3,7,0,P,,False,https://statsapi.mlb.com/api/v1.1/game/824617/feed/live,both,True,True,https://raw.githubusercontent.com/lancebroz/mlb-pitcher-data/main/data/raw/2026/daily/2026-04-08.parquet,QA_VALIDATED
824617,680732,Sean Burke,92,1,0,36,1,156,Top,2026-04-08,2026-04-08T18:10:00Z,CWS,BAL,H,Sean Burke,True,STARTER,92,20,15,2,2,2,2,3,0,P,,False,https://statsapi.mlb.com/api/v1.1/game/824617/feed/live,both,True,True,https://raw.githubusercontent.com/lancebroz/mlb-pitcher-data/main/data/raw/2026/daily/2026-04-08.parquet,QA_VALIDATED
824617,689296,Anthony Nunez,10,8,67,69,285,294,Bot,2026-04-08,2026-04-08T18:10:00Z,BAL,CWS,A,Anthony Nunez,False,RELIEF_OR_BULK,10,3,3,0,0,0,0,1,0,P,,False,https://statsapi.mlb.com/api/v1.1/game/824617/feed/live,both,True,True,https://raw.githubusercontent.com/lancebroz/mlb-pitcher-data/main/data/raw/2026/daily/2026-04-08.parquet,QA_VALIDATED
824617,805326,Tyler Schweitzer,26,8,65,74,274,309,Top,2026-04-08,2026-04-08T18:10:00Z,CWS,BAL,H,Tyler Schweitzer,False,RELIEF_OR_BULK,26,7,4,1,1,2,1,1,0,P,,False,https://statsapi.mlb.com/api/v1.1/game/824617/feed/live,both,True,True,https://raw.githubusercontent.com/lancebroz/mlb-pitcher-data/main/data/raw/2026/daily/2026-04-08.parquet,QA_VALIDATED
824779,543243,Sonny Gray,90,1,0,51,1,207,Top,2026-04-08,2026-04-08T17:35:00Z,BOS,MIL,H,Sonny Gray,True,STARTER,90,24,19,0,0,3,2,2,0,P,,False,https://statsapi.mlb.com/api/v1.1/game/824779/feed/live,both,True,True,https://raw.githubusercontent.com/lancebroz/mlb-pitcher-data/main/data/raw/2026/daily/2026-04-08.parquet,QA_VALIDATED
824779,663765,Jake Woodford,41,6,46,69,184,266,Bot,2026-04-08,2026-04-08T17:35:00Z,MIL,BOS,A,Jake Woodford,False,RELIEF_OR_BULK,41,15,9,2,2,4,2,1,0,P,,False,https://statsapi.mlb.com/api/v1.1/game/824779/feed/live,both,True,True,https://raw.githubusercontent.com/lancebroz/mlb-pitcher-data/main/data/raw/2026/daily/2026-04-08.parquet,QA_VALIDATED
824779,669711,Greg Weissert,11,7,52,54,208,218,Top,2026-04-08,2026-04-08T17:35:00Z,BOS,MIL,H,Greg Weissert,False,RELIEF_OR_BULK,11,3,2,0,0,1,0,2,0,P,,False,https://statsapi.mlb.com/api/v1.1/game/824779/feed/live,both,True,True,https://raw.githubusercontent.com/lancebroz/mlb-pitcher-data/main/data/raw/2026/daily/2026-04-08.parquet,QA_VALIDATED
824779,670245,Ryan Watson,12,9,70,72,267,278,Top,2026-04-08,2026-04-08T17:35:00Z,BOS,MIL,H,Ryan Watson,False,RELIEF_OR_BULK,12,3,3,0,0,0,0,0,0,P,,False,https://statsapi.mlb.com/api/v1.1/game/824779/feed/live,both,True,True,https://raw.githubusercontent.com/lancebroz/mlb-pitcher-data/main/data/raw/2026/daily/2026-04-08.parquet,QA_VALIDATED
824779,675660,Shane Drohan,63,1,4,27,13,104,Bot,2026-04-08,2026-04-08T17:35:00Z,MIL,BOS,A,Shane Drohan,True,STARTER,63,15,8,3,3,3,4,2,0,P,,False,https://statsapi.mlb.com/api/v1.1/game/824779/feed/live,both,True,True,https://raw.githubusercontent.com/lancebroz/mlb-pitcher-data/main/data/raw/2026/daily/2026-04-08.parquet,QA_VALIDATED
824779,676879,Aaron Ashby,11,5,40,42,157,167,Bot,2026-04-08,2026-04-08T17:35:00Z,MIL,BOS,A,Aaron Ashby,False,RELIEF_OR_BULK,11,3,3,0,0,0,0,2,0,P,,False,https://statsapi.mlb.com/api/v1.1/game/824779/feed/live,both,True,True,https://raw.githubusercontent.com/lancebroz/mlb-pitcher-data/main/data/raw/2026/daily/2026-04-08.parquet,QA_VALIDATED
824779,681982,Grant Anderson,31,3,28,36,105,145,Bot,2026-04-08,2026-04-08T17:35:00Z,MIL,BOS,A,Grant Anderson,False,RELIEF_OR_BULK,31,6,4,0,0,0,2,1,0,P,,False,https://statsapi.mlb.com/api/v1.1/game/824779/feed/live,both,True,True,https://raw.githubusercontent.com/lancebroz/mlb-pitcher-data/main/data/raw/2026/daily/2026-04-08.parquet,QA_VALIDATED
824779,701719,Tyler Samaniego,19,8,61,64,233,251,Top,2026-04-08,2026-04-08T17:35:00Z,BOS,MIL,H,Tyler Samaniego,False,RELIEF_OR_BULK,19,4,3,0,0,0,1,3,0,P,,False,https://statsapi.mlb.com/api/v1.1/game/824779/feed/live,both,True,True,https://raw.githubusercontent.com/lancebroz/mlb-pitcher-data/main/data/raw/2026/daily/2026-04-08.parquet,QA_VALIDATED
823319,623474,Jimmy Herget,10,1,3,5,21,30,Bot,2026-04-09,2026-04-10T01:40:00Z,COL,SD,A,Jimmy Herget,True,STARTER,10,3,3,0,0,0,0,0,0,P,,False,https://statsapi.mlb.com/api/v1.1/game/823319/feed/live,both,True,True,https://raw.githubusercontent.com/lancebroz/mlb-pitcher-data/main/data/raw/2026/daily/2026-04-09.parquet,QA_VALIDATED
823319,657514,Brennan Bernardino,14,11,84,88,330,343,Bot,2026-04-09,2026-04-10T01:40:00Z,COL,SD,A,Brennan Bernardino,False,RELIEF_OR_BULK,14,5,3,1,0,2,0,1,0,P,,False,https://statsapi.mlb.com/api/v1.1/game/823319/feed/live,both,True,True,https://raw.githubusercontent.com/lancebroz/mlb-pitcher-data/main/data/raw/2026/daily/2026-04-09.parquet,QA_VALIDATED
823319,669093,Jeremiah Estrada,24,10,70,81,279,320,Top,2026-04-09,2026-04-10T01:40:00Z,SD,COL,H,Jeremiah Estrada,False,RELIEF_OR_BULK,24,7,4,2,0,2,2,1,0,P,,False,https://statsapi.mlb.com/api/v1.1/game/823319/feed/live,both,True,True,https://raw.githubusercontent.com/lancebroz/mlb-pitcher-data/main/data/raw/2026/daily/2026-04-09.parquet,QA_VALIDATED
823319,670970,Adrian Morejon,11,8,55,58,223,233,Top,2026-04-09,2026-04-10T01:40:00Z,SD,COL,H,Adrian Morejon,False,RELIEF_OR_BULK,11,4,3,0,0,1,0,0,0,P,,False,https://statsapi.mlb.com/api/v1.1/game/823319/feed/live,both,True,True,https://raw.githubusercontent.com/lancebroz/mlb-pitcher-data/main/data/raw/2026/daily/2026-04-09.parquet,QA_VALIDATED
823319,675848,Juan Mejia,21,8,59,62,234,254,Bot,2026-04-09,2026-04-10T01:40:00Z,COL,SD,A,Juan Mejia,False,RELIEF_OR_BULK,21,4,3,0,0,1,1,1,0,P,,False,https://statsapi.mlb.com/api/v1.1/game/823319/feed/live,both,True,True,https://raw.githubusercontent.com/lancebroz/mlb-pitcher-data/main/data/raw/2026/daily/2026-04-09.parquet,QA_VALIDATED
823319,677955,Jaden Hill,19,6,47,54,190,222,Bot,2026-04-09,2026-04-10T01:40:00Z,COL,SD,A,Jaden Hill,False,RELIEF_OR_BULK,19,5,5,0,0,0,0,2,0,P,,False,https://statsapi.mlb.com/api/v1.1/game/823319/feed/live,both,True,True,https://raw.githubusercontent.com/lancebroz/mlb-pitcher-data/main/data/raw/2026/daily/2026-04-09.parquet,QA_VALIDATED
823319,678368,Valente Bellozo,3,12,93,96,352,354,Bot,2026-04-09,2026-04-10T01:40:00Z,COL,SD,A,Valente Bellozo,False,RELIEF_OR_BULK,3,4,1,4,3,1,2,0,1,P,,False,https://statsapi.mlb.com/api/v1.1/game/823319/feed/live,both,True,True,https://raw.githubusercontent.com/lancebroz/mlb-pitcher-data/main/data/raw/2026/daily/2026-04-09.parquet,QA_VALIDATED
823319,680767,Victor Vodnik,32,9,66,78,265,305,Bot,2026-04-09,2026-04-10T01:40:00Z,COL,SD,A,Victor Vodnik,False,RELIEF_OR_BULK,32,9,6,1,0,1,2,0,0,P,,False,https://statsapi.mlb.com/api/v1.1/game/823319/feed/live,both,True,True,https://raw.githubusercontent.com/lancebroz/mlb-pitcher-data/main/data/raw/2026/daily/2026-04-09.parquet,QA_VALIDATED
823319,681190,Randy Vásquez,92,1,0,42,1,175,Top,2026-04-09,2026-04-10T01:40:00Z,SD,COL,H,Randy Vásquez,True,STARTER,92,23,17,1,1,7,0,8,1,P,,False,https://statsapi.mlb.com/api/v1.1/game/823319/feed/live,both,True,True,https://raw.githubusercontent.com/lancebroz/mlb-pitcher-data/main/data/raw/2026/daily/2026-04-09.parquet,QA_VALIDATED
823319,688158,David Morgan,17,11,82,92,321,351,Top,2026-04-09,2026-04-10T01:40:00Z,SD,COL,H,David Morgan,False,RELIEF_OR_BULK,17,6,5,0,0,0,0,1,0,P,,False,https://statsapi.mlb.com/api/v1.1/game/823319/feed/live,both,True,True,https://raw.githubusercontent.com/lancebroz/mlb-pitcher-data/main/data/raw/2026/daily/2026-04-09.parquet,QA_VALIDATED
823319,695243,Mason Miller,10,9,63,65,255,264,Top,2026-04-09,2026-04-10T01:40:00Z,SD,COL,H,Mason Miller,False,RELIEF_OR_BULK,10,3,3,0,0,0,0,3,0,P,,False,https://statsapi.mlb.com/api/v1.1/game/823319/feed/live,both,True,True,https://raw.githubusercontent.com/lancebroz/mlb-pitcher-data/main/data/raw/2026/daily/2026-04-09.parquet,QA_VALIDATED
823319,699134,Bradgley Rodriguez,20,6,43,51,176,210,Top,2026-04-09,2026-04-10T01:40:00Z,SD,COL,H,Bradgley Rodriguez,False,RELIEF_OR_BULK,20,4,4,0,0,0,0,1,0,P,,False,https://statsapi.mlb.com/api/v1.1/game/823319/feed/live,both,True,True,https://raw.githubusercontent.com/lancebroz/mlb-pitcher-data/main/data/raw/2026/daily/2026-04-09.parquet,QA_VALIDATED
823319,801403,Chase Dollander,81,2,10,46,50,189,Bot,2026-04-09,2026-04-10T01:40:00Z,COL,SD,A,Chase Dollander,False,RELIEF_OR_BULK,81,20,13,1,1,4,1,3,0,P,,False,https://statsapi.mlb.com/api/v1.1/game/823319/feed/live,both,True,True,https://raw.githubusercontent.com/lancebroz/mlb-pitcher-data/main/data/raw/2026/daily/2026-04-09.parquet,QA_VALIDATED
823565,605488,Jeffrey Springs,93,1,4,51,15,178,Bot,2026-04-09,2026-04-09T17:35:00Z,ATH,NYY,A,Jeffrey Springs,True,STARTER,93,25,21,0,0,1,2,6,0,P,,False,https://statsapi.mlb.com/api/v1.1/game/823565/feed/live,both,True,True,https://raw.githubusercontent.com/lancebroz/mlb-pitcher-data/main/data/raw/2026/daily/2026-04-09.parquet,QA_VALIDATED
823565,621112,Paul Blackburn,19,9,59,62,215,233,Top,2026-04-09,2026-04-09T17:35:00Z,NYY,ATH,H,Paul Blackburn,False,RELIEF_OR_BULK,19,4,3,0,0,1,0,1,0,P,601,True,https://statsapi.mlb.com/api/v1.1/game/823565/feed/live,both,True,True,https://raw.githubusercontent.com/lancebroz/mlb-pitcher-data/main/data/raw/2026/daily/2026-04-09.parquet,QA_VALIDATED
823565,663687,Hogan Harris,14,9,63,65,234,247,Bot,2026-04-09,2026-04-09T17:35:00Z,ATH,NYY,A,Hogan Harris,False,RELIEF_OR_BULK,14,3,3,0,0,0,0,1,0,P,,False,https://statsapi.mlb.com/api/v1.1/game/823565/feed/live,both,True,True,https://raw.githubusercontent.com/lancebroz/mlb-pitcher-data/main/data/raw/2026/daily/2026-04-09.parquet,QA_VALIDATED
823565,677960,Ryan Weathers,100,1,0,54,1,193,Top,2026-04-09,2026-04-09T17:35:00Z,NYY,ATH,H,Ryan Weathers,True,STARTER,101,30,24,1,1,7,0,7,0,P,,False,https://statsapi.mlb.com/api/v1.1/game/823565/feed/live,both,False,True,https://raw.githubusercontent.com/lancebroz/mlb-pitcher-data/main/data/raw/2026/daily/2026-04-09.parquet,QA_REVIEW
823565,686993,Justin Sterner,21,8,55,58,194,214,Bot,2026-04-09,2026-04-09T17:35:00Z,ATH,NYY,A,Justin Sterner,False,RELIEF_OR_BULK,21,4,3,0,0,0,1,1,0,P,,False,https://statsapi.mlb.com/api/v1.1/game/823565/feed/live,both,True,True,https://raw.githubusercontent.com/lancebroz/mlb-pitcher-data/main/data/raw/2026/daily/2026-04-09.parquet,QA_VALIDATED
823645,472610,Luis García,21,8,57,61,229,249,Top,2026-04-09,2026-04-09T23:10:00Z,NYM,AZ,H,Luis García,False,RELIEF_OR_BULK,21,5,1,3,3,3,1,0,0,P,,False,https://statsapi.mlb.com/api/v1.1/game/823645/feed/live,both,True,True,https://raw.githubusercontent.com/lancebroz/mlb-pitcher-data/main/data/raw/2026/daily/2026-04-09.parquet,QA_VALIDATED
823645,593958,Eduardo Rodriguez,102,1,3,44,13,187,Bot,2026-04-09,2026-04-09T23:10:00Z,AZ,NYM,A,Eduardo Rodriguez,True,STARTER,102,25,18,1,1,5,2,3,1,P,,False,https://statsapi.mlb.com/api/v1.1/game/823645/feed/live,both,True,True,https://raw.githubusercontent.com/lancebroz/mlb-pitcher-data/main/data/raw/2026/daily/2026-04-09.parquet,QA_VALIDATED
823645,596133,Luke Weaver,16,7,48,52,203,218,Top,2026-04-09,2026-04-09T23:10:00Z,NYM,AZ,H,Luke Weaver,False,RELIEF_OR_BULK,16,5,2,2,2,2,0,0,0,P,,False,https://statsapi.mlb.com/api/v1.1/game/823645/feed/live,both,True,True,https://raw.githubusercontent.com/lancebroz/mlb-pitcher-data/main/data/raw/2026/daily/2026-04-09.parquet,QA_VALIDATED
823645,663992,Richard Lovelady,18,8,62,69,250,280,Top,2026-04-09,2026-04-09T23:10:00Z,NYM,AZ,H,Richard Lovelady,False,RELIEF_OR_BULK,18,5,5,0,0,0,0,1,0,P,,False,https://statsapi.mlb.com/api/v1.1/game/823645/feed/live,both,True,True,https://raw.githubusercontent.com/lancebroz/mlb-pitcher-data/main/data/raw/2026/daily/2026-04-09.parquet,QA_VALIDATED
823645,664199,Taylor Clarke,10,7,53,56,219,228,Bot,2026-04-09,2026-04-09T23:10:00Z,AZ,NYM,A,Taylor Clarke,False,RELIEF_OR_BULK,10,4,3,0,0,1,0,0,0,P,,False,https://statsapi.mlb.com/api/v1.1/game/823645/feed/live,both,True,True,https://raw.githubusercontent.com/lancebroz/mlb-pitcher-data/main/data/raw/2026/daily/2026-04-09.parquet,QA_VALIDATED
823645,688497,Taylor Rashi,21,8,64,72,256,288,Bot,2026-04-09,2026-04-09T23:10:00Z,AZ,NYM,A,Taylor Rashi,False,RELIEF_OR_BULK,21,6,6,0,0,0,0,3,0,P,,False,https://statsapi.mlb.com/api/v1.1/game/823645/feed/live,both,True,True,https://raw.githubusercontent.com/lancebroz/mlb-pitcher-data/main/data/raw/2026/daily/2026-04-09.parquet,QA_VALIDATED
823645,690997,Nolan McLean,100,1,0,47,1,202,Top,2026-04-09,2026-04-09T23:10:00Z,NYM,AZ,H,Nolan McLean,True,STARTER,100,23,19,2,2,3,2,8,0,P,,False,https://statsapi.mlb.com/api/v1.1/game/823645/feed/live,both,True,True,https://raw.githubusercontent.com/lancebroz/mlb-pitcher-data/main/data/raw/2026/daily/2026-04-09.parquet,QA_VALIDATED
823724,656427,Jack Flaherty,89,1,5,47,22,191,Bot,2026-04-09,2026-04-09T17:40:00Z,DET,MIN,A,Jack Flaherty,True,STARTER,89,23,17,1,1,5,3,6,1,P,,False,https://statsapi.mlb.com/api/v1.1/game/823724/feed/live,both,True,True,https://raw.githubusercontent.com/lancebroz/mlb-pitcher-data/main/data/raw/2026/daily/2026-04-09.parquet,QA_VALIDATED
823724,663947,Tyler Holton,24,6,48,58,192,238,Bot,2026-04-09,2026-04-09T17:40:00Z,DET,MIN,A,Tyler Holton,False,RELIEF_OR_BULK,24,6,4,0,0,1,1,2,0,P,,False,https://statsapi.mlb.com/api/v1.1/game/823724/feed/live,both,True,True,https://raw.githubusercontent.com/lancebroz/mlb-pitcher-data/main/data/raw/2026/daily/2026-04-09.parquet,QA_VALIDATED
823724,670183,Garrett Acton,35,7,49,61,193,250,Top,2026-04-09,2026-04-09T17:40:00Z,MIN,DET,H,Garrett Acton,False,RELIEF_OR_BULK,35,8,6,1,1,1,0,2,0,P,,False,https://statsapi.mlb.com/api/v1.1/game/823724/feed/live,both,True,True,https://raw.githubusercontent.com/lancebroz/mlb-pitcher-data/main/data/raw/2026/daily/2026-04-09.parquet,QA_VALIDATED
823724,676428,Brant Hurter,1,8,68,68,285,285,Bot,2026-04-09,2026-04-09T17:40:00Z,DET,MIN,A,Brant Hurter,False,RELIEF_OR_BULK,1,1,1,0,0,0,0,0,0,P,,False,https://statsapi.mlb.com/api/v1.1/game/823724/feed/live,both,True,True,https://raw.githubusercontent.com/lancebroz/mlb-pitcher-data/main/data/raw/2026/daily/2026-04-09.parquet,QA_VALIDATED
823724,676684,Will Vest,34,8,62,67,251,284,Bot,2026-04-09,2026-04-09T17:40:00Z,DET,MIN,A,Will Vest,False,RELIEF_OR_BULK,34,6,2,2,2,3,1,1,0,P,,False,https://statsapi.mlb.com/api/v1.1/game/823724/feed/live,both,True,True,https://raw.githubusercontent.com/lancebroz/mlb-pitcher-data/main/data/raw/2026/daily/2026-04-09.parquet,QA_VALIDATED
823724,679358,Eric Orze,14,9,69,71,286,299,Top,2026-04-09,2026-04-09T17:40:00Z,MIN,DET,H,Eric Orze,False,RELIEF_OR_BULK,14,3,3,0,0,0,0,1,0,P,,False,https://statsapi.mlb.com/api/v1.1/game/823724/feed/live,both,True,True,https://raw.githubusercontent.com/lancebroz/mlb-pitcher-data/main/data/raw/2026/daily/2026-04-09.parquet,QA_VALIDATED
823724,690953,Mick Abel,102,1,0,43,1,177,Top,2026-04-09,2026-04-09T17:40:00Z,MIN,DET,H,Mick Abel,True,STARTER,102,25,18,0,0,4,3,6,0,P,,False,https://statsapi.mlb.com/api/v1.1/game/823724/feed/live,both,True,True,https://raw.githubusercontent.com/lancebroz/mlb-pitcher-data/main/data/raw/2026/daily/2026-04-09.parquet,QA_VALIDATED
823884,656271,Brock Burke,8,6,53,54,195,202,Bot,2026-04-09,2026-04-09T16:10:00Z,CIN,MIA,A,Brock Burke,False,RELIEF_OR_BULK,8,2,2,0,0,0,0,1,0,P,,False,https://statsapi.mlb.com/api/v1.1/game/823884/feed/live,both,True,True,https://raw.githubusercontent.com/lancebroz/mlb-pitcher-data/main/data/raw/2026/daily/2026-04-09.parquet,QA_VALIDATED
823884,663969,Tyler Phillips,37,7,55,78,203,282,Top,2026-04-09,2026-04-09T16:10:00Z,MIA,CIN,H,Tyler Phillips,False,RELIEF_OR_BULK,37,12,9,0,0,2,1,4,0,P,,False,https://statsapi.mlb.com/api/v1.1/game/823884/feed/live,both,True,True,https://raw.githubusercontent.com/lancebroz/mlb-pitcher-data/main/data/raw/2026/daily/2026-04-09.parquet,QA_VALIDATED
823884,669622,Anthony Bender,12,6,46,49,175,186,Top,2026-04-09,2026-04-09T16:10:00Z,MIA,CIN,H,Anthony Bender,False,RELIEF_OR_BULK,12,4,3,0,0,1,0,1,0,P,,False,https://statsapi.mlb.com/api/v1.1/game/823884/feed/live,both,True,True,https://raw.githubusercontent.com/lancebroz/mlb-pitcher-data/main/data/raw/2026/daily/2026-04-09.parquet,QA_VALIDATED
823884,676974,Max Meyer,87,1,0,41,1,159,Top,2026-04-09,2026-04-09T16:10:00Z,MIA,CIN,H,Max Meyer,True,STARTER,87,23,15,1,1,4,3,4,1,P,,False,https://statsapi.mlb.com/api/v1.1/game/823884/feed/live,both,True,True,https://raw.githubusercontent.com/lancebroz/mlb-pitcher-data/main/data/raw/2026/daily/2026-04-09.parquet,QA_VALIDATED
823884,683742,Jose Franco,43,7,59,73,215,265,Bot,2026-04-09,2026-04-09T16:10:00Z,CIN,MIA,A,Jose Franco,False,RELIEF_OR_BULK,43,12,6,3,2,4,3,2,0,P,,False,https://statsapi.mlb.com/api/v1.1/game/823884/feed/live,both,True,True,https://raw.githubusercontent.com/lancebroz/mlb-pitcher-data/main/data/raw/2026/daily/2026-04-09.parquet,QA_VALIDATED
823884,695076,Rhett Lowder,95,1,6,52,18,194,Bot,2026-04-09,2026-04-09T16:10:00Z,CIN,MIA,A,Rhett Lowder,True,STARTER,95,26,16,5,4,8,2,2,0,P,,False,https://statsapi.mlb.com/api/v1.1/game/823884/feed/live,both,True,True,https://raw.githubusercontent.com/lancebroz/mlb-pitcher-data/main/data/raw/2026/daily/2026-04-09.parquet,QA_VALIDATED
824130,607625,Seth Lugo,92,1,0,48,1,196,Top,2026-04-09,2026-04-09T23:40:00Z,KC,CWS,H,Seth Lugo,True,STARTER,92,24,19,2,1,4,4,4,0,P,,False,https://statsapi.mlb.com/api/v1.1/game/824130/feed/live,both,True,True,https://raw.githubusercontent.com/lancebroz/mlb-pitcher-data/main/data/raw/2026/daily/2026-04-09.parquet,QA_VALIDATED
824130,622554,Seranthony Domínguez,15,9,69,72,271,285,Bot,2026-04-09,2026-04-09T23:40:00Z,CWS,KC,A,Seranthony Domínguez,False,RELIEF_OR_BULK,15,4,3,0,0,0,1,2,0,P,,False,https://statsapi.mlb.com/api/v1.1/game/824130/feed/live,both,True,True,https://raw.githubusercontent.com/lancebroz/mlb-pitcher-data/main/data/raw/2026/daily/2026-04-09.parquet,QA_VALIDATED
824130,641743,Anthony Kay,100,1,4,44,18,180,Bot,2026-04-09,2026-04-09T23:40:00Z,CWS,KC,A,Anthony Kay,True,STARTER,100,24,17,0,0,3,2,6,0,P,,False,https://statsapi.mlb.com/api/v1.1/game/824130/feed/live,both,True,True,https://raw.githubusercontent.com/lancebroz/mlb-pitcher-data/main/data/raw/2026/daily/2026-04-09.parquet,QA_VALIDATED
824130,669212,Eli Morgan,27,8,57,68,226,270,Top,2026-04-09,2026-04-09T23:40:00Z,KC,CWS,H,Eli Morgan,False,RELIEF_OR_BULK,27,8,6,0,0,1,1,1,0,P,,False,https://statsapi.mlb.com/api/v1.1/game/824130/feed/live,both,True,True,https://raw.githubusercontent.com/lancebroz/mlb-pitcher-data/main/data/raw/2026/daily/2026-04-09.parquet,QA_VALIDATED
824130,670167,John Schreiber,11,7,49,51,197,207,Top,2026-04-09,2026-04-09T23:40:00Z,KC,CWS,H,John Schreiber,False,RELIEF_OR_BULK,11,3,2,0,0,0,0,0,0,P,,False,https://statsapi.mlb.com/api/v1.1/game/824130/feed/live,both,True,True,https://raw.githubusercontent.com/lancebroz/mlb-pitcher-data/main/data/raw/2026/daily/2026-04-09.parquet,QA_VALIDATED
824130,673929,Jordan Leasure,18,8,61,64,243,260,Bot,2026-04-09,2026-04-09T23:40:00Z,CWS,KC,A,Jordan Leasure,False,RELIEF_OR_BULK,18,4,3,0,0,0,1,2,0,P,,False,https://statsapi.mlb.com/api/v1.1/game/824130/feed/live,both,True,True,https://raw.githubusercontent.com/lancebroz/mlb-pitcher-data/main/data/raw/2026/daily/2026-04-09.parquet,QA_VALIDATED
824130,691799,Grant Taylor,22,6,45,56,181,225,Bot,2026-04-09,2026-04-09T23:40:00Z,CWS,KC,A,Grant Taylor,False,RELIEF_OR_BULK,22,6,4,0,0,2,0,1,0,P,,False,https://statsapi.mlb.com/api/v1.1/game/824130/feed/live,both,True,True,https://raw.githubusercontent.com/lancebroz/mlb-pitcher-data/main/data/raw/2026/daily/2026-04-09.parquet,QA_VALIDATED
822829,571578,Patrick Corbin,85,1,0,31,1,129,Top,2026-04-10,2026-04-10T23:07:00Z,TOR,MIN,H,Patrick Corbin,True,STARTER,85,21,12,4,4,6,1,3,2,P,,False,https://statsapi.mlb.com/api/v1.1/game/822829/feed/live,both,True,True,https://raw.githubusercontent.com/lancebroz/mlb-pitcher-data/main/data/raw/2026/daily/2026-04-10.parquet,QA_VALIDATED
822829,573009,Joe Mantiply,15,5,44,50,164,194,Top,2026-04-10,2026-04-10T23:07:00Z,TOR,MIN,H,Joe Mantiply,False,RELIEF_OR_BULK,15,3,3,0,0,0,0,3,0,P,,False,https://statsapi.mlb.com/api/v1.1/game/822829/feed/live,both,True,True,https://raw.githubusercontent.com/lancebroz/mlb-pitcher-data/main/data/raw/2026/daily/2026-04-10.parquet,QA_VALIDATED
822829,573124,Taylor Rogers,30,6,57,66,220,267,Bot,2026-04-10,2026-04-10T23:07:00Z,MIN,TOR,A,Taylor Rogers,False,RELIEF_OR_BULK,30,7,4,1,1,3,0,1,0,P,,False,https://statsapi.mlb.com/api/v1.1/game/822829/feed/live,both,True,True,https://raw.githubusercontent.com/lancebroz/mlb-pitcher-data/main/data/raw/2026/daily/2026-04-10.parquet,QA_VALIDATED
822829,607455,Anthony Banda,36,5,45,56,169,219,Bot,2026-04-10,2026-04-10T23:07:00Z,MIN,TOR,A,Anthony Banda,False,RELIEF_OR_BULK,36,9,5,3,3,3,1,1,1,P,,False,https://statsapi.mlb.com/api/v1.1/game/822829/feed/live,both,True,True,https://raw.githubusercontent.com/lancebroz/mlb-pitcher-data/main/data/raw/2026/daily/2026-04-10.parquet,QA_VALIDATED
822829,623437,Justin Topa,12,8,71,75,287,298,Bot,2026-04-10,2026-04-10T23:07:00Z,MIN,TOR,A,Justin Topa,False,RELIEF_OR_BULK,12,5,3,1,1,2,0,0,0,P,,False,https://statsapi.mlb.com/api/v1.1/game/822829/feed/live,both,True,True,https://raw.githubusercontent.com/lancebroz/mlb-pitcher-data/main/data/raw/2026/daily/2026-04-10.parquet,QA_VALIDATED
822829,667297,Tommy Nance,10,5,41,43,154,163,Top,2026-04-10,2026-04-10T23:07:00Z,TOR,MIN,H,Tommy Nance,False,RELIEF_OR_BULK,10,3,2,0,0,1,0,1,0,P,,False,https://statsapi.mlb.com/api/v1.1/game/822829/feed/live,both,True,True,https://raw.githubusercontent.com/lancebroz/mlb-pitcher-data/main/data/raw/2026/daily/2026-04-10.parquet,QA_VALIDATED
822829,680573,Simeon Woods Richardson,68,1,7,40,34,153,Bot,2026-04-10,2026-04-10T23:07:00Z,MIN,TOR,A,Simeon Woods Richardson,True,STARTER,68,19,12,5,5,6,1,2,1,P,,False,https://statsapi.mlb.com/api/v1.1/game/822829/feed/live,both,True,True,https://raw.githubusercontent.com/lancebroz/mlb-pitcher-data/main/data/raw/2026/daily/2026-04-10.parquet,QA_VALIDATED
822829,680755,Braydon Fisher,32,8,67,78,268,311,Top,2026-04-10,2026-04-10T23:07:00Z,TOR,MIN,H,Braydon Fisher,False,RELIEF_OR_BULK,32,7,6,0,0,0,0,4,0,P,,False,https://statsapi.mlb.com/api/v1.1/game/822829/feed/live,both,True,True,https://raw.githubusercontent.com/lancebroz/mlb-pitcher-data/main/data/raw/2026/daily/2026-04-10.parquet,QA_VALIDATED
822829,686973,Louis Varland,23,6,51,60,195,242,Top,2026-04-10,2026-04-10T23:07:00Z,TOR,MIN,H,Louis Varland,False,RELIEF_OR_BULK,23,4,4,0,0,0,1,1,0,P,,False,https://statsapi.mlb.com/api/v1.1/game/822829/feed/live,both,True,True,https://raw.githubusercontent.com/lancebroz/mlb-pitcher-data/main/data/raw/2026/daily/2026-04-10.parquet,QA_VALIDATED
822997,571927,Steven Matz,88,1,0,38,1,176,Top,2026-04-10,2026-04-10T23:10:00Z,TB,NYY,H,Steven Matz,True,STARTER,88,20,15,2,2,2,2,7,0,P,,False,https://statsapi.mlb.com/api/v1.1/game/822997/feed/live,both,True,True,https://raw.githubusercontent.com/lancebroz/mlb-pitcher-data/main/data/raw/2026/daily/2026-04-10.parquet,QA_VALIDATED
822997,641329,Bryan Baker,16,9,69,73,293,308,Top,2026-04-10,2026-04-10T23:10:00Z,TB,NYY,H,Bryan Baker,False,RELIEF_OR_BULK,16,5,3,0,0,2,0,1,0,P,,False,https://statsapi.mlb.com/api/v1.1/game/822997/feed/live,both,True,True,https://raw.githubusercontent.com/lancebroz/mlb-pitcher-data/main/data/raw/2026/daily/2026-04-10.parquet,QA_VALIDATED
822997,642232,Ryan Yarbrough,28,7,57,68,251,292,Bot,2026-04-10,2026-04-10T23:10:00Z,NYY,TB,A,Ryan Yarbrough,False,RELIEF_OR_BULK,28,8,6,0,0,1,2,0,0,P,,False,https://statsapi.mlb.com/api/v1.1/game/822997/feed/live,both,True,True,https://raw.githubusercontent.com/lancebroz/mlb-pitcher-data/main/data/raw/2026/daily/2026-04-10.parquet,QA_VALIDATED
822997,643377,Griffin Jax,13,6,44,46,197,209,Top,2026-04-10,2026-04-10T23:10:00Z,TB,NYY,H,Griffin Jax,False,RELIEF_OR_BULK,13,3,3,0,0,0,0,2,0,P,,False,https://statsapi.mlb.com/api/v1.1/game/822997/feed/live,both,True,True,https://raw.githubusercontent.com/lancebroz/mlb-pitcher-data/main/data/raw/2026/daily/2026-04-10.parquet,QA_VALIDATED
822997,656234,Jake Bird,20,5,39,43,177,196,Bot,2026-04-10,2026-04-10T23:10:00Z,NYY,TB,A,Jake Bird,False,RELIEF_OR_BULK,20,5,3,0,0,2,0,2,0,P,,False,https://statsapi.mlb.com/api/v1.1/game/822997/feed/live,both,True,True,https://raw.githubusercontent.com/lancebroz/mlb-pitcher-data/main/data/raw/2026/daily/2026-04-10.parquet,QA_VALIDATED
822997,661563,Luis Gil,88,1,6,34,27,160,Bot,2026-04-10,2026-04-10T23:10:00Z,NYY,TB,A,Luis Gil,True,STARTER,88,19,12,3,3,3,3,2,1,P,,False,https://statsapi.mlb.com/api/v1.1/game/822997/feed/live,both,True,True,https://raw.githubusercontent.com/lancebroz/mlb-pitcher-data/main/data/raw/2026/daily/2026-04-10.parquet,QA_VALIDATED
822997,666808,Camilo Doval,8,6,51,53,226,233,Bot,2026-04-10,2026-04-10T23:10:00Z,NYY,TB,A,Camilo Doval,False,RELIEF_OR_BULK,8,3,2,0,0,1,0,0,0,P,,False,https://statsapi.mlb.com/api/v1.1/game/822997/feed/live,both,True,True,https://raw.githubusercontent.com/lancebroz/mlb-pitcher-data/main/data/raw/2026/daily/2026-04-10.parquet,QA_VALIDATED
822997,685801,Hunter Bigge,14,8,61,64,266,279,Top,2026-04-10,2026-04-10T23:10:00Z,TB,NYY,H,Hunter Bigge,False,RELIEF_OR_BULK,14,4,3,1,1,1,0,1,1,P,,False,https://statsapi.mlb.com/api/v1.1/game/822997/feed/live,both,True,True,https://raw.githubusercontent.com/lancebroz/mlb-pitcher-data/main/data/raw/2026/daily/2026-04-10.parquet,QA_VALIDATED
822997,687396,Brent Headrick,16,6,47,50,210,225,Bot,2026-04-10,2026-04-10T23:10:00Z,NYY,TB,A,Brent Headrick,False,RELIEF_OR_BULK,16,4,1,2,1,2,0,1,0,P,,False,https://statsapi.mlb.com/api/v1.1/game/822997/feed/live,both,True,True,https://raw.githubusercontent.com/lancebroz/mlb-pitcher-data/main/data/raw/2026/daily/2026-04-10.parquet,QA_VALIDATED
822997,693855,Ian Seymour,17,7,54,56,234,250,Top,2026-04-10,2026-04-10T23:10:00Z,TB,NYY,H,Ian Seymour,False,RELIEF_OR_BULK,17,3,3,0,0,0,0,1,0,P,,False,https://statsapi.mlb.com/api/v1.1/game/822997/feed/live,both,True,True,https://raw.githubusercontent.com/lancebroz/mlb-pitcher-data/main/data/raw/2026/daily/2026-04-10.parquet,QA_VALIDATED
823076,592773,Ryne Stanek,10,7,54,56,203,212,Top,2026-04-10,2026-04-11T00:15:00Z,STL,BOS,H,Ryne Stanek,False,RELIEF_OR_BULK,10,3,3,0,0,0,0,1,0,P,,False,https://statsapi.mlb.com/api/v1.1/game/823076/feed/live,both,True,True,https://raw.githubusercontent.com/lancebroz/mlb-pitcher-data/main/data/raw/2026/daily/2026-04-10.parquet,QA_VALIDATED
823076,663558,Jovani Morán,17,8,65,69,251,267,Bot,2026-04-10,2026-04-11T00:15:00Z,BOS,STL,A,Jovani Morán,False,RELIEF_OR_BULK,17,5,3,0,0,1,1,2,0,P,,False,https://statsapi.mlb.com/api/v1.1/game/823076/feed/live,both,True,True,https://raw.githubusercontent.com/lancebroz/mlb-pitcher-data/main/data/raw/2026/daily/2026-04-10.parquet,QA_VALIDATED
823076,668941,JoJo Romero,21,8,60,64,230,250,Top,2026-04-10,2026-04-11T00:15:00Z,STL,BOS,H,JoJo Romero,False,RELIEF_OR_BULK,21,5,3,0,0,1,0,1,0,P,,False,https://statsapi.mlb.com/api/v1.1/game/823076/feed/live,both,True,True,https://raw.githubusercontent.com/lancebroz/mlb-pitcher-data/main/data/raw/2026/daily/2026-04-10.parquet,QA_VALIDATED
823076,669160,Dustin May,75,1,0,48,1,179,Top,2026-04-10,2026-04-11T00:15:00Z,STL,BOS,H,Dustin May,True,STARTER,75,23,18,2,1,4,0,4,0,P,,False,https://statsapi.mlb.com/api/v1.1/game/823076/feed/live,both,True,True,https://raw.githubusercontent.com/lancebroz/mlb-pitcher-data/main/data/raw/2026/daily/2026-04-10.parquet,QA_VALIDATED
823076,669711,Greg Weissert,18,6,53,59,202,229,Bot,2026-04-10,2026-04-11T00:15:00Z,BOS,STL,A,Greg Weissert,False,RELIEF_OR_BULK,18,4,4,0,0,0,0,1,0,P,,False,https://statsapi.mlb.com/api/v1.1/game/823076/feed/live,both,True,True,https://raw.githubusercontent.com/lancebroz/mlb-pitcher-data/main/data/raw/2026/daily/2026-04-10.parquet,QA_VALIDATED
823076,676617,Riley O'Brien,8,9,70,72,268,275,Top,2026-04-10,2026-04-11T00:15:00Z,STL,BOS,H,Riley O'Brien,False,RELIEF_OR_BULK,8,3,3,0,0,0,0,1,0,P,,False,https://statsapi.mlb.com/api/v1.1/game/823076/feed/live,both,True,True,https://raw.githubusercontent.com/lancebroz/mlb-pitcher-data/main/data/raw/2026/daily/2026-04-10.parquet,QA_VALIDATED
823076,677161,Zack Kelly,18,5,41,45,151,168,Bot,2026-04-10,2026-04-11T00:15:00Z,BOS,STL,A,Zack Kelly,False,RELIEF_OR_BULK,18,5,2,2,2,2,1,0,0,P,,False,https://statsapi.mlb.com/api/v1.1/game/823076/feed/live,both,True,True,https://raw.githubusercontent.com/lancebroz/mlb-pitcher-data/main/data/raw/2026/daily/2026-04-10.parquet,QA_VALIDATED
823076,701719,Tyler Samaniego,22,6,49,52,180,201,Bot,2026-04-10,2026-04-11T00:15:00Z,BOS,STL,A,Tyler Samaniego,False,RELIEF_OR_BULK,22,4,2,0,0,0,2,1,0,P,,False,https://statsapi.mlb.com/api/v1.1/game/823076/feed/live,both,True,True,https://raw.githubusercontent.com/lancebroz/mlb-pitcher-data/main/data/raw/2026/daily/2026-04-10.parquet,QA_VALIDATED
823076,813349,Connelly Early,86,1,4,40,13,150,Bot,2026-04-10,2026-04-11T00:15:00Z,BOS,STL,A,Connelly Early,True,STARTER,86,21,13,1,1,5,2,5,0,P,,False,https://statsapi.mlb.com/api/v1.1/game/823076/feed/live,both,True,True,https://raw.githubusercontent.com/lancebroz/mlb-pitcher-data/main/data/raw/2026/daily/2026-04-10.parquet,QA_VALIDATED
823156,595345,Steven Okert,21,1,10,21,53,103,Bot,2026-04-10,2026-04-11T01:40:00Z,HOU,SEA,A,Steven Okert,False,RELIEF_OR_BULK,21,5,5,0,0,0,0,2,0,P,,False,https://statsapi.mlb.com/api/v1.1/game/823156/feed/live,both,True,True,https://raw.githubusercontent.com/lancebroz/mlb-pitcher-data/main/data/raw/2026/daily/2026-04-10.parquet,QA_VALIDATED
823156,641585,J.P. France,59,5,44,65,211,298,Bot,2026-04-10,2026-04-11T01:40:00Z,HOU,SEA,A,J.P. France,False,RELIEF_OR_BULK,59,15,8,4,4,3,4,3,0,P,,False,https://statsapi.mlb.com/api/v1.1/game/823156/feed/live,both,True,True,https://raw.githubusercontent.com/lancebroz/mlb-pitcher-data/main/data/raw/2026/daily/2026-04-10.parquet,QA_VALIDATED
823156,642100,Gabe Speier,12,6,47,50,224,235,Top,2026-04-10,2026-04-11T01:40:00Z,SEA,HOU,H,Gabe Speier,False,RELIEF_OR_BULK,12,4,3,0,0,1,0,0,0,P,,False,https://statsapi.mlb.com/api/v1.1/game/823156/feed/live,both,True,True,https://raw.githubusercontent.com/lancebroz/mlb-pitcher-data/main/data/raw/2026/daily/2026-04-10.parquet,QA_VALIDATED
823156,660825,Eduard Bazardo,17,7,55,57,250,266,Top,2026-04-10,2026-04-11T01:40:00Z,SEA,HOU,H,Eduard Bazardo,False,RELIEF_OR_BULK,17,3,3,0,0,0,0,0,0,P,,False,https://statsapi.mlb.com/api/v1.1/game/823156/feed/live,both,True,True,https://raw.githubusercontent.com/lancebroz/mlb-pitcher-data/main/data/raw/2026/daily/2026-04-10.parquet,QA_VALIDATED
823156,660853,Enyel De Los Santos,10,8,72,75,321,330,Bot,2026-04-10,2026-04-11T01:40:00Z,HOU,SEA,A,Enyel De Los Santos,False,RELIEF_OR_BULK,10,4,3,0,0,1,0,1,0,P,,False,https://statsapi.mlb.com/api/v1.1/game/823156/feed/live,both,True,True,https://raw.githubusercontent.com/lancebroz/mlb-pitcher-data/main/data/raw/2026/daily/2026-04-10.parquet,QA_VALIDATED
823156,662253,Andrés Muñoz,25,9,76,80,331,355,Top,2026-04-10,2026-04-11T01:40:00Z,SEA,HOU,H,Andrés Muñoz,False,RELIEF_OR_BULK,25,5,3,0,0,0,2,1,0,P,,False,https://statsapi.mlb.com/api/v1.1/game/823156/feed/live,both,True,True,https://raw.githubusercontent.com/lancebroz/mlb-pitcher-data/main/data/raw/2026/daily/2026-04-10.parquet,QA_VALIDATED
823156,666374,Matt Brash,4,8,71,71,317,320,Top,2026-04-10,2026-04-11T01:40:00Z,SEA,HOU,H,Matt Brash,False,RELIEF_OR_BULK,4,1,2,0,0,0,0,0,0,P,,False,https://statsapi.mlb.com/api/v1.1/game/823156/feed/live,both,True,True,https://raw.githubusercontent.com/lancebroz/mlb-pitcher-data/main/data/raw/2026/daily/2026-04-10.parquet,QA_VALIDATED
823156,676106,Emerson Hancock,88,1,0,39,1,192,Top,2026-04-10,2026-04-11T01:40:00Z,SEA,HOU,H,Emerson Hancock,True,STARTER,88,19,15,3,3,4,2,5,0,P,,False,https://statsapi.mlb.com/api/v1.1/game/823156/feed/live,both,True,True,https://raw.githubusercontent.com/lancebroz/mlb-pitcher-data/main/data/raw/2026/daily/2026-04-10.parquet,QA_VALIDATED
823156,677961,Cole Wilcox,18,8,66,70,299,316,Top,2026-04-10,2026-04-11T01:40:00Z,SEA,HOU,H,Cole Wilcox,False,RELIEF_OR_BULK,18,5,1,3,3,3,0,0,1,P,,False,https://statsapi.mlb.com/api/v1.1/game/823156/feed/live,both,True,True,https://raw.githubusercontent.com/lancebroz/mlb-pitcher-data/main/data/raw/2026/daily/2026-04-10.parquet,QA_VALIDATED
823156,680802,Ryan Weiss,64,3,25,43,118,210,Bot,2026-04-10,2026-04-11T01:40:00Z,HOU,SEA,A,Ryan Weiss,False,RELIEF_OR_BULK,64,13,7,2,2,4,2,4,1,P,,False,https://statsapi.mlb.com/api/v1.1/game/823156/feed/live,both,True,True,https://raw.githubusercontent.com/lancebroz/mlb-pitcher-data/main/data/raw/2026/daily/2026-04-10.parquet,QA_VALIDATED
823156,837227,Tatsuya Imai,37,1,3,9,16,52,Bot,2026-04-10,2026-04-11T01:40:00Z,HOU,SEA,A,Tatsuya Imai,True,STARTER,37,7,1,3,3,1,4,0,0,P,,False,https://statsapi.mlb.com/api/v1.1/game/823156/feed/live,both,True,True,https://raw.githubusercontent.com/lancebroz/mlb-pitcher-data/main/data/raw/2026/daily/2026-04-10.parquet,QA_VALIDATED
823318,592094,Jason Adam,5,8,55,55,197,201,Top,2026-04-10,2026-04-11T01:40:00Z,SD,COL,H,Jason Adam,False,RELIEF_OR_BULK,5,1,1,0,0,0,0,0,0,P,,False,https://statsapi.mlb.com/api/v1.1/game/823318/feed/live,both,True,True,https://raw.githubusercontent.com/lancebroz/mlb-pitcher-data/main/data/raw/2026/daily/2026-04-10.parquet,QA_VALIDATED
823318,606996,Kyle Hart,13,7,42,45,150,162,Top,2026-04-10,2026-04-11T01:40:00Z,SD,COL,H,Kyle Hart,False,RELIEF_OR_BULK,13,4,3,0,0,1,1,0,0,P,,False,https://statsapi.mlb.com/api/v1.1/game/823318/feed/live,both,True,True,https://raw.githubusercontent.com/lancebroz/mlb-pitcher-data/main/data/raw/2026/daily/2026-04-10.parquet,QA_VALIDATED
823318,608372,Tomoyuki Sugano,81,1,3,41,12,149,Bot,2026-04-10,2026-04-11T01:40:00Z,COL,SD,A,Tomoyuki Sugano,True,STARTER,81,22,18,2,2,4,0,3,2,P,,False,https://statsapi.mlb.com/api/v1.1/game/823318/feed/live,both,True,True,https://raw.githubusercontent.com/lancebroz/mlb-pitcher-data/main/data/raw/2026/daily/2026-04-10.parquet,QA_VALIDATED
823318,621111,Walker Buehler,68,1,0,38,1,140,Top,2026-04-10,2026-04-11T01:40:00Z,SD,COL,H,Walker Buehler,True,STARTER,68,20,18,0,0,3,0,4,0,P,,False,https://statsapi.mlb.com/api/v1.1/game/823318/feed/live,both,True,True,https://raw.githubusercontent.com/lancebroz/mlb-pitcher-data/main/data/raw/2026/daily/2026-04-10.parquet,QA_VALIDATED
823318,622608,Antonio Senzatela,31,7,46,58,163,219,Bot,2026-04-10,2026-04-11T01:40:00Z,COL,SD,A,Antonio Senzatela,False,RELIEF_OR_BULK,31,6,5,0,0,0,2,3,0,P,,False,https://statsapi.mlb.com/api/v1.1/game/823318/feed/live,both,True,True,https://raw.githubusercontent.com/lancebroz/mlb-pitcher-data/main/data/raw/2026/daily/2026-04-10.parquet,QA_VALIDATED
823318,670970,Adrian Morejon,21,8,49,54,176,196,Top,2026-04-10,2026-04-11T01:40:00Z,SD,COL,H,Adrian Morejon,False,RELIEF_OR_BULK,21,6,2,2,2,4,0,0,0,P,,False,https://statsapi.mlb.com/api/v1.1/game/823318/feed/live,both,True,True,https://raw.githubusercontent.com/lancebroz/mlb-pitcher-data/main/data/raw/2026/daily/2026-04-10.parquet,QA_VALIDATED
823318,675848,Juan Mejia,18,9,63,66,235,252,Bot,2026-04-10,2026-04-11T01:40:00Z,COL,SD,A,Juan Mejia,False,RELIEF_OR_BULK,18,4,1,3,3,2,1,0,1,P,,False,https://statsapi.mlb.com/api/v1.1/game/823318/feed/live,both,True,True,https://raw.githubusercontent.com/lancebroz/mlb-pitcher-data/main/data/raw/2026/daily/2026-04-10.parquet,QA_VALIDATED
823318,677955,Jaden Hill,2,8,59,59,220,221,Bot,2026-04-10,2026-04-11T01:40:00Z,COL,SD,A,Jaden Hill,False,RELIEF_OR_BULK,2,1,1,0,0,0,0,0,0,P,,False,https://statsapi.mlb.com/api/v1.1/game/823318/feed/live,both,True,True,https://raw.githubusercontent.com/lancebroz/mlb-pitcher-data/main/data/raw/2026/daily/2026-04-10.parquet,QA_VALIDATED
823318,695243,Mason Miller,13,9,60,62,222,234,Top,2026-04-10,2026-04-11T01:40:00Z,SD,COL,H,Mason Miller,False,RELIEF_OR_BULK,13,3,3,0,0,0,0,3,0,P,,False,https://statsapi.mlb.com/api/v1.1/game/823318/feed/live,both,True,True,https://raw.githubusercontent.com/lancebroz/mlb-pitcher-data/main/data/raw/2026/daily/2026-04-10.parquet,QA_VALIDATED
823482,621383,Tanner Banks,14,9,67,70,260,273,Top,2026-04-10,2026-04-10T22:40:00Z,PHI,AZ,H,Tanner Banks,False,RELIEF_OR_BULK,14,4,3,0,0,1,0,1,0,P,,False,https://statsapi.mlb.com/api/v1.1/game/823482/feed/live,both,True,True,https://raw.githubusercontent.com/lancebroz/mlb-pitcher-data/main/data/raw/2026/daily/2026-04-10.parquet,QA_VALIDATED
823482,623149,Paul Sewald,9,9,71,74,274,282,Bot,2026-04-10,2026-04-10T22:40:00Z,AZ,PHI,A,Paul Sewald,False,RELIEF_OR_BULK,9,4,3,0,0,1,0,0,0,P,,False,https://statsapi.mlb.com/api/v1.1/game/823482/feed/live,both,True,True,https://raw.githubusercontent.com/lancebroz/mlb-pitcher-data/main/data/raw/2026/daily/2026-04-10.parquet,QA_VALIDATED
823482,641745,Brad Keller,7,7,53,55,204,210,Top,2026-04-10,2026-04-10T22:40:00Z,PHI,AZ,H,Brad Keller,False,RELIEF_OR_BULK,7,3,3,0,0,0,0,0,0,P,,False,https://statsapi.mlb.com/api/v1.1/game/823482/feed/live,both,True,True,https://raw.githubusercontent.com/lancebroz/mlb-pitcher-data/main/data/raw/2026/daily/2026-04-10.parquet,QA_VALIDATED
823482,642528,Jonathan Loáisiga,15,6,52,57,199,220,Bot,2026-04-10,2026-04-10T22:40:00Z,AZ,PHI,A,Jonathan Loáisiga,False,RELIEF_OR_BULK,15,3,3,0,0,0,0,3,0,P,,False,https://statsapi.mlb.com/api/v1.1/game/823482/feed/live,both,True,True,https://raw.githubusercontent.com/lancebroz/mlb-pitcher-data/main/data/raw/2026/daily/2026-04-10.parquet,QA_VALIDATED
823482,647336,Michael Soroka,93,1,4,51,20,198,Bot,2026-04-10,2026-04-10T22:40:00Z,AZ,PHI,A,Michael Soroka,True,STARTER,93,25,17,4,4,5,2,10,1,P,,False,https://statsapi.mlb.com/api/v1.1/game/823482/feed/live,both,True,True,https://raw.githubusercontent.com/lancebroz/mlb-pitcher-data/main/data/raw/2026/daily/2026-04-10.parquet,QA_VALIDATED
823482,666200,Jesús Luzardo,86,1,0,41,1,157,Top,2026-04-10,2026-04-10T22:40:00Z,PHI,AZ,H,Jesús Luzardo,True,STARTER,86,22,14,5,5,5,3,8,0,P,,False,https://statsapi.mlb.com/api/v1.1/game/823482/feed/live,both,True,True,https://raw.githubusercontent.com/lancebroz/mlb-pitcher-data/main/data/raw/2026/daily/2026-04-10.parquet,QA_VALIDATED
823482,666661,Juan Morillo,26,7,58,66,221,259,Bot,2026-04-10,2026-04-10T22:40:00Z,AZ,PHI,A,Juan Morillo,False,RELIEF_OR_BULK,26,5,4,0,0,1,0,3,0,P,,False,https://statsapi.mlb.com/api/v1.1/game/823482/feed/live,both,True,True,https://raw.githubusercontent.com/lancebroz/mlb-pitcher-data/main/data/raw/2026/daily/2026-04-10.parquet,QA_VALIDATED
823482,680742,Jonathan Bowlan,19,5,42,48,158,186,Top,2026-04-10,2026-04-10T22:40:00Z,PHI,AZ,H,Jonathan Bowlan,False,RELIEF_OR_BULK,19,4,4,0,0,0,0,1,0,P,,False,https://statsapi.mlb.com/api/v1.1/game/823482/feed/live,both,True,True,https://raw.githubusercontent.com/lancebroz/mlb-pitcher-data/main/data/raw/2026/daily/2026-04-10.parquet,QA_VALIDATED
823482,689147,Orion Kerkering,13,8,59,62,227,239,Top,2026-04-10,2026-04-10T22:40:00Z,PHI,AZ,H,Orion Kerkering,False,RELIEF_OR_BULK,13,4,3,0,0,1,0,0,0,P,,False,https://statsapi.mlb.com/api/v1.1/game/823482/feed/live,both,True,True,https://raw.githubusercontent.com/lancebroz/mlb-pitcher-data/main/data/raw/2026/daily/2026-04-10.parquet,QA_VALIDATED
823643,605130,Scott Barlow,8,8,58,59,221,228,Bot,2026-04-10,2026-04-10T23:10:00Z,ATH,NYM,A,Scott Barlow,False,RELIEF_OR_BULK,8,2,2,0,0,0,0,1,0,P,,False,https://statsapi.mlb.com/api/v1.1/game/823643/feed/live,both,True,True,https://raw.githubusercontent.com/lancebroz/mlb-pitcher-data/main/data/raw/2026/daily/2026-04-10.parquet,QA_VALIDATED
823643,605280,Clay Holmes,81,1,0,40,1,161,Top,2026-04-10,2026-04-10T23:10:00Z,NYM,ATH,H,Clay Holmes,True,STARTER,81,23,16,1,1,5,3,3,0,P,,False,https://statsapi.mlb.com/api/v1.1/game/823643/feed/live,both,True,True,https://raw.githubusercontent.com/lancebroz/mlb-pitcher-data/main/data/raw/2026/daily/2026-04-10.parquet,QA_VALIDATED
823643,643410,Mark Leiter Jr.,12,5,35,38,145,156,Bot,2026-04-10,2026-04-10T23:10:00Z,ATH,NYM,A,Mark Leiter Jr.,False,RELIEF_OR_BULK,12,4,3,0,0,1,0,1,0,P,,False,https://statsapi.mlb.com/api/v1.1/game/823643/feed/live,both,True,True,https://raw.githubusercontent.com/lancebroz/mlb-pitcher-data/main/data/raw/2026/daily/2026-04-10.parquet,QA_VALIDATED
823643,663992,Richard Lovelady,5,9,65,65,236,240,Top,2026-04-10,2026-04-10T23:10:00Z,NYM,ATH,H,Richard Lovelady,False,RELIEF_OR_BULK,5,1,2,0,0,0,0,0,0,P,,False,https://statsapi.mlb.com/api/v1.1/game/823643/feed/live,both,True,True,https://raw.githubusercontent.com/lancebroz/mlb-pitcher-data/main/data/raw/2026/daily/2026-04-10.parquet,QA_VALIDATED
823643,665660,Elvis Alvarado,20,9,66,69,241,260,Bot,2026-04-10,2026-04-10T23:10:00Z,ATH,NYM,A,Elvis Alvarado,False,RELIEF_OR_BULK,20,4,3,0,0,1,0,1,0,P,,False,https://statsapi.mlb.com/api/v1.1/game/823643/feed/live,both,True,True,https://raw.githubusercontent.com/lancebroz/mlb-pitcher-data/main/data/raw/2026/daily/2026-04-10.parquet,QA_VALIDATED
823643,668964,Tobias Myers,36,6,41,64,162,235,Top,2026-04-10,2026-04-10T23:10:00Z,NYM,ATH,H,Tobias Myers,False,RELIEF_OR_BULK,36,13,9,3,3,4,0,1,0,P,,False,https://statsapi.mlb.com/api/v1.1/game/823643/feed/live,both,True,True,https://raw.githubusercontent.com/lancebroz/mlb-pitcher-data/main/data/raw/2026/daily/2026-04-10.parquet,QA_VALIDATED
823643,669372,J.T. Ginn,68,1,4,30,12,131,Bot,2026-04-10,2026-04-10T23:10:00Z,ATH,NYM,A,J.T. Ginn,True,STARTER,68,14,12,0,0,1,1,4,0,P,,False,https://statsapi.mlb.com/api/v1.1/game/823643/feed/live,both,True,True,https://raw.githubusercontent.com/lancebroz/mlb-pitcher-data/main/data/raw/2026/daily/2026-04-10.parquet,QA_VALIDATED
823643,678022,Jack Perkins,30,6,43,57,170,220,Bot,2026-04-10,2026-04-10T23:10:00Z,ATH,NYM,A,Jack Perkins,False,RELIEF_OR_BULK,30,9,7,0,0,3,0,3,0,P,,False,https://statsapi.mlb.com/api/v1.1/game/823643/feed/live,both,True,True,https://raw.githubusercontent.com/lancebroz/mlb-pitcher-data/main/data/raw/2026/daily/2026-04-10.parquet,QA_VALIDATED
823808,656730,Trevor Megill,9,9,64,68,275,283,Top,2026-04-10,2026-04-10T23:40:00Z,MIL,WSH,H,Trevor Megill,False,RELIEF_OR_BULK,9,5,0,4,4,2,0,0,0,P,,False,https://statsapi.mlb.com/api/v1.1/game/823808/feed/live,both,True,True,https://raw.githubusercontent.com/lancebroz/mlb-pitcher-data/main/data/raw/2026/daily/2026-04-10.parquet,QA_VALIDATED
823808,663623,Jake Irvin,100,1,6,39,28,171,Bot,2026-04-10,2026-04-10T23:40:00Z,WSH,MIL,A,Jake Irvin,True,STARTER,100,22,15,3,3,2,5,5,1,P,,False,https://statsapi.mlb.com/api/v1.1/game/823808/feed/live,both,True,True,https://raw.githubusercontent.com/lancebroz/mlb-pitcher-data/main/data/raw/2026/daily/2026-04-10.parquet,QA_VALIDATED
823808,668834,Easton McGee,7,9,69,71,284,290,Top,2026-04-10,2026-04-10T23:40:00Z,MIL,WSH,H,Easton McGee,False,RELIEF_OR_BULK,7,3,3,0,0,1,0,0,0,P,,False,https://statsapi.mlb.com/api/v1.1/game/823808/feed/live,both,True,True,https://raw.githubusercontent.com/lancebroz/mlb-pitcher-data/main/data/raw/2026/daily/2026-04-10.parquet,QA_VALIDATED
823808,672335,Cionel Pérez,14,7,54,56,237,250,Bot,2026-04-10,2026-04-10T23:40:00Z,WSH,MIL,A,Cionel Pérez,False,RELIEF_OR_BULK,14,3,3,0,0,1,0,0,0,P,,False,https://statsapi.mlb.com/api/v1.1/game/823808/feed/live,both,True,True,https://raw.githubusercontent.com/lancebroz/mlb-pitcher-data/main/data/raw/2026/daily/2026-04-10.parquet,QA_VALIDATED
823808,672582,Angel Zerpa,22,6,44,53,195,236,Top,2026-04-10,2026-04-10T23:40:00Z,MIL,WSH,H,Angel Zerpa,False,RELIEF_OR_BULK,22,5,5,1,1,1,1,0,0,P,,False,https://statsapi.mlb.com/api/v1.1/game/823808/feed/live,both,True,True,https://raw.githubusercontent.com/lancebroz/mlb-pitcher-data/main/data/raw/2026/daily/2026-04-10.parquet,QA_VALIDATED
823808,676571,PJ Poulin,10,8,61,63,265,274,Bot,2026-04-10,2026-04-10T23:40:00Z,WSH,MIL,A,PJ Poulin,False,RELIEF_OR_BULK,10,3,3,0,0,0,0,0,0,P,,False,https://statsapi.mlb.com/api/v1.1/game/823808/feed/live,both,True,True,https://raw.githubusercontent.com/lancebroz/mlb-pitcher-data/main/data/raw/2026/daily/2026-04-10.parquet,QA_VALIDATED
823808,676879,Aaron Ashby,44,1,0,19,1,90,Top,2026-04-10,2026-04-10T23:40:00Z,MIL,WSH,H,Aaron Ashby,True,STARTER,44,10,7,2,2,3,0,4,0,P,,False,https://statsapi.mlb.com/api/v1.1/game/823808/feed/live,both,True,True,https://raw.githubusercontent.com/lancebroz/mlb-pitcher-data/main/data/raw/2026/daily/2026-04-10.parquet,QA_VALIDATED
823808,682842,Abner Uribe,14,8,57,60,251,264,Top,2026-04-10,2026-04-10T23:40:00Z,MIL,WSH,H,Abner Uribe,False,RELIEF_OR_BULK,14,4,3,0,0,1,0,2,0,P,,False,https://statsapi.mlb.com/api/v1.1/game/823808/feed/live,both,True,True,https://raw.githubusercontent.com/lancebroz/mlb-pitcher-data/main/data/raw/2026/daily/2026-04-10.parquet,QA_VALIDATED
823808,687606,Paxton Schultz,20,6,45,49,199,218,Bot,2026-04-10,2026-04-10T23:40:00Z,WSH,MIL,A,Paxton Schultz,False,RELIEF_OR_BULK,20,5,3,0,0,1,0,1,0,P,,False,https://statsapi.mlb.com/api/v1.1/game/823808/feed/live,both,True,True,https://raw.githubusercontent.com/lancebroz/mlb-pitcher-data/main/data/raw/2026/daily/2026-04-10.parquet,QA_VALIDATED
823808,690925,Clayton Beeter,12,9,72,74,291,302,Bot,2026-04-10,2026-04-10T23:40:00Z,WSH,MIL,A,Clayton Beeter,False,RELIEF_OR_BULK,12,3,3,0,0,0,0,1,0,P,,False,https://statsapi.mlb.com/api/v1.1/game/823808/feed/live,both,True,True,https://raw.githubusercontent.com/lancebroz/mlb-pitcher-data/main/data/raw/2026/daily/2026-04-10.parquet,QA_VALIDATED
823808,694477,Chad Patrick,50,3,20,43,91,194,Top,2026-04-10,2026-04-10T23:40:00Z,MIL,WSH,H,Chad Patrick,False,RELIEF_OR_BULK,50,12,9,0,0,3,1,0,0,P,,False,https://statsapi.mlb.com/api/v1.1/game/823808/feed/live,both,True,True,https://raw.githubusercontent.com/lancebroz/mlb-pitcher-data/main/data/raw/2026/daily/2026-04-10.parquet,QA_VALIDATED
823968,607192,Tyler Glasnow,100,1,0,44,1,183,Top,2026-04-10,2026-04-11T02:10:00Z,LAD,TEX,H,Tyler Glasnow,True,STARTER,100,24,18,4,4,5,1,7,2,P,,False,https://statsapi.mlb.com/api/v1.1/game/823968/feed/live,both,True,True,https://raw.githubusercontent.com/lancebroz/mlb-pitcher-data/main/data/raw/2026/daily/2026-04-10.parquet,QA_VALIDATED
823968,621242,Edwin Díaz,23,9,69,76,277,299,Top,2026-04-10,2026-04-11T02:10:00Z,LAD,TEX,H,Edwin Díaz,False,RELIEF_OR_BULK,23,8,3,3,3,4,1,2,1,P,,False,https://statsapi.mlb.com/api/v1.1/game/823968/feed/live,both,True,True,https://raw.githubusercontent.com/lancebroz/mlb-pitcher-data/main/data/raw/2026/daily/2026-04-10.parquet,QA_VALIDATED
823968,656222,Jalen Beeks,18,7,55,58,228,245,Bot,2026-04-10,2026-04-11T02:10:00Z,TEX,LAD,A,Jalen Beeks,False,RELIEF_OR_BULK,18,4,3,0,0,2,0,0,0,P,,False,https://statsapi.mlb.com/api/v1.1/game/823968/feed/live,both,True,True,https://raw.githubusercontent.com/lancebroz/mlb-pitcher-data/main/data/raw/2026/daily/2026-04-10.parquet,QA_VALIDATED
823968,656641,Jacob Latz,16,9,77,79,300,315,Bot,2026-04-10,2026-04-11T02:10:00Z,TEX,LAD,A,Jacob Latz,False,RELIEF_OR_BULK,16,3,2,1,1,1,0,2,1,P,,False,https://statsapi.mlb.com/api/v1.1/game/823968/feed/live,both,True,True,https://raw.githubusercontent.com/lancebroz/mlb-pitcher-data/main/data/raw/2026/daily/2026-04-10.parquet,QA_VALIDATED
823968,656945,Tanner Scott,10,8,59,61,246,255,Top,2026-04-10,2026-04-11T02:10:00Z,LAD,TEX,H,Tanner Scott,False,RELIEF_OR_BULK,10,3,3,0,0,0,0,2,0,P,,False,https://statsapi.mlb.com/api/v1.1/game/823968/feed/live,both,True,True,https://raw.githubusercontent.com/lancebroz/mlb-pitcher-data/main/data/raw/2026/daily/2026-04-10.parquet,QA_VALIDATED
823968,676395,Robert Garcia,25,6,45,50,184,208,Bot,2026-04-10,2026-04-11T02:10:00Z,TEX,LAD,A,Robert Garcia,False,RELIEF_OR_BULK,25,6,3,2,2,3,1,0,0,P,,False,https://statsapi.mlb.com/api/v1.1/game/823968/feed/live,both,True,True,https://raw.githubusercontent.com/lancebroz/mlb-pitcher-data/main/data/raw/2026/daily/2026-04-10.parquet,QA_VALIDATED
823968,677958,Kumar Rocker,83,1,3,41,14,172,Bot,2026-04-10,2026-04-11T02:10:00Z,TEX,LAD,A,Kumar Rocker,True,STARTER,83,21,15,3,3,5,2,5,2,P,,False,https://statsapi.mlb.com/api/v1.1/game/823968/feed/live,both,True,True,https://raw.githubusercontent.com/lancebroz/mlb-pitcher-data/main/data/raw/2026/daily/2026-04-10.parquet,QA_VALIDATED
823968,681168,Luis Curvelo,21,8,62,68,256,276,Bot,2026-04-10,2026-04-11T02:10:00Z,TEX,LAD,A,Luis Curvelo,False,RELIEF_OR_BULK,21,7,3,2,2,4,1,0,1,P,,False,https://statsapi.mlb.com/api/v1.1/game/823968/feed/live,both,True,True,https://raw.githubusercontent.com/lancebroz/mlb-pitcher-data/main/data/raw/2026/daily/2026-04-10.parquet,QA_VALIDATED
823968,681911,Alex Vesia,19,7,51,54,209,227,Top,2026-04-10,2026-04-11T02:10:00Z,LAD,TEX,H,Alex Vesia,False,RELIEF_OR_BULK,19,4,3,0,0,0,1,3,0,P,,False,https://statsapi.mlb.com/api/v1.1/game/823968/feed/live,both,True,True,https://raw.githubusercontent.com/lancebroz/mlb-pitcher-data/main/data/raw/2026/daily/2026-04-10.parquet,QA_VALIDATED
824128,621381,Matt Strahm,7,8,50,52,171,177,Top,2026-04-10,2026-04-10T23:40:00Z,KC,CWS,H,Matt Strahm,False,RELIEF_OR_BULK,7,3,3,0,0,0,0,0,0,P,,False,https://statsapi.mlb.com/api/v1.1/game/824128/feed/live,both,True,True,https://raw.githubusercontent.com/lancebroz/mlb-pitcher-data/main/data/raw/2026/daily/2026-04-10.parquet,QA_VALIDATED
824128,663436,Davis Martin,82,1,4,49,24,170,Bot,2026-04-10,2026-04-10T23:40:00Z,CWS,KC,A,Davis Martin,True,STARTER,82,26,21,2,2,7,0,3,1,P,,False,https://statsapi.mlb.com/api/v1.1/game/824128/feed/live,both,True,True,https://raw.githubusercontent.com/lancebroz/mlb-pitcher-data/main/data/raw/2026/daily/2026-04-10.parquet,QA_VALIDATED
824128,663460,Kris Bubic,88,1,0,44,1,156,Top,2026-04-10,2026-04-10T23:40:00Z,KC,CWS,H,Kris Bubic,True,STARTER,88,24,21,0,0,2,1,11,0,P,,False,https://statsapi.mlb.com/api/v1.1/game/824128/feed/live,both,True,True,https://raw.githubusercontent.com/lancebroz/mlb-pitcher-data/main/data/raw/2026/daily/2026-04-10.parquet,QA_VALIDATED
824128,668674,Lucas Erceg,10,9,56,58,192,201,Top,2026-04-10,2026-04-10T23:40:00Z,KC,CWS,H,Lucas Erceg,False,RELIEF_OR_BULK,10,3,3,0,0,0,0,0,0,P,,False,https://statsapi.mlb.com/api/v1.1/game/824128/feed/live,both,True,True,https://raw.githubusercontent.com/lancebroz/mlb-pitcher-data/main/data/raw/2026/daily/2026-04-10.parquet,QA_VALIDATED
824128,701474,Duncan Davitt,14,8,53,55,178,191,Bot,2026-04-10,2026-04-10T23:40:00Z,CWS,KC,A,Duncan Davitt,False,RELIEF_OR_BULK,14,3,3,0,0,0,1,0,0,P,,False,https://statsapi.mlb.com/api/v1.1/game/824128/feed/live,both,True,True,https://raw.githubusercontent.com/lancebroz/mlb-pitcher-data/main/data/raw/2026/daily/2026-04-10.parquet,QA_VALIDATED
824297,445276,Kenley Jansen,12,9,60,62,233,244,Top,2026-04-10,2026-04-10T22:40:00Z,DET,MIA,H,Kenley Jansen,False,RELIEF_OR_BULK,12,3,3,0,0,0,0,1,0,P,,False,https://statsapi.mlb.com/api/v1.1/game/824297/feed/live,both,True,True,https://raw.githubusercontent.com/lancebroz/mlb-pitcher-data/main/data/raw/2026/daily/2026-04-10.parquet,QA_VALIDATED
824297,640448,Kyle Finnegan,12,8,52,54,196,207,Top,2026-04-10,2026-04-10T22:40:00Z,DET,MIA,H,Kyle Finnegan,False,RELIEF_OR_BULK,12,3,3,0,0,0,1,0,0,P,,False,https://statsapi.mlb.com/api/v1.1/game/824297/feed/live,both,True,True,https://raw.githubusercontent.com/lancebroz/mlb-pitcher-data/main/data/raw/2026/daily/2026-04-10.parquet,QA_VALIDATED
824297,663978,Chris Paddack,96,1,4,45,12,176,Bot,2026-04-10,2026-04-10T22:40:00Z,MIA,DET,A,Chris Paddack,True,STARTER,96,25,18,2,2,7,1,4,1,P,,False,https://statsapi.mlb.com/api/v1.1/game/824297/feed/live,both,True,True,https://raw.githubusercontent.com/lancebroz/mlb-pitcher-data/main/data/raw/2026/daily/2026-04-10.parquet,QA_VALIDATED
824297,669199,Lake Bachar,34,7,49,59,187,232,Bot,2026-04-10,2026-04-10T22:40:00Z,MIA,DET,A,Lake Bachar,False,RELIEF_OR_BULK,34,8,6,0,0,1,0,3,0,P,,False,https://statsapi.mlb.com/api/v1.1/game/824297/feed/live,both,True,True,https://raw.githubusercontent.com/lancebroz/mlb-pitcher-data/main/data/raw/2026/daily/2026-04-10.parquet,QA_VALIDATED
824297,672456,Keider Montero,80,1,0,42,1,165,Top,2026-04-10,2026-04-10T22:40:00Z,DET,MIA,H,Keider Montero,True,STARTER,80,21,18,0,0,2,1,7,0,P,,False,https://statsapi.mlb.com/api/v1.1/game/824297/feed/live,both,True,True,https://raw.githubusercontent.com/lancebroz/mlb-pitcher-data/main/data/raw/2026/daily/2026-04-10.parquet,QA_VALIDATED
824297,676428,Brant Hurter,10,7,46,48,177,186,Top,2026-04-10,2026-04-10T22:40:00Z,DET,MIA,H,Brant Hurter,False,RELIEF_OR_BULK,10,3,3,0,0,0,0,1,0,P,,False,https://statsapi.mlb.com/api/v1.1/game/824297/feed/live,both,True,True,https://raw.githubusercontent.com/lancebroz/mlb-pitcher-data/main/data/raw/2026/daily/2026-04-10.parquet,QA_VALIDATED
824534,594580,Sam Moll,16,8,60,62,212,227,Top,2026-04-10,2026-04-10T22:45:00Z,CIN,LAA,H,Sam Moll,False,RELIEF_OR_BULK,16,3,1,2,2,0,2,0,0,P,,False,https://statsapi.mlb.com/api/v1.1/game/824534/feed/live,both,True,True,https://raw.githubusercontent.com/lancebroz/mlb-pitcher-data/main/data/raw/2026/daily/2026-04-10.parquet,QA_VALIDATED
824534,664731,P.J. Higgins,10,9,74,76,275,284,Top,2026-04-10,2026-04-10T22:45:00Z,CIN,LAA,H,P.J. Higgins,False,RELIEF_OR_BULK,10,3,3,0,0,0,0,1,0,P,,False,https://statsapi.mlb.com/api/v1.1/game/824534/feed/live,both,True,True,https://raw.githubusercontent.com/lancebroz/mlb-pitcher-data/main/data/raw/2026/daily/2026-04-10.parquet,QA_VALIDATED
824534,683175,Connor Phillips,24,6,47,56,170,202,Top,2026-04-10,2026-04-10T22:45:00Z,CIN,LAA,H,Connor Phillips,False,RELIEF_OR_BULK,24,6,5,0,0,1,0,3,0,P,,False,https://statsapi.mlb.com/api/v1.1/game/824534/feed/live,both,True,True,https://raw.githubusercontent.com/lancebroz/mlb-pitcher-data/main/data/raw/2026/daily/2026-04-10.parquet,QA_VALIDATED
824534,686799,Jack Kochanowicz,95,1,3,59,15,211,Bot,2026-04-10,2026-04-10T22:45:00Z,LAA,CIN,A,Jack Kochanowicz,True,STARTER,95,27,21,1,1,2,4,2,0,P,,False,https://statsapi.mlb.com/api/v1.1/game/824534/feed/live,both,True,True,https://raw.githubusercontent.com/lancebroz/mlb-pitcher-data/main/data/raw/2026/daily/2026-04-10.parquet,QA_VALIDATED
824534,693312,Kyle Nicolas,29,8,63,68,228,256,Top,2026-04-10,2026-04-10T22:45:00Z,CIN,LAA,H,Kyle Nicolas,False,RELIEF_OR_BULK,29,6,2,3,3,2,2,1,1,P,,False,https://statsapi.mlb.com/api/v1.1/game/824534/feed/live,both,True,True,https://raw.githubusercontent.com/lancebroz/mlb-pitcher-data/main/data/raw/2026/daily/2026-04-10.parquet,QA_VALIDATED
824534,695505,Chase Burns,92,1,0,46,1,169,Top,2026-04-10,2026-04-10T22:45:00Z,CIN,LAA,H,Chase Burns,True,STARTER,92,27,16,5,5,7,4,2,2,P,,False,https://statsapi.mlb.com/api/v1.1/game/824534/feed/live,both,True,True,https://raw.githubusercontent.com/lancebroz/mlb-pitcher-data/main/data/raw/2026/daily/2026-04-10.parquet,QA_VALIDATED
824534,815083,Mitch Farris,37,8,69,80,257,303,Bot,2026-04-10,2026-04-10T22:45:00Z,LAA,CIN,A,Mitch Farris,False,RELIEF_OR_BULK,37,9,6,1,1,2,1,2,1,P,,False,https://statsapi.mlb.com/api/v1.1/game/824534/feed/live,both,True,True,https://raw.githubusercontent.com/lancebroz/mlb-pitcher-data/main/data/raw/2026/daily/2026-04-10.parquet,QA_VALIDATED
824695,573204,Caleb Thielbar,21,7,45,49,199,219,Top,2026-04-10,2026-04-10T18:20:00Z,CHC,PIT,H,Caleb Thielbar,False,RELIEF_OR_BULK,21,5,2,2,2,3,0,0,1,P,,False,https://statsapi.mlb.com/api/v1.1/game/824695/feed/live,both,True,True,https://raw.githubusercontent.com/lancebroz/mlb-pitcher-data/main/data/raw/2026/daily/2026-04-10.parquet,QA_VALIDATED
824695,642397,Gregory Soto,24,8,58,62,249,272,Bot,2026-04-10,2026-04-10T18:20:00Z,PIT,CHC,A,Gregory Soto,False,RELIEF_OR_BULK,24,5,3,0,0,0,2,0,0,P,,False,https://statsapi.mlb.com/api/v1.1/game/824695/feed/live,both,True,True,https://raw.githubusercontent.com/lancebroz/mlb-pitcher-data/main/data/raw/2026/daily/2026-04-10.parquet,QA_VALIDATED
824695,642701,Dennis Santana,13,9,66,68,286,298,Bot,2026-04-10,2026-04-10T18:20:00Z,PIT,CHC,A,Dennis Santana,False,RELIEF_OR_BULK,13,3,3,0,0,0,0,2,0,P,,False,https://statsapi.mlb.com/api/v1.1/game/824695/feed/live,both,True,True,https://raw.githubusercontent.com/lancebroz/mlb-pitcher-data/main/data/raw/2026/daily/2026-04-10.parquet,QA_VALIDATED
824695,669387,Carmen Mlodzinski,81,1,3,41,12,181,Bot,2026-04-10,2026-04-10T18:20:00Z,PIT,CHC,A,Carmen Mlodzinski,True,STARTER,81,23,16,0,0,6,3,2,0,P,,False,https://statsapi.mlb.com/api/v1.1/game/824695/feed/live,both,True,True,https://raw.githubusercontent.com/lancebroz/mlb-pitcher-data/main/data/raw/2026/daily/2026-04-10.parquet,QA_VALIDATED
824695,676755,Isaac Mattson,12,7,51,54,226,237,Bot,2026-04-10,2026-04-10T18:20:00Z,PIT,CHC,A,Isaac Mattson,False,RELIEF_OR_BULK,12,4,3,0,0,0,1,0,0,P,,False,https://statsapi.mlb.com/api/v1.1/game/824695/feed/live,both,True,True,https://raw.githubusercontent.com/lancebroz/mlb-pitcher-data/main/data/raw/2026/daily/2026-04-10.parquet,QA_VALIDATED
824695,681799,Ethan Roberts,17,7,50,57,220,248,Top,2026-04-10,2026-04-10T18:20:00Z,CHC,PIT,H,Ethan Roberts,False,RELIEF_OR_BULK,17,4,4,0,0,0,0,1,0,P,,False,https://statsapi.mlb.com/api/v1.1/game/824695/feed/live,both,True,True,https://raw.githubusercontent.com/lancebroz/mlb-pitcher-data/main/data/raw/2026/daily/2026-04-10.parquet,QA_VALIDATED
824695,682254,Mason Montgomery,17,6,42,44,182,198,Bot,2026-04-10,2026-04-10T18:20:00Z,PIT,CHC,A,Mason Montgomery,False,RELIEF_OR_BULK,17,3,2,0,0,0,1,2,0,P,,False,https://statsapi.mlb.com/api/v1.1/game/824695/feed/live,both,True,True,https://raw.githubusercontent.com/lancebroz/mlb-pitcher-data/main/data/raw/2026/daily/2026-04-10.parquet,QA_VALIDATED
824695,684007,Shota Imanaga,100,1,0,38,1,170,Top,2026-04-10,2026-04-10T18:20:00Z,CHC,PIT,H,Shota Imanaga,True,STARTER,100,19,18,0,0,0,1,9,0,P,,False,https://statsapi.mlb.com/api/v1.1/game/824695/feed/live,both,True,True,https://raw.githubusercontent.com/lancebroz/mlb-pitcher-data/main/data/raw/2026/daily/2026-04-10.parquet,QA_VALIDATED
824695,702303,Riley Martin,13,9,63,65,273,285,Top,2026-04-10,2026-04-10T18:20:00Z,CHC,PIT,H,Riley Martin,False,RELIEF_OR_BULK,13,3,3,0,0,0,0,1,0,P,,False,https://statsapi.mlb.com/api/v1.1/game/824695/feed/live,both,True,True,https://raw.githubusercontent.com/lancebroz/mlb-pitcher-data/main/data/raw/2026/daily/2026-04-10.parquet,QA_VALIDATED
824858,544150,Albert Suárez,18,8,62,73,238,272,Top,2026-04-10,2026-04-10T23:15:00Z,BAL,SF,H,Albert Suárez,False,RELIEF_OR_BULK,18,7,6,0,0,1,0,1,0,P,,False,https://statsapi.mlb.com/api/v1.1/game/824858/feed/live,both,True,True,https://raw.githubusercontent.com/lancebroz/mlb-pitcher-data/main/data/raw/2026/daily/2026-04-10.parquet,QA_VALIDATED
824858,657424,Matt Gage,2,8,69,69,261,262,Bot,2026-04-10,2026-04-10T23:15:00Z,SF,BAL,A,Matt Gage,False,RELIEF_OR_BULK,2,1,1,0,0,0,0,0,0,P,,False,https://statsapi.mlb.com/api/v1.1/game/824858/feed/live,both,True,True,https://raw.githubusercontent.com/lancebroz/mlb-pitcher-data/main/data/raw/2026/daily/2026-04-10.parquet,QA_VALIDATED
824858,664141,JT Brubaker,15,8,65,68,246,260,Bot,2026-04-10,2026-04-10T23:15:00Z,SF,BAL,A,JT Brubaker,False,RELIEF_OR_BULK,15,4,2,0,0,0,2,1,0,P,,False,https://statsapi.mlb.com/api/v1.1/game/824858/feed/live,both,True,True,https://raw.githubusercontent.com/lancebroz/mlb-pitcher-data/main/data/raw/2026/daily/2026-04-10.parquet,QA_VALIDATED
824858,666974,Yennier Cano,9,6,47,49,183,191,Top,2026-04-10,2026-04-10T23:15:00Z,BAL,SF,H,Yennier Cano,False,RELIEF_OR_BULK,9,3,3,0,0,0,0,1,0,P,,False,https://statsapi.mlb.com/api/v1.1/game/824858/feed/live,both,True,True,https://raw.githubusercontent.com/lancebroz/mlb-pitcher-data/main/data/raw/2026/daily/2026-04-10.parquet,QA_VALIDATED
824858,669358,Shane Baz,99,1,0,42,1,163,Top,2026-04-10,2026-04-10T23:15:00Z,BAL,SF,H,Shane Baz,True,STARTER,99,25,15,3,3,9,2,4,1,P,,False,https://statsapi.mlb.com/api/v1.1/game/824858/feed/live,both,True,True,https://raw.githubusercontent.com/lancebroz/mlb-pitcher-data/main/data/raw/2026/daily/2026-04-10.parquet,QA_VALIDATED
824858,675919,Nick Raquet,25,7,53,58,202,226,Top,2026-04-10,2026-04-10T23:15:00Z,BAL,SF,H,Nick Raquet,False,RELIEF_OR_BULK,25,6,3,3,3,2,1,0,1,P,,False,https://statsapi.mlb.com/api/v1.1/game/824858/feed/live,both,True,True,https://raw.githubusercontent.com/lancebroz/mlb-pitcher-data/main/data/raw/2026/daily/2026-04-10.parquet,QA_VALIDATED
824858,676775,Keaton Winn,11,7,59,61,227,237,Bot,2026-04-10,2026-04-10T23:15:00Z,SF,BAL,A,Keaton Winn,False,RELIEF_OR_BULK,11,3,3,0,0,0,0,0,0,P,,False,https://statsapi.mlb.com/api/v1.1/game/824858/feed/live,both,True,True,https://raw.githubusercontent.com/lancebroz/mlb-pitcher-data/main/data/raw/2026/daily/2026-04-10.parquet,QA_VALIDATED
824858,694738,Landen Roupp,93,1,3,52,13,201,Bot,2026-04-10,2026-04-10T23:15:00Z,SF,BAL,A,Landen Roupp,True,STARTER,93,25,18,1,1,5,2,4,0,P,,False,https://statsapi.mlb.com/api/v1.1/game/824858/feed/live,both,True,True,https://raw.githubusercontent.com/lancebroz/mlb-pitcher-data/main/data/raw/2026/daily/2026-04-10.parquet,QA_VALIDATED
824858,694918,Blade Tidwell,18,9,74,79,273,290,Bot,2026-04-10,2026-04-10T23:15:00Z,SF,BAL,A,Blade Tidwell,False,RELIEF_OR_BULK,18,6,3,2,2,3,0,1,1,P,,False,https://statsapi.mlb.com/api/v1.1/game/824858/feed/live,both,True,True,https://raw.githubusercontent.com/lancebroz/mlb-pitcher-data/main/data/raw/2026/daily/2026-04-10.parquet,QA_VALIDATED
824941,606303,Joel Payamps,3,8,70,70,270,272,Top,2026-04-10,2026-04-10T23:15:00Z,ATL,CLE,H,Joel Payamps,False,RELIEF_OR_BULK,3,1,1,0,0,0,0,0,0,P,,False,https://statsapi.mlb.com/api/v1.1/game/824941/feed/live,both,True,True,https://raw.githubusercontent.com/lancebroz/mlb-pitcher-data/main/data/raw/2026/daily/2026-04-10.parquet,QA_VALIDATED
824941,607481,Aaron Bummer,6,5,36,36,136,141,Top,2026-04-10,2026-04-10T23:15:00Z,ATL,CLE,H,Aaron Bummer,False,RELIEF_OR_BULK,6,1,1,0,0,0,0,0,0,P,,False,https://statsapi.mlb.com/api/v1.1/game/824941/feed/live,both,True,True,https://raw.githubusercontent.com/lancebroz/mlb-pitcher-data/main/data/raw/2026/daily/2026-04-10.parquet,QA_VALIDATED
824941,641755,Tyler Kinley,10,6,40,42,152,161,Top,2026-04-10,2026-04-10T23:15:00Z,ATL,CLE,H,Tyler Kinley,False,RELIEF_OR_BULK,10,3,3,0,0,0,0,0,0,P,,False,https://statsapi.mlb.com/api/v1.1/game/824941/feed/live,both,True,True,https://raw.githubusercontent.com/lancebroz/mlb-pitcher-data/main/data/raw/2026/daily/2026-04-10.parquet,QA_VALIDATED
824941,660761,José Suarez,31,8,63,69,239,269,Top,2026-04-10,2026-04-10T23:15:00Z,ATL,CLE,H,José Suarez,False,RELIEF_OR_BULK,31,7,2,3,3,4,1,1,0,P,,False,https://statsapi.mlb.com/api/v1.1/game/824941/feed/live,both,True,True,https://raw.githubusercontent.com/lancebroz/mlb-pitcher-data/main/data/raw/2026/daily/2026-04-10.parquet,QA_VALIDATED
824941,663465,Kolby Allard,18,8,71,76,273,290,Bot,2026-04-10,2026-04-10T23:15:00Z,CLE,ATL,A,Kolby Allard,False,RELIEF_OR_BULK,18,6,3,2,2,3,0,1,0,P,,False,https://statsapi.mlb.com/api/v1.1/game/824941/feed/live,both,True,True,https://raw.githubusercontent.com/lancebroz/mlb-pitcher-data/main/data/raw/2026/daily/2026-04-10.parquet,QA_VALIDATED
824941,669276,Dylan Lee,7,7,53,55,195,201,Top,2026-04-10,2026-04-10T23:15:00Z,ATL,CLE,H,Dylan Lee,False,RELIEF_OR_BULK,7,3,3,0,0,0,0,1,0,P,,False,https://statsapi.mlb.com/api/v1.1/game/824941/feed/live,both,True,True,https://raw.githubusercontent.com/lancebroz/mlb-pitcher-data/main/data/raw/2026/daily/2026-04-10.parquet,QA_VALIDATED
824941,670036,Matt Festa,17,6,48,52,178,194,Bot,2026-04-10,2026-04-10T23:15:00Z,CLE,ATL,A,Matt Festa,False,RELIEF_OR_BULK,17,5,2,2,2,3,0,0,1,P,,False,https://statsapi.mlb.com/api/v1.1/game/824941/feed/live,both,True,True,https://raw.githubusercontent.com/lancebroz/mlb-pitcher-data/main/data/raw/2026/daily/2026-04-10.parquet,QA_VALIDATED
824941,674370,Osvaldo Bido,14,9,77,79,291,304,Top,2026-04-10,2026-04-10T23:15:00Z,ATL,CLE,H,Osvaldo Bido,False,RELIEF_OR_BULK,14,3,3,0,0,0,1,0,0,P,,False,https://statsapi.mlb.com/api/v1.1/game/824941/feed/live,both,True,True,https://raw.githubusercontent.com/lancebroz/mlb-pitcher-data/main/data/raw/2026/daily/2026-04-10.parquet,QA_VALIDATED
824941,677944,Slade Cecconi,85,1,4,47,19,177,Bot,2026-04-10,2026-04-10T23:15:00Z,CLE,ATL,A,Slade Cecconi,True,STARTER,85,23,16,5,4,7,1,3,2,P,,False,https://statsapi.mlb.com/api/v1.1/game/824941/feed/live,both,True,True,https://raw.githubusercontent.com/lancebroz/mlb-pitcher-data/main/data/raw/2026/daily/2026-04-10.parquet,QA_VALIDATED
824941,688883,Peyton Pallette,37,7,56,62,202,238,Bot,2026-04-10,2026-04-10T23:15:00Z,CLE,ATL,A,Peyton Pallette,False,RELIEF_OR_BULK,37,7,3,2,2,2,2,1,0,P,,False,https://statsapi.mlb.com/api/v1.1/game/824941/feed/live,both,True,True,https://raw.githubusercontent.com/lancebroz/mlb-pitcher-data/main/data/raw/2026/daily/2026-04-10.parquet,QA_VALIDATED
824941,693821,Bryce Elder,76,1,0,35,1,135,Top,2026-04-10,2026-04-10T23:15:00Z,ATL,CLE,H,Bryce Elder,True,STARTER,76,21,14,2,2,4,3,3,1,P,,False,https://statsapi.mlb.com/api/v1.1/game/824941/feed/live,both,True,True,https://raw.githubusercontent.com/lancebroz/mlb-pitcher-data/main/data/raw/2026/daily/2026-04-10.parquet,QA_VALIDATED
