PERIOD,DATE,GAME_PK,RUNNER_ID,RESPONSIBLE_PITCHER_ID,STARTER_ID,CLASS,INNING
2024,2024-03-28,746165,502671,607192,607192,STARTER,4
2024,2024-03-29,746167,691026,675627,676272,BULLPEN,8
2024,2024-03-29,746167,680977,675627,676272,BULLPEN,8
2024,2024-03-29,746167,502671,675627,676272,BULLPEN,8
2024,2024-03-30,746168,669357,523260,808967,BULLPEN,7
2024,2024-03-30,746168,571448,523260,808967,BULLPEN,7
2024,2024-03-30,746168,572761,523260,808967,BULLPEN,7
2024,2024-03-30,746168,672279,523260,808967,BULLPEN,7
2024,2024-03-30,746168,543063,523260,808967,BULLPEN,7
2024,2024-03-30,746168,687363,669165,808967,BULLPEN,10
2024,2024-03-31,746166,687363,694813,694813,STARTER,3
2024,2024-03-31,746166,687363,694813,694813,STARTER,5
2024,2024-03-31,746166,575929,694813,694813,STARTER,6
2024,2024-03-31,746166,691023,681911,694813,BULLPEN,6
2024,2024-04-01,745437,680977,663362,663362,STARTER,1
2024,2024-04-01,745437,575929,663362,663362,STARTER,1
2024,2024-04-01,745437,571448,663362,663362,STARTER,1
2024,2024-04-01,745437,680977,663362,663362,STARTER,2
2024,2024-04-01,745437,680977,666745,663362,BULLPEN,6
2024,2024-04-01,745437,691026,666745,663362,BULLPEN,6
2024,2024-04-02,745439,687363,506433,506433,STARTER,3
2024,2024-04-02,745439,575929,506433,506433,STARTER,6
2024,2024-04-02,745439,680977,506433,506433,STARTER,6
2024,2024-04-02,745439,680977,673513,506433,BULLPEN,8
2024,2024-04-02,745439,502671,673513,506433,BULLPEN,8
2024,2024-04-03,745440,575929,605397,605397,STARTER,4
2024,2024-04-03,745440,687363,593974,605397,BULLPEN,8
2024,2024-04-04,745200,671056,677960,677960,STARTER,2
2024,2024-04-04,745200,672279,677960,677960,STARTER,5
2024,2024-04-04,745200,687363,677960,677960,STARTER,5
2024,2024-04-04,745200,502671,664350,677960,BULLPEN,7
2024,2024-04-04,745200,671056,664350,677960,BULLPEN,7
2024,2024-04-04,745200,571448,664350,677960,BULLPEN,7
2024,2024-04-04,745200,669357,677053,677960,BULLPEN,7
2024,2024-04-04,745200,676475,677053,677960,BULLPEN,7
2024,2024-04-06,745197,671056,669432,669432,STARTER,4
2024,2024-04-06,745197,691023,669432,669432,STARTER,4
2024,2024-04-06,745197,680977,669432,669432,STARTER,5
2024,2024-04-07,745198,669357,676974,676974,STARTER,5
2024,2024-04-07,745198,669357,542882,676974,BULLPEN,9
2024,2024-04-07,745198,672279,542882,676974,BULLPEN,9
2024,2024-04-08,745194,671056,622554,605513,BULLPEN,7
2024,2024-04-08,745194,671056,656546,605513,BULLPEN,9
2024,2024-04-08,745194,672279,656546,605513,BULLPEN,9
2024,2024-04-09,745195,669357,554430,554430,STARTER,4
2024,2024-04-09,745195,676475,554430,554430,STARTER,5
2024,2024-04-09,745195,691026,554430,554430,STARTER,5
2024,2024-04-10,745196,671056,605400,605400,STARTER,2
2024,2024-04-10,745196,680977,605400,605400,STARTER,3
2024,2024-04-10,745196,575929,642397,605400,BULLPEN,8
2024,2024-04-12,747217,571448,694297,694297,STARTER,1
2024,2024-04-12,747217,680977,694297,694297,STARTER,1
2024,2024-04-12,747217,502671,694297,694297,STARTER,1
2024,2024-04-12,747217,691026,694297,694297,STARTER,2
2024,2024-04-12,747217,663457,694297,694297,STARTER,3
2024,2024-04-12,747217,575929,694297,694297,STARTER,3
2024,2024-04-12,747217,680977,573009,694297,BULLPEN,7
2024,2024-04-12,747217,672279,543518,694297,BULLPEN,8
2024,2024-04-12,747217,691026,543518,694297,BULLPEN,8
2024,2024-04-13,747215,691023,669194,669194,STARTER,5
2024,2024-04-13,747215,571448,657044,669194,BULLPEN,8
2024,2024-04-15,745677,502671,548389,548389,STARTER,1
2024,2024-04-15,745677,663457,548389,548389,STARTER,6
2024,2024-04-15,745677,575929,548389,548389,STARTER,6
2024,2024-04-16,745674,691026,676664,676664,STARTER,3
2024,2024-04-16,745674,571448,666204,676664,BULLPEN,6
2024,2024-04-16,745674,671056,666204,676664,BULLPEN,6
2024,2024-04-17,745671,663457,621112,621112,STARTER,4
2024,2024-04-17,745671,575929,621112,621112,STARTER,4
2024,2024-04-17,745671,571448,621112,621112,STARTER,4
2024,2024-04-19,745189,691026,656730,642547,BULLPEN,9
2024,2024-04-20,745190,575929,669084,669084,STARTER,1
2024,2024-04-20,745190,663457,669084,669084,STARTER,2
2024,2024-04-20,745190,691023,669084,669084,STARTER,2
2024,2024-04-20,745190,672279,669084,669084,STARTER,2
2024,2024-04-20,745190,672279,600986,669084,BULLPEN,9
2024,2024-04-22,745191,672279,694297,694297,STARTER,6
2024,2024-04-22,745191,691026,694297,694297,STARTER,6
2024,2024-04-22,745191,502671,543518,694297,BULLPEN,7
2024,2024-04-22,745191,669357,669459,694297,BULLPEN,9
2024,2024-04-22,745191,502671,657044,694297,BULLPEN,9
2024,2024-04-23,745193,575929,674072,674072,STARTER,1
2024,2024-04-24,745188,680977,656756,656756,STARTER,6
2024,2024-04-24,745188,575929,656756,656756,STARTER,6
2024,2024-04-24,745188,691026,656756,656756,STARTER,7
2024,2024-04-24,745188,571448,686826,656756,BULLPEN,8
2024,2024-04-24,745188,502671,686826,656756,BULLPEN,8
2024,2024-04-26,745835,676475,676130,676130,STARTER,2
2024,2024-04-26,745835,571448,676130,676130,STARTER,2
2024,2024-04-26,745835,502671,676130,676130,STARTER,2
2024,2024-04-26,745835,575929,676130,676130,STARTER,3
2024,2024-04-27,745833,680977,605288,605288,STARTER,1
2024,2024-04-27,745833,571448,605288,605288,STARTER,1
2024,2024-04-27,745833,575929,605288,605288,STARTER,1
2024,2024-04-27,745833,502671,605288,605288,STARTER,1
2024,2024-04-27,745833,571448,605288,605288,STARTER,3
2024,2024-04-27,745833,502671,605288,605288,STARTER,5
2024,2024-04-27,745833,669357,518617,605288,BULLPEN,8
2024,2024-04-28,745834,691026,500779,500779,STARTER,5
2024,2024-04-28,745834,672279,657585,500779,BULLPEN,11
2024,2024-04-30,746477,571448,571946,656427,BULLPEN,9
2024,2024-04-30,746477,502671,571946,656427,BULLPEN,9
2024,2024-04-30,746481,680977,666159,666159,STARTER,5
2024,2024-04-30,746481,672279,666159,666159,STARTER,5
2024,2024-04-30,746481,676475,663947,666159,BULLPEN,5
2024,2024-04-30,746481,571448,666159,666159,STARTER,5
2024,2024-04-30,746481,502671,666159,666159,STARTER,5
2024,2024-04-30,746481,663457,656412,666159,BULLPEN,7
2024,2024-05-01,746478,575929,628317,628317,STARTER,4
2024,2024-05-03,745187,502671,641745,641745,STARTER,1
2024,2024-05-03,745187,575929,641745,641745,STARTER,1
2024,2024-05-03,745187,575929,641745,641745,STARTER,5
2024,2024-05-04,745183,669357,607200,607200,STARTER,5
2024,2024-05-04,745183,672279,607200,607200,STARTER,5
2024,2024-05-04,745183,571448,607200,607200,STARTER,5
2024,2024-05-04,745183,680977,607200,607200,STARTER,5
2024,2024-05-04,745183,575929,607200,607200,STARTER,5
2024,2024-05-05,745185,575929,676979,676979,STARTER,4
2024,2024-05-06,745182,665877,640455,640455,STARTER,6
2024,2024-05-06,745182,502671,640455,640455,STARTER,6
2024,2024-05-06,745182,575929,640455,640455,STARTER,6
2024,2024-05-07,745186,680977,676130,676130,STARTER,1
2024,2024-05-07,745186,663457,676130,676130,STARTER,1
2024,2024-05-07,745186,575929,676130,676130,STARTER,1
2024,2024-05-07,745186,676475,642121,676130,BULLPEN,6
2024,2024-05-07,745186,663457,493603,676130,BULLPEN,9
2024,2024-05-09,745995,663457,668964,668964,STARTER,3
2024,2024-05-10,745993,671056,643361,688107,BULLPEN,7
2024,2024-05-10,745993,669357,643361,688107,BULLPEN,9
2024,2024-05-11,745994,669357,642547,642547,STARTER,5
2024,2024-05-11,745994,572761,642547,642547,STARTER,5
2024,2024-05-11,745994,671056,642547,642547,STARTER,6
2024,2024-05-12,745990,680977,669060,669060,STARTER,2
2024,2024-05-12,745990,502671,669060,669060,STARTER,5
2024,2024-05-12,745990,672279,657649,669060,BULLPEN,6
2024,2024-05-12,745990,680977,665625,669060,BULLPEN,7
2024,2024-05-13,746233,571448,643256,667755,BULLPEN,7
2024,2024-05-13,746233,669357,643256,667755,BULLPEN,7
2024,2024-05-13,746233,680977,519043,667755,BULLPEN,7
2024,2024-05-13,746233,671056,643256,667755,BULLPEN,7
2024,2024-05-13,746233,691026,519043,667755,BULLPEN,7
2024,2024-05-13,746233,572761,519043,667755,BULLPEN,7
2024,2024-05-13,746233,502671,472610,667755,BULLPEN,7
2024,2024-05-13,746233,663457,519043,667755,BULLPEN,7
2024,2024-05-13,746233,571448,660761,667755,BULLPEN,9
2024,2024-05-13,746233,669357,660761,667755,BULLPEN,9
2024,2024-05-14,746235,666185,672282,672282,STARTER,2
2024,2024-05-14,746235,669357,672282,672282,STARTER,2
2024,2024-05-14,746235,666185,672282,672282,STARTER,3
2024,2024-05-14,746235,502671,672282,672282,STARTER,3
2024,2024-05-14,746235,676475,672282,672282,STARTER,3
2024,2024-05-14,746235,676475,607237,672282,BULLPEN,7
2024,2024-05-14,746235,571448,519326,672282,BULLPEN,7
2024,2024-05-15,746231,502671,656288,656288,STARTER,6
2024,2024-05-15,746231,676475,472610,656288,BULLPEN,8
2024,2024-05-17,745178,663457,678394,678394,STARTER,1
2024,2024-05-17,745178,680977,678394,678394,STARTER,1
2024,2024-05-17,745178,669357,678394,678394,STARTER,2
2024,2024-05-17,745178,676475,678394,678394,STARTER,4
2024,2024-05-17,745178,680977,678394,678394,STARTER,5
2024,2024-05-17,745178,691026,592155,678394,BULLPEN,6
2024,2024-05-17,745178,671056,592155,678394,BULLPEN,6
2024,2024-05-17,745178,663457,502624,678394,BULLPEN,7
2024,2024-05-17,745178,502671,502624,678394,BULLPEN,7
2024,2024-05-17,745178,663457,502624,678394,BULLPEN,8
2024,2024-05-18,745177,669357,676710,676710,STARTER,2
2024,2024-05-18,745177,691026,657514,676710,BULLPEN,7
2024,2024-05-18,745177,571448,686580,676710,BULLPEN,8
2024,2024-05-18,745177,676475,686580,676710,BULLPEN,8
2024,2024-05-18,745177,671056,686580,676710,BULLPEN,8
2024,2024-05-18,745177,680977,686580,676710,BULLPEN,8
2024,2024-05-18,745177,669357,686580,676710,BULLPEN,8
2024,2024-05-19,745179,663457,601713,601713,STARTER,4
2024,2024-05-19,745179,502671,669711,601713,BULLPEN,7
2024,2024-05-19,745179,571448,669711,601713,BULLPEN,7
2024,2024-05-20,745181,669357,665152,665152,STARTER,2
2024,2024-05-20,745181,676475,665152,665152,STARTER,4
2024,2024-05-20,745181,672279,665152,665152,STARTER,4
2024,2024-05-20,745181,671056,665152,665152,STARTER,4
2024,2024-05-20,745181,691026,665152,665152,STARTER,4
2024,2024-05-20,745181,502671,672335,665152,BULLPEN,7
2024,2024-05-21,745180,676475,680694,680694,STARTER,2
2024,2024-05-21,745180,669357,669211,680694,BULLPEN,6
2024,2024-05-21,745180,671056,657097,680694,BULLPEN,6
2024,2024-05-22,745173,691026,608344,607644,BULLPEN,5
2024,2024-05-22,745173,680977,608344,607644,BULLPEN,6
2024,2024-05-22,745173,571448,608344,607644,BULLPEN,6
2024,2024-05-22,745173,666185,608344,607644,BULLPEN,6
2024,2024-05-22,745173,691026,608344,607644,BULLPEN,7
2024,2024-05-25,745176,680977,592791,592791,STARTER,3
2024,2024-05-25,745176,663457,592791,592791,STARTER,3
2024,2024-05-25,745176,669357,592791,592791,STARTER,6
2024,2024-05-25,745176,676475,643410,592791,BULLPEN,8
2024,2024-05-25,745176,666185,643410,592791,BULLPEN,8
2024,2024-05-25,745176,669357,643410,592791,BULLPEN,8
2024,2024-05-25,745176,680977,643410,592791,BULLPEN,8
2024,2024-05-26,745172,502671,665871,665871,STARTER,3
2024,2024-05-26,745172,676475,665871,665871,STARTER,3
2024,2024-05-26,745172,502671,665871,665871,STARTER,5
2024,2024-05-26,745172,680977,665871,665871,STARTER,5
2024,2024-05-27,746708,502671,666157,666157,STARTER,1
2024,2024-05-28,746709,680977,671096,671096,STARTER,3
2024,2024-05-28,746709,571448,671096,671096,STARTER,4
2024,2024-05-28,746709,671056,671096,671096,STARTER,4
2024,2024-05-28,746709,669357,671096,671096,STARTER,7
2024,2024-05-28,746709,666185,671096,671096,STARTER,7
2024,2024-05-28,746709,672279,671096,671096,STARTER,7
2024,2024-05-28,746709,502671,608718,671096,BULLPEN,9
2024,2024-05-29,746706,572761,593423,593423,STARTER,3
2024,2024-05-29,746706,502671,593423,593423,STARTER,4
2024,2024-05-29,746706,669357,593423,593423,STARTER,4
2024,2024-05-29,746706,669357,608718,593423,BULLPEN,8
2024,2024-05-29,746706,672279,571656,593423,BULLPEN,9
2024,2024-05-31,745574,543063,605400,605400,STARTER,3
2024,2024-05-31,745574,571448,605400,605400,STARTER,7
2024,2024-06-01,745575,669357,614179,624133,BULLPEN,3
2024,2024-06-02,745572,669357,592836,592836,STARTER,1
2024,2024-06-02,745572,691026,592836,592836,STARTER,1
2024,2024-06-02,745572,676475,592836,592836,STARTER,3
2024,2024-06-02,745572,691026,592836,592836,STARTER,3
2024,2024-06-02,745572,691026,642397,592836,BULLPEN,10
2024,2024-06-03,746382,676475,434378,434378,STARTER,1
2024,2024-06-03,746382,669357,434378,434378,STARTER,1
2024,2024-06-03,746382,502671,434378,434378,STARTER,3
2024,2024-06-03,746382,669357,434378,434378,STARTER,5
2024,2024-06-04,746380,676475,681293,681293,STARTER,1
2024,2024-06-04,746380,671056,605463,681293,BULLPEN,4
2024,2024-06-04,746380,691026,656786,681293,BULLPEN,6
2024,2024-06-04,746380,671056,656786,681293,BULLPEN,6
2024,2024-06-04,746380,669357,661527,681293,BULLPEN,7
2024,2024-06-05,746379,543063,669854,669854,STARTER,3
2024,2024-06-05,746379,686780,669854,669854,STARTER,5
2024,2024-06-05,746379,680977,669854,669854,STARTER,5
2024,2024-06-05,746379,571448,669854,669854,STARTER,6
2024,2024-06-06,745174,669357,571539,615698,BULLPEN,6
2024,2024-06-06,745174,671056,571539,615698,BULLPEN,6
2024,2024-06-07,745169,691026,596295,596295,STARTER,1
2024,2024-06-07,745169,676475,596295,596295,STARTER,1
2024,2024-06-07,745169,502671,596295,596295,STARTER,1
2024,2024-06-07,745169,691026,596295,596295,STARTER,2
2024,2024-06-07,745169,671056,683627,596295,BULLPEN,6
2024,2024-06-07,745169,672279,571539,596295,BULLPEN,8
2024,2024-06-07,745169,671056,571539,596295,BULLPEN,8
2024,2024-06-07,745169,680977,571539,596295,BULLPEN,8
2024,2024-06-08,745166,666185,663372,663372,STARTER,6
2024,2024-06-08,745166,676475,663372,663372,STARTER,6
2024,2024-06-08,745166,572761,663372,663372,STARTER,6
2024,2024-06-08,745166,502671,663372,663372,STARTER,6
2024,2024-06-08,745166,572761,680767,663372,BULLPEN,7
2024,2024-06-09,745167,666185,621389,621389,STARTER,2
2024,2024-06-09,745167,676475,621389,621389,STARTER,3
2024,2024-06-09,745167,686780,621389,621389,STARTER,4
2024,2024-06-09,745167,680977,621389,621389,STARTER,4
2024,2024-06-09,745167,686780,664129,621389,BULLPEN,6
2024,2024-06-11,745170,669357,670280,694973,BULLPEN,9
2024,2024-06-12,745171,502671,663559,663559,STARTER,3
2024,2024-06-12,745171,671056,663559,663559,STARTER,4
2024,2024-06-12,745171,680977,663559,663559,STARTER,4
2024,2024-06-12,745171,571448,669387,663559,BULLPEN,5
2024,2024-06-13,745168,502671,656605,656605,STARTER,3
2024,2024-06-13,745168,691026,656605,656605,STARTER,3
2024,2024-06-13,745168,665877,656605,656605,STARTER,4
2024,2024-06-13,745168,680977,656605,656605,STARTER,6
2024,2024-06-14,746869,686780,669713,696136,BULLPEN,8
2024,2024-06-14,746869,571448,605155,696136,BULLPEN,9
2024,2024-06-14,746869,671056,605155,696136,BULLPEN,9
2024,2024-06-15,746865,676475,684007,684007,STARTER,4
2024,2024-06-16,746866,686780,592791,592791,STARTER,2
2024,2024-06-16,746866,543063,592791,592791,STARTER,2
2024,2024-06-17,746055,672279,666129,666129,STARTER,5
2024,2024-06-17,746055,502671,676534,666129,BULLPEN,8
2024,2024-06-17,746055,691026,676534,666129,BULLPEN,8
2024,2024-06-17,746055,671056,676534,666129,BULLPEN,8
2024,2024-06-17,746055,676475,677053,666129,BULLPEN,11
2024,2024-06-17,746055,691026,640462,666129,BULLPEN,12
2024,2024-06-17,746055,686780,640462,666129,BULLPEN,12
2024,2024-06-18,746049,502671,682610,682610,STARTER,1
2024,2024-06-18,746049,676475,682610,682610,STARTER,1
2024,2024-06-18,746049,680977,682610,682610,STARTER,2
2024,2024-06-18,746049,672279,682610,682610,STARTER,2
2024,2024-06-18,746049,671056,682610,682610,STARTER,3
2024,2024-06-18,746049,572761,682610,682610,STARTER,3
2024,2024-06-18,746049,676475,682610,682610,STARTER,4
2024,2024-06-18,746049,665877,676534,682610,BULLPEN,10
2024,2024-06-19,746050,669357,630023,630023,STARTER,2
2024,2024-06-19,746050,571448,630023,630023,STARTER,2
2024,2024-06-19,746050,691026,640462,630023,BULLPEN,7
2024,2024-06-20,745164,691026,676775,676775,STARTER,1
2024,2024-06-20,745164,680977,676775,676775,STARTER,1
2024,2024-06-20,745164,676475,676775,676775,STARTER,1
2024,2024-06-20,745164,691026,676775,676775,STARTER,3
2024,2024-06-20,745164,676475,676775,676775,STARTER,3
2024,2024-06-20,745164,676475,678495,676775,BULLPEN,5
2024,2024-06-22,745163,502671,663855,663855,STARTER,1
2024,2024-06-22,745163,676475,663855,663855,STARTER,1
2024,2024-06-22,745163,676475,663855,663855,STARTER,4
2024,2024-06-22,745163,666185,663855,663855,STARTER,4
2024,2024-06-22,745163,691026,663855,663855,STARTER,4
2024,2024-06-22,745163,676475,663546,663855,BULLPEN,6
2024,2024-06-22,745163,691026,663546,663855,BULLPEN,6
2024,2024-06-22,745163,680977,592426,663855,BULLPEN,7
2024,2024-06-22,745163,686780,592426,663855,BULLPEN,7
2024,2024-06-23,745165,691026,657277,657277,STARTER,1
2024,2024-06-23,745165,676475,657277,657277,STARTER,1
2024,2024-06-23,745165,680977,657277,657277,STARTER,1
2024,2024-06-23,745165,686780,657277,657277,STARTER,2
2024,2024-06-23,745165,666185,573124,657277,BULLPEN,8
2024,2024-06-24,745160,672279,680885,680885,STARTER,3
2024,2024-06-24,745160,676475,680885,680885,STARTER,3
2024,2024-06-24,745160,575929,680885,680885,STARTER,3
2024,2024-06-24,745160,669357,680885,680885,STARTER,3
2024,2024-06-26,745157,502671,625643,625643,STARTER,2
2024,2024-06-26,745157,572761,625643,625643,STARTER,5
2024,2024-06-26,745158,691026,693821,693821,STARTER,3
2024,2024-06-26,745158,672279,693821,693821,STARTER,3
2024,2024-06-26,745158,666185,656550,693821,BULLPEN,8
2024,2024-06-26,745158,502671,656550,693821,BULLPEN,8
2024,2024-06-27,745162,571448,671096,671096,STARTER,3
2024,2024-06-27,745162,575929,671096,671096,STARTER,3
2024,2024-06-27,745162,672279,608718,671096,BULLPEN,8
2024,2024-06-27,745162,680977,608718,671096,BULLPEN,8
2024,2024-06-28,745161,672279,593423,593423,STARTER,3
2024,2024-06-29,745159,572761,686730,686730,STARTER,3
2024,2024-06-29,745159,502671,686730,686730,STARTER,6
2024,2024-06-29,745159,571448,458677,686730,BULLPEN,7
2024,2024-06-29,745159,575929,608371,686730,BULLPEN,8
2024,2024-06-30,745154,686780,668881,668881,STARTER,5
2024,2024-06-30,745154,571448,594580,668881,BULLPEN,6
2024,2024-07-02,745482,676475,656605,656605,STARTER,3
2024,2024-07-02,745482,691026,656605,656605,STARTER,3
2024,2024-07-02,745482,669357,656605,656605,STARTER,4
2024,2024-07-02,745482,680977,656605,656605,STARTER,4
2024,2024-07-02,745482,571448,656605,656605,STARTER,4
2024,2024-07-02,745482,572761,656605,656605,STARTER,4
2024,2024-07-02,745482,502671,682847,656605,BULLPEN,7
2024,2024-07-03,745487,543063,683003,683003,STARTER,5
2024,2024-07-03,745487,575929,670059,683003,BULLPEN,8
2024,2024-07-03,745487,676475,670059,683003,BULLPEN,8
2024,2024-07-03,745487,666185,547973,683003,BULLPEN,10
2024,2024-07-04,745484,680977,527048,527048,STARTER,2
2024,2024-07-04,745484,672279,642701,527048,BULLPEN,10
2024,2024-07-04,745484,686780,642701,527048,BULLPEN,10
2024,2024-07-05,744836,502671,571578,571578,STARTER,4
2024,2024-07-05,744836,571448,571578,571578,STARTER,4
2024,2024-07-05,744836,691026,571578,571578,STARTER,5
2024,2024-07-05,744836,571448,640451,571578,BULLPEN,8
2024,2024-07-05,744836,575929,640448,571578,BULLPEN,9
2024,2024-07-05,744836,680977,571670,571578,BULLPEN,10
2024,2024-07-05,744836,691026,571670,571578,BULLPEN,11
2024,2024-07-06,744835,669357,669022,669022,STARTER,3
2024,2024-07-06,744835,672279,669022,669022,STARTER,3
2024,2024-07-06,744835,691026,669022,669022,STARTER,3
2024,2024-07-06,744835,502671,669022,669022,STARTER,3
2024,2024-07-06,744835,691026,669022,669022,STARTER,4
2024,2024-07-06,744835,680977,607179,669022,BULLPEN,7
2024,2024-07-07,744832,680977,687792,687792,STARTER,2
2024,2024-07-07,744832,669357,687792,687792,STARTER,2
2024,2024-07-07,744832,502671,687792,687792,STARTER,4
2024,2024-07-07,744832,691026,687792,687792,STARTER,5
2024,2024-07-07,744832,676475,687792,687792,STARTER,5
2024,2024-07-07,744832,575929,571670,687792,BULLPEN,5
2024,2024-07-07,744832,575929,571882,687792,BULLPEN,7
2024,2024-07-07,744832,672279,571882,687792,BULLPEN,7
2024,2024-07-08,744833,669357,680730,680730,STARTER,3
2024,2024-07-08,744833,502671,680730,680730,STARTER,4
2024,2024-07-08,744833,676475,606930,680730,BULLPEN,8
2024,2024-07-08,744833,502671,606930,680730,BULLPEN,8
2024,2024-07-08,744833,672279,672851,680730,BULLPEN,9
2024,2024-07-08,744833,669357,672851,680730,BULLPEN,9
2024,2024-07-10,745155,571448,679525,679525,STARTER,2
2024,2024-07-10,745155,676475,679525,679525,STARTER,3
2024,2024-07-10,745155,686780,679525,679525,STARTER,3
2024,2024-07-10,745155,502671,663704,679525,BULLPEN,9
2024,2024-07-10,745156,663457,608379,608379,STARTER,2
2024,2024-07-10,745156,663457,608379,608379,STARTER,4
2024,2024-07-10,745156,575929,608379,608379,STARTER,5
2024,2024-07-10,745156,676475,608379,608379,STARTER,5
2024,2024-07-10,745156,666185,672582,608379,BULLPEN,7
2024,2024-07-12,745153,691026,685801,543294,BULLPEN,9
2024,2024-07-13,745152,691026,669713,669713,STARTER,1
2024,2024-07-13,745152,676475,669713,669713,STARTER,1
2024,2024-07-13,745152,575929,669713,669713,STARTER,1
2024,2024-07-13,745152,663457,669713,669713,STARTER,1
2024,2024-07-13,745152,680977,669713,669713,STARTER,1
2024,2024-07-13,745152,571448,669713,669713,STARTER,1
2024,2024-07-13,745152,676475,669713,669713,STARTER,1
2024,2024-07-13,745152,672279,669713,669713,STARTER,1
2024,2024-07-13,745152,691026,669713,669713,STARTER,1
2024,2024-07-13,745152,571448,669713,669713,STARTER,2
2024,2024-07-13,745152,571448,669713,669713,STARTER,4
2024,2024-07-13,745175,691026,665871,665871,STARTER,1
2024,2024-07-13,745175,575929,665871,665871,STARTER,1
2024,2024-07-13,745175,669357,665871,665871,STARTER,2
2024,2024-07-13,745175,502671,687863,665871,BULLPEN,8
2024,2024-07-13,745175,575929,687863,665871,BULLPEN,8
2024,2024-07-14,745151,571448,592791,592791,STARTER,2
2024,2024-07-14,745151,680977,592791,592791,STARTER,2
2024,2024-07-14,745151,676475,592791,592791,STARTER,6
2024,2024-07-20,747093,691026,450203,450203,STARTER,6
2024,2024-07-20,747093,571448,669276,450203,BULLPEN,7
2024,2024-07-20,747096,691026,693821,693821,STARTER,1
2024,2024-07-20,747096,669357,693821,693821,STARTER,2
2024,2024-07-20,747096,571448,693821,693821,STARTER,2
2024,2024-07-20,747096,672279,693821,693821,STARTER,2
2024,2024-07-20,747096,691026,693821,693821,STARTER,2
2024,2024-07-20,747096,680977,693821,693821,STARTER,5
2024,2024-07-20,747096,672279,656550,693821,BULLPEN,9
2024,2024-07-20,747096,575929,656550,693821,BULLPEN,9
2024,2024-07-20,747096,676475,656550,693821,BULLPEN,9
2024,2024-07-21,747094,502671,680885,680885,STARTER,2
2024,2024-07-21,747094,676475,680885,680885,STARTER,3
2024,2024-07-21,747094,663457,680885,680885,STARTER,4
2024,2024-07-21,747094,672279,680885,680885,STARTER,5
2024,2024-07-21,747094,575929,445926,680885,BULLPEN,8
2024,2024-07-21,747094,669357,445926,680885,BULLPEN,9
2024,2024-07-22,745473,669357,656605,656605,STARTER,5
2024,2024-07-23,745475,571448,694973,694973,STARTER,5
2024,2024-07-23,745475,672279,694973,694973,STARTER,9
2024,2024-07-26,745146,691026,669022,669022,STARTER,3
2024,2024-07-26,745146,672279,669022,669022,STARTER,3
2024,2024-07-26,745146,571448,669022,669022,STARTER,3
2024,2024-07-26,745146,575929,669022,669022,STARTER,3
2024,2024-07-26,745146,676475,669022,669022,STARTER,3
2024,2024-07-26,745146,686780,669022,669022,STARTER,4
2024,2024-07-26,745146,502671,640448,669022,BULLPEN,10
2024,2024-07-26,745146,575929,640448,669022,BULLPEN,10
2024,2024-07-27,745150,575929,663623,663623,STARTER,6
2024,2024-07-27,745150,676475,663623,663623,STARTER,6
2024,2024-07-27,745150,691026,674285,663623,BULLPEN,8
2024,2024-07-28,745145,575929,687792,687792,STARTER,1
2024,2024-07-28,745145,663457,687792,687792,STARTER,2
2024,2024-07-28,745145,663457,676395,687792,BULLPEN,7
2024,2024-07-28,745145,502671,571670,687792,BULLPEN,9
2024,2024-07-29,745147,572761,543135,543135,STARTER,3
2024,2024-07-29,745147,502671,543135,543135,STARTER,3
2024,2024-07-29,745147,571448,543135,543135,STARTER,7
2024,2024-07-30,745149,691026,453286,453286,STARTER,1
2024,2024-07-30,745149,572761,453286,453286,STARTER,2
2024,2024-07-30,745149,676475,453286,453286,STARTER,3
2024,2024-07-30,745149,672279,674003,453286,BULLPEN,5
2024,2024-07-30,745149,502054,674003,453286,BULLPEN,5
2024,2024-07-30,745149,676475,674003,453286,BULLPEN,5
2024,2024-07-30,745149,575929,674003,453286,BULLPEN,5
2024,2024-07-30,745149,502671,674003,453286,BULLPEN,5
2024,2024-07-31,745148,502671,571760,571760,STARTER,2
2024,2024-07-31,745148,502054,571760,571760,STARTER,2
2024,2024-07-31,745148,680977,571760,571760,STARTER,2
2024,2024-07-31,745148,575929,571760,571760,STARTER,5
2024,2024-07-31,745148,672279,571760,571760,STARTER,5
2024,2024-07-31,745148,571448,600917,571760,BULLPEN,5
2024,2024-07-31,745148,676475,571760,571760,STARTER,5
2024,2024-07-31,745148,502054,600917,571760,BULLPEN,5
2024,2024-07-31,745148,571448,641540,571760,BULLPEN,7
2024,2024-07-31,745148,572761,641540,571760,BULLPEN,7
2024,2024-08-01,746849,502671,684007,684007,STARTER,1
2024,2024-08-01,746849,691026,684007,684007,STARTER,7
2024,2024-08-01,746849,672279,684007,684007,STARTER,7
2024,2024-08-01,746849,502671,684007,684007,STARTER,7
2024,2024-08-02,746845,672279,665871,665871,STARTER,3
2024,2024-08-02,746845,676475,657240,665871,BULLPEN,8
2024,2024-08-02,746845,571448,657240,665871,BULLPEN,8
2024,2024-08-03,746846,676475,592791,592791,STARTER,1
2024,2024-08-03,746846,676475,687863,592791,BULLPEN,8
2024,2024-08-03,746846,680977,687863,592791,BULLPEN,8
2024,2024-08-03,746846,575929,687863,592791,BULLPEN,8
2024,2024-08-03,746846,502054,593576,592791,BULLPEN,9
2024,2024-08-04,746844,691026,657006,657006,STARTER,3
2024,2024-08-04,746844,663457,657006,657006,STARTER,3
2024,2024-08-06,745141,687363,605488,605488,STARTER,2
2024,2024-08-06,745141,686780,605488,605488,STARTER,2
2024,2024-08-06,745141,502054,605488,605488,STARTER,2
2024,2024-08-06,745141,691026,605488,605488,STARTER,2
2024,2024-08-07,745142,691026,671737,671737,STARTER,1
2024,2024-08-07,745142,676475,671737,671737,STARTER,3
2024,2024-08-07,745142,575929,671737,671737,STARTER,3
2024,2024-08-07,745142,691026,671737,671737,STARTER,4
2024,2024-08-07,745142,669357,671737,671737,STARTER,4
2024,2024-08-08,745143,691026,669358,669358,STARTER,1
2024,2024-08-08,745143,575929,669358,669358,STARTER,1
2024,2024-08-08,745143,571448,669358,669358,STARTER,1
2024,2024-08-08,745143,571448,669358,669358,STARTER,3
2024,2024-08-09,746275,575929,547179,547179,STARTER,1
2024,2024-08-09,746275,691026,547179,547179,STARTER,1
2024,2024-08-09,746275,676475,547179,547179,STARTER,3
2024,2024-08-09,746275,502671,669674,547179,BULLPEN,6
2024,2024-08-09,746275,502054,519293,547179,BULLPEN,8
2024,2024-08-09,746275,680977,519293,547179,BULLPEN,8
2024,2024-08-09,746275,575929,672582,547179,BULLPEN,9
2024,2024-08-09,746275,676475,672582,547179,BULLPEN,9
2024,2024-08-10,746269,502671,608379,608379,STARTER,2
2024,2024-08-10,746269,571448,608379,608379,STARTER,2
2024,2024-08-10,746269,680977,663460,608379,BULLPEN,8
2024,2024-08-12,746682,575929,671096,671096,STARTER,3
2024,2024-08-13,746673,571448,668881,668881,STARTER,7
2024,2024-08-14,746677,691026,686730,641941,BULLPEN,6
2024,2024-08-14,746677,676475,686730,641941,BULLPEN,6
2024,2024-08-16,745144,502671,680736,680736,STARTER,2
2024,2024-08-16,745144,571448,680736,680736,STARTER,2
2024,2024-08-16,745144,691026,680736,680736,STARTER,3
2024,2024-08-16,745144,686780,680736,680736,STARTER,5
2024,2024-08-16,745144,502054,675627,680736,BULLPEN,6
2024,2024-08-16,745144,502671,675627,680736,BULLPEN,6
2024,2024-08-17,745140,676475,676272,676272,STARTER,1
2024,2024-08-17,745140,676475,676272,676272,STARTER,3
2024,2024-08-17,745140,691026,676272,676272,STARTER,3
2024,2024-08-17,745140,691026,676272,676272,STARTER,5
2024,2024-08-17,745140,571448,641703,676272,BULLPEN,8
2024,2024-08-18,745139,663457,543339,477132,BULLPEN,8
2024,2024-08-20,745136,572761,683232,593423,BULLPEN,8
2024,2024-08-20,745136,663457,683232,593423,BULLPEN,8
2024,2024-08-21,745138,571448,668964,668964,STARTER,4
2024,2024-08-21,745138,663457,668964,668964,STARTER,4
2024,2024-08-21,745138,663609,663542,668964,BULLPEN,7
2024,2024-08-21,745138,676475,663542,668964,BULLPEN,7
2024,2024-08-21,745138,575929,642207,668964,BULLPEN,9
2024,2024-08-21,745138,665877,642207,668964,BULLPEN,9
2024,2024-08-21,745138,571448,656730,668964,BULLPEN,10
2024,2024-08-21,745138,691026,656730,668964,BULLPEN,10
2024,2024-08-21,745138,575929,656730,668964,BULLPEN,10
2024,2024-08-21,745138,665877,656730,668964,BULLPEN,10
2024,2024-08-22,745137,687363,683232,642547,BULLPEN,7
2024,2024-08-22,745137,691026,683232,642547,BULLPEN,7
2024,2024-08-22,745137,676475,683232,642547,BULLPEN,7
2024,2024-08-23,745870,687363,701581,701581,STARTER,3
2024,2024-08-23,745870,575929,701581,701581,STARTER,4
2024,2024-08-23,745870,680977,701581,701581,STARTER,4
2024,2024-08-23,745870,680977,660896,701581,BULLPEN,6
2024,2024-08-23,745870,571448,670950,701581,BULLPEN,8
2024,2024-08-23,745870,663457,670950,701581,BULLPEN,8
2024,2024-08-25,745863,687363,805673,805673,STARTER,5
2024,2024-08-25,745863,680977,661395,805673,BULLPEN,9
2024,2024-08-25,745863,665877,661395,805673,BULLPEN,9
2024,2024-08-26,745133,680977,681190,681190,STARTER,2
2024,2024-08-26,745133,671056,681190,681190,STARTER,4
2024,2024-08-26,745133,691026,670970,681190,BULLPEN,7
2024,2024-08-26,745133,691026,663158,681190,BULLPEN,9
2024,2024-08-27,745132,691026,656302,656302,STARTER,1
2024,2024-08-27,745132,676475,656302,656302,STARTER,1
2024,2024-08-27,745132,680977,656302,656302,STARTER,5
2024,2024-08-27,745132,502671,663773,656302,BULLPEN,5
2024,2024-08-27,745132,663457,656302,656302,STARTER,5
2024,2024-08-28,745134,676475,605397,605397,STARTER,4
2024,2024-08-28,745134,571448,605397,605397,STARTER,4
2024,2024-08-28,745134,663609,605397,605397,STARTER,4
2024,2024-08-28,745134,691026,663158,605397,BULLPEN,9
2024,2024-08-29,745135,676475,650633,650633,STARTER,3
2024,2024-08-29,745135,571448,650633,650633,STARTER,3
2024,2024-08-29,745135,691026,673513,650633,BULLPEN,6
2024,2024-08-29,745135,663457,670970,650633,BULLPEN,8
2024,2024-08-30,745700,676475,573186,573186,STARTER,3
2024,2024-08-30,745700,571448,573186,573186,STARTER,3
2024,2024-08-30,745700,571448,664776,573186,BULLPEN,8
2024,2024-08-31,745699,691026,701542,701542,STARTER,3
2024,2024-08-31,745699,680977,701542,701542,STARTER,3
2024,2024-08-31,745699,676475,701542,701542,STARTER,3
2024,2024-08-31,745699,571448,701542,701542,STARTER,3
2024,2024-08-31,745699,663457,643410,701542,BULLPEN,6
2024,2024-08-31,745699,671056,643410,701542,BULLPEN,6
2024,2024-09-01,745701,680977,641482,641482,STARTER,2
2024,2024-09-01,745701,691023,641482,641482,STARTER,4
2024,2024-09-01,745701,680977,641482,641482,STARTER,4
2024,2024-09-01,745701,663609,641482,641482,STARTER,4
2024,2024-09-01,745701,691026,641482,641482,STARTER,4
2024,2024-09-01,745701,691023,664123,641482,BULLPEN,5
2024,2024-09-01,745701,680977,664123,641482,BULLPEN,5
2024,2024-09-01,745701,691023,592454,641482,BULLPEN,7
2024,2024-09-01,745701,571448,664776,641482,BULLPEN,7
2024,2024-09-01,745701,671056,664776,641482,BULLPEN,7
2024,2024-09-01,745701,663457,592454,641482,BULLPEN,7
2024,2024-09-01,745701,687363,592454,641482,BULLPEN,7
2024,2024-09-01,745701,663457,676760,641482,BULLPEN,9
2024,2024-09-01,745701,691023,676760,641482,BULLPEN,9
2024,2024-09-02,745947,686780,642547,642547,STARTER,3
2024,2024-09-02,745947,686780,642547,642547,STARTER,5
2024,2024-09-02,745947,680977,642547,642547,STARTER,6
2024,2024-09-03,745944,691026,650644,650644,STARTER,1
2024,2024-09-03,745944,680977,650644,650644,STARTER,1
2024,2024-09-03,745944,502671,650644,650644,STARTER,4
2024,2024-09-03,745944,571448,657649,650644,BULLPEN,11
2024,2024-09-03,745944,671056,665625,650644,BULLPEN,12
2024,2024-09-03,745944,687363,665625,650644,BULLPEN,12
2024,2024-09-03,745944,672279,665625,650644,BULLPEN,12
2024,2024-09-04,745938,502671,607067,607067,STARTER,1
2024,2024-09-04,745938,571448,607067,607067,STARTER,1
2024,2024-09-04,745938,691026,606303,607067,BULLPEN,10
2024,2024-09-06,745131,691023,700187,682243,BULLPEN,7
2024,2024-09-07,745125,686780,669302,669302,STARTER,8
2024,2024-09-07,745125,691023,669302,669302,STARTER,8
2024,2024-09-08,745128,671056,622491,622491,STARTER,2
2024,2024-09-08,745128,571448,622491,622491,STARTER,2
2024,2024-09-08,745128,671056,660825,622491,BULLPEN,8
2024,2024-09-08,745128,572761,660825,622491,BULLPEN,8
2024,2024-09-11,745127,571448,682227,682227,STARTER,4
2024,2024-09-11,745127,672279,571656,682227,BULLPEN,8
2024,2024-09-12,745129,691026,596001,596001,STARTER,3
2024,2024-09-12,745129,691026,686730,596001,BULLPEN,6
2024,2024-09-12,745129,680977,686730,596001,BULLPEN,7
2024,2024-09-12,745129,695336,686730,596001,BULLPEN,7
2024,2024-09-12,745129,663457,686730,596001,BULLPEN,8
2024,2024-09-12,745129,695336,686730,596001,BULLPEN,8
2024,2024-09-13,744882,691026,592332,592332,STARTER,1
2024,2024-09-13,744882,676475,592332,592332,STARTER,1
2024,2024-09-13,744882,695336,650893,592332,BULLPEN,8
2024,2024-09-14,744884,691023,621244,621244,STARTER,3
2024,2024-09-14,744884,676475,666818,621244,BULLPEN,9
2024,2024-09-15,744883,671056,684320,684320,STARTER,5
2024,2024-09-15,744883,663457,642232,684320,BULLPEN,7
2024,2024-09-16,745130,676475,694973,694973,STARTER,4
2024,2024-09-16,745130,680977,621366,694973,BULLPEN,7
2024,2024-09-16,745130,502671,693312,694973,BULLPEN,8
2024,2024-09-16,745130,571448,656222,694973,BULLPEN,8
2024,2024-09-17,745122,672279,663559,663559,STARTER,3
2024,2024-09-17,745122,691023,663559,663559,STARTER,4
2024,2024-09-17,745122,691026,642701,663559,BULLPEN,8
2024,2024-09-18,745121,680977,663765,663765,STARTER,2
2024,2024-09-18,745121,571448,663765,663765,STARTER,2
2024,2024-09-18,745121,676475,663765,663765,STARTER,3
2024,2024-09-18,745121,502671,663765,663765,STARTER,3
2024,2024-09-18,745121,691026,670280,663765,BULLPEN,7
2024,2024-09-18,745121,502671,670280,663765,BULLPEN,7
2024,2024-09-18,745121,571448,670280,663765,BULLPEN,7
2024,2024-09-18,745121,663457,656222,663765,BULLPEN,7
2024,2024-09-18,745121,680977,656222,663765,BULLPEN,7
2024,2024-09-18,745121,671056,656222,663765,BULLPEN,7
2024,2024-09-19,745120,502671,682847,682847,STARTER,4
2024,2024-09-19,745120,502671,682847,682847,STARTER,6
2024,2024-09-20,745123,676475,594902,594902,STARTER,4
2024,2024-09-21,745124,691023,571510,571510,STARTER,4
2024,2024-09-21,745124,671056,571510,571510,STARTER,4
2024,2024-09-21,745124,691026,680704,571510,BULLPEN,7
2024,2024-09-21,745124,671056,680704,571510,BULLPEN,7
2024,2024-09-21,745124,502671,680704,571510,BULLPEN,7
2024,2024-09-21,745124,571448,680704,571510,BULLPEN,7
2024,2024-09-22,745118,691026,668909,668909,STARTER,6
2024,2024-09-22,745118,663457,682120,668909,BULLPEN,7
2024,2024-09-24,746504,691026,663372,663372,STARTER,3
2024,2024-09-24,746504,672279,663372,663372,STARTER,3
2024,2024-09-24,746504,663457,680767,663372,BULLPEN,7
2024,2024-09-24,746504,571448,683409,663372,BULLPEN,8
2024,2024-09-24,746504,663457,683409,663372,BULLPEN,8
2024,2024-09-24,746504,691023,683409,663372,BULLPEN,8
2024,2024-09-24,746504,687363,683409,663372,BULLPEN,8
2024,2024-09-25,746501,671056,596295,596295,STARTER,2
2024,2024-09-25,746501,691026,596295,596295,STARTER,3
2024,2024-09-25,746501,691023,596295,596295,STARTER,4
2024,2024-09-25,746501,691026,596295,596295,STARTER,5
2024,2024-09-25,746501,671056,676105,596295,BULLPEN,6
2024,2024-09-26,746495,663457,607536,607536,STARTER,1
2024,2024-09-26,746495,502671,607536,607536,STARTER,1
2024,2024-09-26,746495,687363,607536,607536,STARTER,2
2024,2024-09-26,746495,691026,607536,607536,STARTER,2
2024,2024-09-26,746495,663457,607536,607536,STARTER,2
2024,2024-09-26,746495,671056,607536,607536,STARTER,5
2024,2024-09-26,746495,686780,683409,607536,BULLPEN,8
2024,2024-09-26,746495,695336,683409,607536,BULLPEN,8
2024,2024-09-27,745280,691026,694738,694738,STARTER,1
2024,2024-09-27,745280,663457,694738,694738,STARTER,3
2024,2024-09-27,745280,672279,694738,694738,STARTER,4
2024,2024-09-27,745280,691026,694738,694738,STARTER,4
2024,2024-09-27,745280,676475,694738,694738,STARTER,4
2024,2024-09-27,745280,571448,694738,694738,STARTER,4
2024,2024-09-28,745281,691026,663941,663941,STARTER,1
2024,2024-09-28,745281,691026,663546,663941,BULLPEN,5
2024,2024-09-28,745281,676475,669062,663941,BULLPEN,7
2024,2024-09-28,745281,502671,669062,663941,BULLPEN,7
2024,2024-09-28,745281,680977,669062,663941,BULLPEN,7
2024,2024-09-29,745282,680977,806185,806185,STARTER,3
2024,2024-09-29,745282,695336,806185,806185,STARTER,5
2024,2024-09-29,745282,686780,806185,806185,STARTER,5
2024,2024-09-29,745282,672279,678495,806185,BULLPEN,6
2024,2024-09-29,745282,665877,678495,806185,BULLPEN,6
2024,2024-09-29,745282,691023,678495,806185,BULLPEN,6
2025,2025-03-27,778551,663457,641154,641154,STARTER,1
2025,2025-03-27,778551,663457,641154,641154,STARTER,2
2025,2025-03-27,778551,691023,641154,641154,STARTER,2
2025,2025-03-27,778551,680977,641154,641154,STARTER,3
2025,2025-03-27,778551,571448,643377,641154,BULLPEN,8
2025,2025-03-29,778528,663457,657746,657746,STARTER,1
2025,2025-03-29,778528,571448,660896,657746,BULLPEN,6
2025,2025-03-29,778528,671056,660896,657746,BULLPEN,6
2025,2025-03-29,778528,676475,660896,657746,BULLPEN,6
2025,2025-03-29,778528,687363,661395,657746,BULLPEN,8
2025,2025-03-30,778517,687363,641927,641927,STARTER,2
2025,2025-03-30,778517,669357,641927,641927,STARTER,2
2025,2025-03-30,778517,686780,641927,641927,STARTER,2
2025,2025-03-30,778517,680977,641927,641927,STARTER,3
2025,2025-03-30,778517,571448,641927,641927,STARTER,3
2025,2025-03-30,778517,686780,641927,641927,STARTER,3
2025,2025-03-30,778517,676475,641927,641927,STARTER,3
2025,2025-03-30,778517,669357,641927,641927,STARTER,3
2025,2025-03-30,778517,669357,677976,641927,BULLPEN,7
2025,2025-03-31,778503,663457,542881,542881,STARTER,1
2025,2025-03-31,778503,680977,542881,542881,STARTER,2
2025,2025-03-31,778503,663457,542881,542881,STARTER,5
2025,2025-03-31,778503,686780,696270,542881,BULLPEN,10
2025,2025-04-01,778495,669357,543294,543294,STARTER,2
2025,2025-04-01,778495,691023,543294,543294,STARTER,4
2025,2025-04-01,778495,663457,690829,543294,BULLPEN,8
2025,2025-04-01,778495,687363,680729,543294,BULLPEN,10
2025,2025-04-01,778495,691026,680729,543294,BULLPEN,10
2025,2025-04-01,778495,672279,680729,543294,BULLPEN,10
2025,2025-04-01,778495,671056,696270,543294,BULLPEN,11
2025,2025-04-02,778473,671056,579328,579328,STARTER,4
2025,2025-04-02,778473,671056,579328,579328,STARTER,6
2025,2025-04-02,778473,571448,579328,579328,STARTER,6
2025,2025-04-02,778473,663457,666120,579328,BULLPEN,7
2025,2025-04-02,778473,691026,666120,579328,BULLPEN,7
2025,2025-04-02,778473,691023,666120,579328,BULLPEN,8
2025,2025-04-02,778473,687363,666120,579328,BULLPEN,8
2025,2025-04-02,778473,575929,656271,579328,BULLPEN,8
2025,2025-04-02,778473,691026,666120,579328,BULLPEN,8
2025,2025-04-02,778473,671056,656271,579328,BULLPEN,8
2025,2025-04-02,778473,676475,656271,579328,BULLPEN,8
2025,2025-04-02,778473,571448,656271,579328,BULLPEN,8
2025,2025-04-04,778463,687363,621111,621111,STARTER,3
2025,2025-04-04,778463,671056,621111,621111,STARTER,4
2025,2025-04-04,778463,571448,621111,621111,STARTER,4
2025,2025-04-04,778463,676475,621111,621111,STARTER,4
2025,2025-04-04,778463,680977,621111,621111,STARTER,5
2025,2025-04-04,778463,663457,677161,621111,BULLPEN,7
2025,2025-04-04,778463,691026,681867,621111,BULLPEN,9
2025,2025-04-04,778463,663457,681867,621111,BULLPEN,9
2025,2025-04-04,778463,575929,681867,621111,BULLPEN,9
2025,2025-04-06,778432,575929,690928,690928,STARTER,1
2025,2025-04-06,778432,676475,690928,690928,STARTER,4
2025,2025-04-06,778432,663457,681867,690928,BULLPEN,7
2025,2025-04-06,778432,691026,681867,690928,BULLPEN,9
2025,2025-04-06,778432,695336,681867,690928,BULLPEN,9
2025,2025-04-06,778432,663609,681867,690928,BULLPEN,9
2025,2025-04-06,778432,680977,681867,690928,BULLPEN,9
2025,2025-04-06,778443,691023,656794,656794,STARTER,4
2025,2025-04-06,778443,695336,458677,656794,BULLPEN,6
2025,2025-04-06,778443,691026,676477,656794,BULLPEN,8
2025,2025-04-06,778443,687363,676477,656794,BULLPEN,8
2025,2025-04-07,778415,672279,669387,669387,STARTER,5
2025,2025-04-07,778415,650968,802419,669387,BULLPEN,6
2025,2025-04-07,778415,680977,802419,669387,BULLPEN,8
2025,2025-04-07,778415,691026,802419,669387,BULLPEN,9
2025,2025-04-08,778408,686780,694973,694973,STARTER,3
2025,2025-04-08,778408,691026,694973,694973,STARTER,3
2025,2025-04-08,778408,687363,694973,694973,STARTER,3
2025,2025-04-08,778408,680977,694973,694973,STARTER,6
2025,2025-04-08,778408,571448,694973,694973,STARTER,6
2025,2025-04-09,778389,575929,621366,656605,BULLPEN,12
2025,2025-04-11,778365,695336,605400,605400,STARTER,5
2025,2025-04-11,778365,650968,605400,605400,STARTER,5
2025,2025-04-12,778347,663609,650911,650911,STARTER,6
2025,2025-04-13,778336,575929,554430,554430,STARTER,4
2025,2025-04-13,778336,571448,554430,554430,STARTER,4
2025,2025-04-13,778336,680977,554430,554430,STARTER,6
2025,2025-04-13,778336,571448,554430,554430,STARTER,6
2025,2025-04-13,778336,650968,621381,554430,BULLPEN,7
2025,2025-04-13,778336,691023,672578,554430,BULLPEN,8
2025,2025-04-13,778336,575929,672578,554430,BULLPEN,8
2025,2025-04-14,778325,663457,664285,664285,STARTER,3
2025,2025-04-14,778325,680977,664285,664285,STARTER,4
2025,2025-04-14,778325,691023,664285,664285,STARTER,4
2025,2025-04-14,778325,686780,664285,664285,STARTER,4
2025,2025-04-14,778325,575929,664285,664285,STARTER,5
2025,2025-04-14,778325,571448,664285,664285,STARTER,5
2025,2025-04-14,778325,680977,664285,664285,STARTER,5
2025,2025-04-14,778325,571448,664351,664285,BULLPEN,7
2025,2025-04-16,778290,663457,669854,669854,STARTER,5
2025,2025-04-16,778290,687363,669854,669854,STARTER,5
2025,2025-04-16,778290,695336,669854,669854,STARTER,5
2025,2025-04-16,778290,691023,701121,669854,BULLPEN,6
2025,2025-04-17,778278,687363,656288,656288,STARTER,3
2025,2025-04-18,778270,680977,656849,656849,STARTER,2
2025,2025-04-18,778270,680977,656849,656849,STARTER,4
2025,2025-04-18,778270,575929,656849,656849,STARTER,6
2025,2025-04-18,778270,680977,623211,656849,BULLPEN,9
2025,2025-04-20,778244,680977,605280,605280,STARTER,6
2025,2025-04-20,778244,672279,664849,605280,BULLPEN,7
2025,2025-04-20,778244,669357,664849,605280,BULLPEN,7
2025,2025-04-20,778244,672279,592773,605280,BULLPEN,9
2025,2025-04-21,778233,669357,680885,680885,STARTER,2
2025,2025-04-21,778233,686780,680885,680885,STARTER,2
2025,2025-04-21,778233,571448,680885,680885,STARTER,6
2025,2025-04-21,778233,686780,628452,680885,BULLPEN,9
2025,2025-04-21,778233,575929,628452,680885,BULLPEN,9
2025,2025-04-21,778233,687363,628452,680885,BULLPEN,9
2025,2025-04-22,778229,663457,656240,656240,STARTER,3
2025,2025-04-22,778229,687363,656240,656240,STARTER,3
2025,2025-04-22,778229,676475,606160,656240,BULLPEN,6
2025,2025-04-22,778229,691023,606160,656240,BULLPEN,6
2025,2025-04-22,778229,575929,660853,656240,BULLPEN,8
2025,2025-04-22,778229,687363,660853,656240,BULLPEN,8
2025,2025-04-22,778229,663457,660853,656240,BULLPEN,8
2025,2025-04-22,778229,676475,686249,656240,BULLPEN,9
2025,2025-04-22,778229,686780,686249,656240,BULLPEN,9
2025,2025-04-22,778229,687363,686249,656240,BULLPEN,9
2025,2025-04-23,778214,669357,693821,693821,STARTER,1
2025,2025-04-25,778184,680977,694477,694477,STARTER,4
2025,2025-04-25,778184,691026,694477,694477,STARTER,5
2025,2025-04-25,778184,663457,641302,694477,BULLPEN,5
2025,2025-04-26,778164,669357,682990,682990,STARTER,2
2025,2025-04-26,778164,691026,682990,682990,STARTER,3
2025,2025-04-26,778164,663457,682990,682990,STARTER,3
2025,2025-04-26,778164,691026,682990,682990,STARTER,4
2025,2025-04-26,778164,663457,682990,682990,STARTER,4
2025,2025-04-26,778164,571448,656730,682990,BULLPEN,9
2025,2025-04-27,778150,663457,500779,500779,STARTER,5
2025,2025-04-28,778141,663457,607259,607259,STARTER,1
2025,2025-04-30,778119,575929,695534,695534,STARTER,1
2025,2025-04-30,778119,663457,695534,695534,STARTER,1
2025,2025-04-30,778119,691026,695534,695534,STARTER,1
2025,2025-04-30,778119,686780,695534,695534,STARTER,2
2025,2025-04-30,778119,691026,695534,695534,STARTER,3
2025,2025-04-30,778119,680977,695534,695534,STARTER,3
2025,2025-04-30,778119,575929,695534,695534,STARTER,3
2025,2025-04-30,778119,669357,695534,695534,STARTER,3
2025,2025-04-30,778119,691023,695534,695534,STARTER,3
2025,2025-04-30,778134,691026,663903,663903,STARTER,1
2025,2025-04-30,778134,687363,664747,663903,BULLPEN,9
2025,2025-04-30,778134,575929,664747,663903,BULLPEN,9
2025,2025-04-30,778134,650968,664747,663903,BULLPEN,9
2025,2025-04-30,778134,663457,664747,663903,BULLPEN,9
2025,2025-04-30,778134,691026,664747,663903,BULLPEN,9
2025,2025-05-01,778107,680977,671096,671096,STARTER,3
2025,2025-05-02,778084,663457,605280,605280,STARTER,1
2025,2025-05-02,778084,687363,605280,605280,STARTER,3
2025,2025-05-02,778084,691026,605280,605280,STARTER,3
2025,2025-05-04,778053,575929,694918,694918,STARTER,2
2025,2025-05-04,778053,680977,694918,694918,STARTER,3
2025,2025-05-04,778053,676480,694918,694918,STARTER,4
2025,2025-05-04,778053,687363,694918,694918,STARTER,4
2025,2025-05-04,778053,680977,694918,694918,STARTER,4
2025,2025-05-04,778053,676475,694918,694918,STARTER,4
2025,2025-05-04,778068,676475,656731,656731,STARTER,2
2025,2025-05-04,778068,571448,656731,656731,STARTER,2
2025,2025-05-04,778068,663457,656731,656731,STARTER,3
2025,2025-05-04,778068,691026,656731,656731,STARTER,3
2025,2025-05-04,778068,650968,668820,656731,BULLPEN,6
2025,2025-05-05,778036,676480,669387,669387,STARTER,3
2025,2025-05-05,778036,676475,669387,669387,STARTER,3
2025,2025-05-05,778036,575929,663767,669387,BULLPEN,6
2025,2025-05-05,778036,571448,663767,669387,BULLPEN,6
2025,2025-05-05,778036,669357,663767,669387,BULLPEN,6
2025,2025-05-05,778036,686780,663767,669387,BULLPEN,6
2025,2025-05-06,778030,575929,694973,694973,STARTER,6
2025,2025-05-06,778030,571448,694973,694973,STARTER,6
2025,2025-05-07,778016,687363,656605,656605,STARTER,3
2025,2025-05-07,778016,663457,656605,656605,STARTER,3
2025,2025-05-07,778016,687363,656605,656605,STARTER,5
2025,2025-05-07,778016,663609,657571,656605,BULLPEN,8
2025,2025-05-07,778016,680977,657571,656605,BULLPEN,8
2025,2025-05-09,777995,663457,680730,680730,STARTER,1
2025,2025-05-09,777995,691026,680730,680730,STARTER,1
2025,2025-05-09,777995,680977,680730,680730,STARTER,3
2025,2025-05-09,777995,686780,680730,680730,STARTER,4
2025,2025-05-09,777995,571448,671131,680730,BULLPEN,5
2025,2025-05-09,777995,575929,671131,680730,BULLPEN,5
2025,2025-05-09,777995,691023,608371,680730,BULLPEN,8
2025,2025-05-09,777995,686780,608371,680730,BULLPEN,8
2025,2025-05-09,777995,687363,608371,680730,BULLPEN,8
2025,2025-05-09,777995,691023,605177,680730,BULLPEN,9
2025,2025-05-10,777980,575929,592866,592866,STARTER,2
2025,2025-05-10,777980,669357,592866,592866,STARTER,2
2025,2025-05-10,777980,687363,592866,592866,STARTER,2
2025,2025-05-10,777980,686780,592866,592866,STARTER,2
2025,2025-05-11,777962,663457,669022,669022,STARTER,1
2025,2025-05-11,777962,575929,669022,669022,STARTER,2
2025,2025-05-11,777962,571448,669022,669022,STARTER,7
2025,2025-05-11,777962,671056,669022,669022,STARTER,7
2025,2025-05-11,777962,571448,695418,669022,BULLPEN,8
2025,2025-05-11,777962,691026,695418,669022,BULLPEN,8
2025,2025-05-12,777953,571448,650911,650911,STARTER,4
2025,2025-05-12,777953,671056,650911,650911,STARTER,6
2025,2025-05-12,777953,691026,621381,650911,BULLPEN,7
2025,2025-05-14,777922,671056,666200,666200,STARTER,7
2025,2025-05-14,777933,663457,605400,605400,STARTER,1
2025,2025-05-14,777933,663457,605400,605400,STARTER,3
2025,2025-05-14,777933,691026,605400,605400,STARTER,3
2025,2025-05-14,777933,680977,605400,605400,STARTER,3
2025,2025-05-14,777933,676475,605400,605400,STARTER,3
2025,2025-05-14,777933,671056,605400,605400,STARTER,3
2025,2025-05-14,777933,691026,605400,605400,STARTER,4
2025,2025-05-14,777933,575929,605400,605400,STARTER,4
2025,2025-05-14,777933,571448,605400,605400,STARTER,4
2025,2025-05-14,777933,687363,592836,605400,BULLPEN,8
2025,2025-05-14,777933,691026,592836,605400,BULLPEN,8
2025,2025-05-14,777933,680977,592836,605400,BULLPEN,8
2025,2025-05-14,777933,691023,672578,605400,BULLPEN,9
2025,2025-05-14,777933,687363,672578,605400,BULLPEN,9
2025,2025-05-16,777901,575929,666142,666142,STARTER,2
2025,2025-05-16,777901,680977,666142,666142,STARTER,4
2025,2025-05-16,777901,575929,666142,666142,STARTER,4
2025,2025-05-16,777901,575929,670167,666142,BULLPEN,6
2025,2025-05-16,777901,680977,670167,666142,BULLPEN,6
2025,2025-05-16,777901,691026,666142,666142,STARTER,6
2025,2025-05-16,777901,671056,670167,666142,BULLPEN,6
2025,2025-05-16,777901,671056,608717,666142,BULLPEN,8
2025,2025-05-16,777901,663457,608717,666142,BULLPEN,9
2025,2025-05-16,777901,691026,608717,666142,BULLPEN,9
2025,2025-05-17,777885,691023,702070,702070,STARTER,6
2025,2025-05-18,777864,676475,608379,608379,STARTER,4
2025,2025-05-19,777862,663457,674944,674944,STARTER,1
2025,2025-05-19,777862,671056,672456,674944,BULLPEN,4
2025,2025-05-19,777862,663457,672456,674944,BULLPEN,5
2025,2025-05-19,777862,691026,672456,674944,BULLPEN,5
2025,2025-05-19,777862,680977,672456,674944,BULLPEN,5
2025,2025-05-19,777862,680977,672456,674944,BULLPEN,7
2025,2025-05-19,777862,671056,605154,674944,BULLPEN,7
2025,2025-05-19,777862,575929,605154,674944,BULLPEN,7
2025,2025-05-19,777862,686780,605154,674944,BULLPEN,7
2025,2025-05-19,777862,691023,605154,674944,BULLPEN,7
2025,2025-05-19,777862,687363,605154,674944,BULLPEN,7
2025,2025-05-20,777840,571448,669373,669373,STARTER,5
2025,2025-05-20,777840,671056,669373,669373,STARTER,5
2025,2025-05-20,777840,691026,669373,669373,STARTER,6
2025,2025-05-20,777840,687363,663947,669373,BULLPEN,7
2025,2025-05-21,777827,687363,674944,676428,BULLPEN,6
2025,2025-05-23,777797,687363,668678,668678,STARTER,6
2025,2025-05-23,777797,663457,668678,668678,STARTER,6
2025,2025-05-23,777797,680977,668678,668678,STARTER,6
2025,2025-05-23,777797,671056,668678,668678,STARTER,6
2025,2025-05-24,777786,691026,518876,518876,STARTER,1
2025,2025-05-24,777786,571448,518876,518876,STARTER,7
2025,2025-05-24,777786,676475,518876,518876,STARTER,7
2025,2025-05-24,777786,691023,518876,518876,STARTER,7
2025,2025-05-24,777786,671056,679885,518876,BULLPEN,8
2025,2025-05-24,777786,676475,679885,518876,BULLPEN,8
2025,2025-05-25,777766,680977,694297,694297,STARTER,1
2025,2025-05-25,777766,691026,694297,694297,STARTER,3
2025,2025-05-25,777766,691026,694297,694297,STARTER,6
2025,2025-05-25,777766,691023,656464,694297,BULLPEN,7
2025,2025-05-26,777771,686780,450203,450203,STARTER,5
2025,2025-05-26,777771,669357,450203,450203,STARTER,5
2025,2025-05-27,777754,663457,608372,608372,STARTER,1
2025,2025-05-27,777754,663457,608372,608372,STARTER,2
2025,2025-05-27,777754,691023,608372,608372,STARTER,2
2025,2025-05-27,777754,687363,669211,608372,BULLPEN,7
2025,2025-05-27,777754,571448,641329,608372,BULLPEN,8
2025,2025-05-27,777754,676480,641329,608372,BULLPEN,8
2025,2025-05-27,777754,691023,641329,608372,BULLPEN,8
2025,2025-05-28,777740,680977,700249,700249,STARTER,4
2025,2025-05-28,777740,691026,700249,700249,STARTER,4
2025,2025-05-28,777740,663457,700249,700249,STARTER,5
2025,2025-05-28,777740,680977,700249,700249,STARTER,5
2025,2025-05-28,777740,691026,700249,700249,STARTER,5
2025,2025-05-28,777740,691026,621199,700249,BULLPEN,7
2025,2025-05-30,777709,687363,676961,683004,BULLPEN,8
2025,2025-05-31,777697,575929,571578,571578,STARTER,2
2025,2025-05-31,777697,691026,571578,571578,STARTER,4
2025,2025-06-01,777678,663457,594798,594798,STARTER,1
2025,2025-06-03,777660,669357,547179,547179,STARTER,2
2025,2025-06-03,777660,676475,547179,547179,STARTER,2
2025,2025-06-03,777660,691026,547179,547179,STARTER,3
2025,2025-06-03,777660,575929,547179,547179,STARTER,3
2025,2025-06-03,777660,680977,547179,547179,STARTER,3
2025,2025-06-03,777660,676475,547179,547179,STARTER,3
2025,2025-06-03,777660,571448,547179,547179,STARTER,3
2025,2025-06-05,777635,663457,666142,666142,STARTER,1
2025,2025-06-05,777635,680977,666142,666142,STARTER,3
2025,2025-06-05,777635,691026,666142,666142,STARTER,3
2025,2025-06-05,777635,571448,666142,666142,STARTER,3
2025,2025-06-05,777635,575929,666142,666142,STARTER,3
2025,2025-06-05,777642,575929,670167,702070,BULLPEN,7
2025,2025-06-05,777642,571448,670167,702070,BULLPEN,7
2025,2025-06-05,777642,671056,664199,702070,BULLPEN,8
2025,2025-06-05,777642,680977,663738,702070,BULLPEN,8
2025,2025-06-05,777642,650968,608032,702070,BULLPEN,10
2025,2025-06-05,777642,663457,608032,702070,BULLPEN,10
2025,2025-06-06,777620,686780,680736,680736,STARTER,2
2025,2025-06-06,777620,571448,680736,680736,STARTER,2
2025,2025-06-06,777620,663457,680736,680736,STARTER,5
2025,2025-06-06,777620,686780,680736,680736,STARTER,5
2025,2025-06-06,777620,575929,608717,680736,BULLPEN,8
2025,2025-06-07,777601,691026,676508,808967,BULLPEN,8
2025,2025-06-07,777601,676480,676508,808967,BULLPEN,9
2025,2025-06-08,777582,676475,477132,477132,STARTER,5
2025,2025-06-08,777582,575929,642152,477132,BULLPEN,6
2025,2025-06-08,777582,668723,676263,477132,BULLPEN,7
2025,2025-06-09,777581,687363,663893,621244,BULLPEN,8
2025,2025-06-09,777581,671056,684320,621244,BULLPEN,8
2025,2025-06-09,777581,691026,663893,621244,BULLPEN,8
2025,2025-06-09,777581,575929,684320,621244,BULLPEN,8
2025,2025-06-10,777558,680977,605135,605135,STARTER,4
2025,2025-06-10,777558,669357,605135,605135,STARTER,4
2025,2025-06-10,777558,676475,605135,605135,STARTER,4
2025,2025-06-10,777558,571448,605135,605135,STARTER,4
2025,2025-06-10,777558,571448,643338,605135,BULLPEN,8
2025,2025-06-10,777558,676475,689254,605135,BULLPEN,8
2025,2025-06-10,777558,575929,656546,605135,BULLPEN,9
2025,2025-06-10,777558,691026,643338,605135,BULLPEN,9
2025,2025-06-10,777558,671056,643338,605135,BULLPEN,9
2025,2025-06-11,777545,691026,641778,641778,STARTER,1
2025,2025-06-11,777545,650968,641778,641778,STARTER,2
2025,2025-06-13,777525,676475,642547,642547,STARTER,5
2025,2025-06-13,777525,669357,656730,642547,BULLPEN,9
2025,2025-06-14,777512,691026,500779,500779,STARTER,1
2025,2025-06-14,777512,571448,500779,500779,STARTER,4
2025,2025-06-14,777512,691023,500779,500779,STARTER,4
2025,2025-06-14,777512,669357,500779,500779,STARTER,4
2025,2025-06-14,777512,669357,500779,500779,STARTER,5
2025,2025-06-14,777512,575929,500779,500779,STARTER,5
2025,2025-06-14,777512,571448,500779,500779,STARTER,5
2025,2025-06-14,777512,575929,642239,500779,BULLPEN,9
2025,2025-06-15,777492,680977,682990,682990,STARTER,4
2025,2025-06-15,777492,671056,657649,682990,BULLPEN,8
2025,2025-06-17,777467,571448,681343,681343,STARTER,2
2025,2025-06-17,777467,663457,681343,681343,STARTER,2
2025,2025-06-17,777467,686780,681343,681343,STARTER,2
2025,2025-06-17,777467,680977,681343,681343,STARTER,2
2025,2025-06-17,777467,687363,681343,681343,STARTER,2
2025,2025-06-17,777467,575929,681343,681343,STARTER,5
2025,2025-06-17,777467,691026,641302,681343,BULLPEN,6
2025,2025-06-17,777467,680977,641302,681343,BULLPEN,6
2025,2025-06-17,777467,676475,685126,681343,BULLPEN,7
2025,2025-06-17,777467,691026,673929,681343,BULLPEN,8
2025,2025-06-17,777467,687363,681962,681343,BULLPEN,9
2025,2025-06-17,777467,686780,681962,681343,BULLPEN,9
2025,2025-06-19,777447,691026,680732,680732,STARTER,1
2025,2025-06-19,777447,671056,680732,680732,STARTER,6
2025,2025-06-19,777447,575929,592155,680732,BULLPEN,8
2025,2025-06-19,777447,676475,592155,680732,BULLPEN,8
2025,2025-06-19,777447,669357,592155,680732,BULLPEN,8
2025,2025-06-19,777458,676475,678024,678024,STARTER,3
2025,2025-06-19,777458,687363,678024,678024,STARTER,3
2025,2025-06-19,777458,575929,678024,678024,STARTER,3
2025,2025-06-19,777458,571448,678024,678024,STARTER,3
2025,2025-06-19,777458,669357,678024,678024,STARTER,4
2025,2025-06-19,777458,686780,678024,678024,STARTER,4
2025,2025-06-19,777458,691023,656186,678024,BULLPEN,10
2025,2025-06-19,777458,663457,656186,678024,BULLPEN,10
2025,2025-06-20,777433,680977,663903,663903,STARTER,3
2025,2025-06-20,777433,686780,605130,663903,BULLPEN,7
2025,2025-06-20,777433,687363,605130,663903,BULLPEN,7
2025,2025-06-20,777433,680977,573124,663903,BULLPEN,7
2025,2025-06-20,777433,691026,573124,663903,BULLPEN,7
2025,2025-06-20,777433,669357,573124,663903,BULLPEN,7
2025,2025-06-21,777415,676475,608718,608718,STARTER,1
2025,2025-06-21,777415,691026,608718,608718,STARTER,1
2025,2025-06-21,777415,687363,663574,608718,BULLPEN,8
2025,2025-06-21,777415,680977,663574,608718,BULLPEN,8
2025,2025-06-21,777415,571448,641941,608718,BULLPEN,9
2025,2025-06-21,777415,691023,695534,608718,BULLPEN,11
2025,2025-06-22,777407,571448,671096,671096,STARTER,2
2025,2025-06-23,777392,663457,676962,676962,STARTER,4
2025,2025-06-23,777392,575929,676962,676962,STARTER,4
2025,2025-06-23,777392,680977,676962,676962,STARTER,5
2025,2025-06-23,777392,686780,676962,676962,STARTER,5
2025,2025-06-23,777392,676475,676962,676962,STARTER,5
2025,2025-06-23,777392,691026,676962,676962,STARTER,5
2025,2025-06-23,777392,669357,676962,676962,STARTER,6
2025,2025-06-23,777392,571448,676962,676962,STARTER,6
2025,2025-06-24,777373,663457,592791,592791,STARTER,2
2025,2025-06-24,777373,575929,592791,592791,STARTER,2
2025,2025-06-24,777373,691026,592791,592791,STARTER,3
2025,2025-06-24,777373,680977,592791,592791,STARTER,3
2025,2025-06-24,777373,669357,592791,592791,STARTER,4
2025,2025-06-24,777373,687363,592791,592791,STARTER,4
2025,2025-06-24,777373,686780,592791,592791,STARTER,4
2025,2025-06-24,777373,691026,592791,592791,STARTER,4
2025,2025-06-27,777349,686780,682847,682847,STARTER,3
2025,2025-06-27,777349,676475,682847,682847,STARTER,3
2025,2025-06-27,777349,691026,682847,682847,STARTER,3
2025,2025-06-27,777349,676475,682847,682847,STARTER,6
2025,2025-06-27,777349,575929,596001,682847,BULLPEN,8
2025,2025-06-28,777329,680977,677944,677944,STARTER,1
2025,2025-06-28,777329,691026,677944,677944,STARTER,5
2025,2025-06-28,777329,680977,677944,677944,STARTER,5
2025,2025-06-28,777329,663457,670036,677944,BULLPEN,6
2025,2025-06-28,777329,571448,670036,677944,BULLPEN,6
2025,2025-06-28,777329,669357,670036,677944,BULLPEN,6
2025,2025-06-28,777329,650968,670036,677944,BULLPEN,6
2025,2025-06-28,777329,687363,682120,677944,BULLPEN,6
2025,2025-06-28,777329,575929,663465,677944,BULLPEN,9
2025,2025-06-29,777309,669357,671106,671106,STARTER,1
2025,2025-06-29,777309,691026,671106,671106,STARTER,1
2025,2025-06-29,777309,575929,671106,671106,STARTER,1
2025,2025-06-29,777309,687363,683769,671106,BULLPEN,7
2025,2025-06-29,777309,686780,683769,671106,BULLPEN,7
2025,2025-06-29,777309,665877,683769,671106,BULLPEN,8
2025,2025-06-29,777309,669357,682120,671106,BULLPEN,8
2025,2025-07-04,777246,680977,607067,607067,STARTER,4
2025,2025-07-04,777246,641658,542932,607067,BULLPEN,9
2025,2025-07-04,777246,663457,542932,607067,BULLPEN,9
2025,2025-07-05,777229,575929,519141,519141,STARTER,1
2025,2025-07-05,777229,680977,519141,519141,STARTER,1
2025,2025-07-05,777229,669357,623167,519141,BULLPEN,4
2025,2025-07-05,777229,676475,641745,519141,BULLPEN,8
2025,2025-07-05,777229,695336,641745,519141,BULLPEN,8
2025,2025-07-05,777229,650968,641745,519141,BULLPEN,8
2025,2025-07-05,777229,663457,641745,519141,BULLPEN,8
2025,2025-07-05,777229,669357,641745,519141,BULLPEN,8
2025,2025-07-08,777191,680977,663623,663623,STARTER,3
2025,2025-07-08,777191,687363,663623,663623,STARTER,3
2025,2025-07-08,777191,691026,663623,663623,STARTER,3
2025,2025-07-08,777191,663457,663623,663623,STARTER,6
2025,2025-07-09,777178,575929,669022,669022,STARTER,1
2025,2025-07-09,777178,663457,669371,669022,BULLPEN,7
2025,2025-07-10,777167,680977,647336,647336,STARTER,1
2025,2025-07-10,777167,680977,647336,647336,STARTER,3
2025,2025-07-10,777167,575929,666168,647336,BULLPEN,6
2025,2025-07-10,777167,663457,666168,647336,BULLPEN,6
2025,2025-07-10,777167,571448,666168,647336,BULLPEN,6
2025,2025-07-10,777167,669357,666168,647336,BULLPEN,6
2025,2025-07-10,777167,687363,666168,647336,BULLPEN,6
2025,2025-07-10,777167,575929,671131,647336,BULLPEN,7
2025,2025-07-11,777147,680977,656550,656550,STARTER,1
2025,2025-07-11,777147,676475,656550,656550,STARTER,1
2025,2025-07-11,777147,663457,656550,656550,STARTER,3
2025,2025-07-11,777147,676475,656550,656550,STARTER,3
2025,2025-07-11,777147,669357,656550,656550,STARTER,3
2025,2025-07-12,777133,650968,607481,607481,STARTER,2
2025,2025-07-12,777133,669357,607481,607481,STARTER,2
2025,2025-07-12,777133,695336,607481,607481,STARTER,2
2025,2025-07-12,777133,650968,606160,607481,BULLPEN,6
2025,2025-07-12,777133,669357,669276,607481,BULLPEN,7
2025,2025-07-12,777133,641658,678226,607481,BULLPEN,8
2025,2025-07-13,777118,691026,669721,669721,STARTER,2
2025,2025-07-13,777118,676475,445926,669721,BULLPEN,5
2025,2025-07-13,777118,687363,445926,669721,BULLPEN,5
2025,2025-07-13,777118,665877,445926,669721,BULLPEN,6
2025,2025-07-13,777118,691026,445926,669721,BULLPEN,6
2025,2025-07-18,777100,691026,595928,694297,BULLPEN,9
2025,2025-07-18,777100,687363,595928,694297,BULLPEN,9
2025,2025-07-18,777100,686780,595928,694297,BULLPEN,9
2025,2025-07-19,777081,676475,669194,669194,STARTER,6
2025,2025-07-20,777071,687363,518876,518876,STARTER,3
2025,2025-07-20,777071,650968,518876,518876,STARTER,5
2025,2025-07-20,777071,691026,543101,518876,BULLPEN,9
2025,2025-07-21,777053,575929,596295,596295,STARTER,4
2025,2025-07-21,777053,571448,596295,596295,STARTER,4
2025,2025-07-21,777053,680977,596295,596295,STARTER,5
2025,2025-07-21,777053,571448,596295,596295,STARTER,6
2025,2025-07-21,777053,691023,596295,596295,STARTER,6
2025,2025-07-21,777053,575929,675848,596295,BULLPEN,7
2025,2025-07-22,777049,676475,687134,687134,STARTER,4
2025,2025-07-22,777049,575929,687134,687134,STARTER,4
2025,2025-07-22,777049,687363,688642,687134,BULLPEN,7
2025,2025-07-22,777049,691023,680767,687134,BULLPEN,8
2025,2025-07-24,777023,680977,506433,506433,STARTER,1
2025,2025-07-24,777023,680977,506433,506433,STARTER,2
2025,2025-07-24,777023,691023,506433,506433,STARTER,2
2025,2025-07-24,777023,687363,506433,506433,STARTER,2
2025,2025-07-24,777023,575929,506433,506433,STARTER,2
2025,2025-07-24,777023,671056,506433,506433,STARTER,2
2025,2025-07-24,777023,676475,506433,506433,STARTER,2
2025,2025-07-24,777023,687363,506433,506433,STARTER,4
2025,2025-07-24,777023,671056,593974,506433,BULLPEN,6
2025,2025-07-25,777005,575929,601713,601713,STARTER,2
2025,2025-07-25,777005,575929,601713,601713,STARTER,4
2025,2025-07-25,777005,571448,601713,601713,STARTER,4
2025,2025-07-26,776992,571448,681190,681190,STARTER,2
2025,2025-07-27,776980,676475,663568,663568,STARTER,6
2025,2025-07-27,776980,671056,663568,663568,STARTER,6
2025,2025-07-28,776960,676475,665795,665795,STARTER,3
2025,2025-07-28,776960,650968,665795,665795,STARTER,4
2025,2025-07-28,776960,687363,681006,665795,BULLPEN,7
2025,2025-07-28,776960,676475,681006,665795,BULLPEN,7
2025,2025-07-28,776960,680977,681006,665795,BULLPEN,7
2025,2025-07-28,776960,641658,681006,665795,BULLPEN,7
2025,2025-07-28,776960,691026,669199,665795,BULLPEN,7
2025,2025-08-01,776906,575929,601713,601713,STARTER,5
2025,2025-08-02,776896,575929,681190,681190,STARTER,4
2025,2025-08-02,776896,686780,681190,681190,STARTER,4
2025,2025-08-02,776896,691026,681190,681190,STARTER,4
2025,2025-08-02,776896,669357,681190,681190,STARTER,4
2025,2025-08-02,776896,676475,669093,681190,BULLPEN,5
2025,2025-08-02,776896,671056,681190,681190,STARTER,5
2025,2025-08-02,776896,687363,673513,681190,BULLPEN,9
2025,2025-08-02,776896,680977,673513,681190,BULLPEN,9
2025,2025-08-03,776884,671056,670970,656302,BULLPEN,9
2025,2025-08-03,776884,676475,670970,656302,BULLPEN,9
2025,2025-08-03,776884,575929,670970,656302,BULLPEN,9
2025,2025-08-04,776870,691026,607192,607192,STARTER,2
2025,2025-08-04,776870,671056,607455,607192,BULLPEN,8
2025,2025-08-04,776870,641658,592779,607192,BULLPEN,9
2025,2025-08-05,776858,669357,686218,686218,STARTER,2
2025,2025-08-05,776858,575929,686218,686218,STARTER,2
2025,2025-08-05,776858,669357,676508,686218,BULLPEN,7
2025,2025-08-05,776858,575929,664747,686218,BULLPEN,8
2025,2025-08-05,776858,650968,664747,686218,BULLPEN,9
2025,2025-08-05,776858,695336,664747,686218,BULLPEN,9
2025,2025-08-06,776839,691023,660271,660271,STARTER,3
2025,2025-08-06,776839,671056,680736,660271,BULLPEN,6
2025,2025-08-06,776839,691026,681911,660271,BULLPEN,8
2025,2025-08-06,776839,676475,681911,660271,BULLPEN,8
2025,2025-08-06,776839,680977,592779,660271,BULLPEN,9
2025,2025-08-08,776826,676475,571510,571510,STARTER,2
2025,2025-08-08,776826,686780,571510,571510,STARTER,5
2025,2025-08-08,776826,641658,571510,571510,STARTER,5
2025,2025-08-08,776826,691023,518489,571510,BULLPEN,6
2025,2025-08-08,776826,695336,518489,571510,BULLPEN,6
2025,2025-08-09,776818,663457,607067,607067,STARTER,6
2025,2025-08-10,776795,686780,684007,684007,STARTER,3
2025,2025-08-10,776795,695336,684007,684007,STARTER,3
2025,2025-08-10,776795,691023,684007,684007,STARTER,7
2025,2025-08-11,776783,687363,801403,801403,STARTER,3
2025,2025-08-11,776783,695336,675848,801403,BULLPEN,8
2025,2025-08-11,776783,641658,675848,801403,BULLPEN,8
2025,2025-08-13,776758,695336,596295,596295,STARTER,2
2025,2025-08-13,776758,663457,596295,596295,STARTER,2
2025,2025-08-13,776758,663457,596295,596295,STARTER,4
2025,2025-08-13,776758,676475,596295,596295,STARTER,5
2025,2025-08-13,776758,691026,596295,596295,STARTER,5
2025,2025-08-15,776731,663457,661563,661563,STARTER,6
2025,2025-08-15,776731,691023,666808,661563,BULLPEN,7
2025,2025-08-15,776731,686780,666808,661563,BULLPEN,7
2025,2025-08-16,776713,676475,608331,608331,STARTER,1
2025,2025-08-16,776713,669357,608331,608331,STARTER,2
2025,2025-08-16,776713,691026,608331,608331,STARTER,2
2025,2025-08-16,776713,686780,608331,608331,STARTER,2
2025,2025-08-16,776713,687363,608331,608331,STARTER,2
2025,2025-08-16,776713,669357,608331,608331,STARTER,6
2025,2025-08-16,776713,691023,608331,608331,STARTER,6
2025,2025-08-16,776713,686780,643410,608331,BULLPEN,9
2025,2025-08-17,776698,691023,701542,701542,STARTER,4
2025,2025-08-17,776698,671056,701542,701542,STARTER,4
2025,2025-08-17,776698,663457,701542,701542,STARTER,5
2025,2025-08-17,776698,650968,666808,701542,BULLPEN,6
2025,2025-08-18,776688,686780,691587,691587,STARTER,5
2025,2025-08-18,776688,701675,691587,691587,STARTER,5
2025,2025-08-18,776688,663457,691587,691587,STARTER,5
2025,2025-08-18,776688,671056,669199,691587,BULLPEN,7
2025,2025-08-18,776688,669357,669199,691587,BULLPEN,8
2025,2025-08-18,776688,641658,681006,691587,BULLPEN,9
2025,2025-08-18,776688,669357,681006,691587,BULLPEN,9
2025,2025-08-18,776688,575929,681006,691587,BULLPEN,9
2025,2025-08-19,776686,663457,665795,665795,STARTER,1
2025,2025-08-19,776686,701675,665795,665795,STARTER,2
2025,2025-08-19,776686,695336,665795,665795,STARTER,2
2025,2025-08-19,776686,669357,665795,665795,STARTER,3
2025,2025-08-19,776686,691026,665795,665795,STARTER,5
2025,2025-08-19,776686,695336,665795,665795,STARTER,5
2025,2025-08-19,776686,691026,806188,665795,BULLPEN,7
2025,2025-08-20,776670,650968,645261,645261,STARTER,5
2025,2025-08-20,776670,575929,645261,645261,STARTER,6
2025,2025-08-21,776631,695336,671212,671212,STARTER,2
2025,2025-08-21,776631,686780,671212,671212,STARTER,2
2025,2025-08-21,776631,701675,671212,671212,STARTER,2
2025,2025-08-21,776631,671056,671212,671212,STARTER,2
2025,2025-08-21,776631,663457,671212,671212,STARTER,2
2025,2025-08-21,776631,701675,671212,671212,STARTER,4
2025,2025-08-21,776631,575929,641329,671212,BULLPEN,7
2025,2025-08-22,776633,691026,605288,605288,STARTER,2
2025,2025-08-22,776633,575929,605288,605288,STARTER,6
2025,2025-08-22,776633,701675,605288,605288,STARTER,7
2025,2025-08-22,776633,691023,605288,605288,STARTER,7
2025,2025-08-22,776633,575929,643377,605288,BULLPEN,7
2025,2025-08-22,776633,671056,643377,605288,BULLPEN,7
2025,2025-08-24,776606,676475,682254,686752,BULLPEN,7
2025,2025-08-24,776606,676475,687003,686752,BULLPEN,9
2025,2025-08-25,776589,669357,670912,670912,STARTER,2
2025,2025-08-25,776589,701675,571760,670912,BULLPEN,5
2025,2025-08-25,776589,676475,571760,670912,BULLPEN,5
2025,2025-08-25,776589,691026,571760,670912,BULLPEN,5
2025,2025-08-25,776589,575929,571760,670912,BULLPEN,5
2025,2025-08-25,776589,669357,571760,670912,BULLPEN,5
2025,2025-08-25,776589,676475,642701,670912,BULLPEN,9
2025,2025-08-26,776578,669357,656605,656605,STARTER,4
2025,2025-08-26,776578,575929,656605,656605,STARTER,4
2025,2025-08-26,776578,663457,656605,656605,STARTER,6
2025,2025-08-27,776568,691026,669387,669387,STARTER,2
2025,2025-08-28,776554,663457,677952,677952,STARTER,3
2025,2025-08-28,776554,691026,670990,677952,BULLPEN,7
2025,2025-08-28,776554,691023,670990,677952,BULLPEN,7
2025,2025-08-28,776554,695336,670990,677952,BULLPEN,7
2025,2025-08-29,776551,671056,641793,641793,STARTER,1
2025,2025-08-29,776551,686780,641793,641793,STARTER,2
2025,2025-08-29,776551,695336,641793,641793,STARTER,2
2025,2025-08-29,776551,671056,641793,641793,STARTER,3
2025,2025-08-29,776551,641658,607259,641793,BULLPEN,8
2025,2025-08-29,776551,701675,663574,641793,BULLPEN,10
2025,2025-08-29,776551,575929,663574,641793,BULLPEN,10
2025,2025-08-30,776536,695336,671096,671096,STARTER,4
2025,2025-08-30,776536,691023,671096,671096,STARTER,4
2025,2025-08-30,776536,575929,683175,671096,BULLPEN,7
2025,2025-08-30,776536,686780,687209,671096,BULLPEN,8
2025,2025-08-31,776518,663457,663903,663903,STARTER,1
2025,2025-08-31,776518,671056,663903,663903,STARTER,1
2025,2025-08-31,776518,663457,663903,663903,STARTER,3
2025,2025-08-31,776518,699625,594580,663903,BULLPEN,7
2025,2025-09-01,776497,671056,806960,806960,STARTER,4
2025,2025-09-01,776497,663457,806960,806960,STARTER,6
2025,2025-09-01,776497,695336,543518,806960,BULLPEN,9
2025,2025-09-02,776483,671056,547184,622663,BULLPEN,6
2025,2025-09-02,776483,687363,663687,622663,BULLPEN,6
2025,2025-09-03,776470,671056,605488,605488,STARTER,3
2025,2025-09-03,776470,691026,605488,605488,STARTER,3
2025,2025-09-03,776470,669357,665660,605488,BULLPEN,7
2025,2025-09-03,776470,691026,621053,605488,BULLPEN,8
2025,2025-09-03,776470,663457,621053,605488,BULLPEN,8
2025,2025-09-05,776445,699625,693313,693313,STARTER,5
2025,2025-09-05,776445,671056,663941,693313,BULLPEN,8
2025,2025-09-06,776437,669357,676254,434378,BULLPEN,9
2025,2025-09-06,776437,691026,676254,434378,BULLPEN,9
2025,2025-09-06,776437,641658,676254,434378,BULLPEN,9
2025,2025-09-07,776416,691023,678906,678906,STARTER,5
2025,2025-09-07,776416,701675,678906,678906,STARTER,5
2025,2025-09-07,776416,665877,678906,678906,STARTER,5
2025,2025-09-07,776416,663457,678906,678906,STARTER,5
2025,2025-09-08,776400,676475,693433,693433,STARTER,4
2025,2025-09-08,776400,671056,693433,693433,STARTER,4
2025,2025-09-09,776391,575929,669923,669923,STARTER,2
2025,2025-09-09,776391,669357,669923,669923,STARTER,2
2025,2025-09-09,776391,695336,669923,669923,STARTER,4
2025,2025-09-10,776373,671056,669302,669302,STARTER,1
2025,2025-09-10,776373,575929,592426,669302,BULLPEN,11
2025,2025-09-12,776356,671056,682990,682990,STARTER,6
2025,2025-09-12,776356,676475,682990,682990,STARTER,6
2025,2025-09-13,776339,671056,694819,694819,STARTER,1
2025,2025-09-13,776339,575929,694819,694819,STARTER,1
2025,2025-09-13,776339,680977,694819,694819,STARTER,3
2025,2025-09-13,776339,671056,694819,694819,STARTER,5
2025,2025-09-13,776339,695336,681982,694819,BULLPEN,6
2025,2025-09-13,776339,686780,681982,694819,BULLPEN,6
2025,2025-09-13,776339,701675,668964,694819,BULLPEN,9
2025,2025-09-13,776339,691023,682842,694819,BULLPEN,10
2025,2025-09-14,776326,695336,500779,500779,STARTER,2
2025,2025-09-14,776326,669357,500779,500779,STARTER,2
2025,2025-09-14,776326,691023,500779,500779,STARTER,2
2025,2025-09-15,776312,575929,641793,641793,STARTER,2
2025,2025-09-15,776312,671056,641793,641793,STARTER,6
2025,2025-09-15,776312,680977,641793,641793,STARTER,6
2025,2025-09-15,776312,676475,641793,641793,STARTER,6
2025,2025-09-15,776312,571448,668933,641793,BULLPEN,7
2025,2025-09-15,776312,695336,668933,641793,BULLPEN,7
2025,2025-09-16,776300,680977,671096,671096,STARTER,1
2025,2025-09-16,776300,695336,671096,671096,STARTER,3
2025,2025-09-16,776300,676475,671096,671096,STARTER,3
2025,2025-09-17,776283,676475,663903,663903,STARTER,1
2025,2025-09-17,776283,663457,663903,663903,STARTER,6
2025,2025-09-19,776265,680977,694819,694819,STARTER,1
2025,2025-09-19,776265,695336,694819,694819,STARTER,2
2025,2025-09-19,776265,676475,642239,694819,BULLPEN,5
2025,2025-09-19,776265,680977,642239,694819,BULLPEN,5
2025,2025-09-19,776265,671056,642239,694819,BULLPEN,5
2025,2025-09-19,776265,571448,681982,694819,BULLPEN,5
2025,2025-09-19,776265,695336,681982,694819,BULLPEN,5
2025,2025-09-20,776244,671056,694477,694477,STARTER,4
2025,2025-09-20,776244,686780,694477,694477,STARTER,5
2025,2025-09-21,776231,671056,688107,688107,STARTER,3
2025,2025-09-21,776231,687363,688107,688107,STARTER,3
2025,2025-09-21,776231,669357,607200,688107,BULLPEN,4
2025,2025-09-21,776231,691023,607200,688107,BULLPEN,4
2025,2025-09-21,776231,671056,607200,688107,BULLPEN,8
2025,2025-09-22,776220,665877,434378,434378,STARTER,3
2025,2025-09-22,776220,691023,434378,434378,STARTER,4
2025,2025-09-22,776220,671056,434378,434378,STARTER,5
2025,2025-09-22,776220,663457,434378,434378,STARTER,5
2025,2025-09-22,776220,676475,434378,434378,STARTER,5
2025,2025-09-22,776220,571448,434378,434378,STARTER,5
2025,2025-09-23,776211,680977,657277,657277,STARTER,1
2025,2025-09-23,776211,671056,657277,657277,STARTER,1
2025,2025-09-23,776211,663457,657277,657277,STARTER,1
2025,2025-09-23,776211,671056,664192,657277,BULLPEN,7
2025,2025-09-23,776211,691023,664192,657277,BULLPEN,7
2025,2025-09-23,776211,687363,664192,657277,BULLPEN,7
2025,2025-09-23,776211,571448,702352,657277,BULLPEN,7
2025,2025-09-23,776211,687363,676254,657277,BULLPEN,9
2025,2025-09-23,776211,665877,676254,657277,BULLPEN,9
2025,2025-09-24,776196,687363,664141,664141,STARTER,3
2025,2025-09-24,776196,680977,664141,664141,STARTER,3
2025,2025-09-24,776196,671056,657424,664141,BULLPEN,8
2025,2025-09-26,776167,669357,573204,607067,BULLPEN,7
2025,2025-09-27,776164,571448,592791,592791,STARTER,4
2025,2025-09-27,776164,691023,573204,592791,BULLPEN,7
2025,2025-09-27,776164,699625,573204,592791,BULLPEN,7
2026_CUTOFF,2026-03-26,823081,802139,656876,656876,STARTER,3
2026_CUTOFF,2026-03-26,823081,691026,693855,656876,BULLPEN,6
2026_CUTOFF,2026-03-26,823081,676475,693855,656876,BULLPEN,6
2026_CUTOFF,2026-03-26,823081,691023,693855,656876,BULLPEN,6
2026_CUTOFF,2026-03-26,823081,669357,693855,656876,BULLPEN,6
2026_CUTOFF,2026-03-26,823081,701675,693855,656876,BULLPEN,6
2026_CUTOFF,2026-03-26,823081,686780,664076,656876,BULLPEN,6
2026_CUTOFF,2026-03-26,823081,676475,643377,656876,BULLPEN,6
2026_CUTOFF,2026-03-26,823081,687363,664076,656876,BULLPEN,6
2026_CUTOFF,2026-03-28,823082,802139,671212,671212,STARTER,1
2026_CUTOFF,2026-03-28,823082,676475,671212,671212,STARTER,1
2026_CUTOFF,2026-03-28,823082,691023,642121,671212,BULLPEN,8
2026_CUTOFF,2026-03-28,823082,687363,642121,671212,BULLPEN,8
2026_CUTOFF,2026-03-28,823082,691023,643377,671212,BULLPEN,10
2026_CUTOFF,2026-03-28,823082,701675,643377,671212,BULLPEN,10
2026_CUTOFF,2026-03-29,823079,691023,571927,571927,STARTER,3
2026_CUTOFF,2026-03-29,823079,691023,571927,571927,STARTER,4
2026_CUTOFF,2026-03-29,823079,691026,571927,571927,STARTER,4
2026_CUTOFF,2026-03-29,823079,695336,571927,571927,STARTER,4
2026_CUTOFF,2026-03-29,823079,669357,669438,571927,BULLPEN,8
2026_CUTOFF,2026-03-29,823079,686780,669438,571927,BULLPEN,8
2026_CUTOFF,2026-03-29,823079,691023,669438,571927,BULLPEN,8
2026_CUTOFF,2026-03-30,823080,802139,605280,605280,STARTER,1
2026_CUTOFF,2026-03-30,823080,669357,605280,605280,STARTER,6
2026_CUTOFF,2026-03-31,823077,687363,673540,673540,STARTER,3
2026_CUTOFF,2026-03-31,823077,802139,673540,673540,STARTER,3
2026_CUTOFF,2026-03-31,823077,602104,663992,673540,BULLPEN,7
2026_CUTOFF,2026-04-01,823078,802139,642547,642547,STARTER,6
2026_CUTOFF,2026-04-01,823078,802139,668964,642547,BULLPEN,11
2026_CUTOFF,2026-04-04,824295,671056,656427,656427,STARTER,3
2026_CUTOFF,2026-04-04,824295,802139,656427,656427,STARTER,5
2026_CUTOFF,2026-04-04,824295,691023,623454,656427,BULLPEN,5
2026_CUTOFF,2026-04-04,824295,671056,656427,656427,STARTER,5
2026_CUTOFF,2026-04-04,824295,676475,656427,656427,STARTER,5
2026_CUTOFF,2026-04-04,824295,669357,656427,656427,STARTER,5
2026_CUTOFF,2026-04-05,824296,669357,672456,672456,STARTER,5
2026_CUTOFF,2026-04-05,824296,701675,672456,672456,STARTER,5
2026_CUTOFF,2026-04-05,824296,687363,646241,672456,BULLPEN,5
2026_CUTOFF,2026-04-05,824296,686780,672456,672456,STARTER,5
2026_CUTOFF,2026-04-05,824296,802139,646241,672456,BULLPEN,8
2026_CUTOFF,2026-04-06,822755,695336,641793,641793,STARTER,5
2026_CUTOFF,2026-04-06,822755,602104,686610,641793,BULLPEN,6
2026_CUTOFF,2026-04-06,822755,669357,686610,641793,BULLPEN,6
2026_CUTOFF,2026-04-06,822755,691023,686610,641793,BULLPEN,8
2026_CUTOFF,2026-04-06,822755,691026,701552,641793,BULLPEN,8
2026_CUTOFF,2026-04-06,822755,602104,701552,641793,BULLPEN,8
2026_CUTOFF,2026-04-07,822754,802139,676917,676917,STARTER,1
2026_CUTOFF,2026-04-07,822754,676475,676917,676917,STARTER,1
2026_CUTOFF,2026-04-07,822754,691023,676571,676917,BULLPEN,7
2026_CUTOFF,2026-04-07,822754,701675,681402,676917,BULLPEN,8
2026_CUTOFF,2026-04-07,822754,691026,681402,676917,BULLPEN,8
2026_CUTOFF,2026-04-07,822754,691026,669371,676917,BULLPEN,10
2026_CUTOFF,2026-04-07,822754,695336,669371,676917,BULLPEN,10
2026_CUTOFF,2026-04-08,822753,701675,571945,571945,STARTER,2
2026_CUTOFF,2026-04-08,822753,695336,571945,571945,STARTER,2
2026_CUTOFF,2026-04-08,822753,691023,695418,571945,BULLPEN,5
2026_CUTOFF,2026-04-08,822753,802139,672335,571945,BULLPEN,7
2026_CUTOFF,2026-04-08,822753,676475,669371,571945,BULLPEN,9
2026_CUTOFF,2026-04-08,822753,671056,669371,571945,BULLPEN,9
2026_CUTOFF,2026-04-10,823076,602104,813349,813349,STARTER,2
2026_CUTOFF,2026-04-10,823076,691023,677161,813349,BULLPEN,5
2026_CUTOFF,2026-04-10,823076,602104,677161,813349,BULLPEN,5
2026_CUTOFF,2026-04-11,823074,691023,676477,624133,BULLPEN,8
2026_CUTOFF,2026-04-12,823075,691023,678394,678394,STARTER,2
2026_CUTOFF,2026-04-12,823075,671056,678394,678394,STARTER,6
2026_CUTOFF,2026-04-12,823075,676475,677161,678394,BULLPEN,8
2026_CUTOFF,2026-04-13,823073,802139,668909,668909,STARTER,1
2026_CUTOFF,2026-04-13,823073,691023,668909,668909,STARTER,6
2026_CUTOFF,2026-04-13,823073,691023,683769,668909,BULLPEN,8
2026_CUTOFF,2026-04-14,823072,671056,676282,676282,STARTER,1
2026_CUTOFF,2026-04-14,823072,802139,676282,676282,STARTER,3
2026_CUTOFF,2026-04-14,823072,802139,681870,676282,BULLPEN,8
2026_CUTOFF,2026-04-14,823072,665877,681870,676282,BULLPEN,8
2026_CUTOFF,2026-04-14,823072,691026,671922,676282,BULLPEN,9
2026_CUTOFF,2026-04-14,823072,695336,682120,676282,BULLPEN,10
2026_CUTOFF,2026-04-15,823071,701675,677944,677944,STARTER,2
2026_CUTOFF,2026-04-15,823071,691026,641401,677944,BULLPEN,6
2026_CUTOFF,2026-04-15,823071,687363,641401,677944,BULLPEN,6
2026_CUTOFF,2026-04-15,823071,701675,641401,677944,BULLPEN,6
2026_CUTOFF,2026-04-15,823071,602104,670036,677944,BULLPEN,7
2026_CUTOFF,2026-04-17,824207,802139,663567,663567,STARTER,1
2026_CUTOFF,2026-04-17,824207,671056,663567,663567,STARTER,3
2026_CUTOFF,2026-04-17,824207,802139,663567,663567,STARTER,3
2026_CUTOFF,2026-04-17,824207,686780,663567,663567,STARTER,4
2026_CUTOFF,2026-04-17,824207,669357,650556,663567,BULLPEN,7
2026_CUTOFF,2026-04-17,824207,676475,650556,663567,BULLPEN,7
2026_CUTOFF,2026-04-17,824207,691023,650556,663567,BULLPEN,7
2026_CUTOFF,2026-04-17,824207,671056,641585,663567,BULLPEN,8
2026_CUTOFF,2026-04-17,824207,802139,641585,663567,BULLPEN,8
2026_CUTOFF,2026-04-18,824206,671056,621121,621121,STARTER,1
2026_CUTOFF,2026-04-18,824206,802139,621121,621121,STARTER,1
2026_CUTOFF,2026-04-18,824206,691026,621121,621121,STARTER,3
2026_CUTOFF,2026-04-18,824206,669357,621121,621121,STARTER,3
2026_CUTOFF,2026-04-18,824206,665877,676467,621121,BULLPEN,6
2026_CUTOFF,2026-04-18,824206,676475,676467,621121,BULLPEN,7
2026_CUTOFF,2026-04-18,824206,602104,676467,621121,BULLPEN,8
2026_CUTOFF,2026-04-19,824205,691026,681347,681347,STARTER,5
2026_CUTOFF,2026-04-19,824205,686780,681347,681347,STARTER,5
2026_CUTOFF,2026-04-19,824205,701675,681347,681347,STARTER,5
2026_CUTOFF,2026-04-19,824205,687363,681347,681347,STARTER,5
2026_CUTOFF,2026-04-19,824205,602104,687911,681347,BULLPEN,10
2026_CUTOFF,2026-04-19,824205,671056,687911,681347,BULLPEN,10
2026_CUTOFF,2026-04-19,824205,691023,687911,681347,BULLPEN,10
2026_CUTOFF,2026-04-20,823879,691023,676974,676974,STARTER,4
2026_CUTOFF,2026-04-20,823879,691023,676974,676974,STARTER,6
2026_CUTOFF,2026-04-20,823879,691026,664126,676974,BULLPEN,9
2026_CUTOFF,2026-04-21,823880,802139,663978,663978,STARTER,1
2026_CUTOFF,2026-04-21,823880,802139,663978,663978,STARTER,3
2026_CUTOFF,2026-04-21,823880,701675,663978,663978,STARTER,4
2026_CUTOFF,2026-04-21,823880,691026,663978,663978,STARTER,4
2026_CUTOFF,2026-04-21,823880,676475,663978,663978,STARTER,5
2026_CUTOFF,2026-04-22,823878,671056,669199,676083,BULLPEN,9
2026_CUTOFF,2026-04-24,823069,669357,669923,669923,STARTER,4
2026_CUTOFF,2026-04-24,823069,691023,669923,669923,STARTER,4
2026_CUTOFF,2026-04-25,823070,802139,693433,693433,STARTER,1
2026_CUTOFF,2026-04-25,823070,671056,693433,693433,STARTER,1
2026_CUTOFF,2026-04-25,823070,701675,693433,693433,STARTER,2
2026_CUTOFF,2026-04-25,823070,691023,693433,693433,STARTER,3
2026_CUTOFF,2026-04-25,823070,669357,693433,693433,STARTER,3
2026_CUTOFF,2026-04-25,823070,686780,693433,693433,STARTER,3
2026_CUTOFF,2026-04-25,823070,691026,693433,693433,STARTER,3
2026_CUTOFF,2026-04-25,823070,701675,681867,693433,BULLPEN,7
2026_CUTOFF,2026-04-25,823070,691026,681867,693433,BULLPEN,7
2026_CUTOFF,2026-04-26,823068,802139,676106,676106,STARTER,3
2026_CUTOFF,2026-04-26,823068,701675,676106,676106,STARTER,6
2026_CUTOFF,2026-04-27,823395,686780,642701,682254,BULLPEN,9
2026_CUTOFF,2026-04-27,823395,802139,642701,682254,BULLPEN,9
2026_CUTOFF,2026-04-27,823395,687363,642701,682254,BULLPEN,9
2026_CUTOFF,2026-04-27,823395,676475,642701,682254,BULLPEN,9
2026_CUTOFF,2026-04-28,823390,669357,677952,677952,STARTER,2
2026_CUTOFF,2026-04-28,823390,687363,677952,677952,STARTER,3
2026_CUTOFF,2026-04-28,823390,802139,677952,677952,STARTER,3
2026_CUTOFF,2026-04-28,823390,802139,677952,677952,STARTER,5
2026_CUTOFF,2026-04-28,823390,671056,677952,677952,STARTER,5
2026_CUTOFF,2026-04-28,823390,676475,677952,677952,STARTER,5
2026_CUTOFF,2026-04-28,823390,671056,682995,677952,BULLPEN,7
2026_CUTOFF,2026-04-28,823390,676475,682995,677952,BULLPEN,7
2026_CUTOFF,2026-04-28,823390,691023,682995,677952,BULLPEN,7
2026_CUTOFF,2026-04-28,823390,802139,682995,677952,BULLPEN,8
2026_CUTOFF,2026-04-28,823390,671056,682995,677952,BULLPEN,8
2026_CUTOFF,2026-04-29,823392,602104,696149,696149,STARTER,3
2026_CUTOFF,2026-04-29,823392,676475,696149,696149,STARTER,5
2026_CUTOFF,2026-04-29,823392,671056,696149,696149,STARTER,5
2026_CUTOFF,2026-04-29,823392,687363,681895,696149,BULLPEN,7
2026_CUTOFF,2026-04-29,823392,671056,606965,696149,BULLPEN,7
2026_CUTOFF,2026-04-30,823391,802139,694973,694973,STARTER,1
2026_CUTOFF,2026-04-30,823391,691023,694973,694973,STARTER,1
2026_CUTOFF,2026-04-30,823391,671056,694973,694973,STARTER,1
2026_CUTOFF,2026-04-30,823391,676475,694973,694973,STARTER,3
2026_CUTOFF,2026-04-30,823391,802139,694973,694973,STARTER,5
2026_CUTOFF,2026-04-30,823391,669357,676755,694973,BULLPEN,8
2026_CUTOFF,2026-04-30,823391,691026,676755,694973,BULLPEN,8
2026_CUTOFF,2026-04-30,823391,687363,676755,694973,BULLPEN,8
2026_CUTOFF,2026-04-30,823391,701675,676755,694973,BULLPEN,8
2026_CUTOFF,2026-04-30,823391,671056,676755,694973,BULLPEN,8
2026_CUTOFF,2026-05-01,823066,671056,686218,686218,STARTER,1
2026_CUTOFF,2026-05-01,823066,669357,686218,686218,STARTER,1
2026_CUTOFF,2026-05-01,823066,691023,686218,686218,STARTER,1
2026_CUTOFF,2026-05-01,823066,676475,686218,686218,STARTER,3
2026_CUTOFF,2026-05-01,823066,671056,683618,686218,BULLPEN,7
2026_CUTOFF,2026-05-01,823066,676475,683618,686218,BULLPEN,7
2026_CUTOFF,2026-05-01,823066,691023,683618,686218,BULLPEN,7
2026_CUTOFF,2026-05-02,823067,671056,808963,808963,STARTER,3
2026_CUTOFF,2026-05-02,823067,691023,808963,808963,STARTER,3
2026_CUTOFF,2026-05-02,823067,676475,808963,808963,STARTER,3
2026_CUTOFF,2026-05-03,823065,691023,694361,680736,BULLPEN,8
2026_CUTOFF,2026-05-04,823064,691026,694477,694477,STARTER,2
2026_CUTOFF,2026-05-04,823064,802139,694477,694477,STARTER,4
2026_CUTOFF,2026-05-04,823064,701675,694477,694477,STARTER,4
2026_CUTOFF,2026-05-04,823064,686780,694477,694477,STARTER,4
2026_CUTOFF,2026-05-04,823064,691023,675660,694477,BULLPEN,7
2026_CUTOFF,2026-05-04,823064,687363,663765,694477,BULLPEN,8
2026_CUTOFF,2026-05-06,823063,687363,656730,687075,BULLPEN,8
2026_CUTOFF,2026-05-06,823063,669357,682842,687075,BULLPEN,9
2026_CUTOFF,2026-05-07,823306,676475,650633,650633,STARTER,4
2026_CUTOFF,2026-05-07,823306,691023,699134,650633,BULLPEN,7
2026_CUTOFF,2026-05-08,823303,802139,656288,656288,STARTER,5
2026_CUTOFF,2026-05-08,823303,701675,656288,656288,STARTER,5
2026_CUTOFF,2026-05-08,823303,687363,656288,656288,STARTER,5
2026_CUTOFF,2026-05-08,823303,691026,656288,656288,STARTER,5
2026_CUTOFF,2026-05-08,823303,671056,656288,656288,STARTER,5
2026_CUTOFF,2026-05-08,823303,676475,656288,656288,STARTER,5
2026_CUTOFF,2026-05-09,823304,691023,681190,681190,STARTER,4
2026_CUTOFF,2026-05-09,823304,802139,670970,681190,BULLPEN,8
2026_CUTOFF,2026-05-10,823305,691023,621111,621111,STARTER,4
2026_CUTOFF,2026-05-10,823305,676475,621111,621111,STARTER,4
2026_CUTOFF,2026-05-12,825011,802139,605488,605488,STARTER,1
2026_CUTOFF,2026-05-12,825011,691023,605488,605488,STARTER,1
2026_CUTOFF,2026-05-12,825011,671056,605488,605488,STARTER,1
2026_CUTOFF,2026-05-12,825011,665877,605488,605488,STARTER,1
2026_CUTOFF,2026-05-12,825011,802139,669270,605488,BULLPEN,6
2026_CUTOFF,2026-05-12,825011,669357,669270,605488,BULLPEN,6
2026_CUTOFF,2026-05-13,825010,669357,669372,669372,STARTER,4
2026_CUTOFF,2026-05-13,825010,686780,686993,669372,BULLPEN,7
2026_CUTOFF,2026-05-14,825008,687363,682052,682052,STARTER,5
2026_CUTOFF,2026-05-14,825008,691023,682052,682052,STARTER,6
2026_CUTOFF,2026-05-14,825008,691026,682052,682052,STARTER,6
2026_CUTOFF,2026-05-14,825008,695336,678022,682052,BULLPEN,9
2026_CUTOFF,2026-05-14,825008,802139,678022,682052,BULLPEN,9
2026_CUTOFF,2026-05-15,823061,691023,608379,608379,STARTER,4
2026_CUTOFF,2026-05-15,823061,671056,608379,608379,STARTER,4
2026_CUTOFF,2026-05-15,823061,686780,608379,608379,STARTER,5
2026_CUTOFF,2026-05-15,823061,695336,668674,608379,BULLPEN,10
2026_CUTOFF,2026-05-15,823061,701675,674444,608379,BULLPEN,11
2026_CUTOFF,2026-05-16,823060,671056,702070,702070,STARTER,1
2026_CUTOFF,2026-05-16,823060,695336,702070,702070,STARTER,5
2026_CUTOFF,2026-05-16,823060,701675,702070,702070,STARTER,5
2026_CUTOFF,2026-05-16,823060,691026,663559,702070,BULLPEN,8
2026_CUTOFF,2026-05-19,823059,802139,656605,656605,STARTER,3
2026_CUTOFF,2026-05-19,823059,686780,656605,656605,STARTER,3
2026_CUTOFF,2026-05-19,823059,676475,656605,656605,STARTER,4
2026_CUTOFF,2026-05-19,823059,669357,681895,656605,BULLPEN,6
2026_CUTOFF,2026-05-19,823059,676475,656605,656605,STARTER,6
2026_CUTOFF,2026-05-19,823059,676475,684049,656605,BULLPEN,8
2026_CUTOFF,2026-05-19,823059,671056,682254,656605,BULLPEN,10
2026_CUTOFF,2026-05-19,823059,687363,682254,656605,BULLPEN,10
2026_CUTOFF,2026-05-19,823059,802139,682254,656605,BULLPEN,10
2026_CUTOFF,2026-05-21,823056,671056,677952,677952,STARTER,3
2026_CUTOFF,2026-05-21,823056,671056,696062,677952,BULLPEN,8
2026_CUTOFF,2026-05-23,824516,691023,695534,695534,STARTER,2
2026_CUTOFF,2026-05-23,824516,691023,695534,695534,STARTER,6
2026_CUTOFF,2026-05-23,824516,671056,695534,695534,STARTER,6
2026_CUTOFF,2026-05-23,824516,676475,695534,695534,STARTER,6
2026_CUTOFF,2026-05-23,824516,665877,663574,695534,BULLPEN,9
2026_CUTOFF,2026-05-23,824516,687363,663574,695534,BULLPEN,9
2026_CUTOFF,2026-05-23,824518,802139,663978,663978,STARTER,3
2026_CUTOFF,2026-05-23,824518,671056,663978,663978,STARTER,3
2026_CUTOFF,2026-05-23,824518,691026,663978,663978,STARTER,4
2026_CUTOFF,2026-05-23,824518,691023,683175,663978,BULLPEN,7
2026_CUTOFF,2026-05-23,824518,671056,683175,663978,BULLPEN,7
2026_CUTOFF,2026-05-23,824518,687363,683742,663978,BULLPEN,8
2026_CUTOFF,2026-05-23,824518,663494,683742,663978,BULLPEN,9
2026_CUTOFF,2026-05-23,824518,691026,683742,663978,BULLPEN,9
2026_CUTOFF,2026-05-25,823784,687363,694819,694819,STARTER,6
2026_CUTOFF,2026-05-27,823783,691023,694477,694477,STARTER,4
2026_CUTOFF,2026-05-29,823055,676369,684007,684007,STARTER,1
2026_CUTOFF,2026-05-29,823055,671056,684007,684007,STARTER,1
2026_CUTOFF,2026-05-29,823055,691023,684007,684007,STARTER,1
2026_CUTOFF,2026-05-29,823055,695336,684007,684007,STARTER,4
2026_CUTOFF,2026-05-29,823055,671056,684007,684007,STARTER,5
2026_CUTOFF,2026-05-29,823055,676369,664208,684007,BULLPEN,8
2026_CUTOFF,2026-05-30,823054,802139,676962,676962,STARTER,4
2026_CUTOFF,2026-05-31,823053,802139,696136,696136,STARTER,1
2026_CUTOFF,2026-05-31,823053,671056,696136,696136,STARTER,1
2026_CUTOFF,2026-05-31,823053,802139,696136,696136,STARTER,3
2026_CUTOFF,2026-05-31,823053,676475,681799,696136,BULLPEN,3
2026_CUTOFF,2026-05-31,823053,671056,681799,696136,BULLPEN,3
2026_CUTOFF,2026-06-01,823050,691026,682608,594798,BULLPEN,6
2026_CUTOFF,2026-06-02,823052,663494,543135,543135,STARTER,2
2026_CUTOFF,2026-06-02,823052,669357,543135,543135,STARTER,4
2026_CUTOFF,2026-06-02,823052,802139,543135,543135,STARTER,7
2026_CUTOFF,2026-06-02,823052,671056,543135,543135,STARTER,7
2026_CUTOFF,2026-06-03,823051,691023,669022,669022,STARTER,1
2026_CUTOFF,2026-06-03,823051,691023,669022,669022,STARTER,3
2026_CUTOFF,2026-06-03,823051,676369,669022,669022,STARTER,3
2026_CUTOFF,2026-06-03,823051,665877,669022,669022,STARTER,5
2026_CUTOFF,2026-06-03,823051,691023,681168,669022,BULLPEN,6
2026_CUTOFF,2026-06-05,823049,671056,663903,663903,STARTER,1
2026_CUTOFF,2026-06-05,823049,676475,663903,663903,STARTER,1
2026_CUTOFF,2026-06-05,823049,676475,663903,663903,STARTER,3
2026_CUTOFF,2026-06-05,823049,676475,663903,663903,STARTER,5
2026_CUTOFF,2026-06-05,823049,687363,687209,663903,BULLPEN,6
2026_CUTOFF,2026-06-05,823049,663457,687209,663903,BULLPEN,6
2026_CUTOFF,2026-06-05,823049,671056,687209,663903,BULLPEN,6
2026_CUTOFF,2026-06-05,823049,676475,687209,663903,BULLPEN,6
2026_CUTOFF,2026-06-05,823049,663494,682825,663903,BULLPEN,6
2026_CUTOFF,2026-06-05,823049,691026,682825,663903,BULLPEN,6
2026_CUTOFF,2026-06-06,823048,676475,666157,666157,STARTER,2
2026_CUTOFF,2026-06-06,823048,663494,666157,666157,STARTER,2
2026_CUTOFF,2026-06-06,823048,665877,666157,666157,STARTER,2
2026_CUTOFF,2026-06-06,823048,691023,666157,666157,STARTER,5
2026_CUTOFF,2026-06-06,823048,663457,594580,666157,BULLPEN,8
2026_CUTOFF,2026-06-06,823048,665877,594580,666157,BULLPEN,8
2026_CUTOFF,2026-06-07,823047,676475,663978,695076,BULLPEN,5
2026_CUTOFF,2026-06-07,823047,663494,663978,695076,BULLPEN,5
2026_CUTOFF,2026-06-07,823047,691023,663978,695076,BULLPEN,5
2026_CUTOFF,2026-06-07,823047,665877,594580,695076,BULLPEN,8
2026_CUTOFF,2026-06-07,823047,676369,594580,695076,BULLPEN,8
2026_CUTOFF,2026-06-09,823620,701675,642547,642547,STARTER,3
2026_CUTOFF,2026-06-09,823620,669357,642547,642547,STARTER,3
2026_CUTOFF,2026-06-09,823620,802139,642547,642547,STARTER,3
2026_CUTOFF,2026-06-09,823620,671056,642547,642547,STARTER,3
2026_CUTOFF,2026-06-09,823620,676475,642547,642547,STARTER,5
2026_CUTOFF,2026-06-09,823620,671056,642547,642547,STARTER,5
2026_CUTOFF,2026-06-09,823620,671056,680702,642547,BULLPEN,7
2026_CUTOFF,2026-06-10,823618,802139,681810,681810,STARTER,1
2026_CUTOFF,2026-06-10,823618,671056,681810,681810,STARTER,1
2026_CUTOFF,2026-06-10,823618,676369,656849,681810,BULLPEN,3
2026_CUTOFF,2026-06-10,823618,691026,656849,681810,BULLPEN,3
2026_CUTOFF,2026-06-10,823618,691023,656849,681810,BULLPEN,4
2026_CUTOFF,2026-06-10,823618,802139,656849,681810,BULLPEN,4
2026_CUTOFF,2026-06-10,823618,671056,656849,681810,BULLPEN,4
2026_CUTOFF,2026-06-10,823618,701675,656849,681810,BULLPEN,5
2026_CUTOFF,2026-06-10,823618,676475,702752,681810,BULLPEN,9
2026_CUTOFF,2026-06-11,823619,676475,681035,681035,STARTER,1
2026_CUTOFF,2026-06-11,823619,663457,681035,681035,STARTER,2
2026_CUTOFF,2026-06-11,823619,699625,681035,681035,STARTER,2
2026_CUTOFF,2026-06-11,823619,691026,681035,681035,STARTER,2
2026_CUTOFF,2026-06-12,823695,676475,657746,657746,STARTER,1
2026_CUTOFF,2026-06-12,823695,663457,657746,657746,STARTER,2
2026_CUTOFF,2026-06-12,823695,691026,657746,657746,STARTER,2
2026_CUTOFF,2026-06-12,823695,699625,573124,657746,BULLPEN,7
2026_CUTOFF,2026-06-12,823695,676475,679358,657746,BULLPEN,7
2026_CUTOFF,2026-06-12,823695,802139,573124,657746,BULLPEN,7
2026_CUTOFF,2026-06-12,823695,671056,679358,657746,BULLPEN,7
2026_CUTOFF,2026-06-12,823695,663494,672782,657746,BULLPEN,8
2026_CUTOFF,2026-06-13,823694,671056,687570,687570,STARTER,1
2026_CUTOFF,2026-06-13,823694,691026,687570,687570,STARTER,1
2026_CUTOFF,2026-06-13,823694,691458,687570,687570,STARTER,2
2026_CUTOFF,2026-06-13,823694,686780,687570,687570,STARTER,2
2026_CUTOFF,2026-06-13,823694,671056,664875,687570,BULLPEN,7
2026_CUTOFF,2026-06-13,823694,691023,664875,687570,BULLPEN,7
2026_CUTOFF,2026-06-13,823694,691458,701519,687570,BULLPEN,7
2026_CUTOFF,2026-06-13,823694,663457,664875,687570,BULLPEN,7
2026_CUTOFF,2026-06-13,823694,676475,664875,687570,BULLPEN,7
2026_CUTOFF,2026-06-14,823693,676475,671737,671737,STARTER,4
2026_CUTOFF,2026-06-14,823693,802139,671737,671737,STARTER,6
2026_CUTOFF,2026-06-14,823693,701675,671737,671737,STARTER,6
2026_CUTOFF,2026-06-14,823693,665877,671737,671737,STARTER,7
2026_CUTOFF,2026-06-15,823046,691026,608337,593974,BULLPEN,4
2026_CUTOFF,2026-06-15,823046,663457,608337,593974,BULLPEN,4
2026_CUTOFF,2026-06-15,823046,671056,608337,593974,BULLPEN,5
2026_CUTOFF,2026-06-16,823045,663457,650633,650633,STARTER,2
2026_CUTOFF,2026-06-16,823045,691458,650633,650633,STARTER,2
2026_CUTOFF,2026-06-16,823045,671056,650633,650633,STARTER,5
2026_CUTOFF,2026-06-17,823044,701675,656288,699134,BULLPEN,5
2026_CUTOFF,2026-06-18,824098,802139,702070,702070,STARTER,1
2026_CUTOFF,2026-06-18,824098,671056,702070,702070,STARTER,1
2026_CUTOFF,2026-06-18,824098,691458,702070,702070,STARTER,4
2026_CUTOFF,2026-06-18,824098,691026,702070,702070,STARTER,5
2026_CUTOFF,2026-06-18,824098,691026,696131,702070,BULLPEN,7
2026_CUTOFF,2026-06-18,824098,691458,696131,702070,BULLPEN,7
2026_CUTOFF,2026-06-19,824097,671056,607625,607625,STARTER,1
2026_CUTOFF,2026-06-19,824097,701675,607625,607625,STARTER,3
2026_CUTOFF,2026-06-19,824097,663457,621381,607625,BULLPEN,9
2026_CUTOFF,2026-06-19,824097,676369,621381,607625,BULLPEN,9
2026_CUTOFF,2026-06-19,824097,691026,621381,607625,BULLPEN,9
2026_CUTOFF,2026-06-21,824095,802139,663568,663568,STARTER,1
2026_CUTOFF,2026-06-21,824095,671056,663568,663568,STARTER,1
2026_CUTOFF,2026-06-21,824095,691026,663568,663568,STARTER,1
2026_CUTOFF,2026-06-21,824095,676475,663568,663568,STARTER,1
2026_CUTOFF,2026-06-21,824095,663457,663568,663568,STARTER,1
2026_CUTOFF,2026-06-21,824095,802139,663568,663568,STARTER,2
2026_CUTOFF,2026-06-21,824095,701675,663568,663568,STARTER,2
2026_CUTOFF,2026-06-21,824095,671056,663568,663568,STARTER,2
2026_CUTOFF,2026-06-21,824095,676475,663568,663568,STARTER,2
2026_CUTOFF,2026-06-21,824095,671056,674444,663568,BULLPEN,5
2026_CUTOFF,2026-06-21,824095,701675,674444,663568,BULLPEN,5
2026_CUTOFF,2026-06-21,824095,802139,674444,663568,BULLPEN,5
2026_CUTOFF,2026-06-22,823040,701675,518876,518876,STARTER,3
2026_CUTOFF,2026-06-22,823040,663457,518876,518876,STARTER,4
2026_CUTOFF,2026-06-22,823040,691026,518876,518876,STARTER,4
2026_CUTOFF,2026-06-23,823043,663457,623149,593958,BULLPEN,9
2026_CUTOFF,2026-06-23,823043,665877,623149,593958,BULLPEN,9
2026_CUTOFF,2026-06-23,823043,676475,623149,593958,BULLPEN,9
2026_CUTOFF,2026-06-24,823041,665877,683352,683352,STARTER,2
2026_CUTOFF,2026-06-24,823041,665877,657044,683352,BULLPEN,4
2026_CUTOFF,2026-06-24,823041,665877,686753,683352,BULLPEN,9
2026_CUTOFF,2026-06-24,823041,663457,686753,683352,BULLPEN,9
2026_CUTOFF,2026-06-27,823038,691023,669199,687473,BULLPEN,6
2026_CUTOFF,2026-06-28,823037,663494,663969,663969,STARTER,2
2026_CUTOFF,2026-06-28,823037,691026,663969,663969,STARTER,2
2026_CUTOFF,2026-06-30,824907,676369,527048,527048,STARTER,4
2026_CUTOFF,2026-06-30,824907,701675,527048,527048,STARTER,4
2026_CUTOFF,2026-06-30,824907,691026,527048,527048,STARTER,4
2026_CUTOFF,2026-06-30,824907,663457,527048,527048,STARTER,4
2026_CUTOFF,2026-06-30,824907,691026,675916,527048,BULLPEN,6
2026_CUTOFF,2026-07-01,824905,671056,625643,625643,STARTER,1
2026_CUTOFF,2026-07-02,824906,691023,694462,694462,STARTER,1
2026_CUTOFF,2026-07-02,824906,802139,694462,694462,STARTER,1
2026_CUTOFF,2026-07-02,824906,671056,694462,694462,STARTER,1
2026_CUTOFF,2026-07-02,824906,701675,641755,694462,BULLPEN,7
2026_CUTOFF,2026-07-02,824906,691026,641755,694462,BULLPEN,7
2026_CUTOFF,2026-07-02,824906,663494,641755,694462,BULLPEN,7
2026_CUTOFF,2026-07-02,824906,665877,669276,694462,BULLPEN,7
2026_CUTOFF,2026-07-02,824906,802139,669276,694462,BULLPEN,7
2026_CUTOFF,2026-07-02,824906,676475,669276,694462,BULLPEN,7
2026_CUTOFF,2026-07-02,824906,691023,641656,694462,BULLPEN,7
2026_CUTOFF,2026-07-02,824906,676475,675916,694462,BULLPEN,9
2026_CUTOFF,2026-07-03,824659,701675,656849,656849,STARTER,2
2026_CUTOFF,2026-07-03,824659,665877,656849,656849,STARTER,2
2026_CUTOFF,2026-07-03,824659,691458,656849,656849,STARTER,2
2026_CUTOFF,2026-07-03,824659,671056,656849,656849,STARTER,3
2026_CUTOFF,2026-07-03,824659,691023,656849,656849,STARTER,3
2026_CUTOFF,2026-07-03,824659,691026,656849,656849,STARTER,3
2026_CUTOFF,2026-07-03,824659,691023,656849,656849,STARTER,4
2026_CUTOFF,2026-07-03,824659,671056,656849,656849,STARTER,4
2026_CUTOFF,2026-07-03,824659,691026,669060,656849,BULLPEN,4
2026_CUTOFF,2026-07-03,824659,676369,656849,656849,STARTER,4
2026_CUTOFF,2026-07-03,824659,676475,656849,656849,STARTER,4
2026_CUTOFF,2026-07-03,824659,691458,669060,656849,BULLPEN,5
2026_CUTOFF,2026-07-03,824659,691023,669060,656849,BULLPEN,5
2026_CUTOFF,2026-07-03,824659,671056,669060,656849,BULLPEN,5
2026_CUTOFF,2026-07-03,824659,701675,669060,656849,BULLPEN,6
2026_CUTOFF,2026-07-03,824659,691458,669060,656849,BULLPEN,6
2026_CUTOFF,2026-07-03,824659,663494,669060,656849,BULLPEN,7
2026_CUTOFF,2026-07-04,824658,802139,684007,684007,STARTER,1
2026_CUTOFF,2026-07-04,824658,701675,684007,684007,STARTER,3
2026_CUTOFF,2026-07-04,824658,691023,663423,684007,BULLPEN,8
2026_CUTOFF,2026-07-05,824656,691023,621053,665871,BULLPEN,6
2026_CUTOFF,2026-07-05,824656,802139,669020,665871,BULLPEN,6
2026_CUTOFF,2026-07-05,824656,676475,669020,665871,BULLPEN,6
2026_CUTOFF,2026-07-05,824656,802139,519141,665871,BULLPEN,8
2026_CUTOFF,2026-07-06,823036,686780,675660,675660,STARTER,3
2026_CUTOFF,2026-07-06,823036,802139,675660,675660,STARTER,3
2026_CUTOFF,2026-07-06,823036,676369,675660,675660,STARTER,6
2026_CUTOFF,2026-07-07,823035,676369,688107,688107,STARTER,6
2026_CUTOFF,2026-07-07,823035,691023,688107,688107,STARTER,6
2026_CUTOFF,2026-07-07,823062,691023,694819,694819,STARTER,1
2026_CUTOFF,2026-07-07,823062,802139,694819,694819,STARTER,1
2026_CUTOFF,2026-07-07,823062,671056,694819,694819,STARTER,3
2026_CUTOFF,2026-07-08,823032,691026,690986,690986,STARTER,1
2026_CUTOFF,2026-07-08,823032,691023,690986,690986,STARTER,1
2026_CUTOFF,2026-07-08,823032,665877,690986,690986,STARTER,4
2026_CUTOFF,2026-07-08,823032,676475,657649,690986,BULLPEN,6
2026_CUTOFF,2026-07-08,823032,691023,681982,690986,BULLPEN,6
2026_CUTOFF,2026-07-09,823034,676475,701656,701656,STARTER,4
2026_CUTOFF,2026-07-09,823034,691023,694477,701656,BULLPEN,6
2026_CUTOFF,2026-07-09,823034,802139,701656,701656,STARTER,6
2026_CUTOFF,2026-07-09,823034,676475,701656,701656,STARTER,6
2026_CUTOFF,2026-07-10,823033,802139,800311,519242,BULLPEN,6
2026_CUTOFF,2026-07-10,823033,699625,664849,519242,BULLPEN,8
2026_CUTOFF,2026-07-11,823030,663457,625643,625643,STARTER,1
2026_CUTOFF,2026-07-11,823030,671056,625643,625643,STARTER,1
2026_CUTOFF,2026-07-11,823030,691023,625643,625643,STARTER,1
2026_CUTOFF,2026-07-11,823030,663457,625643,625643,STARTER,4
2026_CUTOFF,2026-07-12,823029,691023,664849,664849,STARTER,1
2026_CUTOFF,2026-07-12,823029,663457,689266,664849,BULLPEN,6
2026_CUTOFF,2026-07-12,823029,691023,702275,664849,BULLPEN,6
2026_CUTOFF,2026-07-17,825060,671056,518876,518876,STARTER,1
2026_CUTOFF,2026-07-17,825060,676475,518876,518876,STARTER,1
2026_CUTOFF,2026-07-17,825060,802139,518876,518876,STARTER,5
2026_CUTOFF,2026-07-17,825060,676475,666661,518876,BULLPEN,8
2026_CUTOFF,2026-07-17,825060,665877,623149,518876,BULLPEN,9
2026_CUTOFF,2026-07-18,825059,802139,694297,694297,STARTER,6
2026_CUTOFF,2026-07-18,825059,676475,694297,694297,STARTER,6
2026_CUTOFF,2026-07-18,825059,699625,623149,694297,BULLPEN,9
2026_CUTOFF,2026-07-19,825057,663457,593958,593958,STARTER,3
2026_CUTOFF,2026-07-19,825057,691458,593958,593958,STARTER,3
2026_CUTOFF,2026-07-19,825057,802139,593958,593958,STARTER,3
2026_CUTOFF,2026-07-19,825057,691023,593958,593958,STARTER,3
2026_CUTOFF,2026-07-19,825057,671056,593958,593958,STARTER,3
2026_CUTOFF,2026-07-19,825057,665877,686753,593958,BULLPEN,5
2026_CUTOFF,2026-07-19,825057,676475,686753,593958,BULLPEN,5
2026_CUTOFF,2026-07-20,824006,691023,667755,667755,STARTER,2
2026_CUTOFF,2026-07-20,824006,663457,667755,667755,STARTER,2
2026_CUTOFF,2026-07-21,824005,691458,700712,700712,STARTER,5
2026_CUTOFF,2026-07-22,824004,802139,672282,672282,STARTER,6
