PERIOD,DATE,GAME_PK,RUNNER_ID,RESPONSIBLE_PITCHER_ID,STARTER_ID,CLASS,INNING
2024,2024-03-28,745283,571745,678394,678394,STARTER,4
2024,2024-03-28,745283,663728,678394,678394,STARTER,4
2024,2024-03-28,745283,664238,570257,678394,BULLPEN,7
2024,2024-03-28,745283,571745,663462,678394,BULLPEN,7
2024,2024-03-29,745276,641487,601713,601713,STARTER,6
2024,2024-03-30,745278,641487,676710,676710,STARTER,1
2024,2024-03-30,745278,664034,570257,676710,BULLPEN,10
2024,2024-03-30,745278,670042,570257,676710,BULLPEN,10
2024,2024-03-30,745278,668942,570257,676710,BULLPEN,10
2024,2024-03-31,745279,571745,676477,676477,STARTER,2
2024,2024-04-01,745277,641598,663474,663474,STARTER,2
2024,2024-04-01,745277,686527,663474,663474,STARTER,2
2024,2024-04-01,745277,663728,663474,663474,STARTER,2
2024,2024-04-01,745277,664034,663474,663474,STARTER,2
2024,2024-04-01,745277,663728,663474,663474,STARTER,4
2024,2024-04-02,745273,663728,669212,669456,BULLPEN,7
2024,2024-04-02,745273,664034,669212,669456,BULLPEN,7
2024,2024-04-05,746007,641487,642547,642547,STARTER,6
2024,2024-04-05,746007,677594,642547,642547,STARTER,6
2024,2024-04-05,746007,571745,642547,642547,STARTER,6
2024,2024-04-05,746007,664238,682842,642547,BULLPEN,9
2024,2024-04-05,746007,669392,682842,642547,BULLPEN,9
2024,2024-04-06,746006,669392,669084,669084,STARTER,3
2024,2024-04-06,746006,641487,669084,669084,STARTER,3
2024,2024-04-06,746006,593871,669084,669084,STARTER,3
2024,2024-04-06,746006,593871,669060,669084,BULLPEN,8
2024,2024-04-06,746006,649966,571948,669084,BULLPEN,9
2024,2024-04-07,746003,677594,607067,607067,STARTER,1
2024,2024-04-07,746003,664238,607067,607067,STARTER,2
2024,2024-04-07,746003,686527,600986,607067,BULLPEN,9
2024,2024-04-07,746003,668942,600986,607067,BULLPEN,9
2024,2024-04-08,744956,641487,554340,621244,BULLPEN,8
2024,2024-04-08,744956,663728,643338,621244,BULLPEN,9
2024,2024-04-09,744957,686527,605135,605135,STARTER,7
2024,2024-04-09,744957,571745,670950,605135,BULLPEN,8
2024,2024-04-09,744957,677594,670950,605135,BULLPEN,8
2024,2024-04-10,744950,664238,579328,579328,STARTER,3
2024,2024-04-10,744950,663728,641835,579328,BULLPEN,10
2024,2024-04-10,744950,670042,641835,579328,BULLPEN,10
2024,2024-04-10,744950,686527,641835,579328,BULLPEN,10
2024,2024-04-10,744950,664034,669952,579328,BULLPEN,10
2024,2024-04-10,744950,641487,641835,579328,BULLPEN,10
2024,2024-04-12,745274,571745,696136,696136,STARTER,2
2024,2024-04-12,745274,664238,696136,696136,STARTER,4
2024,2024-04-12,745274,641598,696136,696136,STARTER,4
2024,2024-04-12,745274,641487,696136,696136,STARTER,4
2024,2024-04-13,745272,571745,684007,684007,STARTER,2
2024,2024-04-14,745271,593871,665871,665871,STARTER,6
2024,2024-04-14,745271,641487,665871,665871,STARTER,6
2024,2024-04-15,745268,593871,593423,593423,STARTER,1
2024,2024-04-15,745268,641487,593423,593423,STARTER,1
2024,2024-04-15,745268,677594,593423,593423,STARTER,1
2024,2024-04-15,745268,571745,593423,593423,STARTER,3
2024,2024-04-15,745268,593871,593423,593423,STARTER,3
2024,2024-04-15,745268,664034,607259,593423,BULLPEN,6
2024,2024-04-15,745268,677594,571656,593423,BULLPEN,7
2024,2024-04-15,745268,593871,571656,593423,BULLPEN,7
2024,2024-04-15,745268,571745,571656,593423,BULLPEN,7
2024,2024-04-16,745270,641598,668881,668881,STARTER,4
2024,2024-04-16,745270,677594,641941,668881,BULLPEN,5
2024,2024-04-16,745270,641487,458677,668881,BULLPEN,6
2024,2024-04-17,745267,663728,671096,671096,STARTER,2
2024,2024-04-17,745267,641598,671096,671096,STARTER,6
2024,2024-04-17,745267,668942,608371,671096,BULLPEN,7
2024,2024-04-17,745267,682729,608371,671096,BULLPEN,7
2024,2024-04-17,745267,571745,608371,671096,BULLPEN,7
2024,2024-04-20,746570,663728,641712,641712,STARTER,2
2024,2024-04-20,746570,677594,641712,641712,STARTER,3
2024,2024-04-20,746570,668942,641712,641712,STARTER,4
2024,2024-04-20,746570,664034,680767,641712,BULLPEN,5
2024,2024-04-20,746570,641598,680767,641712,BULLPEN,5
2024,2024-04-20,746570,663728,641712,641712,STARTER,5
2024,2024-04-20,746570,668942,680767,641712,BULLPEN,5
2024,2024-04-21,746568,593871,664875,615698,BULLPEN,10
2024,2024-04-21,746572,664034,663567,663567,STARTER,2
2024,2024-04-21,746572,593871,663567,663567,STARTER,2
2024,2024-04-21,746572,670042,663567,663567,STARTER,2
2024,2024-04-21,746572,649966,663567,663567,STARTER,2
2024,2024-04-21,746572,664874,663567,663567,STARTER,2
2024,2024-04-21,746572,641487,663567,663567,STARTER,2
2024,2024-04-21,746572,664874,663562,663567,BULLPEN,6
2024,2024-04-21,746572,663728,663562,663567,BULLPEN,6
2024,2024-04-21,746572,677594,663562,663567,BULLPEN,6
2024,2024-04-21,746572,641487,656222,663567,BULLPEN,8
2024,2024-04-23,745026,663728,641540,641540,STARTER,1
2024,2024-04-23,745026,641487,641540,641540,STARTER,1
2024,2024-04-23,745026,677594,641540,641540,STARTER,3
2024,2024-04-23,745026,668942,641540,641540,STARTER,3
2024,2024-04-24,745028,668942,592351,592351,STARTER,1
2024,2024-04-25,745027,664034,571760,571760,STARTER,1
2024,2024-04-25,745027,677594,571760,571760,STARTER,1
2024,2024-04-25,745027,649966,571760,571760,STARTER,5
2024,2024-04-25,745027,664238,571760,571760,STARTER,5
2024,2024-04-26,745269,668942,668678,668678,STARTER,1
2024,2024-04-26,745269,641598,668678,668678,STARTER,2
2024,2024-04-26,745269,571745,543518,668678,BULLPEN,6
2024,2024-04-26,745269,668942,668678,668678,STARTER,6
2024,2024-04-26,745269,677594,543518,668678,BULLPEN,6
2024,2024-04-26,745269,663728,543518,668678,BULLPEN,6
2024,2024-04-27,745266,641598,677944,677944,STARTER,5
2024,2024-04-27,745266,664034,686826,677944,BULLPEN,7
2024,2024-04-27,745266,593871,686826,677944,BULLPEN,7
2024,2024-04-28,745265,668942,694297,694297,STARTER,1
2024,2024-04-28,745265,660844,694297,694297,STARTER,3
2024,2024-04-29,745263,641598,621345,608331,BULLPEN,9
2024,2024-04-29,745263,593871,621345,608331,BULLPEN,9
2024,2024-04-30,745260,593871,625643,625643,STARTER,3
2024,2024-04-30,745260,668942,625643,625643,STARTER,3
2024,2024-04-30,745260,571745,625643,625643,STARTER,4
2024,2024-05-01,745261,664874,519242,519242,STARTER,5
2024,2024-05-01,745261,677594,669276,519242,BULLPEN,7
2024,2024-05-03,746402,593871,669854,669854,STARTER,3
2024,2024-05-03,746402,664238,669854,669854,STARTER,5
2024,2024-05-03,746402,670042,669854,669854,STARTER,5
2024,2024-05-04,746394,664034,664285,664285,STARTER,2
2024,2024-05-04,746394,593871,664285,664285,STARTER,4
2024,2024-05-04,746394,649966,664285,664285,STARTER,5
2024,2024-05-04,746394,663728,664285,664285,STARTER,6
2024,2024-05-04,746394,664034,664285,664285,STARTER,6
2024,2024-05-05,746395,641598,686613,686613,STARTER,2
2024,2024-05-05,746395,670042,686613,686613,STARTER,2
2024,2024-05-05,746395,670042,606160,686613,BULLPEN,6
2024,2024-05-05,746395,664238,650556,686613,BULLPEN,8
2024,2024-05-05,746395,663728,623352,686613,BULLPEN,9
2024,2024-05-06,745912,593871,643377,680573,BULLPEN,7
2024,2024-05-07,745915,571745,641927,641927,STARTER,2
2024,2024-05-07,745915,649966,641927,641927,STARTER,2
2024,2024-05-07,745915,663728,595345,641927,BULLPEN,7
2024,2024-05-07,745915,641598,543351,641927,BULLPEN,7
2024,2024-05-07,745915,649966,543351,641927,BULLPEN,7
2024,2024-05-07,745915,664238,543351,641927,BULLPEN,7
2024,2024-05-07,745915,664238,660896,641927,BULLPEN,9
2024,2024-05-07,745915,663728,660896,641927,BULLPEN,9
2024,2024-05-07,745915,668942,660896,641927,BULLPEN,9
2024,2024-05-07,745915,677594,660896,641927,BULLPEN,9
2024,2024-05-08,745906,641598,663978,663978,STARTER,4
2024,2024-05-08,745906,571745,643377,663978,BULLPEN,7
2024,2024-05-08,745906,677594,573204,663978,BULLPEN,7
2024,2024-05-09,745910,571745,641154,641154,STARTER,2
2024,2024-05-10,745264,571745,621112,621112,STARTER,4
2024,2024-05-10,745264,663728,621112,621112,STARTER,4
2024,2024-05-10,745264,670042,621112,621112,STARTER,4
2024,2024-05-10,745264,664238,621112,621112,STARTER,4
2024,2024-05-10,745264,664034,621112,621112,STARTER,4
2024,2024-05-10,745264,641598,621112,621112,STARTER,5
2024,2024-05-10,745264,663728,621112,621112,STARTER,5
2024,2024-05-10,745264,670042,687922,621112,BULLPEN,7
2024,2024-05-11,745262,663728,683155,683155,STARTER,2
2024,2024-05-12,745255,664238,622072,622072,STARTER,1
2024,2024-05-12,745255,664034,622072,622072,STARTER,2
2024,2024-05-12,745255,649966,622072,622072,STARTER,2
2024,2024-05-12,745255,677594,622072,622072,STARTER,2
2024,2024-05-12,745255,664059,622072,622072,STARTER,2
2024,2024-05-12,745255,641598,666205,622072,BULLPEN,5
2024,2024-05-12,745255,677594,666205,622072,BULLPEN,5
2024,2024-05-12,745255,664874,666205,622072,BULLPEN,6
2024,2024-05-13,745256,670042,663903,663903,STARTER,2
2024,2024-05-13,745256,663728,663903,663903,STARTER,2
2024,2024-05-13,745256,677594,663903,663903,STARTER,3
2024,2024-05-13,745256,593871,663903,663903,STARTER,3
2024,2024-05-13,745256,664034,608717,663903,BULLPEN,8
2024,2024-05-13,745256,670042,608717,663903,BULLPEN,8
2024,2024-05-14,745257,670042,608379,608379,STARTER,4
2024,2024-05-14,745257,571745,663704,608379,BULLPEN,9
2024,2024-05-15,745259,663728,679525,679525,STARTER,2
2024,2024-05-15,745259,664034,679525,679525,STARTER,4
2024,2024-05-15,745259,686527,608648,679525,BULLPEN,7
2024,2024-05-15,745259,660844,623433,679525,BULLPEN,8
2024,2024-05-17,747037,664238,607644,607644,STARTER,1
2024,2024-05-17,747037,664238,607644,607644,STARTER,5
2024,2024-05-18,747036,670042,543056,680570,BULLPEN,7
2024,2024-05-18,747036,664238,543056,680570,BULLPEN,7
2024,2024-05-18,747036,677594,666974,680570,BULLPEN,8
2024,2024-05-18,747036,663728,666974,680570,BULLPEN,8
2024,2024-05-19,747035,670042,669203,669203,STARTER,2
2024,2024-05-19,747035,664238,657097,669203,BULLPEN,7
2024,2024-05-19,747035,649966,657097,669203,BULLPEN,7
2024,2024-05-20,745746,686527,573186,573186,STARTER,8
2024,2024-05-20,745746,677594,605280,573186,BULLPEN,9
2024,2024-05-20,745746,663728,605280,573186,BULLPEN,9
2024,2024-05-20,745746,670042,605280,573186,BULLPEN,9
2024,2024-05-20,745746,571745,605280,573186,BULLPEN,9
2024,2024-05-21,745742,664238,657376,657376,STARTER,3
2024,2024-05-21,745742,668942,657376,657376,STARTER,3
2024,2024-05-21,745742,664034,642701,657376,BULLPEN,7
2024,2024-05-21,745742,641598,642701,657376,BULLPEN,7
2024,2024-05-21,745742,670042,677076,657376,BULLPEN,8
2024,2024-05-21,745742,664238,595897,657376,BULLPEN,9
2024,2024-05-22,745743,663728,596133,641482,BULLPEN,8
2024,2024-05-22,745743,641487,543859,641482,BULLPEN,8
2024,2024-05-22,745743,641598,543859,641482,BULLPEN,8
2024,2024-05-24,744853,641487,669022,669022,STARTER,1
2024,2024-05-25,744851,677594,592866,592866,STARTER,5
2024,2024-05-26,744855,641598,571578,571578,STARTER,2
2024,2024-05-26,744855,677594,571578,571578,STARTER,4
2024,2024-05-26,744855,664034,571578,571578,STARTER,4
2024,2024-05-26,744855,641598,571578,571578,STARTER,4
2024,2024-05-26,744855,641487,571670,571578,BULLPEN,8
2024,2024-05-26,744855,677594,571670,571578,BULLPEN,8
2024,2024-05-26,744855,668942,607179,571578,BULLPEN,9
2024,2024-05-26,744855,641487,607179,571578,BULLPEN,9
2024,2024-05-26,744855,670042,607179,571578,BULLPEN,9
2024,2024-05-27,745254,641487,664285,664285,STARTER,1
2024,2024-05-27,745254,677594,664285,664285,STARTER,1
2024,2024-05-27,745254,641598,664285,664285,STARTER,1
2024,2024-05-28,745258,668942,686613,686613,STARTER,1
2024,2024-05-28,745258,682729,519151,686613,BULLPEN,8
2024,2024-05-28,745258,669208,519151,686613,BULLPEN,8
2024,2024-05-28,745258,668942,519151,686613,BULLPEN,8
2024,2024-05-29,745250,686527,434378,434378,STARTER,5
2024,2024-05-29,745250,682729,605463,434378,BULLPEN,10
2024,2024-05-31,745253,641487,667755,667755,STARTER,1
2024,2024-05-31,745253,677594,667755,667755,STARTER,1
2024,2024-05-31,745253,668942,667755,667755,STARTER,1
2024,2024-05-31,745253,641487,667755,667755,STARTER,5
2024,2024-05-31,745253,664034,519043,667755,BULLPEN,8
2024,2024-06-01,745251,669208,672282,672282,STARTER,3
2024,2024-06-01,745251,641487,672282,672282,STARTER,4
2024,2024-06-01,745251,571745,672282,672282,STARTER,4
2024,2024-06-01,745251,670042,672282,672282,STARTER,4
2024,2024-06-01,745251,669208,672282,672282,STARTER,4
2024,2024-06-01,745251,670042,608334,672282,BULLPEN,6
2024,2024-06-01,745251,669208,608334,672282,BULLPEN,6
2024,2024-06-01,745251,677594,672710,672282,BULLPEN,6
2024,2024-06-01,745251,664238,672710,672282,BULLPEN,6
2024,2024-06-02,745252,670042,656288,656288,STARTER,4
2024,2024-06-02,745252,668942,519043,656288,BULLPEN,8
2024,2024-06-02,745252,670042,472610,656288,BULLPEN,8
2024,2024-06-02,745252,677594,519043,656288,BULLPEN,8
2024,2024-06-02,745252,664034,472610,656288,BULLPEN,8
2024,2024-06-04,745656,641487,687765,687765,STARTER,3
2024,2024-06-04,745656,668942,687765,687765,STARTER,3
2024,2024-06-04,745656,664034,687765,687765,STARTER,3
2024,2024-06-04,745656,664238,687765,687765,STARTER,4
2024,2024-06-05,745654,677594,695243,683155,BULLPEN,9
2024,2024-06-06,745657,641598,676664,676664,STARTER,3
2024,2024-06-06,745657,663728,676664,676664,STARTER,4
2024,2024-06-06,745657,641598,519008,676664,BULLPEN,9
2024,2024-06-07,746302,664238,663738,663738,STARTER,1
2024,2024-06-07,746302,641598,663738,663738,STARTER,1
2024,2024-06-07,746302,677594,663738,663738,STARTER,1
2024,2024-06-07,746302,664034,663738,663738,STARTER,1
2024,2024-06-07,746302,571745,663738,663738,STARTER,1
2024,2024-06-07,746302,669208,663738,663738,STARTER,1
2024,2024-06-07,746302,645302,663738,663738,STARTER,1
2024,2024-06-07,746302,641487,663738,663738,STARTER,4
2024,2024-06-07,746302,664238,608717,663738,BULLPEN,6
2024,2024-06-08,746300,641487,679525,679525,STARTER,1
2024,2024-06-08,746300,641598,679525,679525,STARTER,5
2024,2024-06-08,746300,686527,679525,679525,STARTER,5
2024,2024-06-08,746300,677594,679525,679525,STARTER,6
2024,2024-06-09,746297,641487,666142,666142,STARTER,1
2024,2024-06-09,746297,571745,694361,666142,BULLPEN,7
2024,2024-06-09,746297,682988,694361,666142,BULLPEN,7
2024,2024-06-09,746297,668942,663704,666142,BULLPEN,10
2024,2024-06-09,746297,677594,663704,666142,BULLPEN,10
2024,2024-06-09,746297,664238,663704,666142,BULLPEN,10
2024,2024-06-10,745248,686527,607200,607200,STARTER,8
2024,2024-06-10,745248,641487,656629,607200,BULLPEN,8
2024,2024-06-10,745248,669208,656629,607200,BULLPEN,8
2024,2024-06-10,745248,668942,656629,607200,BULLPEN,8
2024,2024-06-10,745248,663728,673929,607200,BULLPEN,9
2024,2024-06-10,745248,641487,673929,607200,BULLPEN,9
2024,2024-06-10,745248,668942,673929,607200,BULLPEN,9
2024,2024-06-10,745248,677594,673929,607200,BULLPEN,9
2024,2024-06-11,745244,670042,689672,689672,STARTER,2
2024,2024-06-11,745244,677594,689672,689672,STARTER,3
2024,2024-06-11,745244,677594,605154,689672,BULLPEN,7
2024,2024-06-11,745244,668942,621383,689672,BULLPEN,7
2024,2024-06-12,745246,670042,686563,686563,STARTER,7
2024,2024-06-12,745246,670042,621051,686563,BULLPEN,10
2024,2024-06-13,745245,682988,676979,676979,STARTER,5
2024,2024-06-13,745245,677594,656629,676979,BULLPEN,9
2024,2024-06-14,745247,641598,571760,571760,STARTER,1
2024,2024-06-14,745247,677594,571760,571760,STARTER,1
2024,2024-06-14,745247,641487,571760,571760,STARTER,3
2024,2024-06-15,745241,668942,543135,543135,STARTER,1
2024,2024-06-15,745241,677594,543135,543135,STARTER,3
2024,2024-06-15,745241,668942,543135,543135,STARTER,3
2024,2024-06-15,745241,663728,543135,543135,STARTER,3
2024,2024-06-15,745241,668942,642546,543135,BULLPEN,7
2024,2024-06-15,745241,664238,622786,543135,BULLPEN,8
2024,2024-06-15,745241,686527,622786,543135,BULLPEN,8
2024,2024-06-16,745242,571745,641540,641540,STARTER,4
2024,2024-06-16,745242,668942,641540,641540,STARTER,5
2024,2024-06-16,745242,682988,600917,641540,BULLPEN,7
2024,2024-06-16,745242,669208,668390,641540,BULLPEN,8
2024,2024-06-16,745242,670042,668390,641540,BULLPEN,8
2024,2024-06-18,746627,641487,663474,663474,STARTER,3
2024,2024-06-18,746627,664238,663474,663474,STARTER,3
2024,2024-06-18,746627,668942,663474,663474,STARTER,3
2024,2024-06-18,746627,663728,663474,663474,STARTER,3
2024,2024-06-18,746627,664238,682120,663474,BULLPEN,4
2024,2024-06-18,746627,670042,605130,663474,BULLPEN,5
2024,2024-06-18,746627,664238,671922,663474,BULLPEN,6
2024,2024-06-18,746627,664034,656529,663474,BULLPEN,7
2024,2024-06-20,746626,664238,671106,671106,STARTER,1
2024,2024-06-20,746626,641487,671106,671106,STARTER,1
2024,2024-06-20,746626,664034,671106,671106,STARTER,4
2024,2024-06-21,746052,641487,669432,669432,STARTER,1
2024,2024-06-21,746052,664034,669432,669432,STARTER,2
2024,2024-06-22,746048,641487,641312,641312,STARTER,1
2024,2024-06-22,746048,668942,641312,641312,STARTER,1
2024,2024-06-22,746048,670042,641312,641312,STARTER,4
2024,2024-06-22,746048,686527,641312,641312,STARTER,4
2024,2024-06-22,746048,669208,641312,641312,STARTER,4
2024,2024-06-22,746048,664238,641312,641312,STARTER,4
2024,2024-06-22,746048,686527,608638,641312,BULLPEN,5
2024,2024-06-22,746048,686527,686539,641312,BULLPEN,8
2024,2024-06-22,746048,664238,686539,641312,BULLPEN,8
2024,2024-06-23,746051,670042,667725,667725,STARTER,4
2024,2024-06-23,746051,686527,667725,667725,STARTER,4
2024,2024-06-23,746051,670042,623211,667725,BULLPEN,7
2024,2024-06-23,746051,641598,623211,667725,BULLPEN,7
2024,2024-06-24,745078,663728,671737,671737,STARTER,4
2024,2024-06-24,745078,641598,606965,671737,BULLPEN,7
2024,2024-06-24,745078,686527,606965,671737,BULLPEN,7
2024,2024-06-25,745076,664034,641793,641793,STARTER,5
2024,2024-06-25,745076,593871,641793,641793,STARTER,5
2024,2024-06-25,745076,641598,664208,641793,BULLPEN,7
2024,2024-06-26,745073,663728,542888,686752,BULLPEN,6
2024,2024-06-26,745073,668942,686752,686752,STARTER,6
2024,2024-06-26,745073,677594,542888,686752,BULLPEN,6
2024,2024-06-26,745073,686527,687330,686752,BULLPEN,7
2024,2024-06-26,745073,641598,687330,686752,BULLPEN,7
2024,2024-06-28,745238,571745,641927,641927,STARTER,5
2024,2024-06-28,745238,670042,643377,641927,BULLPEN,8
2024,2024-06-28,745238,641487,663485,641927,BULLPEN,10
2024,2024-06-29,745239,571745,641154,641154,STARTER,3
2024,2024-06-30,745243,664238,657746,657746,STARTER,5
2024,2024-06-30,745243,668942,657746,657746,STARTER,5
2024,2024-06-30,745243,670042,595345,657746,BULLPEN,7
2024,2024-07-03,745234,663728,669211,665152,BULLPEN,6
2024,2024-07-04,745236,677594,669203,669203,STARTER,5
2024,2024-07-04,745236,664034,669203,669203,STARTER,5
2024,2024-07-04,745236,571745,641329,669203,BULLPEN,7
2024,2024-07-04,745236,677594,641329,669203,BULLPEN,7
2024,2024-07-04,745236,664034,641329,669203,BULLPEN,7
2024,2024-07-04,745236,641598,669211,669203,BULLPEN,7
2024,2024-07-04,745236,641487,669211,669203,BULLPEN,7
2024,2024-07-05,745237,677594,592332,592332,STARTER,3
2024,2024-07-05,745237,663728,592332,592332,STARTER,3
2024,2024-07-06,745235,571745,670950,684320,BULLPEN,8
2024,2024-07-06,745235,641598,670950,684320,BULLPEN,8
2024,2024-07-06,745235,686527,670950,684320,BULLPEN,8
2024,2024-07-06,745235,670042,643338,684320,BULLPEN,9
2024,2024-07-07,745233,645302,621244,621244,STARTER,3
2024,2024-07-07,745233,641598,621244,621244,STARTER,5
2024,2024-07-07,745233,686527,621244,621244,STARTER,5
2024,2024-07-07,745233,645302,621244,621244,STARTER,5
2024,2024-07-09,745393,641487,800049,800049,STARTER,1
2024,2024-07-09,745393,593871,800049,800049,STARTER,2
2024,2024-07-09,745393,663728,800049,800049,STARTER,3
2024,2024-07-09,745393,677594,800049,800049,STARTER,3
2024,2024-07-09,745393,677594,800049,800049,STARTER,5
2024,2024-07-09,745393,663728,673513,800049,BULLPEN,7
2024,2024-07-09,745393,677594,673513,800049,BULLPEN,7
2024,2024-07-09,745393,663728,593974,800049,BULLPEN,9
2024,2024-07-10,745394,663728,650633,650633,STARTER,2
2024,2024-07-10,745394,670042,650633,650633,STARTER,4
2024,2024-07-11,746204,641487,686799,686799,STARTER,1
2024,2024-07-11,746204,663728,686799,686799,STARTER,1
2024,2024-07-11,746204,664034,686799,686799,STARTER,1
2024,2024-07-11,746204,670042,686799,686799,STARTER,1
2024,2024-07-11,746204,663728,686799,686799,STARTER,3
2024,2024-07-11,746204,641487,670046,686799,BULLPEN,4
2024,2024-07-11,746204,571745,670046,686799,BULLPEN,4
2024,2024-07-11,746204,593871,670046,686799,BULLPEN,6
2024,2024-07-11,746204,663728,670046,686799,BULLPEN,6
2024,2024-07-11,746204,682729,670046,686799,BULLPEN,6
2024,2024-07-11,746204,641487,670046,686799,BULLPEN,6
2024,2024-07-12,746207,677594,542881,542881,STARTER,1
2024,2024-07-12,746207,641598,542881,542881,STARTER,1
2024,2024-07-12,746207,663728,542881,542881,STARTER,3
2024,2024-07-12,746207,641487,542881,542881,STARTER,3
2024,2024-07-12,746207,668942,668968,542881,BULLPEN,10
2024,2024-07-13,746202,641487,667755,667755,STARTER,1
2024,2024-07-14,746201,641487,519326,608334,BULLPEN,6
2024,2024-07-14,746201,645302,519043,608334,BULLPEN,7
2024,2024-07-20,745229,677594,664285,664285,STARTER,6
2024,2024-07-20,745229,645302,664285,664285,STARTER,6
2024,2024-07-21,745230,668942,669854,669854,STARTER,2
2024,2024-07-21,745230,670042,669854,669854,STARTER,2
2024,2024-07-21,745230,593871,669854,669854,STARTER,4
2024,2024-07-21,745230,670042,661527,669854,BULLPEN,6
2024,2024-07-21,745230,593871,669854,669854,STARTER,6
2024,2024-07-21,745230,571745,661527,669854,BULLPEN,6
2024,2024-07-22,745232,641487,542881,542881,STARTER,1
2024,2024-07-23,745227,613564,667755,667755,STARTER,5
2024,2024-07-24,745231,571745,656288,656288,STARTER,2
2024,2024-07-26,746767,593871,689672,689672,STARTER,1
2024,2024-07-26,746767,663728,689672,689672,STARTER,1
2024,2024-07-26,746767,571745,689672,689672,STARTER,1
2024,2024-07-26,746767,668942,689672,689672,STARTER,1
2024,2024-07-26,746767,613564,689672,689672,STARTER,1
2024,2024-07-26,746767,641598,689672,689672,STARTER,1
2024,2024-07-26,746767,664238,689672,689672,STARTER,1
2024,2024-07-26,746767,645302,689672,689672,STARTER,1
2024,2024-07-26,746767,593871,694363,689672,BULLPEN,4
2024,2024-07-26,746767,663728,694363,689672,BULLPEN,4
2024,2024-07-27,746768,593871,607200,607200,STARTER,4
2024,2024-07-27,746768,571745,607200,607200,STARTER,4
2024,2024-07-27,746768,668942,607200,607200,STARTER,4
2024,2024-07-27,746768,663728,605121,607200,BULLPEN,5
2024,2024-07-27,746768,593871,605121,607200,BULLPEN,5
2024,2024-07-27,746768,668227,663436,607200,BULLPEN,8
2024,2024-07-28,746770,663728,676979,676979,STARTER,1
2024,2024-07-28,746770,668227,676979,676979,STARTER,1
2024,2024-07-28,746770,664238,676979,676979,STARTER,2
2024,2024-07-28,746770,593871,676979,676979,STARTER,3
2024,2024-07-28,746770,664238,676979,676979,STARTER,3
2024,2024-07-28,746770,645302,641771,676979,BULLPEN,4
2024,2024-07-29,746928,668227,601713,601713,STARTER,4
2024,2024-07-29,746928,668227,601713,601713,STARTER,6
2024,2024-07-29,746928,663728,601713,601713,STARTER,6
2024,2024-07-29,746928,663728,622259,601713,BULLPEN,8
2024,2024-07-29,746928,660844,622259,601713,BULLPEN,8
2024,2024-07-29,746928,670042,622259,601713,BULLPEN,8
2024,2024-07-29,746928,664238,622259,601713,BULLPEN,8
2024,2024-07-30,746926,645302,572020,572020,STARTER,1
2024,2024-07-30,746926,593871,572020,572020,STARTER,4
2024,2024-07-30,746926,571745,572020,572020,STARTER,5
2024,2024-07-30,746926,660844,572020,572020,STARTER,5
2024,2024-07-30,746926,593871,677161,572020,BULLPEN,5
2024,2024-07-30,746926,645302,572020,572020,STARTER,5
2024,2024-07-30,746926,668227,572020,572020,STARTER,5
2024,2024-07-30,746926,645302,670990,572020,BULLPEN,6
2024,2024-07-30,746926,663728,670990,572020,BULLPEN,6
2024,2024-07-30,746926,593871,670990,572020,BULLPEN,6
2024,2024-07-31,746925,663728,678394,678394,STARTER,4
2024,2024-07-31,746925,668942,678394,678394,STARTER,5
2024,2024-08-02,745224,645302,663969,663969,STARTER,1
2024,2024-08-02,745224,670042,663969,663969,STARTER,2
2024,2024-08-02,745224,664238,663969,663969,STARTER,2
2024,2024-08-02,745224,571745,663969,663969,STARTER,2
2024,2024-08-02,745224,457759,663969,663969,STARTER,2
2024,2024-08-02,745224,645302,663969,663969,STARTER,2
2024,2024-08-02,745224,668227,663969,663969,STARTER,2
2024,2024-08-02,745224,663728,663969,663969,STARTER,2
2024,2024-08-02,745224,668227,628708,663969,BULLPEN,4
2024,2024-08-02,745224,571745,621237,663969,BULLPEN,7
2024,2024-08-03,745225,571745,663465,689147,BULLPEN,5
2024,2024-08-03,745225,668227,656546,689147,BULLPEN,6
2024,2024-08-03,745225,457759,656546,689147,BULLPEN,6
2024,2024-08-03,745225,593871,656546,689147,BULLPEN,6
2024,2024-08-03,745225,571745,656546,689147,BULLPEN,6
2024,2024-08-03,745225,668227,608032,689147,BULLPEN,10
2024,2024-08-06,745221,670042,672456,672456,STARTER,5
2024,2024-08-06,745221,687799,689225,672456,BULLPEN,9
2024,2024-08-07,745223,663728,669373,669373,STARTER,4
2024,2024-08-07,745223,668227,669373,669373,STARTER,4
2024,2024-08-08,745226,670042,676614,669724,BULLPEN,6
2024,2024-08-08,745226,669208,676684,669724,BULLPEN,9
2024,2024-08-08,745226,670042,663947,669724,BULLPEN,9
2024,2024-08-08,745226,668227,676684,669724,BULLPEN,9
2024,2024-08-09,745220,669208,500779,500779,STARTER,2
2024,2024-08-09,745220,571745,500779,500779,STARTER,2
2024,2024-08-09,745220,664238,500779,500779,STARTER,7
2024,2024-08-09,745220,641598,500779,500779,STARTER,7
2024,2024-08-09,745220,645302,493603,500779,BULLPEN,7
2024,2024-08-09,745220,660844,500779,500779,STARTER,7
2024,2024-08-10,745219,645302,640455,640455,STARTER,1
2024,2024-08-10,745219,668227,640455,640455,STARTER,1
2024,2024-08-10,745219,457759,640455,640455,STARTER,1
2024,2024-08-10,745219,668227,664208,640455,BULLPEN,7
2024,2024-08-11,745216,593871,622663,622663,STARTER,2
2024,2024-08-11,745216,686527,622663,622663,STARTER,5
2024,2024-08-11,745216,663728,622663,622663,STARTER,5
2024,2024-08-11,745216,668227,622663,622663,STARTER,5
2024,2024-08-11,745216,593871,592773,622663,BULLPEN,6
2024,2024-08-11,745216,668942,592773,622663,BULLPEN,6
2024,2024-08-11,745216,670042,592773,622663,BULLPEN,6
2024,2024-08-11,745216,663728,493603,622663,BULLPEN,6
2024,2024-08-11,745216,660844,592773,622663,BULLPEN,6
2024,2024-08-11,745216,645302,493603,622663,BULLPEN,6
2024,2024-08-11,745216,670042,664849,622663,BULLPEN,7
2024,2024-08-11,745216,668942,664849,622663,BULLPEN,7
2024,2024-08-13,746435,457759,669373,669373,STARTER,4
2024,2024-08-14,746436,664238,676614,689225,BULLPEN,5
2024,2024-08-14,746436,645302,676684,689225,BULLPEN,8
2024,2024-08-15,746437,593871,656412,656412,STARTER,1
2024,2024-08-16,745462,670042,694973,694973,STARTER,4
2024,2024-08-16,745462,593871,694973,694973,STARTER,4
2024,2024-08-16,745462,593871,670280,694973,BULLPEN,9
2024,2024-08-17,745463,571745,663559,663559,STARTER,2
2024,2024-08-17,745463,677594,663559,663559,STARTER,5
2024,2024-08-18,745464,663728,663765,663765,STARTER,1
2024,2024-08-18,745464,677594,663765,663765,STARTER,1
2024,2024-08-18,745464,660844,663765,663765,STARTER,2
2024,2024-08-18,745464,668942,663765,663765,STARTER,2
2024,2024-08-18,745464,668942,663765,663765,STARTER,4
2024,2024-08-18,745464,660844,663765,663765,STARTER,4
2024,2024-08-18,745464,645302,663765,663765,STARTER,4
2024,2024-08-18,745464,686527,656924,663765,BULLPEN,5
2024,2024-08-18,745464,670042,656924,663765,BULLPEN,7
2024,2024-08-18,745464,664238,656924,663765,BULLPEN,7
2024,2024-08-20,746107,670042,621111,621111,STARTER,1
2024,2024-08-20,746107,663728,621111,621111,STARTER,1
2024,2024-08-20,746107,663728,621111,621111,STARTER,3
2024,2024-08-21,746110,668227,656427,656427,STARTER,2
2024,2024-08-21,746110,663728,656427,656427,STARTER,6
2024,2024-08-21,746110,668227,595014,656427,BULLPEN,8
2024,2024-08-21,746110,571745,681911,656427,BULLPEN,9
2024,2024-08-23,745217,670042,663546,806185,BULLPEN,5
2024,2024-08-23,745217,593871,643511,806185,BULLPEN,8
2024,2024-08-23,745217,571745,643511,806185,BULLPEN,8
2024,2024-08-23,745217,457759,643511,806185,BULLPEN,8
2024,2024-08-23,745217,668942,643511,806185,BULLPEN,8
2024,2024-08-23,745217,664238,669062,806185,BULLPEN,10
2024,2024-08-24,745218,593871,605483,605483,STARTER,2
2024,2024-08-24,745218,664238,605483,605483,STARTER,2
2024,2024-08-24,745218,670042,663855,605483,BULLPEN,7
2024,2024-08-25,745212,664238,592662,592662,STARTER,1
2024,2024-08-25,745212,668942,663546,592662,BULLPEN,5
2024,2024-08-25,745212,668227,663546,592662,BULLPEN,6
2024,2024-08-25,745212,457759,663546,592662,BULLPEN,6
2024,2024-08-26,745215,593871,686752,686752,STARTER,2
2024,2024-08-26,745215,668227,686752,686752,STARTER,3
2024,2024-08-26,745215,677594,686752,686752,STARTER,3
2024,2024-08-26,745215,663728,686752,686752,STARTER,3
2024,2024-08-26,745215,668942,686752,686752,STARTER,4
2024,2024-08-27,745213,645302,670955,605488,BULLPEN,6
2024,2024-08-27,745213,660844,664076,605488,BULLPEN,8
2024,2024-08-28,745211,668227,656876,656876,STARTER,2
2024,2024-08-28,745211,645302,641302,656876,BULLPEN,5
2024,2024-08-28,745211,664238,641302,656876,BULLPEN,5
2024,2024-08-28,745211,677594,641302,656876,BULLPEN,5
2024,2024-08-28,745211,641487,641302,656876,BULLPEN,5
2024,2024-08-28,745211,668227,641302,656876,BULLPEN,8
2024,2024-08-30,746184,677594,691951,691951,STARTER,1
2024,2024-08-30,746184,668227,691951,691951,STARTER,1
2024,2024-08-30,746184,593871,691951,691951,STARTER,1
2024,2024-08-30,746184,457759,691951,691951,STARTER,1
2024,2024-08-30,746184,664238,691951,691951,STARTER,1
2024,2024-08-30,746184,677594,691951,691951,STARTER,4
2024,2024-08-30,746184,641487,691951,691951,STARTER,4
2024,2024-08-30,746184,593871,682989,691951,BULLPEN,7
2024,2024-08-30,746184,677594,668943,691951,BULLPEN,8
2024,2024-08-31,746182,457759,542881,542881,STARTER,2
2024,2024-08-31,746182,457759,542881,542881,STARTER,4
2024,2024-08-31,746182,645302,542881,542881,STARTER,4
2024,2024-08-31,746182,664238,542881,542881,STARTER,4
2024,2024-09-01,746183,670042,702674,702674,STARTER,2
2024,2024-09-01,746183,668942,702674,702674,STARTER,3
2024,2024-09-02,745619,663728,674370,674370,STARTER,1
2024,2024-09-02,745619,641487,674370,674370,STARTER,1
2024,2024-09-02,745619,645302,674370,674370,STARTER,3
2024,2024-09-02,745619,677594,674370,674370,STARTER,6
2024,2024-09-03,745615,641487,669372,669372,STARTER,1
2024,2024-09-03,745615,677594,669372,669372,STARTER,1
2024,2024-09-04,745614,645302,676664,676664,STARTER,2
2024,2024-09-04,745614,668227,676664,676664,STARTER,2
2024,2024-09-04,745614,645302,676664,676664,STARTER,4
2024,2024-09-04,745614,641598,676664,676664,STARTER,4
2024,2024-09-04,745614,649966,676664,676664,STARTER,4
2024,2024-09-04,745614,649966,676083,676664,BULLPEN,7
2024,2024-09-04,745614,664238,676083,676664,BULLPEN,7
2024,2024-09-04,745614,641487,676083,676664,BULLPEN,7
2024,2024-09-04,745614,677594,676083,676664,BULLPEN,7
2024,2024-09-04,745614,663728,676083,676664,BULLPEN,7
2024,2024-09-04,745614,668227,676083,676664,BULLPEN,7
2024,2024-09-04,745614,457759,676083,676664,BULLPEN,7
2024,2024-09-04,745614,663728,548389,676664,BULLPEN,8
2024,2024-09-04,745614,668227,548389,676664,BULLPEN,8
2024,2024-09-04,745614,457759,548389,676664,BULLPEN,8
2024,2024-09-04,745614,645302,548389,676664,BULLPEN,8
2024,2024-09-05,745612,663728,683155,683155,STARTER,1
2024,2024-09-05,745612,645302,683155,683155,STARTER,1
2024,2024-09-05,745612,677594,683155,683155,STARTER,3
2024,2024-09-05,745612,645302,683155,683155,STARTER,5
2024,2024-09-05,745612,670042,621053,683155,BULLPEN,9
2024,2024-09-05,745612,677594,621053,683155,BULLPEN,9
2024,2024-09-06,745131,645302,607200,607200,STARTER,5
2024,2024-09-06,745131,664238,669461,607200,BULLPEN,6
2024,2024-09-06,745131,641487,669461,607200,BULLPEN,6
2024,2024-09-06,745131,677594,681517,607200,BULLPEN,9
2024,2024-09-06,745131,571745,681517,607200,BULLPEN,9
2024,2024-09-06,745131,663728,681517,607200,BULLPEN,9
2024,2024-09-08,745128,677594,571945,571945,STARTER,1
2024,2024-09-08,745128,668227,571945,571945,STARTER,1
2024,2024-09-08,745128,663728,571945,571945,STARTER,1
2024,2024-09-08,745128,457759,571945,571945,STARTER,1
2024,2024-09-08,745128,670042,571945,571945,STARTER,1
2024,2024-09-08,745128,668227,571945,571945,STARTER,2
2024,2024-09-08,745128,677594,571945,571945,STARTER,2
2024,2024-09-08,745128,593871,571927,571945,BULLPEN,5
2024,2024-09-08,745128,457759,571927,571945,BULLPEN,5
2024,2024-09-08,745128,670042,688297,571945,BULLPEN,9
2024,2024-09-10,745210,663728,506433,506433,STARTER,1
2024,2024-09-10,745210,670042,506433,506433,STARTER,2
2024,2024-09-10,745210,457759,656945,506433,BULLPEN,7
2024,2024-09-11,745214,668942,650633,650633,STARTER,3
2024,2024-09-11,745214,677594,650633,650633,STARTER,3
2024,2024-09-11,745214,645302,650633,650633,STARTER,3
2024,2024-09-11,745214,670042,670970,650633,BULLPEN,6
2024,2024-09-11,745214,457759,670970,650633,BULLPEN,6
2024,2024-09-12,745208,457759,677958,677958,STARTER,4
2024,2024-09-12,745208,677594,642520,677958,BULLPEN,5
2024,2024-09-12,745208,645302,642520,677958,BULLPEN,5
2024,2024-09-12,745208,663728,605177,677958,BULLPEN,5
2024,2024-09-13,745207,645302,570632,594798,BULLPEN,7
2024,2024-09-13,745207,677594,570632,594798,BULLPEN,7
2024,2024-09-13,745207,677594,502085,594798,BULLPEN,8
2024,2024-09-13,745207,641487,502085,594798,BULLPEN,8
2024,2024-09-13,745207,668942,502085,594798,BULLPEN,8
2024,2024-09-14,745209,457759,453286,453286,STARTER,2
2024,2024-09-14,745209,677594,453286,453286,STARTER,3
2024,2024-09-14,745209,670042,683004,453286,BULLPEN,5
2024,2024-09-14,745209,663728,683004,453286,BULLPEN,5
2024,2024-09-14,745209,645302,600917,453286,BULLPEN,9
2024,2024-09-15,745206,641598,571760,571760,STARTER,1
2024,2024-09-15,745206,457759,571760,571760,STARTER,1
2024,2024-09-15,745206,668227,571760,571760,STARTER,1
2024,2024-09-15,745206,649966,670036,571760,BULLPEN,6
2024,2024-09-15,745206,668227,642520,571760,BULLPEN,7
2024,2024-09-15,745206,571745,642520,571760,BULLPEN,8
2024,2024-09-15,745206,641487,642520,571760,BULLPEN,8
2024,2024-09-17,745205,593871,661563,661563,STARTER,2
2024,2024-09-17,745205,670042,573186,661563,BULLPEN,8
2024,2024-09-18,745199,457759,605280,641482,BULLPEN,8
2024,2024-09-19,745204,677594,657376,657376,STARTER,1
2024,2024-09-19,745204,668227,657376,657376,STARTER,1
2024,2024-09-19,745204,670042,657376,657376,STARTER,1
2024,2024-09-20,744960,668942,594798,594798,STARTER,3
2024,2024-09-20,744960,677594,683004,594798,BULLPEN,5
2024,2024-09-20,744960,641487,683004,594798,BULLPEN,5
2024,2024-09-20,744960,645302,683004,594798,BULLPEN,5
2024,2024-09-20,744960,677594,683004,594798,BULLPEN,7
2024,2024-09-20,744960,645302,683004,594798,BULLPEN,7
2024,2024-09-20,744960,457759,683004,594798,BULLPEN,8
2024,2024-09-20,744960,664238,683004,594798,BULLPEN,8
2024,2024-09-21,744958,677594,641540,641540,STARTER,1
2024,2024-09-21,744958,668227,641540,641540,STARTER,1
2024,2024-09-21,744958,664238,605177,641540,BULLPEN,6
2024,2024-09-21,744958,668942,605177,641540,BULLPEN,6
2024,2024-09-21,744958,677594,600917,641540,BULLPEN,6
2024,2024-09-21,744958,645302,679156,641540,BULLPEN,9
2024,2024-09-21,744958,664238,679156,641540,BULLPEN,9
2024,2024-09-21,744958,641487,679156,641540,BULLPEN,9
2024,2024-09-22,744955,457759,571760,571760,STARTER,2
2024,2024-09-22,744955,663728,571760,571760,STARTER,3
2024,2024-09-22,744955,664238,571760,571760,STARTER,6
2024,2024-09-22,744955,593871,571760,571760,STARTER,6
2024,2024-09-22,744955,645302,670036,571760,BULLPEN,6
2024,2024-09-23,746334,645302,686613,686613,STARTER,3
2024,2024-09-23,746334,457759,657571,686613,BULLPEN,7
2024,2024-09-23,746334,663728,687911,686613,BULLPEN,8
2024,2024-09-23,746334,668227,687911,686613,BULLPEN,8
2024,2024-09-23,746334,645302,661527,686613,BULLPEN,9
2024,2024-09-23,746334,677594,661527,686613,BULLPEN,9
2024,2024-09-24,746336,593871,664285,664285,STARTER,2
2024,2024-09-24,746336,677594,664285,664285,STARTER,3
2024,2024-09-24,746336,663728,664285,664285,STARTER,3
2024,2024-09-25,746331,664238,579328,579328,STARTER,6
2024,2024-09-25,746331,645302,579328,579328,STARTER,6
2024,2024-09-25,746331,641598,681869,579328,BULLPEN,7
2024,2024-09-25,746331,641487,681869,579328,BULLPEN,7
2024,2024-09-25,746331,645302,681869,579328,BULLPEN,7
2024,2024-09-25,746331,664238,593576,579328,BULLPEN,9
2024,2024-09-25,746331,677594,593576,579328,BULLPEN,9
2024,2024-09-25,746331,645302,593576,579328,BULLPEN,9
2024,2024-09-27,745202,641598,676664,676664,STARTER,2
2024,2024-09-27,745202,663728,676664,676664,STARTER,3
2024,2024-09-28,745203,663728,683155,683155,STARTER,4
2024,2024-09-28,745203,641487,683155,683155,STARTER,4
2024,2024-09-28,745203,670042,683155,683155,STARTER,4
2024,2024-09-28,745203,677594,621053,683155,BULLPEN,7
2024,2024-09-28,745203,670042,695243,683155,BULLPEN,9
2024,2024-09-28,745203,677594,695243,683155,BULLPEN,9
2024,2024-09-28,745203,660844,518397,683155,BULLPEN,10
2024,2024-09-29,745201,663728,687765,687765,STARTER,4
2024,2024-09-29,745201,668227,687765,687765,STARTER,4
2024,2024-09-29,745201,641487,687765,687765,STARTER,5
2024,2024-09-29,745201,645302,687765,687765,STARTER,5
2024,2024-09-29,745201,663728,687765,687765,STARTER,5
2024,2024-09-29,745201,677594,687765,687765,STARTER,5
2025,2025-03-27,778547,641487,621053,622663,BULLPEN,7
2025,2025-03-27,778547,668227,600917,622663,BULLPEN,8
2025,2025-03-27,778547,593871,600917,622663,BULLPEN,8
2025,2025-03-27,778547,670042,600917,622663,BULLPEN,8
2025,2025-03-29,778521,642133,674370,674370,STARTER,2
2025,2025-03-29,778521,668227,674370,674370,STARTER,6
2025,2025-03-30,778513,677594,676664,676664,STARTER,6
2025,2025-03-30,778513,645302,676664,676664,STARTER,6
2025,2025-03-31,778496,668227,695549,695549,STARTER,2
2025,2025-03-31,778496,641487,695549,695549,STARTER,3
2025,2025-03-31,778496,670042,695549,695549,STARTER,4
2025,2025-03-31,778496,677594,669724,695549,BULLPEN,5
2025,2025-03-31,778496,663728,676428,695549,BULLPEN,9
2025,2025-03-31,778496,677594,676428,695549,BULLPEN,9
2025,2025-04-01,778486,668227,689225,663554,BULLPEN,7
2025,2025-04-02,778469,641487,669373,669373,STARTER,2
2025,2025-04-02,778469,664238,669373,669373,STARTER,2
2025,2025-04-02,778469,664238,669373,669373,STARTER,4
2025,2025-04-04,778444,677594,434378,434378,STARTER,1
2025,2025-04-04,778444,641487,434378,434378,STARTER,3
2025,2025-04-04,778444,677594,434378,434378,STARTER,3
2025,2025-04-04,778444,593871,642152,434378,BULLPEN,5
2025,2025-04-04,778444,663728,642152,434378,BULLPEN,5
2025,2025-04-04,778444,645302,666808,434378,BULLPEN,6
2025,2025-04-04,778444,677594,666808,434378,BULLPEN,6
2025,2025-04-04,778444,663728,666808,434378,BULLPEN,6
2025,2025-04-04,778444,670042,702352,434378,BULLPEN,11
2025,2025-04-05,778436,664238,592662,592662,STARTER,5
2025,2025-04-06,778427,677594,663855,663855,STARTER,1
2025,2025-04-06,778427,663728,663855,663855,STARTER,3
2025,2025-04-06,778427,670042,663855,663855,STARTER,6
2025,2025-04-06,778427,645302,666808,663855,BULLPEN,9
2025,2025-04-07,778405,669208,669713,669713,STARTER,5
2025,2025-04-07,778405,664238,669713,669713,STARTER,5
2025,2025-04-07,778405,670156,605463,669713,BULLPEN,8
2025,2025-04-07,778405,664238,605463,669713,BULLPEN,8
2025,2025-04-08,778398,641598,605463,664285,BULLPEN,7
2025,2025-04-09,778383,668227,595345,686613,BULLPEN,8
2025,2025-04-09,778383,670156,664351,686613,BULLPEN,8
2025,2025-04-09,778383,641487,664351,686613,BULLPEN,8
2025,2025-04-09,778383,677594,664351,686613,BULLPEN,8
2025,2025-04-09,778383,456781,650556,686613,BULLPEN,9
2025,2025-04-09,778383,670156,650556,686613,BULLPEN,9
2025,2025-04-09,778383,677594,650556,686613,BULLPEN,9
2025,2025-04-11,778360,593871,594798,594798,STARTER,1
2025,2025-04-11,778360,642133,594798,594798,STARTER,2
2025,2025-04-11,778360,660844,594798,594798,STARTER,4
2025,2025-04-11,778360,663728,455119,594798,BULLPEN,8
2025,2025-04-11,778360,664238,455119,594798,BULLPEN,8
2025,2025-04-12,778341,641487,677958,677958,STARTER,3
2025,2025-04-12,778341,677594,677958,677958,STARTER,3
2025,2025-04-12,778341,663728,677958,677958,STARTER,3
2025,2025-04-12,778341,668227,677958,677958,STARTER,3
2025,2025-04-12,778341,663728,676961,677958,BULLPEN,5
2025,2025-04-12,778341,677594,676961,677958,BULLPEN,7
2025,2025-04-12,778341,641487,676961,677958,BULLPEN,7
2025,2025-04-12,778341,670042,676961,677958,BULLPEN,7
2025,2025-04-12,778341,663728,676961,677958,BULLPEN,7
2025,2025-04-13,778334,663728,543135,543135,STARTER,1
2025,2025-04-13,778334,593871,543135,543135,STARTER,1
2025,2025-04-13,778334,677594,543135,543135,STARTER,6
2025,2025-04-15,778316,664238,666157,666157,STARTER,1
2025,2025-04-15,778316,810938,666157,666157,STARTER,2
2025,2025-04-15,778316,664238,666157,666157,STARTER,5
2025,2025-04-15,778316,641487,666157,666157,STARTER,5
2025,2025-04-16,778304,677594,607259,607259,STARTER,1
2025,2025-04-16,778304,664238,607259,607259,STARTER,2
2025,2025-04-16,778304,664238,607259,607259,STARTER,4
2025,2025-04-16,778304,663728,607259,607259,STARTER,5
2025,2025-04-16,778304,663728,573124,607259,BULLPEN,7
2025,2025-04-17,778285,670042,663903,663903,STARTER,4
2025,2025-04-17,778285,668227,663903,663903,STARTER,4
2025,2025-04-17,778285,677594,663903,663903,STARTER,5
2025,2025-04-17,778285,593871,663903,663903,STARTER,5
2025,2025-04-17,778285,810938,663574,663903,BULLPEN,8
2025,2025-04-17,778285,663728,641941,663903,BULLPEN,9
2025,2025-04-17,778285,668227,641941,663903,BULLPEN,9
2025,2025-04-17,778285,664238,668933,663903,BULLPEN,10
2025,2025-04-17,778285,670156,668933,663903,BULLPEN,10
2025,2025-04-17,778285,677594,668933,663903,BULLPEN,10
2025,2025-04-17,778285,641598,668933,663903,BULLPEN,10
2025,2025-04-18,778273,642133,670102,670102,STARTER,2
2025,2025-04-19,778258,810938,621244,621244,STARTER,5
2025,2025-04-19,778258,641487,621244,621244,STARTER,5
2025,2025-04-19,778258,810938,621244,621244,STARTER,7
2025,2025-04-19,778258,641487,606930,621244,BULLPEN,12
2025,2025-04-19,778258,642133,606930,621244,BULLPEN,12
2025,2025-04-19,778258,663728,606930,621244,BULLPEN,12
2025,2025-04-19,778258,668227,606930,621244,BULLPEN,12
2025,2025-04-19,778258,670042,606930,621244,BULLPEN,12
2025,2025-04-20,778241,664238,687922,687922,STARTER,1
2025,2025-04-20,778241,663728,687922,687922,STARTER,1
2025,2025-04-20,778241,677594,687922,687922,STARTER,1
2025,2025-04-20,778241,660844,687922,687922,STARTER,2
2025,2025-04-20,778241,810938,687922,687922,STARTER,2
2025,2025-04-20,778241,677594,687922,687922,STARTER,2
2025,2025-04-20,778241,642133,622253,687922,BULLPEN,7
2025,2025-04-20,778241,641598,622253,687922,BULLPEN,7
2025,2025-04-22,778224,593871,678394,678394,STARTER,1
2025,2025-04-22,778224,664238,458677,678394,BULLPEN,6
2025,2025-04-22,778224,810938,458677,678394,BULLPEN,6
2025,2025-04-23,778207,677594,656794,656794,STARTER,1
2025,2025-04-23,778207,641487,656794,656794,STARTER,4
2025,2025-04-23,778207,810938,656794,656794,STARTER,4
2025,2025-04-23,778207,660844,656794,656794,STARTER,4
2025,2025-04-23,778207,660844,657514,656794,BULLPEN,6
2025,2025-04-23,778207,664238,657514,656794,BULLPEN,6
2025,2025-04-23,778207,668227,670174,656794,BULLPEN,7
2025,2025-04-23,778207,642133,670174,656794,BULLPEN,7
2025,2025-04-24,778196,668227,676979,676979,STARTER,1
2025,2025-04-24,778196,664238,676979,676979,STARTER,1
2025,2025-04-24,778196,810938,676979,676979,STARTER,2
2025,2025-04-24,778196,660844,676979,676979,STARTER,2
2025,2025-04-25,778175,664238,615698,615698,STARTER,2
2025,2025-04-25,778175,593871,615698,615698,STARTER,6
2025,2025-04-25,778175,810938,615698,615698,STARTER,6
2025,2025-04-25,778175,641487,615698,615698,STARTER,6
2025,2025-04-26,778154,677594,687362,687362,STARTER,1
2025,2025-04-26,778154,593871,687362,687362,STARTER,1
2025,2025-04-26,778154,663728,687362,687362,STARTER,1
2025,2025-04-26,778154,670042,687362,687362,STARTER,1
2025,2025-04-26,778154,642133,687362,687362,STARTER,1
2025,2025-04-26,778154,810938,687362,687362,STARTER,1
2025,2025-04-26,778154,593871,687362,687362,STARTER,2
2025,2025-04-26,778154,593871,666277,687362,BULLPEN,4
2025,2025-04-26,778154,663728,666277,687362,BULLPEN,4
2025,2025-04-26,778154,668227,666277,687362,BULLPEN,4
2025,2025-04-26,778154,670042,663969,687362,BULLPEN,6
2025,2025-04-26,778154,641598,691594,687362,BULLPEN,7
2025,2025-04-26,778154,641487,691594,687362,BULLPEN,7
2025,2025-04-26,778154,670042,691594,687362,BULLPEN,8
2025,2025-04-27,778136,663728,676974,676974,STARTER,1
2025,2025-04-27,778136,670156,676974,676974,STARTER,2
2025,2025-04-27,778136,641487,676974,676974,STARTER,2
2025,2025-04-27,778136,660844,676974,676974,STARTER,2
2025,2025-04-27,778136,660844,676974,676974,STARTER,4
2025,2025-04-27,778136,641487,678692,676974,BULLPEN,5
2025,2025-04-27,778136,668227,678692,676974,BULLPEN,5
2025,2025-04-29,778121,593871,686799,686799,STARTER,2
2025,2025-04-29,778121,670156,686799,686799,STARTER,2
2025,2025-04-29,778121,660844,686799,686799,STARTER,2
2025,2025-04-29,778121,593871,820862,686799,BULLPEN,7
2025,2025-04-29,778121,677594,820862,686799,BULLPEN,7
2025,2025-04-30,778104,668227,542881,542881,STARTER,2
2025,2025-04-30,778104,641598,542881,542881,STARTER,2
2025,2025-04-30,778104,663728,542881,542881,STARTER,3
2025,2025-04-30,778104,669392,672282,542881,BULLPEN,7
2025,2025-04-30,778104,660844,672282,542881,BULLPEN,7
2025,2025-04-30,778104,641487,672282,542881,BULLPEN,7
2025,2025-04-30,778104,677594,672282,542881,BULLPEN,7
2025,2025-04-30,778104,668227,696270,542881,BULLPEN,7
2025,2025-04-30,778104,663728,672282,542881,BULLPEN,7
2025,2025-05-02,778083,663728,683004,683004,STARTER,4
2025,2025-05-02,778083,663728,683004,683004,STARTER,5
2025,2025-05-02,778083,689041,683004,683004,STARTER,5
2025,2025-05-02,778083,593871,683004,683004,STARTER,5
2025,2025-05-02,778083,677594,683004,683004,STARTER,5
2025,2025-05-02,778083,668227,683004,683004,STARTER,5
2025,2025-05-02,778083,642133,656641,683004,BULLPEN,5
2025,2025-05-02,778083,670156,656641,683004,BULLPEN,5
2025,2025-05-02,778083,677594,656641,683004,BULLPEN,6
2025,2025-05-02,778083,641598,656641,683004,BULLPEN,6
2025,2025-05-02,778083,642133,571466,683004,BULLPEN,9
2025,2025-05-02,778083,670156,571466,683004,BULLPEN,9
2025,2025-05-02,778083,810938,571466,683004,BULLPEN,9
2025,2025-05-03,778070,641487,571578,571578,STARTER,1
2025,2025-05-03,778070,593871,455119,571578,BULLPEN,9
2025,2025-05-04,778052,660844,594798,594798,STARTER,3
2025,2025-05-05,778038,689041,622663,622663,STARTER,3
2025,2025-05-05,778038,641487,622663,622663,STARTER,3
2025,2025-05-05,778038,593871,622663,622663,STARTER,3
2025,2025-05-05,778038,642133,622663,622663,STARTER,3
2025,2025-05-05,778038,663728,680880,622663,BULLPEN,8
2025,2025-05-05,778038,663728,621053,622663,BULLPEN,10
2025,2025-05-06,778024,677594,605488,605488,STARTER,1
2025,2025-05-06,778024,810938,605488,605488,STARTER,2
2025,2025-05-06,778024,677594,621053,605488,BULLPEN,9
2025,2025-05-06,778024,593871,621053,605488,BULLPEN,9
2025,2025-05-06,778024,660844,621053,605488,BULLPEN,9
2025,2025-05-07,778010,664238,680684,680684,STARTER,5
2025,2025-05-07,778010,642133,687765,680684,BULLPEN,6
2025,2025-05-07,778010,663728,680684,680684,STARTER,6
2025,2025-05-07,778010,668227,687765,680684,BULLPEN,6
2025,2025-05-07,778010,670156,668716,680684,BULLPEN,8
2025,2025-05-07,778010,665750,668716,680684,BULLPEN,8
2025,2025-05-09,777984,810938,592332,592332,STARTER,3
2025,2025-05-09,777984,677594,592332,592332,STARTER,6
2025,2025-05-09,777984,663728,592332,592332,STARTER,6
2025,2025-05-10,777970,642133,670102,670102,STARTER,2
2025,2025-05-10,777970,677594,670102,670102,STARTER,4
2025,2025-05-10,777970,663728,670102,670102,STARTER,4
2025,2025-05-11,777958,664238,570632,570632,STARTER,3
2025,2025-05-12,777941,677594,657376,657376,STARTER,1
2025,2025-05-12,777941,593871,657376,657376,STARTER,3
2025,2025-05-12,777941,668227,657376,657376,STARTER,7
2025,2025-05-12,777941,663728,657612,657376,BULLPEN,8
2025,2025-05-12,777941,641598,657612,657376,BULLPEN,8
2025,2025-05-13,777926,677594,608331,608331,STARTER,4
2025,2025-05-13,777926,665750,657612,608331,BULLPEN,11
2025,2025-05-14,777915,665750,701542,701542,STARTER,3
2025,2025-05-14,777915,660844,701542,701542,STARTER,3
2025,2025-05-16,777896,641487,663568,663568,STARTER,1
2025,2025-05-16,777896,642133,663568,663568,STARTER,4
2025,2025-05-16,777896,663728,663568,663568,STARTER,4
2025,2025-05-16,777896,663728,663568,663568,STARTER,6
2025,2025-05-16,777896,677594,663568,663568,STARTER,6
2025,2025-05-17,777875,642133,601713,601713,STARTER,5
2025,2025-05-17,777875,663728,670970,601713,BULLPEN,7
2025,2025-05-17,777875,668227,689690,601713,BULLPEN,9
2025,2025-05-17,777875,663728,689690,601713,BULLPEN,9
2025,2025-05-18,777868,668227,650633,650633,STARTER,4
2025,2025-05-18,777868,642133,650633,650633,STARTER,4
2025,2025-05-18,777868,641598,650633,650633,STARTER,4
2025,2025-05-18,777868,668227,650633,650633,STARTER,6
2025,2025-05-18,777868,664238,673513,650633,BULLPEN,9
2025,2025-05-18,777868,660844,673513,650633,BULLPEN,9
2025,2025-05-19,777857,810938,663436,663436,STARTER,3
2025,2025-05-19,777857,677594,592155,663436,BULLPEN,8
2025,2025-05-19,777857,810938,663436,663436,STARTER,8
2025,2025-05-19,777857,641487,592155,663436,BULLPEN,8
2025,2025-05-19,777857,641598,592155,663436,BULLPEN,8
2025,2025-05-21,777830,677594,681343,681343,STARTER,1
2025,2025-05-21,777830,641487,681343,681343,STARTER,1
2025,2025-05-21,777830,593871,681343,681343,STARTER,1
2025,2025-05-21,777830,663728,685126,681343,BULLPEN,6
2025,2025-05-21,777830,665750,678024,681343,BULLPEN,8
2025,2025-05-21,777830,660844,678024,681343,BULLPEN,8
2025,2025-05-22,777822,641487,621121,621121,STARTER,1
2025,2025-05-22,777822,664238,621121,621121,STARTER,2
2025,2025-05-23,777800,665750,687473,687473,STARTER,3
2025,2025-05-23,777800,670156,687473,687473,STARTER,5
2025,2025-05-23,777800,641487,687911,687473,BULLPEN,7
2025,2025-05-23,777800,663728,650556,687473,BULLPEN,7
2025,2025-05-23,777800,677594,650556,687473,BULLPEN,7
2025,2025-05-24,777787,668227,664285,664285,STARTER,2
2025,2025-05-25,777774,668227,676467,676467,STARTER,1
2025,2025-05-25,777774,677594,676467,676467,STARTER,1
2025,2025-05-25,777774,677594,676467,676467,STARTER,3
2025,2025-05-27,777743,677594,680730,680730,STARTER,1
2025,2025-05-27,777743,641487,680730,680730,STARTER,1
2025,2025-05-27,777743,663728,680730,680730,STARTER,1
2025,2025-05-27,777743,663728,680730,680730,STARTER,5
2025,2025-05-27,777743,664238,671131,680730,BULLPEN,6
2025,2025-05-27,777743,456781,671131,680730,BULLPEN,6
2025,2025-05-27,777743,810938,671131,680730,BULLPEN,6
2025,2025-05-27,777743,641487,605177,680730,BULLPEN,8
2025,2025-05-27,777743,810938,605177,680730,BULLPEN,8
2025,2025-05-29,777722,670156,605347,669022,BULLPEN,7
2025,2025-05-29,777722,665750,605347,669022,BULLPEN,7
2025,2025-05-29,777722,810938,640448,669022,BULLPEN,10
2025,2025-05-30,777713,663728,805673,805673,STARTER,1
2025,2025-05-30,777713,641487,805673,805673,STARTER,1
2025,2025-05-30,777713,593871,805673,805673,STARTER,1
2025,2025-05-30,777713,668227,805673,805673,STARTER,1
2025,2025-05-30,777713,663728,663485,805673,BULLPEN,8
2025,2025-05-30,777713,677594,663485,805673,BULLPEN,8
2025,2025-05-31,777695,663728,641927,641927,STARTER,3
2025,2025-05-31,777695,810938,641927,641927,STARTER,3
2025,2025-05-31,777695,641487,660896,641927,BULLPEN,7
2025,2025-05-31,777695,810938,660896,641927,BULLPEN,7
2025,2025-05-31,777695,670156,663485,641927,BULLPEN,11
2025,2025-06-01,777680,663728,663978,663978,STARTER,7
2025,2025-06-01,777680,677594,643377,663978,BULLPEN,9
2025,2025-06-03,777655,642133,608372,608372,STARTER,2
2025,2025-06-04,777645,663728,700249,700249,STARTER,4
2025,2025-06-04,777645,810938,700249,700249,STARTER,6
2025,2025-06-05,777628,593871,621107,621107,STARTER,3
2025,2025-06-05,777628,663728,621107,621107,STARTER,5
2025,2025-06-05,777628,641487,621107,621107,STARTER,5
2025,2025-06-06,777614,810938,543294,543294,STARTER,3
2025,2025-06-06,777614,677594,543294,543294,STARTER,4
2025,2025-06-06,777614,663728,543294,543294,STARTER,4
2025,2025-06-06,777614,810938,543294,543294,STARTER,5
2025,2025-06-07,777603,663728,686799,686799,STARTER,1
2025,2025-06-07,777603,593871,686799,686799,STARTER,1
2025,2025-06-07,777603,677594,686799,686799,STARTER,1
2025,2025-06-07,777603,702284,686799,686799,STARTER,2
2025,2025-06-07,777603,670156,593576,686799,BULLPEN,6
2025,2025-06-07,777603,663728,445276,686799,BULLPEN,9
2025,2025-06-08,777589,677594,542881,542881,STARTER,1
2025,2025-06-08,777589,668227,542881,542881,STARTER,5
2025,2025-06-08,777589,641598,542881,542881,STARTER,5
2025,2025-06-09,777577,664238,679885,518876,BULLPEN,9
2025,2025-06-09,777577,456781,656257,518876,BULLPEN,9
2025,2025-06-09,777577,686527,656257,518876,BULLPEN,9
2025,2025-06-09,777577,702284,656257,518876,BULLPEN,9
2025,2025-06-10,777559,668227,694297,694297,STARTER,6
2025,2025-06-10,777559,642133,694297,694297,STARTER,6
2025,2025-06-10,777559,810938,686826,694297,BULLPEN,8
2025,2025-06-11,777548,677594,593958,593958,STARTER,1
2025,2025-06-11,777548,456781,593958,593958,STARTER,5
2025,2025-06-13,777520,642133,668909,668909,STARTER,4
2025,2025-06-13,777520,810938,668909,668909,STARTER,4
2025,2025-06-13,777520,663728,682120,668909,BULLPEN,7
2025,2025-06-13,777520,668227,683769,668909,BULLPEN,7
2025,2025-06-13,777520,593871,682120,668909,BULLPEN,7
2025,2025-06-13,777520,686527,683769,668909,BULLPEN,7
2025,2025-06-13,777520,593871,663465,668909,BULLPEN,8
2025,2025-06-14,777507,641487,676440,676440,STARTER,1
2025,2025-06-14,777507,677594,676440,676440,STARTER,1
2025,2025-06-14,777507,664238,661403,676440,BULLPEN,9
2025,2025-06-14,777507,670156,661403,676440,BULLPEN,9
2025,2025-06-15,777495,668227,682847,682847,STARTER,2
2025,2025-06-15,777495,641487,682847,682847,STARTER,2
2025,2025-06-15,777495,642133,682847,682847,STARTER,2
2025,2025-06-15,777495,686527,682847,682847,STARTER,2
2025,2025-06-15,777495,670156,682847,682847,STARTER,2
2025,2025-06-15,777495,668227,682847,682847,STARTER,5
2025,2025-06-17,777473,642133,621111,621111,STARTER,2
2025,2025-06-17,777473,663728,621111,621111,STARTER,2
2025,2025-06-17,777473,702284,621111,621111,STARTER,2
2025,2025-06-17,777473,641487,621111,621111,STARTER,2
2025,2025-06-17,777473,677594,621111,621111,STARTER,2
2025,2025-06-17,777473,702284,621111,621111,STARTER,4
2025,2025-06-17,777473,641487,621111,621111,STARTER,4
2025,2025-06-17,777473,663728,621111,621111,STARTER,4
2025,2025-06-18,777453,668227,676979,676979,STARTER,2
2025,2025-06-20,777436,663728,571510,571510,STARTER,1
2025,2025-06-20,777436,663728,571510,571510,STARTER,4
2025,2025-06-20,777436,641598,519151,571510,BULLPEN,6
2025,2025-06-20,777436,668227,519151,571510,BULLPEN,6
2025,2025-06-20,777436,663728,573204,571510,BULLPEN,7
2025,2025-06-20,777436,677594,573204,571510,BULLPEN,7
2025,2025-06-20,777436,641598,650893,571510,BULLPEN,9
2025,2025-06-20,777436,663728,650893,571510,BULLPEN,9
2025,2025-06-20,777436,668227,650893,571510,BULLPEN,9
2025,2025-06-21,777419,593871,690990,690990,STARTER,2
2025,2025-06-21,777419,593871,690990,690990,STARTER,4
2025,2025-06-21,777419,670042,690990,690990,STARTER,4
2025,2025-06-21,777419,641487,690990,690990,STARTER,5
2025,2025-06-21,777419,593871,690990,690990,STARTER,5
2025,2025-06-21,777419,668227,690990,690990,STARTER,5
2025,2025-06-21,777419,663728,694037,690990,BULLPEN,9
2025,2025-06-22,777403,663728,607067,607067,STARTER,1
2025,2025-06-22,777403,641487,607067,607067,STARTER,1
2025,2025-06-22,777403,686527,607067,607067,STARTER,2
2025,2025-06-22,777403,456781,607067,607067,STARTER,4
2025,2025-06-22,777403,663728,607067,607067,STARTER,5
2025,2025-06-22,777403,686527,607067,607067,STARTER,6
2025,2025-06-22,777403,670156,607067,607067,STARTER,6
2025,2025-06-22,777403,456781,623167,607067,BULLPEN,7
2025,2025-06-22,777403,641598,623167,607067,BULLPEN,7
2025,2025-06-22,777403,670156,663878,607067,BULLPEN,8
2025,2025-06-22,777403,677594,663878,607067,BULLPEN,8
2025,2025-06-22,777403,663728,663878,607067,BULLPEN,8
2025,2025-06-22,777403,668227,663878,607067,BULLPEN,8
2025,2025-06-22,777403,702284,663878,607067,BULLPEN,8
2025,2025-06-23,777388,810938,641927,641927,STARTER,3
2025,2025-06-23,777388,677594,641927,641927,STARTER,3
2025,2025-06-23,777388,702284,641927,641927,STARTER,3
2025,2025-06-23,777388,670042,641927,641927,STARTER,3
2025,2025-06-23,777388,663728,641927,641927,STARTER,3
2025,2025-06-23,777388,668227,641927,641927,STARTER,3
2025,2025-06-23,777388,686527,641927,641927,STARTER,6
2025,2025-06-23,777388,686527,666214,641927,BULLPEN,9
2025,2025-06-23,777388,810938,666214,641927,BULLPEN,9
2025,2025-06-23,777388,663728,666214,641927,BULLPEN,9
2025,2025-06-23,777388,677594,666214,641927,BULLPEN,9
2025,2025-06-24,777375,810938,663978,663978,STARTER,3
2025,2025-06-24,777375,702284,663978,663978,STARTER,3
2025,2025-06-24,777375,641487,663978,663978,STARTER,3
2025,2025-06-24,777375,668227,663978,663978,STARTER,3
2025,2025-06-24,777375,663728,663978,663978,STARTER,3
2025,2025-06-24,777375,664238,661395,663978,BULLPEN,9
2025,2025-06-26,777356,686527,663485,680573,BULLPEN,9
2025,2025-06-27,777340,677594,543135,543135,STARTER,1
2025,2025-06-27,777340,641487,543135,543135,STARTER,3
2025,2025-06-27,777340,677594,543135,543135,STARTER,3
2025,2025-06-27,777340,810938,657097,543135,BULLPEN,4
2025,2025-06-27,777340,641487,668390,543135,BULLPEN,6
2025,2025-06-27,777340,664238,592426,543135,BULLPEN,10
2025,2025-06-27,777340,668227,542888,543135,BULLPEN,12
2025,2025-06-28,777322,686527,677958,677958,STARTER,3
2025,2025-06-28,777322,663728,677958,677958,STARTER,6
2025,2025-06-29,777302,668227,683004,683004,STARTER,6
2025,2025-06-29,777302,677594,592426,683004,BULLPEN,10
2025,2025-06-29,777302,668227,592426,683004,BULLPEN,10
2025,2025-06-29,777302,670042,668390,683004,BULLPEN,12
2025,2025-06-29,777302,641598,668390,683004,BULLPEN,12
2025,2025-06-29,777302,668227,668390,683004,BULLPEN,12
2025,2025-06-30,777297,668227,608379,608379,STARTER,4
2025,2025-06-30,777297,702284,608379,608379,STARTER,5
2025,2025-06-30,777297,668227,608379,608379,STARTER,5
2025,2025-06-30,777297,641487,608379,608379,STARTER,5
2025,2025-06-30,777297,677594,608379,608379,STARTER,5
2025,2025-06-30,777297,663728,663738,608379,BULLPEN,7
2025,2025-07-01,777281,668227,547179,547179,STARTER,2
2025,2025-07-01,777281,670042,547179,547179,STARTER,5
2025,2025-07-01,777281,810938,547179,547179,STARTER,5
2025,2025-07-02,777262,668227,670167,702070,BULLPEN,6
2025,2025-07-02,777262,810938,672582,702070,BULLPEN,7
2025,2025-07-02,777262,702284,672582,702070,BULLPEN,7
2025,2025-07-03,777251,593871,607625,607625,STARTER,4
2025,2025-07-03,777251,686527,608032,607625,BULLPEN,9
2025,2025-07-04,777236,663728,663559,663559,STARTER,1
2025,2025-07-04,777236,677594,663559,663559,STARTER,1
2025,2025-07-04,777236,668227,663559,663559,STARTER,4
2025,2025-07-04,777236,663728,663559,663559,STARTER,6
2025,2025-07-04,777236,664238,677952,663559,BULLPEN,7
2025,2025-07-04,777236,456781,677952,663559,BULLPEN,7
2025,2025-07-05,777225,593871,657571,681347,BULLPEN,6
2025,2025-07-06,777205,668227,669387,694973,BULLPEN,6
2025,2025-07-08,777187,641487,664129,701542,BULLPEN,8
2025,2025-07-08,777187,663728,664129,701542,BULLPEN,8
2025,2025-07-08,777187,677594,664129,701542,BULLPEN,8
2025,2025-07-09,777184,641487,693645,693645,STARTER,3
2025,2025-07-09,777184,593871,693645,693645,STARTER,4
2025,2025-07-09,777184,668227,642528,693645,BULLPEN,6
2025,2025-07-09,777184,677594,693645,693645,STARTER,6
2025,2025-07-09,777184,702284,642528,693645,BULLPEN,7
2025,2025-07-09,777184,810938,642528,693645,BULLPEN,7
2025,2025-07-10,777169,670042,573186,573186,STARTER,2
2025,2025-07-10,777169,686527,573186,573186,STARTER,4
2025,2025-07-10,777169,593871,690925,573186,BULLPEN,7
2025,2025-07-10,777169,641487,690925,573186,BULLPEN,7
2025,2025-07-10,777169,668227,690925,573186,BULLPEN,7
2025,2025-07-11,777161,593871,669373,669373,STARTER,2
2025,2025-07-11,777161,456781,669373,669373,STARTER,5
2025,2025-07-11,777161,677594,669373,669373,STARTER,5
2025,2025-07-11,777161,641487,669373,669373,STARTER,5
2025,2025-07-11,777161,663728,663947,669373,BULLPEN,8
2025,2025-07-11,777161,670156,672578,669373,BULLPEN,9
2025,2025-07-11,777161,456781,672578,669373,BULLPEN,9
2025,2025-07-11,777161,670042,672578,669373,BULLPEN,9
2025,2025-07-11,777161,663728,676428,669373,BULLPEN,9
2025,2025-07-11,777161,810938,672578,669373,BULLPEN,9
2025,2025-07-11,777161,641487,676428,669373,BULLPEN,9
2025,2025-07-11,777161,677594,676428,669373,BULLPEN,9
2025,2025-07-12,777145,668227,663554,663554,STARTER,2
2025,2025-07-12,777145,702284,663554,663554,STARTER,3
2025,2025-07-12,777145,677594,663554,663554,STARTER,3
2025,2025-07-12,777145,670042,663554,663554,STARTER,3
2025,2025-07-12,777145,668227,663554,663554,STARTER,3
2025,2025-07-12,777145,593871,663554,663554,STARTER,3
2025,2025-07-12,777145,810938,672456,663554,BULLPEN,4
2025,2025-07-12,777145,677594,672456,663554,BULLPEN,6
2025,2025-07-12,777145,668227,672456,663554,BULLPEN,7
2025,2025-07-12,777145,668227,695445,663554,BULLPEN,8
2025,2025-07-12,777145,677594,695445,663554,BULLPEN,8
2025,2025-07-12,777145,670042,592454,663554,BULLPEN,9
2025,2025-07-12,777145,702284,592454,663554,BULLPEN,9
2025,2025-07-12,777145,664238,592454,663554,BULLPEN,9
2025,2025-07-12,777145,810938,592454,663554,BULLPEN,9
2025,2025-07-13,777121,677594,656427,656427,STARTER,3
2025,2025-07-13,777121,668227,656427,656427,STARTER,4
2025,2025-07-13,777121,641598,663947,656427,BULLPEN,7
2025,2025-07-13,777121,677594,676684,656427,BULLPEN,8
2025,2025-07-13,777121,593871,592454,656427,BULLPEN,9
2025,2025-07-13,777121,702284,592454,656427,BULLPEN,9
2025,2025-07-13,777121,641487,592454,656427,BULLPEN,9
2025,2025-07-13,777121,677594,669724,656427,BULLPEN,9
2025,2025-07-18,777099,668227,687888,687888,STARTER,4
2025,2025-07-18,777099,641598,656986,687888,BULLPEN,7
2025,2025-07-18,777099,702284,595345,687888,BULLPEN,8
2025,2025-07-18,777099,641487,595345,687888,BULLPEN,8
2025,2025-07-18,777099,677594,593576,687888,BULLPEN,8
2025,2025-07-18,777099,663728,593576,687888,BULLPEN,8
2025,2025-07-19,777086,593871,621121,621121,STARTER,2
2025,2025-07-19,777086,668227,621121,621121,STARTER,3
2025,2025-07-19,777086,670042,621121,621121,STARTER,3
2025,2025-07-19,777086,593871,621121,621121,STARTER,3
2025,2025-07-19,777086,668227,650556,621121,BULLPEN,8
2025,2025-07-19,777086,663728,623352,621121,BULLPEN,10
2025,2025-07-19,777086,686527,593576,621121,BULLPEN,11
2025,2025-07-20,777067,677594,686613,686613,STARTER,3
2025,2025-07-20,777067,670156,686613,686613,STARTER,3
2025,2025-07-20,777067,641598,686613,686613,STARTER,4
2025,2025-07-22,777035,663728,683232,694819,BULLPEN,6
2025,2025-07-23,777024,593871,682990,682990,STARTER,2
2025,2025-07-23,777024,686527,682990,682990,STARTER,2
2025,2025-07-24,777018,677594,579328,579328,STARTER,5
2025,2025-07-24,777018,668227,579328,579328,STARTER,5
2025,2025-07-24,777018,663728,579328,579328,STARTER,5
2025,2025-07-24,777018,593871,820862,579328,BULLPEN,8
2025,2025-07-25,777006,677594,667755,667755,STARTER,1
2025,2025-07-25,777006,677594,667755,667755,STARTER,6
2025,2025-07-26,776995,677594,542881,542881,STARTER,3
2025,2025-07-26,776995,668227,542881,542881,STARTER,4
2025,2025-07-26,776995,663728,820862,542881,BULLPEN,6
2025,2025-07-26,776995,647304,820862,542881,BULLPEN,6
2025,2025-07-26,776995,668227,820862,542881,BULLPEN,6
2025,2025-07-26,776995,593871,641401,542881,BULLPEN,6
2025,2025-07-26,776995,593871,608334,542881,BULLPEN,8
2025,2025-07-27,776977,663728,543294,543294,STARTER,7
2025,2025-07-28,776957,647304,676664,676664,STARTER,2
2025,2025-07-28,776957,647304,676664,676664,STARTER,4
2025,2025-07-28,776957,810938,676664,676664,STARTER,5
2025,2025-07-29,776944,668227,622663,622663,STARTER,4
2025,2025-07-30,776930,677594,605488,605488,STARTER,1
2025,2025-07-30,776930,593871,686993,605488,BULLPEN,7
2025,2025-07-30,776930,647304,686993,605488,BULLPEN,7
2025,2025-07-30,776930,668227,678022,605488,BULLPEN,9
2025,2025-07-31,776923,553993,677958,677958,STARTER,4
2025,2025-07-31,776923,702284,677958,677958,STARTER,5
2025,2025-07-31,776923,663728,677958,677958,STARTER,5
2025,2025-07-31,776923,593871,656641,677958,BULLPEN,6
2025,2025-07-31,776923,641487,656641,677958,BULLPEN,6
2025,2025-07-31,776923,702284,656641,677958,BULLPEN,6
2025,2025-08-01,776908,553993,683004,683004,STARTER,2
2025,2025-08-01,776908,702284,683004,683004,STARTER,5
2025,2025-08-01,776908,641487,676395,683004,BULLPEN,9
2025,2025-08-01,776908,670156,676395,683004,BULLPEN,9
2025,2025-08-02,776897,641487,518876,518876,STARTER,6
2025,2025-08-02,776897,668227,518876,518876,STARTER,6
2025,2025-08-02,776897,668227,676395,518876,BULLPEN,10
2025,2025-08-02,776897,702284,676395,518876,BULLPEN,10
2025,2025-08-03,776883,593871,594798,594798,STARTER,2
2025,2025-08-03,776883,677594,594798,594798,STARTER,3
2025,2025-08-03,776883,663728,594798,594798,STARTER,3
2025,2025-08-03,776883,641487,594798,594798,STARTER,4
2025,2025-08-03,776883,686527,594798,594798,STARTER,4
2025,2025-08-05,776857,686527,663436,663436,STARTER,2
2025,2025-08-05,776857,553993,663436,663436,STARTER,4
2025,2025-08-05,776857,647304,663436,663436,STARTER,4
2025,2025-08-05,776857,553993,663436,663436,STARTER,6
2025,2025-08-05,776857,647304,663436,663436,STARTER,6
2025,2025-08-05,776857,593871,663436,663436,STARTER,6
2025,2025-08-05,776857,647304,663542,663436,BULLPEN,7
2025,2025-08-05,776857,677594,663542,663436,BULLPEN,7
2025,2025-08-06,776841,647304,686563,686563,STARTER,1
2025,2025-08-06,776841,663728,686563,686563,STARTER,1
2025,2025-08-06,776841,641487,686563,686563,STARTER,2
2025,2025-08-06,776841,686527,686563,686563,STARTER,2
2025,2025-08-06,776841,677594,686563,686563,STARTER,2
2025,2025-08-06,776841,668227,686563,686563,STARTER,2
2025,2025-08-06,776841,663728,686563,686563,STARTER,2
2025,2025-08-06,776841,677594,621051,686563,BULLPEN,7
2025,2025-08-07,776830,668227,681343,681343,STARTER,3
2025,2025-08-07,776830,641487,681343,681343,STARTER,3
2025,2025-08-07,776830,668227,656457,681343,BULLPEN,10
2025,2025-08-07,776830,553993,685126,681343,BULLPEN,11
2025,2025-08-08,776824,663728,643377,656876,BULLPEN,8
2025,2025-08-08,776824,641487,643377,656876,BULLPEN,8
2025,2025-08-08,776824,702284,643377,656876,BULLPEN,8
2025,2025-08-09,776805,677594,671212,671212,STARTER,1
2025,2025-08-09,776805,668227,671212,671212,STARTER,1
2025,2025-08-09,776805,663728,671212,671212,STARTER,3
2025,2025-08-09,776805,702284,671212,671212,STARTER,3
2025,2025-08-09,776805,668227,671212,671212,STARTER,3
2025,2025-08-09,776805,677594,671212,671212,STARTER,3
2025,2025-08-09,776805,702284,669438,671212,BULLPEN,6
2025,2025-08-10,776791,663728,605288,605288,STARTER,1
2025,2025-08-10,776791,668227,605288,605288,STARTER,1
2025,2025-08-10,776791,647304,605288,605288,STARTER,1
2025,2025-08-10,776791,677594,605288,605288,STARTER,1
2025,2025-08-10,776791,647304,641329,605288,BULLPEN,7
2025,2025-08-10,776791,593871,670955,605288,BULLPEN,8
2025,2025-08-12,776776,668227,665152,665152,STARTER,1
2025,2025-08-13,776761,677594,669432,669432,STARTER,7
2025,2025-08-13,776761,677594,666974,669432,BULLPEN,9
2025,2025-08-13,776761,553993,666974,669432,BULLPEN,9
2025,2025-08-14,776750,677594,670329,608372,BULLPEN,6
2025,2025-08-14,776750,647304,608372,608372,STARTER,6
2025,2025-08-14,776750,686527,608650,608372,BULLPEN,9
2025,2025-08-15,776736,668227,640455,640455,STARTER,1
2025,2025-08-15,776736,641598,640455,640455,STARTER,2
2025,2025-08-15,776736,663728,640455,640455,STARTER,3
2025,2025-08-15,776736,668227,640455,640455,STARTER,3
2025,2025-08-15,776736,456781,643511,640455,BULLPEN,6
2025,2025-08-15,776736,663728,664854,640455,BULLPEN,7
2025,2025-08-15,776736,553993,664854,640455,BULLPEN,7
2025,2025-08-15,776736,686527,548384,640455,BULLPEN,7
2025,2025-08-15,776736,641598,548384,640455,BULLPEN,7
2025,2025-08-15,776736,664238,548384,640455,BULLPEN,7
2025,2025-08-15,776736,663728,593423,640455,BULLPEN,8
2025,2025-08-16,776726,553993,621242,690997,BULLPEN,9
2025,2025-08-17,776707,677594,605280,605280,STARTER,4
2025,2025-08-17,776707,663728,657585,605280,BULLPEN,7
2025,2025-08-17,776707,668227,657585,605280,BULLPEN,7
2025,2025-08-18,776689,641598,624133,624133,STARTER,7
2025,2025-08-18,776689,702284,605447,624133,BULLPEN,7
2025,2025-08-18,776689,686527,624133,624133,STARTER,7
2025,2025-08-18,776689,641487,605447,624133,BULLPEN,7
2025,2025-08-18,776689,647304,676510,624133,BULLPEN,9
2025,2025-08-18,776689,641598,676510,624133,BULLPEN,9
2025,2025-08-18,776689,641487,676510,624133,BULLPEN,9
2025,2025-08-19,776680,641487,650911,650911,STARTER,3
2025,2025-08-19,776680,664238,650911,650911,STARTER,7
2025,2025-08-19,776680,668227,689147,650911,BULLPEN,7
2025,2025-08-19,776680,663728,689147,650911,BULLPEN,7
2025,2025-08-20,776662,677594,666200,666200,STARTER,1
2025,2025-08-20,776662,553993,502085,666200,BULLPEN,7
2025,2025-08-22,776638,553993,806960,806960,STARTER,5
2025,2025-08-22,776638,647304,665660,806960,BULLPEN,7
2025,2025-08-22,776638,593871,665660,806960,BULLPEN,7
2025,2025-08-23,776620,668227,605488,605488,STARTER,6
2025,2025-08-24,776602,663728,682052,682052,STARTER,1
2025,2025-08-24,776602,668227,682052,682052,STARTER,1
2025,2025-08-24,776602,593871,682052,682052,STARTER,2
2025,2025-08-24,776602,663728,682052,682052,STARTER,2
2025,2025-08-24,776602,668227,682052,682052,STARTER,2
2025,2025-08-24,776602,593871,682052,682052,STARTER,3
2025,2025-08-24,776602,641598,682052,682052,STARTER,3
2025,2025-08-24,776602,645302,682052,682052,STARTER,3
2025,2025-08-24,776602,641487,682052,682052,STARTER,3
2025,2025-08-24,776602,677594,674384,682052,BULLPEN,3
2025,2025-08-24,776602,668227,674384,682052,BULLPEN,3
2025,2025-08-25,776595,663728,676664,676664,STARTER,1
2025,2025-08-25,776595,593871,676664,676664,STARTER,2
2025,2025-08-25,776595,641598,676664,676664,STARTER,2
2025,2025-08-25,776595,647304,676664,676664,STARTER,4
2025,2025-08-25,776595,677594,688158,676664,BULLPEN,5
2025,2025-08-25,776595,553993,688158,676664,BULLPEN,5
2025,2025-08-25,776595,647304,688158,676664,BULLPEN,5
2025,2025-08-25,776595,593871,688158,676664,BULLPEN,5
2025,2025-08-25,776595,641598,688158,676664,BULLPEN,5
2025,2025-08-26,776577,668227,656302,656302,STARTER,5
2025,2025-08-26,776577,641487,656302,656302,STARTER,5
2025,2025-08-26,776577,702284,656302,656302,STARTER,5
2025,2025-08-26,776577,553993,592094,656302,BULLPEN,5
2025,2025-08-26,776577,663728,656302,656302,STARTER,5
2025,2025-08-26,776577,677594,592094,656302,BULLPEN,5
2025,2025-08-27,776561,553993,506433,506433,STARTER,2
2025,2025-08-27,776561,553993,506433,506433,STARTER,4
2025,2025-08-27,776561,677594,506433,506433,STARTER,4
2025,2025-08-27,776561,647304,506433,506433,STARTER,4
2025,2025-08-29,776547,668227,671106,671106,STARTER,1
2025,2025-08-29,776547,663728,671106,671106,STARTER,1
2025,2025-08-29,776547,593871,671106,671106,STARTER,1
2025,2025-08-29,776547,677594,671106,671106,STARTER,1
2025,2025-08-30,776537,593871,668909,668909,STARTER,7
2025,2025-08-30,776537,677594,683769,668909,BULLPEN,8
2025,2025-08-30,776537,668227,683769,668909,BULLPEN,8
2025,2025-08-31,776521,668227,676440,676440,STARTER,5
2025,2025-08-31,776521,641487,676440,676440,STARTER,5
2025,2025-08-31,776521,702284,676440,676440,STARTER,7
2025,2025-08-31,776521,641487,676440,676440,STARTER,7
2025,2025-09-01,776504,660844,687003,669358,BULLPEN,9
2025,2025-09-01,776504,553993,687003,669358,BULLPEN,9
2025,2025-09-02,776485,663728,656876,656876,STARTER,4
2025,2025-09-02,776485,677594,656876,656876,STARTER,4
2025,2025-09-02,776485,593871,656876,656876,STARTER,4
2025,2025-09-02,776485,553993,670955,656876,BULLPEN,7
2025,2025-09-02,776485,593871,643377,656876,BULLPEN,9
2025,2025-09-03,776476,686527,605288,605288,STARTER,6
2025,2025-09-03,776476,677594,605288,605288,STARTER,6
2025,2025-09-03,776476,641487,605288,605288,STARTER,6
2025,2025-09-03,776476,663728,605288,605288,STARTER,6
2025,2025-09-05,776460,593871,519242,519242,STARTER,7
2025,2025-09-06,776447,677594,694462,694462,STARTER,1
2025,2025-09-06,776447,663728,694462,694462,STARTER,1
2025,2025-09-06,776447,677594,678226,694462,BULLPEN,7
2025,2025-09-06,776447,668227,678226,694462,BULLPEN,7
2025,2025-09-06,776447,553993,678226,694462,BULLPEN,7
2025,2025-09-06,776447,593871,802686,694462,BULLPEN,7
2025,2025-09-06,776447,647304,605154,694462,BULLPEN,8
2025,2025-09-06,776447,668227,605154,694462,BULLPEN,8
2025,2025-09-06,776447,677594,605154,694462,BULLPEN,8
2025,2025-09-06,776447,663728,605154,694462,BULLPEN,9
2025,2025-09-07,776428,647304,666214,666214,STARTER,2
2025,2025-09-07,776428,663728,666214,666214,STARTER,3
2025,2025-09-07,776428,645302,666214,666214,STARTER,3
2025,2025-09-07,776428,668227,666214,666214,STARTER,3
2025,2025-09-07,776428,593871,666214,666214,STARTER,3
2025,2025-09-07,776428,677594,666214,666214,STARTER,3
2025,2025-09-07,776428,647304,666214,666214,STARTER,3
2025,2025-09-07,776428,641487,689266,666214,BULLPEN,3
2025,2025-09-07,776428,641598,666214,666214,STARTER,3
2025,2025-09-07,776428,677594,689266,666214,BULLPEN,4
2025,2025-09-07,776428,553993,689266,666214,BULLPEN,6
2025,2025-09-07,776428,670042,691548,666214,BULLPEN,9
2025,2025-09-07,776428,695670,691548,666214,BULLPEN,9
2025,2025-09-07,776428,663728,691548,666214,BULLPEN,9
2025,2025-09-07,776428,645302,691548,666214,BULLPEN,9
2025,2025-09-07,776428,668227,691548,666214,BULLPEN,9
2025,2025-09-07,776428,553993,660644,666214,BULLPEN,9
2025,2025-09-07,776428,686527,660644,666214,BULLPEN,9
2025,2025-09-08,776400,660844,571945,571945,STARTER,6
2025,2025-09-08,776400,668227,571945,571945,STARTER,6
2025,2025-09-08,776400,663728,700669,571945,BULLPEN,6
2025,2025-09-08,776400,647304,700669,571945,BULLPEN,6
2025,2025-09-09,776391,668227,669461,669461,STARTER,3
2025,2025-09-09,776391,645302,669461,669461,STARTER,3
2025,2025-09-09,776391,641487,669461,669461,STARTER,3
2025,2025-09-09,776391,647304,669461,669461,STARTER,4
2025,2025-09-09,776391,641598,669461,669461,STARTER,4
2025,2025-09-10,776373,647304,700241,700241,STARTER,2
2025,2025-09-10,776373,647304,676617,700241,BULLPEN,11
2025,2025-09-10,776373,660844,681676,700241,BULLPEN,13
2025,2025-09-10,776373,647304,681676,700241,BULLPEN,13
2025,2025-09-11,776362,660844,667755,667755,STARTER,2
2025,2025-09-11,776362,670042,667755,667755,STARTER,2
2025,2025-09-11,776362,641487,667755,667755,STARTER,2
2025,2025-09-11,776362,668227,667755,667755,STARTER,2
2025,2025-09-11,776362,670042,671111,667755,BULLPEN,11
2025,2025-09-11,776362,647304,671111,667755,BULLPEN,12
2025,2025-09-11,776362,593871,671111,667755,BULLPEN,12
2025,2025-09-12,776345,663728,579328,579328,STARTER,4
2025,2025-09-12,776345,641598,641401,579328,BULLPEN,7
2025,2025-09-13,776333,663728,815083,815083,STARTER,1
2025,2025-09-13,776333,677594,815083,815083,STARTER,1
2025,2025-09-13,776333,641487,815083,815083,STARTER,4
2025,2025-09-13,776333,677594,815083,815083,STARTER,5
2025,2025-09-13,776333,663728,815083,815083,STARTER,5
2025,2025-09-14,776317,663728,543294,543294,STARTER,1
2025,2025-09-14,776317,668227,543294,543294,STARTER,1
2025,2025-09-14,776317,663728,543294,543294,STARTER,3
2025,2025-09-14,776317,677594,543294,543294,STARTER,3
2025,2025-09-14,776317,593871,543294,543294,STARTER,3
2025,2025-09-14,776317,641487,543294,543294,STARTER,4
2025,2025-09-14,776317,677594,543294,543294,STARTER,4
2025,2025-09-14,776317,663728,543294,543294,STARTER,4
2025,2025-09-14,776317,593871,641401,543294,BULLPEN,4
2025,2025-09-14,776317,647304,543294,543294,STARTER,4
2025,2025-09-14,776317,686527,641401,543294,BULLPEN,4
2025,2025-09-16,776302,668227,608379,608379,STARTER,1
2025,2025-09-16,776302,663728,608379,608379,STARTER,1
2025,2025-09-16,776302,686527,608379,608379,STARTER,2
2025,2025-09-16,776302,663728,608379,608379,STARTER,3
2025,2025-09-16,776302,677594,608379,608379,STARTER,3
2025,2025-09-16,776302,647304,608379,608379,STARTER,3
2025,2025-09-16,776302,686527,608379,608379,STARTER,3
2025,2025-09-16,776302,663728,663738,608379,BULLPEN,4
2025,2025-09-16,776302,668227,663738,608379,BULLPEN,4
2025,2025-09-16,776302,686527,663738,608379,BULLPEN,5
2025,2025-09-16,776302,686527,680742,608379,BULLPEN,9
2025,2025-09-16,776302,660844,680742,608379,BULLPEN,9
2025,2025-09-17,776289,553993,666142,666142,STARTER,2
2025,2025-09-17,776289,593871,666142,666142,STARTER,2
2025,2025-09-17,776289,553993,672582,666142,BULLPEN,7
2025,2025-09-17,776289,641487,668674,666142,BULLPEN,8
2025,2025-09-17,776289,553993,608032,666142,BULLPEN,9
2025,2025-09-18,776272,647304,663568,663568,STARTER,2
2025,2025-09-18,776272,645302,663568,663568,STARTER,8
2025,2025-09-19,776262,677594,686613,686613,STARTER,1
2025,2025-09-19,776262,553993,686613,686613,STARTER,4
2025,2025-09-19,776262,645302,660853,686613,BULLPEN,7
2025,2025-09-19,776262,647304,518886,686613,BULLPEN,8
2025,2025-09-20,776248,677594,664285,664285,STARTER,1
2025,2025-09-20,776248,647304,664285,664285,STARTER,2
2025,2025-09-20,776248,663728,664285,664285,STARTER,3
2025,2025-09-20,776248,663728,664285,664285,STARTER,5
2025,2025-09-20,776248,677594,664285,664285,STARTER,5
2025,2025-09-20,776248,553993,676467,664285,BULLPEN,7
2025,2025-09-21,776228,593871,669920,669920,STARTER,2
2025,2025-09-21,776228,641487,669920,669920,STARTER,2
2025,2025-09-21,776228,553993,669920,669920,STARTER,2
2025,2025-09-21,776228,686527,669920,669920,STARTER,2
2025,2025-09-21,776228,645302,669920,669920,STARTER,2
2025,2025-09-21,776228,663728,669920,669920,STARTER,2
2025,2025-09-21,776228,668227,669920,669920,STARTER,2
2025,2025-09-23,776212,686527,685326,685326,STARTER,5
2025,2025-09-23,776212,677594,675848,685326,BULLPEN,8
2025,2025-09-23,776212,670042,675848,685326,BULLPEN,8
2025,2025-09-23,776212,641487,675848,685326,BULLPEN,8
2025,2025-09-24,776194,663728,685299,685299,STARTER,1
2025,2025-09-24,776194,677594,685299,685299,STARTER,1
2025,2025-09-24,776194,593871,685299,685299,STARTER,1
2025,2025-09-24,776194,645302,685299,685299,STARTER,2
2025,2025-09-24,776194,686527,685299,685299,STARTER,2
2025,2025-09-24,776194,645302,685299,685299,STARTER,4
2025,2025-09-24,776194,641487,685299,685299,STARTER,4
2025,2025-09-24,776194,553993,683409,685299,BULLPEN,7
2025,2025-09-24,776194,663728,683409,685299,BULLPEN,8
2025,2025-09-25,776179,553993,687134,687134,STARTER,2
2025,2025-09-25,776179,593871,687134,687134,STARTER,2
2025,2025-09-25,776179,647304,687134,687134,STARTER,4
2025,2025-09-25,776179,641598,687134,687134,STARTER,4
2025,2025-09-25,776179,686527,687134,687134,STARTER,4
2025,2025-09-25,776179,647304,683627,687134,BULLPEN,5
2025,2025-09-26,776168,668227,686218,686218,STARTER,1
2025,2025-09-26,776168,641598,595014,686218,BULLPEN,8
2025,2025-09-27,776150,593871,571760,607192,BULLPEN,5
2025,2025-09-27,776150,663728,571760,607192,BULLPEN,5
2025,2025-09-27,776150,677594,571760,607192,BULLPEN,5
2025,2025-09-28,776139,668227,689017,477132,BULLPEN,8
2026_CUTOFF,2026-03-26,823163,680977,676440,676440,STARTER,1
2026_CUTOFF,2026-03-26,823163,686527,676440,676440,STARTER,2
2026_CUTOFF,2026-03-26,823163,670042,676440,676440,STARTER,5
2026_CUTOFF,2026-03-26,823163,686527,542888,676440,BULLPEN,7
2026_CUTOFF,2026-03-27,823162,702284,668909,668909,STARTER,4
2026_CUTOFF,2026-03-27,823162,668227,668909,668909,STARTER,4
2026_CUTOFF,2026-03-27,823162,686527,668909,668909,STARTER,4
2026_CUTOFF,2026-03-27,823162,670042,670059,668909,BULLPEN,6
2026_CUTOFF,2026-03-27,823162,668227,670059,668909,BULLPEN,6
2026_CUTOFF,2026-03-28,823161,680977,676282,676282,STARTER,2
2026_CUTOFF,2026-03-28,823161,668227,676282,676282,STARTER,4
2026_CUTOFF,2026-03-28,823161,702284,671922,676282,BULLPEN,9
2026_CUTOFF,2026-03-28,823161,670042,641401,676282,BULLPEN,10
2026_CUTOFF,2026-03-28,823161,668227,641401,676282,BULLPEN,10
2026_CUTOFF,2026-03-29,823160,686527,677944,677944,STARTER,4
2026_CUTOFF,2026-03-29,823160,680977,677944,677944,STARTER,4
2026_CUTOFF,2026-03-29,823160,702284,677944,677944,STARTER,4
2026_CUTOFF,2026-03-29,823160,660844,677944,677944,STARTER,4
2026_CUTOFF,2026-03-29,823160,677594,677944,677944,STARTER,5
2026_CUTOFF,2026-03-29,823160,668227,677944,677944,STARTER,5
2026_CUTOFF,2026-03-29,823160,680977,688883,677944,BULLPEN,6
2026_CUTOFF,2026-03-29,823160,677594,670059,677944,BULLPEN,8
2026_CUTOFF,2026-03-30,823159,668227,677960,677960,STARTER,2
2026_CUTOFF,2026-03-30,823159,660844,621112,677960,BULLPEN,9
2026_CUTOFF,2026-04-01,823157,702284,666808,693645,BULLPEN,8
2026_CUTOFF,2026-04-01,823157,686527,666808,693645,BULLPEN,8
2026_CUTOFF,2026-04-01,823157,668227,670280,693645,BULLPEN,9
2026_CUTOFF,2026-04-03,824056,670042,608718,672282,BULLPEN,10
2026_CUTOFF,2026-04-03,824056,677594,608718,672282,BULLPEN,10
2026_CUTOFF,2026-04-03,824056,702284,608718,672282,BULLPEN,10
2026_CUTOFF,2026-04-05,824053,702284,691946,691946,STARTER,2
2026_CUTOFF,2026-04-05,824053,668227,691946,691946,STARTER,2
2026_CUTOFF,2026-04-05,824053,702284,608718,691946,BULLPEN,5
2026_CUTOFF,2026-04-05,824053,668227,666171,691946,BULLPEN,5
2026_CUTOFF,2026-04-05,824053,641487,666171,691946,BULLPEN,5
2026_CUTOFF,2026-04-05,824053,663728,696147,691946,BULLPEN,9
2026_CUTOFF,2026-04-05,824053,677594,641312,691946,BULLPEN,10
2026_CUTOFF,2026-04-06,822918,663728,594798,594798,STARTER,1
2026_CUTOFF,2026-04-07,822916,680977,543135,543135,STARTER,1
2026_CUTOFF,2026-04-07,822916,702284,543135,543135,STARTER,5
2026_CUTOFF,2026-04-10,823156,641487,837227,837227,STARTER,1
2026_CUTOFF,2026-04-10,823156,663728,837227,837227,STARTER,1
2026_CUTOFF,2026-04-10,823156,677594,837227,837227,STARTER,1
2026_CUTOFF,2026-04-10,823156,668227,680802,837227,BULLPEN,5
2026_CUTOFF,2026-04-10,823156,647304,680802,837227,BULLPEN,5
2026_CUTOFF,2026-04-10,823156,670042,641585,837227,BULLPEN,7
2026_CUTOFF,2026-04-10,823156,702284,641585,837227,BULLPEN,7
2026_CUTOFF,2026-04-10,823156,686527,641585,837227,BULLPEN,7
2026_CUTOFF,2026-04-10,823156,660844,641585,837227,BULLPEN,7
2026_CUTOFF,2026-04-11,823155,663728,621121,621121,STARTER,1
2026_CUTOFF,2026-04-11,823155,641487,621121,621121,STARTER,1
2026_CUTOFF,2026-04-11,823155,686527,621121,621121,STARTER,5
2026_CUTOFF,2026-04-11,823155,702284,621121,621121,STARTER,5
2026_CUTOFF,2026-04-11,823155,660844,621121,621121,STARTER,5
2026_CUTOFF,2026-04-11,823155,677594,595345,621121,BULLPEN,5
2026_CUTOFF,2026-04-11,823155,641487,621121,621121,STARTER,5
2026_CUTOFF,2026-04-11,823155,702284,650556,621121,BULLPEN,9
2026_CUTOFF,2026-04-12,823154,680977,675989,675989,STARTER,1
2026_CUTOFF,2026-04-12,823154,641487,675989,675989,STARTER,2
2026_CUTOFF,2026-04-12,823154,668227,681151,675989,BULLPEN,3
2026_CUTOFF,2026-04-12,823154,670042,681151,675989,BULLPEN,3
2026_CUTOFF,2026-04-12,823154,668227,685005,675989,BULLPEN,6
2026_CUTOFF,2026-04-12,823154,647304,685005,675989,BULLPEN,6
2026_CUTOFF,2026-04-13,823153,647304,681347,681347,STARTER,1
2026_CUTOFF,2026-04-13,823153,663728,681347,681347,STARTER,1
2026_CUTOFF,2026-04-13,823153,677594,681347,681347,STARTER,1
2026_CUTOFF,2026-04-13,823153,647304,681347,681347,STARTER,3
2026_CUTOFF,2026-04-13,823153,663728,681347,681347,STARTER,3
2026_CUTOFF,2026-04-13,823153,677594,681347,681347,STARTER,5
2026_CUTOFF,2026-04-14,823315,668227,650633,650633,STARTER,2
2026_CUTOFF,2026-04-15,823314,670042,681190,681190,STARTER,2
2026_CUTOFF,2026-04-15,823314,668227,681190,681190,STARTER,2
2026_CUTOFF,2026-04-15,823314,702284,681190,681190,STARTER,4
2026_CUTOFF,2026-04-15,823314,668227,681190,681190,STARTER,4
2026_CUTOFF,2026-04-15,823314,670042,676760,681190,BULLPEN,5
2026_CUTOFF,2026-04-15,823314,668227,676760,681190,BULLPEN,5
2026_CUTOFF,2026-04-16,823313,702284,621111,621111,STARTER,6
2026_CUTOFF,2026-04-16,823313,680977,621111,621111,STARTER,6
2026_CUTOFF,2026-04-18,823151,641487,543135,543135,STARTER,1
2026_CUTOFF,2026-04-18,823151,670042,543135,543135,STARTER,4
2026_CUTOFF,2026-04-18,823151,668227,543135,543135,STARTER,4
2026_CUTOFF,2026-04-18,823151,670042,543135,543135,STARTER,6
2026_CUTOFF,2026-04-18,823151,686527,615698,543135,BULLPEN,8
2026_CUTOFF,2026-04-18,823151,670042,615698,543135,BULLPEN,8
2026_CUTOFF,2026-04-18,823151,702284,615698,543135,BULLPEN,8
2026_CUTOFF,2026-04-19,823150,608701,669022,669022,STARTER,1
2026_CUTOFF,2026-04-19,823150,641487,669022,669022,STARTER,2
2026_CUTOFF,2026-04-19,823150,641598,669022,669022,STARTER,2
2026_CUTOFF,2026-04-19,823150,668227,669022,669022,STARTER,5
2026_CUTOFF,2026-04-19,823150,677594,669022,669022,STARTER,5
2026_CUTOFF,2026-04-20,823149,663728,669372,669372,STARTER,1
2026_CUTOFF,2026-04-20,823149,677594,669372,669372,STARTER,1
2026_CUTOFF,2026-04-20,823149,686527,669372,669372,STARTER,2
2026_CUTOFF,2026-04-20,823149,702284,669270,669372,BULLPEN,9
2026_CUTOFF,2026-04-21,823148,608701,682052,682052,STARTER,3
2026_CUTOFF,2026-04-21,823148,663728,682052,682052,STARTER,5
2026_CUTOFF,2026-04-22,823147,641487,650644,650644,STARTER,1
2026_CUTOFF,2026-04-22,823147,663728,650644,650644,STARTER,3
2026_CUTOFF,2026-04-22,823147,647304,650644,650644,STARTER,6
2026_CUTOFF,2026-04-22,823147,641487,643410,650644,BULLPEN,7
2026_CUTOFF,2026-04-22,823147,663728,669270,650644,BULLPEN,9
2026_CUTOFF,2026-04-24,823069,668227,669467,669467,STARTER,2
2026_CUTOFF,2026-04-24,823069,647304,669467,669467,STARTER,4
2026_CUTOFF,2026-04-24,823069,647304,669467,669467,STARTER,6
2026_CUTOFF,2026-04-25,823070,677594,669461,669461,STARTER,1
2026_CUTOFF,2026-04-25,823070,663728,669461,669461,STARTER,1
2026_CUTOFF,2026-04-25,823070,669717,669461,669461,STARTER,2
2026_CUTOFF,2026-04-25,823070,641598,669461,669461,STARTER,2
2026_CUTOFF,2026-04-25,823070,702284,669461,669461,STARTER,4
2026_CUTOFF,2026-04-25,823070,677594,700669,669461,BULLPEN,5
2026_CUTOFF,2026-04-25,823070,702284,666277,669461,BULLPEN,6
2026_CUTOFF,2026-04-25,823070,702284,668941,669461,BULLPEN,8
2026_CUTOFF,2026-04-25,823070,641598,668941,669461,BULLPEN,8
2026_CUTOFF,2026-04-25,823070,641598,676617,669461,BULLPEN,9
2026_CUTOFF,2026-04-25,823070,641487,676617,669461,BULLPEN,9
2026_CUTOFF,2026-04-26,823068,663728,700241,700241,STARTER,4
2026_CUTOFF,2026-04-26,823068,656582,694335,700241,BULLPEN,7
2026_CUTOFF,2026-04-26,823068,608701,668941,700241,BULLPEN,9
2026_CUTOFF,2026-04-27,823719,668227,687570,687570,STARTER,5
2026_CUTOFF,2026-04-27,823719,641487,687570,687570,STARTER,5
2026_CUTOFF,2026-04-27,823719,663728,702193,687570,BULLPEN,8
2026_CUTOFF,2026-04-27,823719,608701,702193,687570,BULLPEN,8
2026_CUTOFF,2026-04-28,823716,677594,657746,657746,STARTER,6
2026_CUTOFF,2026-04-28,823716,668227,657746,657746,STARTER,7
2026_CUTOFF,2026-04-28,823716,647304,663485,657746,BULLPEN,8
2026_CUTOFF,2026-04-28,823716,641487,681892,657746,BULLPEN,8
2026_CUTOFF,2026-04-28,823716,677594,663485,657746,BULLPEN,8
2026_CUTOFF,2026-04-28,823716,660844,472610,657746,BULLPEN,9
2026_CUTOFF,2026-04-28,823716,702284,472610,657746,BULLPEN,9
2026_CUTOFF,2026-04-29,823717,641487,671737,671737,STARTER,3
2026_CUTOFF,2026-04-29,823717,686527,671737,671737,STARTER,7
2026_CUTOFF,2026-04-29,823717,660844,679358,671737,BULLPEN,9
2026_CUTOFF,2026-04-29,823717,668227,679358,671737,BULLPEN,9
2026_CUTOFF,2026-04-29,823717,702284,679358,671737,BULLPEN,9
2026_CUTOFF,2026-05-01,823146,677594,666142,666142,STARTER,1
2026_CUTOFF,2026-05-01,823146,641487,666142,666142,STARTER,1
2026_CUTOFF,2026-05-01,823146,656582,666142,666142,STARTER,5
2026_CUTOFF,2026-05-01,823146,668227,666142,666142,STARTER,6
2026_CUTOFF,2026-05-01,823146,677594,663738,666142,BULLPEN,7
2026_CUTOFF,2026-05-01,823146,641487,663738,666142,BULLPEN,7
2026_CUTOFF,2026-05-02,823144,677594,607625,607625,STARTER,1
2026_CUTOFF,2026-05-02,823144,660844,607625,607625,STARTER,5
2026_CUTOFF,2026-05-03,823145,660844,663460,663460,STARTER,3
2026_CUTOFF,2026-05-04,823143,670042,702275,702275,STARTER,6
2026_CUTOFF,2026-05-04,823143,668227,702275,702275,STARTER,6
2026_CUTOFF,2026-05-04,823143,686527,702275,702275,STARTER,6
2026_CUTOFF,2026-05-04,823143,641487,641755,702275,BULLPEN,6
2026_CUTOFF,2026-05-04,823143,641598,641755,702275,BULLPEN,6
2026_CUTOFF,2026-05-05,823142,641487,693821,693821,STARTER,3
2026_CUTOFF,2026-05-05,823142,641598,693821,693821,STARTER,3
2026_CUTOFF,2026-05-06,823141,640902,527048,527048,STARTER,3
2026_CUTOFF,2026-05-06,823141,677594,527048,527048,STARTER,6
2026_CUTOFF,2026-05-06,823141,647304,800311,527048,BULLPEN,8
2026_CUTOFF,2026-05-08,824607,647304,680732,680732,STARTER,2
2026_CUTOFF,2026-05-08,824607,670042,680732,680732,STARTER,3
2026_CUTOFF,2026-05-08,824607,647304,680732,680732,STARTER,3
2026_CUTOFF,2026-05-08,824607,668227,680732,680732,STARTER,3
2026_CUTOFF,2026-05-08,824607,641487,680732,680732,STARTER,3
2026_CUTOFF,2026-05-08,824607,677594,680732,680732,STARTER,5
2026_CUTOFF,2026-05-08,824607,670042,699823,680732,BULLPEN,7
2026_CUTOFF,2026-05-08,824607,668227,699823,680732,BULLPEN,7
2026_CUTOFF,2026-05-08,824607,641487,699823,680732,BULLPEN,7
2026_CUTOFF,2026-05-08,824607,647304,670950,680732,BULLPEN,8
2026_CUTOFF,2026-05-08,824607,680977,670950,680732,BULLPEN,8
2026_CUTOFF,2026-05-08,824607,677594,670950,680732,BULLPEN,8
2026_CUTOFF,2026-05-09,824606,641598,641743,641743,STARTER,5
2026_CUTOFF,2026-05-10,824605,677594,663436,663436,STARTER,1
2026_CUTOFF,2026-05-11,824199,668227,663567,663567,STARTER,2
2026_CUTOFF,2026-05-11,824199,670042,663567,663567,STARTER,2
2026_CUTOFF,2026-05-11,824199,677594,663567,663567,STARTER,3
2026_CUTOFF,2026-05-12,824197,668227,837227,837227,STARTER,2
2026_CUTOFF,2026-05-12,824197,663728,837227,837227,STARTER,2
2026_CUTOFF,2026-05-12,824197,686527,837227,837227,STARTER,4
2026_CUTOFF,2026-05-12,824197,668227,837227,837227,STARTER,4
2026_CUTOFF,2026-05-12,824197,670042,837227,837227,STARTER,4
2026_CUTOFF,2026-05-12,824197,641487,837227,837227,STARTER,4
2026_CUTOFF,2026-05-12,824197,668227,681151,837227,BULLPEN,5
2026_CUTOFF,2026-05-12,824197,663728,681151,837227,BULLPEN,7
2026_CUTOFF,2026-05-12,824197,663728,805123,837227,BULLPEN,9
2026_CUTOFF,2026-05-12,824197,668227,805123,837227,BULLPEN,9
2026_CUTOFF,2026-05-13,824195,641487,621121,621121,STARTER,1
2026_CUTOFF,2026-05-13,824195,670042,621121,621121,STARTER,6
2026_CUTOFF,2026-05-13,824195,608701,687911,621121,BULLPEN,9
2026_CUTOFF,2026-05-14,824196,670042,681347,681347,STARTER,1
2026_CUTOFF,2026-05-14,824196,680977,681347,681347,STARTER,1
2026_CUTOFF,2026-05-14,824196,668227,681347,681347,STARTER,1
2026_CUTOFF,2026-05-14,824196,641598,681347,681347,STARTER,4
2026_CUTOFF,2026-05-14,824196,641487,681347,681347,STARTER,4
2026_CUTOFF,2026-05-14,824196,641598,681347,681347,STARTER,6
2026_CUTOFF,2026-05-14,824196,686527,681347,681347,STARTER,6
2026_CUTOFF,2026-05-14,824196,670042,675989,681347,BULLPEN,8
2026_CUTOFF,2026-05-16,823139,647304,621111,621111,STARTER,4
2026_CUTOFF,2026-05-16,823139,641487,621111,621111,STARTER,5
2026_CUTOFF,2026-05-16,823139,677594,689690,621111,BULLPEN,8
2026_CUTOFF,2026-05-16,823139,647304,689690,621111,BULLPEN,8
2026_CUTOFF,2026-05-17,823138,806068,608337,608337,STARTER,6
2026_CUTOFF,2026-05-17,823138,660844,608337,608337,STARTER,6
2026_CUTOFF,2026-05-17,823138,677594,608337,608337,STARTER,6
2026_CUTOFF,2026-05-18,823137,677594,702273,702273,STARTER,1
2026_CUTOFF,2026-05-18,823137,640902,702273,702273,STARTER,3
2026_CUTOFF,2026-05-18,823137,668227,702273,702273,STARTER,6
2026_CUTOFF,2026-05-18,823137,806068,670950,702273,BULLPEN,8
2026_CUTOFF,2026-05-18,823137,647304,670950,702273,BULLPEN,8
2026_CUTOFF,2026-05-18,823137,686527,670950,702273,BULLPEN,8
2026_CUTOFF,2026-05-19,823136,677594,641743,641743,STARTER,1
2026_CUTOFF,2026-05-20,823134,668227,680732,680732,STARTER,2
2026_CUTOFF,2026-05-20,823134,668227,680732,680732,STARTER,4
2026_CUTOFF,2026-05-20,823134,640902,656794,680732,BULLPEN,7
2026_CUTOFF,2026-05-20,823134,668227,663855,680732,BULLPEN,7
2026_CUTOFF,2026-05-20,823134,677594,656794,680732,BULLPEN,7
2026_CUTOFF,2026-05-22,824110,641598,683232,702070,BULLPEN,7
2026_CUTOFF,2026-05-22,824110,702284,683232,702070,BULLPEN,7
2026_CUTOFF,2026-05-24,824108,677594,607625,607625,STARTER,1
2026_CUTOFF,2026-05-24,824108,686527,607625,607625,STARTER,7
2026_CUTOFF,2026-05-24,824108,641598,607625,607625,STARTER,7
2026_CUTOFF,2026-05-24,824108,806068,668674,607625,BULLPEN,9
2026_CUTOFF,2026-05-24,824108,677594,668674,607625,BULLPEN,9
2026_CUTOFF,2026-05-24,824108,647304,668674,607625,BULLPEN,9
2026_CUTOFF,2026-05-25,825005,806068,650644,650644,STARTER,3
2026_CUTOFF,2026-05-25,825005,647304,650644,650644,STARTER,3
2026_CUTOFF,2026-05-25,825005,670042,650644,650644,STARTER,3
2026_CUTOFF,2026-05-25,825005,668227,650644,650644,STARTER,3
2026_CUTOFF,2026-05-25,825005,686527,650644,650644,STARTER,3
2026_CUTOFF,2026-05-25,825005,702284,650644,650644,STARTER,3
2026_CUTOFF,2026-05-25,825005,641487,650644,650644,STARTER,4
2026_CUTOFF,2026-05-25,825005,668227,678022,650644,BULLPEN,9
2026_CUTOFF,2026-05-25,825005,647304,678022,650644,BULLPEN,9
2026_CUTOFF,2026-05-26,825004,647304,695611,695611,STARTER,2
2026_CUTOFF,2026-05-26,825004,608701,695611,695611,STARTER,2
2026_CUTOFF,2026-05-26,825004,641598,695611,695611,STARTER,2
2026_CUTOFF,2026-05-26,825004,645302,695611,695611,STARTER,4
2026_CUTOFF,2026-05-27,825003,608701,605488,605488,STARTER,1
2026_CUTOFF,2026-05-27,825003,641487,605488,605488,STARTER,1
2026_CUTOFF,2026-05-27,825003,647304,605488,605488,STARTER,1
2026_CUTOFF,2026-05-27,825003,702284,605488,605488,STARTER,4
2026_CUTOFF,2026-05-27,825003,640902,605488,605488,STARTER,4
2026_CUTOFF,2026-05-27,825003,702284,669270,605488,BULLPEN,6
2026_CUTOFF,2026-05-27,825003,677594,665622,605488,BULLPEN,8
2026_CUTOFF,2026-05-27,825003,702284,665622,605488,BULLPEN,8
2026_CUTOFF,2026-05-27,825003,806068,665622,605488,BULLPEN,8
2026_CUTOFF,2026-05-29,823135,641487,668678,668678,STARTER,1
2026_CUTOFF,2026-05-29,823135,677594,668678,668678,STARTER,3
2026_CUTOFF,2026-05-29,823135,641487,668678,668678,STARTER,3
2026_CUTOFF,2026-05-29,823135,641487,668678,668678,STARTER,5
2026_CUTOFF,2026-05-29,823135,640902,668678,668678,STARTER,5
2026_CUTOFF,2026-05-29,823135,670042,694297,668678,BULLPEN,6
2026_CUTOFF,2026-05-29,823135,641487,666661,668678,BULLPEN,10
2026_CUTOFF,2026-05-30,823132,670042,669194,669194,STARTER,2
2026_CUTOFF,2026-05-30,823132,686527,669194,669194,STARTER,2
2026_CUTOFF,2026-05-30,823132,806068,669194,669194,STARTER,3
2026_CUTOFF,2026-05-30,823132,677594,669194,669194,STARTER,3
2026_CUTOFF,2026-05-30,823132,668227,669194,669194,STARTER,6
2026_CUTOFF,2026-05-31,823133,702284,518876,518876,STARTER,2
2026_CUTOFF,2026-05-31,823133,686527,518876,518876,STARTER,6
2026_CUTOFF,2026-05-31,823133,668227,642528,518876,BULLPEN,10
2026_CUTOFF,2026-06-01,823131,806068,640455,681810,BULLPEN,3
2026_CUTOFF,2026-06-01,823131,647304,548384,681810,BULLPEN,7
2026_CUTOFF,2026-06-01,823131,668227,621345,681810,BULLPEN,10
2026_CUTOFF,2026-06-02,823129,621550,623211,623211,STARTER,2
2026_CUTOFF,2026-06-02,823129,686527,623211,623211,STARTER,2
2026_CUTOFF,2026-06-02,823129,668227,804636,623211,BULLPEN,3
2026_CUTOFF,2026-06-02,823129,621550,804636,623211,BULLPEN,4
2026_CUTOFF,2026-06-02,823129,640902,804636,623211,BULLPEN,5
2026_CUTOFF,2026-06-02,823129,702284,804636,623211,BULLPEN,5
2026_CUTOFF,2026-06-02,823129,686527,804636,623211,BULLPEN,5
2026_CUTOFF,2026-06-02,823129,677594,672335,623211,BULLPEN,6
2026_CUTOFF,2026-06-03,823130,641487,642547,642547,STARTER,1
2026_CUTOFF,2026-06-05,824271,641487,664285,664285,STARTER,1
2026_CUTOFF,2026-06-05,824271,806068,623454,664285,BULLPEN,7
2026_CUTOFF,2026-06-05,824271,647304,663947,664285,BULLPEN,8
2026_CUTOFF,2026-06-06,824269,668227,672456,672456,STARTER,2
2026_CUTOFF,2026-06-06,824269,647304,672456,672456,STARTER,3
2026_CUTOFF,2026-06-06,824269,677594,672456,672456,STARTER,3
2026_CUTOFF,2026-06-06,824269,686527,672456,672456,STARTER,4
2026_CUTOFF,2026-06-07,824268,806068,656427,656427,STARTER,3
2026_CUTOFF,2026-06-07,824268,677594,656427,656427,STARTER,6
2026_CUTOFF,2026-06-07,824268,647304,656427,656427,STARTER,6
2026_CUTOFF,2026-06-07,824268,677594,640448,656427,BULLPEN,7
2026_CUTOFF,2026-06-08,824829,686527,694346,694346,STARTER,5
2026_CUTOFF,2026-06-08,824829,647304,689296,694346,BULLPEN,5
2026_CUTOFF,2026-06-08,824829,640902,694346,694346,STARTER,5
2026_CUTOFF,2026-06-08,824829,702284,694346,694346,STARTER,5
2026_CUTOFF,2026-06-08,824829,677594,689296,694346,BULLPEN,5
2026_CUTOFF,2026-06-08,824829,647304,544150,694346,BULLPEN,8
2026_CUTOFF,2026-06-09,824830,641598,669432,669432,STARTER,4
2026_CUTOFF,2026-06-09,824830,668227,669432,669432,STARTER,4
2026_CUTOFF,2026-06-09,824830,608701,669432,669432,STARTER,4
2026_CUTOFF,2026-06-09,824830,645302,552640,669432,BULLPEN,7
2026_CUTOFF,2026-06-09,824830,668227,670329,669432,BULLPEN,10
2026_CUTOFF,2026-06-09,824830,677594,670329,669432,BULLPEN,10
2026_CUTOFF,2026-06-10,824831,670156,664991,687064,BULLPEN,8
2026_CUTOFF,2026-06-10,824831,621550,664991,687064,BULLPEN,8
2026_CUTOFF,2026-06-11,824827,702284,680694,680694,STARTER,1
2026_CUTOFF,2026-06-11,824827,670042,680694,680694,STARTER,4
2026_CUTOFF,2026-06-11,824827,668227,680694,680694,STARTER,4
2026_CUTOFF,2026-06-11,824827,686527,680694,680694,STARTER,4
2026_CUTOFF,2026-06-11,824827,806068,680694,680694,STARTER,4
2026_CUTOFF,2026-06-12,822726,668227,641793,641793,STARTER,2
2026_CUTOFF,2026-06-12,822726,670042,641793,641793,STARTER,2
2026_CUTOFF,2026-06-12,822726,686527,641793,641793,STARTER,2
2026_CUTOFF,2026-06-12,822726,806068,641793,641793,STARTER,2
2026_CUTOFF,2026-06-12,822726,640902,641793,641793,STARTER,2
2026_CUTOFF,2026-06-12,822726,702284,683000,641793,BULLPEN,5
2026_CUTOFF,2026-06-12,822726,645302,683000,641793,BULLPEN,5
2026_CUTOFF,2026-06-12,822726,677594,683000,641793,BULLPEN,5
2026_CUTOFF,2026-06-12,822726,686527,687606,641793,BULLPEN,8
2026_CUTOFF,2026-06-12,822726,647304,681402,641793,BULLPEN,9
2026_CUTOFF,2026-06-13,822725,670156,676917,676917,STARTER,5
2026_CUTOFF,2026-06-13,822725,806068,676917,676917,STARTER,5
2026_CUTOFF,2026-06-13,822725,641598,676917,676917,STARTER,5
2026_CUTOFF,2026-06-14,822722,702284,676571,676571,STARTER,1
2026_CUTOFF,2026-06-16,823128,670156,687064,687064,STARTER,3
2026_CUTOFF,2026-06-16,823128,806068,687064,687064,STARTER,7
2026_CUTOFF,2026-06-16,823128,645302,687064,687064,STARTER,7
2026_CUTOFF,2026-06-17,823127,677594,680694,680694,STARTER,4
2026_CUTOFF,2026-06-17,823127,686527,664854,680694,BULLPEN,9
2026_CUTOFF,2026-06-17,823127,702284,664854,680694,BULLPEN,9
2026_CUTOFF,2026-06-18,823125,647304,669358,669358,STARTER,1
2026_CUTOFF,2026-06-18,823125,702284,669358,669358,STARTER,1
2026_CUTOFF,2026-06-18,823125,686527,669358,669358,STARTER,1
2026_CUTOFF,2026-06-19,823124,677594,592454,624133,BULLPEN,9
2026_CUTOFF,2026-06-19,823124,663728,592454,624133,BULLPEN,9
2026_CUTOFF,2026-06-20,823126,641487,813349,813349,STARTER,1
2026_CUTOFF,2026-06-21,823123,686527,801139,801139,STARTER,2
2026_CUTOFF,2026-06-21,823123,642215,801139,801139,STARTER,5
2026_CUTOFF,2026-06-21,823123,677594,801139,801139,STARTER,6
2026_CUTOFF,2026-06-23,823365,663728,656605,656605,STARTER,4
2026_CUTOFF,2026-06-23,823365,702284,656605,656605,STARTER,7
2026_CUTOFF,2026-06-23,823365,670042,656605,656605,STARTER,7
2026_CUTOFF,2026-06-24,823367,641487,677952,677952,STARTER,1
2026_CUTOFF,2026-06-25,823366,641598,696149,696149,STARTER,5
2026_CUTOFF,2026-06-26,824423,806068,676282,676282,STARTER,3
2026_CUTOFF,2026-06-26,824423,663728,682120,676282,BULLPEN,7
2026_CUTOFF,2026-06-26,824423,806068,682982,676282,BULLPEN,8
2026_CUTOFF,2026-06-27,824421,668227,542888,677944,BULLPEN,8
2026_CUTOFF,2026-06-27,824421,677594,542888,677944,BULLPEN,8
2026_CUTOFF,2026-06-27,824421,686527,542888,677944,BULLPEN,8
2026_CUTOFF,2026-06-28,824422,663728,668909,668909,STARTER,2
2026_CUTOFF,2026-06-28,824422,677594,668909,668909,STARTER,3
2026_CUTOFF,2026-06-28,824422,647304,668909,668909,STARTER,3
2026_CUTOFF,2026-06-28,824422,645302,542888,668909,BULLPEN,6
2026_CUTOFF,2026-06-28,824422,702284,671922,668909,BULLPEN,9
2026_CUTOFF,2026-06-29,823121,702284,696270,696270,STARTER,3
2026_CUTOFF,2026-06-29,823121,647304,696270,696270,STARTER,4
2026_CUTOFF,2026-06-29,823121,668227,696270,696270,STARTER,4
2026_CUTOFF,2026-06-29,823121,686527,815083,696270,BULLPEN,6
2026_CUTOFF,2026-06-29,823121,702284,815083,696270,BULLPEN,6
2026_CUTOFF,2026-06-29,823121,647304,815083,696270,BULLPEN,6
2026_CUTOFF,2026-06-30,823122,677594,667755,667755,STARTER,6
2026_CUTOFF,2026-06-30,823122,647304,667755,667755,STARTER,6
2026_CUTOFF,2026-06-30,823122,668227,667755,667755,STARTER,6
2026_CUTOFF,2026-06-30,823122,702284,681217,667755,BULLPEN,6
2026_CUTOFF,2026-06-30,823122,663728,681217,667755,BULLPEN,6
2026_CUTOFF,2026-06-30,823122,668227,608718,667755,BULLPEN,7
2026_CUTOFF,2026-06-30,823122,677594,608718,667755,BULLPEN,7
2026_CUTOFF,2026-06-30,823122,702284,608718,667755,BULLPEN,7
2026_CUTOFF,2026-07-02,823119,641487,700712,700712,STARTER,6
2026_CUTOFF,2026-07-04,823118,702284,669456,669456,STARTER,2
2026_CUTOFF,2026-07-04,823118,668227,669456,669456,STARTER,2
2026_CUTOFF,2026-07-04,823118,645302,669456,669456,STARTER,2
2026_CUTOFF,2026-07-04,823118,806068,669456,669456,STARTER,2
2026_CUTOFF,2026-07-04,823118,641487,669456,669456,STARTER,2
2026_CUTOFF,2026-07-04,823118,686527,669456,669456,STARTER,5
2026_CUTOFF,2026-07-04,823118,668227,669456,669456,STARTER,5
2026_CUTOFF,2026-07-04,823118,806068,671936,669456,BULLPEN,6
2026_CUTOFF,2026-07-04,823118,663728,667297,669456,BULLPEN,6
2026_CUTOFF,2026-07-04,823118,668227,671936,669456,BULLPEN,6
2026_CUTOFF,2026-07-04,823118,686527,671936,669456,BULLPEN,6
2026_CUTOFF,2026-07-05,823117,645302,702056,702056,STARTER,3
2026_CUTOFF,2026-07-05,823117,641598,702056,702056,STARTER,4
2026_CUTOFF,2026-07-05,823117,702284,702056,702056,STARTER,4
2026_CUTOFF,2026-07-05,823117,668227,689254,702056,BULLPEN,8
2026_CUTOFF,2026-07-07,823847,663728,676974,676974,STARTER,5
2026_CUTOFF,2026-07-07,823847,702284,676974,676974,STARTER,5
2026_CUTOFF,2026-07-07,823847,641487,667463,676974,BULLPEN,8
2026_CUTOFF,2026-07-07,823847,668227,676534,676974,BULLPEN,8
2026_CUTOFF,2026-07-07,823847,647304,676534,676974,BULLPEN,8
2026_CUTOFF,2026-07-09,823846,647304,676083,676083,STARTER,2
2026_CUTOFF,2026-07-09,823846,668227,676083,676083,STARTER,5
2026_CUTOFF,2026-07-09,823846,686527,687531,676083,BULLPEN,8
2026_CUTOFF,2026-07-09,823846,668227,687531,676083,BULLPEN,8
2026_CUTOFF,2026-07-10,822955,702284,607259,607259,STARTER,5
2026_CUTOFF,2026-07-10,822955,641487,607259,607259,STARTER,6
2026_CUTOFF,2026-07-11,822953,702284,643377,643377,STARTER,2
2026_CUTOFF,2026-07-12,822951,647304,693855,693855,STARTER,2
2026_CUTOFF,2026-07-12,822951,641598,693855,693855,STARTER,2
2026_CUTOFF,2026-07-12,822951,702284,693855,693855,STARTER,2
2026_CUTOFF,2026-07-12,822951,642215,693855,693855,STARTER,4
2026_CUTOFF,2026-07-12,822951,668227,642121,693855,BULLPEN,4
2026_CUTOFF,2026-07-12,822951,671083,693855,693855,STARTER,4
2026_CUTOFF,2026-07-12,822951,641487,693855,693855,STARTER,4
2026_CUTOFF,2026-07-12,822951,671083,518886,693855,BULLPEN,9
2026_CUTOFF,2026-07-18,823116,702284,657277,657277,STARTER,7
2026_CUTOFF,2026-07-18,823116,668227,657277,657277,STARTER,7
2026_CUTOFF,2026-07-18,823116,647304,657277,657277,STARTER,7
2026_CUTOFF,2026-07-18,823116,645302,681916,657277,BULLPEN,10
2026_CUTOFF,2026-07-19,823113,668227,592662,592662,STARTER,4
2026_CUTOFF,2026-07-19,823113,647304,592662,592662,STARTER,4
2026_CUTOFF,2026-07-19,823113,702284,592662,592662,STARTER,5
2026_CUTOFF,2026-07-19,823113,670042,605288,592662,BULLPEN,6
2026_CUTOFF,2026-07-19,823113,702284,605288,592662,BULLPEN,7
2026_CUTOFF,2026-07-19,823113,677594,605288,592662,BULLPEN,7
2026_CUTOFF,2026-07-20,823112,645302,671096,671096,STARTER,5
2026_CUTOFF,2026-07-20,823112,645302,572955,671096,BULLPEN,7
2026_CUTOFF,2026-07-20,823112,670042,572955,671096,BULLPEN,7
2026_CUTOFF,2026-07-20,823112,663728,657571,671096,BULLPEN,7
2026_CUTOFF,2026-07-20,823112,668227,572955,671096,BULLPEN,7
2026_CUTOFF,2026-07-20,823112,642215,572955,671096,BULLPEN,7
2026_CUTOFF,2026-07-20,823112,686527,657571,671096,BULLPEN,7
2026_CUTOFF,2026-07-20,823112,806068,695534,671096,BULLPEN,8
2026_CUTOFF,2026-07-21,823114,642215,622088,695505,BULLPEN,7
2026_CUTOFF,2026-07-21,823114,677594,670062,695505,BULLPEN,8
